AlbumCodePK,Title,Type,ReleaseDate
1,FOREVER AND EVER,album,2021-04-09
2,OKAY OKAY 2,single,2025-05-16
3,FOREVER,album,2020-05-28
4,MADE IN ITALY,single,2023-02-09
5,POLKA 3,single,2022-06-02
6,Facciamolo,single,2019-06-07
7,BV3,album,2020-10-02
8,Fatass,single,2019-09-20
9,OKAY OKAY !!,album,2019-03-08
10,#digitalcity,album,2022-05-05
11,ALIENO,single,2020-01-17
12,BELLU GUAGLIONE,single,2023-05-18
13,I RAGAZZI STANNO BENE,album,2023-07-14
14,3SOME (feat. VillaBanks),single,2024-06-19
15,LA BELLAVITA,album,2025-03-28
16,non è normale,single,2022-11-03
17,COMINCIA TU (feat. Rosa Chemical),single,2022-02-05
18,BLACKOUT,single,2024-02-29
19,Cultura Italiana Pt.1,album,2024-05-31
20,Kournikova,single,2018-11-12
21,NoRd,album,2021-05-14
22,Dead Again,album,2007-03-13
23,Reversed Crash,album,2023-06-09
24,WE 2FLY,single,2024-08-02
25,The Execution Of All Things,album,2002-10-01
26,ShapeShifters,album,2008-06-17
27,Spaccio di Verità 1,single,2023-10-06
28,"TRASHBIN, Vol. 3",album,2020-07-23
29,Groupie,single,2018-12-11
30,KG0516,album,2021-03-26
31,Male O Bene,single,2019-05-24
32,"Red Bull 64 Bars, The Album",compilation,2021-05-27
33,Grizzly,single,2017-10-27
34,Morosita,single,2019-02-13
35,3nd,single,2018-02-14
36,Crisalide,album,2021-10-21
37,Vaniglia,single,2017-10-20
38,1 2 3,single,2024-05-10
39,TONICA,single,2019-10-02
40,444,single,2024-01-04
41,Chicas,single,2018-06-22
42,BANDA,single,2018-04-23
43,Fenty,single,2017-10-27
44,Introduction,album,2022-10-28
45,AIRBNB,single,2020-11-11
46,Roberta,single,2019-12-12
47,Cringe,single,2020-07-23
48,SUPERSEX (feat. Spender),single,2024-06-14
49,Regole,single,2022-06-23
50,family first,single,2021-08-19
51,Luga Pandemic,single,2023-01-01
52,Dentro di me,single,2024-02-23
53,Come Le Storie,single,2020-06-23
54,Intro,single,2021-08-19
55,X2VR,album,2023-11-17
56,Maracucho Bueno Muere Chiquito,album,2018-03-16
57,Black Panther The Album Music From And Inspired By,album,2018-02-09
58,La prima volta,single,2025-02-07
59,Mood Blu,single,2024-04-05
60,99 Visions,album,2023-12-05
61,Rolling Papers (feat. Tormento),single,2025-04-04
62,Motel Love,album,2024-06-21
63,in fieri,single,2022-12-12
64,Giù,album,2022-07-01
65,Sale,single,2025-04-04
66,VERA BADDIE,album,2024-06-27
67,Eclissi,album,2022-05-12
68,Limonare,single,2023-07-28
69,Electra Heart (Deluxe),album,2012-04-27
70,il filo rosso,single,2024-10-18
71,Before Wanderlust,album,2019-12-13
72,NoRd,album,2021-05-14
73,SANTANA MONEY GANG,album,2025-04-10
74,a me mi piace (feat. Manu Chao),single,2025-05-09
75,"Sogna, Ragazzo, Sogna",single,2024-03-06
76,Non so chi ha creato il mondo ma so che era innamorato,album,2024-02-16
77,bellissimissima <3,single,2023-05-12
78,Prima O Poi,single,2018-04-26
79,Non so chi ha creato il mondo ma so che era innamorato (Deluxe),album,2025-05-30
80,È FINITA LA PACE,album,2024-12-13
81,Santa Fe,single,2023-09-24
82,CI SARÒ,single,2021-09-24
83,Happy Birthday,single,2021-12-09
84,PARIGI,single,2022-03-04
85,Confusion,single,2024-10-16
86,PARIGI RMX,single,2022-03-25
87,Serenata (From ''Forever Out of My League''),single,2022-01-31
88,Le Cose In Comune,single,2023-02-24
89,You Make Me So Happy,single,2022-06-10
90,5 MINUTI,single,2022-11-28
91,2nd Exit,album,2016-09-13
92,NO MONEY,single,2019-06-19
93,SuperNOVA,album,2020-09-18
94,Cerco un posto,single,2022-10-07
95,Stelletella,single,2021-04-01
96,Sotto una pioggia di parole,album,2009-05-22
97,Viajo Sin Ver (Remix),single,2018-08-31
98,Jet Lag,single,2017-08-14
99,Papillon,single,2025-02-01
100,Messias,album,2016-02-05
101,ZÉPECK,album,2024-07-12
102,L'Alfabeto Degli Amanti,album,2006-02-28
103,Les plus belles polyphonies Corses (Les plus grandes polyphonies de Corses),album,2014-11-24
104,SIRIO,album,2022-04-07
105,Alfa Y Omega,album,2025-01-11
106,Demoni,single,2025-02-04
107,23 6451,album,2019-11-15
108,c@ra++ere s?ec!@le,album,2022-09-30
109,sFaCioLaTe miXTaPe,album,2024-07-26
110,CASA GOSPEL,album,2024-12-13
111,SE ME HACE EASY,single,2024-02-15
112,URAGANO DAMN,single,2023-12-15
113,Luga Pandemic,single,2023-01-01
114,Purpose,single,2020-09-17
115,L.A.,single,2014-11-29
116,Purple Thasup,single,2023-09-22
117,SANTANA MONEY GANG,album,2025-04-10
118,CON I MIEI OCCHI,album,2024-10-25
119,Arte,album,2019-09-11
120,Ordinary,single,2025-02-07
121,STRONZA SENTIMENTALE,single,2025-04-04
122,X2VR,album,2023-11-17
123,After Hours,album,2020-03-20
124,FEDE,album,2023-04-28
125,Milano Angels,album,2024-09-06
126,Gravity,single,2024-05-27
127,Magica Europa,single,2003-07-30
128,VERA BADDIE,album,2024-06-27
129,Summer Vacation 2025,compilation,2025-06-11
130,Lettera Q,album,2024-11-22
131,Madreperla,album,2023-01-13
132,LA BELLAVITA,album,2025-03-28
133,In the Ley Lines,album,2013
134,The Among Us Song,single,2022-11-24
135,Gucci rubate,single,2018-06-22
136,The Interview,single,2010-08-23
137,Swaggavamo a scuola thasup,single,2022-05-23
138,BV3,album,2020-10-02
139,Containers,album,2024-10-10
140,Gauč Storytelling,album,2019-05-24
141,Che Gusto C'è (feat. Tredici Pietro),single,2025-05-23
142,OBE,album,2021-06-17
143,Troppo tardi.,single,2023-11-21
144,HOTEL MONTANA,album,2023-09-01
145,Ma Xkè A Me?,single,2023-07-28
146,Sincer (feat. Lele Blade & Icy Subzero),single,2023-05-05
147,HOTEL MONTANA (Deluxe),album,2024-07-05
148,Marijuana (feat. Rhove),single,2024-06-21
149,AMBIZIONE,album,2022-05-27
150,LOCURA,album,2024-11-26
151,Re Mida,album,2019-03-01
152,LOCURA (Jam),album,2025-06-04
153,Zzala,album,2017-04-14
154,J,album,2020-07-16
155,Re Mida (Aurum),album,2019-10-03
156,LOCURA (Opera),album,2025-06-05
157,SIRIO,album,2022-04-07
158,Diablo,single,2017-10-20
159,"Red Bull 64 Bars, The Album",compilation,2021-05-27
160,1/6 - EP,single,2020-06-19
161,Lario (feat. Fabri Fibra) [RMX],single,2018-03-21
162,Re Mida (Piano Solo),album,2019-10-01
163,ZONDA,single,2023-03-30
164,SIRIO (Concertos),album,2022-12-15
165,Fuego,single,2017-02-13
166,Tu Me Quieres,single,2024-09-13
167,I.B.F.M.,single,2017-09-05
168,Santeria,album,2016-06-24
169,Wall Street Freestyle,single,2017-02-13
170,"Dal '700 al '900 napoletano, Vol. 1 (I edizione)",single,2017-09-27
171,"Real Talk Cypher, Vol. 1 (Mixed)",album,2019-09-06
172,Super Santos Freestyle,single,2017-02-13
173,BLOCCO 181 – ORIGINAL SOUNDTRACK,album,2022-05-27
174,RANCH,album,2025-05-09
175,Tarantelle,album,2019-05-03
176,Milano Angels,album,2024-09-06
177,Canzoni Al Piano (Primavera 2023) – Relax Con I Più Grandi Successi,album,2023-03-13
178,Wish You Were Here,album,1975-09-12
179,att.,album,2024-04-05
180,VERA BADDIE,album,2024-06-27
181,The North Wild Spirit,album,2024-06-01
182,"Verdi: Rigoletto (Callas, Di Stefano, Gobbi / La Scala) (1955)",album,1955
183,Tempo,album,2014-12-05
184,SANTANA MONEY GANG,album,2025-04-10
185,Rockstar,album,2018-01-19
186,Guitarra,single,2020-12-06
187,TRAPLINE,album,2019-05-10
188,O Futebol,album,2004-01-08
189,50 Greatest Tracks,album,2015-11-06
190,22 Freestyle,single,2017-08-06
191,DRIFT Series 1,album,2020-09-18
192,Musica per bambini,album,2018-06-01
193,BODR,album,2022-02-11
194,May Day,single,2013-06-10
195,Shake It To The Max (FLY) (Remix),single,2025-02-21
196,X2VR,album,2023-11-17
197,Long Lost Archives of Lazzayaiii Pt. 1,album,2020-11-07
198,Shenandoah National Park – Nature Music,compilation,2025-06-18
199,Lazzaro EP,single,2023-06-29
200,Il meglio di un concerto,album,2013-03-13
201,Revolverlution,album,2002-07-23
202,Cinematic Atmosphere,compilation,2021-07-30
203,The Mediterranean Gardener,album,2021-08-27
204,OGGI,single,2020-10-23
205,Deja Vu,album,2025-01-27
206,Mozart: Le Nozze di Figaro,album,2015-09-01
207,Gemini,single,2022-06-24
208,Complesso Carlo Esposito,single,2023-01-28
209,Hybrid Theory (Bonus Edition),album,2000-10-24
210,NOSTALGIA (export),album,2024-02-23
211,Silenced by you,single,2021-11-08
212,Come Close to Me,single,2019-11-08
213,African,single,2019-02-20
214,Max,album,2017-05-19
215,GEMINI,album,2019-06-14
216,MAXTAPE,album,2021-05-12
217,Entertainer,album,2018-05-25
218,Numero zero ep,single,2014-11-28
219,Hyper,single,2017-03-16
220,BRAVA GENTE,album,2023-06-02
221,Hyper 2,album,2018-04-27
222,Hyp3r,album,2019-02-08
223,N Mixtape,album,2016-02-22
224,PENKILLER,album,2025-05-23
225,DM,single,2020-04-29
226,BLOCCO 181 – ORIGINAL SOUNDTRACK,album,2022-05-27
227,100K,single,2015-01-27
228,BDM Mixtape Vol. 1,album,2024-04-19
229,BRAVA GENTE - EXTRA,album,2024-06-14
230,Tarantelle,album,2019-05-03
231,DNA,album,2020-11-13
232,B.U.F.,single,2022-06-30
233,Qualcosa di nuovo,album,2020-10-30
234,Mustafà,single,2016-08-30
235,Las Vegas Freestyle,single,2025-04-18
236,HIT ME HARD AND SOFT,album,2024-05-17
237,Cabaret: First Complete Recording [Complete Recording of the Score (Original Studio Cast)],album,1999-02-09
238,SANTANA MONEY GANG,album,2025-04-10
239,Kepler,album,2014-05-27
240,Handel: Agrippina,album,2011-10-04
241,Freestyle Élite,album,2022-06-24
242,After,single,2025-04-11
243,Monteverdi: L'incoronazione di Poppea (Live),album,2019-08-30
244,MBAPPÉ,single,2025-03-14
245,Lotus,album,2025-06-06
246,"Pizza Con Piña, El Musical",single,2017-10-06
247,Raggasonico,album,2010-10-12
248,Come un uragano (2022 Remaster),album,2006-06-28
249,Lei,single,2019-08-09
250,Prima di Partire,album,2004-01-01
251,Soul Food,album,2018-08-17
252,Dinamite (2022 Remaster),album,2008-04-15
253,420 Mix,compilation,2011-04-20
254,Glielo Leggi In Faccia,single,2020-08-15
255,SANTANA MONEY GANG,album,2025-04-10
256,La nuova era,album,2012-06-19
257,Vibrazioni Positive,album,2015-09-25
258,Hurry Up Tomorrow,album,2025-01-31
259,MP5 Riddim,compilation,2014-04-29
260,"La gatta (feat. Vacca, Primo, Ntò, Amir, Bassi Maestro & Mondo Marcio) [Remix]",single,2012-06-19
261,DE PUTA MADRE 3,single,2024-10-11
262,È LA (LOVE),single,2024-05-17
263,TEKKEN (feat. Simba La Rue),single,2024-02-23
264,WAO,single,2023-04-21
265,YAMAMAY,single,2023-02-09
266,È (BANGER),single,2024-04-19
267,BLA,single,2023-07-14
268,È LA VIBE (VIBE),single,2024-07-05
269,COLPA MIA,single,2025-01-24
270,SPOILER 2 (feat. 22simba),single,2025-03-07
271,PSYDUCK,single,2025-05-02
272,WARANZA,single,2024-01-25
273,FASHION,single,2023-11-10
274,Bahoa,single,2022-02-16
275,Sem Boné (Remix),single,2022-05-05
276,Wawa,single,2022-06-17
277,Alaska,single,2022-10-07
278,Trust No One,single,2021-12-15
279,My Baby,single,2022-04-08
280,LA BELLAVITA,album,2025-03-28
281,Gentleman,album,2017-06-30
282,Mr. Fini,album,2020-11-26
283,Bravo Ragazzo (Royal Edition),album,2013-01-01
284,Fastlife 4,album,2021-04-08
285,Vero,album,2015-06-23
286,Madreperla,album,2023-01-13
287,Sinatra,album,2018-11-29
288,Il Ragazzo D'Oro,album,2011-01-01
289,GVESVS,album,2021-12-10
290,Vero +,album,2015-11-27
291,Gentleman (The Complete Playlist),album,2017-09-22
292,Tropico Del Capricorno,album,2025-01-10
293,Gelida Estate EP,single,2019-06-21
294,"Red Bull 64 Bars, The Album",compilation,2021-05-27
295,KG,album,2025-05-29
296,BLOCCO 181 – ORIGINAL SOUNDTRACK,album,2022-05-27
297,Santeria,album,2016-06-24
298,SARAGO (Red Bull 64 Bars),single,2024-09-13
299,Mattoni,album,2019-09-12
300,Lungomare Latino (feat. Willy William),single,2018-06-01
301,Come Se Fosse Normale,single,2018-04-06
302,Guersace (RMX) feat. Enzo Dong,single,2018-02-16
303,Kepler,album,2014-05-27
304,"Hashishinz Sound, Vol. 1",single,2014-11-24
305,Il Ragazzo D'Oro - 10 Anni Dopo,album,2021-03-25
306,Bravo Ragazzo Live,album,2014-01-01
307,Vero (Royal Edition),album,2015-11-27
308,La città del sole 2 (Il peggio di Cagliari),album,2012-12-01
309,"The Newkingztape, Vol. 1",album,2017-11-17
310,Lamborghini (German RMX) feat. Kurdo & Majoe,single,2017-12-15
311,Hashishinz Sound Vol.1,single,2008-02-11
312,THE BIGGEST SBLAO,album,2024-09-12
313,Dinamite (2022 Remaster),album,2008-04-15
314,Who's Next Hip Hop Underground 2014,compilation,2015-02-17
315,HELL NAHH,single,2025-06-05
316,Day Of The Dog,album,2006-03-04
317,Vasco Rossi,single,2017-12-15
318,En el Foco,single,2021-10-28
319,Dogo Gang Presenta: Benvenuti Nella Giungla,compilation,2008-03-28
320,Lamborghini (Swiss RMX) feat. Pronto,single,2018-02-23
321,Milano Spara,album,2007-11-02
322,"Solo lei ha quel che voglio 2021 (feat. Tiziano Ferro, Guè & Marracash)",single,2021-05-27
323,Urania Deluxe: Atto Finale,album,2021-10-29
324,DJUNGLE,album,2021-05-07
325,Dogocrazia,album,2009-01-01
326,Thori & Rocce,album,2011-01-01
327,Marracash,album,2008-01-01
328,L'ultimo disco (Parte 1),album,2022-10-21
329,Col Sangue,album,2016-09-23
330,In mezzo al traffico,compilation,2024-05-09
331,Hagakure,compilation,2008-08-18
332,"Rap Roba Fresh, Vol. 1",single,2010-04-13
333,TUTTA VITA,album,2024-10-25
334,Sogni d'oro,album,2017-02-17
335,V.Ita,album,2009-10-10
336,La bella Italia,album,2008-04-30
337,Andiamo A Comandare,single,2016-03-18
338,Immobile,single,2010
339,Guilty,album,2010-01-01
340,Original Flavour,album,2013-06-03
341,Siamesi Brothers,album,2006-01-01
342,Tagli,album,2021-01-21
343,60 Hz,album,2004-01-07
344,Champagne e spine,album,2010
345,Verano Zombie,album,2007-01-01
346,Hype,album,2009-06-22
347,La mia città VOL.1,single,2010-01-01
348,Escape (2022 Remaster),album,1981-07-17
349,Supercalifragilistichespiralidoso,single,2023-06-09
350,Il mago,single,2017-12-08
351,Michel,album,2017-05-24
352,AMEMÌ (New Edit),single,2018-05-11
353,Miguel,album,2020-11-06
354,Erbavoglio,single,2012-01-01
355,Doner Bombers Compilation - Vol. 3,compilation,2015-04-08
356,M,single,2014-03-05
357,AH,single,2023-03-17
358,Beats From The Lido,compilation,2018-08-17
359,Karate,single,2023-06-09
360,Dinamite,single,2023-10-27
361,Paura,single,2023-07-07
362,Sparirò,single,2023-04-07
363,Mon Ami•e,single,2023-09-08
364,Mandibola,single,2023-05-12
365,Macho,single,2023-12-01
366,Lararì,single,2024-02-23
367,Brucia,single,2023-08-04
368,Lev 26:6-8,single,2024-08-16
369,Attimo,single,2024-04-19
370,Banana,single,2024-06-14
371,Sir Cavalier,single,2024-10-25
372,Tutti Frutty,single,2018-10-24
373,rosa naturale (feat. Emis Killa),single,2020-01-10
374,MAMA,single,2019-08-30
375,"Ti amo, ti odio (feat. Guè & Mecna)",single,2021-05-11
376,What U Do to Me,single,2016-12-09
377,00:23,single,2020-10-06
378,Drink,single,2018-04-13
379,Body Adi,single,2017-06-09
380,7 giorni,single,2020-11-11
381,Caffè e Lacrime,single,2023-07-20
382,SENTIMENTAL SEASON,single,2021-12-03
383,Nella tana del mostro,single,2023-03-09
384,Melancholia,single,2023-05-26
385,20,album,2018-04-20
386,Allenamento #2,single,2017-03-13
387,Nisida,single,2016-09-13
388,Allenamento #3,single,2017-03-13
389,PLAZA,album,2021-01-22
390,Allenamento #1,single,2017-03-13
391,20 (Deluxe Edition),album,2018-11-30
392,Non si ferma,single,2016-11-24
393,Going Hard 3,album,2024-12-06
394,FERITE,album,2024-05-03
395,So cosa fare,single,2019-06-20
396,Mattoni,album,2019-09-12
397,Lo Mejor De...,compilation,2015-01-27
398,Sto giù,single,2013-02-26
399,FERITE (Deluxe Edition),album,2024-11-15
400,Daccapo,album,2013-10-29
401,Slime Language 2 (Deluxe),album,2021-04-16
402,Hustle Mixtape,album,2022-06-03
403,LA BELLAVITA,album,2025-03-28
404,Sulamente nuje,album,2016-06-10
405,Ho Fatto Strada,single,2019-11-22
406,"Players Club '23 (Knights of the Posse) (feat. Nerissima Serpe, Artie 5ive, Tony Boy, Papa V, Low Red, Digital Astro & Kid Yugi)",single,2023-04-20
407,PLAZA (Deluxe Edition),album,2021-06-18
408,Non Basta Mai (feat. Bresh & Tony Effe),single,2025-06-13
409,Freddy Krueger Freestyle,single,2023-09-29
410,Giro con i miei (Prod. Mazh),single,2014-02-14
411,Tutti i giorni,single,2014-05-22
412,Nove Chiamate,album,2023-01-13
413,"Bad Boy (feat. Shiva, Capo Plaza)",single,2024-07-19
414,EDEN,album,2022-08-04
415,Quisqueyano 4,single,2018-05-24
416,TUTTA VITA,album,2024-10-25
417,ZEIT UND GELD,single,2021-03-09
418,Milano,single,2024-10-11
419,Scialla Semper,album,2019-04-12
420,SOLO TUTTO,album,2021-03-26
421,Scialla Semper (Emodrill Repack),album,2019-09-27
422,Le cose cambiano,album,2023-12-01
423,Madreperla,album,2023-01-13
424,Criminali (feat. Crookers & Nic Sarno),single,2019-10-22
425,Tutti i Nomi del Diavolo,album,2024-11-01
426,Sarabamba (feat. Guè),single,2022-07-22
427,Ivan Zucco (Red Bull 64 Bars),single,2024-09-06
428,Le cose cambiano (Deluxe),album,2024-11-29
429,Deriva,album,2025-05-16
430,Due lettere dopo,album,2025-03-28
431,Straniero RMX (feat. Tedua & Neima Ezza),single,2024-04-26
432,S.Q.Q.,single,2021-12-28
433,Red Bull Paga (Red Bull 64 Bars),single,2024-06-28
434,Full Calisthenics,single,2024-05-02
435,MACHETE MIXTAPE 4,album,2019-07-05
436,Yolandi,single,2022-05-20
437,Eres mía (Remix),single,2016-06-03
438,Santeria (Voodoo Edition),album,2016-12-02
439,Allindennoman (alter ego),album,2021-10-15
440,Rockstar,album,2018-01-19
441,Benjamin,album,2019-06-03
442,SANTANA MONEY GANG,album,2025-04-10
443,WE THE SQUAD Vol. 1 (SUMMER EDITION),album,2022-07-22
444,Le pagine della nostra vita,single,2019-10-11
445,Non so chi ha creato il mondo ma so che era innamorato (Deluxe),album,2025-05-30
446,Santana Season,album,2023-06-09
447,King del trash,single,2018-09-21
448,Botox,album,2022-10-04
449,OPS!,single,2018-09-25
450,TUTTA VITA,album,2024-10-25
451,Storia della RAPubblica,single,2022-04-22
452,African,single,2019-02-20
453,Piano B,album,2020-01-10
454,Killer,single,2018-12-21
455,Raptus 3,album,2019-03-15
456,Sfera Ebbasta,album,2016-09-09
457,a me mi piace (feat. Manu Chao),single,2025-05-09
458,"Gira, il mondo gira",album,2023-02-10
459,Last Chair Violinist,album,2008-11-11
460,Alice,album,2021-04-09
461,SKIFIDOL BIMBO (RMX),single,2024-03-22
462,fuorilegge,single,2025-02-12
463,Non so chi ha creato il mondo ma so che era innamorato,album,2024-02-16
464,Respirare,single,2020-05-08
465,New Boots and Panties!!,album,1977-09-30
466,Nella fossa,single,2014-04-03
467,Silent Hill,single,2021-06-11
468,Ma Vaffanculo,single,2020-07-17
469,Miele,single,2022-11-04
470,Parlerò di te (Unplugged),single,2020-03-27
471,Dur Daha Yeni Başladık,album,2011-08-30
472,Galassie,album,2024-01-12
473,SARAH,single,2025-02-21
474,Ti ho sognata tutta la notte,single,2021-07-28
475,Simona,single,2022-07-01
476,Je T’Amo Ancora,single,2024-04-03
477,Dove c'è l'arcobaleno,album,2024-09-13
478,Wojtape,album,2013-04-15
479,INDI,album,2025-01-24
480,Sumeria,album,2012-10-15
481,TUTA GOLD,single,2024-02-07
482,Gioventù Bruciata,album,2019-02-22
483,Barrio,single,2019-08-30
484,Brividi,single,2022-02-02
485,Ghettolimpo,album,2021-06-10
486,Moonlight Popolare (feat. Massimo Pericolo),single,2020-05-14
487,Inuyasha,single,2021-02-02
488,NEI LETTI DEGLI ALTRI,album,2024-03-07
489,COCKTAIL D'AMORE,single,2023-11-02
490,SOTTOMARINI,single,2025-02-20
491,Dove Volano Le Aquile,album,2022-04-01
492,Dimentica,single,2016-01-22
493,Pesos,single,2017-07-14
494,La Sirenetta (Colonna Sonora Originale),album,2023-05-19
495,Redemption Song,single,2020-04-07
496,Note Di Viaggio - Capitolo 2: Non Vi Succederà Niente,compilation,2020-10-09
497,El Chema V2 (Trafico De Humanos),single,2021-03-06
498,V,album,2021-09-16
499,Rapide (Acoustic),single,2020-04-12
500,RE.,album,2022-06-15
501,7 vizi Capitale,single,2017-10-06
502,Comunque vada sarà un successo (Nuova Edizione '99),album,1999-01-01
503,Suburra (final season) (Original soundtrack),album,2020-10-30
504,La grande onda,album,2002-06-20
505,Odio Gli Indifferenti,album,2012-04-10
506,Multi Culti,album,2007-01-26
507,Interno 7,album,2018-09-28
508,Incompatibile 2 (Grande Prova!),album,2004
509,Democrazia del microfono,album,2000
510,La forza che scorre,single,2016-12-02
511,'na notte infame,album,2024-03-01
512,Il mio lato peggiore,album,2025-05-16
513,La scuola romana (Original Motion Picture Soundtrack),album,2025-04-04
514,Nemici,album,2015-04-14
515,La valigia (Remix),single,1998
516,Euro contanti,single,2001
517,Tommaso,album,2004
518,"Tutto mio (Dal Musical ""Spray Street"")",single,2021-09-28
519,Fumo bianco,single,2018-06-08
520,Bitch 2.0,single,2018-07-20
521,Dale,single,2018-04-20
522,Sister (Pastiglie),single,2018-10-05
523,3G (feat. Jake La Furia),single,2018-12-12
524,Bella così (feat. Federica Carta),single,2020-05-22
525,Avere 20 anni,single,2019-01-11
526,Mangiauomini,single,2019-10-04
527,Coca Cola,single,2019-06-21
528,Nel Prime,single,2025-05-16
529,La voce di Chadia,single,2020-01-31
530,Bitch 3.0,single,2022-12-23
531,Le regole della bitch,single,2024-04-19
532,Donne che odiano le donne,single,2021-02-05
533,Non mi uccidere - feat. Alice Pagani,single,2021-04-16
534,Criminale,single,2023-03-31
535,Figli del deserto,single,2023-12-15
536,Tutt* stran*,single,2021-12-10
537,Griselda,single,2025-04-04
538,RESPETO,album,2014-12-02
539,Bondage - la gola,single,2024-01-26
540,Filo spinato - la superbia,single,2024-03-08
541,Sugar Daddy,single,2024-07-12
542,High Class,single,2020-02-14
543,Osama 2,album,2024-09-27
544,Vulcano,album,2017-03-24
545,Tarantelle,album,2019-05-03
546,SANTANA MONEY GANG,album,2025-04-10
547,Non E' Gratis,album,2012-01-01
548,Come Fa?,single,2019-12-03
549,Miracolo!,album,2015-04-28
550,Guardando la luna (Napoli RMX),single,2023-05-11
551,Miracolo! (Ultimo Round),album,2016-02-19
552,Mea Culpa (Gold Edition),album,2014-01-01
553,I.E.N.A.,album,2011-12-19
554,Black Pulcinella,album,2022-04-29
555,Cattivi guagliuni,album,2011-11-03
556,Napoli Manicomio,album,2006-08-09
557,Partenope,single,2020-12-21
558,Figli E Figliastri,album,2014-04-15
559,Gioco sporco,album,2019-11-20
560,Sorridi e vuoi fumare,single,2025-03-28
561,Señorita,single,2021-05-21
562,2/7 - EP,single,2020-06-12
563,Rido,single,2018-04-10
564,L'uomo che viaggiava nel vento (E altri racconti di brezze e correnti),album,2016-10-14
565,MBAPPÉ,single,2025-03-14
566,Ella Quiere Beber (Remix),single,2018-11-02
567,Forró no Varandão,album,2021-07-23
568,Santana Season,album,2023-06-09
569,#Uagliò,album,2017-06-16
570,Banditi,album,2016-09-30
571,Vile Denaro,album,2007-01-01
572,Club Dogo,album,2024-01-12
573,MI Fist (2004 Remaster),album,2003-01-03
574,Che Bello Essere Noi,album,2010-01-01
575,Non Siamo Più Quelli Di Mi Fist,album,2014-01-01
576,Dogocrazia,album,2009-01-01
577,Noi Siamo Il Club (Reloaded Edition),album,2012-01-01
578,Penna Capitale,album,2006-03-15
579,60 Hz,album,2004-01-07
580,Everyday Ting,single,2018-06-10
581,Vile Denaro 10th Anniversary,album,2007-05-17
582,SANTANA MONEY GANG,album,2025-04-10
583,MI Fist,album,2004-04-23
584,"Street Collection, Vol. 2 (2008 Remastered)",compilation,2019-10-25
585,La calda notte,album,2005-08-06
586,"Vita Vera - Mixtape, aspettando la Divina Commedia",album,2020-06-12
587,Ciao Fibra,single,2007-07-27
588,Guersace (RMX) feat. Enzo Dong,single,2018-02-16
589,Il Cd Della Pina,album,1995
590,Piovono Angeli,album,1998-01-01
591,Cora,album,2000-01-01
592,Questa Fly,album,2007-01-01
593,The Royalty,album,2008-09-09
594,Tribulation,single,2023-01-17
595,Cocco,single,2019-03-03
596,Buio,single,2020-02-21
597,In The Jungle,single,2019-08-02
598,Fenomeno,album,2017-04-07
599,Mr. Simpatia,album,2004-09-01
600,Controcultura,album,2010-01-01
601,Squallor,album,2015-04-07
602,Caos,album,2022-03-18
603,Niente Di Personale,single,2014-03-26
604,Il Tempo Vola 2002-2020,compilation,2019-10-24
605,Ciao Fibra,single,2007-07-27
606,Turbe Giovanili (20° Anniversario / Versione Originale),album,2002-02-10
607,Guerra E Pace,album,2013-01-01
608,Tradimento (Platinum Edition),album,2006-12-01
609,Turbe Giovanili,album,2002
610,CVDM,single,2017-11-13
611,Bugiardo,album,2007
612,Gemelli,album,2020-06-18
613,In Italia 2024 (feat. Emma & Baby Gang),single,2024-02-23
614,Lo Sto Facendo,single,2016-09-06
615,Tradimento 10 Anni - Reloaded,album,2016-06-10
616,Nella fossa,single,2014-04-03
617,Pizzicato,album,2017-05-05
618,Chi Vuole Essere Fabri Fibra ?,album,2009-04-10
619,Che Gusto C'è (feat. Tredici Pietro),single,2025-05-23
620,Casus Belli,album,2013-02-05
621,Faccio Quello Che Voglio,album,2007-01-01
622,Controcultura (Bonus Track Version),album,2010-09-07
623,Fenomeno (Masterchef EP),single,2017-11-17
624,Tarantelle,album,2019-05-03
625,Hip Hop (Remix),single,2018-05-01
626,Adorazione (Colonna sonora della serie Netflix),album,2024-11-22
627,STREET ABBRONZATISSIMA Urban Hits Estive Rap Italiano Game Over,compilation,2024-10-25
628,Stupidi (feat. Papa V & Nerissima Serpe),single,2025-06-13
629,Zelensky (Red Bull 64 Bars),single,2025-05-13
630,SCAPPA,single,2008-06-16
631,Lettera Q,album,2024-11-22
632,16 Punti Di Sutura,album,2005-01-01
633,Il mio lato peggiore,album,2025-05-16
634,...In teoria,album,2001-03-02
635,L'Italiano Balla,single,2012-07-01
636,Non Dormire,album,2005-01-01
637,Hip Hop Street Party Vol. 2,compilation,2009-01-01
638,Supereroi,album,2017-02-17
639,SANTANA MONEY GANG,album,2025-04-10
640,Libertà,album,2019-08-30
641,SignorHunt,album,2015-10-23
642,O' mare 'e o' sole,single,2011-12-17
643,Kevvuo',single,2017-04-28
644,Poeta Urbano,album,2013-06-25
645,Inferno 9,album,2016-06-10
646,Rivoluzione,album,2021-11-05
647,'A verità,album,2014-03-24
648,Cuore Rotto (feat. Gemitaiz),single,2019-03-29
649,Invece no,single,2017-11-21
650,A Un Passo Dalla Luna,single,2020-07-03
651,bellodrama,album,2023-03-24
652,Niente da bere,single,2017-06-09
653,Tutte'e parole,single,2018-11-23
654,'A verità 2.0,album,2014-11-04
655,Fammi scendere,single,2018-09-21
656,Un bacio all'improvviso,single,2021-06-04
657,Arrivano i prof (Original Soundtrack),single,2018-04-20
658,SPIRAGLIO DI PERIFERIA (RELOADED),album,2024-11-29
659,SignorHunt - Wake Up Edition,album,2016-03-04
660,RAGAZZO DI GIÙ,album,2025-04-25
661,MILLE VOTE ANCORA,single,2025-02-12
662,Non litighiamo più,single,2023-03-31
663,Pe' vula' nata vota,single,2023-03-29
664,PUSH!,single,2024-07-26
665,Un beso de improviso,single,2021-06-18
666,Musica Italiana,single,2024-04-05
667,A' vita senz' e te (Me fa paura),single,2022-11-04
668,Nu juorno buono,single,2014-02-17
669,Solo quiero dedicarte,single,2022-04-08
670,Burning Sands,single,2025-01-17
671,Caramelo,single,2022-07-29
672,Ciao Fibra,single,2007-07-27
673,1THOUSAND,single,2025-05-30
674,Farsi del male,single,2025-05-23
675,Parole,album,2004-01-01
676,M-theory,album,2014-04-22
677,Realtà aumentata,album,2016-11-04
678,Anni senza fine,album,2008-07-29
679,Struggle Music,album,2013-12-02
680,Sacrosanto,album,2023-05-26
681,La scatola nera,album,2012-02-22
682,L'universo non esiste,album,2019-04-12
683,Dentro La Mia Mente,album,2022-12-02
684,Traccia Uno,single,2020-02-14
685,Demon Days,album,2005-05-23
686,Revolution Is Only Solution,album,2013-01-28
687,Containers,album,2024-10-10
688,VERTEBRE,single,2024-11-19
689,Se resteremo uguali,single,2025-03-28
690,LA BELLAVITA,album,2025-03-28
691,FACILE,album,2022-02-14
692,House Party,album,2022-11-03
693,Idee Chiare,single,2022-06-03
694,Fabiano detto Inoki,album,2005-10-19
695,MEDIOEGO,album,2021-01-15
696,"The Newkingztape, Vol. 1",album,2017-11-17
697,The Jazzness,album,2025-05-16
698,Nobiltà di strada,album,2007-02-16
699,NUOVO MEDIOEGO,album,2021-11-12
700,CAZZOMINOMINI,single,2023-07-06
701,4 MANI,album,2022-11-25
702,DE PUTA MADRE 3,single,2024-10-11
703,Basso profilo: The Mixtape,album,2016-12-25
704,Flusso di coscienza,album,2017-11-30
705,5° Dan,album,2017-11-01
706,L'antidoto,album,2014-02-05
707,SANTANA MONEY GANG,album,2025-04-10
708,"Balla Con Noi - Balli Di Gruppo, Vol. 1",album,2006-07-11
709,Freestyle Élite,album,2022-06-24
710,Cronache Di Resistenza,album,2017-01-01
711,MAGICAL 大橋純子の世界 III,album,1984-07-01
712,Immaginario,single,2019-09-27
713,La Pace È La Risposta,single,2024-02-16
714,Mr. Fini,album,2020-11-26
715,60 Hz,album,2004-01-07
716,Emanuel,album,2025-04-20
717,"MALAVITA, Pt. 2 / HeadShot, Vol. 3",single,2024-06-07
718,Educazione sabauda,album,2016-01-08
719,"Aquí No Pasa Nada (feat. King Dest, Favelas J Flus)",single,2018
720,Ferro del mestiere,album,2022-06-17
721,Leggenda da Bar,single,2023-12-15
722,Vinyl Days,album,2022-06-17
723,Cliente su Cliente,album,2007-11-27
724,Gioventù Bruciata,album,2019-02-22
725,Weekend 2017,single,2017-05-26
726,Rock On,album,2025-03-21
727,Tropico Del Capricorno,album,2025-01-10
728,Stallone,album,2023-03-08
729,XDVR Reloaded,album,2015-11-23
730,Profondo rosso,album,2011-03-08
731,Hermes Sound-Effect Ringt1 & Alert Collection Vol.1,album,2015-09-15
732,Rap Game: Aggressiva,single,2019-11-28
733,SANTANA MONEY GANG,album,2025-04-10
734,Dom Reality Sessions 2,single,2024-04-19
735,L'Amore non è un Hobby,single,2021-10-22
736,Na vot e pe semp,album,2011-09-02
737,Live in the Al Mukawama Experiment 3,album,2007-06-19
738,El Party,single,2017-06-08
739,17,album,2020-09-18
740,Club Dogo,album,2024-01-12
741,FAME,album,2025-01-31
742,Fuori Da Qui,album,2016-04-22
743,Musica Commerciale,album,2013-01-01
744,Ferro del mestiere,album,2022-06-17
745,Bandita,single,2018-06-29
746,Entertainer,album,2018-05-25
747,MMMH,single,2018-02-23
748,6 del mattino (feat. Brancar),single,2019-06-28
749,Non sentiamoci più,single,2018-11-16
750,L'ultimo tango,album,2015-09-01
751,Guilty,album,2010-01-01
752,Ubbidirò,single,2011-05-03
753,MI Fist (2004 Remaster),album,2003-01-03
754,L'ora d'aria,album,2008-01-11
755,Heist of The Century,album,1998-11-17
756,Oh My Doll - EP,single,2017-10-19
757,Que Pasa,single,2018-04-10
758,Orologi (prod. Strage e Lazza),single,2020-03-11
759,Sulle Nuvole (prod. Low Kidd & Young Miles),single,2020-01-16
760,Struggle,album,2016-01-29
761,187,single,2018-01-16
762,Molly (prod. Strage),single,2020-04-08
763,Le Mie Ultime Parole (feat. Doll Kill),single,2025-04-25
764,Grand Notorious,single,2018-05-30
765,Amore Odio,single,2022-10-28
766,The Million Dollar Backpack,album,2008-07-22
767,100 Giga,single,2024-11-15
768,Opaca,single,2025-04-11
769,G,single,2025-05-30
770,Nena - A COLORS SHOW,single,2020-09-10
771,Barrio,single,2019-12-06
772,Love Is Not Hard To Find (from the Amazon Original Movie Hotel Transylvania: Transformania),single,2022-01-14
773,Mascarade (feat. Lous and The Yakuza),single,2022-01-28
774,KI-KI,single,2022-05-06
775,Se Acabó (feat. Mozart La Para),single,2021-02-05
776,YOU (feat. Damian Marley),single,2021-08-06
777,Instinto,single,2021-11-19
778,Herrera,single,2023-02-10
779,El Diablo,single,2020-10-30
780,YA,single,2021-05-28
781,La Puerta,single,2023-05-19
782,Memory,album,2018-05-18
783,62 Bars,single,2020-11-16
784,GARA 7,album,2023-06-16
785,Fantastica illusione,album,2014-03-18
786,Orgoglio,album,2012-09-28
787,Music City Murder Ballad,single,2022-10-31
788,L.U.N.A.,album,2015-03-24
789,Lasciateci la fantasia,album,2017-04-21
790,Vado Via,single,2024-07-10
791,TUTTA VITA,album,2024-10-25
792,Salvatore Vive,album,2022-10-27
793,DRAFT,album,2023-09-15
794,Intercontinental,album,2025-02-21
795,Zero Kills,album,2014-11-11
796,Hellvisback,album,2016-02-05
797,Napoli Manicomio,album,2006-08-09
798,Cmonnn (Hit It One Time)(feat. Lay Bankz),single,2022-03-11
799,Inflammable Material,album,1979
800,The Island Chainsaw Massacre,album,2011-02-01
801,RADIO SAKURA,album,2024-03-08
802,Radio Gotham,album,2023-01-20
803,fuorilegge,single,2025-02-12
804,radio vega,album,2025-03-14
805,Villain,single,2022-04-14
806,Geisha,single,2016-10-14
807,GANGSTA LOVE,single,2021-11-12
808,GOODBYE,single,2020-07-24
809,Il Diavolo Piange,single,2020-05-01
810,Tropico Del Capricorno,album,2025-01-10
811,COMO UN TRUENO,single,2024-08-30
812,Kitty Kitty,single,2017-04-07
813,Get the Fuck Out of My Pool,single,2016-07-22
814,Don't Call the Po-Po,single,2017-07-28
815,Bundy,single,2020-04-21
816,Blade of the Ronin (Deluxe Edition),album,2015-03-03
817,victoria's secret (feat. Tony Effe),single,2025-05-30
818,SWOOP!,single,2019-07-26
819,Sneakers,single,2019-11-27
820,That's What I'm Talking About,single,2011-01-18
821,Jack Di Fiori,album,2022-05-13
822,SCUSATE IL RITARDO,album,2024-09-11
823,GIOVANE RONDO,album,2020-10-16
824,Reanimation,album,2002
825,MOVIE (feat. Central Cee),single,2021-02-26
826,DUBAI,single,2021-04-23
827,SHAWTY (feat. Sacky),single,2021-09-16
828,Boyka,single,2022-11-25
829,STURDY,single,2022-04-29
830,BIRKIN (feat. Rondodasosa),single,2022-03-25
831,CHINGA (feat. Simba La Rue),single,2022-01-21
832,Free Samy,single,2020-01-10
833,Collaborations,album,2002-01-01
834,Leggenda,single,2020-04-29
835,TRENCHES BABY,album,2023-03-10
836,NEW YORK,single,2023-03-10
837,MANDANTE,single,2024-08-30
838,"Revolutionary, Vol. 1",album,2001-09-14
839,BABA,single,2024-12-06
840,SOLO/ALONE,single,2021-06-25
841,Ordinary,single,2025-02-07
842,CHIARA,single,2023-06-07
843,WE ON EM (feat. NLE Choppa),single,2023-05-17
844,BLUE TAPE,album,2024-04-05
845,Face to face 2,single,2024-01-19
846,READY 4 WAR (feat. Artie 5ive),single,2023-02-02
847,GHETTO,single,2025-01-07
848,PACK A PUNCH FREESTYLE,single,2024-02-08
849,Giù,album,2022-07-01
850,SSG,single,2023-11-10
851,MOTIVATION 4 THE STREETZ,album,2023-12-08
852,cuando pienso en ti,compilation,2025-06-05
853,c@ra++ere s?ec!@le,album,2022-09-30
854,Spotify Singles,single,2019-04-17
855,BV3,album,2020-10-02
856,PRETTY GANGSTA (feat. Margola),single,2025-02-14
857,Caerle,single,2024-01-19
858,Business Class,single,2023-03-24
859,SANTANA MONEY GANG,album,2025-04-10
860,Another One,single,2024-06-18
861,La Divina Commedia,album,2023-06-02
862,Rock Festival Hits,compilation,2025-06-11
863,Show Me Love,single,2025-02-07
864,Ei8ht Mile,album,2020-01-17
865,Potere,album,2018-06-29
866,Rap na Feels,album,2023-02-24
867,23,album,2022-02-25
868,R.O.O.T.S. (Route of Overcoming the Struggle),album,2009-03-23
869,Rockstar,album,2018-01-19
870,Sfera Ebbasta,album,2016-09-09
871,Famoso,album,2021-02-12
872,SANTANA MONEY GANG,album,2025-04-10
873,X2VR,album,2023-11-17
874,XDVR Reloaded,album,2015-11-23
875,Dexter,single,2017-03-10
876,Blunt & Sprite,single,2016-01-20
877,Rockstar (Popstar Edition),album,2018-11-30
878,OGNT,single,2015-03-03
879,Mademoiselle,single,2019-03-12
880,Rockstar (International Version),album,2018-01-19
881,Orange County California,album,2017-01-13
882,Capitán,single,2023-05-26
883,Hexen,single,2018-04-09
884,Entro in pass,album,2016-09-16
885,Crack Musica,album,2016-03-10
886,MIO FRATELLO,single,2022-10-20
887,Hot Labor Summer 2,single,2024-09-20
888,ULTIMA CENA,single,2022-12-23
889,MARTIRE,album,2024-06-07
890,Machika (Remix),single,2018-05-31
891,Orange,single,2023-04-06
892,Mezzanotte,album,2017-09-22
893,ORCHIdee,album,2014-05-27
894,Rose viola,single,2019-02-06
895,Qualcosa è cambiato,album,2012-12-25
896,Il Mondo Gira,album,2022-12-16
897,La rivincita dei buoni,album,2007-09-15
898,"Red Bull 64 Bars, The Album",compilation,2021-05-27
899,MM Vol. 2,album,2016-11-11
900,Scritto Nelle Stelle,album,2020-04-24
901,Ego & Alter Ego,album,2024-06-17
902,Nonostante Tutto,album,2016-01-22
903,Criminale emozionale,single,2018-06-15
904,Musica che non si tocca,album,2010-11-01
905,Rose viola Pt. 2,single,2019-02-22
906,SIRIO,album,2022-04-07
907,E Vissero Feriti E Contenti,album,2021-03-19
908,Errare umano,album,2018-11-14
909,Persona,album,2019-10-31
910,Una cosetta così,album,2025-01-10
911,a me mi piace (feat. Manu Chao),single,2025-05-09
912,POV,single,2024-10-25
913,Bonus Track,single,2024-07-12
914,Gemelli,album,2020-06-18
915,Per la mia gente / For my people,album,2012-10-29
916,"wer nicht fühlen will, muss hören",album,2019-08-30
917,LA BELLAVITA,album,2025-03-28
918,Solo per cambiare il mondo,album,2012-11-26
919,Telepatia (Hoodtrap),single,2025-05-01
920,Il mio lato peggiore,album,2025-05-16
921,Soulvillians,compilation,2006-09-09
922,DOOM,album,2021-10-29
923,Hip Hop M.E.I. 5.1,compilation,2011-11-15
924,FINALMENTE,album,2023-10-13
925,La maggior parte,album,2020-10-30
926,Rockstar,album,2018-01-19
927,Ligabue [Remastered Version],album,1990
928,Ghettolimpo,album,2021-06-10
929,MILLE VOTE ANCORA,single,2025-02-12
930,Mediterraneo,album,2025-06-06
931,Peace & Love,single,2018-05-04
932,Vola alto,single,2015-09-23
933,Splende,album,2015-02-12
934,Tonica & Dominante,single,1979-01-01
935,Azoto,single,2024-10-17
936,Acquario,album,2019-05-24
937,Suicidol,album,2015-05-26
938,La mia compilation (Colonna sonora originale della serie TV),album,2010-01-01
939,Trap Lovers,album,2019-03-01
940,Bella Lucio,compilation,2015-09-25
941,"Best Seller Compilation, Vol. 1 & 2",compilation,2008-01-08
942,O Espetáculo do Circo dos Horrores,album,2006-06-06
943,TUTTA VITA,album,2024-10-25
944,Prisoner 709,album,2017-09-15
945,SWEET LIFE,single,2025-06-15
946,Requiem,album,2017-11-30
947,Vibras para el Día del Padre 2025,compilation,2025-06-15
948,Caos,album,2022-03-18
949,Guerra fra poveri,album,2006-11-17
950,Le cose cambiano,album,2023-12-01
951,decrescendo.,album,2025-05-22
952,10,album,2023-06-29
953,Purgatorium,album,2021-10-28
954,SANTANA MONEY GANG,album,2025-04-10
955,Toast to Our Differences (Deluxe Edition),album,2019-01-25
956,PAINSTAR (The Mixtape),album,2025-03-28
957,Domani smetto,album,2002-03-22
958,PROTOMARANZA,album,2024-05-10
959,Messa Di Vespiri,album,1997-02-25
960,Strade Di Citta,album,1993-02-25
961,Italiano medio,album,2003-11-04
962,Così Com' è,album,1996-05-14
963,UN BEL VIAGGIO,single,2023-02-09
964,Nessuno,album,1998-05-07
965,CLASSICO,single,2023-10-27
966,BLAH! (x5) (feat. Massimo Pericolo),single,2024-08-05
967,Perché Si,album,1999-12-20
968,Greatest Hits,compilation,2000-11-17
969,La riconquista del forum (Live),album,2004-11-12
970,FILOSOFIA DEL FUCK-OFF,single,2023-04-28
971,4 x 4,album,2000-10-26
972,Così com'è LEGACY EDITION,album,2021-11-12
973,È Natale (Ma io non ci sto dentro),single,1993-12-25
974,Così e cosà,single,1997-01-01
975,2030,single,1996-01-01
976,Il funkytarro,single,1996-01-01
977,Neffa E I Messaggeri Della Dopa,album,1996-01-01
978,Chico Pisco,single,1999-01-01
979,107 Elementi,album,1998-01-01
980,Guerra E Pace,album,2013-01-01
981,Alla Fine Della Notte,album,2007-06-01
982,"Aggio Perzo 'o Suonno (feat. Coez, prod. TY1)",single,2021-02-12
983,Arrivi E Partenze,album,2001-01-01
984,Sognando Contromano,album,2009-06-01
985,Molto calmo,album,2013-12-11
986,Canerandagio - Parte 1,album,2025-04-18
987,FoglieMorte (feat. Fabri Fibra),single,2024-04-12
988,"I Molteplici Mondi Di Giovanni, Il Cantante Neffa",album,2003-01-01
989,Resistenza (Edizione speciale),album,2015
990,Le Dimensioni Del Mio Caos,album,2008-01-01
991,SANTANA MONEY GANG,album,2025-04-10
992,AmarAmmore,album,2021-04-02
993,Le Ore Piccole,single,2004-03-07
994,Saturno Contro (Original Motion Picture Soundtrack),album,2007-06-01
995,Diário de Bordo,single,2017-02-03
996,Vanagloria,album,2023-09-29
997,Busta Flex,album,1998-02-02
998,Mowgli,album,2018-03-02
999,Wasabi 2.0,single,2017-05-19
1000,Orange County California,album,2017-01-13
1001,Vita Vera Mixtape,album,2020-06-05
1002,La Divina Commedia,album,2023-06-02
1003,"Vita Vera - Mixtape, aspettando la Divina Commedia",album,2020-06-12
1004,Elisir,single,2019-06-07
1005,2020 Freestyle,single,2021-01-07
1006,SANTANA MONEY GANG,album,2025-04-10
1007,Don't Panic,album,2021-05-05
1008,La Divina Commedia (Deluxe),album,2024-05-24
1009,Il coraggio nei piedi,album,2014-01-06
1010,Sogni di Strada,album,2018-04-30
1011,X2VR,album,2023-11-17
1012,I Nomi del Diavolo,album,2024-03-01
1013,Going Hard 3,album,2024-12-06
1014,In LA We Trust,album,2014-04-08
1015,Mediterraneo,album,2025-06-06
1016,Too Clean,album,2025-06-13
1017,Ecce Homo,album,2015-04-20
1018,LA BELLAVITA,album,2025-03-28
1019,Suicidol,album,2015-05-26
1020,A Brand You Can Trust,album,2009-07-07
1021,Piangere a 90,single,2025-05-08
1022,Rattle And Hum,album,1988-10-10
1023,Who's It Gonna Be?,single,2020-09-30
1024,Dissmantle,single,2020-10-25
1025,The Unfolding,album,2018-04-20
1026,Shady Nate is Mobb Marley,album,2010-11-23
1027,Prisoner 709,album,2017-09-15
1028,Exuvia,album,2021-05-06
1029,Museica,album,2014-01-01
1030,Verità Supposte,album,2003-01-01
1031,Le Dimensioni Del Mio Caos,album,2008-01-01
1032,Habemus Capa,album,2006-01-01
1033,Il Sogno Eretico,album,2011-01-01
1034,?!,album,2000-01-01
1035,The Rockers,album,2016-08-26
1036,Il mio lato peggiore,album,2025-05-16
1037,Habitat Cielo,album,2023-03-31
1038,a me mi piace (feat. Manu Chao),single,2025-05-09
1039,Il Dialogo Sta Nei Dettagli,album,2024-02-02
1040,Studio Collection,album,1998
1041,Antologia della Cameretta,album,2017-06-03
1042,Per Me,single,2025-04-09
1043,Non E' Gratis,album,2012-01-01
1044,post mortem,album,2025-04-10
1045,Sick Side,album,2018-01-05
1046,Bugiardo,album,2007
1047,Vengo Dalla Luna,single,2004-01-01
1048,Mr. Simpatia,album,2004-09-01
1049,Nicolás,album,2022-02-25
1050,MBAPPÉ,single,2025-03-14
1051,Bruno Lauzi e il Club Tenco,album,2008-01-01
1052,Camera a Sud (2018 Remaster),album,1992-06-15
1053,Noord Africano,single,2025-04-11
1054,TUTTA VITA,album,2024-10-25
1055,ASTROWORLD,album,2018-08-03
1056,Il limite valicabile,album,2015-03-10
1057,Fenomeno,album,2017-04-07
1058,Santeria,album,2016-06-24
1059,Ti Sento,single,2023-10-27
1060,DI TUTTI,single,2025-04-01
1061,piango glitter,compilation,2025-06-12
1062,CHIARA,single,2024-09-23
1063,Non Basta Mai (feat. Bresh & Tony Effe),single,2025-06-13
1064,64 BARRE DI VERITÀ (Red Bull 64 Bars),single,2024-09-19
1065,Untouchable,album,2021-11-26
1066,ICON,album,2024-12-09
1067,BOSS,single,2023-03-24
1068,Containers,album,2024-10-10
1069,DAMME 'NA MANO,single,2025-02-12
1070,Bassotto,single,2019-10-24
1071,Il mio lato peggiore,album,2025-05-16
1072,Foto di gruppo,album,1998-08-01
1073,"Street Collection, Vol. 1 (2019 Remastered)",compilation,2019-09-27
1074,Classe 73,album,2003-01-01
1075,Thank Bax it's Friday,single,2017-10-06
1076,Mia Maestà,album,2017-03-31
1077,Pokoflow,single,2017-12-15
1078,Guarda In Cielo,album,2013-11-01
1079,Musica che non si tocca,album,2010-11-01
1080,L'Ultimo Testimone,album,2004-01-01
1081,Tutti a casa,album,2011-11-01
1082,Ogni maledetto giorno (Deluxe Edition),album,2017-09-01
1083,Contro gli estimatori,album,1996-08-01
1084,Sushi - EP,single,2007-11-13
1085,Poi dopo cosa?,single,2018-06-15
1086,Stanno tutti bene,album,2012-02-14
1087,Background,album,2002-01-01
1088,Rapper Italiano,album,2001-01-01
1089,HATE,album,2005-09-01
1090,"Street Collection, Vol. 2 (2008 Remastered)",compilation,2019-10-25
1091,L'uomo senza qualità (Rayden a.k.a Faccia d'Angelo),album,2012-05-22
1092,Shhh!,single,2017-03-03
1093,I Got Next,album,1997-05-20
1094,Classico,album,2000-01-01
1095,Beni Bilmiyorsun,single,2014-05-28
1096,Re Senza Trono,single,1994-01-01
1097,Hanno ucciso l'Uomo Ragno (2012),album,2012-06-12
1098,Prima di Partire,album,2004-01-01
1099,"Machete Mixtape, Vol. 3",compilation,2014-09-23
1100,Champagne e spine,album,2010
1101,2/3 - EP,single,2020-06-05
1102,Dead poets,album,2016-12-20
1103,Il Sogno Eretico,album,2011-01-01
1104,Per la mia gente / For my people,album,2012-10-29
1105,Cose dell'Altro Mondo,album,2012-10-02
1106,Loaded,album,2009-10-16
1107,MSSNC,album,2009
1108,KG,album,2025-05-29
1109,Sano Business 2005 Live,album,2025-05-30
1110,Vivo e Vero,album,2010-05-04
1111,L'erba cattiva (Gold Edition),album,2012-11-20
1112,Vieni a prenderci,single,2013-11-12
1113,Lungomare Paranoia,album,2017-01-13
1114,Inferno 9,album,2016-06-10
1115,Sons Of Soul,album,1993-01-01
1116,Teoria Del Contrario Mixtape Vol. 2,album,2023-03-17
1117,Metrotape Vol1 The Jam Session (Selected By Dj Sice),album,2007
1118,Machete Mixtape Gold Edition,compilation,2015-10-30
1119,5° Dan,album,2017-11-01
1120,Trap Fatta Bene,album,2024-04-19
1121,Album,album,2017-05-26
1122,Lunga Vita a Sto,album,2017-11-24
1123,Cara Italia,single,2018-05-02
1124,DNA,album,2020-11-13
1125,Zingarello,single,2018-05-25
1126,WALLAH,single,2021-10-29
1127,Sensazione ultra,album,2022-05-20
1128,Niente Panico,single,2024-10-11
1129,Turbococco,single,2019-06-21
1130,Casa Mia,single,2024-02-07
1131,Paprika,single,2024-05-10
1132,"Chiagne Ancora (feat. LIBERATO, J Lord)",single,2021-06-22
1133,Hasta la vista (feat. ANNA) [Remix],single,2020-05-29
1134,I Love You,single,2019-03-15
1135,PIZZA KEBAB Vol. 1,album,2023-12-01
1136,M' Manc (con Geolier & Sfera Ebbasta),single,2020-06-11
1137,Chill,single,2025-05-16
1138,Force & Honneur,album,2017-03-31
1139,Skylab V,album,2004-12-10
1140,Freestyle N°4 #rue,single,2018-09-01
1141,TUTTA VITA,album,2024-10-25
1142,G+Jus,single,2021-01-12
1143,Tarantelle,album,2019-05-03
1144,We Love You Tecca,album,2019-08-30
1145,2 glops,single,2024-02-15
1146,CAPOTAVOLA,album,2019-04-29
1147,SANTANA MONEY GANG,album,2025-04-10
1148,MiDi Murder EP,single,2012-10-31
1149,Legmatic,album,2024-05-10
1150,4: The Rise of the Mosh Mongers,album,2013-08-01
1151,DJUNGLE UNCHAINED,album,2022-12-16
1152,Thee Unknown,album,2024-09-20
1153,Booze for Blues,album,2016-05-25
1154,Wanderlust,single,2015-06-12
1155,V,album,2017-09-01
1156,CLASH AGAIN,album,2019-10-18
1157,SPECIALIST,single,2020-09-17
1158,Noi Siamo Il Club (Reloaded Edition),album,2012-01-01
1159,Joga Bonito (feat. Nerone & Axos),single,2018-08-03
1160,Rock Steady,album,2014-09-02
1161,CLASH,album,2019-02-01
1162,BLOCCO 181 – ORIGINAL SOUNDTRACK,album,2022-05-27
1163,HO LA HIT (feat. Massimo Pericolo),single,2022-04-07
1164,MARI (feat. Giaime) - prod. Andry The Hitmaker,single,2020-10-09
1165,Era Tutto Un Sogno,album,2012-11-13
1166,"MAI (feat. Silent Bob) prod. Crookers, Goedi",single,2021-10-24
1167,OGGI,single,2020-10-23
1168,BENZINA (feat. Emis Killa) prod. Garelli,single,2021-03-05
1169,DE PUTA MADRE 3,single,2024-10-11
1170,090320 - prod. Kanesh,single,2020-10-02
1171,DOMANI,single,2021-11-12
1172,In volo (RMX),single,2018-06-08
1173,TERRORIST,single,2025-01-17
1174,RANCH,album,2025-05-09
1175,Just Keep Watching (From F1® The Movie),single,2025-05-30
1176,VENDETTA,album,2008-09-22
1177,Mea Culpa (Gold Edition),album,2014-01-01
1178,GEMINI,album,2019-06-14
1179,QVC Collection,album,2018-03-30
1180,Generazione Triste,single,2025-03-14
1181,Gli alpini e la montagna vol.2,album,2007-05-01
1182,LA BELLAVITA,album,2025-03-28
1183,There Is No Competition: Death Comes In 3s,album,2011-12-25
1184,Educazione sabauda,album,2016-01-08
1185,Malammore,album,2016-07-15
1186,"The Newkingztape, Vol. 1",album,2017-11-17
1187,Innamorato,album,2023-04-13
1188,'A verità,album,2014-03-24
1189,Dentro e Fuori,album,1976
1190,AL CAPONE,single,2022-04-22
1191,Meteoriti - Top Rap Italiano,compilation,2022-07-08
1192,#willpower,album,2013-01-01
1193,Ambitions,album,2017-01-13
1194,WILD,single,2024-11-22
1195,Bella Lucio,compilation,2015-09-25
1196,Balances & Options,album,2000
1197,Solo per cambiare il mondo,album,2012-11-26
1198,Affetto Illimitato,album,2023-12-27
1199,Zer06-zer08,album,2010-06-22
1200,900,album,2001
1201,Amore e Coraggio,album,2012
1202,Kepler,album,2014-05-27
1203,Santos Ensinos,album,2024-01-01
1204,SCELTE STUPIDE,single,2025-05-02
1205,Drammi,single,2024-12-13
1206,Stereokilling,album,2016-12-16
1207,Dreaming in Slow Motion,single,2025-02-21
1208,Turno notturno,single,2016-09-26
1209,Sciccherie,single,2018-12-14
1210,17,single,2019-06-17
1211,MADAME,album,2021-06-03
1212,sentimi,single,2020-04-24
1213,L'Angelo del Male,album,2024-04-26
1214,Anna,single,2018-09-13
1215,"Red Bull 64 Bars, The Album",compilation,2021-05-27
1216,IL BENE NEL MALE,single,2023-02-09
1217,L'AMORE,album,2023-03-30
1218,LA PROMESSA DELL'ANNO,single,2019-10-04
1219,TU M'AS COMPRIS,single,2022-01-27
1220,AWW! (Red Bull 64 Bars),single,2022-04-12
1221,Adorazione (Colonna sonora della serie Netflix),album,2024-11-22
1222,L’Eccezione (from the Amazon Original Series BANG BANG BABY),single,2022-04-14
1223,La primavera della mia vita (Original Motion Picture Soundtrack),compilation,2023-02-20
1224,Persona,album,2019-10-31
1225,Ping Pong,album,1997
1226,Amore povero,album,2017-03-17
1227,Rockstar: Do zachodu słońca,album,2020-08-28
1228,"NOI, LORO, GLI ALTRI",album,2021-11-19
1229,DRAFT,single,2022-11-07
1230,Bonjour Madame,single,2023-05-05
1231,Madame Dad,compilation,2022-10-08
1232,Fitna,album,2024-06-21
1233,Poco Di Buono 2,album,2017-01-26
1234,DON,album,2018-01-19
1235,Nella fossa,single,2014-04-03
1236,Poco di Buono,album,2008-03-31
1237,Don Vacca Corleone,album,2019-01-11
1238,Il diavolo non esiste,single,2014-03-07
1239,Faccio Quello Che Voglio,album,2007-01-01
1240,54:17,album,2017-04-24
1241,Rilassato,single,2025-03-21
1242,Missione completa,single,2018-09-04
1243,Bad Reputation,album,2020-04-10
1244,Del Padre Del Figlio,album,2014-09-23
1245,20139,album,2019-08-23
1246,zero punto zero,single,2017-02-13
1247,Asmara,single,2018-04-21
1248,UNA VITA SOLA,single,2024-03-22
1249,Pazienza,album,2013-03-19
1250,L'ultimo tango,album,2015-09-01
1251,Via perchè,single,2017-06-23
1252,Il Ragazzo D'Oro,album,2011-01-01
1253,Mi ferma nessuno,single,2019-11-08
1254,Barroso,album,2022-09-23
1255,No Cap,single,2021-01-11
1256,Vh,album,2004-03-11
1257,Qualche Secondo,single,2020-12-04
1258,Musica per Sordi,single,2025-05-16
1259,Tropical Shopping,single,2021-02-26
1260,Tempo Nostro - EP,single,2021-07-30
1261,Jr. Saddam,single,2021-03-26
1262,Full Circle,album,2019-07-12
1263,Chi sbaglia paga,single,2006-10-25
1264,Black Book 2,album,2016-12-15
1265,Marionette,single,2019-10-21
1266,indipendentemente preso bene,single,2023-06-09
1267,Pezzi Della Sera,album,2023-11-17
1268,Ogni fottuto giorno,single,2021-05-14
1269,La tana del granchio,single,2025-02-12
1270,Spazio,single,2021-02-12
1271,Golden Goal,single,2020-11-18
1272,IDGAF,single,2020-10-23
1273,Black Heart,album,2025-05-05
1274,Business,single,2020-11-13
1275,Scatola di Nike,single,2021-01-29
1276,Pelleossa,album,2011-05-24
1277,Sporco,album,2010-05-18
1278,GRAVEYARD DUPPIES,album,2024-05-10
1279,Rockstar,album,2018-01-19
1280,Immagini Ancora,single,2021-04-23
1281,Reggae Rhythm,compilation,2025-06-11
1282,One Shot,single,2024-01-09
1283,XDVR Reloaded,album,2015-11-23
1284,Last Bonus Track,single,2022-02-25
1285,Verità Supposte,album,2003-01-01
1286,New Balance,single,2025-01-24
1287,1 Less G in the Hood,album,2015-04-01
1288,Doble Cara,single,2025-02-21
1289,La Patente,single,2025-06-13
1290,DE PUTA MADRE 3,single,2024-10-11
1291,N 9,album,2017-02-09
1292,Get Maad,album,2012-01-31
1293,Terzo Capitolo,single,2025-02-07
1294,Voglio farlo con te (feat. Vacca & EXO),single,2020-04-23
1295,Il nirvana,album,2014-09-23
1296,The Main Ingredient,album,1994-01-01
1297,ALI,album,2021-02-19
1298,Best Trap Ita 2024,compilation,2024-01-12
1299,CRACOVIA PT. 4,single,2023-08-25
1300,KG,album,2025-05-29
1301,INVISIBILI,album,2023-09-15
1302,Le vostre madri,single,2019-11-26
1303,L'imprevisto,album,2007-06-12
1304,FAME,album,2025-01-31
1305,Northside Melodies,album,2024-05-31
1306,L'importante,single,2019-05-07
1307,Classe 73,album,2003-01-01
1308,Real Talk,single,2019-07-30
1309,Bella Guido,single,2018-06-12
1310,The Globe,album,2022-11-03
1311,100 rancunes,album,2021-07-01
1312,INTROVERSO EP,single,2024-03-12
1313,ALI - ULTIMA NOTTE,album,2021-09-24
1314,Guess Who's Back,single,2022-04-15
1315,MM Vol. 2,album,2016-11-11
1316,C'era una volta,album,2021-06-24
1317,Giorgio Vanni super hits - il meglio del meglio,album,2014-01-01
1318,OCCHI TRISTI,single,2024-10-18
1319,LA BELLAVITA,album,2025-03-28
1320,SIRIO (Concertos),album,2022-12-15
1321,"The Illest, Vol. 2",album,2019-04-26
1322,No Friend,single,2025-02-28
1323,Le Voyage,album,2003-01-01
1324,Players Club '25,single,2025-04-15
1325,THIS IS MICONS,album,2024-04-05
1326,CANI RANDAGI,single,2025-04-11
1327,Dead poets,album,2016-12-20
1328,SN4,album,2023-06-16
1329,64 BARRE IN FACCIA (Red Bull 64 Bars),single,2024-09-05
1330,BOOGIE WOOGIE,single,2022-06-24
1331,Milano Angels,album,2024-09-06
1332,OFFLINE (feat. VillaBanks),single,2023-05-26
1333,PER SEMPRE (feat. Bresh),single,2024-09-11
1334,RADIO SAKURA,album,2024-03-08
1335,Lorenzo 1999 - Capo Horn,album,1999-06-21
1336,X2VR,album,2023-11-17
1337,FIGLI DEI PALAZZI (feat. Néza),single,2025-05-02
1338,"Gelosa (feat. Shiva, Sfera Ebbasta, Guè)",single,2023-02-24
1339,Scatola Nera,album,2019-09-19
1340,FACILE,album,2022-02-14
1341,RANCH,album,2025-05-09
1342,Illuminate,album,2017-04-20
1343,Playlist,album,2018-11-09
1344,Ds Ep.8,single,2022-06-10
1345,Bravo Ragazzo (Royal Edition),album,2013-01-01
1346,64 BARRE DA CENSURA (Red Bull 64 Bars),single,2024-05-10
1347,"Secondo me, l'amore...",album,1972
1348,Raptus 3,album,2019-03-15
1349,SDFTR,single,2025-03-14
1350,Il chihuahua storico non ha senso senza te,album,2005
1351,Mary Poppins (La Colonna Sonora Originale del Film),compilation,2018-05-18
1352,No stress,single,2021-08-27
1353,SunTzu,single,2012-03-23
1354,WE 2FLY,single,2024-08-02
1355,XXX,single,2024-02-09
1356,FRAGILI (Acoustic Version),single,2024-08-30
1357,PAPRIKA,album,2019-03-29
1358,SANTANA MONEY GANG,album,2025-04-10
1359,L'ANGELO DALL'OCCHIALE DA SERA: COL CUORE IN GOLA,album,2016-10-25
1360,CHANELINA SOUBRETTE (feat. Disme & Ele A),single,2024-09-27
1361,Misteria,album,2023-12-01
1362,VERA BADDIE,album,2024-06-27
1363,Levi,single,2023-04-11
1364,IL CIELO NON È UN LIMITE,album,2020-11-12
1365,Year of the Dragon - Songs from China,album,2024-09-27
1366,F65,album,2023-05-05
1367,Piove Ancora,album,2021-11-05
1368,Mr. Simpatia,album,2004-09-01
1369,Zum Sterben schön - Ein Musical für die Ewigkeit,album,2013-11-22
1370,UNA VITA IN CAPSLOCK,album,2018-04-20
1371,CARPACCIO GHIACCIATO,single,2017-06-23
1372,CLUB TOPPERIA,album,2022-05-26
1373,Persona,album,2019-10-31
1374,LE RAGAZZE DI PORTA VENEZIA - THE MANIFESTO,single,2019-10-17
1375,LA BELLAVITA,album,2025-03-28
1376,Piangere a 90,single,2025-05-08
1377,4 MANI,album,2022-11-25
1378,On a Cloud,album,2019-12-27
1379,Year Of The Gentleman (Bonus Track Edition),album,2008-01-01
1380,CONDANNATA A DANZARE (dal film “Il Migliore dei Mondi”),single,2023-11-14
1381,.,album,2025-02-27
1382,13 Months of Sunshine,album,2025-05-16
1383,Bacco Tabacco & Venere,single,2021-05-28
1384,Sangue,album,2024-03-08
1385,OMZ,single,2022-04-16
1386,Bound By Fire,album,2009-09-26
1387,2020 Freestyle,single,2021-01-07
1388,FINIMONDO,single,2022-05-05
1389,Potere,album,2018-06-29
1390,Malammore,album,2016-07-15
1391,L1,album,2012-06-19
1392,Dove Volano Le Aquile,album,2022-04-01
1393,"Anno Fantastico (feat. Shiva, Tony Boy)",single,2025-03-21
1394,Potere (Il Giorno Dopo),album,2019-06-18
1395,L2,album,2014-07-01
1396,Dove Volano Le Aquile Vol. 2,album,2023-05-10
1397,Ailleurs,album,2012-11-05
1398,DAMN.,album,2017-04-14
1399,SANTANA MONEY GANG,album,2025-04-10
1400,Strade Smarrite,album,2008-03-01
1401,Porta Una Rosa (Red Bull 64 Bars),single,2023-12-15
1402,2017-2019,album,2019-10-02
1403,Icona,album,2018-11-16
1404,Kiss Kiss Bang Bang,album,2015-09-11
1405,Una seria,album,2013-03-12
1406,Non mi basta più (feat. Chiara Ferragni),single,2020-06-25
1407,Donna sulla Luna,album,2021-06-11
1408,KIRK,album,2019-09-27
1409,Buenos Aires,single,2020-03-06
1410,Roma - Bangkok (feat. Lali),single,2017-02-17
1411,Kung Fu Panda 4 (Original Motion Picture Soundtrack),album,2024-03-08
1412,Greatest Hits,compilation,1999
1413,Femmina Alfa - EP,single,2011-10-05
1414,TOTEM (Ultimate Edition),album,2021-06-25
1415,Follia Mediterranea,single,2025-06-06
1416,DOMANI,single,2021-11-12
1417,Kimosabè,album,2023-09-29
1418,M'ama non m'ama,single,2023-06-16
1419,Paper Room,album,2019-11-05
1420,Fino al Blackout,single,2024-04-19
1421,Easy Money Baby,album,2020-01-24
1422,Feeling Good: Her Greatest Hits And Remixes,compilation,2022-02-11
1423,TOTEM - Episodio Tre,single,2021-02-10
1424,Connie Francis Sings Second Hand Love & Other Hits,album,1962-04-10
1425,Tq the Second Coming Domestic Clean With Bonus Tracks Part 2,album,2008-01-01
1426,X (feat. Maluma & Ozuna) [Remix],single,2018-06-29
1427,6AM,single,2022-09-15
1428,#Bedtime Baby Lullaby#,album,2018-03-28
1429,Yung Pokro,album,2019-03-29
1430,Solo,album,2024-01-12
1431,"Players Club '23 (Knights of the Posse) (feat. Nerissima Serpe, Artie 5ive, Tony Boy, Papa V, Low Red, Digital Astro & Kid Yugi)",single,2023-04-20
1432,12,album,2022-09-12
1433,Locos Valientes (feat. Andrés Dvicio),single,2017-09-08
1434,"Dark Days, Bright Nights",album,2001-01-01
1435,Babylon By Bus,album,1978-01-01
1436,Roma - Bangkok (feat. Giusy Ferreri) [Spanish Version],single,2016-02-19
1437,Hello World,album,2024-12-06
1438,Pray 4 Love (Deluxe),album,2020-08-07
1439,MONEY DANCE,single,2019-10-25
1440,Variazioni,album,2017-03-31
1441,Onda Alta,single,2024-02-07
1442,Nostalgia istantanea,album,2012-06-12
1443,CD' (Bonus Track Version),album,2011-04-01
1444,D'Io,album,2015-02-03
1445,Dove Si Balla,single,2022-02-02
1446,Di vizi di forma virtù,album,2008-06-13
1447,Vivere Aiuta A Non Morire,album,2013-01-01
1448,NEI SOGNI NESSUNO È MONOGAMO,album,2022-03-03
1449,Bir Tawil,album,2020-12-04
1450,Musica Senza Musicisti,album,2006-04-26
1451,L'ottavia,album,2014-02-12
1452,Ciao America,album,2024-02-01
1453,"Nullatenente (feat. Massimo Pericolo, Jake La Furia)",single,2025-04-03
1454,Pelle D'Oca,single,2023-05-18
1455,Amico E' ( Inno Dell'amicizia ),album,1984-01-01
1456,Muziki,single,2019-11-28
1457,RIOT,album,2020-10-30
1458,Diari Aperti,album,2019-05-03
1459,NOSTALGIA (export),album,2024-02-23
1460,Buganda Rock,single,2017-04-24
1461,Hell Taxi,single,2017-05-03
1462,Machete Mixtape Gold Edition,compilation,2015-10-30
1463,Rattopsy,album,2014-07-01
1464,Dinastía de Caín,album,2025-05-09
1465,SERVER SIRENA,single,2019-10-11
1466,NIVELES,single,2020-09-25
1467,"20 Años de Rabia, 20 Años de Sueños",album,2013-04-01
1468,Visión,single,2021-05-07
1469,A.M.N (Any Minute Now),album,2020-09-11
1470,Hip Hop Is Dead,album,2006-01-01
1471,P Secondigliano (2020 Remaster),single,2018-07-20
1472,DIO LO SA,album,2024-06-07
1473,IL CORAGGIO DEI BAMBINI - ATTO II,album,2023-04-07
1474,Emanuele,album,2019-10-10
1475,Campioni In Italia (Red Bull 64 Bars),single,2023-11-24
1476,Emanuele (Marchio registrato),album,2020-07-09
1477,IL CORAGGIO DEI BAMBINI,album,2023-01-06
1478,DIO LO SA - ATTO II,album,2024-11-22
1479,MM Vol. 3,album,2019-02-01
1480,Santana Season,album,2023-06-09
1481,RAP TUTORIAL (64 Bars),single,2021-05-19
1482,M' Manc (con Geolier & Sfera Ebbasta),single,2020-06-11
1483,Bravo Ragazzo (Royal Edition),album,2013-01-01
1484,Mexico,single,2018-10-18
1485,Balances & Options,album,2000
1486,"Vamos Pa La Banca (feat. Geolier, Samurai Jay & Lele Blade)",single,2020-02-28
1487,"SARÒ CON TE (feat. MV Killa, Yung Snapp, Lele Blade, Vale Lambo) [Original Soundtrack]",single,2024-05-03
1488,THIS IS MICONS,album,2024-04-05
1489,'A verità 2.0,album,2014-11-04
1490,Early American Cajun Music: Classic Recordings From the 1920's,album,1999-01-19
1491,Il mio lato peggiore,album,2025-05-16
1492,Guitarra,single,2020-12-06
1493,N'ata vot (Perdono),single,2023-12-08
1494,Truman,album,2018-11-16
1495,Clownstrofobia,album,2016-01-15
1496,The Attic,album,2023-09-01
1497,Balorda nostalgia,single,2025-02-12
1498,Allora ciao,single,2020-01-10
1499,Kamikaze,album,2018-08-31
1500,La hit dell'estate,single,2019-06-18
1501,Mirabilansia,album,2015-04-22
1502,Odio le hit estive,single,2016-07-01
1503,Autostop,single,2020-06-16
1504,Truman (Sanremo Edition),album,2019-02-08
1505,In un'ora,single,2021-06-01
1506,Nella fossa,single,2014-04-03
1507,Diversamente Triste,album,2023-07-07
1508,Rap Fiction,single,2019-08-27
1509,Tori seduti (feat. J-AX),single,2022-07-01
1510,Lunatica,single,2023-03-10
1511,Shades and Echoes,album,2022-02-04
1512,Pendolari,single,2023-01-13
1513,Per Sempre Mai,single,2023-05-26
1514,TUTTA VITA,album,2024-10-25
1515,Testa o croce,album,2019-10-04
1516,This is Reggae 100 Classics,compilation,2025-06-11
1517,Better Days,single,2022-01-28
1518,Ya Ganamos,single,2017-10-01
1519,"Musica da giostra, Vol. 5",album,2018-02-23
1520,Il Fuoco In Una Stanza,album,2018-03-02
1521,SANTANA MONEY GANG,album,2025-04-10
1522,Mindstate,album,1998
1523,Rinascimento,album,2019-03-06
1524,50 Shades of Fuckree,album,2017-03-31
1525,Answers Within,single,2016-01-02
1526,Noi Siamo Il Club (Reloaded Edition),album,2012-01-01
1527,Light And Shade,album,2005-09-26
1528,Spot,single,2024-07-10
1529,LA BELLAVITA,album,2025-03-28
1530,Mambo Salentino,single,2019-06-07
1531,Playlist,album,2018-11-09
1532,"Shades of Night (Flowing & Calm Sleep Sounds, Sensitive Background Music)",album,2019-01-04
1533,Bottiglie Vuote (feat. Max Pezzali),single,2025-04-11
1534,2/7 - EP,single,2020-06-12
1535,C'era una Svolta - Monologhi Pop Vol. 2,album,2022-04-07
1536,Combat Rave,album,2020-05-01
1537,Twist & Shades,single,2025-05-07
1538,E No Fit Be Me,single,2022-11-25
1539,Бары,single,2022-08-26
1540,Che Gusto C'è (feat. Tredici Pietro),single,2025-05-23
1541,Hot In The Shade,album,1989-01-01
1542,Supereroe,album,2018-10-12
1543,Linda,single,2017-10-25
1544,Serio,single,2018-02-09
1545,17,album,2020-09-18
1546,Terza Stagione,album,2016-10-14
1547,L'erba cattiva,album,2012-02-07
1548,"Keta Music, Vol. 3",album,2021-07-23
1549,Linda (Reloaded),single,2018-01-10
1550,Supereroe Bat Edition,album,2019-06-21
1551,Keta Music - Volume 2,album,2015-06-18
1552,Effetto notte,album,2023-05-19
1553,17 - Dark Edition,album,2021-02-26
1554,Mercurio - 5 Stars Edition,album,2014-06-10
1555,Mercurio,album,2013-10-22
1556,Champagne e spine,album,2010
1557,In auto alle 6:00 (feat. Lazza),single,2025-05-02
1558,Tijuana,single,2019-05-31
1559,Demoni,single,2025-02-04
1560,2/7 - EP,single,2020-06-12
1561,Sei Tu (feat. Andrea Piraz),single,2017-06-30
1562,PECCATORE,album,2025-05-23
1563,Effetto notte (L'alba),album,2023-11-24
1564,Fuori di qua! (Stories) [2022 Remastered],album,2004-11-01
1565,Rivoluzione,album,2021-11-05
1566,Nino Nino,single,2024-09-13
1567,Andale,single,2020-06-17
1568,PLC tape 1,single,2022-04-22
1569,I.L.T.G. (I Love This Game),single,2015-04-27
1570,BUTTERFLY (feat. Simba La Rue),single,2024-03-08
1571,Sinatra,album,2018-11-29
1572,L'erba cattiva (Gold Edition),album,2012-11-20
1573,Il peggiore,album,2011-12-19
1574,Vampiri,single,2013-07-01
1575,64 BARRE DA CENSURA (Red Bull 64 Bars),single,2024-05-10
1576,Che abbia vinto o no (feat. Antonella Lo Coco) - Single,single,2014-11-25
1577,Fuori Da Qui,album,2016-04-22
1578,Lucifero,single,2022-07-01
1579,SCUSATE IL RITARDO,album,2024-09-11
1580,#Rossoneri,single,2015-09-11
1581,Il nirvana,album,2014-09-23
1582,LA RIVINCITA (feat. Jake La Furia & Emis Killa) – prod. Don Joe,single,2021-06-03
1583,Pop-hoolista,album,2014-10-14
1584,MOOD,single,2020-08-12
1585,Il Mondo è Nostro,single,2021-09-24
1586,Roof Top Mixtape 1,album,2021-12-17
1587,Hanno ucciso l'Uomo Ragno (2012),album,2012-06-12
1588,Nayt One,album,2012-05-07
1589,ryoach ! (freestyle killa),single,2021-12-24
1590,Sing My Song Vol 16,album,2014-07-22
1591,Dstruction MIXTAPE (Nuclear Edition),album,2024-02-15
1592,Everything Based,album,2010-07-10
1593,SANTANA MONEY GANG,album,2025-04-10
1594,Killers,single,2013-10-14
1595,Bella Lucio,compilation,2015-09-25
1596,L1,album,2012-06-19
1597,Dadaismo,album,2014-01-01
1598,1969 - Achille Idol Rebirth,album,2020-09-25
1599,DeBÍ TiRAR MáS FOToS,album,2025-01-05
1600,Non so chi ha creato il mondo ma so che era innamorato,album,2024-02-16
1601,RISPETTO,single,2024-12-20
1602,Duepuntozero,album,2015-12-16
1603,Balorda nostalgia,single,2025-02-12
1604,Strappati Lungo i Bordi (Music from the Original TV Series “Strappare lungo i bordi”),album,2021-11-17
1605,Mwaki,single,2023-11-10
1606,Depresso fortunato,single,2025-05-23
1607,"Baby Dance, Vol. 8 (Canzoni per bambini)",album,2013-06-19
1608,LA BELLAVITA,album,2025-03-28
1609,Call of the Wild,album,2019-03-08
1610,Comunisti col Rolex,album,2017-07-11
1611,Italiana,single,2018-05-04
1612,Comunisti col Rolex (Multiplatinum Edition),album,2017-11-24
1613,Sconosciuti da una vita,single,2017-10-27
1614,Il bello d'esser brutti Multiplatinum Edition,album,2015-12-04
1615,Tutto tua madre,single,2018-09-14
1616,ReAle,album,2020-01-24
1617,Il bello di essere J-AX - 25 anni di successi 1993-2018,album,2018-05-11
1618,Salsa,single,2021-05-21
1619,Timberland Pro,single,2019-05-13
1620,Semester Opening – Die besten Party Schlager Hits für jede Studenten Feier 2014 (Dazu feiert man nicht nur auf jeder House Fete sondern auch zum Apres Ski und Karneval 2015 bis 2016),compilation,2014-10-01
1621,Di sana pianta,album,2006-10-13
1622,"""Music for a While"" - Relaxing Melodies",album,2025-06-17
1623,Meglio prima (?),album,2011-08-30
1624,"Soul Jazz Records Presents Boombox: Early Independent Hip Hop, Electro and Disco Rap 1979-82",compilation,2016-05-20
1625,J-Ax & Friends,album,2016-05-20
1626,SurreAle,album,2021-08-27
1627,Così Com' è,album,1996-05-14
1628,Rap n' Roll,album,2009-01-22
1629,Sottosegretari alla presidenza della Repubblica del True Metal,single,2018-05-21
1630,Deca Dance,album,2009-06-11
1631,Meglio Live!,album,2012-05-08
1632,Domani smetto,album,2002-03-22
1633,Dogocrazia,album,2009-01-01
1634,Pirati urbani,album,2015-05-12
1635,Bed Bath + Beyond my Breaking Point,single,2023-02-17
1636,Keep Focused Study Music,album,2015-04-15
1637,Suddenly in Fashion,album,2020-06-30
1638,Sindrome di Tôret,album,2017-10-06
1639,Educazione sabauda,album,2016-01-08
1640,Iodegradabile,album,2019-10-25
1641,Sulla riva del fiume,album,2025-02-13
1642,"Non è il mio genere, il genere umano",album,2014-06-24
1643,Grazie ma no grazie,single,2025-02-12
1644,DeBÍ TiRAR MáS FOToS,album,2025-01-05
1645,Funk Shui Project,album,2014-05-01
1646,La depressione è un periodo dell'anno,single,2020-11-12
1647,Pornostalgia,album,2022-05-05
1648,Faber Nostrum,album,2019-04-26
1649,L'effetto sbagliato,single,2018-07-06
1650,Frecciarossa,single,2023-09-15
1651,Tutti Manifesti,album,2019-07-12
1652,Justin (Deluxe Version),album,2016-04-15
1653,Algoritmo (feat. Shaggy) (with Don Joe),single,2020-04-30
1654,100 Campane 100 Canzoni,album,2008-10-14
1655,LA BELLAVITA,album,2025-03-28
1656,SXM,album,1994-01-14
1657,NEXT,single,2025-05-30
1658,Mantra,album,2014-05-23
1659,Post Scripta,album,2011-11-11
1660,Son of the South,album,1986-05-01
1661,Beats From The Lido,compilation,2018-08-17
1662,Bloody Mary (feat. PUGNI & Fudasca),single,2024-07-05
1663,Picasso,single,2023-05-26
1664,Down the Rabbit Hole,album,2014-12-02
1665,That's Them,album,1997-01-01
1666,Dead poets,album,2016-12-20
1667,Elevate,album,2018-12-28
1668,Curre curre guagliò,album,1993-06-12
1669,Corto circuito,album,1998
1670,Curre Curre Guagliò 2.0,album,2014-03-25
1671,Cattivi guagliuni,album,2011-11-03
1672,La vida que vendrà,album,2000-06-12
1673,Comanda La Gang,single,2021-04-02
1674,Cerco tiempo,album,1997-06-12
1675,Na.99.10,compilation,2012-06-12
1676,Nero Su Bianco,single,2021-05-25
1677,NO REGULAR MUSIC (Deluxe),album,2024-07-12
1678,Soundboy,album,2011-09-20
1679,Purple Haze,album,2017-03-17
1680,Facciamo le 9,single,2016-09-23
1681,"Entics Television, Vol. 3",album,2014-06-17
1682,Love & Pride,compilation,2025-06-06
1683,I giovani non sanno,single,2018-02-02
1684,Piove,single,2024-10-11
1685,Sfera Ebbasta,album,2016-09-09
1686,No Don,single,2017-07-17
1687,Passatempo,single,2025-05-16
1688,Carpe Diem,album,2012-11-06
1689,Sirena,single,2018-06-08
1690,Madreperla,album,2023-01-13
1691,Che Bello Essere Noi,album,2010-01-01
1692,Cover,single,2018-04-06
1693,Sto bene,single,2018-11-01
1694,SANTANA MONEY GANG,album,2025-04-10
1695,The Heist,album,2012-10-09
1696,Authentics,album,2021-11-05
1697,Sole a mezzanotte,single,2019-02-14
1698,Tropico Del Capricorno,album,2025-01-10
1699,MUSICA ETERNA,album,2024-11-29
1700,Ritorno Al Futuro / Back To The Future,album,2022-05-05
1701,Wicked Game,single,2019-02-01
1702,BRAVA GENTE,album,2023-06-02
1703,Re Mida,album,2019-03-01
1704,Dio Ci Deve Delle Spiegazioni,album,2009-01-01
1705,V,album,2021-09-16
1706,Parole,album,2004-01-01
1707,DOWN AGAIN (feat. Glocky),single,2023-11-17
1708,Giù,album,2022-07-01
1709,NOSTALGIA (export),album,2024-02-23
1710,L'ora d'aria,album,2008-01-11
1711,Pi li Picciotti,album,2019-09-18
1712,"Ganyan ba dapat mag-workout, maem?",compilation,2025-06-18
1713,DRILL SZN,single,2024-03-15
1714,Clandestino,album,1998-10-06
1715,Niente Panico,single,2024-10-11
1716,LOCURA,album,2024-11-26
1717,Emozioni,album,1970
1718,Nella fossa,single,2014-04-03
1719,TIME IS IN YOUR FAVOR,album,2025-05-25
1720,Il corpo umano VOL. 1,album,2025-01-30
1721,Poco di Buono,album,2008-03-31
1722,Melomane,album,2024-12-31
1723,England Made Me [25th Anniversary Edition],album,2023-11-17
1724,Free the Universe,album,2013-04-15
1725,MĀYĀ,album,2024-07-05
1726,VERA BADDIE,album,2024-06-27
1727,Champagne e spine,album,2010
1728,Montagne russe,album,2020-06-05
1729,LA BELLAVITA,album,2025-03-28
1730,Il mio lato peggiore,album,2025-05-16
1731,La rabbia non ti basta,single,2024-02-07
1732,Sangue,album,2024-03-22
1733,Next Big Thing,album,2022-04-15
1734,San Junipero,single,2025-04-18
1735,Bubble Gum (버블검),single,2025-06-06
1736,Formato XXL,single,2021-01-29
1737,IO NON SAREI,album,2025-06-13
1738,Ma che Hit,single,2023-02-24
1739,Così Leggera,single,2021-10-22
1740,TooMuch,single,2021-06-25
1741,Bloody Mary,single,2023-09-29
1742,Mayday,single,2020-10-09
1743,Amsa,single,2019-11-29
1744,Gemelli,album,2020-06-18
1745,Come Uccidere Un Usignolo,album,2017-06-02
1746,No Hooks,single,2016-09-21
1747,68 (Till The End),album,2019-04-05
1748,Come Uccidere Un Usignolo (67 Edition),album,2017-11-03
1749,IO NON HO PAURA,album,2023-05-04
1750,Fenomeno,single,2016-11-08
1751,"Red Bull 64 Bars, The Album",compilation,2021-05-27
1752,68,album,2018-09-07
1753,Tutto bene,single,2016-09-29
1754,Vita Vera Mixtape,album,2020-06-05
1755,Gemelli (ascendente Milano),album,2021-05-20
1756,Venere,single,2016-09-29
1757,BLOCCO 181 – ORIGINAL SOUNDTRACK,album,2022-05-27
1758,La Pelle Del Puma,single,2018-02-16
1759,Going Hard 2,album,2021-09-02
1760,Partizan,single,2019-06-20
1761,Hellvisback,album,2016-02-05
1762,LOCURA,album,2024-11-26
1763,20139,album,2019-08-23
1764,Cos'è l'amore (feat. Franco Califano),single,2019-09-20
1765,Thori & Rocce,album,2011-01-01
1766,MILANO SOPRANO,album,2021-07-09
1767,F.A.K.E.,single,2019-03-15
1768,SPACCATO,single,2020-05-14
1769,DON DADA,album,2023-04-13
1770,Ora O Mai Più,album,2015-05-05
1771,"Hikikomori (feat. Niky Savage, Emis Killa)",single,2024-11-01
1772,"Istinto Animale (feat. Guè, Annalisa, Ernia)",single,2024-05-10
1773,Jingle Bell Trap (feat. Boro Boro) [Version I],single,2019-12-19
1774,The Road to Diamond and Platinum,album,2019-07-05
1775,Sweeping The Nation - Volumes 1 & 2,album,2006-10-03
1776,True Story,album,2004-07-15
1777,Colpa Delle Favole,album,2019-04-05
1778,Fragile - Nesliving Vol. 2,album,2009-11-13
1779,Maldito,single,2017-12-08
1780,Home,album,2004-09-01
1781,Ego,album,2003-05-01
1782,Andrà Tutto Bene,album,2015-02-12
1783,"Voglio di + (Nesliving, Vol.3)",album,2013-04-23
1784,Le Verita' Nascoste,album,2007-01-01
1785,L'Amore E' Qui,album,2010-01-01
1786,Vengo In Pace,album,2019-03-22
1787,Immaginazione,album,2019-05-16
1788,Nesliving Vol. 4 - Il seme cattivo,album,2023-03-10
1789,Spirito Libero,compilation,2008-11-21
1790,DeBÍ TiRAR MáS FOToS,album,2025-01-05
1791,Home (Remastered Version),album,2004
1792,ann[ego],single,2022-12-02
1793,Nella fossa,single,2014-04-03
1794,Trafficante,single,2022-09-22
1795,KETY,album,2019-10-18
1796,Nesliving Vol. 1,album,2009-05-20
1797,Kill Karma (La Mente E' Un' Arma...),album,2017-02-10
1798,Portami al mare,single,2024-07-12
1799,Viva La Vita,single,2018-06-08
1800,"NOI, LORO, GLI ALTRI",album,2021-11-19
1801,BATTITO,single,2025-02-12
1802,SANTANA MONEY GANG,album,2025-04-10
1803,Nesli Park,single,2007-01-01
1804,SIRIO,album,2022-04-07
1805,Turbe Giovanili,album,2002
1806,Oceani e tsunami,single,2025-01-17
1807,Non é una bugia,single,2024-05-03
1808,Guarda come flexo,single,2017-09-20
1809,Arte,album,2019-09-11
1810,Piano Piano Way,single,2017-12-15
1811,Facendo Faccende,album,2023-05-25
1812,Me lo sento,single,2017-08-04
1813,HARDER (feat. Low-Red),single,2025-01-31
1814,BlaBlaBla,single,2022-02-18
1815,SKUSKU (feat. Pyrex),single,2021-07-01
1816,Come se fosse normale,single,2017-04-07
1817,Caldo,album,2020-07-02
1818,BINGO,single,2019-02-15
1819,Demone,single,2021-04-01
1820,PULL UP,single,2021-11-11
1821,GUARDA COME FL3XO,single,2024-05-17
1822,Il Passo (feat. Samurai Jay),single,2020-04-23
1823,Arcobaleno,single,2019-05-03
1824,Esse Type Beat,single,2025-03-21
1825,Pochi Pochi,single,2023-01-26
1826,PLAYER DEL SECOLO (feat. Guè),single,2025-04-04
1827,MI FAI IMPAZZIRE,single,2021-06-17
1828,CUORI SPEZZATI,single,2024-07-05
1829,Bandito,single,2022-12-09
1830,#SI (feat. Tony Effe),single,2022-03-25
1831,Leave The Light On,album,2004-09-06
1832,Vp Drive 1,album,2024-05-31
1833,CONNESSIONI,single,2024-10-04
1834,Lento RMX (with Lola Indigo),single,2020-06-30
1835,Idas e Vindas,single,2021-08-13
1836,Mambo Salentino,single,2019-06-07
1837,Storytelling Therapy,single,2021-09-29
1838,Clapback Freestyle,single,2021-11-19
1839,NIGHTCRAWLERS,album,2022-10-27
1840,Focus (feat. Seth Gueko),single,2023-09-14
1841,Minha Missão,single,2021-01-28
1842,Yo Soy el Primero,single,2017-03-03
1843,Regardez moi,album,2017-11-24
1844,Lungolinea.,album,2018-06-29
1845,Banzai (Lato blu),album,2020-06-26
1846,Banzai (Lato arancio),album,2021-06-04
1847,2004,single,2016-10-21
1848,Banzai,album,2022-04-25
1849,Undamento 01,single,2016-06-28
1850,Storia Breve,single,2022-06-10
1851,LOCURA (Jam),album,2025-06-04
1852,Istantanea,single,2020-04-07
1853,House Party,album,2022-11-03
1854,Chic Nisello,album,2017-01-25
1855,Telechronic,album,2023-05-26
1856,X2VR,album,2023-11-17
1857,Display,single,2021-12-12
1858,Butterfly Effect,album,2018-01-26
1859,Butterfly Effect 2.0,album,2018-09-21
1860,Petrichor,album,2021-02-12
1861,Carillon,single,2015-12-18
1862,Pianeta di Miller,album,2024-03-01
1863,Supereroe,single,2016-06-27
1864,Tutto quello che ho,single,2016-04-29
1865,Ti amo ma,single,2016-05-07
1866,Take the Rainbow Train,album,2023-06-30
1867,DUE ALTALENE,single,2024-02-07
1868,La somma (feat. Martina Attili),single,2019-05-17
1869,Grazie a me,single,2016-05-07
1870,LA FINE DEL MONDO,single,2023-05-12
1871,UN MILIONE DI NOTTI,single,2023-10-20
1872,FRAGILE,album,2022-03-18
1873,ODIO A LA LUNA,single,2025-03-07
1874,Songs The Beatles Wrote,compilation,2009-07-01
1875,The Way You Do (feat. Valentina Tioli),single,2016-05-07
1876,SANTANA MONEY GANG,album,2025-04-10
1877,SINCERO (feat. Alfa),single,2022-05-20
1878,FLOW,album,2023-01-27
1879,First Rain,album,2025-04-08
1880,Blaze Of Glory,album,1990-01-01
1881,Acid Rap,album,2013-04-30
1882,Mr. Typo Track #1,album,2025-03-03
1883,EP1,single,2015-12-15
1884,Nightmares That Surface from a Shallow Sleep,album,2006-01-01
1885,The Message,album,2012-02-24
1886,Madchild Banned in America EP,single,2011-02-15
1887,Scatola Nera,album,2019-09-19
1888,Davide,album,2018-04-20
1889,Nonostante Tutto,album,2016-01-22
1890,Senza Di Me,single,2018-12-21
1891,Dire Straits,album,1978-10-07
1892,Ragazzi madre (1 Year Anniversary),album,2017-12-15
1893,Kepler,album,2014-05-27
1894,QVC8 – Singles,single,2018-12-28
1895,Gigante Gemitaiz,single,2024-09-21
1896,QVC 10 - Quello Che Vi Consiglio Vol. 10,album,2023-12-14
1897,QVC9 - QUELLO CHE VI CONSIGLIO VOL. 9,album,2020-11-06
1898,fuorilegge,single,2025-02-12
1899,Eclissi,album,2022-05-12
1900,"Detto, Fatto.",album,2012-11-30
1901,Vero,album,2015-06-23
1902,MM Vol. 2,album,2016-11-11
1903,QVC Collection,album,2018-03-30
1904,Il mio lato peggiore,album,2025-05-16
1905,MĀYĀ,album,2024-07-05
1906,Mercury - Acts 1 & 2,album,2022-07-01
1907,Enemy,album,2018-04-13
1908,Guerra E Pace,album,2013-01-01
1909,È FINITA LA PACE,album,2024-12-13
1910,SANTANA MONEY GANG,album,2025-04-10
1911,Nocturnal,album,2012-12-11
1912,L'Unico Compromesso,album,2013-05-28
1913,CVLT - HELLRAISERS,album,2024-05-17
1914,"Nonostante Tutto (Inediti, Rarità, Live E Remix)",album,2016-11-04
1915,Persona,album,2019-10-31
1916,Malammore,album,2016-07-15
1917,Autodistruzione,album,2016-07-04
1918,Veleno 9,single,2021-12-17
1919,Hustle Mixtape,album,2022-06-03
1920,The Globe,album,2022-11-03
1921,Ghetto Guetta,single,2013-01-01
1922,Regionali,single,2021-10-22
1923,BLUE TAPE,album,2024-04-05
1924,"Machete Mixtape, Vol. 3",compilation,2014-09-23
1925,Fenomeno,album,2017-04-07
1926,LA PROSSIMA VOLTA (64 Bars),single,2021-05-05
1927,Bottiglie Vuote (feat. Max Pezzali),single,2025-04-11
1928,TRENCHES BABY,album,2023-03-10
1929,Planet Pit (Deluxe Version),album,2011-06-17
1930,LOCURA,album,2024-11-26
1931,DISSING GEMITAIZ,single,2024-11-08
1932,TUTTA VITA,album,2024-10-25
1933,Pose,single,2024-09-27
1934,"Il mio sfogo, Pt. 2 (Re-Edit) Episodio II",single,2018-07-01
1935,Tradimento 10 Anni - Reloaded,album,2016-06-10
1936,Requiem,album,2015-01-12
1937,Cosa resterà degli anni 80,album,1989-02-07
1938,Affare Romano Zero,album,2014-02-14
1939,Disconnect,single,2016-02-26
1940,"Watch Me (Whip, Nae Nae, Yeet) - Single",single,2015-03-06
1941,Universal Soldier,album,2002-01-01
1942,PETER PARKER FREESTYLE,single,2025-03-19
1943,Demon Days,album,2005-05-23
1944,Re Mida,album,2019-03-01
1945,Before I Forget,album,2012-10-26
1946,Machete Mixtape Gold Edition,compilation,2015-10-30
1947,Black Panther The Album Music From And Inspired By,album,2018-02-09
1948,Summer Workout 2024,compilation,2024-08-01
1949,Kepler (Gold Edition),album,2014-11-25
1950,Temporale,album,2017-12-22
1951,LA BELLAVITA,album,2025-03-28
1952,64 BARRE IN FACCIA (Red Bull 64 Bars),single,2024-09-05
1953,FERITE,album,2024-05-03
1954,MM Vol. 4,album,2021-11-12
1955,Pour l'amour,album,2018-06-22
1956,Bianco/Gospel,single,2020-07-30
1957,DE PUTA MADRE 2,single,2024-10-04
1958,RANCH,album,2025-05-09
1959,Profumo,single,2019-04-23
1960,I've Tried Everything But Therapy (Part 1),album,2023-09-15
1961,In auto alle 6:00 (feat. Lazza),single,2025-05-02
1962,Coldharbour Selections Part 29,compilation,2012-09-03
1963,COME SE NULLA FOSSE (feat. Pablo CT1),single,2022-03-16
1964,Hybrid Theory (Bonus Edition),album,2000-10-24
1965,UTOPIA,album,2023-07-28
1966,Anxiety,single,2025-03-05
1967,Come Dancing with the Kinks (The Best of the Kinks 1977-1986),compilation,1986-06-01
1968,Want You,single,2016-07-22
1969,Playlist,album,2018-11-09
1970,Lotus,album,2025-06-06
1971,Luga Pandemic,single,2023-01-01
1972,The Ascent,album,2013-03-29
1973,BlackJack,album,2010-02-21
1974,FDTCK - Red Bull Posse,single,2024-07-26
1975,Nuovo Nuovo,album,2007-02-16
1976,BV2,album,2015-03-06
1977,FACILE,album,2022-02-14
1978,ELO,album,2020-05-21
1979,Kanaglia,album,2018-07-06
1980,ELO OVERTIME,album,2021-03-19
1981,Drip,single,2019-05-31
1982,GOBLIN,album,2024-11-08
1983,Dio perdona io no,album,2019-10-25
1984,Nove Chiamate,album,2023-01-13
1985,DE PUTA MADRE 3,single,2024-10-11
1986,JANNIK SIPPER,single,2024-12-19
1987,Candy (feat. Snappy Jit),single,2016-06-24
1988,FERITE,album,2024-05-03
1989,Ambara$,album,2016-04-08
1990,Battiti,single,2022-06-09
1991,Prova del 9 (feat. Tony Boy),single,2023-12-08
1992,Mr. Komparema,single,2023-11-10
1993,DIO LO SA,album,2024-06-07
1994,Spotify Singles,single,2019-04-17
1995,BLA o CAP (feat. Low-Red),single,2025-06-06
1996,T'as vu,album,2007-05-28
1997,Giorni Nel Blocco,single,2022-09-08
1998,Tarantelle,album,2019-05-03
1999,Stále Sme To My,album,2020-12-14
2000,SANTANA MONEY GANG,album,2025-04-10
2001,Junkie Spiderman,single,2024-03-14
2002,Sfera Ebbasta,album,2016-09-09
2003,MM Vol. 2,album,2016-11-11
2004,Last Bonus Track,single,2022-02-25
2005,Toto D'favela,single,2024-01-03
2006,Che io ci aiuti,album,2020-07-24
2007,Tropico Del Capricorno,album,2025-01-10
2008,Tutti i Nomi del Diavolo,album,2024-11-01
2009,Down On The Beat,single,2023-08-24
2010,Santeria,album,2016-06-24
2011,EMO BOY,single,2023-08-25
2012,Trap de calle,compilation,2025-06-06
2013,The View,single,2017-07-21
2014,BV3,album,2020-10-02
2015,BV2,album,2015-03-06
2016,SERENATA,single,2025-05-30
2017,Duet (Deluxe Edition),compilation,2014-10-14
2018,North of Loreto,album,2019-05-24
2019,Machete Mixtape Gold Edition,compilation,2015-10-30
2020,This Is Elodie,album,2020-05-12
2021,FORBIDDEN MEMORIES,album,2025-01-03
2022,Dedalo (remake),album,2019-12-02
2023,LONEWOLF,album,2024-05-30
2024,17,album,2020-09-18
2025,Stonehenge,single,2023-05-12
2026,Hybrid Theory (Bonus Edition),album,2000-10-24
2027,Il tempo cura,single,2024-08-23
2028,Going Hard 3,album,2024-12-06
2029,Umile (Deluxe),album,2023-10-20
2030,Umile,album,2023-07-07
2031,I Nomi del Diavolo,album,2024-03-01
2032,Going Hard 2,album,2021-09-02
2033,NOSTALGIA (export),album,2024-02-23
2034,Wet (feat. Glocky),single,2025-01-24
2035,SEMPRE PIÙ UP,single,2025-04-04
2036,Routine,single,2019-12-06
2037,Mademoiselle,single,2025-02-14
2038,Everybody Loves Ice Prince,album,2011-10-09
2039,Non C'è Futuro,single,2019-06-07
2040,Emozioni,single,2022-04-15
2041,Going Hard,album,2020-10-16
2042,The Leaks,album,2015-05-26
2043,SANTANA MONEY GANG,album,2025-04-10
2044,Suite,single,2019-03-22
2045,Too Clean,album,2025-06-13
2046,Quarto di Bue,album,2023-05-11
2047,Bieber Fever,album,2024-05-30
2048,Fratello,single,2019-10-25
2049,1999,single,2020-02-21
2050,EP 5/6 (feat. Tony Boy),single,2024-04-05
2051,Tony Parenti and His Downtown Boys and His New Orleans Quartet,album,1999
2052,NELLA TRAPPOLA (Red Bull 64 Bars),single,2025-06-06
2053,MANDEM,single,2021-10-15
2054,Senza Invito,single,2022-05-13
2055,LAX,album,2008-01-01
2056,Rock’n’roll,single,2023-10-31
2057,The World Is Yours 2,album,2022-05-25
2058,Shawty Rxk Too 2,album,2021-12-11
2059,Vincere Adesso,single,2022-06-17
2060,UGK (Underground Kingz),album,2007-08-07
2061,Plata o Plomo,single,2017-11-17
2062,Champagne,single,2020-01-15
2063,Still Taking Risks,album,2021-05-07
2064,Containers,album,2024-10-10
2065,Glocky vs Kiddo,album,2024-11-06
2066,Dangerously In Love,album,2003-03-10
2067,Futuro,single,2018-12-21
2068,Gin & Cassettes,album,2021-09-17
2069,Lontano,single,2018-09-21
2070,Detroit 2 (Deluxe),album,2022-09-19
2071,Tasche Piene,single,2022-02-25
2072,YANG,album,2020-10-16
2073,Milano Angels,album,2024-09-06
2074,Crazy Boy 222,single,2023-02-22
2075,I.L.T.G. (I Love This Game),single,2015-04-27
2076,Mixtape Messiah 3,album,2007-07-18
2077,Rolling 200 Deep,single,2023-11-03
2078,Due Cose,single,2023-11-09
2079,a me mi piace (feat. Manu Chao),single,2025-05-09
2080,Baby Face Killa,album,2012-09-25
2081,We Are Young Money,album,2009-01-01
2082,Bigger Bag,single,2022-10-21
2083,Crescent City Jewels,album,2024-08-30
2084,Street Casted,single,2023-05-19
2085,Street Boy,single,2022-08-05
2086,Skinny,single,2023-04-05
2087,Senza respiro,album,2007-03-02
2088,Predators,single,2020-05-22
2089,CARAS VEMOS (Remix),single,2020-06-26
2090,"stories, dreams, inspirations: for my boy",album,2024-04-12
2091,Comuni Mortali,album,2025-04-18
2092,LA BELLAVITA,album,2025-03-28
2093,Amore vero,album,2006
2094,Si fa presto a dire... Brusco,album,2003-09-01
2095,Mi accendo (feat. Gemitaiz) - prod. Frenetik&Orang3,single,2021-02-12
2096,Playlist,album,2018-11-09
2097,Fino All'Alba,album,2011-06-14
2098,Quattroemezzo,album,2009-06-04
2099,All In (Compilation),compilation,2017-04-14
2100,Mappamondo,album,2021-06-11
2101,Tutto apposto,album,2013-05-28
2102,Kilimanjaro (ft. Ensi),single,2022-03-04
2103,"Nun te resisto - Brusco, Tormento, 1Drop",single,2022-07-29
2104,Monster,album,2013-04-09
2105,Enemy,album,2018-04-13
2106,Localz Only,album,2015-06-01
2107,La calda notte,album,2005-08-06
2108,Verano Zombie,album,2007-01-01
2109,Non Dormire,album,2005-01-01
2110,Guilty,album,2010-01-01
2111,B.B.C. Project,single,2011-03-28
2112,Monster Reloaded,album,2014-10-28
2113,VIRUS,album,2022-01-14
2114,La Divina Commedia,album,2023-06-02
2115,"Strafatti: The Mixtape, Vol. 4",album,2022-06-24
2116,BLOCCO 181 – ORIGINAL SOUNDTRACK,album,2022-05-27
2117,Volare,album,2022-05-18
2118,Ministero dell'Inferno,compilation,2008-03-13
2119,Guardami adesso (Prod. Sine),single,2021-05-28
2120,GRAN TORINO (Red Bull 64 Bars),single,2024-02-02
2121,Desde Rusia Con Amor,album,2012-01-01
2122,1 Life 2 Live,album,2015-10-15
2123,CVLT,album,2023-11-03
2124,Zero Kills,album,2014-11-11
2125,INNOCENTE (Deluxe Edition),album,2023-10-13
2126,Quello Che La Gente Non Vuole,album,2009-05-05
2127,Pura Vita,album,2008-08-12
2128,Musica per ciechi muti e sordi,album,2010
2129,Mixtape Messiah 5,album,2008-11-23
2130,Die Hard,album,2013-07-19
2131,I Piu' Corrotti,album,2010-06-21
2132,"Machete Mixtape, Vol. 3",compilation,2014-09-23
2133,Lotta medievale,album,2013-07-16
2134,Ho Fatto Tardi,album,2020-07-03
2135,Jack uccide,album,2016-03-18
2136,Sedicinoni,album,2024-04-19
2137,MACHETE MIXTAPE 4,album,2019-07-05
2138,V.Ita,album,2009-10-10
2139,Inferno 9,album,2016-06-10
2140,Thank Bax it's Friday,single,2017-10-06
2141,"Machete Mixtape, Vol. 3",compilation,2014-09-23
2142,Cose dell'Altro Mondo,album,2012-10-02
2143,26.2,single,2022-01-16
2144,MI Fist (2004 Remaster),album,2003-01-03
2145,"When the Smoke Clears: Sixty 6, Sixty 1",album,2000-06-13
2146,"Street Collection, Vol. 2 (2008 Remastered)",compilation,2019-10-25
2147,Su le mani x l'hip hop italiano,compilation,2011-01-01
2148,Politicali Correct,album,2021-06-01
2149,Human Animal,album,2006-09-26
2150,EP 6/6 (feat. Jack The Smoker),single,2024-10-18
2151,F.D.P.,album,2012-10-17
2152,Solitario,album,2018-06-26
2153,fuorilegge,single,2025-02-12
2154,Empatia,album,2012-05-14
2155,Hip Hop Motel,compilation,2006
2156,Monday To Friday Hip Hop,compilation,2017-02-07
2157,R-Esistenza,album,2019-11-22
2158,Tale e Quale,album,2012-12-20
2159,Total Devastation,album,1993-12-07
2160,"Tristemente Noto, Vol. 2",album,2011-12-01
2161,I.N.R.I.,album,2011-09-11
2162,"The Newkingztape, Vol. 1",album,2017-11-17
2163,Faccio un casino,album,2017-05-05
2164,Niente che non va,album,2015-09-04
2165,Lovebars,album,2023-09-08
2166,Status,album,2015-02-10
2167,È sempre bello,album,2019-03-29
2168,Non erano fiori,album,2013-06-11
2169,QVC Collection,album,2018-03-30
2170,Piangere a 90,single,2025-05-08
2171,Volare,album,2022-05-18
2172,From the Rooftop,album,2016-12-02
2173,Mal di te,single,2025-01-17
2174,piccoli problemi,album,2023-12-15
2175,LA BELLAVITA,album,2025-03-28
2176,Containers,album,2024-10-10
2177,Ti manca l’aria,single,2025-04-04
2178,Fino Al Collo,album,2012-03-27
2179,Undamento 01,single,2016-06-28
2180,Bottiglie Vuote (feat. Max Pezzali),single,2025-04-11
2181,1998,album,2025-06-13
2182,LOYALTY,album,2021-12-10
2183,Senza mani,single,2012-09-24
2184,SANTANA MONEY GANG,album,2025-04-10
2185,Spotify Singles,single,2020-01-09
2186,Guerra fra poveri,album,2006-11-17
2187,From The Rooftop 2,album,2022-10-14
2188,Torcida,single,2024-05-10
2189,SEXY RAVE (feat. Baby Gang),single,2025-04-11
2190,a me mi piace (feat. Manu Chao),single,2025-05-09
2191,Hurry Up Tomorrow,album,2025-01-31
2192,Il mio lato peggiore,album,2025-05-16
2193,TU CON CHI FAI L'AMORE,single,2025-02-12
2194,Sorry Mamy,single,2019-10-21
2195,Dentro e fuori,album,2015-06-02
2196,Malammore,album,2016-07-15
2197,Gata Only,single,2024-02-02
2198,Faccio un casino (TJ Unicorno Remix),single,2017-12-27
2199,M' Manc (con Geolier & Sfera Ebbasta),single,2020-06-11
2200,Non Ci Sto,single,2019-08-29
2201,"KRIMINAL (feat. Guè, Gemitaiz & Samurai Jay)",single,2020-04-09
2202,"La Mia Parola (feat. Guè, Joshua, Tormento)",single,2025-02-12
2203,"Hope (feat. Izi, Joshua)",single,2024-10-03
2204,Cuore,single,2022-06-23
2205,"Spirito Libero (feat. Guè, Joshua, Tormento)",single,2025-05-07
2206,Thori & Rocce,album,2011-01-01
2207,Immobile,single,2010
2208,Swan Songs (Collector’s Edition),album,2011-01-01
2209,Pimper's Paradise (feat. Tommy Dali),single,2020-04-14
2210,TAXI DRIVER,album,2021-11-30
2211,The Second Feeling,album,2008
2212,Mate y Espíritu,album,2016-01-22
2213,Apogeo,compilation,2016-01-12
2214,Llena Mi Vida,single,2019-01-18
2215,RAP ITALIANO 2010-2020 HITS Vol.1,compilation,2022-10-11
2216,Golpes de Realidad,album,2021-09-17
2217,MM Vol. 2,album,2016-11-11
2218,Back Home,album,2018-02-02
2219,Doppelganger,album,2015-09-11
2220,MM Vol. 4,album,2021-11-12
2221,MM Vol. 3,album,2019-02-01
2222,Into the Blues,album,2007-04-13
2223,Saviour Machine,album,2004-01-01
2224,Soldi in Nero (feat. Sfera Ebbasta),single,2019-11-28
2225,Kepler,album,2014-05-27
2226,Hangman,single,2018-02-28
2227,Into the Enchanted Chamber,album,2005-01-01
2228,For Honor,single,2017-02-28
2229,Greatest Hits,compilation,1998-01-01
2230,LONEWOLF,album,2024-05-30
2231,SCUSATE IL RITARDO,album,2024-09-11
2232,Good Vibes,album,2019-10-18
2233,It's A Beautiful Thing,album,1999-01-07
2234,The Madman's Return,album,1992-01-01
2235,Malammore,album,2016-07-15
2236,Depresso fortunato,single,2025-05-23
2237,POLAROID,single,2023-01-13
2238,"Rap Game, Vol. 2 (The Takeover) [Frank White Presents the Streets Headbangerz]",compilation,2014
2239,Genesis,album,2017-08-02
2240,Scatola Nera,album,2019-09-19
2241,EAULDIE,single,2023-05-20
2242,Babywoman,album,1995-03-21
2243,Tales of a Madman,album,2019-08-23
2244,Happy (Instrumental Version),album,2022-06-17
2245,PENKILLER,album,2025-05-23
2246,Scusate per il sangue,album,2014-09-04
2247,RANCH,album,2025-05-09
2248,Lovesick,album,2022-12-02
2249,Kamikaze,album,2018-08-31
2250,Madman,single,2022-10-21
2251,Ironman,album,1996
2252,Centrum,album,2013-06-05
2253,10,album,2023-06-29
2254,"Tales from the Dale, Ch. 1",album,2019-02-11
2255,"The Legalizers: Legalize or Die, Vol. 1",album,2016-04-15
2256,Paninaro 2.0,album,2018-09-21
2257,"Madman With 2 Chopps, Pt. 2",album,2015-10-04
2258,Madreperla,album,2023-01-13
2259,LAVA FREESTYLE,single,2022-06-09
2260,Plus de temps à perdre,album,2025-05-16
2261,The Top Gun: Lex Lakaiser,album,2022-11-11
2262,"The Unforgiven, Vol. 1",album,1999
2263,Habemus Capa,album,2006-01-01
2264,I Nomi del Diavolo,album,2024-03-01
2265,Bob Dylan's Greenwich Village,compilation,2011-06-06
2266,TUTTA VITA,album,2024-10-25
2267,INSANO,album,2024-01-12
2268,Equality (Instrumental Mix),single,2014-11-24
2269,Nonostante Tutto (feat. Elisa),single,2025-04-10
2270,Madman 2,album,2025-05-25
2271,Northside Melodies,album,2024-05-31
2272,Doubelievengod,album,1995
2273,Scenario (Remixes),album,1991-09-22
2274,La Volta Giusta – Red Bull Posse,single,2025-04-18
2275,Top,album,2013
2276,SANTANA MONEY GANG,album,2025-04-10
2277,a me mi piace (feat. Manu Chao),single,2025-05-09
2278,Possibili Scenari,album,2017-11-24
2279,Il Coraggio Impossibile,album,2013-03-05
2280,Dragonborn,album,2018-11-16
2281,MI PIACE,album,2024-09-27
2282,Bataklık,album,2020-04-14
2283,Footprints,single,2021-07-09
2284,Containers,album,2024-10-10
2285,Luga Pandemic,single,2023-01-01
2286,The Black Lodge,album,2015-06-30
2287,"Machete Mixtape, Vol. 3",compilation,2014-09-23
2288,VERA BADDIE,album,2024-06-27
2289,Upalite za mnom sveće MAC 2023,single,2023-02-01
2290,La Bella e la Bestia (Unplugged Version),single,2015-07-08
2291,Ragazzi madre,album,2016-11-11
2292,Ragazzi madre (1 Year Anniversary),album,2017-12-15
2293,1969 - Achille Idol Rebirth,album,2020-09-25
2294,Pour l'amour,album,2018-06-22
2295,Dio c'è (Deluxe Version),album,2015-05-26
2296,Achille Idol Immortale,album,2014-12-17
2297,Incoscienti Giovani,single,2025-02-12
2298,Comuni Mortali,album,2025-04-18
2299,1990,album,2020-07-24
2300,1920 - Achille Lauro & The Untouchable Band,album,2020-12-04
2301,Amore Disperato,single,2024-09-20
2302,1990 (Deluxe Version),album,2020-07-24
2303,LAURO (Deluxe Version),album,2021-04-16
2304,Young Crazy,single,2015-04-28
2305,LAURO,album,2021-04-16
2306,Canzoni per la decrescita felice,album,2025-03-14
2307,Fragole,single,2023-05-12
2308,Banda Kawasaki,single,2024-06-28
2309,SOLO NOI,single,2021-02-19
2310,LA BELLAVITA,album,2025-03-28
2311,STRIPPER,single,2022-03-04
2312,I Nomi del Diavolo,album,2024-03-01
2313,DOMENICA,single,2022-02-02
2314,Genesi,compilation,2013-01-01
2315,Ultimo Piano,single,2024-06-07
2316,Nuovi Incubi,album,2021-09-21
2317,SANTANA MONEY GANG,album,2025-04-10
2318,Top,album,2013
2319,LAURO - Achille Idol Superstar,album,2022-02-11
2320,Tarantelle,album,2019-05-03
2321,Stupidi Ragazzi,single,2023-11-03
2322,FERITE,album,2024-05-03
2323,Ice Climbers,album,2020-09-30
2324,Che Sarà,single,2022-11-25
2325,LOCKED IN,album,2024-09-26
2326,FEBBRE DELL'ORO (feat. Ele A),single,2025-03-19
2327,Bianco Natale,single,2014-01-13
2328,Ascensore per l'inferno (feat. Coez) [Radio Edit],single,2017-01-27
2329,"Banda Kawasaki Rmx (feat. Zatla, Ryuk zc, Fandy, Commando, Yambo)",single,2024-06-26
2330,apnea da un po'.,single,2025-04-24
2331,Dasein Sollen,album,2016-10-13
2332,Io In Terra,album,2017-09-08
2333,Ossigeno - EP,single,2018-07-13
2334,decrescendo.,album,2025-05-22
2335,Dove Gli Occhi Non Arrivano,album,2019-03-22
2336,TAXI DRIVER,album,2021-11-30
2337,Rossetto (Intro),single,2017-03-16
2338,Liam Gallagher,single,2017-11-30
2339,Non Ho Mai Avuto La Mia Età,single,2018-10-04
2340,Il Tempo Vola 2002-2020,compilation,2019-10-24
2341,Aeroplanini di Carta,single,2016-07-14
2342,"Red Bull 64 Bars, The Album",compilation,2021-05-27
2343,il ritmo delle cose.,single,2025-02-12
2344,La tana del granchio,single,2025-02-12
2345,"odio, quindi sono.",single,2024-12-05
2346,thisisme then: the best of common,compilation,2007-11-27
2347,FAME,album,2025-01-31
2348,SENTIMENTI,album,2025-06-06
2349,Orange County California,album,2017-01-13
2350,TAXI DRIVER (MTV Unplugged),album,2021-09-23
2351,Botox,album,2022-10-04
2352,Come non detto (feat. Ghemon),single,2012-07-20
2353,Sole a catinelle - EP,single,2013-10-31
2354,Il mio lato peggiore,album,2025-05-16
2355,20 Exitos Originales,compilation,2007-03-13
2356,Lo Spirito Che Suona,album,2018-10-26
2357,Buona Pace,album,2010-05-25
2358,Heavy Metal,album,2004
2359,Nuovo Nuovo,album,2007-02-26
2360,Fuoco Sacro,album,2024-03-15
2361,Sotto assedio,album,1999-05-21
2362,Pallottole Sull’Amore (feat. Fabri Fibra),single,2024-03-01
2363,Rock' N' Roll,album,2002
2364,Meme K Ultra,album,2022-03-25
2365,Il tappeto dava un tono all'ambiente,album,2006-07-15
2366,DJ Fede Presenta Tutti Dentro... Di Nuovo,album,2013-05-28
2367,Fin da bambino,album,2012-07-03
2368,Fuoco Sacro (feat. Colle Der Fomento),single,2024-01-01
2369,B.B.C. Project,single,2011-03-28
2370,Naturale,album,2004-01-01
2371,BRAVA GENTE,album,2023-06-02
2372,Parkour (Lato A),album,2021-10-15
2373,Resta Vivo,single,2022-05-27
2374,Touché,single,2023-11-07
2375,Edgar Allan Flow,album,2024-06-02
2376,DJ Screw and Screwed Up Click Presents: Screwed For Life,album,1998-01-01
2377,La miglior vendetta,single,2018-11-23
2378,OUTSIDER,album,2023-10-10
2379,GIOVANE RONDO,album,2020-10-16
2380,Segunda Temporada,album,2021-06-04
2381,From Dark to Light,album,2020-11-01
2382,CRIMI,album,2022-05-17
2383,WE THE SQUAD Vol. 1 (SUMMER EDITION),album,2022-07-22
2384,Bipopular,album,2018-04-27
2385,Ain't No Half-Steppin',album,2018-05-12
2386,Italiano,single,2022-05-05
2387,ESCI DAL TUNNEL,album,2024-10-18
2388,PACIETĪBAS MĒRLENTE VOL. 2 : MEŠKO KAPRIČO,album,2018-11-11
2389,PrettyBoy - EP,single,2017-06-05
2390,Young Siddhartha,single,2017-05-18
2391,A Time 2 Kill,album,2012-04-06
2392,Persona,album,2019-10-31
2393,La légende de Johnny Niuuum,album,2012-03-16
2394,1998,album,2023-11-24
2395,NO FAKE LOVE,single,2025-03-15
2396,YANG,album,2020-10-16
2397,DELINQUENTE,album,2021-08-27
2398,Untouchable,album,2021-11-26
2399,May 24th,single,2019-01-03
2400,Casus Belli,album,2013-02-05
2401,Supercar Gattiger (Main Theme),single,2017-10-04
2402,ALBV,single,2023-03-24
2403,Cookie Monsta,single,2017-05-18
2404,YIN,single,2019-10-04
2405,?,album,2018-03-16
2406,SANTANA MONEY GANG,album,2025-04-10
2407,Rozzi,single,2019-09-11
2408,WE DON'T TRUST YOU,album,2024-03-22
2409,Genesis EP,single,2016-03-04
2410,American Gangster,album,2007-11-06
2411,Me & My Brother,album,2003-09-16
2412,The Next Rap God 2,single,2021-11-24
2413,Sete,single,2025-04-29
2414,From Here On Out,album,2020-12-18
2415,FEDE,album,2023-04-28
2416,60 Hz,album,2004-01-07
2417,Centerfold Sickness,album,2025-02-18
2418,Ma 6-t va crack-er (Bande originale du film),compilation,1997-01-01
2419,<3,single,2022-12-11
2420,"Nothing But... Fuego for the Terrace, Vol. 24",compilation,2024-09-27
2421,Eu Nem Gosto Tanto Assim de Trap,album,2020-06-25
2422,Giovani Wannabe,single,2022-05-27
2423,Money Maker Reloaded,album,2012-12-21
2424,93 'til Infinity,album,1993-02-13
2425,Desierto,album,2021-04-23
2426,Late Night,single,2021-12-12
2427,KINTSUGI,album,2024-05-10
2428,È (BANGER),single,2024-04-19
2429,Omnipotenz in D-Moll,album,2008-01-31
2430,X2VR,album,2023-11-17
2431,V per Ventidue,album,2025-05-09
2432,radio vega,album,2025-03-14
2433,Aeternum,album,2025-02-07
2434,La Differenza,album,2019-11-15
2435,Act 1,album,2020-07-07
2436,Mozart: Don Giovanni,album,1997-01-01
2437,Revolution,single,2025-02-04
2438,Puccini: Gianni Schicchi,album,2015-03-18
2439,S.U.N.S.H.I.N.E.,single,2015-07-16
2440,Musica per bambini,album,2018-06-01
2441,XENOVERSO,album,2022-04-14
2442,Silenzio,album,2013-05-07
2443,La morte di rinquore (14/2/08),single,2016-07-15
2444,Non esistono,single,2014-03-18
2445,Luce (Tramonti A Nord Est) (feat. La rappresentante di lista),single,2020-02-05
2446,Seguime / Remind 2006,album,2016-06-10
2447,Elettrico,album,2011-04-15
2448,Tengo il respiro,single,2015
2449,Acustico,album,2010-01-01
2450,Never Die,album,2023-12-15
2451,Razza Aliena,single,2020-05-24
2452,Il Cuore e la Fame (DIECI - Ten Year Anniversary),album,2023-10-27
2453,Dei nuovi animali,album,2011-10-24
2454,PEZZO DI FIGA,single,2020-06-10
2455,Niente di buono,single,2020-08-05
2456,La Divina Commedia,album,2023-06-02
2457,California Roll,single,2018-11-30
2458,Non Siamo Più Quelli Di Mi Fist,album,2014-01-01
2459,Il Cielo Della Vergine,album,1994-12-01
2460,Comuni Mortali,album,2025-04-18
2461,Dead poets,album,2016-12-20
2462,PENKILLER,album,2025-05-23
2463,Sinatra,album,2018-11-29
2464,Yolandi,single,2022-05-20
2465,Chocolate Starfish And The Hot Dog Flavored Water,album,2000-10-17
2466,Hera,single,2021-11-25
2467,DIO LO SA,album,2024-06-07
2468,Made In Italy,album,2004-01-01
2469,MY LANE,album,2024-03-01
2470,Just Joshin,single,2023-01-01
2471,Bollicine (Remastered),album,1983
2472,Hocus pocus,album,2010-01-17
2473,Crack Musica,album,2016-03-10
2474,The Dark Album,album,2016-10-31
2475,Twins,album,2017-06-23
2476,Trap Lovers,album,2019-03-01
2477,Sick Side,album,2018-01-05
2478,DARK BOYS CLUB,album,2020-09-04
2479,Succo Di Zenzero,album,2016-05-19
2480,Hyper Sanremo,single,2025-02-04
2481,La Mia Vita Rap,album,2018-12-25
2482,Trap Lovers (Reloaded),album,2019-05-24
2483,Black Mask,single,2017-12-11
2484,Fiumi,album,2017-12-30
2485,Supereroi,album,2017-02-17
2486,La trap come il PIL,single,2022-01-07
2487,Dio perdona io no,album,2019-10-25
2488,"Dobrá Duše, Srdce ze Zlata",album,2019-12-06
2489,TARANTINO (Personal 64 Bars),single,2025-02-07
2490,SurreAle,album,2021-08-27
2491,THE NOIR SIDE,album,2025-05-31
2492,Scienza Doppia H,album,1998
2493,Anima E Ghiaccio,album,2012-02-01
2494,Adversus,album,2018-11-16
2495,Odio Pieno,album,1997
2496,Incompatibile (Hip Hop selection),compilation,2002-01-01
2497,Dead poets,album,2016-12-20
2498,Bentornati nel paese dei mostri,album,2003
2499,"Solo lei ha quel che voglio 2021 (feat. Tiziano Ferro, Guè & Marracash)",single,2021-05-27
2500,Originali,album,2021-06-03
2501,Sotto effetto stono,album,1997-03-10
2502,La mia coccinella,single,1994-11-13
2503,Sotto lo stesso effetto,album,1999-01-21
2504,Playlist: Sottotono,compilation,2016-11-25
2505,...In teoria,album,2001-03-02
2506,fuorilegge,single,2025-02-12
2507,WE 2FLY,single,2024-08-02
2508,Eclissi,album,2022-05-12
2509,Pensando a te Rap Italiano Game Over,compilation,2022-02-11
2510,Balorda nostalgia,single,2025-02-12
2511,CUORICINI,single,2025-02-12
2512,Il mio lato peggiore,album,2025-05-16
2513,LOCURA (Jam),album,2025-06-04
2514,Ciao Ciao,single,2022-02-02
2515,Sindrome di Tôret,album,2017-10-06
2516,La Cura,album,2021-12-03
2517,Goleador (Gold Edition),album,2019-07-19
2518,"The Illest, Vol. 3",album,2023-01-27
2519,SFIGA,single,2022-06-17
2520,Diamanti e fango,album,2019-11-15
2521,Io Grido,album,2011-05-03
2522,Segnali di fumo,album,2017-05-03
2523,Elder's Advice,single,2024-11-13
2524,Perché Si,album,1999-12-20
2525,MUSICA ETERNA,album,2024-11-29
2526,ABC,single,2021-12-16
2527,Piccolo principe,album,2024-01-26
2528,PRIMA FILA,album,2022-10-14
2529,Jenny e la bambola,album,1974-07-27
2530,XDVR Reloaded,album,2015-11-23
2531,Don't Worry (Best of 2005-2020),compilation,2020-12-10
2532,Ajo,single,2023-07-25
2533,SANTANA MONEY GANG,album,2025-04-10
2534,Luna Lovers,album,2023-10-06
2535,Vicarium,album,2023-04-14
2536,FERITE,album,2024-05-03
2537,DAJE ANDRE!!!,single,2024-12-12
2538,VERA BADDIE,album,2024-06-27
2539,Anna Pepe,single,2022-05-27
2540,Northside Melodies,album,2024-05-31
2541,The Muppet Cypher,single,2023-02-12
2542,Lovesexy,album,1988-05-10
2543,HO LA HIT (feat. Massimo Pericolo),single,2022-04-07
2544,Birds In The Trap Sing McKnight,album,2016-09-16
2545,sneakz,single,2024-10-30
2546,Ho Visto Anche Degli Zingari Felici,album,2007-03-14
2547,BALAKLUB - what up,single,2021-11-18
2548,LISTA 47,album,2022-06-16
2549,Mafia Slime 2,album,2025-01-17
2550,Tip Tap,single,2024-11-29
2551,Trap Fatta Bene,album,2024-04-19
2552,Gesù Bambino,album,2022-10-07
2553,DEMON THALES,album,2024-02-29
2554,Terrorista,single,2020-08-03
2555,KG,album,2025-05-29
2556,Per non Morire Mai,single,2020-03-31
2557,BIGTEAM BIGDREAM,single,2025-05-04
2558,Capra Records Toaster and Dj's Vol. 1,compilation,2023-01-25
2559,Genkidama,album,2017-07-25
2560,Triste,album,2019-05-17
2561,Ubriaco (per davvero),single,2020-08-06
2562,Me ne batto r'belin,single,2020-07-09
2563,Paninaro 2.0,album,2018-09-21
2564,Ragazzi popolari,single,2020-07-23
2565,Nella Pancia Della Balena (con The Kolors),single,2020-05-29
2566,Canzoni Popolari,single,2021-02-12
2567,Zanzare (feat. Jacopo Et),single,2020-08-20
2568,Légende Ed. Diamond,album,2022-11-25
2569,SANTANA MONEY GANG,album,2025-04-10
2570,FERITE,album,2024-05-03
2571,SPIETATO,single,2023-05-26
2572,"COUNCIL ESTATE, VOL. 2",single,2023-07-07
2573,Il mio lato peggiore,album,2025-05-16
2574,Pezzi,album,2017-12-08
2575,LA CARA DEL MOVIMIENTO,album,2025-04-04
2576,Tutti Manifesti,album,2019-07-12
2577,Il giorno dopo (Gli Indimenticabili),album,1973
2578,FOMO,album,2025-06-13
2579,Scusate,album,2020-04-30
2580,Fruit Joint,album,2018-07-20
2581,Scusate se esistiamo,album,2020-05-29
2582,The Waiter,album,2017-05-19
2583,Teoria Del Contrario Mixtape Vol. 3,album,2025-01-31
2584,Fruit Joint + Gusto,album,2019-01-18
2585,GTA VI (feat. Mattak & Madman) – Prod. Kanesh,single,2025-01-17
2586,ANNO ZERO,single,2021-07-02
2587,Latte Freestyle,single,2017-07-14
2588,Teoria Del Contrario,album,2016-10-15
2589,Teoria Del Contrario Mixtape Vol. 2,album,2023-03-17
2590,Ultimo piano,album,2023-12-15
2591,MACHETE MIXTAPE 4,album,2019-07-05
2592,LUNA NERA,single,2021-09-24
2593,FACCE VERE (feat. nayt),single,2022-03-15
2594,FAIV,album,2022-06-03
2595,X2VR,album,2023-11-17
2596,Fantino Freestyle,single,2017-04-06
2597,Bluetooth Freestyle,single,2017-04-06
2598,SANDRO TONALI,single,2022-04-29
2599,Ultimo Piano B,album,2024-07-12
2600,00,single,2024-04-03
2601,Playlist,album,2018-11-09
2602,Hellvisback,album,2016-02-05
2603,Playlist Live,album,2019-12-06
2604,Hellvisback Platinum,album,2016-11-25
2605,Pippat,single,2022-05-31
2606,Midnite (Deluxe Version),album,2013-04-02
2607,The Island Chainsaw Massacre,album,2011-02-01
2608,FLOP,album,2021-10-01
2609,MACHETE MIXTAPE 4,album,2019-07-05
2610,CVLT,album,2023-11-03
2611,Estate dimmerda,single,2017-07-21
2612,"Machete Mixtape, Vol. 3",compilation,2014-09-23
2613,Machete Mixtape Gold Edition,compilation,2015-10-30
2614,23 6451,album,2019-11-15
2615,RANCH,album,2025-05-09
2616,Fenomeno,album,2017-04-07
2617,Death USB,album,2012-06-30
2618,CVLT - HELLRAISERS,album,2024-05-17
2619,BLOCCO 181 – ORIGINAL SOUNDTRACK,album,2022-05-27
2620,S.A.L.M.O. Documentary,album,2014-06-17
2621,64 BARRE DA CENSURA (Red Bull 64 Bars),single,2024-05-10
2622,Rap Italiano Game Over Spring 2024,compilation,2024-11-03
2623,Salmos 999,single,2024-01-01
2624,I've Tried Everything But Therapy (Part 2),album,2025-01-24
2625,In Un Solo Attimo,album,2018-02-01
2626,A TE E FAMIGLIA,single,2023-12-29
2627,Earth Hotel,album,2014-10-17
2628,Daniel 2.21,single,2023-07-24
2629,VAMONOS!!!,single,2023-11-30
2630,Salmo Unplugged,album,2023-05-29
2631,I Nomi del Diavolo,album,2024-03-01
2632,Converse Com Deus,album,2018-06-06
2633,Stay Real (Veramente Però),single,2022-12-23
2634,GarbAge Evilution,album,2021-02-12
2635,Mare Nero,album,2017-06-06
2636,Live Herald,album,2007-01-01
2637,Lehár: Die lustige Witwe,album,1994-01-01
2638,Background,album,2002-01-01
2639,FLUSSI D'INCOSCIENZA,album,2020-08-21
2640,X.O. Experience,album,2001-05-25
2641,BLO II,album,2020-11-27
2642,Parrandero,album,2013-09-18
2643,Snake Tongue,single,2024-07-25
2644,Free Blank Shots,album,2010-02-07
2645,i am the one here,single,2024-09-20
2646,The Island Chainsaw Massacre (The Ultimate Reloaded),album,2014
2647,PENSIERI SCOMODI (feat. Tony Boy),single,2025-05-23
2648,Janvier,single,2021-05-05
2649,La Evolucion Musical,album,2010-11-16
2650,Maria Antonietta / Torno Domani,single,2017-03-21
2651,Brava,album,2019-04-19
2652,Amica Pusher,single,2017-06-06
2653,Torno Domani - EP,single,2017-11-03
2654,Rendez-vous,single,2020-03-05
2655,Lama d'argento,single,2022-06-23
2656,Fata Morgana (RMX),single,2020-04-22
2657,Tutto bene,single,2023-06-01
2658,Spezza cuori,single,2025-01-03
2659,The Smash Records Story Vol 2,compilation,2000-01-01
2660,Maria Antonietta (Re-Edit),single,2018-03-21
2661,Acqua su marte,single,2019-03-29
2662,Dentro e fuori,album,2015-06-02
2663,Nella fossa,single,2014-04-03
2664,Fredda,single,2017-07-14
2665,Per quel che ne so,single,2019-11-22
2666,Il mio diario (Giorno),album,2006-01-01
2667,2 Gocce di vodka,single,2019-07-26
2668,Alibi,album,2007-06-29
2669,Il mio diario (Notte),album,2006-01-01
2670,Hip Hop Motel,compilation,2006
2671,Non è finita qui,single,2021-02-26
2672,Corri,single,2022-02-25
2673,Alibi+bonus track,album,2007-06-29
2674,LOCURA,album,2024-11-26
2675,Vieni qua,single,2025-04-18
2676,"Estate 2019 (Raccolta canzoni estive, canzoni da spiaggia, musica del momento giugno luglio agosto)",album,2019-06-07
2677,E' complicato,single,2021-01-26
2678,PRIMA DEL PRIMA,album,2025-02-07
2679,Rolling Papers (feat. Tormento),single,2025-04-04
2680,The Flowering of Love - Beautiful Arias and Sacred Songs of the Baroque,compilation,2000-01-01
2681,Torcida,single,2024-05-10
2682,Misantropo a senso unico,album,2000-10-13
2683,Qui è selvaggio,album,2011-01-01
2684,Psicotropa,single,2021-03-05
2685,Sotto effetto stono,album,1997-03-10
2686,C U ☉ R E,album,2024-11-27
2687,Tormentoni,compilation,2013-07-08
2688,Il mio lato peggiore,album,2025-05-16
2689,Disco X,album,2023-06-09
2690,B-Lady,album,2009-11-20
2691,Karmadillo (feat. Caneda & Tormento),single,2017-06-23
2692,Alieno,single,2024-12-06
2693,Predators,single,2020-05-22
2694,Suicidol,album,2015-05-26
2695,Danger,album,2013-07-16
2696,GarbAge,album,2020-03-06
2697,No Comment,album,2018-01-12
2698,Suicidol Post Mortem,album,2016-06-03
2699,GarbAge Evilution,album,2021-02-12
2700,BV3,album,2020-10-02
2701,Lucifero (prod. Yazee),single,2018-10-24
2702,OUTSIDER,album,2023-10-10
2703,MACHETE MIXTAPE 4,album,2019-07-05
2704,Rotten 2,single,2024-12-06
2705,Magic boulevard,album,2019-12-12
2706,Per un paio di dollari,single,2024-10-25
2707,Scappa,single,2025-04-11
2708,Machete Mixtape Gold Edition,compilation,2015-10-30
2709,2.7.0,album,2020-09-03
2710,LA BELLAVITA,album,2025-03-28
2711,Accepted Eclectic,album,2001-03-06
2712,LOVE,album,2018-09-21
2713,Milano Angels,album,2024-09-06
2714,Auto Blu,single,2020-03-26
2715,Mon Fre (feat. Emis Killa),single,2019-07-19
2716,Soldi in Nero (feat. Sfera Ebbasta),single,2019-11-28
2717,Bossoli,single,2019-09-05
2718,Routine EP,album,2020-01-31
2719,Angels & Demons,single,2024-12-19
2720,Syrup,single,2023-09-14
2721,Milano Demons,album,2022-11-25
2722,Solo,album,2018-03-26
2723,Dolce vita,album,2021-06-11
2724,Non sto più in zona,single,2019-10-03
2725,Motta Shiva Ketta Shiva (Original Motion Picture Soundtrack),album,2017-05-02
2726,Dark Love EP,album,2022-06-24
2727,MILANO TESTAROSSA (feat. Guè),single,2024-07-19
2728,Santana Season,album,2023-06-09
2729,Aston Martin (feat. Headie One),single,2021-12-17
2730,Take 1,single,2020-07-09
2731,SANTANA MONEY GANG,album,2025-04-10
2732,Radar,single,2019-01-18
2733,Schiena,album,2013-01-01
2734,Tempo anima,album,2017-01-27
2735,3/2 - EP,single,2020-03-06
2736,Take 3,single,2021-11-19
2737,My Vinyl Weighs a Ton,album,1999
2738,Jackson-SHIVA,single,2025-03-19
2739,"EVERYDAY (feat. Shiva, ANNA, Geolier)",single,2023-10-13
2740,Spirito,single,2017-05-04
2741,LUCIFERO,single,2024-09-13
2742,432 Blessing Time,album,2016-08-02
2743,ORION,album,2019-04-19
2744,Giuramenti,album,2022-05-06
2745,In Piazza,single,2020-06-17
2746,Luce in strada,single,2017-05-05
2747,Gangsta Grillz: Mvrda Gvng,album,2023-05-19
2748,Maha Shivaratri 2021: Sai Young Adults Open,album,2021-03-11
2749,Pull Up,single,2024-09-11
2750,Balances & Options,album,2000
2751,Soundboy,album,2011-09-20
2752,Eterno (En Vivo),album,2025-02-01
2753,Galassie,single,2024-05-17
2754,Rap de Shiva,single,2021-06-13
2755,Penna Capitale,album,2006-03-15
2756,Ogni maledetto giorno (Deluxe Edition),album,2017-09-01
2757,Mafia Slime 2,album,2025-01-17
2758,Tetsuo & Youth,album,2015-01-20
2759,Creature 3D,compilation,2014-08-16
2760,Fade Away,single,2014-08-30
2761,Northside Dep,album,2022-07-12
2762,Prima di partire,album,2003-05-23
2763,"Anno Fantastico (feat. Shiva, Tony Boy)",single,2025-03-21
2764,PALABREO DEL FUTURO,album,2024-08-23
2765,Suit Kale Me,album,2019-07-25
2766,Guai,single,2019-03-28
2767,Nessuno,album,1998-05-07
2768,Seven,single,2018-02-19
2769,Unpodi (Remix),single,2016-04-27
2770,Banditi,single,2018-03-14
2771,Mozart Nella Giungla,album,2016-02-17
2772,La dolce vita,album,2014-05-30
2773,Il Ragazzo D'Oro,album,2011-01-01
2774,Funambola,album,2007
2775,Nato nell'acqua,album,2012-02-17
2776,SIRIO,album,2022-04-07
2777,Zoe,single,2016-11-21
2778,Il cacciatore di draghi,single,2013-09-10
2779,OBE,album,2021-06-17
2780,70 x 70,compilation,2010-01-01
2781,Nevada,album,2020-02-28
2782,Diamanti,single,2017-06-07
2783,Napoli,single,2018-06-02
2784,SERENATA,single,2025-05-30
2785,Piccola tigre,single,2018-08-03
2786,Segnali di fumo,album,2017-05-03
2787,Miami,single,2017-12-15
2788,Titoli di coda:,single,2022-11-11
2789,ASPETTANDO LA BELLA VITA,album,2023-07-20
2790,Bottiglie Vuote (feat. Max Pezzali),single,2025-04-11
2791,Il piccolo principe,album,2012-09-01
2792,Vado al mare,single,2024-02-14
2793,Xmatteo,single,2025-03-28
2794,Quando la canzone finisce spara!,single,2018-11-05
2795,Porno,single,2019-03-27
2796,BLACK,single,2024-11-15
2797,CANADA,single,2025-04-15
2798,Metamorfosi,album,2021-03-05
2799,IO NON HO PAURA,album,2023-05-04
2800,Nostalgia istantanea,album,2012-06-12
2801,Sfera Ebbasta,album,2016-09-09
2802,Algebra,single,2018-12-30
2803,a me mi piace (feat. Manu Chao),single,2025-05-09
2804,Giovani per sempre,album,2019-02-08
2805,Freddo,single,2018-02-09
2806,ALICE,single,2023-11-24
2807,Patlamaya Devam,single,2020-10-02
2808,CRIMI,album,2022-05-17
2809,SANTANA MONEY GANG,album,2025-04-10
2810,"Crookers mixtape: Quello dopo, quello prima",album,2018-02-23
2811,MILLENNIUM BUG,album,2020-06-11
2812,Lethal Injection,album,1993-12-07
2813,Legend,album,2021-12-21
2814,TUTTA VITA,album,2024-10-25
2815,Cresciuto Tra i Lupi,single,2021-05-18
2816,Piegature,single,2019-06-27
2817,Love Sex American Express,single,2018-06-02
2818,TOCCA IL CIELO,album,2025-04-03
2819,Eden1,single,2018-09-21
2820,Belli E Dannati,single,2018-01-22
2821,Larepubblica,single,2020-11-10
2822,Rimsky-Korsakov: Scheherezade,album,1999-02-01
2823,Players Club '25,single,2025-04-15
2824,KG,album,2025-05-29
2825,Veleno 8,single,2019-09-27
2826,Da Qui in Poi Ci Sono I Draghi,single,2023-04-21
2827,Nelle teste degli altri,album,2023-03-30
2828,Maschio,single,2025-05-08
2829,Going Hard 2,album,2021-09-02
2830,Tutti i Nomi del Diavolo,album,2024-11-01
2831,La Canzone Di Arianna,single,2019-12-08
2832,Mercurio,album,2013-10-22
2833,Il mio lato peggiore,album,2025-05-16
2834,No Rmx,single,2021-06-19
2835,A LORENZZA,album,2024-11-13
2836,Volevo essere un duro,album,2025-03-20
2837,Poesie per gli zarri,single,2020-04-10
2838,Fou,single,2016-12-16
2839,Hsl,album,2004-06-10
2840,Rent förbannat,album,2012-10-01
2841,Mafia Slime 2,album,2025-01-17
2842,Pesadilla Antes De Navidad (Banda Sonora Original),compilation,1993-01-01
2843,Maradona,single,2013-05-03
2844,Playlist,album,2018-11-09
2845,DIO LO SA - ATTO II,album,2024-11-22
2846,LiL Ape with Friend's Mix Tape,album,2023-11-04
2847,Atlantide,single,2024-11-01
2848,The North Atlantic Jazz Connection,album,2012-07-20
2849,È FINITA LA PACE,album,2024-12-13
2850,1995,single,2024-06-21
2851,Estaba Escrito,album,2010-04-06
2852,Morandi,single,2025-01-31
2853,Nisida,single,2016-09-13
2854,No More Baby,single,2023-01-13
2855,Oceania (Colonna Sonora Originale),compilation,2016-12-16
2856,Sub Zero,single,2018-02-28
2857,Tropicana,single,2018-12-02
2858,12 Lunas,album,2025-06-01
2859,RAP ITALIANO 2010-2020 HITS Vol.1,compilation,2022-10-11
2860,TAXI DRIVER,album,2021-11-30
2861,Skonnessi Unplugged 1977-2006,compilation,2007-03-13
2862,Regardez moi,album,2017-11-24
2863,Mowgli,album,2018-03-02
2864,Moment Of Truth,album,1998-03-31
2865,L'albero delle noci,single,2025-02-12
2866,Gratta & Vinci,single,2016-07-13
2867,Jump,single,2024-03-29
2868,Altri Angeli,single,2024-04-19
2869,BIANCA (feat. Kid Yugi),single,2025-01-24
2870,Romanzo Twitter,single,2019-12-15
2871,Volo,single,2019-02-27
2872,METALLO E CARNE,album,2025-05-02
2873,"Anno Fantastico (feat. Shiva, Tony Boy)",single,2025-03-21
2874,SWAGTATO,single,2024-09-20
2875,El carnevaal de Schignan (De Best version),single,2024-10-16
2876,Ladro di Te,single,2023-09-15
2877,Nostalgia della luce,single,2017-10-09
2878,Poverty's Paradise (25th Anniversary - Remastered),album,1995
2879,AstroBoy,single,2023-07-28
2880,Zebneda,single,2023-10-27
2881,Classe 73,album,2003-01-01
2882,Panda,single,2024-01-19
2883,Sex & Aliens,album,2022-12-21
2884,ASTRO,album,2024-10-04
2885,DJ Fede presenta: Torino Roma andata e ritorno,album,2017-05-05
2886,Dream for sunset,album,2024-12-01
2887,Allenamento #2,single,2017-03-13
2888,Roby Esce A Maggio,single,2024-01-12
2889,'Más allá de la Luna' (música de la película de Netflix),compilation,2020-10-23
2890,Body (Remix) [feat. Capo Plaza & Rondodasosa],single,2021-05-04
2891,Madneda,single,2018-10-12
2892,Tekila,single,2019-04-27
2893,Dentro Alla Scatola (Mondo Marcio Vs Finley),single,2006-01-01
2894,Mondo Marcio (2022 Remastered),album,2004-05-01
2895,La Freschezza Del Marcio,album,2016-03-11
2896,Solo Un Uomo,album,2006-01-01
2897,Generazione X,album,2007-01-01
2898,UOMO!,album,2019-03-08
2899,Cose dell'altro Mondo Marcio (Special Edition),album,2013-06-25
2900,Fuori di qua! (Stories) [2022 Remastered],album,2004-11-01
2901,My Beautiful Bloody Break Up - Full Circle,album,2021-04-09
2902,Cose dell'Altro Mondo,album,2012-10-02
2903,Adderall Pack,single,2020-05-22
2904,Nella Bocca Della Tigre,album,2014-01-01
2905,TUTTA VITA,album,2024-10-25
2906,Animale in gabbia,album,2010-01-29
2907,In cosa credi,album,2008-07-11
2908,Magico (RMX),single,2023-10-31
2909,OH GOD,single,2019-11-22
2910,CREDO,album,2025-04-25
2911,What Do You Think About the Car?,album,2017-04-13
2912,Città del Fumo PT.2 (feat. Vale Pain),single,2024-10-18
2913,Che Aria Tira (Album),album,2013-03-26
2914,MI Fist (2004 Remaster),album,2003-01-03
2915,Magico,album,2022-10-07
2916,Kerosene (feat. Tokyo),single,2024-11-29
2917,Fuori di qua! (2022 Remastered),album,2004-11-01
2918,Vieni a prenderci,single,2013-11-12
2919,Parole,album,2004-01-01
2920,Going Hard 2,album,2021-09-02
2921,Milano Angels,album,2024-09-06
2922,Il mondo nuovo,album,2005
2923,"Detto, Fatto.",album,2012-11-30
2924,Gotham,single,2015-07-14
2925,VETRI NERI,single,2023-05-19
2926,"Latin Passion 1: Cumbias, Merengues y Paseitos",compilation,2014-10-28
2927,Marracash - 10 Anni Dopo (Inediti e Rarità),album,2018-06-22
2928,Musica da Serial Killer,album,2011-01-25
2929,È FINITA LA PACE,album,2024-12-13
2930,"Machete Mixtape, Vol. 3",compilation,2014-09-23
2931,NUOVO MEDIOEGO,album,2021-11-12
2932,"Street Collection, Vol. 2 (2008 Remastered)",compilation,2019-10-25
2933,Hip Hop Street Party Vol. 2,compilation,2009-01-01
2934,Orange County California,album,2017-01-13
2935,Bella Lucio,compilation,2015-09-25
2936,"Street Collection, Vol. 1 (2019 Remastered)",compilation,2019-09-27
2937,SANTANA MONEY GANG,album,2025-04-10
2938,My Time,single,2024-02-16
2939,DJ Fede Presenta Tutti Dentro... Di Nuovo,album,2013-05-28
2940,3OK,album,2024-08-16
2941,Chimera,single,2024-02-16
2942,Pronta Consegna,single,2024-07-12
2943,RANCH,album,2025-05-09
2944,Thank Bax it's Friday,single,2017-10-06
2945,Il nirvana,album,2014-09-23
2946,L'Ultimo Testimone,album,2004-01-01
2947,GIFTED,album,2023-11-10
2948,Verso Libertalia,album,2021-05-28
2949,Il mio lato peggiore,album,2025-05-16
2950,Cieli Paralleli,single,2022-05-20
2951,Leviatano,single,2025-01-10
2952,Going Hard 3,album,2024-12-06
2953,MURAGLIA,album,2021-02-07
2954,Uebe,album,2019-09-13
2955,Clownstrofobia,album,2016-01-15
2956,Hanglover,album,2017-09-15
2957,Lettera al Successo,album,2014-06-10
2958,BoyFred,album,2015-10-02
2959,PLC tape 1,single,2022-04-22
2960,SEXY RAVE (feat. Baby Gang),single,2025-04-11
2961,Unico,album,2021-07-02
2962,MMH (feat. Rose Villain),single,2024-10-18
2963,Cd Dos Meninos,album,2019-05-21
2964,BARRIO LAMBADA,single,2025-05-23
2965,IL CIELO NON CI VUOLE,single,2024-02-07
2966,Extasi,single,2022-06-17
2967,NOTTE CATTIVA,single,2024-06-07
2968,ROMANCE,single,2022-04-01
2969,PASSIONE,single,2024-07-19
2970,MELODIA CRIMINAL,single,2023-07-07
2971,F.D.P.,album,2012-10-17
2972,Adrenalina,single,2023-03-31
2973,Tik Tok trends 2024,compilation,2024-08-03
2974,Maliciosa (From the Netflix Rap Show “Nuova Scena”),single,2024-02-27
2975,DI CAPRIO (feat. Niky Savage),single,2024-09-13
2976,Sig. Brainwash - L'arte di accontentare,album,2013-03-05
2977,Il mio lato peggiore,album,2025-05-16
2978,SEXY SHOP,single,2024-05-31
2979,Che cazzo ridi (feat. Tedua & Trippie Redd),single,2019-01-04
2980,Paranoia Airlines,album,2019-01-25
2981,DISUMANO,album,2021-11-26
2982,The Globe,album,2022-11-03
2983,ALLUCINAZIONE COLLETTIVA,single,2024-09-21
2984,MILLE – feat. Orietta Berti,single,2021-06-11
2985,PROBLEMI CON TUTTI (GIUDA),single,2020-05-15
2986,BATTITO,single,2025-02-12
2987,BIMBI PER STRADA (CHILDREN),single,2020-06-11
2988,LA DOLCE VITA,single,2022-06-03
2989,Penisola che non c'è,album,2013-06-18
2990,MEGLIO DEL CINEMA,single,2021-09-24
2991,Pop-hoolista,album,2014-10-14
2992,Pop-Hoolista Cosodipinto Edition,album,2015-10-09
2993,Vivere Aiuta A Non Morire,album,2013-01-01
2994,BELLA STRONZA,single,2025-02-15
2995,DISCO PARADISE,single,2023-05-25
2996,Before I Forget,album,2012-10-26
2997,Diecimila lire,album,2016-03-15
2998,Il mio primo disco da venduto,album,2013-06-18
2999,VIOLA – with Salmo,single,2022-10-14
3000,SCELTE STUPIDE,single,2025-05-02
3001,Copia Copia Copia,single,2024-12-13
3002,ROSALÍA,single,2024-05-29
3003,CRISI DI STATO,single,2022-12-09
3004,Comunisti col Rolex,album,2017-01-20
3005,Il diavolo non esiste,single,2014-03-07
3006,CAZZOMINOMINI,single,2023-07-06
3007,"Watch Me (Whip, Nae Nae, Yeet) - Single",single,2015-03-06
3008,Justin (Deluxe Version),album,2016-04-15
3009,Sig. Brainwash - L'arte di accontentare Diamond Edition,album,2013-11-25
3010,Comunisti col Rolex (Multiplatinum Edition),album,2017-11-24
3011,Piangere a 90,single,2025-05-08
3012,Keta Music - Volume 2,album,2015-06-18
3013,Non cantiamo mika,album,2015-06-01
3014,Squallor,album,2015-04-07
3015,Carte Blanche,album,2019-07-25
3016,Cattive Compagnie,album,2019-12-24
3017,Lucio Dalla,album,1979
3018,IO NON HO PAURA,album,2023-05-04
3019,Sottosegretari alla presidenza della Repubblica del True Metal,single,2018-05-21
3020,Walkin' Bank Roll,album,2007-10-30
3021,Ho Fatto Tardi,album,2020-07-03
3022,Ordinary,single,2025-02-07
3023,The Real,album,2021-05-25
3024,Show Me Love,single,2025-02-07
3025,Vangelo II Luka,album,2021-01-14
3026,HO LA HIT (feat. Massimo Pericolo),single,2022-04-07
3027,Hot Fuss,album,2004
3028,"Sogna, Ragazzo, Sogna",single,2024-03-06
3029,SANTANA MONEY GANG,album,2025-04-10
3030,LA BELLAVITA,album,2025-03-28
3031,Caos,album,2022-03-18
3032,Punk,album,2018-11-30
3033,I Nomi del Diavolo,album,2024-03-01
3034,Esse Erre (SR),single,2021-06-10
3035,Sfera Ebbasta,album,2016-09-09
3036,SIRIO,album,2022-04-07
3037,Persona,album,2019-10-31
3038,"NOI, LORO, GLI ALTRI",album,2021-11-19
3039,Santeria,album,2016-06-24
3040,Status,album,2015-02-10
3041,È FINITA LA PACE,album,2024-12-13
3042,Santeria (Voodoo Edition),album,2016-12-02
3043,"Status (Inediti, Rarità & Live)",album,2016-01-22
3044,"Red Bull 64 Bars, The Album",compilation,2021-05-27
3045,King Del Rap,album,2011-01-01
3046,Marracash - 10 Anni Dopo (Inediti e Rarità),album,2018-06-22
3047,Roccia Music 2,album,2011-10-01
3048,Marracash,album,2008-01-01
3049,Fino A Qui Tutto Bene,album,2010-01-01
3050,"NOI, LORO, GLI ALTRI (Deluxe)",album,2022-12-09
3051,64 BARRE IN FACCIA (Red Bull 64 Bars),single,2024-09-05
3052,LA BANALITÀ DEL MALE (End credit song “Qui non è Hollywood”),single,2024-11-06
3053,SANTANA MONEY GANG,album,2025-04-10
3054,La Tipa Del Tipo,single,2013-01-01
3055,Hagakure,compilation,2008-08-18
3056,Monument,album,2018-12-07
3057,L'Angelo del Male,album,2024-04-26
3058,Fastlife 4,album,2021-04-08
3059,Achille Idol Immortale,album,2014-12-17
3060,"Machete Mixtape, Vol. 3",compilation,2014-09-23
3061,Che Ne Sanno I 2000 (feat. Danti),single,2016-07-01
