Title,Language,Duration,Streams_1month,Popularity,ArtistCodeFK,AlbumCodeFK,DateCodeFK,SymphonyCodeFK,TextCodeFK,FeatureCodeFK
​polka 2 :-/,pl,207761.0,186522.0,46.0,,84,1,2,1,1,2
POLKA,en,207761.0,194313.0,46.0,,84,1,3,2,2,3
​britney ;-),en,193544.0,63750.0,39.0,,84,1,4,3,3,5
CEO,it,169000.0,41473.0,47.0,,84,2,5,4,4,6
LONDRA,en,194779.0,30553.0,41.0,,84,3,6,5,5,7
BOHEME,it,200329.0,29687.0,29.0,,84,3,7,6,6,8
LOBBY WAY,it,171230.0,24103.0,23.0,,84,3,8,7,7,9
SLATT,en,168513.0,30838.0,24.0,,84,3,6,8,8,10
MADE IN ITALY,it,178080.0,20522.0,50.0,,84,4,9,9,9,11
ROSE & ROVI,it,188534.0,20741.0,27.0,,84,3,6,10,10,12
POLKA 3,it,160645.0,14401.0,40.0,,84,5,10,11,11,13
COSANOSTRA,it,136737.0,17799.0,25.0,,84,3,6,12,12,14
NUOVI GAY,it,210369.0,16490.0,21.0,,84,3,6,13,13,15
OCCHIO E CROCE,it,134437.0,11654.0,23.0,,84,3,6,14,14,16
​life :-(,it,129560.0,11083.0,26.0,,84,1,2,15,15,17
RAF SIMONS,it,61922.0,10994.0,21.0,,84,3,6,16,16,18
SLIME,en,159809.0,11572.0,22.0,,84,3,6,17,17,19
TU MI FAI,it,167729.0,11741.0,23.0,,84,3,6,18,18,20
PARADISO,it,140210.0,10864.0,21.0,,84,3,6,19,19,21
​no love :-),en,190500.0,9540.0,23.0,,84,1,2,20,20,22
​fantasmi ;-(,it,206550.0,10107.0,25.0,,84,1,2,21,21,23
Facciamolo,it,141706.0,7237.0,21.0,,84,6,11,22,22,24
Freestyle #redbullnext #essemagazine,it,169000.0,6825.0,47.0,,84,2,12,23,23,25
Scolapasta,it,138560.0,4798.0,48.0,,84,7,13,24,24,26
#IORESTOACASA Freestyle,it,138560.0,4926.0,48.0,,84,7,14,25,25,27
Fatass,it,152343.0,5585.0,11.0,,84,8,15,26,26,28
Ok ok pih roh toh toh !,pl,111541.0,4409.0,17.0,,84,9,5,27,27,29
Exodia / 1tot,it,156933.0,5044.0,19.0,,84,9,5,28,28,30
Ramoscelli,it,96595.0,5197.0,17.0,,84,9,5,29,29,31
Sono Io !!,it,144000.0,4104.0,19.0,,84,9,5,30,30,32
Rovesciata,it,101333.0,5228.0,18.0,,84,9,16,31,31,33
ceo 2,it,169000.0,4354.0,47.0,,84,2,17,32,32,34
Lil Peep,it,97593.0,4140.0,21.0,,84,10,18,33,33,35
ABC,pl,138560.0,5915.0,48.0,,84,7,19,34,34,36
ALIENO,it,111966.0,5947.0,10.0,,84,11,20,35,35,37
Teschio,fr,179277.0,5630.0,14.0,,84,9,5,36,36,38
Mattonelle*,it,138560.0,4623.0,48.0,,84,7,21,37,37,39
BELLU GUAGLIONE,it,174545.0,4207.0,41.0,,84,12,22,38,38,40
Acqua Panna,it,155178.0,5383.0,0.0,,84,13,18,39,39,41
AIDS FREESTYLE,it,138560.0,4893.0,48.0,,84,7,23,40,40,42
0.25X,it,107532.0,4255.0,41.0,,84,2,17,41,41,43
3SOME,it,122076.0,5003.0,31.0,,84,14,24,42,42,44
A te e famiglia Freestyle,it,169263.0,4080.0,70.0,,84,15,25,43,43,45
​non è normale,it,188761.0,5836.0,27.0,,84,16,26,44,44,46
TECKTONiiK,it,181960.0,4531.0,44.0,,84,2,17,45,45,47
Rosa Chemical,it,149196.0,5339.0,51.0,,84,17,18,46,46,48
bRAtZz,it,187397.0,4636.0,37.0,,84,2,17,47,47,49
Akureyri RMX,it,138560.0,5054.0,48.0,,84,7,27,48,48,50
TIPO DI N,it,169000.0,5108.0,36.0,,84,2,17,49,49,51
#ERAMEGLIOSEINGOIAVA Freestyle,it,138560.0,4381.0,48.0,,84,7,28,50,50,52
Blackout,it,157941.0,5955.0,21.0,,84,18,29,51,51,53
X&V,it,143389.0,5565.0,34.0,,84,2,17,52,52,54
PANTONE 17-3930,it,162406.0,5896.0,47.0,,84,19,30,53,53,55
Dovreicomprarmiunacollanacomeimigos,en,138560.0,5807.0,48.0,,84,7,31,54,54,56
Kournikova,pl,99692.0,5207.0,6.0,,84,20,32,55,55,57
BRITISH PROV 2014,it,170760.0,5860.0,38.0,,84,21,33,56,56,58
Dissing Eminem,it,138560.0,4188.0,48.0,,84,7,34,57,57,59
I’m dead,it,255518.0,4405.0,44.0,,84,22,35,58,58,60
LATTE +,en,138560.0,4103.0,48.0,,84,7,36,59,59,61
I need some sleep (Intro),it,1304000.0,4664.0,5.0,,84,23,35,60,60,62
esse Type beat,en,139888.0,4791.0,61.0,,84,24,37,61,61,63
Punk ’a Piana,pl,168513.0,4555.0,24.0,,84,3,18,62,62,64
Ritratti dell’odio,it,138560.0,5675.0,48.0,,84,7,38,63,63,65
Keep on driving,it,336960.0,4727.0,34.0,,84,25,39,64,64,66
Alone rhapsody,en,138560.0,4576.0,48.0,,84,7,40,65,65,67
C. A. S.,pl,170760.0,5100.0,38.0,,84,21,41,66,66,68
One Take FM Free Mic,it,212573.0,4294.0,2.0,,84,26,42,67,67,71
Nel male,it,198949.0,5622.0,23.0,,84,27,43,68,68,72
Luciano Pavarotty // Glock,pl,186000.0,4161.0,40.0,,84,28,31,69,69,73
RASTAFARI_freestyle,it,149196.0,5991.0,51.0,,84,17,44,70,70,74
Groupie,it,161357.0,26270.0,36.0,,9,29,45,71,71,75
PLAIN JANE Freestyle,it,263013.0,17723.0,58.0,,9,30,46,72,72,76
Male o Bene,en,175047.0,14967.0,33.0,,9,31,47,73,73,77
WIMBLEDON (64 Bars),pl,185777.0,20603.0,37.0,,9,32,48,74,74,78
Grizzly,it,128390.0,18546.0,22.0,,9,33,49,75,75,79
Morosita,it,161250.0,17466.0,30.0,,9,34,50,76,76,80
3ND,it,134482.0,15735.0,25.0,,9,35,51,77,77,81
Chiara,pl,188017.0,11748.0,37.0,,9,36,52,78,78,82
Vaniglia,it,136585.0,13318.0,19.0,,9,37,53,79,79,83
1 2 3,it,118453.0,9595.0,37.0,,9,38,54,80,80,84
TONICA,it,120050.0,12481.0,31.0,,9,39,55,81,81,85
BUM BUM TAM TAM Freestyle,it,171118.0,11338.0,1.0,,9,40,56,82,82,86
Chicas,it,144666.0,6848.0,17.0,,9,41,57,83,83,87
BANDA,it,86000.0,5785.0,18.0,,9,42,58,84,84,88
Fenty,it,147038.0,6435.0,17.0,,9,43,59,85,85,89
Dip Freestyle,it,140000.0,6104.0,15.0,,9,44,60,86,86,90
Fya,it,174500.0,5473.0,21.0,,9,36,52,87,87,91
Narciso,it,207428.0,5291.0,28.0,,9,36,61,88,88,92
Comunque Ciao,it,170465.0,5791.0,23.0,,9,36,52,89,89,93
AIRBNB,en,144222.0,4955.0,20.0,,9,45,62,90,90,94
Roberta,it,143095.0,4251.0,23.0,,9,46,63,91,91,95
Cringe,en,136470.0,5442.0,23.0,,9,47,64,92,92,96
SUPERSEX,it,148888.0,5537.0,32.0,,9,48,65,93,93,97
Stupida,it,159513.0,5136.0,16.0,,9,36,52,94,94,98
Meno Male,it,174985.0,5558.0,24.0,,9,36,66,95,95,99
Monica Bellucci,pl,158577.0,5001.0,17.0,,9,36,52,96,96,100
Crisalide,it,188017.0,5059.0,37.0,,9,36,52,97,97,101
Lesbo Chic,pl,161939.0,4866.0,16.0,,9,36,52,98,98,102
Ragazza Ladra,it,159406.0,4061.0,14.0,,9,36,52,99,99,103
Regole,it,142080.0,4226.0,22.0,,9,49,67,100,100,104
Real Talk Freestyle 1,it,149333.0,4075.0,2.0,,9,50,13,101,101,105
Démodé,it,144175.0,5286.0,19.0,,9,36,52,102,102,106
Contro Tutti,it,183250.0,4640.0,12.0,,9,36,52,103,103,107
COVID19 FREESTYLE,it,186566.0,5031.0,5.0,,9,51,68,104,104,108
Fili Del Tram,it,172445.0,5830.0,14.0,,9,36,52,105,105,109
Bambola,it,158258.0,4511.0,15.0,,9,36,52,106,106,110
Dentro di me,it,157050.0,4835.0,25.0,,9,52,69,107,107,111
Come Le Storie,it,181176.0,5527.0,19.0,,9,53,70,108,108,112
Intro,it,163520.0,4471.0,13.0,,9,54,71,109,109,113
Memento,it,192611.0,4168.0,59.0,,9,55,71,110,110,114
MAGA Freestyle,it,356317.0,4593.0,40.0,,9,56,72,111,111,115
Missed Call,it,242293.0,4336.0,55.0,,9,57,71,112,112,116
La prima volta,it,126857.0,5875.0,30.0,,9,58,73,113,113,117
Mood Blu,it,135277.0,5631.0,25.0,,9,59,74,114,114,118
Warzone Freestyle,it,150315.0,5281.0,5.0,,9,60,75,115,115,119
Rolling Papers,it,122448.0,5757.0,36.0,,9,61,76,116,116,120
Mantra,it,263274.0,5621.0,0.0,,9,62,71,117,117,121
Creep,it,216521.0,4388.0,32.0,,9,63,71,118,118,122
Fotta Torinese,it,166120.0,5801.0,56.0,,9,64,71,119,119,123
Anima su tela,it,169531.0,5094.0,11.0,,9,65,71,120,120,124
Ibridi,it,198260.0,5632.0,66.0,,9,66,71,121,121,125
Murder,it,186008.0,5810.0,63.0,,9,67,71,122,122,126
COVID Freestyle,it,186566.0,4648.0,5.0,,9,51,68,123,123,127
Limonare,it,137714.0,4230.0,17.0,,9,68,77,124,124,128
Fear and Loathing,it,367520.0,4469.0,47.0,,9,69,71,125,125,129
il filo rosso,it,187403.0,91830.0,68.0,,3,70,78,126,126,130
Cin Cin,it,180094.0,74091.0,68.0,,3,71,47,127,127,131
"TesTa TrA Le NuVoLE, pT. 2",it,180000.0,33175.0,57.0,,3,72,7,128,128,132
Chiara Ferragni,it,209552.0,21717.0,71.0,,3,73,79,129,129,134
a me mi piace,it,140816.0,25356.0,75.0,,3,74,80,130,130,135
"Sogna, ragazzo, sogna",it,269850.0,21558.0,61.0,,3,75,81,131,131,136
"Testa tra le nuvole, Pt. 1",it,143399.0,17348.0,57.0,,3,71,82,132,132,137
SuL Più BeLLo (Out Of My League),it,164999.0,13083.0,52.0,,3,72,83,133,133,138
sofia,it,175411.0,11366.0,52.0,,3,76,84,134,134,139
​bellissimissima,it,157031.0,14168.0,70.0,,3,77,85,135,135,140
Prima O Poi,it,222738.0,8371.0,36.0,,3,78,86,136,136,141
Wanderlust!,it,203076.0,8531.0,49.0,,3,71,87,137,137,142
BeVo TuTTa La NoTTe,it,168426.0,8837.0,53.0,,3,72,88,138,138,144
SnoB,it,170760.0,7205.0,38.0,,3,72,89,139,139,145
vai!,it,156923.0,7238.0,68.0,,3,76,90,140,140,146
Il Giro Del Mondo,it,213560.0,6948.0,48.0,,3,71,91,141,141,147
SaN LoREnZo,it,202990.0,5053.0,58.0,,3,72,62,142,142,148
Dove sei?,it,257142.0,5413.0,47.0,,3,71,92,143,143,149
"Testa tra le nuvole, Pt. 0",it,172975.0,4614.0,38.0,,3,71,63,144,144,150
anna,it,181570.0,4583.0,63.0,,3,79,93,145,145,151
tante mila volte,it,198320.0,4085.0,56.0,,3,79,93,146,146,152
ma so che era innamorato,it,140816.0,5235.0,73.0,,3,79,94,147,147,153
Temporale (24 marzo),it,201286.0,5020.0,34.0,,3,71,63,148,148,154
frida (Interlude),it,93414.0,4115.0,46.0,,3,76,94,149,149,155
Mica Male (2017),it,223009.0,4570.0,75.0,,3,80,95,150,150,156
Disegno,it,172000.0,5833.0,42.0,,3,71,96,151,151,157
SNOB FREESTYLE,it,216322.0,4492.0,5.0,,3,81,97,152,152,158
vabbè ciao,it,160268.0,4303.0,64.0,,3,76,94,153,153,159
CI SARÒ,it,180714.0,4994.0,62.0,,3,82,98,154,154,160
Tempo al Tempo,it,155629.0,5990.0,73.0,,3,83,99,155,155,161
NoN La AsCoLTare,it,150360.0,4496.0,43.0,,3,72,88,156,156,162
PARIGI,it,159125.0,5360.0,46.0,,3,84,100,157,157,163
Confusi,it,424565.0,5539.0,0.0,,3,85,101,158,158,164
PARIGI RMX,it,175489.0,4487.0,41.0,,3,86,102,159,159,165
Serenata - From “Forever Out of My League”,it,138500.0,5472.0,42.0,,3,87,103,160,160,166
NoRd,it,202990.0,4750.0,58.0,,3,72,88,161,161,167
Le Cose in Comune,it,151624.0,5280.0,59.0,,3,88,104,162,162,168
You Make Me So Happy,pl,142062.0,5282.0,50.0,,3,89,105,163,163,169
nei tuoi occhi cosa c’è,it,146823.0,5086.0,49.0,,3,76,94,164,164,170
come il sole,it,134985.0,4192.0,56.0,,3,79,93,165,165,171
5 MINUTI,it,167162.0,5687.0,55.0,,3,90,106,166,166,172
SoLd OuT,it,138320.0,4654.0,29.0,,3,72,88,167,167,173
non so chi ha creato il mondo,it,187403.0,4387.0,71.0,,3,76,94,168,168,174
StuPefaCenTe,it,143653.0,4092.0,42.0,,3,72,88,169,169,175
il mio colore preferito,it,188311.0,5197.0,44.0,,3,76,94,170,170,176
dormono tutti,it,73762.0,5370.0,50.0,,3,79,93,171,171,177
ma tu come stai,it,180446.0,4045.0,42.0,,3,76,94,172,172,178
NoN RicORdo il NOmE,it,147720.0,5038.0,30.0,,3,72,88,173,173,179
Disegno (Piano E Voce),it,153163.0,4465.0,31.0,,3,71,63,174,174,180
metti a posto:,it,112795.0,5305.0,42.0,,3,79,94,175,175,181
Wanderlust! (Piano E Voce),it,191501.0,4361.0,31.0,,3,71,63,176,176,182
WNDLST Freestyle,it,216322.0,5398.0,5.0,,3,81,107,177,177,183
Alfa (Intro),it,109000.0,4786.0,45.0,,3,91,95,178,178,184
Mica Male,it,219794.0,5892.0,17.0,,3,92,108,179,179,185
Supernova,it,208947.0,4288.0,27.0,,3,93,109,180,180,186
105 Mi Casa Mashup: Alfa con Cin Cin su Davide,it,187403.0,4695.0,68.0,,3,70,110,181,181,187
COVID19 FREESTYLE,it,216322.0,4237.0,5.0,,3,81,111,182,182,188
Cerco un posto,it,99674.0,5866.0,37.0,,3,94,112,183,183,189
Il mondo immobile,it,140816.0,5773.0,75.0,,3,74,113,184,184,190
Stelle,it,174000.0,4530.0,0.0,,3,95,114,185,185,191
Tanti auguri mario.mp3,it,211360.0,5334.0,69.0,,3,96,115,186,186,192
Via,it,569260.0,5651.0,56.0,,3,97,116,187,187,193
Wndrlst Freestyle,it,216322.0,5123.0,5.0,,3,81,117,188,188,194
Jet lag,it,194355.0,5074.0,13.0,,3,98,118,189,189,195
Papillon,it,170077.0,4498.0,5.0,,3,99,95,190,190,196
AM Freestyle,it,242480.0,4198.0,13.0,,3,100,119,191,191,197
Okk Freestyle,it,216322.0,5808.0,5.0,,3,81,120,192,192,198
Vivo Così,it,154229.0,5818.0,46.0,,3,101,95,193,193,199
M’ama,pl,232986.0,5283.0,38.0,,3,102,95,194,194,200
ACUSTICA CI SARÒ,it,290426.0,4692.0,2.0,,3,103,121,195,195,201
Ti scorderai,it,172654.0,4713.0,66.0,,3,104,122,196,196,202
Omega (Outro),it,68000.0,5467.0,1.0,,3,105,95,197,197,203
Ubriachi fanno cose freestyle,it,221204.0,5810.0,56.0,,3,106,123,198,198,204
​blun7 a swishland,it,167760.0,524979.0,56.0,,97,107,124,199,199,205
​oh 9od,en,204467.0,365488.0,57.0,,97,107,125,200,200,206
​fuck 3x,pl,161266.0,203090.0,59.0,,97,107,126,201,201,207
​sw1n6o,pl,184037.0,131551.0,51.0,,97,107,126,202,202,208
​ch1 5ei te,it,183762.0,123287.0,56.0,,97,107,126,203,203,209
​m12ano,pl,188426.0,162655.0,50.0,,97,107,126,204,204,210
​occh1 purpl3,eu,187821.0,140663.0,47.0,,97,107,126,205,205,211
0ffline,it,201094.0,99141.0,58.0,,97,107,127,206,206,212
​no14,it,176440.0,97863.0,49.0,,97,107,126,207,207,213
​pers0na2,en,251511.0,122860.0,47.0,,97,107,126,208,208,215
​m8nstar,it,164825.0,92137.0,51.0,,97,107,128,209,209,216
​scuol4,it,169588.0,85276.0,52.0,,97,107,129,210,210,217
5olo,it,123039.0,100508.0,45.0,,97,107,130,211,211,218
​come fa1,it,128774.0,102308.0,49.0,,97,107,126,212,212,219
​gua10,it,177223.0,96119.0,46.0,,97,107,126,213,213,220
2ollipop,en,149305.0,77089.0,47.0,,97,107,126,214,214,221
6itch,it,150753.0,68247.0,47.0,,97,107,131,215,215,222
​s!r!,it,237701.0,53347.0,58.0,,97,108,132,216,216,224
​molecole (interlude),it,125089.0,54999.0,52.0,,97,108,133,217,217,225
7rapper ma1,it,86666.0,62019.0,41.0,,97,107,126,218,218,226
​parano1a k1d,pl,144098.0,59318.0,44.0,,97,107,126,219,219,227
​c!ao,pl,212920.0,63543.0,55.0,,97,108,133,220,220,228
8rosk1,en,171733.0,59144.0,44.0,,97,107,126,221,221,229
​bubb1e 9um,it,118717.0,56735.0,43.0,,97,107,126,222,222,230
​m%n,it,112430.0,38264.0,51.0,,97,109,52,223,223,231
EGLI È IL RE,it,177433.0,39861.0,48.0,,97,110,134,224,224,232
Dimmi Che C’è,it,182078.0,33218.0,60.0,,97,108,135,225,225,233
POSTO MIO,it,200842.0,32275.0,57.0,,97,110,134,226,226,234
!ly,it,206494.0,42146.0,59.0,,97,108,133,227,227,235
​r()t()nda,it,159592.0,31497.0,50.0,,97,108,133,228,228,236
Loooser,it,182078.0,34583.0,60.0,,97,108,136,229,229,237
​mi @mi o è f@ke,pl,128266.0,31057.0,55.0,,97,108,133,230,230,238
​l%p,it,176290.0,30349.0,49.0,,97,108,133,231,231,239
SO CHE CI SEI,it,172343.0,27055.0,52.0,,97,110,134,232,232,240
​mar+e,it,177433.0,27371.0,48.0,,97,110,133,233,233,241
​come t! vorre!,it,197786.0,26109.0,46.0,,97,108,133,234,234,242
​sci@ll@,it,184786.0,22819.0,48.0,,97,108,133,235,235,243
BLESS SU BLESS,it,160285.0,27955.0,51.0,,97,110,134,236,236,244
​rock & rolla,it,177106.0,23203.0,49.0,,97,108,133,237,237,245
​okk@pp@,it,142373.0,19575.0,48.0,,97,108,137,238,238,246
ONE KING,it,151508.0,25318.0,49.0,,97,110,134,239,239,247
_bilico_,en,143746.0,18214.0,46.0,,97,108,133,240,240,248
Annabelle,en,161266.0,23681.0,59.0,,97,107,138,241,241,249
COME POLVERE,it,194275.0,22996.0,46.0,,97,110,134,242,242,250
​ye@h,it,156616.0,22268.0,48.0,,97,108,133,243,243,251
​cas!no nella m!a testa,it,147106.0,17988.0,51.0,,97,108,133,244,244,252
OCCHI MIEI,it,154163.0,14566.0,45.0,,97,110,134,245,245,253
​r!va,it,170343.0,20942.0,49.0,,97,108,133,246,246,254
BACK TO BACK,it,137608.0,15769.0,46.0,,97,110,134,247,247,255
​w()ah,it,163540.0,17957.0,47.0,,97,108,133,248,248,256
Gumball Freestyle,en,167760.0,15917.0,56.0,,97,107,11,249,249,257
​b@by nel bed,en,120440.0,14498.0,43.0,,97,108,133,250,250,258
Rockstar*,it,183762.0,10923.0,56.0,,97,107,126,251,251,259
+ bla se c’è bling,it,114408.0,11280.0,42.0,,97,108,133,252,252,260
6 1 akkollino freestyle,pl,138558.0,11986.0,21.0,,97,111,139,253,253,261
URAGANO DAMN,it,202357.0,9214.0,45.0,,97,112,140,254,254,262
COVID-19 Freestyle,it,186566.0,7665.0,5.0,,97,113,141,255,255,263
6itch 2,it,150753.0,8994.0,47.0,,97,107,142,256,256,264
FVCK GO551P Freestyle,it,176170.0,8990.0,31.0,,97,114,143,257,257,265
​no chance mai (no champagne rmx),it,180833.0,7279.0,29.0,,97,115,144,258,258,266
Thalloween,sco,167760.0,5662.0,56.0,,97,107,145,259,259,267
Purple,it,44575.0,4205.0,32.0,,97,116,146,260,260,268
Particolare,it,161266.0,5243.0,59.0,,97,107,147,261,261,269
Veri Fra*,it,192096.0,5994.0,72.0,,97,117,148,262,262,270
Blunt*,it,167760.0,4292.0,56.0,,97,107,134,263,263,271
Buon N***** - RMX,it,177545.0,5049.0,65.0,,97,118,149,264,264,272
Bugs Bunny,it,152440.0,5770.0,53.0,,97,119,150,265,265,273
Coraline In Love,pl,186964.0,5494.0,97.0,,97,120,151,266,266,274
Skkkkkrrrrtttttttt,en,161266.0,5409.0,59.0,,97,107,152,267,267,275
Drilluminazione acu,it,167760.0,5420.0,56.0,,97,107,153,268,268,276
I.B.F.M. rmx,it,161266.0,4733.0,59.0,,97,107,154,269,269,278
Cazzeggio Nella BV3 House,it,161266.0,4600.0,59.0,,97,107,155,270,270,279
Roba illegale/Coro*,it,173000.0,5633.0,16.0,,97,121,134,271,271,280
Non ti interessa*,it,206896.0,5637.0,69.0,,97,122,156,272,272,281
No Sleep,it,200040.0,5750.0,91.0,,97,123,157,273,273,282
​coltellata versione per fatte salì la pezza,it,176146.0,5842.0,55.0,,97,124,158,274,274,283
Quasi le tre*,it,207346.0,5037.0,68.0,,97,125,159,275,275,284
M8nstar Acustica,en,166281.0,5017.0,11.0,,97,126,160,276,276,285
​ao,co,212920.0,5612.0,55.0,,97,108,161,277,277,286
Dulcis in Fundo,it,231480.0,5314.0,39.0,,97,127,162,278,278,287
No Champagne,it,142615.0,5419.0,69.0,,97,128,163,279,279,288
Night Cherry,it,203161.0,5607.0,2.0,,97,129,164,280,280,289
Fuori dai guai,it,210400.0,5796.0,48.0,,97,130,165,281,281,290
Ice Gelato*,it,201845.0,4690.0,66.0,,97,131,166,282,282,291
​baby dopo che uno sconosciuto t’ha venduto una caramella,it,176999.0,4764.0,74.0,,97,132,167,283,283,292
Ch1 5ei te presammale,it,207092.0,4199.0,2.0,,97,133,168,284,284,293
Fuck 3x dalla traphouse a youtube,it,182245.0,5172.0,76.0,,97,117,169,285,285,294
Circus,it,183762.0,4084.0,56.0,,97,107,170,286,286,295
Among sus,it,110153.0,4943.0,29.0,,97,134,103,287,287,296
Lil Trapboy,it,207202.0,5098.0,26.0,,97,135,171,288,288,297
Moonrise,it,174360.0,4584.0,47.0,,97,108,172,289,289,298
Sbsm try not to cry challenge version,it,2749933.0,5194.0,23.0,,97,136,173,290,290,299
I Don’t Give a Fück,it,191999.0,4071.0,70.0,,97,128,174,291,291,300
Swaggavamo a scuola,it,84088.0,4085.0,23.0,,97,137,175,292,292,301
X 1 mex sgravata impazzita col beatbox,en,174746.0,5659.0,49.0,,97,138,176,293,293,302
Trap house,it,179545.0,4731.0,64.0,,97,139,177,294,294,303
Fuck*,it,161266.0,4266.0,59.0,,97,107,126,295,295,304
Wickedboi,it,161266.0,5058.0,59.0,,97,107,178,296,296,305
Uh x6 yah,it,195750.0,5555.0,61.0,,97,122,103,297,297,306
Whats poppin freestyle,it,97804.0,4443.0,24.0,,97,140,179,298,298,307
Chu9ju9,it,167760.0,5261.0,56.0,,97,107,180,299,299,308
Dove Sto*,it,183520.0,4182.0,73.0,,97,141,181,300,300,309
Nuova Car,it,190825.0,4114.0,49.0,,97,142,182,301,301,310
Mad world con le righe delle lacrime sulle guance,en,156180.0,5074.0,1.0,,97,143,167,302,302,311
2ombie*,it,161266.0,5096.0,59.0,,97,107,126,303,303,312
via da te,it,226906.0,5289.0,82.0,,97,117,183,304,304,313
Shawty,en,184931.0,8844.0,53.0,,104,144,184,305,305,314
Kiss You (F**k You),it,207400.0,6352.0,60.0,,104,144,185,306,306,315
Primm Ca M N Vac,it,147906.0,5047.0,25.0,,104,144,185,307,307,316
Ma Xké A Me?,it,156226.0,4657.0,28.0,,104,145,77,308,308,317
Sincer,it,221204.0,5604.0,38.0,,104,146,186,309,309,319
Ngopp ’A Di,it,182240.0,4553.0,23.0,,104,144,185,310,310,320
ATM,en,154653.0,4890.0,27.0,,104,144,185,311,311,321
Tutto L’Oro,it,181960.0,4167.0,24.0,,104,144,185,312,312,322
Money Cash,it,146480.0,4061.0,29.0,,104,144,185,313,313,323
Champagne Problems,it,155120.0,5941.0,35.0,,104,144,185,314,314,324
Basti Tu,it,178200.0,5688.0,28.0,,104,144,185,315,315,325
Thanks,en,138106.0,5407.0,25.0,,104,144,185,316,316,326
Baby U,it,159000.0,4831.0,28.0,,104,147,187,317,317,327
Marijuana,it,174600.0,4358.0,33.0,,104,148,24,318,318,328
Solo,it,180626.0,4324.0,26.0,,104,144,185,319,319,329
Matchy Matchy,en,150508.0,4511.0,26.0,,104,147,187,320,320,330
Montana,it,207400.0,5112.0,60.0,,104,144,188,321,321,331
Justin Bieber,it,172137.0,5442.0,23.0,,104,147,187,322,322,332
Fuck that Bitch #1,en,135226.0,5336.0,54.0,,104,149,189,323,323,333
Teng Sul A Te,en,147443.0,4572.0,26.0,,104,147,187,324,324,334
Verde,it,150769.0,5926.0,25.0,,104,147,187,325,325,335
Club Paradiso,it,145920.0,5490.0,22.0,,104,147,187,326,326,336
CANZONE D’ODIO,it,162969.0,215342.0,69.0,,54,150,190,327,327,337
Morto mai,it,145640.0,193276.0,65.0,,54,151,191,328,328,338
100 MESSAGGI,it,318492.0,177929.0,57.0,,54,152,192,329,329,339
MOB,it,213613.0,164321.0,54.0,,54,153,193,330,330,341
J,it,145121.0,142974.0,55.0,,54,154,194,331,331,342
MEZZE VERITÀ,it,226424.0,146535.0,59.0,,54,152,190,332,332,343
Ouver2re,it,185930.0,104463.0,48.0,,54,155,195,333,333,344
SLIME,en,208233.0,109310.0,57.0,,54,154,194,334,334,345
ZERI IN PIÙ (LOCURA),it,255666.0,100972.0,54.0,,54,156,196,335,335,346
Catrame,pl,200146.0,97837.0,56.0,,54,151,191,336,336,347
ALYX,it,183027.0,134533.0,60.0,,54,154,194,337,337,348
2 TIRI,it,162982.0,116873.0,54.0,,54,154,194,338,338,349
Gigolò,pl,164301.0,106336.0,60.0,,54,155,197,339,339,351
Ouverture,it,213573.0,86039.0,43.0,,54,153,198,340,340,352
Lario,it,190186.0,102118.0,47.0,,54,153,199,341,341,353
FENTANYL,it,188081.0,93048.0,66.0,,54,150,190,342,342,354
Re Mida,it,145640.0,81209.0,65.0,,54,151,191,343,343,355
Netflix,pl,153826.0,89979.0,51.0,,54,151,200,344,344,356
Porto Cervo,pl,233680.0,87245.0,54.0,,54,151,201,345,345,357
Iside,it,152733.0,94957.0,52.0,,54,151,191,346,346,358
LIMBO,it,159154.0,95404.0,52.0,,54,154,194,347,347,359
Gucci Ski Mask,pl,205640.0,72575.0,55.0,,54,151,60,348,348,360
ABITUDINE,it,254266.0,83948.0,58.0,,54,152,190,349,349,361
PIOVE,pl,155862.0,91215.0,63.0,,54,157,175,350,350,362
DDA,it,165920.0,86858.0,44.0,,54,153,202,351,351,363
OUV3RTURE,it,172862.0,97125.0,51.0,,54,157,203,352,352,364
MONCLER,pl,177746.0,81579.0,46.0,,54,154,194,353,353,366
BUIO DAVANTI,it,189642.0,65938.0,75.0,,54,150,190,354,354,367
FRIEND,en,148403.0,60164.0,51.0,,54,154,194,355,355,369
Cazal,it,185720.0,76468.0,47.0,,54,151,191,356,356,370
GHETTO SUPERSTAR,it,242808.0,57364.0,53.0,,54,156,190,357,357,371
Diablo,it,173658.0,72579.0,37.0,,54,158,204,358,358,372
L’ERBA VOGLIO (Geordie),it,153173.0,81975.0,48.0,,54,154,194,359,359,373
24H,it,215826.0,65182.0,47.0,,54,151,191,360,360,374
MON AMOUR,it,153680.0,59830.0,52.0,,54,154,194,361,361,375
USCITO DI GALERA,it,172654.0,64940.0,66.0,,54,157,175,362,362,376
CENERE,it,208323.0,60393.0,66.0,,54,157,9,363,363,377
CLEAN,en,143533.0,61311.0,49.0,,54,154,194,364,364,378
HOT,it,249773.0,70824.0,55.0,,54,156,190,365,365,379
-3 (PERDERE IL VOLO),it,184846.0,56445.0,57.0,,54,152,190,366,366,380
MEZZO SPORT (64 Bars),it,132428.0,70008.0,49.0,,54,159,205,367,367,381
CERTE COSE,it,207989.0,67953.0,57.0,,54,152,190,368,368,382
Silenzio,it,213346.0,50010.0,41.0,,54,153,199,369,369,383
VERDI NEI VIOLA,it,183132.0,46856.0,57.0,,54,150,190,370,370,384
Superman,pl,175293.0,45293.0,46.0,,54,151,191,371,371,385
NESSUNO,it,148452.0,42706.0,60.0,,54,157,175,372,372,386
ALIBI,it,178051.0,44082.0,52.0,,54,157,175,373,373,387
DOLCEVITA,it,204803.0,55152.0,54.0,,54,156,190,374,374,388
TOPBOY,it,206493.0,41813.0,53.0,,54,157,175,375,375,389
Maleducati,it,230106.0,46010.0,39.0,,54,153,206,376,376,390
Million Dollar,it,190862.0,53959.0,48.0,,54,155,197,377,377,391
Box Logo,it,133853.0,36826.0,46.0,,54,151,191,378,378,392
Per sempre,it,143200.0,49818.0,43.0,,54,151,191,379,379,393
SOGNI D’ORO,it,157467.0,39135.0,57.0,,54,157,175,380,380,394
Povero te,it,193040.0,36321.0,41.0,,54,151,207,381,381,395
NULLA DI,it,178937.0,43275.0,49.0,,54,157,175,382,382,396
MNM,it,230040.0,40485.0,40.0,,54,153,199,383,383,397
CASANOVA,it,173760.0,44269.0,55.0,,54,156,190,384,384,398
Dry: La mia ora,it,124714.0,41464.0,42.0,,54,155,197,385,385,399
ESTRANEO,it,202222.0,42420.0,54.0,,54,150,190,386,386,400
Bisturi Freestyle,it,205660.0,34188.0,35.0,,54,160,208,387,387,401
Desperado,it,158213.0,32341.0,43.0,,54,151,191,388,388,402
Zzala,it,213613.0,40600.0,54.0,,54,153,199,389,389,403
PUTO,en,173142.0,39913.0,47.0,,54,157,175,390,390,404
CINEMA,it,201139.0,42368.0,52.0,,54,157,175,391,391,405
Lario RMX,it,193676.0,33824.0,43.0,,54,161,209,392,392,406
GIORNO DA CANI,it,176213.0,33064.0,56.0,,54,152,190,393,393,407
MALE DA VENDERE,it,186190.0,38558.0,55.0,,54,150,190,394,394,408
PANICO,it,188564.0,32496.0,66.0,,54,157,175,395,395,410
SENZA RUMORE,it,229147.0,40496.0,55.0,,54,157,175,396,396,411
BUGIA,pl,204226.0,39303.0,50.0,,54,157,175,397,397,412
JEFE,pl,195393.0,33304.0,45.0,,54,157,175,398,398,413
MOLOTOV,it,160204.0,37012.0,58.0,,54,157,102,399,399,414
Morto Mai (Piano Solo),it,160374.0,37051.0,59.0,,54,162,197,400,400,415
No Selfie,en,167840.0,26863.0,41.0,,54,151,191,401,401,416
OuverFOURe,it,179619.0,36762.0,54.0,,54,156,210,402,402,417
Take Away,it,193106.0,31425.0,38.0,,54,153,199,403,403,418
Frio,it,129062.0,35192.0,44.0,,54,155,197,404,404,419
Origami,it,150226.0,28517.0,39.0,,54,153,199,405,405,420
SAFARI,it,187034.0,34408.0,54.0,,54,156,190,406,406,421
2 Cellulari,it,160053.0,27999.0,46.0,,54,151,191,407,407,422
3 PALI,it,192827.0,21628.0,47.0,,54,157,175,408,408,423
ZONDA,it,217190.0,28327.0,49.0,,54,163,211,409,409,424
REPLAY,it,191406.0,19005.0,47.0,,54,157,175,410,410,425
PIOVE (Concertos),it,171025.0,20826.0,45.0,,54,164,212,411,411,426
430,co,213600.0,25948.0,35.0,,54,153,199,412,412,427
Fuego,it,123523.0,24591.0,29.0,,54,165,213,413,413,428
Come Le Sirene,en,214285.0,21034.0,74.0,,54,166,214,414,414,429
Catrame (Piano Solo),it,218000.0,19275.0,48.0,,54,162,197,415,415,431
NESSUNO (Concertos),it,178920.0,17534.0,46.0,,54,164,212,416,416,432
I.B.F.M.,pl,183471.0,16025.0,28.0,,54,167,215,417,417,433
Poteva Andarti Peggio,it,215133.0,15251.0,39.0,,54,168,214,418,418,434
Wall Street Freestyle,pl,110400.0,17364.0,35.0,,54,169,216,419,419,435
N70,it,267360.0,17817.0,0.0,,54,170,49,420,420,436
Jolly Freestyle,it,120360.0,14134.0,42.0,,54,171,217,421,421,437
24H (Piano Solo),it,199852.0,13314.0,40.0,,54,162,197,422,422,438
Replica,it,191406.0,9236.0,47.0,,54,157,214,423,423,439
Super Santos Freestyle,da,107727.0,10933.0,34.0,,54,172,218,424,424,440
Re Mida (Piano Solo),it,160374.0,8948.0,59.0,,54,162,197,425,425,441
MI ANTHEM,it,129408.0,10336.0,43.0,,54,173,219,426,426,442
Netflix (Piano Solo),it,157286.0,9588.0,42.0,,54,162,197,427,427,443
Non Sei L’Unica,pl,166366.0,11301.0,72.0,,54,174,214,428,428,444
Sto Magazine Freestyle #8,it,197853.0,8771.0,24.0,,54,175,220,429,429,445
Superman (Piano Solo),it,176000.0,7862.0,40.0,,54,162,197,430,430,446
Ouver2re (Piano Solo),it,113000.0,6787.0,38.0,,54,162,197,431,431,447
NESSUNO (Demo),it,207346.0,8717.0,68.0,,54,176,221,432,432,448
PIANO 20,it,167782.0,8081.0,0.0,,54,177,222,433,433,449
SENZA RUMORE (Concertos),it,236448.0,4917.0,50.0,,54,164,212,434,434,450
Desperado (Piano Solo),it,168416.0,4759.0,40.0,,54,162,197,435,435,451
LIMBO FREESTYLE,it,159154.0,5722.0,52.0,,54,154,223,436,436,452
The Exchange,en,334743.0,4156.0,84.0,,54,178,224,437,437,453
BSMNT 105 Freestyle,da,169411.0,5658.0,63.0,,54,179,225,438,438,454
Cerotti,it,207989.0,5429.0,57.0,,54,152,226,439,439,455
Beyblade,it,198260.0,4175.0,66.0,,54,180,227,440,440,456
PANICO (Concertos),it,186986.0,4181.0,46.0,,54,164,212,441,441,457
BIG Freestyle,en,157659.0,5990.0,6.0,,54,181,228,442,442,458
#NSSAUC,it,172654.0,4762.0,66.0,,54,157,214,443,443,459
È Vero,it,362506.0,4756.0,0.0,,54,182,214,444,444,460
ALIBI (Concertos),it,199308.0,5641.0,44.0,,54,164,212,445,445,461
NULLA DI (Concertos),it,187759.0,5911.0,43.0,,54,164,212,446,446,462
Tempo*,it,159872.0,5989.0,8.0,,54,183,229,447,447,463
In Tilt,it,226041.0,5525.0,68.0,,54,184,214,448,448,464
Tommy Jeans,co,223786.0,4763.0,65.0,,54,185,230,449,449,465
COVID FREESTYLE,it,206281.0,4177.0,0.0,,54,186,14,450,450,466
INFINITY 333,en,293439.0,5569.0,31.0,,54,187,231,451,451,467
MOLOTOV (Concertos),it,169450.0,5131.0,45.0,,54,164,212,452,452,468
Maradona,it,79106.0,4862.0,0.0,,54,188,214,453,453,469
USCITO DI GALERA (Concertos),it,161819.0,5828.0,43.0,,54,164,212,454,454,470
Da Un Po’,it,187973.0,4235.0,2.0,,54,189,214,455,455,471
22 (Freestyle),it,151337.0,4998.0,20.0,,54,190,232,456,456,472
A Me,en,132428.0,4035.0,49.0,,54,159,214,457,457,473
Ayrton Senna,it,217493.0,4952.0,15.0,,54,191,233,458,458,474
Sulla Luna Freestyle,it,213280.0,4124.0,35.0,,54,192,214,459,459,475
PIOVE (Demo),pl,173142.0,4251.0,47.0,,54,157,122,460,460,476
Montana,en,173142.0,4247.0,47.0,,54,157,214,461,461,477
Goin’ Up (Freestyle),it,218637.0,5314.0,38.0,,54,193,214,462,462,478
May Day,it,181739.0,5509.0,13.0,,54,194,234,463,463,479
Nasty Girl,pl,178775.0,5181.0,94.0,,54,195,214,464,464,480
Può Accompagnare Solo (Freestyle),it,229253.0,5943.0,64.0,,54,196,214,465,465,481
Outro,it,259031.0,4763.0,0.0,,54,197,214,466,466,482
Candida,it,189642.0,4586.0,75.0,,54,150,235,467,467,483
MOB (DJM),it,167840.0,5752.0,41.0,,54,151,230,468,468,484
LAST BARS,it,290892.0,4459.0,0.0,,54,198,236,469,469,485
Intro,it,150588.0,5943.0,3.0,,54,199,235,470,470,486
Sofisticato,it,189642.0,4037.0,75.0,,54,150,237,471,471,487
Come Si Fa,it,405160.0,5957.0,0.0,,54,200,238,472,472,488
Vince Carter Freestyle,pl,217840.0,4097.0,6.0,,54,201,239,473,473,489
Putas,it,198260.0,5799.0,66.0,,54,180,240,474,474,490
Non Ho Idea,it,200146.0,5070.0,56.0,,54,151,235,475,475,491
105 Mi Casa Mashup: Lazza con Gucci Ski Mask su Xanax!,it,189642.0,6000.0,75.0,,54,150,241,476,476,492
Destiny,it,120600.0,4160.0,0.0,,54,202,235,477,477,493
Free 12 bars,it,207352.0,5123.0,14.0,,54,203,242,478,478,494
Sto Bene,en,135911.0,5957.0,19.0,,54,204,235,479,479,495
Deja-Vù,pl,208879.0,5060.0,0.0,,54,205,235,480,480,496
Stai Giù,it,42440.0,5272.0,0.0,,54,206,235,481,481,497
Outro (Destiny Mixtape),it,142040.0,5408.0,6.0,,54,207,235,482,482,498
Lazzarrata,it,189642.0,4922.0,75.0,,54,150,235,483,483,499
Complesso,it,217143.0,5271.0,0.0,,54,208,235,484,484,500
Why Not,it,216880.0,5185.0,92.0,,54,209,235,485,485,501
Fresh Freestyle,it,205660.0,5820.0,35.0,,54,160,235,486,486,502
Senti Che Botta,it,195234.0,4104.0,62.0,,54,210,235,487,487,503
Non Ci Serve,it,200146.0,4576.0,56.0,,54,151,235,488,488,504
Silence,it,381818.0,5918.0,1.0,,54,211,235,489,489,505
Real Freestyle,it,205660.0,5796.0,35.0,,54,160,235,490,490,506
Triplè,it,189642.0,4926.0,75.0,,54,150,235,491,491,507
MEZZE VERITÀ (Jam),nl,226424.0,5255.0,59.0,,54,152,243,492,492,508
Freestyle Grezzo,it,205660.0,4568.0,35.0,,54,160,235,493,493,509
BUIO DAVANTI (Jam),it,189166.0,4389.0,60.0,,54,152,243,494,494,510
GIORNO DA CANI (Jam),it,176213.0,4942.0,56.0,,54,152,243,495,495,511
ABITUDINE (Jam),it,254266.0,4719.0,58.0,,54,152,243,496,496,512
100 MESSAGGI (Jam + Opera),it,318492.0,5182.0,57.0,,54,152,243,497,497,513
Come Me,en,218709.0,4166.0,0.0,,54,212,244,498,498,514
Not The Same,it,193043.0,5969.0,67.0,,54,196,245,499,499,515
CERTE COSE (Jam),it,207989.0,5990.0,57.0,,54,152,243,500,500,516
CASANOVA (Opera),it,173760.0,5413.0,55.0,,54,156,243,501,501,517
-3 (PERDERE IL VOLO) (Jam),it,184846.0,5088.0,57.0,,54,152,243,502,502,518
OuverFOURe  (Opera),it,179619.0,4633.0,54.0,,54,156,243,503,503,519
DOLCEVITA (Opera),it,204803.0,5644.0,54.0,,54,156,243,504,504,520
HOT (Opera),it,249773.0,5386.0,55.0,,54,156,243,505,505,521
ZERI IN PIÙ (LOCURA) (Opera),it,255666.0,4339.0,54.0,,54,156,243,506,506,522
SAFARI (Opera),it,187034.0,5839.0,54.0,,54,156,243,507,507,523
-3 (PERDERE IL VOLO) (Opera),it,181038.0,5663.0,54.0,,54,156,243,508,508,524
FENTANYL (Opera),it,189666.0,5917.0,55.0,,54,156,243,509,509,525
GHETTO SUPERSTAR (Opera),it,242808.0,5468.0,53.0,,54,156,243,510,510,526
Christian Rap RMX (Freestyle),it,205660.0,5244.0,35.0,,54,160,246,511,511,527
CERTE COSE (Opera),it,219225.0,4850.0,53.0,,54,156,243,512,512,528
Intro (Destiny Mixtape),en,155715.0,5883.0,5.0,,54,213,235,513,513,529
Papparapa’,it,246400.0,156965.0,46.0,,71,214,247,514,514,531
Non so più chi sei,it,299999.0,91612.0,36.0,,71,214,248,515,515,532
La miaccade llade scacru,co,220695.0,28694.0,16.0,,71,214,248,516,516,534
Mezza siga,it,166015.0,33626.0,52.0,,71,215,249,517,517,535
Bataclan,it,185280.0,36904.0,39.0,,71,216,250,518,518,536
Emme I,en,175483.0,38823.0,41.0,,71,217,251,519,519,537
By Myself,it,260800.0,20672.0,31.0,,71,214,248,520,520,538
Più forte di me,it,202142.0,24767.0,40.0,,71,217,252,521,521,539
Lasciami solo,it,160574.0,19640.0,39.0,,71,218,253,522,522,540
A me non sembra,it,240000.0,20103.0,16.0,,71,219,254,523,523,544
Nessuno,it,216206.0,18496.0,22.0,,71,214,248,524,524,545
Madunina,et,200000.0,15116.0,31.0,,71,216,255,525,525,547
Vivo (Intro),it,180000.0,12424.0,29.0,,71,216,255,526,526,548
Avengers,it,182500.0,11706.0,31.0,,71,215,249,527,527,550
Un sec,pl,152941.0,10996.0,32.0,,71,216,256,528,528,552
Six pack,pt,210960.0,9426.0,43.0,,71,220,257,529,529,556
Sul serio,it,207407.0,11719.0,27.0,,71,215,249,530,530,557
"La miaccade Llade Scacru, Pt. 2",co,233221.0,11482.0,10.0,,71,221,258,531,531,559
Oh Yes (freestyle),it,140000.0,11605.0,34.0,,71,216,259,532,532,560
R2R,en,152903.0,11328.0,45.0,,71,220,257,533,533,561
Gemini,it,166015.0,9255.0,52.0,,71,215,249,534,534,562
Canne,it,190588.0,9774.0,31.0,,71,215,249,535,535,563
Madafacca,it,171958.0,9783.0,27.0,,71,216,255,536,536,565
Come un boss,it,204255.0,9308.0,30.0,,71,215,249,537,537,566
La Bamba,it,181384.0,7325.0,22.0,,71,222,260,538,538,567
Comodo,it,155141.0,7907.0,17.0,,71,223,261,539,539,568
Sale,it,162666.0,6630.0,18.0,,71,214,248,540,540,569
Fahrenheit,it,224191.0,8977.0,18.0,,71,219,254,541,541,571
Basta,it,213818.0,7842.0,16.0,,71,214,248,542,542,572
King Kong vs. Godzilla,it,164820.0,6650.0,43.0,,71,220,262,543,543,573
Vieni da me,it,184791.0,7589.0,22.0,,71,215,249,544,544,574
Ben fatto,it,125346.0,7417.0,26.0,,71,216,255,545,545,575
Radici,it,198688.0,6507.0,24.0,,71,216,263,546,546,576
Old man,pl,122487.0,5600.0,35.0,,71,216,255,547,547,577
Tre Goal,it,153038.0,7033.0,22.0,,71,215,264,548,548,578
Costolette,it,192666.0,6640.0,57.0,,71,224,181,549,549,580
Party boys,it,165473.0,7153.0,26.0,,71,216,255,550,550,581
Cemento,it,142666.0,5994.0,39.0,,71,220,257,551,551,582
DM,it,158571.0,6725.0,16.0,,71,225,265,552,552,583
Domino,it,205200.0,5942.0,37.0,,71,220,257,553,553,584
Posso,it,207272.0,5958.0,22.0,,71,216,255,554,554,585
SICARIO,it,124674.0,6672.0,36.0,,71,226,219,555,555,586
Hooligans,it,142040.0,5487.0,29.0,,71,215,249,556,556,587
Hyp3r,it,141714.0,4820.0,22.0,,71,222,260,557,557,588
Lo sanno,it,134475.0,4568.0,18.0,,71,214,248,558,558,589
Non è cosa,en,147381.0,6196.0,36.0,,71,220,257,559,559,590
Sembra ieri,it,254823.0,5826.0,15.0,,71,214,248,560,560,591
Back2Back,pl,226829.0,5938.0,22.0,,71,222,260,561,561,592
Oh Shit!,it,136800.0,4773.0,27.0,,71,215,249,562,562,593
Tagli come Sorrisi,it,157500.0,4460.0,41.0,,71,220,257,563,563,594
Savage,it,181237.0,4183.0,26.0,,71,216,255,564,564,595
Pop pop,it,141761.0,4876.0,17.0,,71,214,248,565,565,596
East Side,en,186153.0,5241.0,23.0,,71,216,255,566,566,597
Hasta la vista,it,141030.0,4798.0,22.0,,71,216,255,567,567,598
S.O.S. nel mare,it,192755.0,4889.0,24.0,,71,216,255,568,568,599
HH level up,en,123789.0,5822.0,26.0,,71,216,255,569,569,600
Zibby,it,177297.0,4710.0,15.0,,71,217,129,570,570,601
Enne e,it,152967.0,5043.0,29.0,,71,222,12,571,571,602
Comodi,it,177735.0,5582.0,13.0,,71,214,248,572,572,604
Un minuto,it,147175.0,4807.0,30.0,,71,220,257,573,573,605
Muñeca,es,178500.0,5259.0,20.0,,71,216,255,574,574,607
Mollalo Nerone,it,192295.0,5743.0,14.0,,71,214,248,575,575,608
Mi sono innamorato di una stronza,it,164307.0,5914.0,16.0,,71,217,129,576,576,609
Very good / Back to basic,it,229925.0,4307.0,31.0,,71,220,257,577,577,610
Oggi no,it,211636.0,5868.0,19.0,,71,217,129,578,578,611
Uno fisso,it,204800.0,4997.0,22.0,,71,215,249,579,579,613
"Piacere, Max!",it,134000.0,4529.0,24.0,,71,215,249,580,580,614
Seconda mano,it,147555.0,4933.0,15.0,,71,214,248,581,581,615
Nei casini ci vado io,it,160500.0,5976.0,24.0,,71,216,255,582,582,616
Il Genio,it,105560.0,5000.0,23.0,,71,223,261,583,583,617
Foschi Al Zzoca,it,161797.0,4670.0,13.0,,71,225,265,584,584,618
Entertainer,it,175483.0,5283.0,41.0,,71,217,129,585,585,619
Quando nessuno guarda,it,162901.0,4492.0,31.0,,71,220,257,586,586,620
Hey Mama,it,172920.0,4164.0,31.0,,71,220,266,587,587,621
State Of Mind,pl,172173.0,4271.0,10.0,,71,219,254,588,588,623
Beh Ok,it,166000.0,4268.0,54.0,,71,224,181,589,589,624
Jackie Chan,en,199927.0,4317.0,13.0,,71,222,260,590,590,626
Street Food,pl,190874.0,4289.0,18.0,,71,222,260,591,591,627
Eroe,it,145711.0,5297.0,17.0,,71,218,267,592,592,628
Cuban Link,it,194070.0,4375.0,30.0,,71,220,257,593,593,629
Sweet Sixteen,it,130909.0,4703.0,14.0,,71,221,258,594,594,630
Tic Toc,it,175200.0,5809.0,16.0,,71,217,129,595,595,631
Niente è gratis,it,192000.0,4961.0,17.0,,71,215,249,596,596,632
Contronatura,it,174000.0,5352.0,51.0,,71,224,181,597,597,633
Pazzo,it,142800.0,4357.0,11.0,,71,227,268,598,598,634
Pronto,it,230857.0,4398.0,14.0,,71,217,129,599,599,635
Terza media,en,190775.0,4093.0,13.0,,71,222,260,600,600,637
Ci penso da me,it,153488.0,4351.0,14.0,,71,221,258,601,601,638
Danè,it,208140.0,4569.0,15.0,,71,217,129,602,602,639
Emmei 2,it,200869.0,4367.0,52.0,,71,224,181,603,603,640
Penkiller,it,163278.0,4188.0,51.0,,71,224,181,604,604,641
Big Show,pl,138750.0,4253.0,53.0,,71,224,181,605,605,643
Bandolero RMX,it,174857.0,4935.0,36.0,,71,228,258,606,606,645
Karembeu,it,164885.0,4425.0,9.0,,71,219,254,607,607,646
Andiamo,it,196040.0,4742.0,10.0,,71,227,268,608,608,647
Lebron James,it,101877.0,5020.0,14.0,,71,223,261,609,609,648
"1,2,3",en,213626.0,5396.0,30.0,,71,229,65,610,610,649
David Fincher,it,196388.0,4090.0,11.0,,71,223,261,611,611,650
Il più grosso,it,151153.0,5614.0,53.0,,71,224,42,612,612,651
Sei tutto fatto,it,205333.0,5270.0,10.0,,71,221,258,613,613,652
Loser,it,194086.0,4176.0,52.0,,71,224,181,614,614,654
Sto Magazine Freestyle #12,pl,197853.0,5764.0,24.0,,71,230,269,615,615,655
Il Nome,it,167314.0,5858.0,11.0,,71,221,258,616,616,656
Leon,it,240822.0,4135.0,11.0,,71,218,267,617,617,657
Monstah,it,208000.0,4566.0,12.0,,71,217,129,618,618,658
100k,it,130586.0,5629.0,12.0,,71,223,261,619,619,659
Il cielo è NeroBlu,it,139591.0,5510.0,29.0,,71,216,270,620,620,660
Money Booty,pl,172903.0,4383.0,9.0,,71,221,258,621,621,661
Non Dirmi,it,212000.0,4432.0,4.0,,71,219,254,622,622,662
Numero Zero,it,160574.0,4755.0,39.0,,71,218,267,623,623,663
Che Palle,pl,174915.0,4983.0,52.0,,71,224,181,624,624,665
Ci sta,it,204662.0,5251.0,14.0,,71,221,258,625,625,666
Quanti soldi hai,pl,211200.0,4752.0,10.0,,71,222,260,626,626,668
Rosso Fuoco,it,227520.0,4938.0,32.0,,71,229,271,627,627,669
R9,it,132675.0,5510.0,10.0,,71,223,261,628,628,670
Brambo Freestyle,it,100440.0,4084.0,16.0,,71,223,158,629,629,671
Sì ciao,it,167266.0,4518.0,9.0,,71,227,268,630,630,672
Coreo,it,191523.0,5442.0,30.0,,71,229,65,631,631,673
Il Cantastorie,it,163073.0,5808.0,63.0,,71,231,267,632,632,674
Il sole non passa di qua,it,202285.0,5037.0,10.0,,71,222,260,633,633,675
B.U.F.,it,176774.0,5077.0,22.0,,71,232,272,634,634,676
Whatsapp Audio,it,167040.0,4226.0,48.0,,71,224,181,635,635,677
Project,it,162947.0,4909.0,31.0,,71,229,65,636,636,678
Domani,it,152941.0,5079.0,48.0,,71,224,181,637,637,679
Zip Fast Rider,it,109844.0,4499.0,11.0,,71,223,261,638,638,680
I Top Negri,it,200254.0,4552.0,8.0,,71,218,267,639,639,681
Mi Tieni,it,155887.0,4767.0,49.0,,71,224,181,640,640,682
Pezzi di noi,it,186666.0,4052.0,50.0,,71,224,181,641,641,683
Escamotage,en,62118.0,4657.0,9.0,,71,217,129,642,642,684
TNFG pt.2,it,219558.0,4436.0,12.0,,71,225,265,643,643,685
Brava Gente,it,152903.0,4668.0,45.0,,71,220,65,644,644,686
BYG-MCF,it,131419.0,4250.0,7.0,,71,221,258,645,645,687
2P solo,it,58461.0,5796.0,10.0,,71,217,129,646,646,688
Street Banger RMX,it,101407.0,5200.0,12.0,,71,223,261,647,647,689
Workout,war,146222.0,5372.0,28.0,,71,229,65,648,648,690
Non serve,it,191020.0,5593.0,48.0,,71,224,181,649,649,691
Sangue Amaro,it,100440.0,5010.0,16.0,,71,223,261,650,650,692
Parlano,it,91115.0,4184.0,10.0,,71,223,261,651,651,693
Swipe,en,135384.0,5088.0,11.0,,71,225,265,652,652,694
Mayweather,it,166015.0,5190.0,52.0,,71,215,261,653,653,695
Real Madrid Freestyle,it,107650.0,5506.0,11.0,,71,218,273,654,654,696
Non Ho Chiesto,it,168929.0,4876.0,10.0,,71,225,265,655,655,697
Mai più,it,180133.0,4269.0,10.0,,71,227,268,656,656,698
Succede,it,165128.0,4581.0,28.0,,71,220,274,657,657,699
Acufene,it,155480.0,4738.0,45.0,,71,224,181,658,658,700
Give Me The Watch,en,124580.0,5307.0,9.0,,71,225,265,659,659,701
Igno-Swing pt. 2,pl,150648.0,5155.0,6.0,,71,218,267,660,660,703
Da Noi,it,204000.0,4726.0,41.0,,71,233,261,661,661,704
Non Vi Capisco,it,133459.0,5990.0,10.0,,71,223,261,662,662,705
La Piazza È Mia,it,107520.0,5226.0,10.0,,71,223,261,663,663,706
Mustafà,it,96313.0,4487.0,5.0,,71,234,275,664,664,707
Tre Mani Di Donna,it,69015.0,4215.0,9.0,,71,223,261,665,665,708
Mcf Kingdom,pl,135280.0,4318.0,6.0,,71,227,268,666,666,709
Intro,it,180000.0,4506.0,29.0,,71,216,261,667,667,710
Las Vegas Freestyle,it,134857.0,4333.0,44.0,,71,235,276,668,668,711
Another Day My Blocco,it,210373.0,4388.0,100.0,,71,236,261,669,669,712
"Reebok, Blunt & flow",it,185946.0,4582.0,5.0,,71,227,268,670,670,713
Au Chante,it,261545.0,4358.0,5.0,,71,237,261,671,671,714
Il Mio Ambiente Fantastico,it,182245.0,5810.0,76.0,,71,238,277,672,672,715
T.P.N.C.,en,174915.0,4172.0,52.0,,71,224,261,673,673,716
Mister X / Gargoyle,it,187615.0,5064.0,45.0,,71,239,261,674,674,717
Picchia Forte,it,159910.0,4835.0,55.0,,71,231,261,675,675,718
Marco,it,131080.0,5982.0,3.0,,71,240,261,676,676,719
Spliff E Bong,it,158573.0,4236.0,26.0,,71,230,261,677,677,720
Luke Cage Freestyle,it,256134.0,4810.0,5.0,,71,241,278,678,678,721
Cheddar Fuso,it,144976.0,5956.0,54.0,,71,242,279,679,679,722
Vai Con Dios,it,164820.0,5749.0,43.0,,71,220,257,680,680,723
Cazzo Ti Guardi,it,185280.0,5652.0,39.0,,71,216,261,681,681,724
ATTO II,it,343573.0,4530.0,14.0,,71,243,280,682,682,725
Maxtape Soprano,it,152558.0,4353.0,60.0,,71,244,281,683,683,726
One Take FM Free Mic,it,215594.0,5353.0,64.0,,71,245,282,684,684,727
Pizza con piña,es,114224.0,5875.0,22.0,,71,246,283,685,685,728
La Coca,it,214813.0,18416.0,48.0,,6,247,284,686,686,729
Ganja Friend,it,176091.0,7403.0,51.0,,6,248,285,687,687,730
Lei,da,176000.0,5910.0,53.0,,6,249,286,688,688,731
Il Vizio (Dedicato a chi rolla),it,189101.0,5556.0,40.0,,6,250,287,689,689,732
L’Ho Vista,it,212200.0,4387.0,50.0,,6,247,284,690,690,733
Principessa,it,266147.0,4661.0,42.0,,6,248,285,691,691,734
Ganja,it,176091.0,4866.0,51.0,,6,248,284,692,692,735
I’&I’,it,148666.0,5029.0,43.0,,6,247,284,693,693,736
Babilonia,it,188824.0,4499.0,39.0,,6,248,285,694,694,737
Classici,it,226000.0,4240.0,28.0,,6,251,288,695,695,738
Tentan Di Fermarmi,it,155360.0,5236.0,42.0,,6,252,289,696,696,739
La Mia Queen,it,198500.0,4591.0,41.0,,6,251,290,697,697,740
Bomboclat,pl,187213.0,5177.0,38.0,,6,247,284,698,698,741
Non È Solo Religione,it,175081.0,4320.0,33.0,,6,248,285,699,699,742
Joka Smoka,it,120120.0,4977.0,9.0,,6,253,291,700,700,743
Trendy Gal,it,264576.0,5080.0,35.0,,6,248,285,701,701,744
Come una rapina,it,180000.0,4115.0,29.0,,6,251,292,702,702,745
Mi Yerba,it,171874.0,4686.0,28.0,,6,252,289,703,703,746
Canto Nyabinghi,it,256069.0,4280.0,25.0,,6,248,285,704,704,747
Forse Mi Giudichi,it,229102.0,4139.0,25.0,,6,248,285,705,705,748
Guerrieri Del Microfono,it,236466.0,5997.0,17.0,,6,252,289,706,706,749
Lo Riconosci L’aroma,it,153901.0,4658.0,29.0,,6,248,285,707,707,750
È solo una pianta,it,141500.0,5635.0,27.0,,6,251,292,708,708,751
La Massa Rimbalza,it,180047.0,4522.0,27.0,,6,248,285,709,709,752
Sound Bwoy’z Killa,da,188653.0,5379.0,20.0,,6,248,285,710,710,753
Glielo Leggi In Faccia,it,217263.0,5537.0,36.0,,6,254,293,711,711,754
Fyah,it,193293.0,5205.0,26.0,,6,252,289,712,712,755
Dovevi essere mia,it,226906.0,4957.0,82.0,,6,255,294,713,713,756
Periferia,it,161840.0,4837.0,25.0,,6,252,289,714,714,757
Lo muove a tempo,it,128500.0,4709.0,35.0,,6,251,292,715,715,758
Ma Ormai...,it,214645.0,5875.0,21.0,,6,248,285,716,716,759
Chi Troppo Chi Niente,it,238515.0,5678.0,21.0,,6,248,285,717,717,760
Rise To The Top,en,158960.0,5949.0,9.0,,6,252,289,718,718,761
Cosa Sarà,it,192933.0,4261.0,24.0,,6,252,289,719,719,762
Rende libere le masse,it,185000.0,5475.0,14.0,,6,251,292,720,720,763
Stile Selvaggio,it,166184.0,5893.0,20.0,,6,248,285,721,721,764
Lo Sanno,it,134333.0,4374.0,9.0,,6,252,289,722,722,765
Rastafari I Me Sa,it,211426.0,4146.0,7.0,,6,256,295,723,723,766
Le bimbe,it,189133.0,5499.0,25.0,,6,256,295,724,724,767
Ossessionato Dalle Liriche,it,212480.0,5162.0,15.0,,6,252,289,725,725,768
Un minuto in più,it,201133.0,5700.0,26.0,,6,257,296,726,726,769
Bad Man,it,175120.0,4290.0,15.0,,6,252,289,727,727,770
Intro (come un uragano),it,52091.0,5603.0,14.0,,6,248,285,728,728,771
First Love,it,256000.0,4417.0,95.0,,6,258,297,729,729,772
Istinto Animale,it,190946.0,4339.0,20.0,,6,247,284,730,730,773
Rise Again,it,239200.0,4340.0,22.0,,6,247,284,731,731,774
Uno spliff a testa,en,206186.0,5646.0,27.0,,6,257,162,732,732,775
La Bestia,it,147186.0,5344.0,26.0,,6,252,289,733,733,776
Original Musician,en,232888.0,5061.0,24.0,,6,251,298,734,734,777
Credere nei sogni,it,206386.0,4733.0,29.0,,6,257,162,735,735,778
Trandy Gal - Radio Edit,it,226059.0,5771.0,21.0,,6,248,285,736,736,779
Come Un Cane,it,211346.0,4799.0,9.0,,6,252,289,737,737,780
Mondo Oscuro,it,172066.0,5651.0,18.0,,6,247,284,738,738,781
La realtà,it,208266.0,4893.0,15.0,,6,256,299,739,739,782
Sua Volontà,it,192173.0,4767.0,11.0,,6,252,289,740,740,783
Spero Che Non Succeda Mai,it,175546.0,4940.0,30.0,,6,247,284,741,741,784
Raggae Party,it,128500.0,4616.0,35.0,,6,251,284,742,742,785
Vibrazioni Positive,it,206386.0,5511.0,29.0,,6,257,162,743,743,786
Con me,it,179533.0,5021.0,21.0,,6,247,284,744,744,787
La Donna Perfetta,it,158253.0,4476.0,24.0,,6,247,284,745,745,788
Dem a Babylon,it,185640.0,5816.0,23.0,,6,257,300,746,746,789
Chatty Bwoy Dem,it,182465.0,4782.0,3.0,,6,259,291,747,747,790
Il tempo non conta,it,188986.0,5101.0,20.0,,6,247,284,748,748,791
Non Sono Solo,it,187800.0,5831.0,12.0,,6,256,295,749,749,792
Notte,it,179253.0,5264.0,9.0,,6,256,295,750,750,793
Jabbering,en,220880.0,4244.0,16.0,,6,247,284,751,751,794
Bellissima Giornata,it,163693.0,5897.0,22.0,,6,257,162,752,752,795
Si Aprano Le Danze,it,159400.0,5270.0,18.0,,6,247,284,753,753,796
La Gatta,it,244026.0,4683.0,10.0,,6,260,295,754,754,797
Must Affi Survive,it,236253.0,4292.0,10.0,,6,256,295,755,755,798
Dritto,it,193893.0,5605.0,7.0,,6,256,295,756,756,799
Non puoi nasconderlo a me,it,175880.0,5255.0,24.0,,6,257,301,757,757,800
Riddim Maniac,it,180047.0,5083.0,27.0,,6,248,285,758,758,801
Intro (Dinamite),pl,32439.0,5805.0,4.0,,6,252,302,759,759,802
Dice il vero,it,161080.0,5595.0,9.0,,6,257,300,760,760,803
Comprare il talento,it,134826.0,4316.0,7.0,,6,257,162,761,761,804
Se scende Babaman,it,197040.0,4638.0,10.0,,6,257,162,762,762,805
No Man Curse,it,251066.0,4509.0,11.0,,6,256,295,763,763,806
Io Lo So,it,176000.0,5504.0,53.0,,6,249,303,764,764,807
BUFU FREESTYLE,it,234000.0,39150.0,41.0,,73,261,304,765,765,808
UFFA,it,215999.0,25001.0,56.0,,73,262,305,766,766,809
ZITELLA,it,147199.0,24544.0,52.0,,73,262,305,767,767,810
TEKKEN,it,174461.0,18565.0,54.0,,73,263,69,768,768,811
WAO,it,149464.0,12975.0,58.0,,73,264,306,769,769,812
YAMAMAY,it,162499.0,13953.0,55.0,,73,265,307,770,770,813
NO EX,it,147599.0,8683.0,52.0,,73,266,271,771,771,814
BLA,it,137684.0,8423.0,47.0,,73,267,308,772,772,815
KIKI,it,182857.0,5509.0,49.0,,73,268,187,773,773,816
COLPA MIA,it,149999.0,4878.0,49.0,,73,269,309,774,774,817
SENZA FARE POP,it,151174.0,5609.0,46.0,,73,268,187,775,775,818
SPOILER 2,it,141459.0,4312.0,59.0,,73,270,310,776,776,819
Spoiler,it,141459.0,4471.0,59.0,,73,270,212,777,777,820
FIUM FIUM,it,152999.0,5458.0,44.0,,73,266,271,778,778,821
PSYDUCK,it,162461.0,5455.0,59.0,,73,271,37,779,779,822
WARANZA,it,118199.0,5297.0,44.0,,73,272,311,780,780,823
FASHION,it,149684.0,5402.0,40.0,,73,273,312,781,781,824
WABBUO,pl,119999.0,5098.0,40.0,,73,268,187,782,782,825
Bahoa,pl,141781.0,4517.0,38.0,,73,274,313,783,783,826
Gx5,it,195083.0,4703.0,39.0,,73,266,271,784,784,827
esse Type Beat,it,209454.0,4372.0,2.0,,73,275,314,785,785,828
TE LA COMPRO NUOWA,it,181999.0,5830.0,38.0,,73,262,305,786,786,829
Wawa,it,153986.0,5181.0,36.0,,73,276,315,787,787,830
Da Solo*,it,234000.0,4817.0,41.0,,73,261,316,788,788,831
Alaska,it,113877.0,4937.0,38.0,,73,277,112,789,789,832
Trust No One,it,187340.0,5911.0,40.0,,73,278,317,790,790,833
My Baby,pl,153402.0,4319.0,35.0,,73,279,175,791,791,834
Ghost,it,234000.0,5187.0,41.0,,73,261,158,792,792,835
Oro Addosso*,it,169263.0,5025.0,70.0,,73,280,318,793,793,836
Rottweiler*,it,234000.0,5237.0,41.0,,73,261,316,794,794,837
Stupida*,it,234000.0,4049.0,41.0,,73,261,316,795,795,838
Lamborghini,pl,218400.0,227542.0,58.0,,43,281,319,796,796,839
Ti levo le collane,it,176000.0,203981.0,56.0,,43,282,320,797,797,840
Brivido,it,227693.0,178105.0,69.0,,43,283,321,798,798,841
Smith & Wesson Freestyle,it,130434.0,187146.0,58.0,,43,284,322,799,799,842
Alex,pl,208571.0,171675.0,52.0,,43,284,322,800,800,844
Chico,en,201931.0,149153.0,66.0,,43,282,320,801,801,846
Lifestyle,it,129625.0,110260.0,55.0,,43,284,322,802,802,847
Eravamo re,it,182232.0,127149.0,62.0,,43,285,323,803,803,848
Medellin,pl,195820.0,120274.0,52.0,,43,282,320,804,804,849
Cookies N’ Cream,pl,201845.0,105612.0,66.0,,43,286,166,805,805,851
Cyborg,da,205928.0,113306.0,51.0,,43,282,320,806,806,852
Bling Bling (Oro),it,208506.0,119270.0,67.0,,43,287,324,807,807,853
Mollami,it,155133.0,116959.0,55.0,,43,286,323,808,808,854
Il ragazzo d’oro,it,271426.0,97439.0,47.0,,43,288,325,809,809,855
2%,it,211840.0,83945.0,66.0,,43,287,324,810,810,856
Veleno,it,194106.0,118179.0,59.0,,43,289,326,811,811,857
Modalità Aereo,it,190480.0,110681.0,51.0,,43,287,324,812,812,859
Relaxxx,pl,208293.0,79242.0,47.0,,43,281,319,813,813,860
Equilibrio,it,263200.0,104028.0,44.0,,43,285,323,814,814,861
Saigon,it,218666.0,102094.0,51.0,,43,282,320,815,815,862
Vero,it,182232.0,87275.0,62.0,,43,285,323,816,816,863
Fuori orario,it,199253.0,88181.0,49.0,,43,285,323,817,817,864
Tu non sai,pl,222000.0,81154.0,39.0,,43,285,323,818,818,866
Ti ricordi?,it,203571.0,67973.0,49.0,,43,282,320,819,819,867
Immortale,it,200514.0,75805.0,61.0,,43,282,320,820,820,868
Punto su di te,it,208626.0,89182.0,56.0,,43,281,319,821,821,869
Tuta di Felpa,it,220870.0,63452.0,40.0,,43,290,327,822,822,870
Champagne 4 The Pain,it,226285.0,72394.0,52.0,,43,284,322,823,823,872
Voodoo,it,205346.0,72181.0,60.0,,43,285,323,824,824,873
Trap Phone,en,200533.0,75734.0,56.0,,43,287,328,825,825,874
Stanza 106,it,193421.0,85712.0,45.0,,43,282,320,826,826,875
Lamborghini (RMX),pl,248708.0,68435.0,51.0,,43,291,329,827,827,877
Wagyu,en,154285.0,67896.0,49.0,,43,284,322,828,828,878
Futura Ex,it,190666.0,79057.0,55.0,,43,289,326,829,829,879
Blitz!,da,180266.0,70671.0,55.0,,43,289,326,830,830,880
L’amico degli amici,it,179368.0,63649.0,41.0,,43,282,320,831,831,881
Fast Life,en,164000.0,69575.0,56.0,,43,284,322,832,832,882
Marco da Tropoja,it,137931.0,60729.0,45.0,,43,284,322,833,833,883
Bastardi Senza Gloria,en,156720.0,61226.0,55.0,,43,287,324,834,834,884
Trinità,it,206853.0,70055.0,44.0,,43,281,330,835,835,885
Tardissimo,it,197676.0,67226.0,52.0,,43,282,320,836,836,887
Oro giallo,pl,219906.0,80921.0,49.0,,43,281,319,837,837,888
Scarafaggio,pl,197333.0,63389.0,49.0,,43,281,319,838,838,890
Italian Hustler,en,163214.0,66025.0,54.0,,43,284,322,839,839,891
Vibe,it,151586.0,64906.0,71.0,,43,292,331,840,840,892
Prefissi,it,195662.0,49242.0,50.0,,43,286,166,841,841,893
Montenapo,en,188253.0,64998.0,44.0,,43,293,332,842,842,894
Oro e diamanti,it,220493.0,52765.0,45.0,,43,285,323,843,843,895
VENEZUELA (64 Bars),it,137142.0,71168.0,47.0,,43,294,333,844,844,896
Daytona,pl,162666.0,51635.0,45.0,,43,289,326,845,845,897
Il tipo,it,158000.0,57521.0,43.0,,43,282,320,846,846,898
Piango Sulla Lambo,en,201749.0,49347.0,52.0,,43,289,326,847,847,899
Gangster Of Love,it,165243.0,66425.0,52.0,,43,289,326,848,848,900
Denim Giappo,it,145301.0,55335.0,42.0,,43,284,322,849,849,901
La G La U La E pt.2,it,145433.0,57383.0,46.0,,43,289,326,850,850,902
"Fredda, Triste, Pericolosa",it,171080.0,45612.0,49.0,,43,289,326,851,851,903
Le bimbe piangono,en,224760.0,60151.0,48.0,,43,285,334,852,852,904
Guersace,it,194000.0,48316.0,63.0,,43,281,319,853,853,905
Rose Nere,it,272973.0,63331.0,53.0,,43,283,335,854,854,906
Lunedì Blu,it,241287.0,47490.0,51.0,,43,289,326,855,855,907
25 ore,it,185379.0,45889.0,46.0,,43,282,320,856,856,908
CO$¥MON€¥,it,108510.0,42150.0,43.0,,43,284,322,857,857,909
Domai,lt,178253.0,50002.0,52.0,,43,289,326,858,858,910
Trentuno giorni,it,197800.0,50955.0,60.0,,43,281,319,859,859,911
Bosseggiando,it,200800.0,40965.0,41.0,,43,285,323,860,860,912
Giacomo,pl,203076.0,54602.0,41.0,,43,282,320,861,861,913
Scappati Di Casa,it,240400.0,47756.0,48.0,,43,283,321,862,862,914
Borsello,pl,202826.0,48830.0,58.0,,43,287,324,863,863,916
Fuori,it,281080.0,46843.0,57.0,,43,283,321,864,864,917
Need U 2Nite,en,161506.0,45512.0,52.0,,43,286,166,865,865,918
Oh Mamma Mia,it,168240.0,48078.0,75.0,,43,292,331,866,866,919
Mercy on Me (In sbatti),pl,184186.0,40202.0,39.0,,43,282,320,867,867,920
Milionario,es,201400.0,39889.0,47.0,,43,281,319,868,868,921
Non Lo So,it,174673.0,52304.0,62.0,,43,292,331,869,869,922
Tuta Maphia,it,212145.0,53640.0,49.0,,43,286,166,870,870,923
Babysitter,it,209840.0,42826.0,57.0,,43,287,324,871,871,924
Akrapovič,it,172714.0,40791.0,69.0,,43,292,331,872,872,925
Parte di me,pl,172312.0,46892.0,45.0,,43,282,320,873,873,926
Vita Veloce Freestyle,it,97297.0,42501.0,42.0,,43,284,336,874,874,927
Babyma,it,207142.0,35059.0,48.0,,43,284,322,875,875,928
T’apposto,it,194586.0,37295.0,37.0,,43,281,337,876,876,929
Mi Hai Capito O No?,it,173415.0,45820.0,46.0,,43,286,166,877,877,930
Mimmo flow,it,222146.0,44175.0,38.0,,43,281,319,878,878,931
Pain Is Love,it,175227.0,33237.0,55.0,,43,292,331,879,879,932
Squalo,it,229213.0,36400.0,47.0,,43,285,338,880,880,933
Occhi Su Di Me,it,259990.0,35889.0,35.0,,43,290,323,881,881,934
Claro,en,126946.0,42467.0,46.0,,43,287,324,882,882,936
Niente Photo,it,158920.0,31928.0,36.0,,43,293,339,883,883,937
Me & My B,war,148831.0,33152.0,42.0,,43,284,322,884,884,938
Meravigliosa,it,168266.0,43973.0,68.0,,43,292,331,885,885,939
Nessuno,it,195549.0,33827.0,46.0,,43,289,326,886,886,940
Dem Fake,en,179577.0,39747.0,34.0,,43,282,320,887,887,941
La malaeducazione,it,238666.0,33455.0,36.0,,43,281,319,888,888,942
Pequeno,pt,194000.0,30850.0,63.0,,43,281,323,889,889,943
Te Quiero,it,239256.0,32942.0,27.0,,43,291,319,890,890,944
Free,pl,218507.0,39970.0,60.0,,43,295,166,891,891,946
Chiudi Gli Occhi,it,182153.0,40605.0,46.0,,43,286,166,892,892,947
No Security,en,195960.0,38290.0,34.0,,43,282,320,893,893,948
Senza Sogni,it,175946.0,32274.0,43.0,,43,289,326,894,894,949
Mollami Pt.2,it,155133.0,35480.0,55.0,,43,286,166,895,895,950
Ultimi Giorni,it,183440.0,29173.0,44.0,,43,288,340,896,896,951
Nouveau Riche,fr,191106.0,29720.0,34.0,,43,285,323,897,897,952
Miserabile,it,183053.0,37341.0,40.0,,43,285,323,898,898,953
Non ci sei tu,it,189040.0,25518.0,37.0,,43,281,337,899,899,954
Interstellar,en,220186.0,26137.0,42.0,,43,285,341,900,900,955
Sponsor,en,125527.0,27511.0,39.0,,43,289,326,901,901,956
Movie,it,178709.0,25227.0,59.0,,43,292,331,902,902,957
Hotel,it,227320.0,26908.0,49.0,,43,287,324,903,903,958
Io non ho paura,it,155386.0,31581.0,32.0,,43,291,319,904,904,959
Il Blues Del Perdente (6 Gradi Di Separazione),it,185120.0,29524.0,40.0,,43,288,340,905,905,960
Nicolas Cage,it,181428.0,34890.0,36.0,,43,289,326,906,906,961
Too Old To Die Young,pl,202855.0,33982.0,43.0,,43,289,342,907,907,962
"Un Altro Giorno, Un Altro Euro",en,206013.0,28147.0,35.0,,43,291,319,908,908,963
Léon (The Professional),it,162519.0,26996.0,39.0,,43,286,166,909,909,964
Pappone,it,209920.0,26960.0,38.0,,43,285,343,910,910,965
Tornare Indietro,it,214986.0,29237.0,39.0,,43,283,321,911,911,966
Il viola,it,222440.0,25180.0,35.0,,43,281,319,912,912,967
Lontano Dai Guai,it,220813.0,28818.0,44.0,,43,286,166,913,913,968
Hugh Guefner,it,79786.0,26362.0,39.0,,43,287,324,914,914,969
LOCO,pl,137514.0,25781.0,48.0,,43,296,219,915,915,970
Da 1k In Su,en,205186.0,24434.0,39.0,,43,286,166,916,916,971
Da 0 a 100,it,197714.0,22699.0,57.0,,43,292,331,917,917,972
In Orbita,it,262186.0,28585.0,43.0,,43,283,321,918,918,973
Giù Il Soffitto,it,200640.0,26572.0,45.0,,43,288,344,919,919,974
Disclaimer,it,93562.0,20079.0,33.0,,43,284,322,920,920,975
Uno Come Me,en,210720.0,26539.0,46.0,,43,283,321,921,921,976
Le Tipe,it,161640.0,22143.0,56.0,,43,292,331,922,922,977
Doppio Whisky,it,203531.0,25290.0,41.0,,43,287,345,923,923,978
Maledetto,it,200189.0,24235.0,49.0,,43,297,339,924,924,979
Conta Su Di Me,it,220040.0,20641.0,34.0,,43,288,340,925,925,980
President Rolly,it,182693.0,17076.0,30.0,,43,293,339,926,926,981
Capa Tosta,it,193108.0,19013.0,41.0,,43,286,166,927,927,982
Come Me (Comm’a Me),it,203062.0,21006.0,33.0,,43,290,346,928,928,983
SARAGO (Red Bull 64 Bars),it,143414.0,21172.0,49.0,,43,298,189,929,929,984
Bam Bam,pl,215453.0,17749.0,36.0,,43,287,324,930,930,986
Mattoni,it,387264.0,16669.0,48.0,,43,299,347,931,931,989
Business,pl,217760.0,21656.0,42.0,,43,283,348,932,932,990
Gazelle,it,150769.0,22558.0,56.0,,43,292,331,933,933,991
Big!,da,234840.0,18791.0,34.0,,43,288,340,934,934,997
Non Mi Crederai,it,216320.0,15835.0,29.0,,43,288,340,935,935,998
Sobrio,it,155600.0,16461.0,41.0,,43,287,324,936,936,999
La G La U La E,it,162373.0,14301.0,52.0,,43,292,340,937,937,1000
25 ore RMX,it,183724.0,20525.0,45.0,,43,282,349,938,938,1001
Lungomare Latino,it,185280.0,14801.0,32.0,,43,300,350,939,939,1002
Dichiarazione,it,156800.0,17991.0,36.0,,43,288,340,940,940,1003
Hey Baby,it,183813.0,15522.0,38.0,,43,283,321,941,941,1004
Come Se Fosse Normale,it,175542.0,17139.0,30.0,,43,301,351,942,942,1005
Astronauta,it,151177.0,17575.0,50.0,,43,292,331,943,943,1006
Guersace (RMX),it,255306.0,18711.0,31.0,,43,302,352,944,944,1007
Millioneuro Boy,ia,206324.0,14369.0,21.0,,43,290,323,945,945,1008
Nei Tuoi Skinny,it,187764.0,12960.0,53.0,,43,292,331,946,946,1009
La Mia Ragazza È Gangsta,it,205493.0,13752.0,50.0,,43,283,321,947,947,1010
Sempre In Giro,pl,307245.0,18423.0,42.0,,43,303,353,948,948,1012
"XXX, Pt. 2 (Hardcore)",en,269613.0,17784.0,36.0,,43,288,340,949,949,1015
La G La U La E Pt.3,it,162373.0,16060.0,52.0,,43,292,331,950,950,1016
Figlio Di Dio,it,177666.0,15960.0,38.0,,43,288,340,951,951,1017
"XXX, Pt. 1 (Softcore)",it,192826.0,15913.0,34.0,,43,288,340,952,952,1018
Non lo spegnere,it,196400.0,12620.0,36.0,,43,288,354,953,953,1019
Musical Mafia (Sinatra),pl,161624.0,16420.0,37.0,,43,287,355,954,954,1020
Il Drink & La Jolla,pl,230546.0,13406.0,37.0,,43,283,321,955,955,1021
Amore/Odio,it,142236.0,12895.0,37.0,,43,304,356,956,956,1022
Diventare Grande,it,230117.0,13269.0,35.0,,43,305,340,957,957,1023
Forza Campione,it,242250.0,10672.0,13.0,,43,306,240,958,958,1025
Kalispera,it,192520.0,11139.0,51.0,,43,292,331,959,959,1027
Bamba,it,137853.0,13670.0,33.0,,43,293,339,960,960,1028
La mia collana,it,210360.0,10391.0,32.0,,43,281,319,961,961,1029
Indelebile (Inchiostro),it,230440.0,12796.0,33.0,,43,283,321,962,962,1030
Bravo Ragazzo,it,227693.0,10713.0,69.0,,43,283,357,963,963,1031
Quei Bravi Ragazzi,it,241703.0,11309.0,35.0,,43,283,358,964,964,1032
Cose Non Sane (Interlude),it,44589.0,10753.0,33.0,,43,289,326,965,965,1033
Nei DM,it,216000.0,10480.0,49.0,,43,292,331,966,966,1035
Puoi Toccarmi,it,231133.0,11751.0,37.0,,43,283,321,967,967,1037
Guè Pequeno imparanoiato per il vento in maniera insensata,it,211840.0,9533.0,66.0,,43,287,359,968,968,1038
Pillole,en,221733.0,10638.0,28.0,,43,288,340,969,969,1039
Dedicated,it,236000.0,10268.0,65.0,,43,295,93,970,970,1040
Easy Boy,it,238000.0,10849.0,34.0,,43,283,321,971,971,1041
Ruggine E Ossa,it,205720.0,11873.0,35.0,,43,283,321,972,972,1042
#Bosslife (Bosseggiando pt.2),en,210322.0,10808.0,19.0,,43,307,346,973,973,1043
Amore O Soldi,it,194220.0,8749.0,4.0,,43,308,240,974,974,1044
Barbie Vs Marley,it,214720.0,7859.0,32.0,,43,283,321,975,975,1045
L’Idea Sbagliata,it,218400.0,8750.0,58.0,,43,281,240,976,976,1046
Grezzo,it,281546.0,9644.0,28.0,,43,288,340,977,977,1048
Sul Tetto Del Mondo,it,216093.0,7391.0,38.0,,43,283,321,978,978,1049
Merda in testa,it,171502.0,8591.0,15.0,,43,309,240,979,979,1050
Stiamo Fuori,it,164000.0,8222.0,56.0,,43,284,360,980,980,1052
Duemilatre,it,178775.0,6671.0,59.0,,43,295,93,981,981,1053
Il contatto,it,213269.0,7257.0,60.0,,43,295,93,982,982,1054
Lamborghini (German RMX),de,248931.0,5359.0,17.0,,43,310,361,983,983,1056
We Run The Town,sco,189000.0,5164.0,21.0,,43,307,346,984,984,1057
Supermarket,it,195291.0,6664.0,61.0,,43,295,93,985,985,1059
Che Nessuno Si Muova,it,240719.0,6023.0,26.0,,43,311,356,986,986,1061
KG Anthem,it,247111.0,6308.0,58.0,,43,295,93,987,987,1062
Come Mai (Itaglia),en,242400.0,5584.0,29.0,,43,283,321,988,988,1063
Signora,it,215520.0,5140.0,23.0,,43,307,323,989,989,1064
Si Sboccia,it,216704.0,6447.0,37.0,,43,283,321,990,990,1065
Rimango free,it,218507.0,6016.0,60.0,,43,295,93,991,991,1066
Champion Sound (AI29 Anthem),en,189027.0,5620.0,22.0,,43,307,346,992,992,1067
Crhyme Pays,pl,168143.0,4758.0,59.0,,43,295,362,993,993,1068
Non sei con me,it,196679.0,5380.0,60.0,,43,295,93,994,994,1069
Rap Stallions,en,218400.0,4898.0,58.0,,43,281,353,995,995,1071
My Girl,en,137514.0,4219.0,48.0,,43,296,363,996,996,1072
Fiumi Di Champagne - Tratto Dal film “Natale Col Boss”,it,177149.0,5850.0,29.0,,43,307,364,997,997,1073
XXX Pt.3,it,182256.0,4287.0,37.0,,43,312,240,998,998,1074
Follow Me,en,236466.0,5918.0,17.0,,43,313,240,999,999,1076
Diventare Grande (Lazza RMX),it,230117.0,4906.0,35.0,,43,305,255,1000,1000,1077
Scrocchia-Rapper,it,218400.0,4385.0,58.0,,43,281,240,1001,1001,1079
Oh Mio Dio!,it,198646.0,5099.0,25.0,,43,283,365,1002,1002,1080
Bulletproof,it,187242.0,5760.0,56.0,,43,295,93,1003,1003,1081
Connor,it,186511.0,5479.0,58.0,,43,295,93,1004,1004,1082
Gueddafi,it,218400.0,5627.0,58.0,,43,281,240,1005,1005,1083
Mollami RMX,en,190451.0,5334.0,18.0,,43,290,346,1006,1006,1084
Dogofiero,it,218400.0,5401.0,58.0,,43,281,366,1007,1007,1085
Seconda Famiglia,pl,137514.0,5716.0,48.0,,43,296,367,1008,1008,1087
Nell’Uragano,it,218400.0,4513.0,58.0,,43,281,368,1009,1009,1088
Mind Your Bizness,en,233769.0,4994.0,21.0,,43,314,353,1010,1010,1090
Per Chi Mi Hai Preso,it,165633.0,4455.0,8.0,,43,315,369,1011,1011,1091
Middle Finger (XL & Rock IT Dissing),it,248866.0,5993.0,10.0,,43,316,353,1012,1012,1092
Boss!,it,200800.0,5905.0,41.0,,43,285,356,1013,1013,1095
Trafficanti Di Sogni,it,188473.0,4092.0,31.0,,43,304,356,1014,1014,1096
After Hourz (3 am),it,166000.0,5426.0,58.0,,43,295,93,1015,1015,1097
Classe Violenta,it,234083.0,5865.0,18.0,,43,304,370,1016,1016,1098
Power Guè (Big In Milano),it,247111.0,4375.0,58.0,,43,295,353,1017,1017,1099
Rompiossa,it,218400.0,5150.0,58.0,,43,281,368,1018,1018,1100
Dichiarazione (Young Miles RMX),it,138750.0,5848.0,26.0,,43,305,255,1019,1019,1101
Piombo a Tempo,it,234032.0,4079.0,20.0,,43,311,356,1020,1020,1102
Il Ragazzo D’Oro (Charlie Charles RMX),it,251351.0,5409.0,23.0,,43,305,255,1021,1021,1103
Fresh Come Una Rosa,it,198480.0,4608.0,23.0,,43,317,240,1022,1022,1104
Grazie a Me,it,171502.0,5868.0,15.0,,43,309,240,1023,1023,1105
Oh Signore,it,218400.0,5961.0,58.0,,43,281,240,1024,1024,1106
Bumaye,it,171502.0,5907.0,15.0,,43,309,371,1025,1025,1107
Io Non Ballo,it,247111.0,4965.0,58.0,,43,295,353,1026,1026,1109
Smokin’ Combo,it,159248.0,5741.0,23.0,,43,318,372,1027,1027,1110
Non Confonderti,it,218400.0,5706.0,58.0,,43,281,373,1028,1028,1111
Dogologia,it,236226.0,4653.0,25.0,,43,319,363,1029,1029,1113
Non ci puoi avere,it,168618.0,5673.0,54.0,,43,295,93,1030,1030,1114
Mixtape King,nl,171502.0,4087.0,15.0,,43,309,240,1031,1031,1115
Brivido - Soundtrack Version - The Opening,it,247767.0,5208.0,27.0,,43,283,358,1032,1032,1116
Rap Quotables,cs,218400.0,4474.0,58.0,,43,281,368,1033,1033,1117
Fai Il Bravo,pl,186731.0,4255.0,20.0,,43,283,240,1034,1034,1118
Ultimi Giorni (Shablo RMX),it,205445.0,4167.0,28.0,,43,305,255,1035,1035,1119
Lamborghini (Swiss RMX),de,185806.0,5405.0,18.0,,43,320,374,1036,1036,1120
Figlio Di Dio (Gemitaiz RMX),it,162666.0,4693.0,28.0,,43,305,255,1037,1037,1121
Giù Il Soffitto (2nd Roof RMX),it,164380.0,5464.0,25.0,,43,305,255,1038,1038,1122
R.E.B,it,227693.0,4143.0,69.0,,43,283,375,1039,1039,1123
Partito D.O.G.O.,pl,219386.0,4645.0,11.0,,43,321,353,1040,1040,1125
Come Piace a Me,it,198480.0,5095.0,23.0,,43,317,240,1041,1041,1126
Voglio Lei,it,290280.0,5598.0,37.0,,43,322,353,1042,1042,1128
Più Pesante Del Cielo,it,273777.0,4651.0,27.0,,43,305,376,1043,1043,1129
Vite Veloci,it,218400.0,5267.0,58.0,,43,281,353,1044,1044,1130
Big! (Drillionaire RMX),en,218972.0,5788.0,27.0,,43,305,255,1045,1045,1136
Nella City,it,292261.0,5248.0,5.0,,43,323,363,1046,1046,1137
Seconda Pelle,it,137514.0,4480.0,48.0,,43,296,353,1047,1047,1138
Amore-Odio,it,142236.0,4060.0,37.0,,43,304,363,1048,1048,1139
New Pussy,it,203493.0,5758.0,33.0,,43,324,353,1049,1049,1140
Droga Rap Uncut,pl,242746.0,4056.0,26.0,,43,325,353,1050,1050,1141
Bomberz,pl,218400.0,5768.0,58.0,,43,281,240,1051,1051,1143
Il Blues Del Perdente (6 Gradi di Separazione) [DJ Harsh RMX],it,199148.0,5072.0,24.0,,43,305,255,1052,1052,1144
Trema Il Palazzo,it,283626.0,5896.0,41.0,,43,326,353,1053,1053,1145
Castigo,it,218400.0,5616.0,58.0,,43,281,377,1054,1054,1146
Luce,it,219904.0,6015.0,45.0,,43,297,363,1055,1055,1147
Non Lo Spegnere (Junior K RMX),it,226428.0,4715.0,20.0,,43,305,255,1056,1056,1148
Sgrilla Loverz,it,195506.0,5552.0,40.0,,43,327,378,1057,1057,1149
Il Sesto Senso,it,170724.0,4819.0,6.0,,43,328,363,1058,1058,1150
Sangue,it,269154.0,4975.0,25.0,,43,329,379,1059,1059,1151
Colpisco&Sparisco,it,292261.0,5271.0,5.0,,43,323,240,1060,1060,1152
La G La U La E (Don Joe RMX),pl,169756.0,5763.0,19.0,,43,305,255,1061,1061,1153
Street Cinema,pl,164000.0,5989.0,56.0,,43,284,380,1062,1062,1154
Traffico,it,176146.0,5553.0,0.0,,43,330,381,1063,1063,1155
Pizza Connection,en,171502.0,4851.0,15.0,,43,309,371,1064,1064,1158
Giudizio Di Dio,it,183306.0,4857.0,14.0,,43,331,363,1065,1065,1159
Rivelazioni,it,218400.0,5492.0,58.0,,43,281,368,1066,1066,1161
D.O.G.O. Meets Prestigio Click,it,171502.0,4491.0,15.0,,43,309,371,1067,1067,1164
La Fetta,it,218400.0,4234.0,58.0,,43,281,368,1068,1068,1165
Pillole (Night Skinny RMX),pl,195348.0,4722.0,18.0,,43,305,255,1069,1069,1166
A’ Vita Veloce,it,164000.0,4589.0,56.0,,43,284,353,1070,1070,1168
The Infimous Dogo Gang,it,183306.0,4605.0,14.0,,43,331,382,1071,1071,1169
Figli Di P.,it,177666.0,4480.0,38.0,,43,288,363,1072,1072,1170
Fuori Orario - Acoustic Jam Session,it,223326.0,4095.0,23.0,,43,290,38,1073,1073,1171
Sinfonia N. 7,it,248708.0,4048.0,51.0,,43,291,383,1074,1074,1173
Rap Roba Fresh,it,188630.0,5993.0,19.0,,43,332,363,1075,1075,1174
Dopeman,it,218400.0,4871.0,58.0,,43,281,353,1076,1076,1176
Fattore Wow!,it,195506.0,4782.0,40.0,,43,327,363,1077,1077,1177
Monster Weed Intro,pl,200640.0,5375.0,45.0,,43,288,378,1078,1078,1178
Rose Nere - Soundtrack Version - The End,it,232000.0,4450.0,26.0,,43,283,358,1079,1079,1179
(S)compensi,pl,218400.0,5919.0,58.0,,43,281,368,1080,1080,1182
Inedito (1999),it,218400.0,5589.0,58.0,,43,281,384,1081,1081,1183
Dammi I Tuoi Milioni,it,180137.0,4192.0,75.0,,43,333,353,1082,1082,1184
Strade Di Fuoco,en,208293.0,4849.0,47.0,,43,281,353,1083,1083,1185
Angeli E Santi,it,253413.0,5776.0,8.0,,43,334,363,1084,1084,1186
Cartier,en,218400.0,5908.0,58.0,,43,281,363,1085,1085,1187
Snob Reloaded,it,218400.0,4949.0,58.0,,43,281,363,1086,1086,1188
NBA PROMO ITALIA,it,203493.0,5242.0,33.0,,43,324,385,1087,1087,1189
24/7,it,240053.0,4347.0,13.0,,43,335,363,1088,1088,1190
Milano-Roma,it,247111.0,5999.0,58.0,,43,295,363,1089,1089,1191
Grand Royal,pl,292261.0,4477.0,5.0,,43,323,353,1090,1090,1192
Killer Verse,it,196400.0,5901.0,36.0,,43,288,373,1091,1091,1193
La Bella Italia,it,284386.0,5315.0,28.0,,43,336,363,1092,1092,1194
Tutta Roba Mia,it,247111.0,5232.0,58.0,,43,295,363,1093,1093,1195
Catrame,it,218400.0,5041.0,58.0,,43,281,363,1094,1094,1196
Menomati,it,218400.0,4476.0,58.0,,43,281,240,1095,1095,1197
Megalopoli Suono,it,179513.0,4366.0,51.0,,43,337,363,1096,1096,1198
Life-Stories,it,164000.0,4454.0,56.0,,43,284,363,1097,1097,1199
La Bomba,it,183306.0,4385.0,14.0,,43,331,363,1098,1098,1200
Senza Censura,it,164000.0,5575.0,56.0,,43,284,363,1099,1099,1201
MM & Guè Pequeno,it,216320.0,4713.0,29.0,,43,288,363,1100,1100,1202
Lontano Outro,it,179513.0,4128.0,51.0,,43,337,353,1101,1101,1203
Immobile,it,276546.0,5956.0,9.0,,43,338,363,1102,1102,1204
Role Models,it,230160.0,5784.0,32.0,,43,339,363,1103,1103,1205
Chi Ci Ferma,it,219386.0,5873.0,11.0,,43,321,363,1104,1104,1206
Tutti I Giorni,it,206393.0,6007.0,20.0,,43,340,363,1105,1105,1207
Cookies N’ Cream RMX,it,201845.0,4359.0,66.0,,43,286,386,1106,1106,1208
Frangetta VS Club Dogo,it,219386.0,4806.0,11.0,,43,321,363,1107,1107,1209
Fanno Ridere,it,198480.0,5533.0,23.0,,43,317,363,1108,1108,1210
Criminal Minded,it,285658.0,5407.0,7.0,,43,341,363,1109,1109,1211
Musica Narcotica,it,179513.0,4320.0,51.0,,43,337,363,1110,1110,1212
Nun Ce Provà,it,165000.0,5647.0,0.0,,43,342,363,1111,1111,1213
Sinfonia Numero 7,it,248708.0,4463.0,51.0,,43,291,363,1112,1112,1214
Rendez-Vous Col Delirio,it,260413.0,4461.0,42.0,,43,343,363,1113,1113,1215
Capo Status,en,168133.0,5088.0,28.0,,43,344,363,1114,1114,1216
You Know NA-MI,it,164000.0,5202.0,56.0,,43,284,363,1115,1115,1217
Squalo - Acoustic Jam Session,it,215798.0,5174.0,14.0,,43,290,346,1116,1116,1218
Fuck Tomorrow,it,137514.0,4195.0,48.0,,43,296,363,1117,1117,1219
Amen,it,218400.0,5772.0,58.0,,43,281,363,1118,1118,1220
Dangerous,it,218400.0,4545.0,58.0,,43,281,363,1119,1119,1221
Lavaggio Del Cervello,it,283626.0,4271.0,41.0,,43,326,363,1120,1120,1222
Real TV,pl,155373.0,5794.0,30.0,,43,345,363,1121,1121,1223
Red Carpet,it,220040.0,5929.0,34.0,,43,288,363,1122,1122,1224
In Alto,it,241554.0,5740.0,8.0,,43,346,363,1123,1123,1225
Fai Quello Che Vuoi,it,224835.0,5634.0,7.0,,43,347,363,1124,1124,1226
Scambi Di Materiale,it,183306.0,5324.0,14.0,,43,331,363,1125,1125,1227
Eravamo Re - Acoustic Jam Session,it,161615.0,5115.0,13.0,,43,290,346,1126,1126,1228
Stop That Train,it,249600.0,4185.0,89.0,,43,348,363,1127,1127,1229
Guerrieri Del Microfono,it,236466.0,4830.0,17.0,,43,313,363,1128,1128,1230
Supercalifrigida,it,130285.0,48320.0,37.0,,69,349,387,1129,1129,1231
Il Mago,it,187623.0,33560.0,41.0,,69,350,388,1130,1130,1232
Schifo,it,274025.0,12943.0,23.0,,69,351,389,1131,1131,1233
Risatatà,it,221323.0,5119.0,24.0,,69,351,390,1132,1132,1234
Amnesia,it,220754.0,4177.0,30.0,,69,351,390,1133,1133,1235
Tipi da club,it,199728.0,4454.0,17.0,,69,351,216,1134,1134,1236
Empatia,it,235350.0,5382.0,17.0,,69,351,390,1135,1135,1237
Donne,it,253639.0,4164.0,16.0,,69,351,390,1136,1136,1238
Scimmia,it,201015.0,5718.0,29.0,,69,351,390,1137,1137,1239
Giostre,it,275587.0,5003.0,13.0,,69,351,390,1138,1138,1240
AMEMÌ,it,194833.0,4977.0,19.0,,69,352,391,1139,1139,1241
Ballo,pl,196568.0,5200.0,27.0,,69,353,392,1140,1140,1242
SBA,it,140725.0,5662.0,21.0,,69,351,390,1141,1141,1243
Chi,it,547121.0,4709.0,12.0,,69,351,390,1142,1142,1244
Erbavoglio,it,247000.0,5371.0,15.0,,69,354,393,1143,1143,1245
Pistolero,it,212062.0,5146.0,14.0,,69,355,394,1144,1144,1246
Tachicardia,it,237600.0,4546.0,22.0,,69,351,390,1145,1145,1247
Missili,it,206133.0,5775.0,13.0,,69,356,395,1146,1146,1248
Parlami,it,214749.0,5610.0,30.0,,69,353,396,1147,1147,1249
Senso,it,182160.0,5331.0,12.0,,69,356,395,1148,1148,1250
N°1,it,203546.0,5715.0,32.0,,69,353,396,1149,1149,1251
Vaderetro,it,130253.0,5750.0,14.0,,69,356,395,1150,1150,1253
Je suis désolé,it,192835.0,5431.0,27.0,,69,353,397,1151,1151,1254
El Matador,it,169712.0,5689.0,30.0,,69,353,398,1152,1152,1255
Risatatà RMX,it,221323.0,5411.0,24.0,,69,351,399,1153,1153,1256
Tutto,it,236725.0,5373.0,7.0,,69,351,390,1154,1154,1257
AH,it,145090.0,5252.0,31.0,,69,357,135,1155,1155,1258
Balb & Tando,it,207626.0,5521.0,13.0,,69,356,395,1156,1156,1259
Ba...ba...baciami piccina,it,160769.0,4328.0,17.0,,69,358,400,1157,1157,1260
Lalala-Lalala-Lalalala-Lalala,it,182241.0,5779.0,16.0,,69,353,396,1158,1158,1261
Ovvio,it,236133.0,5759.0,15.0,,69,356,395,1159,1159,1262
Fred Astaire,it,182880.0,4070.0,22.0,,69,353,396,1160,1160,1263
O.M.P.,it,194564.0,5665.0,16.0,,69,353,401,1161,1161,1264
Karate,it,143316.0,4269.0,24.0,,69,359,402,1162,1162,1265
Dinamite,it,144444.0,4684.0,26.0,,69,360,403,1163,1163,1266
Paura,it,199626.0,5502.0,23.0,,69,361,404,1164,1164,1267
Sparirò,it,206896.0,4333.0,26.0,,69,362,405,1165,1165,1268
Mon Ami•e,it,174545.0,5649.0,17.0,,69,363,406,1166,1166,1269
AMEMÌ (New Edit),it,194833.0,5681.0,19.0,,69,352,407,1167,1167,1270
Mandibola,it,191000.0,5027.0,18.0,,69,364,85,1168,1168,1271
Macho,it,202105.0,4024.0,23.0,,69,365,408,1169,1169,1272
Lararì,it,164262.0,4585.0,20.0,,69,366,69,1170,1170,1273
Brucia,it,129032.0,5247.0,20.0,,69,367,409,1171,1171,1274
Lev 26:6-8,it,133421.0,5977.0,17.0,,69,368,410,1172,1172,1275
Attimo,it,177600.0,5278.0,17.0,,69,369,271,1173,1173,1276
Banana,it,111114.0,4533.0,15.0,,69,370,65,1174,1174,1277
Sir Cavalier,it,192000.0,5283.0,17.0,,69,371,411,1175,1175,1278
Tutti Frutty,it,138352.0,11905.0,21.0,,86,372,412,1176,1176,1279
​rosa naturale,it,183870.0,9841.0,27.0,,86,373,413,1177,1177,1280
MAMA,it,171144.0,4873.0,36.0,,86,374,280,1178,1178,1281
"Ti amo, ti odio",pt,197714.0,5869.0,26.0,,86,375,270,1179,1179,1284
What U Do To Me,en,186466.0,5096.0,24.0,,86,376,414,1180,1180,1285
00:23,en,137445.0,5941.0,18.0,,86,377,415,1181,1181,1286
Drink,en,190013.0,4695.0,16.0,,86,378,416,1182,1182,1287
Body Adi,en,210633.0,5278.0,13.0,,86,379,417,1183,1183,1288
7 Giorni,it,168568.0,5879.0,16.0,,86,380,62,1184,1184,1289
Caffè e Lacrime,it,219930.0,4215.0,22.0,,86,381,418,1185,1185,1290
Doo Wop,en,233346.0,5893.0,10.0,,86,376,414,1186,1186,1291
Rusinè,it,162666.0,5389.0,15.0,,86,382,419,1187,1187,1292
Nella tana del mostro,it,181343.0,4147.0,13.0,,86,383,420,1188,1188,1293
SETA,it,165394.0,4614.0,14.0,,86,382,419,1189,1189,1294
Melancholia,it,184784.0,5431.0,17.0,,86,384,421,1190,1190,1295
PHONE CALLS,cs,174600.0,4145.0,8.0,,86,382,419,1191,1191,1296
4L,it,193903.0,5178.0,13.0,,86,382,419,1192,1192,1297
Animal,en,223813.0,4704.0,17.0,,86,376,414,1193,1193,1298
Down On Earth,en,180107.0,5254.0,5.0,,86,382,419,1194,1194,1299
Confetti,en,239146.0,4103.0,8.0,,86,376,414,1195,1195,1300
Cold Water,en,192933.0,5758.0,9.0,,86,376,414,1196,1196,1301
Heavy Dirty Soul,en,201546.0,5964.0,9.0,,86,376,414,1197,1197,1302
Giovane fuoriclasse,it,221973.0,569687.0,60.0,,15,385,422,1198,1198,1303
Allenamento #2,it,151421.0,450099.0,61.0,,15,386,423,1199,1199,1304
Tesla,it,185146.0,311583.0,67.0,,15,385,424,1200,1200,1306
Ne è valsa la pena,es,234600.0,266408.0,61.0,,15,385,424,1201,1201,1307
Nisida,it,236000.0,193848.0,60.0,,15,387,425,1202,1202,1308
Allenamento #3,it,166404.0,166421.0,56.0,,15,388,426,1203,1203,1309
Uno squillo,it,208813.0,183130.0,65.0,,15,385,424,1204,1204,1310
Forte e chiaro,it,219173.0,140498.0,61.0,,15,385,424,1205,1205,1311
Non cambierò mai,it,208920.0,132844.0,52.0,,15,385,351,1206,1206,1312
Allenamento #4,it,170078.0,121939.0,57.0,,15,389,427,1207,1207,1313
Allenamento #1,it,151389.0,109130.0,50.0,,15,390,428,1208,1208,1314
Vabbene,it,195613.0,82370.0,56.0,,15,385,424,1209,1209,1315
Giù da me,it,180653.0,100810.0,50.0,,15,385,424,1210,1210,1316
Come me,it,197253.0,81004.0,50.0,,15,385,424,1211,1211,1317
Billets,it,198536.0,71947.0,55.0,,15,391,125,1212,1212,1318
20,it,241800.0,60026.0,51.0,,15,385,424,1213,1213,1319
Interlude (Ora è la mia ora),it,135506.0,63073.0,49.0,,15,385,424,1214,1214,1320
Non Fare Così,it,192786.0,60274.0,64.0,,15,389,429,1215,1215,1321
Non si ferma,gl,217573.0,47903.0,41.0,,15,392,430,1216,1216,1322
VVS,pl,184320.0,40810.0,52.0,,15,389,429,1217,1217,1323
No Stress,en,180871.0,39755.0,51.0,,15,389,429,1218,1218,1324
Plaza,it,214588.0,39216.0,67.0,,15,393,429,1219,1219,1325
Nike Boy,it,146413.0,33300.0,41.0,,15,385,424,1220,1220,1326
Richard Mille,it,226233.0,40249.0,42.0,,15,389,429,1221,1221,1327
OMG,it,196969.0,29103.0,51.0,,15,389,429,1222,1222,1328
Money Rain,it,156674.0,32726.0,58.0,,15,394,431,1223,1223,1329
So cosa fare,it,175068.0,38675.0,46.0,,15,395,432,1224,1224,1330
Fiamme Alte,it,208276.0,29957.0,46.0,,15,389,429,1225,1225,1331
Street,it,242600.0,32178.0,52.0,,15,396,429,1226,1226,1332
Coupé,it,176585.0,28872.0,54.0,,15,391,125,1227,1227,1333
Demonio,it,190666.0,27137.0,57.0,,15,389,429,1228,1228,1334
I Miss U,it,183439.0,35454.0,61.0,,15,394,431,1229,1229,1335
Soldi Arrotolati,it,151515.0,28377.0,67.0,,15,394,431,1230,1230,1336
El Chapo JR,it,202546.0,33637.0,33.0,,15,397,433,1231,1231,1337
Sto Magazine Freestyle #2,it,193044.0,25402.0,27.0,,15,398,434,1232,1232,1338
Nuovo Inizio,it,171125.0,25134.0,62.0,,15,399,435,1233,1233,1339
Mai come vogliono (Freestyle),it,195651.0,22094.0,8.0,,15,400,436,1234,1234,1340
Track 1,it,133193.0,28801.0,40.0,,15,389,429,1235,1235,1341
J$ JP,it,208346.0,25677.0,41.0,,15,385,424,1236,1236,1342
Ancora Qua,it,164177.0,29681.0,59.0,,15,394,431,1237,1237,1343
Sottovuoto,it,167999.0,25223.0,69.0,,15,394,431,1238,1238,1344
RATATA,it,214603.0,28694.0,57.0,,15,391,125,1239,1239,1345
Nato Per Questo,it,167076.0,20324.0,47.0,,15,394,437,1240,1240,1346
Ferrari,pl,185379.0,25482.0,37.0,,15,389,429,1241,1241,1347
Ferite,it,181565.0,24597.0,70.0,,15,399,431,1242,1242,1348
New Jeans,it,125893.0,24205.0,32.0,,15,401,438,1243,1243,1349
Acqua Passata,it,189120.0,24691.0,62.0,,15,394,439,1244,1244,1350
Capri Sun,en,199680.0,22496.0,69.0,,15,402,10,1245,1245,1351
Lo So Che,it,181565.0,21112.0,70.0,,15,399,435,1246,1246,1352
La Ca$$a,it,207789.0,16428.0,63.0,,15,403,431,1247,1247,1353
Ultimo Banco,it,177575.0,15335.0,44.0,,15,389,429,1248,1248,1354
Memories,it,156183.0,21158.0,53.0,,15,394,431,1249,1249,1355
Borse Hermès,it,160509.0,18163.0,61.0,,15,394,411,1250,1250,1356
Oh Amore,it,225132.0,19268.0,52.0,,15,394,431,1251,1251,1357
Dal Quartiere,pl,171315.0,16947.0,25.0,,15,404,440,1252,1252,1359
Taxi,it,194386.0,14453.0,39.0,,15,385,424,1253,1253,1360
Tutto Passa,it,163673.0,13771.0,31.0,,15,404,441,1254,1254,1361
Baby Girl,it,137399.0,17376.0,53.0,,15,394,431,1255,1255,1362
Tevez,it,138000.0,15707.0,37.0,,15,389,429,1256,1256,1363
Mi Riempi Di Chiamate,it,192196.0,14151.0,56.0,,15,394,431,1257,1257,1364
Envidioso,pl,196758.0,15998.0,52.0,,15,389,442,1258,1258,1365
Pochette,it,169846.0,12348.0,41.0,,15,389,429,1259,1259,1366
Ho fatto strada,it,172500.0,14836.0,43.0,,15,405,443,1260,1260,1367
In gamba*,it,151421.0,12871.0,61.0,,15,386,59,1261,1261,1368
Busy,it,160235.0,15624.0,49.0,,15,394,431,1262,1262,1369
X FAVORE,it,358413.0,12645.0,56.0,,15,406,444,1263,1263,1370
Successo,it,185847.0,11348.0,35.0,,15,389,429,1264,1264,1371
Nun Me Fid’,pl,221654.0,8811.0,21.0,,15,404,441,1265,1265,1372
I Soldi Parlano,it,194711.0,8948.0,44.0,,15,407,445,1266,1266,1373
No Drama,it,177637.0,9843.0,47.0,,15,394,431,1267,1267,1374
Non Basta Mai,it,144512.0,10309.0,67.0,,15,408,446,1268,1268,1376
Freddy Krueger Freestyle,it,99327.0,10366.0,44.0,,15,409,84,1269,1269,1377
Goyard,it,164087.0,8861.0,48.0,,15,402,447,1270,1270,1378
Tutta La Night,it,167999.0,10388.0,49.0,,15,394,431,1271,1271,1379
Panama,pl,172988.0,9937.0,46.0,,15,407,445,1272,1272,1380
RapStar,pl,167234.0,9480.0,49.0,,15,402,10,1273,1273,1381
Stone Island,it,177230.0,6785.0,47.0,,15,402,10,1274,1274,1382
Solo Un’Ora,it,177599.0,8168.0,46.0,,15,394,431,1275,1275,1383
Giro coi miei (Freestyle),it,152163.0,6787.0,24.0,,15,410,448,1276,1276,1384
Non C’è Love,it,167102.0,6839.0,48.0,,15,394,431,1277,1277,1385
Sto giù,it,193044.0,8942.0,27.0,,15,398,449,1278,1278,1386
Loro che ne sanno,it,201684.0,6098.0,26.0,,15,404,441,1279,1279,1387
Hustle,it,199680.0,7054.0,69.0,,15,402,10,1280,1280,1388
Dolce E Amara,it,183356.0,7244.0,54.0,,15,399,435,1281,1281,1389
Nati Bastardi,it,151090.0,7318.0,55.0,,15,399,435,1282,1282,1390
Fino All’Alba,it,157168.0,6719.0,58.0,,15,394,24,1283,1283,1391
Tutti i Giorni,it,222981.0,4821.0,29.0,,15,411,450,1284,1284,1392
Nuovo Canada,it,184601.0,5421.0,43.0,,15,407,445,1285,1285,1393
Pronto,pl,199333.0,5765.0,36.0,,15,407,445,1286,1286,1394
Everyday Everynight,en,244536.0,4756.0,41.0,,15,402,10,1287,1287,1396
Money Time Freestyle,it,109213.0,4951.0,50.0,,15,402,10,1288,1288,1397
Paranoie (BIT),it,233239.0,4137.0,41.0,,15,402,10,1289,1289,1398
Air Force,en,176223.0,4167.0,40.0,,15,402,10,1290,1290,1399
Nonstop RMX,pl,181668.0,4805.0,58.0,,15,412,451,1291,1291,1400
Hennessy,it,148333.0,4277.0,43.0,,15,402,10,1292,1292,1401
No Game,it,159947.0,5151.0,20.0,,15,404,452,1293,1293,1402
Non Bastano Mai,it,165957.0,5393.0,42.0,,15,402,10,1294,1294,1403
Giungla,it,140010.0,5617.0,51.0,,15,402,10,1295,1295,1404
Bad Boy,it,160591.0,4414.0,63.0,,15,413,453,1296,1296,1405
Dimmi Tu,it,194549.0,4347.0,47.0,,15,399,435,1297,1297,1406
For Pecché,en,122553.0,4221.0,0.0,,15,414,441,1298,1298,1407
Mayweather Freestyle,pl,1106572.0,5285.0,13.0,,15,415,454,1299,1299,1408
Forse sbaglio*,it,180137.0,5429.0,75.0,,15,416,411,1300,1300,1409
105 Mi Casa Mashup: Capo Plaza con New Jeans su Totiana,en,181565.0,4074.0,70.0,,15,399,455,1301,1301,1410
Trap Take Radio 105 (2021),it,1106572.0,5890.0,13.0,,15,415,456,1302,1302,1411
Sulamente Nuje,da,205834.0,4116.0,31.0,,15,404,457,1303,1303,1412
Capiti Male,en,228411.0,5097.0,18.0,,15,404,441,1304,1304,1413
Abu Dhabi*,it,157206.0,5433.0,34.0,,15,417,458,1305,1305,1414
Il Nuovo Album,it,152163.0,5756.0,24.0,,15,410,459,1306,1306,1415
Poco Amichevole*,it,181668.0,5444.0,58.0,,15,412,166,1307,1307,1416
Don’t Panic*,en,147714.0,5621.0,1.0,,15,418,316,1308,1308,1417
Vari Conti*,it,222981.0,4692.0,29.0,,15,411,450,1309,1309,1418
Trap Take Radio 105,it,1106572.0,5646.0,13.0,,15,415,460,1310,1310,1419
7 miliardi,it,167089.0,182235.0,53.0,,61,419,461,1311,1311,1420
Amici,it,180950.0,206161.0,58.0,,61,419,462,1312,1312,1421
Ansia,it,216000.0,118226.0,43.0,,61,419,438,1313,1313,1422
Sabbie d’oro,it,232000.0,117747.0,51.0,,61,419,463,1314,1314,1423
STUPIDO,it,187431.0,93264.0,60.0,,61,420,255,1315,1315,1424
Miss,it,197585.0,97011.0,53.0,,61,421,464,1316,1316,1425
CAZZO CULO,it,233865.0,90869.0,42.0,,61,420,255,1317,1317,1426
Scialla semper,it,180950.0,89750.0,58.0,,61,419,462,1318,1318,1427
Polo Nord,en,249303.0,64575.0,53.0,,61,421,195,1319,1319,1428
Moneylove,it,172538.0,62861.0,62.0,,61,422,408,1320,1320,1429
AIRFORCE,it,220235.0,68409.0,58.0,,61,420,255,1321,1321,1430
BUGIE,it,229343.0,55467.0,44.0,,61,420,4,1322,1322,1431
X3,it,140592.0,72843.0,45.0,,61,419,465,1323,1323,1432
Totoro,it,195452.0,54678.0,45.0,,61,421,466,1324,1324,1433
Cella senza cesso [CSC],it,156969.0,71260.0,45.0,,61,421,467,1325,1325,1434
Ramen girl,it,146043.0,50145.0,48.0,,61,419,462,1326,1326,1435
Cocco,it,164756.0,44468.0,48.0,,61,419,462,1327,1327,1436
Soldati,it,147577.0,51446.0,37.0,,61,419,462,1328,1328,1437
TROIA,it,214785.0,44825.0,48.0,,61,420,255,1329,1329,1438
FUMO,it,230600.0,41491.0,39.0,,61,420,255,1330,1330,1439
CASA NUOVA,it,184234.0,42049.0,45.0,,61,420,255,1331,1331,1440
DEBITI,it,144370.0,39765.0,41.0,,61,420,255,1332,1332,1441
G,it,161506.0,30843.0,52.0,,61,423,255,1333,1333,1442
Criminali,it,241134.0,37429.0,32.0,,61,424,468,1334,1334,1443
Polo Nord (Emodrill version 2019),it,188891.0,36776.0,36.0,,61,421,195,1335,1335,1444
BREBBIA 2012,it,168605.0,28838.0,54.0,,61,420,255,1336,1336,1445
Non Parlarmi (Outro),it,211258.0,23344.0,45.0,,61,422,469,1337,1337,1446
SAI SOLO SCOPARE!,it,187419.0,28309.0,38.0,,61,420,255,1338,1338,1447
BANG BANG,it,141540.0,21542.0,35.0,,61,420,255,1339,1339,1448
Straniero,it,176343.0,19276.0,57.0,,61,422,408,1340,1340,1449
Miss (Emodrill version 2019),it,197585.0,21238.0,53.0,,61,421,195,1341,1341,1450
Doppietta Freestyle,it,176343.0,22520.0,57.0,,61,422,470,1342,1342,1451
Polo Nord (C+N Progressive Mix),it,249303.0,25077.0,53.0,,61,421,195,1343,1343,1452
BERETTA,it,162040.0,23568.0,39.0,,61,420,194,1344,1344,1453
100K,it,210784.0,22616.0,35.0,,61,420,255,1345,1345,1454
Baklava,it,176343.0,19550.0,57.0,,61,422,471,1346,1346,1455
Diluvio,it,192072.0,16554.0,44.0,,61,422,408,1347,1347,1456
Totoro 2,it,195452.0,15870.0,45.0,,61,421,408,1348,1348,1457
Le Cose Cambiano (Lcc),it,174586.0,19410.0,42.0,,61,422,408,1349,1349,1458
SOLO SEX,it,176055.0,13099.0,35.0,,61,420,255,1350,1350,1459
Senza Di Me,it,150693.0,18180.0,48.0,,61,422,408,1351,1351,1460
Massimo Pericolo (Intro),it,190464.0,16010.0,34.0,,61,422,408,1352,1352,1461
Tu Tu Tu,it,195419.0,13854.0,55.0,,61,425,472,1353,1353,1462
Fils De Pute,it,205885.0,15319.0,38.0,,61,422,408,1354,1354,1464
Totoro (Emodrill version 2019),it,195452.0,12387.0,45.0,,61,421,195,1355,1355,1465
Insieme,it,155248.0,13820.0,41.0,,61,422,408,1356,1356,1466
Di Persona,it,153048.0,13141.0,39.0,,61,422,408,1357,1357,1467
Come Aria,it,195887.0,10088.0,41.0,,61,422,408,1358,1358,1468
Ciao Frate,it,141146.0,8948.0,43.0,,61,422,408,1359,1359,1469
Povero Stronzo,it,192141.0,8129.0,34.0,,61,422,408,1360,1360,1470
Sarabamba,it,241368.0,9116.0,30.0,,61,426,473,1361,1361,1471
Ancora Qua,it,168263.0,6004.0,35.0,,61,422,408,1362,1362,1472
Ivan Zucco (Red Bull 64 Bars),it,182937.0,5872.0,34.0,,61,427,474,1363,1363,1473
Tony Montana,it,195000.0,5277.0,40.0,,61,428,475,1364,1364,1474
Punto 3,it,191489.0,5480.0,2.0,,61,429,476,1365,1365,1475
Punto 4,it,173717.0,4275.0,25.0,,61,430,477,1366,1366,1476
Punto 6,it,191489.0,5449.0,2.0,,61,429,478,1367,1367,1477
Gavirate,it,202591.0,5834.0,35.0,,61,428,475,1368,1368,1478
Elimini,it,124543.0,4370.0,35.0,,61,428,475,1369,1369,1479
Punto 1,it,211258.0,4489.0,45.0,,61,422,479,1370,1370,1480
Paparazzi,it,176343.0,5961.0,57.0,,61,422,480,1371,1371,1481
Mood,it,157590.0,4374.0,34.0,,61,428,475,1372,1372,1482
Straniero RMX,it,236910.0,5727.0,40.0,,61,431,481,1373,1373,1484
Punto 2,it,212331.0,4999.0,0.0,,61,432,482,1374,1374,1485
Punto 5,it,173717.0,4507.0,25.0,,61,430,483,1375,1375,1486
Red Bull Paga (Red Bull 64 Bars),it,194500.0,5757.0,33.0,,61,433,484,1376,1376,1487
X3 (Versione 2024),it,153078.0,4904.0,0.0,,61,434,485,1377,1377,1488
MACHETE CONTEST #jointhecrew2014,it,208621.0,5045.0,51.0,,61,435,486,1378,1378,1489
Non sono cambiato*,it,176343.0,4732.0,57.0,,61,422,408,1379,1379,1490
Yolandi,it,194374.0,164761.0,49.0,,93,436,487,1380,1380,1491
Benji & Fede,pl,211000.0,38547.0,29.0,,93,437,488,1381,1381,1492
Suicide Squad,it,219213.0,40569.0,52.0,,93,438,489,1382,1382,1493
All’indenno,it,200280.0,41791.0,26.0,,93,439,490,1383,1383,1494
Un pò un pino,it,170413.0,27855.0,30.0,,93,439,490,1384,1384,1495
Psicopatico,it,205013.0,28117.0,63.0,,93,440,491,1385,1385,1496
Tourette,it,243916.0,24508.0,25.0,,93,441,492,1386,1386,1498
Parlerò di te,it,249800.0,24183.0,32.0,,93,441,492,1387,1387,1499
Succhiamy,it,194374.0,13721.0,49.0,,93,436,493,1388,1388,1500
Te Puzza Freestyle,pl,153373.0,11884.0,20.0,,93,439,494,1389,1389,1501
Porca ma donna,it,226906.0,9532.0,82.0,,93,442,487,1390,1390,1502
Luna,it,174190.0,8487.0,22.0,,93,441,260,1391,1391,1503
Benjamin,it,249800.0,6935.0,32.0,,93,441,492,1392,1392,1504
Magnate la merda,it,192626.0,7219.0,19.0,,93,439,490,1393,1393,1505
Hallelujah,it,156000.0,7597.0,35.0,,93,443,495,1394,1394,1506
Le pagine della nostra vita,it,215333.0,7027.0,20.0,,93,444,87,1395,1395,1507
Anna,it,181570.0,8348.0,63.0,,93,445,487,1396,1396,1508
Questo mio caffè,it,183321.0,6848.0,58.0,,93,446,487,1397,1397,1509
Fuoco,it,212500.0,6128.0,19.0,,93,441,492,1398,1398,1510
King Del Trash,it,198788.0,6971.0,22.0,,93,447,496,1399,1399,1511
Black Ops,it,172519.0,7190.0,53.0,,93,448,497,1400,1400,1512
In fondo al bar,pl,121411.0,5495.0,24.0,,93,449,498,1401,1401,1513
Charles Manson,it,246410.0,5479.0,11.0,,93,441,492,1402,1402,1514
Cancer,it,218720.0,5018.0,13.0,,93,441,492,1403,1403,1515
Esmeralda,es,206193.0,6648.0,23.0,,93,441,492,1404,1404,1516
Zitta e baciami,it,180137.0,6153.0,75.0,,93,450,499,1405,1405,1517
10 Gennaio,it,490730.0,5675.0,1.0,,93,451,500,1406,1406,1518
Intro (Jolly Mixtape),it,155715.0,6427.0,5.0,,93,452,487,1407,1407,1519
Yes Sir,en,168461.0,5900.0,13.0,,93,441,501,1408,1408,1520
Intro,it,46000.0,5434.0,5.0,,93,439,490,1409,1409,1521
Paranoya,it,201054.0,6002.0,48.0,,93,453,487,1410,1410,1522
Stupido iphone,it,209074.0,4424.0,13.0,,93,441,492,1411,1411,1523
Killer,it,185946.0,4236.0,26.0,,93,454,502,1412,1412,1524
Ballare,it,146162.0,4552.0,23.0,,93,441,492,1413,1413,1525
Ma sciushhh,it,166133.0,4125.0,55.0,,93,455,487,1414,1414,1526
A.A.A.,it,200280.0,5077.0,26.0,,93,439,487,1415,1415,1527
Penz,it,139115.0,5887.0,10.0,,93,441,492,1416,1416,1528
Andale,it,172384.0,4089.0,10.0,,93,441,492,1417,1417,1529
Noi,it,170840.0,4256.0,64.0,,93,456,487,1418,1418,1530
Benvenuto al sud,it,140816.0,4919.0,75.0,,93,457,487,1419,1419,1531
Fin A Massera,it,173842.0,5885.0,72.0,,93,458,503,1420,1420,1532
Jolly Freestyle #1 🍌,pl,397013.0,4646.0,21.0,,93,459,504,1421,1421,1533
Gli occhi dell’albero,it,189624.0,5028.0,14.0,,93,460,505,1422,1422,1534
Valium,it,130061.0,4095.0,36.0,,93,461,487,1423,1423,1535
Non dormo più,it,221403.0,4310.0,72.0,,93,462,487,1424,1424,1536
Scrivere Ridere Vivere,it,156923.0,5989.0,68.0,,93,463,487,1425,1425,1537
Respirare,it,238597.0,5946.0,21.0,,93,464,506,1426,1426,1538
Jolly Walter,it,186626.0,4022.0,51.0,,93,465,507,1427,1427,1539
Chi vuole un po’ di hip-hop soul?,it,380000.0,5920.0,23.0,,93,466,487,1428,1428,1540
Alice,it,138750.0,5293.0,13.0,,93,460,322,1429,1429,1541
Oh Freh,pl,166133.0,5750.0,55.0,,93,455,487,1430,1430,1542
Silent Hill,pl,190755.0,4923.0,11.0,,93,467,508,1431,1431,1543
Ti vorrò ancora,it,170874.0,5045.0,12.0,,93,460,322,1432,1432,1544
Ma vaffanculo,it,186284.0,4991.0,12.0,,93,468,194,1433,1433,1545
Tt. ok,pl,159713.0,5347.0,11.0,,93,439,509,1434,1434,1546
Je t’aime,it,162500.0,4292.0,19.0,,93,460,322,1435,1435,1547
Dick Tok,it,123823.0,4070.0,14.0,,93,439,509,1436,1436,1548
Il vento più caldo,it,234125.0,4628.0,9.0,,93,460,322,1437,1437,1549
Con una sega,it,189194.0,5422.0,10.0,,93,439,509,1438,1438,1550
Miele,it,190318.0,4416.0,12.0,,93,469,26,1439,1439,1551
Paow,it,74271.0,5359.0,10.0,,93,439,509,1440,1440,1552
Al cielo di Roma,it,212375.0,5956.0,11.0,,93,460,322,1441,1441,1553
Povero,it,137472.0,4200.0,12.0,,93,439,509,1442,1442,1554
Jolly Freestyle #2,it,87318.0,5359.0,14.0,,93,439,509,1443,1443,1555
C parl a fa,it,135872.0,4900.0,10.0,,93,439,509,1444,1444,1556
Sombrero,it,135322.0,5753.0,12.0,,93,439,509,1445,1445,1557
Sto fort,it,136495.0,4365.0,10.0,,93,439,509,1446,1446,1558
Preghiera #1,it,166133.0,5400.0,55.0,,93,455,510,1447,1447,1559
Parlerò di te “Unplugged”,it,196261.0,5690.0,12.0,,93,470,455,1448,1448,1560
Benjamin Freestyle,it,211903.0,5906.0,12.0,,93,471,492,1449,1449,1561
Domenica sera,it,203000.0,5381.0,6.0,,93,460,322,1450,1450,1562
Quant’è bello far l’amore,it,179790.0,5009.0,8.0,,93,472,511,1451,1451,1563
Belfast,it,181846.0,5250.0,16.0,,93,472,511,1452,1452,1564
Sgeladu,pl,129031.0,5751.0,14.0,,93,439,509,1453,1453,1565
La gente mi fa schifo,it,185000.0,5155.0,9.0,,93,472,511,1454,1454,1566
Galassie,it,201676.0,4072.0,13.0,,93,472,511,1455,1455,1567
SARAH,it,190059.0,5878.0,17.0,,93,473,512,1456,1456,1568
Ti ho sognata tutta la notte,it,177303.0,5395.0,9.0,,93,474,513,1457,1457,1569
Faje chell che vuó,it,171371.0,5368.0,13.0,,93,472,511,1458,1458,1570
Sei bellissima così,it,226906.0,4443.0,82.0,,93,442,459,1459,1459,1571
Oslo,it,181898.0,5333.0,15.0,,93,472,511,1460,1460,1572
L’unica cosa che ho,it,185620.0,4800.0,10.0,,93,472,511,1461,1461,1573
Nike,it,191334.0,5318.0,8.0,,93,472,511,1462,1462,1574
Simona,it,154500.0,4225.0,13.0,,93,475,514,1463,1463,1575
Dondola,it,151548.0,5330.0,11.0,,93,472,511,1464,1464,1576
Je T’Amo Ancora,it,206871.0,6016.0,13.0,,93,476,515,1465,1465,1577
Lucciole,it,137299.0,4110.0,50.0,,93,477,516,1466,1466,1578
Aime-moi avant la fin du mond,pl,223367.0,5969.0,1.0,,93,478,517,1467,1467,1579
Sugar,it,145975.0,4827.0,7.0,,93,472,511,1468,1468,1580
Due gocce nel mare,it,164531.0,5758.0,8.0,,93,472,511,1469,1469,1581
Non posso dire un c**** Freestyle,it,226906.0,5581.0,82.0,,93,442,518,1470,1470,1582
Notte stellata,it,206242.0,5147.0,58.0,,93,479,519,1471,1471,1583
03:33 Freestyle,it,240107.0,5494.0,3.0,,93,480,520,1472,1472,1584
TUTA GOLD,it,178467.0,282135.0,63.0,,58,481,90,1473,1473,1585
Soldi,it,195133.0,211297.0,67.0,,58,482,521,1474,1474,1586
Barrio,it,165245.0,91830.0,59.0,,58,483,280,1475,1475,1587
Brividi,it,199146.0,76362.0,64.0,,58,484,522,1476,1476,1588
Rapide,it,243624.0,61674.0,53.0,,58,485,523,1477,1477,1589
Moonlight popolare,it,215708.0,54876.0,44.0,,58,486,524,1478,1478,1590
Dorado,es,178302.0,47475.0,54.0,,58,485,250,1479,1479,1592
Inuyasha,it,234274.0,28862.0,49.0,,58,487,525,1480,1480,1593
Gioventù Bruciata,it,197760.0,30805.0,47.0,,58,482,125,1481,1481,1594
Uramaki,it,176640.0,20177.0,44.0,,58,482,258,1482,1482,1595
T’Amo,it,272916.0,22399.0,38.0,,58,485,508,1483,1483,1596
Klan,it,179076.0,17283.0,48.0,,58,485,88,1484,1484,1597
Milano Good Vibes,it,178373.0,16283.0,45.0,,58,482,526,1485,1485,1598
Asia Occidente,it,229466.0,16471.0,40.0,,58,482,496,1486,1486,1599
RA TA TA,it,152383.0,16602.0,61.0,,58,488,65,1487,1487,1600
SEMPRE / JAMAIS,it,192991.0,17244.0,51.0,,58,488,439,1488,1488,1601
Talata (٣),it,188496.0,14699.0,44.0,,58,485,508,1489,1489,1602
Il Nilo Nel Naviglio,it,187053.0,15063.0,48.0,,58,482,527,1490,1490,1603
Rubini,it,228362.0,13396.0,53.0,,58,485,508,1491,1491,1604
NEI LETTI DEGLI ALTRI,it,152383.0,13570.0,61.0,,58,488,94,1492,1492,1605
Anni 90,it,197466.0,12395.0,36.0,,58,482,496,1493,1493,1606
NEL TUO MARE,it,208956.0,9586.0,39.0,,58,488,94,1494,1494,1607
STELLA CADENTE,it,215469.0,11959.0,40.0,,58,488,94,1495,1495,1608
Mai Figlio Unico,it,178973.0,12036.0,35.0,,58,482,496,1496,1496,1609
Zero,it,259489.0,10905.0,39.0,,58,485,528,1497,1497,1610
PARADISO,it,182786.0,10095.0,43.0,,58,488,94,1498,1498,1612
COCKTAIL D’AMORE,it,204590.0,9748.0,46.0,,58,489,529,1499,1499,1613
SOTTOMARINI,it,173558.0,11274.0,54.0,,58,490,512,1500,1500,1614
BAKUGO,it,168241.0,9605.0,39.0,,58,488,94,1501,1501,1615
Remo,it,188080.0,9155.0,42.0,,58,482,527,1502,1502,1616
Kobra,it,180340.0,7457.0,46.0,,58,485,508,1503,1503,1617
Ghettolimpo,it,228362.0,8551.0,53.0,,58,485,508,1504,1504,1618
NEVE SULLE JORDAN,it,180969.0,8585.0,44.0,,58,488,94,1505,1505,1619
Karma,it,213538.0,8034.0,38.0,,58,485,508,1506,1506,1620
PERSONALE,it,153609.0,8323.0,57.0,,58,488,439,1507,1507,1621
TUTTI CONTRO TUTTI,it,185080.0,7976.0,38.0,,58,488,94,1508,1508,1622
Sabbie Mobili,it,190733.0,6814.0,36.0,,58,482,527,1509,1509,1623
Baci Dalla Tunisia,it,240816.0,6937.0,34.0,,58,485,508,1510,1510,1624
Icaro È Libero,it,175431.0,6927.0,33.0,,58,485,508,1511,1511,1625
Dei,it,143392.0,6312.0,35.0,,58,485,508,1512,1512,1626
NLDA INTRO,it,90228.0,6576.0,35.0,,58,488,94,1513,1513,1627
Klan (Spanish Version),es,179077.0,4046.0,29.0,,58,485,508,1514,1514,1628
Soldi (Bonus Track),pl,299061.0,4404.0,63.0,,58,491,527,1515,1515,1629
Dimentica,it,201251.0,4025.0,38.0,,58,492,530,1516,1516,1630
OVERDOSE,it,126439.0,5310.0,43.0,,58,488,439,1517,1517,1631
Pesos,it,181333.0,5813.0,36.0,,58,493,531,1518,1518,1632
Eternatena,it,228362.0,4500.0,53.0,,58,485,455,1519,1519,1633
In fondo al mar,it,184946.0,5871.0,30.0,,58,494,22,1520,1520,1634
Redemption Song,en,160179.0,4131.0,23.0,,58,495,532,1521,1521,1635
Luna Fortuna,it,231426.0,5884.0,23.0,,58,496,533,1522,1522,1636
Dorado (Solo version),it,485407.0,4716.0,24.0,,58,497,534,1523,1523,1637
Piramidi,it,178467.0,4215.0,59.0,,58,488,535,1524,1524,1638
Calipso (Acoustic),it,228362.0,4987.0,53.0,,58,485,536,1525,1525,1639
Inuyasha (Versione video),it,90228.0,4526.0,35.0,,58,488,525,1526,1526,1640
Africa,it,231000.0,4581.0,36.0,,58,498,143,1527,1527,1641
Rapide (Acoustic),it,243624.0,4627.0,25.0,,58,499,537,1528,1528,1642
Zero (Demo),it,192779.0,5620.0,20.0,,58,500,538,1529,1529,1643
Inuyasha (Acoustic),it,234274.0,5092.0,49.0,,58,487,539,1530,1530,1644
Baciala,it,196586.0,4634.0,23.0,,58,494,22,1531,1531,1645
7 Vizi Capitale,it,197857.0,20069.0,37.0,,78,501,540,1532,1532,1646
Supercafone,it,230133.0,7914.0,52.0,,78,502,541,1533,1533,1647
Cuore Nero,it,237633.0,6302.0,28.0,,78,503,542,1534,1534,1648
S.u.b.u.r.r.a.,it,259586.0,4839.0,26.0,,78,503,542,1535,1535,1649
La grande onda,pl,192080.0,4257.0,52.0,,78,504,543,1536,1536,1650
È ora di andare,it,213498.0,4374.0,25.0,,78,503,542,1537,1537,1651
Roma Calling,en,217893.0,5380.0,20.0,,78,505,544,1538,1538,1653
Scivola via,it,256043.0,4375.0,19.0,,78,503,542,1539,1539,1654
Troppo Avanti,it,218253.0,5066.0,40.0,,78,506,545,1540,1540,1655
Spingo io,it,208266.0,5435.0,30.0,,78,502,546,1541,1541,1656
Fiore dell’infame,it,190191.0,4225.0,20.0,,78,503,542,1542,1542,1657
Un’estate ed è finito,it,250880.0,5151.0,22.0,,78,504,547,1543,1543,1658
Di noi,it,185320.0,4526.0,6.0,,78,507,162,1544,1544,1659
La giostra,it,201700.0,5942.0,18.0,,78,503,548,1545,1545,1660
S.u.b.u.r.r.a. theme song,it,58402.0,4980.0,20.0,,78,503,542,1546,1546,1661
Solo per noi,it,218373.0,5627.0,13.0,,78,507,496,1547,1547,1662
7 Vizi Capitale (Spanish Version),en,304973.0,5114.0,3.0,,78,508,542,1548,1548,1663
Supercafone (1996),it,230133.0,4100.0,52.0,,78,502,541,1549,1549,1664
La mossa del giaguaro,it,229200.0,5283.0,39.0,,78,509,1,1550,1550,1665
Piotta è morto,it,180920.0,5921.0,26.0,,78,505,549,1551,1551,1666
La Forza Che Scorre (Taverna VIII Colle 1996),it,250054.0,5218.0,10.0,,78,510,550,1552,1552,1667
Roma 2000 International,en,254173.0,5654.0,14.0,,78,502,546,1553,1553,1673
7 Vizi Capitale [Suburra Radio Edit],it,197857.0,5784.0,37.0,,78,501,551,1554,1554,1674
Lella...e poi,it,202485.0,4468.0,16.0,,78,511,552,1555,1555,1675
Ma quando!?,it,312800.0,4437.0,13.0,,78,502,546,1556,1556,1676
Lode a Dio,it,181348.0,5235.0,23.0,,78,511,29,1557,1557,1677
A cena dar Trucido,it,89266.0,4835.0,6.0,,78,502,541,1558,1558,1678
Dimmi Qual’è Il Nome,it,191333.0,5699.0,28.0,,78,502,546,1559,1559,1679
Ciclico,it,230600.0,5817.0,26.0,,78,502,553,1560,1560,1680
Su di me (Outtake),it,223834.0,4720.0,79.0,,78,512,542,1561,1561,1681
Ma la vita,it,181720.0,4486.0,6.0,,78,507,496,1562,1562,1682
Tequila il mambo del Giubileo,it,213226.0,5577.0,32.0,,78,509,1,1563,1563,1683
La Valigia,it,257693.0,4564.0,18.0,,78,502,546,1564,1564,1684
Odio gli Indifferenti,it,180920.0,5664.0,26.0,,78,505,554,1565,1565,1685
"Sotto, Sotto",it,248173.0,4862.0,9.0,,78,502,546,1566,1566,1686
Comunque vada...,it,230133.0,5352.0,52.0,,78,502,546,1567,1567,1687
’na notte infame,it,225405.0,4203.0,22.0,,78,511,29,1568,1568,1688
Maledetti quegli Anni 90,it,199560.0,5264.0,9.0,,78,507,496,1569,1569,1689
Professore,it,100080.0,4918.0,17.0,,78,513,29,1570,1570,1690
Serpico,pl,192994.0,5187.0,21.0,,78,511,29,1571,1571,1691
Barbara,it,204040.0,4349.0,26.0,,78,514,555,1572,1572,1692
È ora di andare (ff rmx),it,196764.0,5489.0,18.0,,78,503,542,1573,1573,1693
"Piazzale Lagosta, 1",it,169400.0,5741.0,2.0,,78,505,544,1574,1574,1694
Incompatibile [Originale],it,204933.0,4447.0,4.0,,78,515,541,1575,1575,1695
Overture,it,134633.0,4202.0,16.0,,78,503,542,1576,1576,1696
Il tempo ritrovato,it,199040.0,4059.0,4.0,,78,507,496,1577,1577,1697
Hai mai,it,212693.0,5297.0,4.0,,78,507,496,1578,1578,1698
Il meglio,it,264826.0,5230.0,11.0,,78,502,546,1579,1579,1699
Bbw,it,187000.0,5107.0,7.0,,78,514,555,1580,1580,1700
Troppo poco,it,206586.0,4477.0,3.0,,78,505,554,1581,1581,1702
Eurocontanti,it,189080.0,4795.0,26.0,,78,516,1,1582,1582,1703
Goccia Dopo Goccia,it,211466.0,5205.0,3.0,,78,505,544,1583,1583,1704
Freak Mama,it,211306.0,5009.0,20.0,,78,504,543,1584,1584,1705
Diario di bordo,it,240866.0,5994.0,8.0,,78,504,543,1585,1585,1706
Sempre là,it,206333.0,4286.0,22.0,,78,504,543,1586,1586,1707
7 Vizi Capitale [Strumentale],it,241592.0,5405.0,6.0,,78,501,551,1587,1587,1708
"Sì, sì (Un pezzo maschio col fischio)",it,214333.0,4824.0,8.0,,78,502,546,1588,1588,1709
INPS (In Nome del Popolo Sovrano),it,240320.0,4869.0,4.0,,78,505,554,1589,1589,1710
Single,it,205706.0,5451.0,17.0,,78,504,543,1590,1590,1711
Se se se se,it,206333.0,5402.0,22.0,,78,504,29,1591,1591,1712
L’Amore cos’è?,it,269775.0,6000.0,11.0,,78,511,29,1592,1592,1713
Ladro di te,it,216933.0,4269.0,22.0,,78,517,1,1593,1593,1714
Casablanca Beat,en,192840.0,4220.0,5.0,,78,504,543,1594,1594,1715
Bella,it,216293.0,5463.0,4.0,,78,514,555,1595,1595,1716
Le facce nascoste,it,194480.0,5171.0,5.0,,78,507,496,1596,1596,1717
Io non rido,it,164600.0,4561.0,2.0,,78,505,554,1597,1597,1718
Ode romana,pl,172073.0,4170.0,12.0,,78,511,29,1598,1598,1719
Io non ho paura,it,202575.0,4182.0,13.0,,78,511,29,1599,1599,1720
Ognuno con un sè (2024 vrs),it,243074.0,5805.0,11.0,,78,511,29,1600,1600,1721
Figli di un temporale,it,198636.0,4396.0,12.0,,78,511,29,1601,1601,1722
Chi non lavora non fa l’amore,it,183826.0,4661.0,3.0,,78,517,1,1602,1602,1723
Il Domatore,it,158973.0,4465.0,2.0,,78,505,554,1603,1603,1724
Mai Mai Mai,it,133386.0,4725.0,4.0,,78,505,554,1604,1604,1725
PS2,da,182773.0,4151.0,7.0,,78,504,543,1605,1605,1726
Giovani d’oggi,it,188946.0,5054.0,10.0,,78,506,545,1606,1606,1728
Tutto mio,it,272000.0,4146.0,0.0,,78,518,556,1607,1607,1729
Pazzo di te,it,177986.0,5618.0,2.0,,78,506,545,1608,1608,1730
Ognuno con un sé,it,243074.0,4481.0,11.0,,78,511,29,1609,1609,1731
Multi Culti,it,218253.0,5094.0,40.0,,78,506,545,1610,1610,1734
Hey,it,195466.0,5779.0,6.0,,78,506,545,1611,1611,1735
Questa è la tua notte,it,234813.0,5318.0,2.0,,78,506,545,1612,1612,1736
Ragga,nl,172773.0,5082.0,6.0,,78,504,543,1613,1613,1737
Ciao Stellina,it,103640.0,4662.0,1.0,,78,506,545,1614,1614,1738
BossaRoma,it,184133.0,4679.0,14.0,,78,504,543,1615,1615,1739
Antipopstar,it,269306.0,5356.0,1.0,,78,517,1,1616,1616,1740
L’antagonista,it,245426.0,6007.0,3.0,,78,517,1,1617,1617,1741
Anime in bilico,it,215306.0,5339.0,7.0,,78,517,1,1618,1618,1742
Riflessi,it,338693.0,5130.0,1.0,,78,517,1,1619,1619,1743
Ridateci la Piotta,it,67093.0,5477.0,2.0,,78,506,545,1620,1620,1744
Pago le tasse (e che c___o sto comprando_),it,174893.0,4946.0,2.0,,78,517,1,1621,1621,1745
A misura d’uomo,it,189760.0,4133.0,2.0,,78,517,1,1622,1622,1746
Fly away,en,227200.0,5138.0,1.0,,78,517,1,1623,1623,1747
Incompatibile - Strumentale,en,204800.0,5934.0,0.0,,78,515,1,1624,1624,1748
Non fermateci,it,206546.0,4364.0,2.0,,78,506,545,1625,1625,1749
Tu parli,it,272640.0,5397.0,0.0,,78,517,1,1626,1626,1750
La Valigia - Strumentale,en,264133.0,4415.0,0.0,,78,515,1,1627,1627,1751
Non ti lascia,it,209733.0,5085.0,6.0,,78,517,1,1628,1628,1752
Chi non lavora non fa l’amore (Bad boy version),it,185520.0,4206.0,0.0,,78,517,1,1629,1629,1753
Fumo bianco,it,251830.0,163924.0,48.0,,16,519,129,1630,1630,1754
Sciacquati la bocca*,it,224210.0,86493.0,47.0,,16,520,350,1631,1631,1755
Dale,it,199322.0,31278.0,45.0,,16,521,424,1632,1632,1756
Bitch 2.0,it,224210.0,28789.0,47.0,,16,520,557,1633,1633,1757
Sister (Pastiglie),it,227200.0,24026.0,43.0,,16,522,558,1634,1634,1758
3G,en,209900.0,17360.0,44.0,,16,523,559,1635,1635,1760
Bella Così,it,228247.0,9731.0,43.0,,16,524,560,1636,1636,1761
Sarebbe comodo,it,192857.0,10417.0,38.0,,16,525,561,1637,1637,1762
Mangiauomini,it,156923.0,4489.0,46.0,,16,526,197,1638,1638,1763
Coca Cola,it,195598.0,5996.0,24.0,,16,527,339,1639,1639,1764
Nel Prime,it,118800.0,5871.0,51.0,,16,528,17,1640,1640,1765
La Voce di Chadia,it,150500.0,5093.0,27.0,,16,529,562,1641,1641,1766
Bitch 3.0,en,130145.0,5699.0,27.0,,16,530,563,1642,1642,1767
Le regole della bitch,it,126500.0,5058.0,28.0,,16,531,271,1643,1643,1768
Donne che odiano le donne,it,219360.0,5261.0,24.0,,16,532,564,1644,1644,1769
Non mi uccidere,it,214500.0,4189.0,21.0,,16,533,442,1645,1645,1770
Criminale,it,162580.0,5528.0,26.0,,16,534,211,1646,1646,1771
Figli del deserto,it,127036.0,4265.0,22.0,,16,535,140,1647,1647,1772
Tutt* stran*,it,175206.0,5666.0,19.0,,16,536,326,1648,1648,1773
Griselda,it,117600.0,5579.0,33.0,,16,537,76,1649,1649,1774
JEFA I FREESTYLE,it,336993.0,5432.0,8.0,,16,538,565,1650,1650,1775
Bondage – la gola,it,181343.0,4082.0,20.0,,16,539,566,1651,1651,1776
Filo spinato - la superbia,it,198521.0,4619.0,21.0,,16,540,439,1652,1652,1777
Sugar Daddy,it,113814.0,4538.0,30.0,,16,541,567,1653,1653,1778
Bitchcoin Freestyle,it,189125.0,4734.0,25.0,,16,542,568,1654,1654,1779
Gangshit,it,199200.0,4186.0,52.0,,16,543,569,1655,1655,1780
La Cosa Più Bella Che Ho,it,250840.0,85292.0,47.0,,17,544,390,1656,1656,1781
Hola!,it,245666.0,51990.0,41.0,,17,545,462,1657,1657,1782
Un Giorno All’Improvviso,it,180863.0,36882.0,76.0,,17,546,570,1658,1658,1783
Joint,en,268706.0,30020.0,36.0,,17,544,390,1659,1659,1784
Gandhi,it,102800.0,30262.0,36.0,,17,545,5,1660,1660,1785
Dio Rap,en,245800.0,27473.0,29.0,,17,547,571,1661,1661,1786
Come Fa?,en,195725.0,21772.0,28.0,,17,548,572,1662,1662,1787
Cos Cos Cos,it,233022.0,21561.0,48.0,,17,549,573,1663,1663,1788
Alleluia,it,230053.0,17390.0,27.0,,17,545,128,1664,1664,1789
A Capa Sotto,en,246106.0,20787.0,20.0,,17,544,390,1665,1665,1790
Guardando la luna (Napoli RMX),it,198522.0,18993.0,52.0,,17,550,135,1666,1666,1791
Cenere,it,240946.0,14589.0,33.0,,17,544,574,1667,1667,1792
Mare Di Notte,it,168933.0,18136.0,41.0,,17,545,128,1668,1668,1793
Un Palmo Dal Cielo,it,222426.0,12126.0,30.0,,17,545,575,1669,1669,1794
Smoke Bong,pl,158573.0,15404.0,26.0,,17,545,128,1670,1670,1795
Babylon,it,187373.0,12203.0,32.0,,17,545,128,1671,1671,1796
Tarantelle (Che Ne Sarà Di Me),it,219653.0,14313.0,35.0,,17,545,128,1672,1672,1797
Tutti Scienziati,it,234266.0,14052.0,29.0,,17,544,390,1673,1673,1798
Uè Ammo,it,234706.0,13717.0,20.0,,17,544,576,1674,1674,1799
Voceanima,it,251491.0,13292.0,27.0,,17,549,573,1675,1675,1800
Quando Sono Lontano,it,208573.0,10358.0,43.0,,17,551,577,1676,1676,1801
Versi Di Te,it,221386.0,9240.0,33.0,,17,545,128,1677,1677,1802
Diario Di Bordo,it,197853.0,10110.0,24.0,,17,545,128,1678,1678,1803
Fumo,en,267069.0,9120.0,39.0,,17,549,573,1679,1679,1804
Freddo,it,167773.0,10061.0,31.0,,17,545,128,1680,1680,1805
Chi Vuole Essere Milionario?,it,166120.0,8756.0,35.0,,17,545,578,1681,1681,1806
O’ Vient,fr,245479.0,10962.0,43.0,,17,552,579,1682,1682,1807
La Mia Follia,it,213786.0,8937.0,28.0,,17,545,128,1683,1683,1808
Spartanapoli,sr,189053.0,9551.0,17.0,,17,544,390,1684,1684,1809
Luna,it,198522.0,6843.0,52.0,,17,550,573,1685,1685,1810
La mia musica,it,243933.0,8292.0,24.0,,17,553,580,1686,1686,1811
Oracolo del Sud,it,275833.0,8301.0,35.0,,17,549,573,1687,1687,1813
Keep Calm E Sientete A Clementino,it,236120.0,6934.0,24.0,,17,544,390,1688,1688,1814
Crazy shit (VM18),it,184605.0,7230.0,28.0,,17,554,581,1689,1689,1815
ATM,it,182939.0,7664.0,32.0,,17,554,175,1690,1690,1816
Toxico,it,211160.0,5929.0,34.0,,17,553,582,1691,1691,1817
Stamm Ccà,pl,223240.0,6770.0,17.0,,17,544,390,1692,1692,1818
Capate storte,es,149092.0,6456.0,26.0,,17,554,581,1693,1693,1819
Top Player,it,227382.0,5600.0,33.0,,17,549,583,1694,1694,1820
Desaparecidos,pt,192146.0,6045.0,42.0,,17,554,581,1695,1695,1821
Sempreverde,it,217760.0,5241.0,25.0,,17,545,128,1696,1696,1822
Emirates,en,204735.0,5113.0,40.0,,17,554,581,1697,1697,1823
Eclissi,it,194162.0,5380.0,28.0,,17,554,581,1698,1698,1825
Revenge,it,189100.0,7103.0,32.0,,17,554,581,1699,1699,1826
Ragazzi Fuori,it,202480.0,5645.0,28.0,,17,544,584,1700,1700,1827
Paolo Sorrentino,it,241480.0,6225.0,17.0,,17,544,390,1701,1701,1828
Boom,pt,241309.0,5091.0,28.0,,17,549,573,1702,1702,1830
Don Raffaè,it,207386.0,4662.0,38.0,,17,551,577,1703,1703,1831
Lo Strano Caso Di Iena White,it,236682.0,5028.0,30.0,,17,549,573,1704,1704,1832
Amore lo-fi,pl,199493.0,4893.0,35.0,,17,554,581,44,44,1833
Pianoforte A Vela,it,247486.0,4223.0,30.0,,17,552,585,1705,1705,1834
Univers,pl,221988.0,5297.0,33.0,,17,555,581,1706,1706,1835
The dark side of Iena White,en,137546.0,4444.0,27.0,,17,554,581,1707,1707,1836
Dedicato A Pino Daniele,it,202813.0,5255.0,34.0,,17,551,586,1708,1708,1837
Black Pulcinella,it,192146.0,5315.0,42.0,,17,554,581,1709,1709,1838
Electro Cage,it,212986.0,4316.0,20.0,,17,549,583,1710,1710,1840
Sound of Napoli,en,195866.0,4135.0,27.0,,17,554,581,1711,1711,1841
Dalle Palazzine,it,292266.0,5578.0,25.0,,17,552,587,1712,1712,1845
MKCNF8,co,184741.0,4933.0,25.0,,17,554,581,1713,1713,1846
Amsterdam,it,217692.0,4129.0,21.0,,17,552,585,1714,1714,1847
Giungla,it,213252.0,6008.0,33.0,,17,552,585,1715,1715,1848
Non passa mai,pl,167398.0,4126.0,34.0,,17,554,581,1716,1716,1850
L’età ré Tass,co,190746.0,5406.0,25.0,,17,556,588,1717,1717,1851
Profumo Di Strada,it,274437.0,5986.0,21.0,,17,549,573,1718,1718,1854
Coffeeshop,it,183520.0,4490.0,19.0,,17,544,390,1719,1719,1855
Deserto,it,190853.0,4296.0,15.0,,17,544,390,1720,1720,1856
Messaggeri del Vesuvio,en,398613.0,4255.0,14.0,,17,549,585,1721,1721,1868
Obbe,it,285680.0,4619.0,14.0,,17,549,573,1722,1722,1869
Strade Superstar,it,208338.0,4214.0,27.0,,17,549,573,1723,1723,1870
Dal centro all’hinterland,en,275147.0,5400.0,18.0,,17,549,573,1724,1724,1872
Sotto Le Stelle,it,212704.0,4136.0,30.0,,17,549,589,1725,1725,1873
Spiriti & Show,it,223290.0,5033.0,21.0,,17,549,573,1726,1726,1875
La belva umana,gl,100608.0,6008.0,26.0,,17,554,581,1727,1727,1876
Messaggeri del Vesuvio II,it,398613.0,5643.0,14.0,,17,549,573,1728,1728,1888
Rovine,it,232906.0,5247.0,25.0,,17,553,582,1729,1729,1889
Partenope,eu,186583.0,4627.0,27.0,,17,557,590,1730,1730,1890
Da Che Parte Stai?,it,199980.0,5265.0,34.0,,17,549,591,1731,1731,1891
Notte,it,225320.0,5069.0,52.0,,17,558,573,1732,1732,1892
Woodstock,en,191133.0,4866.0,20.0,,17,549,573,1733,1733,1893
Senza Pensieri,it,296560.0,4275.0,26.0,,17,552,592,1734,1734,1894
Questa Volta,it,268991.0,5791.0,18.0,,17,552,585,1735,1735,1895
Ghiacciai,it,207297.0,4914.0,21.0,,17,549,573,1736,1736,1896
E’ tritolo,en,232122.0,4402.0,16.0,,17,549,573,1737,1737,1897
El Señor,es,256557.0,4750.0,20.0,,17,549,573,1738,1738,1898
Aquila Reale,it,201960.0,4843.0,22.0,,17,552,585,1739,1739,1899
O’ Cazone Largo,it,224813.0,5672.0,21.0,,17,556,588,1740,1740,1901
Finale Di Fuoco,en,235480.0,5482.0,13.0,,17,553,582,1741,1741,1902
Mea Culpa,pl,245479.0,5556.0,43.0,,17,552,585,1742,1742,1903
Al Tramonto,it,194560.0,4034.0,14.0,,17,551,593,1743,1743,1904
Solo Un Giorno Nel Quartiere,it,231667.0,4847.0,20.0,,17,549,573,1744,1744,1905
Funk Allucinazioni,it,210240.0,4977.0,17.0,,17,556,588,1745,1745,1906
La Vita Del Palo,en,219466.0,4050.0,15.0,,17,553,582,1746,1746,1907
Buenos Aires/Napoli,rw,236574.0,4534.0,25.0,,17,552,585,1747,1747,1908
Hannibal rapper,it,189826.0,5536.0,12.0,,17,553,582,1748,1748,1909
Lettera al Telefono,it,181906.0,4287.0,11.0,,17,556,588,1749,1749,1910
Senza Controll,pl,142605.0,5085.0,0.0,,17,559,594,1750,1750,1911
Spari Di Parole,it,272506.0,4442.0,13.0,,17,549,573,1751,1751,1913
Sorridi e vuoi fumare,it,156754.0,4034.0,45.0,,17,560,318,1752,1752,1914
Sei Come Sei,it,216768.0,4495.0,28.0,,17,552,585,1753,1753,1916
Passano Gli Anni,it,178346.0,5969.0,17.0,,17,556,588,1754,1754,1917
Inchiostro,it,239182.0,5621.0,17.0,,17,549,573,1755,1755,1918
Fratello,it,170237.0,5936.0,22.0,,17,552,595,1756,1756,1919
Señorita,it,171063.0,4990.0,42.0,,17,561,596,1757,1757,1920
Butterfly Effect,it,188906.0,4232.0,10.0,,17,553,582,1758,1758,1921
Giordano Bruno,it,265826.0,5111.0,11.0,,17,549,597,1759,1759,1922
Infamous,it,233022.0,4920.0,48.0,,17,549,598,1760,1760,1923
Animals,en,187466.0,5703.0,12.0,,17,553,582,1761,1761,1924
Mutagenics,it,254466.0,4209.0,11.0,,17,556,588,1762,1762,1925
Tekken 3,war,277447.0,4992.0,10.0,,17,552,585,1763,1763,1927
Il Re Lucertola,it,237264.0,4313.0,11.0,,17,552,585,1764,1764,1928
Risata Di Una I.E.N.A.,it,205866.0,4663.0,12.0,,17,553,582,1765,1765,1929
Selvaggi,it,190066.0,5487.0,16.0,,17,549,573,1766,1766,1930
E Continuo A Camminare,it,196706.0,4967.0,15.0,,17,556,588,1767,1767,1931
L’Oro Di Napoli,pl,201429.0,4766.0,13.0,,17,549,573,1768,1768,1932
Real Talk Extra - Clementino (Tributo a Neffa),it,194723.0,4803.0,11.0,,17,562,277,1769,1769,1933
Funk e Therivati,it,180493.0,4932.0,16.0,,17,553,582,1770,1770,1934
RIDO,it,291606.0,5584.0,8.0,,17,563,148,1771,1771,1935
Pregiudizi Universali,it,208893.0,5800.0,10.0,,17,556,588,1772,1772,1936
L’Aroma Da’ Loma,it,178346.0,5928.0,17.0,,17,556,599,1773,1773,1937
Chi Vedo?,pl,227760.0,5590.0,12.0,,17,556,588,1774,1774,1938
No Problem,en,243986.0,4644.0,10.0,,17,556,588,1775,1775,1940
Sipario Chiuso,it,254016.0,5393.0,41.0,,17,564,600,1776,1776,1941
Intro (Napolimanicomio),it,80173.0,4889.0,8.0,,17,556,588,1777,1777,1942
In mezzo ai mastini,it,243346.0,4522.0,13.0,,17,556,588,1778,1778,1943
3maFlussoKappa,it,152558.0,5699.0,60.0,,17,565,601,1779,1779,1945
Va Bene Così,it,244127.0,4089.0,11.0,,17,552,585,1780,1780,1946
Sotto Lo Stesso Cielo,it,244866.0,5822.0,17.0,,17,551,300,1781,1781,1947
Check Check,en,219357.0,4936.0,78.0,,17,566,602,1782,1782,1948
Che Hit,it,233748.0,5289.0,11.0,,17,552,585,1783,1783,1949
Lettera Alla Musica,it,191506.0,5334.0,15.0,,17,551,593,1784,1784,1950
Sipario Chiuso (Napoli RMX),it,178346.0,5806.0,17.0,,17,556,599,1785,1785,1951
Outro (Cibo Per Il Cervello),it,82760.0,5287.0,6.0,,17,556,588,1786,1786,1952
Vai Vai,it,209371.0,5243.0,0.0,,17,567,603,1787,1787,1953
Riflesso,en,195732.0,4145.0,50.0,,17,568,402,1788,1788,1954
Clementonik,it,206750.0,5051.0,12.0,,17,552,585,1789,1789,1955
Deliri Anonimi,it,233022.0,4311.0,48.0,,17,549,573,1790,1790,1956
Futrà,it,250840.0,5492.0,47.0,,17,544,390,1791,1791,1957
Made in italy,it,98682.0,5037.0,12.0,,17,552,604,1792,1792,1958
IenaFlexFun,en,198522.0,5376.0,52.0,,17,550,605,1793,1793,1959
Fantasy 3666,it,290413.0,4096.0,11.0,,17,556,588,1794,1794,1961
La legge dei più,it,125826.0,4182.0,9.0,,17,556,588,1795,1795,1962
Intro,it,80173.0,5448.0,8.0,,17,556,599,1796,1796,1963
Stai senza cartucce,it,171146.0,4154.0,9.0,,17,556,588,1797,1797,1964
Napoli Zoo Safari,it,189069.0,4154.0,12.0,,17,552,604,1798,1798,1965
Musica Suona,it,229613.0,4036.0,16.0,,17,551,593,1799,1799,1966
Chernobyl,it,278000.0,5930.0,8.0,,17,552,604,1800,1800,1967
Se Ne Cade,it,212480.0,5490.0,15.0,,17,553,582,1801,1801,1968
Bad Pulcinella Freestyle,pl,234706.0,4718.0,20.0,,17,544,606,1802,1802,1969
O’ Vient (Unplugged),en,226226.0,4607.0,45.0,,17,569,607,1803,1803,1970
Pianoforte A Vela (Unplugged),it,174773.0,4714.0,22.0,,17,547,554,1804,1804,1971
Aquila Reale (Unplugged),it,225626.0,5567.0,11.0,,17,570,608,1805,1805,1972
Puro Bogotà,it,264213.0,111836.0,53.0,,18,571,609,1806,1806,1974
Nato Per Questo,it,226732.0,61925.0,62.0,,18,572,511,1807,1807,1975
Note Killer,en,264689.0,51588.0,55.0,,18,573,610,1808,1808,1976
Hardboiled (Sabotatori),pl,185586.0,48355.0,57.0,,18,572,610,1809,1809,1977
All’Ultimo Respiro,it,269386.0,59819.0,58.0,,18,574,611,1810,1810,1978
La Stanza Dei Fantasmi,it,248903.0,56849.0,41.0,,18,573,610,1811,1811,1979
Tana 2000,it,209032.0,46008.0,32.0,,18,573,610,1812,1812,1980
C’era Una Volta In Italia,it,185168.0,39785.0,55.0,,18,572,511,1813,1813,1981
Cocaina,it,249893.0,36049.0,41.0,,18,574,611,1814,1814,1982
King Of The Jungle,it,200643.0,51296.0,58.0,,18,572,511,1815,1815,1983
Lisa,it,205188.0,39010.0,58.0,,18,575,612,1816,1816,1984
Mafia Del Boom Bap,it,185586.0,46717.0,57.0,,18,572,511,1817,1817,1985
Milly,it,185041.0,44166.0,58.0,,18,572,511,1818,1818,1986
Cronache Di Resistenza (Hard To Do),it,221806.0,39480.0,45.0,,18,573,610,1819,1819,1987
Malafede,it,168130.0,31687.0,51.0,,18,572,511,1820,1820,1988
Indelebili,it,198946.0,24303.0,45.0,,18,572,511,1821,1821,1989
Ciao proprio,it,245880.0,29699.0,45.0,,18,574,611,1822,1822,1990
Rap Soprano,fr,226451.0,31042.0,41.0,,18,573,610,1823,1823,1991
Vida Loca,it,194322.0,29305.0,41.0,,18,573,610,1824,1824,1992
Tu Non Sei Lei,it,179879.0,27431.0,45.0,,18,572,511,1825,1825,1993
Soli A Milano,it,230841.0,22134.0,56.0,,18,572,511,1826,1826,1994
Phra (Outro),it,228387.0,31765.0,33.0,,18,573,610,1827,1827,1995
Selezione All’Ingresso,it,318835.0,27728.0,33.0,,18,573,610,1828,1828,1996
"Il Mio Mondo, Le Mie Regole",it,215026.0,22601.0,49.0,,18,576,613,1829,1829,1997
In Sbatti,it,169453.0,28024.0,51.0,,18,572,511,1830,1830,1998
P.E.S.,it,228906.0,24468.0,60.0,,18,577,614,1831,1831,1999
Una volta sola,it,202885.0,23855.0,45.0,,18,578,615,1832,1832,2000
Kyobo Ni Tsuki,it,243096.0,22455.0,34.0,,18,573,610,1833,1833,2001
D.O.G.O.,it,224526.0,21866.0,40.0,,18,578,615,1834,1834,2002
Brucia ancora,it,251133.0,20447.0,47.0,,18,576,613,1835,1835,2003
Noi siamo il club,it,228906.0,15352.0,60.0,,18,577,616,1836,1836,2004
No more sorrow,it,252958.0,16067.0,31.0,,18,578,615,1837,1837,2005
Briatori,pt,195020.0,19988.0,39.0,,18,578,615,1838,1838,2006
Sangue E Filigrana,it,182709.0,14940.0,30.0,,18,573,610,1839,1839,2007
Ragazzo della piazza,it,296853.0,15885.0,39.0,,18,577,614,1840,1840,2008
Se tu fossi me,it,242360.0,16062.0,30.0,,18,577,614,1841,1841,2009
Dolce Paranoia,it,209386.0,15418.0,37.0,,18,571,609,1842,1842,2010
Fragili,it,265050.0,16180.0,48.0,,18,575,617,1843,1843,2011
Meglio che morto,it,242080.0,18197.0,40.0,,18,576,613,1844,1844,2012
Soldi,it,269660.0,13564.0,39.0,,18,575,612,1845,1845,2013
Spacco Tutto,it,225320.0,12095.0,42.0,,18,574,618,1846,1846,2014
LLCD (Ladies Love Club Dogo),pl,264689.0,12101.0,38.0,,18,573,610,1847,1847,2015
Il sole e la luna,it,212853.0,15290.0,35.0,,18,574,611,1848,1848,2016
La testa gira,it,195250.0,13914.0,37.0,,18,578,615,1849,1849,2017
Falsi leader,pl,220449.0,11861.0,30.0,,18,578,615,1850,1850,2018
Frate,it,163621.0,14232.0,44.0,,18,572,511,1851,1851,2019
Ora Che Ci Penso,it,191960.0,13974.0,30.0,,18,571,609,1852,1852,2020
M-I Bastard,en,193053.0,13880.0,39.0,,18,571,609,1853,1853,2021
Amore infame,it,228560.0,14078.0,36.0,,18,576,613,1854,1854,2022
Voi Non Siete Come Noi,it,204826.0,10473.0,37.0,,18,574,619,1855,1855,2023
Qualcosa In Mente,it,225677.0,12719.0,34.0,,18,573,610,1856,1856,2024
Indecifrabili-Dangerous!,en,293957.0,11143.0,31.0,,18,573,610,1857,1857,2025
Per la gente,pt,219266.0,12332.0,38.0,,18,574,620,1858,1858,2026
Weekend,it,221237.0,11768.0,48.0,,18,575,621,1859,1859,2027
Nuove Nike,en,246106.0,11753.0,27.0,,18,574,611,1860,1860,2028
Chissenefrega (in discoteca),it,196706.0,11036.0,37.0,,18,577,622,1861,1861,2029
Notte prima degli esami,it,254000.0,8942.0,29.0,,18,574,611,1862,1862,2030
Tornerò Da Re,it,246200.0,10277.0,42.0,,18,571,609,1863,1863,2031
Incubo Italiano,it,216400.0,12046.0,36.0,,18,571,609,1864,1864,2032
Tutto il mondo,it,260413.0,11758.0,42.0,,18,579,373,1865,1865,2034
Confessioni Di Una Banconota,en,239893.0,8043.0,31.0,,18,571,609,1866,1866,2035
Sai zio,it,196510.0,8244.0,45.0,,18,575,612,1867,1867,2036
Intro (Mi Fist),en,82064.0,7971.0,26.0,,18,573,610,1868,1868,2037
Butta via tutto,it,245040.0,10006.0,32.0,,18,578,615,1869,1869,2038
Cani sciolti 2006,it,218406.0,10323.0,36.0,,18,578,615,1870,1870,2039
Droga rap,it,207000.0,7892.0,31.0,,18,576,613,1871,1871,2040
Non sto in cerca di una sposa,it,234453.0,8669.0,28.0,,18,578,615,1872,1872,2041
Ragazzi fuori,it,214893.0,9740.0,31.0,,18,576,613,1873,1873,2042
Anni Zero,it,226586.0,9107.0,32.0,,18,574,611,1874,1874,2043
Sayonara,en,167424.0,8383.0,36.0,,18,575,612,1875,1875,2044
Erba del diavolo,it,230706.0,8458.0,34.0,,18,577,614,1876,1876,2045
You Know NA-MI,en,202500.0,8099.0,1.0,,18,580,623,1877,1877,2046
Tutto ciò che ho,it,219213.0,7144.0,33.0,,18,577,614,1878,1878,2047
Mi Hanno Detto Che,it,198826.0,7953.0,35.0,,18,571,609,1879,1879,2048
Don’t test,en,237653.0,8280.0,28.0,,18,578,615,1880,1880,2050
Due modi,it,206435.0,8759.0,26.0,,18,578,615,1881,1881,2051
La notte che rovesciammo l’ordine,it,172802.0,7950.0,35.0,,18,578,615,1882,1882,2052
Ignoranz Verse Pusherz 2K,pl,127354.0,8308.0,33.0,,18,573,610,1883,1883,2053
Spaghetti Western,it,199040.0,6466.0,25.0,,18,571,609,1884,1884,2054
Tornerò Da Re - Pt.2,it,202853.0,7226.0,11.0,,18,581,609,1885,1885,2055
Minchia boh,pl,209080.0,5687.0,39.0,,18,577,624,1886,1886,2056
Se non mi trovi,it,182266.0,6270.0,24.0,,18,577,614,1887,1887,2057
02 Massive,it,280786.0,7543.0,27.0,,18,573,610,1888,1888,2058
La Verità,it,239413.0,8103.0,28.0,,18,571,609,1889,1889,2059
"Sangue, strass, paillettes",it,222706.0,5279.0,28.0,,18,576,613,1890,1890,2060
Sangue blu,en,235080.0,6034.0,37.0,,18,577,614,1891,1891,2061
Niente per niente,it,99711.0,6934.0,29.0,,18,578,615,1892,1892,2062
Cattivi esempi,it,216400.0,5441.0,27.0,,18,577,625,1893,1893,2063
Collassato,it,251080.0,6265.0,29.0,,18,577,614,1894,1894,2064
Giù con la testa,it,233626.0,6635.0,30.0,,18,574,611,1895,1895,2065
Sgrilla!!,it,222253.0,6342.0,27.0,,18,576,626,1896,1896,2066
C.D.,it,185168.0,5237.0,55.0,,18,572,609,1897,1897,2067
Giovane E Pazzo,it,210333.0,5619.0,30.0,,18,571,627,1898,1898,2068
Tanta Roba,it,242746.0,6418.0,26.0,,18,576,613,1899,1899,2069
Fino Alla Fine,it,185160.0,5884.0,30.0,,18,574,611,1900,1900,2070
Saluta i king,it,208958.0,4609.0,32.0,,18,575,612,1901,1901,2071
Un’altra via non c’è,it,274041.0,6207.0,25.0,,18,575,612,1902,1902,2072
All’inferno,it,221080.0,4518.0,27.0,,18,576,613,1903,1903,2073
Cattivi e buoni,it,182090.0,5965.0,28.0,,18,578,615,1904,1904,2074
Dogozilla,pl,181120.0,4580.0,31.0,,18,571,609,1905,1905,2075
Zarro!,it,264437.0,6015.0,27.0,,18,575,612,1906,1906,2076
Gunz from Italy,en,211306.0,4802.0,27.0,,18,576,613,1907,1907,2077
Dieci anni fa,it,218527.0,4668.0,29.0,,18,575,612,1908,1908,2078
Richiamami domani,it,221560.0,4311.0,28.0,,18,576,613,1909,1909,2079
Siamo nati qua,it,242142.0,4625.0,28.0,,18,575,612,1910,1910,2080
D.D.D,pl,226732.0,5771.0,62.0,,18,572,611,1911,1911,2081
JCVD,it,182760.0,6010.0,27.0,,18,574,611,1912,1912,2082
Boing,it,222480.0,4750.0,29.0,,18,576,613,1913,1913,2083
La Chiave,it,198453.0,4911.0,24.0,,18,571,609,1914,1914,2086
Qualcuno pagherà,it,248053.0,5461.0,25.0,,18,574,611,1915,1915,2088
Infamous Gang,en,260959.0,5789.0,23.0,,18,576,613,1916,1916,2091
"Nè fama, nè soldi",co,228426.0,5202.0,25.0,,18,576,613,1917,1917,2092
La Triade,it,185586.0,4797.0,57.0,,18,572,373,1918,1918,2093
Dicono di noi,it,231575.0,4840.0,27.0,,18,575,612,1919,1919,2094
Ciao ciao,it,245880.0,5409.0,45.0,,18,574,614,1920,1920,2095
Start It over,en,195811.0,4017.0,28.0,,18,575,612,1921,1921,2096
Niente è impossibile,it,221986.0,5255.0,24.0,,18,577,614,1922,1922,2097
Tutto quello,it,174948.0,4725.0,25.0,,18,578,615,1923,1923,2098
Quando tornerò,it,212361.0,5606.0,28.0,,18,575,612,1924,1924,2099
Meno felici ma più furbi,it,31400.0,4197.0,19.0,,18,577,614,1925,1925,2100
Hc Lover Click,it,185586.0,5192.0,57.0,,18,572,373,1926,1926,2101
Interlude 1 (Mi Fist),en,34064.0,4975.0,23.0,,18,573,610,1927,1927,2102
Ruff Combo,it,260413.0,5300.0,42.0,,18,579,373,1928,1928,2103
Totòlude,it,32515.0,4141.0,23.0,,18,573,610,1929,1929,2104
La fine del mondo,it,189626.0,5175.0,22.0,,18,577,614,1930,1930,2105
Tutto ciò che ho 2,it,226906.0,5140.0,82.0,,18,582,628,1931,1931,2106
Lontano dallo stress,it,228906.0,5223.0,60.0,,18,577,614,1933,1933,2109
Interlude 2 (Mi Fist),en,34064.0,5367.0,23.0,,18,573,610,1934,1934,2110
Minchia boh (colonna sonora ”I 2 soliti idioti”),it,209080.0,5627.0,39.0,,18,577,554,1935,1935,2112
La Stanza Dei Fantasmi (Rmx 2K4),it,249939.0,4554.0,22.0,,18,583,629,1936,1936,2113
"Scopa, Bocce & Scala",it,251697.0,5665.0,10.0,,18,584,630,1937,1937,2114
Spacco Tutto (Green Edition),it,209080.0,5011.0,39.0,,18,577,631,1938,1938,2115
In Mezzo Al Banco,it,223120.0,4167.0,37.0,,18,585,632,1939,1939,2116
Zona Di Comfort,it,147000.0,4131.0,41.0,,18,586,633,1940,1940,2117
Bikini,it,201653.0,4683.0,22.0,,18,587,634,1941,1941,2118
Butta via tutto Reloaded,it,245040.0,5588.0,32.0,,18,578,302,1942,1942,2119
Mi Hanno Detto Che - Redrum Version,it,200906.0,5430.0,8.0,,18,581,248,1943,1943,2120
Tornerò da Re Pt.2 - Redrum Version,it,255306.0,5595.0,31.0,,18,588,248,1944,1944,2121
C.D. - Redrum Version,it,255093.0,5049.0,8.0,,18,581,248,1945,1945,2122
Mi Hanno Detto Che - Censored Version,it,198640.0,4895.0,7.0,,18,581,248,1946,1946,2123
Tornerò Da Re - Redrum Version,it,244226.0,4307.0,9.0,,18,581,248,1947,1947,2124
Dolce Paranoia - Redrum Version,it,208400.0,4670.0,9.0,,18,581,248,1948,1948,2125
Ora Che Ci Penso - Redrum Version,en,203920.0,4883.0,8.0,,18,581,248,1949,1949,2126
La Chiave - Redrum Version,en,200893.0,4188.0,8.0,,18,581,248,1950,1950,2129
Le Mie Amiche,en,256666.0,4455.0,23.0,,53,589,1,1951,1951,2130
Parla Piano,it,269973.0,5212.0,21.0,,53,590,546,1952,1952,2131
A Testa Alta,it,292600.0,5487.0,17.0,,53,590,635,1953,1953,2133
Questa Fly,en,275973.0,6015.0,9.0,,53,590,553,1954,1954,2134
Dammi Ancora,it,225933.0,5881.0,10.0,,53,591,636,1955,1955,2135
In Media Ci Sto Dentro...,en,257839.0,5300.0,13.0,,53,590,637,1956,1956,2136
Fly Pina,en,228826.0,4857.0,11.0,,53,589,638,1957,1957,2137
Piovono Angeli,it,313093.0,5288.0,13.0,,53,590,635,1958,1958,2138
Stessa Gente,fr,281493.0,5588.0,5.0,,53,590,635,1959,1959,2142
Io Non Ti Ascolto,it,225160.0,4249.0,12.0,,53,589,1,1960,1960,2143
Scegli Me,it,266200.0,4834.0,9.0,,53,590,635,1961,1961,2144
Niente Per Niente,it,262106.0,5696.0,5.0,,53,590,546,1962,1962,2147
Rocco,it,318933.0,4781.0,7.0,,53,590,635,1963,1963,2148
Sveglia,it,252000.0,5159.0,5.0,,53,589,1,1964,1964,2150
Mezza Luna,it,229493.0,5190.0,6.0,,53,590,635,1965,1965,2151
Che Caldo,it,242462.0,4382.0,7.0,,53,589,1,1966,1966,2152
Costa Caro,it,217333.0,4738.0,5.0,,53,589,1,1967,1967,2153
Cin Cin,it,233440.0,4683.0,2.0,,53,591,636,1968,1968,2154
Tu Sei Cosa Mia,it,277880.0,4062.0,4.0,,53,591,636,1969,1969,2155
Mi Guarda La Tua Bocca,it,238520.0,4059.0,4.0,,53,592,636,1970,1970,2156
Ed È Così,it,224666.0,5680.0,4.0,,53,589,1,1971,1971,2157
Entra Aria,en,576160.0,4558.0,2.0,,53,589,1,1972,1972,2158
Da Nessuna Parte,it,277666.0,5051.0,3.0,,53,589,1,1973,1973,2159
Tu Non Hai Mai,it,219760.0,4611.0,1.0,,53,591,636,1974,1974,2160
Pronte A Tutto,it,211013.0,5899.0,0.0,,53,591,636,1975,1975,2161
Io Ci Sarò,it,285626.0,4532.0,1.0,,53,591,636,1976,1976,2162
Non Dimentico Più,it,261440.0,4872.0,1.0,,53,591,636,1977,1977,2163
Come Ti Senti?,it,282640.0,5762.0,3.0,,53,591,636,1978,1978,2164
Warriors Don’t Cry,it,277880.0,5700.0,2.0,,53,591,636,1979,1979,2165
Intro (2017),it,179920.0,4384.0,23.0,,53,593,247,1980,1980,2166
Ghost Track,en,686968.0,5620.0,15.0,,53,594,639,1981,1981,2167
Intro,pl,69933.0,4931.0,3.0,,53,589,638,1982,1982,2168
Cocco,en,155271.0,4979.0,11.0,,45,595,640,1983,1983,2169
Buio,it,145620.0,4279.0,6.0,,45,596,641,1984,1984,2170
In The Jungle,en,174705.0,4172.0,8.0,,45,597,642,1985,1985,2171
Stavo pensando a te,it,264573.0,426000.0,69.0,,33,598,193,1986,1986,2172
Momenti no,it,259666.0,174076.0,50.0,,33,599,643,1987,1987,2173
Gonfio così,it,219986.0,100714.0,48.0,,33,599,643,1988,1988,2174
Vip In Trip,en,236253.0,108506.0,60.0,,33,600,644,1989,1989,2175
Venerdì diciassette,it,215240.0,100534.0,48.0,,33,599,643,1990,1990,2176
Il Rap Nel Mio Paese,it,276124.0,71942.0,40.0,,33,601,645,1991,1991,2177
Caos,it,179653.0,85127.0,52.0,,33,602,646,1992,1992,2179
Non fare la puttana,it,194213.0,64728.0,53.0,,33,599,643,1993,1993,2180
Mr. Simpatia,it,303160.0,82046.0,45.0,,33,599,643,1994,1994,2181
Io non ti invidio,it,228826.0,78107.0,46.0,,33,599,647,1995,1995,2182
Niente Di Personale,it,283200.0,85874.0,31.0,,33,603,648,1996,1996,2183
Pamplona,it,224133.0,59935.0,67.0,,33,598,193,1997,1997,2184
L’uomo nel mirino,it,196493.0,56485.0,49.0,,33,599,643,1998,1998,2185
Non crollo,it,282720.0,57282.0,47.0,,33,599,643,1999,1999,2186
Rap in vena,it,227573.0,56027.0,55.0,,33,599,643,2000,2000,2187
Come Mai,it,206920.0,54681.0,44.0,,33,604,87,2001,2001,2188
Noia,it,284253.0,70297.0,42.0,,33,602,646,2002,2002,2189
Fenomeno,it,199533.0,53170.0,62.0,,33,598,576,2003,2003,2190
GoodFellas,it,216426.0,51303.0,41.0,,33,602,646,2004,2004,2191
Intro (Cielo),it,144520.0,61492.0,44.0,,33,602,646,2005,2005,2192
Voglio farti un regalo,it,249573.0,54372.0,44.0,,33,599,643,2006,2006,2193
Fatti Da Parte,it,201653.0,59147.0,22.0,,33,605,649,2007,2007,2194
Cocaine,en,185666.0,43488.0,46.0,,33,602,646,2008,2008,2196
Se Non Dai Il Meglio (Non Io),it,270120.0,52157.0,31.0,,33,606,650,2009,2009,2197
Tranne Te,it,239960.0,42636.0,60.0,,33,600,651,2010,2010,2198
Panico,it,253360.0,42678.0,60.0,,33,607,652,2011,2011,2199
La Pula Bussò,it,244160.0,58937.0,54.0,,33,608,653,2012,2012,2200
Niente male,it,249173.0,43280.0,42.0,,33,599,643,2013,2013,2201
Applausi Per Fibra,it,294093.0,51172.0,54.0,,33,608,654,2014,2014,2202
Solo una botta,it,226280.0,46958.0,43.0,,33,599,643,2015,2015,2203
Scattano Le Indagini,it,230360.0,43458.0,49.0,,33,609,655,2016,2016,2204
Playboy,pl,269227.0,51010.0,35.0,,33,601,645,2017,2017,2205
Luna Piena,it,233973.0,34763.0,47.0,,33,609,1,2018,2018,2206
Demo Nello Stereo,it,192560.0,45254.0,41.0,,33,602,646,2019,2019,2207
Propaganda,pl,213506.0,48076.0,54.0,,33,602,646,2020,2020,2208
A Me Di Te,it,247013.0,41425.0,41.0,,33,607,652,2021,2021,2209
CVDM,it,324000.0,46697.0,36.0,,33,610,656,2022,2022,2210
Cuore Di Latta,it,302720.0,31341.0,38.0,,33,608,653,2023,2023,2211
Come Te,it,304146.0,36918.0,45.0,,33,609,655,2024,2024,2212
Dexter,it,331001.0,34416.0,44.0,,33,601,645,2025,2025,2214
Mal Di Stomaco,it,225720.0,41334.0,49.0,,33,608,657,2026,2026,2215
Outro (Senti),it,265293.0,44331.0,39.0,,33,602,646,2027,2027,2216
E Tu Ci Convivi,it,351250.0,33500.0,35.0,,33,601,645,2028,2028,2217
Come Vasco,it,155000.0,38264.0,34.0,,33,601,645,2029,2029,2218
Dalla A Alla Zeta,it,167040.0,31681.0,44.0,,33,609,1,2030,2030,2219
Vaffanculo Scemo,it,191266.0,36341.0,50.0,,33,608,653,2031,2031,2220
Andiamo,it,293400.0,34840.0,43.0,,33,599,643,2032,2032,2221
Per Averti Qui,it,202306.0,41648.0,39.0,,33,609,1,2033,2033,2222
Idee Stupide,it,287640.0,36052.0,42.0,,33,608,653,2034,2034,2223
Ringrazio,it,292026.0,31959.0,32.0,,33,598,193,2035,2035,2224
Rap In Guerra,it,200893.0,28005.0,39.0,,33,608,653,2036,2036,2225
Nessuno,it,197906.0,27565.0,41.0,,33,602,646,2037,2037,2226
Troie in Porsche,it,246000.0,28191.0,31.0,,33,601,645,2038,2038,2227
Stelle,it,186106.0,27743.0,43.0,,33,602,646,2039,2039,2228
Bugiardo,it,245986.0,34876.0,46.0,,33,611,658,2040,2040,2229
Non me ne frega un cazzo,it,209361.0,31265.0,48.0,,33,612,645,2041,2041,2231
Brutto Figlio Di,it,158786.0,30633.0,39.0,,33,602,646,2042,2042,2232
Nessun aiuto,it,276093.0,25651.0,33.0,,33,598,193,2043,2043,2233
Palle piene,it,222773.0,34374.0,40.0,,33,599,643,2044,2044,2234
Pronti Al Peggio,it,204973.0,32271.0,40.0,,33,602,646,2045,2045,2235
Dipinto di blu,it,198626.0,24409.0,34.0,,33,598,193,2046,2046,2236
Su Le Mani,it,234213.0,31728.0,40.0,,33,608,653,2047,2047,2237
Cronico,it,217200.0,29591.0,40.0,,33,598,390,2048,2048,2238
Lascia stare,it,195493.0,23147.0,41.0,,33,598,193,2049,2049,2239
Alieno,it,180500.0,27188.0,39.0,,33,601,645,2050,2050,2240
Nuovi Stili D’Insonnia,it,241773.0,27214.0,38.0,,33,609,1,2051,2051,2241
Potevi Essere Tu,it,231440.0,23077.0,34.0,,33,611,659,2052,2052,2242
In Italia 2024,it,245292.0,31252.0,61.0,,33,613,69,2053,2053,2244
Sulla Giostra,it,205026.0,30201.0,39.0,,33,602,646,2054,2054,2245
Liberi,it,242680.0,27854.0,38.0,,33,602,646,2055,2055,2246
Amnesia,en,301250.0,25594.0,29.0,,33,601,645,2056,2056,2247
Da questo locale,es,258093.0,24551.0,41.0,,33,599,643,2057,2057,2248
Qualcuno Normale,it,200706.0,26773.0,44.0,,33,600,651,2058,2058,2249
Money For Dope 2017,it,261493.0,25358.0,40.0,,33,598,193,2059,2059,2250
Faccio sul serio,it,178773.0,20105.0,40.0,,33,599,643,2060,2060,2251
Le Donne,it,241546.0,24292.0,55.0,,33,600,660,2061,2061,2252
Lascia Un Segno,it,159440.0,27124.0,37.0,,33,604,661,2062,2062,2254
Bisogna Scrivere,it,183000.0,23753.0,38.0,,33,607,652,2063,2063,2255
Un’Altra Chance,it,313093.0,19712.0,35.0,,33,611,659,2064,2064,2256
Fumo Erba,it,165226.0,26345.0,38.0,,33,602,646,2065,2065,2257
Lo Sto Facendo,it,213225.0,20768.0,19.0,,33,614,662,2066,2066,2258
Equilibrio,it,256666.0,21166.0,37.0,,33,598,193,2067,2067,2259
La Pula Bussò 2016,it,151746.0,20285.0,45.0,,33,615,663,2068,2068,2260
Ogni giorno,it,311360.0,21252.0,34.0,,33,598,193,2069,2069,2261
La Soluzione,it,237960.0,24430.0,49.0,,33,611,659,2070,2070,2262
Dove Fuggi?,it,188773.0,21734.0,42.0,,33,609,1,2071,2071,2263
Bonus track,en,205053.0,18869.0,38.0,,33,599,643,2072,2072,2264
"Pronti, Partenza, Via!",it,222400.0,23986.0,44.0,,33,607,664,2073,2073,2265
Che fine hai fatto Fibra? (64 Bars),it,380000.0,23559.0,23.0,,33,616,665,2074,2074,2266
Amici O Nemici,it,152666.0,23476.0,37.0,,33,602,646,2075,2075,2267
Squallor,it,331001.0,17984.0,44.0,,33,601,645,2076,2076,2268
El Diablo,it,151426.0,19638.0,35.0,,33,602,646,2077,2077,2269
Di Fretta,it,220000.0,22775.0,46.0,,33,609,1,2078,2078,2270
Mi Stai Sul Cazzo,it,214920.0,20851.0,39.0,,33,609,1,2079,2079,2271
Invece no,it,243120.0,15210.0,32.0,,33,598,193,2080,2080,2272
Trainspotting,it,379013.0,14774.0,23.0,,33,601,645,2081,2081,2273
Il Tempo Vola (Original Extended),it,199906.0,17319.0,35.0,,33,617,666,2082,2082,2274
A Volte,co,236000.0,20378.0,29.0,,33,601,645,2083,2083,2275
Red Carpet,it,215946.0,17563.0,36.0,,33,598,193,2084,2084,2276
Incomprensioni,it,263453.0,17130.0,34.0,,33,618,667,2085,2085,2277
Escort,it,230440.0,14420.0,37.0,,33,600,651,2086,2086,2278
+ -,it,183520.0,18046.0,73.0,,33,619,651,2087,2087,2279
Tienila su,it,142520.0,18544.0,38.0,,33,599,643,2088,2088,2280
Coccole,it,208066.0,15549.0,37.0,,33,608,653,2089,2089,2281
Insensibile,it,259453.0,17797.0,34.0,,33,600,651,2090,2090,2282
Andiamo A Sanremo,it,313920.0,18360.0,33.0,,33,611,659,2091,2091,2283
6791,it,191013.0,13650.0,31.0,,33,600,651,2092,2092,2284
Rock That Shit,en,242000.0,15383.0,28.0,,33,601,645,2093,2093,2285
Tutti Matti,it,315226.0,13917.0,33.0,,33,608,653,2094,2094,2286
A Casa,it,264843.0,16568.0,28.0,,33,601,645,2095,2095,2287
Di Noi,it,266093.0,15099.0,33.0,,33,609,1,2096,2096,2288
Controcultura,it,236253.0,15336.0,60.0,,33,600,651,2097,2097,2289
Luna,it,233973.0,15995.0,47.0,,33,609,668,2098,2098,2290
Dagli Sbagli Si Impara,it,279306.0,13489.0,31.0,,33,607,652,2099,2099,2291
Ogni Donna,it,278120.0,16184.0,36.0,,33,608,653,2100,2100,2292
Le vacanze,it,285026.0,13801.0,30.0,,33,598,193,2101,2101,2293
Guerra E Pace,it,253360.0,11595.0,60.0,,33,607,652,2102,2102,2294
Cento Modi Per Morire,it,315560.0,14381.0,37.0,,33,611,659,2103,2103,2295
Lamborghini / Rime Sul Beat,it,327124.0,14503.0,25.0,,33,601,645,2104,2104,2296
Sento le Sirene,it,245449.0,11986.0,26.0,,33,601,645,2105,2105,2297
Dio C’è,it,236360.0,14762.0,23.0,,33,601,645,2106,2106,2298
Ma Che Persona,it,178386.0,14985.0,34.0,,33,609,1,2107,2107,2299
Felice Per Me,it,215053.0,11281.0,27.0,,33,620,669,2108,2108,2300
Sempre Io,it,221413.0,14780.0,32.0,,33,611,659,2109,2109,2301
Cane Mangia Cane,it,237066.0,10125.0,20.0,,33,604,661,2110,2110,2302
Voglio Sapere,it,292187.0,10368.0,25.0,,33,601,645,2111,2111,2303
In Italia,pl,245292.0,10263.0,61.0,,33,613,659,2112,2112,2304
Spara Al Diavolo,it,222533.0,13534.0,32.0,,33,600,651,2113,2113,2305
Speak English,en,237906.0,12271.0,31.0,,33,618,670,2114,2114,2306
≠ (Diverso),it,270293.0,9921.0,45.0,,33,621,651,2115,2115,2307
La Solitudine Dei Numeri Uno,it,224106.0,11196.0,30.0,,33,607,652,2116,2116,2308
Che Culo! Che Figa!,it,238000.0,11914.0,41.0,,33,608,657,2117,2117,2309
Fuori Norma,it,240666.0,9423.0,35.0,,33,609,1,2118,2118,2310
Sono Un Soldato,it,250773.0,13018.0,32.0,,33,608,653,2119,2119,2311
Quentin Tarantino,it,166506.0,12525.0,25.0,,33,604,661,2120,2120,2312
Cattiverie,it,193333.0,11154.0,35.0,,33,611,659,2121,2121,2313
Cosa Avevi Capito?,it,199625.0,12943.0,24.0,,33,601,645,2122,2122,2314
Brut,it,158786.0,10216.0,39.0,,33,602,666,2123,2123,2315
Il Triangolo Sì,it,228333.0,12314.0,36.0,,33,608,657,2124,2124,2316
Idee Stupide 2016,it,178773.0,10999.0,40.0,,33,599,441,2125,2125,2318
Ci Penso Dopo,it,144626.0,10832.0,36.0,,33,609,1,2126,2126,2319
La Posta Di Fibra,it,300826.0,8829.0,33.0,,33,611,659,2127,2127,2320
E.U.R.O,it,246942.0,11637.0,28.0,,33,601,645,2128,2128,2321
Che Cazzata,it,240053.0,9519.0,49.0,,33,608,657,2129,2129,2322
Che Gusto C’è,it,183520.0,8438.0,73.0,,33,619,181,2130,2130,2323
Non Potete Capire,it,192973.0,7210.0,33.0,,33,600,651,2131,2131,2324
Nel Mio Disco,it,237960.0,8924.0,49.0,,33,611,671,2132,2132,2325
Rompiti Il Collo 2016,ia,149386.0,8782.0,32.0,,33,608,672,2133,2133,2326
Le Ragazze,it,261466.0,9203.0,32.0,,33,611,659,2134,2134,2327
Fai Come Noi,it,293266.0,9449.0,33.0,,33,608,653,2135,2135,2328
Quorum,it,208746.0,6665.0,27.0,,33,622,671,2136,2136,2329
Troppi Limiti,it,270106.0,8659.0,30.0,,33,608,657,2137,2137,2330
Che Tempi,it,276040.0,6931.0,30.0,,33,607,652,2138,2138,2331
Tony Hawk,en,174733.0,9043.0,19.0,,33,623,198,2139,2139,2332
Non Ditelo,it,238000.0,8659.0,41.0,,33,608,671,2140,2140,2333
Double Trouble,it,194040.0,7698.0,32.0,,33,600,673,2141,2141,2334
Pensa Per Te,it,233253.0,8195.0,17.0,,33,623,666,2142,2142,2335
Personaggi Di Passaggio,it,214440.0,6887.0,32.0,,33,609,1,2143,2143,2336
Intro (Fenomeno),it,125226.0,7072.0,29.0,,33,598,193,2144,2144,2337
Voce,it,245960.0,7984.0,32.0,,33,607,674,2145,2145,2338
Alla Fine Di Tutto Questo,it,267386.0,6941.0,27.0,,33,618,670,2146,2146,2339
Non C’è Tempo,it,240186.0,6514.0,28.0,,33,611,659,2147,2147,2340
Mai Smesso,it,229013.0,6883.0,20.0,,33,604,661,2148,2148,2341
3 Parole,it,262280.0,7758.0,30.0,,33,600,651,2149,2149,2342
Il Tappo,it,248506.0,6392.0,33.0,,33,608,657,2150,2150,2343
Frank Sinatra,it,243333.0,5907.0,26.0,,33,607,652,2151,2151,2344
In Testa,it,232506.0,7367.0,32.0,,33,618,670,2152,2152,2345
Prima Che Sia Domani,it,309560.0,7623.0,18.0,,33,604,675,2153,2153,2346
Chi C’è,it,166120.0,5466.0,35.0,,33,624,676,2154,2154,2347
Hip Hop,en,244666.0,5828.0,28.0,,33,625,677,2155,2155,2348
Strani Pensieri,it,224840.0,5526.0,30.0,,33,608,657,2156,2156,2349
Questo È Il Nuovo Singolo,it,206693.0,6017.0,29.0,,33,611,678,2157,2157,2350
Meglio Me Che Te,it,168680.0,6262.0,16.0,,33,623,666,2158,2158,2351
In Alto,it,244013.0,6968.0,33.0,,33,600,651,2159,2159,2352
Adorazione,it,197705.0,6697.0,40.0,,33,626,679,2160,2160,2353
Ring Ring,it,194253.0,6612.0,33.0,,33,607,680,2161,2161,2354
In Quanti?,it,194013.0,5820.0,33.0,,33,609,1,2162,2162,2355
Ah Yeah Mr. Simpatia,it,178146.0,6963.0,31.0,,33,608,657,2163,2163,2356
Rivelazione,it,226213.0,6030.0,32.0,,33,600,651,2164,2164,2357
Fenomeno (Early Demo),it,164906.0,6988.0,22.0,,33,604,661,2165,2165,2358
Tranne Te e Te,pl,241026.0,6148.0,9.0,,33,627,681,2166,2166,2360
Via Vai,it,259399.0,4866.0,25.0,,33,618,670,2167,2167,2361
Non Provo Più Niente,it,193613.0,6059.0,25.0,,33,611,659,2168,2168,2362
In Italia (English Version),it,237906.0,5220.0,31.0,,33,618,677,2169,2169,2363
Non Correre,it,244826.0,5605.0,30.0,,33,607,652,2170,2170,2364
Rompiti Il Collo,it,149386.0,4208.0,32.0,,33,608,653,2171,2171,2365
Nel Bene O Nel Male,it,181229.0,4411.0,18.0,,33,604,661,2172,2172,2366
Qualche Limite,it,241546.0,5761.0,55.0,,33,600,682,2173,2173,2367
Su Le Mani 2016,it,239960.0,4490.0,60.0,,33,600,436,2174,2174,2368
Tutto In Un Giorno,it,252693.0,5699.0,25.0,,33,607,652,2175,2175,2369
Questa Vita,it,208773.0,4573.0,26.0,,33,611,659,2176,2176,2370
Donna Famosa,it,261026.0,5303.0,26.0,,33,618,670,2177,2177,2371
Nemico Pubblico,it,180933.0,5403.0,25.0,,33,607,652,2178,2178,2372
Il Più Pazzo,it,198293.0,5041.0,28.0,,33,611,659,2179,2179,2373
Nella Scena,it,322893.0,4625.0,29.0,,33,608,657,2180,2180,2374
Parole In Fumo,it,237266.0,4439.0,20.0,,33,620,669,2181,2181,2375
Nessuno Lo Dice,it,200920.0,4077.0,19.0,,33,620,669,2182,2182,2376
Intro,it,144520.0,4620.0,44.0,,33,602,436,2183,2183,2377
Freestyle,it,256666.0,5323.0,37.0,,33,598,671,2184,2184,2378
Chi Vuole Essere Fabri Fibra?,it,166120.0,5895.0,35.0,,33,624,670,2185,2185,2379
Non Credo Ai Media,it,182106.0,5759.0,24.0,,33,607,652,2186,2186,2380
Stupidi,it,185160.0,5548.0,60.0,,33,628,446,2187,2187,2382
Tu Così Bella Non Ce L’Hai,it,261893.0,5594.0,32.0,,33,611,659,2188,2188,2383
Bonus Track (Turbe Giovanili),it,255893.0,5347.0,34.0,,33,609,683,2189,2189,2384
Teoria E Pratica,it,228373.0,4535.0,18.0,,33,620,669,2190,2190,2385
Che Casino,it,171573.0,5831.0,28.0,,33,608,657,2191,2191,2386
Tipe Come Te,pl,152720.0,5358.0,28.0,,33,608,657,2192,2192,2387
Alta Vendita,it,175746.0,5133.0,27.0,,33,607,684,2193,2193,2388
Tutti In Campana,it,167560.0,4235.0,32.0,,33,608,653,2194,2194,2389
Raggi Laser,it,245560.0,4909.0,24.0,,33,607,652,2195,2195,2390
Troppo Famoso,it,182573.0,4936.0,29.0,,33,600,651,2196,2196,2391
In Quel Posto,it,235893.0,5746.0,22.0,,33,618,670,712,712,755
Tranne Te Megamix,pl,239960.0,5109.0,60.0,,33,600,675,2197,2197,2396
Centoquindici,it,239600.0,4775.0,23.0,,33,607,652,2198,2198,2397
La Fretta,it,250840.0,5973.0,28.0,,33,600,651,2199,2199,2398
A Questo Show,it,209306.0,4235.0,28.0,,33,608,657,2200,2200,2399
Commerciale,it,293266.0,4861.0,33.0,,33,608,671,2201,2201,2400
Questo Pezzo,it,239960.0,4097.0,60.0,,33,600,671,2202,2202,2401
Come Totti,it,235586.0,5498.0,19.0,,33,620,554,2203,2203,2402
Arrivano,it,246826.0,5853.0,24.0,,33,611,677,2204,2204,2403
Extralarge,en,223093.0,4575.0,21.0,,33,618,670,2205,2205,2404
Dieci Euro In Tasca,it,247200.0,5736.0,24.0,,33,618,670,2206,2206,2405
Zelensky (Red Bull 64 Bars),it,289819.0,4597.0,50.0,,33,629,685,2207,2207,2406
Scappa!,it,288493.0,5840.0,23.0,,33,630,686,2208,2208,2408
Mille Domande,it,186947.0,5525.0,55.0,,33,631,671,2209,2209,2409
Il Mio Amico Arnold,it,214133.0,5627.0,17.0,,33,620,669,2210,2210,2410
Fabri Fibra A Spit 2011,it,239960.0,4048.0,60.0,,33,600,594,2211,2211,2411
Teoria E Pratica RMX,it,243946.0,5944.0,42.0,,33,632,669,2212,2212,2413
Mani Pulite,it,174880.0,5469.0,18.0,,33,620,554,2213,2213,2414
Certe Cose Si Sanno,it,186947.0,4625.0,55.0,,33,631,671,2214,2214,2415
2031 (Intro),it,34613.0,5674.0,24.0,,33,607,652,2215,2215,2417
Un Calmante,it,236253.0,4577.0,60.0,,33,600,671,2216,2216,2418
Outro PDF,it,236253.0,5763.0,60.0,,33,600,671,2217,2217,2419
Vado Via,it,230360.0,4238.0,49.0,,33,609,669,2218,2218,2420
Stavo Pensando A Te (Re-Edit),it,223834.0,5425.0,79.0,,33,633,687,2219,2219,2421
Stile Libero Futuristico,it,239960.0,5095.0,60.0,,33,600,669,2220,2220,2422
Quelle Radio,it,276124.0,4204.0,40.0,,33,601,675,2221,2221,2423
Collezione Megamix,it,603160.0,4498.0,4.0,,33,634,675,2222,2222,2424
Non siamo in America,it,276124.0,4035.0,40.0,,33,601,688,2223,2223,2425
Capito Tutto,it,164106.0,4953.0,27.0,,33,608,657,2224,2224,2426
Freestyle Solido,it,256666.0,4618.0,37.0,,33,598,675,2225,2225,2427
Troppo Di Tutto (Guerra E Pace Deluxe Edition Bonus Track),it,264573.0,5213.0,69.0,,33,598,652,2226,2226,2428
L’italiano balla,it,230773.0,4608.0,26.0,,33,635,689,2227,2227,2429
Denaro Contante,pl,224440.0,4613.0,19.0,,33,620,669,2228,2228,2430
Non Faccio Male,it,237960.0,5505.0,49.0,,33,611,690,2229,2229,2431
Intro Casus Belli,it,267386.0,4108.0,27.0,,33,618,669,2230,2230,2432
Grandi Viaggi,it,49826.0,5823.0,27.0,,33,608,657,2231,2231,2433
Tutti In Quarantena (Coronavirus Freestyle),it,256666.0,5719.0,37.0,,33,598,691,2232,2232,2434
Numero Uno,it,267386.0,5352.0,27.0,,33,618,675,2233,2233,2435
Stile Libero Passato,it,215240.0,5202.0,48.0,,33,599,669,2234,2234,2436
Freestyle Gasato,it,256666.0,5803.0,37.0,,33,598,675,2235,2235,2437
Stile Libero Presente,it,330768.0,4383.0,36.0,,33,636,669,2236,2236,2438
Freestyle Liquido,it,256666.0,4172.0,37.0,,33,598,675,2237,2237,2439
Sono Hip Hop,it,291840.0,4492.0,12.0,,33,637,675,2238,2238,2440
Sotto Shock,it,236253.0,5607.0,60.0,,33,600,675,2239,2239,2441
Tradimento Freestyle,it,237960.0,4082.0,49.0,,33,611,1,2240,2240,2442
RIN Freestyle,it,256666.0,5181.0,37.0,,33,598,287,2241,2241,2443
Bugiardo Megamix,it,245986.0,6011.0,46.0,,33,611,675,2242,2242,2444
Intro Quorum,it,275880.0,5727.0,37.0,,33,600,671,2243,2243,2445
Still Dre freestyle,en,256666.0,5060.0,37.0,,33,598,193,2244,2244,2446
Freestyle (2004),en,144520.0,4139.0,44.0,,33,602,692,2245,2245,2447
Freestyle a Radio Deejay,it,197853.0,5678.0,24.0,,33,624,693,2246,2246,2448
Sanremo Megamix,it,169506.0,5213.0,5.0,,33,638,694,2247,2247,2449
Saddam Freestyle,it,256666.0,4244.0,37.0,,33,598,682,2248,2248,2450
Parodia (MTV Day 2006),it,144520.0,4200.0,44.0,,33,602,695,2249,2249,2451
È Un Tuo Problema,it,227573.0,5839.0,55.0,,33,599,696,2250,2250,2452
Intro (Rima Dopo Rima),it,230360.0,5352.0,49.0,,33,609,697,2251,2251,2453
Rap Natalistico,it,239960.0,5675.0,60.0,,33,600,698,2252,2252,2454
Streetstyle Intro,it,236253.0,5775.0,60.0,,33,600,383,2253,2253,2455
L’accoppiaggio,it,236253.0,5160.0,60.0,,33,600,553,2254,2254,2456
Freestyle Nuova Scena 2,it,209552.0,5049.0,71.0,,33,639,279,2255,2255,2457
Dalla A alla Zeta (Remaster 2010),it,144520.0,4874.0,44.0,,33,602,683,2256,2256,2458
Qui Dentro,it,240053.0,4648.0,49.0,,33,608,434,2257,2257,2459
Ma Che Persona (Remaster 2010),it,294093.0,4885.0,54.0,,33,608,683,2258,2258,2460
Bonus Track (Turbe Giovanili Remaster 2010),it,255893.0,5565.0,34.0,,33,609,683,2259,2259,2461
Stu core t’apparten,it,149909.0,69824.0,51.0,,82,640,699,2260,2260,2462
Ti volevo dedicare,it,208133.0,55939.0,66.0,,82,640,280,2261,2261,2464
Nisciun’,pl,144133.0,41967.0,59.0,,82,640,280,2262,2262,2465
Buonanotte amò,it,162133.0,42110.0,53.0,,82,640,280,2263,2263,2466
O’ posto mio,it,171400.0,39721.0,44.0,,82,641,700,2264,2264,2467
O’ mar ‘e o’ sole,en,220053.0,32989.0,42.0,,82,642,701,2265,2265,2468
Kevvuo’,it,206315.0,24222.0,28.0,,82,643,247,2266,2266,2469
L’Ammore Overo,it,241880.0,19434.0,53.0,,82,644,702,2267,2267,2470
Mario Merola Flow,it,218000.0,21727.0,4.0,,82,645,49,2268,2268,2471
Se tornerai,it,221386.0,16471.0,46.0,,82,640,280,2269,2269,2472
Fa’ o’ brav’,ca,227184.0,18284.0,41.0,,82,646,703,2270,2270,2476
Nu juorno buono,it,194133.0,15712.0,53.0,,82,647,704,2271,2271,2477
Mai più,it,200000.0,16697.0,29.0,,82,640,280,2272,2272,2478
Capocannonieri,it,257746.0,17778.0,41.0,,82,644,705,2273,2273,2479
Ngopp’ a luna,it,134573.0,15424.0,54.0,,82,640,461,2274,2274,2480
Nu brutto suonno,pl,240413.0,14466.0,35.0,,82,641,700,2275,2275,2481
Cuore rotto (Nfam’ Version),en,183186.0,12712.0,23.0,,82,640,706,2276,2276,2483
Cuore rotto,it,184819.0,13292.0,24.0,,82,648,707,2277,2277,2484
Tutto resta,it,161080.0,10232.0,48.0,,82,647,708,2278,2278,2485
Invece No,it,155172.0,10548.0,22.0,,82,649,709,2279,2279,2486
A un passo dalla luna,it,167313.0,11052.0,59.0,,82,650,392,2280,2280,2487
Se mi chiami,it,233026.0,10529.0,50.0,,82,641,700,2281,2281,2488
Nun me vuò bene cchiù,pl,152506.0,8144.0,26.0,,82,640,280,2282,2282,2489
A Un Paso De La Luna,es,169677.0,7976.0,58.0,,82,651,710,2283,2283,2490
Nun se ne va,it,189040.0,8464.0,40.0,,82,640,280,2284,2284,2491
Niente Da Bere,it,229264.0,10135.0,19.0,,82,652,417,2285,2285,2492
Che me chiamme a fa?,it,161783.0,7760.0,54.0,,82,646,4,2286,2286,2493
Libertà,co,208133.0,8040.0,66.0,,82,640,280,2287,2287,2494
Grande bugia,it,198906.0,7086.0,27.0,,82,640,280,2288,2288,2495
L’urdemo vase,sr,188216.0,7813.0,46.0,,82,646,703,2289,2289,2496
Solido,it,171425.0,6620.0,29.0,,82,646,703,2290,2290,2497
Nun è giusto,it,203653.0,6281.0,24.0,,82,640,280,2291,2291,2498
Street Life,it,196186.0,7122.0,21.0,,82,640,280,2292,2292,2499
Discofunk,it,196813.0,5340.0,32.0,,82,640,280,2293,2293,2500
Maledetto Sud,it,225560.0,5163.0,28.0,,82,640,280,2294,2294,2501
Benvenuti in Italy,it,196373.0,5599.0,43.0,,82,640,264,2295,2295,2502
Tutte ’e parole,pl,200100.0,4973.0,32.0,,82,653,438,2296,2296,2503
Ho scelto me,it,215106.0,5143.0,46.0,,82,654,711,2297,2297,2504
The Show,it,225560.0,5584.0,26.0,,82,647,708,2298,2298,2507
Fammi scendere,it,212653.0,6501.0,31.0,,82,655,496,2299,2299,2508
Rivoluzione,it,168034.0,5916.0,57.0,,82,646,703,2300,2300,2509
Vene e vvà,pl,194986.0,5633.0,40.0,,82,641,712,2301,2301,2510
Caramello,it,197760.0,5011.0,54.0,,82,646,315,2302,2302,2511
Vada come vada,it,168034.0,4889.0,57.0,,82,646,703,2304,2304,2513
Regole da infrangere,it,181348.0,4186.0,34.0,,82,646,703,2305,2305,2514
Na vota ancora,it,192840.0,5249.0,33.0,,82,647,708,2306,2306,2515
Un bacio all’improvviso,it,171194.0,4240.0,58.0,,82,656,714,2307,2307,2516
Te penso ancora,it,148875.0,4703.0,47.0,,82,646,703,2308,2308,2517
Arrivano i prof,it,179996.0,5029.0,43.0,,82,657,424,2309,2309,2518
Vieni con me,it,216946.0,5767.0,42.0,,82,647,708,2310,2310,2519
Nun c’ sta paragon’,it,184000.0,5003.0,29.0,,82,658,701,2311,2311,2520
Ce magnamm,it,296813.0,5420.0,26.0,,82,647,708,2312,2312,2521
Sultant’ a mia,pl,150400.0,6002.0,38.0,,82,646,715,2313,2313,2522
Caffelatte,it,174791.0,4274.0,29.0,,82,646,703,2314,2314,2523
Giovane disorientato,it,162426.0,4564.0,27.0,,82,647,648,2315,2315,2524
Sto Bene Così,it,196813.0,4805.0,37.0,,82,659,716,2316,2316,2525
O’ reggae de guagliune,pl,309626.0,4858.0,23.0,,82,659,700,2317,2317,2528
GIURA,it,163300.0,4835.0,52.0,,82,660,717,2318,2318,2529
Stella Cadente,it,238693.0,5833.0,41.0,,82,659,718,2319,2319,2530
Replay,it,204133.0,5445.0,30.0,,82,647,708,2320,2320,2531
Fantastica,it,187612.0,5231.0,45.0,,82,646,719,2321,2321,2532
Fiocco azzurro,it,161333.0,4632.0,37.0,,82,646,703,2322,2322,2533
Una moneta e un sogno,it,179960.0,5665.0,22.0,,82,641,700,2323,2323,2535
Il sole tra i palazzi,en,195906.0,5927.0,27.0,,82,654,720,2324,2324,2536
‎Nel percorso (Lele Adani Intro) -,pl,39924.0,5657.0,23.0,,82,646,721,2325,2325,2537
’A Verità,it,194133.0,4015.0,53.0,,82,647,708,2326,2326,2538
Non rimpiango niente,co,193520.0,5287.0,26.0,,82,647,648,2327,2327,2539
Maletiempo,cs,192733.0,4115.0,21.0,,82,641,700,2328,2328,2540
Wake Up,it,166946.0,4528.0,32.0,,82,659,722,2329,2329,2541
COSA TI AMO A FARE?,it,202352.0,4131.0,51.0,,82,660,717,2330,2330,2542
SignorHunt,it,233026.0,5225.0,50.0,,82,641,723,2331,2331,2543
Devo parlare,it,194933.0,5390.0,28.0,,82,647,708,2332,2332,2544
Tengo voglia ’e sunnà,it,172120.0,4242.0,18.0,,82,641,700,2333,2333,2545
MILLE VOTE ANCORA,it,192712.0,4781.0,65.0,,82,661,724,2334,2334,2546
Happy meal,it,176386.0,4927.0,26.0,,82,644,705,2335,2335,2547
Non litighiamo più,it,180444.0,4752.0,61.0,,82,662,211,2336,2336,2548
Pane e Rap,it,253373.0,4255.0,16.0,,82,654,725,2337,2337,2549
FRATMO,it,190246.0,4851.0,47.0,,82,660,717,2338,2338,2551
Pe’ vula’ nata vota,it,181276.0,5517.0,32.0,,82,663,726,2339,2339,2552
RAGAZZO DI GIÙ,it,192712.0,4153.0,61.0,,82,660,717,2340,2340,2553
PUSH!,it,152250.0,4172.0,34.0,,82,664,727,2341,2341,2554
Fammi vivere,it,246413.0,4724.0,20.0,,82,644,705,2342,2342,2555
Qualcosa di strano,it,240066.0,5902.0,16.0,,82,641,700,2343,2343,2556
Nun è fernut’,it,221413.0,5353.0,20.0,,82,647,648,2344,2344,2557
Come una cometa,it,202106.0,5374.0,35.0,,82,647,648,2345,2345,2558
Io posso,it,194600.0,4738.0,21.0,,82,644,705,2346,2346,2559
Marcos,it,249493.0,5203.0,14.0,,82,641,700,2347,2347,2560
Eco del mare,it,209706.0,4031.0,18.0,,82,641,700,2348,2348,2561
Spiraglio Di Periferia,it,222000.0,5288.0,39.0,,82,658,594,2349,2349,2562
Una lacrima,it,224946.0,5844.0,19.0,,82,659,300,2350,2350,2563
DOMANI CHISSÀ,it,160975.0,5239.0,45.0,,82,660,717,2351,2351,2564
L’occhio del massone,it,214346.0,5764.0,20.0,,82,644,705,2352,2352,2565
Haranzullah Flow,it,253373.0,5463.0,16.0,,82,654,728,2353,2353,2566
’A voce de guagliune,en,189093.0,4253.0,18.0,,82,647,708,2354,2354,2567
Senza chances,co,218800.0,5823.0,20.0,,82,647,708,2355,2355,2568
Allora no!,it,194373.0,4145.0,15.0,,82,641,700,2356,2356,2569
’Na stanza nostra,it,225826.0,5084.0,38.0,,82,641,718,2357,2357,2570
Credi,it,217866.0,4297.0,32.0,,82,647,708,2358,2358,2571
Die young,it,225600.0,4036.0,17.0,,82,647,708,2359,2359,2572
’Na sposa creatura,it,188906.0,4858.0,22.0,,82,654,711,2360,2360,2573
Le due storie,it,178000.0,4603.0,27.0,,82,658,729,2361,2361,2574
Back in the days,pl,237666.0,4987.0,14.0,,82,641,700,2362,2362,2575
RH Positivo,it,162000.0,5170.0,24.0,,82,658,730,2363,2363,2576
Quanto Darei,it,182306.0,4100.0,18.0,,82,644,705,2364,2364,2577
Tu vuò fà l’americano,ro,173693.0,4258.0,23.0,,82,659,718,2365,2365,2578
Sul p mmè stess,it,240413.0,5132.0,35.0,,82,641,682,2366,2366,2579
Giovane disorientato 2,it,164573.0,4701.0,22.0,,82,654,711,2367,2367,2580
Sul pe me stess pt. 2,it,132360.0,5474.0,12.0,,82,654,711,2368,2368,2581
Un beso de improviso,es,171194.0,5319.0,54.0,,82,665,445,2369,2369,2582
Altri 100 anni,it,354200.0,5709.0,10.0,,82,641,700,2370,2370,2585
Io ci sarò,it,221146.0,5402.0,17.0,,82,644,705,2371,2371,2586
Musica Italiana,it,183461.0,4873.0,55.0,,82,666,74,2372,2372,2587
A’ vita senz’ e te (Me fa paura),it,142798.0,5360.0,41.0,,82,667,26,2373,2373,2588
CCHIÙ BENE ’E ME,pl,153000.0,4564.0,59.0,,82,660,717,2374,2374,2589
Non parlarmi,it,253973.0,4627.0,14.0,,82,659,718,2375,2375,2590
Quante cose,it,196000.0,5594.0,26.0,,82,658,729,2376,2376,2591
Atleti,en,170253.0,4908.0,17.0,,82,644,705,2377,2377,2592
Come hanno fatto tutti,it,216813.0,5612.0,12.0,,82,654,731,2378,2378,2593
Fatti non parole,it,245386.0,5662.0,13.0,,82,644,705,2379,2379,2594
Nu juorno buono - Sanremo version,it,197746.0,5733.0,16.0,,82,668,704,2380,2380,2595
"Ninna nanna, ninna oh",it,120306.0,5849.0,13.0,,82,659,718,2381,2381,2596
Senza peccat’,en,194000.0,4875.0,21.0,,82,658,729,2382,2382,2597
Girare il mondo,it,196293.0,4651.0,12.0,,82,659,718,2383,2383,2598
Sfizio personale,it,233693.0,5180.0,15.0,,82,644,705,2384,2384,2599
Senza musica,it,293426.0,4757.0,10.0,,82,654,708,2385,2385,2601
Solo quiero dedicarte,es,192000.0,5218.0,39.0,,82,669,175,2386,2386,2602
Ultimo viaggio,it,183520.0,5427.0,19.0,,82,644,705,2387,2387,2603
HipHopcrisia,it,175946.0,5391.0,13.0,,82,659,718,2388,2388,2604
RH Staff,en,210360.0,4764.0,17.0,,82,647,708,2389,2389,2606
SPERO CHE DIO NON ME LA PORTI VIA,it,181445.0,4345.0,46.0,,82,660,717,2390,2390,2607
ARIA NOVA,it,86524.0,4873.0,42.0,,82,660,717,2391,2391,2608
Rint ’a Merd,pl,237666.0,4298.0,14.0,,82,641,700,2392,2392,2609
SULO (TONIGHT),en,164124.0,5796.0,46.0,,82,660,717,2393,2393,2610
New Life (Freestyle),it,227184.0,4704.0,41.0,,82,646,732,2394,2394,2611
DEMONE SANTO,it,143157.0,4321.0,44.0,,82,660,717,2395,2395,2612
Pillola 2,it,210360.0,4063.0,17.0,,82,647,648,2396,2396,2613
’A NOTTE,it,171136.0,5306.0,43.0,,82,660,717,2397,2397,2614
BONAFORTUNA,pl,167962.0,5289.0,48.0,,82,660,717,2398,2398,2615
PRIMM’ DE 30,it,146379.0,4693.0,42.0,,82,660,717,2399,2399,2616
One Take FM Free Mic,it,193170.0,4155.0,1.0,,82,670,733,2400,2400,2617
Caramelo,es,197727.0,4833.0,41.0,,82,671,734,2401,2401,2618
Ciao Fibra,it,201653.0,4638.0,22.0,,64,672,735,2402,2402,2619
Lo Faccio Apposta,it,129211.0,5371.0,16.0,,64,673,93,2403,2403,2620
Dimmi Come Va,it,263014.0,5227.0,4.0,,64,674,736,2404,2404,2621
Che Farai,it,211653.0,18319.0,31.0,,65,675,287,2405,2405,2622
Parole,it,229560.0,12240.0,28.0,,65,675,737,2406,2406,2623
Centouno barre,it,303440.0,14367.0,16.0,,65,676,738,2407,2407,2624
Apocalypse Yao,it,311464.0,6762.0,12.0,,65,677,739,2408,2408,2625
M.I.S.T.A.M.A.N.,it,119906.0,7257.0,23.0,,65,678,740,2409,2409,2626
(x²+y²-1)³-x²y³=0,it,136240.0,5498.0,18.0,,65,676,741,2410,2410,2627
IRR€V€R$IBIL€,it,103026.0,5495.0,25.0,,65,676,741,2411,2411,2628
Si salvi chi può,it,247760.0,4312.0,26.0,,65,676,742,2412,2412,2629
Indelebile,it,197466.0,5110.0,10.0,,65,677,743,2413,2413,2630
A100,it,211786.0,5947.0,21.0,,65,676,744,2414,2414,2631
Vite A Metà,it,290586.0,4783.0,16.0,,65,675,737,2415,2415,2632
100 Barre,it,276026.0,4091.0,19.0,,65,678,740,2416,2416,2633
Noi,it,217291.0,4074.0,25.0,,65,679,739,2417,2417,2634
Successo,it,196906.0,4791.0,11.0,,65,676,744,2418,2418,2635
Chi Sei?,en,208613.0,4334.0,26.0,,65,678,740,2419,2419,2636
Se Solo Avessi...,it,272386.0,4059.0,22.0,,65,678,740,2420,2420,2637
Slow Mo,it,230440.0,5530.0,24.0,,65,675,737,2421,2421,2638
Se Se Se,it,218097.0,4932.0,31.0,,65,680,737,2422,2422,2639
So Che Ci Sei,it,185440.0,4593.0,14.0,,65,678,740,2423,2423,2640
Hiphopcrisia,it,267672.0,5819.0,8.0,,65,677,739,2424,2424,2641
Che C’è Di Vero?,it,324026.0,4246.0,11.0,,65,675,737,2425,2425,2642
Musica Vera,en,239546.0,5930.0,20.0,,65,675,737,2426,2426,2643
Lascia stare,en,229746.0,4643.0,12.0,,65,676,741,2427,2427,2644
M.I.S.T.A. 2.0,it,113421.0,5794.0,5.0,,65,677,739,2428,2428,2645
Non C’è Domani,it,214277.0,5222.0,10.0,,65,677,49,2429,2429,2646
Ti ammazzo,pl,162053.0,5671.0,13.0,,65,676,744,2430,2430,2648
Hey Ladies,pl,183346.0,5985.0,12.0,,65,675,737,2431,2431,2649
Realtà aumentata,it,169420.0,4591.0,5.0,,65,677,739,2432,2432,2650
Se Non Ti Piaccio,it,214093.0,5941.0,5.0,,65,677,739,2433,2433,2651
↑↑↓↓←→←→ B A SELECT START,it,224186.0,4794.0,8.0,,65,676,741,2434,2434,2652
Il Mondo Al Contrario,it,197266.0,4786.0,14.0,,65,681,745,2435,2435,2653
Con tutte le ragazze,it,112960.0,4694.0,9.0,,65,676,741,2436,2436,2654
In Fuoco,it,203011.0,5099.0,7.0,,65,677,739,2437,2437,2655
Operazione Nostalgia,it,236079.0,4322.0,6.0,,65,677,739,2438,2438,2656
Basta,it,200905.0,5124.0,6.0,,65,677,739,2439,2439,2657
Mista McFly,it,167912.0,5099.0,7.0,,65,677,739,2440,2440,2658
L’amore ai tempi del New Era,it,242946.0,5542.0,9.0,,65,676,744,2441,2441,2659
Se parlassi con te,it,260200.0,5686.0,7.0,,65,676,741,2442,2442,2660
Più che rap,it,220840.0,4898.0,8.0,,65,676,744,2443,2443,2661
Mille Richiami,it,232160.0,4619.0,11.0,,65,678,740,2444,2444,2662
La Mia Musica,it,234613.0,4532.0,15.0,,65,678,740,2445,2445,2663
Interrogatorio - N.O.A.H. Parte 4,it,176106.0,4401.0,6.0,,65,675,737,2446,2446,2664
Mai,pl,185005.0,4126.0,16.0,,65,682,462,2447,2447,2666
I Got Soul,it,237386.0,4698.0,18.0,,65,675,737,2448,2448,2668
Lost in Translation,it,177333.0,4555.0,5.0,,65,677,739,2449,2449,2669
Real Classic Shit,it,230246.0,5953.0,12.0,,65,681,746,2450,2450,2670
128 Barre,it,341057.0,5130.0,12.0,,65,683,747,2451,2451,2671
Traccia uno,it,176788.0,4708.0,14.0,,65,684,748,2452,2452,2672
Quello Che Non Fai,it,254466.0,5178.0,8.0,,65,678,740,2453,2453,2673
Lo Sai Chi Siamo,it,202626.0,4291.0,13.0,,65,675,737,2454,2454,2674
Io non so chi cazzo sei,it,105830.0,4899.0,10.0,,65,682,462,2455,2455,2675
Can’t Take This,en,232253.0,5268.0,6.0,,65,675,737,2456,2456,2676
Ora Che La Musica Non C’è,it,262338.0,4993.0,18.0,,65,683,749,2457,2457,2677
Sempre In Piedi,it,262548.0,4817.0,12.0,,65,683,750,2458,2458,2678
Cazzo Stiamo A Farci,it,215253.0,6006.0,7.0,,65,675,737,2459,2459,2679
Il giorno in cui ci siamo svegliati,it,229440.0,5780.0,8.0,,65,676,741,2460,2460,2680
Ghost Track,it,222640.0,5264.0,91.0,,65,685,751,2461,2461,2681
Codice rosso,it,176240.0,5155.0,9.0,,65,676,741,2462,2462,2682
Escalation,it,261346.0,5258.0,8.0,,65,678,740,2463,2463,2683
Luce Nell’Ombra,it,235722.0,4415.0,11.0,,65,683,137,2464,2464,2684
Winter Sadness,it,204453.0,4803.0,7.0,,65,675,737,2465,2465,2685
Usciamo Dallo Studio - N.O.A.H. Part 1,it,101741.0,4090.0,6.0,,65,675,737,2466,2466,2686
Adesso Lo So RMX,it,212626.0,4966.0,5.0,,65,675,737,2467,2467,2687
Algorhythm and Blues,it,197782.0,5099.0,7.0,,65,682,462,2468,2468,2688
Cosa C’è Che Non Va?,it,208093.0,4468.0,8.0,,65,678,740,2469,2469,2689
Secondo a Nessuno,it,201449.0,5945.0,9.0,,65,681,745,2470,2470,2690
Tu no,it,184426.0,5837.0,9.0,,65,676,741,2471,2471,2692
La city corre,en,194243.0,5460.0,8.0,,65,682,462,2472,2472,2693
Te-le-co-man-do,it,215373.0,5081.0,7.0,,65,678,740,608,608,647
Siamo Qui,it,223226.0,5758.0,5.0,,65,675,737,2473,2473,2694
Dio Denaro,it,121549.0,4273.0,5.0,,65,682,462,2474,2474,2695
Non Ci Butti Giù,it,156640.0,5598.0,9.0,,65,678,740,2475,2475,2696
Vero,it,236580.0,4263.0,12.0,,65,681,745,2476,2476,2697
La Scatola Nera,it,78909.0,5605.0,5.0,,65,681,745,2477,2477,2698
100%,it,276026.0,4566.0,19.0,,65,678,745,2478,2478,2699
Superfunkycrazyfuturisticpsycojoint,it,440350.0,5772.0,50.0,,65,686,740,2479,2479,2700
Intro ft. Dj Rockdrive,it,88906.0,5905.0,7.0,,65,678,740,2480,2480,2701
"Mumble, No. 5",it,105250.0,4310.0,5.0,,65,682,462,2481,2481,2702
Fuga - N.O.A.H. Part 3,it,111413.0,4939.0,6.0,,65,675,737,2482,2482,2703
Torniamo Allo Studio - N.O.A.H. Part 2,it,36293.0,5979.0,6.0,,65,675,737,2483,2483,2704
Troppo e poco,it,228898.0,4982.0,4.0,,65,681,745,2484,2484,2705
Colpi In Aria,it,327605.0,5745.0,58.0,,65,687,752,2485,2485,2706
Stagioni,it,218491.0,5194.0,6.0,,65,681,753,2486,2486,2707
Autotune,it,137505.0,4763.0,4.0,,65,682,462,2487,2487,2708
Mc,it,228745.0,4584.0,5.0,,65,681,745,2488,2488,2709
Intro,it,74765.0,4418.0,8.0,,65,683,747,2489,2489,2710
Check 1 2,en,206915.0,5540.0,11.0,,65,683,747,2490,2490,2711
La Terza Guerra Mondiale,co,222069.0,4788.0,5.0,,65,681,745,2491,2491,2712
Io Non Capisco,it,195082.0,5037.0,8.0,,65,683,747,2492,2492,2713
Devo Uscire Dal Loop,it,189309.0,4999.0,11.0,,65,683,747,2493,2493,2714
667,it,138582.0,5168.0,8.0,,65,683,747,2494,2494,2715
Non Importa,it,214802.0,5748.0,8.0,,65,683,747,2495,2495,2716
M.I.S.T.A.,it,119906.0,5979.0,23.0,,65,678,754,2496,2496,2717
La Città È Nostra,it,170383.0,4831.0,66.0,,65,688,755,2497,2497,2718
Stai Con Me,it,178555.0,5672.0,9.0,,65,683,747,2498,2498,2719
Luciana,it,188212.0,5546.0,26.0,,65,689,756,2499,2499,2720
Si Sa,it,247760.0,5164.0,26.0,,65,676,757,2500,2500,2721
Nuova Era,it,188154.0,5928.0,7.0,,65,683,747,2501,2501,2722
Arrivo Massivo,it,223226.0,4415.0,5.0,,65,675,758,2502,2502,2723
Lo Faccio Marcio,it,176000.0,4232.0,78.0,,65,690,756,2503,2503,2724
Vorrei Pt. 2,it,141791.0,5726.0,2.0,,65,691,759,2504,2504,2725
Ci Si Chiama,it,202849.0,4893.0,16.0,,65,692,760,2505,2505,2727
The Banfator,en,202626.0,5708.0,13.0,,65,675,761,2506,2506,2728
Butta Un Ciclo (Intro),it,166842.0,5802.0,2.0,,65,693,762,2507,2507,2729
Slow Mo (Intro),it,56453.0,4136.0,7.0,,65,675,737,2508,2508,2730
Non Mi Avrete Mai,it,232986.0,55353.0,45.0,,47,694,763,2509,2509,2731
WILDPIRATA,it,197000.0,42475.0,38.0,,47,695,764,2510,2510,2732
Bolo by Night RMX,it,219707.0,36684.0,16.0,,47,696,763,2511,2511,2733
VETERANO,it,233386.0,15731.0,27.0,,47,695,764,2512,2512,2734
Basso Profilo,it,208000.0,15239.0,28.0,,47,697,765,2513,2513,2735
‎Il mio paese se ne frega,it,224399.0,10232.0,34.0,,47,698,766,2514,2514,2736
Pagine Bianche,it,268346.0,8209.0,30.0,,47,694,763,2515,2515,2737
DUOMO,it,196500.0,8363.0,21.0,,47,699,764,2516,2516,2738
Sentimento Reciproco,it,216399.0,8407.0,27.0,,47,698,766,2517,2517,2739
CAZZOMINOMINI,it,283768.0,8130.0,24.0,,47,700,767,2518,2518,2740
Ripartire da Zero,it,248089.0,6241.0,34.0,,47,697,763,2519,2519,2741
ISPIRAZIONE,it,216493.0,6505.0,27.0,,47,695,764,2520,2520,2742
UNDERGROUND,pl,134120.0,6647.0,29.0,,47,695,764,2521,2521,2743
MEDIOEGO,it,188444.0,7090.0,28.0,,47,697,764,2522,2522,2744
MILANO BY NIGHT,it,219053.0,5725.0,36.0,,47,701,768,2523,2523,2746
Preso Bene,it,181894.0,5422.0,31.0,,47,697,765,2524,2524,2747
Nuova Leva,it,169453.0,7090.0,33.0,,47,694,763,2525,2525,2748
HYPE,en,125613.0,4360.0,16.0,,47,695,764,2526,2526,2749
MANI,it,226626.0,6498.0,22.0,,47,695,764,2527,2527,2750
NOMADE,it,196786.0,5750.0,15.0,,47,695,524,2528,2528,2751
100 S,pl,170382.0,5739.0,24.0,,47,699,769,2529,2529,2753
Baciami il culo (Polifemo diss),it,234000.0,4603.0,41.0,,47,702,770,2530,2530,2754
MUTI,co,195920.0,4039.0,12.0,,47,695,764,2531,2531,2755
FUCKOFF,it,130132.0,5491.0,15.0,,47,695,764,2532,2532,2756
SCHIAVI,it,202186.0,5683.0,16.0,,47,695,764,2533,2533,2757
I.N.O.K.I. (Out For The Glory),en,241626.0,5497.0,24.0,,47,694,763,2534,2534,2758
SILENZIO,it,184626.0,4297.0,17.0,,47,695,764,2535,2535,2759
ONESTO,it,173555.0,5523.0,24.0,,47,699,764,2536,2536,2760
TREMA,it,199053.0,5552.0,11.0,,47,695,14,2537,2537,2761
Ho Visto,it,282000.0,5334.0,32.0,,47,697,763,2538,2538,2762
Vecchio Quartiere,it,246000.0,5547.0,31.0,,47,697,758,2539,2539,2763
We Going On,it,177354.0,5710.0,10.0,,47,703,765,2540,2540,2765
IMMORTALI,it,219512.0,5242.0,29.0,,47,697,764,2541,2541,2766
Rom Connection,en,321782.0,4190.0,23.0,,47,696,371,2542,2542,2774
DUOMO RMX,da,168493.0,4987.0,18.0,,47,695,771,2543,2543,2775
Quando qualcuno se ne va,it,151693.0,4168.0,17.0,,47,694,763,2544,2544,2776
Parola di Faliero,it,75933.0,4828.0,5.0,,47,698,772,2545,2545,2777
Senti Lei,it,124644.0,4827.0,16.0,,47,704,773,2546,2546,2778
ONESTO RMX,it,202000.0,4143.0,3.0,,47,699,771,2547,2547,2779
Cash Dreamin’ RMX,en,232986.0,4712.0,45.0,,47,694,763,2548,2548,2780
STANCO,it,171880.0,4232.0,11.0,,47,695,764,2549,2549,2781
Nuovi Re (New Kingz Anthem),it,306480.0,5634.0,21.0,,47,694,763,2550,2550,2784
Soltanto Tu,it,206186.0,5914.0,20.0,,47,694,763,2551,2551,2785
It’s War,en,162052.0,4157.0,7.0,,47,703,765,2552,2552,2786
DETOX,it,220213.0,5926.0,25.0,,47,701,768,2553,2553,2787
BANDIERA,it,135373.0,5059.0,9.0,,47,695,764,2554,2554,2788
Tutto Il Mondo,it,285094.0,4612.0,18.0,,47,705,774,2555,2555,2792
L’Antidoto,it,276173.0,4167.0,14.0,,47,706,775,2556,2556,2793
Parla Chiaro,it,132237.0,5015.0,4.0,,47,696,776,2557,2557,2794
Lirico Alchimista,it,171549.0,5605.0,16.0,,47,705,774,2558,2558,2795
Mezzo Metro di Cannone,it,326519.0,5430.0,12.0,,47,705,774,2559,2559,2800
Freestyle (NewKingzTape),pl,171502.0,4114.0,15.0,,47,696,777,2560,2560,2801
La Regina del Party,it,270746.0,4159.0,17.0,,47,694,763,2561,2561,2803
Giorno e notte (Original),it,180863.0,4822.0,76.0,,47,707,778,2562,2562,2804
Le Mucche Fanno Mùùù (Vaccagare),it,192600.0,4605.0,1.0,,47,708,779,2563,2563,2808
È Un Gran Viaggio,it,194960.0,4478.0,20.0,,47,694,763,2564,2564,2809
COV Milano,it,159613.0,4575.0,9.0,,47,703,780,2565,2565,2810
Parli Parli,it,184666.0,5623.0,8.0,,47,698,772,2566,2566,2811
EZÉRCITO,it,205373.0,5874.0,20.0,,47,701,768,2567,2567,2812
Con Orgoglio,it,285799.0,4825.0,10.0,,47,698,781,2568,2568,2813
Ti Sei Mai Fatto di Rap RMX,it,256134.0,5830.0,5.0,,47,709,765,2569,2569,2816
Cronache Di Resistenza,it,168000.0,4656.0,1.0,,47,710,373,2570,2570,2817
Med Connection,pl,379666.0,4967.0,16.0,,47,694,763,2571,2571,2823
Nel Ghetto,it,190055.0,4465.0,8.0,,47,703,765,2572,2572,2824
Polvere Di Strada,it,224000.0,5297.0,31.0,,47,697,782,2573,2573,2825
Benvenuti,it,178050.0,5975.0,7.0,,47,703,765,2574,2574,2826
SPUNTABLU,it,191213.0,5220.0,24.0,,47,701,768,2575,2575,2827
Bolo by Night RMX (NewKingzTape),it,219707.0,4730.0,16.0,,47,696,777,2576,2576,2828
Majiko,it,239573.0,5311.0,64.0,,47,711,781,2577,2577,2829
Io Vorrei,it,226371.0,4257.0,11.0,,47,704,773,2578,2578,2830
Perdersi,it,240799.0,5794.0,13.0,,47,698,781,2579,2579,2831
Immagina,it,167821.0,5022.0,40.0,,47,712,783,2580,2580,2832
In Volo,it,224351.0,4913.0,13.0,,47,705,774,2581,2581,2833
Il Sole Su Di Noi,it,211765.0,5186.0,8.0,,47,704,773,2582,2582,2834
Intro,en,90640.0,5264.0,15.0,,47,694,763,2583,2583,2835
STO STRONG,it,185611.0,4154.0,15.0,,47,699,771,2584,2584,2836
La Pace È La Risposta,it,205724.0,5381.0,20.0,,47,713,94,2585,2585,2837
SORELLE,it,247632.0,4497.0,22.0,,47,701,768,2586,2586,2838
IMMORTALI RMX,it,200514.0,5444.0,61.0,,47,714,771,2587,2587,2839
Since 95,it,193399.0,5663.0,14.0,,47,705,774,2588,2588,2840
Coriandoli,it,180744.0,5624.0,9.0,,47,704,773,2589,2589,2841
4LIRE,it,215506.0,5119.0,18.0,,47,701,768,2590,2590,2842
Street Requiem Rmx,it,233786.0,5056.0,39.0,,47,715,765,2591,2591,2845
CERCO (STILL BROKE),it,172307.0,4297.0,13.0,,47,699,771,2592,2592,2846
Ho Fatto Pratica,it,235798.0,5568.0,12.0,,47,705,774,2593,2593,2847
House Party,it,226146.0,4557.0,19.0,,47,694,763,2594,2594,2848
Se Mi Vedi,it,219826.0,5009.0,11.0,,47,698,781,2595,2595,2849
07 Agosto 2005,it,86633.0,4581.0,8.0,,47,696,777,2596,2596,2850
Prendi Questo,it,247129.0,4281.0,5.0,,47,704,773,2597,2597,2851
Bolo by Night (NewKingz RMX),en,219707.0,5274.0,16.0,,47,696,777,2598,2598,2853
Ogni Sera,it,222933.0,4120.0,13.0,,47,698,781,2599,2599,2854
Calabria Bella Sto’,it,164211.0,5513.0,12.0,,47,696,777,2600,2600,2856
Ancora Vivo,it,168158.0,4649.0,6.0,,47,704,773,2601,2601,2857
Vieni Di Qua,en,248151.0,4013.0,6.0,,47,704,773,2602,2602,2858
Cielo Terso,it,286000.0,5038.0,7.0,,47,706,784,2603,2603,2859
Grandine,en,137694.0,4105.0,9.0,,47,696,777,2604,2604,2860
Ogni Giorno,it,224351.0,4565.0,13.0,,47,705,546,2605,2605,2861
Fuori Dai Parametri,it,244399.0,5430.0,8.0,,47,698,772,2606,2606,2862
A&F,it,232986.0,4137.0,45.0,,47,694,768,2607,2607,2863
Free Pass,it,223799.0,5696.0,10.0,,47,698,781,2608,2608,2865
Business Su Business,it,227810.0,4018.0,8.0,,47,705,758,2609,2609,2866
Nuovi Re pt. 2,it,152574.0,4507.0,4.0,,47,716,772,2610,2610,2868
Com’è La Vista,it,230504.0,5499.0,8.0,,47,705,774,2611,2611,2870
La Verità,it,244482.0,4647.0,9.0,,47,705,758,2612,2612,2871
Perle Ai Porci,it,284908.0,4217.0,10.0,,47,696,777,2613,2613,2872
Freestyle,it,171502.0,4734.0,15.0,,47,696,373,2614,2614,2873
A Pancia Piena,it,184041.0,4554.0,5.0,,47,703,765,2615,2615,2875
Love Boat 2016,it,159056.0,5702.0,5.0,,47,703,765,2616,2616,2877
"MALAVITA, Pt. 2 / HeadShot, Vol. 3",it,296264.0,4641.0,20.0,,47,717,785,2617,2617,2882
Mai schiavo,it,316360.0,5595.0,10.0,,47,706,604,2618,2618,2883
Pole Pole,it,229320.0,5802.0,7.0,,47,705,758,2619,2619,2884
Guerra Fra I Poveri,it,190443.0,4883.0,32.0,,47,718,786,2620,2620,2885
Aquì No Pasa Nada,it,192795.0,5835.0,4.0,,47,719,787,2621,2621,2887
Mi Sento Vivo,it,245373.0,4768.0,7.0,,47,706,784,2622,2622,2888
VEROVIRUS,it,166859.0,5944.0,42.0,,47,720,265,2623,2623,2889
Intro (NewKingzTape),en,150418.0,4191.0,7.0,,47,696,777,2624,2624,2890
Freestyle ft. Bassi Maestro (NewKingzTape),it,110434.0,5390.0,9.0,,47,696,777,200,200,206
Sete Di Rivolta,it,206066.0,5002.0,8.0,,47,698,772,2625,2625,2891
Va Sconfitto,it,339760.0,4790.0,4.0,,47,706,784,2626,2626,2892
Giorno E Notte,it,39682.0,5280.0,26.0,,47,696,788,2627,2627,2893
È un Gran Viaggio RMX,it,210187.0,5423.0,9.0,,47,696,777,2628,2628,2896
Cambiamento,it,210279.0,4020.0,3.0,,47,703,765,2629,2629,2897
Freestyle (5° Dan),it,94807.0,4346.0,8.0,,47,705,758,2630,2630,2898
Leggenda da Bar,it,184615.0,5441.0,17.0,,47,721,140,2631,2631,2899
Il Tempo,pl,234000.0,5349.0,41.0,,47,702,789,2632,2632,2900
Siamo Uno,it,309840.0,5949.0,3.0,,47,706,790,2633,2633,2901
Freestyle 17.06.2004,it,175101.0,5538.0,7.0,,47,696,777,2634,2634,2903
Per Un Bis,it,177679.0,5920.0,11.0,,47,696,777,2635,2635,2906
Le Tue Bugie,it,220720.0,5422.0,3.0,,47,706,791,2636,2636,2907
Freestyle (Demolizione Pt.1),pl,206309.0,4611.0,13.0,,47,705,792,2637,2637,2908
Outro,en,120120.0,4223.0,12.0,,47,694,763,2638,2638,2909
Barona by Night (Red Bull Culture Clash dubplate),it,603984.0,5580.0,31.0,,47,722,426,2639,2639,2910
Il Mio Paese Se Ne Frega 2025,it,235666.0,5303.0,32.0,,47,697,76,2640,2640,2911
Anni Fa,it,280125.0,4109.0,4.0,,47,704,773,2641,2641,2915
Lo Facciamo Così,it,216433.0,4735.0,8.0,,47,696,777,2642,2642,2916
Battaglia Quotidiana,it,184615.0,5931.0,17.0,,47,721,383,2643,2643,2917
Io non T.V.B.,ia,226906.0,5015.0,82.0,,47,707,773,2644,2644,2918
Suona Forte,it,116122.0,4879.0,7.0,,47,704,773,2645,2645,2919
Ve Famo Sta’ Zitti,pl,246480.0,4932.0,10.0,,47,723,783,2646,2646,2921
Gioventù Bruciata,it,197760.0,4432.0,47.0,,47,724,541,2647,2647,2922
Il Mazz,it,180626.0,4751.0,13.0,,47,725,793,2648,2648,2923
Non Passa Giorno,it,177679.0,4754.0,11.0,,47,696,773,2649,2649,2924
Neurodeliri,it,176470.0,4116.0,10.0,,47,726,773,2650,2650,2925
ATTIMO DI VERITÀ,it,168240.0,5550.0,75.0,,47,727,794,2651,2651,2926
Worldwide,it,170155.0,4846.0,4.0,,47,704,773,2652,2652,2927
Bolo Stand Up,pl,54311.0,5659.0,5.0,,47,696,777,2653,2653,2928
Una Via,it,227369.0,5720.0,4.0,,47,706,784,2654,2654,2930
Troppo Vero,it,132237.0,4438.0,4.0,,47,696,777,2655,2655,2931
Cosa Ci Aspetta,it,225080.0,5331.0,2.0,,47,706,775,2656,2656,2932
Vogliono Farci del Male,it,129149.0,4960.0,3.0,,47,696,777,2657,2657,2934
Casa Dolce Casa,it,254946.0,5778.0,3.0,,47,706,784,2658,2658,2935
Demolizione,it,141200.0,4444.0,7.0,,47,728,546,2659,2659,2936
Karatecnics,it,182973.0,5372.0,4.0,,47,696,777,2660,2660,2938
Piatto Prelibato,co,57190.0,5230.0,3.0,,47,704,773,2661,2661,2939
MERCENARI,it,232000.0,4603.0,55.0,,47,729,794,2662,2662,2940
CONTINUO (RMX),it,110434.0,4285.0,9.0,,47,696,794,2663,2663,2941
Vecchio Quartiere 2025,it,246000.0,5318.0,31.0,,47,697,717,2664,2664,2942
CONTINUO (CLASSIC),it,110434.0,5491.0,9.0,,47,696,794,2665,2665,2943
Cerchi Noi,it,342424.0,4646.0,9.0,,47,696,777,2666,2666,2944
ROSSO,it,255840.0,5303.0,31.0,,47,730,794,2667,2667,2945
Nobiltà Di Strada (Intro),pl,55826.0,4803.0,6.0,,47,698,781,2668,2668,2946
Mama Africa,pl,96339.0,5441.0,4.0,,47,696,777,2669,2669,2947
Mandaci In Classifica,it,226673.0,4412.0,4.0,,47,696,777,2670,2670,2948
Polvere Di Strada 2025,it,224000.0,5797.0,31.0,,47,697,17,2671,2671,2949
Effe,it,42352.0,4587.0,19.0,,47,731,795,2672,2672,2950
Ripartire Da Zero 2025,it,248089.0,4748.0,34.0,,47,697,17,2673,2673,2951
Immortali 2025,it,219512.0,4128.0,29.0,,47,697,17,2674,2674,2952
Preso Bene 2025,it,181894.0,4235.0,31.0,,47,697,17,2675,2675,2953
Cosa Sta Succedendo A Inoki?,it,32438.0,5045.0,3.0,,47,696,777,2676,2676,2954
Medioego 2025,it,188444.0,4547.0,28.0,,47,697,17,2677,2677,2955
Ho Visto 2025,it,282000.0,5687.0,32.0,,47,697,17,2678,2678,2956
Basso Profilo 2025,it,208000.0,4041.0,28.0,,47,697,17,2679,2679,2957
Rap Game,it,190819.0,5556.0,5.0,,32,732,796,2680,2680,2958
Non Sai Un Cazzo,it,182245.0,4688.0,76.0,,32,733,797,2681,2681,2959
Shallallà,it,192923.0,4050.0,3.0,,32,732,130,2682,2682,2960
Intimo,it,145465.0,4260.0,1.0,,32,732,31,2683,2683,2961
Brutta E Brutale,it,145465.0,4840.0,1.0,,32,732,798,2684,2684,2962
Reality,it,143701.0,5001.0,48.0,,32,734,798,2685,2685,2963
Aggressiva,it,181333.0,4823.0,8.0,,32,732,799,2686,2686,2964
La Stronza & Il Fallito,it,145465.0,5076.0,1.0,,32,732,798,2687,2687,2965
Daddy Come Puff,it,167235.0,5203.0,3.0,,32,732,799,2688,2688,2966
Disstacco,it,145465.0,4031.0,1.0,,32,732,798,2689,2689,2967
Anestetizzante,it,190819.0,4941.0,5.0,,32,732,798,2690,2690,2968
Trés Chic,it,195200.0,5941.0,2.0,,32,732,799,2691,2691,2969
L’Amore non è un Hobby,it,177600.0,5053.0,1.0,,32,735,52,2692,2692,2970
Ramm’ Semp’ ’N Faccia,it,282790.0,5369.0,15.0,,76,736,800,2693,2693,2971
Giuanne Palestina,it,306960.0,4637.0,14.0,,76,737,801,2694,2694,2972
El Party,it,211417.0,113512.0,63.0,,50,738,802,2695,2695,2973
Amore tossico,it,191706.0,82245.0,39.0,,50,739,803,2696,2696,2974
Serpi,it,185586.0,35822.0,57.0,,50,740,804,2697,2697,2975
M.S.O.M.,en,172592.0,29906.0,57.0,,50,741,219,2698,2698,2976
Ali E Radici,it,317492.0,20839.0,34.0,,50,742,805,2699,2699,2977
Gli Anni D’Oro,it,201328.0,19282.0,49.0,,50,743,806,2700,2700,2978
I soldi e la droga,en,201875.0,23162.0,54.0,,50,744,315,2701,2701,2979
Viagra,en,142582.0,23034.0,60.0,,50,741,297,2702,2702,2980
L’amore e la violenza,fr,246000.0,16702.0,46.0,,50,744,105,2703,2703,2982
Ho Trovato Te,it,258200.0,17189.0,32.0,,50,742,807,2704,2704,2983
64 no brand,it,189628.0,13379.0,51.0,,50,741,808,2705,2705,2984
Esercizio Di Stile,it,219683.0,13970.0,34.0,,50,743,809,2706,2706,2986
El Chapo,it,251801.0,16368.0,37.0,,50,742,810,2707,2707,2987
Bandita,it,204516.0,14359.0,50.0,,50,745,811,2708,2708,2988
Danza della pioggia,it,193953.0,12001.0,47.0,,50,741,297,2709,2709,2989
Diego Armando,it,152333.0,11751.0,49.0,,50,741,297,2710,2710,2990
Testa O Croce,it,277821.0,9459.0,31.0,,50,742,812,2711,2711,2991
Money on my mind,it,172592.0,10841.0,57.0,,50,741,297,2712,2712,2993
Non So Dire No,it,213629.0,12475.0,40.0,,50,742,807,2713,2713,2994
L’ultimo giorno del mondo,it,151546.0,14004.0,51.0,,50,741,297,2714,2714,2996
Cocco24,it,177272.0,13055.0,52.0,,50,741,297,2715,2715,2999
Inno Nazionale,it,205958.0,8967.0,32.0,,50,743,809,2716,2716,3000
Ambition,it,199390.0,12688.0,50.0,,50,741,297,2717,2717,3001
Musica Commerciale,it,163517.0,11900.0,39.0,,50,743,809,1947,1947,2124
Mandami Fuori,it,280369.0,11271.0,29.0,,50,742,807,2718,2718,3002
Back Like Cooked Crack,it,127674.0,9740.0,50.0,,50,741,297,2719,2719,3003
La cosa giusta,it,166859.0,9133.0,42.0,,50,744,315,2720,2720,3004
Generazioni,it,164127.0,8410.0,51.0,,50,741,297,2721,2721,3005
Con uno sguardo,it,151333.0,7319.0,53.0,,50,741,297,2722,2722,3006
Milano Bloody Money,it,147272.0,7823.0,47.0,,50,741,297,2723,2723,3007
Yeah,pl,130593.0,7358.0,36.0,,50,744,315,2724,2724,3008
Qualcuno,it,233163.0,7823.0,33.0,,50,742,807,2725,2725,3009
Indiani e cowboy,it,194104.0,8641.0,36.0,,50,744,315,2726,2726,3010
Cucchiaino,it,159093.0,6952.0,49.0,,50,741,297,2727,2727,3011
Senza niente da dire,it,190930.0,5541.0,33.0,,50,744,315,2728,2728,3012
Caramelle da uno sconosciuto,it,143892.0,7838.0,32.0,,50,744,315,2729,2729,3013
Me Gusta,es,194074.0,7705.0,40.0,,50,742,807,2730,2730,3014
Trips!,it,149800.0,7210.0,31.0,,50,744,315,2731,2731,3016
20 Primavere,it,77554.0,7688.0,29.0,,50,744,315,2732,2732,3017
Ninna Nanna,it,328147.0,6482.0,23.0,,50,743,813,2733,2733,3018
Fino A Sanguinare,it,206207.0,7402.0,28.0,,50,743,809,2734,2734,3019
Jumpman,it,195958.0,5112.0,32.0,,50,744,315,2735,2735,3020
Se Avessi Un Cuore,it,196286.0,5659.0,31.0,,50,743,809,2736,2736,3021
Vivo O Morto,it,223325.0,5316.0,29.0,,50,743,809,2737,2737,3023
Più Forte,it,202142.0,5238.0,40.0,,50,746,809,2738,2738,3024
Un altro weekend,pl,201666.0,4618.0,33.0,,50,744,315,2739,2739,3025
MMMH,it,205636.0,5550.0,27.0,,50,747,374,2740,2740,3026
Brutte Abitudini,it,220212.0,5580.0,29.0,,50,743,809,2741,2741,3027
Andiamo al mare,it,140166.0,5170.0,43.0,,50,741,297,2742,2742,3028
Proprio come lei,it,248147.0,4308.0,28.0,,50,743,814,2743,2743,3029
Fuori Da Qui,it,197482.0,5639.0,29.0,,50,742,815,2744,2744,3030
Bla Bla Bla,it,238759.0,5288.0,26.0,,50,743,809,2745,2745,3032
6 del mattino,it,178124.0,4789.0,47.0,,50,748,816,2746,2746,3033
Reality,it,227168.0,5365.0,22.0,,50,742,807,2747,2747,3034
Non sentiamoci più,it,252963.0,4533.0,31.0,,50,749,817,2748,2748,3035
Come un serpente,it,222983.0,4703.0,20.0,,50,743,809,2749,2749,3036
Zombie,it,178774.0,5851.0,23.0,,50,742,807,2750,2750,3037
La Vita È Così,it,211645.0,4596.0,22.0,,50,742,807,2751,2751,3038
Teddy Boy,it,234557.0,4954.0,23.0,,50,743,809,2752,2752,3039
Notte In Città,it,212910.0,5797.0,23.0,,50,742,807,2753,2753,3040
Bella Vita (Falla Finita),it,258934.0,5433.0,27.0,,50,743,809,2754,2754,3041
Bello,it,209375.0,4138.0,22.0,,50,742,807,2755,2755,3042
Plaza Music,pl,239186.0,4307.0,9.0,,50,750,373,2756,2756,3043
Non Affondiamo Mai,it,185586.0,4028.0,57.0,,50,740,809,2757,2757,3044
Il Suono Dei Nemici,it,230160.0,5277.0,32.0,,50,751,373,2758,2758,3045
Girls,it,185586.0,4912.0,57.0,,50,740,592,2759,2759,3046
Problemi Nella Testa,it,222040.0,4282.0,1.0,,50,752,592,2760,2760,3047
Vida Loca Pt2,pl,194322.0,5933.0,41.0,,50,753,373,2761,2761,3048
La lingua,pl,197866.0,5074.0,19.0,,50,754,809,2762,2762,3049
Stop That Train,it,331054.0,4497.0,19.0,,50,755,788,2763,2763,3050
Gli Anni D’Oro (Orchestral Version),it,194322.0,5017.0,41.0,,50,753,818,2764,2764,3051
Metempsicosi,en,158571.0,5785.0,9.0,,25,756,819,2765,2765,3052
Que Pasa,it,212727.0,4163.0,4.0,,25,757,148,2766,2766,3053
Tokyo,it,366239.0,4560.0,2.0,,25,756,819,2767,2767,3054
Orologi,it,170599.0,5629.0,10.0,,25,758,820,2768,2768,3055
Sulle Nuvole,it,142334.0,4934.0,8.0,,25,759,523,2769,2769,3056
Karma,it,135976.0,5108.0,1.0,,25,756,819,2770,2770,3057
La Mia Parte Migliore,it,208119.0,4880.0,3.0,,25,760,821,2771,2771,3058
187,en,113626.0,4097.0,1.0,,25,761,822,2772,2772,3059
Via Da Qui,it,175833.0,4344.0,1.0,,25,756,819,2773,2773,3060
Molly,it,180556.0,4904.0,9.0,,25,762,532,2774,2774,3061
Green Kiss,it,164852.0,4431.0,2.0,,25,760,821,2775,2775,3062
Sempre,it,213670.0,4113.0,1.0,,25,760,821,2776,2776,3063
Parole,it,156888.0,5700.0,22.0,,25,763,823,2777,2777,3064
Grand Notorious,it,208923.0,5976.0,1.0,,25,764,350,2778,2778,3065
Pretesti,it,181153.0,5605.0,1.0,,25,760,821,2779,2779,3066
SFTS,it,144288.0,5724.0,1.0,,25,760,821,2780,2780,3067
Parole Per Dirti,it,219683.0,4498.0,1.0,,25,760,821,2781,2781,3068
Guardami Negli Occhi,it,153865.0,5937.0,4.0,,25,765,824,2782,2782,3069
I Got Love,it,203351.0,4407.0,1.0,,25,760,821,2783,2783,3070
Fly Girl Dope,it,183077.0,5920.0,1.0,,25,760,821,2784,2784,3071
New Generation,it,201914.0,6007.0,1.0,,25,760,821,2785,2785,3072
Medusa,it,195268.0,5437.0,2.0,,25,765,824,2786,2786,3073
Trust Nobody,it,154981.0,5978.0,3.0,,25,765,824,2787,2787,3074
S#it,en,230280.0,5155.0,1.0,,25,766,821,2788,2788,3075
No Love,it,157199.0,4532.0,1.0,,25,765,824,2789,2789,3076
Oh my doll,it,158571.0,4888.0,9.0,,25,756,819,2790,2790,3077
100 Giga,it,145000.0,5199.0,6.0,,25,767,435,2791,2791,3078
Opaca,it,150361.0,4157.0,28.0,,25,768,279,2792,2792,3079
G,it,152195.0,5259.0,39.0,,25,769,93,2793,2793,3080
Nena,es,153251.0,39776.0,55.0,,103,770,825,2794,2794,3081
Barrio,en,197742.0,23874.0,50.0,,103,771,826,2795,2795,3082
Love Is Not Hard to Find,en,147967.0,11542.0,45.0,,103,772,281,2796,2796,3083
Mascarade,pl,155549.0,10624.0,42.0,,103,773,827,2797,2797,3084
KI-KI,en,141335.0,7545.0,48.0,,103,774,828,2798,2798,3085
Se Acabó,es,186216.0,5936.0,33.0,,103,775,564,2799,2799,3086
You,en,213502.0,5055.0,40.0,,103,776,829,2800,2800,3087
Instinto,es,228586.0,5970.0,41.0,,103,777,830,2801,2801,3088
Herrera,es,157268.0,5530.0,42.0,,103,778,831,2802,2802,3089
El Diablo,en,169523.0,4334.0,40.0,,103,779,542,2803,2803,3090
Ya,es,175029.0,4967.0,35.0,,103,780,48,2804,2804,3091
La Puerta,es,214789.0,5451.0,31.0,,103,781,22,2805,2805,3092
Clessidra,it,162680.0,10063.0,22.0,,52,782,832,2806,2806,3093
Retrogame (Zisa 3:00),it,216426.0,10917.0,28.0,,52,782,833,2807,2807,3094
24H,it,316520.0,9954.0,23.0,,52,782,833,2808,2808,3095
"La pioggia, gli applausi",it,245826.0,7924.0,25.0,,52,782,407,2809,2809,3096
L’amore causa,it,260866.0,7733.0,22.0,,52,782,833,2810,2810,3097
O.L.G.A.,it,268626.0,7051.0,18.0,,52,782,833,2811,2811,3098
Slot1,it,236520.0,5434.0,21.0,,52,782,833,2812,2812,3099
Passione,it,232000.0,4035.0,21.0,,52,782,833,2813,2813,3100
Storie,it,224506.0,4028.0,16.0,,52,782,834,2814,2814,3101
64 Bars,it,138064.0,4725.0,24.0,,52,783,835,2815,2815,3102
Anestetico,it,228706.0,5869.0,31.0,,52,784,836,2816,2816,3103
Tempi d’oro,it,205080.0,4468.0,21.0,,52,782,833,2817,2817,3104
5 Agosto,it,129880.0,5284.0,27.0,,52,784,836,2818,2818,3105
Odio/Amo,it,254613.0,4455.0,26.0,,52,784,836,2819,2819,3106
Prime,it,130373.0,4656.0,27.0,,52,784,836,2820,2820,3107
Ultimo tiro,it,144680.0,5710.0,23.0,,52,784,402,2821,2821,3108
Memory Interlude,en,102613.0,5471.0,15.0,,52,782,833,2822,2822,3109
Fantastica illusione,it,213031.0,4204.0,18.0,,52,785,837,2823,2823,3110
Mare d’inverno,it,212893.0,4871.0,25.0,,52,784,836,2824,2824,3111
Fammi il prezzo (Bonus),it,177240.0,4068.0,17.0,,52,782,833,2825,2825,3112
Hakeem,it,200506.0,4974.0,25.0,,52,784,836,2826,2826,3113
Fan,it,213031.0,5338.0,18.0,,52,785,833,2827,2827,3114
Che dici ah?!,it,216426.0,4249.0,28.0,,52,782,838,2828,2828,3115
Colpe,it,163440.0,4590.0,23.0,,52,784,836,2829,2829,3116
A8,it,248160.0,4810.0,22.0,,52,784,836,2830,2830,3117
Conversazioni,it,228053.0,5855.0,20.0,,52,784,836,2831,2831,3118
1/2,en,132382.0,6003.0,19.0,,52,786,839,2832,2832,3119
Via da qua,it,195720.0,4101.0,21.0,,52,784,836,2833,2833,3120
Freddo,it,176360.0,5537.0,23.0,,52,784,836,2834,2834,3121
Dovrei,it,145840.0,4756.0,27.0,,52,784,836,2835,2835,3122
Fuori Piove,it,206982.0,4799.0,13.0,,52,785,837,2836,2836,3123
L’ultimo liricista,it,190148.0,5526.0,20.0,,52,785,837,2837,2837,3124
Jeff,it,258092.0,5853.0,20.0,,52,784,836,2838,2838,3125
Titoli,it,172733.0,5916.0,21.0,,52,784,836,2839,2839,3126
Dreams,it,258298.0,5170.0,20.0,,52,785,837,2840,2840,3127
Orgoglio,it,227191.0,4729.0,14.0,,52,786,839,2841,2841,3128
Non è un movie,it,214346.0,5589.0,20.0,,52,784,836,2842,2842,3129
Orgoglio Pt.3,it,227191.0,4515.0,14.0,,52,786,839,2843,2843,3130
Bars #2 (Outdoor),it,216000.0,5142.0,10.0,,52,786,483,2844,2844,3131
73/Indoor,it,385562.0,4732.0,8.0,,52,785,604,2845,2845,3132
Bars #3 (Home),it,651568.0,5329.0,25.0,,52,787,840,2846,2846,3133
Chi Sei Per Giudicarmi,it,248778.0,4496.0,12.0,,52,785,604,2847,2847,3134
Cosa c’è,it,198876.0,4397.0,10.0,,52,786,839,2848,2848,3135
Beat & Flow,it,203337.0,5855.0,10.0,,52,785,837,2849,2849,3136
Bars #1 (Indoor),it,132382.0,4215.0,19.0,,52,786,841,2850,2850,3137
Impazzisco/Killer Negli Speakers,it,256500.0,5027.0,8.0,,52,785,837,2851,2851,3138
Popolazione,it,239760.0,4455.0,19.0,,52,788,842,2852,2852,3139
Tutte le volte,it,209943.0,4090.0,9.0,,52,785,837,2853,2853,3140
Angelo In Terra,it,186293.0,4085.0,15.0,,52,785,604,261,261,269
Qualcuno Qua,it,199227.0,4362.0,8.0,,52,785,604,2854,2854,3141
Everyday,it,262354.0,5751.0,7.0,,52,786,839,2855,2855,3142
Io No,it,138054.0,4579.0,8.0,,52,785,837,2856,2856,3143
Inchiostro nero,pl,255466.0,5918.0,13.0,,52,786,839,2857,2857,3145
Senza gravità,it,214500.0,5179.0,10.0,,52,786,839,2858,2858,3147
Boom,it,165418.0,4886.0,9.0,,52,785,837,2859,2859,3148
Voci,it,208421.0,5175.0,11.0,,52,786,839,2860,2860,3149
Nella mia città,it,202134.0,5049.0,9.0,,52,786,839,2861,2861,3150
Ancora (I still pt.2),it,226500.0,5535.0,6.0,,52,786,554,2862,2862,3151
Tutto apposto,it,179500.0,4579.0,6.0,,52,786,839,2863,2863,3152
Michael Joint,en,216000.0,4720.0,10.0,,52,786,839,2864,2864,3153
Loro dicono,it,232000.0,5806.0,6.0,,52,786,839,2865,2865,3155
Siamo,pl,201647.0,5909.0,5.0,,52,786,843,2866,2866,3156
Questo sono io,it,270000.0,5802.0,6.0,,52,786,839,2867,2867,3157
Killer Negli Speakers,en,229482.0,4854.0,4.0,,52,785,604,2868,2868,3158
Non È,it,214346.0,5578.0,20.0,,52,784,844,2869,2869,3159
Intro [Sentire Non È Ascoltare],it,596186.0,4967.0,1.0,,52,789,844,2870,2870,3160
Donna,it,110561.0,5011.0,4.0,,52,790,844,2871,2871,3161
Radiografia,it,239760.0,4422.0,19.0,,52,788,845,2872,2872,3162
Se mai,it,180137.0,5197.0,75.0,,52,791,844,2873,2873,3164
Ciò Che Vuoi,en,194571.0,4387.0,57.0,,52,792,844,2874,2874,3165
Domani no,pl,122500.0,4677.0,1.0,,52,793,844,2875,2875,3167
Solo noi,it,239760.0,5728.0,19.0,,52,788,844,2876,2876,3168
Giovani,it,239760.0,4427.0,19.0,,52,788,844,2877,2877,3169
Sugar Baby,it,167586.0,4155.0,14.0,,52,794,844,2878,2878,3170
Luce,it,239760.0,4150.0,19.0,,52,788,844,2879,2879,3171
Tutto Qui,en,239760.0,5898.0,19.0,,52,788,844,2880,2880,3172
Avvicinati,it,216000.0,5027.0,10.0,,52,786,845,2881,2881,3173
I Still,it,226500.0,4834.0,6.0,,52,786,845,2882,2882,3174
Zero,it,298421.0,5639.0,25.0,,52,795,844,2883,2883,3175
Amore Per La Musica,it,572813.0,5688.0,35.0,,52,796,845,2884,2884,3176
Vetro & Ferro,it,178346.0,4678.0,17.0,,52,797,845,2885,2885,3177
Intro,en,239760.0,5403.0,19.0,,52,788,845,2886,2886,3178
Pensare,it,239760.0,5558.0,19.0,,52,788,846,2887,2887,3179
La City,it,110561.0,5325.0,4.0,,52,790,847,2888,2888,3180
T-Flashy,it,164828.0,4316.0,62.0,,52,798,844,2889,2889,3181
Jazzlude #1,it,132382.0,5769.0,19.0,,52,786,845,2890,2890,3182
Oh No,it,490266.0,5094.0,37.0,,52,799,845,2891,2891,3183
One Joint,it,216000.0,4578.0,10.0,,52,786,845,2892,2892,3184
Vivo Il Mio Mondo,it,212218.0,4865.0,52.0,,52,800,848,2893,2893,3185
Jazzlude #2,it,216000.0,4088.0,10.0,,52,786,845,2894,2894,3186
Jazzlude #3,it,110561.0,4266.0,4.0,,52,790,845,2895,2895,3187
Maestro,it,110561.0,5548.0,4.0,,52,790,849,2896,2896,3188
COME UN TUONO,co,175293.0,31364.0,69.0,,85,801,439,2897,2897,3189
Fantasmi,it,133266.0,23505.0,64.0,,85,802,850,2898,2898,3190
fuorilegge,it,221403.0,19250.0,72.0,,85,803,724,2899,2899,3191
ancora,it,188041.0,15134.0,67.0,,85,804,601,2900,2900,3192
no vabbè,it,160000.0,18151.0,63.0,,85,804,601,2901,2901,3193
Michelle Pfeiffer,it,180774.0,10767.0,54.0,,85,802,447,2902,2902,3194
Elvis,it,172784.0,10586.0,49.0,,85,802,851,2903,2903,3195
CLICK BOOM!,it,225561.0,9957.0,64.0,,85,801,90,2904,2904,3196
Due facce,it,154186.0,9176.0,50.0,,85,802,850,2905,2905,3197
STAN,it,149320.0,8194.0,47.0,,85,801,439,2906,2906,3198
BRUTTI PENSIERI,it,187201.0,10780.0,48.0,,85,801,439,2907,2907,3199
HATTORI HANZO,pl,166574.0,11650.0,45.0,,85,801,439,2908,2908,3200
"IO, ME ED ALTRI GUAI",it,177208.0,7777.0,51.0,,85,801,852,2909,2909,3201
Lamette,it,149493.0,9163.0,54.0,,85,802,853,2910,2910,3202
GRAFFITI,en,167785.0,8169.0,54.0,,85,801,439,2911,2911,3203
bop,it,153053.0,7667.0,63.0,,85,804,601,2912,2912,3204
TRASPARENTE,it,151952.0,6326.0,44.0,,85,801,439,2913,2913,3205
il bacio del serpente,it,132307.0,5914.0,49.0,,85,804,601,2914,2914,3206
SAD! (XXXTentacion),en,215088.0,5877.0,17.0,,85,805,854,2915,2915,3207
Gotham,it,133266.0,5928.0,64.0,,85,802,850,2916,2916,3208
MILANO ALMENO TU,it,172750.0,5914.0,41.0,,85,801,439,2917,2917,3209
Monet,it,197706.0,4498.0,39.0,,85,802,850,2918,2918,3210
Cartoni Animati,it,164623.0,4755.0,45.0,,85,802,850,2919,2919,3211
Yakuza,it,163346.0,5821.0,34.0,,85,802,850,2920,2920,3212
smith & wesson,it,196636.0,5629.0,45.0,,85,804,601,2921,2921,3213
Dalle Ombre,it,156920.0,5985.0,35.0,,85,802,850,2922,2922,3214
Moonlight,en,150442.0,5526.0,36.0,,85,802,850,2923,2923,3215
tu sai,it,182133.0,4799.0,44.0,,85,804,601,2924,2924,3216
Geisha,en,171154.0,5195.0,16.0,,85,806,855,2925,2925,3217
Rehab,it,192034.0,5339.0,36.0,,85,802,850,2926,2926,3218
HAI MAI VISTO PIANGERE UN COWBOY?,it,149240.0,4169.0,37.0,,85,801,439,2927,2927,3219
HUH?,pl,124561.0,5101.0,35.0,,85,801,439,2928,2928,3220
patrick bateman,it,142627.0,5432.0,45.0,,85,804,601,2929,2929,3221
GANGSTA LOVE,en,176625.0,4347.0,28.0,,85,807,771,2930,2930,3222
Non Sono Felice Per Te,it,159440.0,5576.0,32.0,,85,802,850,2931,2931,3223
millionaire,it,149386.0,5180.0,49.0,,85,804,601,2932,2932,3224
l’amore è un serial killer,it,150666.0,5919.0,42.0,,85,804,601,2933,2933,3225
lacrimogeni,it,210119.0,4096.0,52.0,,85,804,601,2934,2934,3226
Rari,it,168190.0,4544.0,38.0,,85,802,112,2935,2935,3227
wtf,it,178328.0,5217.0,42.0,,85,804,601,2936,2936,3228
IL MIO FUNERALE,it,155641.0,4605.0,38.0,,85,801,439,2937,2937,3229
GOODBYE,it,145115.0,5442.0,25.0,,85,808,64,2938,2938,3230
Il Diavolo Piange,it,154864.0,5533.0,35.0,,85,809,856,2939,2939,3231
Funeral Party,en,168240.0,4217.0,75.0,,85,810,557,2940,2940,3232
musica per dimenticare,it,166736.0,5041.0,49.0,,85,804,601,2941,2941,3233
COMO UN TRUENO,es,174869.0,5030.0,41.0,,85,811,857,2942,2942,3234
Kitty Kitty,en,175908.0,4750.0,13.0,,85,812,239,2943,2943,3235
Get The Fuck Out Of My Pool,en,139467.0,5881.0,16.0,,85,813,858,2944,2944,3236
"It’s Snowing, Motherfucker",en,197648.0,5670.0,16.0,,85,468,859,2945,2945,3237
Don’t Call the Po-Po,en,209142.0,5408.0,20.0,,85,814,860,2946,2946,3238
Bundy,it,107768.0,5442.0,23.0,,85,815,223,2947,2947,3239
IRON MAIDEN,it,242694.0,4938.0,13.0,,85,816,861,2948,2948,3240
victoria’s secret,it,194222.0,5857.0,66.0,,85,817,93,2949,2949,3241
Tarantino,it,153053.0,5402.0,63.0,,85,804,862,2950,2950,3242
SWOOP!,en,189840.0,5471.0,18.0,,85,818,863,2951,2951,3243
Sneakers,en,179362.0,5738.0,15.0,,85,819,864,2952,2952,3244
Tyson Freestyle,it,306960.0,4559.0,13.0,,85,820,865,2953,2953,3245
"Fiori rosa, fiori di pesco",it,226341.0,5630.0,15.0,,85,821,866,2954,2954,3246
Collaborazioni Rose Villain,es,130548.0,4401.0,47.0,,85,822,867,2955,2955,3247
SLATT,en,217443.0,165434.0,59.0,,83,823,868,2956,2956,3248
Face To Face (Exposing Me RMX),it,206346.0,128121.0,46.0,,83,824,869,2957,2957,3249
MOVIE,it,195744.0,83781.0,50.0,,83,825,256,2958,2958,3250
Dubai,it,201847.0,64550.0,51.0,,83,826,870,2959,2959,3251
GIOVANE RONDO,it,217443.0,43304.0,59.0,,83,823,868,2960,2960,3252
SHAWTY,en,153881.0,43244.0,48.0,,83,827,871,2961,2961,3253
OGNI VOLTA,it,424750.0,38561.0,11.0,,83,828,121,2962,2962,3254
STURDY,en,237632.0,43807.0,45.0,,83,829,581,2963,2963,3255
BABY,en,189677.0,34353.0,50.0,,83,823,868,2964,2964,3256
BIRKIN,it,181621.0,32687.0,42.0,,83,830,102,2965,2965,3257
YOUNGSHIT,it,141660.0,24832.0,52.0,,83,823,868,2966,2966,3258
CHINGA,en,184246.0,31348.0,49.0,,83,831,872,2967,2967,3259
Free Samy,it,173538.0,25348.0,44.0,,83,832,413,2968,2968,3260
[Rondodasosa] Plugged In Freestyle,it,361346.0,20453.0,5.0,,83,833,873,2969,2969,3261
Leggenda,it,231686.0,14207.0,48.0,,83,834,874,2970,2970,3262
DOLORE,it,196800.0,19840.0,38.0,,83,823,868,2971,2971,3263
TRENCHES BABY,en,208785.0,13396.0,42.0,,83,835,26,2972,2972,3264
NEW YORK,it,197142.0,17665.0,45.0,,83,836,420,2973,2973,3265
SOUTHSIDE,it,139130.0,18630.0,41.0,,83,823,868,2974,2974,3267
BLUE CHEESE,it,191422.0,13577.0,51.0,,83,835,26,2975,2975,3268
TRAP,en,203042.0,11725.0,38.0,,83,823,868,2976,2976,3269
TOKYO,en,202127.0,14048.0,45.0,,83,835,26,2977,2977,3270
MANDANTE,it,214000.0,12441.0,38.0,,83,837,875,2978,2978,3271
DRILLMOON,it,210000.0,11235.0,46.0,,83,835,26,2979,2979,3272
Show No Love Freestyle,it,579293.0,12361.0,67.0,,83,838,97,2980,2980,3273
BABA,it,155789.0,8164.0,51.0,,83,839,876,2981,2981,3274
SIN CARA,it,134652.0,9693.0,44.0,,83,835,26,2982,2982,3275
SOLO/ALONE,it,237755.0,10472.0,38.0,,83,840,877,2983,2983,3276
MY LIFE,it,186964.0,9820.0,97.0,,83,841,878,2984,2984,3277
CHIARA,it,174379.0,7335.0,46.0,,83,842,879,2985,2985,3278
PLAYA,pt,137910.0,9366.0,47.0,,83,835,26,2986,2986,3279
WE ON EM,it,192558.0,8335.0,41.0,,83,843,880,2987,2987,3280
FASHION NOVA,it,142741.0,7543.0,46.0,,83,835,26,2988,2988,3281
AUTOSTOP,it,189132.0,6686.0,44.0,,83,835,824,2989,2989,3282
KILLY DEMON,en,165245.0,8908.0,42.0,,83,835,26,2990,2990,3284
ADDERALL,it,165004.0,6688.0,49.0,,83,844,881,2991,2991,3285
Face to face 2,it,193725.0,6564.0,48.0,,83,845,882,2992,2992,3286
READY 4 WAR,it,168275.0,6097.0,45.0,,83,846,883,2993,2993,3287
GHETTO,it,161332.0,7047.0,50.0,,83,847,884,2994,2994,3288
NO LUV,en,256000.0,6416.0,42.0,,83,835,26,2995,2995,3289
OUTSIDE,it,147000.0,6653.0,43.0,,83,835,26,2996,2996,3290
TONIGHT,it,184501.0,5137.0,41.0,,83,835,26,2997,2997,3291
2016,it,167973.0,5739.0,50.0,,83,844,74,2998,2998,3292
CELL,en,181394.0,5481.0,40.0,,83,835,26,2999,2999,3294
PACK A PUNCH FREESTYLE,it,229031.0,5802.0,43.0,,83,848,885,3000,3000,3295
DOLORE 2,it,181404.0,5833.0,38.0,,83,835,26,3001,3001,3296
GOOD DAY FOR KILL SOMEBODY,it,143892.0,4035.0,46.0,,83,844,74,3002,3002,3297
YAMAHA,pl,187941.0,5363.0,45.0,,83,835,26,3003,3003,3298
SRT,it,142468.0,4116.0,45.0,,83,844,74,3004,3004,3299
DOPPIO TAGLIO,it,219772.0,5113.0,51.0,,83,844,74,3005,3005,3300
DROGA,it,202600.0,4589.0,60.0,,83,849,886,3006,3006,3301
SSG,it,177433.0,4625.0,38.0,,83,850,312,3007,3007,3302
SCUSA,it,187138.0,4720.0,37.0,,83,835,26,3008,3008,3303
TIMBERLAND BLUE,it,165660.0,5258.0,43.0,,83,844,74,3009,3009,3304
2+2,it,127429.0,4683.0,46.0,,83,844,74,3010,3010,3305
TOWN,it,167624.0,5482.0,47.0,,83,844,887,3011,3011,3306
MOTIVATION,it,162500.0,4823.0,59.0,,83,851,887,3012,3012,3307
My Brain*,it,223253.0,4149.0,2.0,,83,852,888,3013,3013,3308
GANGSTA LIFE,it,158169.0,5585.0,46.0,,83,844,74,3014,3014,3309
Curry*,it,212920.0,4585.0,55.0,,83,853,133,3015,3015,3310
DON’T CRY,it,147535.0,4879.0,44.0,,83,844,74,3016,3016,3311
BabyGoat Freestyle,it,202600.0,5385.0,60.0,,83,849,889,3017,3017,3312
On The Radar Freestyle,it,431671.0,4679.0,27.0,,83,854,890,3018,3018,3313
GET BACK,it,223745.0,4126.0,40.0,,83,844,74,3019,3019,3314
HUSTLER,it,172500.0,4763.0,42.0,,83,844,74,3020,3020,3315
BIG DRIP RMX*,en,168760.0,5904.0,54.0,,83,855,21,3021,3021,3316
PRETTY GANGSTA,it,182152.0,5297.0,45.0,,83,856,866,3022,3022,3317
ADDERALL V2,it,215725.0,5360.0,11.0,,83,857,891,3023,3023,3318
SOSA*,it,212920.0,5279.0,55.0,,83,853,133,3024,3024,3319
BUSINESS CLASS*,it,231026.0,4411.0,31.0,,83,858,892,3025,3025,3320
Mi Sono Perso Qua*,it,178709.0,4852.0,73.0,,83,859,183,3026,3026,3321
Another One,it,168500.0,5519.0,39.0,,83,860,893,3027,3027,3322
Ragazzi Di Strada,it,183997.0,4215.0,43.0,,83,860,890,3028,3028,3323
Verità Freestyle,it,195535.0,4568.0,51.0,,83,861,894,3029,3029,3324
GHOST*,it,202600.0,4567.0,60.0,,83,849,514,3030,3030,3325
Big check*,en,165000.0,4875.0,0.0,,83,862,895,3031,3031,3326
All On Me*,en,176965.0,5976.0,94.0,,83,863,73,3032,3032,3328
Tiffany Calver Freestyle,pl,169014.0,4146.0,28.0,,83,864,896,3033,3033,3329
The World Is Yours*,en,181661.0,5051.0,69.0,,83,865,811,3034,3034,3330
Junkie*,it,212920.0,4372.0,55.0,,83,853,133,3035,3035,3331
Lemon Pepper Freestyle,it,203606.0,5955.0,1.0,,83,866,897,3036,3036,3332
I come straight from Italy*,it,243776.0,4240.0,69.0,,83,867,898,3037,3037,3333
LIMITER,it,202600.0,4820.0,60.0,,83,849,899,3038,3038,3334
Switches*,it,202600.0,5493.0,60.0,,83,849,514,3039,3039,3335
Money on my head*,en,204640.0,5425.0,86.0,,83,868,900,3040,3040,3336
Cupido,it,210106.0,615694.0,63.0,,89,869,901,3041,3041,3337
Tran Tran,en,219733.0,460876.0,67.0,,89,869,417,3042,3042,3338
Sciroppo,it,205013.0,439824.0,63.0,,89,869,901,3043,3043,3339
Rockstar,it,195946.0,382802.0,64.0,,89,869,901,3044,3044,3340
Serpenti A Sonagli,it,194173.0,316091.0,67.0,,89,869,901,3045,3045,3341
Ricchi x Sempre,it,223786.0,297709.0,65.0,,89,869,901,3046,3046,3342
BRNBQ,it,224120.0,238320.0,65.0,,89,870,499,3047,3047,3343
Bang Bang,it,149893.0,209249.0,69.0,,89,870,902,3048,3048,3344
Visiera A Becco,it,187573.0,209630.0,71.0,,89,870,902,3049,3049,3345
Uber,it,187253.0,219634.0,58.0,,89,869,901,3050,3050,3346
XNX,en,143693.0,190863.0,50.0,,89,869,901,3051,3051,3347
Tik Tok,it,310624.0,139798.0,59.0,,89,871,903,3052,3052,3349
Figli Di Papà,it,205480.0,137145.0,60.0,,89,870,904,3053,3053,3350
Bottiglie Privè,it,189867.0,193540.0,63.0,,89,871,905,3054,3054,3351
NEON,it,226906.0,141809.0,82.0,,89,872,279,3055,3055,3352
Calcolatrici,it,205524.0,128662.0,69.0,,89,873,156,3056,3056,3355
Ciny,it,166346.0,149606.0,62.0,,89,874,906,3057,3057,3356
Abracadabra,en,192964.0,145936.0,47.0,,89,871,903,3058,3058,3357
XDVRMX,it,202445.0,135241.0,54.0,,89,874,907,3059,3059,3359
15 Piani,it,206896.0,111527.0,69.0,,89,873,156,3060,3060,3360
20 Collane,it,128933.0,97142.0,56.0,,89,869,901,3061,3061,3361
Notti,it,170840.0,142922.0,64.0,,89,870,902,3062,3062,3362
Mercedes Nero,it,232000.0,108215.0,55.0,,89,874,908,3063,3063,3364
Panette,it,195691.0,127203.0,57.0,,89,874,909,3064,3064,3365
G63,en,229253.0,124485.0,64.0,,89,873,156,3065,3065,3367
Leggenda,it,189986.0,119312.0,54.0,,89,869,901,3066,3066,3368
Brutti Sogni,it,195121.0,105117.0,52.0,,89,874,910,3067,3067,3369
$€ Freestyle,en,164468.0,99494.0,50.0,,89,871,903,3068,3068,3370
Macarena,it,158043.0,113562.0,45.0,,89,871,903,3069,3069,3371
Balenciaga,pl,169280.0,124740.0,47.0,,89,870,902,3070,3070,3372
Dexter,en,155769.0,125891.0,53.0,,89,875,574,3071,3071,3373
Hollywood,it,191869.0,86888.0,57.0,,89,871,903,3072,3072,3374
Bancomat,it,188706.0,88264.0,57.0,,89,869,901,3073,3073,3375
Equilibrio,it,185800.0,107174.0,52.0,,89,870,902,3074,3074,3376
Baby,da,193554.0,98952.0,63.0,,89,871,903,3075,3075,3377
VDLC,it,198260.0,102287.0,62.0,,89,873,156,3076,3076,3378
Blunt & Sprite,it,168193.0,77910.0,50.0,,89,876,911,3077,3077,3379
Ciao Bella,it,186666.0,86666.0,59.0,,89,873,156,3078,3078,3380
Più Forte,it,231043.0,88660.0,50.0,,89,874,912,3079,3079,3381
Anche Stasera,it,217500.0,87433.0,72.0,,89,873,156,3080,3080,3382
NON METTERCI BECCO,it,182245.0,72661.0,76.0,,89,872,279,3081,3081,3383
VVS CARTIER,it,180863.0,59833.0,76.0,,89,872,279,3082,3082,3384
Giovani Re,it,168342.0,74717.0,55.0,,89,871,903,3083,3083,3385
Happy Birthday,it,170706.0,64957.0,59.0,,89,877,125,3084,3084,3386
Male,it,161873.0,67389.0,62.0,,89,871,903,3085,3085,3387
Gelosi,it,183526.0,80775.0,50.0,,89,871,903,3086,3086,3388
Salam Alaikum,it,149968.0,65393.0,43.0,,89,871,903,3087,3087,3390
Tik Tok (RMX),it,310624.0,74543.0,59.0,,89,871,913,3088,3088,3394
BHMG,en,161066.0,55756.0,58.0,,89,870,902,3089,3089,3395
Marshmallow,it,244705.0,67658.0,48.0,,89,874,912,3090,3090,3396
3uphon,pl,195750.0,71620.0,61.0,,89,873,156,3091,3091,3398
Gol,it,217538.0,50184.0,57.0,,89,873,156,3092,3092,3399
Gangang,pl,171078.0,46289.0,44.0,,89,871,903,3093,3093,3400
Quello Che Non Va,it,194413.0,53673.0,52.0,,89,870,902,3094,3094,3401
SEI PERSA,it,178709.0,45365.0,73.0,,89,872,279,3095,3095,3402
Momenti No,it,192611.0,59477.0,59.0,,89,873,156,3096,3096,3403
Complicato,it,193043.0,62084.0,67.0,,89,873,156,3097,3097,3404
SNTMNG,it,192096.0,51251.0,72.0,,89,872,279,3098,3098,3405
OVER (demo),it,209552.0,47362.0,71.0,,89,872,279,3099,3099,3406
D&G,it,232676.0,49411.0,70.0,,89,872,279,3100,3100,3407
OGNT,pl,113454.0,53141.0,50.0,,89,878,914,3101,3101,3408
Mademoiselle,it,189344.0,38325.0,58.0,,89,879,915,3102,3102,3409
Tutti Scemi,it,210713.0,46924.0,45.0,,89,874,912,3103,3103,3410
XDVR,it,202445.0,47277.0,54.0,,89,874,916,3104,3104,3411
6 AM,it,188782.0,46289.0,46.0,,89,871,903,3105,3105,3412
MOLECOLE SPRITE,it,174193.0,38283.0,73.0,,89,872,279,3106,3106,3413
MAYBACH,it,163314.0,44950.0,71.0,,89,872,279,3107,3107,3414
No Champagne,it,178348.0,34376.0,50.0,,89,874,912,3108,3108,3415
Rapina,it,174705.0,36000.0,49.0,,89,874,912,3109,3109,3416
Cupido (RMX),es,211920.0,45467.0,44.0,,89,877,917,3110,3110,3418
Popstar,pl,183306.0,42933.0,52.0,,89,877,917,3111,3111,3419
Fragile,it,146165.0,30851.0,55.0,,89,873,156,3112,3112,3420
Trap Kings,it,240005.0,34418.0,47.0,,89,874,907,3113,3113,3421
No No,it,182245.0,33834.0,76.0,,89,872,902,3114,3114,3422
SG4M1,it,153441.0,32737.0,47.0,,89,874,912,3115,3115,3423
COME SE NON FOSSI NEI GUAI,it,209962.0,31933.0,71.0,,89,872,279,3116,3116,3424
Uber (feat. Miami Yacine),it,190000.0,28094.0,32.0,,89,877,901,3117,3117,3425
UHLALA,it,189124.0,33359.0,59.0,,89,871,509,3118,3118,3426
Parigi*,en,232676.0,35731.0,70.0,,89,872,249,3119,3119,3428
20 Collane (International Version),it,160000.0,32553.0,36.0,,89,880,901,3120,3120,3429
Milano Bene,it,162061.0,33263.0,52.0,,89,873,156,3121,3121,3430
Troppo Tardi Per Noi,it,192611.0,25457.0,59.0,,89,873,918,3122,3122,3431
Te Lo Do,it,152346.0,34180.0,44.0,,89,874,912,3123,3123,3432
Ragazzi del blocco,it,182245.0,32784.0,76.0,,89,872,919,3124,3124,3433
Maleducati,pl,232676.0,30521.0,70.0,,89,872,920,3125,3125,3435
Zero,it,198688.0,29976.0,44.0,,89,874,921,3126,3126,3436
Orange,it,198026.0,30752.0,63.0,,89,881,405,3127,3127,3437
Uh Ah Hey,it,176186.0,26300.0,46.0,,89,877,917,3128,3128,3438
PARANOIA,it,226041.0,22290.0,68.0,,89,872,279,3129,3129,3439
Hey Tipa,en,224888.0,24705.0,54.0,,89,882,922,3130,3130,3440
Orologi,it,232676.0,25021.0,70.0,,89,872,923,3131,3131,3441
MNGSNT,it,156483.0,24970.0,67.0,,89,872,279,3132,3132,3442
XNX (French RMX),en,166346.0,22265.0,62.0,,89,874,917,3133,3133,3443
Famoso,it,189867.0,15285.0,63.0,,89,871,924,3134,3134,3444
Bancomat (International Version),en,178000.0,15442.0,39.0,,89,880,901,3135,3135,3445
Triste,es,202125.0,17783.0,55.0,,89,871,509,3136,3136,3446
Solo per te,it,232676.0,15473.0,70.0,,89,872,922,3137,3137,3447
Tran Tran (International Version),it,252000.0,15041.0,36.0,,89,880,901,3138,3138,3448
Nagasaki,en,232676.0,11181.0,70.0,,89,872,925,3139,3139,3450
XNX (RMX),en,151133.0,10678.0,38.0,,89,877,917,3140,3140,3451
Radio 105 Freestyle,it,182988.0,12571.0,7.0,,89,883,917,3141,3141,3452
90' Anthem,it,186666.0,9243.0,59.0,,89,873,922,3142,3142,3453
Bangkok*,it,232676.0,8297.0,70.0,,89,872,923,3143,3143,3454
#Cheffigo,it,232676.0,7115.0,70.0,,89,872,922,3144,3144,3455
Serpenti A Sonagli (RMX),it,194160.0,6412.0,32.0,,89,877,917,3145,3145,3456
Still Fly,en,232676.0,4509.0,70.0,,89,872,926,3146,3146,3457
Tasche Piene,en,161066.0,5427.0,58.0,,89,870,612,3147,3147,3458
Siamo In 23,it,182245.0,4870.0,76.0,,89,872,925,3148,3148,3459
Meglio Se Smetti Freestyle (Intro),it,182988.0,4897.0,7.0,,89,883,922,3149,3149,3460
Sulle Mie Spalle,it,186666.0,5316.0,59.0,,89,873,922,3150,3150,3461
Super Lemon Haze pt2,en,147213.0,5890.0,54.0,,89,884,922,3151,3151,3462
Double Tap*,en,232676.0,4138.0,70.0,,89,872,148,3152,3152,3463
Non Ci Siamo,it,186666.0,5667.0,59.0,,89,873,922,3153,3153,3464
Squali*,it,232676.0,4598.0,70.0,,89,872,148,3154,3154,3465
Levati Dal Cazzo,it,182245.0,4903.0,76.0,,89,872,922,3155,3155,3466
Iniorap,it,232676.0,4057.0,70.0,,89,872,927,3156,3156,3467
Crack Music,pl,251653.0,4614.0,60.0,,89,885,922,3157,3157,3468
Holy Water Freestyle,en,182988.0,5020.0,7.0,,89,883,922,3158,3158,3469
NANANA*,en,160000.0,4123.0,1.0,,89,886,928,3159,3159,3470
Sotto Controllo,it,168648.0,4997.0,2.0,,89,887,922,3160,3160,3471
King Kong Freestyle (Bonus Track),pl,493714.0,5868.0,15.0,,89,888,922,3161,3161,3472
NPAC,pl,232676.0,4225.0,70.0,,89,872,922,3162,3162,3473
Fanculo Al Tuo Finto Swag,en,201500.0,5544.0,8.0,,89,889,922,3163,3163,3475
A Tempo,it,291413.0,4834.0,46.0,,89,890,354,3164,3164,3476
Suca,it,493714.0,5327.0,15.0,,89,888,922,3165,3165,3477
CHANCE,pl,232676.0,4534.0,70.0,,89,872,929,3166,3166,3478
K.O. Freestyle,en,182988.0,4331.0,7.0,,89,883,554,3167,3167,3479
NO S3SS,it,232676.0,4335.0,70.0,,89,872,930,3168,3168,3480
Sempre Vera,pl,201500.0,4154.0,4.0,,89,889,922,3169,3169,3481
Tony Montana Freestyle,en,182988.0,4382.0,7.0,,89,883,922,3170,3170,3482
Ice Cream,pl,182245.0,5346.0,76.0,,89,872,922,3171,3171,3483
Murderflow,it,232676.0,5781.0,70.0,,89,872,594,3172,3172,3484
FUCK THA FAKES,it,200357.0,5644.0,55.0,,89,891,931,3173,3173,3485
La S la F la E (Unreleased),it,219733.0,5385.0,67.0,,89,869,901,3174,3174,3486
Star*,it,161066.0,4232.0,58.0,,89,870,902,3175,3175,3487
Palazzine Palazzoni *,it,182245.0,4593.0,76.0,,89,872,183,3176,3176,3488
Un Temporale,it,248893.0,35450.0,39.0,,41,892,454,3177,3177,3489
Adesso sono qui,it,246066.0,12830.0,40.0,,41,893,932,3178,3178,3490
Magia Nera,it,251146.0,13155.0,28.0,,41,892,329,3179,3179,3491
Cose Che Non Ho Saputo Dire,it,223680.0,11839.0,24.0,,41,892,329,3180,3180,3492
Mezzanotte,it,248893.0,10875.0,39.0,,41,892,329,3181,3181,3493
Rose viola,it,193279.0,9948.0,39.0,,41,894,521,3182,3182,3494
"Fantasmi, Pt. 2",it,210840.0,11789.0,21.0,,41,895,933,3183,3183,3495
Bellissimo,it,194733.0,11537.0,25.0,,41,892,329,3184,3184,3496
Da lei (Con lo scudo e la spada),it,215333.0,9531.0,25.0,,41,893,934,3185,3185,3497
Dopo La Medicina,it,260333.0,11502.0,21.0,,41,892,329,3186,3186,3498
Impossibile,it,256920.0,10911.0,20.0,,41,892,329,3187,3187,3499
Quassù,it,236560.0,8053.0,26.0,,41,892,329,3188,3188,3500
Non Spegnermi,it,156620.0,7999.0,61.0,,41,896,935,3189,3189,3501
Grande,it,275920.0,8415.0,26.0,,41,897,936,3190,3190,3502
64 Bars,it,131777.0,9649.0,56.0,,41,898,937,3191,3191,3503
Fuoriluogo ovunque,it,233360.0,9216.0,23.0,,41,893,938,3192,3192,3504
Un giorno in più dell’eternità,it,253773.0,6305.0,21.0,,41,895,933,3193,3193,3505
Nessuno vale quanto te,it,238773.0,6875.0,26.0,,41,893,934,3194,3194,3506
A Casa Mia,it,212640.0,6296.0,19.0,,41,892,329,3195,3195,3507
Parte di me,it,207853.0,5978.0,23.0,,41,895,933,3196,3196,3508
Non Voglio Morire Qui,it,196000.0,5173.0,21.0,,41,892,329,3197,3197,3509
Siero Buono,it,240653.0,6616.0,19.0,,41,892,329,3198,3198,3510
TPS,it,205125.0,6071.0,58.0,,41,899,939,3199,3199,3511
Dentro Le Pieghe,it,312386.0,6392.0,16.0,,41,892,329,3200,3200,3512
Questioni di principio,it,234960.0,6144.0,16.0,,41,900,699,3201,3201,3513
Kintsugi,it,231493.0,5836.0,14.0,,41,892,329,3202,3202,3514
"Fantasmi, Pt. 1",it,202213.0,4894.0,16.0,,41,895,940,3203,3203,3515
In un certo qual modo,it,215973.0,5236.0,26.0,,41,900,941,3204,3204,3516
Traccia #2,it,94153.0,4333.0,0.0,,41,901,942,3205,3205,3517
Niente Di Più,it,237200.0,5362.0,17.0,,41,892,329,3206,3206,3518
Qualcosa per te,pl,228200.0,4372.0,19.0,,41,895,933,3207,3207,3519
Buona stella,it,249586.0,5402.0,16.0,,41,900,455,3208,3208,3520
Il mostro,it,240386.0,4471.0,18.0,,41,893,934,3209,3209,3521
Quando tutto cade,it,198226.0,4247.0,14.0,,41,895,933,3210,3210,3522
La verità (non abita più qua),it,262693.0,4343.0,24.0,,41,895,933,3211,3211,3523
Inguaribile e romantico,it,196331.0,4014.0,25.0,,41,900,943,3212,3212,3524
Penso a te,it,232880.0,5453.0,13.0,,41,897,936,3213,3213,3525
Scusa,it,246598.0,5482.0,48.0,,41,902,944,3214,3214,3526
Criminale emozionale,it,223565.0,5043.0,18.0,,41,903,18,3215,3215,3527
Quando imparerò,it,206293.0,4336.0,27.0,,41,893,934,3216,3216,3528
L’Amore,it,240000.0,4181.0,26.0,,41,904,936,3217,3217,3529
Rose Viola Pt. 2,it,210666.0,4049.0,27.0,,41,905,527,3218,3218,3531
Siccome Pioveva,it,155862.0,4345.0,63.0,,41,906,945,3219,3219,3532
Piccole Cose,it,222120.0,5799.0,16.0,,41,897,936,3220,3220,3533
Momento Perfetto,it,191557.0,4496.0,33.0,,41,907,946,3221,3221,3534
Crimine,it,245840.0,4722.0,24.0,,41,893,934,3222,3222,3535
Champagne,it,187053.0,4222.0,20.0,,41,900,943,3223,3223,3536
Smisurata preghiera,it,239972.0,4458.0,17.0,,41,908,947,3224,3224,3537
Splende In Eterno,it,212316.0,5053.0,58.0,,41,909,948,3225,3225,3538
Trompe-L’œil,it,221311.0,5231.0,19.0,,41,907,949,3226,3226,3539
La Rivincita Dei Buoni,it,205053.0,4505.0,14.0,,41,897,936,3227,3227,3540
Sparire,it,219996.0,4126.0,14.0,,41,907,950,3228,3228,3541
Ogni benedetto giorno,it,197853.0,4797.0,16.0,,41,893,934,3229,3229,3542
Un’anima,it,198946.0,4480.0,11.0,,41,900,943,3230,3230,3543
Tutto sbagliato,it,240080.0,4452.0,16.0,,41,893,938,3231,3231,3544
Uomo d’acqua dolce,it,185600.0,5937.0,14.0,,41,895,933,3232,3232,3545
Piccoli Brividi,it,210245.0,5247.0,15.0,,41,907,949,3233,3233,3546
Cosa resta di noi,it,215266.0,5128.0,11.0,,41,900,943,3234,3234,3547
Io e te,it,143880.0,4846.0,12.0,,41,900,943,3235,3235,3548
Pomeriggi svogliati,it,184920.0,4872.0,20.0,,41,893,938,3236,3236,3549
K.O.,it,211706.0,5096.0,8.0,,41,900,943,3237,3237,3550
Ogni parte di te,it,193520.0,5410.0,12.0,,41,897,936,3238,3238,3551
Due settimane,it,188680.0,5419.0,11.0,,41,900,943,3239,3239,3552
Smetti di parlare,it,224080.0,4355.0,17.0,,41,893,938,3240,3240,3553
Infinito,it,195387.0,5014.0,15.0,,41,907,949,3241,3241,3554
Confessioni di una mente meticolosa,it,202813.0,4839.0,10.0,,41,895,933,3242,3242,3555
SINDROME DI STOCCOLMA,it,279287.0,5757.0,20.0,,41,910,134,3243,3243,3556
"Pts, Pt. 2",it,256493.0,5279.0,10.0,,41,895,933,3244,3244,3557
Veleno,it,189453.0,5079.0,18.0,,41,893,938,3245,3245,3558
Difficile,it,212459.0,4242.0,17.0,,41,907,949,3246,3246,3559
Mai voltarsi / Idee chiare,it,259613.0,5228.0,11.0,,41,895,933,3247,3247,3560
Tanto Per Non Cambiare,it,190081.0,4246.0,19.0,,41,907,949,3248,3248,3561
Un vero miracolo,it,87146.0,4686.0,8.0,,41,900,943,3249,3249,3562
Se Il Problema Fossi Io,it,194080.0,4298.0,8.0,,41,897,936,3250,3250,3563
Bugiardo (A parole),it,140816.0,5401.0,75.0,,41,911,935,3251,3251,3564
POV,it,164448.0,4424.0,21.0,,41,912,411,3252,3252,3565
L’ultima linea,it,198880.0,4799.0,14.0,,41,893,934,3253,3253,3566
La Luce (Bonus Track),it,191432.0,5811.0,53.0,,41,913,951,3254,3254,3567
U.A.O. ! (Un’autentica ovazione),it,164409.0,4422.0,47.0,,41,914,935,3255,3255,3568
Testa a posto,it,208733.0,5031.0,11.0,,41,915,935,3256,3256,3569
Nessuno è perfetto,it,219693.0,4854.0,10.0,,41,895,933,3257,3257,3570
Amare... O Lasciare Andare,it,202320.0,4048.0,9.0,,41,897,936,3258,3258,3571
Non Posso Salvarti,it,188718.0,5602.0,16.0,,41,907,949,3259,3259,3572
Grey Goose Blues,it,178493.0,4150.0,31.0,,41,916,952,3260,3260,3573
Dico bene,it,202466.0,4964.0,9.0,,41,895,933,3261,3261,3576
Nel Mio Elemento,it,176803.0,5135.0,14.0,,41,907,949,3262,3262,3577
Ti Muovi Nella Mia Vita,it,176999.0,5274.0,74.0,,41,917,378,3263,3263,3578
La Tigre,it,210491.0,5391.0,14.0,,41,907,949,3264,3264,3579
Come la notte col sole,it,269433.0,4520.0,13.0,,41,918,953,3265,3265,3580
Telepatia,it,106736.0,4032.0,57.0,,41,919,954,3266,3266,3581
Ho Incontrato L’Amore Ma...,it,223834.0,5465.0,79.0,,41,920,935,3267,3267,3582
Il Pezzo Rap,it,303906.0,5087.0,8.0,,41,921,955,3268,3268,3583
Vissero Feriti E Contenti,it,191557.0,5688.0,33.0,,41,907,949,3269,3269,3584
G.H.E.M.O.N.,it,248893.0,5660.0,39.0,,41,892,942,3270,3270,3585
Puoi Fidarti Di Me,it,217868.0,5702.0,12.0,,41,907,949,3271,3271,3586
Ancora,it,208960.0,4986.0,15.0,,41,897,936,3272,3272,3587
Fuori Dal Finestrino,it,150989.0,4682.0,59.0,,41,922,936,3273,3273,3588
Paraphernalia,it,154880.0,5598.0,12.0,,41,895,933,3274,3274,3589
Io Non Ho Paura,it,256493.0,4918.0,10.0,,41,895,940,3275,3275,3590
Nato Il Primo Aprile,it,128557.0,4379.0,3.0,,41,923,955,3276,3276,3591
Tutto si risolverà,it,228000.0,5729.0,79.0,,41,920,935,3277,3277,3592
Chiamami,it,247133.0,5783.0,9.0,,41,897,936,3278,3278,3593
Outro,it,304653.0,4948.0,7.0,,41,897,936,3279,3279,3594
Fino A Qui (Tutto Bene),it,252146.0,4165.0,8.0,,41,897,936,3280,3280,3595
"Devo dire no, cazzo!",it,132671.0,5626.0,1.0,,41,924,948,3282,3282,3597
Illusione Ottica (Interlude),it,39003.0,5818.0,7.0,,41,907,949,3283,3283,3598
Voglio Essere Libero,it,230493.0,4421.0,8.0,,41,897,936,3284,3284,3599
Via Da Qui,it,280819.0,4147.0,34.0,,41,925,948,3285,3285,3600
Salto Nel Vuoto,it,219733.0,5771.0,67.0,,41,926,935,3286,3286,3601
Una vita nel giorno di Ghemon,it,231586.0,4793.0,19.0,,41,897,936,3287,3287,3602
Qualcuno riderà,it,274626.0,5100.0,48.0,,41,927,592,3288,3288,3603
Lucido (Interlude),it,84593.0,5952.0,10.0,,41,907,949,3289,3289,3604
Avrei Bisogno Di Un Divano,it,207733.0,4145.0,9.0,,41,897,936,3290,3290,3605
La politica del tempo (Johnny),it,200746.0,5312.0,9.0,,41,897,936,3291,3291,3606
Cobra (Tovalieri),it,180340.0,4160.0,46.0,,41,928,956,3292,3292,3607
Piano di lavoro,it,251840.0,4766.0,9.0,,41,895,933,3293,3293,3608
Voci Nella Testa (Stentoree),it,192712.0,5624.0,65.0,,41,929,948,3294,3294,3609
La soluzione,it,197909.0,4883.0,66.0,,41,930,953,3295,3295,3610
Pace,pl,182745.0,6013.0,61.0,,41,931,378,3296,3296,3612
Vola Alto,it,225986.0,5133.0,9.0,,41,932,957,3297,3297,3613
Su e giù,it,207386.0,4657.0,9.0,,41,897,936,3298,3298,3614
Titoli Di Coda (Outro),it,43526.0,4452.0,8.0,,41,907,949,3299,3299,3615
Dritto al Cuore,it,211093.0,4716.0,62.0,,41,933,935,3300,3300,3616
Condor (Agostini),it,198995.0,4761.0,52.0,,41,934,935,3301,3301,3617
"Lavorare, con lentezza",it,233872.0,4149.0,0.0,,41,935,948,3302,3302,3618
Bugie,pl,200235.0,4754.0,61.0,,41,936,958,3303,3303,3619
Qualcosa di Diverso,it,349560.0,4945.0,62.0,,41,937,959,3304,3304,3620
Che flash,it,246986.0,5463.0,8.0,,41,897,936,3305,3305,3621
Fattore Inatteso,it,171520.0,5328.0,7.0,,41,897,960,3306,3306,3622
Il Regno È Qui,it,203093.0,5434.0,27.0,,41,938,948,3307,3307,3623
La Gente Non Lo Sa,it,228613.0,4029.0,9.0,,41,915,961,3308,3308,3624
Qualcosa Cambierà pt. III,it,228287.0,4450.0,65.0,,41,939,955,3309,3309,3626
Inguaribile e romantico (feat. Malika Ayane),it,196331.0,5337.0,25.0,,41,900,396,3310,3310,3627
PATTO COL DIAVOLO,it,284093.0,4982.0,21.0,,41,910,331,3311,3311,3628
Solo Per Me,it,213453.0,4022.0,6.0,,41,940,300,3312,3312,3629
Va Così,it,202500.0,5626.0,6.0,,41,941,962,3313,3313,3630
Sig. Rossi,it,330276.0,5564.0,23.0,,41,942,378,3314,3314,3631
Qualcosa Cambierà pt. ll,it,228287.0,5114.0,65.0,,41,939,955,3315,3315,3632
Fate finta che Scienz non ci sia più,it,180137.0,4146.0,75.0,,41,943,955,3316,3316,3633
Quando ascolto i dischi,it,225400.0,5550.0,36.0,,41,944,955,3317,3317,3634
Qualcosa Cambierà Pt. l,it,241477.0,5183.0,2.0,,41,945,955,3318,3318,3635
Se non lo sai,pl,283853.0,5581.0,28.0,,41,946,963,3319,3319,3636
Mass Hysteria,en,266106.0,5522.0,0.0,,41,947,554,3320,3320,3638
Ufficio Immaginazione,it,213506.0,5623.0,54.0,,41,948,378,3321,3321,3639
È il momento,it,276720.0,5050.0,21.0,,41,949,955,3322,3322,3640
Paolo Odia Le Donne,it,190464.0,4293.0,34.0,,41,950,383,3323,3323,3641
Correre Via,pl,182769.0,5359.0,66.0,,41,951,964,3324,3324,3642
Sulle Batterie 3,it,276720.0,5256.0,21.0,,41,949,965,3325,3325,3643
LA FINE,it,226720.0,5499.0,15.0,,41,910,331,3326,3326,3644
Chiamiamolo Intro,en,170904.0,4353.0,54.0,,41,952,966,3327,3327,3645
LUNGO IL TUNNEL,it,206586.0,4403.0,18.0,,41,910,331,3328,3328,3646
Intro [Strumentale],it,130666.0,5798.0,3.0,,41,953,955,3329,3329,3647
Lavoro Sporco,it,204181.0,5518.0,68.0,,41,920,955,3330,3330,3648
Un Altro Ticket,it,226906.0,5835.0,82.0,,41,954,955,3331,3331,3649
Ups & Downs,en,211760.0,5536.0,75.0,,41,955,967,3332,3332,3650
Outro (Qualcosa Cambierà Mixtape),it,118810.0,5209.0,1.0,,41,956,955,3333,3333,3651
mi presento,it,119813.0,5323.0,9.0,,41,910,331,3334,3334,3652
un attimo prima,it,306720.0,5793.0,9.0,,41,910,331,3335,3335,3653
intro,it,123066.0,5172.0,10.0,,41,910,331,3336,3336,3654
salute mentale,it,116733.0,5279.0,7.0,,41,910,331,3337,3337,3655
aspettative,it,351026.0,4325.0,6.0,,41,910,331,3338,3338,3656
viaggio nei sentimenti,it,160253.0,4961.0,6.0,,41,910,331,3339,3339,3657
testacoda,it,282160.0,5449.0,6.0,,41,910,331,3340,3340,3658
l’amore rende ciechi,it,280093.0,4555.0,5.0,,41,910,331,3341,3341,3659
cragk,it,314600.0,4417.0,8.0,,41,910,331,3342,3342,3660
ciro,it,269546.0,4641.0,6.0,,41,910,331,3343,3343,3661
"...run, pippa, run!",it,204573.0,4495.0,5.0,,41,910,331,3344,3344,3662
tonino,it,94586.0,4442.0,6.0,,41,910,331,3345,3345,3663
quarant’anni,it,92560.0,4862.0,7.0,,41,910,331,3346,3346,3664
aa meeting,it,305226.0,5831.0,7.0,,41,910,331,3347,3347,3665
londra,it,181480.0,5028.0,5.0,,41,910,331,3348,3348,3666
salviamo i panda,it,209333.0,4388.0,7.0,,41,910,331,3349,3349,3667
ny,it,225613.0,4166.0,5.0,,41,910,331,3350,3350,3668
fan club,it,261133.0,5408.0,6.0,,41,910,331,3351,3351,3669
giulia vegan warrior,it,133440.0,4778.0,7.0,,41,910,331,3352,3352,3670
prima non era così,it,187986.0,5659.0,5.0,,41,910,331,3353,3353,3671
cena vegana con delitto,it,300960.0,5334.0,6.0,,41,910,331,3354,3354,3672
Gente che spera,it,248546.0,22525.0,55.0,,5,957,968,3355,3355,3673
SCUSI MAESTRA,it,176200.0,11794.0,43.0,,5,958,54,3356,3356,3674
Maria Maria,it,260600.0,9884.0,43.0,,5,959,969,3357,3357,3675
Tocca Qui,it,261839.0,7011.0,37.0,,5,960,970,3358,3358,3676
Domani smetto,it,157640.0,8883.0,55.0,,5,957,971,3359,3359,3677
Spirale ovale,it,232186.0,7966.0,53.0,,5,957,972,3360,3360,3678
Domani,it,157640.0,6989.0,55.0,,5,957,973,3361,3361,3679
L’Italiano medio,it,195840.0,6801.0,50.0,,5,961,974,3362,3362,3680
Noi no,it,297600.0,5757.0,38.0,,5,957,968,3363,3363,3681
La mia ragazza mena,it,195840.0,6045.0,50.0,,5,961,974,3364,3364,3682
Tranqi Funky,it,203026.0,4761.0,54.0,,5,962,973,3365,3365,3683
Due su due,it,279653.0,5348.0,40.0,,5,957,968,3366,3366,3684
PEYOTE,it,178060.0,4583.0,51.0,,5,958,54,3367,3367,3686
Non è un film,it,251400.0,5339.0,45.0,,5,957,972,3368,3368,3687
Il funkytarro,it,290093.0,5647.0,43.0,,5,962,973,3369,3369,3688
ELITE,it,154800.0,5572.0,20.0,,5,958,54,3370,3370,3689
2030,it,285000.0,5539.0,38.0,,5,962,973,3371,3371,3690
Non C’è Rimedio,it,299573.0,4388.0,26.0,,5,962,973,3372,3372,3691
UN BEL VIAGGIO,it,218395.0,4189.0,42.0,,5,963,307,3373,3373,3692
Milano Milano,it,197480.0,5414.0,27.0,,5,957,975,3374,3374,3693
A pugni col mondo,it,237520.0,4751.0,38.0,,5,961,974,3375,3375,3694
Fuck You,it,253000.0,4880.0,44.0,,5,957,968,3376,3376,3695
Senza dubbio,it,267386.0,4075.0,46.0,,5,961,974,3377,3377,3696
Voglio una lurida,it,242000.0,4534.0,38.0,,5,959,969,3378,3378,3697
L’impresa Eccezionale,it,284240.0,4080.0,35.0,,5,962,973,3379,3379,3698
NON FINISCE MAI (LA SCUOLA),it,183533.0,5776.0,35.0,,5,958,54,3380,3380,3699
La fidanzata,it,233240.0,4500.0,40.0,,5,964,976,3381,3381,3700
Così E Cosà,it,256359.0,5131.0,36.0,,5,962,977,3382,3382,3701
Sputate al re,it,200254.0,4091.0,30.0,,5,961,974,3383,3383,3702
Nato Per Rappare,it,288333.0,5349.0,15.0,,5,960,978,3384,3384,3703
Cara mia ex,it,252360.0,4660.0,32.0,,5,961,974,3385,3385,3704
SoldiSoldiSoldi,en,296560.0,5815.0,27.0,,5,957,975,3386,3386,3705
Un’altra Cosa Che Ho Perso,it,228533.0,5794.0,34.0,,5,959,969,3387,3387,3706
INTRO (SPETTIVI),it,154960.0,4662.0,24.0,,5,958,54,3388,3388,3707
Così Com’è,it,203026.0,5820.0,54.0,,5,962,973,3389,3389,3708
I consigli di un pirla,it,214848.0,6011.0,42.0,,5,961,974,3390,3390,3709
COME GODO,it,132986.0,5665.0,26.0,,5,958,54,3391,3391,3710
Solo Per Te,it,366666.0,5706.0,23.0,,5,960,970,3392,3392,3711
VAFFANC*LO PAPÀ,it,160866.0,4510.0,23.0,,5,958,54,3393,3393,3712
Aria,pl,235666.0,5167.0,32.0,,5,964,979,3394,3394,3713
L’ultima bomba in città,it,210786.0,4146.0,36.0,,5,957,972,3395,3395,3714
CLASSICO,it,165142.0,4202.0,35.0,,5,965,403,3396,3396,3715
Gigugin,it,257533.0,6016.0,28.0,,5,962,973,3397,3397,3716
Fatti Un Giro,it,222333.0,4667.0,25.0,,5,962,973,3398,3398,3717
BLAH! (x5),it,175322.0,5511.0,28.0,,5,966,980,3399,3399,3718
NEL DRINK,it,147280.0,5630.0,27.0,,5,958,54,3400,3400,3719
LIBERTARIO SURF,it,183120.0,5733.0,21.0,,5,958,54,3401,3401,3720
Sono l’M.C.,it,297933.0,6014.0,21.0,,5,962,973,3402,3402,3721
La rinascita,it,334160.0,4495.0,22.0,,5,964,981,3403,3403,3722
Strada Di Città,it,336666.0,4094.0,20.0,,5,967,982,3404,3404,3723
Guapa loca,eu,335373.0,4837.0,34.0,,5,967,983,3405,3405,3724
Senza regole,it,247706.0,4273.0,34.0,,5,967,984,3406,3406,3725
Bestie mutanti,it,222066.0,4058.0,31.0,,5,961,974,3407,3407,3726
LA FIERA DEL CRINGE,it,164186.0,4735.0,37.0,,5,958,54,3408,3408,3727
Ti Sto Parlando,it,279000.0,5586.0,18.0,,5,960,985,3409,3409,3728
Il mio consiglio,it,344333.0,5149.0,29.0,,5,967,983,3410,3410,3730
Volume,it,275306.0,4640.0,40.0,,5,968,986,3411,3411,3731
CONTRABBANDO,it,164920.0,5324.0,28.0,,5,958,54,3412,3412,3732
Io zak e la tromba,pt,227000.0,4478.0,22.0,,5,959,969,3413,3413,3733
Fotti La Censura,it,277066.0,4041.0,17.0,,5,960,970,3414,3414,3734
Mollami,it,237626.0,5546.0,13.0,,5,959,969,3415,3415,3735
Un Urlo,it,230933.0,5265.0,26.0,,5,962,973,3416,3416,3736
Così mi tieni,it,426133.0,5541.0,14.0,,5,968,987,3417,3417,3737
Pere,it,184413.0,4090.0,34.0,,5,957,968,3418,3418,3738
Nessuno,it,233240.0,5691.0,40.0,,5,964,979,3419,3419,3739
CHI SE NE FREGA DI NOI,it,163066.0,5254.0,22.0,,5,958,54,3420,3420,3740
Cattivo gusto,it,300560.0,5143.0,18.0,,5,967,983,3421,3421,3741
Come una pietra scalciata,it,250666.0,5264.0,27.0,,5,964,981,3422,3422,3742
Tu mi fai cantare,it,260733.0,5746.0,33.0,,5,967,983,3423,3423,3743
Una Per I Miei Fratelli,it,285000.0,5189.0,12.0,,5,959,969,3424,3424,3744
Pifferaio Magico,it,313333.0,5179.0,28.0,,5,960,985,3425,3425,3745
L’altra metà,it,281866.0,6000.0,33.0,,5,957,975,3426,3426,3746
Buon sangue non mente,it,243360.0,5531.0,22.0,,5,964,546,3427,3427,3747
Perché sì!,en,247706.0,4898.0,34.0,,5,967,983,3428,3428,3748
Nato Sbagliato,it,222613.0,5432.0,32.0,,5,969,988,3429,3429,3749
Questo È Il Nostro Stile,it,294333.0,4792.0,12.0,,5,960,970,3430,3430,3750
La canzone del dito,it,194120.0,4472.0,34.0,,5,961,974,3431,3431,3751
CONTADINO,it,199773.0,5208.0,21.0,,5,958,54,3432,3432,3752
Passa il funk,en,314466.0,5875.0,21.0,,5,957,975,3433,3433,3755
Latin Lover,en,253800.0,5878.0,25.0,,5,962,973,3434,3434,3756
Adriano Vacci Piano,it,286000.0,4699.0,15.0,,5,959,969,3435,3435,3757
Dall’altra parte della strada,it,247200.0,5070.0,18.0,,5,964,979,3436,3436,3758
Non so cos’è,en,222466.0,4436.0,18.0,,5,964,979,3437,3437,3759
UNA COSA BENE,it,170056.0,6009.0,38.0,,5,958,989,3438,3438,3760
Messa di Vespiri,it,260600.0,5982.0,43.0,,5,959,969,3439,3439,3761
Vai bello,it,208800.0,5315.0,20.0,,5,964,981,3440,3440,3762
Commodore 64 vs PC,it,156014.0,5625.0,25.0,,5,961,974,3441,3441,3763
NON HO VOGLIA (DISCO PARTY),it,168026.0,5446.0,21.0,,5,958,54,3442,3442,3764
Strada di città 2000,it,336666.0,5203.0,20.0,,5,967,983,3443,3443,3766
RARRA,it,153640.0,4119.0,16.0,,5,958,54,3444,3444,3767
È Natale (ma io non ci sto dentro),it,263000.0,4925.0,15.0,,5,968,986,3445,3445,3768
Con Le Buone,it,289560.0,5365.0,25.0,,5,962,973,3446,3446,3769
IO MI ROMPO,it,180271.0,5371.0,21.0,,5,970,54,3447,3447,3770
Barbecue,it,182000.0,4761.0,28.0,,5,969,988,3448,3448,3771
Sono Fuori,it,241506.0,5902.0,23.0,,5,962,973,3449,3449,3772
144/0031,pl,143000.0,4347.0,12.0,,5,959,969,3450,3450,3773
Venerdì,it,278426.0,5016.0,28.0,,5,964,979,3451,3451,3774
FILOSOFIA DEL FUCK-OFF,it,180271.0,5396.0,21.0,,5,970,990,3452,3452,3775
Ouh!,it,226466.0,5410.0,16.0,,5,967,983,3453,3453,3776
Luna park mentale,it,242600.0,5313.0,22.0,,5,967,983,3454,3454,3777
Sulla stessa corsia,it,279960.0,4564.0,13.0,,5,967,983,3455,3455,3778
Legge Del Taglione,it,223666.0,4325.0,14.0,,5,960,985,3456,3456,3779
1972,it,173348.0,5287.0,27.0,,5,961,600,3457,3457,3780
La bocca della verità,it,50573.0,5213.0,10.0,,5,967,983,3458,3458,3781
Come uno su mille,it,250266.0,4371.0,17.0,,5,964,979,3459,3459,3782
Fino in fondo,it,250266.0,5427.0,20.0,,5,967,983,3460,3460,3783
Il mondo dove vivo,it,229493.0,4925.0,14.0,,5,964,979,3461,3461,3784
Cavalieri senza Re,it,231973.0,5351.0,21.0,,5,971,991,3462,3462,3785
La finestra,it,339800.0,5690.0,22.0,,5,961,974,3463,3463,3786
Caravita,it,180493.0,4352.0,27.0,,5,961,974,3464,3464,3787
Ti Tiro Scemo,it,286000.0,4051.0,15.0,,5,959,969,3465,3465,3788
Il Mio Fuoco,it,233666.0,5574.0,14.0,,5,959,969,3466,3466,3789
Non c’è sveglia,it,188306.0,5234.0,26.0,,5,964,979,3467,3467,3791
Fatti In Là,it,204000.0,5415.0,20.0,,5,962,973,3468,3468,3792
Tocca A Me,it,259640.0,5693.0,22.0,,5,962,973,3469,3469,3793
La Ballata Di Johnny Cannuccia,it,233240.0,5622.0,40.0,,5,964,975,3470,3470,3794
Manate,it,121986.0,5938.0,26.0,,5,961,974,3471,3471,3795
Mr. Gilet Di Pelle,it,275666.0,5089.0,18.0,,5,959,969,3472,3472,3796
D.J. Jad,it,311493.0,4992.0,11.0,,5,960,970,3473,3473,3797
The Banana Splits,en,115026.0,4818.0,19.0,,5,957,972,3474,3474,3798
Donna facile,it,236626.0,4321.0,16.0,,5,967,983,3475,3475,3799
Stella sola,pl,307666.0,5159.0,14.0,,5,967,983,3476,3476,3800
Intro,it,154960.0,4565.0,24.0,,5,958,992,3477,3477,3801
La nuova stella del pop (numero 1 in Italia),it,219858.0,5862.0,25.0,,5,961,993,3478,3478,3802
Cantico Errante Di Due D.J. Notturni,it,169333.0,5181.0,12.0,,5,960,970,3479,3479,3803
Posso Entrare?,it,102826.0,5200.0,11.0,,5,959,969,3480,3480,3804
Il motivo,it,290293.0,4723.0,14.0,,5,967,983,3481,3481,3805
Prima qualità,it,116826.0,4115.0,20.0,,5,961,974,3482,3482,3806
Davanti alla tv,it,221000.0,4075.0,15.0,,5,964,979,3483,3483,3807
Il parto,es,40240.0,4860.0,10.0,,5,964,981,3484,3484,3808
Lega... L...,it,284240.0,4182.0,13.0,,5,972,969,3485,3485,3809
Capodanno Danno,it,221106.0,5231.0,4.0,,5,973,994,3486,3486,3810
Se ti muovi,it,262306.0,5780.0,15.0,,5,967,983,3487,3487,3811
Andiamo A Lavorare,it,100800.0,5781.0,10.0,,5,959,969,3488,3488,3812
Libero Stile Uno,it,71333.0,5332.0,12.0,,5,959,969,3489,3489,3813
Così e cosà (RMX ’97),it,280600.0,4436.0,3.0,,5,974,995,3490,3490,3814
Per Sabino,it,76106.0,5742.0,12.0,,5,964,979,3491,3491,3815
Da Un Nastro,it,36840.0,5788.0,19.0,,5,962,973,3492,3492,3816
La frase,it,118133.0,4404.0,11.0,,5,964,979,3493,3493,3817
Scacco matto,en,51933.0,5489.0,12.0,,5,964,979,3494,3494,3818
Lasciami Fare,it,71333.0,4586.0,9.0,,5,959,969,3495,3495,3819
Libero Stile Due,it,74373.0,5620.0,11.0,,5,959,969,3496,3496,3820
Non Ce La Fai,it,32000.0,6013.0,32.0,,5,959,969,3497,3497,3821
Dammi Retta,it,22000.0,4072.0,0.0,,5,959,969,3498,3498,3822
L’irruzione,it,93773.0,5810.0,10.0,,5,967,983,3499,3499,3823
È Già Storia,it,160333.0,5260.0,11.0,,5,959,969,3500,3500,3824
Meus Queridos Fas,pt,20333.0,5964.0,0.0,,5,959,996,3501,3501,3825
Raptuz rock,en,187000.0,4942.0,11.0,,5,967,983,3502,3502,3826
Il mio viaggio,it,239114.0,5711.0,17.0,,5,961,997,3503,3503,3827
Funkytarro (Versione acustica),it,290400.0,4137.0,10.0,,5,972,998,3504,3504,3828
Spaghetti Funk (Versione Shakerata Strumentale),it,368333.0,4684.0,1.0,,5,975,999,3505,3505,3829
Spaghetti Funk (Strumentale),it,375373.0,4146.0,1.0,,5,975,999,3506,3506,3830
Capodanno Danno (Strumentale),it,224066.0,5968.0,0.0,,5,973,994,3507,3507,3831
È Natale (Ma Io Non Ci Sto Dentro) (Strumentale),co,224066.0,5649.0,0.0,,5,973,994,3508,3508,3832
Così mi tieni (Strumentale),en,426520.0,5721.0,1.0,,5,974,553,3509,3509,3833
Beat Box (Per Improvvisare),it,123466.0,5893.0,0.0,,5,973,994,3510,3510,3834
Funkytarro (Versione strumentale),en,290533.0,4182.0,2.0,,5,976,999,3511,3511,3835
Cavalieri senza Re (Versione strumentale),en,398626.0,4784.0,1.0,,5,976,999,3512,3512,3836
Così e cosà (RMX ’97 Strumentale),it,279733.0,4153.0,1.0,,5,974,553,3513,3513,3837
Aspettando il sole,it,312000.0,40889.0,57.0,,70,977,999,3514,3514,3838
In Linea,it,281333.0,16582.0,44.0,,70,977,999,3515,3515,3839
I Messaggeri Pt. 1,pl,309506.0,16180.0,35.0,,70,977,999,3516,3516,3844
L’incognita,it,222186.0,14858.0,36.0,,70,978,541,3517,3517,3845
I Messaggeri Pt. 2,it,309506.0,11563.0,35.0,,70,977,999,3518,3518,3853
Strategie dell’universo,pl,294973.0,11023.0,26.0,,70,979,1000,3519,3519,3860
Guerra e pace,it,253360.0,10862.0,60.0,,70,980,1000,3520,3520,3862
Il mondo nuovo,it,238560.0,13358.0,49.0,,70,981,1001,3521,3521,3863
Aggio Perzo ’o Suonno,it,182977.0,11811.0,43.0,,70,982,913,3522,3522,3864
La mia signorina,it,202613.0,11923.0,54.0,,70,983,1002,3523,3523,3865
Lontano Dal Tuo Sole,it,220973.0,9651.0,50.0,,70,984,1003,3524,3524,3866
Dove sei,it,239946.0,8817.0,53.0,,70,985,935,3525,3525,3867
La Ballotta,it,320493.0,10391.0,40.0,,70,977,1004,3526,3526,3868
Gran finesse,no,232693.0,7406.0,33.0,,70,978,541,3527,3527,3869
TROPPAweed,it,165000.0,7292.0,55.0,,70,986,276,3528,3528,3870
Cuoreapezzi,it,157331.0,7054.0,53.0,,70,986,276,3529,3529,3872
Cambierà,it,249533.0,6171.0,49.0,,70,981,1005,3530,3530,3873
FoglieMorte,it,177333.0,6463.0,52.0,,70,987,485,3531,3531,3874
Carcere a vita,it,135426.0,5882.0,31.0,,70,979,1000,3532,3532,3875
Canerandagio,it,189216.0,6440.0,49.0,,70,986,76,3533,3533,3876
Puoi Sentire Il Funk,en,249506.0,4755.0,33.0,,70,977,999,3534,3534,3877
Miraggio,it,171307.0,4800.0,53.0,,70,986,276,3535,3535,3879
Solo Un Altro Giorno,it,314266.0,6022.0,39.0,,70,977,973,3536,3536,3880
Funk-A-Un,it,226973.0,4572.0,31.0,,70,978,541,3537,3537,3881
Prima di andare via,it,231093.0,4917.0,56.0,,70,988,1006,3538,3538,3882
Sigarette,it,184013.0,5872.0,45.0,,70,989,1007,3539,3539,3883
Hype (nuoveindagini),it,177888.0,4322.0,53.0,,70,986,276,3540,3540,3885
Non tradire mai,it,277946.0,4178.0,28.0,,70,979,1000,3541,3541,3886
Navigherò la notte,it,298493.0,4985.0,31.0,,70,979,1000,3542,3542,3887
Tuttelestelle,it,182065.0,4618.0,50.0,,70,986,276,3543,3543,3889
Bufera,it,150000.0,5141.0,54.0,,70,986,276,3544,3544,3890
Solo fumo,en,269973.0,5625.0,25.0,,70,979,1000,3545,3545,3894
Perdersi&ritorno,it,168488.0,4287.0,49.0,,70,986,276,3546,3546,3895
Freaky Funk Flow,it,261320.0,5176.0,26.0,,70,979,1000,3547,3547,3899
To The Death,en,272026.0,5024.0,27.0,,70,977,999,3548,3548,3901
Littlefunkyintro,it,89382.0,4300.0,49.0,,70,986,318,3549,3549,3902
I Fieri Bboyz,it,254106.0,5263.0,34.0,,70,990,973,3550,3550,3903
Stare al mondo,it,217333.0,4562.0,25.0,,70,978,541,3551,3551,3904
Dove Sei (RMX),it,226906.0,4992.0,82.0,,70,991,1008,3552,3552,3905
Vento freddo,it,213000.0,4177.0,25.0,,70,979,1000,3553,3553,3906
Quando sorridi,it,211786.0,4934.0,43.0,,70,985,1009,3554,3554,3907
XYZ,it,255920.0,4628.0,18.0,,70,978,541,3555,3555,3908
Suona Ancora,pt,285200.0,5662.0,26.0,,70,979,1000,3556,3556,3911
Lo Spirito Della Dopa,it,283000.0,4126.0,28.0,,70,977,973,3557,3557,3912
Dopamina,it,101000.0,4850.0,29.0,,70,977,999,3558,3558,3913
El Chico Loco,it,279333.0,4931.0,25.0,,70,977,999,3559,3559,3914
Tutto può succedere,it,262106.0,5468.0,25.0,,70,979,1000,3560,3560,3915
Molto calmo,it,239946.0,5166.0,53.0,,70,985,1010,3561,3561,3916
Nella pioggia,en,276693.0,5350.0,22.0,,70,979,976,3562,3562,3917
Il resto è nella mente,it,86373.0,5568.0,22.0,,70,979,1000,3563,3563,3919
Argiento,it,167155.0,5741.0,46.0,,70,986,276,3564,3564,3921
Aldilà del blu,it,157600.0,4640.0,18.0,,70,979,1000,3565,3565,3922
Elementi,it,293160.0,5091.0,39.0,,70,979,1000,3566,3566,3923
AmarAmmore,pl,182465.0,5696.0,36.0,,70,992,2,3567,3567,3924
Parole liquide,it,122000.0,5996.0,17.0,,70,979,1000,3568,3568,3925
Wicked Man,it,116000.0,5795.0,29.0,,70,977,973,3569,3569,3926
Nessuno,it,221960.0,4757.0,37.0,,70,984,1011,3570,3570,3927
Mistiche vibre,it,268040.0,4403.0,30.0,,70,983,1012,3571,3571,3928
L’anima,it,131826.0,4993.0,13.0,,70,985,935,3572,3572,3929
Boogie Loogie Bpm,it,86760.0,5497.0,26.0,,70,979,1000,3573,3573,3930
Un piccolo ricordo di Maria,it,222800.0,5000.0,15.0,,70,989,1,3574,3574,3931
Nn’è Cagnato Niente,it,209631.0,4982.0,18.0,,70,992,2,3575,3575,3932
Le Ore Piccole,it,135026.0,5693.0,40.0,,70,993,1013,3576,3576,3933
Passione,it,230200.0,4736.0,42.0,,70,994,1014,3577,3577,3934
Ragazzina illusa,it,340386.0,5736.0,20.0,,70,988,1015,3578,3578,3935
Sogni e nostalgia,it,185520.0,4828.0,30.0,,70,989,577,3579,3579,3936
Il Funk Dopo La Morte,it,33933.0,4669.0,23.0,,70,977,999,3580,3580,3937
Crociera,it,36866.0,4921.0,24.0,,70,977,973,3581,3581,3938
Picceré,co,177582.0,5539.0,18.0,,70,992,2,3582,3582,3939
Distante,it,227773.0,4264.0,20.0,,70,984,1011,3583,3583,3940
Pressure (Ak Nine Prophecy),en,266906.0,4406.0,16.0,,70,979,1000,3584,3584,3942
Scordati di me,it,368853.0,5920.0,15.0,,70,983,1012,3585,3585,3943
Tutto il tempo,it,333000.0,4363.0,14.0,,70,983,1012,3586,3586,3944
T’Aggia Verè,it,225963.0,5150.0,16.0,,70,992,2,3587,3587,3945
Fujevo,es,173732.0,5174.0,17.0,,70,992,2,3588,3588,3946
Come mai,it,220933.0,4994.0,35.0,,70,988,287,3589,3589,3947
Alla fermata,it,269480.0,5305.0,15.0,,70,983,1012,3590,3590,3948
La mia stella,it,255280.0,4472.0,13.0,,70,984,1011,3591,3591,3949
Quando finisce così,it,228106.0,5120.0,33.0,,70,988,1015,3592,3592,3950
Ti perderò,it,221773.0,4757.0,16.0,,70,983,1012,3593,3593,3951
Colpisci,it,181386.0,5339.0,20.0,,70,989,1,3594,3594,3952
Storie che non esistono,it,183226.0,4295.0,15.0,,70,985,935,3488,3488,3812
Sopra le nuvole,it,221484.0,5156.0,14.0,,70,985,935,3595,3595,3953
Guardo il cielo,it,177906.0,4382.0,15.0,,70,988,1015,3596,3596,3954
Catene,it,194997.0,4570.0,12.0,,70,992,2,3597,3597,3955
Arrivi e partenze,it,202613.0,4450.0,54.0,,70,983,1012,3598,3598,3956
Resistenza,it,184013.0,4378.0,45.0,,70,989,1,3599,3599,3957
Andare avanti,it,254213.0,5667.0,11.0,,70,983,1012,3600,3600,3958
N’Abbraccio,it,98626.0,4583.0,16.0,,70,992,2,3601,3601,3959
Mi manchi tu,it,196920.0,5871.0,16.0,,70,981,1014,3602,3602,3960
La Notte,it,214293.0,5957.0,33.0,,70,981,1016,3603,3603,3961
Lady,it,198853.0,5156.0,32.0,,70,988,1015,3604,3604,3962
Qualcosa di più,it,287786.0,4298.0,20.0,,70,984,1011,3605,3605,3963
Affianc’a Te,cs,169591.0,4763.0,14.0,,70,992,2,3606,3606,3964
Per sognare ancora,it,194573.0,5613.0,24.0,,70,985,935,3607,3607,3965
Sano e salvo,it,225533.0,4749.0,16.0,,70,983,1012,3608,3608,3966
Le ragazze sole,it,228053.0,4186.0,14.0,,70,988,1015,3609,3609,3967
’O Sarracino,co,170080.0,5128.0,29.0,,70,989,1,3610,3610,3968
Tempo che se ne va,it,195893.0,5707.0,18.0,,70,985,935,3611,3611,3969
Neffa,it,253360.0,5608.0,60.0,,70,980,999,3612,3612,3970
Si Me Salve Tu,pl,177754.0,4363.0,13.0,,70,992,2,3613,3613,3971
Tu Non Mi Manchi,it,196920.0,5361.0,16.0,,70,981,1014,3614,3614,3972
Bellissima,it,259226.0,4454.0,12.0,,70,984,1011,3615,3615,3973
La nostra verità,it,310013.0,4449.0,16.0,,70,988,1015,3616,3616,3974
Disperato,it,293000.0,5766.0,18.0,,70,988,1015,3617,3617,3975
Speranza,co,218851.0,4511.0,11.0,,70,992,1017,3618,3618,3976
Non tornerò,it,129613.0,4539.0,16.0,,70,988,1015,3619,3619,3977
Giorni d’estate,it,228360.0,4013.0,12.0,,70,984,1011,3620,3620,3978
Saccio Ca Putesse,it,202568.0,5757.0,11.0,,70,992,2,3621,3621,3979
Luna Nuova,it,329106.0,5601.0,16.0,,70,981,1014,3622,3622,3980
Satellite,it,215093.0,5270.0,11.0,,70,984,1011,3623,3623,3981
Vieni con me,it,316600.0,5518.0,17.0,,70,988,1015,3624,3624,3982
Tentazioni,it,86373.0,4316.0,10.0,,70,983,1012,3625,3625,3983
Ancora non lo so,it,205440.0,4930.0,14.0,,70,988,1015,3626,3626,3984
Blu,it,170080.0,4717.0,29.0,,70,989,1,3627,3627,3985
Per fortuna c’è il mare,it,198440.0,4200.0,12.0,,70,989,1,3628,3628,3986
In un sogno,it,258398.0,4987.0,12.0,,70,984,1018,3629,3629,3987
La strada facile,it,242226.0,5859.0,17.0,,70,985,1008,3630,3630,3988
Allaccia la cintura,it,75933.0,4090.0,14.0,,70,985,935,3631,3631,3989
Tanta Luce,it,230653.0,4596.0,20.0,,70,981,1016,3632,3632,3990
0 tempo e 0 vento,pt,483532.0,4429.0,21.0,,70,995,1015,3633,3633,3991
Sunshiny Day,en,145693.0,4488.0,13.0,,70,988,1015,3634,3634,3992
Funky mirandola,it,282840.0,5833.0,15.0,,70,983,1012,3635,3635,3993
"Dubai (Why, Oh Why)",it,186333.0,4950.0,11.0,,70,989,1,3636,3636,3994
Twit,it,202253.0,4947.0,11.0,,70,989,1,3637,3637,3995
Senza Ali,it,288160.0,5537.0,20.0,,70,981,1016,3638,3638,3996
Che Sarà Sarà,it,212626.0,4321.0,17.0,,70,981,1014,3639,3639,3997
Solo così,it,252666.0,4989.0,13.0,,70,984,1011,3640,3640,3998
Vieni Appena Puoi,it,259933.0,4873.0,16.0,,70,981,1014,3641,3641,3999
Occhi chiusi,it,166800.0,5209.0,9.0,,70,989,712,3642,3642,4000
Tutto Tu,it,262106.0,6017.0,25.0,,70,979,546,3643,3643,4001
Venere,it,173160.0,5555.0,14.0,,70,981,1014,3644,3644,4002
Giorni e giorni,it,228360.0,4810.0,12.0,,70,984,712,3645,3645,4003
Ma jolie,it,174320.0,5672.0,10.0,,70,989,1,3646,3646,4004
Già da un po’,en,269973.0,4354.0,25.0,,70,979,378,3647,3647,4005
Catalogo,it,188680.0,4073.0,10.0,,70,989,1,3648,3648,4006
Mostro,it,231306.0,4423.0,12.0,,70,985,935,3649,3649,4007
Realtà,it,182186.0,4694.0,9.0,,70,989,591,3650,3650,4008
Lampadine,it,190746.0,5035.0,8.0,,70,989,712,3651,3651,4009
L’epicentro del funk,pt,281333.0,5245.0,44.0,,70,977,553,3652,3652,4010
Luce oro,it,231920.0,5836.0,13.0,,70,985,935,3653,3653,4011
The Hill,en,261000.0,5034.0,8.0,,70,984,1011,3654,3654,4012
Passione - new version,it,190112.0,5016.0,3.0,,70,996,84,3655,3655,4013
Laura,it,241120.0,4111.0,14.0,,70,983,1012,3656,3656,4014
Alpha 2000,it,288626.0,4081.0,10.0,,70,983,1012,3657,3657,4015
Ebby & Nike Pt.2,it,377426.0,5116.0,20.0,,70,997,1019,3658,3658,4016
Summertime,en,265306.0,4890.0,7.0,,70,984,1011,3659,3659,4017
Intro,it,26026.0,5694.0,0.0,,70,988,1015,3660,3660,4018
La legge del più forte,pl,187053.0,529347.0,46.0,,96,998,666,3734,3734,4093
Vertigini,it,203040.0,421261.0,58.0,,96,998,1030,3735,3735,4094
Wasabi 2.0,it,170000.0,396509.0,52.0,,96,999,248,3736,3736,4095
Lingerie,it,198026.0,252637.0,63.0,,96,1000,1031,3737,3737,4096
Wasabi Freestyle,pl,104120.0,214251.0,47.0,,96,1000,1032,3738,3738,4097
Sangue misto,it,172640.0,211205.0,49.0,,96,998,1030,3739,3739,4098
Manhattan,it,190999.0,220157.0,46.0,,96,1001,1033,3740,3740,4102
Pugile,pl,198173.0,195102.0,45.0,,96,1000,202,3741,3741,4103
Polvere,it,252991.0,183503.0,56.0,,96,1001,1033,3742,3742,4104
Acqua (Malpensandoti),it,261360.0,213030.0,48.0,,96,998,1030,3743,3743,4105
Buste della spesa,da,194133.0,192213.0,51.0,,96,1000,1034,3744,3744,4106
Paradiso Artificiale,it,162411.0,170834.0,68.0,,96,1002,257,3745,3745,4108
Purple,it,190121.0,134876.0,49.0,,96,1001,1033,3746,3746,4109
Party HH,it,211500.0,154892.0,49.0,,96,1001,1033,3747,3747,4110
Lo sai,pl,201344.0,125365.0,55.0,,96,1001,1033,3748,3748,4111
OC (California),en,158093.0,118464.0,52.0,,96,1000,1034,3749,3749,4112
Lo-fi Wuhan,it,176600.0,115938.0,40.0,,96,1001,1033,3750,3750,4113
Intro Orange County,it,158093.0,120492.0,52.0,,96,1000,1035,3751,3751,4114
Il fabbricante di chiavi,it,189533.0,123064.0,50.0,,96,998,1030,3752,3752,4115
Fifty Fifty,it,178120.0,142899.0,48.0,,96,1000,1034,3753,3753,4116
Colori,it,233102.0,106445.0,44.0,,96,1001,1033,3754,3754,4117
Pensa se piove RMX,pl,214146.0,135377.0,47.0,,96,1000,1036,3755,3755,4118
3 Chances (Dilla tutta),it,211200.0,121975.0,43.0,,96,998,1030,3756,3756,4119
Sailor Moon,it,235000.0,108693.0,47.0,,96,1003,1037,3757,3757,4120
Lo-fi For U,en,203489.0,118414.0,50.0,,96,1002,1038,3758,3758,4121
Revolver Freestyle,it,292080.0,110921.0,45.0,,96,1000,1036,3759,3759,4125
Burnout,it,178160.0,118960.0,35.0,,96,998,1039,3760,3760,4126
Hoe,it,137098.0,110355.0,64.0,,96,1002,257,3761,3761,4127
Mare mosso,it,233215.0,97690.0,45.0,,96,1001,1033,3762,3762,4128
Elisir,it,174492.0,94397.0,44.0,,96,1004,11,3763,3763,4129
Step By Step,it,194160.0,111514.0,54.0,,96,1000,1034,3764,3764,4130
Vita vera,nl,201344.0,126411.0,55.0,,96,1001,1033,3765,3765,4131
Lezione,it,176133.0,99331.0,43.0,,96,1000,1040,3766,3766,4132
Intro La Divina Commedia,it,161583.0,115070.0,51.0,,96,1002,1041,3767,3767,4133
Rari,en,133963.0,101830.0,47.0,,96,1003,1037,3768,3768,4135
2020 Freestyle,pl,289186.0,111966.0,16.0,,96,1005,1042,3769,3769,4136
Malamente,it,181875.0,107035.0,60.0,,96,1002,257,3770,3770,4137
Al lupo al lupo,it,199200.0,93028.0,38.0,,96,998,1030,3771,3771,4138
Bro II,it,136306.0,94525.0,41.0,,96,1001,1033,3772,3772,4139
Circonvalley,it,150626.0,102700.0,48.0,,96,1000,1034,3773,3773,4140
Pour toujours,pl,240939.0,79235.0,46.0,,96,1001,1033,3774,3774,4142
Motivo,en,113103.0,73051.0,42.0,,96,1001,1033,3775,3775,4143
La story infinita,it,170700.0,62430.0,41.0,,96,1003,1037,3776,3776,4144
Jungle,it,206386.0,87326.0,33.0,,96,998,1030,3777,3777,4145
Natura,it,200106.0,86524.0,35.0,,96,998,1030,3778,3778,4146
Ombrello per la Pace,pl,180863.0,64246.0,76.0,,96,1006,1043,3779,3779,4147
Rital,it,203413.0,77704.0,33.0,,96,998,1030,3780,3780,4148
In Eterno,it,90853.0,73878.0,33.0,,96,1007,1043,3781,3781,4149
Fashion Week,it,192000.0,63236.0,35.0,,96,998,1030,3782,3782,4150
Cucciolo D’Uomo,it,223933.0,87508.0,35.0,,96,998,1030,3783,3783,4151
Red Light,pl,167880.0,64944.0,62.0,,96,1002,257,3784,3784,4152
Mare Calmo,it,147241.0,57736.0,58.0,,96,1008,1044,3785,3785,4153
Dune,it,217480.0,71764.0,33.0,,96,998,1030,3786,3786,4154
Bandar-log,it,176746.0,74733.0,1.0,,96,1009,1045,3787,3787,4155
Outro Purgatorio,it,284250.0,54540.0,49.0,,96,1002,257,3788,3788,4156
Beatrice,it,183500.0,71234.0,67.0,,96,1008,1044,3789,3789,4157
Angelo Custode,it,185032.0,65185.0,52.0,,96,1008,1044,3790,3790,4158
Clone,it,149270.0,53485.0,40.0,,96,1003,1037,3791,3791,4159
Pegaso,it,148053.0,54993.0,42.0,,96,1000,1036,3792,3792,4160
Lo-fi tu,it,147000.0,64392.0,41.0,,96,1003,1037,3793,3793,4161
Diluvio A Luglio,it,202201.0,57359.0,53.0,,96,1002,257,3794,3794,4162
Telefonate,en,178093.0,73266.0,44.0,,96,1000,1036,3795,3795,4163
Bagagli (Improvvisazione),it,195535.0,70037.0,51.0,,96,1002,257,3796,3796,4164
Rap City,en,152700.0,73862.0,36.0,,96,1003,1037,3797,3797,4166
Figghiò,pl,220800.0,55698.0,33.0,,96,1003,1037,3798,3798,4168
Scala Di Milano,it,175737.0,72252.0,50.0,,96,1002,257,3799,3799,4169
Sbandati,it,240055.0,57536.0,30.0,,96,1010,1046,3800,3800,4171
Lo-fi Drill,en,102000.0,54561.0,43.0,,96,1007,1047,3801,3801,4172
La Verità,pl,177939.0,46304.0,47.0,,96,1002,257,3802,3802,4173
Jolly Roger,it,244281.0,45723.0,56.0,,96,1008,1044,3803,3803,4177
Outro Orange County,co,158093.0,56971.0,52.0,,96,1000,1034,3804,3804,4178
Paradiso II,it,163124.0,51344.0,51.0,,96,1008,1044,3805,3805,4179
Ci vuole poco,pl,259972.0,46366.0,41.0,,96,1000,1036,3806,3806,4180
Mancanze Affettive,it,231296.0,52269.0,56.0,,96,1002,257,3807,3807,4181
Perdono Valore,it,192611.0,43743.0,59.0,,96,1011,1043,3808,3808,4182
Angelo All’Inferno,it,173222.0,49656.0,48.0,,96,1002,257,3809,3809,4184
Per le tue,it,160496.0,44952.0,66.0,,96,1012,1048,3810,3810,4185
Party Privato,it,140800.0,53166.0,59.0,,96,1013,1045,3811,3811,4186
No Snitch Freestyle,it,122106.0,52759.0,40.0,,96,1000,1034,3812,3812,4187
Da Dove Provieni,it,226906.0,44805.0,82.0,,96,1006,1043,3813,3813,4188
Parole Vuote (La Solitudine),it,251320.0,42163.0,61.0,,96,1008,1049,3814,3814,4189
Al limite,it,147366.0,41837.0,56.0,,96,1008,1044,3815,3815,4190
Kill Bill,en,136956.0,47371.0,54.0,,96,1008,1044,3816,3816,4191
Inferno,it,109158.0,38543.0,36.0,,96,1007,1047,3817,3817,4192
Amico,it,158000.0,35655.0,36.0,,96,1003,1037,3818,3818,4193
Anime Libere,it,173770.0,33410.0,56.0,,96,1002,257,3819,3819,4195
Fashion Week Rmx,en,192000.0,39202.0,35.0,,96,998,811,3820,3820,4196
Volgare,it,148367.0,38832.0,55.0,,96,1002,257,3821,3821,4197
Drill Dream Squad,it,338641.0,43755.0,20.0,,96,1014,1050,3822,3822,4198
Soffierà,it,202500.0,33100.0,50.0,,96,1002,257,3823,3823,4199
Pass,it,158710.0,34084.0,38.0,,96,1003,1037,3824,3824,4200
Chino,it,158972.0,39053.0,72.0,,96,1015,1034,3825,3825,4201
2 pezzi,en,144000.0,34748.0,35.0,,96,1003,1037,3826,3826,4202
Badman,it,74378.0,29169.0,35.0,,96,1007,1047,3827,3827,4203
Paris,it,87531.0,28663.0,33.0,,96,1007,1047,3828,3828,4204
Gironi,it,90853.0,24602.0,33.0,,96,1007,1047,3829,3829,4205
Non mi va,it,153139.0,30890.0,62.0,,96,1016,1034,3830,3830,4207
Mi Piace,it,284250.0,21985.0,49.0,,96,1002,1034,3831,3831,4208
La Lavatrice,pl,150626.0,30270.0,48.0,,96,1000,1034,3832,3832,4209
Scarpe Coi Freni Freestyle,pl,261360.0,26973.0,48.0,,96,998,1034,3833,3833,4210
Quando Cillo,it,160496.0,24210.0,66.0,,96,1012,1043,3834,3834,4211
Corvi,it,85919.0,19334.0,33.0,,96,1007,1047,3835,3835,4212
Urla,it,107124.0,23459.0,34.0,,96,1007,1047,3836,3836,4213
I Ragazzi della Zona,it,136956.0,21396.0,54.0,,96,1008,1043,3837,3837,4214
Forte Come Non L’Avresti Detto Mai,it,284250.0,18799.0,49.0,,96,1002,1043,3838,3838,4215
Pensa Se Piove,it,214146.0,21388.0,47.0,,96,1000,1051,3839,3839,4216
Non Posso Comprarti,it,226906.0,23869.0,82.0,,96,1006,1043,3840,3840,4217
Sangue,it,172640.0,18875.0,49.0,,96,998,1034,3841,3841,4218
Orizzonte Al Contrario,it,170000.0,19871.0,52.0,,96,999,1043,3842,3842,4219
Chi In Skate Chi Sui Peg,it,217500.0,14273.0,72.0,,96,1011,1043,3843,3843,4220
Ufficio Misteri,it,169411.0,16588.0,2.0,,96,1017,1043,3844,3844,4221
Male di Me,it,160496.0,14241.0,66.0,,96,1012,1043,3845,3845,4222
Rolex Daytona Freestyle,pl,162411.0,17424.0,68.0,,96,1002,1052,3846,3846,4223
Sono Su (Si Alternano),pl,176000.0,17592.0,78.0,,96,1018,1043,3847,3847,4224
Mai Più,it,162411.0,15536.0,68.0,,96,1002,1043,3848,3848,4225
Fre Corri Corri Freestyle,it,201344.0,11776.0,55.0,,96,1001,1034,3849,3849,4226
Calci Dalla Celere,it,176133.0,13144.0,43.0,,96,1000,1043,3850,3850,4227
Come L’Antartide,it,74378.0,12683.0,35.0,,96,1007,1053,3851,3851,4228
Prendo Tutto e Vengo Anch’io,it,349560.0,11312.0,62.0,,96,1019,1043,3852,3852,4229
Like A Boy Soldier,it,262933.0,12388.0,29.0,,96,1020,1054,3853,3853,4230
Emersi a Galla,it,284250.0,10953.0,49.0,,96,1002,1043,3854,3854,4231
Vita di Società,it,155532.0,9306.0,79.0,,96,1021,1043,3855,3855,4232
Mhiraq Freestyle,it,195535.0,8006.0,51.0,,96,1002,1043,3856,3856,4233
Bolza-Leto,pl,158972.0,7404.0,72.0,,96,1015,1043,3857,3857,4235
Il sole bacia i ribelli,it,176000.0,6702.0,78.0,,96,1018,1055,3858,3858,4236
Skid Row,it,195626.0,5761.0,42.0,,96,1022,1056,3859,3859,4237
RipXXX Freestyle,en,195535.0,5278.0,51.0,,96,1002,1057,3860,3860,4238
COVID-19 Freestyle 2020,it,214000.0,5365.0,27.0,,96,1023,68,3861,3861,4239
Vita Vera - Story,it,170700.0,5329.0,41.0,,96,1003,800,3862,3862,4240
Nostalgia Freestyle,it,195535.0,4151.0,51.0,,96,1002,1058,3863,3863,4241
Ryan,it,158972.0,4804.0,72.0,,96,1015,243,3864,3864,4242
Tik-Tok Freestyle,it,216000.0,4374.0,12.0,,96,1024,1059,3865,3865,4243
Flashback* 21/2/24,it,462781.0,4327.0,11.0,,96,1025,424,3866,3866,4244
PDF UNITED SHOW Freestyle,en,165760.0,5669.0,6.0,,96,1026,1060,3867,3867,4245
MILAN FREESTYLE*,it,195535.0,4096.0,51.0,,96,1002,257,3868,3868,4246
Una Chiave,it,245613.0,112674.0,51.0,,14,1027,1061,3869,3869,4247
Canthology,it,229116.0,97931.0,38.0,,14,1028,1062,3870,3870,4248
Prisoner 709,en,250893.0,123555.0,58.0,,14,1027,570,3871,3871,4249
Campione Dei Novanta,it,271018.0,103423.0,45.0,,14,1028,1062,3872,3872,4250
Ti Fa Stare Bene,it,250893.0,85175.0,58.0,,14,1027,1061,3873,3873,4251
La Scelta,it,275270.0,88961.0,49.0,,14,1028,442,3874,3874,4252
Prosopagnosia,it,225400.0,89754.0,36.0,,14,1027,1061,3875,3875,4253
El Sendero,pl,229302.0,92941.0,52.0,,14,1028,1062,3876,3876,4254
Confusianesimo,pl,267720.0,66800.0,41.0,,14,1027,1061,3877,3877,4255
Exuvia,it,229302.0,84529.0,52.0,,14,1028,1063,3878,3878,4256
Avrai ragione tu (Ritratto),it,263706.0,85479.0,51.0,,14,1029,744,3879,3879,4257
Fuori dal tunnel,it,310266.0,84373.0,55.0,,14,1030,1064,3880,3880,4258
La Certa,it,220908.0,75002.0,43.0,,14,1028,1062,3881,3881,4259
Il Mondo Dopo Lewis Carroll,it,208003.0,74071.0,41.0,,14,1028,1062,3882,3882,4260
Fugadà,it,223098.0,64849.0,42.0,,14,1028,1062,3883,3883,4261
La Caduta Di Atlante,it,266266.0,69169.0,36.0,,14,1027,1061,3884,3884,4262
Migliora La Tua Memoria Con Un Click,it,285626.0,60820.0,41.0,,14,1027,1061,3885,3885,4263
Vieni A Ballare In Puglia,it,240533.0,61930.0,58.0,,14,1031,1065,3886,3886,4264
Eterno Paradosso,it,271156.0,52135.0,38.0,,14,1028,1062,3887,3887,4265
Contronatura,it,236006.0,58538.0,37.0,,14,1028,1062,3888,3888,4266
Jodellavitanonhocapitouncazzo,it,250706.0,59850.0,54.0,,14,1030,1064,3889,3889,4267
Vengo dalla luna,it,254680.0,45405.0,59.0,,14,1030,1064,3890,3890,4268
Eyes Wide Shut,it,309557.0,58604.0,36.0,,14,1028,1062,3891,3891,4269
Come Pripyat,it,261752.0,52101.0,37.0,,14,1028,1062,3892,3892,4270
Azzera Pace,it,246443.0,57546.0,37.0,,14,1028,1062,3893,3893,4271
La mia parte intollerante,it,262853.0,48852.0,54.0,,14,1032,1066,3894,3894,4272
Forever Jung,en,261800.0,44674.0,32.0,,14,1027,1061,3895,3895,4273
Larsen,it,260106.0,54253.0,42.0,,14,1027,1061,3896,3896,4274
Zeit!,it,228754.0,41117.0,36.0,,14,1028,1062,3897,3897,4275
Legalize the Premier,en,263106.0,51006.0,47.0,,14,1033,1067,3898,3898,4276
Il Testo Che Avrei Voluto Scrivere,it,272746.0,43684.0,34.0,,14,1027,1061,3899,3899,4277
Sogno Di Potere,it,242373.0,43249.0,35.0,,14,1027,1061,3900,3900,4278
Kevin Spacey,it,223760.0,39581.0,43.0,,14,1033,1067,3901,3901,4279
Abiura Di Me,it,251413.0,43757.0,50.0,,14,1031,1065,3902,3902,4280
Argenti vive,it,279520.0,38764.0,41.0,,14,1029,744,3903,3903,4281
Cover,it,310506.0,33432.0,35.0,,14,1029,1068,3904,3904,4282
Il secondo secondo me,it,254680.0,36390.0,47.0,,14,1030,1069,3905,3905,4283
China Town,it,235186.0,29183.0,49.0,,14,1029,744,3906,3906,4284
Mica van Gogh,it,235853.0,42928.0,52.0,,14,1029,744,3907,3907,4285
Sono Il Tuo Sogno Eretico,it,234933.0,41449.0,46.0,,14,1033,1067,3908,3908,4286
Eroe (Storia di Luigi Delle Bicocche),it,247493.0,30615.0,50.0,,14,1031,1065,3909,3909,4287
L’Infinto,it,255293.0,34530.0,32.0,,14,1027,1061,3910,3910,4288
L’Uomo Che Premette,it,200480.0,29573.0,33.0,,14,1027,1061,3911,3911,4289
Felici ma trimoni,it,293426.0,31322.0,41.0,,14,1032,1070,3912,3912,4290
Autoipnotica,it,310253.0,32264.0,31.0,,14,1027,1061,3913,3913,4291
Non Mettere Le Mani In Tasca,it,273000.0,31233.0,35.0,,14,1031,1065,3914,3914,4292
Non Siete Stato Voi,it,283013.0,23194.0,44.0,,14,1033,1067,3915,3915,4293
La Rivoluzione Del Sessintutto,it,300706.0,25970.0,35.0,,14,1031,1065,3916,3916,4294
Il Dito Medio Di Galileo,it,362106.0,20628.0,37.0,,14,1033,1067,3917,3917,4295
Pimpami La Storia,it,254106.0,27137.0,34.0,,14,1031,1065,3918,3918,4296
Torna catalessi,it,237826.0,18196.0,41.0,,14,1032,1070,3919,3919,4297
Comunque dada,it,187226.0,22856.0,43.0,,14,1029,744,3920,3920,4298
Io Diventerò Qualcuno,it,218000.0,23169.0,42.0,,14,1031,1065,3921,3921,4299
Goodbye Malinconia,it,289440.0,23388.0,45.0,,14,1033,1067,3922,3922,4300
Nessuna razza,it,249693.0,18446.0,44.0,,14,1030,1064,3923,3923,4301
Gli insetti del podere,it,238733.0,25209.0,40.0,,14,1032,1070,3924,3924,4302
Giotto beat,it,212986.0,18664.0,36.0,,14,1029,744,3925,3925,4303
Ilaria Condizionata,it,224053.0,20922.0,41.0,,14,1031,1065,3926,3926,4304
Non me lo posso permettere,it,226373.0,17662.0,48.0,,14,1029,1071,3927,3927,4305
Chi Se Ne Frega Della Musica,it,294106.0,18153.0,38.0,,14,1033,1067,3928,3928,4306
Minimoog,en,105066.0,19729.0,29.0,,14,1027,1061,3929,3929,4307
Teste di modì,it,226066.0,18463.0,43.0,,14,1029,744,3930,3930,4308
Troppo politico,it,215813.0,16261.0,39.0,,14,1029,744,3931,3931,4309
Fai da tela,pl,239386.0,16063.0,35.0,,14,1029,744,3932,3932,4310
Limiti,it,277666.0,17876.0,37.0,,14,1030,1064,3933,3933,4311
Compro horror,it,242053.0,19935.0,38.0,,14,1029,744,3934,3934,4312
Inno verdano,it,229786.0,20876.0,35.0,,14,1032,1070,3935,3935,4313
La Marchetta Di Popolino,it,270906.0,15010.0,33.0,,14,1033,1067,3936,3936,4314
Kitaro,it,185026.0,17091.0,34.0,,14,1029,744,3937,3937,4315
La Ghigliottina,it,306626.0,14990.0,34.0,,14,1033,1067,3938,3938,4316
Annunciatemi al pubblico,it,247849.0,14212.0,42.0,,14,1032,1070,3939,3939,4317
Cose Che Non Capisco,it,191480.0,18677.0,34.0,,14,1033,1067,3940,3940,4318
La legge dell’ortica,it,230093.0,17890.0,45.0,,14,1030,1064,3941,3941,4319
Prosopagno Sia! (Prisoner 709),en,261493.0,14834.0,29.0,,14,1027,1061,3942,3942,4320
Ninna nanna di mazzarò,it,281054.0,15197.0,35.0,,14,1032,1070,3943,3943,4321
Habemus Capa,it,262853.0,13636.0,54.0,,14,1032,1070,3944,3944,4322
Canzone all’entrata,it,122293.0,18918.0,33.0,,14,1029,744,3945,3945,4323
La fitta sassaiola dell’ingiuria,it,248506.0,19642.0,34.0,,14,1034,1072,3946,3946,4324
Ti Sorrido Mentre Affogo,it,185000.0,13750.0,35.0,,14,1033,1067,3947,3947,4325
La Grande Opera,it,291720.0,14198.0,39.0,,14,1031,1065,3948,3948,4326
Dagli all’untore,it,237666.0,18043.0,38.0,,14,1030,1064,3949,3949,4327
Dalla parte del toro,it,239000.0,18272.0,44.0,,14,1032,1070,3950,3950,4328
Figli d’arte,it,218066.0,14248.0,43.0,,14,1029,744,3951,3951,4329
La Fine Di Gaia,it,280853.0,11926.0,41.0,,14,1033,1067,3952,3952,4330
Il silenzio dei colpevoli,it,248106.0,11672.0,34.0,,14,1032,1070,3953,3953,4331
Follie preferenziali,it,252546.0,14488.0,36.0,,14,1030,1064,3954,3954,4332
Giuda me,it,208746.0,12809.0,37.0,,14,1030,1064,3955,3955,4333
Cacca Nello Spazio,it,267880.0,10824.0,35.0,,14,1031,1065,3956,3956,4334
Nel paese dei balordi,it,232866.0,13492.0,37.0,,14,1030,1064,3957,3957,4335
The auditels family,pl,247280.0,10441.0,35.0,,14,1032,1070,3958,3958,4336
Ulisse (You Listen),en,241813.0,14337.0,33.0,,14,1031,1065,3959,3959,4337
Messa In Moto,it,288946.0,11107.0,31.0,,14,1033,1067,3960,3960,4338
Canzone a metà,it,203226.0,9736.0,34.0,,14,1029,744,3961,3961,4339
Stango e sbronzo,it,227013.0,12349.0,37.0,,14,1030,1064,3962,3962,4340
È tardi,it,274040.0,11318.0,36.0,,14,1029,744,3963,3963,4341
House Credibility,it,242693.0,13746.0,32.0,,14,1033,1067,3964,3964,4342
Sfogati,it,215653.0,11634.0,34.0,,14,1029,744,3965,3965,4343
Tutto ciò che c’è,it,173333.0,10179.0,31.0,,14,1034,636,3966,3966,4344
L’età dei figuranti,it,232226.0,11615.0,36.0,,14,1030,1064,3967,3967,4345
Canzone all’uscita,it,114506.0,9503.0,30.0,,14,1029,744,3968,3968,4346
Il Circo Delle Pantegane,it,228666.0,11366.0,31.0,,14,1031,1065,3636,3636,3994
"L’Ottavo, Capitolo",it,214443.0,9227.0,29.0,,14,1035,1067,3969,3969,4347
La gente originale,it,231573.0,9682.0,32.0,,14,1034,1072,3970,3970,4348
Sono troppo stitico,it,238666.0,7767.0,32.0,,14,1032,1070,3971,3971,4349
Dualismi,it,231346.0,8750.0,36.0,,14,1030,1064,3972,3972,4350
Bonobo Power,it,199813.0,9971.0,33.0,,14,1031,1065,3973,3973,4351
Mea culpa,en,244493.0,9829.0,27.0,,14,1034,1072,3974,3974,4352
Mammamiamamma,it,227400.0,7708.0,28.0,,14,1034,1072,3975,3975,4353
Mi è impossibile,it,238040.0,7700.0,29.0,,14,1034,1072,3976,3976,4354
Un Vero Uomo Dovrebbe Lavare I Piatti,it,237133.0,9655.0,34.0,,14,1031,1065,3977,3977,4355
Cammina solo,it,266040.0,10018.0,25.0,,14,1034,1072,3978,3978,4356
Titoli,it,235746.0,6939.0,30.0,,14,1032,1070,3979,3979,4357
Dindalè dindalò,it,421933.0,7899.0,24.0,,14,1034,1072,3980,3980,4358
Chi c*zzo me lo,it,243826.0,7517.0,31.0,,14,1034,1072,3981,3981,4359
Epocalisse,it,234880.0,8884.0,33.0,,14,1032,1070,3982,3982,4360
Ti giri,it,221653.0,6023.0,32.0,,14,1032,1070,3983,3983,4361
Uomini di molta fede,it,259626.0,5609.0,24.0,,14,1034,1072,3984,3984,4362
Il conflitto,it,237026.0,6872.0,26.0,,14,1034,1072,3985,3985,4363
La sindrome di Lorena,sr,245853.0,5013.0,75.0,,14,1036,1073,3986,3986,4364
Ti clonerò,it,258133.0,5566.0,27.0,,14,1034,1072,3987,3987,4365
Tutti Dormano,pt,123386.0,4898.0,28.0,,14,1033,1067,3988,3988,4366
Fuck the Violenza,it,217866.0,4682.0,26.0,,14,1034,1072,3989,3989,4367
Mors mea tacci tua,it,26306.0,4803.0,1.0,,14,1032,1070,3990,3990,4368
Sssaasss,pl,22453.0,5073.0,1.0,,14,1032,1070,3991,3991,4369
Profilo psichico,it,35213.0,4336.0,27.0,,14,1032,1070,3992,3992,4370
Intro,it,80400.0,5156.0,22.0,,14,1034,1072,3993,3993,4371
Tutto ciò che c’è (Demo),it,173333.0,5627.0,31.0,,14,1034,546,3994,3994,4372
Alita gli ani,it,310266.0,5537.0,55.0,,14,1030,1074,3995,3995,4373
Tutta Flava E Famiglia,it,421933.0,4320.0,24.0,,14,1034,546,3996,3996,4374
Nel paese dei balordi (Demo),it,190344.0,4313.0,52.0,,14,1037,1075,3997,3997,4375
Tii-Yan,en,24373.0,4549.0,0.0,,14,1032,1070,3998,3998,4376
La tua maledizione,it,140816.0,4735.0,75.0,,14,1038,1076,3999,3999,4377
Mea culpa (Demo),en,244493.0,4832.0,27.0,,14,1034,546,4000,4000,4378
Altruicelebrazione,it,263706.0,5377.0,51.0,,14,1029,546,4001,4001,4379
La zappa sui piedi,it,128807.0,4126.0,10.0,,14,1039,1077,4002,4002,4380
La fitta sassaiola dell’ingiuria (Demo),it,306040.0,4082.0,40.0,,14,1040,1,4003,4003,4381
Dannata giornata di pioggia,it,248764.0,4798.0,12.0,,14,1041,1078,4004,4004,4382
Prologo,it,250893.0,5410.0,58.0,,14,1027,1079,4005,4005,4383
Chi C*zzo Me Lo Fa Fare,it,200470.0,4399.0,4.0,,14,1042,1080,4006,4006,4384
Amen,it,250893.0,5298.0,58.0,,14,1027,1079,4007,4007,4385
Le Prove Del Mio Caos (Scene Tagliate Dal Fonoromanzo),it,245800.0,4533.0,29.0,,14,1043,554,4008,4008,4386
Telemonnezza,it,250893.0,5790.0,58.0,,14,1027,1079,4009,4009,4387
L’Avvoltoio,it,250706.0,5811.0,54.0,,14,1030,541,4010,4010,4388
Fuori Dal Tunnel (Radio Edit),it,310266.0,4609.0,55.0,,14,1030,1081,4011,4011,4389
Spina nel fianco,it,189177.0,4475.0,56.0,,14,1044,778,4012,4012,4390
Con i calli sulle mani,it,154545.0,4838.0,65.0,,14,1045,1082,4013,4013,4391
Mi è impossibile (Demo),it,206693.0,4494.0,29.0,,14,1046,1,4014,4014,4392
Portate altro vino,it,310266.0,5361.0,55.0,,14,1030,546,4015,4015,4393
Vengo Dalla Luna (Clean Radio Edit),it,232813.0,5669.0,17.0,,14,1047,287,4016,4016,4394
La Gente Originale (Demo),da,194213.0,5363.0,53.0,,14,1048,1083,4017,4017,4395
Vivo in inquietudine,it,215813.0,5665.0,39.0,,14,1029,546,4018,4018,4396
Avrai Ragione Tu (Ritratto) (Demo),it,599980.0,4809.0,18.0,,14,1049,898,4019,4019,4397
Mammamiamammà (Demo),it,194213.0,4325.0,53.0,,14,1048,1083,4020,4020,4398
Freestyle,it,152558.0,5494.0,60.0,,14,1050,1084,4021,4021,4399
Al Pranzo Di Gala Di Babbo Natale,it,153120.0,4735.0,5.0,,14,1051,953,4022,4022,4400
Checcevò?,en,256506.0,5358.0,59.0,,14,1052,1085,4023,4023,4401
Ti clonerò (Demo),it,194213.0,4555.0,53.0,,14,1048,1083,4024,4024,4402
Dindalè dindalò (Demo),it,421933.0,4174.0,24.0,,14,1034,546,4025,4025,4403
Ma domani uou hou,it,167485.0,6004.0,72.0,,14,1053,1086,4026,4026,4404
Eroe (storia di Luigi Delle Bicocche) [Radio Edit],it,247493.0,4327.0,50.0,,14,1031,953,4027,4027,4405
Epilogo,it,250893.0,5993.0,58.0,,14,1027,1079,4028,4028,4406
Fuck the violenza (Demo),it,191484.0,5973.0,59.0,,14,1036,1087,4029,4029,4407
Il Secondo Secondo Me Rivela Il Suo Contrario RMX,it,254680.0,5605.0,47.0,,14,1030,287,4030,4030,4408
Intro (Con Caparezza... Nella monnezza),it,231346.0,5334.0,36.0,,14,1030,541,4031,4031,4409
Uomini di molta fede (Demo),it,259626.0,5171.0,24.0,,14,1034,546,4032,4032,4410
China Town (Demo),it,235186.0,5749.0,49.0,,14,1029,604,4033,4033,4411
La Fitta Sassaiola Dell’Ingiuria (Radio Edit),it,306040.0,4592.0,40.0,,14,1040,1,4034,4034,4412
Niente Paura (Outro),it,180137.0,4949.0,75.0,,14,1054,1088,4035,4035,4413
Tutto Ciò Che C’è (Radio Version),it,173333.0,5255.0,31.0,,14,1034,636,4036,4036,4414
Fuori Dal Tunnel CapaRMX,it,310266.0,4838.0,55.0,,14,1030,287,4037,4037,4415
The duck with pantapony,en,312820.0,4870.0,86.0,,14,1055,1089,4038,4038,4416
Teste Di Modì (Demo 1),it,561856.0,4676.0,4.0,,14,1056,1090,4039,4039,4417
Teste Di Modì (Demo 2),it,561856.0,5145.0,4.0,,14,1056,1090,4040,4040,4418
Il secondo secondo me (skaramuffin version),it,264573.0,5720.0,69.0,,14,1057,193,4041,4041,4419
"Sciabola al fianco, pistola alla mano",it,291218.0,4416.0,43.0,,14,1058,1091,4042,4042,4420
Prologo Di Un Fonoromanzo,en,194213.0,5884.0,53.0,,14,1048,696,4043,4043,4422
Torna Catalessi (Microspasmi Rmx),it,180261.0,5394.0,60.0,,14,1059,403,4044,4044,4423
Tutto Ciò Che C’è Musical Egg Era (Nocca Nite RMX),it,204421.0,5665.0,55.0,,14,1060,1092,4045,4045,4424
My Generation,en,243000.0,5127.0,0.0,,14,1061,1093,4046,4046,4426
Follie Preferenziali Yemenite RMX,it,152558.0,5577.0,60.0,,14,1050,601,4047,4047,4427
CHIARA,it,149473.0,116571.0,51.0,,99,1062,1094,4048,4048,4428
Effe,en,144512.0,78621.0,67.0,,99,1063,714,4049,4049,4429
64 BARRE DI VERITÀ (Red Bull 64 Bars),it,230965.0,53263.0,55.0,,99,1064,304,4050,4050,4430
Escort Lover RMX*,en,179640.0,70896.0,60.0,,99,1065,1095,4051,4051,4432
DOPO LE 4,it,182906.0,72691.0,67.0,,99,1066,1096,4052,4052,4434
Ke  Lo Ke,pl,141560.0,42469.0,49.0,,99,1065,714,4053,4053,4436
MIU MIU,it,147498.0,40697.0,65.0,,99,1066,1096,4054,4054,4437
BOSS,pl,144930.0,45171.0,55.0,,99,1067,892,4055,4055,4438
PEZZI DA 100,it,159200.0,36403.0,63.0,,99,1066,1097,4056,4056,4439
Luce A Roma,pl,173293.0,35833.0,44.0,,99,1065,714,4057,4057,4440
HONEY,it,164847.0,25297.0,62.0,,99,1066,1096,4058,4058,4442
Tony Montana,it,207666.0,25041.0,40.0,,99,1065,714,4059,4059,4443
CARRARA,it,189778.0,34543.0,61.0,,99,1066,1096,4060,4060,4444
PILLOLE,it,147426.0,29263.0,61.0,,99,1066,1096,4061,4061,4446
Romolo e Remo,pl,173493.0,28836.0,46.0,,99,1065,714,4062,4062,4447
Escort Lover,en,179640.0,23408.0,60.0,,99,1065,714,4063,4063,4448
Lacrime,it,182413.0,26810.0,44.0,,99,1065,714,4064,4064,4449
ICON,it,128759.0,25925.0,64.0,,99,1066,1096,4065,4065,4450
Colpevole RMX,pl,158015.0,24081.0,51.0,,99,1065,1098,4066,4066,4451
Colpevole,pl,158015.0,24770.0,51.0,,99,1065,714,4067,4067,4452
È Trap,it,140869.0,23084.0,65.0,,99,1068,714,4068,4068,4453
SESSO E SAMBA,it,167263.0,21421.0,68.0,,99,1066,1099,4069,4069,4454
DAMME ’NA MANO,it,178571.0,19617.0,63.0,,99,1069,724,4070,4070,4455
SORRY,it,142324.0,19818.0,54.0,,99,1066,1096,4071,4071,4456
Bassotto,it,118400.0,15454.0,41.0,,99,1070,1100,4072,4072,4457
VERO TONY VERO SOSA,it,164192.0,18574.0,52.0,,99,1066,1096,4073,4073,4458
Mi Piace,pl,158971.0,13282.0,59.0,,99,1065,1095,4074,4074,4459
PARTICOLARI SPORCHI,it,167740.0,14661.0,53.0,,99,1066,1096,4075,4075,4460
LAP DANCE,it,163841.0,14818.0,51.0,,99,1066,1096,4076,4076,4462
Balaclava,en,187550.0,11724.0,52.0,,99,1065,1101,4077,4077,4463
Skyline,it,148186.0,9918.0,39.0,,99,1065,714,4078,4078,4464
Diverso,it,168200.0,9790.0,39.0,,99,1065,714,4079,4079,4465
Piazza,it,156200.0,11341.0,38.0,,99,1065,714,4080,4080,4466
Oh Cazzo,en,101013.0,12343.0,41.0,,99,1065,714,4081,4081,4467
BALENCIAGA,it,162252.0,8136.0,51.0,,99,1066,1096,4082,4082,4468
DEMON TIME,it,181840.0,10849.0,47.0,,99,1066,1096,4083,4083,4469
GTA,it,128796.0,9100.0,48.0,,99,1066,1096,4084,4084,4470
P,it,147540.0,7196.0,62.0,,99,1071,1096,4085,4085,4471
TAXI SULLA LUNA,it,143506.0,6929.0,62.0,,99,1066,402,4086,4086,4472
MAISON,it,181026.0,4755.0,42.0,,99,1066,1096,4087,4087,4473
Foto di gruppo,it,211788.0,103045.0,55.0,,8,1072,1102,4088,4088,4474
S.A.I.C.,it,248859.0,41120.0,48.0,,8,1073,1103,4089,4089,4475
Giorni Matti,it,222000.0,40091.0,46.0,,8,1074,993,4090,4090,4477
WLKM2MI,pl,238685.0,36229.0,31.0,,8,1075,399,4091,4091,4482
Poco cash,it,177120.0,17521.0,24.0,,8,1076,239,4092,4092,4483
Benvenuti a Milano,it,333226.0,19471.0,24.0,,8,1076,239,4093,4093,4487
Pokoflow,it,206451.0,12179.0,18.0,,8,1077,361,4094,4094,4488
S.I.C.,it,248859.0,12262.0,48.0,,8,1073,1104,4095,4095,4489
Non muovono il collo,it,193493.0,8918.0,38.0,,8,1076,239,4096,4096,4490
Prendi tutto,it,231280.0,8606.0,24.0,,8,1076,239,4097,4097,4492
Solo un altro inverno,it,185480.0,7793.0,25.0,,8,1076,239,4098,4098,4493
Metà rapper metà uomo,it,242733.0,8607.0,32.0,,8,1076,1105,4099,4099,4494
Guarda in cielo,it,297993.0,5761.0,20.0,,8,1078,1106,4100,4100,4496
Il tipo di persona,it,219800.0,8065.0,40.0,,8,1072,1102,4101,4101,4497
L’amore dov’è?,pl,240000.0,6436.0,26.0,,8,1079,1107,4102,4102,4498
Capirai,it,202000.0,6380.0,36.0,,8,1080,1108,4103,4103,4499
Spiegare un’attitudine,it,178674.0,5749.0,25.0,,8,1081,1109,4104,4104,4500
Cosa resterà (Il tempo che è trascorso),it,283374.0,4752.0,45.0,,8,1082,1083,4105,4105,4501
Ad occhi aperti,it,251186.0,4555.0,27.0,,8,1083,1110,4106,4106,4502
$$$,it,211788.0,5327.0,55.0,,8,1072,1111,4107,4107,4503
Ho un Amico,it,237506.0,4697.0,14.0,,8,1084,1112,4108,4108,4504
Ridefinizione,it,285586.0,5849.0,16.0,,8,1076,239,4109,4109,4505
Fottuto O.G.,it,262973.0,4826.0,14.0,,8,1076,239,4110,4110,4506
Poi dopo cosa?,it,202472.0,4299.0,15.0,,8,1085,18,4111,4111,4507
Fuori Dal Pattume,it,208480.0,5445.0,31.0,,8,1078,1106,4112,4112,4508
Fuori Dal Coro,it,246000.0,4601.0,33.0,,8,1080,1108,4113,4113,4509
Hai sbagliato artista,it,177333.0,5067.0,40.0,,8,1086,1113,4114,4114,4510
Bella Bassi,it,249053.0,5412.0,28.0,,8,1083,1110,4115,4115,4511
Everyday,en,228186.0,5817.0,26.0,,8,1087,547,4116,4116,4512
Family & Business,it,230202.0,5602.0,25.0,,8,1072,1114,4117,4117,4513
Piccolo Bassi,it,304173.0,5368.0,26.0,,8,1083,1110,4118,4118,4514
Gesù Cristo,it,172333.0,5373.0,13.0,,8,1076,239,4119,4119,4515
Ancora in giro,it,241666.0,5909.0,18.0,,8,1076,239,4120,4120,4516
Niente amore,it,291880.0,4604.0,19.0,,8,1083,1110,4121,4121,4517
1-2-3,en,178226.0,4015.0,33.0,,8,1087,547,4122,4122,4518
MC generico,it,266657.0,4558.0,30.0,,8,1072,1102,4123,4123,4519
Nessuno può togliermi quello che ho,it,281066.0,4449.0,15.0,,8,1076,239,4124,4124,4520
One More Chance,it,162876.0,5340.0,20.0,,8,1078,1106,4125,4125,4521
Non Mi Fido Di Voi,it,245388.0,5283.0,11.0,,8,1075,1061,4126,4126,4522
Sorry,it,139040.0,5200.0,17.0,,8,1076,239,4127,4127,4523
L.B.D.L.,it,240000.0,4044.0,26.0,,8,1079,239,4128,4128,4524
Rapper Italiano,it,205226.0,5475.0,32.0,,8,1088,758,4129,4129,4525
Dal tramonto all’alba,it,219707.0,4661.0,26.0,,8,1072,1114,4130,4130,4526
Lettera A Me Stesso 2013,it,181951.0,5346.0,9.0,,8,1078,1106,4131,4131,4527
Dangerous,it,279000.0,5129.0,21.0,,8,1080,1108,4132,4132,4529
P.R.S. (Press Rewind Shit),it,176140.0,4697.0,24.0,,8,1072,1114,4133,4133,4530
Dedicated,it,193906.0,4281.0,19.0,,8,1089,1115,4134,4134,4531
Suckers,en,244749.0,4202.0,17.0,,8,1078,1106,4135,4135,4533
La terra trema,it,259600.0,5682.0,14.0,,8,1087,547,4136,4136,4534
Un’altra specie,it,132786.0,5853.0,12.0,,8,1076,239,4137,4137,4535
Se morissi lunedi,it,255478.0,5317.0,34.0,,8,1090,1116,4138,4138,4536
2 Di Notte,it,197813.0,4219.0,20.0,,8,1090,1117,4139,4139,4538
Restiamo un attimo,it,212307.0,4817.0,8.0,,8,1075,329,4140,4140,4539
Il Viaggio Di Biancaneve,it,198635.0,5475.0,13.0,,8,1091,1118,4141,4141,4540
Senza di te,it,231680.0,5576.0,26.0,,8,1087,547,4142,4142,4541
Senti La Pressione,it,199999.0,4248.0,8.0,,8,1075,1119,4143,4143,4542
Conosci il mio steelo,it,250682.0,4013.0,19.0,,8,1072,1114,4144,4144,4543
Shhh!,it,133746.0,5440.0,5.0,,8,1092,576,4145,4145,4544
1-2-3 Pt.2,it,183493.0,4728.0,20.0,,8,1074,993,4146,4146,4545
Background,it,304066.0,4523.0,43.0,,8,1087,547,4147,4147,4546
Il Suono Originale,pl,191942.0,4038.0,10.0,,8,1079,1107,4148,4148,4547
Meglio Riconoscere,it,259693.0,5095.0,17.0,,8,1083,1110,4149,4149,4548
Emcee,it,281913.0,5720.0,21.0,,8,1072,1114,4150,4150,4549
Lirico terrorista,it,188779.0,5934.0,17.0,,8,1086,1113,4151,4151,4550
A male,it,287161.0,5147.0,18.0,,8,1072,1114,4152,4152,4551
Sano what?!,it,261687.0,5043.0,18.0,,8,1072,1114,4153,4153,4552
L’Ingranaggio,it,179000.0,4183.0,22.0,,8,1080,1108,4154,4154,4553
Come sospeso nel tempo,pl,209231.0,5114.0,22.0,,8,1086,1113,4155,4155,4554
Tempo di cazzeggio,it,249986.0,4775.0,17.0,,8,1083,1110,4156,4156,4555
Rock On (Bonus Track),en,303533.0,5229.0,23.0,,8,1093,1120,4157,4157,4556
Sopranos pt.III,en,283374.0,4790.0,45.0,,8,1082,1121,4158,4158,4557
Una sera a Basiano,en,74857.0,4494.0,15.0,,8,1072,1102,4159,4159,4558
Mettiti A Sedere,it,191853.0,4201.0,15.0,,8,1083,1110,4160,4160,4559
Davvero Non Posso,it,173313.0,4643.0,9.0,,8,1078,1008,4161,4161,4560
Buoni propositi,it,197299.0,4205.0,14.0,,8,1072,1114,4162,4162,4561
Classe 73,it,222000.0,4367.0,46.0,,8,1074,993,4163,4163,4562
Click,it,48675.0,5993.0,16.0,,8,1072,1114,4164,4164,4563
Vinco io,it,196760.0,4904.0,17.0,,8,1074,993,4165,4165,4564
Non chiamatelo un ritorno,it,244573.0,5079.0,23.0,,8,1087,547,4166,4166,4565
Bionic Skillz,en,239560.0,5765.0,16.0,,8,1072,1114,4167,4167,4567
Rappresento per il fine settimana,it,268400.0,6009.0,20.0,,8,1083,1110,4168,4168,4568
You,it,295080.0,5181.0,10.0,,8,1089,1115,4169,4169,4569
Nella Notte,it,251697.0,5644.0,10.0,,8,1090,1122,4170,4170,4572
Sopra la cintura,it,134075.0,4668.0,10.0,,8,1081,1123,4171,4171,4573
Come Ai Vecchi Tempi,it,318466.0,4627.0,13.0,,8,1088,758,4172,4172,4574
Classico,it,260359.0,4819.0,11.0,,8,1094,636,4173,4173,4575
Cosa Succede?!,it,228106.0,5362.0,15.0,,8,1074,993,4174,4174,4576
Non è questione,it,262923.0,5380.0,13.0,,8,1081,582,4175,4175,4577
Gli estimatori (Intro),it,99333.0,4643.0,12.0,,8,1083,1110,4176,4176,4578
Prendi In Mano Quella Penna E Scrivi!,it,216061.0,4280.0,7.0,,8,1078,1106,4177,4177,4579
Bugie,it,180593.0,5281.0,9.0,,8,1078,1124,4178,4178,4580
B.Y.H. (Bang Ya Head),it,215880.0,4269.0,14.0,,8,1089,1115,4179,4179,4581
Parli Di,it,222529.0,5173.0,16.0,,8,1073,1103,4180,4180,4582
Tu Lo Sai,it,191000.0,5404.0,15.0,,8,1074,993,4181,4181,4583
Crazy,it,198119.0,5417.0,9.0,,8,1081,1125,4182,4182,4584
Django Muzik,it,245394.0,5524.0,16.0,,8,1095,1106,1319,1319,1428
Wake Up!,it,203046.0,5762.0,9.0,,8,1079,1107,4183,4183,4585
Ogni giorno,it,210666.0,5015.0,11.0,,8,1086,1113,4184,4184,4586
Ansia-ansia,it,239739.0,5476.0,21.0,,8,1086,1113,4185,4185,4587
Passo e chiudo,it,217706.0,5255.0,13.0,,8,1087,547,121,121,125
Figli Di Puttana,en,162493.0,4387.0,11.0,,8,1080,1108,4186,4186,4588
The Incredible Cock Dee,en,192500.0,4064.0,9.0,,8,1073,1103,4187,4187,4589
Goditi La Vita,it,189000.0,4584.0,13.0,,8,1074,993,4188,4188,4590
Non fermi questo show,it,243800.0,4901.0,7.0,,8,1081,582,4189,4189,4593
Hate,it,193906.0,5250.0,19.0,,8,1089,1115,4190,4190,4594
Tutti a casa,it,178674.0,5718.0,25.0,,8,1081,582,4191,4191,4595
Get Retarded,en,225255.0,4405.0,8.0,,8,1081,582,4192,4192,4597
Smiling Faces,it,244000.0,4266.0,12.0,,8,1074,993,4193,4193,4598
Come un treno,it,225255.0,5945.0,8.0,,8,1081,1126,4194,4194,4599
Merda Cruda Per Tutti,it,206657.0,4230.0,6.0,,8,1078,1106,4195,4195,4600
The Crib,it,187600.0,4971.0,11.0,,8,1089,1115,4196,4196,4601
“V” come...,it,318466.0,5187.0,13.0,,8,1088,1127,4197,4197,4602
Puoi Sentirlo,it,230560.0,5096.0,13.0,,8,1083,1110,4198,4198,4603
Eight Bars,it,191893.0,4184.0,8.0,,8,1088,758,4199,4199,4610
Musica Che Non Si Tocca,it,240000.0,4127.0,26.0,,8,1079,1107,4200,4200,4611
Riflessioni,it,239292.0,4224.0,8.0,,8,1081,582,4201,4201,4613
Dal minimo al massimo,it,241440.0,5186.0,9.0,,8,1081,582,4202,4202,4616
Quello che non siamo,it,226500.0,5103.0,8.0,,8,1086,1113,4203,4203,4617
Vivo rap,it,138786.0,4480.0,10.0,,8,1087,547,4204,4204,4618
Rap schietto,it,252000.0,5292.0,14.0,,8,1086,1113,4205,4205,4619
Musical Mafia,it,205934.0,5657.0,9.0,,8,1073,195,4206,4206,4620
Keep Ya Head Up,en,183093.0,4096.0,9.0,,8,1089,1115,4207,4207,4621
Sono Io,it,264000.0,5012.0,13.0,,8,1080,1108,4208,4208,4622
Glory and Frustration,it,169746.0,5394.0,13.0,,8,1074,993,4209,4209,4623
The Shit Dropper,it,258600.0,4518.0,8.0,,8,1088,758,4210,4210,4624
Yeah,it,217000.0,4629.0,12.0,,8,1080,1108,4211,4211,4626
La gente del rap,it,353117.0,5241.0,13.0,,8,1073,195,4212,4212,4627
Questa gente,it,215806.0,5814.0,8.0,,8,1073,1128,4213,4213,4628
Solo tu (e tu),en,239804.0,5636.0,7.0,,8,1086,1113,4214,4214,4629
L’hip-hop è la mia vita,it,250493.0,5181.0,9.0,,8,1094,636,4215,4215,4630
Ho bisogno d’amore (original version),it,320066.0,5474.0,25.0,,8,1096,195,4216,4216,4631
Dammi indietro,it,165333.0,4744.0,9.0,,8,1086,1113,4217,4217,4632
Nel Mix,en,213893.0,5297.0,9.0,,8,1094,636,4218,4218,4634
Conosci il mio steelo (Rmx),it,260996.0,4948.0,27.0,,8,1097,1129,4219,4219,4635
The Cognac Sipper,da,146760.0,4393.0,12.0,,8,1074,993,4220,4220,4636
Il mondo dei pazzi,it,189866.0,5419.0,7.0,,8,1094,636,4221,4221,4637
Problemi Pt. 2,it,228466.0,5129.0,6.0,,8,1088,758,4222,4222,4639
Il Segreto,it,175906.0,4731.0,12.0,,8,1074,993,4223,4223,4640
Non sappiamo,it,255093.0,5840.0,10.0,,8,1087,547,4224,4224,4641
Runaway,it,195562.0,4054.0,7.0,,8,1081,582,4225,4225,4642
The Lyrics,en,193146.0,4646.0,5.0,,8,1089,1115,4226,4226,4643
È così che va,it,243320.0,4126.0,7.0,,8,1094,636,4227,4227,4644
Vi siete accorti,it,221946.0,5550.0,26.0,,8,1098,287,4228,4228,4646
Lo Capisci O No?!,it,162200.0,5421.0,8.0,,8,1088,758,4229,4229,4647
Non cambio mai,it,186444.0,4677.0,11.0,,8,1073,1128,4230,4230,4648
Sushi Bar,en,215461.0,5367.0,6.0,,8,1084,1112,4231,4231,4649
Meritano Questo,it,230933.0,4806.0,8.0,,8,1088,758,4232,4232,4650
Troubles,it,189933.0,5530.0,11.0,,8,1089,1115,4233,4233,4651
Com’era,it,283374.0,4923.0,45.0,,8,1082,1130,4234,4234,4652
What I Am,en,242586.0,4839.0,10.0,,8,1089,1115,4235,4235,4653
Hip hop derelicts,en,139133.0,5887.0,11.0,,8,1087,547,4236,4236,4654
Giuda (The Bad Seed),pl,214000.0,4515.0,9.0,,8,1074,993,4237,4237,4655
La Vita È Maledetta,it,182000.0,4254.0,9.0,,8,1074,993,4238,4238,4656
Mr. U R Nobody,en,157881.0,5185.0,5.0,,8,1081,582,4239,4239,4657
(Take it) Easy,it,222111.0,5956.0,7.0,,8,1086,1113,4240,4240,4658
Dramma,it,151413.0,4769.0,8.0,,8,1094,636,4241,4241,4659
Beiootchh,it,283374.0,4137.0,45.0,,8,1082,643,4242,4242,4660
Mostra Un Po’ D’Amore,it,251506.0,4692.0,9.0,,8,1080,1108,4243,4243,4661
I’m Nice (On The Mic),en,266162.0,5026.0,4.0,,8,1081,1131,4244,4244,4663
Per I Miei Gorilla,it,218440.0,4337.0,10.0,,8,1088,758,4245,4245,4664
La Verità,it,218678.0,5332.0,6.0,,8,1084,1112,4246,4246,4665
Pop Music,it,231920.0,6014.0,6.0,,8,1089,1115,4247,4247,4666
The B / The K,pl,516786.0,4919.0,53.0,,8,1099,582,4248,4248,4667
Rezpekt,en,283374.0,4724.0,45.0,,8,1082,643,4249,4249,4668
Knock ’em Out,it,225880.0,4816.0,7.0,,8,1089,1115,4250,4250,4669
Lo Stesso Posto,it,234000.0,4244.0,11.0,,8,1080,1108,4251,4251,4670
Bassi Maestro,it,211788.0,5785.0,55.0,,8,1072,1114,4252,4252,4671
La Bomba,it,193120.0,4844.0,7.0,,8,1094,636,4253,4253,4672
R.I.P. (Resto in posa),it,255210.0,4787.0,11.0,,8,1073,195,4254,4254,4673
Fonzie,it,250186.0,5336.0,13.0,,8,1080,1108,4255,4255,4674
La Sigla (Sano Business),en,208000.0,4899.0,10.0,,8,1080,758,4256,4256,4675
Troppe cazzate,it,225200.0,5313.0,22.0,,8,1100,1,4257,4257,4676
Lo sanno,it,263440.0,4135.0,5.0,,8,1094,636,4258,4258,4678
Fai memoria,it,149472.0,5646.0,37.0,,8,1101,1132,4259,4259,4679
Musica Da Camera,it,47733.0,5898.0,11.0,,8,1083,1110,4260,4260,4680
Pluristellato,it,229197.0,5314.0,8.0,,8,1086,1113,4261,4261,4681
Nasty Bars,en,207162.0,5926.0,7.0,,8,1073,378,4262,4262,4682
Sa No Biz,it,209760.0,4315.0,9.0,,8,1087,547,4263,4263,4683
Intro,it,80541.0,4968.0,16.0,,8,1102,1133,4264,4264,4684
Bye Bye,it,263106.0,5219.0,47.0,,8,1103,1116,4265,4265,4685
Dicembre 1999,it,188813.0,5178.0,10.0,,8,1094,636,4266,4266,4686
Ahah-Aahhhh!!!,it,193425.0,4817.0,6.0,,8,1090,661,4267,4267,4687
2h10' (Da Dentro),co,235733.0,4690.0,6.0,,8,1088,758,4268,4268,4688
It’s Like That Y’All,it,44640.0,4265.0,9.0,,8,1083,1110,4269,4269,4689
Wack Rappaz (Pupazzi...),it,233426.0,4797.0,5.0,,8,1094,636,4270,4270,4690
Sagittario 2,it,53000.0,4334.0,7.0,,8,1083,1134,4271,4271,4691
Potete entrare,en,76973.0,5482.0,5.0,,8,1094,636,4272,4272,4692
Casino Royale,pt,181672.0,4430.0,6.0,,8,1078,1106,4273,4273,4693
"4, 3, 2, 1",en,251506.0,4130.0,9.0,,8,1080,378,4274,4274,4694
Gli estimatori (Outro),it,99453.0,5120.0,6.0,,8,1083,1110,4275,4275,4695
The show Off (Bonus Track),pl,210680.0,5206.0,6.0,,8,1074,993,4276,4276,4696
Per Me,it,208733.0,5761.0,11.0,,8,1104,1108,4277,4277,4697
Status,it,122093.0,5169.0,9.0,,8,1087,547,4278,4278,4698
La Spremuta Col Caffé,it,56920.0,4704.0,14.0,,8,1083,1110,4279,4279,4699
Rap Phenomenon,it,215053.0,5623.0,6.0,,8,1089,1115,4280,4280,4700
Bassi è il nome,it,242177.0,5095.0,12.0,,8,1105,1135,4281,4281,4701
Jeep Music,it,211973.0,4171.0,10.0,,8,1088,758,4282,4282,4702
Ragazzi Seri,it,229728.0,5148.0,6.0,,8,1084,1112,4283,4283,4703
Bus diggy,it,143200.0,5832.0,6.0,,8,1088,758,4284,4284,4704
Ah-ah-aahh!!,it,193425.0,4808.0,6.0,,8,1090,1122,4285,4285,4705
Parla tu!,it,289186.0,4605.0,6.0,,8,1094,636,4286,4286,4706
Gyal Dem A Go Mad,it,172546.0,4298.0,19.0,,8,1106,1116,4287,4287,4707
Are You Ready?,it,238685.0,4317.0,31.0,,8,1075,1136,4288,4288,4709
Cockdiesel,it,203491.0,4879.0,5.0,,8,1084,1112,4289,4289,4710
Vivi e lascia morire,it,339786.0,5209.0,1.0,,8,1107,1,4290,4290,4711
Ricordami,it,93213.0,4172.0,13.0,,8,1087,547,4291,4291,4712
Non Importa,it,215626.0,5897.0,7.0,,8,1080,1108,4292,4292,4713
Gli Ultimi Testimoni,it,236000.0,5527.0,65.0,,8,1108,1137,4293,4293,4714
La Mia Posse è Troppo Larga,it,77829.0,5189.0,8.0,,8,1109,1138,4294,4294,4715
Cosa Ti Aspettavi?,it,214759.0,5676.0,4.0,,8,1084,1112,4295,4295,4716
La confessione,it,83533.0,4172.0,2.0,,8,1094,636,4296,4296,4717
Pass The Mic,it,158360.0,4968.0,5.0,,8,1089,1115,4297,4297,4718
Musica Gratis,it,283374.0,5278.0,45.0,,8,1082,1106,4298,4298,4719
Tu Smetti,it,225255.0,5675.0,8.0,,8,1081,1139,4299,4299,4720
Keep Comin’ Back,en,182409.0,5585.0,5.0,,8,1090,1122,4300,4300,4721
FibraSupa&Cock (Exclusive),en,252000.0,4566.0,14.0,,8,1086,759,4301,4301,4723
Per La Vita,en,275454.0,5900.0,6.0,,8,1079,1140,4302,4302,4724
20 anni (tutto cambia tranne Bax),it,248992.0,4260.0,4.0,,8,1110,1141,4303,4303,4725
The Fish,it,213000.0,5767.0,7.0,,8,1080,1108,4304,4304,4726
Pompa la folla,it,251506.0,5960.0,9.0,,8,1080,1142,4305,4305,4727
Tu Non Puoi,en,196597.0,4367.0,3.0,,8,1110,683,4306,4306,4728
Vecchio,it,227973.0,5461.0,5.0,,8,1090,1143,4307,4307,4729
Cultura grigia ’93,it,204944.0,4093.0,19.0,,8,1111,1144,4308,4308,4730
Outside,en,178282.0,4825.0,3.0,,8,1110,683,4309,4309,4731
Così Vero,it,196363.0,5048.0,8.0,,8,1079,1140,4310,4310,4732
Lontano Da Qui,it,209124.0,5177.0,5.0,,8,1112,1145,4311,4311,4733
100%,en,251506.0,5889.0,9.0,,8,1080,1146,4312,4312,4736
The Hard Way,en,211039.0,5361.0,3.0,,8,1110,683,4313,4313,4737
Vivo e Vero,it,163308.0,4978.0,6.0,,8,1110,1141,4314,4314,4738
Stanno tutti bene prelude #1,it,52638.0,5635.0,3.0,,8,1081,582,4315,4315,4739
Tempo Di Svacco,it,194560.0,5918.0,22.0,,8,1113,1147,4316,4316,4740
The Real Moneymaker,en,218000.0,4057.0,4.0,,8,1114,1148,4317,4317,4741
"Faglielo sapere, Busdeez!",it,189493.0,5982.0,6.0,,8,1094,636,4318,4318,4742
Time’s Up,it,303206.0,4183.0,20.0,,8,1115,287,4319,4319,4743
South-O-Biz,en,204944.0,5647.0,19.0,,8,1111,1149,4320,4320,4744
Why?,it,46866.0,4573.0,4.0,,8,1089,1115,4321,4321,4745
Come schiavi,it,207584.0,4277.0,4.0,,8,1081,582,4322,4322,4747
Intro (Background),it,67893.0,4894.0,7.0,,8,1087,547,4323,4323,4748
Siamo un mito,en,208000.0,5303.0,10.0,,8,1080,953,4324,4324,4750
Nel frattempo,it,126236.0,4774.0,4.0,,8,1090,661,4325,4325,4751
"Yo, Hey",it,147333.0,4121.0,4.0,,8,1094,636,4326,4326,4752
Pumpin’ the blood,it,223451.0,5214.0,5.0,,8,1090,661,4327,4327,4753
Cock ‘n’ Smizzle Pt. 1,it,252000.0,5821.0,14.0,,8,1086,1146,4328,4328,4754
"Vengo, Vedo, Vinco",it,209124.0,4781.0,5.0,,8,1112,1150,4329,4329,4756
I Am Back,it,176027.0,4444.0,3.0,,8,1110,683,4330,4330,4757
Reggie Hammond,en,204619.0,4901.0,3.0,,8,1081,582,4331,4331,4758
L’Incidente,en,37826.0,4108.0,3.0,,8,1094,636,4332,4332,4759
Stanno Tutti Bene Prelude #2,it,47776.0,5657.0,2.0,,8,1081,582,4333,4333,4760
Radio Sucker,it,66133.0,5669.0,4.0,,8,1089,1115,4334,4334,4761
In Confronto,it,235800.0,5191.0,4.0,,8,1094,636,4335,4335,4762
Il mio modo,it,153430.0,4719.0,3.0,,8,1090,661,4336,4336,4763
2xcheck,it,34226.0,5616.0,5.0,,8,1089,1115,4337,4337,4764
Vorresti Averci,it,225255.0,5125.0,8.0,,8,1081,1139,4338,4338,4766
Fuori Dal Coro (Short version),it,161538.0,5671.0,36.0,,8,1116,1151,4339,4339,4767
Non lo so,it,201408.0,5277.0,3.0,,8,1090,661,4340,4340,4768
Tutti Stanno Bene Prelude #3,en,65411.0,5585.0,2.0,,8,1081,582,4341,4341,4769
To The Top,en,224840.0,5213.0,19.0,,8,1117,1,4342,4342,4771
Slang,en,100613.0,4842.0,4.0,,8,1094,636,4343,4343,4772
Constatazione Servile,en,100333.0,5933.0,3.0,,8,1094,636,4344,4344,4773
Braggin ‘n’ boastin’,pl,52240.0,5096.0,3.0,,8,1089,1115,4345,4345,4774
Piove merda,it,283374.0,5226.0,45.0,,8,1082,1152,4346,4346,4775
Hip Hop Market,it,67000.0,4452.0,3.0,,8,1089,1115,2227,2227,2429
Dovete Andarvene,co,17026.0,5267.0,0.0,,8,1094,636,4347,4347,4776
Soulista,it,283374.0,5159.0,45.0,,8,1082,1152,4348,4348,4777
Call It That,it,32693.0,4382.0,3.0,,8,1089,1115,4349,4349,4778
Grosso!,eu,255093.0,4131.0,10.0,,8,1087,383,4350,4350,4779
Intro (Monkee Bizniz Vol. 3),it,238685.0,5222.0,31.0,,8,1075,1153,4351,4351,4780
Munito di microfono (il Maestro è ritornato),it,283374.0,5543.0,45.0,,8,1082,1152,4352,4352,4781
Divertissement,it,283374.0,5061.0,45.0,,8,1082,1152,4353,4353,4782
Cock ‘n’ Smizzle Pt.4,en,252946.0,4468.0,47.0,,8,1118,1154,4354,4354,4783
Sono e vado,it,255093.0,5349.0,10.0,,8,1087,985,4355,4355,4784
Ad Ogni Costo (Rap-Or-Die),pl,270048.0,4173.0,7.0,,8,1119,1155,4356,4356,4786
L’attesa (Balla coi loop),it,142000.0,4898.0,58.0,,8,1120,1156,4357,4357,4787
Cock ‘n’ Smizzle Pt.3,pl,238685.0,4340.0,31.0,,8,1075,551,4358,4358,4788
Cock ‘n’ Smizzle Pt.2,en,252000.0,4382.0,14.0,,8,1086,1113,4359,4359,4789
(Damaneasera) La lingualleno,it,251506.0,4416.0,9.0,,8,1080,985,4360,4360,4790
Outro,en,51320.0,4784.0,3.0,,8,1079,1140,4361,4361,4791
Lasciali girare/Scratchmatazz,it,177333.0,4114.0,40.0,,8,1086,1157,4362,4362,4792
Intro (Monkee Bizniz Vol. 2),en,177333.0,4810.0,40.0,,8,1086,1113,4363,4363,4793
Ninna Nanna,it,237493.0,430384.0,57.0,,40,1121,1158,4364,4364,4794
Wily Wily,it,236481.0,429678.0,51.0,,40,1122,1159,4365,4365,4795
Dende,it,209571.0,384570.0,61.0,,40,1122,1160,4366,4366,4796
Habibi,it,184413.0,435785.0,58.0,,40,1121,298,4367,4367,4797
Happy Days,it,198120.0,262000.0,55.0,,40,1121,1161,4368,4368,4798
Cara Italia,it,244324.0,293144.0,58.0,,40,1123,1162,4369,4369,4799
Pizza Kebab,it,178040.0,173769.0,47.0,,40,1121,1163,4370,4370,4800
Marijuana,it,222233.0,144485.0,53.0,,40,1122,1164,4371,4371,4801
Sempre Me,it,194522.0,171689.0,50.0,,40,1122,35,4372,4372,4802
Cazzo Mene,it,222009.0,161438.0,51.0,,40,1122,555,4373,4373,4803
Ricchi Dentro,it,171026.0,154340.0,53.0,,40,1121,298,4374,4374,4804
Lacrime,it,227373.0,132071.0,44.0,,40,1121,298,4375,4375,4805
Boogieman,it,159910.0,118802.0,55.0,,40,1124,20,4376,4376,4806
Liberté,it,167293.0,74256.0,45.0,,40,1121,298,4377,4377,4807
Non Lo So,pl,231832.0,75905.0,42.0,,40,1122,1165,4378,4378,4808
Marymango,pl,204984.0,59556.0,54.0,,40,1124,1166,4379,4379,4809
Come Milano,it,199914.0,62936.0,43.0,,40,1122,1167,4380,4380,4810
Vida,it,211213.0,71324.0,43.0,,40,1121,298,4381,4381,4811
Boulevard,it,207520.0,73957.0,43.0,,40,1121,298,4382,4382,4812
Jennifer,fr,161847.0,49448.0,51.0,,40,1124,1166,4383,4383,4813
Flashback,it,217000.0,69686.0,44.0,,40,1124,748,4384,4384,4814
Vai Tra,it,196149.0,59333.0,35.0,,40,1122,1168,4385,4385,4815
Good Times,it,163073.0,45695.0,63.0,,40,1124,1166,4386,4386,4816
Cacao,it,113830.0,38946.0,47.0,,40,1124,856,4387,4387,4817
Oggi No,en,144960.0,40286.0,40.0,,40,1121,298,4388,4388,4818
22:22,it,180000.0,36896.0,62.0,,40,1124,1166,4389,4389,4819
DNA,it,163073.0,36441.0,63.0,,40,1124,1166,4390,4390,4820
Milano,it,210053.0,39749.0,39.0,,40,1121,298,4391,4391,4821
Zingarello,it,187883.0,32861.0,43.0,,40,1125,252,4392,4392,4822
WALLAH,it,133776.0,32476.0,46.0,,40,1126,873,4393,4393,4823
Ora d’aria,it,193560.0,41025.0,38.0,,40,1121,298,4394,4394,4824
MILF,pl,136054.0,35224.0,38.0,,40,1124,6,4395,4395,4825
Barcellona,it,176166.0,38211.0,61.0,,40,1124,1166,4396,4396,4826
Optional,it,150883.0,26368.0,35.0,,40,1122,1169,4397,4397,4827
Fast Food,it,159500.0,28203.0,38.0,,40,1124,1166,4398,4398,4828
Mamma,it,179815.0,27529.0,33.0,,40,1122,323,4399,4399,4829
BAYNA,it,125333.0,20614.0,48.0,,40,1127,606,4400,4400,4830
Niente Panico,it,181373.0,18849.0,64.0,,40,1128,316,4401,4401,4831
Cuore a Destra,it,181530.0,23788.0,37.0,,40,1124,1166,4402,4402,4832
Turbococco,it,156734.0,22704.0,45.0,,40,1129,339,4403,4403,4833
Fallito,it,191874.0,19728.0,37.0,,40,1124,1166,4404,4404,4834
FREE SOLO,it,153693.0,19691.0,43.0,,40,1127,606,4405,4405,4835
Casa Mia,it,210541.0,18770.0,62.0,,40,1130,90,4406,4406,4836
Voci,it,103448.0,15132.0,33.0,,40,1122,1170,4407,4407,4837
Paprika,it,148571.0,17406.0,66.0,,40,1131,54,4408,4408,4838
Chiagne Ancora,it,218186.0,15786.0,46.0,,40,1132,1171,4409,4409,4840
Giù x Terra,it,133636.0,14939.0,33.0,,40,1124,1166,4410,4410,4841
Hasta la vista,es,145321.0,20326.0,40.0,,40,1133,339,4411,4411,4842
Scooby,it,130235.0,17726.0,36.0,,40,1124,1166,4412,4412,4843
I Love You,it,177836.0,17811.0,40.0,,40,1134,575,4413,4413,4844
Extasy,it,161557.0,15071.0,36.0,,40,1124,1166,4414,4414,4845
PARE,it,165960.0,13968.0,52.0,,40,1127,606,4415,4415,4846
Machiavelli,it,135652.0,12951.0,54.0,,40,1135,408,4416,4416,4847
Paura E Delirio A Milano,it,184724.0,11775.0,52.0,,40,1135,408,4417,4417,4850
Combo,it,176011.0,11558.0,36.0,,40,1124,1166,4418,4418,4851
1993,it,140518.0,12415.0,38.0,,40,1124,1172,4419,4419,4852
DRARI,it,150026.0,11557.0,46.0,,40,1127,606,4420,4420,4853
Lunga Vita a Sto,it,209571.0,8823.0,61.0,,40,1122,1173,4421,4421,4854
Tanti Soldi,it,213749.0,7894.0,40.0,,40,1135,408,4422,4422,4855
WALO,pl,171906.0,8913.0,32.0,,40,1127,175,4423,4423,4856
Sto,it,97864.0,5817.0,45.0,,40,1135,408,4424,4424,4857
Sotto Controllo,it,122110.0,6126.0,42.0,,40,1135,408,4425,4425,4858
Lascia Stare,it,180000.0,6174.0,72.0,,40,1136,1174,4426,4426,4859
Mille Pare (Bad Times),it,141000.0,7007.0,38.0,,40,1124,1172,4427,4427,4860
Kalashnicov,it,148571.0,7199.0,66.0,,40,1131,234,4428,4428,4861
Safi Safi,pl,165750.0,5175.0,40.0,,40,1135,408,4429,4429,4862
Zuppa Di Succo Di Mucca,it,138805.0,6623.0,40.0,,40,1135,408,4430,4430,4863
FORTUNA,it,165866.0,6235.0,47.0,,40,1127,1175,4431,4431,4864
BRAVO,en,154826.0,4855.0,36.0,,40,1127,606,4432,4432,4865
MOON RAGE,pl,198533.0,5220.0,34.0,,40,1127,606,4433,4433,4866
Album,it,237493.0,5076.0,57.0,,40,1121,503,4434,4434,4867
Bugiardi (#FuckYouGhali 1),it,140518.0,6254.0,38.0,,40,1124,1176,4435,4435,4868
Coco,en,162187.0,4496.0,37.0,,40,1135,408,4436,4436,4869
SENSAZIONE ULTRA,it,165960.0,5662.0,52.0,,40,1127,1177,4437,4437,4870
Celine,it,183021.0,4681.0,44.0,,40,1135,408,4438,4438,4871
Chill,it,135692.0,5477.0,69.0,,40,1137,17,4439,4439,4872
Buonasera,it,172888.0,4851.0,39.0,,40,1135,408,4440,4440,4873
PETER PARKER,pl,151546.0,5172.0,40.0,,40,1127,606,4441,4441,4874
Dimmi La Verità,it,139130.0,5679.0,37.0,,40,1135,408,4442,4442,4875
Pizza Kebab - Episodio 1,it,212093.0,5622.0,39.0,,40,1138,1178,4443,4443,4876
91  (#FuckYouGhali 3),it,262026.0,5750.0,16.0,,40,1139,1179,4444,4444,4877
Peccati,it,136363.0,4131.0,35.0,,40,1135,408,4445,4445,4878
Pizza Kebab - Episodio 2,it,212093.0,5399.0,39.0,,40,1138,1180,4446,4446,4879
CRAZY,it,176133.0,4292.0,34.0,,40,1127,606,4447,4447,4880
Salvini (#FuckYouGhali 2),it,209571.0,4844.0,61.0,,40,1122,38,4448,4448,4881
Senza Pietà,it,133161.0,5111.0,35.0,,40,1135,408,4449,4449,4882
We Lo Zio,pl,222009.0,4821.0,51.0,,40,1122,234,4450,4450,4883
#Fuckyoughali 4,it,222089.0,5055.0,29.0,,40,1140,1181,4451,4451,4884
Maneskin*,it,148571.0,6011.0,66.0,,40,1131,54,4452,4452,4885
Il Bello Di Noi,it,212853.0,4284.0,72.0,,40,1141,234,4453,4453,4886
Tupac & Biggie,it,689466.0,5366.0,30.0,,40,1142,1182,4454,4454,4887
Vámonos*,it,176166.0,4806.0,61.0,,40,1124,1172,4455,4455,4888
Radio 105 Freestyle,en,197853.0,4276.0,24.0,,40,1143,1183,4456,4456,4889
#SFTB (Started From The Bottom),it,131240.0,4332.0,88.0,,40,1144,1184,4457,4457,4890
Radio 105 Freestyle 2020,it,197853.0,5912.0,24.0,,40,1143,1166,4458,4458,4891
Cacao (spoiler),it,181328.0,5773.0,14.0,,40,1145,265,4459,4459,4892
TDE Vi Levare,it,213647.0,5831.0,11.0,,40,1146,234,4460,4460,4893
Leader,it,148571.0,5999.0,66.0,,40,1131,1185,4461,4461,4894
€uri,it,148571.0,4431.0,66.0,,40,1131,234,4462,4462,4895
Complice,it,148571.0,4725.0,66.0,,40,1131,234,4463,4463,4896
Freestyle Dope Felix Baumgartner,en,209571.0,5354.0,61.0,,40,1122,234,4464,4464,4897
Vado Fuori,it,192096.0,4981.0,72.0,,40,1147,234,4465,4465,4898
105 Mi Casa Mashup: il freestyle di Ghali su Clout,it,180000.0,4849.0,62.0,,40,1124,1186,4466,4466,4899
Unknown,it,209571.0,4728.0,61.0,,40,1122,1173,4467,4467,4900
Unknown 5,it,284210.0,5203.0,16.0,,40,1148,1187,4468,4468,4901
Unknown 6,it,163109.0,5165.0,12.0,,40,1149,54,4469,4469,4902
Unknown 3,it,180973.0,4335.0,8.0,,40,1150,1188,4470,4470,4903
Unknown 7,it,181829.0,4958.0,39.0,,40,1151,212,4471,4471,4904
Joyride,it,180000.0,5121.0,62.0,,40,1124,1189,4472,4472,4905
Unknown 2,it,204613.0,5154.0,56.0,,40,1152,190,4473,4473,4906
Unknown 8,it,324245.0,4432.0,1.0,,40,1153,1190,4474,4474,4907
Unknown 4,it,228332.0,5500.0,3.0,,40,1154,1191,4475,4475,4908
4:20,it,215373.0,51696.0,45.0,,29,1155,1119,4476,4476,4910
MIRA,it,203975.0,18829.0,31.0,,29,1156,15,4477,4477,4911
Tutto il mondo è quartiere,it,230000.0,21844.0,27.0,,29,1155,330,4478,4478,4912
Mamma diceva,it,171040.0,15213.0,28.0,,29,1155,1119,4479,4479,4913
SPECIALIST,it,145446.0,13282.0,36.0,,29,1157,1192,4480,4480,4914
Noi,it,296853.0,15102.0,39.0,,29,1158,1119,4481,4481,4915
Joga Bonito,pl,222680.0,12932.0,24.0,,29,1159,1193,4482,4482,4917
Te lo dicevo,it,209600.0,13580.0,21.0,,29,1155,1119,4483,4483,4918
Sugar Mama,it,178040.0,13276.0,33.0,,29,1155,1119,4484,4484,4919
RAPPER POSSE TRACK,en,189588.0,12345.0,28.0,,29,1156,1194,4485,4485,4924
Iconic,it,181280.0,11671.0,24.0,,29,1155,1119,4486,4486,4925
Stratocaster,it,170933.0,9489.0,38.0,,29,1160,1195,4487,4487,4927
FRATELLO MIO,it,180197.0,9624.0,29.0,,29,1161,1196,4488,4488,4928
EZ,it,140595.0,10090.0,40.0,,29,1162,219,4489,4489,4929
Ribelli senza causa,it,233040.0,9788.0,25.0,,29,1155,1119,4490,4490,4930
In volo,it,177733.0,9381.0,28.0,,29,1155,1119,4491,4491,4931
HO LA HIT,it,219451.0,8157.0,28.0,,29,1163,122,4492,4492,4932
Vincent,it,208000.0,7029.0,23.0,,29,1155,1119,4493,4493,4933
DENG DENG,pl,183724.0,8548.0,21.0,,29,1161,1197,4494,4494,4934
Mezcal,it,236200.0,7659.0,19.0,,29,1155,1119,4495,4495,4935
MARI,aa,152827.0,9016.0,20.0,,29,1164,533,4496,4496,4936
CLASH FREESTYLE,en,137108.0,6173.0,23.0,,29,1161,1198,4497,4497,4937
Tutti Contenti,it,212786.0,7544.0,34.0,,29,1165,1199,4498,4498,4938
MAI,it,188959.0,8262.0,34.0,,29,1166,1200,4499,4499,4939
Boom Bye Bye,it,204706.0,6083.0,18.0,,29,1155,1119,4500,4500,4940
"Sì, come no",pt,250706.0,6379.0,19.0,,29,1155,1119,4501,4501,4941
CLAMO,pl,211150.0,4627.0,22.0,,29,1167,397,4502,4502,4942
COMPLICATO,it,204000.0,5643.0,20.0,,29,1161,1196,4503,4503,4943
MUTOMBO,it,204546.0,5271.0,15.0,,29,1161,1196,4504,4504,4944
RAPPER,it,189588.0,4835.0,28.0,,29,1156,1196,4505,4505,4946
SEQUEL FREESTYLE,it,144746.0,5057.0,17.0,,29,1156,1201,4506,4506,4947
BENZINA,pt,193738.0,5808.0,24.0,,29,1168,1202,4507,4507,4948
THEMA TURBODIESEL,it,194095.0,4405.0,16.0,,29,1161,1196,4508,4508,4949
Freestyle Lavanderie Ramone,it,234000.0,4058.0,41.0,,29,1169,1203,4509,4509,4950
VITA INTERA,it,138058.0,5738.0,20.0,,29,1161,1196,4510,4510,4951
Era Tutto Un Sogno,it,212786.0,5170.0,34.0,,29,1165,1199,4511,4511,4952
Come Il Sole,it,229786.0,5800.0,19.0,,29,1165,1199,4512,4512,4953
Orgoglio E Vergogna,it,247933.0,5211.0,17.0,,29,1165,1199,4513,4513,4954
IVORY FREESTYLE,it,132630.0,5636.0,15.0,,29,1161,16,4514,4514,4955
ROCKER,it,217285.0,4873.0,16.0,,29,1161,1196,4515,4515,4956
090320,it,122353.0,5516.0,11.0,,29,1170,21,4516,4516,4957
La Scomparsa Del Pescatore,it,307706.0,5844.0,16.0,,29,1165,1199,4517,4517,4958
Torino State Of Mind,it,228240.0,5160.0,17.0,,29,1165,1199,4518,4518,4959
Identità,it,206506.0,4374.0,16.0,,29,1155,1119,4519,4519,4960
Paper Queen,en,233893.0,4549.0,16.0,,29,1165,1199,4520,4520,4962
NON SEI DI QUA,it,135911.0,4407.0,19.0,,29,1167,397,4521,4521,4963
Abracadabra,it,236626.0,4508.0,17.0,,29,1165,775,4522,4522,4964
Numero Uno,it,226333.0,4627.0,23.0,,29,1165,1204,4523,4523,4965
AUTOGRILL FREESTYLE,it,108237.0,5124.0,16.0,,29,1161,1205,4524,4524,4966
BABY,en,180757.0,5191.0,20.0,,29,1171,771,4525,4525,4967
Rocky e Adriana,it,204026.0,4869.0,12.0,,29,1160,1195,4526,4526,4968
Tangerine Dream,it,222333.0,5247.0,15.0,,29,1165,1199,4527,4527,4969
RAT RACE,it,206158.0,4175.0,14.0,,29,1161,1196,4528,4528,4970
GIÙ LE STELLE,it,195935.0,4186.0,17.0,,29,1167,397,4529,4529,4971
Non è un addio,it,266600.0,4357.0,14.0,,29,1160,1195,4530,4530,4972
BAD BOYS,en,197693.0,5050.0,16.0,,29,1171,771,4531,4531,4975
Se non con te,it,255200.0,4442.0,11.0,,29,1160,1195,4532,4532,4976
Fresco Fresco Pronto Per Morire,it,202680.0,4580.0,14.0,,29,1165,1199,4533,4533,4977
BANG BANG,it,145966.0,4813.0,13.0,,29,1156,1194,4534,4534,4978
Eroi,it,223293.0,5641.0,12.0,,29,1160,1195,4535,4535,4979
"Rispetto di tutti, paura di nessuno",it,206920.0,4041.0,15.0,,29,1160,1195,3868,3868,4246
Juggernaut,it,222746.0,5314.0,13.0,,29,1160,1195,4536,4536,4980
In volo (RMX),it,244877.0,5352.0,11.0,,29,1172,129,4537,4537,4981
Buon Viaggio,it,220266.0,5614.0,10.0,,29,1165,1199,4538,4538,4983
NEANCHE DIO,it,172515.0,5884.0,12.0,,29,1171,771,4539,4539,4984
RUNNIN / ÇA VA SANS DIRE,it,178846.0,4052.0,13.0,,29,1171,771,4540,4540,4985
BENZO,co,172080.0,4320.0,14.0,,29,1171,771,4541,4541,4986
Gran Finale,it,197680.0,5790.0,13.0,,29,1165,1199,4542,4542,4987
Oro E Argento,it,223706.0,4932.0,17.0,,29,1165,1199,4543,4543,4988
Terrone,it,122526.0,5145.0,59.0,,29,1173,1206,4544,4544,4989
Nina Mala,pl,208880.0,5342.0,12.0,,29,1165,1199,4545,4545,4990
Rock steady,it,170933.0,5376.0,38.0,,29,1160,1195,4546,4546,4991
L’alternativa,it,162680.0,5882.0,9.0,,29,1160,1195,4547,4547,4992
Change,it,240166.0,6014.0,12.0,,29,1160,1207,4548,4548,4993
Cosa Ci Rimane,it,197446.0,5458.0,70.0,,29,1174,1208,4549,4549,4994
One By One,it,142550.0,4589.0,93.0,,29,1175,1209,4550,4550,4995
Quello Che Voglio,it,241506.0,5776.0,10.0,,29,1165,1199,4551,4551,4996
V.I.P.,it,176586.0,4111.0,9.0,,29,1160,1195,4552,4552,4997
Lei,it,166000.0,4476.0,8.0,,29,1176,1210,4553,4553,4998
Vendetta,it,260765.0,5813.0,10.0,,29,1176,1211,4554,4554,4999
Italian Freestylers,en,277447.0,4526.0,10.0,,29,1177,1212,4555,4555,5001
Corona & Barbecue,en,182500.0,4455.0,31.0,,29,1178,1213,4556,4556,5002
21 Piani,it,207630.0,4289.0,32.0,,29,1179,1213,4557,4557,5003
Generazione Tuning,it,157549.0,5735.0,25.0,,29,1180,1214,4558,4558,5004
Cantona,it,178306.0,5017.0,33.0,,29,1181,1213,4559,4559,5005
Non Rifarlo A Casa,it,176000.0,5365.0,78.0,,29,1182,1213,4560,4560,5006
Black City Bitch,it,113053.0,4491.0,13.0,,29,1183,1212,4561,4561,5007
Non È Un Arrivederci,it,238799.0,5533.0,5.0,,29,1176,1210,4562,4562,5008
E.N.S.I.,it,277594.0,5537.0,30.0,,29,1184,1210,4563,4563,5009
Uomini Contro,it,265454.0,4639.0,65.0,,29,1185,1215,4564,4564,5010
King Del Freestyle,it,219707.0,4834.0,16.0,,29,1186,1212,4565,4565,5011
Per Amore,it,182500.0,4434.0,31.0,,29,1178,1208,4566,4566,5012
Contro Chi Vuoi Tu,it,204706.0,5972.0,18.0,,29,1155,1212,4567,4567,5013
Enzino’s Experience,it,203124.0,5308.0,14.0,,29,1176,1210,4568,4568,5014
Come Una Polaroid,it,207615.0,5889.0,65.0,,29,1187,1208,4569,4569,5015
Fa Paura,cs,225600.0,4621.0,17.0,,29,1188,1212,4570,4570,5016
Il Trio Tenerezza,pl,228000.0,5581.0,7.0,,29,1176,1210,4571,4571,5019
Né Vinto Né Vincitore,it,239756.0,5549.0,6.0,,29,1189,1214,4572,4572,5020
Jarro,it,214000.0,5399.0,7.0,,29,1176,1210,4573,4573,5022
Occhi,it,199253.0,5950.0,8.0,,29,1176,1210,4574,4574,5023
MPC Roulette,it,227889.0,4800.0,1.0,,29,1190,1212,4575,4575,5024
In Faccia,it,223016.0,4275.0,6.0,,29,1176,1210,4576,4576,5025
Messaggi,it,224850.0,5360.0,8.0,,29,1176,1210,4577,4577,5026
In Aria,it,223430.0,5477.0,12.0,,29,1176,1210,4578,4578,5027
In Italiano,pt,239285.0,5166.0,0.0,,29,1191,1212,4579,4579,5028
Turn It Up,it,283400.0,4427.0,82.0,,29,1192,1212,4580,4580,5029
HEART OF CLASH,it,168600.0,5024.0,46.0,,29,1193,1216,4581,4581,5030
Sporco,it,280000.0,4638.0,5.0,,29,1176,1210,4582,4582,5031
WILD,it,148334.0,4867.0,17.0,,29,1194,679,4583,4583,5032
Profondo,it,177226.0,5305.0,4.0,,29,1195,300,4584,4584,5033
No Competition,en,263369.0,5507.0,5.0,,29,1176,1210,4585,4585,5034
Non Hai Chance,it,270988.0,4478.0,3.0,,29,1176,1210,4586,4586,5036
Intro,it,159150.0,4825.0,7.0,,29,1176,1210,4587,4587,5037
DOMANI FREESTYLE COLLECTION #1,it,233893.0,4551.0,16.0,,29,1165,1217,4588,4588,5038
Non Credere,it,208604.0,4411.0,6.0,,29,1176,1210,4589,4589,5039
Trap Take Radio 105,it,304480.0,5582.0,33.0,,29,1196,1218,4590,4590,5040
Street,it,267644.0,5838.0,5.0,,29,1197,1210,4591,4591,5041
Landa,it,162742.0,4755.0,9.0,,29,1198,1210,4592,4592,5042
Non Puoi Tirarmi Giù,it,231633.0,5520.0,4.0,,29,1176,1210,4593,4593,5043
Dai Tutto,it,215373.0,5811.0,45.0,,29,1155,1219,4594,4594,5044
Non È Uguale,it,198960.0,5709.0,4.0,,29,1199,1219,4595,4595,5045
Zingari,it,182537.0,4379.0,3.0,,29,1176,1210,4596,4596,5046
Novecento,it,228346.0,5931.0,19.0,,29,1200,1212,4597,4597,5047
Donercore,pl,249051.0,4768.0,7.0,,29,1201,1219,4598,4598,5048
Stessi Flash,it,261377.0,4693.0,45.0,,29,1202,1208,4599,4599,5049
Oh Oh,it,326068.0,4138.0,7.0,,29,1203,1219,4600,4600,5050
Per Amore RMX,pl,179802.0,4989.0,75.0,,29,1204,1220,4601,4601,5052
Dramming,it,150933.0,4230.0,10.0,,29,1205,1212,4602,4602,5053
DOMANI FREESTYLE COLLECTION #2,it,233893.0,4510.0,16.0,,29,1165,1199,4603,4603,5054
DOMANI FREESTYLE COLLECTION #3,it,233893.0,4646.0,16.0,,29,1165,1221,4604,4604,5055
Covid freestyle (Era Ora),it,188201.0,5632.0,1.0,,29,1206,1222,4605,4605,5056
Dreaming,en,152469.0,5768.0,56.0,,29,1207,512,4606,4606,5057
Asciugamano,it,273266.0,4619.0,0.0,,66,1208,116,4607,4607,5058
Stanco,it,216607.0,5734.0,0.0,,66,1208,116,4608,4608,5059
Carta E Penna,it,187010.0,5731.0,0.0,,66,1208,1223,4609,4609,5060
Delta,it,175595.0,5543.0,0.0,,66,1208,116,4610,4610,5061
Sciccherie,it,192970.0,74480.0,47.0,,56,1209,1224,4611,4611,5062
17,it,148192.0,80969.0,44.0,,56,1210,1225,4612,4612,5063
VOCE,it,211410.0,57161.0,53.0,,56,1211,946,4613,4613,5064
TU MI HAI CAPITO,it,211498.0,43803.0,60.0,,56,1211,1101,4614,4614,5065
MAREA,it,194380.0,34732.0,55.0,,56,1211,714,4615,4615,5066
BUGIE,it,171602.0,36965.0,48.0,,56,1211,949,4616,4616,5068
BUGIE,it,187660.0,39108.0,42.0,,56,1212,949,4616,4616,5068
BABAGANOUSH,it,187274.0,37096.0,52.0,,56,1211,949,4617,4617,5069
BABY,it,162857.0,31154.0,60.0,,56,1213,1226,4618,4618,5070
Anna,it,233663.0,29994.0,37.0,,56,1214,1227,4619,4619,5071
CLITO,pl,172682.0,34457.0,37.0,,56,1211,396,4620,4620,5072
AMICONI (freestyle),it,152187.0,34521.0,38.0,,56,1211,949,4621,4621,5073
DIMMI ORA,pl,163180.0,24837.0,43.0,,56,1211,949,4622,4622,5074
IL MIO AMICO,it,209045.0,33809.0,42.0,,56,1211,764,4623,4623,5075
TUTTI MUOIONO,it,192151.0,26163.0,45.0,,56,1211,949,4624,4624,5076
NUDA,pl,197253.0,28001.0,37.0,,56,1211,949,4625,4625,5077
MAMI PAPI,co,176425.0,28391.0,35.0,,56,1211,949,4626,4626,5078
LUNA,en,185560.0,28558.0,49.0,,56,1211,949,4627,4627,5079
64 Bars,it,131777.0,29186.0,56.0,,56,1215,1228,4628,4628,5080
MOOD,it,151463.0,21187.0,39.0,,56,1211,949,4629,4629,5081
ISTINTO,it,148012.0,24769.0,39.0,,56,1211,949,4630,4630,5082
VERGOGNA,it,156470.0,18199.0,37.0,,56,1211,949,4631,4631,5083
BAMBOLINE BOLIVIANE,it,168603.0,21947.0,36.0,,56,1211,949,4632,4632,5084
IL BENE NEL MALE,it,213143.0,20218.0,54.0,,56,1216,9,4633,4633,5085
QUANTO FORTE TI PENSAVO,it,213749.0,16159.0,59.0,,56,1217,211,4634,4634,5086
​sentimi,it,171602.0,12626.0,48.0,,56,1211,943,4616,4616,5067
​sentimi,it,187660.0,16106.0,42.0,,56,1212,943,4616,4616,5067
LA PROMESSA DELL’ANNO,it,178513.0,11510.0,33.0,,56,1218,197,4635,4635,5087
NIMPHA - La storia di una ninfomane,it,178402.0,8841.0,43.0,,56,1217,211,4636,4636,5088
SE NON PROVO DOLORE,it,163381.0,11677.0,48.0,,56,1217,211,4637,4637,5089
DONNA VEDI,it,163399.0,9847.0,42.0,,56,1217,211,4638,4638,5090
MILAGRO - A Matilde,it,282973.0,10835.0,35.0,,56,1217,211,4639,4639,5091
AVATAR - L’amore non esiste,it,227502.0,8660.0,36.0,,56,1217,211,4640,4640,5092
COME VOGLIO L’AMORE,it,208923.0,7350.0,34.0,,56,1217,211,4641,4641,5093
PER IL TUO BENE,it,260053.0,7788.0,42.0,,56,1217,211,4642,4642,5094
LA FESTA DELLA CRUDA VERITÀ,it,208100.0,6997.0,33.0,,56,1217,211,4643,4643,5095
RESPIRARE,it,149499.0,5989.0,38.0,,56,1217,211,4644,4644,5096
IL MIO NUOVO MAESTRO,it,226042.0,7401.0,32.0,,56,1217,211,4645,4645,5097
ARANCIATA,it,194366.0,6510.0,52.0,,56,1217,402,4646,4646,5098
TEKNO POKÈ (Bonus Track),it,225347.0,5855.0,29.0,,56,1217,211,4647,4647,5099
TU M’AS COMPRIS,fr,194000.0,4935.0,38.0,,56,1219,827,4648,4648,5100
L’ONDA - La morte del Marinaio,it,194829.0,5673.0,32.0,,56,1217,211,4649,4649,5101
64 Bars pt. 2,it,188081.0,5674.0,18.0,,56,1220,1229,4650,4650,5102
Ghost Town,it,192301.0,5435.0,38.0,,56,1221,679,4651,4651,5103
L’Eccezione (from the Amazon Original Series ”BANG BANG BABY”),en,229146.0,4222.0,48.0,,56,1222,1175,4652,4652,5104
La primavera della mia vita,it,169773.0,5693.0,26.0,,56,1223,861,4653,4653,5105
Cambierò*,it,221631.0,5356.0,62.0,,56,1224,1230,4654,4654,5106
Mistress Freestyle,it,262440.0,5408.0,3.0,,56,1225,1231,4655,4655,5107
Porca Madame Freestyle,it,202576.0,4739.0,17.0,,56,1226,1232,4656,4656,5108
2020 Freestyle,pl,133760.0,5774.0,34.0,,56,1227,1233,4657,4657,5109
Via del Campo (Cover),it,218367.0,5466.0,66.0,,56,1228,831,4658,4658,5110
Rinasci dalla cenere per diventare cenere,it,121401.0,4236.0,1.0,,56,1229,455,4659,4659,5111
KISSME Freestyle,it,138857.0,4829.0,17.0,,56,1230,241,4660,4660,5112
Bimbo,it,160003.0,5788.0,0.0,,56,1231,1234,4661,4661,5113
VOCE (ACOUSTIC VERSION) (AMAZON ORIGINAL),it,834302.0,4106.0,35.0,,56,1232,1235,4662,4662,5114
Ne voglio di più,it,242504.0,45548.0,33.0,,101,1233,1236,4663,4663,5115
Blood a blood,en,192800.0,28810.0,32.0,,101,1234,901,4664,4664,5116
C’est la vie,it,197715.0,20034.0,37.0,,101,1234,1237,4665,4665,5117
Nella fossa,it,380000.0,14437.0,23.0,,101,1235,1238,4666,4666,5118
Accalappianani,pl,265079.0,10769.0,30.0,,101,1236,1239,4667,4667,5119
Polpette,pl,226064.0,12935.0,20.0,,101,1234,1240,4668,4668,5121
Accalappianani 2.0,it,212549.0,9108.0,27.0,,101,1237,561,4669,4669,5122
DON,it,226432.0,9490.0,28.0,,101,1237,1241,4670,4670,5123
Il diavolo non esiste,it,175217.0,7386.0,31.0,,101,1238,1242,4671,4671,5124
Non Piove,it,270293.0,6467.0,45.0,,101,1239,1243,4672,4672,5125
A10A,it,161892.0,4502.0,18.0,,101,1234,901,4673,4673,5126
Aeroplanino di carta,it,244783.0,5489.0,18.0,,101,1234,901,4674,4674,5127
Calze con le ciabatte,it,211200.0,5969.0,22.0,,101,1233,491,4675,4675,5128
Chiedere perdono,it,251818.0,4751.0,11.0,,101,1240,1244,4676,4676,5129
Merci beaucoup,en,230182.0,4726.0,25.0,,101,1237,1245,4677,4677,5130
Porco,it,308384.0,4702.0,18.0,,101,1237,561,4678,4678,5132
DVC,it,227921.0,5055.0,15.0,,101,1237,1246,4679,4679,5133
Ritarducci,it,198889.0,4896.0,28.0,,101,1241,1247,4680,4680,5134
Vado vedo e prendo,it,214537.0,5775.0,16.0,,101,1234,901,4681,4681,5136
Missione Completa,it,220502.0,5025.0,23.0,,101,1242,854,4682,4682,5137
Bad Reputation,it,180749.0,5030.0,15.0,,101,1243,825,4683,4683,5138
Zoo Bwoy,it,223493.0,4290.0,16.0,,101,1244,1248,4684,4684,5139
Calimocho,it,213879.0,5980.0,20.0,,101,1237,1249,4685,4685,5140
Carabbista,it,169687.0,4511.0,12.0,,101,1233,1250,4686,4686,5141
Biggie,it,186352.0,4159.0,14.0,,101,1245,1251,4687,4687,5142
Corvetto,it,226432.0,5341.0,28.0,,101,1237,561,4688,4688,5143
Il Contatto,it,212149.0,5206.0,15.0,,101,1243,825,4689,4689,5144
Asciugamano in testa,it,201266.0,4843.0,14.0,,101,1233,278,4690,4690,5145
Zero Punto Zero,it,191592.0,4858.0,7.0,,101,1246,1252,4691,4691,5146
Weah,it,233215.0,5585.0,11.0,,101,1240,1253,4692,4692,5147
Da Solo,en,193732.0,4403.0,17.0,,101,1237,561,4693,4693,5148
Odia,it,188313.0,5657.0,12.0,,101,1245,1254,4694,4694,5149
Sottovalutato,it,255437.0,5313.0,18.0,,101,1243,3,4695,4695,5150
Asmara,it,205545.0,4851.0,10.0,,101,1247,1255,4696,4696,5151
UNA VITA SOLA,it,220695.0,4929.0,35.0,,101,1248,887,4697,4697,5152
Madrelingua,it,204660.0,4526.0,11.0,,101,1234,901,4698,4698,5153
La dedico a te,it,232972.0,5520.0,9.0,,101,1233,489,4699,4699,5154
Grateful,en,273227.0,5039.0,11.0,,101,1234,901,4700,4700,5155
Vallanzasca,co,186452.0,4653.0,16.0,,101,1237,561,4701,4701,5156
Kraken,it,152506.0,5206.0,19.0,,101,1237,561,4702,4702,5157
Un Altro Passo,it,182000.0,6011.0,26.0,,101,1249,1256,4703,4703,5158
Vienimi a prendere,it,212202.0,4884.0,4.0,,101,1240,1257,4704,4704,5159
Ancora qua,it,255733.0,5860.0,11.0,,101,1250,1258,4705,4705,5160
Fine di un sogno,it,212746.0,4705.0,21.0,,101,1250,1259,4706,4706,5161
Gentile,it,236250.0,4122.0,7.0,,101,1233,1260,4707,4707,5162
Con tante,it,212969.0,4420.0,15.0,,101,1234,901,4708,4708,5163
Street Cinema,pl,183980.0,4851.0,11.0,,101,1233,728,4709,4709,5164
Verità,it,230400.0,4451.0,8.0,,101,1233,1261,4710,4710,5165
5 minuti,it,220296.0,4012.0,7.0,,101,1240,1257,4711,4711,5166
Oki,it,191014.0,5847.0,11.0,,101,1243,1262,4712,4712,5167
D.F.W.U,it,245016.0,5702.0,7.0,,101,1233,1263,4713,4713,5168
Canne da baseball,it,187519.0,5499.0,15.0,,101,1234,901,4714,4714,5169
S’il vous plait,it,205970.0,4347.0,12.0,,101,1237,561,4715,4715,5170
Colpiscimi,it,203830.0,4253.0,10.0,,101,1243,1264,4716,4716,5171
Via Perchè,it,237850.0,4147.0,4.0,,101,1251,1265,4717,4717,5172
Leader Freestyle,it,173333.0,5464.0,10.0,,101,1233,1266,4718,4718,5173
O.G,en,269613.0,5874.0,36.0,,101,1252,1267,4719,4719,5174
Mi ferma nessuno,it,196440.0,4874.0,12.0,,101,1253,124,4720,4720,5175
Shampoo,it,219063.0,4250.0,6.0,,101,1233,1268,4721,4721,5176
Trendsetter,en,239186.0,5041.0,9.0,,101,1250,1259,4722,4722,5177
Barroso,it,173951.0,4711.0,19.0,,101,1254,137,4723,4723,5178
No Cap,it,178825.0,4762.0,13.0,,101,1255,1269,4724,4724,5179
Medusa,it,243088.0,5257.0,7.0,,101,1233,1270,4725,4725,5180
Canto Primo,it,188000.0,5454.0,16.0,,101,1249,1271,4726,4726,5181
Poco,it,242504.0,4235.0,33.0,,101,1233,1272,4727,4727,5182
Bah Bah,it,197912.0,4081.0,12.0,,101,1237,561,4728,4728,5183
Frate a me,it,209023.0,6005.0,5.0,,101,1240,1257,4729,4729,5184
Rehab,it,198889.0,4477.0,28.0,,101,1241,303,4730,4730,5185
Benedetto,it,158848.0,4119.0,18.0,,101,1254,137,4731,4731,5186
Trust No One,en,211984.0,4392.0,3.0,,101,1250,1259,4732,4732,5187
20139,it,173661.0,4089.0,9.0,,101,1245,1273,4733,4733,5188
V.I.P.I.M.P.,it,229480.0,4797.0,24.0,,101,1256,1274,4734,4734,5189
Nessuno mi sposta,it,214396.0,5621.0,7.0,,101,1240,1257,4735,4735,5190
Filo Spinato,it,208182.0,4695.0,15.0,,101,1243,825,4736,4736,5192
ABC,it,207133.0,4903.0,8.0,,101,1250,712,4737,4737,5193
Sangue del mio sangue,it,255226.0,5368.0,20.0,,101,1250,1259,4738,4738,5194
J-Lo,it,172483.0,5031.0,7.0,,101,1245,1275,4739,4739,5195
Good girl loves badman,en,218494.0,5737.0,10.0,,101,1243,1037,4740,4740,5196
Qualche Secondo,it,138200.0,5746.0,13.0,,101,1257,1276,4741,4741,5197
Religione,it,202181.0,4031.0,13.0,,101,1243,825,4742,4742,5198
24/7,it,206449.0,5571.0,9.0,,101,1243,825,4743,4743,5199
Gratta e vinci,it,185433.0,4935.0,8.0,,101,1243,1037,4744,4744,5200
Aka,it,207546.0,5995.0,4.0,,101,1250,1259,4745,4745,5201
Mr. Cartoon,it,173906.0,4981.0,18.0,,101,1256,287,4746,4746,5202
Numero 1,it,202551.0,5991.0,8.0,,101,1245,1273,4747,4747,5203
Sangre de la Isla,it,165378.0,5524.0,16.0,,101,1254,137,4748,4748,5204
Nella Terra Di Bob,it,223000.0,4510.0,23.0,,101,1249,1256,4749,4749,5205
Boomerang,it,165450.0,5092.0,37.0,,101,1258,1061,4750,4750,5206
Vans,it,200769.0,6001.0,6.0,,101,1245,1273,4751,4751,5207
Te lo immagini,it,168330.0,5731.0,5.0,,101,1233,1277,4752,4752,5208
Real Hustlers,en,167480.0,4204.0,15.0,,101,1254,137,4753,4753,5209
Jordan,it,262293.0,5428.0,4.0,,101,1250,1259,4754,4754,5210
Tropical Shopping,en,153943.0,4703.0,8.0,,101,1259,1278,4755,4755,5211
In cerca dell’oro,it,188321.0,4026.0,5.0,,101,1240,1257,4756,4756,5212
Complicato,it,200159.0,4821.0,11.0,,101,1243,825,4757,4757,5213
Dea Bendata,en,166689.0,4481.0,19.0,,101,1254,137,4758,4758,5214
QG,it,153000.0,5653.0,7.0,,101,1260,1279,4759,4759,5215
Paranormal Activity,it,180138.0,4686.0,13.0,,101,1254,137,4760,4760,5216
L’Ultima Volta,it,272000.0,5673.0,17.0,,101,1249,1256,4761,4761,5217
Intro - Non un passo indietro,it,172733.0,4014.0,6.0,,101,1250,1259,4762,4762,5218
Del Padre E Del Figlio,it,233000.0,4631.0,10.0,,101,1249,1256,4763,4763,5219
Manchi solo tu,it,206626.0,4495.0,7.0,,101,1250,1259,4764,4764,5220
5 hundred,it,192557.0,4479.0,6.0,,101,1245,1273,4765,4765,5221
U Uh U Uh,it,197986.0,4149.0,6.0,,101,1256,287,4766,4766,5222
Tattoo e Collane,it,187178.0,4385.0,17.0,,101,1254,137,4767,4767,5223
Jr. Saddam,it,161348.0,5126.0,5.0,,101,1261,794,4768,4768,5224
Romantic Time,it,228292.0,4597.0,17.0,,101,1262,1280,4769,4769,5225
Nonostante Tutto,it,239253.0,4850.0,10.0,,101,1239,1243,4770,4770,5226
Grazie A Nessuno,it,228000.0,4768.0,15.0,,101,1249,1256,4771,4771,5227
Menzogne,it,169510.0,5767.0,16.0,,101,1254,137,4772,4772,5228
Solo andata,it,131999.0,5828.0,4.0,,101,1233,1281,4773,4773,5229
Differente,it,206308.0,4999.0,10.0,,101,1243,825,4774,4774,5230
Morti prima di morire,it,198890.0,4673.0,12.0,,101,1254,137,4775,4775,5231
Chi Sbaglia Paga,it,262736.0,4226.0,12.0,,101,1263,1282,4776,4776,5232
Una sola volta,it,262000.0,5923.0,21.0,,101,1264,1037,4777,4777,5233
Gira Ancora,it,200699.0,4131.0,13.0,,101,1254,137,4778,4778,5234
Ichnusa Love,it,257986.0,4610.0,15.0,,101,1256,1283,4779,4779,5235
Marionette,it,208722.0,4608.0,5.0,,101,1265,598,4780,4780,5236
Soldi Ebbasta,it,189450.0,4653.0,18.0,,101,1254,137,4781,4781,5237
​​una cosa più grande,it,186637.0,4340.0,7.0,,101,1266,257,4782,4782,5238
Indietro Mai,it,260853.0,5583.0,47.0,,101,1267,1284,4783,4783,5239
Noi vs. tutti,it,304880.0,4257.0,6.0,,101,1250,1259,4784,4784,5240
Ogni fottuto giorno,it,170110.0,5283.0,11.0,,101,1268,88,4785,4785,5241
E Se Bevo,it,216173.0,4261.0,21.0,,101,1239,1243,4786,4786,5242
Non Mi Giudicare,it,209034.0,4154.0,74.0,,101,1269,1285,4787,4787,5243
Feeling Good,it,169674.0,5833.0,13.0,,101,1254,137,4788,4788,5244
Voodoo Connection,it,371240.0,4393.0,10.0,,101,1239,1243,4789,4789,5247
Spazio,it,162134.0,5657.0,3.0,,101,1270,913,4790,4790,5248
Disgustibus,it,210253.0,5105.0,9.0,,101,1256,1283,4791,4791,5249
​​barcollando,it,141955.0,4168.0,26.0,,101,1266,402,4792,4792,5250
Mi Barrio,it,297640.0,5930.0,15.0,,101,1239,1243,4793,4793,5251
Golden Goal,en,176458.0,4505.0,9.0,,101,1271,1286,4794,4794,5252
IDGAF,en,188485.0,5735.0,5.0,,101,1272,397,4795,4795,5253
L’ultimo tango,it,212746.0,4351.0,21.0,,101,1250,1259,4796,4796,5254
Lead Neva Follow,it,191960.0,5726.0,4.0,,101,1250,1259,4797,4797,5255
Fearless,en,201131.0,4039.0,0.0,,101,1273,1155,4798,4798,5257
Blockzilla,en,187739.0,5039.0,9.0,,101,1260,1287,4799,4799,5259
Dei et uorc (Vacca ragazzo),it,175493.0,5557.0,20.0,,101,1256,287,4800,4800,5260
La Verità,it,155633.0,5883.0,8.0,,101,1243,825,4801,4801,5261
Lady Sexxxy,it,185506.0,5835.0,18.0,,101,1256,1283,4802,4802,5262
Mille Problemi,it,225800.0,5656.0,27.0,,101,1239,1243,4803,4803,5263
Miracolo,it,163818.0,5791.0,13.0,,101,1254,137,4804,4804,5264
Business,it,197142.0,4409.0,4.0,,101,1274,1172,4805,4805,5266
Scatola di Nike,it,168086.0,4579.0,6.0,,101,1275,505,4806,4806,5267
Pelleossa,it,280000.0,4591.0,11.0,,101,1276,1288,4807,4807,5268
Cappello di paglia e canottiera,it,191462.0,4765.0,6.0,,101,1260,1289,4808,4808,5269
Bone Thugs,it,172202.0,4798.0,9.0,,101,1254,137,4809,4809,5270
Faccio Muovere I Culi,it,193840.0,5104.0,10.0,,101,1256,287,4810,4810,5271
Faccio Quello Che Voglio,it,270293.0,4333.0,45.0,,101,1239,1243,4811,4811,5272
Sporco,it,199840.0,5398.0,14.0,,101,1277,1290,4812,4812,5273
Honey,en,164868.0,4345.0,6.0,,101,1243,1037,4813,4813,5274
AD OCCHI APERTI,it,143617.0,4633.0,14.0,,101,1278,54,4814,4814,5275
​​adrenalina,pl,208602.0,5019.0,12.0,,101,1266,402,4815,4815,5276
Un Altro Bicchiere,it,189133.0,5610.0,17.0,,101,1277,1291,4816,4816,5277
Mai Arreso,it,252099.0,5495.0,5.0,,101,1260,1287,4817,4817,5279
Sole a mezzanotte,it,143089.0,5304.0,7.0,,101,1243,1037,4818,4818,5280
Oggi Va Così,it,243960.0,4324.0,11.0,,101,1239,1243,4819,4819,5281
Vita da Re 2,it,190510.0,5108.0,9.0,,101,1243,1037,4820,4820,5282
Frère,it,143465.0,4186.0,7.0,,101,1260,1287,4821,4821,5283
Dem a fight me,it,204105.0,4766.0,6.0,,101,1243,1037,4822,4822,5284
Revolution,it,238053.0,4842.0,5.0,,101,1250,1259,4823,4823,5285
Fiore Del Male,it,192000.0,4091.0,5.0,,101,1249,1256,4824,4824,5286
Stanotte,it,168658.0,4560.0,12.0,,101,1254,137,4825,4825,5287
Il ragazzo coi dread,it,190360.0,5930.0,9.0,,101,1250,1259,4826,4826,5288
Se Mi Cerchi,it,304000.0,5926.0,12.0,,101,1244,1292,4827,4827,5290
Mona Lisa,it,163826.0,4715.0,5.0,,101,1250,1259,4828,4828,5291
Intro,it,172293.0,4099.0,12.0,,101,1239,1243,4829,4829,5292
Xxxmas,it,143693.0,4373.0,50.0,,101,1279,1293,4830,4830,5293
Vita Da Re,en,225094.0,4799.0,15.0,,101,1236,1294,4831,4831,5294
Spaventapassere,it,272866.0,5912.0,5.0,,101,1276,1288,4832,4832,5295
Immagini Ancora,it,173832.0,4293.0,5.0,,101,1280,870,4833,4833,5296
Badman Paradise,it,239186.0,5543.0,9.0,,101,1250,433,4834,4834,5297
Giorno per Giorno,it,374426.0,4230.0,11.0,,101,1256,1295,4835,4835,5298
Cosa Vuoi Da Me,it,201946.0,5979.0,10.0,,101,1239,1243,4836,4836,5299
Mi No Born Rich,it,191000.0,4777.0,5.0,,101,1249,1256,4837,4837,5300
Non Mi Butto Giù,it,264280.0,5568.0,12.0,,101,1239,1243,4838,4838,5301
​​passeggiata all’inferno,it,180847.0,4697.0,7.0,,101,1266,402,4839,4839,5302
Jammaria,it,176360.0,5271.0,8.0,,101,1256,287,4840,4840,5303
Resto Sempre Qui,it,243145.0,4398.0,5.0,,101,1249,1256,4841,4841,5304
Solo dei Miei,it,243088.0,4304.0,7.0,,101,1233,1296,4842,4842,5305
Money Again,en,167047.0,5891.0,6.0,,101,1243,1037,4843,4843,5306
Music Time,it,225226.0,5851.0,6.0,,101,1276,1288,4844,4844,5307
​​squilla il cell,it,201562.0,5789.0,6.0,,101,1266,402,4845,4845,5308
Fresh,en,166625.0,5264.0,5.0,,101,1243,1037,4846,4846,5309
Se Tu Ci Stai,it,183500.0,5635.0,6.0,,101,1249,1256,4847,4847,5310
Il Faro E Il Mare,it,188000.0,4150.0,6.0,,101,1249,697,4848,4848,5311
Non Mollo,it,161653.0,4683.0,9.0,,101,1256,287,4849,4849,5312
Supermario,it,202000.0,4642.0,9.0,,101,1249,1256,4850,4850,5313
Vh,it,229480.0,5288.0,24.0,,101,1256,287,4851,4851,5314
La Colpa,it,208520.0,4726.0,14.0,,101,1239,1297,4852,4852,5315
Miliardo,it,256786.0,4311.0,5.0,,101,1277,1291,4853,4853,5316
Rude Bwoy,it,205000.0,5209.0,7.0,,101,1249,1256,4854,4854,5317
Niente di male,it,193713.0,5644.0,7.0,,101,1243,1037,4855,4855,5318
Cash,it,159950.0,4779.0,9.0,,101,1244,1298,4856,4856,5319
Tu Dici Che,it,214933.0,4278.0,12.0,,101,1277,1291,4857,4857,5320
Bad Girl,it,218494.0,4407.0,10.0,,101,1243,1256,4858,4858,5321
Davvero Oppure No,it,291626.0,4489.0,4.0,,101,1276,1288,4859,4859,5322
Cronici+S.B.S (Tormento Diss),it,380000.0,4614.0,23.0,,101,1235,1299,4860,4860,5323
Too Rude,it,190000.0,5300.0,2.0,,101,1276,1288,4861,4861,5324
Rilassato,it,198889.0,5214.0,28.0,,101,1241,1300,4862,4862,5325
​​non è mai troppo tardi,it,184387.0,5407.0,10.0,,101,1266,402,4863,4863,5326
We Gonna Make It,it,243013.0,4739.0,0.0,,101,1281,1288,4864,4864,5327
In Ritardo,it,206480.0,5666.0,6.0,,101,1277,1291,4865,4865,5328
One Shot,it,208666.0,4421.0,12.0,,101,1282,1301,4866,4866,5329
Crash Test,it,232000.0,4952.0,55.0,,101,1283,1302,4867,4867,5330
In Tv,it,217826.0,5619.0,5.0,,101,1256,287,4868,4868,5331
Non Ci Sono Più,it,210120.0,4373.0,9.0,,101,1239,1243,4869,4869,5332
Intro (VH),it,80013.0,4233.0,5.0,,101,1256,287,4870,4870,5333
Faccia a Faccia,it,216000.0,5784.0,5.0,,101,1256,287,4871,4871,5334
Patata Bollente,it,170000.0,4699.0,3.0,,101,1276,1288,4872,4872,5335
Illegale,it,185920.0,5383.0,5.0,,101,1277,1291,4873,4873,5336
Outro,it,223946.0,4062.0,7.0,,101,1239,1243,4874,4874,5337
In Silenzio,it,220693.0,5396.0,9.0,,101,1239,1243,4875,4875,5338
Pupazzi (Bonus Track),it,236777.0,4645.0,1.0,,101,1284,287,4876,4876,5339
Dal Fango Alla Gloria,it,193493.0,4123.0,7.0,,101,1276,1288,4877,4877,5340
Dimmi Di Sì,co,192373.0,5236.0,6.0,,101,1277,1291,4878,4878,5341
Easy Bredda,it,155000.0,4495.0,13.0,,101,1276,1288,4879,4879,5342
Niente Per Sempre,it,280000.0,4788.0,3.0,,101,1276,1288,4880,4880,5343
RICARICATO,it,181569.0,4171.0,19.0,,101,1278,54,4881,4881,5344
The End,it,184000.0,4306.0,4.0,,101,1249,1256,4882,4882,5345
Tutto da Me,it,230093.0,4608.0,45.0,,101,1285,1303,4883,4883,5346
Un Viaggio A Metà,it,218336.0,4192.0,6.0,,101,1249,1256,4884,4884,5347
C’Hanno Fretta,it,230156.0,5840.0,7.0,,101,1244,1304,4885,4885,5348
Passo Dopo L’Altro,it,242653.0,4024.0,9.0,,101,1244,1305,4886,4886,5349
Lo Show,it,178213.0,4982.0,5.0,,101,1256,287,4887,4887,5350
L’Artista,it,190613.0,4259.0,4.0,,101,1256,287,4888,4888,5351
New Balance,it,192201.0,4628.0,30.0,,101,1286,309,4889,4889,5352
U Neva Walk Alone (Inoki Diss),it,147226.0,5866.0,10.0,,101,1287,1306,4890,4890,5353
MR SLOWFLOW,en,226714.0,4334.0,8.0,,101,1278,54,4891,4891,5356
Musica per sordi,it,165450.0,5947.0,37.0,,101,1258,17,4892,4892,5357
Magnum Mi Seh,it,173186.0,4424.0,2.0,,101,1276,1288,4893,4893,5358
Randagi,it,159000.0,5499.0,5.0,,101,1256,287,4894,4894,5359
EMPANADAS,it,210024.0,5107.0,9.0,,101,1278,54,4895,4895,5360
Non Mi Conosci,it,206506.0,5786.0,4.0,,101,1277,1291,4896,4896,5361
Doble Cara,it,181569.0,5123.0,26.0,,101,1288,512,4897,4897,5362
Sai Che Io Ho,it,201480.0,5085.0,7.0,,101,1277,1291,4898,4898,5363
Poco Di Buono,it,242504.0,4405.0,33.0,,101,1233,1294,4899,4899,5364
CANDELA,it,149500.0,4343.0,13.0,,101,1278,54,4900,4900,5365
Nessuno Ci Vuol Credere,it,244400.0,5850.0,3.0,,101,1277,1291,4901,4901,5366
La La La La,it,194990.0,4670.0,27.0,,101,1289,1291,4902,4902,5367
COD HUSTLAZ,en,207546.0,4757.0,4.0,,101,1250,669,4903,4903,5370
Beautiful Loser,it,230086.0,5537.0,3.0,,101,1236,1294,4904,4904,5371
DICKIES & WALLABEES,en,322083.0,4690.0,11.0,,101,1278,54,4905,4905,5372
BOOM,it,150918.0,5921.0,13.0,,101,1278,54,4906,4906,5373
INTRO,it,172293.0,5491.0,12.0,,101,1239,54,4907,4907,5374
Sogni,it,202706.0,5211.0,5.0,,101,1277,1291,4908,4908,5375
Ballare,it,246306.0,5779.0,4.0,,101,1277,1291,4909,4909,5376
NEOCLASSICISMO,pl,243238.0,4110.0,12.0,,101,1278,54,4910,4910,5380
Dritto Per La Strada Mia,it,220078.0,4528.0,3.0,,101,1236,1294,4911,4911,5381
"Avanti il Prossimo (Fadamat, Suarez, Inoki Diss)",it,234000.0,4945.0,41.0,,101,1290,1307,4912,4912,5382
SOTTO CONTROLLO,it,229093.0,4466.0,14.0,,101,1291,54,4913,4913,5383
Nella Mia Fossa,it,260086.0,5504.0,3.0,,101,1236,1294,4914,4914,5384
Mi Spingo All’Eccesso,it,205101.0,5857.0,3.0,,101,1236,1294,4915,4915,5386
GIORNO DI FESTA,it,291869.0,4860.0,5.0,,101,1278,54,4916,4916,5387
VALORI TANTI,co,270961.0,4696.0,6.0,,101,1278,54,4917,4917,5389
ALL YOU CAN EAT,it,192333.0,5938.0,12.0,,101,1278,54,4918,4918,5391
Fresco Rmx,it,230086.0,4905.0,2.0,,101,1236,1294,4919,4919,5392
Testa Dura,it,183440.0,4995.0,2.0,,101,1292,1308,4920,4920,5393
Io Non Ti Chiedo,it,185086.0,4718.0,2.0,,101,1236,1294,4921,4921,5394
Neva Give Up,it,215413.0,5836.0,3.0,,101,1292,1308,4922,4922,5395
Terzo Capitolo,it,136409.0,5150.0,23.0,,101,1293,73,4923,4923,5396
Fragole & Moet,it,187360.0,5542.0,1.0,,101,1292,1308,4924,4924,5397
Organizzati,it,190055.0,5641.0,1.0,,101,1236,1294,4925,4925,5398
Immagini,it,173832.0,4697.0,5.0,,101,1280,1309,4926,4926,5399
Invincibile 500,it,270293.0,4882.0,45.0,,101,1239,735,4927,4927,5400
Cerco Sempre,it,205080.0,5714.0,4.0,,101,1292,1309,4928,4928,5401
One Blood,pl,204853.0,4741.0,14.0,,101,1292,1309,4929,4929,5402
Voglio Farlo Con Te,it,254641.0,5605.0,1.0,,101,1294,1310,4930,4930,5404
Castello Di Sabbia,it,175440.0,5900.0,2.0,,101,1292,1308,4931,4931,5405
Cento Passi,it,163213.0,5262.0,1.0,,101,1292,1309,4932,4932,5406
Trecentossessanta,it,201453.0,5500.0,2.0,,101,1292,1308,4933,4933,5407
Intro (Get Maad),no,41800.0,5625.0,0.0,,101,1292,1309,4934,4934,5408
Welcome To Quarto,it,211520.0,5706.0,17.0,,101,1295,735,4935,4935,5409
Red Zone Freestyle,it,311826.0,4804.0,29.0,,101,1296,1311,4936,4936,5410
"Cracovia, Pt. 3",it,174750.0,257360.0,52.0,,46,1297,1312,4937,4937,5411
Cracovia Pt. 2,it,174750.0,198967.0,1.0,,46,1298,1240,4938,4938,5412
Apollo 13,it,223275.0,112358.0,41.0,,46,1297,4,4939,4939,5413
FIGHT!,it,168000.0,53859.0,37.0,,46,1297,1226,4940,4940,5414
CRACOVIA PT. 4,it,190434.0,53789.0,41.0,,46,1299,1313,4941,4941,5415
Te lo prometto,it,184968.0,45371.0,52.0,,46,1297,1314,4942,4942,5416
Vivere Da Morto,it,195291.0,26738.0,61.0,,46,1300,1315,4943,4943,5417
Farfalla,it,183449.0,21072.0,36.0,,46,1297,4,4944,4944,5418
ROMA,it,150130.0,26360.0,45.0,,46,1301,135,4945,4945,5419
Le vostre madri,it,165333.0,22825.0,34.0,,46,1302,1316,4946,4946,5420
Il tuo nome,it,170588.0,19518.0,48.0,,46,1297,4,4947,4947,5421
Pioggia,it,170174.0,20217.0,42.0,,46,1297,1317,4948,4948,5422
Tieniti Il Resto,en,290683.0,23861.0,1.0,,46,1303,1318,4949,4949,5423
Per chi non ha un posto in questo mondo,it,193007.0,19715.0,35.0,,46,1297,4,142,142,148
Tegole,it,192457.0,17068.0,49.0,,46,1297,4,4950,4950,5424
Black Bloc,it,152333.0,22388.0,49.0,,46,1304,1318,4951,4951,5425
Io non sono come te,it,191367.0,20308.0,29.0,,46,1297,4,4952,4952,5426
Io Diverso Da Loro,it,168000.0,19797.0,57.0,,46,1305,1319,4953,4953,5427
Grattacieli,it,206367.0,16139.0,34.0,,46,1297,4,4954,4954,5428
L’importante,it,216407.0,16327.0,45.0,,46,1306,1320,4955,4955,5429
Beethoven,it,194997.0,18871.0,37.0,,46,1297,4,4956,4956,5430
99% FREESTYLE,it,191000.0,16162.0,15.0,,46,1307,1321,4957,4957,5431
Cracovia,it,174750.0,17324.0,52.0,,46,1297,1322,4958,4958,5432
Soldiers,it,145000.0,12887.0,44.0,,46,1308,1251,4959,4959,5433
Oltre,it,183046.0,13817.0,35.0,,46,1297,4,4960,4960,5434
Bella Guido,it,216699.0,11232.0,33.0,,46,1309,1323,4961,4961,5435
66% FREESTYLE,it,96300.0,11388.0,60.0,,46,1310,1324,4962,4962,5436
CAMMINARE SULLA LUNA,it,191907.0,10228.0,47.0,,46,1301,65,4963,4963,5437
Intro (Cracovia Vol. 2),it,186973.0,10379.0,25.0,,46,1311,1318,4964,4964,5438
Sogni e incubi,it,223124.0,14349.0,29.0,,46,1297,4,4965,4965,5439
Buchi Al Petto,it,131944.0,10562.0,0.0,,46,1312,1325,4966,4966,5440
America,it,152478.0,12423.0,31.0,,46,1297,4,4967,4967,5441
Fuori è notte,it,172875.0,12875.0,48.0,,46,1313,1101,4968,4968,5442
Guess Who’s Back,it,193090.0,11175.0,41.0,,46,1314,1175,4969,4969,5443
Warzone,it,193950.0,9102.0,37.0,,46,1313,719,4970,4970,5444
CAOS,it,187397.0,11527.0,41.0,,46,1301,1326,4971,4971,5445
Scusa Pa,it,205125.0,10757.0,58.0,,46,1315,1318,4972,4972,5446
A VOLTE,it,162725.0,11201.0,48.0,,46,1301,1326,4973,4973,5447
Stammi bene,it,151384.0,10932.0,44.0,,46,1316,59,4974,4974,5448
Cavalieri Dello Zodiaco,it,208480.0,11245.0,39.0,,46,1317,1318,4975,4975,5449
Solo,it,128000.0,9587.0,37.0,,46,1308,1251,4976,4976,5450
Il Cappio,it,172592.0,7452.0,57.0,,46,1304,1318,4977,4977,5451
FRAGILI,it,189193.0,8160.0,53.0,,46,1301,90,4978,4978,5452
OCCHI TRISTI,it,165000.0,6288.0,52.0,,46,1318,78,4979,4979,5453
33% FREESTYLE,it,96300.0,8644.0,60.0,,46,1310,1327,4980,4980,5454
Scomodissimo,it,176999.0,5646.0,74.0,,46,1319,126,4981,4981,5455
INVISIBILI,it,189193.0,6196.0,53.0,,46,1301,1326,4982,4982,5456
AMEN,it,182400.0,7420.0,34.0,,46,1301,1326,4983,4983,5457
Fari,it,192574.0,6364.0,36.0,,46,1313,719,4984,4984,5458
Outro (Campione),it,171025.0,5806.0,45.0,,46,1320,1318,4985,4985,5459
I Muri Tremano,it,160496.0,5867.0,38.0,,46,1321,1318,4986,4986,5460
Intanto Cresci,it,239769.0,6699.0,0.0,,46,1322,1318,4987,4987,5461
È strano,it,181200.0,5183.0,39.0,,46,1313,719,4988,4988,5462
ROUND 1 FREESTYLE,it,290703.0,6106.0,34.0,,46,1323,1328,4989,4989,5463
Fuori I Denti,it,289090.0,4295.0,61.0,,46,1324,1318,4990,4990,5464
COOLIN BREAK,it,180000.0,5569.0,33.0,,46,1301,1326,4991,4991,5466
ROUND 2 FREESTYLE,it,187890.0,5711.0,14.0,,46,1325,1329,4992,4992,5467
BIG SHOW,it,182044.0,4376.0,31.0,,46,1301,1326,4993,4993,5468
CANI RANDAGI,it,174666.0,4875.0,57.0,,46,1326,279,4994,4994,5469
LETTERA A MIO PADRE,it,235200.0,4343.0,28.0,,46,1301,1326,4995,4995,5470
Fuori Da Qui,it,211647.0,5429.0,73.0,,46,1319,1318,4996,4996,5471
IL CORAGGIO DELLA PAURA,it,174545.0,5083.0,35.0,,46,1301,1326,4997,4997,5472
Intro (Cracovia),it,174750.0,5286.0,52.0,,46,1297,1330,4998,4998,5473
One Take FM Free Mic,it,239551.0,4406.0,16.0,,46,1327,1331,4999,4999,5474
Quando Reppa Guido Pt. 2,it,144000.0,4435.0,0.0,,46,1328,1318,5000,5000,5475
Temporale,it,164250.0,4095.0,38.0,,46,1313,1332,5001,5001,5476
Ora o mai più,it,153600.0,4658.0,35.0,,46,1313,719,5002,5002,5477
Zero Rimorsi,it,154500.0,5133.0,35.0,,46,1308,1251,5003,5003,5478
ROUND 3 FREESTYLE,it,187890.0,5731.0,14.0,,46,1325,1333,5004,5004,5479
BLACKOUT,it,186000.0,5348.0,31.0,,46,1301,1326,5005,5005,5480
Red Bull Posse,en,175200.0,4883.0,61.0,,46,1329,1334,5006,5006,5481
TECHNO FREESTYLE,it,146880.0,5921.0,29.0,,46,1301,1326,5007,5007,5482
One Take FM Free Mic [2023],it,239551.0,5453.0,16.0,,46,1327,1335,5008,5008,5483
BOOGIE WOOGIE,it,193187.0,5877.0,37.0,,46,1330,67,5009,5009,5484
CERCAMI NEL BUIO*,it,207346.0,5071.0,68.0,,46,1331,159,5010,5010,5485
OTHERSIDE,it,176999.0,4531.0,74.0,,46,1319,1336,5011,5011,5486
OFFLINE,it,165120.0,4117.0,39.0,,46,1332,421,5012,5012,5487
Lo Jihaddista,en,176999.0,5469.0,74.0,,46,1319,1337,5013,5013,5488
La Strumentale Nera,it,184848.0,4257.0,59.0,,46,1333,1337,5014,5014,5489
INTRO (Cataclisma),it,176999.0,4620.0,74.0,,46,1319,1336,5015,5015,5490
Dimmi Come Fa,it,175293.0,5082.0,69.0,,46,1334,1337,5016,5016,5491
Il tuo nome - Acoustic Version,it,177494.0,5143.0,33.0,,46,1297,1338,2802,2802,3089
Probabilmente Non Sanno,it,277173.0,5215.0,13.0,,46,1335,1337,5017,5017,5492
Quando Reppa Guido,pl,176000.0,4347.0,78.0,,46,1319,1337,5018,5018,5493
Freestyle 7,it,207346.0,4772.0,68.0,,46,1331,1339,5019,5019,5494
Il Cassetto Mio,it,193043.0,5252.0,67.0,,46,1336,1337,5020,5020,5495
Terapia - Episodio 1,it,138829.0,5956.0,67.0,,46,1337,1340,5021,5021,5496
VICINO AL CUORE,en,181611.0,5471.0,65.0,,46,1338,1336,5022,5022,5497
Grizzly,it,181786.0,5865.0,43.0,,46,1339,1337,5023,5023,5498
COVID FREESTYLE PT.2,it,141791.0,5538.0,2.0,,46,1340,1341,5024,5024,5499
NIENTE CHE NON VA,it,197446.0,5198.0,70.0,,46,1341,1336,5025,5025,5500
Outro (Cracovia),it,174750.0,4397.0,52.0,,46,1297,1337,5026,5026,5501
MAI COME LORO,it,207346.0,5349.0,68.0,,46,1331,1336,5027,5027,5502
Il Tre,it,187973.0,5263.0,88.0,,46,1342,1342,5028,5028,5503
DOVE VAI,it,202573.0,5222.0,59.0,,46,1343,1336,5029,5029,5504
COVID-19 pt.1 FREESTYLE,it,118235.0,4992.0,22.0,,46,1344,111,5030,5030,5505
Scriba,it,176999.0,5073.0,74.0,,46,1319,1337,5031,5031,5506
RICCHI D’ANIMO,it,227693.0,4683.0,69.0,,46,1345,1336,5032,5032,5507
Nemico Pubblico,it,187293.0,5054.0,55.0,,46,1346,1337,5033,5033,5508
Prima Del Tempo,it,176999.0,4408.0,74.0,,46,1319,1337,5034,5034,5509
Il Saltimbanco,it,197600.0,5628.0,27.0,,46,1347,1337,5035,5035,5510
Inedito 1 (One Take),it,222133.0,4384.0,52.0,,46,1348,1343,5036,5036,5511
Don’t Duck With Me,chr,141813.0,4180.0,3.0,,46,1349,601,5037,5037,5512
L’HO FATTO,it,197446.0,4888.0,70.0,,46,1341,1336,5038,5038,5513
NON HA SENSO,pl,235186.0,5333.0,0.0,,46,1350,1336,5039,5039,5514
IL VARCO,pl,112146.0,4889.0,21.0,,46,1351,1336,5040,5040,5515
Devo Staccare,it,147963.0,4565.0,1.0,,46,1352,1344,5041,5041,5516
Terapia - Episodio 2,it,250146.0,5131.0,1.0,,46,1353,1345,5042,5042,5517
Type Beat - Endless,it,139888.0,4708.0,61.0,,46,1354,1331,5043,5043,5518
Inedito 2 (One Take),it,223392.0,5882.0,1.0,,46,1355,1343,5044,5044,5519
Freestyle,it,146880.0,5862.0,29.0,,46,1301,1326,5045,5045,5520
FRAGILI - Acoustic Version,it,187066.0,5017.0,25.0,,46,1356,875,5046,5046,5521
Canzoni in un cassetto - ep. 1,it,176000.0,4670.0,78.0,,46,1319,318,5047,5047,5522
LE RAGAZZE DI PORTA VENEZIA - THE MANIFESTO,it,210893.0,48300.0,30.0,,63,1357,1194,5048,5048,5527
UNA DONNA CHE CONTA,it,226906.0,28329.0,82.0,,63,1358,424,5049,5049,5528
LE RAGAZZE DI PORTA VENEZIA,it,210893.0,33503.0,30.0,,63,1357,1346,5050,5050,5529
PAZZESKA,it,179077.0,24359.0,34.0,,63,1359,5,5051,5051,5530
MILANO SUSHI & COCA,it,179077.0,29449.0,34.0,,63,1359,1347,5052,5052,5531
XANANAS,it,179077.0,16204.0,34.0,,63,1359,607,5053,5053,5532
BURQA DI GUCCI,it,218946.0,10536.0,20.0,,63,1359,338,5054,5054,5533
IN GABBIA,it,203859.0,10485.0,57.0,,63,1360,1348,5055,5055,5534
100 ROSE PER TE,pl,180293.0,7732.0,24.0,,63,1357,707,5056,5056,5535
UNA VITA IN CAPSLOCK,it,281600.0,6271.0,10.0,,63,1361,51,5057,5057,5536
FINIMONDO,it,179077.0,8733.0,34.0,,63,1359,828,5058,5058,5537
MAIN BITCH,it,209453.0,6077.0,20.0,,63,1357,1196,5059,5059,5538
COURMAYEUR,it,179077.0,6243.0,34.0,,63,1359,668,5060,5060,5539
PIENA,it,191999.0,4635.0,70.0,,63,1362,219,5061,5061,5540
MONICA,it,179077.0,4979.0,34.0,,63,1359,424,5062,5062,5541
LE FAREMO SAPERE,it,178268.0,4869.0,24.0,,63,1359,1349,5063,5063,5542
BATTERE IL FERRO FINCHÉ È CALDO,it,174240.0,4162.0,17.0,,63,1357,707,5064,5064,5543
TOP,it,222504.0,4223.0,5.0,,63,1363,707,5065,5065,5544
DIANA,it,179077.0,5690.0,34.0,,63,1359,1172,5066,5066,5546
BASTARDA DA STARBUCKS,it,179077.0,4492.0,34.0,,63,1359,668,5067,5067,5547
GIOVANNA HARDCORE,it,186190.0,4401.0,33.0,,63,1364,398,5068,5068,5548
#FIGHECOMEILPANICO,it,179077.0,5022.0,34.0,,63,1359,1349,5069,5069,5549
BOTOX,it,179077.0,5551.0,34.0,,63,1359,416,5070,5070,5550
LA CASA DEGLI SPECCHI,it,178293.0,4135.0,28.0,,63,1357,707,5071,5071,5551
GMBH,it,179077.0,5167.0,34.0,,63,1359,1172,5072,5072,5552
PROFUMO,it,179077.0,4249.0,34.0,,63,1359,421,5073,5073,5553
FA PAURA PERCHÉ È VERO,it,191999.0,4084.0,70.0,,63,1362,707,5074,5074,5554
B.O.N.O.,it,175866.0,4116.0,14.0,,63,1365,707,5075,5075,5555
RIDER BITCH,it,175834.0,5685.0,37.0,,63,1366,1172,5076,5076,5556
COL CUORE IN GOLA,it,144000.0,4248.0,61.0,,63,1367,1349,5077,5077,5557
LO VOGLIO FARE,it,281600.0,4102.0,10.0,,63,1361,1350,5078,5078,5558
160BPM,it,179077.0,4888.0,34.0,,63,1359,331,5079,5079,5559
IRREVERSIBILE,it,179077.0,5703.0,34.0,,63,1359,424,5080,5080,5560
MUSICA ELETTRONICA,it,228826.0,4537.0,46.0,,63,1368,1351,5081,5081,5561
CLIQUE,it,179077.0,4856.0,34.0,,63,1359,707,5082,5082,5562
SPLEEN QUEEN,it,209453.0,4092.0,20.0,,63,1357,424,5083,5083,5563
MORTACCI TUA,pt,179077.0,4909.0,34.0,,63,1359,707,5084,5084,5564
GOLEM,en,179077.0,5170.0,34.0,,63,1359,1351,5085,5085,5565
ALSO SPRACH ELENOIRE,it,258023.0,5155.0,5.0,,63,1369,707,5086,5086,5566
SCANDALOSA,it,179077.0,4676.0,34.0,,63,1359,219,5087,5087,5567
MEDITERRANEO,it,179077.0,4642.0,34.0,,63,1359,668,5088,5088,5568
ULTIMA BOTTA A PARIGI,it,149373.0,4225.0,11.0,,63,1370,424,5089,5089,5569
SERVIZIO IN CAMERA,it,178604.0,4745.0,11.0,,63,1371,668,5090,5090,5570
NEVROTIKA,it,179077.0,4209.0,34.0,,63,1359,435,5091,5091,5571
CLUB TOPPERIA,it,145304.0,5546.0,20.0,,63,1372,219,5092,5092,5572
BLING BLING,it,191999.0,5951.0,70.0,,63,1362,1352,5093,5093,5573
QUALITÀ/PREZZO,it,202318.0,5956.0,12.0,,63,1359,1349,5094,5094,5574
VOGLIONO ESSERE ME,it,156714.0,5746.0,60.0,,63,1373,411,5095,5095,5575
ILLUSIONE DISTRATTA,it,179077.0,5216.0,34.0,,63,1359,1349,5096,5096,5576
LE RAGAZZE DI PORTA VENEZIA (Versione ferro e fuoco),it,214810.0,5415.0,46.0,,63,1374,1349,5097,5097,5577
L’ORGIA DI M.G.,pl,281600.0,4583.0,10.0,,63,1361,219,5098,5098,5578
LA SCIMMIA È PAZZA,it,176000.0,5277.0,78.0,,63,1375,424,5099,5099,5579
ECCEZIUNALE... VERAMENTE!,it,179077.0,4925.0,34.0,,63,1359,1349,5100,5100,5580
IL CIELO NON È UN LIMITE,it,155532.0,4977.0,79.0,,63,1376,1172,5101,5101,5581
FACCIO CADERE L’ORO,es,200214.0,5534.0,68.0,,63,1373,1353,5102,5102,5582
DUE,it,281600.0,4575.0,10.0,,63,1361,396,5103,5103,5583
AFTER AMORE,it,179077.0,4648.0,34.0,,63,1359,424,5104,5104,5584
PROSCIUTTO PROSCIUTTO,it,173283.0,5864.0,22.0,,63,1372,219,5105,5105,5585
PHOTOSHOCK,it,179077.0,4123.0,34.0,,63,1359,1172,5106,5106,5586
STRESS,it,179077.0,4984.0,34.0,,63,1359,834,5107,5107,5587
SPAM,it,179077.0,5840.0,34.0,,63,1359,424,5108,5108,5588
DIVORZIATA,war,179077.0,5233.0,34.0,,63,1359,1354,5109,5109,5589
MIRIAM,it,179077.0,5108.0,34.0,,63,1359,2,5110,5110,5590
CAFONAL,it,179077.0,4510.0,34.0,,63,1359,1354,5111,5111,5591
PROBLEMI DI COCO,it,142615.0,4699.0,69.0,,63,1362,219,5112,5112,5592
XTC,pl,179077.0,5721.0,34.0,,63,1359,219,5113,5113,5594
L 02 E FREESTYLE,it,219053.0,5132.0,36.0,,63,1377,2,5114,5114,5595
INFERNO,it,179077.0,5043.0,34.0,,63,1359,424,5115,5115,5596
SINNER,en,179077.0,4210.0,34.0,,63,1359,1355,5116,5116,5597
STUPIDI CUORI CORRONO LIBERI,it,147450.0,4043.0,24.0,,63,1372,219,5117,5117,5598
LES MISÉRABLES,fr,203326.0,5941.0,2.0,,63,1378,1354,5118,5118,5599
L’ANGELO DALL’OCCHIALE DA SERA,co,203973.0,4768.0,20.0,,63,1357,707,5119,5119,5600
VENDETTA,rm,179077.0,5219.0,34.0,,63,1359,1354,5120,5120,5601
UNA ROSA A LAMBRATE,it,176999.0,4171.0,74.0,,63,1375,219,5121,5121,5602
M¥SS KETA ♥ PEGASO,pl,209453.0,5382.0,20.0,,63,1357,1354,5122,5122,5603
IT GIRL,en,232000.0,5880.0,82.0,,63,1379,1354,5123,5123,5604
CONDANNATA A DANZARE,it,159750.0,5164.0,23.0,,63,1380,1356,5124,5124,5605
STRONZA CON VISTA,it,182866.0,4263.0,24.0,,63,1381,1354,5125,5125,5606
LEI,pl,281600.0,5176.0,10.0,,63,1361,1357,5126,5126,5607
MOVESET,en,179077.0,5547.0,34.0,,63,1359,219,5127,5127,5609
SECURITY,en,179077.0,4826.0,34.0,,63,1359,219,5128,5128,5610
SCANDALOSA RMX,fr,179077.0,5774.0,34.0,,63,1359,1358,5129,5129,5611
INTERMEZZO,it,179077.0,5311.0,34.0,,63,1359,424,5130,5130,5612
OUTRO,it,179077.0,5813.0,34.0,,63,1359,219,5131,5131,5613
INTRO,en,179077.0,5261.0,34.0,,63,1359,219,5132,5132,5614
LA CADUTA DELL’ANGELO - Intro,it,179077.0,4276.0,34.0,,63,1359,1349,5133,5133,5615
SKINNY LEGEND,en,261308.0,4630.0,59.0,,63,1382,1355,5134,5134,5616
Le Capitane - Inno,it,117437.0,4415.0,0.0,,63,1383,1173,5135,5135,5617
XANANAS 80,it,136730.0,5835.0,35.0,,63,1384,1359,5136,5136,5618
CHA CHA FREESTYLE,it,279069.0,5535.0,6.0,,63,1385,1360,5137,5137,5619
#FIGHECOMEILPANICO (Bonus Track),it,58333.0,5367.0,1.0,,63,1386,1361,5138,5138,5620
INTRO (MOTEL FORLANINI PRESENTA),it,179077.0,4614.0,34.0,,63,1359,1349,5139,5139,5621
COVID FREESTYLE,it,289186.0,4378.0,16.0,,63,1387,1341,5140,5140,5622
#SIAMOLERAGAZZE (INTERLUDIO),it,179077.0,5529.0,34.0,,63,1359,1349,5141,5141,5623
CHIAMATA DALL’INFERNO (INTERLUDIO),it,171904.0,4964.0,48.0,,63,1388,225,5142,5142,5624
Torna da me,it,180009.0,257791.0,64.0,,55,1389,811,5143,5143,5625
Ti Amo,it,265454.0,266147.0,65.0,,55,1390,1362,5144,5144,5626
Non abbiamo età,it,181661.0,165786.0,69.0,,55,1389,811,5145,5145,5627
O’ Primmo Ammore,it,214700.0,166712.0,55.0,,55,1390,1363,5146,5146,5628
Je ce credevo,pl,202737.0,168747.0,44.0,,55,1389,1364,5147,5147,5629
Che Dio Mi Benedica,it,218695.0,127766.0,59.0,,55,1390,1362,5148,5148,5630
Il Mio Ricordo,it,354321.0,171064.0,55.0,,55,1390,1362,5149,5149,5631
Lo sai chi sono,it,341801.0,94655.0,44.0,,55,1389,811,5150,5150,5632
Nessuna,it,223834.0,88960.0,79.0,,55,717,17,5151,5151,5633
Ginevra,it,228000.0,89708.0,79.0,,55,717,17,5152,5152,5634
Potere / Il sorpasso,it,444721.0,110599.0,35.0,,55,1389,811,5153,5153,5635
Stamm fort,it,171375.0,86533.0,67.0,,55,1389,1365,5154,5154,5636
Lo Stesso Viso,it,206939.0,85926.0,62.0,,55,1390,1362,5155,5155,5637
Star,it,267119.0,59247.0,62.0,,55,1389,811,5156,5156,5638
Dormiamo insieme,it,277079.0,55890.0,54.0,,55,1389,811,5157,5157,5639
Ti Voglio,en,239304.0,58236.0,52.0,,55,1391,295,5158,5158,5640
Fin Qui,it,252734.0,62897.0,41.0,,55,1390,1362,5159,5159,5641
Le Pietre Non Volano,en,299061.0,63724.0,63.0,,55,1392,1366,5160,5160,5642
Potere 2,fr,279931.0,46044.0,36.0,,55,1389,811,5161,5161,5643
Gli altri,it,222924.0,55786.0,45.0,,55,1389,811,5162,5162,5644
Diamanti nei denti,it,267091.0,59841.0,37.0,,55,1389,811,5163,5163,5645
Anno Fantastico,it,185000.0,48352.0,69.0,,55,1393,1300,5164,5164,5647
Nada,it,225097.0,56774.0,49.0,,55,1389,811,5165,5165,5648
Parliamo,it,196714.0,41872.0,56.0,,55,1394,1367,5166,5166,5649
Quelli Di Ieri,it,212985.0,56027.0,51.0,,55,1390,1362,5167,5167,5650
Quando Non Ero Nessuno,it,200863.0,52494.0,50.0,,55,1390,1368,5168,5168,5651
Non immaginerò,it,210595.0,50856.0,35.0,,55,1395,395,5169,5169,5652
E’ Cumpagn Mie,rm,238595.0,44198.0,37.0,,55,1390,1362,5170,5170,5653
Miami Vice,it,245853.0,39123.0,75.0,,55,717,17,5171,5171,5655
Tutto può succedere,it,200508.0,47981.0,41.0,,55,1395,395,5172,5172,5656
Lv & Balmain,pl,303507.0,34341.0,30.0,,55,1389,811,5173,5173,5657
Autostima,it,170865.0,34866.0,65.0,,55,717,1369,5174,5174,5658
Bello,pt,281814.0,40175.0,40.0,,55,1390,1362,5175,5175,5659
E’ Sord,en,186318.0,40953.0,41.0,,55,1390,1362,5176,5176,5660
10 anni fa,pl,286236.0,42975.0,42.0,,55,1394,811,5177,5177,5661
Andrò Via Da Qui,it,210512.0,32304.0,37.0,,55,1390,1362,5178,5178,5662
Devi Amarmi,it,219514.0,39016.0,39.0,,55,1390,1362,5179,5179,5663
Cos’hai Da Dire,pl,275434.0,37346.0,35.0,,55,1390,1362,5180,5180,5664
Password,it,165721.0,27010.0,58.0,,55,1392,1366,5181,5181,5665
Lieto fine,it,270402.0,31239.0,31.0,,55,1395,395,5182,5182,5666
Non credo più,it,354263.0,29620.0,31.0,,55,1395,395,5183,5183,5667
Nisciun,it,248324.0,28863.0,39.0,,55,1390,1370,614,614,653
L’Ultima Volta,it,218508.0,35623.0,46.0,,55,1392,1366,5184,5184,5668
Violento,it,205485.0,29992.0,38.0,,55,1390,1362,5185,5185,5669
Il Mio Nome,it,219545.0,30644.0,36.0,,55,1390,1371,5186,5186,5670
D10S,it,229090.0,33280.0,40.0,,55,1392,1366,5187,5187,5671
Ci Riuscirò Davvero,it,259273.0,25383.0,49.0,,55,1392,1366,5188,5188,5672
Per La Mia Città,it,223386.0,29860.0,37.0,,55,1390,1372,5189,5189,5673
Facile,it,217261.0,23701.0,30.0,,55,1389,811,5190,5190,5674
La risposta,it,169877.0,27834.0,52.0,,55,1391,295,5191,5191,5675
Si Vince Alla Fine,it,234532.0,20590.0,43.0,,55,1392,1366,5192,5192,5676
Non siamo uguali,it,177233.0,27428.0,50.0,,55,1396,1373,5193,5193,5677
Slang,it,247467.0,20001.0,41.0,,55,1392,1366,5194,5194,5678
Lo so che non m’ami,it,233476.0,19970.0,37.0,,55,1391,295,5195,5195,5679
No Love,co,227005.0,23412.0,47.0,,55,1392,1366,5196,5196,5680
Un milione di mani,it,204181.0,20143.0,68.0,,55,717,17,5197,5197,5681
La mia vittoria,it,256000.0,21029.0,65.0,,55,717,17,5198,5198,5683
Il mio lato peggiore,it,223834.0,19283.0,79.0,,55,717,276,5199,5199,5684
XXX Freestyle,it,193853.0,20901.0,11.0,,55,1397,1374,5200,5200,5685
Over,cs,210493.0,16418.0,48.0,,55,1392,1366,5201,5201,5686
Tutto Di Me,it,235559.0,14699.0,45.0,,55,1392,1366,5202,5202,5687
Non Mi Va,it,244515.0,16371.0,34.0,,55,1390,1362,5203,5203,5688
Piango dentro,it,192000.0,17470.0,31.0,,55,1395,587,5204,5204,5689
Ilary,it,181333.0,15314.0,64.0,,55,717,17,5205,5205,5691
Incredibile,it,220800.0,16328.0,61.0,,55,717,17,5206,5206,5692
Infame,it,179637.0,16311.0,29.0,,55,1395,1375,5207,5207,5693
Estate dimmerda 2,it,185946.0,13975.0,83.0,,55,1398,1334,5208,5208,5694
Che vuoi da me,it,218923.0,16775.0,29.0,,55,1395,395,5209,5209,5695
Qualcosa Di Grande,it,215435.0,18694.0,41.0,,55,1392,1366,5210,5210,5696
Addio,pl,216059.0,13522.0,43.0,,55,1392,1366,5211,5211,5698
Se non ci fosse la rabbia,it,239095.0,16347.0,61.0,,55,717,17,5212,5212,5699
La Notte di San Lorenzo,it,188888.0,16524.0,58.0,,55,1392,115,5213,5213,5700
Ghetto Memories,en,297682.0,14716.0,26.0,,55,1395,395,5214,5214,5701
GVNC,en,245468.0,16048.0,33.0,,55,1395,1376,5215,5215,5702
Purosangue,it,170526.0,13658.0,54.0,,55,1392,1377,5216,5216,5703
Dimmi Che Mi Capirai,it,179676.0,13863.0,27.0,,55,1391,295,5217,5217,5704
Karma,it,278509.0,10761.0,37.0,,55,1392,1366,5218,5218,5705
Liberami Da Te,it,240368.0,14411.0,44.0,,55,1392,1366,5219,5219,5706
10 anni fa RMX,pl,286236.0,13512.0,42.0,,55,1394,816,5220,5220,5708
Burn,en,173319.0,10001.0,30.0,,55,1394,816,5221,5221,5709
Appena il mondo sarà mio,it,208166.0,11282.0,27.0,,55,1391,295,5222,5222,5710
Dire La Mia,it,271307.0,13977.0,39.0,,55,1392,1366,5223,5223,5711
Morire vuoto,en,191484.0,10136.0,59.0,,55,717,17,5224,5224,5712
Che Stai Dicenn,it,187680.0,9840.0,41.0,,55,1392,514,5225,5225,5713
Intro,it,80509.0,11220.0,20.0,,55,1389,811,5226,5226,5714
Nulla è cambiato,it,269333.0,10091.0,24.0,,55,1395,395,5227,5227,5715
Chi è Luchè,it,238184.0,9587.0,22.0,,55,1395,395,5228,5228,5716
Punto G,it,147540.0,10145.0,62.0,,55,717,17,5229,5229,5717
La transizione,it,223639.0,10284.0,28.0,,55,1395,395,5230,5230,5718
Buona fortuna,it,213000.0,8518.0,59.0,,55,717,17,5231,5231,5719
Sporco napoletano,it,229926.0,8306.0,27.0,,55,1395,395,5232,5232,5720
Niente,it,168310.0,7643.0,37.0,,55,1396,1378,5233,5233,5721
Red Flag,it,129795.0,9320.0,59.0,,55,717,17,5234,5234,5722
Rockstar,eu,216293.0,8386.0,28.0,,55,1391,295,5235,5235,5723
Rispetta Il Re,it,182142.0,5884.0,35.0,,55,1396,1378,5236,5236,5724
Chi non dimentica,it,193816.0,8015.0,27.0,,55,1391,295,5237,5237,5725
HO PAURA DI USCIRE,it,226906.0,6900.0,82.0,,55,1399,767,5238,5238,5726
On Fire,en,268353.0,5511.0,27.0,,55,1391,295,5239,5239,5727
Bang Bang,it,233667.0,6786.0,21.0,,55,1395,395,5240,5240,5728
Il mio successo,it,193759.0,6420.0,27.0,,55,1395,395,5241,5241,5729
Figli dell’odio,it,251890.0,6392.0,21.0,,55,1391,295,5242,5242,5731
Veng a int all’infern,it,122482.0,4418.0,57.0,,55,717,17,5243,5243,5732
S’il vous plait,it,136974.0,5669.0,21.0,,55,1391,295,5244,5244,5733
Operazione Scampia,it,311013.0,5130.0,35.0,,55,1400,404,5245,5245,5734
Bisogno di me,it,161843.0,4120.0,26.0,,55,1391,295,5246,5246,5735
I Run NA,pl,200875.0,5960.0,22.0,,55,1391,295,5247,5247,5736
XXX,it,160563.0,5039.0,55.0,,55,717,17,5248,5248,5737
Porta Una Rosa (Red Bull 64 Bars),it,158181.0,4594.0,31.0,,55,1401,1379,5249,5249,5738
Non abbiamo età (Max Brigante RMX),it,183406.0,4953.0,30.0,,55,1394,816,5250,5250,5739
Intro (Poesia Cruda Mixtape),pl,161843.0,5731.0,26.0,,55,1391,1380,5251,5251,5740
Bruce Springsteen*,it,246153.0,4623.0,8.0,,55,1402,1381,5252,5252,5741
Da zero a cento,it,206200.0,32847.0,60.0,,7,1403,57,5253,5253,5742
Voglio ballare con te,it,163933.0,16593.0,61.0,,7,1403,1382,5254,5254,5743
Roma - Bangkok,it,174666.0,16280.0,59.0,,7,1404,1383,5255,5255,5744
Non Cambierò Mai,it,186280.0,15835.0,39.0,,7,1405,1384,5256,5256,5745
Non mi basta più,it,200975.0,9619.0,52.0,,7,1406,1385,5257,5257,5746
Playa,it,192000.0,7094.0,55.0,,7,1407,1386,5258,5258,5747
Aspettavo solo te,it,186386.0,5812.0,34.0,,7,1403,361,5259,5259,5748
Non dire una parola,it,188429.0,4679.0,42.0,,7,1407,66,5260,5260,5749
Me gusta,it,186279.0,5897.0,24.0,,7,1407,508,5261,5261,5750
Killer,it,213693.0,4701.0,42.0,,7,1405,697,5262,5262,5751
Vibe,it,144935.0,5995.0,68.0,,7,1408,817,5263,5263,5753
Come no,it,169560.0,4984.0,45.0,,7,1403,1387,5264,5264,5754
Buenos Aires,it,190909.0,4372.0,34.0,,7,1409,3,5265,5265,5755
Bolero,it,213038.0,5798.0,45.0,,7,1407,315,5266,5266,5756
Sparami,it,202786.0,4937.0,33.0,,7,1405,1388,5267,5267,5757
Roma - Bangkok (feat. Lali),es,173260.0,5435.0,34.0,,7,1410,1389,5268,5268,5758
Certe cose,it,216773.0,5985.0,27.0,,7,1403,817,5269,5269,5759
Icona,it,163933.0,4112.0,61.0,,7,1403,817,5270,5270,5760
Pa Ti,en,192600.0,4206.0,66.0,,7,1411,1062,5271,5271,5761
Anna Wintour,it,212653.0,5457.0,25.0,,7,1404,1390,5272,5272,5762
Hit Yo Block,en,280560.0,4576.0,22.0,,7,1412,461,5273,5273,5763
Super Mega Iper,it,206946.0,4383.0,21.0,,7,1404,1258,5274,5274,5764
Femmina Alfa,it,168228.0,4090.0,28.0,,7,1413,1391,5275,5275,5765
Kiss Kiss Bang Bang,it,174666.0,4056.0,59.0,,7,1404,1258,5276,5276,5766
Venerdì,it,153960.0,5566.0,27.0,,7,1404,1258,5277,5277,5767
Licenza di uccidere RMX,it,234355.0,4281.0,21.0,,7,1414,1392,5278,5278,5768
Una Seria,it,213693.0,4951.0,42.0,,7,1405,1393,5279,5279,5769
Follia Mediterranea,it,171206.0,5227.0,54.0,,7,1415,243,5280,5280,5770
Chiudo gli occhi e salto,it,229493.0,4872.0,33.0,,7,1404,1258,5281,5281,5771
Domani,it,180757.0,4067.0,20.0,,7,1416,1393,5282,5282,5772
Fakeness,it,228120.0,5583.0,13.0,,7,1404,1258,5283,5283,5773
Dinero,it,149677.0,4033.0,24.0,,7,1407,508,5284,5284,5775
Dammi un buon motivo,it,186266.0,5539.0,20.0,,7,1403,817,5285,5285,5776
Sei Sola,it,211120.0,5805.0,25.0,,7,1405,1393,5286,5286,5777
Luna,it,192000.0,4879.0,55.0,,7,1407,508,5287,5287,5778
Mia,it,293339.0,5085.0,50.0,,7,1417,508,5288,5288,5779
M’ama non m’ama,it,143221.0,4966.0,40.0,,7,1418,836,5289,5289,5780
Il tuo boy è preso male,it,211480.0,4793.0,13.0,,7,1405,1393,5290,5290,5781
Ola,it,188560.0,5792.0,12.0,,7,1404,1258,5291,5291,5782
Mi faccio i film,it,232306.0,5805.0,18.0,,7,1403,817,5292,5292,5783
Sogni d’oro e di platino,it,206893.0,4683.0,17.0,,7,1403,817,5293,5293,5784
Domani pt.1,it,176005.0,5246.0,8.0,,7,1419,1394,5294,5294,5785
Dindi,it,168146.0,5872.0,16.0,,7,1404,1258,5295,5295,5786
Primo Round,it,190458.0,5943.0,19.0,,7,1413,1391,5296,5296,5787
Fino al Blackout,it,160785.0,5031.0,38.0,,7,1420,271,5297,5297,5788
Rosso Amarena,it,191111.0,4920.0,25.0,,7,1407,508,5298,5298,5789
Cuando Te Vi,it,136470.0,4569.0,27.0,,7,1407,508,5299,5299,5790
Easy,it,214013.0,5933.0,74.0,,7,1421,112,5300,5300,5791
Feeling,it,220545.0,4299.0,45.0,,7,1422,1394,5301,5301,5792
Licenza di uccidere,it,234355.0,5175.0,1.0,,7,1423,1258,5302,5302,5794
Lasciati le sneakers,it,202906.0,4579.0,15.0,,7,1404,1258,5303,5303,5795
S.O.S.,it,142520.0,4573.0,88.0,,7,1424,1395,2050,2050,2240
Sole,it,188429.0,4825.0,42.0,,7,1407,1391,5304,5304,5796
Chiedi alla luna,it,180813.0,6016.0,15.0,,7,1404,1258,5305,5305,5797
Tornado,it,159487.0,4122.0,36.0,,7,1407,508,5306,5306,5798
Intro (2021),it,282600.0,5171.0,0.0,,7,1425,508,5307,5307,5799
Hipster Love,en,192133.0,4178.0,12.0,,7,1404,1258,5308,5308,5800
Una su un milione,it,227239.0,4322.0,19.0,,7,1413,1391,5309,5309,5801
Come il Domino,it,167866.0,4894.0,12.0,,7,1405,1393,5310,5310,5802
Una favola,it,158773.0,5036.0,11.0,,7,1405,1393,5311,5311,5803
Brucia,it,226693.0,4532.0,13.0,,7,1404,1258,5312,5312,5804
La Verità,it,194586.0,4647.0,12.0,,7,1405,1393,5313,5313,5805
In piedi,it,208744.0,4186.0,7.0,,7,1413,1391,5314,5314,5806
Tutto Ritorna,it,189773.0,4620.0,18.0,,7,1405,1393,5315,5315,5807
Maglietta e Jeans,it,145764.0,5949.0,23.0,,7,1407,508,5316,5316,5808
Testacoda,it,235746.0,5908.0,86.0,,7,1426,1394,5317,5317,5809
Cosa non farebbero,it,207500.0,4683.0,6.0,,7,1427,1396,5318,5318,5810
Insomnia,en,157714.0,5158.0,8.0,,7,1428,1395,5319,5319,5811
Baby Momma Material,en,136875.0,5836.0,48.0,,7,1429,707,5320,5320,5812
Intro,it,172800.0,4024.0,55.0,,7,1408,1393,5321,5321,5813
Se Ti Fa Sentire Meglio,it,199000.0,5639.0,4.0,,7,1430,1393,5322,5322,5814
Sigillato con un Bacio,it,358413.0,5915.0,56.0,,7,1431,1394,5323,5323,5815
Lezioni di Volo,it,158145.0,4196.0,2.0,,7,1432,1394,5324,5324,5816
Locos Valientes,es,163802.0,4336.0,28.0,,7,1433,399,5325,5325,5817
No Exit,it,281400.0,5940.0,3.0,,7,1434,1397,5326,5326,5818
Jungle,en,337226.0,5089.0,40.0,,7,1435,1276,5327,5327,5819
Nelle Mie Mani,en,358413.0,4041.0,56.0,,7,1431,1398,5328,5328,5820
Roma - Bangkok [Spanish Version],en,173260.0,4528.0,19.0,,7,1436,593,5329,5329,5821
Un brindisi,it,213800.0,4916.0,68.0,,7,1437,1399,5330,5330,5822
Rags 2 Riches,en,235987.0,5401.0,70.0,,7,1438,1400,5331,5331,5823
Tornando,it,161831.0,5483.0,15.0,,7,1439,661,5332,5332,5824
Il ritorno delle stelle,it,279720.0,131538.0,38.0,,23,1440,574,5333,5333,5828
Onda Alta,it,214556.0,27088.0,51.0,,23,1441,90,5334,5334,5829
Nostalgia istantanea,it,1096800.0,24716.0,16.0,,23,1442,1401,5335,5335,5830
Ama noi,it,220512.0,24303.0,36.0,,23,1440,239,5336,5336,5831
Malpensandoti,it,334365.0,18656.0,24.0,,23,1443,1402,5337,5337,5832
Modigliani,it,221288.0,15990.0,25.0,,23,1444,909,5338,5338,5833
Dove Si Balla,it,198082.0,20729.0,58.0,,23,1445,1403,5339,5339,5834
Arrivi Stai Scomodo E Te Ne Vai,it,195950.0,14476.0,21.0,,23,1446,1404,5340,5340,5835
Bocciofili,pl,239253.0,10567.0,48.0,,23,1447,1405,5341,5341,5837
Amo Milano,pl,242739.0,10082.0,31.0,,23,1444,1406,5342,5342,5838
Essere Non È Da Me,it,243269.0,7986.0,16.0,,23,1444,909,5343,5343,5839
Le squadre,it,186453.0,8987.0,19.0,,23,1440,1407,5344,5344,5840
Cambiare me,it,246520.0,9338.0,19.0,,23,1440,574,5345,5345,5841
SMS alla madonna,it,197950.0,8327.0,25.0,,23,1446,1404,5346,5346,5842
V V,it,239253.0,8791.0,48.0,,23,1447,1408,5347,5347,5843
Nostalgia istantanea (Variazioni sul tema),it,1251600.0,7638.0,7.0,,23,1442,1401,5348,5348,5844
Di Vizi Di Forma Virtù,it,197950.0,6741.0,25.0,,23,1446,1404,5349,5349,5845
L’Universo Non Muore Mai,it,257561.0,7433.0,21.0,,23,1444,909,5350,5350,5846
Odio volare,it,191702.0,5700.0,33.0,,23,1443,1409,5351,5351,5847
"Io, Quello Che Credo",it,210289.0,6183.0,14.0,,23,1444,909,5352,5352,5848
Patatine,it,187263.0,5926.0,43.0,,23,1448,100,5353,5353,5849
Katì,it,184848.0,5407.0,21.0,,23,1448,66,5354,5354,5850
La Mia Generazione,it,219773.0,6069.0,20.0,,23,1444,1410,5355,5355,5851
Bere Una Cosa,it,297250.0,5168.0,25.0,,23,1443,1402,5356,5356,5852
Monte,it,236000.0,5715.0,8.0,,23,1449,1276,5357,5357,5853
Tra la noia e il valzer,it,189950.0,5268.0,10.0,,23,1446,1404,5358,5358,5854
La Bambola,it,187153.0,4697.0,33.0,,23,1448,1411,5359,5359,5855
Commo una troia,it,267390.0,5637.0,5.0,,23,1450,1412,5360,5360,5856
Dello stesso colore,it,288720.0,4490.0,11.0,,23,1440,239,5361,5361,5857
L’Amore È Quell’Intertempo,it,251145.0,4462.0,10.0,,23,1443,1409,5362,5362,5858
Un’altra cosa (Variazione sul tema ”Bere una cosa”),en,270906.0,5024.0,14.0,,23,1440,239,5363,5363,5859
Una Ragione Un Segno,it,172866.0,4534.0,10.0,,23,1451,1413,5364,5364,5860
Complicarti La Vita,it,186857.0,4030.0,31.0,,23,1452,1414,5365,5365,5862
Nei Sogni Nessuno È Monogamo,it,198082.0,5312.0,59.0,,23,1448,100,5366,5366,5863
La mia testa prima di me (Variazione sul tema ”Prima fila Mississipi”),it,221880.0,5037.0,15.0,,23,1440,239,5367,5367,5864
Come L’Italia E San Marino,it,306950.0,4906.0,8.0,,23,1446,1404,5368,5368,5865
Il ritornello,it,216506.0,5951.0,17.0,,23,1440,239,5369,5369,5866
L’aggettivo adatto (Variazione sul tema ”Tra la noia e il walzer”),it,322440.0,5156.0,10.0,,23,1440,239,5370,5370,5867
Con te,it,216946.0,5744.0,17.0,,23,1447,1408,5371,5371,5868
Senza Restare Da Soli,it,246687.0,4291.0,11.0,,23,1449,1276,5372,5372,5869
Ma Noi,it,233019.0,5153.0,26.0,,23,1448,100,5373,5373,5870
Van Damme (Saddam),it,255603.0,5754.0,10.0,,23,1443,1402,5374,5374,5871
Sei Cannibale Ma Non Sei Cattiva,it,185555.0,5180.0,16.0,,23,1448,100,5375,5375,5872
Ma è un sogno (Variazione sul tema ”Arrivi stai scomodo e te ne vai”),it,176066.0,5452.0,17.0,,23,1440,239,5376,5376,5873
Abbastanza,co,237478.0,4757.0,8.0,,23,1449,1415,5377,5377,5874
Il rap per me,it,291950.0,4197.0,10.0,,23,1446,1404,5378,5378,5875
L’altra (Variazione sul tema ”Zucchero luminoso”),it,173440.0,4928.0,10.0,,23,1440,1389,5379,5379,5876
Ma dove vai (Veronica),it,211021.0,4803.0,21.0,,23,1443,1402,5380,5380,5877
Gaza,it,178676.0,5750.0,14.0,,23,1448,100,5381,5381,5878
Ex Contadino,it,322950.0,4502.0,13.0,,23,1446,1404,5382,5382,5879
Qualsiasi movimento faccia (Variazione sul tema ”L’amore è quell’intertempo”),it,127040.0,5950.0,17.0,,23,1440,239,5383,5383,5880
Limitato Dal Poeta,it,236950.0,5936.0,7.0,,23,1446,1404,5384,5384,5881
Le file per fare l’amore (Variazione sul tema ”Prendi per mano”),it,194373.0,4507.0,18.0,,23,1440,239,5385,5385,5882
Nullatenente,it,218695.0,4710.0,55.0,,23,1453,76,5386,5386,5884
Ottavia,it,238730.0,5808.0,7.0,,23,1451,1413,5387,5387,5885
La Vocina Nella Testa,it,194671.0,5949.0,6.0,,23,1449,532,5388,5388,5886
Crassi,it,275308.0,4901.0,11.0,,23,1444,909,5389,5389,5887
Un Dio a parte (Un poeta e un po’ no),it,320991.0,4656.0,10.0,,23,1443,1409,5390,5390,5888
Non Sono Più Innamorato,it,787689.0,5066.0,7.0,,23,1449,1276,5391,5391,5889
Metà Di Qualcosa,it,205714.0,5392.0,25.0,,23,1452,1416,5392,5392,5891
Dalla Parte della Legge,it,325969.0,4560.0,7.0,,23,1449,1276,5393,5393,5892
Ustica,it,188913.0,5488.0,17.0,,23,1448,100,5394,5394,5893
Briciole colorate,it,355170.0,4115.0,10.0,,23,1443,1409,5395,5395,5894
Zafferano Vulcano Siciliano,it,249166.0,4110.0,4.0,,23,1450,1417,5396,5396,5895
Ama noi (Bariocochelbel Re-Work),pl,218346.0,4785.0,15.0,,23,1440,239,5397,5397,5896
Boulevard Verona,it,388909.0,4720.0,11.0,,23,1449,1276,5398,5398,5897
La Danza Samba,it,302857.0,4644.0,8.0,,23,1449,1276,5399,5399,5898
La Lobby Dei Semafori,it,249140.0,4998.0,13.0,,23,1444,909,5400,5400,5899
Ma Non Era Vero,it,228988.0,4653.0,12.0,,23,1449,1418,5401,5401,5900
Due Gemelli,it,202100.0,4397.0,8.0,,23,1449,1276,5402,5402,5901
Corallo E Vespe,it,204703.0,4633.0,8.0,,23,1450,1417,5403,5403,5902
Continua a Correre,it,194373.0,5967.0,11.0,,23,1447,1419,5404,5404,5903
Lo Amore Per Tutti,it,293761.0,4836.0,4.0,,23,1450,1417,5405,5405,5904
La Mia Donna Dice,co,210629.0,4905.0,11.0,,23,1444,909,5406,5406,5905
Ubriaco di te,it,222537.0,5167.0,42.0,,23,1448,1420,5407,5407,5906
Moderata Crisi,it,184950.0,5983.0,6.0,,23,1446,1404,5408,5408,5907
Low Cash,it,245950.0,4497.0,13.0,,23,1446,1404,5409,5409,5908
Sangue Amaro,it,206666.0,5378.0,24.0,,23,1448,100,5410,5410,5909
Vedova,it,545737.0,5447.0,6.0,,23,1449,1276,5411,5411,5910
Signora Del Lago O Musica Senza Musicisti,it,317333.0,5230.0,6.0,,23,1450,1417,5412,5412,5911
Perché non sai mai (quel che ti capita),it,405697.0,4190.0,10.0,,23,1443,1402,5413,5413,5912
Al Meccano,it,208950.0,5369.0,11.0,,23,1446,1404,5414,5414,5913
Zucchero Luminoso,it,173440.0,4140.0,10.0,,23,1440,1412,5415,5415,5914
"Sul carro, Pt. 1",it,184950.0,5207.0,8.0,,23,1446,1404,5416,5416,5915
Lorenzo de’ Medici,it,213093.0,5495.0,11.0,,23,1447,1408,5417,5417,5916
Siamo tutti uguali,it,234226.0,4436.0,11.0,,23,1447,1256,5418,5418,5917
È Troppo Facile Innamorarsi,it,214569.0,5701.0,13.0,,23,1451,1413,5419,5419,5918
Orga(ni)smo (uni)cellulare,it,274922.0,4072.0,12.0,,23,1443,1421,5420,5420,5919
Una Setta,it,162049.0,5703.0,15.0,,23,1448,100,5421,5421,5920
The Sleepy Molotov (Analità Universale),it,209077.0,4935.0,3.0,,23,1450,1412,5422,5422,5921
Patto Di Fango,it,194428.0,4448.0,20.0,,23,1452,1414,305,305,314
Amico Immaginario,it,189916.0,4281.0,9.0,,23,1444,909,5423,5423,5922
Un fan In Basilicata (Almeno),it,225626.0,5925.0,11.0,,23,1447,1422,5424,5424,5923
Jacopo,it,159852.0,4156.0,6.0,,23,1449,194,5425,5425,5924
La Benzina Sapeva Di Tappo,it,150666.0,4410.0,11.0,,23,1448,100,5426,5426,5925
C.S.A. Gode,it,185950.0,4710.0,6.0,,23,1446,1404,5427,5427,5926
Mi piacciono le donne,pl,199000.0,5256.0,13.0,,23,1443,1423,5428,5428,5927
Prendi Per Mano D’Amico,it,252631.0,5104.0,10.0,,23,1443,1402,5429,5429,5928
D’cuore (D’Amico D’amore),it,309102.0,4263.0,8.0,,23,1443,1409,5430,5430,5929
Brano senza titolo,it,249659.0,4594.0,13.0,,23,1443,1409,5431,5431,5931
Show Me Love,it,243950.0,4490.0,12.0,,23,1446,1404,5432,5432,5932
Due come noi,it,215546.0,4441.0,13.0,,23,1447,1408,5433,5433,5933
La Prima Risposta,it,189500.0,4835.0,6.0,,23,1450,1412,5434,5434,5934
Ode In Volontaria,it,194536.0,5425.0,6.0,,23,1451,1413,5435,5435,5935
Passerà Al Bar,it,206950.0,4449.0,9.0,,23,1446,1404,5436,5436,5936
Il presidente,it,306600.0,4747.0,8.0,,23,1447,592,5437,5437,5937
Check-In,it,232105.0,4795.0,16.0,,23,1452,1414,5438,5438,5938
Anche Se Dite No,it,261350.0,5971.0,10.0,,23,1446,1404,5439,5439,5939
Internet È Un Virus,it,270461.0,5924.0,5.0,,23,1449,1276,5440,5440,5940
Ci Ricamo Sopra,it,185950.0,5618.0,6.0,,23,1446,1404,5441,5441,5941
La Chiave,it,213375.0,4495.0,17.0,,23,1452,1414,5442,5442,5942
In Alcune Zone Del Mondo,it,235950.0,4146.0,7.0,,23,1446,1404,5443,5443,5943
Las Vegas Honey Moon,it,193234.0,4647.0,9.0,,23,1444,909,5444,5444,5944
L’amore a modo mio,it,226880.0,4548.0,17.0,,23,1447,1424,5445,5445,5945
Pelle D’Oca,it,164387.0,5027.0,19.0,,23,1454,22,5446,5446,5946
Tempo Critico Rilettura 2006,it,186500.0,5571.0,7.0,,23,1450,1412,5447,5447,5947
Anche se il mondo ha,it,410155.0,5734.0,6.0,,23,1443,1409,5448,5448,5948
6 Di Sera,it,245333.0,5705.0,15.0,,23,1452,1414,5449,5449,5949
Miniere,it,255199.0,4734.0,8.0,,23,1451,1413,5450,5450,5950
Fior Fiorello,it,236666.0,5390.0,40.0,,23,1455,1408,5451,5451,5951
La banana frullata,it,198950.0,4638.0,8.0,,23,1446,1404,5452,5452,5952
Nessuno Parla Più,it,294241.0,4134.0,15.0,,23,1443,1402,5453,5453,5954
Umanità,it,209623.0,5417.0,5.0,,23,1449,1276,5454,5454,5955
Alì Il Thailandese,it,186950.0,4032.0,8.0,,23,1446,1404,5455,5455,5956
Home Made Cavei,it,94666.0,4831.0,5.0,,23,1450,1417,5456,5456,5957
Prima Che,it,227950.0,4673.0,5.0,,23,1446,1404,5457,5457,5958
La Mamma Del Mio Amico,it,235791.0,5400.0,5.0,,23,1449,1276,5458,5458,5959
Il ginocchio,it,191093.0,5551.0,13.0,,23,1447,1408,5459,5459,5960
Mahler,it,203636.0,4622.0,7.0,,23,1451,1413,5460,5460,5961
Lunedì Chiuso,it,147102.0,5641.0,8.0,,23,1444,909,5461,5461,5962
La Goccia,it,242109.0,4599.0,13.0,,23,1452,1414,5462,5462,5963
Parenti,it,252790.0,4906.0,9.0,,23,1444,909,5463,5463,5964
Tike Restoran,it,232950.0,5471.0,6.0,,23,1446,1404,5464,5464,5965
Salvation Army III,it,198082.0,5403.0,59.0,,23,1448,1417,5465,5465,5966
Non La 1 Ma La 2,it,167030.0,5993.0,5.0,,23,1450,1417,5466,5466,5967
Vita X Sempre,it,230423.0,4462.0,12.0,,23,1452,1414,5467,5467,5968
Ode Con Creta,it,253167.0,5341.0,4.0,,23,1451,1413,5468,5468,5969
La ruota,it,161950.0,5235.0,7.0,,23,1446,1404,5469,5469,5970
1/2 Kilo,it,164318.0,5846.0,11.0,,23,1452,1414,5470,5470,5971
Energia Electronica,it,169237.0,4323.0,16.0,,23,1452,1414,5471,5471,5972
Variazioni Sul Tema Via Lessona,it,247362.0,5520.0,4.0,,23,1450,1412,5472,5472,5973
In loop (la forma di un cuore),it,213993.0,5152.0,10.0,,23,1443,1409,5473,5473,5974
La Fedina Penale,it,239500.0,4563.0,3.0,,23,1450,1417,5474,5474,5975
I Love You But It Hurts,en,198082.0,4964.0,59.0,,23,1448,1404,5475,5475,5976
Ricollocamento Di Un Operaio,it,108213.0,4679.0,4.0,,23,1450,1417,5476,5476,5977
È già,it,170040.0,5174.0,8.0,,23,1447,1408,5477,5477,5978
Acappella Introduttiva,it,198082.0,5796.0,58.0,,23,1445,1413,5478,5478,5979
Pubblicittà,it,233950.0,5152.0,6.0,,23,1446,1404,5479,5479,5980
Per Elsa,it,126950.0,5280.0,5.0,,23,1446,1404,5480,5480,5981
1000 Persone,it,230655.0,5052.0,12.0,,23,1452,1414,5481,5481,5982
Quando La Linea Della Vita Risulta Occupata,it,77250.0,4113.0,2.0,,23,1450,1412,5482,5482,5983
Il cubo (Fondamentalmente),it,182346.0,4479.0,12.0,,23,1447,1408,5483,5483,5984
Luna Di Miele In Filovia,it,198082.0,4999.0,59.0,,23,1448,909,5484,5484,5985
L’Italia è una,it,182200.0,4633.0,6.0,,23,1447,592,5485,5485,5986
A meno di te,it,183106.0,4376.0,8.0,,23,1447,1408,5486,5486,5987
E Sacrifici,it,244950.0,5021.0,3.0,,23,1446,1404,5487,5487,5988
Cattivi,it,328044.0,4660.0,4.0,,23,1451,1413,5488,5488,5989
Un Posto Per D’Amico,it,198082.0,4530.0,59.0,,23,1448,1408,5489,5489,5990
Amo Milano (No Drum),it,198082.0,4943.0,59.0,,23,1448,909,5490,5490,5991
Il corriere contromano,it,195826.0,4279.0,7.0,,23,1447,1408,5491,5491,5992
Qualche Rima,it,171950.0,5873.0,5.0,,23,1446,1404,5492,5492,5993
Sul Carro Pt.2,it,174950.0,5751.0,5.0,,23,1446,1404,5493,5493,5994
Pater Noster Introduttivo,it,105000.0,5430.0,3.0,,23,1450,1417,5494,5494,5995
Origami Love,it,122950.0,4225.0,5.0,,23,1446,1404,5495,5495,5996
Muziki,it,244022.0,5565.0,3.0,,23,1456,799,5496,5496,5998
Lunedì Mestieri,it,161750.0,5631.0,2.0,,23,1450,1412,5497,5497,5999
40 anni,it,198082.0,5553.0,59.0,,23,1448,1425,5498,5498,6000
Sincero / Sincera (Seconda stesura),it,152693.0,4240.0,6.0,,23,1447,1408,5499,5499,6001
Gocce di cielo,it,129287.0,5303.0,5.0,,23,1443,1409,5500,5500,6002
Un Grande Pregio,it,125950.0,5684.0,3.0,,23,1446,1404,5501,5501,6003
K8,pl,184875.0,5168.0,29.0,,23,1457,1224,5502,5502,6004
Salendo Sempre Più (Dentro Te),it,306630.0,5306.0,3.0,,23,1450,1412,5503,5503,6005
Ciccio (Fammi Una Canna),it,116708.0,4931.0,2.0,,23,1450,1412,5504,5504,6006
Il Cielo Dei Ricchi,it,261950.0,5071.0,3.0,,23,1446,1404,5505,5505,6007
Mama M’ama,it,90950.0,4080.0,4.0,,23,1446,1404,5506,5506,6008
Domenica Messina,it,132256.0,5293.0,2.0,,23,1450,1412,5507,5507,6009
Sincero/Sincera (Prima Stesura),it,198082.0,4176.0,59.0,,23,1448,1408,5508,5508,6010
Bobby’s Back to Houston,it,244000.0,4884.0,2.0,,23,1450,1412,5509,5509,6011
Hit da 5 minuti,pl,198082.0,4599.0,59.0,,23,1448,1408,5510,5510,6012
La Divisione Del Lavoro,it,190950.0,5106.0,3.0,,23,1446,1404,5511,5511,6013
Il promemoria (20/12/2012),it,235226.0,4281.0,57.0,,23,1458,1408,5512,5512,6014
Ode In Volontaria (Versione Demo),it,198082.0,5401.0,59.0,,23,1448,604,5513,5513,6015
Pirati,it,187263.0,5609.0,43.0,,23,1448,1426,5514,5514,6016
Mar Do Alvo,it,82950.0,4339.0,3.0,,23,1446,1404,5515,5515,6017
Nostalgia Istantanea (Under-21 MashUp),it,195234.0,4222.0,62.0,,23,1459,1427,5516,5516,6018
Buganda Rock,es,203750.0,4303.0,20.0,,44,1460,1257,5517,5517,6019
Hell Taxi,es,162000.0,5769.0,14.0,,44,1461,1428,5518,5518,6020
Multicultural,es,206413.0,5072.0,24.0,,44,1462,1429,5519,5519,6021
Paper Street,it,165546.0,4950.0,20.0,,44,1463,1207,5520,5520,6022
Jerry Il Sorcio (Intro),en,122120.0,4226.0,15.0,,44,1463,1430,5521,5521,6023
#Rattopsy,es,165546.0,5315.0,20.0,,44,1463,1207,5522,5522,6024
Who’z Your Daddy,cs,126133.0,5754.0,8.0,,44,1463,1207,5523,5523,6025
Self Made,en,116000.0,5673.0,15.0,,44,1463,1207,5524,5524,6026
Frank Morris (El Desaparecido),it,119000.0,5268.0,10.0,,44,1463,1207,5525,5525,6027
Santa Rabia,es,342250.0,4163.0,3.0,,44,1464,1431,5526,5526,6028
Subliminal,it,198611.0,4239.0,29.0,,44,1465,1432,5527,5527,6029
Solo Por Un Avion,en,339389.0,4111.0,14.0,,44,1466,1433,5528,5528,6030
Guerrilla Urbana,es,317880.0,4528.0,12.0,,44,1467,1433,5529,5529,6031
Puta dime que me amas,es,163404.0,4285.0,50.0,,44,1468,1062,5530,5530,6032
Verdades Made In Italy,es,362339.0,4533.0,32.0,,44,1469,1434,5531,5531,6033
Otra Ciudad De Dios,es,287085.0,4784.0,1.0,,44,1470,1435,5532,5532,6034
P Secondigliano,it,229893.0,385473.0,60.0,,39,1471,1436,5533,5533,6035
EPISODIO D’AMORE,it,196613.0,185241.0,70.0,,39,1472,785,5534,5534,6036
"NU PARL, NU SENT, NU VEC",it,134306.0,190642.0,61.0,,39,1472,785,5535,5535,6037
SI STAT’ TU,it,205840.0,160319.0,63.0,,39,1472,785,5536,5536,6038
IO T’O GIUR’,pl,200000.0,107327.0,68.0,,39,1472,785,5537,5537,6039
Il MALE CHE MI FAI,it,167339.0,118402.0,66.0,,39,1473,405,5538,5538,6040
Vogl sul a te,it,185426.0,88674.0,62.0,,39,1474,87,5539,5539,6041
PER SEMPRE,it,179386.0,90896.0,65.0,,39,1472,785,5540,5540,6042
Amo ma chi t sap,en,209933.0,75275.0,50.0,,39,1474,87,5541,5541,6044
UNA COME TE,it,144133.0,90782.0,58.0,,39,1472,785,5542,5542,6045
IDEE CHIARE,it,159840.0,68345.0,59.0,,39,1472,785,5543,5543,6046
Campioni In Italia (Red Bull 64 Bars),it,234000.0,67514.0,53.0,,39,1475,1437,5544,5544,6047
Narcos,pt,196000.0,84589.0,55.0,,39,1474,19,5545,5545,6048
EL PIBE DE ORO,it,155493.0,57979.0,68.0,,39,1472,54,5546,5546,6049
Capo,es,150967.0,77149.0,54.0,,39,1476,250,5547,5547,6050
X CASO,it,215421.0,74281.0,67.0,,39,1477,1438,5548,5548,6051
SCUMPAR,it,182986.0,73633.0,57.0,,39,1472,785,5549,5549,6052
Senz e me,it,145040.0,76503.0,58.0,,39,1474,87,5550,5550,6053
Na catena,it,165586.0,73769.0,62.0,,39,1474,87,5551,5551,6054
FERRARI (from ”Uonderbois”),it,163600.0,49178.0,69.0,,39,1478,1399,5552,5552,6055
FINCHÉ NON SI MUORE,it,212800.0,66724.0,55.0,,39,1472,785,5553,5553,6056
"I P’ ME, TU P’ TE",it,187881.0,60968.0,66.0,,39,1472,90,5554,5554,6057
DIO LO SA,it,196613.0,59295.0,70.0,,39,1472,785,5555,5555,6058
GIÀ LO SAI,it,189293.0,46995.0,60.0,,39,1472,785,1431,1431,1543
CHIAGNE,pl,179863.0,57371.0,62.0,,39,1477,824,5556,5556,6060
CHE SOLE OGGI,it,190235.0,61727.0,64.0,,39,1478,679,5557,5557,6061
Como te,it,218186.0,56837.0,51.0,,39,1474,1439,5558,5558,6062
Moncler,pl,220000.0,47198.0,62.0,,39,1476,250,5559,5559,6063
UNA VITA FA,it,171546.0,38857.0,63.0,,39,1472,785,5560,5560,6064
CLS,it,247626.0,44512.0,55.0,,39,1472,785,5561,5561,6067
Yacht,pl,118946.0,52738.0,50.0,,39,1474,87,5562,5562,6068
Sorry,pl,165842.0,49450.0,48.0,,39,1476,250,5563,5563,6069
PRESIDENTE,it,194133.0,42146.0,55.0,,39,1472,785,5564,5564,6070
Emanuele,it,165666.0,34124.0,53.0,,39,1474,87,5565,5565,6071
Provino,it,195133.0,39345.0,48.0,,39,1474,87,5566,5566,6072
Intro,it,121906.0,38608.0,43.0,,39,1474,87,5567,5567,6073
ME VULEV FA RUOSS,pl,173495.0,44749.0,59.0,,39,1477,1438,5568,5568,6074
RICCHEZZA,it,184000.0,39537.0,51.0,,39,1477,1438,5569,5569,6075
Vittoria,it,176400.0,33447.0,42.0,,39,1476,250,5570,5570,6076
Queen,en,182727.0,35307.0,45.0,,39,1479,1440,5571,5571,6077
357,pl,140800.0,27410.0,52.0,,39,1472,785,5572,5572,6078
TU ED IO,it,183203.0,38621.0,66.0,,39,1478,679,5573,5573,6079
BELLA E BRUTTA NOTIZIA,it,228360.0,30533.0,52.0,,39,1472,785,5574,5574,6080
Na catena RMX,pl,189609.0,31224.0,55.0,,39,1480,250,5575,5575,6081
MONDAY,en,165216.0,28734.0,60.0,,39,1477,1438,5576,5576,6082
RAP TUTORIAL (64 Bars),it,205686.0,32630.0,45.0,,39,1481,1441,5577,5577,6083
EMIRATES,it,161773.0,31991.0,59.0,,39,1472,785,5578,5578,6084
POCO/TROPPO,es,195319.0,31578.0,47.0,,39,1477,1438,5579,5579,6085
COME VUOI,it,172615.0,26235.0,65.0,,39,1477,1438,5580,5580,6086
500K,it,156017.0,26644.0,61.0,,39,1478,679,5581,5581,6087
Chicano,pl,180226.0,22207.0,45.0,,39,1474,87,5582,5582,6088
L’ULTIMA CANZONE,it,202849.0,27568.0,51.0,,39,1473,405,5583,5583,6089
HERMES,it,176000.0,21058.0,61.0,,39,1473,405,5584,5584,6090
NUN SE VER,it,158666.0,26700.0,47.0,,39,1477,1438,5585,5585,6091
REALE,it,179361.0,28615.0,55.0,,39,1478,679,5586,5586,6092
Dreams,en,195226.0,28529.0,47.0,,39,1474,87,5587,5587,6093
Amsterdam*,it,196613.0,23942.0,70.0,,39,1472,785,5588,5588,6094
L’ULTIMA POESIA,it,228378.0,24027.0,64.0,,39,1472,887,5589,5589,6095
SO FLY,it,138579.0,19877.0,59.0,,39,1473,405,5590,5590,6096
MARADONA,pl,162992.0,25544.0,51.0,,39,1477,1438,5591,5591,6097
SMITH ‘N’ WESSON,it,140571.0,26974.0,58.0,,39,1478,679,5592,5592,6098
New York,it,145213.0,20943.0,45.0,,39,1474,87,5593,5593,6099
NAPO****NO,pl,168666.0,22192.0,46.0,,39,1477,1438,5594,5594,6100
To giur ca t vogl ben,it,165666.0,25931.0,53.0,,39,1474,1442,5595,5595,6101
SOLDATI,it,145124.0,25914.0,52.0,,39,1473,405,5596,5596,6102
MONEY,en,165666.0,19753.0,54.0,,39,1477,1443,5597,5597,6103
GIVE YOU MY LOVE,it,160372.0,21651.0,63.0,,39,1477,1438,5598,5598,6104
2 SECONDI,it,149000.0,18110.0,53.0,,39,1473,405,5599,5599,6105
LONELY,pl,208636.0,17194.0,49.0,,39,1477,1438,5600,5600,6106
Mercedes,it,180000.0,23686.0,72.0,,39,1482,1444,5601,5601,6107
Brivido RMX,it,227693.0,22250.0,69.0,,39,1483,1445,5602,5602,6108
Riman,it,180000.0,20948.0,72.0,,39,1482,333,5603,5603,6109
I AM,pl,133161.0,15323.0,46.0,,39,1477,1438,5604,5604,6110
MAI PER SEMPRE,it,220043.0,20672.0,62.0,,39,1478,1446,5605,5605,6111
Mexico,en,192772.0,17192.0,42.0,,39,1484,1447,5606,5606,6112
NUN SACC’ PERDERE,it,203181.0,16482.0,55.0,,39,1478,679,5607,5607,6113
Secondin,it,229893.0,16198.0,60.0,,39,1471,557,5608,5608,6114
Trap Take (Radio 105),it,304480.0,13111.0,33.0,,39,1485,1448,5609,5609,6115
NON CI TORNI PIÙ,cs,159036.0,17263.0,45.0,,39,1477,1438,5610,5610,6116
HERE I COME,it,142690.0,14956.0,45.0,,39,1477,1438,5611,5611,6117
CCHIU’ FORT,it,195000.0,11946.0,57.0,,39,1478,679,5612,5612,6118
NIENTE DI SPECIALE,en,150000.0,11606.0,43.0,,39,1477,1438,5613,5613,6119
Mucho dinero,es,201573.0,10623.0,40.0,,39,1474,87,5614,5614,6120
Mala,it,177893.0,9765.0,45.0,,39,1474,87,5615,5615,6121
PARL’ CU MME (From ”Uonderbois”),it,133333.0,11579.0,51.0,,39,1478,1399,5616,5616,6122
M Guard*,it,192772.0,12266.0,42.0,,39,1484,1447,5617,5617,6123
Mamacita,pl,212173.0,8369.0,43.0,,39,1474,87,5618,5618,6124
IN TRAPPOLA,pl,137777.0,7745.0,44.0,,39,1477,1438,5619,5619,6125
105 Mi Casa Mashup: Geolier con Intro,en,200106.0,8976.0,45.0,,39,1486,826,5620,5620,6126
Strade (Medley Sanremo 2024),pl,187881.0,7512.0,66.0,,39,1472,1449,5621,5621,6129
O’ Primmo Ammore RMX,it,273600.0,5900.0,60.0,,39,1487,1445,5622,5622,6130
Pendente*,it,187881.0,4714.0,66.0,,39,1472,785,5623,5623,6131
Masseria,pl,180000.0,5207.0,72.0,,39,1482,333,5624,5624,6132
Trap Take 2 Radio 105,en,304480.0,4559.0,33.0,,39,1485,1450,5625,5625,6133
Anima*,en,196613.0,4063.0,70.0,,39,1472,785,5626,5626,6134
Cobra Freestyle,en,203927.0,5483.0,15.0,,39,1488,1451,5627,5627,6135
Milione*,en,180000.0,5267.0,72.0,,39,1482,333,5628,5628,6136
Calibro*,it,155493.0,5178.0,68.0,,39,1472,785,5629,5629,6137
Pirati*,it,155493.0,5499.0,68.0,,39,1472,785,5630,5630,6139
Simm Turnat,pl,195906.0,5367.0,27.0,,39,1489,711,5631,5631,6140
“Febbraio” Freestyle #3,co,247626.0,4424.0,55.0,,39,1472,785,5632,5632,6141
P Secondigliano RMX,pl,229893.0,4720.0,60.0,,39,1471,557,5633,5633,6142
America*,cs,186533.0,4264.0,2.0,,39,1490,1452,5634,5634,6143
C Chiagn A Fa,it,228000.0,4273.0,79.0,,39,1491,17,5635,5635,6144
COVID19-FREESTYLE,en,206281.0,5366.0,0.0,,39,1492,1186,5636,5636,6145
Mercedes RMX,en,247626.0,5733.0,55.0,,39,1472,785,5637,5637,6146
Quand È Ser*,pt,155651.0,5943.0,59.0,,39,1493,989,5638,5638,6147
Classifiche*,it,180000.0,5271.0,72.0,,39,1482,895,5639,5639,6148
Irraggiungibile,it,209179.0,115425.0,51.0,,91,1494,666,5640,5640,6149
Bene ma non benissimo,it,192421.0,69209.0,50.0,,91,1494,802,5641,5641,6150
Amore a prima insta,it,182177.0,35576.0,42.0,,91,1494,350,5642,5642,6151
Sogni d’odio,it,209253.0,18064.0,25.0,,91,1495,1453,5643,5643,6152
Stronza bipolare,it,163560.0,17518.0,31.0,,91,1495,1453,5644,5644,6153
Full Metal Shade Freestyle,en,202508.0,15984.0,2.0,,91,1496,1454,5645,5645,6154
Se Mi Lasci Ti Disso,it,197708.0,12153.0,76.0,,91,1497,51,5646,5646,6155
Disco d’horror,it,93200.0,12369.0,17.0,,91,1495,1453,5647,5647,6156
Le cose peggiori,it,176111.0,6798.0,30.0,,91,1494,817,5648,5648,6157
Allora ciao,it,166254.0,8457.0,49.0,,91,1498,413,5649,5649,6158
Se i rapper fossero noi,it,189666.0,8716.0,22.0,,91,1495,1455,5650,5650,6159
Rapper Vs Trapper Freestyle,it,216029.0,6875.0,62.0,,91,1499,1456,5651,5651,6160
La hit dell’estate,it,188374.0,7893.0,61.0,,91,1500,1367,5652,5652,6161
Da 1 a 150,it,106973.0,6827.0,14.0,,91,1495,1453,5653,5653,6162
Shaday megamix (bonus track),it,268068.0,7748.0,16.0,,91,1501,1457,5654,5654,6163
Seventeen idol,it,224826.0,4798.0,23.0,,91,1495,1453,5655,5655,6164
Netflix,it,160746.0,5500.0,14.0,,91,1495,1453,5656,5656,6165
Fine settimana,it,183320.0,4346.0,21.0,,91,1495,1453,5657,5657,6166
Hit Ledger,en,294452.0,5442.0,22.0,,91,1501,591,5658,5658,6169
Patch Adams,it,164680.0,4365.0,24.0,,91,1495,1453,5659,5659,6170
Bar Mitzvah,it,204640.0,4485.0,14.0,,91,1495,1453,5660,5660,6171
Despacito Freestyle,it,216029.0,5002.0,62.0,,91,1499,1458,5661,5661,6172
Telefono senza feeling,it,193619.0,5847.0,20.0,,91,1501,1457,5662,5662,6173
Odio Le Hit Estive,it,178021.0,4437.0,27.0,,91,1502,1459,5663,5663,6174
Autostop,it,187375.0,4301.0,58.0,,91,1503,1460,5664,5664,6175
Truman,it,209179.0,5535.0,51.0,,91,1494,260,5665,5665,6176
Ouverture (Welcome To The Show),it,134464.0,5015.0,23.0,,91,1494,817,5666,5666,6177
"Boh, non so",en,161777.0,5842.0,16.0,,91,1504,260,5667,5667,6178
Halloween Freestyle,it,216029.0,4305.0,62.0,,91,1499,171,5668,5668,6179
Tutto l’alfabeto,it,107040.0,5304.0,13.0,,91,1495,1453,5669,5669,6180
Se i rapper fossero fake,it,189666.0,4478.0,22.0,,91,1495,1461,5670,5670,6181
In un’ora,pl,182500.0,4327.0,50.0,,91,1505,1462,5671,5671,6182
Il ritorno di Shade,it,134464.0,5381.0,23.0,,91,1494,1463,5672,5672,6183
Mai una gioia,it,196911.0,5202.0,22.0,,91,1501,1457,5673,5673,6184
Figurati noi,it,196736.0,5527.0,35.0,,91,1494,817,5674,5674,6185
Je t’aime,it,168545.0,4632.0,17.0,,91,1494,817,5675,5675,6186
Tutti a casa,pl,178593.0,4910.0,29.0,,91,1494,817,5676,5676,6187
Replay,it,204892.0,4825.0,18.0,,91,1494,817,5677,5677,6188
Selfie,it,231392.0,5987.0,16.0,,91,1501,1457,5678,5678,6189
10 flow in meno di due minuti,sr,380000.0,4598.0,23.0,,91,1506,1453,5679,5679,6190
Voldemort Freestyle,it,216029.0,4601.0,62.0,,91,1499,150,5680,5680,6191
BCUC,en,163573.0,4723.0,12.0,,91,1495,1453,5681,5681,6192
Severo ma giusto,it,171093.0,5144.0,21.0,,91,1494,817,5682,5682,6193
Il tuo anno,it,202380.0,4518.0,18.0,,91,1494,817,5683,5683,6194
Jesus Christ Webstar,it,232500.0,5848.0,16.0,,91,1494,817,5684,5684,6195
VideoGame Freestyle,it,216029.0,4544.0,62.0,,91,1499,1464,5685,5685,6196
Babbo Bastardo Freestyle,it,268068.0,5807.0,16.0,,91,1501,1465,5686,5686,6197
Beep!,it,201639.0,4221.0,10.0,,91,1501,1466,5687,5687,6198
Promesse,it,175153.0,5328.0,25.0,,91,1507,404,5688,5688,6199
Rap Fiction Freestyle,it,213562.0,5829.0,0.0,,91,1508,1467,5689,5689,6200
Freestyle track,it,216029.0,4351.0,62.0,,91,1499,1468,5690,5690,6201
Deadpool Freestyle,it,216029.0,5953.0,62.0,,91,1499,688,5691,5691,6202
Tori seduti,en,172730.0,4919.0,40.0,,91,1509,514,5692,5692,6203
Lunatica,it,157448.0,5909.0,28.0,,91,1510,420,5693,5693,6204
L’amore non è pop,it,195526.0,5370.0,10.0,,91,1501,1457,5694,5694,6205
Avanti il prossimo,en,169952.0,4616.0,11.0,,91,1501,1469,5695,5695,6206
Come il Mc,it,224000.0,4390.0,9.0,,91,1501,1457,5696,5696,6207
Young disastro,it,192000.0,4621.0,12.0,,91,1504,260,5697,5697,6208
Chances,en,199912.0,4196.0,13.0,,91,1511,1470,5698,5698,6209
Ex,en,168028.0,4300.0,25.0,,91,1507,404,5699,5699,6211
Cambiare stato,it,200933.0,4223.0,10.0,,91,1501,1457,5700,5700,6212
Pendolari,it,175950.0,4860.0,28.0,,91,1512,166,5701,5701,6213
Fenice,it,163764.0,5607.0,25.0,,91,1507,404,5702,5702,6214
Per Sempre Mai,it,174049.0,4295.0,32.0,,91,1513,421,5703,5703,6215
Iron Man,it,175555.0,4272.0,26.0,,91,1507,404,5704,5704,6216
Come litigare a San Valentino,it,180137.0,5300.0,75.0,,91,1514,1471,5705,5705,6217
Fuori Di Budget,it,146374.0,4406.0,21.0,,91,1507,404,5706,5706,6218
Come litigare col prof,it,241760.0,4207.0,62.0,,91,1515,1472,5707,5707,6219
Mazza da baseball,it,250775.0,4347.0,9.0,,91,1501,591,5708,5708,6220
Tutto Quello Che Ho,it,149491.0,5865.0,26.0,,91,1507,404,5709,5709,6221
Sopra Di Te,it,176166.0,5658.0,17.0,,91,1507,404,5710,5710,6223
Roveshade - Episodio 1: Purple Atos,it,220533.0,4722.0,0.0,,91,1516,1473,5711,5711,6224
Serie TV Freestyle,it,160746.0,5326.0,14.0,,91,1495,550,5712,5712,6225
Dragon Ball rappato in un minuto,it,222089.0,5089.0,49.0,,91,1517,1036,5713,5713,6226
SPACE JAM FREESTYLE,it,479773.0,5368.0,24.0,,91,1518,1474,5714,5714,6227
God Mode Freestyle,it,118764.0,5379.0,17.0,,91,1507,404,5715,5715,6228
Anni ’90 vs 2000 Freestyle,it,210586.0,5272.0,44.0,,91,1519,1475,5716,5716,6229
Come litigare con l’arbitro,it,180137.0,4545.0,75.0,,91,1514,1476,5717,5717,6230
Tutta la Serie A in un minuto,it,217226.0,4090.0,34.0,,91,1520,488,5718,5718,6231
I Mondiali Rappati In Un Minuto,it,209962.0,4923.0,71.0,,91,1521,498,5719,5719,6232
La La Rap Freestyle,it,224000.0,5796.0,9.0,,91,1501,493,5720,5720,6233
Nike React Freestyle,it,42066.0,5152.0,1.0,,91,1522,416,5721,5721,6234
Come baccagliare in chat in un minuto,it,186542.0,5680.0,40.0,,91,1523,1477,5722,5722,6235
5G FREESTYLE,it,188823.0,6000.0,14.0,,91,1524,897,5723,5723,6236
Answers Within - Focus Version,it,269310.0,4340.0,27.0,,91,1525,1478,5724,5724,6237
Cristiano Ronaldo a prima insta,it,228906.0,5399.0,60.0,,91,1526,1479,5725,5725,6238
Toi,fr,236706.0,5363.0,16.0,,91,1527,1480,5726,5726,6239
40 rime in meno di 40 metri,it,175403.0,5975.0,6.0,,91,1528,1481,5727,5727,6240
Come litigare con il VAR,it,176000.0,5987.0,78.0,,91,1529,252,5728,5728,6241
Nazionale Italiana Freestyle,it,106973.0,5387.0,14.0,,91,1495,1482,5729,5729,6242
L’estate in un minuto,it,155413.0,4500.0,63.0,,91,1530,952,5730,5730,6243
Roveshade-La Morte,it,189666.0,5613.0,22.0,,91,1495,1483,5731,5731,6244
Tutta l’Italia rappata in meno di due minuti,it,202573.0,4225.0,59.0,,91,1531,1484,5732,5732,6245
Reflex Zone,it,228999.0,5578.0,0.0,,91,1532,394,5733,5733,6246
Tutti i supereroi rappati in un minuto,it,194516.0,5837.0,74.0,,91,1533,1485,5734,5734,6247
Covid freestyle - shade,it,194723.0,4779.0,11.0,,91,1534,111,5735,5735,6248
Il campionato di calcio 2015,it,264739.0,5278.0,0.0,,91,1535,1486,5736,5736,6249
Brain Suck,en,165069.0,4873.0,0.0,,91,1536,1487,5737,5737,6250
Twist,it,131200.0,4887.0,22.0,,91,1537,1488,5738,5738,6251
One Take FM Free Mic,it,175013.0,4633.0,20.0,,91,1538,703,5739,5739,6252
Бары,ru,128623.0,5538.0,0.0,,91,1539,1489,5740,5740,6253
Se le canzoni Disney fossero rap,it,183520.0,5889.0,73.0,,91,1540,181,5741,5741,6254
Kin Of $in,en,265933.0,5896.0,29.0,,91,1541,1490,5742,5742,6255
Fuoco e benzina,it,209179.0,125564.0,60.0,,28,1542,558,5743,5743,6256
Linda,pt,199378.0,141238.0,50.0,,28,1543,1491,5744,5744,6257
Serio,it,218769.0,110049.0,59.0,,28,1544,130,5745,5745,6258
L’ultima volta,it,210960.0,90467.0,56.0,,28,1545,803,5746,5746,6259
Renè & Francis,it,176794.0,78942.0,48.0,,28,1545,803,5747,5747,6260
Broken Language,en,108973.0,83607.0,48.0,,28,1545,803,5748,5748,6261
No Insta,it,179759.0,103681.0,49.0,,28,1545,803,5749,5749,6262
Sparami,pl,188058.0,91076.0,46.0,,28,1545,803,5750,5750,6264
Rollercoaster,it,207550.0,91123.0,56.0,,28,1542,129,5751,5751,6265
Gli amici miei,it,268757.0,55681.0,44.0,,28,1545,803,5752,5752,6266
Jack,it,226226.0,66412.0,37.0,,28,1546,1158,5753,5753,6267
Cowboy,it,180546.0,42958.0,44.0,,28,1545,803,5754,5754,6268
Il mondo dei grandi,it,230769.0,47467.0,44.0,,28,1547,1492,5755,5755,6269
Morto di fame,it,163362.0,48878.0,50.0,,28,1548,603,5756,5756,6270
Lontano da me,it,225109.0,39526.0,39.0,,28,1545,803,5757,5757,6271
666,it,141676.0,50690.0,39.0,,28,1545,803,5758,5758,6272
La mia prigione,it,160981.0,39580.0,38.0,,28,1545,803,5759,5759,6273
Quella foto di noi due,it,194979.0,42666.0,57.0,,28,1542,1493,5760,5760,6274
Su di lei,en,232946.0,38382.0,52.0,,28,1546,1158,5761,5761,6275
Toro Loco,pl,164237.0,40793.0,51.0,,28,1545,803,5762,5762,6276
Linda (Reloaded),it,181935.0,33067.0,36.0,,28,1549,1494,5763,5763,6278
Maleducato,it,172556.0,31033.0,38.0,,28,1545,803,5764,5764,6279
La mia malattia,it,180300.0,44520.0,45.0,,28,1550,120,5765,5765,6280
Claro,pt,224050.0,33486.0,40.0,,28,1542,1493,5766,5766,6282
Malandrino,it,181471.0,41260.0,44.0,,28,1545,64,5767,5767,6283
Dal basso,it,204293.0,43206.0,39.0,,28,1546,1361,5768,5768,6284
10 Comandamenti,it,303296.0,31657.0,37.0,,28,1551,1495,5769,5769,6286
Adios,it,192607.0,32345.0,38.0,,28,1542,1493,5770,5770,6287
3 messaggi in segreteria,it,206933.0,37894.0,48.0,,28,1546,1158,5771,5771,6288
Quello che non ho,it,213072.0,41535.0,37.0,,28,1545,803,5772,5772,6289
Medaglia,it,197986.0,40747.0,41.0,,28,1545,803,5773,5773,6290
ON FIRE  (paid in full),it,176000.0,34889.0,58.0,,28,1552,22,5774,5774,6291
L’erba cattiva,it,231655.0,38961.0,58.0,,28,1547,1496,5775,5775,6292
SENZ’ANIMA (nikita),it,193453.0,29665.0,56.0,,28,1552,22,5776,5776,6293
Street movie,en,167080.0,39925.0,38.0,,28,1548,603,5777,5777,6295
Parole di ghiaccio,it,231655.0,39291.0,58.0,,28,1547,549,5778,5778,6296
Notte gialla,it,191065.0,27642.0,46.0,,28,1548,603,5779,5779,6297
No Cap,it,193432.0,29142.0,51.0,,28,1553,256,5780,5780,6298
Non è facile,pl,202626.0,26188.0,40.0,,28,1546,1158,5781,5781,6299
Nel male e nel bene,it,190568.0,28019.0,45.0,,28,1548,603,5782,5782,6300
Maracanã,it,215369.0,33486.0,56.0,,28,1554,1497,5783,5783,6301
Quello di prima,it,231040.0,27481.0,37.0,,28,1546,1498,5784,5784,6302
Dope 2,it,171723.0,24046.0,36.0,,28,1542,1493,5785,5785,6304
Il Seme del Male,it,155664.0,26350.0,36.0,,28,1545,803,5786,5786,6305
Qualche sasso,it,127786.0,31510.0,37.0,,28,1548,603,5787,5787,6306
Parigi,it,190240.0,26583.0,41.0,,28,1546,1158,5788,5788,6307
Jam session,en,169280.0,24061.0,38.0,,28,1548,603,5789,5789,6308
Vestiti sporchi,it,204920.0,21088.0,37.0,,28,1546,1158,5790,5790,6309
Open Water,it,185598.0,28840.0,36.0,,28,1542,1493,5791,5791,6310
COL CUORE IN GOLA (lords of dogtown),it,188640.0,26267.0,48.0,,28,1552,22,5792,5792,6311
Cult,it,226546.0,21162.0,46.0,,28,1546,1499,5793,5793,6312
Supereroe,it,209179.0,19187.0,60.0,,28,1542,1493,5794,5794,6313
Cocaina,it,208525.0,17919.0,37.0,,28,1542,1493,5795,5795,6314
Buonanotte,pl,228586.0,18473.0,34.0,,28,1546,1158,5796,5796,6315
Soli (Assieme),pl,205720.0,22082.0,50.0,,28,1555,1500,5797,5797,6316
Uno come me,it,204906.0,24770.0,37.0,,28,1546,1158,5798,5798,6317
Mille strade,it,211914.0,20839.0,39.0,,28,1542,1493,5799,5799,6318
All’alba delle 6:00,pl,219026.0,23720.0,34.0,,28,1546,1158,5800,5800,6319
Senza cuore & senza nome,it,174312.0,20375.0,37.0,,28,1542,1493,5801,5801,6320
No police no problem,pl,146230.0,21977.0,36.0,,28,1548,603,5802,5802,6321
VISCERALE (closer),it,184160.0,21951.0,40.0,,28,1552,22,5803,5803,6322
Come fossimo cowboy,it,195163.0,16850.0,38.0,,28,1542,1493,5804,5804,6323
Per Tutta La Città,it,166153.0,18135.0,43.0,,28,1553,256,5805,5805,6324
BIG BANG (upside down),it,198253.0,19987.0,44.0,,28,1552,22,5806,5806,6325
Scordarmi chi ero,it,232306.0,15434.0,46.0,,28,1555,1501,5807,5807,6326
MC DRIVE (la haine),it,180000.0,17411.0,41.0,,28,1552,22,5808,5808,6328
ALBICOCCA (lolita),it,162733.0,18366.0,41.0,,28,1552,22,5809,5809,6329
Non era vero,it,228733.0,21605.0,40.0,,28,1546,1502,5810,5810,6330
Il Seme del Male RMX,it,162519.0,17720.0,31.0,,28,1553,256,5811,5811,6332
Lettera dall’inferno,it,230446.0,19816.0,35.0,,28,1554,1503,5812,5812,6333
Sopravvissuto,it,191893.0,16895.0,31.0,,28,1546,1158,5813,5813,6334
Neve e fango,pl,178146.0,19315.0,34.0,,28,1556,1504,5814,5814,6335
Batman,pl,166396.0,17420.0,34.0,,28,1550,339,5815,5815,6336
Psycho,it,142872.0,18668.0,31.0,,28,1548,603,5816,5816,6337
I soldi degli altri,it,176293.0,15515.0,34.0,,28,1548,603,5817,5817,6339
Mercurio,it,215369.0,16688.0,56.0,,28,1554,1500,5818,5818,6340
Più Lei Che Noi,pl,183703.0,16296.0,41.0,,28,1553,256,5819,5819,6341
Donald Trump,it,168674.0,14814.0,31.0,,28,1542,1493,5820,5820,6342
In auto alle 6:00,it,167283.0,12873.0,69.0,,28,1557,37,5821,5821,6343
L’Ultima Volta RMX,it,216521.0,12036.0,30.0,,28,1553,256,5822,5822,6344
TOXIC (trainspotting),en,180000.0,11341.0,41.0,,28,1552,22,5823,5823,6345
Vecchia maniera,it,275613.0,16156.0,34.0,,28,1546,1158,5824,5824,6347
Crudo,it,168493.0,12389.0,34.0,,28,1553,256,5825,5825,6348
Ok Così,it,147567.0,11759.0,39.0,,28,1553,256,5826,5826,6349
Giovani eroi,it,152733.0,14390.0,35.0,,28,1548,603,3194,3194,3506
A cena dai tuoi,it,217866.0,12197.0,48.0,,28,1555,1505,5827,5827,6350
PACINO (the godfather),it,122426.0,12911.0,38.0,,28,1552,22,5828,5828,6351
SONNY (city of god),it,190520.0,10980.0,39.0,,28,1552,22,5829,5829,6352
Balla col diavolo,it,231227.0,15029.0,27.0,,28,1554,1506,5830,5830,6354
Piede in strada,it,159960.0,14362.0,30.0,,28,1548,603,5831,5831,6355
C’era Una Volta,it,147692.0,14389.0,34.0,,28,1551,1495,5832,5832,6356
ATTORI DI STRADA (ragazzi fuori),it,210453.0,11885.0,41.0,,28,1552,22,5833,5833,6357
LONTANO (carlito’s way),it,166946.0,13417.0,41.0,,28,1552,22,5834,5834,6358
Tijuana,it,182000.0,10395.0,31.0,,28,1558,1386,5835,5835,6359
BEL FINALE (the butterfly effect),it,111800.0,9595.0,36.0,,28,1552,22,5836,5836,6360
Lo Sanno I Veri,it,131208.0,9470.0,28.0,,28,1551,1495,5837,5837,6361
Italian Dream,it,175640.0,11731.0,33.0,,28,1546,1158,5838,5838,6362
Montecarlo,it,196613.0,10843.0,33.0,,28,1550,339,5839,5839,6363
Superman,it,189890.0,11048.0,29.0,,28,1551,1495,5840,5840,6364
Prima che sia lunedì,it,187680.0,8591.0,33.0,,28,1546,1158,5841,5841,6365
Colpo di Fulmine (outro),it,139780.0,10237.0,28.0,,28,1551,1495,5842,5842,6366
Se penso al Rap,it,205022.0,11358.0,33.0,,28,1554,1506,5843,5843,6367
Demoni,it,221204.0,10041.0,56.0,,28,1559,1507,5844,5844,6368
Ognuno per sè,it,194526.0,11015.0,31.0,,28,1547,1496,5845,5845,6369
Vaffanculo,it,194723.0,8965.0,11.0,,28,1560,1508,5846,5846,6370
MASERATI (the wolf of wall street),it,136000.0,11005.0,36.0,,28,1552,22,5847,5847,6371
Sei tu,it,214400.0,9935.0,20.0,,28,1561,1158,5848,5848,6372
Di Tutti I Colori,it,205714.0,8406.0,27.0,,28,1551,1495,5849,5849,6373
Racai Status,it,195164.0,8282.0,29.0,,28,1551,1495,5850,5850,6375
Se Il Mondo Fosse,it,193043.0,9284.0,2.0,,28,1562,1509,5851,5851,6378
RAY LIOTTA (goodfellas),it,184097.0,9724.0,47.0,,28,1563,1510,5852,5852,6381
Killa Story,it,156440.0,8107.0,3.0,,28,1564,1511,5853,5853,6382
Bla bla,it,227184.0,7527.0,41.0,,28,1565,1504,5854,5854,6383
Champagne e spine,it,178146.0,9057.0,34.0,,28,1556,1504,5855,5855,6384
Champions,it,200439.0,8354.0,24.0,,28,1551,1495,5856,5856,6385
Martin Luther King,it,253186.0,7491.0,23.0,,28,1551,1495,5857,5857,6386
Nino Nino,it,172071.0,7508.0,51.0,,28,1566,196,5858,5858,6387
Vietnam Flow,en,223093.0,6455.0,28.0,,28,1555,1500,5859,5859,6388
Romanzo criminale,it,226920.0,7377.0,32.0,,28,1556,1504,5860,5860,6389
Andale,pl,184902.0,6513.0,27.0,,28,1567,1512,5861,5861,6390
Apatia,it,187693.0,8255.0,25.0,,28,1556,1504,5862,5862,6391
Come un pitbull,it,220797.0,6568.0,29.0,,28,1547,1496,5863,5863,6392
Capo status,pl,168133.0,6555.0,28.0,,28,1556,1504,5864,5864,6393
Gli stessi di sempre,it,205826.0,6721.0,30.0,,28,1555,1500,5865,5865,6394
B.Rex Bestie,pl,216263.0,7581.0,25.0,,28,1551,1495,5866,5866,6395
Bella Idea,it,208351.0,7147.0,25.0,,28,1551,1495,5867,5867,6396
Sulla luna (intro),it,128000.0,6054.0,26.0,,28,1547,1513,5868,5868,6397
Tutto quello che ho,it,153964.0,6699.0,39.0,,28,1568,1496,5869,5869,6398
Ombre,en,184226.0,6315.0,24.0,,28,1556,1504,5870,5870,6399
I.L.T.G. (I Love This Game),en,194175.0,5848.0,22.0,,28,1569,1514,5871,5871,6400
BUTTERFLY,it,176455.0,4851.0,55.0,,28,1570,439,5872,5872,6401
Giusto o sbagliato,it,195337.0,5394.0,29.0,,28,1547,1496,5873,5873,6402
Era Meglio Ieri,it,225200.0,4812.0,22.0,,28,1556,1508,5874,5874,6403
Broken Dolls,it,209840.0,6202.0,57.0,,28,1571,1508,5875,5875,6404
DANTE (il profeta),it,101960.0,4839.0,36.0,,28,1563,1510,5876,5876,6405
JOE PESCI & DE NIRO (casinò),it,157186.0,6047.0,40.0,,28,1563,1510,5877,5877,6406
Milano male,it,141573.0,5119.0,23.0,,28,1556,1504,5878,5878,6407
Il king,it,176285.0,5308.0,32.0,,28,1572,731,5879,5879,6408
K.I.L.L.A.,it,167283.0,5103.0,69.0,,28,1557,1515,5880,5880,6409
Teen Idol,pt,204944.0,4271.0,19.0,,28,1572,1158,5881,5881,6410
Blocco Boyz,it,294746.0,4765.0,20.0,,28,1555,1500,5882,5882,6412
La bara più grande del mondo,it,222641.0,4211.0,26.0,,28,1573,1516,5883,5883,6413
Fratelli a metà,it,217586.0,5262.0,21.0,,28,1554,1500,5884,5884,6414
Cashwoman,it,173686.0,4910.0,26.0,,28,1547,1517,5885,5885,6415
Di.Enne.A.,it,257888.0,5573.0,27.0,,28,1547,1496,5886,5886,6416
Vampiri,it,223306.0,4456.0,42.0,,28,1574,1518,5887,5887,6417
Wow,it,186720.0,4343.0,26.0,,28,1555,1519,5888,5888,6418
Straight Rydah,en,219664.0,4827.0,20.0,,28,1554,1500,5889,5889,6419
Dietro front,it,189316.0,5871.0,28.0,,28,1547,1496,5890,5890,6420
Il peggiore,it,209684.0,5439.0,26.0,,28,1573,1516,5891,5891,6421
Pum pum,pl,164120.0,4852.0,19.0,,28,1556,1508,5892,5892,6422
Va bene,it,180253.0,5050.0,23.0,,28,1555,1500,5893,5893,6423
Come Sto (64 Bars),pl,187293.0,4178.0,55.0,,28,1575,1520,5894,5894,6424
Sexy line,pl,186827.0,5985.0,20.0,,28,1573,582,5895,5895,6425
MB45,it,184866.0,5349.0,21.0,,28,1555,1500,5896,5896,6426
Bad,it,209840.0,4584.0,57.0,,28,1571,1508,5897,5897,6427
Click clack,it,167093.0,5188.0,23.0,,28,1556,1504,5898,5898,6428
13 Anni,pl,192527.0,4232.0,25.0,,28,1551,1495,5899,5899,6431
BEL FINALE (buttefly effect),it,202146.0,5947.0,23.0,,28,1556,1510,5900,5900,6432
Ciò che perdi,it,125760.0,4362.0,22.0,,28,1556,1504,5901,5901,6433
Casinò,it,157186.0,5313.0,40.0,,28,1563,1495,5902,5902,6434
Nice pic,it,189767.0,4504.0,23.0,,28,1547,1496,5903,5903,6435
Stupefacente,it,217155.0,5453.0,20.0,,28,1573,1521,5904,5904,6437
Che abbia vinto o no,it,190212.0,5572.0,33.0,,28,1576,1522,5905,5905,6438
COVID FREESTYLE,it,194723.0,5361.0,11.0,,28,1560,1523,5906,5906,6439
Tutti in catene,it,196127.0,5242.0,21.0,,28,1573,1524,5907,5907,6440
Essere umano,it,209720.0,5803.0,22.0,,28,1555,1500,5908,5908,6441
Ho visto,it,165213.0,4170.0,23.0,,28,1556,1504,5909,5909,6442
Conseguenze,it,178226.0,4675.0,20.0,,28,1556,1504,5910,5910,6443
I’m the shit,pl,152226.0,4510.0,21.0,,28,1556,1504,5911,5911,6444
Non Fa Per Me,it,233163.0,5995.0,33.0,,28,1577,1508,5912,5912,6445
Brutta,pl,224064.0,4794.0,22.0,,28,1554,1506,5913,5913,6446
Lucifero,it,173907.0,5481.0,51.0,,28,1578,514,5914,5914,6447
Grigio,it,269880.0,5386.0,19.0,,28,1556,1504,5915,5915,6450
I 3 tempi,it,225200.0,4438.0,22.0,,28,1556,1504,5916,5916,6451
NOI SIAMO LEGGENDA (chronicle),it,158106.0,4490.0,35.0,,28,1563,1510,5917,5917,6452
Bianco & Nero,it,269880.0,4576.0,19.0,,28,1556,1508,5918,5918,6453
Stammi Dietro,pl,130548.0,4837.0,47.0,,28,1579,1508,5919,5919,6454
La testa vuota,it,258680.0,4482.0,23.0,,28,1555,1500,5920,5920,6455
#Rossoneri,it,187770.0,4050.0,34.0,,28,1580,1258,5921,5921,6456
È meglio così,it,212903.0,5776.0,22.0,,28,1572,731,5922,5922,6457
D Love,it,167080.0,5949.0,38.0,,28,1548,354,5923,5923,6458
Qualcosa non va,it,165590.0,4698.0,20.0,,28,1573,1525,5924,5924,6459
Cocktailz,it,213380.0,4691.0,20.0,,28,1547,1496,5925,5925,6461
HUMBLE (sicario),it,163373.0,4023.0,35.0,,28,1563,1510,5926,5926,6462
Vieni qua,it,235173.0,5377.0,15.0,,28,1581,1526,5927,5927,6463
No Smile,no,184097.0,5668.0,47.0,,28,1563,1508,5928,5928,6464
Nei guai,it,194526.0,4306.0,18.0,,28,1547,1496,5929,5929,6465
LA RIVINCITA,pl,154647.0,4332.0,21.0,,28,1582,1527,5930,5930,6466
Perché tu no,it,254626.0,5598.0,31.0,,28,1583,1500,5931,5931,6467
Io sono la moda,it,187924.0,5250.0,16.0,,28,1573,582,5932,5932,6468
Iniorance Boy,pl,184097.0,4101.0,47.0,,28,1563,1508,5933,5933,6470
Consapevolezza,it,169493.0,5261.0,17.0,,28,1556,1504,5934,5934,6472
Demolition,en,209840.0,4630.0,57.0,,28,1571,1508,5935,5935,6473
A Bada,pl,209840.0,4753.0,57.0,,28,1571,1508,5936,5936,6474
Tagli,pl,207537.0,5557.0,1.0,,28,1584,1526,5937,5937,6475
B. Rex cricca,pl,193813.0,5639.0,16.0,,28,1556,1504,5938,5938,6481
Ho scritto un testo,it,162461.0,4816.0,12.0,,28,1585,1526,5939,5939,6482
Non Credo,pl,269880.0,5913.0,19.0,,28,1556,1526,5940,5940,6484
Abbracci,it,187924.0,4828.0,16.0,,28,1573,1526,5941,5941,6485
MI.TO,it,165120.0,5559.0,23.0,,28,1586,1526,5942,5942,6486
Chissà se,it,212665.0,4982.0,18.0,,28,1572,1074,5943,5943,6487
Più rispetto,it,204944.0,5812.0,19.0,,28,1572,731,5944,5944,6488
Groupie Love,it,194175.0,5834.0,22.0,,28,1569,1526,5945,5945,6489
The Flow Clocker Intro,en,167080.0,4188.0,38.0,,28,1548,1526,5946,5946,6490
Sai Che C’è,pl,258431.0,5892.0,24.0,,28,1587,1508,5947,5947,6491
La mia risposta,it,233163.0,5669.0,33.0,,28,1577,1526,5948,5948,6492
Cresciuto,it,204293.0,5601.0,39.0,,28,1546,1508,5949,5949,6493
Veri e Falsi,it,200439.0,4415.0,24.0,,28,1551,1526,5950,5950,6495
Buona La Prima,en,193043.0,5628.0,2.0,,28,1562,1526,5951,5951,6496
Riempimi le tasche,it,253186.0,5717.0,23.0,,28,1551,1526,5952,5952,6497
Godzilla Flow Freestyle,en,167080.0,4592.0,38.0,,28,1548,1526,5953,5953,6498
Check Check,it,219066.0,5923.0,26.0,,28,1588,1528,5954,5954,6499
Ti Porto Il Dramma 2 RMX,it,186720.0,4112.0,26.0,,28,1555,1508,5955,5955,6500
Hate/Love Freestyle,it,254400.0,4313.0,44.0,,28,1589,1526,5956,5956,6501
COVID FREESTYLE 2,it,204293.0,5089.0,39.0,,28,1546,14,5957,5957,6502
Dall’altra parte del mondo,it,186720.0,5168.0,26.0,,28,1554,1500,5958,5958,6503
Loccato RMX,it,209840.0,5307.0,57.0,,28,1571,1508,5959,5959,6504
Alzati e combatti,it,209840.0,4046.0,57.0,,28,1571,1529,5960,5960,6505
P Sound,it,211617.0,5939.0,0.0,,28,1590,1508,5961,5961,6506
Autodistruzione,it,209840.0,4103.0,57.0,,28,1571,1530,5962,5962,6507
Beatbox Shit,pl,281893.0,4298.0,3.0,,28,1591,1526,5963,5963,6510
Dramma Music,pl,142872.0,4041.0,31.0,,28,1548,1526,5964,5964,6511
Run to the Roc,it,213280.0,5150.0,46.0,,28,1592,1526,5965,5965,6512
Covid freestyle pt.1,it,195164.0,5880.0,29.0,,28,1551,111,5966,5966,6513
2 cose da dire,it,226906.0,5347.0,82.0,,28,1593,1500,5967,5967,6514
COVID FREESTYLE 3,it,169280.0,5661.0,38.0,,28,1548,111,5968,5968,6515
Non mi fido più,it,209840.0,4039.0,57.0,,28,1571,345,5969,5969,6516
32 sfasi,it,187693.0,5097.0,25.0,,28,1556,1531,5970,5970,6517
Killers,it,199285.0,4934.0,13.0,,28,1594,1532,5971,5971,6518
Stelle nel flipper,it,191080.0,5012.0,10.0,,28,1595,300,5972,5972,6519
Non so,it,233476.0,4158.0,37.0,,28,1596,295,5973,5973,6520
La mia provincia,it,225200.0,5384.0,22.0,,28,1556,735,5974,5974,6521
Typhoon Freestyle,it,194723.0,5019.0,11.0,,28,1560,1533,5975,5975,6522
Covid Freestyle pt3,it,194723.0,5544.0,11.0,,28,1560,111,5976,5976,6523
Sensi in coma,it,194501.0,4983.0,9.0,,28,1597,604,5977,5977,6524
Non sei me,it,254626.0,4311.0,31.0,,28,1583,354,5978,5978,6525
Twist,it,174638.0,5314.0,62.0,,12,1598,1534,5979,5979,6526
Loco Loco Loco,it,237117.0,4357.0,97.0,,12,1599,1535,5980,5980,6527
Si Dai Ciao,it,160268.0,5763.0,64.0,,12,1600,1536,5981,5981,6528
Capetto Kinghetto,en,140240.0,5240.0,43.0,,12,1601,1535,5982,5982,6530
BOOMSHAKALAKA,it,264870.0,4327.0,31.0,,12,1602,1537,5983,5983,6531
Phai Come Vuoi,it,197708.0,5942.0,76.0,,12,1603,1538,5984,5984,6532
Straphatto,it,199384.0,5052.0,45.0,,12,1604,1535,5985,5985,6533
Ciuph Ciuph,it,208135.0,4157.0,76.0,,12,1605,1535,5986,5986,6534
Di Tutti I Colori,it,212148.0,5270.0,72.0,,12,1606,1535,5987,5987,6535
Waci Waci,it,200493.0,4519.0,50.0,,12,1607,1539,5988,5988,6536
Hula Hoop,it,232411.0,5625.0,62.0,,12,1608,741,5989,5989,6537
Uppha,it,280669.0,5653.0,50.0,,12,1609,1535,5990,5990,6538
Senza pagare VS T-Pain,it,210099.0,112133.0,62.0,,48,1610,1161,5991,5991,6539
Italiana,it,174172.0,69898.0,63.0,,48,1611,1540,5992,5992,6540
Assenzio,pl,250533.0,60415.0,52.0,,48,1610,1541,5993,5993,6542
Vorrei ma non posto,it,225866.0,61672.0,61.0,,48,1610,1542,5994,5994,6543
Favorisca i sentimenti,it,126093.0,47732.0,43.0,,48,1612,1173,5995,5995,6544
Sconosciuti da una vita,it,180128.0,42857.0,40.0,,48,1613,1543,5996,5996,6545
Intro,it,271880.0,40481.0,49.0,,48,1614,268,5997,5997,6546
Maria Salvador,it,223053.0,23375.0,59.0,,48,1614,1544,5998,5998,6547
Piccole cose,it,215880.0,21315.0,45.0,,48,1610,1545,5999,5999,6548
Comunisti col Rolex,it,210099.0,24527.0,62.0,,48,1610,414,6000,6000,6549
Senza pagare,it,210099.0,24516.0,62.0,,48,1610,1545,6001,6001,6550
Tutto tua madre,it,226000.0,17710.0,43.0,,48,1615,324,6002,6002,6551
Fratelli di paglia,it,214733.0,17093.0,26.0,,48,1610,1545,6003,6003,6552
Il bello d’esser brutti,it,223053.0,17583.0,59.0,,48,1614,1546,6004,6004,6553
Ostia Lido,it,173266.0,20122.0,57.0,,48,1616,264,6005,6005,6554
Meglio tardi che noi,it,201133.0,13882.0,28.0,,48,1610,1545,6006,6006,6555
Cuore nerd,it,164626.0,17110.0,25.0,,48,1610,1545,6007,6007,6556
Ribelle e basta,it,215453.0,8381.0,32.0,,48,1614,268,6008,6008,6557
Il giorno e la notte,it,211200.0,9502.0,27.0,,48,1610,1545,6009,6009,6558
Mainstream (La scala sociale del Rap),pl,206280.0,8363.0,23.0,,48,1616,33,1337,1337,1446
La Mia Hit,it,212640.0,9229.0,44.0,,48,1616,413,6010,6010,6559
Musica del cazzo,it,214626.0,6628.0,28.0,,48,1610,1545,6011,6011,6560
L’Italia per me,it,207333.0,7542.0,28.0,,48,1610,1545,6012,6012,6561
Pericoloso,it,220146.0,5719.0,33.0,,48,1616,33,6013,6013,6562
Milano intorno,it,196093.0,6573.0,28.0,,48,1610,1545,6014,6014,6563
Immorale,it,227893.0,6912.0,41.0,,48,1617,1547,6015,6015,6564
Ti amo o ti ammazzo,it,219253.0,4998.0,40.0,,48,1617,1548,6016,6016,6565
Salsa,it,195750.0,6679.0,46.0,,48,1618,596,6017,6017,6566
Deca Dance,pl,189293.0,5976.0,37.0,,48,1617,1003,6018,6018,6567
Timberland Pro,it,231999.0,4629.0,22.0,,48,1619,1549,6019,6019,6568
Piccoli per sempre,it,240600.0,4939.0,41.0,,48,1617,370,6020,6020,6569
Allergia,it,229973.0,4333.0,22.0,,48,1610,1545,6021,6021,6570
"Quando piove, diluvia",it,222586.0,5416.0,22.0,,48,1616,33,6022,6022,6571
Beretta,it,211386.0,5535.0,32.0,,48,1616,33,6023,6023,6572
Tutto il mondo è periferia,it,201306.0,4224.0,24.0,,48,1610,1545,6024,6024,6573
Per sempre nell’83,it,197173.0,5026.0,35.0,,48,1616,33,6025,6025,6574
Supercalifragili,it,170133.0,5646.0,40.0,,48,1616,33,6026,6026,6576
Devi morire,it,253106.0,5889.0,19.0,,48,1612,1173,6027,6027,6577
S.N.O.B Reloaded,en,237727.0,5044.0,0.0,,48,1620,1550,6028,6028,6582
Anni luce,it,197533.0,5917.0,21.0,,48,1610,1545,6029,6029,6583
Reale,it,173266.0,5087.0,57.0,,48,1616,33,6030,6030,6584
Caramelle,it,218413.0,4804.0,42.0,,48,1614,268,6031,6031,6585
Redneck,it,218880.0,5713.0,22.0,,48,1616,33,6032,6032,6586
Il kaos è chiuso,it,243213.0,5000.0,13.0,,48,1612,1173,6033,6033,6587
L’uomo col cappello,it,223106.0,4959.0,35.0,,48,1614,268,6034,6034,6588
Tua mamma,it,222226.0,4996.0,34.0,,48,1621,1551,6035,6035,6589
Cristoforo Colombo,it,208253.0,5710.0,22.0,,48,1616,33,6036,6036,6590
Hai rotto il catso,it,207933.0,5682.0,32.0,,48,1614,268,6037,6037,6591
Bimbiminkia4life,it,225093.0,4822.0,31.0,,48,1614,268,6038,6038,6592
Santoro e peyote,it,223706.0,4681.0,27.0,,48,1614,268,6039,6039,6593
Perdere la testa,it,224706.0,4997.0,14.0,,48,1612,1173,6040,6040,6594
Old skull,it,218773.0,5163.0,30.0,,48,1614,268,6041,6041,6595
Sopra la media,it,217573.0,4491.0,31.0,,48,1614,268,6042,6042,6596
Meglio prima,it,229160.0,5605.0,29.0,,48,1617,1552,6043,6043,6597
A me mi,it,186453.0,4987.0,16.0,,48,1622,33,6044,6044,6598
Ancora in piedi,it,244960.0,4681.0,31.0,,48,1623,1553,6045,6045,6599
Pieno di stronzi,it,244760.0,4225.0,21.0,,48,1610,1545,6046,6046,6600
Una voglia assurda,it,174646.0,4491.0,37.0,,48,1616,6,6047,6047,6601
Miss & Mr. Hyde,it,387533.0,5917.0,4.0,,48,1624,268,6048,6048,6602
Via di qua,it,207333.0,4624.0,36.0,,48,1616,533,6049,6049,6603
Siamesi,it,209613.0,4349.0,19.0,,48,1616,33,6050,6050,6604
Cuore a lato,it,203146.0,4936.0,19.0,,48,1616,33,6051,6051,6605
The Pub Song,pl,241906.0,4628.0,33.0,,48,1614,268,6052,6052,6606
Uno di quei giorni,it,207653.0,4084.0,38.0,,48,1614,229,6053,6053,6607
Rap ’n’ Roll,pl,217093.0,4662.0,25.0,,48,1625,1554,6054,6054,6608
Fiesta!,it,177866.0,5103.0,23.0,,48,1616,33,6055,6055,6609
Sarò scemo,it,158093.0,5117.0,16.0,,48,1616,33,6056,6056,6610
Il terzo spritz,it,171506.0,4727.0,25.0,,48,1616,33,6057,6057,6611
Sono un Fan,it,166253.0,4909.0,35.0,,48,1626,1555,6058,6058,6612
Dentro me,it,245866.0,5950.0,26.0,,48,1623,1553,6059,6059,6613
S.N.O.B.,it,229600.0,4769.0,30.0,,48,1621,1551,6060,6060,6614
+ Stile,it,208173.0,4530.0,29.0,,48,1625,1556,6061,6061,6615
Maria Salvador (Video Version),sr,230933.0,4502.0,26.0,,48,1627,573,6062,6062,6616
Amo l’Odio,it,189013.0,4928.0,21.0,,48,1626,1555,6063,6063,6617
Un altro viaggio,it,254080.0,5534.0,24.0,,48,1614,268,6064,6064,6618
I love my bike,it,250013.0,4426.0,26.0,,48,1617,1553,6065,6065,6619
Tutto o niente,it,238693.0,5435.0,25.0,,48,1614,268,6066,6066,6620
La tangenziale,it,212173.0,4055.0,25.0,,48,1614,268,6067,6067,6621
Un Tera di Felicità,it,206866.0,4852.0,21.0,,48,1626,1555,6068,6068,6622
Tifo Italia,pl,204026.0,5568.0,21.0,,48,1626,1555,6069,6069,6623
Musica da rabbia,it,220586.0,4693.0,22.0,,48,1623,1553,6070,6070,6624
Buonanotte Italia,it,207133.0,5143.0,32.0,,48,1621,1551,6071,6071,6625
Vecchia scuola,it,198000.0,4424.0,22.0,,48,1625,1547,6072,6072,6626
Rock city,it,217493.0,5501.0,25.0,,48,1614,268,6073,6073,6627
Domenica Da Coma,it,166640.0,4118.0,31.0,,48,1617,325,6074,6074,6628
I Vecchietti fanno o,it,245653.0,5723.0,24.0,,48,1617,1557,6075,6075,6629
Tre paperelle,en,230960.0,4411.0,23.0,,48,1625,354,6076,6076,6630
I Film di Truffaut,it,164786.0,5764.0,19.0,,48,1626,1555,6077,6077,6631
Il commercialista,it,217293.0,4721.0,24.0,,48,1625,1547,6078,6078,6632
Di sana pianta,it,229026.0,5463.0,32.0,,48,1621,1551,6079,6079,6633
Come io comanda,it,233520.0,4654.0,22.0,,48,1628,1558,6080,6080,6634
Sei sicura,it,241333.0,5829.0,31.0,,48,1621,1551,6081,6081,6635
Io non te lo do,pl,220093.0,4267.0,13.0,,48,1628,1554,6082,6082,6636
Intro (Multiplatinum Edition Version),it,301500.0,4370.0,21.0,,48,1629,346,6083,6083,6637
Questi ragazzini,it,211986.0,5001.0,17.0,,48,1623,1553,6084,6084,6639
Stronzy,it,149320.0,4175.0,17.0,,48,1626,1555,6085,6085,6640
Voglio La Mamma,it,165680.0,4405.0,18.0,,48,1626,88,6086,6086,6641
Reci-divo,it,243520.0,5906.0,25.0,,48,1623,1553,6087,6087,6642
Tutta scena,it,218546.0,5970.0,27.0,,48,1623,1553,6088,6088,6643
Altra vita,it,174133.0,4767.0,28.0,,48,1623,1553,6089,6089,6644
Che Classe,it,211200.0,5864.0,18.0,,48,1626,1555,6090,6090,6645
Sono di moda,it,182866.0,5105.0,26.0,,48,1614,268,6091,6091,6646
Se mi sposo,it,221586.0,4553.0,23.0,,48,1621,1551,6092,6092,6647
Canzone Country,it,189600.0,5421.0,19.0,,48,1626,1555,6093,6093,6648
Come Willy l’orbo,en,202866.0,5335.0,25.0,,48,1630,1547,6094,6094,6649
Generazione zero,en,227927.0,5997.0,23.0,,48,1621,1551,6095,6095,6650
Nati così,it,245080.0,4544.0,24.0,,48,1614,268,6096,6096,6651
Aqua nella scquola,it,231013.0,5361.0,26.0,,48,1621,1551,6097,6097,6652
Come un sasso,it,222173.0,4117.0,19.0,,48,1617,1547,6098,6098,6653
Fabrizio fa brutto,it,148680.0,4239.0,19.0,,48,1621,1551,6099,6099,6654
Anni amari,it,234640.0,4020.0,17.0,,48,1625,1547,6100,6100,6655
Il mostro sei tu!,it,256253.0,6018.0,17.0,,48,1623,1553,6101,6101,6656
Vendesi idolo,it,223600.0,5623.0,18.0,,48,1630,1547,6102,6102,6657
Mi rifiuto,it,221293.0,5592.0,19.0,,48,1628,1554,6103,6103,6658
I Love Paranoia,it,191777.0,5035.0,19.0,,48,1630,1547,6104,6104,6659
Da Milano a Pizzo,it,231933.0,4614.0,13.0,,48,1623,1553,6105,6105,6660
Signora,it,260333.0,4315.0,17.0,,48,1628,1558,6106,6106,6661
Aumentaci le dosi,it,233613.0,4583.0,19.0,,48,1628,1554,6107,6107,6662
Le chiavi di casa,it,224173.0,4767.0,22.0,,48,1621,1551,6108,6108,6663
Per una volta,it,207440.0,5531.0,22.0,,48,1623,1553,6109,6109,6664
In mezzo,it,263266.0,5094.0,14.0,,48,1628,354,6110,6110,6665
(La notte) vale tutto,it,229466.0,4166.0,16.0,,48,1623,1553,6111,6111,6666
Escono i pazzi,it,205333.0,4048.0,20.0,,48,1621,1551,6112,6112,6667
Fumo ancora,it,283573.0,4218.0,13.0,,48,1631,1559,6113,6113,6668
Farlo con te (strappamutande),it,210840.0,4836.0,22.0,,48,1623,1553,6114,6114,6669
Invidia del Peneguzzi,it,314466.0,5883.0,21.0,,48,1632,77,6115,6115,6670
Freedrink,it,207640.0,5292.0,16.0,,48,1628,354,6116,6116,6671
I bei tempi,it,210613.0,5621.0,15.0,,48,1630,1547,6117,6117,6672
’na-Bomba,it,228373.0,4948.0,14.0,,48,1623,1553,6118,6118,6673
Quanti anni,it,202986.0,4738.0,18.0,,48,1621,1551,6119,6119,6674
Cinderella Snapped,en,203026.0,4228.0,54.0,,48,1627,1560,6120,6120,6675
I gelati sono buoni,it,202640.0,5769.0,9.0,,48,1625,1561,6121,6121,6676
Italianimal,it,245893.0,5583.0,17.0,,48,1623,1553,6122,6122,6677
Mio figlio sarà un mostro,it,144995.0,4350.0,17.0,,48,1621,1551,6123,6123,6678
Brillo ma da lucido,it,205253.0,5040.0,14.0,,48,1631,1562,6124,6124,6679
Sei un grande,it,178680.0,4989.0,16.0,,48,1621,1551,6125,6125,6680
Limonare al Multisala,it,251133.0,5266.0,47.0,,48,1633,1563,6126,6126,6681
Uno di noi,it,91746.0,5911.0,7.0,,48,1631,1559,6127,6127,6682
Io non sono partito,it,224757.0,5175.0,6.0,,48,1634,1564,6128,6128,6684
La Tangenziale (Multiplatinum Edition Version),it,214480.0,5096.0,14.0,,48,1614,700,6129,6129,6685
L’uomo col cappello (Multiplatinum Edition Version),it,234266.0,4113.0,11.0,,48,1612,1565,6130,6130,6686
Nati così (Multiplatinum Edition Version),en,225866.0,4139.0,61.0,,48,1610,346,6131,6131,6687
Rare tracce,it,173773.0,4388.0,5.0,,48,1631,1559,6132,6132,6688
Covid freestyle - Jax,it,203026.0,4077.0,54.0,,48,1627,1186,6133,6133,6689
Papercuts,en,203026.0,5503.0,54.0,,48,1627,973,6134,6134,6690
Duedipicche - Dogozilla Rmx,it,187346.0,5464.0,8.0,,48,1625,1502,6135,6135,6691
You’re the Reason,en,215280.0,4284.0,12.0,,48,1635,1566,6136,6136,6692
Focused,en,417360.0,5685.0,0.0,,48,1636,703,6137,6137,6693
Knockout,en,248816.0,4321.0,0.0,,48,1637,1332,6138,6138,6694
Ottima Scusa,it,198520.0,60539.0,54.0,,102,1638,399,6139,6139,6695
Che Bella Giornata,it,237578.0,45635.0,50.0,,102,1639,346,6140,6140,6696
Willie Pooh,it,221503.0,41631.0,48.0,,102,1639,346,6141,6141,6697
Le Chiavi In Borsa,it,168786.0,39285.0,55.0,,102,1638,551,6142,6142,6698
La tua futura ex moglie,it,277413.0,43178.0,53.0,,102,1640,280,6143,6143,6699
C’era Una Vodka,en,286818.0,37610.0,49.0,,102,1639,346,6144,6144,6700
Mai Dire Mai (La Locura),it,208664.0,45021.0,49.0,,102,1641,1567,6145,6145,6701
E Allora Ciao,it,193213.0,29538.0,31.0,,102,1639,346,6146,6146,6702
I Cani,it,223146.0,27265.0,41.0,,102,1638,170,6147,6147,6703
L’Outfit Giusto,it,200822.0,24824.0,41.0,,102,1639,573,6148,6148,6704
C’Hai Ragione Tu,it,208880.0,31085.0,38.0,,102,1638,551,6149,6149,6705
Peyote 451 (L’eccezione),it,199829.0,23583.0,32.0,,102,1639,40,6150,6150,6706
Truman Show,it,245416.0,29685.0,30.0,,102,1639,346,6151,6151,6707
Io non sono razzista ma...,it,196626.0,25098.0,50.0,,102,1639,346,6152,6152,6708
Portapalazzo,it,210333.0,24824.0,44.0,,102,1638,551,6153,6153,6709
Giudizio Sommario,it,224538.0,21612.0,31.0,,102,1639,346,6154,6154,6710
Metti Che Domani,it,194053.0,18168.0,45.0,,102,1638,551,6155,6155,6711
Giusto La Metà Di Me,it,252320.0,17267.0,32.0,,102,1638,551,6156,6156,6712
Vendesi,it,193253.0,17768.0,40.0,,102,1638,551,6157,6157,6713
Dettagli,it,210611.0,19232.0,25.0,,102,1642,1568,6158,6158,6714
Mango,it,221506.0,15976.0,33.0,,102,1640,1569,6159,6159,6715
Grazie ma no grazie,it,205649.0,15106.0,62.0,,102,1643,724,6160,6160,6716
Quando nessuno ti vede,it,222280.0,20512.0,43.0,,102,1640,661,6161,6161,6717
In teoria,it,183685.0,13612.0,93.0,,102,1644,1570,6162,6162,6718
Interludio (L’Avvelenata),it,197668.0,18730.0,39.0,,102,1645,346,2418,2418,2635
Il Gioco Delle Parti,it,167240.0,18389.0,34.0,,102,1638,551,6163,6163,6719
Mostro,it,196466.0,15130.0,30.0,,102,1640,661,6164,6164,6720
Donna Bisestile,it,208173.0,13269.0,32.0,,102,1638,551,6165,6165,6721
Giorgia nel Paese che si meraviglia,it,168893.0,12158.0,43.0,,102,1641,1571,6166,6166,6722
Avanvera,it,158000.0,14590.0,30.0,,102,1638,551,6167,6167,6723
Le ragazze del Peyote Ugly,en,206511.0,14255.0,26.0,,102,1642,1568,6168,6168,6724
Oscar Carogna,it,154104.0,14496.0,29.0,,102,1642,1572,6169,6169,6725
Etichette,it,136778.0,14200.0,29.0,,102,1639,346,6170,6170,6726
Semaforo,it,208493.0,12982.0,51.0,,102,1640,661,6171,6171,6727
Vilipendio,it,164066.0,9589.0,32.0,,102,1638,551,6172,6172,6728
Nessuno è il mio Signore,it,277594.0,9940.0,30.0,,102,1639,346,6173,6173,6730
L’una di notte,it,164470.0,11973.0,27.0,,102,1642,1568,6174,6174,6731
La depressione è un periodo dell’anno,it,217344.0,9138.0,26.0,,102,1646,1172,6175,6175,6732
1312,it,149834.0,8329.0,30.0,,102,1642,1568,6176,6176,6733
Sempre lo stesso film,it,172520.0,10574.0,33.0,,102,1647,828,6177,6177,6734
La Scelta Sbagliata,it,233050.0,9227.0,30.0,,102,1639,346,6178,6178,6735
La Dittatura dei Nonfumatori,it,162148.0,10996.0,38.0,,102,1639,35,6179,6179,6736
TmVB,it,214153.0,9960.0,27.0,,102,1642,1568,6180,6180,6737
Miseri,it,241306.0,7568.0,30.0,,102,1640,661,6181,6181,6738
7 Miliardi,it,58640.0,9975.0,24.0,,102,1638,551,6182,6182,6739
Fare schifo,it,195786.0,7520.0,37.0,,102,1647,175,6183,6183,6740
Glik,it,133209.0,7633.0,28.0,,102,1642,1573,6184,6184,6741
Friggi le polpette nella merda (Cit.),it,160801.0,7794.0,23.0,,102,1642,1568,6185,6185,6742
Turismi,it,197862.0,6553.0,23.0,,102,1642,1568,6186,6186,6743
Il bombarolo,it,218920.0,7648.0,37.0,,102,1648,1574,6187,6187,6744
L’effetto sbagliato,it,176812.0,6365.0,29.0,,102,1649,1575,6188,6188,6745
Glory Hole,it,161400.0,6995.0,22.0,,102,1642,1568,6189,6189,6746
Catalogo,it,164280.0,6709.0,34.0,,102,1640,661,6190,6190,6747
Frecciarossa,it,197256.0,6698.0,36.0,,102,1650,1326,6191,6191,6748
Cattività,it,200826.0,6760.0,28.0,,102,1640,661,6192,6192,6749
Dj & Call Center,it,192000.0,5024.0,27.0,,102,1642,1568,6193,6193,6750
Io Non Sono Uguale,it,171773.0,5217.0,11.0,,102,1651,1576,6194,6194,6751
Robespierre,it,186493.0,4917.0,38.0,,102,1647,828,6195,6195,6752
Don’t panic,it,218064.0,4337.0,21.0,,102,1642,1568,6196,6196,6753
Sulla riva del fiume,it,205649.0,5612.0,58.0,,102,1641,481,6197,6197,6754
Che peccato,it,192720.0,5430.0,26.0,,102,1640,661,6198,6198,6755
UFO,it,135720.0,4393.0,33.0,,102,1647,828,6199,6199,6756
Fresh,it,144466.0,4746.0,21.0,,102,1642,1568,6200,6200,6757
Vecchio Ho Fatto Un Sogno,it,106181.0,4222.0,26.0,,102,1639,346,6201,6201,6758
La colpa al vento,it,229333.0,5273.0,41.0,,102,1647,1577,6202,6202,6759
Vado Fuori Di Testa,it,225256.0,4256.0,17.0,,102,1652,1308,6203,6203,6760
Algoritmo,it,178928.0,5989.0,30.0,,102,1653,856,6204,6204,6762
Cpt. Futuro Freestyle,pl,126451.0,5576.0,18.0,,102,1642,1568,6205,6205,6763
Cosa te ne fai,it,200053.0,4795.0,36.0,,102,1641,481,6206,6206,6764
Brucia La Città (Mai Stato Di Compagnia),it,211043.0,5172.0,3.0,,102,1654,1525,6207,6207,6765
Il furto della passione,it,185466.0,5840.0,27.0,,102,1647,828,6208,6208,6766
All you can hit,en,183973.0,5122.0,25.0,,102,1647,828,6209,6209,6767
Ogni giorno alle 18,it,176000.0,4360.0,78.0,,102,1655,455,6210,6210,6768
Polvere,it,205924.0,4771.0,39.0,,102,1641,866,6211,6211,6769
Piani,it,228133.0,5703.0,36.0,,102,1641,481,6212,6212,6770
I soldi non esistono,it,182186.0,5303.0,27.0,,102,1647,828,6213,6213,6772
Buon auspicio,it,207495.0,5316.0,35.0,,102,1641,481,6214,6214,6773
Chissà,it,179728.0,5749.0,45.0,,102,1641,411,6215,6215,6774
Sondaggio,it,197668.0,5805.0,39.0,,102,1645,1576,6216,6216,6776
Carne Da Campagna Elettorale,it,295160.0,5858.0,44.0,,102,1656,1578,6217,6217,6778
Introduzione,it,197668.0,4202.0,39.0,,102,1645,1525,6218,6218,6779
NEXT,it,193184.0,5103.0,60.0,,102,1657,93,6219,6219,6780
Intro,it,104045.0,5495.0,27.0,,102,1645,661,6220,6220,6781
Diventare grandi,it,165826.0,5529.0,28.0,,102,1647,828,6221,6221,6782
A Me Del Rap,it,269373.0,5230.0,11.0,,102,1658,1578,6222,6222,6783
Accanimento Terapeutico,it,210246.0,4346.0,19.0,,102,1659,1525,6223,6223,6784
Vai A Lavorare,it,269373.0,5611.0,11.0,,102,1658,1308,6224,6224,6785
Incazzato Lo Stesso,it,197668.0,5456.0,39.0,,102,1645,1525,6225,6225,6786
Prima,it,151466.0,4183.0,26.0,,102,1647,828,6226,6226,6787
Narciso,it,186944.0,4943.0,35.0,,102,1641,481,6227,6227,6788
Hikikomori,it,172760.0,4359.0,24.0,,102,1647,828,6228,6228,6789
Cowboy,it,216774.0,4688.0,31.0,,102,1641,411,6229,6229,6790
La casa dei fantasmi,it,148093.0,4047.0,33.0,,102,1647,828,6230,6230,6791
I (Really Don’t) Like,it,232493.0,4815.0,45.0,,102,1660,1576,6231,6231,6792
Encefalogramma Piatto,it,197668.0,5116.0,39.0,,102,1645,1578,6232,6232,6794
L’ultima lacrima,it,185060.0,5253.0,30.0,,102,1641,866,6233,6233,6795
La Stessa Domanda - Il Funerale,it,269373.0,5341.0,11.0,,102,1658,573,6234,6234,6796
Che notte!,it,176250.0,5689.0,24.0,,102,1661,400,6235,6235,6797
Outroduzione,it,197668.0,4444.0,39.0,,102,1645,1308,6236,6236,6798
Se Insisti Cambierò,it,197668.0,4254.0,39.0,,102,1645,1308,6237,6237,6799
Bloody Mary,pl,161900.0,5720.0,32.0,,102,1662,187,6238,6238,6801
Picasso,it,187910.0,4326.0,34.0,,102,1663,421,6239,6239,6802
Resto Fuori,it,192963.0,5966.0,12.0,,102,1664,1578,6240,6240,6803
Prossimo Provino,it,192963.0,5703.0,12.0,,102,1664,1525,6241,6241,6804
La legge di Murphy,it,187794.0,5015.0,29.0,,102,1641,866,6242,6242,6805
"3,2,1",it,197668.0,5980.0,39.0,,102,1645,954,6243,6243,6806
Wake Up,it,263226.0,4209.0,37.0,,102,1665,1579,6244,6244,6807
Darling,it,197668.0,4619.0,39.0,,102,1645,1580,6245,6245,6808
Un tempo piccolo,it,225982.0,5291.0,41.0,,102,1641,1581,6246,6246,6810
Credo non ti interessi,it,266626.0,4715.0,21.0,,102,1666,1582,6247,6247,6811
Tutto quel che so,it,192963.0,5875.0,12.0,,102,1664,1583,6248,6248,6812
Non mi basta,it,266626.0,4143.0,21.0,,102,1666,1582,6249,6249,6813
esse Type Beat,it,206841.0,5113.0,22.0,,102,1667,1584,6250,6250,6814
Curre Curre Guagliò,it,323360.0,8705.0,49.0,,1,1668,1585,6251,6251,6815
Rigurgito Antifascista,it,354506.0,6996.0,47.0,,1,1668,1585,6252,6252,6816
O’ documento,en,267333.0,4524.0,42.0,,1,1668,1585,6253,6253,6817
Quello che,it,252760.0,4744.0,47.0,,1,1669,1,6254,6254,6818
Giovanotto documenti,it,213506.0,5705.0,44.0,,1,1670,708,6255,6255,6820
Tarantelle pé campà,pl,208718.0,4403.0,39.0,,1,1671,1586,6256,6256,6821
L’Anguilla,en,261533.0,5671.0,40.0,,1,1672,1587,6257,6257,6822
Corto circuito,it,314293.0,5140.0,37.0,,1,1669,1,6258,6258,6823
Ripetutamente,it,327826.0,5540.0,38.0,,1,1668,1585,6259,6259,6824
Sfumature,it,264826.0,5443.0,40.0,,1,1672,1587,6260,6260,6825
Napoli,pl,248186.0,4427.0,32.0,,1,1670,1585,6261,6261,6826
Comanda la Gang,it,171340.0,5152.0,10.0,,1,1673,2,6262,6262,6827
University of Secondigliano,it,221988.0,5753.0,33.0,,1,1671,1586,6263,6263,6828
Comuntwist,pl,219306.0,4878.0,34.0,,1,1672,1587,6264,6264,6829
Pagherete caro,it,405773.0,5950.0,17.0,,1,1669,1,6265,6265,6830
Curre curre guagliò still running,it,260359.0,4921.0,40.0,,1,1670,708,6266,6266,6832
All’antimafia,co,287800.0,4299.0,27.0,,1,1672,1587,6267,6267,6833
Non c’è tempo,it,361266.0,4794.0,29.0,,1,1674,1588,6268,6268,6834
Rappresaglia rap,it,267040.0,5921.0,24.0,,1,1668,1585,6269,6269,6835
Stop That Train,en,266973.0,4653.0,26.0,,1,1675,1589,6270,6270,6836
Odio,it,252733.0,5754.0,31.0,,1,1668,1585,6271,6271,6837
Buongiorno,it,302346.0,5782.0,18.0,,1,1669,1,6272,6272,6838
Salario Garantito,it,369826.0,4714.0,14.0,,1,1675,1590,6273,6273,6839
Rafaniello,it,350240.0,4178.0,13.0,,1,1675,1590,6274,6274,6840
Povera Vita Mia,it,318866.0,5465.0,28.0,,1,1672,1587,6275,6275,6841
Rigurgito (TV version),it,112293.0,4635.0,19.0,,1,1668,1585,6276,6276,6842
Tuttapposto,en,229266.0,5580.0,23.0,,1,1668,1585,6277,6277,6843
1-2-1992,it,117400.0,4897.0,18.0,,1,1668,1585,6278,6278,6844
Me siente?,pl,255146.0,4986.0,29.0,,1,1669,1,6279,6279,6845
Vulesse,it,314146.0,5573.0,20.0,,1,1669,1,6280,6280,6846
Cattivi Guagliuni,it,208718.0,4779.0,39.0,,1,1671,1586,6281,6281,6847
Medley ragga,it,589773.0,4900.0,22.0,,1,1675,1591,6282,6282,6848
Nun c’à facc’ cchiù,pl,84866.0,4764.0,18.0,,1,1668,1585,6283,6283,6849
Rappresaglia,it,267040.0,4748.0,24.0,,1,1668,1585,6284,6284,6850
Nero Su Bianco,en,203376.0,5067.0,11.0,,1,1676,1592,6285,6285,6851
Sub,pl,286226.0,5633.0,23.0,,1,1672,1587,6286,6286,6852
Focolaio,it,230720.0,4737.0,17.0,,1,1669,1,6287,6287,6853
Sient’ o fank,it,208146.0,5063.0,18.0,,1,1669,1,6288,6288,6855
Odio ancora,it,221093.0,5358.0,12.0,,1,1670,708,6289,6289,6856
Yankee Go Home,it,370933.0,4551.0,17.0,,1,1672,1587,6290,6290,6857
El Pueblo Unido Jamás Será Vencido,es,244466.0,4570.0,30.0,,1,1672,1587,6291,6291,6858
Ripetuclemente,it,166920.0,5883.0,27.0,,1,1670,708,6292,6292,6859
Esodo,it,43240.0,5461.0,17.0,,1,1668,1585,6293,6293,6860
Lettera al presidente,it,269120.0,5170.0,23.0,,1,1669,1,6294,6294,6861
Nell’era della confusione semiotica,it,283453.0,5311.0,23.0,,1,1669,1,6295,6295,6862
Era ’na vota,pl,300253.0,4069.0,22.0,,1,1669,1,6296,6296,6863
Salario Qawali,it,75266.0,5250.0,19.0,,1,1668,1585,6297,6297,6864
Napolinapolinapoli,it,248186.0,5034.0,32.0,,1,1670,708,6298,6298,6865
Fujakkà,it,310533.0,5105.0,21.0,,1,1674,1588,6299,6299,6866
Italia spa,it,244558.0,4733.0,23.0,,1,1671,1586,6300,6300,6867
Si tu,it,288933.0,4174.0,13.0,,1,1674,1588,6301,6301,6868
La Scelta,it,336000.0,4399.0,15.0,,1,1672,1587,6302,6302,6869
Spara!,it,312026.0,5920.0,22.0,,1,1674,1588,6303,6303,6870
Bon voyage,it,311293.0,4830.0,15.0,,1,1669,1,6304,6304,6871
Amerika,it,323066.0,4947.0,12.0,,1,1675,758,6305,6305,6872
Stato di emergenza,it,248093.0,4119.0,14.0,,1,1670,708,6306,6306,6873
"Some Say This, Some Say That",en,264733.0,4085.0,17.0,,1,1672,1587,6307,6307,6874
Comincia adesso,it,241640.0,5449.0,19.0,,1,1672,1587,6308,6308,6875
Soggetti attivi,it,216066.0,5091.0,13.0,,1,1670,708,6309,6309,6876
Esplosione Imminente,it,327973.0,5033.0,18.0,,1,1672,1587,6310,6310,6877
"1234 (feat. Urban Snakes, Francesco Di Bella)",pl,278802.0,4501.0,60.0,,1,1677,708,6311,6311,6879
La gatta mammona (Piazza Fontata Version),it,229866.0,5504.0,17.0,,1,1674,1588,6312,6312,6880
Senza ritornello,it,248973.0,4349.0,11.0,,1,1674,1588,6313,6313,6881
A Una Donna,pt,365693.0,4393.0,17.0,,1,1672,1587,6314,6314,6882
Canto R’O Putatore,it,31973.0,4936.0,10.0,,1,1672,1587,6315,6315,6883
Pecchè,it,253493.0,4586.0,12.0,,1,1674,1588,6316,6316,6884
Facendo la storia/Making history,en,327826.0,4508.0,38.0,,1,1668,1588,6317,6317,6885
Avrei voluto conoscervi,it,379066.0,5306.0,6.0,,1,1674,1588,6318,6318,6886
Balla e piensa,es,243560.0,5316.0,20.0,,1,1674,1588,6319,6319,6887
Yes Weekend,it,75337.0,5665.0,10.0,,1,1671,1593,6320,6320,6888
Canto pè dispietto,it,222354.0,4850.0,27.0,,1,1671,1586,6321,6321,6889
Confusione Totale,it,259552.0,4158.0,9.0,,1,1671,1586,6322,6322,6890
Morire tutti i giorni,it,253805.0,4560.0,11.0,,1,1671,1586,6323,6323,6892
Resto umano,it,256888.0,5976.0,9.0,,1,1671,1586,6324,6324,6893
La paranza di San precario,it,170501.0,5209.0,16.0,,1,1671,1586,6325,6325,6895
Antifa 2.0,it,272169.0,5435.0,21.0,,1,1671,1586,6326,6326,6897
Vilipendio,it,272587.0,4027.0,12.0,,1,1671,1586,6327,6327,6898
Quanto 6 Bella,it,237720.0,6256.0,43.0,,30,1678,1432,6328,6328,6899
Ripresentiamoci,it,179346.0,4087.0,21.0,,30,1679,254,6329,6329,6900
Click,it,197573.0,5154.0,36.0,,30,1678,1594,6330,6330,6901
Il Finale,it,204306.0,5857.0,13.0,,30,1679,574,6331,6331,6902
Siamo noi stessi,it,223600.0,5954.0,11.0,,30,1679,1389,6332,6332,6903
In Aria,it,199146.0,5096.0,30.0,,30,1678,1432,6333,6333,6904
Facciamo le 9,it,209607.0,4931.0,15.0,,30,1680,1595,6334,6334,6905
Ganja Chanel,it,222813.0,5908.0,26.0,,30,1678,1432,6335,6335,6906
Soli contro tutti,it,185626.0,5361.0,5.0,,30,1679,254,6336,6336,6907
Vediamo come va,it,151266.0,4142.0,30.0,,30,1681,1596,6337,6337,6908
Perdono x la Promo,it,209160.0,4946.0,7.0,,30,1682,1597,6338,6338,6909
Purple Haze,it,179346.0,4493.0,21.0,,30,1679,254,6339,6339,6910
I Giovani Non Sanno,it,178666.0,4953.0,4.0,,30,1683,130,6340,6340,6911
Sulla pelle,it,267093.0,4925.0,17.0,,30,1681,1596,6341,6341,6912
Netflix,it,168893.0,5179.0,6.0,,30,1679,254,6342,6342,6913
Quale Strada Prendere,it,182933.0,4728.0,3.0,,30,1684,1598,6343,6343,6914
Patti chiari,it,175306.0,4342.0,6.0,,30,1681,1596,6344,6344,6915
Marijuana,it,213600.0,5021.0,15.0,,30,1678,1432,6345,6345,6916
Scemo,it,177973.0,5678.0,13.0,,30,1679,254,6346,6346,6917
Dedicato A Te,it,173786.0,5342.0,6.0,,30,1679,254,6347,6347,6918
Bella città,it,149893.0,4690.0,69.0,,30,1685,1492,6348,6348,6919
Inna My Yard,it,232000.0,5888.0,56.0,,30,1686,1599,6349,6349,6920
Il Mio Mixtape,mt,289280.0,5843.0,20.0,,30,1678,1432,6350,6350,6921
Classe 85,it,208186.0,4431.0,7.0,,30,1679,254,6351,6351,6922
Da Baggio A Bali,it,179866.0,4091.0,6.0,,30,1679,254,6352,6352,6923
Pazienza,co,184711.0,5501.0,58.0,,30,1687,1492,6353,6353,6924
Soundboy,it,237720.0,5674.0,43.0,,30,1678,1432,6354,6354,6925
Lungo la strada,it,223746.0,5953.0,13.0,,30,1688,1492,6355,6355,6926
Inna MI City,it,152693.0,5797.0,7.0,,30,1679,254,6356,6356,6927
L’amore dà l’amore toglie,it,219706.0,5215.0,4.0,,30,1688,1492,6357,6357,6928
Dicono di me,it,143546.0,5074.0,8.0,,30,1678,1600,6358,6358,6929
Cosa farei cosa faresti,it,240426.0,4067.0,12.0,,30,1688,1492,6359,6359,6930
Carpe diem,it,208586.0,4507.0,8.0,,30,1688,1492,6360,6360,6931
Karaoke,it,209626.0,4934.0,8.0,,30,1681,1601,6361,6361,6932
Sirena,it,210720.0,5273.0,8.0,,30,1689,129,6362,6362,6933
Voglio Fare I $,it,259480.0,5131.0,19.0,,30,1678,594,6363,6363,6934
Fresh flash,it,201845.0,5502.0,66.0,,30,1690,1492,6364,6364,6936
Resta come sei,it,233626.0,4574.0,30.0,,30,1691,1492,6365,6365,6937
Cover,it,177600.0,5145.0,7.0,,30,1692,351,6366,6366,6938
Lontana da me,it,195280.0,4842.0,3.0,,30,1688,1492,6368,6368,6940
Sto bene,it,226143.0,5516.0,8.0,,30,1693,1602,6369,6369,6941
Spegni le luci,it,226906.0,5404.0,82.0,,30,1694,594,6370,6370,6942
Open bar,it,217400.0,6001.0,9.0,,30,1681,1596,6371,6371,6943
My Girl,it,258431.0,4570.0,88.0,,30,1695,1603,6372,6372,6944
Strade d’Estate,it,209786.0,5012.0,6.0,,30,1688,1492,6373,6373,6945
Disco d’oro,it,192098.0,4673.0,9.0,,30,1696,703,6374,6374,6946
Snooki,it,154520.0,4894.0,2.0,,30,1688,1492,6375,6375,6947
Ancora in piedi,it,208373.0,5732.0,5.0,,30,1681,1596,6376,6376,6948
Mixa mixa,it,212106.0,5386.0,3.0,,30,1688,1492,6377,6377,6949
Sole,it,134295.0,5782.0,52.0,,30,1697,1604,6378,6378,6950
Milano City,it,172714.0,4422.0,69.0,,30,1698,594,6379,6379,6951
Muoviti!.,it,176986.0,5765.0,6.0,,30,1681,1605,6380,6380,6952
Non vogliono che canti,it,252640.0,4130.0,2.0,,30,1688,1492,6381,6381,6953
Equilibrio,it,177721.0,5793.0,10.0,,30,1699,594,6382,6382,6954
Inna Mi Yard,en,213600.0,4672.0,15.0,,30,1678,1432,6383,6383,6955
Fai La Chat,it,192720.0,4643.0,9.0,,30,1678,594,6384,6384,6956
Boomba,it,197573.0,5040.0,36.0,,30,1678,1432,6385,6385,6957
Entics tetris,it,208773.0,5896.0,2.0,,30,1688,1492,6386,6386,6958
Faccio Su,it,296986.0,4108.0,8.0,,30,1678,594,6387,6387,6959
Baggio Killasound,en,237720.0,4718.0,43.0,,30,1678,1432,6388,6388,6960
Matilda,it,213376.0,5732.0,43.0,,30,1700,225,6389,6389,6961
Vuoi Fare Un Giro,it,228786.0,4807.0,6.0,,30,1678,594,6390,6390,6962
Come Si Fa,it,196720.0,4411.0,15.0,,30,1681,1596,6391,6391,6963
In Un Secondo,it,238946.0,4866.0,9.0,,30,1678,594,6392,6392,6964
Quanti No,it,274626.0,4785.0,5.0,,30,1678,594,6393,6393,6965
Pronti A Fare Jam,it,215733.0,5849.0,8.0,,30,1678,594,6394,6394,6966
L’Uragano Matilda,it,213376.0,5542.0,43.0,,30,1700,225,6395,6395,6967
Wicked,it,320052.0,5026.0,49.0,,30,1701,1606,6396,6396,6968
Telephone Call,it,200306.0,5997.0,6.0,,30,1678,594,6397,6397,6969
Tagli,it,157500.0,4946.0,41.0,,30,1702,257,6398,6398,6970
Superman,it,175293.0,4129.0,46.0,,30,1703,191,6399,6399,6971
Verso Nuovi Confini,it,299213.0,4539.0,3.0,,30,1704,354,6400,6400,6972
Africa,it,231000.0,4887.0,36.0,,30,1705,871,6401,6401,6973
Parlo Di Ganja,it,215253.0,4326.0,6.0,,30,1706,287,6402,6402,6974
Yeah,it,197573.0,5915.0,36.0,,30,1678,1432,6403,6403,6975
Secondo Round,it,185806.0,5552.0,47.0,,30,1707,156,6404,6404,6976
Casa,it,198066.0,4551.0,60.0,,30,1708,514,6405,6405,6977
Medicina,it,195234.0,5199.0,62.0,,30,1709,69,6406,6406,6978
Ora,it,200973.0,5461.0,8.0,,30,1710,1607,6407,6407,6979
Bomboclat Anthem,it,206380.0,5900.0,1.0,,30,1711,354,6408,6408,6980
Hey Lady,en,217288.0,5779.0,0.0,,30,1712,1608,6409,6409,6981
Chaka Anthem,qu,147018.0,5044.0,10.0,,30,1713,1096,6410,6410,6982
King Of The Bong,it,158426.0,5567.0,76.0,,30,1714,1609,6411,6411,6983
Per Farti Muovere,it,181373.0,5138.0,64.0,,30,1715,316,6412,6412,6984
I Still Love,en,162969.0,5121.0,69.0,,30,1716,1610,6413,6413,6985
Acqua,it,213520.0,4242.0,58.0,,30,1717,1,6414,6414,6986
Stoofy,it,237720.0,4265.0,43.0,,30,1678,1432,6415,6415,6987
La Mia Guerra,it,380000.0,5075.0,23.0,,30,1718,1238,6416,6416,6988
Cupid Freestyle (Amy R.I.P.),it,804511.0,4551.0,5.0,,30,1719,1611,6417,6417,6989
Qui Si Entra,it,240572.0,4055.0,68.0,,30,1720,1612,6418,6418,6990
Non Ti Aspetto,it,225094.0,5462.0,15.0,,30,1721,1613,6419,6419,6991
Piante Nel Box,it,188908.0,4077.0,13.0,,30,1722,1614,6420,6420,6992
Uptown Top Ranking,it,237526.0,5207.0,25.0,,30,1723,156,6421,6421,6993
High Grade,it,269146.0,5093.0,68.0,,30,1724,1615,6422,6422,6994
Fuoco,it,204169.0,5956.0,62.0,,30,1725,187,6423,6423,6995
Bling Bling,cy,191999.0,4983.0,70.0,,30,1726,1352,6424,6424,6996
La Realtà,it,202146.0,4139.0,23.0,,30,1727,1,6425,6425,6997
La Mia Vita,it,202146.0,5118.0,23.0,,30,1727,1,6426,6426,6998
Entics Tv,en,208773.0,5700.0,2.0,,30,1688,953,6427,6427,6999
Police,it,134112.0,6011.0,31.0,,30,1728,1033,6428,6428,7000
Legalizziamola,it,164066.0,4875.0,3.0,,30,1681,1596,6429,6429,7001
Is A Messanjah,en,176000.0,4655.0,78.0,,30,1729,318,6430,6430,7002
Plexiglass,en,220213.0,5830.0,53.0,,30,1198,1616,6431,6431,7003
Facile,it,159466.0,4397.0,3.0,,30,1681,1596,6432,6432,7004
Non Mi Sposti,it,223834.0,5247.0,79.0,,30,1730,17,6433,6433,7005
Vado,it,199373.0,4826.0,2.0,,30,1681,1596,6434,6434,7006
La rabbia non ti basta,it,189406.0,4713.0,47.0,,10,1731,90,6435,6435,7007
Fa strano (Lady Marmalade),it,225913.0,4707.0,44.0,,10,1732,887,6436,6436,7010
POF,pl,168295.0,4543.0,21.0,,10,1733,1175,6437,6437,7011
San Junipero,it,151652.0,5389.0,49.0,,10,1734,276,6438,6438,7012
Chupa Chups,it,133937.0,5914.0,25.0,,10,1733,1175,6439,6439,7013
Mamasutra,it,137256.0,4549.0,29.0,,10,1732,439,6440,6440,7014
Bubble Gum (버블검),it,169218.0,5638.0,53.0,,10,1735,243,6441,6441,7015
Touchdown,pl,136730.0,4122.0,35.0,,10,1732,439,6442,6442,7016
Next Big Thing,en,199221.0,5090.0,15.0,,10,1733,1175,6443,6443,7017
Formato XXL,it,155857.0,4153.0,14.0,,10,1736,1617,6444,6444,7018
Ragazzina,it,178593.0,5885.0,15.0,,10,1732,439,6445,6445,7019
Mami Daddy,pl,150834.0,5547.0,17.0,,10,1733,1175,6446,6446,7020
Cento occhi,it,144221.0,5330.0,33.0,,10,1732,439,6447,6447,7021
Mama non mama,pl,195238.0,5664.0,41.0,,10,1737,439,6448,6448,7022
Ma che Hit,it,138500.0,5308.0,31.0,,10,1738,104,6449,6449,7023
Fortissima Freestyle,it,123709.0,5955.0,20.0,,10,1732,439,6450,6450,7024
Pollo Chicken,it,137875.0,5445.0,16.0,,10,1733,1175,6451,6451,7025
Così Leggera,it,173683.0,5865.0,16.0,,10,1739,52,6452,6452,7026
TooMuch,it,143377.0,5049.0,21.0,,10,1740,877,6453,6453,7027
Bloody Mary,pl,135512.0,4244.0,24.0,,10,1741,84,6454,6454,7028
Dea,it,192625.0,5071.0,13.0,,10,1732,439,6455,6455,7029
Sangue,it,189406.0,4265.0,44.0,,10,1732,439,6456,6456,7030
Poker,it,161841.0,5201.0,16.0,,10,1733,1175,6457,6457,7031
Odi Et Amo,it,157137.0,4979.0,8.0,,10,1733,1175,6458,6458,7032
Malocchio,it,180041.0,5260.0,16.0,,10,1732,439,6459,6459,7033
Mayday,it,163982.0,4032.0,12.0,,10,1742,533,6460,6460,7034
Veleno,it,260624.0,4401.0,8.0,,10,1732,439,6461,6461,7035
Amsa,it,54840.0,4995.0,11.0,,10,1743,91,6462,6462,7036
Bomba a mano,it,200500.0,5918.0,10.0,,10,1732,439,6463,6463,7037
Note,it,158715.0,4781.0,7.0,,10,1733,1175,6464,6464,7038
Puro Sinaloa,it,227093.0,317420.0,45.0,,31,1744,1618,6465,6465,7041
Bella,it,206510.0,282286.0,58.0,,31,1745,337,6466,6466,7042
Neve,it,192000.0,239007.0,46.0,,31,1746,1619,6467,6467,7043
Superclassico,it,172200.0,201770.0,65.0,,31,1744,1618,6468,6468,7044
Phi,it,174000.0,176712.0,54.0,,31,1747,1620,6469,6469,7045
Disgusting,it,159653.0,145937.0,41.0,,31,1748,1621,6470,6470,7046
BUONANOTTE,it,220299.0,174407.0,46.0,,31,1749,1443,6471,6471,7047
Come Uccidere Un Usignolo,it,206510.0,123151.0,58.0,,31,1745,337,6472,6472,7048
Lei No (Il Tradito),it,222880.0,136106.0,43.0,,31,1748,1621,6473,6473,7049
Non Me Ne Frega Un Cazzo,it,209361.0,112656.0,48.0,,31,1744,1618,6474,6474,7050
Madonna,it,219415.0,120049.0,44.0,,31,1745,487,6475,6475,7051
Morto Dentro,it,194526.0,142086.0,43.0,,31,1744,1618,6476,6476,7052
U2,it,164409.0,107002.0,47.0,,31,1744,1618,6477,6477,7053
Lewandowski IV,it,112868.0,96475.0,44.0,,31,1746,1619,6478,6478,7054
MeryXSempre,it,229333.0,113836.0,48.0,,31,1744,1618,6479,6479,7055
Vivo,it,215142.0,90799.0,43.0,,31,1744,1618,6480,6480,7056
Fuoriluogo,it,182608.0,92021.0,53.0,,31,1744,1618,6481,6481,7057
Fenomeno,it,242264.0,117334.0,40.0,,31,1750,1622,6482,6482,7059
LEWANDOWSKI VIII (64 Bars),it,170742.0,114717.0,47.0,,31,1751,48,4296,4296,4717
Simba,it,199000.0,118489.0,48.0,,31,1752,526,6483,6483,7060
QT,en,198181.0,115475.0,38.0,,31,1745,1623,6484,6484,7061
La Ballata Di Mario Rossi,it,188493.0,102468.0,37.0,,31,1748,1621,6485,6485,7062
Ferma A Guardare,it,213542.0,77977.0,66.0,,31,1744,1618,6486,6486,7063
Lewandowski VI,it,170742.0,105206.0,47.0,,31,1751,1620,6487,6487,7064
Tosse (La fine),it,226946.0,105989.0,37.0,,31,1752,328,6488,6488,7065
Pensavo Di Ucciderti,it,191357.0,102585.0,43.0,,31,1744,1618,6489,6489,7066
Paranoia mia,it,151000.0,89321.0,45.0,,31,1752,328,6490,6490,7067
Gotham,it,178000.0,77811.0,46.0,,31,1745,337,6491,6491,7068
Tutto Bene,it,182068.0,94942.0,42.0,,31,1753,1624,6492,6492,7069
Certi giorni,it,194651.0,89604.0,52.0,,31,1747,1625,6493,6493,7070
Lewandowski VII,it,170742.0,95576.0,47.0,,31,1751,596,6494,6494,7071
Pas Ta Fête,fr,188680.0,67462.0,35.0,,31,1748,1621,6495,6495,7072
EGO,it,203693.0,68661.0,35.0,,31,1748,1543,6496,6496,7073
Cigni,it,171063.0,67576.0,40.0,,31,1744,1618,6497,6497,7074
Bro,pl,136306.0,85152.0,41.0,,31,1754,328,6498,6498,7075
Feeling,it,177368.0,65556.0,38.0,,31,1745,1626,6499,6499,7076
68,it,217000.0,61017.0,47.0,,31,1752,328,6500,6500,7077
Instagram,it,134726.0,86434.0,37.0,,31,1746,1619,6501,6501,7078
Bugie,it,203200.0,57252.0,34.0,,31,1744,1618,6502,6502,7079
Tradimento (Il Traditore),it,215960.0,79442.0,35.0,,31,1748,1621,6503,6503,7080
QQQ,it,186184.0,63394.0,32.0,,31,1747,328,6504,6504,7081
Noia,it,212160.0,74700.0,36.0,,31,1748,1621,6505,6505,7082
Domani,it,219000.0,63459.0,38.0,,31,1752,1627,6506,6506,7083
Un sasso nella scarpa,it,190153.0,71991.0,37.0,,31,1747,1620,6507,6507,7084
Ti ho perso,pl,198065.0,67812.0,43.0,,31,1747,1620,6508,6508,7085
King QT,it,168000.0,44155.0,31.0,,31,1747,328,6509,6509,7086
BU!,pt,220299.0,44466.0,46.0,,31,1749,1443,6510,6510,7087
Amici,it,195918.0,46895.0,33.0,,31,1745,337,6511,6511,7088
Sigarette (L’inizio),it,251000.0,55153.0,35.0,,31,1752,328,6512,6512,7089
Ehy Boy,it,199805.0,57800.0,35.0,,31,1745,337,6513,6513,7090
ACQUA TONICA,it,182562.0,48956.0,57.0,,31,1749,1443,6514,6514,7091
No Pussy,it,162000.0,51117.0,29.0,,31,1747,328,6515,6515,7092
TUTTI HANNO PAURA,it,212424.0,42324.0,42.0,,31,1749,1443,6516,6516,7093
Il Mondo chico,it,153133.0,52620.0,38.0,,31,1747,1620,6517,6517,7094
La paura,it,189569.0,55394.0,30.0,,31,1752,328,6518,6518,7095
Un pazzo,it,156000.0,41138.0,32.0,,31,1752,328,6519,6519,7096
COSÌ STUPIDI,it,194983.0,45214.0,43.0,,31,1749,1443,6520,6520,7097
IL MIO NOME,it,198519.0,35811.0,50.0,,31,1749,1443,6521,6521,7098
Santa Maria,it,160799.0,42515.0,33.0,,31,1746,1619,6522,6522,7099
BELLA FREGATURA,it,174103.0,40616.0,52.0,,31,1749,1443,6523,6523,7100
LEWANDOWSKI X,it,170742.0,34216.0,47.0,,31,1751,186,6524,6524,7101
CATTIVE INTENZIONI,it,168742.0,38007.0,41.0,,31,1749,1443,6525,6525,7102
Scegliere Bene,it,175384.0,35195.0,42.0,,31,1755,596,6526,6526,7103
L’IMPOSTORE,it,203586.0,34362.0,39.0,,31,1749,1443,6527,6527,7104
Venere,it,183272.0,34544.0,32.0,,31,1756,1628,6528,6528,7105
La Prima Volta,it,173877.0,26757.0,41.0,,31,1755,596,6529,6529,7106
NON HO SONNO,it,176715.0,35969.0,36.0,,31,1749,1443,6530,6530,7107
Lewandowski II,it,206341.0,33543.0,43.0,,31,1749,1392,6531,6531,7108
SPLEEN,it,47986.0,27927.0,27.0,,31,1748,1621,6532,6532,7109
QUALCOSA CHE MANCA,it,177081.0,23367.0,43.0,,31,1749,1443,6533,6533,7110
BASTAVA LA METÀ,it,195475.0,30299.0,40.0,,31,1749,1443,6534,6534,7112
Mr Bamboo,en,154800.0,30334.0,33.0,,31,1747,1620,6535,6535,7113
Di Notte,it,224175.0,21224.0,53.0,,31,1755,596,6536,6536,7115
ROSE & FIORI,it,175860.0,20718.0,37.0,,31,1749,1443,6537,6537,7116
WEEKEND,it,175594.0,19034.0,37.0,,31,1749,1443,6538,6538,7117
Lewandowski IX (64 Bars),it,122424.0,19714.0,45.0,,31,1747,1629,6539,6539,7118
Dissing,it,192000.0,16119.0,30.0,,31,1755,596,6540,6540,7119
Lewandowski V,it,170742.0,13994.0,47.0,,31,1751,1630,6541,6541,7120
APRI,it,109466.0,13309.0,41.0,,31,1757,219,6542,6542,7121
PARAFULMINI,it,208909.0,12173.0,61.0,,31,1749,421,6543,6543,7123
Vuoto,it,174000.0,9544.0,54.0,,31,1747,1351,6544,6544,7124
La Pelle del Puma,it,96716.0,9599.0,22.0,,31,1758,130,6545,6545,7125
Lewandowski III,pl,206341.0,10022.0,43.0,,31,1749,1631,6546,6546,7126
Lewandowski,en,170742.0,6287.0,47.0,,31,1751,1632,6547,6547,7127
Metal Detector,it,163333.0,4168.0,59.0,,31,1759,1633,6548,6548,7128
105 Mi Casa Mashup: Ernia con Phi su Hypnotize,it,170742.0,5778.0,47.0,,31,1751,1634,6549,6549,7129
Ragazzi Tristi,it,203693.0,4168.0,35.0,,31,1748,1635,6550,6550,7130
L’ultimo,it,206510.0,5432.0,58.0,,31,1745,337,6551,6551,7131
Josip Broz,pl,262739.0,5857.0,4.0,,31,1760,1636,6552,6552,7132
Una Volta Sola (Apple Music Home Session),it,249613.0,4555.0,58.0,,31,1761,850,6553,6553,7133
New Generation Rap Boss Freestyle,pl,198181.0,4753.0,38.0,,31,1745,1637,6554,6554,7134
In Apnea,it,162969.0,5154.0,69.0,,31,1762,1638,6555,6555,7135
Beware,it,174000.0,5780.0,54.0,,31,1747,348,6556,6556,7136
Mondialpol,it,206510.0,5903.0,58.0,,31,1745,1637,6557,6557,7137
Fuoriluogo RMX,it,182608.0,5495.0,53.0,,31,1744,1639,6558,6558,7138
Spoiler 1*,it,202551.0,4184.0,8.0,,31,1763,1443,6559,6559,7139
Cos’è l’amore,it,209258.0,89776.0,44.0,,26,1764,15,6560,6560,7140
Le leggende non muoiono mai,it,283626.0,58693.0,41.0,,26,1765,594,6561,6561,7147
BANDITO,it,156080.0,33965.0,47.0,,26,1766,1640,6562,6562,7149
DESERT EAGLE,en,168640.0,24650.0,42.0,,26,1766,1640,6563,6563,7151
GUERRIERO,it,165253.0,20881.0,37.0,,26,1766,1640,6564,6564,7153
F.A.K.E.,en,172631.0,24914.0,31.0,,26,1767,575,6565,6565,7155
SPACCATO,it,183093.0,21736.0,36.0,,26,1768,1641,6566,6566,7157
BIG CHECKS,en,146933.0,20006.0,44.0,,26,1766,1642,6567,6567,7159
DOGO GANG BANG,pl,232293.0,18471.0,27.0,,26,1766,1640,6568,6568,7164
KANDINSKY,en,168760.0,18872.0,34.0,,26,1766,1640,6569,6569,7166
DIE YOUNG,it,165418.0,14935.0,43.0,,26,1769,1643,6570,6570,7168
PICCOLO PRINCIPE,it,176493.0,11100.0,40.0,,26,1766,1640,6571,6571,7170
L’ultimo giorno che ho,en,199093.0,9602.0,29.0,,26,1765,1644,6572,6572,7172
Status Symbol,it,188955.0,8898.0,30.0,,26,1770,334,6573,6573,7174
PRIMA O POI,en,174933.0,10876.0,30.0,,26,1766,1642,6574,6574,7176
Hikikomori,it,117637.0,7519.0,50.0,,26,1771,1645,6575,6575,7178
BANLIEUE,it,150960.0,7279.0,32.0,,26,1766,1640,6576,6576,7179
Perché posso,it,184240.0,7410.0,25.0,,26,1765,340,6577,6577,7180
GIUNGLA,it,152560.0,5643.0,27.0,,26,1766,1640,6578,6578,7182
Istinto Animale,it,149513.0,6427.0,48.0,,26,1772,54,6579,6579,7185
Senza un domani,en,199160.0,5225.0,20.0,,26,1765,340,6580,6580,7188
JACKPOT,pl,220053.0,4339.0,26.0,,26,1766,1640,6581,6581,7191
LAURYN HILL,it,184490.0,4271.0,26.0,,26,1769,1643,6582,6582,7194
Sopranos,en,211373.0,5089.0,15.0,,26,1765,1646,6583,6583,7197
FIUMI ROSÉ,it,217086.0,5890.0,32.0,,26,1769,1647,6584,6584,7199
JULIAN ROSS,it,210562.0,4629.0,23.0,,26,1769,1560,6585,6585,7202
Fuori luogo,it,214680.0,5756.0,17.0,,26,1765,340,6586,6586,7205
La guerra dei poveri,it,187893.0,5545.0,26.0,,26,1765,340,6587,6587,7207
Vinci o perdi,it,161840.0,4510.0,22.0,,26,1765,340,6588,6588,7208
JINGLE BELL TRAP - Versione 1,en,124477.0,4083.0,12.0,,26,1773,1648,6589,6589,7211
Ti piaccia o no,it,190570.0,4216.0,20.0,,26,1770,334,6590,6590,7212
PIANO B,it,157989.0,5472.0,27.0,,26,1769,1647,6591,6591,7213
Primo Carnera,pt,219200.0,4413.0,11.0,,26,1765,340,6592,6592,7216
Il resto del mondo,pl,196626.0,4757.0,14.0,,26,1765,340,6593,6593,7218
DRIN DRIN,it,151833.0,5018.0,27.0,,26,1769,1647,6594,6594,7219
AMMÒ,it,153878.0,5468.0,27.0,,26,1769,1560,6595,6595,7220
Non mi fido di questo sistema,it,222440.0,4239.0,10.0,,26,1765,1649,6596,6596,7223
PELLE D’OCA,it,176485.0,4826.0,25.0,,26,1769,1560,4795,4795,5253
SOLA,it,147814.0,4984.0,22.0,,26,1769,1643,6597,6597,7224
JINGLE BELL TRAP - Versione 2,en,124477.0,5095.0,12.0,,26,1773,1648,6598,6598,7227
Sono ancora qui,it,240453.0,5654.0,12.0,,26,1765,340,6599,6599,7230
BIG IN TOWN,it,133491.0,4355.0,22.0,,26,1769,1643,6600,6600,7231
Guarda bene,it,259040.0,5633.0,11.0,,26,1765,340,6601,6601,7235
TUTTI I NOSTRI GUAI,it,221797.0,5401.0,18.0,,26,1769,1643,6602,6602,7238
Thori & Rocce vs. Tayone,en,211373.0,5126.0,15.0,,26,1765,340,6603,6603,7239
Fuck the police,it,276741.0,5415.0,0.0,,26,1774,373,6604,6604,7240
Gran prix,it,260000.0,4839.0,13.0,,26,1765,340,6605,6605,7244
Non c’è il cielo,it,226709.0,4290.0,5.0,,26,1770,334,6606,6606,7245
TOP GAMMA,it,169319.0,5346.0,10.0,,26,1769,1643,6607,6607,7246
Tutto apposto,it,153305.0,5065.0,4.0,,26,1770,334,6608,6608,7247
Peggio di te,it,222869.0,5295.0,12.0,,26,1770,334,6609,6609,7248
Club Dogo,en,188955.0,4690.0,30.0,,26,1770,1650,6610,6610,7249
So Hard,it,187120.0,5832.0,9.0,,26,1765,340,6611,6611,7251
Le nostre ali,it,209064.0,5190.0,8.0,,26,1770,334,6612,6612,7252
Ora O Mai Più,it,188955.0,4183.0,30.0,,26,1770,334,6613,6613,7253
Come guarda una donna,it,181517.0,4914.0,14.0,,26,1770,334,6614,6614,7254
Come fosse ieri,it,209006.0,5529.0,4.0,,26,1770,334,6615,6615,7255
Be Regular,en,155173.0,5605.0,0.0,,26,1775,1651,6616,6616,7256
In The Building,en,247426.0,5005.0,70.0,,26,1776,1652,6617,6617,7257
Ombre Cinesi,en,172631.0,5808.0,31.0,,26,1767,1653,6618,6618,7258
Ombre Cinesi (Strumentale),en,149513.0,4548.0,48.0,,26,1772,1654,6619,6619,7259
Piccolezze,it,232666.0,6803.0,67.0,,72,1777,1655,6620,6620,7260
La Fine,it,224000.0,6795.0,38.0,,72,1778,1656,6621,6621,7261
Maldito,it,214306.0,5809.0,12.0,,72,1779,1657,6622,6622,7262
Sono Un Prodotto,it,291840.0,5388.0,29.0,,72,1780,643,6623,6623,7263
Parole Da Dedicarmi,it,277640.0,5736.0,29.0,,72,1781,1658,6624,6624,7264
Un Altro Giorno,it,219466.0,4190.0,23.0,,72,1781,1658,6625,6625,7265
Andrà tutto bene,it,205360.0,5748.0,39.0,,72,1782,1659,6626,6626,7266
Ti Sposerò,it,193346.0,4656.0,33.0,,72,1783,335,6627,6627,7267
Un bacio a te,it,216393.0,4370.0,34.0,,72,1783,335,6628,6628,7268
Fratelli Bandiera,it,317120.0,4493.0,19.0,,72,1784,1660,6629,6629,7269
L’Appuntamento,it,224920.0,4851.0,23.0,,72,1780,643,6630,6630,7270
Il Mio Nome,it,325826.0,4515.0,19.0,,72,1780,643,6631,6631,7272
Capricorno,it,257253.0,4655.0,25.0,,72,1785,1661,6632,6632,7273
Lascio Stare,it,207853.0,4282.0,5.0,,72,1780,643,6633,6633,7274
Immagini,it,228333.0,4605.0,17.0,,72,1786,834,6634,6634,7275
Buona Fortuna Amore,it,195493.0,5160.0,31.0,,72,1782,1662,6635,6635,7276
Maxidelitto di Scarsi (Bonus Track),it,365203.0,4897.0,2.0,,72,1787,1663,6636,6636,7277
Respiro,it,213800.0,4707.0,15.0,,72,1783,335,6637,6637,7278
Con Me Non Ci Parli Mai,it,256933.0,5510.0,15.0,,72,1784,1660,6638,6638,7279
Davanti agli occhi,it,257613.0,5805.0,23.0,,72,1783,335,6639,6639,7280
Riot,it,221453.0,5530.0,7.0,,72,1784,1664,6640,6640,7281
Allora ridi,it,209440.0,4677.0,18.0,,72,1782,1665,6641,6641,7282
Solamente Un Incubo,it,192293.0,5506.0,22.0,,72,1783,335,6642,6642,7283
Confessione - story,it,136762.0,4316.0,10.0,,72,1788,1666,6643,6643,7284
Polvere da sparo,it,219720.0,4273.0,8.0,,72,1788,581,6644,6644,7285
Più Che Puoi,it,223666.0,4705.0,6.0,,72,1781,1658,6645,6645,7286
Fragile,it,224000.0,5632.0,38.0,,72,1778,1667,6646,6646,7287
Se Tu Non Sei Qui,it,259532.0,4507.0,7.0,,72,1778,1668,6647,6647,7288
Le cose belle,it,216613.0,4138.0,23.0,,72,1786,5,6648,6648,7289
Stanze Vuote,it,250053.0,4277.0,46.0,,72,1789,1669,6649,6649,7290
Partirò,it,205640.0,5735.0,13.0,,72,1783,335,6650,6650,7291
My First Love,it,175133.0,5284.0,10.0,,72,1778,1668,6651,6651,7292
Eccomi Qua,it,293013.0,4519.0,13.0,,72,1781,1658,6652,6652,7293
Hey Tu,it,156364.0,5126.0,93.0,,72,1790,1670,6653,6653,7294
La Mia Immaginazione,it,262533.0,5070.0,10.0,,72,1781,1658,6654,6654,7295
Il male minore,it,252013.0,5326.0,8.0,,72,1788,898,6655,6655,7296
Poesia della buonanotte,it,82760.0,4478.0,4.0,,72,1788,420,6656,6656,7297
Perdo Via,it,234680.0,5747.0,18.0,,72,1783,335,6657,6657,7298
Un Giorno Qualunque,it,232653.0,4633.0,8.0,,72,1784,1660,6658,6658,7299
Non Tornerò,it,220066.0,5406.0,16.0,,72,1778,353,6659,6659,7300
Quello Che Non Sei,it,233053.0,4044.0,5.0,,72,1780,643,6660,6660,7301
Nesli Park,it,207160.0,4760.0,12.0,,72,1784,1671,6661,6661,7302
E’ una vita,it,217322.0,4719.0,20.0,,72,1783,335,6662,6662,7303
Tu Non Riesci a Dire No,it,256613.0,5103.0,5.0,,72,1784,1660,6663,6663,7304
Kaino e Abele,it,184000.0,4157.0,5.0,,72,1788,420,6664,6664,7305
Da Domani,it,183066.0,5597.0,12.0,,72,1781,1658,6665,6665,7306
Fitte da Latte (Milkjuice Version),it,206907.0,4448.0,4.0,,72,1791,1,6666,6666,7307
Oltre,it,163426.0,5370.0,9.0,,72,1785,1661,6667,6667,7308
L’Unico Giardino,it,255786.0,5623.0,7.0,,72,1783,335,6668,6668,7309
Voglio,it,216393.0,5140.0,34.0,,72,1783,335,6669,6669,7310
Una Vita Non Basta,it,209733.0,5499.0,12.0,,72,1778,1668,6670,6670,7311
Noi,it,203826.0,5339.0,6.0,,72,1785,1661,6671,6671,7312
Mi Familia,it,195053.0,4726.0,4.0,,72,1784,1660,6672,6672,7313
Nastri d’Argento,it,177142.0,5634.0,1.0,,72,1792,1672,6673,6673,7315
Mi Sento Ok,it,209266.0,4602.0,4.0,,72,1780,643,6674,6674,7316
Amici Non Ne Ho,it,262173.0,5157.0,5.0,,72,1784,1660,6675,6675,7317
L’Inizio,it,240000.0,5508.0,6.0,,72,1778,1668,6676,6676,7318
Ecco Fatto,it,169706.0,4771.0,8.0,,72,1781,1658,6677,6677,7319
Il Vento dei Ricordi,it,260372.0,4618.0,3.0,,72,1780,643,6678,6678,7320
Intro,en,117760.0,4932.0,7.0,,72,1781,1658,6679,6679,7321
Sono Tornato,it,294160.0,5653.0,7.0,,72,1781,1658,6680,6680,7322
Strano Italiano,it,230853.0,5877.0,3.0,,72,1780,643,6681,6681,7323
Vengo in pace,it,216613.0,5104.0,23.0,,72,1786,461,6682,6682,7324
Guardo Fuori,it,220093.0,5337.0,3.0,,72,1780,643,6683,6683,7325
Io E Te (Bonus Track),it,192774.0,5822.0,8.0,,72,1791,643,6684,6684,7326
Qualcosa Che Cambia,it,204493.0,4208.0,8.0,,72,1781,1658,6685,6685,7327
Quando Te Ne Vai,it,232746.0,4476.0,3.0,,72,1780,643,6686,6686,7328
Voce,it,246746.0,5434.0,9.0,,72,1783,335,6687,6687,7329
Lazarus - morti in piedi,it,193899.0,5664.0,12.0,,72,1788,827,6688,6688,7330
Se puoi,it,211066.0,5731.0,10.0,,72,1783,335,6689,6689,7331
Solo Se Vedi,it,380000.0,4843.0,23.0,,72,1793,1673,6690,6690,7332
Soddisfazioni Garantite,it,205360.0,4192.0,39.0,,72,1782,1674,6691,6691,7333
Credimi,it,193506.0,4891.0,5.0,,72,1778,1668,6692,6692,7334
Credi,it,253680.0,4473.0,8.0,,72,1781,1658,6693,6693,7335
Notte vera,it,198586.0,4596.0,13.0,,72,1785,1675,6694,6694,7336
Operazione Transito,it,127384.0,5562.0,56.0,,72,1794,1676,6695,6695,7339
Se Perdi,it,269720.0,4163.0,7.0,,72,1778,1668,6696,6696,7340
Il cielo e’ blu,it,241386.0,5673.0,13.0,,72,1782,1677,6697,6697,7341
Un Volto Un Nome,it,199933.0,4870.0,8.0,,72,1781,1658,6698,6698,7342
Non Dimenticare,it,188973.0,5208.0,3.0,,72,1785,1661,6699,6699,7343
Guarda l’amore cosa fa,it,219093.0,4192.0,9.0,,72,1783,335,6700,6700,7344
"Come Viene, Viene",it,277066.0,4689.0,3.0,,72,1784,1660,6701,6701,7345
L’Ora d’Aria,it,219947.0,4191.0,52.0,,72,1795,1678,6702,6702,7346
Una Come Lei,it,217363.0,5942.0,2.0,,72,1796,1679,6703,6703,7347
Questa follia,it,197413.0,5630.0,6.0,,72,1788,420,6704,6704,7348
Ancora In Piedi,it,231533.0,4935.0,6.0,,72,1784,1660,6705,6705,7349
Forse,it,208786.0,4460.0,7.0,,72,1781,1658,6706,6706,7350
Perfettamente Sbagliato,it,203066.0,5885.0,8.0,,72,1797,428,6707,6707,7351
Arrivederci e grazie,it,210960.0,4702.0,7.0,,72,1782,1677,6708,6708,7352
Ancora una volta,it,213693.0,4334.0,7.0,,72,1782,1677,6709,6709,7353
Mare mare,it,159973.0,5142.0,20.0,,72,1798,1677,6710,6710,7354
Salvami,it,155853.0,5905.0,13.0,,72,1788,112,6711,6711,7355
Sarò come vorrai,it,210160.0,4019.0,13.0,,72,1782,1677,6712,6712,7356
Viva la vita,it,216053.0,4488.0,5.0,,72,1799,129,6713,6713,7357
Dimmi che vuoi che sia,it,204026.0,5895.0,6.0,,72,1782,1677,6714,6714,7358
Terra di confine,it,166881.0,4354.0,13.0,,72,1788,67,6715,6715,7359
Glin Green,it,206907.0,4240.0,2.0,,72,1780,643,6716,6716,7360
La Vita è Solo Una,it,237791.0,5156.0,2.0,,72,1796,1679,6717,6717,7361
Intro: Fitte Da Latte,it,222390.0,5739.0,3.0,,72,1780,643,6718,6718,7362
Lazarus,it,193899.0,4969.0,12.0,,72,1788,420,6719,6719,7363
Non Mi Sembra Vero,it,180440.0,6007.0,4.0,,72,1778,1668,6720,6720,7364
L’Amore è Qui,it,257253.0,5374.0,25.0,,72,1785,1680,6721,6721,7365
Outro: A Me Stesso,it,243013.0,4159.0,2.0,,72,1780,643,6722,6722,7366
Una Malattia,it,218367.0,6004.0,66.0,,72,1800,1660,6723,6723,7367
Slam,it,160146.0,4829.0,4.0,,72,1784,1660,6724,6724,7368
Lasciami Andare,it,214226.0,4588.0,5.0,,72,1785,1661,6725,6725,7369
Io Non Sono Come Voi,it,192413.0,5131.0,4.0,,72,1778,1668,6726,6726,7370
Il Mio Sud,it,215666.0,4621.0,2.0,,72,1780,643,6727,6727,7371
Sogni a metà/Evento di guerra,it,194468.0,4186.0,74.0,,72,1801,420,6728,6728,7372
Mia Follia,it,194706.0,4014.0,7.0,,72,1785,1661,6729,6729,7373
Non mi importa di niente,it,292826.0,4912.0,4.0,,72,1788,420,6730,6730,7374
Sempre qui,it,214386.0,5689.0,5.0,,72,1786,1439,6731,6731,7375
Non Fai Per Me,it,267693.0,5160.0,2.0,,72,1784,1660,6732,6732,7376
Ricordami chi ero,it,217693.0,6015.0,9.0,,72,1788,420,6733,6733,7377
Corri In Fretta,it,181773.0,4588.0,5.0,,72,1778,1668,6734,6734,7378
In Un Soffio,it,190440.0,4574.0,3.0,,72,1784,1660,6735,6735,7379
Nuvole e santi,it,68659.0,4330.0,2.0,,72,1786,1439,6736,6736,7380
Prima o poi,it,208853.0,4341.0,7.0,,72,1782,1677,6737,6737,7381
Un Posto All’Inferno,it,265090.0,4584.0,1.0,,72,1796,1679,6738,6738,7382
Tu Non Lo Sai,it,196962.0,5602.0,1.0,,72,1796,1679,6739,6739,7383
Fallo Pure Tu,it,166712.0,5827.0,1.0,,72,1796,1679,6740,6740,7384
Quello che non si vede,it,184640.0,5966.0,8.0,,72,1782,1677,6741,6741,7385
Rivoluzione,it,194000.0,4477.0,8.0,,72,1788,420,6742,6742,7386
Stay,it,217000.0,5779.0,6.0,,72,1788,420,6743,6743,7387
A Tu Per Tu Con Il Mio Singolo,it,226906.0,4671.0,82.0,,72,1802,1681,6744,6744,7388
Solo Uno Solo Io,it,232227.0,4240.0,2.0,,72,1796,1682,6745,6745,7389
È Come L’Inverno,it,180863.0,5757.0,76.0,,72,1802,1683,6746,6746,7390
Lontano,it,165813.0,5286.0,4.0,,72,1788,420,6747,6747,7391
Io Ci Sarò,it,110314.0,4342.0,2.0,,72,1796,1679,6748,6748,7392
Hai Promesso,it,120266.0,4874.0,1.0,,72,1796,1679,6749,6749,7393
Il mondo e’ come,it,198600.0,4588.0,12.0,,72,1782,1677,6750,6750,7394
Come Sei,it,190546.0,5491.0,3.0,,72,1784,1660,6751,6751,7395
La mente/Autostop,it,171933.0,4921.0,6.0,,72,1788,420,6752,6752,7396
La Tua Vita,it,242906.0,5998.0,1.0,,72,1803,735,6753,6753,7397
Nesliving,it,224000.0,4123.0,38.0,,72,1778,1679,6754,6754,7398
Allora ciao,it,199973.0,4724.0,26.0,,72,1797,428,6755,6755,7399
Interlude Latti-cino,it,148452.0,4978.0,60.0,,72,1804,1684,6756,6756,7400
L’Eternità,it,274120.0,5021.0,3.0,,72,1785,1661,6757,6757,7401
Il Tempo,it,196680.0,4645.0,5.0,,72,1785,1661,6758,6758,7402
Money,it,232680.0,5474.0,11.0,,72,1788,420,6759,6759,7403
Niente Di Più,it,266093.0,5765.0,33.0,,72,1805,1,6760,6760,7404
Amore mio,it,216826.0,5896.0,8.0,,72,1797,428,6761,6761,7405
In Aria Le Mani,it,177474.0,5627.0,2.0,,72,1796,1679,6762,6762,7406
Francesco,it,148786.0,5718.0,3.0,,72,1785,1661,6763,6763,7407
Anima nera,it,193973.0,5116.0,7.0,,72,1797,428,6764,6764,7408
Ricorderò,it,200506.0,5667.0,11.0,,72,1786,1439,6765,6765,7409
Vivere è ridere,it,220120.0,4619.0,14.0,,72,1797,428,6766,6766,7410
Piccola mia,it,239720.0,4811.0,7.0,,72,1797,428,6767,6767,7411
La Musica è Viva,it,169742.0,4648.0,1.0,,72,1796,1679,6768,6768,7412
Equivale all’immenso,it,215960.0,4950.0,13.0,,72,1797,428,6769,6769,7413
L’amore torna sempre,it,223280.0,4584.0,16.0,,72,1797,428,6770,6770,7414
Ma che ne so,it,209400.0,5939.0,5.0,,72,1786,1439,6771,6771,7415
Un altro mondo,it,229000.0,4639.0,8.0,,72,1788,420,6772,6772,7416
Dove sto andando,it,296293.0,4209.0,3.0,,72,1797,428,6773,6773,7417
22 giorni,it,205966.0,5066.0,3.0,,72,1786,1439,6774,6774,7418
Ancora tu,it,167560.0,4126.0,17.0,,72,1788,420,6775,6775,7419
Se guardi il cielo,it,205693.0,4234.0,3.0,,72,1797,428,6776,6776,7420
Tesoro non conta,it,166480.0,4452.0,4.0,,72,1797,428,6777,6777,7421
Io che ti cerco,it,192520.0,4944.0,4.0,,72,1797,428,6778,6778,7422
Do retta a te - Solo version,it,219493.0,4882.0,2.0,,72,1797,428,6779,6779,7423
Solo,it,206346.0,5615.0,7.0,,72,1788,420,6780,6780,7424
L’orizzonte,it,224613.0,5495.0,3.0,,72,1797,428,6781,6781,7425
Il mondo che ne sa di noi,it,218306.0,4866.0,7.0,,72,1788,420,6782,6782,7426
Blue Monday,it,163000.0,4681.0,6.0,,72,1788,420,6783,6783,7427
Troppo poco,it,197320.0,4645.0,3.0,,72,1786,1439,6784,6784,7428
Oceani e tsunami,it,172325.0,5564.0,39.0,,72,1806,1354,6785,6785,7429
Portami al mare,it,159973.0,4114.0,20.0,,72,1798,567,6786,6786,7430
Non è una bugia,it,165956.0,4036.0,16.0,,72,1807,431,6787,6787,7431
Guarda come flexo,it,149669.0,153795.0,47.0,,59,1808,570,6788,6788,7432
Guarda Come Flexo 2,it,178666.0,55698.0,42.0,,59,1809,328,6789,6789,7433
Piano Piano Way,en,228025.0,38909.0,39.0,,59,1810,361,6790,6790,7434
Twerk,pl,152440.0,36788.0,53.0,,59,1809,1685,6791,6791,7435
Karma,it,226863.0,30067.0,45.0,,59,1811,306,6792,6792,7436
Me Lo Sento,it,270058.0,29180.0,38.0,,59,1812,1360,6793,6793,7437
Mc Drive,en,188320.0,26178.0,49.0,,59,1809,1685,6794,6794,7438
Costa Tanto,pl,208960.0,21976.0,46.0,,59,1809,1685,6795,6795,7439
HARDER,it,176000.0,21067.0,61.0,,59,1813,297,6796,6796,7440
BlaBlaBla,it,113511.0,24217.0,42.0,,59,1814,1686,6797,6797,7441
SKUSKU,en,224000.0,21684.0,39.0,,59,1815,851,6798,6798,7442
Come Se Fosse Normale,en,202624.0,14482.0,28.0,,59,1816,576,6799,6799,7443
Lindo,es,195124.0,15716.0,31.0,,59,1817,392,6800,6800,7444
No Cap,pl,154880.0,11655.0,47.0,,59,1809,1685,6801,6801,7445
BINGO,it,150444.0,9908.0,37.0,,59,1818,1687,6802,6802,7446
Colleziono Banconote,pl,191706.0,11000.0,30.0,,59,1809,1685,6803,6803,7447
Fallo,it,144136.0,9757.0,40.0,,59,1817,392,6804,6804,7448
Demone,it,161703.0,11600.0,42.0,,59,1819,2,6805,6805,7449
Arte,it,152440.0,8212.0,53.0,,59,1809,1685,6806,6806,7450
Va Così,pl,166200.0,9210.0,33.0,,59,1817,392,6807,6807,7451
Vodka,it,169714.0,10461.0,51.0,,59,1811,421,6808,6808,7452
PULL UP,it,150121.0,10307.0,43.0,,59,1820,1688,6809,6809,7453
GUARDA COME FL3XO,it,148571.0,7412.0,37.0,,59,1821,305,6810,6810,7454
Il Passo,it,165581.0,7565.0,30.0,,59,1822,943,6811,6811,7455
Faccio Apposta,it,126320.0,7949.0,33.0,,59,1809,1685,6812,6812,7456
Sugo,pl,180533.0,6452.0,31.0,,59,1809,1685,6813,6813,7457
Arcobaleno,it,156000.0,8216.0,34.0,,59,1823,128,6814,6814,7458
G-Star,pl,203266.0,7776.0,27.0,,59,1809,1685,6815,6815,7459
Pesca,it,229744.0,5688.0,31.0,,59,1817,392,6816,6816,7460
Esse Type Beat,it,139842.0,5325.0,53.0,,59,1824,1689,6817,6817,7461
Pochi Pochi,it,225566.0,5211.0,35.0,,59,1825,1690,6818,6818,7462
Forte,pl,166105.0,6758.0,31.0,,59,1817,392,6819,6819,7463
Lelly Kelly,it,150600.0,4974.0,29.0,,59,1809,1685,6820,6820,7464
PLAYER DEL SECOLO,it,194769.0,5373.0,53.0,,59,1826,76,6821,6821,7465
Benzina,it,180986.0,5287.0,29.0,,59,1809,1685,6822,6822,7466
Mille Giri,it,220235.0,5386.0,66.0,,59,1827,1691,6823,6823,7467
Twerk RMX,en,150468.0,4260.0,43.0,,59,1817,392,6824,6824,7468
Hijo De Puta,it,120453.0,4462.0,33.0,,59,1809,1685,6825,6825,7469
CUORI SPEZZATI,it,174146.0,5879.0,50.0,,59,1828,187,6826,6826,7470
Bandito,en,159272.0,5831.0,42.0,,59,1829,1692,6827,6827,7471
#SI,en,141904.0,5577.0,33.0,,59,1830,102,6828,6828,7472
Do It,en,192000.0,4049.0,30.0,,59,1811,421,6829,6829,7473
Di Più,pl,142853.0,4665.0,26.0,,59,1809,1685,6830,6830,7474
Mes Amis,it,163043.0,5271.0,26.0,,59,1817,392,6831,6831,7475
La Wave,pl,125840.0,4562.0,26.0,,59,1809,1685,6832,6832,7476
IDGAF,it,171826.0,5834.0,28.0,,59,1809,1693,6833,6833,7477
Palazzo Parigi,en,129000.0,5279.0,35.0,,59,1811,421,6834,6834,7478
Mama I Did It Again,en,202386.0,4156.0,2.0,,59,1831,428,6835,6835,7479
Soldi E Vestiti Di Marca,it,132000.0,5833.0,41.0,,59,1832,493,6836,6836,7481
CONNESSIONI,it,136614.0,5932.0,45.0,,59,1833,1694,6837,6837,7482
Facendo Faccende,it,169714.0,4167.0,51.0,,59,1811,421,6838,6838,7483
Me Gusta,it,163437.0,5078.0,25.0,,59,1817,392,6839,6839,7484
Mikado,it,142135.0,4619.0,31.0,,59,1811,421,6840,6840,7485
Lento RMX,es,164175.0,4799.0,30.0,,59,1834,392,6624,6624,7264
Arte Freestyle,it,255475.0,4368.0,0.0,,59,1835,1695,6841,6841,7486
Street,it,174135.0,5170.0,30.0,,59,1811,421,6842,6842,7487
Giovanotti,it,155413.0,5931.0,63.0,,59,1836,1253,6843,6843,7488
Good Vibes,it,203028.0,5020.0,36.0,,59,1811,421,6844,6844,7489
Culo Grosso,it,199663.0,4178.0,39.0,,59,1811,421,6845,6845,7490
Milano,it,103384.0,5254.0,32.0,,59,1811,421,6846,6846,7491
COVID-19 Freestyle,it,180413.0,4692.0,0.0,,59,1837,1186,6847,6847,7492
Fake Luv,en,206962.0,5726.0,21.0,,59,1811,1696,6848,6848,7493
100 Metri,en,144878.0,4882.0,25.0,,59,1811,421,6849,6849,7494
Pikachu Freestyle,it,161454.0,4397.0,15.0,,59,1838,1697,6850,6850,7495
Fuck My Opps,pl,152571.0,4392.0,30.0,,59,1811,421,6851,6851,7496
Freestyle New Season,it,199148.0,5551.0,1.0,,59,1839,764,6852,6852,7497
Offline,it,176363.0,4542.0,35.0,,59,1811,421,6853,6853,7498
Coronavirus freestyle,it,150000.0,5548.0,17.0,,59,1840,1222,6854,6854,7499
Friends,it,134545.0,4423.0,24.0,,59,1811,421,6855,6855,7500
Samba Freestyle,it,188578.0,4656.0,2.0,,59,1841,1698,6856,6856,7501
UNKNOWN,it,169714.0,4945.0,51.0,,59,1811,1699,6857,6857,7502
Come Loro,it,171712.0,5902.0,23.0,,59,1811,421,6858,6858,7503
Cristiano Romambo Parte 1,en,465780.0,5879.0,5.0,,59,1842,1700,6859,6859,7504
Sintetico*,it,136614.0,4426.0,45.0,,59,1833,1694,6860,6860,7505
"Si, ah",it,172850.0,83967.0,65.0,,35,1843,1173,6861,6861,7506
Missili,it,195349.0,66351.0,69.0,,35,1844,1701,6862,6862,7507
8 miliardi di persone,it,223384.0,61716.0,64.0,,35,1843,1389,6863,6863,7508
Nei treni la notte,it,184146.0,58669.0,62.0,,35,1843,1702,6864,6864,7509
Hai visto mai,it,208000.0,66674.0,59.0,,35,1843,1703,6865,6865,7510
Gli occhi,it,142350.0,62841.0,64.0,,35,1843,1173,6866,6866,7511
Cratere,it,179389.0,48393.0,62.0,,35,1843,319,6867,6867,7512
64 Bars,it,188738.0,40792.0,50.0,,35,1844,1436,6868,6868,7513
Floppino,it,163874.0,46473.0,50.0,,35,1843,1173,6869,6869,7514
Gravità,it,215383.0,42455.0,57.0,,35,1844,1261,6382,6382,6954
Accattone,it,121043.0,27410.0,44.0,,35,1843,1704,6870,6870,7515
Due ali,it,231000.0,28512.0,59.0,,35,1845,320,6871,6871,7516
Branchie,it,192130.0,24918.0,46.0,,35,1843,1173,6872,6872,7517
Stupefacente,it,187245.0,21831.0,50.0,,35,1844,1705,6873,6873,7518
Chicchi di riso,it,206400.0,21270.0,60.0,,35,1846,714,6874,6874,7519
Colpa del vino,it,173333.0,19292.0,53.0,,35,1844,1706,6875,6875,7520
Avanti / Indietro,it,219439.0,22781.0,41.0,,35,1843,1173,6876,6876,7521
Buio di giorno,it,183035.0,18240.0,55.0,,35,1845,1707,6877,6877,7522
Fare su,it,157366.0,14194.0,40.0,,35,1844,1708,6878,6878,7523
Amarena,it,214000.0,15188.0,59.0,,35,1845,320,6879,6879,7524
Le cose sbagliate,it,102999.0,16957.0,53.0,,35,1845,320,6880,6880,7525
Allucinazioni,it,197000.0,15992.0,44.0,,35,1845,320,6881,6881,7526
Chanel,it,188000.0,13589.0,42.0,,35,1845,320,6882,6882,7527
Sempre bene,it,215431.0,13195.0,46.0,,35,1846,714,6883,6883,7528
Lambada,it,239000.0,16182.0,55.0,,35,1845,320,6884,6884,7529
Sassi,it,176843.0,11149.0,42.0,,35,1844,811,6885,6885,7530
Se avessi saputo,it,233766.0,10159.0,41.0,,35,1846,714,6886,6886,7531
Contento,it,204900.0,9561.0,43.0,,35,1845,1709,6887,6887,7532
Tornado,it,180087.0,8440.0,46.0,,35,1847,1473,6888,6888,7533
Le sigarette,it,196477.0,9132.0,47.0,,35,1846,714,6889,6889,7534
Sotto effetto,it,191703.0,10553.0,39.0,,35,1844,811,6890,6890,7535
Sì può darsi,it,186750.0,9412.0,50.0,,35,1846,870,6891,6891,7536
2004,it,193858.0,8011.0,38.0,,35,1847,1473,6892,6892,7537
Farmacia,es,194863.0,9520.0,39.0,,35,1848,197,6893,6893,7538
Pianeta 6,it,207338.0,6390.0,33.0,,35,1846,714,6894,6894,7539
Cardio,it,217428.0,6544.0,42.0,,35,1846,714,6895,6895,7540
Gabbiani,it,203597.0,6948.0,42.0,,35,1848,1710,6896,6896,7541
Faccia della notte,it,125700.0,6944.0,34.0,,35,1845,320,6897,6897,7542
Sabato nel parco,it,176727.0,5373.0,36.0,,35,1844,298,6898,6898,7543
Sosta,it,160561.0,6195.0,45.0,,35,1849,1711,6899,6899,7544
La notte mi chiama,it,189230.0,6766.0,37.0,,35,1846,714,6900,6900,7545
Giorni da solo,it,189666.0,6814.0,37.0,,35,1846,714,6901,6901,7546
Scheletri,it,234246.0,6580.0,32.0,,35,1846,714,6902,6902,7547
Love ya,it,151714.0,5262.0,45.0,,35,1850,105,6903,6903,7548
Nuova fissa,it,165985.0,4655.0,44.0,,35,1850,105,6904,6904,7549
Terapia,it,134845.0,5280.0,29.0,,35,1847,1473,6905,6905,7550
Intro (Fogli colorati),it,91000.0,4268.0,31.0,,35,1845,320,6906,6906,7551
Quando finisce,it,149361.0,5910.0,41.0,,35,1850,105,6907,6907,7552
Pelle,it,185696.0,4964.0,44.0,,35,1850,105,6908,6908,7553
Visualizzato.01,it,137142.0,4648.0,28.0,,35,1844,1712,6909,6909,7554
Pallone,it,209332.0,5550.0,28.0,,35,1847,1473,6910,6910,7555
Inviato.01,it,88636.0,5010.0,32.0,,35,1844,1713,6911,6911,7556
Visualizzato.02,it,86400.0,4633.0,27.0,,35,1844,1714,6912,6912,7557
Visualizzato.03,it,77897.0,5640.0,27.0,,35,1844,1713,6913,6913,7558
Quest’anno,it,184846.0,5750.0,57.0,,35,1851,575,6914,6914,7559
Visualizzato.04,it,92125.0,5360.0,25.0,,35,1844,464,6915,6915,7560
Inviato.02,it,150857.0,4104.0,31.0,,35,1852,464,6916,6916,7561
La calma.,it,207307.0,5147.0,20.0,,35,1853,1418,6917,6917,7562
Recycle,it,99009.0,5542.0,28.0,,35,1848,1715,6918,6918,7563
Buio di giorno (Redbone Rmx),it,240001.0,4284.0,54.0,,35,1854,1716,6919,6919,7564
Siamo Noi Pt. 2,pl,140399.0,4471.0,1.0,,35,1855,1717,6920,6920,7565
A Mano Armata,it,198260.0,5784.0,62.0,,35,1856,1717,6921,6921,7566
Consegnato.03,it,150857.0,4052.0,31.0,,35,1852,464,6922,6922,7567
Consegnato.02,it,155946.0,5519.0,0.0,,35,1857,1702,6923,6923,7568
Homeroots,it,150857.0,4964.0,31.0,,35,1852,1717,6924,6924,7569
Consegnato.01,it,92125.0,4906.0,25.0,,35,1844,477,6925,6925,7570
Troppo Vicino,it,140399.0,4027.0,1.0,,35,1855,1717,6926,6926,7571
Idiot Savant Intro,en,172850.0,5656.0,65.0,,35,1843,1717,6927,6927,7572
Straordinario,pl,150857.0,4732.0,31.0,,35,1852,1717,6928,6928,7573
Sempre Di Peggio,it,155946.0,5096.0,0.0,,35,1857,1717,6929,6929,7575
Pausa Joint,it,150857.0,5370.0,31.0,,35,1852,1717,6930,6930,7576
Contento (OP1 rmx),it,172850.0,5421.0,65.0,,35,1843,1718,6931,6931,7577
Lampo,it,150857.0,5928.0,31.0,,35,1852,1719,6932,6932,7578
Ipernova,it,177866.0,179808.0,52.0,,68,1858,1720,6933,6933,7579
Fuori Luogo,it,165746.0,77474.0,37.0,,68,1858,1162,6934,6934,7580
I Grandi Non Piangono Mai,it,226200.0,71085.0,44.0,,68,1858,1407,6935,6935,7581
OPS,it,192213.0,37634.0,46.0,,68,1859,833,6936,6936,7582
Fiori di Chernobyl,it,175611.0,18357.0,53.0,,68,1860,14,6937,6937,7583
La Storia Di Sam,it,147800.0,15465.0,31.0,,68,1858,1162,6938,6938,7584
Carillon,it,207250.0,15929.0,48.0,,68,1861,440,6939,6939,7585
Pianeti,it,164346.0,12417.0,29.0,,68,1858,1162,6940,6940,7586
Supereroi,it,195000.0,10202.0,58.0,,68,1862,9,6941,6941,7587
Supereroe,it,246947.0,9152.0,36.0,,68,1863,1721,6942,6942,7588
Superstite,it,196440.0,8024.0,27.0,,68,1858,329,6943,6943,7589
Rainbow Soda,it,198280.0,9003.0,25.0,,68,1858,1722,6944,6944,7590
Tutto quello che ho,it,205500.0,5620.0,38.0,,68,1864,334,6945,6945,7591
Ti amo ma,pl,205500.0,6230.0,40.0,,68,1865,1723,6946,6946,7592
L’errore più grande,it,198853.0,6406.0,27.0,,68,1859,496,6947,6947,7593
One Man Band,it,180960.0,5350.0,19.0,,68,1858,1162,6948,6948,7594
Giorni di Pioggia,it,151200.0,5938.0,24.0,,68,1859,496,6949,6949,7595
Carillon (Acoustic),it,210040.0,6081.0,23.0,,68,1858,1162,6950,6950,7596
9.3,it,225937.0,5558.0,43.0,,68,1860,1037,6951,6951,7597
Meteoriti,it,188253.0,4089.0,51.0,,68,1860,913,6952,6952,7598
Honey,it,317744.0,4402.0,0.0,,68,1866,1724,6953,6953,7599
Nemico di me stesso,it,162306.0,5087.0,24.0,,68,1860,913,6954,6954,7600
DUE ALTALENE,it,197142.0,5886.0,53.0,,68,1867,90,6955,6955,7601
La somma,it,197624.0,5686.0,39.0,,68,1868,264,6956,6956,7602
A forma di origami,it,193520.0,5700.0,40.0,,68,1860,913,6957,6957,7603
Non c’è più musica,it,210941.0,4619.0,33.0,,68,1860,764,6958,6958,7604
Un domani RMX,it,184666.0,4873.0,35.0,,68,1859,496,6959,6959,7605
Intro,it,38120.0,4954.0,15.0,,68,1858,1162,6960,6960,7606
PERICOLOSA,it,160416.0,4326.0,43.0,,68,1862,679,6961,6961,7607
Grazie A Me (Acoustic),it,193146.0,4073.0,21.0,,68,1858,1162,6962,6962,7608
Grazie a me,it,220000.0,5912.0,29.0,,68,1869,1725,6963,6963,7609
Sindrome di Stoccolma,it,175053.0,4493.0,27.0,,68,1860,913,6964,6964,7610
LA FINE DEL MONDO,it,162000.0,4492.0,48.0,,68,1870,85,6965,6965,7611
Sentieri sulle guance,it,189800.0,4179.0,25.0,,68,1860,913,6966,6966,7612
Intro (Petrichor),it,51333.0,5872.0,14.0,,68,1860,913,6967,6967,7613
Outro,en,185106.0,5171.0,34.0,,68,1860,1162,6968,6968,7614
UN MILIONE DI NOTTI,it,160000.0,5350.0,48.0,,68,1871,1726,6969,6969,7615
CRISALIDI,it,183983.0,5839.0,39.0,,68,1872,100,6970,6970,7616
Ricominciare da me (Outro),it,185106.0,4704.0,34.0,,68,1860,913,6971,6971,7617
Non fa per me,it,166986.0,5255.0,24.0,,68,1860,913,6972,6972,7618
ODIO A LA LUNA,es,152882.0,4089.0,49.0,,68,1873,1727,6973,6973,7619
Meteoriti (english),en,248240.0,4384.0,0.0,,68,1874,1728,6974,6974,7620
NEVE SU MARTE,it,197294.0,5679.0,38.0,,68,1872,646,6975,6975,7621
The Way You Do,en,195500.0,5550.0,19.0,,68,1875,1724,6976,6976,7622
SINCERO (RMX),en,226906.0,4714.0,82.0,,68,1876,606,6977,6977,7623
SINCERO,it,145846.0,4766.0,46.0,,68,1877,646,6978,6978,7624
FRAGILE,it,167478.0,5081.0,28.0,,68,1872,646,6979,6979,7625
PAURA DEL BUIO,it,192400.0,4012.0,29.0,,68,1862,29,6980,6980,7626
ARIA,it,170125.0,4495.0,31.0,,68,1872,646,6981,6981,7627
FIGLI DELLA NOTTE,it,201146.0,4429.0,30.0,,68,1862,29,6982,6982,7628
Tutto quello che ho - Acoustic Version,it,226906.0,4515.0,82.0,,68,1876,1724,6983,6983,7629
3.10 AM,it,156722.0,5626.0,27.0,,68,1872,646,6984,6984,7630
VITE PRECEDENTI,it,148800.0,4572.0,29.0,,68,1862,29,6985,6985,7631
SEMPRE UN PO’ DI TE,it,171893.0,4395.0,29.0,,68,1862,29,6986,6986,7632
QUI,it,153333.0,5023.0,27.0,,68,1878,646,6987,6987,7633
NERO,it,219148.0,5747.0,24.0,,68,1872,646,6988,6988,7634
ATLANTIDE,it,161052.0,4496.0,30.0,,68,1872,646,6989,6989,7635
Merry Christmas,en,126667.0,4170.0,0.0,,68,1879,1724,6990,6990,7636
I’m a devil,en,335240.0,4726.0,67.0,,68,1880,1724,6991,6991,7637
IMMORTALI,it,237973.0,5511.0,26.0,,68,1862,29,6992,6992,7638
E INVECE NO,it,141323.0,5115.0,17.0,,68,1872,646,6993,6993,7639
L’ULTIMA VOLTA,it,168853.0,5648.0,20.0,,68,1862,29,6994,6994,7640
Talent Show,it,216312.0,5935.0,54.0,,68,1881,1724,6995,6995,7641
Memories,it,240039.0,5602.0,0.0,,68,1882,1724,6996,6996,7642
New Bitch,it,218253.0,5224.0,17.0,,68,1883,1724,6997,6997,7643
OUTRO [2024],en,267853.0,5001.0,4.0,,68,1884,29,6998,6998,7644
Night club Dnb,en,249920.0,4093.0,2.0,,68,1885,1724,6999,6999,7645
Intro (Memories),it,206698.0,5985.0,7.0,,68,1886,1724,7000,7000,7646
Veleno 7,it,173960.0,663025.0,57.0,,38,1887,11,5382,5382,5879
Lo Sai Che Ci Penso,it,180346.0,216387.0,59.0,,38,1888,424,7001,7001,7647
Bene,it,237250.0,244723.0,59.0,,38,1889,1120,7002,7002,7648
Davide,it,206211.0,209164.0,61.0,,38,1888,424,7003,7003,7649
Senza Di Me,it,201961.0,227224.0,64.0,,38,1890,502,7004,7004,7651
Forte,it,207322.0,210009.0,63.0,,38,1889,1729,7005,7005,7652
On The Corner,it,348400.0,164293.0,87.0,,38,1891,1375,7006,7006,7653
Keanu Reeves,it,209791.0,189357.0,55.0,,38,1888,424,7007,7007,7654
Ye Ye Ye,it,266960.0,137790.0,31.0,,38,1892,1730,7008,7008,7655
Blue Sky,it,187615.0,139982.0,60.0,,38,1893,1731,7009,7009,7656
Fuori e dentro,it,170000.0,142723.0,55.0,,38,1887,15,7010,7010,7657
Fuori,it,170000.0,146510.0,55.0,,38,1887,361,7011,7011,7658
Esagono,it,186426.0,152459.0,52.0,,38,1887,15,7012,7012,7659
Toradol,it,136118.0,126658.0,59.0,,38,1894,1730,7013,7013,7660
Gigante,it,81896.0,137919.0,13.0,,38,1895,218,7014,7014,7661
Ballata del dubbio,it,204021.0,110952.0,44.0,,38,1896,1732,7015,7015,7662
Non Lo So,it,205699.0,148952.0,45.0,,38,1889,530,7016,7016,7663
Mama,it,180581.0,115434.0,55.0,,38,1897,396,7017,7017,7664
Preso Male,it,236602.0,128406.0,47.0,,38,1889,530,7018,7018,7665
TU T’E SCURDAT’ ’E ME (ILLEGAL RMX),en,221403.0,91029.0,72.0,,38,1898,1733,7019,7019,7666
Oro e Argento,it,231788.0,98742.0,45.0,,38,1888,551,7020,7020,7667
Holy Grail,it,181883.0,109720.0,42.0,,38,1888,424,7021,7021,7668
Vmpsb,it,186008.0,118986.0,63.0,,38,1899,1375,7022,7022,7669
Non Cambio Mai,pl,176400.0,99018.0,51.0,,38,1900,1734,7023,7023,7670
Fiori,it,181786.0,114009.0,43.0,,38,1887,15,7024,7024,7672
Voodoo,it,205346.0,91126.0,60.0,,38,1901,218,7025,7025,7674
Mondo Di Fango,it,117384.0,86616.0,55.0,,38,1897,396,7026,7026,7675
Veleno pt. 4,it,205125.0,73266.0,58.0,,38,1902,1375,7027,7027,7676
Veleno,it,205125.0,94314.0,58.0,,38,1902,1735,7028,7028,7677
Veleno pt. 5,it,205125.0,75087.0,58.0,,38,1902,1736,7029,7029,7678
Paradise Lost,it,164118.0,96000.0,49.0,,38,1888,424,7030,7030,7679
Ballon d’Or,it,185195.0,95976.0,63.0,,38,1896,140,7031,7031,7680
Ballata del dubbio pt. 2,it,265453.0,95389.0,39.0,,38,1903,1375,7032,7032,7681
Haterproof 2,it,187615.0,80780.0,45.0,,38,1893,1737,7033,7033,7682
Nonostante Tutto,it,207322.0,85423.0,63.0,,38,1889,530,7034,7034,7683
Come On Baby,it,245853.0,86867.0,75.0,,38,1904,218,7035,7035,7686
Ciao Baby,it,186008.0,66614.0,63.0,,38,1899,447,7036,7036,7687
¥€$,it,204169.0,79449.0,62.0,,38,1905,15,7037,7037,7688
Alright,en,162284.0,61102.0,40.0,,38,1897,396,7038,7038,7690
Tanta Roba Anthem,it,202564.0,74115.0,41.0,,38,1888,416,7039,7039,7691
Inedito,it,224308.0,63874.0,36.0,,38,1903,1738,7040,7040,7693
Dancing With The Devil,it,190883.0,61837.0,77.0,,38,1906,1739,7041,7041,7695
Il primo,it,163212.0,66864.0,44.0,,38,1903,1337,7042,7042,7696
Diverso,it,209898.0,68167.0,46.0,,38,1888,424,7043,7043,7697
QVC9,it,117384.0,72055.0,55.0,,38,1897,396,7044,7044,7698
34 rime pe spiegatte quanto sei bianco,it,217640.0,56635.0,56.0,,38,1907,1735,7045,7045,7699
Codice PIN,it,222400.0,68180.0,44.0,,38,1908,1730,7046,7046,7700
È Inutile,it,186721.0,58285.0,52.0,,38,1889,530,7047,7047,7701
Haterproof,en,187615.0,68457.0,45.0,,38,1893,1740,7048,7048,7702
Scappo via,it,237822.0,69486.0,42.0,,38,1903,1736,7049,7049,7703
Scusa,it,246598.0,66784.0,48.0,,38,1889,1741,7050,7050,7704
Canzone Triste,it,178761.0,71413.0,65.0,,38,1909,1742,7051,7051,7705
Scatola nera,it,173960.0,58490.0,57.0,,38,1887,15,7052,7052,7706
Come me,it,194333.0,68502.0,41.0,,38,1887,15,7053,7053,7707
Alaska,it,218575.0,60031.0,41.0,,38,1888,424,7054,7054,7708
Outro (Certe volte),it,209962.0,61292.0,71.0,,38,1910,1739,7055,7055,7709
In Una Benz,it,142000.0,65255.0,42.0,,38,1897,396,7056,7056,7710
Stare male,it,195831.0,48983.0,35.0,,38,1903,1375,7057,7057,7711
Karate,it,175813.0,64259.0,45.0,,38,1887,15,7058,7058,7712
End of days freestyle,it,216032.0,63061.0,12.0,,38,1911,1732,7059,7059,7713
Pistorius,en,239974.0,55596.0,50.0,,38,1912,585,7060,7060,7714
Giuro Che,en,202758.0,49046.0,40.0,,38,1894,1730,7061,7061,7716
A Me Mi,it,223834.0,49146.0,79.0,,38,1904,218,7062,7062,7717
Fuck/Peace,it,68839.0,68297.0,38.0,,38,1897,396,7063,7063,7718
Passa,it,197213.0,62222.0,47.0,,38,1913,1730,7064,7064,7719
Hangover,it,250978.0,49208.0,50.0,,38,1914,1739,7065,7065,7720
Ballata del dubbio pt. 3,it,223868.0,54313.0,42.0,,38,1903,1736,7066,7066,7721
Quando Vuoi,it,245209.0,59219.0,38.0,,38,1889,530,7067,7067,7722
Ti Amo,it,200801.0,64770.0,40.0,,38,1912,585,7068,7068,7723
Cioccolata Freestyle,en,207322.0,46275.0,63.0,,38,1889,1743,7069,7069,7724
Money Money,pl,264496.0,49757.0,35.0,,38,1897,396,7070,7070,7726
Outro In The Night,it,175240.0,64133.0,52.0,,38,1897,396,7071,7071,7727
Non se ne parla,it,223919.0,44197.0,43.0,,38,1893,1744,7072,7072,7728
Non ti rivedo più,it,223834.0,48186.0,79.0,,38,1904,1736,7073,7073,7729
Vivere pt. 2,it,200214.0,64292.0,68.0,,38,1915,1375,7074,7074,7731
Californication,it,185600.0,56544.0,40.0,,38,1887,15,7075,7075,7732
Pezzo Trap,it,260000.0,48924.0,41.0,,38,1888,424,682,682,725
Un’altra notte,it,205533.0,43155.0,42.0,,38,1887,15,7076,7076,7733
Che ore sono,en,209453.0,41633.0,44.0,,38,1887,15,7077,7077,7734
Sempre in giro,it,307245.0,45560.0,42.0,,38,1893,1731,7078,7078,7735
R.A.I.S.C.F.,it,136118.0,57154.0,59.0,,38,1894,1739,7079,7079,7736
Marte,it,135615.0,47577.0,45.0,,38,1897,396,7080,7080,7737
Rossi,it,136118.0,50757.0,59.0,,38,1894,1730,7081,7081,7739
Tutto OK,it,218506.0,53406.0,40.0,,38,1887,15,7082,7082,7740
Già da un po’ (2010),it,187615.0,43785.0,45.0,,38,1893,1730,7083,7083,7741
Noi Siamo Così,it,126500.0,39847.0,44.0,,38,1897,396,7084,7084,7742
Davi,it,206211.0,44014.0,61.0,,38,1888,1730,7085,7085,7743
Diario di bordo,it,243144.0,50789.0,37.0,,38,1893,1731,7086,7086,7744
Come Me,it,194333.0,48835.0,41.0,,38,1887,1745,7087,7087,7745
Vivere pt. 1,it,265454.0,35833.0,65.0,,38,1916,1745,7088,7088,7746
Bad Boys,pl,130714.0,46297.0,39.0,,38,1894,1730,7089,7089,7747
I Don’t Care,en,245286.0,43842.0,36.0,,38,1893,1731,7090,7090,7748
Rap Doom,it,181259.0,49529.0,35.0,,38,1914,1736,7091,7091,7749
Fresco,it,237250.0,35457.0,59.0,,38,1889,1730,7092,7092,7750
K.O​.,pl,190810.0,42108.0,47.0,,38,1899,447,7093,7093,7752
ᐸ3,it,191114.0,47210.0,51.0,,38,1897,396,7094,7094,7753
Top,en,191202.0,39475.0,49.0,,38,1899,447,7095,7095,7754
Fair,en,129964.0,40512.0,36.0,,38,1897,396,7096,7096,7755
Chiamate Perse,it,202765.0,33606.0,41.0,,38,1888,424,7097,7097,7756
Trap Emo Rmx,en,142306.0,36740.0,36.0,,38,1897,396,7098,7098,7757
Che Ci Faccio,it,202792.0,37290.0,39.0,,38,1894,1730,7099,7099,7758
Black Mirror,en,220317.0,47200.0,38.0,,38,1893,1731,7100,7100,7759
Rimango quà,it,264614.0,36262.0,16.0,,38,1917,1732,7101,7101,7760
Veleno pt. 3,it,183230.0,38896.0,23.0,,38,1918,1740,7102,7102,7761
Out Of My Way,it,246368.0,41624.0,40.0,,38,1903,1746,7103,7103,7762
Più Di Così,it,225694.0,33646.0,36.0,,38,1897,396,7104,7104,7763
Veleno pt. 2,it,233239.0,38635.0,41.0,,38,1919,1745,7105,7105,7765
Niente Per Me,it,195549.0,42386.0,35.0,,38,1889,530,7106,7106,7766
Intro (QVC7),it,196874.0,44019.0,47.0,,38,1896,218,7107,7107,7767
Un Giro Con Noi,it,203000.0,40146.0,41.0,,38,1888,424,7108,7108,7768
Buonanotte,it,221064.0,40428.0,39.0,,38,1888,424,7109,7109,7769
Essere vero,it,146333.0,31414.0,66.0,,38,1920,218,7110,7110,7770
Non Me Ne Vado,it,186000.0,43280.0,38.0,,38,1889,530,7111,7111,7771
Intro [2016],it,257332.0,31275.0,17.0,,38,1914,530,7112,7112,7772
Quello che vi consiglio pt. 3,it,172618.0,40140.0,35.0,,38,1897,218,7113,7113,7773
Non ti piace,en,193545.0,32654.0,12.0,,38,1921,1739,7114,7114,7774
Rollercoaster,en,177882.0,41802.0,36.0,,38,1897,396,7115,7115,7775
"Si Va, Pt. 3",it,172618.0,38708.0,35.0,,38,1897,396,7116,7116,7777
Nato estremo,it,221215.0,37387.0,37.0,,38,1903,1747,7117,7117,7778
Outro (QVC8),it,171931.0,30086.0,0.0,,38,1922,1730,7118,7118,7779
Ehy,en,156028.0,33058.0,36.0,,38,1897,396,7119,7119,7781
Domani,it,225327.0,35341.0,38.0,,38,1889,530,7120,7120,7782
K-Hole,it,216881.0,37296.0,38.0,,38,1912,585,7121,7121,7783
Fratè,it,207322.0,28018.0,63.0,,38,1889,218,7122,7122,7784
Instagrammo,co,261377.0,38767.0,45.0,,38,1893,1731,7123,7123,7785
Rollin’,it,163115.0,37651.0,41.0,,38,1899,602,7124,7124,7786
Tutti quanti,it,165660.0,29504.0,43.0,,38,1923,1375,7125,7125,7793
Eutanasia,pl,309704.0,35751.0,36.0,,38,1893,1731,7126,7126,7794
Falsità e cortesia RMX,it,199253.0,31456.0,44.0,,38,1924,1739,7127,7127,7795
Pochette,it,181430.0,30447.0,56.0,,38,1899,447,7128,7128,7796
Da Piccolo (Snippet),it,264573.0,28137.0,69.0,,38,1925,218,7129,7129,7797
Rainman,it,136118.0,31338.0,59.0,,38,1894,1730,7130,7130,7798
Questa Qua,it,172380.0,32173.0,38.0,,38,1888,424,7131,7131,7799
Fammi Fuori,it,158254.0,28250.0,38.0,,38,1889,530,7132,7132,7800
Cambio Le Regole,it,226456.0,30444.0,36.0,,38,1889,530,7133,7133,7801
Ce L’hanno Con Me,it,223192.0,31179.0,36.0,,38,1889,530,7134,7134,7802
Russian Roulette,it,143371.0,31167.0,36.0,,38,1897,396,7135,7135,7803
Ok!,it,218506.0,23506.0,40.0,,38,1887,1730,7136,7136,7804
Fabio Volo,it,202745.0,32176.0,32.0,,38,1914,1748,7137,7137,7805
Intro (QVC6),it,196874.0,27636.0,47.0,,38,1896,1739,7138,7138,7806
LA PROSSIMA VOLTA (64 Bars),it,149123.0,25427.0,40.0,,38,1926,1749,7139,7139,7807
Gli stessi,it,199180.0,24784.0,40.0,,38,1896,218,7140,7140,7808
Silenzio,it,177672.0,27408.0,55.0,,38,1899,447,7141,7141,7809
Le mille e una notte,it,194516.0,31364.0,74.0,,38,1927,1736,7142,7142,7811
Outro (Insegui i sogni),it,210000.0,25635.0,46.0,,38,1928,218,7143,7143,7812
Non Mi Va (Interludio),it,182245.0,29635.0,76.0,,38,1910,1730,7144,7144,7813
Fuori di testa,it,195831.0,22362.0,35.0,,38,1903,1750,7145,7145,7814
Il giorno del giudizio,it,130228.0,26114.0,36.0,,38,1893,1731,7146,7146,7815
Intro (QVC4),it,196874.0,31415.0,47.0,,38,1896,806,7147,7147,7816
Coma,en,243970.0,28706.0,30.0,,38,1914,1751,7148,7148,7817
Va bene così,it,195422.0,22535.0,33.0,,38,1903,1732,7149,7149,7818
Intro (QVC1),it,133846.0,25013.0,42.0,,38,1896,1735,7150,7150,7819
Ancora un po’,it,205125.0,22084.0,58.0,,38,1902,1736,7151,7151,7820
Faccio questo pt. 2,it,205125.0,23664.0,58.0,,38,1902,1745,7152,7152,7821
Il sesto elemento,pt,188779.0,27250.0,37.0,,38,1893,1731,7153,7153,7822
Top of the world,it,252306.0,27082.0,91.0,,38,1929,1735,7154,7154,7823
Controlla Freestyle,it,173960.0,21326.0,57.0,,38,1887,218,7155,7155,7824
Siddharta,it,186008.0,27948.0,63.0,,38,1899,1375,7156,7156,7825
Come no,it,247666.0,24763.0,58.0,,38,1930,218,7157,7157,7827
N.F.C.N.B.,it,185195.0,22693.0,63.0,,38,1896,530,7158,7158,7828
Baci Al Cianuro,it,206040.0,23738.0,33.0,,38,1900,1734,7159,7159,7829
Adesso,it,201964.0,24631.0,52.0,,38,1899,1752,7160,7160,7830
"Detto, Fatto.",it,208320.0,24155.0,40.0,,38,1900,1734,7161,7161,7831
Cosa Vedo,it,165128.0,23251.0,31.0,,38,1931,1745,7162,7162,7832
Niente,it,195549.0,23401.0,35.0,,38,1889,1375,7163,7163,7833
Zitto e guarda,it,231360.0,20260.0,35.0,,38,1893,1731,7164,7164,7834
Lo faccio bene (QVC6),it,173960.0,25544.0,57.0,,38,1887,1739,7165,7165,7836
Mai,it,176400.0,23005.0,51.0,,38,1900,218,7166,7166,7837
Chissenefrega (Snippet),it,186008.0,18975.0,63.0,,38,1899,218,7167,7167,7838
Male e bene,it,173960.0,23563.0,57.0,,38,1887,1732,7168,7168,7839
Dimmelo Pure,it,180137.0,24975.0,75.0,,38,1932,1375,7169,7169,7840
Pornstar,it,237266.0,24480.0,53.0,,38,1899,447,7170,7170,7841
Eclissi,pl,186008.0,19384.0,63.0,,38,1899,1175,7171,7171,7842
Questa giornata,pl,307245.0,17460.0,42.0,,38,1893,1739,7172,7172,7844
Sigarette,it,236466.0,20339.0,35.0,,38,1893,1731,7173,7173,7845
Drama,it,253567.0,17052.0,38.0,,38,1893,1731,7174,7174,7846
Me basta questo,it,207394.0,23632.0,38.0,,38,1903,1735,7175,7175,7847
Outro (Too Much),it,143606.0,17277.0,4.0,,38,1933,1375,7176,7176,7848
Si Va pt. 2,it,254889.0,17640.0,10.0,,38,1934,1739,7177,7177,7850
Pow Pow,it,165660.0,18718.0,43.0,,38,1923,1739,7178,7178,7851
È morto,it,207394.0,18350.0,38.0,,38,1903,1735,7179,7179,7852
La la la,it,151746.0,21046.0,45.0,,38,1935,1745,7180,7180,7853
Con me,it,259186.0,18445.0,56.0,,38,1905,1739,7181,7181,7854
Come gli esplosivi RMX,it,145209.0,16255.0,34.0,,38,1903,1732,7182,7182,7855
Superman pt. 2,it,484266.0,16766.0,28.0,,38,1936,1745,7183,7183,7856
Intro (QVC3),it,196874.0,18297.0,47.0,,38,1896,1732,7184,7184,7857
Intro (QVC5),it,196874.0,15557.0,47.0,,38,1896,1736,7185,7185,7858
Smokin’ Aces,it,208750.0,18705.0,35.0,,38,1893,1731,7186,7186,7859
No Comment,it,188900.0,18369.0,34.0,,38,1893,1731,7187,7187,7860
Intro (QVC10),it,133846.0,19257.0,42.0,,38,1896,140,7188,7188,7861
Inutile che dici di no,it,265933.0,20681.0,47.0,,38,1937,1740,7189,7189,7862
Goal,it,189287.0,19861.0,46.0,,38,1896,140,7190,7190,7863
La Ballata Del Dubbio Pt.4 (FINAL ACT),it,204021.0,20045.0,44.0,,38,1896,140,7191,7191,7864
Jorge Lorenzo,en,158125.0,15027.0,40.0,,38,1899,1752,7192,7192,7865
Mettere Giù,it,207627.0,14232.0,35.0,,38,1912,585,7193,7193,7866
Nun Ce La Faccio Più,it,188000.0,15324.0,7.0,,38,1938,1753,7194,7194,7867
Sail Rmxxx,it,186008.0,19226.0,63.0,,38,1899,1736,7195,7195,7868
Quello che vi consiglio,it,185195.0,19418.0,63.0,,38,1896,1735,7196,7196,7869
Stò in giro (Fratè è un sacco),it,173960.0,18514.0,57.0,,38,1887,1739,7197,7197,7870
Quello Che Vi Consiglio pt. 2,it,151335.0,13376.0,34.0,,38,1903,1375,7198,7198,7871
Tribute pt. 2,it,195173.0,18114.0,4.0,,38,1939,1745,7199,7199,7872
Superman pt. 3,it,210306.0,14867.0,3.0,,38,1940,1375,7200,7200,7873
Fire pt. 2,it,260906.0,12019.0,6.0,,38,1941,1375,7201,7201,7874
In aria,it,84569.0,14542.0,0.0,,38,1942,1375,7202,7202,7875
Billy Idol,it,151335.0,11838.0,34.0,,38,1903,1736,7203,7203,7876
Andare via,it,221215.0,14688.0,37.0,,38,1903,1745,7204,7204,7877
Quando Sto Con Te,it,181596.0,13337.0,43.0,,38,1899,447,7205,7205,7878
Il Salto,it,164726.0,13615.0,48.0,,38,1896,140,7206,7206,7879
L’Unico Compromesso,it,239974.0,14206.0,50.0,,38,1912,585,7207,7207,7880
Jeffrey,it,121851.0,15568.0,46.0,,38,1896,140,7208,7208,7881
Dove Stanno,it,188000.0,14422.0,7.0,,38,1938,1739,7209,7209,7882
Ogni Volta,it,183460.0,12729.0,43.0,,38,1899,447,7210,7210,7883
Ci puoi riprovare,it,180863.0,14593.0,76.0,,38,1910,1736,7211,7211,7885
Colpevole,pl,178360.0,14977.0,51.0,,38,1896,140,7212,7212,7887
Qua Con Me,it,221458.0,10835.0,39.0,,38,1899,447,7213,7213,7888
Restiamo Soli,it,196874.0,12827.0,47.0,,38,1896,140,7214,7214,7889
Non Ti Vedo Più,it,195789.0,11515.0,50.0,,38,1896,140,7215,7215,7890
Ti piacerebbe,it,207630.0,10177.0,32.0,,38,1903,1732,2858,2858,3147
Ghost Track (QVC1),it,222640.0,13192.0,91.0,,38,1943,1735,7216,7216,7891
Without You,it,189235.0,14137.0,43.0,,38,1896,140,7217,7217,7892
Superman,it,175293.0,10669.0,46.0,,38,1944,1735,7218,7218,7893
J.A.S.T. pt. 2,it,244306.0,13727.0,12.0,,38,1945,1732,7219,7219,7895
La Merce Più Buona,it,242540.0,13908.0,43.0,,38,1896,140,7220,7220,7897
Quello che mi chiedi,it,252946.0,14126.0,47.0,,38,1946,1736,7221,7221,7898
Rollin’ Pt. 2,it,163115.0,10943.0,41.0,,38,1899,447,7222,7222,7899
Intro (QVC2),it,196874.0,13968.0,47.0,,38,1896,1745,7223,7223,7900
Giù (Resto Qua),it,192747.0,11115.0,26.0,,38,1914,1595,7224,7224,7901
May Day,it,232186.0,11856.0,94.0,,38,1947,1732,7225,7225,7902
Work,it,191682.0,9382.0,1.0,,38,1948,1730,7226,7226,7903
Daydream,it,186008.0,9338.0,63.0,,38,1899,1745,7227,7227,7904
Winners&Losers,en,241820.0,11754.0,29.0,,38,1912,585,7228,7228,7905
Fuori Di Qua (Out Of My Way pt. 2),it,209043.0,10455.0,31.0,,38,1912,585,7229,7229,7906
Dove sto,it,188000.0,9545.0,7.0,,38,1938,1745,7230,7230,7907
Outro (QVC1),it,155961.0,9232.0,42.0,,38,1896,1735,7231,7231,7908
Terra/Luna,it,236160.0,11144.0,29.0,,38,1900,1734,7232,7232,7909
Neanche un giorno,it,307245.0,8244.0,42.0,,38,1893,1375,7233,7233,7910
Outro (QVC5),it,171931.0,11546.0,0.0,,38,1922,1736,7234,7234,7911
Disco D’Oro,pl,153546.0,8485.0,27.0,,38,1949,327,7235,7235,7912
Lo Stesso,it,193101.0,8858.0,30.0,,38,1912,585,7236,7236,7913
Si Va,it,172618.0,9581.0,35.0,,38,1897,1736,7237,7237,7915
Temporale,it,182564.0,9943.0,16.0,,38,1950,1745,7238,7238,7917
L’ho scelto,it,221215.0,9229.0,37.0,,38,1903,1732,7239,7239,7918
Decathlon,it,136118.0,9054.0,59.0,,38,1894,1736,7240,7240,7920
Nevermind (Spegnila),it,240362.0,11350.0,28.0,,38,1912,1754,7241,7241,7921
Fanculo al mondo,it,307245.0,10017.0,42.0,,38,1893,1745,7242,7242,7922
Giorno nero,it,176000.0,7646.0,78.0,,38,1951,1736,7243,7243,7924
Quando Mai,it,179241.0,9116.0,30.0,,38,1912,585,7244,7244,7925
Fire,it,207322.0,10620.0,63.0,,38,1889,1745,7245,7245,7927
Met Gala,it,199180.0,8254.0,40.0,,38,1896,140,7246,7246,7929
Vibes,it,132933.0,7462.0,44.0,,38,1896,140,7247,7247,7930
Faccio questo,it,205125.0,9826.0,58.0,,38,1902,1735,7248,7248,7931
Tribute pt. 1,it,210306.0,9206.0,3.0,,38,1940,1735,7249,7249,7932
Nun ce la fai,it,188000.0,8883.0,7.0,,38,1938,1735,7250,7250,7933
Coppa Italia,it,152000.0,6810.0,42.0,,38,1896,140,7251,7251,7935
Natura Morta (outro),it,155961.0,7030.0,42.0,,38,1896,140,7252,7252,7936
Povero Stronzo,it,175200.0,8574.0,61.0,,38,1952,1745,7253,7253,7937
Vado avanti,it,164177.0,7143.0,59.0,,38,1953,1745,7254,7254,7938
Basta,pl,207394.0,8087.0,38.0,,38,1903,1735,7255,7255,7939
La penso così,it,182473.0,8101.0,49.0,,38,1954,1735,7256,7256,7940
Antidoping,it,237000.0,7178.0,28.0,,38,1900,1734,7257,7257,7941
La Testa Mia,it,200889.0,9024.0,29.0,,38,1912,585,7258,7258,7942
La Bibbia,pl,156743.0,8662.0,41.0,,38,1896,140,7259,7259,7943
Classe ’88,en,207394.0,8110.0,38.0,,38,1903,1740,7260,7260,7944
Tu che scegli,it,189642.0,6181.0,75.0,,38,1930,1755,7261,7261,7945
Persi,it,199754.0,6103.0,41.0,,38,1896,140,7262,7262,7946
Occhi Di Vetro,pl,195989.0,7173.0,27.0,,38,1912,585,7263,7263,7947
Hip Hop Snippet,it,132919.0,6187.0,43.0,,38,1896,140,7264,7264,7948
Che ne sai,it,205125.0,8438.0,58.0,,38,1902,1740,7265,7265,7949
Sempre Le 4,en,208200.0,5975.0,31.0,,38,1900,1734,7266,7266,7950
G.A.R.M.,it,174920.0,6827.0,56.0,,38,1955,1734,7267,7267,7951
Sperare,it,237250.0,6487.0,59.0,,38,1889,1735,7268,7268,7952
Gospel,it,217785.0,7243.0,36.0,,38,1956,1756,7269,7269,7953
Hallelujah,it,186008.0,5757.0,63.0,,38,1899,1735,7270,7270,7955
Ghost Track (QVC2),it,222640.0,6489.0,91.0,,38,1943,1745,7271,7271,7956
Se vuoi puoi,it,180666.0,5956.0,42.0,,38,1957,1736,7272,7272,7957
Liscio,it,131878.0,7481.0,42.0,,38,1896,140,7273,7273,7958
Come te,it,247666.0,5285.0,58.0,,38,1930,1732,7274,7274,7959
Devo essere l’unico,it,466000.0,7457.0,62.0,,38,1958,1740,7275,7275,7960
Cucimi le labbra RMX,it,175342.0,7207.0,23.0,,38,1959,1745,7276,7276,7961
Via Da Questo Posto,it,187615.0,5823.0,45.0,,38,1893,1740,7277,7277,7963
2013 (Accendila),it,134040.0,7022.0,27.0,,38,1912,585,7278,7278,7964
Sperare pt. 2,it,244266.0,4977.0,1.0,,38,1945,1745,7279,7279,7966
Non ce n’è,pl,173960.0,7207.0,57.0,,38,1887,1740,7280,7280,7968
Bianco,it,217785.0,6122.0,36.0,,38,1956,1756,7281,7281,7969
Outro (QVC2),it,171931.0,5447.0,0.0,,38,1922,1745,7282,7282,7970
Forever True,en,268384.0,5552.0,30.0,,38,1912,585,7283,7283,7972
Chissenefrega RMX,it,186008.0,4832.0,63.0,,38,1899,1757,7284,7284,7973
Fatti,it,207322.0,6910.0,63.0,,38,1889,1735,7285,7285,7974
Jesus,it,154194.0,4565.0,38.0,,38,1896,140,7286,7286,7975
Riflessioni,it,207322.0,5885.0,63.0,,38,1889,1745,7287,7287,7976
Se preferisco,it,211647.0,5313.0,73.0,,38,1951,1735,7288,7288,7977
No Good,it,210688.0,6336.0,93.0,,38,1960,1745,7289,7289,7978
Non ci fermi mai,pl,167283.0,4505.0,69.0,,38,1961,1740,7290,7290,7979
Lo Faccio Bene,it,199631.0,5078.0,25.0,,38,1912,585,7291,7291,7980
Collier,en,243007.0,4980.0,26.0,,38,1912,585,7292,7292,7981
Presidential,it,187304.0,5420.0,39.0,,38,1896,140,7293,7293,7982
Te nun ce poi stà,it,279403.0,4149.0,1.0,,38,1962,1745,7294,7294,7984
Noodles,it,112000.0,4398.0,37.0,,38,1896,140,7295,7295,7985
Mondo Spaccato,it,196313.0,4443.0,25.0,,38,1912,585,7296,7296,7986
La risposta,it,181440.0,5492.0,12.0,,38,1963,1740,7297,7297,7987
Watch how it go down,it,216880.0,4393.0,92.0,,38,1964,1735,7298,7298,7988
Hi-tech,it,353754.0,5162.0,81.0,,38,1965,1740,7299,7299,7989
Celebrity,it,246003.0,4444.0,26.0,,38,1912,585,7300,7300,7990
Fuoriclasse,it,207322.0,5742.0,63.0,,38,1889,1742,7301,7301,7991
Baghdad,it,207322.0,5904.0,63.0,,38,1889,1732,7302,7302,7992
Di noi non ti scordi,it,226906.0,5052.0,82.0,,38,1910,1740,7303,7303,7993
Back on the scene,en,249302.0,4720.0,91.0,,38,1966,1740,7304,7304,7995
Low budget,it,228506.0,4482.0,12.0,,38,1967,1740,7305,7305,7997
Mash-up radio 105,it,219813.0,4111.0,18.0,,38,1968,108,7306,7306,7998
Fan Culo,it,186213.0,4551.0,66.0,,38,1969,1742,7307,7307,7999
One Take FM Free Mic,it,215594.0,5323.0,64.0,,38,1970,1758,7308,7308,8000
Senti qua,it,207394.0,5083.0,38.0,,38,1903,1759,7309,7309,8001
Non è colpa mia,it,221215.0,5908.0,37.0,,38,1903,1760,7310,7310,8002
Covid-19 Freestyle,it,186566.0,4803.0,5.0,,38,1971,691,7311,7311,8003
Radio BB Special,en,225586.0,5403.0,12.0,,38,1972,698,7312,7312,8004
Passatempo,it,206211.0,4993.0,61.0,,38,1888,1742,7313,7313,8005
Ce n’è ancora,it,173960.0,5042.0,57.0,,38,1887,953,7314,7314,8006
Non ha prezzo RMX,it,245853.0,4550.0,75.0,,38,1904,1761,7315,7315,8007
Puoi,it,187615.0,4926.0,60.0,,38,1893,1762,7316,7316,8008
Exclusive 2011,it,188000.0,4957.0,7.0,,38,1938,594,7317,7317,8009
105 Mi Casa Mashup: Gemitaiz con Veleno 6 e Tanta Roba Anthem su SICKO MODE,it,173960.0,5429.0,57.0,,38,1887,1763,7318,7318,8010
Come un jet,it,307245.0,5896.0,42.0,,38,1893,1742,7319,7319,8011
Avanti così,it,183106.0,4673.0,6.0,,38,1973,1764,7320,7320,8012
🤮🤮🤮😤😤😤😫😫🤒🤒🥴🥴🥴 (Freestyle),it,207322.0,4096.0,63.0,,38,1889,455,7321,7321,8013
FDTCK - Red Bull Posse,en,209656.0,5006.0,33.0,,38,1974,314,7322,7322,8014
Veleno 3 (Detto Fatto RMX),it,165773.0,5103.0,0.0,,38,1975,1734,7323,7323,8015
105 Mi Casa Mashup: Gemitaiz su Bimbi di Charlie Charles,it,186008.0,4348.0,63.0,,38,1899,1765,7324,7324,8016
Mejo che te dai,co,223834.0,5537.0,79.0,,38,1904,1766,7325,7325,8017
Noi Siamo Così RMX,it,226906.0,5988.0,82.0,,38,1910,1639,7326,7326,8018
Haterproof (Detto Fatto RMX),it,103748.0,5910.0,26.0,,38,1976,1734,7327,7327,8019
Collasso,pl,237250.0,4408.0,59.0,,38,1889,1767,7328,7328,8020
La Risposta (Detto Fatto RMX),it,180137.0,5769.0,75.0,,38,1932,1734,7329,7329,8021
Covid-19 Freestyle pt.2,it,141791.0,5423.0,2.0,,38,1977,455,7330,7330,8022
SNITCH E IMPICCI,it,202380.0,112801.0,48.0,,27,1978,1226,7331,7331,8023
Occupato,it,144000.0,73509.0,44.0,,27,1979,656,7332,7332,8024
ELEGANTE,eu,220896.0,65099.0,61.0,,27,1978,560,7333,7333,8025
Boss,da,204093.0,49272.0,47.0,,27,1979,1768,7334,7334,8026
Kanaglia,it,204093.0,41840.0,47.0,,27,1979,1769,7335,7335,8027
OPPS,it,194285.0,35671.0,41.0,,27,1978,560,7336,7336,8028
ENJOY,en,187200.0,30227.0,36.0,,27,1978,560,7337,7337,8029
ZERO+ZERO,it,150943.0,23198.0,35.0,,27,1978,560,7338,7338,8030
Wave,pl,169400.0,28443.0,46.0,,27,1979,1575,7339,7339,8031
WICKR ME,it,204324.0,21730.0,33.0,,27,1978,560,7340,7340,8032
Booster,it,205906.0,20428.0,39.0,,27,1979,1770,7341,7341,8033
BANKROLL,en,166758.0,15306.0,27.0,,27,1978,560,7342,7342,8034
ELO,it,220896.0,17368.0,61.0,,27,1978,560,7343,7343,8035
GIRO D’ITALIA,pl,163636.0,13496.0,32.0,,27,1978,560,7344,7344,8036
223,it,146250.0,12103.0,25.0,,27,1978,524,7345,7345,8037
OH MAMI,it,168857.0,12919.0,30.0,,27,1980,949,7346,7346,8038
CALMA,it,198260.0,11894.0,28.0,,27,1978,560,7347,7347,8039
CHANCE,it,173513.0,12591.0,28.0,,27,1978,560,7348,7348,8040
Massarenti,pl,220896.0,8086.0,61.0,,27,1978,1771,7349,7349,8041
ANIMA,it,165517.0,8608.0,23.0,,27,1980,1267,7350,7350,8042
Drip,it,181468.0,7660.0,28.0,,27,1981,1386,7351,7351,8043
DOMANI L’ALTRO,it,155064.0,9944.0,28.0,,27,1978,560,7352,7352,8044
MILLY ROCK,it,158518.0,8118.0,52.0,,27,1982,1772,7353,7353,8045
Quello Vero,it,189657.0,8504.0,28.0,,27,1983,478,7354,7354,8046
Casco Momo,it,181668.0,7109.0,58.0,,27,1984,1773,7355,7355,8047
GG,it,176720.0,6150.0,20.0,,27,1979,1575,7356,7356,8048
XSEMPRE,it,128371.0,8180.0,19.0,,27,1980,949,7357,7357,8049
Piccolo Dref,it,195106.0,5989.0,27.0,,27,1979,1575,7358,7358,8050
Fortuna,pl,200066.0,6142.0,22.0,,27,1979,1575,7359,7359,8051
STUPIDO DRIP,it,163636.0,6520.0,24.0,,27,1978,560,7360,7360,8052
Soldi Blu,it,112000.0,4573.0,23.0,,27,1979,1575,7361,7361,8053
NOTTE E GIORNO,it,108923.0,5690.0,23.0,,27,1978,560,7362,7362,8054
GHOSTBUSTER,it,180794.0,5086.0,43.0,,27,1982,1772,7363,7363,8055
Mannaggia,it,186013.0,4567.0,23.0,,27,1979,1575,7364,7364,8056
PURPLE RAIN,it,203076.0,4134.0,43.0,,27,1982,1772,7365,7365,8057
Esse Magazine Freestyle #20,it,234000.0,4337.0,41.0,,27,1985,482,7366,7366,8058
HEAVY,pl,165230.0,5805.0,20.0,,27,1980,949,7367,7367,8059
SHOOTER,it,140115.0,5387.0,22.0,,27,1980,949,7368,7368,8060
KNGL dance,it,216680.0,4511.0,21.0,,27,1979,1575,7369,7369,8061
GG (Kanaglia Mixtape),pl,204093.0,4142.0,47.0,,27,1979,1774,7370,7370,8062
KNGL Edificio,it,220896.0,5395.0,61.0,,27,1978,1775,7371,7371,8063
TZUNAMI,it,169510.0,5158.0,42.0,,27,1982,1772,7372,7372,8064
DOUBLE CUP,en,148965.0,4823.0,16.0,,27,1980,1776,7373,7373,8065
100MILA,it,220896.0,4742.0,61.0,,27,1978,1777,7374,7374,8066
CICATRICI,it,177627.0,4446.0,17.0,,27,1980,949,7375,7375,8067
ORAZIO KANE,it,159069.0,5354.0,34.0,,27,1982,1772,7376,7376,8068
JANNIK SIPPER,it,130142.0,5954.0,33.0,,27,1986,1778,7377,7377,8069
APOLOGY,it,138682.0,4363.0,15.0,,27,1980,949,7378,7378,8070
Lemme See Freestyle,it,182181.0,5207.0,33.0,,27,1987,1779,7379,7379,8071
CHAIN*,en,220896.0,4862.0,61.0,,27,1978,1780,7380,7380,8072
BABE,it,163473.0,4908.0,38.0,,27,1982,1772,7381,7381,8073
Sottovuoto,it,167999.0,4520.0,69.0,,27,1988,479,7382,7382,8074
ELO (2016),it,230106.0,5666.0,10.0,,27,1989,202,7383,7383,8075
Eminflex,it,220896.0,4985.0,61.0,,27,1978,1781,7384,7384,8076
Battiti,it,155368.0,5100.0,24.0,,27,1990,105,7385,7385,8077
Prova del 9,it,129737.0,4619.0,40.0,,27,1991,989,7386,7386,8078
JUNKIE BAR,it,154673.0,4375.0,40.0,,27,1982,1772,7387,7387,8079
ALLERTA METEO,it,132650.0,4183.0,30.0,,27,1982,1772,7388,7388,8080
MR. Komparema,it,122686.0,5440.0,26.0,,27,1992,312,7389,7389,8081
Patatine Nuvola,it,220896.0,4404.0,61.0,,27,1978,213,7390,7390,8082
RICK STEP OWEN,it,117735.0,5391.0,31.0,,27,1982,1772,7391,7391,8083
KNGL LOVE GANG,it,200000.0,4795.0,68.0,,27,1993,1782,7392,7392,8085
GOBLIN,it,158518.0,4845.0,52.0,,27,1982,1772,7393,7393,8086
On The Radar Freestyle,it,431671.0,4950.0,27.0,,27,1994,1772,7394,7394,8087
BLA O CAP,it,105882.0,4748.0,54.0,,27,1995,243,7395,7395,8088
I WANT U,it,184489.0,4212.0,33.0,,27,1982,1772,7396,7396,8089
INFLUENCER,it,136171.0,4631.0,39.0,,27,1982,1772,7397,7397,8090
Panda RMX (Bonus Track),en,356053.0,5343.0,27.0,,27,1996,1783,7398,7398,8091
SACRIFICI,it,126720.0,5345.0,27.0,,27,1982,1772,7399,7399,8092
Giorni Nel Blocco,it,180000.0,4583.0,21.0,,27,1997,188,7400,7400,8093
Radio 105 Freestyle,it,197853.0,4932.0,24.0,,27,1998,1037,7401,7401,8094
Bolo Top Mariuoli,pl,201006.0,4399.0,26.0,,27,1999,1270,7402,7402,8095
VECCHIA GUARDIA,it,113032.0,4431.0,26.0,,27,1982,1772,7403,7403,8096
Questa È Droga,it,182245.0,4058.0,76.0,,27,2000,1270,7404,7404,8097
Online,it,220896.0,5808.0,61.0,,27,1978,1630,7405,7405,8098
Junkie Spiderman,it,179076.0,4432.0,29.0,,27,2001,1784,7406,7406,8099
Kzz Mrd,it,220896.0,4468.0,61.0,,27,1978,1785,7407,7407,8100
Esko fuori la porta,it,187573.0,4573.0,71.0,,27,2002,433,7408,7408,8101
Nasty Freestyle,en,234000.0,4266.0,41.0,,27,1985,1270,7409,7409,8102
Kompra Tutto,pl,169400.0,5296.0,46.0,,27,1979,1786,7410,7410,8103
Pessotto,it,220896.0,4164.0,61.0,,27,1978,1270,7411,7411,8104
Scrivo Barre,it,205125.0,4282.0,58.0,,27,2003,1270,7412,7412,8105
Kompare (Bonus Track),eo,236777.0,5304.0,1.0,,27,2004,1270,7413,7413,8106
Dentro Me,it,180863.0,4694.0,76.0,,27,2000,1270,7414,7414,8107
TOMA TUSSI RMX,ca,200653.0,5431.0,39.0,,27,2005,569,7415,7415,8108
I’m Dref,it,168857.0,5131.0,30.0,,27,1980,1270,7416,7416,8109
Space*,it,189000.0,4526.0,36.0,,27,2006,64,7417,7417,8110
Pensa Te,it,151586.0,5318.0,71.0,,27,2007,1270,7418,7418,8111
esse Type Beat (Sanremo Edition),it,200869.0,4243.0,57.0,,27,2008,1787,7419,7419,8112
BossMan Flow,it,234000.0,5084.0,57.0,,27,2009,1788,7420,7420,8113
No Non Ho,it,189657.0,4889.0,28.0,,27,1983,697,7421,7421,8114
Lettera ad un fratello,it,206805.0,4549.0,68.0,,27,2010,1789,7422,7422,8115
Beef,it,184489.0,5223.0,33.0,,27,1982,1270,7423,7423,8116
Pila di racks*,it,182245.0,5759.0,76.0,,27,2000,1790,7424,7424,8117
Fuori posto,it,192096.0,6018.0,72.0,,27,2000,907,7425,7425,8118
Kanaglia (Kanaglia Mixtape),it,144000.0,5230.0,44.0,,27,1979,1791,7426,7426,8119
Fook Em,pt,167642.0,4823.0,3.0,,27,2011,1270,7427,7427,8120
Smo King Sea Son,it,236720.0,4463.0,0.0,,27,2012,1499,7428,7428,8121
Five Millions,en,228638.0,4527.0,15.0,,27,2013,1223,7429,7429,8122
BLOODY BARS - DRILLUMINAZIONE,nl,335080.0,324498.0,50.0,,94,2014,21,7430,7430,8126
X 1 MEX,it,174746.0,185690.0,49.0,,94,2014,21,7431,7431,8127
MACHETE SATELLITE,en,146986.0,172360.0,49.0,,94,2014,21,7432,7432,8129
BABY,en,138560.0,129893.0,48.0,,94,2014,21,7433,7433,8130
TELEPHONE,it,168760.0,125390.0,54.0,,94,2014,21,7434,7434,8132
BLOODY BARS - STUDIOMOB,it,72133.0,108463.0,46.0,,94,2014,21,7435,7435,8133
ALTALENE,it,186853.0,125234.0,54.0,,94,2014,21,7436,7436,8135
WEEKEND,it,180480.0,113174.0,50.0,,94,2014,21,7437,7437,8138
GREVE,en,145973.0,90748.0,45.0,,94,2014,21,7438,7438,8139
5G,it,199320.0,71134.0,38.0,,94,2014,21,7439,7439,8142
ALASKA,it,190306.0,75419.0,43.0,,94,2014,21,7440,7440,8145
BLOODY BARS - LOCKED,it,135106.0,52931.0,37.0,,94,2014,21,7441,7441,8148
SPACETRIP,pl,155040.0,68793.0,43.0,,94,2014,21,7442,7442,8149
SBSM,pl,140826.0,49875.0,43.0,,94,2014,21,7443,7443,8150
OMG,en,194680.0,47269.0,37.0,,94,2014,21,7444,7444,8153
Vecchia mia,pl,202874.0,19631.0,30.0,,94,2015,1792,7445,7445,8155
The Low Kiddz,en,112667.0,12144.0,34.0,,94,2015,1792,7446,7446,8157
Il soffitto viene giù,it,156518.0,9126.0,37.0,,94,2015,1793,7447,7447,8158
Nocche nere,it,177879.0,12285.0,18.0,,94,2015,1792,7448,7448,8160
Non ci rimango,it,188373.0,10399.0,72.0,,94,2016,1792,7449,7449,8161
Alberto Tomba,it,177006.0,8909.0,24.0,,94,2015,1792,7450,7450,8162
K-Hole / KimboSlice / A Volte Esagero BV2 Mash-up,co,206050.0,8113.0,7.0,,94,2017,591,7451,7451,8163
TESTAMENTO (La resa dei conti),it,239414.0,5523.0,28.0,,94,2014,873,7452,7452,8166
Andrea Diprè Freestyle,da,103748.0,5006.0,26.0,,94,2015,628,7453,7453,8167
Tutto ora,it,165456.0,4821.0,19.0,,94,2015,1792,7454,7454,8168
Patti chiari,it,142254.0,5373.0,23.0,,94,2015,1792,7455,7455,8170
Sua Eminenza,it,148047.0,4856.0,21.0,,94,2015,1792,7456,7456,8171
Nella Baraonda,co,186955.0,5941.0,22.0,,94,2015,1792,7457,7457,8173
Padrone di me stesso,it,158073.0,5215.0,20.0,,94,2015,1793,7458,7458,8174
BV2 Intro,en,107961.0,5631.0,19.0,,94,2015,334,7459,7459,8175
Rabona,it,68969.0,4232.0,25.0,,94,2015,1793,7460,7460,8177
99 Problemi (Remake),pl,203962.0,4808.0,7.0,,94,2018,628,7461,7461,8179
Non mi manca niente,it,119681.0,4687.0,17.0,,94,2015,1792,7462,7462,8181
Rellapiras,it,149193.0,5153.0,16.0,,94,2015,1792,3010,3010,3305
Big Bang,it,170247.0,5740.0,24.0,,94,2015,1792,7463,7463,8182
Jodie Foster Part. II,it,84234.0,4169.0,18.0,,94,2015,1792,7464,7464,8183
Cresima,it,64113.0,4157.0,23.0,,94,2015,1792,7465,7465,8184
Machete State Of Mind RMX,en,139520.0,5717.0,47.0,,94,2019,1792,7466,7466,8185
Bloody Vinyl Intro,en,107961.0,4438.0,19.0,,94,2015,628,7467,7467,8186
Prozac,pl,85732.0,5352.0,22.0,,94,2015,1792,7468,7468,8187
Asylum,it,78371.0,5099.0,16.0,,94,2015,1792,7469,7469,8188
Guadagnare,it,194346.0,5682.0,60.0,,94,2020,1794,7470,7470,8189
Yoshimitsu,it,170164.0,4262.0,3.0,,94,2021,628,7471,7471,8190
Fotte Nada,it,174699.0,4272.0,8.0,,94,2022,628,7472,7472,8192
Plenilunio,it,211662.0,5130.0,41.0,,94,2023,628,7473,7473,8193
Toro Loco,pl,164237.0,5910.0,51.0,,94,2024,628,7474,7474,8194
Stonehenge,it,131000.0,4844.0,2.0,,94,2025,628,7475,7475,8195
The End of Everything,it,216880.0,4668.0,92.0,,94,2026,628,7476,7476,8197
Bloody Vinyl Mix Pt. I,it,156518.0,5229.0,37.0,,94,2015,628,7477,7477,8198
Bloody Vinyl Mix Pt. II,it,146986.0,5878.0,49.0,,94,2014,628,7478,7478,8199
Il tempo cura,it,152904.0,57987.0,58.0,,98,2027,1795,7479,7479,8200
Perdono,it,195926.0,41113.0,63.0,,98,2028,1399,7480,7480,8201
Stanza,it,138358.0,27043.0,60.0,,98,2028,1399,7481,7481,8202
Dentro la mia testa,it,161454.0,28114.0,64.0,,98,2029,1726,7482,7482,8203
Leanin’,it,148923.0,33482.0,56.0,,98,2028,271,7483,7483,8204
Non mi basta mai,it,214588.0,34409.0,67.0,,98,2028,1399,7484,7484,8206
Victoria,it,168292.0,27799.0,56.0,,98,2030,404,7485,7485,8207
Ragni,it,196162.0,26945.0,58.0,,98,2031,1796,7486,7486,8208
Business,it,187548.0,32413.0,55.0,,98,2030,404,7487,7487,8209
Nn so se,it,144238.0,21925.0,55.0,,98,2028,1399,7488,7488,8210
Respiro,it,155200.0,25207.0,57.0,,98,2028,1797,7489,7489,8211
Codeine,it,130560.0,25101.0,59.0,,98,2028,1399,7490,7490,8212
Indaco,it,196162.0,25238.0,58.0,,98,2031,1798,7491,7491,8213
Come mi guardi,it,203076.0,25242.0,66.0,,98,2032,1799,7492,7492,8214
Angeli,it,197027.0,21496.0,60.0,,98,2030,404,7493,7493,8215
Medico,it,195234.0,23831.0,62.0,,98,2033,1800,7494,7494,8216
Wet,it,138365.0,23167.0,60.0,,98,2034,309,7495,7495,8217
Fortuna,it,152000.0,19509.0,60.0,,98,2033,69,7496,7496,8218
Umile,it,171250.0,19629.0,58.0,,98,2030,404,7497,7497,8219
In automatico,it,179199.0,16659.0,57.0,,98,2028,1399,7498,7498,8220
Per te lascio il party,it,196666.0,15188.0,53.0,,98,2028,1399,7499,7499,8221
Cerchio,it,128000.0,15341.0,50.0,,98,2028,1801,7500,7500,8222
Tutti i giorni,it,198000.0,15831.0,61.0,,98,2028,1399,7501,7501,8223
Fare presto,it,148453.0,16260.0,54.0,,98,2028,1399,7502,7502,8224
Lei Resta,en,131282.0,18302.0,56.0,,98,2033,69,7503,7503,8225
Bnb life,it,200470.0,17381.0,53.0,,98,2028,1399,7504,7504,8226
Correre,it,169787.0,17104.0,59.0,,98,2030,404,7505,7505,8227
Freni inibitori*,it,144084.0,14212.0,0.0,,98,2035,76,7506,7506,8228
Up Down,it,140897.0,14095.0,52.0,,98,2030,404,7507,7507,8229
Segnali di fumo,it,140800.0,14023.0,59.0,,98,2028,1399,7508,7508,8230
Routine,it,174997.0,12808.0,57.0,,98,2036,826,7509,7509,8231
Sei del Mattino,it,185736.0,11932.0,56.0,,98,2033,69,7510,7510,8232
Ci vuole tempo,it,192052.0,14718.0,1.0,,98,2037,1802,7511,7511,8233
Total black,it,179568.0,15891.0,53.0,,98,2028,1399,7512,7512,8234
Mischiare le carte,it,182970.0,11479.0,57.0,,98,2029,1726,7513,7513,8235
Hard,it,145573.0,10815.0,52.0,,98,2033,69,7514,7514,8236
Swiss freestyle,it,258910.0,14506.0,19.0,,98,2038,1796,7515,7515,8237
Oltre,it,163333.0,11354.0,59.0,,98,2032,1799,7516,7516,8238
Triste 178,it,183908.0,13982.0,56.0,,98,2029,1726,7517,7517,8239
A casa del ladro,pl,168292.0,12354.0,56.0,,98,2030,1796,7518,7518,8241
Fino a domani,it,140800.0,13302.0,49.0,,98,2028,1399,7519,7519,8242
Sesto senso,it,181176.0,10383.0,60.0,,98,2032,950,7520,7520,8243
Voci,it,144238.0,11316.0,55.0,,98,2028,1803,7521,7521,8244
Ossigeno,it,202083.0,10129.0,48.0,,98,2039,11,7522,7522,8245
Non è facile,it,204426.0,10446.0,51.0,,98,2030,404,7523,7523,8247
Shottini di Lean,it,110555.0,9523.0,57.0,,98,2033,1800,7524,7524,8248
Fino all’alba,it,130285.0,8308.0,50.0,,98,2028,1399,7525,7525,8249
Emozioni,it,170973.0,9236.0,49.0,,98,2040,1175,7526,7526,8250
Lavoro,it,59016.0,9237.0,50.0,,98,2028,1399,7527,7527,8251
Storia,it,147600.0,9975.0,47.0,,98,2030,404,7528,7528,8252
Guai,it,174915.0,9508.0,55.0,,98,2029,1726,7529,7529,8253
Ok,it,111989.0,9207.0,53.0,,98,2041,868,7530,7530,8254
Sogni di lean,it,201600.0,7184.0,54.0,,98,2030,404,7531,7531,8255
Etc,it,128450.0,9167.0,47.0,,98,2028,411,7532,7532,8256
Operativo,it,196162.0,8334.0,58.0,,98,2031,1692,7533,7533,8257
Settembre dentro,it,158000.0,9312.0,56.0,,98,2032,1799,7534,7534,8258
Rich off pain RMX,it,136655.0,9289.0,1.0,,98,2042,1796,7535,7535,8259
Guerra,it,170234.0,6397.0,50.0,,98,2033,1800,7536,7536,8260
Finta di niente,it,180863.0,8775.0,76.0,,98,2043,1796,7537,7537,8261
Diretto al Top,it,148965.0,6240.0,53.0,,98,2030,22,7538,7538,8262
Suite,it,192864.0,7192.0,45.0,,98,2044,1439,7539,7539,8263
Mentre il mondo crolla,it,154560.0,7681.0,51.0,,98,2030,404,7540,7540,8264
Vienitela a Prendere,it,168462.0,6372.0,51.0,,98,2033,1800,7541,7541,8265
Backup,it,180346.0,8070.0,52.0,,98,2033,69,7542,7542,8266
HOT,it,146776.0,5273.0,54.0,,98,2030,104,7543,7543,8267
Provarci e Riprovarci,it,153139.0,5676.0,62.0,,98,2045,1804,7544,7544,8268
Un buon motivo,it,184235.0,6608.0,48.0,,98,2041,868,7545,7545,8269
Sono Così,it,144721.0,6805.0,47.0,,98,2033,1800,7546,7546,8270
Si si,it,151579.0,7113.0,65.0,,98,2046,1800,7547,7547,8271
Che ne sai,it,170880.0,6514.0,49.0,,98,2030,404,7548,7548,8272
Kid,pl,151579.0,6331.0,65.0,,98,2046,69,7549,7549,8273
Swiss,it,102658.0,5664.0,58.0,,98,2033,69,7550,7550,8274
Progressi,pl,150006.0,4631.0,50.0,,98,2030,211,7551,7551,8275
Plan B RMX,it,145454.0,4766.0,35.0,,98,2047,1805,7552,7552,8276
Bicchieri di plastica,it,158499.0,5663.0,52.0,,98,2032,1799,7553,7553,8277
7 Am,it,139058.0,5912.0,54.0,,98,2032,1799,7554,7554,8278
Sembra facile,it,173151.0,5245.0,49.0,,98,2041,250,7555,7555,8279
Fratello,it,196621.0,5822.0,45.0,,98,2048,661,7556,7556,8280
Vuoto,it,209706.0,5267.0,45.0,,98,2039,11,7557,7557,8281
Lean e blunt,it,193167.0,4295.0,49.0,,98,2032,1796,7558,7558,8282
Danza dei soldi,it,216000.0,4527.0,44.0,,98,2041,868,7559,7559,8284
Ancora qua,it,181395.0,5856.0,53.0,,98,2032,1799,7560,7560,8285
Maledetta primavera,it,201293.0,5606.0,55.0,,98,2032,1799,7561,7561,8286
Piumini,it,185000.0,5926.0,50.0,,98,2032,1806,7562,7562,8287
1999,it,164919.0,4319.0,47.0,,98,2049,641,7563,7563,8288
Per sempre,it,192413.0,6097.0,58.0,,98,2041,868,7564,7564,8289
Colpa della noia,it,130750.0,4499.0,38.0,,98,2050,1807,7565,7565,8290
Segreti,it,202085.0,4068.0,46.0,,98,2039,11,7566,7566,8291
Ego,it,141818.0,6022.0,49.0,,98,2029,1726,7567,7567,8292
Atlanta,en,249973.0,4574.0,0.0,,98,2051,1808,7568,7568,8293
Traffico,it,179815.0,5350.0,54.0,,98,2041,868,7569,7569,8294
NELLA TRAPPOLA (Red Bull 64 Bars),it,237822.0,4365.0,58.0,,98,2052,282,7570,7570,8295
Da soli,pl,188174.0,5173.0,48.0,,98,2032,1799,7571,7571,8296
Jungla,it,184966.0,5826.0,48.0,,98,2041,560,7572,7572,8297
Amnesia,it,158076.0,4653.0,48.0,,98,2030,404,7573,7573,8298
My Dawg,it,155121.0,5355.0,47.0,,98,2033,1800,7574,7574,8299
GG,it,140000.0,4388.0,50.0,,98,2032,1799,7575,7575,8300
Vibes Kid*,it,171758.0,5265.0,24.0,,98,2053,509,7576,7576,8301
Emoji della traphouse,en,193167.0,4685.0,49.0,,98,2032,1799,7577,7577,8302
Senza Invito,it,193578.0,4434.0,48.0,,98,2054,447,7578,7578,8303
Introverso,it,81926.0,4637.0,45.0,,98,2039,11,7579,7579,8304
Energia,it,171851.0,4370.0,51.0,,98,2041,868,7580,7580,8305
Il mio turno,it,196162.0,5818.0,58.0,,98,2031,1802,7581,7581,8306
Lockdown,pl,199137.0,4808.0,49.0,,98,2032,714,7582,7582,8307
Fuori dal buio,it,183908.0,4504.0,56.0,,98,2029,1809,7583,7583,8308
Call center,pl,313013.0,4910.0,41.0,,98,2055,1796,7584,7584,8309
2,pl,203076.0,4654.0,66.0,,98,2032,596,7585,7585,8310
Rock’n’roll,it,128450.0,5504.0,42.0,,98,2056,145,7586,7586,8311
Sharing Locations RMX,en,156891.0,5956.0,7.0,,98,2057,1796,7587,7587,8312
Infinito,it,148925.0,4888.0,44.0,,98,2039,11,7588,7588,8313
Social club,it,823272.0,5738.0,34.0,,98,2058,1796,7589,7589,8314
Top RMX,es,196162.0,5147.0,58.0,,98,2031,1796,7590,7590,8315
Ancora,it,181395.0,4326.0,53.0,,98,2032,1796,7591,7591,8316
Gas,it,174000.0,5397.0,45.0,,98,2041,1192,7592,7592,8317
Brutti voti,it,170016.0,5040.0,48.0,,98,2041,868,7593,7593,8318
Vincere adesso,it,152000.0,5316.0,48.0,,98,2059,315,7594,7594,8319
GO HARD OR GO HOME,it,297426.0,5795.0,48.0,,98,2060,1810,7595,7595,8320
Sincero,it,174880.0,4894.0,42.0,,98,2039,11,7596,7596,8321
Vivi nell’aria*,it,258218.0,5819.0,20.0,,98,2061,666,7597,7597,8322
Può succedere,it,183908.0,5515.0,56.0,,98,2029,1811,7598,7598,8323
Sogni,it,201600.0,4992.0,54.0,,98,2030,1812,7599,7599,8324
La passo ai miei fantagenitori,it,144238.0,5222.0,55.0,,98,2028,1813,7600,7600,8325
Champagne,en,157738.0,4665.0,41.0,,98,2062,1487,7601,7601,8326
Moonwalking in Calabasas RMX,it,127228.0,5983.0,28.0,,98,2063,1710,7602,7602,8327
GOAT Freestyle,it,327605.0,5348.0,58.0,,98,2064,1341,7603,7603,8328
Pensieri Manicomio*,it,202625.0,4099.0,59.0,,98,2065,1814,7604,7604,8329
War RMX,it,235933.0,4667.0,84.0,,98,2066,1341,7605,7605,8330
Non hai mai,it,82343.0,5261.0,38.0,,98,2050,1341,7606,7606,8331
Stare solo,it,196162.0,4124.0,58.0,,98,2031,1341,7607,7607,8332
Futuro,it,164522.0,4059.0,43.0,,98,2067,502,7608,7608,8333
Stoopid RMX,it,214857.0,4913.0,4.0,,98,2068,1341,7609,7609,8334
Lassù*,it,196162.0,4679.0,58.0,,98,2031,29,7610,7610,8335
Lontano,it,200080.0,4891.0,41.0,,98,2069,496,7611,7611,8336
JUST HOW IT IS RMX,it,568129.0,4538.0,22.0,,98,2070,870,7612,7612,8337
Tranquillo,it,193167.0,4341.0,49.0,,98,2032,1341,7613,7613,8338
Nei DM,it,160105.0,5394.0,6.0,,98,2071,1341,7614,7614,8339
Fuori dal buio (Non Hai Mai Mixtape),it,165266.0,5043.0,16.0,,98,2072,1341,7615,7615,8340
M&M’s*,it,167921.0,4413.0,66.0,,98,2073,159,7616,7616,8341
GOAT*,it,327605.0,4653.0,58.0,,98,2064,1815,7617,7617,8342
Peso*,it,162089.0,5199.0,0.0,,98,2074,1816,7618,7618,8343
Anarchy,it,196162.0,4156.0,58.0,,98,2031,424,7619,7619,8344
Questione di tempo*,it,194175.0,4307.0,22.0,,98,2075,1817,7620,7620,8345
Adesso,it,152000.0,4158.0,48.0,,98,2059,57,7621,7621,8346
Fuoco,it,327605.0,5640.0,58.0,,98,2064,1341,7622,7622,8347
Cuore di vetro*,it,183908.0,5522.0,56.0,,98,2029,1726,7623,7623,8348
Mixtape Intro,it,163360.0,5520.0,9.0,,98,2076,1341,7624,7624,8349
Che c’è,it,3753057.0,5448.0,32.0,,98,2077,1729,7625,7625,8350
Due cose*,it,202292.0,5353.0,21.0,,98,2078,1818,7626,7626,8351
Alla mia maniera*,it,140816.0,4968.0,75.0,,98,2079,80,7627,7627,8352
Take 105 BSMNT,it,221252.0,5297.0,1.0,,98,2080,1221,7628,7628,8353
No scuse*,it,310760.0,4088.0,27.0,,98,2081,354,7629,7629,8354
Tony più Finesse*,it,168292.0,5259.0,56.0,,98,2030,404,7630,7630,8355
Sbalzi*,it,196162.0,5572.0,58.0,,98,2031,29,7631,7631,8356
Il cuore (Outro),it,183908.0,5013.0,56.0,,98,2029,460,7632,7632,8357
Drink and Smoke*,it,216907.0,4727.0,0.0,,98,2082,1377,7633,7633,8358
Can’t Feel,it,212893.0,4564.0,4.0,,98,2083,1819,7634,7634,8359
Percocet*,it,128828.0,5299.0,2.0,,98,2084,22,7635,7635,8360
Non ci siamo,it,183908.0,5401.0,56.0,,98,2029,1729,7636,7636,8361
Sintonia*,it,132413.0,5760.0,0.0,,98,2085,1820,7637,7637,8362
Spin it*,it,111993.0,4697.0,2.0,,98,2086,1821,7638,7638,8363
Sotto tiro,it,256015.0,5555.0,5.0,,98,2087,1729,7639,7639,8365
Vieni alle serate,en,245186.0,5138.0,14.0,,98,2088,1729,7640,7640,8368
Una sola chance*,it,410381.0,5782.0,22.0,,98,2089,320,7641,7641,8369
Storie,it,357133.0,5069.0,0.0,,98,2090,1729,7642,7642,8370
Un minuto*,it,130750.0,5050.0,38.0,,98,2050,74,7643,7643,8371
Per tutti i fra,it,196162.0,5171.0,58.0,,98,2031,1729,7644,7644,8372
Ci sta,en,3753057.0,5516.0,32.0,,98,2077,1729,7645,7645,8373
Non fa per me,it,327605.0,5947.0,58.0,,98,2064,1729,7646,7646,8374
Casse,it,327605.0,4160.0,58.0,,98,2064,1729,7647,7647,8375
Non mi interessa,it,153139.0,4119.0,62.0,,98,2045,1729,7648,7648,8376
Tutto a posto,it,177348.0,5893.0,78.0,,98,2091,1729,7649,7649,8377
16 Anni*,it,168292.0,5074.0,56.0,,98,2030,404,7650,7650,8378
Don’t play with me*,it,202625.0,5246.0,59.0,,98,2065,1814,7651,7651,8379
La La La*,it,138749.0,4980.0,64.0,,98,2092,318,7652,7652,8380
L’erba della giovinezza (Maria),it,223400.0,22661.0,51.0,,11,2093,1,7653,7653,8381
Ti Penso Sempre,it,235720.0,5553.0,46.0,,11,2094,1658,7654,7654,8382
Mi accendo,it,199500.0,5509.0,19.0,,11,2095,913,7655,7655,8383
Sotto I Raggi Del Sole,it,186013.0,4638.0,50.0,,11,2094,1658,7656,7656,8384
Per Roma,it,181640.0,4627.0,14.0,,11,2094,1658,7657,7657,8385
Il Mondo Non Finisce Qui,it,186213.0,5694.0,66.0,,11,2096,1822,7658,7658,8386
Sangue (Blaze),it,174520.0,4157.0,31.0,,11,2093,1,7659,7659,8387
Amore non so,it,241600.0,5780.0,28.0,,11,2097,340,7660,7660,8388
Solo ganja/bad con me,it,294413.0,4528.0,26.0,,11,2098,1823,7661,7661,8389
Bella,it,194640.0,5203.0,29.0,,11,2094,1658,7662,7662,8390
Ancora E Ancora,it,246000.0,5889.0,22.0,,11,2099,199,7663,7663,8391
I Sogni E Le Idee,it,219906.0,5373.0,34.0,,11,2094,1658,7664,7664,8392
Il vigile,it,185786.0,4845.0,35.0,,11,2098,1823,7665,7665,8393
Mikecheck,it,184120.0,5395.0,18.0,,11,2100,508,7666,7666,8394
Bam bam,it,182706.0,4702.0,20.0,,11,2100,48,7667,7667,8395
Isola di plastica,it,210386.0,4567.0,8.0,,11,2100,764,7668,7668,8396
Roma Turn Rasta (Bandolero),it,245320.0,6011.0,22.0,,11,2093,1,7669,7669,8397
Amami Amami,it,225866.0,5518.0,18.0,,11,2094,1658,7670,7670,8398
Rap-Condicio (Rap-Condicio),it,84066.0,5305.0,9.0,,11,2093,1,7671,7671,8399
Come LAria,it,208800.0,4725.0,22.0,,11,2094,1658,7672,7672,8400
Amore vero (Amore vero),it,223400.0,4111.0,51.0,,11,2093,1,7673,7673,8401
Andrà meglio di così,it,231813.0,4075.0,26.0,,11,2101,1824,7674,7674,8402
Un Giorno Chissà,it,326213.0,5123.0,10.0,,11,2094,1658,7675,7675,8403
Il Sound Della Tua Città (Sound),it,187026.0,5541.0,16.0,,11,2093,1,7676,7676,8404
Bagaglio a mano,it,186000.0,5087.0,21.0,,11,2100,508,7677,7677,8405
Kilimanjaro,it,169835.0,5698.0,5.0,,11,2102,100,7678,7678,8406
Nun te resisto,it,190866.0,4076.0,8.0,,11,2103,734,7679,7679,8408
Fino all’alba,it,241600.0,4748.0,28.0,,11,2097,340,7680,7680,8409
Buongiorno,it,187320.0,4488.0,11.0,,11,2094,1658,7681,7681,8410
Mappamondo,it,185160.0,4909.0,18.0,,11,2100,508,7682,7682,8411
Rasta non casca!,it,229773.0,4158.0,15.0,,11,2093,1,7683,7683,8412
Mi Manchi,it,197453.0,5925.0,2.0,,11,2099,199,7684,7684,8413
Zitto un minuto,it,184933.0,4458.0,15.0,,11,2100,508,7685,7685,8414
Bianco,it,203613.0,5862.0,11.0,,11,2100,508,7686,7686,8415
Non Dire (Sempre Di No),it,225920.0,4866.0,6.0,,11,2094,1658,7687,7687,8416
Il Mondo E’ Anche Mio,it,224253.0,5988.0,9.0,,11,2094,1658,7688,7688,8417
Aria,en,208800.0,5122.0,22.0,,11,2094,750,7689,7689,8418
Arrivo,it,165626.0,5881.0,7.0,,11,2094,1658,7690,7690,8419
Stalattiti,it,205826.0,4021.0,7.0,,11,2100,508,7691,7691,8420
Sotto Le Pezze,it,260265.0,5512.0,7.0,,11,2094,1658,7692,7692,8421
Family,it,175546.0,5822.0,7.0,,11,2100,508,7693,7693,8422
Finché c’è musica (Love Selassie),it,212986.0,4293.0,13.0,,11,2093,1,7694,7694,8423
Bruggisco,it,185613.0,4205.0,20.0,,11,2101,585,7695,7695,8424
My Love Song,it,240065.0,153682.0,59.0,,75,2104,1825,7696,7696,8425
Borotalco,it,250346.0,173907.0,51.0,,75,2105,416,7697,7697,8426
Polvere Di Stelle,it,228526.0,150223.0,50.0,,75,2106,1826,7698,7698,8427
Dal Tramonto All’Alba,it,198637.0,112748.0,50.0,,75,2106,1826,7699,7699,8428
Mic Check,en,217640.0,90943.0,56.0,,75,2105,416,7700,7700,8429
Sinnò me moro,it,213493.0,69713.0,54.0,,75,2105,1827,7701,7701,8430
Cronaca quotidiana,it,273746.0,91095.0,43.0,,75,2107,1828,7702,7702,8431
Verano Zombie,it,220960.0,65586.0,49.0,,75,2108,1829,7703,7703,8432
Butterfly Knife,en,231266.0,82360.0,52.0,,75,2109,1829,7704,7704,8433
Lobo,it,166520.0,86117.0,46.0,,75,2105,584,7705,7705,8434
Casa Mia,it,162160.0,62101.0,51.0,,75,2105,416,7706,7706,8436
Verano Zombie pt. 2,it,204173.0,73467.0,33.0,,75,2110,1830,7707,7707,8437
Attica,en,190565.0,53389.0,58.0,,75,2104,1825,7708,7708,8438
Localz Only,en,177694.0,56979.0,50.0,,75,2106,1826,7709,7709,8439
Via con me,it,190805.0,43240.0,50.0,,75,2104,1825,7710,7710,8440
Zoo de Roma,it,187400.0,53471.0,51.0,,75,2110,1755,7711,7711,8441
Non Dormire,en,221230.0,42942.0,46.0,,75,2109,1831,7712,7712,8442
Training Day,it,213293.0,45202.0,43.0,,75,2105,1631,7713,7713,8443
R.I.P.,it,287853.0,46681.0,45.0,,75,2105,416,7714,7714,8444
Drag You To Hell,en,199866.0,38320.0,50.0,,75,2111,1832,7715,7715,8445
Aspetta La Notte,it,162043.0,45881.0,47.0,,75,2112,1833,7716,7716,8446
"VERANO ZOMBIE, Pt. 3",it,258665.0,37976.0,44.0,,75,2113,281,7717,7717,8448
Sono di Roma,it,219946.0,41242.0,41.0,,75,2107,1828,7718,7718,8449
M3,it,112506.0,33207.0,49.0,,75,2110,1155,7719,7719,8450
VIRUS,it,150833.0,38229.0,41.0,,75,2113,281,7720,7720,8451
Respect The Hangover,en,240212.0,29570.0,37.0,,75,2106,1826,7721,7721,8453
Enemy,it,217640.0,32935.0,56.0,,75,2105,416,7722,7722,8454
Matanza,en,188373.0,30427.0,38.0,,75,2105,416,7723,7723,8455
Tajerino,it,244600.0,36189.0,38.0,,75,2107,1828,7724,7724,8456
Sputapalline,it,199160.0,29455.0,41.0,,75,2105,416,7725,7725,8457
INRI,it,135520.0,37378.0,42.0,,75,2105,416,7726,7726,8458
CRY LATER,it,174619.0,36818.0,50.0,,75,2113,281,7727,7727,8460
Mark Renton,pl,168240.0,27651.0,37.0,,75,2105,416,7728,7728,8461
Non ho tempo,it,162411.0,32775.0,68.0,,75,2114,1834,7729,7729,8462
VOLANTE 4,it,208941.0,24397.0,48.0,,75,2113,281,7730,7730,8464
Notte insonne,it,200130.0,27731.0,37.0,,75,2104,1825,7731,7731,8466
Vato loco,it,127960.0,31441.0,39.0,,75,2105,416,7732,7732,8467
Delorean,it,241493.0,30806.0,39.0,,75,2109,1829,7733,7733,8469
Karashò,pl,227213.0,30192.0,39.0,,75,2108,1830,7734,7734,8470
DOPE BOY,it,159095.0,24737.0,51.0,,75,2113,281,7735,7735,8471
The World Ain’t Ready For Me,en,208292.0,25722.0,47.0,,75,2106,1826,7736,7736,8472
BLISTER,pl,199148.0,21569.0,47.0,,75,2113,281,7737,7737,8473
FOOT LOCKER,cs,182400.0,27871.0,42.0,,75,2113,281,7738,7738,8474
Lone Star,it,199080.0,25410.0,40.0,,75,2105,416,7739,7739,8475
UOMO A TERRA,it,123061.0,27285.0,42.0,,75,2113,281,7740,7740,8476
La Calda Notte,it,232386.0,22489.0,36.0,,75,2107,1828,7741,7741,8477
Niente X Niente,it,204026.0,23037.0,39.0,,75,2105,416,7742,7742,8478
Sotto indagine,it,166266.0,23031.0,40.0,,75,2110,1755,7743,7743,8479
NO RATZ,pl,202838.0,19285.0,44.0,,75,2113,281,7744,7744,8481
Alfa alfa,en,184068.0,21620.0,42.0,,75,2104,1825,7745,7745,8482
Game Over,it,178399.0,25697.0,40.0,,75,2104,616,7746,7746,8483
Guilty,it,187400.0,26144.0,51.0,,75,2110,1755,7747,7747,8484
Sanatoria,it,256013.0,22241.0,42.0,,75,2109,1829,7748,7748,8485
WELCOME BACK,en,203544.0,21481.0,37.0,,75,2113,281,7749,7749,8486
Monster,it,240065.0,17339.0,59.0,,75,2104,1825,7750,7750,8487
I’m Feeling Good,it,262915.0,24379.0,40.0,,75,2109,1829,7751,7751,8488
Shabboo,it,162411.0,16841.0,68.0,,75,2114,1829,7752,7752,8489
Fake Emcees,it,178399.0,24572.0,40.0,,75,2104,1829,7753,7753,8490
Vendetta,it,282490.0,20437.0,36.0,,75,2109,383,7754,7754,8493
SPINE,cs,155294.0,17849.0,44.0,,75,2113,281,4231,4231,4649
Quelle Notti,it,163626.0,21903.0,45.0,,75,2108,1830,7755,7755,8494
DAYTONA 2000,pl,161632.0,15102.0,41.0,,75,2113,281,7756,7756,8495
Intro (Verano Zombie),it,146506.0,19189.0,36.0,,75,2108,1830,7757,7757,8496
White Gangsta,it,330768.0,18652.0,36.0,,75,2109,1829,7758,7758,8498
Ogni volta,it,238846.0,16166.0,35.0,,75,2104,1825,7759,7759,8499
Nel teschio,it,178026.0,17442.0,31.0,,75,2110,682,7760,7760,8500
“El Padre”,it,165921.0,18871.0,44.0,,75,2106,1826,7761,7761,8501
VICTORY LAP,en,134328.0,19348.0,41.0,,75,2113,281,7762,7762,8502
Don’t Fuck With Me,en,163893.0,13695.0,45.0,,75,2108,1830,7763,7763,8503
Drive Solo,it,137346.0,19862.0,40.0,,75,2104,1825,7764,7764,8504
Nemico pubblico,it,192240.0,14478.0,36.0,,75,2110,1755,7765,7765,8505
Musica Truce,pl,253093.0,13527.0,33.0,,75,2110,735,7766,7766,8507
Tour Notturno,it,120623.0,13549.0,40.0,,75,2109,1829,7767,7767,8508
Monumenti,co,213135.0,11354.0,41.0,,75,2106,1826,7768,7768,8509
Charlie Sheen,it,176243.0,11746.0,37.0,,75,2112,1835,7769,7769,8510
RVSSIAN BAG,en,123789.0,16318.0,7.0,,75,2115,281,7770,7770,8513
Merda Music,it,149013.0,12602.0,39.0,,75,2108,1830,7771,7771,8514
Hasta la Muerte,it,186712.0,10986.0,37.0,,75,2104,1825,7772,7772,8515
Infame,it,160791.0,10656.0,36.0,,75,2108,1830,7773,7773,8516
WAR GAMES,en,141176.0,13590.0,34.0,,75,2113,281,7774,7774,8517
MONEY BAGZ,en,148038.0,14183.0,32.0,,75,2113,281,7775,7775,8518
SOTTO VOCE,it,165157.0,11115.0,40.0,,75,2116,219,7776,7776,8519
WORST WAY,it,161311.0,9341.0,32.0,,75,2113,281,7777,7777,8520
Mosche nere,it,190146.0,10192.0,38.0,,75,2110,1755,7778,7778,8521
Il Lato Peggiore,it,255078.0,9279.0,35.0,,75,2109,1829,7779,7779,8523
THE MAJOR,en,157317.0,9286.0,39.0,,75,2113,990,7780,7780,8524
Volare,it,168034.0,10527.0,35.0,,75,2117,1836,7781,7781,8525
666,en,159746.0,9431.0,31.0,,75,2108,1830,7782,7782,8528
Molotov,en,194385.0,10636.0,31.0,,75,2104,1825,7783,7783,8529
Truceklub,it,223120.0,9407.0,37.0,,75,2107,1828,7784,7784,8530
Italian Psychos,it,137066.0,12086.0,32.0,,75,2110,682,7785,7785,8531
Air Force,it,194385.0,11844.0,31.0,,75,2104,1837,7786,7786,8532
The Chef,en,179037.0,10362.0,36.0,,75,2106,1826,7787,7787,8533
C’ho sempre torto,it,141000.0,9115.0,35.0,,75,2107,1828,7788,7788,8534
Black Box,it,141250.0,9118.0,38.0,,75,2106,1826,7789,7789,8535
Talent Show,it,137256.0,8842.0,38.0,,75,2106,1826,7790,7790,8536
Sepolti vivi - Prison Blue,it,216653.0,9924.0,33.0,,75,2110,1755,7791,7791,8537
Dope Boys,it,163505.0,8832.0,33.0,,75,2104,1825,7792,7792,8538
Bodega,pl,221300.0,10206.0,34.0,,75,2109,1829,7793,7793,8541
Grand guignol,en,204173.0,10506.0,33.0,,75,2110,1755,7794,7794,8542
Strategia del terrore,it,187354.0,8272.0,31.0,,75,2104,1825,7795,7795,8543
Count Down,it,209465.0,9039.0,32.0,,75,2104,1825,7796,7796,8544
L’ultima chiamata,en,195533.0,7331.0,32.0,,75,2110,1755,7797,7797,8546
Autodistruttivo,it,164373.0,7681.0,36.0,,75,2108,1830,7798,7798,8547
Mi Casa,it,162160.0,8280.0,51.0,,75,2105,1755,7799,7799,8548
Parla Chiaro,it,150000.0,7313.0,36.0,,75,2108,1830,7800,7800,8549
Role Models,en,230160.0,9317.0,32.0,,75,2110,682,7801,7801,8551
Underground rap star,it,168400.0,6548.0,28.0,,75,2118,1838,7802,7802,8552
Latrina,it,226306.0,7380.0,31.0,,75,2107,1828,7803,7803,8553
Grand Finale,it,159328.0,7690.0,29.0,,75,2109,1829,7804,7804,8554
TRAPHOUSE,it,152142.0,7749.0,42.0,,75,2113,990,7805,7805,8555
GUARDAMI ADESSO,it,182535.0,6797.0,32.0,,75,2119,48,7806,7806,8556
Mentalità Da Clan,it,170400.0,8004.0,36.0,,75,2108,1830,7807,7807,8557
GRAN TORINO (Red Bull 64 Bars),it,237241.0,7158.0,43.0,,75,2120,1839,7808,7808,8558
Intro,en,146506.0,6463.0,36.0,,75,2108,1826,7809,7809,8559
Rome Calling,it,198565.0,5412.0,30.0,,75,2104,1825,7810,7810,8560
"Io, Gel & La Stronza",it,144533.0,6328.0,31.0,,75,2108,1830,7811,7811,8561
Patriot,it,166266.0,7157.0,30.0,,75,2107,1828,7812,7812,8562
Zona d’ombra,it,300218.0,6471.0,27.0,,75,2104,1825,7813,7813,8564
Senza Uscita,it,199506.0,6899.0,30.0,,75,2108,1830,7814,7814,8565
Bio Hazard,it,151233.0,5906.0,31.0,,75,2109,1829,7815,7815,8566
Introducing Noyz,it,92373.0,4428.0,29.0,,75,2109,1829,7816,7816,8567
Falchi della Notte,it,151920.0,4179.0,34.0,,75,2108,1830,7817,7817,8568
Golden Boys,it,227213.0,4739.0,39.0,,75,2108,1834,7818,7818,8569
Prima che esco,it,279706.0,5472.0,28.0,,75,2107,1828,7819,7819,8570
Al Qaeda,it,162411.0,5598.0,68.0,,75,2114,1834,7820,7820,8571
Confesso Tutto,it,153400.0,4606.0,32.0,,75,2118,1838,7821,7821,8572
Stop Hating,it,178026.0,5006.0,31.0,,75,2110,735,7822,7822,8574
Stillicidio,it,159533.0,4857.0,28.0,,75,2107,1828,7823,7823,8576
Notte in cella,it,187354.0,4836.0,31.0,,75,2104,1837,7824,7824,8577
Keep Your Mouth Shut,it,331853.0,4476.0,27.0,,75,2121,1834,7825,7825,8579
Real TV,it,155373.0,4285.0,30.0,,75,2108,1830,7826,7826,8581
Drug Town,it,194453.0,4407.0,28.0,,75,2107,1840,7827,7827,8582
My Cocktail,it,144533.0,4122.0,31.0,,75,2108,1834,7828,7828,8583
INTRO,en,146506.0,4407.0,36.0,,75,2108,281,7829,7829,8584
Underground Rap Star (Push It to the Limit),it,197462.0,4031.0,5.0,,75,2122,1834,7830,7830,8585
Merda Cousins,it,138660.0,5270.0,49.0,,75,2123,1834,7831,7831,8586
Posse Track,it,298421.0,4647.0,25.0,,75,2124,1841,7832,7832,8591
From BK to RM,en,12746.0,5961.0,0.0,,75,2110,1755,7833,7833,8592
T.Klan Regime,it,132240.0,4400.0,25.0,,75,2118,1838,7834,7834,8593
Welcome To The Jungle,it,180453.0,4706.0,32.0,,75,2118,1842,7835,7835,8594
Young Vets,it,119329.0,4729.0,56.0,,75,2125,1842,7836,7836,8595
TruceMala,it,112506.0,4030.0,49.0,,75,2110,1843,7837,7837,8596
Denaro/Imperativo,it,181826.0,5693.0,21.0,,75,2107,1840,7838,7838,8597
Monster (Salmo RMX),it,217640.0,4077.0,56.0,,75,2105,1833,7839,7839,8598
L’amaro nella voce,it,235826.0,5899.0,22.0,,75,2126,626,7840,7840,8599
Non è un gioco,it,267480.0,5802.0,2.0,,75,2127,1834,7841,7841,8601
Santeria,it,162411.0,5086.0,68.0,,75,2114,1844,7842,7842,8602
Interludio,it,74354.0,5101.0,26.0,,75,2106,1826,7843,7843,8603
Interlude #1,it,184068.0,5323.0,42.0,,75,2104,1834,7844,7844,8604
Lo sconosciuto allo specchio,it,138660.0,4788.0,49.0,,75,2123,1834,7845,7845,8605
Fuori rotta,it,138660.0,5310.0,49.0,,75,2123,1845,7846,7846,8606
Via Con Me (RMX Big Joe),it,150000.0,4102.0,36.0,,75,2108,1833,7847,7847,8607
Sorry Mama,pt,226557.0,4121.0,59.0,,75,2123,1846,7848,7848,8608
Pessimo,en,147506.0,4930.0,23.0,,75,2128,1834,7849,7849,8613
Intro (The Best Out Mixtape Vol. 2),it,163213.0,5114.0,13.0,,75,2129,1847,7850,7850,8614
Colors,en,162411.0,5794.0,68.0,,75,2114,1834,7851,7851,8616
No Way,it,161311.0,4223.0,32.0,,75,2113,1834,7852,7852,8618
Freestyle,it,151920.0,5662.0,34.0,,75,2108,378,7853,7853,8619
Bombtrack,it,162411.0,4434.0,68.0,,75,2114,1834,7854,7854,8620
White Trash,it,120623.0,4801.0,40.0,,75,2109,378,7855,7855,8621
Tropa D’Elite,it,168240.0,4646.0,37.0,,75,2105,1842,7856,7856,8622
Famo Show Off,it,162857.0,4814.0,8.0,,75,2130,1834,7857,7857,8623
Money & Egos,en,84049.0,4313.0,25.0,,75,2106,1826,7858,7858,8624
Freestyle Radio Disagio,it,239493.0,5021.0,28.0,,75,2131,1848,7859,7859,8625
Mix,en,516786.0,5620.0,53.0,,75,2132,1847,7860,7860,8626
Interlude #6,it,180855.0,4897.0,27.0,,75,2133,1834,7861,7861,8627
Interlude #5,en,230160.0,4997.0,32.0,,75,2110,1834,7862,7862,8628
Interlude #2,en,184068.0,5713.0,42.0,,75,2104,1834,7863,7863,8629
Interlude #3,en,230160.0,5428.0,32.0,,75,2110,1834,7864,7864,8630
Interlude #4,it,230160.0,4995.0,32.0,,75,2110,1834,7865,7865,8631
Mister,it,283000.0,30463.0,37.0,,49,2134,392,7866,7866,8633
Sogni d’odio,it,210133.0,35650.0,29.0,,49,2135,812,7867,7867,8634
No McDonald’s,it,170971.0,22020.0,31.0,,49,2134,392,7868,7868,8635
Nuvole,it,173018.0,13819.0,25.0,,49,2134,392,7869,7869,8636
Jetlag,it,210313.0,13100.0,22.0,,49,2134,392,7870,7870,8637
Che si fa?,it,188613.0,15438.0,21.0,,49,2134,392,7871,7871,8638
Grazie a me,it,277493.0,11219.0,26.0,,49,2135,812,7872,7872,8640
Fashion Week,it,175331.0,14198.0,23.0,,49,2134,392,7873,7873,8641
Foto,it,130848.0,10044.0,22.0,,49,2134,392,7874,7874,8642
Fischi,it,192482.0,12380.0,21.0,,49,2134,392,7875,7875,8643
Non ho mai,it,157977.0,9226.0,19.0,,49,2134,392,7876,7876,8644
5 momenti top,it,245506.0,9235.0,22.0,,49,2135,812,7877,7877,8645
Burial,en,162533.0,10164.0,19.0,,49,2135,718,7878,7878,8646
Sotto,it,231600.0,7981.0,26.0,,49,2135,812,7879,7879,8648
Una come te,it,175758.0,8024.0,18.0,,49,2134,392,7880,7880,8649
F*ck Fame,pl,212413.0,6302.0,21.0,,49,2135,1849,7881,7881,8650
Euro,it,204933.0,6127.0,16.0,,49,2134,392,7882,7882,8651
Torna su,it,189440.0,6427.0,19.0,,49,2134,392,7883,7883,8652
V(a)iking,it,117106.0,6411.0,18.0,,49,2135,812,7884,7884,8653
2 modi 2 mondi,it,196973.0,4943.0,20.0,,49,2135,812,7885,7885,8654
Calamita,it,154336.0,4701.0,16.0,,49,2134,392,7886,7886,8655
No Problema RMX,pl,213942.0,4836.0,35.0,,49,2136,271,7887,7887,8658
666,it,179200.0,5310.0,17.0,,49,2135,1850,7888,7888,8659
Jack uccide,it,210133.0,5441.0,29.0,,49,2135,812,7889,7889,8660
La mia lama,it,185733.0,4371.0,17.0,,49,2135,812,7890,7890,8661
Don’t Push Me,it,169584.0,4169.0,30.0,,49,2136,271,7891,7891,8662
Come persa,it,180360.0,5899.0,16.0,,49,2135,812,7892,7892,8663
The Show,pl,196068.0,4534.0,29.0,,49,2136,271,7893,7893,8664
Bussola,it,203910.0,5724.0,29.0,,49,2136,271,7894,7894,8665
Quadrato,it,176470.0,5744.0,35.0,,49,2136,271,7895,7895,8666
Non mi va,it,165800.0,5560.0,17.0,,49,2135,812,7896,7896,8667
Yes Yes,it,165178.0,4348.0,31.0,,49,2136,271,7897,7897,8668
Soldi sporchi,it,213146.0,5659.0,14.0,,49,2135,812,7898,7898,8669
Funema,it,211930.0,5551.0,28.0,,49,2136,271,7899,7899,8670
Spine,it,246553.0,5209.0,27.0,,49,2136,271,7900,7900,8671
P.I.M.P.,it,175098.0,4689.0,44.0,,49,2137,271,7901,7901,8672
Da 0 a 18,it,212092.0,4538.0,28.0,,49,2136,271,7902,7902,8673
Mandalo,it,170346.0,4255.0,14.0,,49,2135,812,7903,7903,8674
No Problema,it,213942.0,5034.0,35.0,,49,2136,1851,7904,7904,8675
Come Tutti,it,215059.0,5186.0,27.0,,49,2136,271,7905,7905,8676
24.7,it,240053.0,4733.0,13.0,,49,2138,1852,7906,7906,8678
Ogni Notte Due Notti,it,161860.0,4965.0,26.0,,49,2136,271,7907,7907,8679
Fiero Di Me,en,212413.0,4742.0,21.0,,49,2135,1391,7908,7908,8681
Mosaico,it,246000.0,5297.0,5.0,,49,2138,1852,7909,7909,8682
La legge del più forte,it,223213.0,5822.0,4.0,,49,2138,1852,7910,7910,8683
Narcos 1000,en,218000.0,4339.0,4.0,,49,2139,1186,7911,7911,8684
Vita in Ita,it,208013.0,4778.0,7.0,,49,2138,1852,7912,7912,8685
Lavoro RMX,it,238685.0,4295.0,31.0,,49,2140,1852,7913,7913,8686
Grande Ser.T,it,240000.0,5266.0,4.0,,49,2138,1852,7914,7914,8687
Non chiedermi,it,157946.0,5474.0,4.0,,49,2138,1852,7915,7915,8688
Spam Rap,it,202666.0,5882.0,37.0,,49,2141,1391,7916,7916,8689
Per Un Pugno Di Dollari,it,315475.0,4572.0,13.0,,49,2142,1391,7917,7917,8691
10 000,it,161333.0,5918.0,6.0,,49,2143,1853,7918,7918,8692
Lasciarsi e andare,it,173199.0,4139.0,5.0,,49,2138,1852,7919,7919,8693
Bad Trip,it,309306.0,5221.0,3.0,,49,2138,1852,7920,7920,8694
Estate Albina,it,202666.0,4126.0,37.0,,49,2141,1854,7921,7921,8695
Vicinato,it,202666.0,5803.0,37.0,,49,2141,1186,7922,7922,8696
Conto Alla Rovescia,it,280786.0,5076.0,27.0,,49,2144,1391,7923,7923,8698
We Gon Make It,pl,291400.0,5351.0,41.0,,49,2145,1186,7924,7924,8699
Re Mida,pl,202666.0,5681.0,37.0,,49,2141,1391,7925,7925,8701
Fumatore,it,230600.0,4314.0,6.0,,49,2138,1852,7926,7926,8702
Rimmel (Regola Uno),it,238685.0,4089.0,31.0,,49,2140,1391,7927,7927,8704
Blocco,it,218000.0,5775.0,4.0,,49,2138,1852,7928,7928,8705
Smartphone,it,202666.0,4641.0,37.0,,49,2141,1186,7929,7929,8706
Opposto,it,202666.0,4271.0,37.0,,49,2141,1391,7930,7930,8707
Otis Freestyle,it,197813.0,4951.0,20.0,,49,2146,1391,7931,7931,8708
Ferite aperte,it,256933.0,5213.0,2.0,,49,2138,1852,7932,7932,8709
Cheesecake,it,202666.0,4070.0,37.0,,49,2141,1186,7933,7933,8710
X,it,236333.0,4563.0,3.0,,49,2147,1391,7934,7934,8712
Personal RMX,it,202666.0,4078.0,37.0,,49,2141,1855,7935,7935,8714
Numeri,pl,202666.0,4856.0,37.0,,49,2141,1391,7936,7936,8715
OK,pl,141500.0,5809.0,5.0,,49,2148,1852,7937,7937,8716
Gombloddoh,it,202666.0,5982.0,37.0,,49,2141,1186,7938,7938,8717
Gesù 2K13,it,212413.0,5289.0,21.0,,49,2135,585,7939,7939,8718
Fumatore RMX,it,202666.0,4337.0,37.0,,49,2141,1391,7940,7940,8719
Chi Non Muore Si Rivede,it,363733.0,5830.0,4.0,,49,2149,1853,7941,7941,8720
Di nuovo in crisi,it,254453.0,5048.0,2.0,,49,2138,1852,7942,7942,8721
Spacca Le Doghe,it,197813.0,4319.0,20.0,,49,2146,1391,7943,7943,8722
Tatuaggio,it,202666.0,5860.0,37.0,,49,2141,1391,6441,6441,7015
Vai Giù,it,212413.0,5532.0,21.0,,49,2135,1391,7944,7944,8724
BEAST MODE,it,121507.0,5476.0,23.0,,49,2150,78,7945,7945,8725
Non credo,it,222600.0,5436.0,2.0,,49,2138,1852,7946,7946,8726
Funny Games,it,195334.0,4413.0,5.0,,49,2151,1853,7947,7947,8727
Solo Tu,pl,202666.0,4435.0,37.0,,49,2141,1391,7948,7948,8728
CLICK CLACK,it,116193.0,5390.0,23.0,,49,2150,78,7949,7949,8729
Samsonite,en,202666.0,4453.0,37.0,,49,2141,1853,7950,7950,8730
Vrum Vrum,it,202666.0,4892.0,37.0,,49,2141,1854,7951,7951,8732
La Legge Del Più Forte RMX,it,363733.0,5581.0,4.0,,49,2149,1856,7952,7952,8733
Non Arrivi Fino A Qui RMX,it,583917.0,5584.0,24.0,,49,2152,1391,7953,7953,8735
Una Volta Almeno,it,221403.0,4921.0,72.0,,49,2153,1391,7954,7954,8736
Colpa Dei Sogni,en,183589.0,5601.0,0.0,,49,2154,1853,7955,7955,8737
M.V.S.,it,516786.0,5695.0,53.0,,49,2141,1853,7956,7956,8738
Io No,it,212413.0,5325.0,21.0,,49,2135,1853,7957,7957,8739
Spaccagambe,it,202666.0,4470.0,37.0,,49,2141,1853,7958,7958,8740
Fanno,it,111426.0,4561.0,1.0,,49,2155,1854,7959,7959,8742
Smokin’ Intro,en,244813.0,4642.0,6.0,,49,2156,1853,7960,7960,8743
Gimme 5,it,363733.0,4246.0,4.0,,49,2149,1853,7961,7961,8744
MARATONA,it,162166.0,4559.0,20.0,,49,2150,78,7962,7962,8745
Non Ce N’è,it,301680.0,4430.0,0.0,,49,2157,1857,7963,7963,8746
Pourinho,it,202666.0,4926.0,37.0,,49,2141,1854,7964,7964,8747
Viaggio Nella Rovina,pl,253280.0,5834.0,0.0,,49,2158,1853,7965,7965,8749
Grandissimo,it,202666.0,4221.0,37.0,,49,2141,1854,7966,7966,8750
San Francesco,it,202666.0,5456.0,37.0,,49,2141,1853,7967,7967,8751
Come Gira,it,212413.0,5392.0,21.0,,49,2135,1391,7968,7968,8752
Reckless,it,179466.0,4204.0,10.0,,49,2159,1853,7969,7969,8753
Angolo Di Cielo,it,111426.0,5862.0,1.0,,49,2155,1391,7970,7970,8754
Non Noi,it,201456.0,5152.0,4.0,,49,2160,1853,7971,7971,8755
Roby Baggio,it,202666.0,4742.0,37.0,,49,2141,1854,7972,7972,8758
Hula Hop,it,197813.0,5528.0,20.0,,49,2146,1853,7973,7973,8759
Piantato Giù,it,212413.0,4528.0,21.0,,49,2135,1853,7974,7974,8760
Non Ci Fermi Più,it,212413.0,5403.0,21.0,,49,2135,1858,7975,7975,8761
Chiama La Volante,it,111426.0,4092.0,1.0,,49,2155,1,7976,7976,8763
Sono Cresciuto Qua,it,224417.0,5695.0,0.0,,49,2161,1853,7977,7977,8764
Facci Passare Alè,it,210187.0,4910.0,9.0,,49,2162,1854,7978,7978,8767
La musica non c’è,it,222794.0,275673.0,68.0,,19,2163,1757,7979,7979,8768
Le luci della città,it,179076.0,85967.0,65.0,,19,2163,1757,7980,7980,8769
Taciturnal,it,174000.0,86289.0,61.0,,19,2163,1859,7981,7981,8770
Faccio un casino,it,196807.0,77685.0,64.0,,19,2163,574,7982,7982,8771
E yo mamma,it,201857.0,67544.0,56.0,,19,2163,247,7983,7983,8772
Jet,it,178932.0,69895.0,45.0,,19,2164,712,7984,7984,8773
Lovebars,it,165906.0,60403.0,60.0,,19,2165,406,7985,7985,8774
Parquet,it,217846.0,65692.0,41.0,,19,2163,1757,7986,7986,8775
Occhiali scuri,it,248678.0,42454.0,39.0,,19,2163,1859,7987,7987,8776
È Colpa Tua,it,230093.0,42554.0,59.0,,19,2166,1860,7988,7988,8777
Ciao,it,221484.0,41245.0,43.0,,19,2163,1757,7989,7989,8778
È sempre bello,it,203880.0,35308.0,62.0,,19,2167,561,7990,7990,8779
La tua canzone,it,192040.0,28224.0,63.0,,19,2167,707,7991,7991,8780
Delusa da me,it,197814.0,27322.0,41.0,,19,2163,1757,7992,7992,8781
Mille fogli,it,199187.0,29373.0,36.0,,19,2163,1757,7993,7993,8782
Un sorso d’Ipa,it,210556.0,20270.0,34.0,,19,2163,1757,7994,7994,8783
Catene,it,175826.0,22077.0,43.0,,19,2167,707,7995,7995,8784
Domenica,it,201546.0,23177.0,52.0,,19,2167,707,7996,7996,8785
Le parole più grandi,it,224931.0,18232.0,58.0,,19,2164,712,7997,7997,8786
Lontana da me,it,223053.0,18200.0,48.0,,19,2168,1124,7998,7998,8787
Pezzi di me,it,207630.0,14195.0,32.0,,19,2169,1861,7999,7999,8788
Sono stanco,it,155532.0,12508.0,79.0,,19,2170,1860,8000,8000,8789
Crack,it,226549.0,15653.0,49.0,,19,2171,419,8001,8001,8791
Still fenomeno,it,177328.0,11366.0,33.0,,19,2163,1757,8002,8002,8792
Fuori di me,it,250880.0,11645.0,36.0,,19,2167,707,8003,8003,8793
Ali sporche,it,226506.0,13624.0,44.0,,19,2168,1124,8004,8004,8794
Come nelle canzoni,it,212897.0,10897.0,56.0,,19,2171,703,8005,8005,8795
Aeroplani,it,229880.0,13668.0,30.0,,19,2167,707,8006,8006,8796
Mal di gola,it,171666.0,13624.0,32.0,,19,2167,707,8007,8007,8797
Costole rotte,it,202000.0,10141.0,28.0,,19,2164,712,8008,8008,8798
Nella Casa,it,118254.0,9014.0,40.0,,19,2165,1862,8009,8009,8799
Terra bruciata,it,165729.0,11798.0,53.0,,19,2165,406,8010,8010,8800
DM,it,194786.0,10225.0,48.0,,19,2165,406,8011,8011,8801
Gratis,it,215320.0,8588.0,33.0,,19,2167,707,8012,8012,8802
Fari lontani,it,173706.0,10726.0,41.0,,19,2165,406,8013,8013,8803
La strada è mia,it,234374.0,7980.0,27.0,,19,2172,1124,8014,8014,8804
Mal di te,it,179366.0,11207.0,60.0,,19,2173,1354,8015,8015,8805
Occhi rossi,it,177310.0,8242.0,57.0,,19,2171,419,8016,8016,8806
Vorrei portarti via,it,287680.0,8054.0,32.0,,19,2168,1124,8017,8017,8807
Vai con Dio,it,187506.0,7724.0,30.0,,19,2167,707,8018,8018,8808
Niente che non va,it,224931.0,10505.0,58.0,,19,2164,712,8019,8019,8809
Mi sono perso,it,148764.0,8911.0,17.0,,19,2174,1860,8020,8020,8810
Sesso e droga,it,211966.0,9223.0,40.0,,19,2171,419,8021,8021,8812
Verso altri lidi (Uomini di Mare cover),it,165837.0,7831.0,67.0,,19,2175,1863,8022,8022,8813
Era già scritto,it,118254.0,6932.0,40.0,,19,2165,406,8023,8023,8814
Siamo morti insieme,it,179400.0,6588.0,44.0,,19,2168,1124,8024,8024,8815
Hangover,it,192133.0,6961.0,35.0,,19,2168,1864,8025,8025,8816
Flow Easy,it,189966.0,7075.0,31.0,,19,2171,1865,8026,8026,8817
Cosa mi manchi a fare (Cover),it,182500.0,7254.0,35.0,,19,2172,1565,8027,8027,8818
Niente di che,it,194415.0,6029.0,36.0,,19,2164,712,8028,8028,8819
Vetri fumè,it,227636.0,7762.0,40.0,,19,2165,406,8029,8029,8820
Mamma Roma*,it,140869.0,5639.0,65.0,,19,2176,1815,8030,8030,8821
Incredibile romantica (Cover),it,153000.0,7504.0,27.0,,19,2172,550,8031,8031,8822
Ninna nanna,it,143173.0,5078.0,26.0,,19,2167,707,8032,8032,8823
Ol’ Dirty,it,168034.0,6165.0,35.0,,19,2171,419,8033,8033,8824
Ti manca l’aria,it,192034.0,5767.0,66.0,,19,2177,76,8034,8034,8825
Figlio di nessuno,it,246350.0,5907.0,12.0,,19,2178,1860,8035,8035,8826
Casse rotte,it,242378.0,6153.0,32.0,,19,2171,419,8036,8036,8827
Aspettative,it,174986.0,5787.0,39.0,,19,2165,406,8037,8037,8828
Chiama Me,it,229710.0,5468.0,44.0,,19,2179,1866,8038,8038,8829
Alta marea,it,171903.0,5957.0,60.0,,19,2165,836,8039,8039,8830
Cielo di sabbia,it,194516.0,5681.0,74.0,,19,2180,1861,8040,8040,8831
Qualcosa di grande,it,161432.0,6164.0,60.0,,19,2181,446,8041,8041,8832
Una luce alle 03:00,it,157413.0,4607.0,46.0,,19,2165,406,8042,8042,8833
Cerchi con il fumo,it,174737.0,5297.0,34.0,,19,2171,419,8043,8043,8834
Fra le nuvole,it,174265.0,5228.0,34.0,,19,2171,419,8044,8044,8835
Ti sposerai,it,231390.0,4754.0,33.0,,19,2164,712,8045,8045,8836
Non erano fiori,it,223053.0,4987.0,48.0,,19,2168,1124,8046,8046,8837
Margherita,it,163413.0,4640.0,38.0,,19,2171,419,8047,8047,8838
Che colpa ne ho,it,164333.0,4296.0,53.0,,19,2165,406,8048,8048,8839
Forever alone,it,206013.0,4440.0,30.0,,19,2168,1867,8049,8049,8840
La rabbia dei secondi,it,191093.0,4224.0,28.0,,19,2164,1868,8050,8050,8841
Local Heroes,it,132716.0,5381.0,38.0,,19,2165,406,8051,8051,8842
Con le tasche leggere,it,193000.0,5337.0,30.0,,19,2164,712,8052,8052,8843
Tre fori nel cuore,it,183079.0,5920.0,5.0,,19,2182,1861,8053,8053,8844
invece no,it,267120.0,5476.0,22.0,,19,2183,1869,8054,8054,8845
Dramma nero,it,318880.0,4115.0,24.0,,19,2168,1124,8055,8055,8846
Wu-Tang,it,145966.0,5783.0,30.0,,19,2171,1870,8056,8056,8847
Bomba a mano,it,195374.0,5742.0,37.0,,19,2171,419,8057,8057,8848
Se esiste un Dio,it,173973.0,4900.0,37.0,,19,2165,406,8058,8058,8849
Le cose che non ho,it,226906.0,5189.0,82.0,,19,2184,1860,8059,8059,8850
Stalker,it,199880.0,5971.0,14.0,,19,2183,1871,8060,8060,8851
Buona fortuna,it,193500.0,5079.0,24.0,,19,2172,712,8061,8061,8852
Dove finiscono le favole,it,205194.0,5829.0,23.0,,19,2164,712,8062,8062,8853
Faccia da rapina,it,241540.0,4177.0,30.0,,19,2171,419,8063,8063,8854
Via,it,223709.0,4393.0,24.0,,19,2185,1872,8064,8064,8855
Quello che so,it,273489.0,4898.0,20.0,,19,2178,1860,8065,8065,8856
Cassaforte,it,224931.0,5186.0,58.0,,19,2164,1860,8066,8066,8857
Testa uragano - From the Rooftop,it,212000.0,5649.0,30.0,,19,2172,1873,8067,8067,8858
Essere liberi,it,196525.0,5994.0,43.0,,19,2171,1874,8068,8068,8859
Still life,it,198545.0,4792.0,24.0,,19,2164,712,8069,8069,8860
Circolo Vizioso Royal,it,218253.0,4107.0,33.0,,19,2186,1860,8070,8070,8864
Nei treni la notte,it,181789.0,5618.0,43.0,,19,2187,1875,1571,1571,1691
Almodovar,en,171903.0,5224.0,60.0,,19,2165,1861,8071,8071,8865
Oh no!,it,177826.0,4411.0,22.0,,19,2168,1124,8072,8072,8866
Buona fortuna - From the Rooftop,en,193500.0,5003.0,24.0,,19,2172,1346,8073,8073,8867
Volare,it,177310.0,5502.0,57.0,,19,2171,1871,8074,8074,8868
Torcida,sr,174628.0,5559.0,65.0,,19,2188,1861,8075,8075,8869
"Fra le nuvole, Pt. 2",it,159520.0,5013.0,32.0,,19,2187,1875,8076,8076,8870
Roma di notte,it,201722.0,4624.0,54.0,,19,2181,446,8077,8077,8872
La strada è mia - From the Rooftop,en,234374.0,5964.0,27.0,,19,2172,550,8078,8078,8873
Intro Fenomeno,it,212897.0,5342.0,56.0,,19,2171,1861,8079,8079,8874
Fuori orario,it,190222.0,4830.0,29.0,,19,2187,112,8080,8080,8875
Balla con me,it,140160.0,4575.0,73.0,,19,2189,1860,8081,8081,8876
Pezzo di cuore (demo 2004),it,140816.0,5478.0,75.0,,19,2190,1866,8082,8082,8877
Lontana da me - From the Rooftop,it,227750.0,4497.0,36.0,,19,2172,1130,8083,8083,8878
Tutto normale,it,209666.0,4355.0,14.0,,19,2183,843,8084,8084,8879
Costole rotte - From the Rooftop,it,200000.0,5075.0,27.0,,19,2172,1876,8085,8085,8880
Dentro al fumo,it,155816.0,4592.0,53.0,,19,2181,446,8086,8086,8881
Estate 1998,it,171391.0,5273.0,52.0,,19,2181,446,8087,8087,8882
Nessun tramonto,it,144000.0,4248.0,52.0,,19,2181,446,8088,8088,8883
Va tutto bene,it,182245.0,5325.0,76.0,,19,2184,1861,5229,5229,5717
Fenomeno,it,177328.0,4581.0,33.0,,19,2163,1861,8089,8089,8884
Senza mani,it,105520.0,4011.0,13.0,,19,2183,1871,1129,1129,1231
Non dire no,it,176333.0,4265.0,51.0,,19,2181,446,8090,8090,8885
You get ready,it,256000.0,5887.0,95.0,,19,2191,1860,8091,8091,8886
Sparati in faccia,it,223834.0,5755.0,79.0,,19,2192,1861,8092,8092,8887
Mr. Nobody,it,183536.0,4480.0,50.0,,19,2181,446,8093,8093,8888
Sei piedi sotto,pl,245853.0,5575.0,75.0,,19,2192,1861,8094,8094,8889
Senza te,it,168377.0,5232.0,49.0,,19,2181,446,8095,8095,8890
Non c’è più nessuno,it,246350.0,5958.0,12.0,,19,2178,1861,8096,8096,8891
Mille miglia,it,207313.0,4762.0,73.0,,19,2193,1877,8097,8097,8892
Margherita - FTR2,it,163413.0,5379.0,38.0,,19,2171,1875,8098,8098,8893
La tua canzone (Spotify Singles),it,216112.0,4138.0,31.0,,19,2185,1872,8099,8099,8894
Sorry mamy,it,118378.0,4804.0,7.0,,19,2194,1861,8100,8100,8895
Il tempo vola,it,208448.0,5944.0,48.0,,19,2181,446,8101,8101,8896
Spingo dentro i monitor,es,273489.0,5093.0,20.0,,19,2178,1861,8102,8102,8897
Volare (Freestyle),it,132716.0,4588.0,38.0,,19,2165,1878,8103,8103,8898
Inverno 1998,it,172640.0,4252.0,49.0,,19,2181,446,8104,8104,8899
Intro,it,64527.0,5423.0,9.0,,19,2178,1860,8105,8105,8900
È sempre bello - FTR2,it,224483.0,5304.0,9.0,,19,2195,1875,8106,8106,8901
Le luci della città - FTR2,it,212000.0,4761.0,30.0,,19,2172,1875,8107,8107,8902
Da Grafic Revolution,it,230093.0,5920.0,59.0,,19,2166,1879,8108,8108,8903
Essere liberi - FTR2,it,265454.0,4055.0,65.0,,19,2196,1875,8109,8109,8904
Follow Me,it,222000.0,4622.0,90.0,,19,2197,594,8110,8110,8905
Faccio un casino (TJ Unicorno Extended Mix),it,322702.0,5857.0,1.0,,19,2198,1880,8111,8111,8906
M’ manc,pl,180000.0,112521.0,72.0,,90,2199,1037,8112,8112,8907
Non Ci Sto,en,183529.0,29976.0,59.0,,90,2200,280,8113,8113,8909
Kriminal,eu,196714.0,20070.0,34.0,,90,2201,825,8114,8114,8912
La Mia Parola,it,170161.0,20856.0,72.0,,90,2202,724,8115,8115,8915
Hope,it,171111.0,12553.0,49.0,,90,2203,1694,8116,8116,8917
Cuore,pl,202588.0,6281.0,49.0,,90,2204,67,8117,8117,8919
Spirito Libero,it,180150.0,5605.0,57.0,,90,2205,1881,8118,8118,8922
Dai dai dai,it,265746.0,4377.0,17.0,,90,2206,340,8119,8119,8923
Immobile,it,276546.0,5441.0,9.0,,90,2207,1882,8120,8120,8927
"In Your Mind (ft. Micaela, Charlie Charles)",en,202440.0,4783.0,37.0,,90,2208,530,8121,8121,8929
Pimper’s Paradise,en,213333.0,4816.0,9.0,,90,2209,1883,8122,8122,8930
Per Scaramanzia,it,166983.0,5583.0,63.0,,90,2210,758,8123,8123,8931
Count On Me,en,223093.0,5943.0,13.0,,90,2211,953,8124,8124,8932
Timeless Spirit,it,212960.0,4266.0,11.0,,90,2212,530,8125,8125,8933
Intro,it,90750.0,4854.0,7.0,,90,2213,373,8126,8126,8934
Chessplaying This Dame,it,241133.0,4976.0,9.0,,90,2212,530,8127,8127,8935
What About The Meaning,it,230933.0,4766.0,8.0,,90,2211,953,8128,8128,8937
Miss You,it,237653.0,4739.0,5.0,,90,2212,530,8129,8129,8938
Your Last Chance,it,156773.0,4116.0,1.0,,90,2211,953,8130,8130,8940
Melody Dream,it,324840.0,5386.0,3.0,,90,2212,530,8131,8131,8943
She’s Dope,it,227066.0,4887.0,6.0,,90,2211,953,8132,8132,8946
Amor de mi vida (Amazon Music Original),it,265299.0,4402.0,29.0,,90,2214,1884,8133,8133,8948
Wineflow,it,102026.0,5646.0,8.0,,90,2211,953,8134,8134,8949
Your World,it,533040.0,5623.0,1.0,,90,2211,953,8135,8135,8951
Remember,it,209426.0,4987.0,4.0,,90,2212,1336,8136,8136,8952
Who I Am,it,209600.0,4609.0,5.0,,90,2212,530,8137,8137,8953
Away From Me,it,183893.0,5293.0,1.0,,90,2211,953,8138,8138,8955
No Love No Money,it,231920.0,4590.0,2.0,,90,2211,953,8139,8139,8956
About You,it,246200.0,4484.0,4.0,,90,2212,530,8140,8140,8957
Los Impresindibles,it,215906.0,5477.0,2.0,,90,2211,953,8141,8141,8958
Joy,it,283386.0,4092.0,3.0,,90,2211,953,8142,8142,8960
Got to Be You,it,229093.0,4202.0,2.0,,90,2212,530,8143,8143,8961
Heat,it,230826.0,4025.0,1.0,,90,2211,953,8144,8144,8962
Skyscrapers,it,275493.0,4318.0,4.0,,90,2212,530,8145,8145,8964
Introducing Avantguardia,it,90750.0,4151.0,7.0,,90,2213,1885,8146,8146,8965
The Answer,it,176840.0,6009.0,1.0,,90,2211,953,8147,8147,8966
Superstition,it,255453.0,4590.0,7.0,,90,2212,1886,8148,8148,8967
Like Before (Honey),it,235613.0,4310.0,2.0,,90,2211,953,8149,8149,8968
Intro (Demolizione 2),it,211373.0,4494.0,2.0,,90,2215,1887,8150,8150,8969
Golpes de Realidad,es,152659.0,5888.0,0.0,,90,2216,1888,8151,8151,8970
Veleno 6,cs,205125.0,1501925.0,58.0,,57,2217,1889,8152,8152,8971
Bolla papale Freestyle,it,126000.0,449044.0,50.0,,57,2217,1473,8153,8153,8972
Trapano,it,173188.0,351121.0,44.0,,57,2218,666,8154,8154,8973
Intro,it,131447.0,229363.0,45.0,,57,2217,1783,8155,8155,8974
Centro,pl,184304.0,154416.0,54.0,,57,2218,1162,8156,8156,8975
Non esiste,en,248051.0,122826.0,36.0,,57,2219,1258,8157,8157,8976
Salsa,it,227682.0,115465.0,41.0,,57,2218,1039,8158,8158,8977
Il momento,it,213030.0,111453.0,44.0,,57,2217,1349,8159,8159,8978
Veleno 8,cs,182473.0,118277.0,49.0,,57,2220,771,8160,8160,8979
Patatrac,it,196400.0,97033.0,42.0,,57,2219,1258,8161,8161,8980
R8,it,108272.0,108512.0,44.0,,57,2221,1196,8162,8162,8981
Hollywood,pl,199553.0,76343.0,43.0,,57,2218,1039,8163,8163,8982
Mignolo,it,135136.0,79509.0,44.0,,57,2221,1196,8164,8164,8983
Numeri,it,132950.0,85856.0,44.0,,57,2221,1196,8165,8165,8984
Ramadan,it,209446.0,96418.0,39.0,,57,2219,1258,8166,8166,8985
Ciò Che Fa Per Me,it,166250.0,76634.0,52.0,,57,2218,1039,8167,8167,8986
Mary Jane,it,220800.0,79846.0,47.0,,57,2217,1783,8168,8168,8987
Baby Blue RMX,it,237333.0,64400.0,23.0,,57,2222,1783,8169,8169,8989
Solo con me,it,189850.0,57626.0,38.0,,57,2217,1783,8170,8170,8990
Devil May Cry,en,184610.0,55285.0,40.0,,57,2219,1258,8171,8171,8991
Mickey Rourke,it,233023.0,59778.0,43.0,,57,2218,1039,8172,8172,8992
Doppelganger,it,172500.0,54810.0,42.0,,57,2219,1258,8173,8173,8993
Escape From Heart,it,268973.0,50868.0,8.0,,57,2223,1890,8174,8174,8994
Lo Rifarò,it,183797.0,62559.0,68.0,,57,2224,1890,8175,8175,8995
Come Ti Fa Mad,en,187615.0,45274.0,45.0,,57,2225,1891,8176,8176,8996
Successo,it,199200.0,56756.0,41.0,,57,2218,1039,8177,8177,8997
Fuck Girls,it,234725.0,52581.0,61.0,,57,2226,1890,8178,8178,8998
The Hills RMX,it,345466.0,55049.0,17.0,,57,2227,1783,8179,8179,8999
24/7,it,167659.0,56081.0,43.0,,57,2221,1196,8180,8180,9000
Storie,it,164625.0,50612.0,49.0,,57,2218,1039,8181,8181,9001
Kournikova,it,124835.0,48948.0,36.0,,57,2219,1258,8182,8182,9002
Defcon1,pl,103824.0,58271.0,40.0,,57,2220,771,8183,8183,9003
7/8 Sour,it,163027.0,60898.0,37.0,,57,2221,1224,8184,8184,9004
Supernova,en,226704.0,45711.0,41.0,,57,2221,1365,8185,8185,9005
Niente Proprio,it,177061.0,43546.0,38.0,,57,2218,1039,8186,8186,9006
Fuori Piove,it,186000.0,58662.0,38.0,,57,2221,1196,8187,8187,9007
Niente Da Dividere,it,183875.0,45939.0,38.0,,57,2218,1039,8188,8188,9008
For Honor,it,155359.0,46725.0,33.0,,57,2228,220,8189,8189,9009
La mia tipa,it,175085.0,42100.0,38.0,,57,2219,1258,8190,8190,9010
Ludovico,it,135136.0,35566.0,35.0,,57,2221,1196,8191,8191,9011
Extraterrestri,it,207124.0,43019.0,35.0,,57,2218,1039,8192,8192,9012
Nel cervello,it,200983.0,41916.0,35.0,,57,2217,1783,8193,8193,9013
Deep Freestyle,pl,312626.0,35937.0,83.0,,57,2229,1783,8194,8194,9014
Beatrix Kiddo,en,145636.0,38431.0,33.0,,57,2221,1196,8195,8195,9015
Plenilunio,it,211662.0,41866.0,41.0,,57,2230,1044,8196,8196,9016
NLS,it,126000.0,37460.0,50.0,,57,2217,1892,8197,8197,9018
La Cosa,pl,129776.0,29878.0,37.0,,57,2220,771,8198,8198,9019
Chillin’ Rmx,it,165953.0,33353.0,44.0,,57,2220,771,8199,8199,9020
Intro (Scusate Il Ritardo),it,260001.0,34600.0,46.0,,57,2231,1892,8200,8200,9021
Vai bro,pl,181695.0,35657.0,33.0,,57,2219,1893,8201,8201,9022
Queen Rmx,en,182727.0,33480.0,45.0,,57,2221,1196,8202,8202,9023
Solo Per Me,it,178624.0,27104.0,46.0,,57,2220,771,8203,8203,9024
Dopo il rischio,it,157713.0,33775.0,31.0,,57,2219,1258,8204,8204,9025
Hot Pot,it,125334.0,32913.0,37.0,,57,2220,771,8205,8205,9026
Tutto in un giorno,it,222775.0,24581.0,35.0,,57,2219,1258,8206,8206,9027
È solo l’inizio,it,190409.0,28052.0,67.0,,57,2232,1890,8207,8207,9028
My Shit 3,it,201266.0,26329.0,14.0,,57,2233,1894,8208,8208,9029
Jacuzzi,it,100214.0,29981.0,37.0,,57,2220,771,8209,8209,9030
Non credo,it,198021.0,23727.0,31.0,,57,2219,1258,8210,8210,9031
A/R,it,332229.0,27705.0,75.0,,57,2234,1196,8211,8211,9032
Perry Mason,it,134318.0,30466.0,32.0,,57,2221,1196,8212,8212,9033
Occhiali da donna RMX,co,265454.0,28893.0,65.0,,57,2235,1783,8213,8213,9034
Il Traguardo,en,212148.0,29957.0,72.0,,57,2236,1890,8214,8214,9035
Uova D’Oro,it,213063.0,30051.0,31.0,,57,2221,1196,8215,8215,9037
Vero o Falso,it,147412.0,20255.0,35.0,,57,2220,771,8216,8216,9039
Mi va a puttane il cervello,it,168057.0,26363.0,0.0,,57,2237,1890,8217,8217,9040
Like This Like That,en,157395.0,23993.0,39.0,,57,2220,771,8218,8218,9042
Top Player,en,148166.0,28336.0,38.0,,57,2219,1258,8219,8219,9043
Migliori dei miei,it,202432.0,21607.0,32.0,,57,2217,1783,8220,8220,9044
Chillin’,it,165953.0,28568.0,44.0,,57,2220,771,8221,8221,9045
Dead A Pussy N***a RMX,en,315391.0,23027.0,1.0,,57,2238,1783,8222,8222,9048
Trash Music,it,203728.0,24585.0,0.0,,57,2239,1890,8223,8223,9049
Tutto apposto,en,213167.0,18186.0,31.0,,57,2219,1258,8224,8224,9050
Utopia,it,190352.0,18870.0,48.0,,57,2230,1797,8225,8225,9051
Garda,it,141508.0,23756.0,38.0,,57,2220,771,8226,8226,9052
Stiaah! RMX,it,184304.0,17210.0,54.0,,57,2218,1892,8227,8227,9053
Questa Merda,it,170000.0,23105.0,55.0,,57,2240,1890,8228,8228,9054
Bruce Wayne,it,171060.0,16264.0,44.0,,57,2230,1797,8229,8229,9055
Jon Jones,it,144042.0,21300.0,42.0,,57,2230,1797,8230,8230,9056
Audi,en,125471.0,18715.0,31.0,,57,2220,771,8231,8231,9057
Gaudí,it,174232.0,20344.0,38.0,,57,2220,771,8232,8232,9058
Grande,it,140707.0,20730.0,33.0,,57,2218,1039,8233,8233,9059
Lonewolf,it,209558.0,17974.0,41.0,,57,2230,1797,8234,8234,9060
Fresco fresco,en,175090.0,16157.0,30.0,,57,2217,1783,8235,8235,9061
I’m Gon Win RMX,en,1878254.0,15704.0,14.0,,57,2241,1783,8236,8236,9062
Rainy Trip,en,345693.0,19549.0,10.0,,57,2242,1890,8237,8237,9064
Comodino,it,127909.0,19033.0,33.0,,57,2221,1196,8238,8238,9065
5 AM,it,207979.0,19524.0,0.0,,57,2243,1892,8239,8239,9066
Underground,it,305410.0,17541.0,0.0,,57,2244,1890,8240,8240,9067
Madtadone 2018,it,166000.0,16721.0,54.0,,57,2245,1895,8241,8241,9068
Quello Che Cerco,it,246780.0,16485.0,44.0,,57,2246,1892,8242,8242,9069
NSFCM,it,121989.0,13881.0,33.0,,57,2220,771,8243,8243,9070
Serial Killer,it,135340.0,15569.0,42.0,,57,2230,1797,8244,8244,9071
Niente Di Nuovo,it,156284.0,19536.0,35.0,,57,2220,771,8245,8245,9072
Dopo Tre Giorni,it,172500.0,18689.0,42.0,,57,2219,1890,8246,8246,9073
La Partenza,it,204375.0,15012.0,67.0,,57,2247,1890,8247,8247,9074
Alfredo’s,it,163313.0,16258.0,30.0,,57,2220,771,8248,8248,9078
Dammi Luce,it,191824.0,17794.0,31.0,,57,2248,1890,8249,8249,9080
Psicodramma,it,191233.0,13267.0,40.0,,57,2230,1797,8250,8250,9081
Madtadone 2016,da,131447.0,10092.0,45.0,,57,2217,1896,8251,8251,9082
Perdono / Dylan Dog,it,202791.0,10177.0,39.0,,57,2230,1797,8252,8252,9083
No Entiendo,en,129873.0,11660.0,37.0,,57,2230,1797,8253,8253,9084
Difetti,it,142612.0,13563.0,41.0,,57,2230,1797,8254,8254,9085
Soprano,it,150869.0,12042.0,40.0,,57,2230,1797,8255,8255,9086
Questo è l’anno,it,212148.0,9063.0,72.0,,57,2236,1890,8256,8256,9089
Demoni,it,172679.0,9132.0,37.0,,57,2230,1797,8257,8257,9090
Gas Pedal,it,226937.0,11298.0,61.0,,57,2249,1892,8258,8258,9091
Freaks,it,400592.0,11485.0,0.0,,57,2250,1892,8259,8259,9092
Guarda Mamma,it,307245.0,9816.0,42.0,,57,2225,1892,8260,8260,9094
Honiro Exxclusive,it,246780.0,9616.0,44.0,,57,2246,1897,8261,8261,9095
Good Vibes,it,199410.0,6912.0,36.0,,57,2230,1797,8262,8262,9097
Pay Day,it,257133.0,9460.0,43.0,,57,2251,1892,8263,8263,9098
Bunkerino,it,166000.0,9282.0,54.0,,57,2245,1892,8264,8264,9099
C’ho Flow,it,187615.0,7492.0,45.0,,57,2225,1892,8265,8265,9100
Madtadone 2013,it,196520.0,8755.0,11.0,,57,2252,604,8266,8266,9101
Senza Finto Bon Ton,it,238533.0,7086.0,63.0,,57,2253,1892,8267,8267,9102
WTF,it,207874.0,6407.0,0.0,,57,2254,1892,8268,8268,9103
Weed Porn,it,228734.0,6645.0,22.0,,57,2255,1892,8269,8269,9104
Sono Un Fantasma,it,246780.0,6462.0,44.0,,57,2246,1898,8270,8270,9105
R.I.P.,it,165585.0,6888.0,45.0,,57,2256,1898,8271,8271,9106
Madtadone 2012,it,166000.0,7040.0,54.0,,57,2245,1899,8272,8272,9107
Gin Tonic,it,175507.0,7244.0,42.0,,57,2230,1797,8273,8273,9108
Numbers,it,304223.0,6778.0,0.0,,57,2257,1892,8274,8274,9110
Molly,it,155133.0,6070.0,55.0,,57,2258,1892,8275,8275,9111
Madtadone 2011,it,131447.0,5313.0,45.0,,57,2217,1894,8276,8276,9112
LAVA FREESTYLE,en,119111.0,6582.0,33.0,,57,2259,1900,8277,8277,9113
Tutti Kings Online,it,1878254.0,5866.0,14.0,,57,2241,1892,8278,8278,9114
#CoCo Freestyle,en,174922.0,4888.0,7.0,,57,2260,1901,8279,8279,9115
My Shit,it,216818.0,5752.0,0.0,,57,2261,1902,8280,8280,9116
Madtadone 2015,it,166000.0,5509.0,54.0,,57,2245,1903,8281,8281,9117
Raid,it,37066.0,5731.0,8.0,,57,2262,1904,8282,8282,9118
Free MadMan,it,126000.0,5005.0,50.0,,57,2217,1898,8283,8283,9119
L’Alibi Perfetto,it,238666.0,4275.0,32.0,,57,2263,1898,8284,8284,9120
Tra I Peggiori,it,178064.0,5410.0,66.0,,57,2264,1898,8285,8285,9121
Zarria Cock-tail,it,275653.0,4426.0,2.0,,57,2265,1898,8286,8286,9122
Fino A Tardi RMX,it,180137.0,4899.0,75.0,,57,2266,1898,8287,8287,9125
A Millie,it,169466.0,4142.0,48.0,,57,2267,1898,8288,8288,9126
Madtadone 2014,it,230625.0,5667.0,5.0,,57,2268,1905,8289,8289,9127
L’Odio Dentro,it,267313.0,4265.0,70.0,,57,2269,1898,8290,8290,9128
My Shit 2,it,106811.0,5821.0,0.0,,57,2270,682,8291,8291,9129
La Minaccia,it,150349.0,5746.0,67.0,,57,2271,1898,8292,8292,9130
CIA Killed Me,it,172640.0,4944.0,12.0,,57,2272,1906,8293,8293,9131
MadNeda Freestyle,it,317668.0,5504.0,38.0,,57,2273,1907,8294,8294,9132
La Volta Giusta - Red Bull Posse,it,321517.0,5253.0,45.0,,57,2274,1908,8295,8295,9133
Una Più Del Diavolo,it,209446.0,5625.0,39.0,,57,2219,1909,8296,8296,9136
Trash Music RMX,it,203728.0,4879.0,0.0,,57,2239,1910,8297,8297,9137
Lo Specialista,it,165080.0,5589.0,14.0,,57,2275,1911,8298,8298,9138
V.I.T.A. parte I,it,307245.0,4940.0,42.0,,57,2225,367,8299,8299,9139
Questa Merda RMX,it,182245.0,5900.0,76.0,,57,2276,1912,8300,8300,9140
Riscatto,it,166000.0,4988.0,54.0,,57,2245,1906,8301,8301,9141
V.I.T.A. parte II,it,140816.0,4940.0,75.0,,57,2277,735,8302,8302,9142
Notti Di Provincia,it,284480.0,5589.0,61.0,,57,2278,735,8303,8303,9143
Non Basta,it,307245.0,5661.0,42.0,,57,2225,1913,8304,8304,9144
Non è per te,it,226906.0,5126.0,82.0,,57,2276,1906,8305,8305,9145
Lo sporco al sud,it,181104.0,4374.0,12.0,,57,2279,1906,8306,8306,9146
Act a Fool,it,180333.0,4950.0,42.0,,57,2280,1906,8307,8307,9147
La Rinascita,it,190594.0,5955.0,40.0,,57,2281,735,8308,8308,9148
Chi Può,it,246780.0,5524.0,44.0,,57,2246,1914,8309,8309,9149
Cypher Freestyle,en,149970.0,5636.0,27.0,,57,2282,101,8310,8310,9150
Non esiste (Sun Version),it,161896.0,4077.0,27.0,,57,2219,1258,8311,8311,9151
Il Momento del Riscatto,it,207600.0,4950.0,2.0,,57,2283,1906,8312,8312,9152
Pentiti,it,184304.0,5310.0,54.0,,57,2218,1906,8313,8313,9154
Devi Ballare,it,179545.0,5679.0,64.0,,57,2284,1906,8314,8314,9155
Covid-19 Freestyle,it,186566.0,4109.0,5.0,,57,2285,1915,8315,8315,9156
Cripta Massive,it,123181.0,5721.0,8.0,,57,2286,1916,8316,8316,9157
Sotto il Bus,it,226906.0,5114.0,82.0,,57,2276,1917,8317,8317,9158
Enigma,en,516786.0,4407.0,53.0,,57,2287,1906,8318,8318,9159
105 Mi Casa Mashup: MadMan su Babushka Boi,it,205125.0,4647.0,58.0,,57,2217,443,8319,8319,9160
105 Mi Casa Mashup: MadMan con Numeri su Wow.,it,191999.0,4575.0,70.0,,57,2288,242,8320,8320,9161
Ne se obrushtai / Не се обръщай,bg,190918.0,5076.0,38.0,,57,2289,1918,8321,8321,9162
La Bella e la Bestia,it,271463.0,215050.0,45.0,,2,2290,573,8322,8322,9163
Ulalala,pl,266960.0,170933.0,52.0,,2,2291,1919,8323,8323,9164
Cenerentola,it,317173.0,160718.0,42.0,,2,2292,842,8324,8324,9165
Rolls Royce,war,173345.0,86657.0,56.0,,2,2293,521,8325,8325,9166
Penelope,it,228280.0,67393.0,45.0,,2,2294,57,8326,8326,9167
Playground Love,it,254306.0,69534.0,29.0,,2,2292,338,8327,8327,9168
CCL,it,281026.0,71336.0,38.0,,2,2291,1920,8328,8328,9169
Bonnie & Clyde,it,234294.0,64056.0,38.0,,2,2295,338,8329,8329,9170
Ora Lo So,it,260714.0,55667.0,33.0,,2,2295,338,8330,8330,9171
Scelgo le Stelle,it,329862.0,58637.0,34.0,,2,2296,1921,8331,8331,9172
Teatro & cinema,it,230426.0,52644.0,34.0,,2,2291,1751,8332,8332,9173
A casa de Sandro,it,233586.0,41415.0,39.0,,2,2292,1922,8333,8333,9174
Non sei come me,it,185573.0,41862.0,30.0,,2,2294,1173,8334,8334,9175
Purple Rain,it,159240.0,46493.0,47.0,,2,2294,57,8335,8335,9176
Incoscienti Giovani,it,204811.0,44512.0,74.0,,2,2297,724,8336,8336,9177
Mamacita,nl,205520.0,50570.0,40.0,,2,2294,57,8337,8337,9178
Ora è per Sempre,it,295952.0,46338.0,26.0,,2,2295,338,8338,8338,9179
Occhiali da donna,co,252800.0,42588.0,33.0,,2,2292,1923,8339,8339,9180
Maharaja,it,230613.0,38197.0,45.0,,2,2291,1919,8340,8340,9181
Amore mi,it,205090.0,38176.0,33.0,,2,2294,1702,8341,8341,9182
Amore & grammi,pl,248160.0,42334.0,35.0,,2,2291,1919,8342,8342,9183
Barabba II,it,267535.0,38477.0,51.0,,2,2298,1919,8343,8343,9184
C’est la vie,it,193150.0,39736.0,60.0,,2,2293,707,8344,8344,9185
Ammo’,en,205186.0,29691.0,31.0,,2,2294,129,8345,8345,9187
In Paradiso,it,240626.0,34319.0,37.0,,2,2292,1924,8346,8346,9188
Ragazzi madre,it,266960.0,34474.0,52.0,,2,2291,1919,8347,8347,9189
1969,it,209538.0,25973.0,52.0,,2,2293,462,8348,8348,9190
Ascensore per l’inferno,it,212280.0,27758.0,32.0,,2,2291,1919,8349,8349,9191
Me ne frego,it,221437.0,32916.0,59.0,,2,2293,1925,8350,8350,9192
Perdutamente,it,244244.0,25468.0,67.0,,2,2298,276,8351,8351,9193
Amico del quore,it,179520.0,28075.0,35.0,,2,2291,1919,8352,8352,9194
Angelo blu,it,275093.0,22446.0,33.0,,2,2294,57,8353,8353,9195
Dio C’è,it,198064.0,26461.0,30.0,,2,2295,338,8354,8354,9196
Scat Men,it,225956.0,21165.0,42.0,,2,2299,64,8355,8355,9198
Pusher,it,313000.0,29734.0,25.0,,2,2295,338,8356,8356,9199
Wow,it,298026.0,26479.0,32.0,,2,2292,1926,8357,8357,9200
Cristina,it,259769.0,25709.0,57.0,,2,2298,276,8358,8358,9201
Latte in polvere,pl,203320.0,22618.0,31.0,,2,2291,1927,8359,8359,9203
AMOR,it,177348.0,21221.0,78.0,,2,2298,276,8360,8360,9204
16 marzo,it,233492.0,19907.0,69.0,,2,2293,1763,8361,8361,9205
Midnight Carnival,it,184920.0,23068.0,31.0,,2,2294,1827,8362,8362,9206
El ninho,pt,173800.0,23077.0,29.0,,2,2294,57,8363,8363,9207
Profumo da donna,it,196186.0,19090.0,30.0,,2,2291,1919,8364,8364,9208
Dove il Denaro Non Può,it,263330.0,21463.0,26.0,,2,2295,1928,8365,8365,9209
Bvlgari,it,266306.0,18551.0,30.0,,2,2300,57,8366,8366,9210
Dio Ricordati,it,220000.0,17617.0,25.0,,2,2295,1929,8367,8367,9211
Roma,it,163350.0,16951.0,32.0,,2,2293,462,8368,8368,9212
Ghetto Dance,it,268974.0,15218.0,23.0,,2,2295,1930,8369,8369,9213
Lost for life,it,267633.0,13740.0,21.0,,2,2296,1921,8370,8370,9214
Dolores,it,159000.0,15015.0,27.0,,2,2294,57,8371,8371,9215
1990,it,237682.0,16559.0,46.0,,2,2299,661,8372,8372,9216
Prega per noi,it,250000.0,15558.0,25.0,,2,2295,338,8373,8373,9217
Bam Bam Twist,it,174638.0,15653.0,62.0,,2,2293,1618,8374,8374,9218
Real Royal Street Rap,en,230365.0,18308.0,34.0,,2,2296,1931,8375,8375,9219
BVLGARI BLACK SWING,pl,266306.0,12623.0,30.0,,2,2300,1276,8376,8376,9221
Amore Disperato,it,188918.0,13108.0,68.0,,2,2301,190,8377,8377,9222
Burro e marmellata,it,151800.0,11304.0,26.0,,2,2294,57,8378,8378,9223
Ghost,it,284142.0,10120.0,21.0,,2,2296,1921,8379,8379,9224
Summer’s Imagine,en,191727.0,13714.0,27.0,,2,2302,64,8380,8380,9225
Miami Beach,it,197240.0,12623.0,29.0,,2,2292,1932,8381,8381,9226
Di Nuovo Maggio,it,249500.0,13329.0,26.0,,2,2295,1928,8382,8382,9227
Ragazzi madre (Prequel),it,105613.0,10371.0,25.0,,2,2291,1919,8383,8383,9228
Je t’aime,it,209516.0,11904.0,33.0,,2,2293,462,8384,8384,9229
MARILÙ,it,250830.0,10134.0,55.0,,2,2303,949,8385,8385,9230
Zucchero,it,185684.0,9735.0,37.0,,2,2293,462,8386,8386,9231
You and Me,en,221053.0,8674.0,27.0,,2,2302,64,8387,8387,9233
Sweet Dreams,en,179751.0,8864.0,51.0,,2,2302,64,8388,8388,9234
Blu,it,238885.0,8966.0,41.0,,2,2302,64,8389,8389,9235
Barabba,it,267535.0,8064.0,51.0,,2,2298,1933,8390,8390,9236
LAURO,it,177348.0,11202.0,78.0,,2,2298,442,8391,8391,9237
Bed & Breakfast RMX,it,229500.0,8657.0,26.0,,2,2295,573,8392,8392,9238
Roba francese,it,180960.0,7724.0,25.0,,2,2294,57,8393,8393,9239
CCL (Prequel),it,24693.0,7742.0,0.0,,2,2291,1919,8394,8394,9240
Scusa,it,210666.0,9025.0,34.0,,2,2293,462,8395,8395,9241
Dannata San Francisco,it,193742.0,7157.0,60.0,,2,2298,276,8396,8396,9242
Un Sogno Dove Tutti Muoiono,it,226500.0,9702.0,15.0,,2,2304,573,8397,8397,9243
Contromano,it,218615.0,9975.0,20.0,,2,2296,1921,8398,8398,9244
Insalatiera,it,246990.0,7410.0,28.0,,2,2296,1934,8399,8399,9245
Sexy Ugly,en,177300.0,7985.0,30.0,,2,2293,462,8400,8400,9246
G,it,204811.0,6542.0,74.0,,2,2297,1921,8401,8401,9247
COME ME,it,213983.0,8526.0,46.0,,2,2305,442,8402,8402,9248
Santana,it,161146.0,7698.0,16.0,,2,2296,1935,8403,8403,9249
LATTE+,it,191614.0,7065.0,40.0,,2,2305,442,8404,8404,9250
Scarpe Coi Tacchi #2,it,174800.0,6664.0,31.0,,2,2306,1936,8405,8405,9251
Fragole,it,209621.0,7868.0,66.0,,2,2307,85,8406,8406,9252
Cadillac,pl,153129.0,7034.0,32.0,,2,2293,462,8407,8407,9253
Delinquente,it,156483.0,6300.0,30.0,,2,2293,462,8408,8408,9254
Banda Kawasaki,it,191682.0,7078.0,48.0,,2,2308,1937,8409,8409,9256
Tu Che Ne Sai,it,176100.0,6410.0,20.0,,2,2296,1921,8410,8410,9257
I Wanna Be an Illusion,it,215132.0,7112.0,27.0,,2,2302,64,8411,8411,9258
SOLO NOI,it,271472.0,5236.0,48.0,,2,2309,4,8412,8412,9259
Barabba III,it,267535.0,6895.0,51.0,,2,2298,276,8413,8413,9260
Il Giorno Del Ringraziamento,it,176000.0,6608.0,78.0,,2,2310,1877,8414,8414,9261
STRIPPER,it,173013.0,5135.0,42.0,,2,2311,100,8415,8415,9262
Dio disse,it,124133.0,6443.0,17.0,,2,2296,1921,8416,8416,9263
Ragazzi Fuori,it,258000.0,5832.0,23.0,,2,2295,573,8417,8417,9264
Lacrimogeni,it,185759.0,6722.0,52.0,,2,2312,1938,8418,8418,9266
Las Vegas,it,196835.0,4793.0,17.0,,2,2296,1921,8419,8419,9267
Nessuno,it,271209.0,5843.0,18.0,,2,2296,1939,8420,8420,9268
Drink Lungo,it,242230.0,5230.0,15.0,,2,2296,1939,6797,6797,9269
Pessima,pl,193093.0,6463.0,31.0,,2,2300,1276,8421,8421,9270
Maleducata,it,172794.0,5048.0,43.0,,2,2293,1192,8422,8422,9271
Motorini (Amen),pl,230365.0,6345.0,34.0,,2,2296,1936,8423,8423,9272
SABATO SERA,it,230452.0,6161.0,40.0,,2,2305,442,8424,8424,9273
1990 (Back to Dance),it,210767.0,4771.0,38.0,,2,2302,1100,8425,8425,9274
Hollywood Boulevard,it,219044.0,5850.0,22.0,,2,2295,1940,8426,8426,9275
Walk Of Fame,it,222456.0,6042.0,56.0,,2,2298,276,8427,8427,9276
DOMENICA,it,190939.0,4517.0,45.0,,2,2313,522,8428,8428,9277
Scarpe Coi Tacchi #3 - La Fine,it,232164.0,4888.0,8.0,,2,2314,1375,8429,8429,9278
Rich Forever - Testamento,en,252191.0,5056.0,17.0,,2,2296,1936,8430,8430,9279
Tu Vuo’ Fa’ L’Americano,it,191813.0,4604.0,36.0,,2,2300,1276,8431,8431,9280
Chicago,it,182320.0,4042.0,26.0,,2,2300,1276,8432,8432,9281
FEMMINA,it,176709.0,4452.0,40.0,,2,2305,442,8433,8433,9282
STUPIDE CANZONI D’AMORE,it,185550.0,4577.0,42.0,,2,2305,442,8434,8434,9283
Memento,it,185759.0,4903.0,52.0,,2,2312,1941,8435,8435,9284
Scarpe Coi Tacchi #1,it,145565.0,4355.0,9.0,,2,2315,1941,8436,8436,9285
Giovani Crimini,it,185759.0,5764.0,52.0,,2,2312,1942,8437,8437,9286
Disneyland,it,148106.0,5424.0,25.0,,2,2292,1943,8438,8438,9287
Young King,it,118000.0,4182.0,18.0,,2,2295,1928,8439,8439,9288
No Twitter,it,222075.0,5316.0,16.0,,2,2296,1944,8440,8440,9289
Neanche un Giorno a Scuola,it,210966.0,5324.0,19.0,,2,2295,338,8441,8441,9290
Gloria In Excelsis - NEFASTO RMX,it,150416.0,5928.0,1.0,,2,2316,573,8442,8442,9291
Vivo come fossi l’ultimo,it,209552.0,4018.0,71.0,,2,2317,544,8443,8443,9292
BARRILETE COSMICO,it,216866.0,4509.0,27.0,,2,2305,442,8444,8444,9293
A UN PASSO DA DIO,it,222725.0,5873.0,42.0,,2,2305,442,8445,8445,9294
Groupie,it,189660.0,5880.0,17.0,,2,2296,1921,8446,8446,9295
Hotline Drin,it,185759.0,5457.0,52.0,,2,2312,1266,8447,8447,9296
Pantaloni Verdi,it,185759.0,5550.0,52.0,,2,2312,1945,8448,8448,9297
Cadillac 1920,pl,156720.0,4194.0,23.0,,2,2300,1276,8449,8449,9298
Fiori Di Papavero,it,159042.0,5041.0,54.0,,2,2298,276,8450,8450,9299
Nati Da Una Costola,it,180905.0,4475.0,52.0,,2,2298,276,8451,8451,9300
Macedonia,it,142222.0,4373.0,16.0,,2,2296,1946,8452,8452,9301
My Funny Valentine,it,177280.0,5636.0,20.0,,2,2300,1276,8453,8453,9302
La Bella e la Bestia - Unplugged Version,it,271463.0,4283.0,45.0,,2,2290,1170,8454,8454,9303
Dirty Love,it,219756.0,4951.0,52.0,,2,2298,276,8455,8455,9304
Santana Pt. 2,it,177348.0,5895.0,78.0,,2,2298,1921,8456,8456,9305
Grimey,it,210160.0,4385.0,10.0,,2,2318,697,8457,8457,9306
Armani,it,185759.0,5976.0,52.0,,2,2312,1947,8458,8458,9307
FM 90.91 - 3 Ore a Notte,it,62056.0,6005.0,18.0,,2,2302,64,8459,8459,9308
FM 19.90 - Amore in Pillole,it,36501.0,5125.0,17.0,,2,2302,64,8460,8460,9309
Piccola Sophie,it,209200.0,4351.0,22.0,,2,2300,1276,8461,8461,9310
GENERAZIONE X,it,159851.0,4645.0,25.0,,2,2319,442,8462,8462,9311
Rich Forever (remake),it,252191.0,4864.0,17.0,,2,2296,1921,8463,8463,9312
Polanski (Freestyle),it,197853.0,4631.0,24.0,,2,2320,1948,8464,8464,9313
Stupidi Ragazzi,it,208786.0,4574.0,54.0,,2,2321,529,8465,8465,9314
Regazzini,it,185759.0,5963.0,52.0,,2,2312,1562,8466,8466,9315
Clockwork,it,185759.0,4320.0,52.0,,2,2312,1936,8467,8467,9316
FM 92.93 - Dissonanza Emotiva,it,45643.0,5480.0,16.0,,2,2302,64,8468,8468,9317
FIORI ROSA,it,227125.0,4012.0,48.0,,2,2319,1949,8469,8469,9318
FM 98.99 - Il Banco degli Imputati,it,101559.0,5205.0,18.0,,2,2302,64,8470,8470,9319
Happy Birthday Mr. Kennedy,it,172821.0,5848.0,50.0,,2,2298,276,8471,8471,9320
Jingle Bell Rock,en,145386.0,4587.0,22.0,,2,2300,1276,8472,8472,9321
PAVONE,it,173953.0,4383.0,23.0,,2,2305,442,8473,8473,9322
Tra Gloria E Paura,it,189120.0,5321.0,62.0,,2,2322,1950,8474,8474,9323
FM 94.95 - Re della Misère,it,34615.0,5440.0,16.0,,2,2302,64,8475,8475,9324
FM 20.00 - Non è Shakespeare,it,34458.0,5390.0,15.0,,2,2302,64,8476,8476,9325
Medley (Cocktail Tropicale + Di Che Cazzo Parli?),it,227370.0,4653.0,9.0,,2,2323,1936,8477,8477,9326
Exodus 23.1,pl,185759.0,4518.0,52.0,,2,2312,1945,8478,8478,9327
Malato Di Vuoto,it,185759.0,5930.0,52.0,,2,2312,1562,8479,8479,9328
FM 96.97 - Ave O Maria,it,18372.0,5860.0,0.0,,2,2302,64,8480,8480,9329
IO E TE (ANNI DA CANE SOUNDTRACK),it,182697.0,4928.0,41.0,,2,2319,52,8481,8481,9330
Tutorial,it,185759.0,5711.0,52.0,,2,2312,1951,8482,8482,9331
PREQUEL,it,31907.0,4917.0,21.0,,2,2305,442,8483,8483,9332
Playground Love (Ragazzi Madre),it,254306.0,4864.0,29.0,,2,2292,361,8484,8484,9333
LETTERA DEL MONDO ALL’UMANITÀ,it,68866.0,4323.0,19.0,,2,2303,442,8485,8485,9334
Perchè L’Ho Voluto,it,210160.0,4868.0,10.0,,2,2318,1952,8486,8486,9335
C’est la vie (2020),it,163314.0,5089.0,71.0,,2,2317,1953,8487,8487,9336
DIO BENEDICA CHI È,it,51263.0,4056.0,18.0,,2,2303,442,8488,8488,9337
Che sarà,it,186343.0,4902.0,53.0,,2,2324,768,8489,8489,9338
DIO BENEDICA GLI INCOMPRESI,it,39173.0,5576.0,18.0,,2,2303,442,8490,8490,9339
Intro,pl,185759.0,5377.0,52.0,,2,2312,1938,8491,8491,9340
DIO BENEDICA CHI GODE,it,44333.0,5284.0,18.0,,2,2303,442,8492,8492,9341
Bear Grylls,en,185759.0,5836.0,52.0,,2,2312,1954,8493,8493,9342
DIO BENEDICA CHI SE NE FREGA,it,49760.0,4044.0,18.0,,2,2303,442,8494,8494,9343
Massive Attack (Outro),it,202464.0,5129.0,4.0,,2,2325,1936,8495,8495,9344
FOXY,en,158214.0,5590.0,32.0,,2,2319,1949,8496,8496,9345
"DIO BENEDICA SOLO NOI, ESSERI UMANI",it,66719.0,5095.0,17.0,,2,2303,442,8497,8497,9346
La Febbre Dell’oro,it,161860.0,4662.0,52.0,,2,2326,1941,8498,8498,9347
Good Am1lliee Freestylez,it,233492.0,4287.0,69.0,,2,2293,1936,8499,8499,9348
RICORDI D’INVERNI,it,102069.0,5788.0,23.0,,2,2319,1949,8500,8500,9349
ROLLING STONES,it,180280.0,4954.0,29.0,,2,2319,1949,8501,8501,9350
Purgatorio,it,185759.0,5773.0,52.0,,2,2312,1936,8502,8502,9351
SEXY BOY,it,149373.0,5185.0,24.0,,2,2319,1949,8503,8503,9352
Bianco natale,it,234545.0,5365.0,11.0,,2,2327,944,8504,8504,9353
Uccide La Moglie Con 50 Coltellate (Intro),it,177348.0,5626.0,78.0,,2,2298,1936,8505,8505,9354
Leggenda,pl,185759.0,5335.0,52.0,,2,2312,1936,8506,8506,9355
20 Kili,it,185759.0,4811.0,52.0,,2,2312,1936,8507,8507,9356
Ketamina,it,185759.0,5042.0,52.0,,2,2312,1936,8508,8508,9357
Sto Bene,pl,185759.0,5622.0,52.0,,2,2312,1936,8509,8509,9358
Super Quark,it,197853.0,4760.0,24.0,,2,2320,1921,8510,8510,9359
Supereroe Freestyle,pl,197853.0,4789.0,24.0,,2,2320,1936,8511,8511,9360
Ascensore per l’Inferno - Radio Edit,it,168927.0,4204.0,13.0,,2,2328,1919,8512,8512,9361
Banda Kawasaki (Rmx),ca,222893.0,5846.0,22.0,,2,2329,849,8513,8513,9366
Amore Disperato (Deborah De Luca RMX),it,216533.0,4193.0,39.0,,2,2301,134,8514,8514,9367
Apnea,it,164417.0,318092.0,64.0,,81,2330,1955,8515,8515,9368
Aeroplanini Di Carta,pl,224746.0,280372.0,56.0,,81,2331,1956,8516,8516,9369
Milano  bachata,en,167346.0,189140.0,58.0,,81,2332,399,8517,8517,9370
Mai più,it,223266.0,157397.0,47.0,,81,2332,1957,8518,8518,9371
Oh Mama,it,198880.0,116317.0,48.0,,81,2331,1958,8519,8519,9372
00,it,191386.0,140545.0,52.0,,81,2331,1958,8520,8520,9373
Solletico,en,186066.0,142087.0,53.0,,81,2333,201,8521,8521,9375
Solo,it,189240.0,133769.0,55.0,,81,2334,247,8522,8522,9376
180,it,169280.0,97244.0,45.0,,81,2331,1631,8523,8523,9377
Acqua Calda E Limone,it,201026.0,110188.0,50.0,,81,2333,201,8524,8524,9378
Origami,it,214186.0,100739.0,42.0,,81,2332,399,8525,8525,9379
Dove gli occhi non arrivano,it,171906.0,102867.0,51.0,,81,2335,1439,8526,8526,9380
Brr brr,it,186453.0,78569.0,40.0,,81,2332,399,8527,8527,9381
10 RAGAZZE,it,174727.0,69275.0,56.0,,81,2336,61,8528,8528,9382
La solitudine,it,205773.0,78273.0,36.0,,81,2332,399,8529,8529,9383
NUOVO RANGE,it,176772.0,77671.0,67.0,,81,2336,61,8530,8530,9384
CANCELLI DI MEZZANOTTE,it,213636.0,65511.0,57.0,,81,2336,61,8531,8531,9385
Ossigeno,it,180600.0,57694.0,45.0,,81,2333,201,8532,8532,9386
Visti dall’alto,it,196253.0,57424.0,51.0,,81,2335,1439,8533,8533,9387
Verme,it,211826.0,55777.0,39.0,,81,2332,399,8534,8534,9388
PARTIRE DA TE,it,221019.0,52908.0,64.0,,81,2336,61,8535,8535,9389
Sul Serio,it,145226.0,51881.0,42.0,,81,2331,1959,8536,8536,9390
TAXI DRIVER,it,176772.0,64623.0,67.0,,81,2336,61,8537,8537,9391
Blu,it,165333.0,43797.0,51.0,,81,2335,5,8538,8538,9392
Sissignore,it,213746.0,56301.0,40.0,,81,2331,1270,8539,8539,9393
DIECIMILAVOCI,it,170399.0,43622.0,49.0,,81,2336,61,8540,8540,9394
Per Un Pugno Di Emozioni,it,127480.0,45499.0,34.0,,81,2333,201,8541,8541,9395
Mon cheri,it,181866.0,39569.0,56.0,,81,2335,1439,8542,8542,9396
Dasein Sollen,it,224746.0,43006.0,56.0,,81,2331,1351,8543,8543,9397
Io in Terra,it,211626.0,51833.0,59.0,,81,2332,399,8544,8544,9398
LUNA PIENA,it,166983.0,53412.0,63.0,,81,2336,61,8545,8545,9399
Maddalena corvaglia,it,176400.0,40287.0,32.0,,81,2332,399,8546,8546,9400
HO SPENTO IL CIELO,it,232597.0,41574.0,49.0,,81,2336,1960,8547,8547,9401
Peaky Blinders,it,157760.0,41318.0,37.0,,81,2332,399,8548,8548,9402
Boogie Nights,it,180520.0,46522.0,45.0,,81,2335,1439,8549,8549,9403
Alice,it,147000.0,43361.0,40.0,,81,2335,1439,8550,8550,9404
Rossetto (Intro),it,201363.0,39029.0,24.0,,81,2337,1703,8551,8551,9405
Liam Gallagher,pl,150960.0,39301.0,26.0,,81,2338,1961,8552,8552,9406
Non Ho Mai Avuto La Mia Età,it,154473.0,41660.0,29.0,,81,2339,1962,8553,8553,9407
Farei un figlio,it,183893.0,29399.0,32.0,,81,2332,399,8554,8554,9408
Impressione,it,154880.0,34774.0,38.0,,81,2335,1439,8555,8555,9409
MARE CHE NON SEI,pt,160148.0,39945.0,46.0,,81,2336,61,8556,8556,9410
Gioco,it,178026.0,37613.0,40.0,,81,2335,1439,8557,8557,9411
La U,it,159440.0,34779.0,37.0,,81,2340,1439,8558,8558,9412
Da Troppo Tempo,it,226551.0,31143.0,31.0,,81,2341,813,8559,8559,9413
PARADISO VS. INFERNO (INTERLUDE),pl,192882.0,28750.0,36.0,,81,2336,61,8560,8560,9414
Mirko no,it,186440.0,30361.0,34.0,,81,2332,399,8561,8561,9415
Canzone,it,167573.0,31004.0,39.0,,81,2335,1439,8562,8562,9416
ME O LE MIE CANZONI?,it,167479.0,27512.0,49.0,,81,2336,61,8563,8563,9417
Mikado,it,160333.0,30094.0,34.0,,81,2335,1439,8564,8564,9418
Per un no,it,154693.0,31402.0,33.0,,81,2335,1439,8565,8565,9419
Vuoi Una Mano?,it,157506.0,22782.0,30.0,,81,2333,201,8566,8566,9420
SOPRA LE CANZONI,it,194217.0,25521.0,46.0,,81,2336,61,8567,8567,9421
CUORE DOLLARI (64 Bars),it,142617.0,24890.0,40.0,,81,2342,48,8568,8568,9422
l’ultima infedeltà.,it,160975.0,25382.0,60.0,,81,2334,1963,8569,8569,9423
Cose che capitano,it,152746.0,20839.0,33.0,,81,2335,1439,8570,8570,9424
SOLO CON ME,it,146494.0,20668.0,38.0,,81,2336,61,8571,8571,9425
4Z,it,141773.0,21336.0,29.0,,81,2332,399,8572,8572,9426
il ritmo delle cose.,it,192421.0,16688.0,70.0,,81,2343,724,8573,8573,9427
LA CODA DEL DIAVOLO,it,188975.0,19266.0,66.0,,81,2336,1964,8574,8574,9428
Dasein Sollen RMX,ca,150960.0,18549.0,26.0,,81,2338,1958,8575,8575,9429
INTRO,it,84500.0,12974.0,24.0,,81,2336,61,8576,8576,9430
non c’è amore.,it,151839.0,13514.0,67.0,,81,2334,181,8577,8577,9431
apnea da un po’.,it,164417.0,16058.0,64.0,,81,2330,717,8578,8578,9432
INSUPERABILE,it,172461.0,15876.0,53.0,,81,2336,522,8579,8579,9433
Soltanto Parole,pl,209034.0,10809.0,74.0,,81,2344,1965,8580,8580,9435
10 secondi.,it,150800.0,10073.0,62.0,,81,2334,181,8581,8581,9436
vent’anni.,it,182769.0,10036.0,66.0,,81,2334,181,8582,8582,9437
"odio, quindi sono.",it,127101.0,13806.0,46.0,,81,2345,1399,8583,8583,9438
São Paulo,en,178680.0,9946.0,22.0,,81,2333,201,8584,8584,9439
Hold My Liquor Freestyle,en,228386.0,11362.0,3.0,,81,2346,1966,8585,8585,9440
Fame,it,151546.0,11665.0,51.0,,81,2347,1967,8586,8586,9441
Remember,it,206198.0,7972.0,34.0,,81,2348,1466,8587,8587,9442
Non Cambio Mai,it,198026.0,10120.0,63.0,,81,2349,1413,8588,8588,9443
dirti no.,it,175102.0,8777.0,66.0,,81,2334,181,8589,8589,9444
orfani.,it,193312.0,9643.0,60.0,,81,2334,685,8590,8590,9445
veleno.,it,188550.0,7682.0,60.0,,81,2334,181,8591,8591,9446
vorrei.,it,184950.0,8784.0,61.0,,81,2334,181,8592,8592,9447
PARTIRE DA TE (MTV Unplugged),pl,225597.0,8557.0,39.0,,81,2350,719,8593,8593,9448
MALEDUCATA,it,165328.0,6821.0,42.0,,81,2336,827,8594,8594,9449
RIDERE DI TE (MTV Unplugged),it,257527.0,5603.0,31.0,,81,2350,719,8595,8595,9450
4G,it,230483.0,6393.0,50.0,,81,2351,1968,8596,8596,9451
brutti ricordi.,it,157500.0,5820.0,67.0,,81,2334,181,8597,8597,9452
senza di te.,it,155550.0,7096.0,59.0,,81,2334,181,8598,8598,9453
interferenze.,it,139826.0,6979.0,59.0,,81,2334,181,8599,8599,9454
così piccoli.,it,162250.0,5314.0,55.0,,81,2334,181,8600,8600,9455
oh gio.,it,168506.0,5528.0,57.0,,81,2334,181,8601,8601,9456
AMICO DOVE SEI?,it,133471.0,5222.0,23.0,,81,2336,827,8602,8602,9457
HO PAURA DI TE,it,212064.0,5670.0,25.0,,81,2336,827,8603,8603,9458
promessa.,it,162571.0,4864.0,56.0,,81,2334,181,8604,8604,9459
L’attesa conta tanto quanto l’arrivo,it,233186.0,4562.0,16.0,,81,2352,1969,8605,8605,9460
solo gli amanti sopravvivono.,it,189240.0,4543.0,55.0,,81,2334,181,8606,8606,9461
Purosangue,it,221019.0,5086.0,64.0,,81,2336,479,8607,8607,9462
AUTOBUS DI NOTTE,it,160245.0,4912.0,28.0,,81,2336,827,8608,8608,9463
OSSA ROTTE,it,205621.0,4895.0,40.0,,81,2336,315,8609,8609,9464
interludio.,it,84000.0,4193.0,55.0,,81,2334,181,8610,8610,9465
Pardon,ia,221019.0,5453.0,64.0,,81,2336,1970,8611,8611,9467
INTRO (ULTIMA CURVA),it,68269.0,4439.0,17.0,,81,2336,827,8612,8612,9468
APNEA (MTV Unplugged),it,205358.0,4406.0,33.0,,81,2350,719,8613,8613,9469
Super Eroe 2016,it,170213.0,4839.0,33.0,,81,2353,141,8614,8614,9470
CANCELLI DI MEZZANOTTE (MTV Unplugged),it,199003.0,4467.0,31.0,,81,2350,719,8615,8615,9471
Cioccolatini*,it,221019.0,5183.0,64.0,,81,2336,1971,8616,8616,9472
"FEGATO, FEGATO SPAPPOLATO",it,193676.0,4756.0,20.0,,81,2336,1972,8617,8617,9473
TAXI DRIVER (MTV Unplugged),it,225597.0,4911.0,39.0,,81,2350,719,8618,8618,9474
NUOVO RANGE (MTV Unplugged),it,188347.0,5088.0,32.0,,81,2350,719,8619,8619,9475
10 RAGAZZE (MTV Unplugged),it,187190.0,4419.0,22.0,,81,2350,719,8620,8620,9476
MAI PIÙ (MTV Unplugged),pl,203019.0,4323.0,23.0,,81,2350,719,8621,8621,9477
HO SPENTO IL CIELO (MTV Unplugged),pl,191172.0,5775.0,27.0,,81,2350,719,8622,8622,9478
DIECIMILAVOCI (MTV Unplugged),pl,158456.0,4880.0,23.0,,81,2350,719,8623,8623,9479
VISTI DALL’ALTO (MTV Unplugged),it,197624.0,4837.0,22.0,,81,2350,719,8624,8624,9480
PARADISO VS. INFERNO (MTV Unplugged),pl,150396.0,4081.0,18.0,,81,2350,719,8625,8625,9481
ME O LE MIE CANZONI? (MTV Unplugged),it,171969.0,5008.0,20.0,,81,2350,719,8626,8626,9482
LUNA PIENA (MTV Unplugged),pl,158903.0,5122.0,29.0,,81,2350,719,8627,8627,9483
MARE CHE NON SEI (MTV Unplugged),pl,165255.0,5130.0,23.0,,81,2350,719,8628,8628,9484
sintomi da star.,it,228000.0,5430.0,79.0,,81,2354,888,8629,8629,9485
danilo maria.,it,283893.0,4368.0,9.0,,81,2355,888,8630,8630,9486
A Pieno Titolo,it,251946.0,28151.0,32.0,,21,2356,1628,8631,8631,9487
Una Rima Una Jam,it,226586.0,34212.0,38.0,,21,2356,1387,8632,8632,9489
Città Di Vetro,it,269760.0,15931.0,29.0,,21,2356,1387,2062,2062,2253
Qualunque Cosa Accada,it,206493.0,8902.0,20.0,,21,2356,1387,8633,8633,9490
Pensami Forte,it,209013.0,8531.0,27.0,,21,2357,1973,8634,8634,9491
Niente In Cambio,it,290826.0,5573.0,21.0,,21,2356,1387,8635,8635,9493
Pepita Bluemoon,it,226306.0,5060.0,21.0,,21,2356,1387,8636,8636,9494
Un Mestiere Qualunque,it,236573.0,5648.0,41.0,,21,2358,1974,8637,8637,9495
Dillo Un’altra Volta,it,214973.0,4892.0,20.0,,21,2359,1975,4050,4050,4430
Non Costa Niente,it,285253.0,5433.0,15.0,,21,2356,1387,8638,8638,9496
Conta Su Di Me,it,242800.0,5080.0,21.0,,21,2356,1387,8639,8639,9497
Testa Rotta,it,226813.0,4301.0,14.0,,21,2359,1976,8640,8640,9498
Lo Spirito Che Suona,it,226586.0,4029.0,38.0,,21,2356,1387,8641,8641,9499
"Le Guardie, I Pompieri E L’ambulanza",en,224920.0,5634.0,26.0,,21,2358,1977,8642,8642,9500
L’antifona,it,103013.0,4362.0,17.0,,21,2356,1387,8643,8643,9501
Tutta La Vita,it,253493.0,5227.0,17.0,,21,2356,1978,8644,8644,9502
Queste Strade,it,221506.0,4687.0,17.0,,21,2356,1387,8645,8645,9503
Diamanti,it,226400.0,5186.0,14.0,,21,2359,766,8646,8646,9504
Servono Pietre,it,210826.0,4645.0,16.0,,21,2356,1387,8647,8647,9505
Potente In Culo,it,236120.0,4186.0,25.0,,21,2358,1979,8648,8648,9506
Ai Ferri Corti,it,185290.0,4458.0,29.0,,21,2360,1096,8649,8649,9507
21 Tyson,it,227466.0,4390.0,25.0,,21,2361,1980,8650,8650,9508
Sacrosanto,it,232533.0,4869.0,14.0,,21,2356,1387,8651,8651,9509
Pallottole Sull’Amore,it,235329.0,5331.0,22.0,,21,2362,29,8652,8652,9510
Fuoco Sacro,it,287895.0,4541.0,19.0,,21,2360,1981,8653,8653,9511
Nelle Mani,it,255160.0,4037.0,30.0,,21,2363,1,8654,8654,9512
Spezzami L’Anima,it,211920.0,5052.0,15.0,,21,2357,1982,8655,8655,9513
Shut Tha Fuck Up,en,215573.0,5224.0,13.0,,21,2356,258,8656,8656,9514
Rap The Casbah,it,220293.0,5941.0,12.0,,21,2356,1387,8657,8657,9515
Cocco Bill,it,202720.0,5195.0,8.0,,21,2359,766,8658,8658,9516
Buona Pace,it,249160.0,4957.0,22.0,,21,2357,1982,8659,8659,9517
Trastevere,it,169000.0,5164.0,26.0,,21,2363,1,8660,8660,9518
Quante Notti,it,193122.0,5871.0,31.0,,21,2360,1096,8661,8661,9519
Il Nome Del Tuo Esercito,it,163013.0,5672.0,12.0,,21,2356,1387,8662,8662,9520
42 Gradi,en,286426.0,4661.0,18.0,,21,2363,1,8663,8663,9523
Quello Che Verrà Domani,it,194693.0,4487.0,9.0,,21,2357,1982,8664,8664,9524
L’odore del mare,it,232600.0,4538.0,17.0,,21,2357,1983,8665,8665,9525
X,it,195333.0,5023.0,8.0,,21,2359,766,8666,8666,9526
Dentro Te,it,240453.0,5503.0,14.0,,21,2357,1982,8667,8667,9527
La Novità,it,245434.0,5020.0,17.0,,21,2360,566,8668,8668,9528
Finale Chimico,it,218337.0,4147.0,30.0,,21,2360,1096,8669,8669,9529
Heavy Metal,it,236573.0,5465.0,41.0,,21,2358,1977,8670,8670,9530
Mucho Gusto,it,228453.0,5629.0,14.0,,21,2358,1979,8671,8671,9531
Nun Ce Provà,it,276600.0,4592.0,6.0,,21,2359,766,8672,8672,9532
Fammi Accendere,it,209640.0,5345.0,15.0,,21,2363,1,8673,8673,9533
Falso,it,210426.0,4868.0,11.0,,21,2357,1982,8674,8674,9534
Sto Cor Veleno,it,239053.0,5795.0,14.0,,21,2357,1982,8675,8675,9535
La gente libera,it,199349.0,5706.0,21.0,,21,2364,326,8676,8676,9536
Ottimo,it,217120.0,5066.0,6.0,,21,2359,766,8677,8677,9537
Meme K Ultra,it,199349.0,5398.0,21.0,,21,2364,102,8678,8678,9538
Bonsai,it,167666.0,5785.0,13.0,,21,2358,1979,8679,8679,9539
Sotto assedio (AM),it,128332.0,5008.0,2.0,,21,2361,1980,8680,8680,9540
Figlio Di Puttana,it,184693.0,4641.0,6.0,,21,2359,766,8681,8681,9541
John 6-0,it,197093.0,5524.0,4.0,,21,2359,766,8682,8682,9542
Stronzo,it,233346.0,4455.0,4.0,,21,2359,766,8683,8683,9543
Anche Più Facile,it,206680.0,4790.0,10.0,,21,2357,1982,8684,8684,9544
Kamikaze,it,217680.0,5750.0,17.0,,21,2358,1,8685,8685,9545
Dove puoi respirare,it,232533.0,5466.0,12.0,,21,2361,1984,8686,8686,9546
Si,it,225000.0,4823.0,17.0,,21,2358,1979,8687,8687,9547
Comfort Zone,it,179009.0,4441.0,13.0,,21,2360,94,8688,8688,9548
Mi Sale Il Cane,it,193986.0,4726.0,4.0,,21,2359,766,8689,8689,9549
Meglio andarsene affanculo,it,200800.0,4580.0,12.0,,21,2364,102,8690,8690,9550
L’Assassina,it,160200.0,4365.0,2.0,,21,2365,616,8691,8691,9552
A me di Roma piace il rap,it,239880.0,5503.0,15.0,,21,2364,1686,8692,8692,9553
La musica sai che cos’è?,it,208133.0,4516.0,9.0,,21,2364,102,8693,8693,9554
L’effetto del merlo,it,195293.0,4922.0,15.0,,21,2364,102,8694,8694,9555
Motivi Di Fuoco,it,274602.0,4784.0,20.0,,21,2360,1096,8695,8695,9556
Giungla Giungla,it,236186.0,5982.0,11.0,,21,2358,1979,8696,8696,9557
Fenomeni,it,220826.0,4797.0,14.0,,21,2358,1979,8697,8697,9558
Nessuna Bandiera Bianca,it,206840.0,4172.0,10.0,,21,2357,1982,8698,8698,9559
Come le onde,it,233333.0,4191.0,11.0,,21,2364,102,8699,8699,9560
Mettici Il Veleno,it,243426.0,5199.0,7.0,,21,2363,1,8700,8700,9561
Questa è Roma,it,287895.0,5215.0,19.0,,21,2360,1867,8701,8701,9562
Il Trattamento,it,229973.0,4852.0,10.0,,21,2358,1979,8702,8702,9563
I Giorni Di Babilonia,it,211840.0,4878.0,11.0,,21,2363,1,8703,8703,9564
Chiedo il nome,it,164453.0,4118.0,12.0,,21,2364,102,8704,8704,9565
La Pelle E’ La Mia,it,233026.0,5049.0,7.0,,21,2357,1982,8705,8705,9566
Bam Bam,it,185720.0,5024.0,8.0,,21,2357,1982,8706,8706,9567
Testimoni,it,258680.0,4312.0,6.0,,21,2359,766,8707,8707,9568
Più del Dovuto,it,182773.0,4221.0,12.0,,21,2358,1979,8708,8708,9569
Roma Sulla Pelle,it,214966.0,4258.0,20.0,,21,2360,1096,8709,8709,9570
Ultimo Stadio,it,190133.0,4214.0,12.0,,21,2363,1,8710,8710,9571
Mica serve avere fatto la guerra,it,220800.0,5234.0,9.0,,21,2364,102,8711,8711,9572
Non calpestare il prato,it,229466.0,4407.0,11.0,,21,2361,1980,8712,8712,9573
La Sveglia,it,185706.0,4517.0,5.0,,21,2359,766,8713,8713,9574
"Tigre, Tigre",it,182933.0,4361.0,7.0,,21,2363,1,8714,8714,9575
Nuovo Nuovo,it,234292.0,5934.0,28.0,,21,2366,766,8715,8715,9576
Rock ‘N’ Roll,it,255160.0,5726.0,30.0,,21,2363,1,8716,8716,9577
Popcorn,it,250677.0,4473.0,16.0,,21,2360,1096,8717,8717,9578
Esplosivo (K.O.B.),it,193666.0,4670.0,4.0,,21,2359,766,8718,8718,9579
Hai Detto Bene,it,211400.0,4433.0,6.0,,21,2363,1,8719,8719,9580
Come Finisce Il Film,it,250677.0,5000.0,16.0,,21,2360,1508,8720,8720,9581
La tua anima che balla,it,167546.0,4050.0,9.0,,21,2364,102,511,511,527
Minor,it,236573.0,5359.0,6.0,,21,2363,1,8721,8721,9582
(Closer),it,99240.0,5060.0,9.0,,21,2358,1979,8722,8722,9583
Non Tutto Scivola Tranquillo,it,210960.0,5814.0,9.0,,21,2363,1,8723,8723,9584
Dimmi Dimmi,it,224440.0,4342.0,7.0,,21,2363,1,8724,8724,9585
A volte ci consola,co,188333.0,5622.0,8.0,,21,2364,102,8725,8725,9586
Come gli altri,it,718543.0,5599.0,17.0,,21,2367,1508,8726,8726,9587
Mi Ricordano,it,186133.0,4267.0,7.0,,21,2363,1,8727,8727,9588
In Crescita,it,211266.0,4811.0,6.0,,21,2363,1,8728,8728,9589
Arza la caciara,it,287895.0,4354.0,16.0,,21,2368,996,8729,8729,9590
Rime E Numeri,it,243893.0,4522.0,11.0,,21,2361,541,8730,8730,9591
Outsider,it,232552.0,4539.0,13.0,,21,2360,1096,8731,8731,9592
Febbre che puoi toccare,it,225200.0,5128.0,14.0,,21,2361,1980,8732,8732,9593
Il Mio Show,it,244093.0,4837.0,7.0,,21,2363,1,8733,8733,9594
Kittesencula,it,199866.0,5913.0,50.0,,21,2369,1508,8734,8734,9595
In Piedi,it,250887.0,4264.0,13.0,,21,2360,1096,8735,8735,9596
Ozzy - Introduzione,it,51520.0,5961.0,10.0,,21,2358,1979,8736,8736,9597
Tuta Acetata,it,206481.0,4473.0,15.0,,21,2360,1096,8737,8737,9598
Sotto assedio (PM),it,221866.0,5564.0,8.0,,21,2361,1980,8738,8738,9599
Scompare,it,197093.0,4691.0,4.0,,21,2359,1508,8739,8739,9600
Minimal Rome,en,196981.0,4299.0,16.0,,21,2370,287,8740,8740,9601
L’Ora di Piangere,it,185706.0,5731.0,4.0,,21,2359,1508,8741,8741,9602
Beat Messiah,it,210960.0,4632.0,43.0,,21,2371,1508,8742,8742,9603
Kelly,en,199866.0,5334.0,50.0,,21,2369,1985,8743,8743,9604
Filtri,it,199866.0,5148.0,50.0,,21,2369,1508,8744,8744,9605
Outro,pl,199866.0,4959.0,50.0,,21,2369,1986,8745,8745,9606
Harley Quinn,it,198000.0,117180.0,15.0,,62,2372,1987,8746,8746,9607
Wannabe,en,176259.0,59246.0,34.0,,62,2373,901,8747,8747,9608
Touchè,it,132613.0,43074.0,43.0,,62,2374,131,8748,8748,9609
La tocco piano,it,263124.0,55021.0,8.0,,62,2375,1988,8749,8749,9610
WANNABE VOL. 3,en,289773.0,44977.0,23.0,,62,2376,524,8750,8750,9612
La miglior vendetta,it,204335.0,20608.0,42.0,,62,2377,438,8751,8751,9613
Fa volare,sr,184266.0,19187.0,39.0,,62,2378,1989,8752,8752,9614
Ben Ten,it,139130.0,23434.0,41.0,,62,2379,1990,8753,8753,9615
23 coltellate,it,182546.0,20482.0,8.0,,62,2380,1386,8754,8754,9616
Spunte Blue,it,177314.0,17602.0,33.0,,62,2381,493,8755,8755,9617
OPS!,it,137142.0,13973.0,57.0,,62,2382,1230,8756,8756,9618
Alleluja,it,156000.0,16068.0,35.0,,62,2383,328,8757,8757,9619
Poi ti spiego,it,217053.0,11501.0,17.0,,62,2384,164,8758,8758,9620
Fisher Price,it,344960.0,13221.0,9.0,,62,2385,855,8759,8759,9621
Bullettproof,en,177625.0,13416.0,51.0,,62,2386,1458,8760,8760,9622
Malandrino,it,148148.0,9328.0,60.0,,62,2387,258,8761,8761,9623
Wannabe Vol.2,en,187617.0,9928.0,1.0,,62,2388,1365,8762,8762,9624
Stay Sereno,it,150000.0,11056.0,15.0,,62,2389,479,8763,8763,9625
Young Siddhartha,it,317103.0,6572.0,12.0,,62,2390,500,8764,8764,9626
POISON IVY,it,195683.0,6546.0,16.0,,62,2391,197,8765,8765,9627
UNA COME TE,pl,156714.0,5338.0,60.0,,62,2392,197,8766,8766,9628
CLICK CLICK,en,263840.0,5777.0,7.0,,62,2393,197,8767,8767,9630
Sto Male,it,166451.0,4196.0,50.0,,62,2394,1691,8768,8768,9631
Kalma,it,148148.0,4257.0,60.0,,62,2387,258,8769,8769,9632
Abbi cura di te,it,131541.0,4419.0,14.0,,62,2395,522,8770,8770,9633
Gran Torino,en,165266.0,4817.0,16.0,,62,2396,1712,8771,8771,9634
ERA NOVEMBRE,it,274250.0,5709.0,73.0,,62,2397,197,8772,8772,9635
Fajita,it,176259.0,4706.0,34.0,,62,2373,1458,8773,8773,9636
Zombie,it,176259.0,5321.0,34.0,,62,2373,258,8774,8774,9637
Swahili,it,176259.0,5434.0,34.0,,62,2373,258,8775,8775,9638
Balaclava,en,187550.0,5188.0,52.0,,62,2398,868,8776,8776,9639
Bravo Bravo,pl,151578.0,4728.0,0.0,,62,2399,258,8777,8777,9640
La Rovina,it,214133.0,5169.0,17.0,,62,2400,868,8778,8778,9641
Supercar,it,190153.0,4697.0,29.0,,62,2401,258,8779,8779,9642
Arigato,it,159000.0,4180.0,50.0,,62,2402,258,8780,8780,9643
Cookie Moñsta,it,159680.0,6003.0,7.0,,62,2403,1991,8781,8781,9644
ATTACCO DI PANICO,it,154453.0,4267.0,14.0,,62,2404,197,8782,8782,9645
No Boyfriend,it,115194.0,4157.0,65.0,,62,2405,868,8783,8783,9646
Per odiarti non ho tempo,it,226906.0,5773.0,82.0,,62,2406,1953,8784,8784,9647
Pacman,la,163053.0,4615.0,52.0,,62,2407,258,8785,8785,9648
Bad Bitch,en,228266.0,5316.0,85.0,,62,2408,868,8786,8786,9649
ADIEU,pl,177625.0,4671.0,51.0,,62,2386,197,8787,8787,9650
Gosha Rubchinskiy Freestyle,it,201625.0,4797.0,35.0,,62,2409,1361,8788,8788,9651
Too Much,en,210266.0,4536.0,36.0,,62,2410,868,8789,8789,9652
Yin & Yang,it,294733.0,4701.0,19.0,,62,2411,868,8790,8790,9653
Go Go Go Freestyle,it,1207970.0,4835.0,44.0,,62,2412,1992,8791,8791,9654
Bugie da bere,it,176818.0,5457.0,28.0,,62,2413,250,8792,8792,9655
Uber Black,pl,222641.0,5039.0,43.0,,62,2414,868,8793,8793,9656
Rooftop,it,176146.0,5903.0,55.0,,62,2415,868,8794,8794,9657
Due Parole,it,260413.0,4096.0,42.0,,62,2416,1993,8795,8795,9658
CHAOS,it,200573.0,5021.0,0.0,,62,2417,1726,8796,8796,9659
Blow Up (Freestyle),it,259893.0,5182.0,27.0,,62,2418,342,8797,8797,9660
Bad Vibes,it,222040.0,5857.0,3.0,,62,2419,54,8798,8798,9661
Baby No,it,376320.0,4110.0,0.0,,62,2420,1994,8799,8799,9662
CARO JUNIOR,it,232571.0,5161.0,24.0,,62,2421,1995,8800,8800,9663
W4nnabe,it,212966.0,5724.0,60.0,,62,2422,54,8801,8801,9664
Scary Monsters,it,216240.0,4497.0,13.0,,62,2423,408,8802,8802,9665
Good Vibrations,en,286440.0,5769.0,74.0,,62,2424,1996,8803,8803,9666
Ultimo Minuto,it,349745.0,4051.0,1.0,,62,2425,870,8804,8804,9668
Intro,it,142222.0,5480.0,0.0,,62,2426,54,8805,8805,9669
Né ora né mai,it,202590.0,5883.0,13.0,,62,2427,54,8806,8806,9670
Extasy,it,147599.0,5330.0,52.0,,62,2428,54,8807,8807,9671
Intro/nemesi,it,204763.0,4893.0,7.0,,62,2429,1867,8808,8808,9672
Suda ancora,it,205524.0,4102.0,69.0,,62,2430,54,8809,8809,9673
Intoxikate,it,158400.0,5857.0,51.0,,62,2431,54,8810,8810,9674
Discopanico,it,176259.0,4955.0,34.0,,62,2373,54,8811,8811,9675
Lacrimogeni,it,210119.0,4070.0,52.0,,62,2432,54,8812,8812,9676
La Scatola Del Tempo,it,244913.0,5395.0,8.0,,62,2433,73,8813,8813,9677
Non esistono risposte intelligenti,it,235453.0,4978.0,16.0,,62,2434,54,8814,8814,9678
Kintsugi,it,237908.0,4261.0,70.0,,62,2427,54,8815,8815,9679
Metal Slut,en,210833.0,4441.0,25.0,,62,2435,1997,8816,8816,9680
Savant,it,144005.0,4142.0,52.0,,62,2431,80,8817,8817,9681
Caterpillar,pl,177625.0,5165.0,51.0,,62,2386,225,8818,8818,9682
Finale,it,271866.0,5258.0,3.0,,62,2436,553,8819,8819,9683
Revolution,it,119091.0,5027.0,25.0,,62,2437,1507,8820,8820,9685
Solo Se,it,116466.0,5651.0,1.0,,62,2438,1998,8821,8821,9686
S.U.N.S.H.I.N.E.,it,473322.0,386420.0,45.0,,80,2439,1999,8822,8822,9687
Sangue di drago,it,329080.0,182346.0,45.0,,80,2440,350,8823,8823,9688
Arlecchino,it,279213.0,126783.0,42.0,,80,2440,350,8824,8824,9689
Eden,it,211297.0,135991.0,39.0,,80,2441,2000,8825,8825,9690
Questo pianeta,it,294800.0,96512.0,32.0,,80,2440,350,8826,8826,9691
D.A.R.K.N.E.S.S.,pl,275957.0,85595.0,30.0,,80,2442,2001,8827,8827,9692
Depressissimo,it,259013.0,77133.0,37.0,,80,2440,350,8828,8828,9693
Underman,it,213280.0,66469.0,35.0,,80,2440,407,8829,8829,9694
Esercizi di stile,it,184241.0,79613.0,40.0,,80,2443,2002,8830,8830,9695
Giocattoli,it,293386.0,53023.0,33.0,,80,2440,350,8831,8831,9696
Beep Beep,it,212293.0,62501.0,32.0,,80,2440,350,8832,8832,9697
La Morte Di RINquore,it,212114.0,46077.0,45.0,,80,2443,2003,8833,8833,9698
Federico,it,191383.0,49375.0,44.0,,80,2441,1175,8834,8834,9699
Quando piove,it,287293.0,35254.0,30.0,,80,2440,350,8835,8835,9700
Non Esistono,it,217962.0,29200.0,24.0,,80,2444,2004,8836,8836,9701
Arakno 2100,it,252702.0,31913.0,37.0,,80,2441,100,8837,8837,9702
Factotum,it,308413.0,32280.0,26.0,,80,2439,2005,8838,8838,9703
Centro asociale,it,217760.0,28970.0,32.0,,80,2440,350,8839,8839,9704
Capolinea,it,252133.0,32400.0,29.0,,80,2442,2001,8840,8840,9705
X Agosto 2048,it,192758.0,28722.0,34.0,,80,2441,100,8841,8841,9706
Luce (Tramonti A Nord Est),it,217822.0,23065.0,39.0,,80,2445,2006,8842,8842,9708
Giovani Artisti,it,222249.0,24741.0,43.0,,80,2446,1148,8843,8843,9709
Giunti Al Dunque,it,245280.0,29018.0,30.0,,80,2447,2007,8844,8844,9710
L’Acqua Der Tevere,co,95242.0,27766.0,40.0,,80,2443,1362,8845,8845,9711
Tengo Il Respiro,it,273034.0,27779.0,14.0,,80,2448,2008,8846,8846,9712
Disney Inferno,pl,280125.0,26975.0,33.0,,80,2449,682,8847,8847,9713
Rapper al Rovescio,la,187271.0,21679.0,37.0,,80,2443,1362,8848,8848,9714
Freccia,it,201618.0,19583.0,39.0,,80,2441,1175,8849,8849,9715
Tufello,it,256992.0,20758.0,33.0,,80,2446,1148,8850,8850,9716
Neve,it,193857.0,25283.0,0.0,,80,2450,2009,8851,8851,9717
Anzi... Siamo Già Arrabbiati,it,219062.0,26583.0,30.0,,80,2442,2001,8852,8852,9718
Lontano 2036,it,183265.0,21749.0,30.0,,80,2441,100,8853,8853,9719
Skatepark,en,175880.0,17456.0,32.0,,80,2440,350,8854,8854,9720
Silenzio,it,230478.0,18101.0,32.0,,80,2442,2001,8855,8855,9721
Ombra,it,176982.0,19317.0,35.0,,80,2441,1175,8856,8856,9722
Ignoranze Funebri,it,204010.0,20122.0,30.0,,80,2441,1175,8857,8857,9723
Io non sono io,it,240285.0,15668.0,31.0,,80,2441,1175,8858,8858,9724
Xenoverso,it,194343.0,22144.0,31.0,,80,2441,1175,8859,8859,9725
Fantasia,it,227961.0,17646.0,31.0,,80,2441,1175,8860,8860,9726
Equatore,it,204676.0,21706.0,32.0,,80,2441,505,8861,8861,9727
Tattattira,it,225639.0,18092.0,33.0,,80,2439,1999,8862,8862,9728
Le Rime (Gara tra 507 parole),it,175473.0,17249.0,31.0,,80,2441,1175,8863,8863,9729
Guardie&Ladri,it,179936.0,16051.0,37.0,,80,2441,1175,8864,8864,9730
M’accollo,it,206837.0,15250.0,29.0,,80,2443,2002,8865,8865,9731
SeguiMe,it,222249.0,14790.0,43.0,,80,2446,378,8866,8866,9732
Razza Aliena,it,205056.0,14690.0,19.0,,80,2451,2010,8867,8867,9733
Dove Siete Spiriti,it,263784.0,13961.0,18.0,,80,2442,2001,8868,8868,9734
Il Giorno Che Non C’è,it,226481.0,15350.0,23.0,,80,2442,2001,8869,8869,9735
Invisibile,en,300731.0,13528.0,22.0,,80,2449,682,8870,8870,9737
Rancore,it,211297.0,13482.0,39.0,,80,2441,2011,8871,8871,9738
Harakiri,it,227866.0,13917.0,25.0,,80,2443,1362,8872,8872,9739
L’Architetto,it,221701.0,10035.0,20.0,,80,2442,2001,8873,8873,9740
Horror Fast Food,en,280058.0,8489.0,17.0,,80,2442,2001,8874,8874,9741
Ulula,it,229501.0,9692.0,21.0,,80,2439,2005,8875,8875,9742
Ottimismo Pessimo,it,164519.0,9157.0,18.0,,80,2442,2001,8876,8876,9743
L’Eterno Ritorno,it,204408.0,10264.0,22.0,,80,2442,2001,8877,8877,9744
La Macchina Infernale (A History Of A Musiq Violence),it,294626.0,8626.0,19.0,,80,2447,2007,8878,8878,9745
Vivere,it,208462.0,8973.0,28.0,,80,2449,592,8879,8879,9746
Questa cosa che io ho scritto mi piace,it,211051.0,7925.0,29.0,,80,2441,1175,8880,8880,9747
Intro,it,123088.0,6275.0,19.0,,80,2446,441,8881,8881,9748
È Meglio Senza,it,185386.0,8040.0,15.0,,80,2447,2007,8882,8882,9749
Un Incidente,it,203804.0,8626.0,22.0,,80,2449,682,8883,8883,9750
I Complimenti,it,262876.0,6310.0,16.0,,80,2449,682,8884,8884,9752
Sistema Intelligente,en,229067.0,7581.0,19.0,,80,2449,682,8885,8885,9754
Tempi Moderni,it,204460.0,7004.0,18.0,,80,2442,2001,8886,8886,9755
SMS (Sei Molto Stronza),it,280125.0,5622.0,33.0,,80,2449,953,8887,8887,9756
La Follia,it,236669.0,5256.0,16.0,,80,2442,2001,8888,8888,9757
The Best Of,it,224911.0,7286.0,16.0,,80,2439,1999,8889,8889,9758
Questo È Un Pezzo Senza Rime RMX,it,225827.0,5802.0,5.0,,80,2452,2012,8890,8890,9759
Due punti aperta parentesi :(,it,102426.0,5236.0,2.0,,80,2453,2013,8891,8891,9760
Solo Questo,it,193044.0,4822.0,24.0,,80,2446,1148,8892,8892,9761
Il Male Oscuro,it,191451.0,5712.0,18.0,,80,2442,2001,8893,8893,9762
Brutti & Cattivi,it,214800.0,5515.0,17.0,,80,2447,2007,8894,8894,9763
È Facile,it,211706.0,5305.0,16.0,,80,2447,2007,8895,8895,9764
Tossico D’Aria,it,181973.0,4187.0,18.0,,80,2447,2007,8896,8896,9765
Il Mio Quartiere,it,218928.0,5804.0,17.0,,80,2449,682,8897,8897,9766
Comprare,it,271586.0,4792.0,13.0,,80,2447,2007,8898,8898,9767
È Difficile,it,275356.0,4641.0,13.0,,80,2447,2007,8899,8899,9768
Cuore E Acciaio,it,235453.0,4940.0,14.0,,80,2447,2007,8900,8900,9769
Conta,it,206760.0,4796.0,14.0,,80,2447,2007,8901,8901,9770
Il Diavolo,en,232386.0,5745.0,13.0,,80,2447,2007,8902,8902,9771
Tu Leva Le Parole,it,174968.0,5874.0,14.0,,80,2442,2001,8903,8903,9772
Cosa Sai?,en,203466.0,4620.0,15.0,,80,2447,2007,8904,8904,9773
Dal Mio Sguardo (2006),it,211957.0,5747.0,19.0,,80,2446,1148,8905,8905,9774
Il Grande Falò,es,149368.0,5580.0,14.0,,80,2442,2001,8906,8906,9775
Porca Troia,it,174545.0,5881.0,20.0,,80,2454,2014,8907,8907,9776
Outro,it,500558.0,4505.0,12.0,,80,2446,441,8908,8908,9777
Sono Cazzi (2006),it,176848.0,5171.0,17.0,,80,2446,1148,8909,8909,9778
Cappella,it,252133.0,4564.0,29.0,,80,2442,2015,8910,8910,9779
Freestyle,pl,172533.0,5666.0,12.0,,80,2447,2007,8911,8911,9780
Plug,en,73640.0,4022.0,12.0,,80,2447,2007,8912,8912,9781
Dai!,it,329080.0,5148.0,45.0,,80,2440,1001,8913,8913,9782
Sono Buono,it,196711.0,4693.0,1.0,,80,2455,2016,8914,8914,9783
Il Mio Quartiere 2.0,it,205546.0,4660.0,13.0,,80,2447,2007,8915,8915,9784
Ci hanno incastrati,it,137098.0,5305.0,64.0,,80,2456,2017,8916,8916,9785
California Roll,en,216000.0,5718.0,3.0,,80,2457,1107,8917,8917,9787
Faccio Cagare,it,221237.0,5237.0,48.0,,80,2458,378,8918,8918,9788
Rhymebox,it,329080.0,5724.0,45.0,,80,2440,2018,8919,8919,9789
Dal Mio Sguardo,it,211957.0,4544.0,19.0,,80,2446,441,8920,8920,9790
Rancore vs Zeta,it,321600.0,5054.0,57.0,,80,2459,1392,8921,8921,9791
Da Roma a Faisal (2006),it,177348.0,4917.0,78.0,,80,2460,2019,8922,8922,9792
Intro (2006),it,123088.0,4035.0,19.0,,80,2446,1148,8923,8923,9793
Acido,it,211297.0,5129.0,39.0,,80,2441,2020,8924,8924,9794
Tutti Dentro,it,137098.0,5342.0,64.0,,80,2456,2021,8925,8925,9795
Tufello Talenti,it,291757.0,5201.0,36.0,,80,2461,1133,8926,8926,9796
Sono Cazzi,pl,176848.0,5491.0,17.0,,80,2446,441,8927,8927,9797
105 Mi Casa Mashup: Rancore con Luce (Tramonti a Nord Est) sulla base di I Can!,it,217822.0,5156.0,39.0,,80,2445,2022,8928,8928,9798
Controproduzioni,it,174000.0,4147.0,51.0,,80,2462,2023,8929,8929,9799
Zero Quore (Freestyle),it,156720.0,4243.0,55.0,,80,2463,2024,8930,8930,9800
SK8,it,194374.0,5209.0,49.0,,80,2464,2025,8931,8931,9801
Doin It Right (L’Albatro Punk),it,213760.0,4563.0,85.0,,80,2465,253,8932,8932,9802
Sigla Catteland,it,279213.0,4173.0,42.0,,80,2440,1185,7906,7906,8677
Da Roma A Faisal,it,177348.0,4875.0,78.0,,80,2460,2026,8933,8933,9803
È necessario,it,252000.0,5121.0,0.0,,80,2466,2027,8934,8934,9804
Dai!/Tutti Dentro,it,321600.0,4672.0,57.0,,80,2459,434,8935,8935,9805
Dissotterracci n. 21,it,194133.0,5458.0,55.0,,80,2467,2028,8936,8936,9806
Rifletti Bene,it,239071.0,5304.0,2.0,,80,2468,554,8937,8937,9807
Training n. 9,it,118820.0,4678.0,8.0,,80,2469,2029,8938,8938,9808
Training n. 13,en,386867.0,5525.0,2.0,,80,2470,2030,8939,8939,9809
Vaicolliscio,it,193573.0,5314.0,60.0,,80,2471,2031,8940,8940,9810
Sistema Intelligente (DJ Myke Hocus Pocus RMX),en,289666.0,5290.0,5.0,,80,2472,2032,8941,8941,9811
Cavallini,it,251653.0,321189.0,60.0,,24,2473,2033,8942,8942,9812
Sportswear,en,119375.0,194019.0,61.0,,24,2474,2034,8943,8943,9813
Fiori Del Male,pl,188145.0,221332.0,57.0,,24,2474,2035,8944,8944,9814
Cono Gelato,it,230946.0,165162.0,46.0,,24,2475,417,8945,8945,9815
Caramelle,pl,148306.0,195492.0,49.0,,24,2475,1757,8946,8946,9816
British,pl,188814.0,136744.0,50.0,,24,2476,407,8947,8947,9817
C C,it,228287.0,121482.0,65.0,,24,2476,1849,8948,8948,9818
Mafia,it,180000.0,103856.0,47.0,,24,2473,1849,8949,8949,9819
Diego Armando Maradona,it,154545.0,82267.0,65.0,,24,2477,1720,8950,8950,9820
Spezzacuori,pl,134266.0,86102.0,42.0,,24,2475,1263,8951,8951,9821
PUSSY,en,161325.0,83533.0,46.0,,24,2478,506,8952,8952,9823
Pesi sul collo,nl,186859.0,73966.0,45.0,,24,2479,1040,8953,8953,9824
Aldilà,it,202066.0,75038.0,38.0,,24,2479,441,8954,8954,9825
Cambiare Adesso,it,228287.0,63983.0,65.0,,24,2476,497,8955,8955,9826
SAVAGE,en,164265.0,86827.0,40.0,,24,2478,506,8956,8956,9827
#FREETRAFFIK,pl,164863.0,58245.0,31.0,,24,2478,506,8957,8957,9829
4L,it,147706.0,77915.0,41.0,,24,2478,506,8958,8958,9830
Magazine,it,146520.0,73999.0,48.0,,24,2475,2036,3473,3473,3797
BIBERON,pl,150378.0,62049.0,42.0,,24,2478,506,8959,8959,9832
AMIRI BOYS,it,155026.0,56608.0,47.0,,24,2478,506,8960,8960,9833
DARK LOVE GANG,pl,228287.0,42966.0,65.0,,24,2476,506,8961,8961,9834
Swisher,en,152000.0,46224.0,36.0,,24,2473,1351,8962,8962,9835
Bello Figo Dark,pl,157377.0,40747.0,36.0,,24,2474,116,8963,8963,9836
Dark Boy,pl,200699.0,39303.0,54.0,,24,2476,2034,8964,8964,9837
Principe Pyrex,it,228324.0,43789.0,5.0,,24,2480,1792,8965,8965,9838
Oxycodone,en,153043.0,42389.0,38.0,,24,2474,2037,8966,8966,9839
Cosa?,pl,284290.0,41499.0,0.0,,24,2481,1863,6482,6482,7058
NO STUPID,pl,179293.0,36006.0,31.0,,24,2478,506,8967,8967,9841
GTA San Andreas,pl,188000.0,34628.0,35.0,,24,2474,2034,8968,8968,9842
Solo X La Gang,it,156000.0,29986.0,37.0,,24,2473,1849,8969,8969,9843
Toy Boy,pl,200699.0,28849.0,54.0,,24,2476,497,8970,8970,9844
Taki Taki,pl,150335.0,31412.0,47.0,,24,2482,47,8971,8971,9845
Roulette Russa,it,154545.0,28740.0,65.0,,24,2477,2038,8972,8972,9846
DARK,pl,228287.0,27417.0,65.0,,24,2476,506,8973,8973,9847
Crack Musica,pl,251653.0,34317.0,60.0,,24,2473,2039,8974,8974,9848
Amorevole,it,137910.0,24862.0,34.0,,24,2477,1720,8975,8975,9849
Flex,it,177080.0,32066.0,26.0,,24,2475,668,8976,8976,9850
Fuck Gosha,pl,194893.0,27367.0,33.0,,24,2477,1720,8977,8977,9851
Grenoble,pl,154545.0,34340.0,65.0,,24,2477,1247,8978,8978,9852
Numeri Uno,it,234545.0,29684.0,14.0,,24,2483,1090,8979,8979,9853
Tic Tac,it,143146.0,27323.0,31.0,,24,2475,668,8980,8980,9854
Ghost Track,it,188000.0,28678.0,3.0,,24,2484,2040,8981,8981,9855
Latte Di Suocera,pl,145358.0,26998.0,36.0,,24,2474,2034,8982,8982,9856
Gang Shit,en,200501.0,28313.0,37.0,,24,2476,1196,8983,8983,9857
Fiori D’Erba,it,183870.0,22684.0,35.0,,24,2477,1720,8984,8984,9858
GANG,pl,228287.0,30964.0,65.0,,24,2476,506,8985,8985,9859
Età D’oro,it,153000.0,23701.0,30.0,,24,2474,2034,8986,8986,9860
Splash,en,181525.0,22847.0,33.0,,24,2476,497,8987,8987,9861
Young Rich Gang,en,174174.0,26021.0,30.0,,24,2476,497,8988,8988,9862
Beatles,pl,329809.0,22683.0,30.0,,24,2479,1040,8989,8989,9863
Sex On the Beach,en,166231.0,26946.0,52.0,,24,2482,264,8990,8990,9864
Hypebeast,pl,191720.0,23178.0,27.0,,24,2475,668,8991,8991,9865
Totti e De Rossi,it,169506.0,24848.0,5.0,,24,2485,2041,8992,8992,9866
Sku Sku,it,158613.0,19074.0,27.0,,24,2475,668,8993,8993,9867
Intro (Sick Side),en,93333.0,23946.0,44.0,,24,2477,1720,8994,8994,9868
Sinaloa,en,208524.0,22661.0,36.0,,24,2473,1849,8995,8995,9869
Super Sayan,pl,94153.0,18284.0,34.0,,24,2473,1455,8996,8996,9870
Uomini E Donne,it,192530.0,17728.0,38.0,,24,2476,497,8997,8997,9871
Riviste,it,151303.0,18817.0,35.0,,24,2479,1392,8998,8998,9872
Neve A Settembre,it,107240.0,24158.0,35.0,,24,2473,2042,8999,8999,9873
Sexy Gang,pl,157040.0,18012.0,30.0,,24,2475,668,9000,9000,9874
Sosa,pl,92000.0,19324.0,39.0,,24,2473,1849,9001,9001,9875
Bang bang,pl,260000.0,15909.0,37.0,,24,2479,1040,9002,9002,9876
El Machico,pt,171266.0,18643.0,29.0,,24,2475,668,9003,9003,9877
"1,2,3 STELLA",pl,136671.0,19327.0,41.0,,24,2478,2043,9004,9004,9878
Cotoletta,it,110386.0,21325.0,37.0,,24,2473,1849,9005,9005,9879
DM,it,114500.0,18008.0,32.0,,24,2474,2034,9006,9006,9880
Panorama Bar,pl,133188.0,20165.0,34.0,,24,2474,2034,9007,9007,9881
Ti amo,it,149453.0,16962.0,29.0,,24,2475,668,9008,9008,9882
Tokyo Hotel,en,148110.0,13585.0,37.0,,24,2479,1040,9009,9009,9883
Lei Mi Chiama,it,240000.0,15244.0,33.0,,24,2473,1849,9010,9010,9884
MP5,it,165137.0,16549.0,32.0,,24,2478,2043,9011,9011,9885
Cobain,it,115866.0,18559.0,26.0,,24,2475,668,9012,9012,9886
Alien,pl,154545.0,17724.0,65.0,,24,2477,1893,9013,9013,9887
Intro,it,93333.0,13738.0,44.0,,24,2477,2038,9014,9014,9888
Che Bello Essere Dark,it,171801.0,13604.0,33.0,,24,2476,497,9015,9015,9889
Voodoo,it,98000.0,13401.0,29.0,,24,2474,2034,9016,9016,9890
Luxory,it,132631.0,17669.0,36.0,,24,2477,1720,9017,9017,9891
Intro TDA,pl,113951.0,17110.0,29.0,,24,2474,2034,9018,9018,9892
Alprazolam,it,78750.0,15758.0,34.0,,24,2473,1849,9019,9019,9893
Hypervenom,it,154545.0,13371.0,65.0,,24,2477,2044,9020,9020,9894
Cheesecake,en,166000.0,13683.0,27.0,,24,2477,1720,9021,9021,9895
3 Metri,it,99725.0,13290.0,34.0,,24,2473,1849,9022,9022,9896
Regole,it,211741.0,11934.0,32.0,,24,2473,1849,9023,9023,9897
Expensive,it,140469.0,13262.0,29.0,,24,2476,497,9024,9024,9898
Non mi interessa,pl,112372.0,10665.0,25.0,,24,2479,1040,9025,9025,9899
Bricks,it,95954.0,11081.0,34.0,,24,2473,1849,9026,9026,9900
Marilyn Manson,en,148093.0,14499.0,26.0,,24,2475,668,9027,9027,9901
Demoni,it,142000.0,13820.0,29.0,,24,2474,2034,9028,9028,9902
SPEEDRUNNER,pl,118560.0,11713.0,36.0,,24,2478,2043,9029,9029,9903
Medusa In Petto,it,191164.0,11867.0,1.0,,24,2486,2038,9030,9030,9904
Tipa,pl,110476.0,11160.0,34.0,,24,2473,1849,9031,9031,9905
Piccoli Brividi,it,234545.0,12752.0,14.0,,24,2483,2038,9032,9032,9906
Porto Rotondo,it,86250.0,12889.0,33.0,,24,2473,1849,9033,9033,9907
Diabolika,it,169600.0,12778.0,24.0,,24,2475,668,9034,9034,9908
In Giro Con I Miei Cani,it,140000.0,11674.0,35.0,,24,2477,1720,9035,9035,9909
Lullaby,it,109606.0,9301.0,27.0,,24,2477,1720,9036,9036,9910
Branco di iene,it,195454.0,9529.0,40.0,,24,2487,2045,9037,9037,9911
Fantasmi,it,93237.0,9961.0,28.0,,24,2477,1720,9038,9038,9912
Splash RMX,pt,212264.0,9270.0,25.0,,24,2482,47,9039,9039,9914
Canale 777,pl,184110.0,10745.0,27.0,,24,2474,2034,9040,9040,9915
Almighty,it,121791.0,8964.0,27.0,,24,2477,1720,9041,9041,9916
Scusa,it,210500.0,8015.0,27.0,,24,2479,1040,9042,9042,9917
Young Rich Gang RMX,it,253671.0,8993.0,23.0,,24,2482,47,9043,9043,9918
Side e Wayne,pl,148160.0,10834.0,27.0,,24,2475,668,9044,9044,9919
Backflip,pl,154545.0,7885.0,65.0,,24,2477,2038,9045,9045,9920
Daytona In Cella,it,154545.0,8997.0,65.0,,24,2477,2046,9046,9046,9921
Toro Meccanico,it,154545.0,8243.0,65.0,,24,2477,38,9047,9047,9922
Acqua Fiji,it,192692.0,6848.0,26.0,,24,2476,497,9048,9048,9923
Baby Che Noia,pl,170500.0,8109.0,25.0,,24,2476,497,9049,9049,9924
Passala,en,101863.0,8152.0,27.0,,24,2479,807,9050,9050,9925
Nuvole,it,109656.0,7577.0,26.0,,24,2479,441,9051,9051,9926
DONDURÈ,war,141440.0,8566.0,35.0,,24,2478,2043,9052,9052,9927
Crystal ball,it,194341.0,6262.0,24.0,,24,2479,2047,9053,9053,9928
Peter Pan,war,194779.0,5625.0,23.0,,24,2476,497,9054,9054,9929
Gioco dell’uva,it,94456.0,7581.0,24.0,,24,2479,1040,9055,9055,9930
Nascere e Morire a Rione,it,177600.0,5998.0,35.0,,24,2488,2038,9056,9056,9931
Gang Shit RMX,pl,225718.0,6475.0,24.0,,24,2482,47,9057,9057,9933
Terrabruciata,it,154545.0,6701.0,65.0,,24,2477,1601,9058,9058,9934
Pavimenti in resina,it,148500.0,5561.0,25.0,,24,2479,1040,9059,9059,9935
Casper,en,118507.0,6323.0,22.0,,24,2476,497,9060,9060,9936
Hobby,pl,206000.0,4857.0,0.0,,24,2489,2038,9061,9061,9937
Ciaga,it,154545.0,5130.0,65.0,,24,2477,573,9062,9062,9938
Infame,it,81052.0,4510.0,25.0,,24,2479,1040,9063,9063,9939
Chiudi quella porta,it,154545.0,5639.0,65.0,,24,2477,246,9064,9064,9940
Sick Freestyle,it,154545.0,4456.0,65.0,,24,2477,2048,9065,9065,9941
Free Willy,it,206000.0,5451.0,0.0,,24,2489,2038,9066,9066,9942
Troppo,it,169506.0,5903.0,5.0,,24,2485,2038,9067,9067,9943
RoboCop,it,154545.0,5070.0,65.0,,24,2477,2038,9068,9068,9944
Lex Luthor,pl,154545.0,5095.0,65.0,,24,2477,2038,9069,9069,9945
Non si vede,it,154545.0,4935.0,65.0,,24,2477,2049,9070,9070,9946
Aria Ai Polmoni,it,154545.0,4663.0,65.0,,24,2477,2038,9071,9071,9947
Terra,it,206866.0,4967.0,21.0,,24,2490,2050,9072,9072,9948
Toro Bravo,pl,228324.0,5222.0,5.0,,24,2480,2051,9073,9073,9949
Cambiare adesso (Acoustic Version),it,188431.0,5988.0,24.0,,24,2482,47,9074,9074,9950
Tutto Ciò Che Ho,it,203720.0,5895.0,2.0,,24,2491,2052,9075,9075,9951
Iride,it,154545.0,5743.0,65.0,,24,2477,2053,9076,9076,9952
Il cielo su Roma,it,288066.0,26526.0,42.0,,20,2492,1,9077,9077,9953
Più forte delle bombe,it,258853.0,14800.0,42.0,,20,2493,2054,9078,9078,9954
Miglia e promesse,it,256026.0,12819.0,37.0,,20,2494,817,9079,9079,9955
Ghetto Chic,it,280826.0,9956.0,37.0,,20,2493,2054,9080,9080,9956
Capo di me stesso,it,247386.0,7561.0,34.0,,20,2493,2054,9081,9081,9957
La Fenice,it,292666.0,9298.0,24.0,,20,2493,2054,9082,9082,9958
Sergio Leone,it,214240.0,7537.0,33.0,,20,2494,2055,9083,9083,9959
Noodles,it,216013.0,7392.0,37.0,,20,2494,817,9084,9084,9960
Polvere,it,343933.0,6876.0,23.0,,20,2494,817,9085,9085,9961
Solo Hardcore,it,194786.0,7480.0,29.0,,20,2495,1,9086,9086,9962
Adversus,it,189973.0,5509.0,29.0,,20,2494,817,9087,9087,9963
Quello che ti do,it,254146.0,6528.0,22.0,,20,2495,1,9088,9088,9964
Penso diverso,it,298346.0,5853.0,34.0,,20,2494,817,9089,9089,9965
Pioggia sempre,it,260160.0,5050.0,30.0,,20,2493,2054,9090,9090,9966
Il tuo diavolo,it,295932.0,5679.0,19.0,,20,2492,1,9091,9091,9967
Ciao Ciao,pl,355546.0,5119.0,25.0,,20,2495,1,9092,9092,9969
Vita,it,306519.0,5337.0,30.0,,20,2492,1,9093,9093,9970
Nostargia,it,212653.0,4659.0,32.0,,20,2494,817,9094,9094,9971
Sopra il colle,it,257545.0,4978.0,27.0,,20,2495,1,9095,9095,9972
Eppure sono qui,it,254546.0,5251.0,31.0,,20,2494,817,9096,9096,9973
Benzina sul fuoco,it,254386.0,4824.0,28.0,,20,2493,2054,9097,9097,9974
Storia di una lunga guerra,it,224600.0,4409.0,25.0,,20,2494,817,9098,9098,9975
Lettere d’argento,it,199933.0,5939.0,24.0,,20,2494,817,9099,9099,9976
L’attacco dei funkadelici quattro,it,212506.0,5036.0,16.0,,20,2495,1,9100,9100,9979
Cuore più cervello,it,214493.0,5483.0,23.0,,20,2494,817,9101,9101,9980
Sergio Leone (Re-edit),it,254386.0,4836.0,28.0,,20,2493,817,9102,9102,9981
Nulla virtus,it,212186.0,4725.0,23.0,,20,2494,817,9103,9103,9982
Non ci sto,it,301879.0,4829.0,23.0,,20,2495,1,9104,9104,9983
Solo Amore,it,281760.0,4834.0,22.0,,20,2493,2054,9105,9105,9984
Stappali e scuotili,it,266852.0,5103.0,24.0,,20,2495,1,9106,9106,9985
Musica e fumo (Re-edit),it,263480.0,5101.0,24.0,,20,2494,817,9107,9107,9986
Prova microfono,it,331586.0,5011.0,24.0,,20,2492,1,9108,9108,9987
Quando verrà il momento,it,322146.0,4283.0,18.0,,20,2495,1,9109,9109,9988
Questi Giorni,it,272240.0,5009.0,28.0,,20,2493,2054,9110,9110,9989
Mempo,it,219760.0,4351.0,22.0,,20,2494,817,9111,9111,9990
Ninna nanna,pl,315106.0,4265.0,17.0,,20,2495,1,9112,9112,9991
Punti di domanda,it,257146.0,5882.0,18.0,,20,2493,2056,9113,9113,9992
La forza... (Intro),it,140746.0,5223.0,16.0,,20,2493,2057,9114,9114,9993
Elfo scuro,it,135212.0,5333.0,16.0,,20,2495,1,9115,9115,9994
Oggi sono chiunque,it,250760.0,4818.0,17.0,,20,2493,2054,9116,9116,9995
Toro scatenato,it,267932.0,5836.0,20.0,,20,2492,1,9117,9117,9996
Funk romano,it,286746.0,5291.0,20.0,,20,2495,1,9118,9118,9997
Cinque a uno,it,251012.0,5556.0,15.0,,20,2495,1,9119,9119,9998
Fratello Dove Sei?,it,241706.0,4752.0,16.0,,20,2493,2054,9120,9120,9999
King Kong vs. Godzilla,it,303346.0,5937.0,14.0,,20,2492,1,9121,9121,10000
Accannace,it,179133.0,5657.0,19.0,,20,2493,2054,9122,9122,10001
Spinto da una sensazione,it,349052.0,5726.0,12.0,,20,2492,1,9123,9123,10002
RM Confidential,en,285773.0,4358.0,16.0,,20,2493,2054,9124,9124,10003
Notte Cattiva,it,257346.0,4555.0,8.0,,20,2496,541,9125,9125,10004
Scienza doppia H,it,288066.0,4585.0,42.0,,20,2492,1,9126,9126,10005
Lato oscuro,it,135546.0,4555.0,16.0,,20,2495,1,9127,9127,10006
Preparati,it,302959.0,5729.0,13.0,,20,2492,1,9128,9128,10007
Sorridi,it,206026.0,4076.0,15.0,,20,2493,690,9129,9129,10008
Anima e ghiaccio (Outro),it,122933.0,4162.0,13.0,,20,2493,2054,9130,9130,10009
Sempre vero,it,98079.0,4561.0,15.0,,20,2495,1,9131,9131,10010
Sul tempo,it,326586.0,4414.0,13.0,,20,2492,1,9132,9132,10011
Balla Coi Lupi,it,258853.0,4477.0,42.0,,20,2493,2058,9133,9133,10012
Dissetante + Potente (Tamarindo’s Flavour),it,235386.0,5613.0,16.0,,20,2492,1,9134,9134,10013
Pornorockers,nl,85746.0,5141.0,13.0,,20,2495,1,9135,9135,10014
Outro,it,71239.0,4021.0,11.0,,20,2495,1,9136,9136,10015
Rest in Party,it,176519.0,4872.0,11.0,,20,2492,1,9137,9137,10016
Intro,it,62079.0,4829.0,11.0,,20,2492,1,9138,9138,10017
War,it,291757.0,4242.0,36.0,,20,2497,2058,9139,9139,10018
Colle Der Fomento,it,288066.0,5368.0,42.0,,20,2492,1,9140,9140,10019
Outro (Scienza doppia H),it,55279.0,5419.0,7.0,,20,2492,1,9141,9141,10020
Sorridi (M.I.A. RMX),it,258853.0,5459.0,42.0,,20,2493,2056,9142,9142,10021
Balla Coi Lupi (Sine RMX),it,258853.0,5475.0,42.0,,20,2493,2058,9143,9143,10022
War (Gengis Khan RMX),it,273800.0,4012.0,1.0,,20,2498,2058,9144,9144,10023
Solo lei ha quel che voglio 2021,it,290280.0,19834.0,37.0,,95,2499,48,9145,9145,10026
Mastroianni,it,191280.0,8604.0,30.0,,95,2500,870,9146,9146,10027
Cronici 2021,it,295826.0,8432.0,19.0,,95,2500,714,9147,9147,10029
Sotto Effetto Stono,it,243813.0,4044.0,38.0,,95,2501,2059,9148,9148,10030
Solo Lei Ha Quel Che Voglio,it,290280.0,5885.0,37.0,,95,2499,2059,9149,9149,10031
La mia coccinella,it,206000.0,5637.0,36.0,,95,2502,2060,9150,9150,10032
Di Tormento Ce N’è Uno,it,280733.0,5692.0,26.0,,95,2501,2059,9151,9151,10033
Tranquillo 2021,it,234946.0,4199.0,17.0,,95,2500,714,5375,5375,10034
Amor de Mi Vida,it,295333.0,5493.0,39.0,,95,2503,2061,9152,9152,10035
Come la prima volta,it,219853.0,5937.0,20.0,,95,2500,714,9153,9153,10037
Ti bacio ancora mentre dormi,it,193026.0,5372.0,23.0,,95,2500,2062,9154,9154,10038
Poco Male,it,202312.0,5155.0,26.0,,95,2500,1366,9155,9155,10039
Mezze verità 2021,it,194506.0,5908.0,13.0,,95,2500,714,9156,9156,10040
Eh Beh,it,231666.0,4901.0,18.0,,95,2501,2059,9157,9157,10042
Quei bravi ragazzi,en,305000.0,5215.0,19.0,,95,2501,2059,9158,9158,10045
Amor de mi vida 2021,it,229653.0,4967.0,36.0,,95,2500,714,9159,9159,10046
Dimmi Di Sbagliato Che C’è,it,243813.0,5884.0,38.0,,95,2501,2059,9160,9160,10047
Dimmi di sbagliato che c’è 2021,it,191666.0,4164.0,27.0,,95,2500,714,9161,9161,10048
Altrove,it,163800.0,5017.0,13.0,,95,2500,2062,9162,9162,10049
Non c’è amore 2021,it,200986.0,5388.0,15.0,,95,2500,714,9163,9163,10050
Ianglediz,it,301000.0,5599.0,18.0,,95,2501,2059,9164,9164,10053
Cambi colore al cielo,it,189773.0,5180.0,12.0,,95,2500,714,9165,9165,10054
Non C’è Amore,it,235306.0,5836.0,29.0,,95,2501,2059,9166,9166,10055
Succo Alla Pera Col Gin,it,232000.0,5903.0,22.0,,95,2501,2059,9167,9167,10056
Cronici,it,295826.0,4140.0,19.0,,95,2500,2059,9168,9168,10057
Buone vibes,it,185906.0,4819.0,12.0,,95,2500,714,9169,9169,10058
Tranquillo,it,249840.0,4059.0,32.0,,95,2501,2059,9170,9170,10059
Mezze Verità,it,258426.0,4672.0,27.0,,95,2504,226,9171,9171,10060
Non C’è Storia,it,210000.0,5088.0,26.0,,95,2501,2059,9172,9172,10061
Dimmi Che Farai,it,173666.0,5840.0,14.0,,95,2501,2059,9173,9173,10062
L’inconscio,it,398000.0,5710.0,12.0,,95,2501,2059,9174,9174,10063
Ho il Controllo,it,46680.0,4267.0,14.0,,95,2501,2059,9175,9175,10064
Chissà Ora Con Chi Sei,it,291600.0,4198.0,19.0,,95,2503,2061,9176,9176,10065
Smoked Out,it,603160.0,5194.0,4.0,,95,2505,2063,9177,9177,10069
Mai Piú,it,217573.0,5080.0,27.0,,95,2503,2061,9178,9178,10070
Buone Motivazioni?!?,it,333173.0,4546.0,11.0,,95,2503,2061,9179,9179,10071
Ma sei b*st*rd*,it,207666.0,5816.0,11.0,,95,2503,2061,9180,9180,10072
La Vita Dei Gaggi,it,213866.0,5872.0,10.0,,95,2503,2061,9181,9181,10073
Sotto lo stesso effetto,it,295333.0,4821.0,39.0,,95,2503,2061,9182,9182,10074
Discorsi Inutili,it,372586.0,5799.0,4.0,,95,2505,2063,9183,9183,10075
"Amarti, Rispettarti",it,284120.0,4782.0,17.0,,95,2505,2063,9184,9184,10076
Da Me,it,273280.0,5492.0,11.0,,95,2505,2063,9185,9185,10077
Chi Meglio Di Te,it,245520.0,4966.0,14.0,,95,2503,2061,9186,9186,10078
Ora La Colpa A Chi La Dai,it,285186.0,4257.0,12.0,,95,2505,2064,9187,9187,10079
Da Dove Scrivo,it,209053.0,5872.0,5.0,,95,2503,2061,9188,9188,10080
Chissà Se Almeno Domani,it,221403.0,4923.0,72.0,,95,2506,2065,9189,9189,10081
Stile Libero,it,180740.0,5487.0,52.0,,95,2507,2066,9190,9190,10082
La Vita Che Vivo,it,234480.0,4748.0,11.0,,95,2503,2067,9191,9191,10083
Silenzio,it,177672.0,4050.0,55.0,,95,2508,2068,9192,9192,10084
24h Non Stop,it,234480.0,4213.0,11.0,,95,2503,2061,9193,9193,10086
A.t.p.,it,290280.0,5008.0,3.0,,95,2509,2069,9194,9194,10087
Coscienza Interiore,it,263106.0,5398.0,4.0,,95,2505,2063,9195,9195,10088
Stando Alle Regole,it,262333.0,4682.0,17.0,,95,2503,2061,9196,9196,10089
Nel Jet Set Del Rap,it,234880.0,5407.0,10.0,,95,2503,2061,9197,9197,10090
Tu cosa fai?,it,252333.0,5413.0,8.0,,95,2503,2061,9198,9198,10091
La Biccia Giusta,it,197708.0,5425.0,76.0,,95,2510,2065,9199,9199,10092
Spirituality,it,256706.0,4999.0,14.0,,95,2505,2063,9200,9200,10093
Solo Noi,it,334773.0,5848.0,13.0,,95,2505,2063,9201,9201,10094
Ti bacio ancora mentre dormi (Acoustic),it,216569.0,4992.0,15.0,,95,2500,1888,9202,9202,10095
L’a Morale,it,194090.0,4916.0,69.0,,95,2511,2065,9203,9203,10096
Il Mio Sogno,it,290053.0,4411.0,11.0,,95,2505,2063,9204,9204,10097
Losc’azzo,it,243813.0,4629.0,38.0,,95,2501,2070,9205,9205,10098
Tto Che Mi Ha De,it,223834.0,4098.0,79.0,,95,2512,2071,9206,9206,10099
Gin’n’giro,it,176213.0,5282.0,56.0,,95,2513,2072,9207,9207,10100
Fai A Meno Di Me,it,195093.0,4511.0,5.0,,95,2505,2063,9208,9208,10101
Gia’ Conti I Secondi,it,177680.0,4622.0,7.0,,95,2503,2061,9209,9209,10103
(Come mai) Proprio a noi,it,262066.0,5558.0,9.0,,95,2503,2061,9210,9210,10104
Whoo!! Whoo!,it,235786.0,4668.0,17.0,,95,2503,2061,9211,9211,10105
Fai Su!,it,285026.0,4499.0,4.0,,95,2505,2063,9212,9212,10106
Ciaomiaobau,it,184311.0,4351.0,57.0,,95,2514,2073,9213,9213,10107
Vendesi,it,193253.0,5566.0,40.0,,95,2515,551,9214,9214,10108
"Ieri, Oggi e Domani",it,152000.0,4273.0,35.0,,95,2516,419,9215,9215,10110
I soliti mc’s,it,165106.0,4923.0,5.0,,95,2503,2061,9216,9216,10111
Da Soli,it,167555.0,5390.0,37.0,,95,2517,2074,9218,9218,10113
Standing Ovation,it,194413.0,5284.0,32.0,,42,2518,2075,9219,9219,10114
SFIGA,it,217865.0,5636.0,27.0,,42,2519,315,9220,9220,10115
Antistress,it,189093.0,4100.0,11.0,,42,2520,126,9221,9221,10116
Sei come me,it,288733.0,4608.0,27.0,,42,2521,2076,9222,9222,10117
Come farla su,it,237706.0,4575.0,23.0,,42,2521,2076,9223,9223,10118
Stelle cadenti,it,277426.0,4304.0,26.0,,42,2520,126,9224,9224,10119
Gravità Zero,it,216166.0,4593.0,20.0,,42,2522,2077,9225,9225,10120
Superblunt,it,377346.0,4635.0,25.0,,42,2521,2078,9226,9226,10123
A testa alta,it,207560.0,5058.0,14.0,,42,2520,126,9227,9227,10124
Fumo e malinconia,it,281360.0,5345.0,27.0,,42,2521,2076,9228,9228,10125
Strade Sbagliate,it,214478.0,4777.0,19.0,,42,2522,1751,9229,9229,10126
Happy EP!,it,171489.0,5456.0,7.0,,42,2523,1605,9230,9230,10127
L’ha già fatto J-Ax,it,344333.0,4686.0,29.0,,42,2524,1605,9231,9231,10128
Abbiamo vinto noi,it,236926.0,4594.0,14.0,,42,2522,2079,9232,9232,10129
Diamanti e fango,it,277426.0,5096.0,26.0,,42,2520,126,9233,9233,10130
SOCIAL DETOX,it,191906.0,4059.0,16.0,,42,2525,475,9234,9234,10132
"‎SFIGA, Pt. 2",it,169411.0,4171.0,22.0,,42,2525,475,9235,9235,10133
Qualcosa di buono,it,212080.0,4850.0,10.0,,42,2520,661,9236,9236,10134
ABC,it,166829.0,5901.0,10.0,,42,2526,2080,9237,9237,10135
Segnali Di Fumo,it,233087.0,5460.0,14.0,,42,2522,576,1127,1127,1229
So Free,pl,198000.0,4187.0,9.0,,42,2520,126,9238,9238,10136
Menomale,it,186093.0,5708.0,4.0,,42,2520,126,9239,9239,10137
Una musica sola,it,282640.0,5482.0,8.0,,42,2521,594,9240,9240,10138
Io Grido,it,288733.0,5239.0,27.0,,42,2521,594,9241,9241,10139
MUSICA ETERNA,it,203181.0,5657.0,22.0,,42,2525,1801,160,160,166
Gremlins,it,206721.0,4823.0,18.0,,42,2522,576,9242,9242,10140
Non fa per me,it,218482.0,4456.0,7.0,,42,2522,576,9243,9243,10141
Per L’ennesima Volta,it,328093.0,5041.0,12.0,,42,2521,2076,9244,9244,10142
L’Italia chiama (Pub Song parte II),it,186665.0,5111.0,7.0,,42,2522,576,9245,9245,10143
Un Bimbo Vede un Bimbo fa,it,195305.0,5092.0,58.0,,42,2527,1605,9246,9246,10144
Vaffanculo,it,223439.0,5146.0,15.0,,42,2522,2081,9247,9247,10145
Pezzi di Merda,it,251500.0,5916.0,2.0,,42,2528,1605,9248,9248,10146
Certi Film,it,249173.0,5821.0,4.0,,42,2529,1605,9249,9249,10147
Blu,it,218603.0,5768.0,15.0,,42,2522,576,547,547,577
F.U.F.F.A,it,198800.0,5621.0,6.0,,42,2521,2076,9250,9250,10148
Isola (I need love),it,189480.0,5905.0,5.0,,42,2520,126,9251,9251,10149
Doctor Weed,it,208186.0,4210.0,6.0,,42,2521,2076,9252,9252,10150
DAY OFF,it,188771.0,4543.0,12.0,,42,2525,475,9253,9253,10151
Ad un passo dal sole,it,206013.0,5005.0,6.0,,42,2520,799,9254,9254,10152
CIAO CIAO,it,200412.0,5709.0,12.0,,42,2525,475,9255,9255,10154
Non ce la fai +,it,259653.0,5025.0,10.0,,42,2521,2082,9256,9256,10155
Rapfetamina,it,174705.0,5514.0,49.0,,42,2530,2083,9257,9257,10156
Un classico,it,191013.0,4290.0,3.0,,42,2520,126,9258,9258,10157
Tutti i colori,it,195853.0,4518.0,7.0,,42,2520,126,9259,9259,10158
1000 DA 1000,it,187397.0,5479.0,10.0,,42,2525,475,9260,9260,10159
Tutto normale,it,168226.0,4342.0,4.0,,42,2520,126,9261,9261,10160
Cologno Beach,it,218106.0,4717.0,7.0,,42,2521,2076,9262,9262,10161
Occhi Diversi,it,225103.0,4543.0,10.0,,42,2522,2081,9263,9263,10162
G.R.I.D.O.,it,159207.0,4713.0,13.0,,42,2525,475,9264,9264,10163
Torniamo a casa Lessie,it,156493.0,5433.0,58.0,,42,2531,1710,9265,9265,10164
Veleno,it,264554.0,4749.0,6.0,,42,2522,2081,9266,9266,10165
Peter Pan,it,203586.0,5125.0,6.0,,42,2522,2081,9267,9267,10166
Scemo Scemo,it,206627.0,4212.0,4.0,,42,2522,2081,9268,9268,10167
La Rivincita dei Nerds,en,218890.0,5627.0,6.0,,42,2522,2081,9269,9269,10168
Videogame,it,221320.0,4753.0,6.0,,42,2522,2081,9270,9270,10169
King Kong,it,218575.0,5314.0,4.0,,42,2522,2081,9271,9271,10170
Ajo,sq,158400.0,5468.0,35.0,,42,2532,2084,9272,9272,10171
Bando,it,192096.0,94388.0,72.0,,4,2533,2085,9273,9273,10172
TT LE GIRLZ,it,192096.0,109973.0,72.0,,4,2533,1937,9274,9274,10173
I LOVE IT,it,110332.0,83444.0,0.0,,4,2534,1937,9275,9275,10174
ABC,it,192096.0,65723.0,72.0,,4,2533,1937,9276,9276,10176
30°C,it,152200.0,50930.0,4.0,,4,2535,1797,9277,9277,10177
BBE,it,192096.0,68022.0,72.0,,4,2533,54,9278,9278,10178
BIKINI,it,192096.0,56576.0,72.0,,4,2533,1937,9279,9279,10179
UNA TIPA COME ME,it,151515.0,21386.0,67.0,,4,2536,1937,9280,9280,10180
HELLO KITTY,it,202769.0,22111.0,13.0,,4,2537,1937,9281,9281,10181
VIENI DALLA BADDIE (interlude),it,145483.0,20771.0,57.0,,4,2538,271,9282,9282,10182
TONIGHT,it,192096.0,19422.0,72.0,,4,2533,1937,9283,9283,10183
CHICA ITALIANA,it,130285.0,18039.0,25.0,,4,2539,1937,9284,9284,10184
ENERGY,it,192096.0,15611.0,72.0,,4,2533,892,9285,9285,10185
INTRO,it,192096.0,16985.0,72.0,,4,2533,1937,9286,9286,10186
3 DI CUORI,it,158823.0,14799.0,49.0,,4,2540,581,9287,9287,10187
Drippin’ in Milano,it,192096.0,12157.0,72.0,,4,2533,2086,9288,9288,10188
WHY U MAD,it,455140.0,14051.0,38.0,,4,2541,1937,9289,9289,10189
MULAN,it,192096.0,15738.0,72.0,,4,2533,1937,9290,9290,10190
BLA BLA,pl,119217.0,9659.0,61.0,,4,2538,415,9291,9291,10191
DÉSOLÉE,it,192096.0,10200.0,72.0,,4,2533,446,9292,9292,10192
SHOW ME LOVE,it,297878.0,10369.0,33.0,,4,2542,1937,9293,9293,10193
FAST,it,192096.0,9557.0,72.0,,4,2533,1451,9294,9294,10194
MISS IMPOSSIBLE,it,192096.0,10033.0,72.0,,4,2533,1937,9295,9295,10195
ADVICE,en,192096.0,9544.0,72.0,,4,2533,315,9296,9296,10196
GASOLINA,it,192096.0,6720.0,72.0,,4,2533,10,9297,9297,10197
BABE,pl,219451.0,8146.0,28.0,,4,2543,315,9298,9298,10198
I GOT IT,it,213863.0,7016.0,70.0,,4,2544,882,9299,9299,10199
Merry Christmas Freestyle,it,130285.0,6803.0,25.0,,4,2539,2087,9300,9300,10200
64 Bars,it,217751.0,5316.0,0.0,,4,2545,2088,9301,9301,10201
AMORE DA PIAZZA,it,257706.0,5728.0,3.0,,4,2546,1937,9302,9302,10202
SQUEEZE #1,en,158823.0,4237.0,49.0,,4,2540,2089,9303,9303,10203
BALAKLUB: what up,en,135000.0,4707.0,44.0,,4,2547,830,9304,9304,10204
BABY,it,192096.0,5771.0,72.0,,4,2533,2090,9305,9305,10205
RUFA,it,192096.0,4415.0,72.0,,4,2533,315,9306,9306,10206
TUBARAO RMX,pt,192096.0,4166.0,72.0,,4,2533,2091,9307,9307,10207
SOLO ANDATA,it,226906.0,5592.0,82.0,,4,2533,315,9308,9308,10208
LOCA,it,185188.0,5686.0,40.0,,4,2548,315,9309,9309,10209
NO BODYGUARD FREESTYLE,en,217751.0,4337.0,0.0,,4,2545,2092,9310,9310,10210
CHUN LI FREESTYLE,it,130285.0,5723.0,25.0,,4,2539,1707,9311,9311,10211
Non dico grazie*,it,192096.0,5388.0,72.0,,4,2533,14,9312,9312,10212
Wop Wop,it,183000.0,68401.0,67.0,,77,2549,1354,9313,9313,10213
A Lei,it,185343.0,55306.0,66.0,,77,2549,1354,9314,9314,10214
Tip Tap,it,129795.0,32269.0,61.0,,77,2550,475,9315,9315,10215
Responsabile,it,154285.0,28469.0,56.0,,77,2551,77,9316,9316,10216
Mattone,it,142000.0,25143.0,58.0,,77,2551,1414,9317,9317,10218
Apparecchiato,it,158625.0,25379.0,60.0,,77,2552,514,9318,9318,10219
Bugie,it,160000.0,22869.0,52.0,,77,2549,1354,9319,9319,10220
Samsung,it,195795.0,21736.0,60.0,,77,2549,1354,9320,9320,10221
Pezzi Che Cadono,it,148250.0,19716.0,60.0,,77,2551,2093,9321,9321,10222
​esse​ Type Beat,it,136033.0,14596.0,5.0,,77,2553,2094,9322,9322,10223
Dritto al Cuore,it,184615.0,15633.0,53.0,,77,2549,1354,9323,9323,10224
Mario & Luigi,it,123750.0,12166.0,55.0,,77,2549,1354,9324,9324,10225
Qui Quo Qua,it,147989.0,11169.0,48.0,,77,2549,1354,9325,9325,10226
Tommaso,it,111600.0,14690.0,53.0,,77,2551,566,9326,9326,10227
Campanello,it,186468.0,10422.0,53.0,,77,2549,1354,9327,9327,10229
Rimasugli,it,178452.0,10967.0,55.0,,77,2549,1354,9328,9328,10230
Sex Appeal,it,133555.0,12053.0,49.0,,77,2549,1354,9329,9329,10231
Bar Cinese,it,145353.0,10483.0,54.0,,77,2549,1354,9330,9330,10232
In Hotel,it,162285.0,11895.0,52.0,,77,2549,1354,9331,9331,10233
Terrorista,it,151250.0,8995.0,40.0,,77,2554,2095,9332,9332,10234
Budapest,it,131428.0,6685.0,53.0,,77,2551,271,9333,9333,10235
Ogni Notte,it,148376.0,7572.0,48.0,,77,2549,1354,9334,9334,10236
Giugno Luglio Agosto,it,146614.0,8462.0,47.0,,77,2549,1354,9335,9335,10237
Walter White,it,130000.0,6103.0,48.0,,77,2551,94,9336,9336,10238
Non la Sopporto,it,147878.0,6500.0,57.0,,77,2551,1096,9337,9337,10239
Pippi Calzelunghe,it,130672.0,7345.0,47.0,,77,2549,1354,9338,9338,10240
Franco Campanino,it,161000.0,7054.0,41.0,,77,2551,271,9339,9339,10241
Vito Corleone,it,173316.0,5063.0,49.0,,77,2549,1354,9340,9340,10242
Insieme Da Una Vita,it,131413.0,5040.0,50.0,,77,2551,271,9341,9341,10243
Frank Lukas,it,149538.0,5112.0,42.0,,77,2551,271,9342,9342,10244
X I Ragazzini In Strada,it,140645.0,5914.0,44.0,,77,2551,271,9343,9343,10245
No Pinscher,it,185343.0,6015.0,66.0,,77,2549,1354,9344,9344,10247
Popolare,it,183125.0,4483.0,41.0,,77,2552,112,9345,9345,10248
Crack In Casa 24/7,it,139000.0,5470.0,41.0,,77,2552,188,9346,9346,10249
Minigolf,war,105600.0,4768.0,42.0,,77,2551,271,9347,9347,10250
Papa K,it,195291.0,4027.0,61.0,,77,2555,112,9348,9348,10251
Non Siamo Simili,it,167250.0,4030.0,39.0,,77,2552,112,9349,9349,10252
Al Capone,it,158250.0,4936.0,42.0,,77,2552,606,9350,9350,10253
Pappone,it,146000.0,4990.0,43.0,,77,2552,112,9351,9351,10254
Tupac Freestyle,it,130000.0,4056.0,48.0,,77,2551,2096,9352,9352,10255
Gesù Bambino,it,158625.0,5389.0,60.0,,77,2552,112,9353,9353,10256
Drive By,it,140500.0,4600.0,38.0,,77,2552,112,9354,9354,10257
Balotelli Freestyle,it,130000.0,5133.0,48.0,,77,2551,2097,9355,9355,10258
Angelino,pl,160875.0,4615.0,38.0,,77,2552,112,9356,9356,10259
Dare Un Senso A Questa Vita,it,173625.0,4347.0,35.0,,77,2552,112,9357,9357,10260
Asilo Mariuccia,it,87000.0,4827.0,34.0,,77,2552,112,9358,9358,10261
Per non Morire Mai,it,190173.0,4477.0,36.0,,77,2556,2098,9359,9359,10262
Sasso forbici e carta Freestyle,it,130000.0,5081.0,48.0,,77,2551,85,9360,9360,10263
Buon Natale Freestyle,it,530268.0,4409.0,62.0,,77,2557,2099,9361,9361,10264
Capra,it,352492.0,5029.0,0.0,,77,2558,2100,9362,9362,10265
Illegale,it,129888.0,44623.0,35.0,,88,2559,672,9363,9363,10266
Ci sta,pl,166269.0,30655.0,35.0,,88,2559,855,9364,9364,10267
Odio tutti,it,172804.0,25687.0,25.0,,88,2559,2101,9365,9365,10268
Bella,it,119550.0,15026.0,28.0,,88,2559,1382,9366,9366,10269
TT OK,pl,165576.0,16275.0,23.0,,88,2559,2102,9367,9367,10270
Huarache Freestyle,pl,63867.0,10403.0,23.0,,88,2559,2103,9368,9368,10271
Napapijri,pl,136339.0,9571.0,26.0,,88,2560,834,9369,9369,10273
Chissenefrega,it,145000.0,4872.0,20.0,,88,2560,498,9370,9370,10274
Gang (ora),it,162994.0,5069.0,21.0,,88,2560,264,9371,9371,10275
Papi Chulo,pt,124285.0,5048.0,22.0,,88,2560,264,9372,9372,10276
Genkidama Freestyle,it,57147.0,5865.0,17.0,,88,2559,488,9373,9373,10277
Londra,it,150300.0,5112.0,21.0,,88,2560,264,9374,9374,10278
Mood Freestyle,it,61961.0,5180.0,16.0,,88,2559,2104,9375,9375,10279
Gang Gang (prima),it,151420.0,4815.0,14.0,,88,2560,264,9376,9376,10280
Ubriaco,it,149000.0,5914.0,19.0,,88,2561,264,9377,9377,10281
Bobo Freestyle,it,61500.0,5568.0,16.0,,88,2559,2105,9378,9378,10282
Che palle,it,116785.0,4582.0,14.0,,88,2560,264,9379,9379,10283
Me ne batto r’belin,it,103750.0,5702.0,19.0,,88,2562,2106,9380,9380,10284
Fb,it,119444.0,4877.0,16.0,,88,2560,264,9381,9381,10285
Boomerang Freestyle,it,192240.0,5674.0,36.0,,88,2563,2107,9382,9382,10286
Ragazzi popolari,it,186000.0,5660.0,13.0,,88,2564,64,9383,9383,10287
Nella Pancia Della Balena,it,155318.0,4389.0,28.0,,88,2565,6,9384,9384,10288
Ubriaco (per davvero),it,149000.0,5417.0,19.0,,88,2561,2108,9385,9385,10289
Una bugia,it,132666.0,4595.0,13.0,,88,2566,913,9386,9386,10290
Zanzare,it,176900.0,4606.0,16.0,,88,2567,2109,9387,9387,10291
Ya Freestyle,it,371960.0,4606.0,16.0,,88,2568,802,9388,9388,10292
Ci Vediamo In Città,it,182245.0,5468.0,76.0,,88,2569,2110,9389,9389,10293
Credi a Ciò Che Vuoi,it,167999.0,4473.0,69.0,,88,2570,2110,9390,9390,10294
Spietato,it,129697.0,4013.0,16.0,,88,2571,421,9391,9391,10295
PICAPOLLO,es,107181.0,5442.0,14.0,,88,2572,409,9392,9392,10296
Scugnizzo,it,192240.0,4354.0,36.0,,88,2563,2111,9393,9393,10297
KLK!,it,107181.0,4220.0,14.0,,88,2572,404,9394,9394,10298
MI HA PUNTO UN SERPENTE,pt,245853.0,4487.0,75.0,,88,2573,65,9395,9395,10299
Fannullone,it,192240.0,4774.0,36.0,,88,2563,2112,9396,9396,10300
Libertà,it,192240.0,4965.0,36.0,,88,2563,2113,9397,9397,10301
LA SIGNORA DEI BACI,it,128466.0,4099.0,21.0,,88,2574,1801,9398,9398,10302
LA SOCIETÀ DEGLI APERITIVI,it,192240.0,5956.0,36.0,,88,2563,512,9399,9399,10303
ToTem,it,192240.0,5447.0,36.0,,88,2563,2112,9400,9400,10304
F.C.I.F.,pl,122926.0,4658.0,4.0,,88,2575,2112,9401,9401,10305
Pensa Te,it,168391.0,4652.0,17.0,,88,2576,2112,9402,9402,10306
La Mia Ingenuità,it,283893.0,4911.0,60.0,,88,2577,2112,9403,9403,10307
PATAPAPAM,it,192240.0,5267.0,36.0,,88,2563,243,9404,9404,10308
CARMELA,it,192240.0,4304.0,36.0,,88,2563,243,9405,9405,10309
SIAM PIRATI,it,160161.0,4389.0,40.0,,88,2578,243,9406,9406,10310
Machete Mob,it,227179.0,123734.0,40.0,,22,2579,265,9407,9407,10314
Gameboy Color,it,146666.0,94037.0,40.0,,22,2580,713,9408,9408,10315
Cioilflow,it,186160.0,57529.0,35.0,,22,2579,8,9409,9409,10316
Polvere e detriti,it,237200.0,44219.0,30.0,,22,2579,265,9410,9410,10317
Super,it,207355.0,39891.0,29.0,,22,2579,265,9411,9411,10318
In peggio,it,164746.0,33734.0,31.0,,22,2579,455,9412,9412,10319
Kyte sul tempo,pl,192078.0,37412.0,35.0,,22,2581,6,9413,9413,10320
Sorrisi di plastica,it,231306.0,26657.0,23.0,,22,2582,2114,9414,9414,10321
La La La La La,pl,180000.0,35026.0,47.0,,22,2583,2115,9415,9415,10322
Gabbiano / Moonrock,it,184501.0,31821.0,37.0,,22,2584,2116,9416,9416,10323
Facce finte,it,166300.0,32232.0,29.0,,22,2579,265,9417,9417,10324
Freddy Friendly,it,191014.0,30996.0,30.0,,22,2581,6,9418,9418,10325
Wow,it,197466.0,29715.0,22.0,,22,2582,1781,9419,9419,10326
Oggi no,it,148380.0,28927.0,22.0,,22,2579,265,9420,9420,10327
GTA VI,it,209296.0,24923.0,44.0,,22,2585,1354,9421,9421,10329
Affogare,it,195226.0,23007.0,23.0,,22,2582,248,9422,9422,10330
Looper,it,132640.0,21423.0,25.0,,22,2582,248,9423,9423,10331
Scompaio,it,221506.0,23196.0,20.0,,22,2582,1342,9424,9424,10332
Yung,en,159473.0,23469.0,37.0,,22,2584,2117,9425,9425,10333
Ananas,it,164444.0,17328.0,25.0,,22,2580,557,9426,9426,10334
Dalai Lama,en,174373.0,22838.0,19.0,,22,2582,248,9427,9427,10335
Aria,it,176277.0,21745.0,28.0,,22,2581,6,9428,9428,10336
Zanzare Freestyle,it,89839.0,22431.0,35.0,,22,2583,1389,9429,9429,10337
Giornale / Di corsa,it,166836.0,20684.0,31.0,,22,2584,1365,9430,9430,10338
Canna e Playstation,pl,147070.0,15854.0,26.0,,22,2581,6,9431,9431,10339
Gameboy Advance,it,168888.0,14639.0,28.0,,22,2584,557,9432,9432,10340
Intro (Estinzione),it,125072.0,14611.0,24.0,,22,2581,6,9433,9433,10341
Scarpe nuove,it,210072.0,15614.0,24.0,,22,2584,1365,9434,9434,10342
Lemon Haze,it,173333.0,16530.0,26.0,,22,2584,557,8485,8485,9334
Pezzo grosso,it,161977.0,17651.0,21.0,,22,2581,6,9435,9435,10343
Senza sabbia dentro,it,230946.0,17752.0,19.0,,22,2582,248,9436,9436,10344
4MST,it,170026.0,15831.0,19.0,,22,2582,248,9437,9437,10345
Fortnite,it,155555.0,11825.0,19.0,,22,2584,407,9438,9438,10346
Pollo RMX,pt,202113.0,12608.0,24.0,,22,2584,1365,9439,9439,10347
Che buona,it,184612.0,12018.0,30.0,,22,2584,1365,9440,9440,10348
Weekend a Miami,en,195656.0,13201.0,38.0,,22,2581,6,9441,9441,10349
Outro (Niente di speciale),it,188476.0,13568.0,26.0,,22,2581,6,9442,9442,10350
Mosche depresse,it,83765.0,10958.0,18.0,,22,2581,6,9443,9443,10351
ANNO ZERO,it,182449.0,12567.0,25.0,,22,2586,851,9444,9444,10352
Pragaras,it,171626.0,11151.0,19.0,,22,2582,248,9445,9445,10353
Latte Freestyle,it,186000.0,13046.0,16.0,,22,2587,239,9446,9446,10354
Heart,it,171942.0,11734.0,32.0,,22,2588,2118,9447,9447,10355
Easy,pl,181276.0,11655.0,21.0,,22,2581,6,9448,9448,10356
The Waiter,it,250746.0,11221.0,17.0,,22,2582,248,9449,9449,10357
Lego,it,109112.0,13485.0,43.0,,22,2589,135,9450,9450,10358
E.T.A.,it,175260.0,9146.0,44.0,,22,2590,140,9451,9451,10360
Melinda,it,160000.0,10216.0,21.0,,22,2584,557,9452,9452,10361
Malattia,it,254733.0,10925.0,16.0,,22,2582,248,9453,9453,10362
1312,it,178909.0,10077.0,42.0,,22,2589,135,9454,9454,10364
Buonanotte,it,109664.0,11404.0,21.0,,22,2581,6,9455,9455,10365
Stile,it,133464.0,8612.0,22.0,,22,2584,1365,9456,9456,10366
Ore / Oro,it,133945.0,8650.0,23.0,,22,2584,1365,9457,9457,10367
64 Bars,it,211994.0,7301.0,59.0,,22,2591,1100,9458,9458,10368
PIN,it,187106.0,9052.0,18.0,,22,2582,248,9459,9459,10369
LUNA NERA,it,167471.0,7719.0,28.0,,22,2592,719,9460,9460,10370
Xquisa,it,168100.0,7220.0,23.0,,22,2584,1365,9461,9461,10371
Facile,it,142522.0,7948.0,21.0,,22,2584,1365,9462,9462,10372
FACCE VERE,it,156958.0,7860.0,27.0,,22,2593,2119,9463,9463,10373
Collassony,it,203414.0,6359.0,32.0,,22,2589,135,9464,9464,10374
Bruno Barbieri,it,161538.0,8255.0,36.0,,22,2589,135,9465,9465,10376
Vivi meglio,it,224605.0,7947.0,20.0,,22,2588,1481,9466,9466,10377
Contrario della speranza,it,254837.0,6620.0,20.0,,22,2588,2120,9467,9467,10378
Pollo (Intro),it,118518.0,7324.0,14.0,,22,2580,557,9468,9468,10379
Teoria del contrario (Intro),it,129634.0,6904.0,44.0,,22,2583,2118,9469,9469,10380
CAVALLI & ARMANI,it,180000.0,5618.0,47.0,,22,2583,297,9470,9470,10381
Mi Diverte Dirlo,it,195440.0,5271.0,18.0,,22,2588,2118,9471,9471,10382
Sto xso,it,193770.0,4827.0,34.0,,22,2589,135,9472,9472,10383
AMORE + ODIO (intro),it,129634.0,5238.0,44.0,,22,2583,297,9473,9473,10384
FOTO DI NOI,it,193428.0,5894.0,28.0,,22,2594,2121,9474,9474,10385
Viola,it,136421.0,5358.0,29.0,,22,2589,135,9475,9475,10386
Cracco,it,239280.0,4163.0,17.0,,22,2588,2122,9476,9476,10387
Lassù,it,143478.0,4934.0,27.0,,22,2589,135,9477,9477,10388
Legame,it,182068.0,5797.0,32.0,,22,2589,135,9478,9478,10390
No Look,pl,208536.0,4202.0,16.0,,22,2588,1923,9479,9479,10391
MACCHINA PESO,it,170322.0,5996.0,48.0,,22,2583,297,9480,9480,10392
Scodinzolando (Freestyle),it,98358.0,5917.0,15.0,,22,2588,2118,9481,9481,10393
Uno Alla Volta,pl,229253.0,4169.0,64.0,,22,2595,2123,9482,9482,10395
Tre Winston,it,198088.0,5882.0,29.0,,22,2589,135,9483,9483,10397
Giornale Freestyle,it,166836.0,4738.0,31.0,,22,2584,2124,9484,9484,10398
NO ROCKSTAR,it,147096.0,5707.0,45.0,,22,2583,297,9485,9485,10399
TONY STARK,it,177931.0,4852.0,37.0,,22,2583,297,9486,9486,10400
SLITHERTDC,it,153812.0,4895.0,42.0,,22,2583,297,9487,9487,10401
Fantino Freestyle,it,106490.0,5284.0,15.0,,22,2596,1407,9488,9488,10402
Uma Thurman (Freestyle),it,178188.0,5565.0,18.0,,22,2588,2118,9489,9489,10403
AMELIE,it,192772.0,4078.0,33.0,,22,2594,10,9490,9490,10404
Piccolo Faiv,it,138461.0,5201.0,26.0,,22,2589,135,9491,9491,10405
"FAIV, PUNTO",it,111664.0,4385.0,23.0,,22,2594,10,9492,9492,10406
BAMBINO OBESO,it,135652.0,4705.0,44.0,,22,2583,297,9493,9493,10407
Ultimo piano,it,175260.0,4710.0,44.0,,22,2590,140,9494,9494,10408
Biz,en,172895.0,4952.0,19.0,,22,2584,1365,9495,9495,10409
Bluetooth Freestyle,it,105882.0,4682.0,9.0,,22,2597,2125,9496,9496,10410
Ti ricorderai di me,it,146938.0,4228.0,30.0,,22,2589,135,9497,9497,10411
Con il fumo dietro,it,228575.0,4304.0,11.0,,22,2588,2118,9498,9498,10412
MAYDAY,it,161843.0,4079.0,24.0,,22,2594,10,9499,9499,10413
VENEZIA,it,160243.0,4954.0,25.0,,22,2594,10,9500,9500,10414
Renato (54321),it,144687.0,5925.0,24.0,,22,2589,135,9501,9501,10415
SANDRO TONALI,pl,149150.0,4241.0,26.0,,22,2598,581,9502,9502,10416
Cadere giù,it,155624.0,5909.0,46.0,,22,2589,135,9503,9503,10417
HOW TO,it,145010.0,5482.0,20.0,,22,2594,10,9504,9504,10418
Mobamba,it,83294.0,5288.0,24.0,,22,2589,135,9505,9505,10419
POPCORN,it,187786.0,5305.0,40.0,,22,2583,297,9506,9506,10421
Centro,it,179186.0,5671.0,12.0,,22,2588,2118,9507,9507,10425
Goodboy/genere Faiv,it,205333.0,4226.0,26.0,,22,2589,135,9508,9508,10426
Asciugacapelli,it,137266.0,5023.0,25.0,,22,2589,135,9509,9509,10427
F.D.S.,it,211994.0,5411.0,59.0,,22,2591,2126,9510,9510,10428
S.W.N.C.,it,253792.0,5188.0,10.0,,22,2588,2118,9511,9511,10429
ICONA HIP HOP,it,164629.0,5681.0,24.0,,22,2594,10,9512,9512,10430
FINTO GIOVANE,it,124635.0,4156.0,23.0,,22,2594,10,9513,9513,10431
Mic on la palla,it,271788.0,5396.0,15.0,,22,2588,2118,9514,9514,10433
VERBATIM,it,173877.0,5083.0,35.0,,22,2583,297,9515,9515,10435
SHAQ E KOBE,en,196592.0,4771.0,21.0,,22,2594,10,9516,9516,10436
Caso chiuso,it,129677.0,4693.0,27.0,,22,2589,135,9517,9517,10437
Danger,it,140816.0,5258.0,28.0,,22,2589,135,9518,9518,10438
"WEED, SOLDI, SESSO",it,193876.0,5799.0,25.0,,22,2594,10,9519,9519,10439
OLIO E ACQUA,it,177213.0,5007.0,19.0,,22,2594,10,9520,9520,10440
Barca a vela,it,162290.0,5667.0,40.0,,22,2590,140,9521,9521,10441
Rapido,it,184843.0,4816.0,24.0,,22,2589,135,9522,9522,10443
DIO/R,it,154960.0,4218.0,38.0,,22,2583,297,9523,9523,10444
FULL SPEED,it,189103.0,4134.0,20.0,,22,2594,10,9524,9524,10445
NON È VERO,it,178000.0,4114.0,35.0,,22,2583,297,9525,9525,10446
Booty,it,195452.0,4774.0,34.0,,22,2590,140,9526,9526,10447
KAWA,it,157617.0,4688.0,35.0,,22,2583,297,9527,9527,10448
ZANZARE PT.2,it,89839.0,5451.0,35.0,,22,2583,297,9528,9528,10449
Di Natale,it,149263.0,5499.0,30.0,,22,2590,312,9529,9529,10450
Gufo - Outro,it,213366.0,4114.0,10.0,,22,2588,2118,9530,9530,10451
THEO & ACHRAF,it,92575.0,4454.0,38.0,,22,2583,297,9531,9531,10452
Solo quello (Bonus Track),it,150696.0,4562.0,10.0,,22,2588,2118,9532,9532,10453
CLOCHARD,it,190666.0,5108.0,18.0,,22,2594,10,9533,9533,10454
SAN GERARDO,it,200623.0,4301.0,31.0,,22,2583,297,9534,9534,10455
WORM,it,111428.0,4278.0,35.0,,22,2583,297,9535,9535,10456
Contrario (Bonus Track),it,491030.0,5906.0,10.0,,22,2588,2118,9536,9536,10457
James Brown,it,199877.0,5625.0,34.0,,22,2599,567,9537,9537,10458
Esiste o no,it,167926.0,4374.0,25.0,,22,2599,567,9538,9538,10460
NON É COLPA MIA,it,180442.0,4826.0,21.0,,22,2594,2127,9539,9539,10461
Zanzare,it,89839.0,4725.0,35.0,,22,2583,230,9540,9540,10462
Onda Freestyle,it,211994.0,5597.0,59.0,,22,2591,950,9541,9541,10463
HARD SHIT,it,108561.0,5033.0,29.0,,22,2583,297,9542,9542,10464
Dalmata,it,163514.0,4266.0,25.0,,22,2590,140,9543,9543,10465
Ragnatela,it,103791.0,5492.0,27.0,,22,2590,140,9544,9544,10466
Senso di Colpa,it,194676.0,4808.0,30.0,,22,2599,567,9545,9545,10467
Segreti,it,211994.0,4540.0,59.0,,22,2591,157,9546,9546,10468
Cara Italia Freestyle,it,211994.0,4764.0,59.0,,22,2591,1374,9547,9547,10469
Vivo Per Questo (Piano B),it,170735.0,5009.0,25.0,,22,2599,567,9548,9548,10470
Air Tag,it,159753.0,4698.0,24.0,,22,2599,567,9549,9549,10471
NOI FACCIAMO IL CONTRARIO (CELEBRAZIONE EUCARISTICA N.23),it,44316.0,4495.0,25.0,,22,2583,297,9550,9550,10472
Relazione complicata,it,159010.0,4809.0,23.0,,22,2599,567,9551,9551,10473
Al Sole,it,158267.0,4050.0,29.0,,22,2599,567,9552,9552,10474
Indispensabile,it,147560.0,5561.0,23.0,,22,2590,140,9553,9553,10475
Miracolo,it,159010.0,4354.0,25.0,,22,2599,567,9554,9554,10476
Nella city,it,118046.0,4100.0,47.0,,22,2591,569,9555,9555,10477
K!L!,it,180000.0,5323.0,47.0,,22,2583,2128,9556,9556,10478
Freestyle volto ad intrattenere la fanbase in attesa del nuovo singolo,it,155624.0,5564.0,46.0,,22,2589,98,9557,9557,10479
Tommy Anthem Freestyle,it,211994.0,5645.0,59.0,,22,2591,2129,9558,9558,10480
105 Mi Casa Mashup: Dani Faiv con In Peggio su How We Do,it,134347.0,5000.0,60.0,,22,2600,2130,9559,9559,10481
PERDONAMI,it,134413.0,281569.0,55.0,,87,2601,1173,9560,9560,10482
LUNEDÌ,it,205266.0,285475.0,60.0,,87,2601,1822,9561,9561,10483
IL CIELO NELLA STANZA,it,186213.0,271821.0,66.0,,87,2601,1822,9562,9562,10484
1984,it,249613.0,193146.0,58.0,,87,2602,440,9563,9563,10485
CHARLES MANSON (BUON NATALE2),it,258186.0,223094.0,45.0,,87,2603,826,9564,9564,10488
90MIN,it,231920.0,154391.0,61.0,,87,2601,496,9565,9565,10489
Title?,it,208146.0,193049.0,43.0,,87,2604,226,9566,9566,10491
Buon N***** Freestyle,it,178860.0,165828.0,2.0,,87,2605,2131,9567,9567,10493
L’alba,it,176746.0,149738.0,53.0,,87,2602,119,9568,9568,10494
STAI ZITTO,it,202573.0,163488.0,59.0,,87,2601,1822,9569,9569,10495
Killer Game,en,261160.0,141295.0,50.0,,87,2606,2132,564,564,10496
S.A.L.M.O.,it,235920.0,105326.0,57.0,,87,2606,2132,9570,9570,10497
Blood Shake,en,268960.0,112882.0,40.0,,87,2606,944,9571,9571,10498
La prima volta,it,227944.0,93807.0,57.0,,87,2607,2133,9572,9572,10499
GHIGLIOTTINA,it,186733.0,107872.0,49.0,,87,2608,2134,9573,9573,10500
HO PAURA DI USCIRE,it,177036.0,114931.0,58.0,,87,2609,1822,9574,9574,10501
Don Medellín,it,231221.0,96523.0,47.0,,87,2604,2135,9575,9575,10502
RESPIRA,it,223413.0,91963.0,59.0,,87,2610,529,9576,9576,10503
Black Widow,it,194200.0,101808.0,54.0,,87,2602,119,9577,9577,10504
KUMITE,it,170018.0,111116.0,58.0,,87,2608,2134,9578,9578,10505
Mic Taser,it,188946.0,78280.0,45.0,,87,2602,119,9579,9579,10506
The Island,en,222893.0,90892.0,50.0,,87,2606,2132,9580,9580,10509
Estate dimmerda,it,257931.0,81661.0,46.0,,87,2611,1702,9581,9581,10510
CABRIOLET,it,185573.0,99606.0,59.0,,87,2601,1822,9582,9582,10511
Il messia,en,251973.0,76357.0,44.0,,87,2602,119,9583,9583,10513
7 am,en,147106.0,93835.0,55.0,,87,2602,119,9584,9584,10514
Faraway,it,199600.0,74502.0,53.0,,87,2606,2132,9585,9585,10515
Il senso dell’odio,it,220682.0,70705.0,52.0,,87,2607,1973,9586,9586,10516
LA CHIAVE,it,119492.0,94347.0,51.0,,87,2608,2134,9587,9587,10517
Yoko-ono,it,212218.0,62379.0,52.0,,87,2607,2133,9588,9588,10518
L’ANGELO CADUTO,it,204097.0,72302.0,45.0,,87,2608,2134,9589,9589,10519
Giuda,it,138960.0,58577.0,46.0,,87,2602,530,9590,9590,10520
CVLT,it,226557.0,70848.0,59.0,,87,2610,529,9591,9591,10521
SPARARE ALLA LUNA,it,211666.0,68205.0,49.0,,87,2601,1822,9592,9592,10522
Hellvisback,it,249613.0,62234.0,58.0,,87,2602,119,9593,9593,10523
ANTHEM,it,138660.0,57042.0,49.0,,87,2610,529,9594,9594,10524
ANTIPATICO,it,117240.0,61729.0,49.0,,87,2608,2134,9595,9595,10525
MARLA,it,215224.0,68250.0,54.0,,87,2608,2134,9596,9596,10526
Wow. RMX,it,516786.0,70689.0,53.0,,87,2612,816,9597,9597,10527
RICCHI E MORTI,it,138240.0,62723.0,49.0,,87,2601,1822,9598,9598,10528
MI SENTO BENE,it,183089.0,62968.0,46.0,,87,2608,2134,9599,9599,10529
Bentley vs Cadillac,it,202693.0,52251.0,41.0,,87,2602,119,9600,9600,10530
FLOP!,it,181050.0,53161.0,41.0,,87,2608,2134,9601,9601,10531
YHWH,en,191349.0,49446.0,43.0,,87,2608,2134,9602,9602,10532
Io sono qui,it,180880.0,51103.0,43.0,,87,2602,530,9603,9603,10533
Daytona,it,236400.0,49075.0,42.0,,87,2602,119,9604,9604,10534
Russell Crowe,pl,177640.0,55421.0,57.0,,87,2606,2136,9605,9605,10535
Peyote,it,572813.0,54289.0,35.0,,87,2602,119,9606,9606,10536
Vestito di spine,en,184026.0,61776.0,32.0,,87,2613,383,9607,9607,10537
Space Invaders,en,224106.0,42457.0,46.0,,87,2606,2132,9608,9608,10538
PXM,it,184506.0,50689.0,43.0,,87,2601,1822,9609,9609,10539
DISPOVERY CHANNEL,it,204400.0,53745.0,46.0,,87,2601,1822,9610,9610,10540
CHE NE SO,it,137533.0,47370.0,40.0,,87,2608,2134,9611,9611,10541
IN TRAPPOLA,it,112867.0,41198.0,42.0,,87,2608,2134,9612,9612,10542
HELLVISBACK 2,it,158618.0,39159.0,46.0,,87,2608,2134,7530,7530,8254
A DIO,it,174300.0,34725.0,42.0,,87,2608,2134,9613,9613,10543
MY LOVE SONG 2,it,174287.0,39151.0,54.0,,87,2610,529,9614,9614,10545
FUORI DI TESTA,it,185986.0,45971.0,46.0,,87,2608,2134,9615,9615,10546
Un dio personale,it,160052.0,34162.0,46.0,,87,2607,2133,9616,9616,10547
CRIMINALE,it,158527.0,36519.0,43.0,,87,2608,2134,9617,9617,10548
Papparapà Rmx,it,231920.0,43889.0,61.0,,87,2601,1712,9618,9618,10549
SALMO 23,it,184037.0,44890.0,51.0,,87,2614,826,9619,9619,10550
ALDO RITMO,it,160500.0,39237.0,49.0,,87,2608,2134,9620,9620,10551
Rob Zombie,pl,174786.0,42161.0,46.0,,87,2606,2132,9621,9621,10552
L’erba di Grace,it,196075.0,35126.0,43.0,,87,2607,2133,9622,9622,10553
La festa è finita,it,194426.0,31376.0,40.0,,87,2602,119,9623,9623,10554
Borderline,it,178360.0,32205.0,35.0,,87,2606,2132,9624,9624,10555
ON FIRE,pl,201016.0,34481.0,69.0,,87,2615,2137,9625,9625,10556
ORA CHE FAI?,it,130506.0,38539.0,43.0,,87,2601,1822,9626,9626,10557
INCUBI,it,162893.0,25750.0,48.0,,87,2610,529,9627,9627,10558
CONTA SU DI ME,it,166366.0,30907.0,72.0,,87,2615,80,9628,9628,10559
VIVO,it,118253.0,28436.0,35.0,,87,2608,2134,9629,9629,10560
CRINGE,it,192728.0,28863.0,48.0,,87,2610,529,9630,9630,10561
CRUDELE,it,162083.0,22363.0,68.0,,87,2615,80,9631,9631,10562
DOVE VOLANO LE PAPERE,it,224133.0,25317.0,67.0,,87,2616,767,9632,9632,10563
Sadico,it,186040.0,30815.0,41.0,,87,2606,2132,9633,9633,10564
Rancho della luna,it,224679.0,27673.0,38.0,,87,2607,2133,9634,9634,10565
Morte in diretta,it,219820.0,26494.0,42.0,,87,2607,2133,9635,9635,10566
Death USB,it,201293.0,24603.0,40.0,,87,2617,2138,9636,9636,10567
HOTLINE,it,215817.0,24071.0,56.0,,87,2618,305,9637,9637,10568
CARTINE CORTE,it,148907.0,24783.0,70.0,,87,2615,80,9638,9638,10569
Nella pancia dello squalo,it,230400.0,28042.0,39.0,,87,2607,2133,9639,9639,10570
SINCERO,it,197446.0,27502.0,70.0,,87,2615,80,9640,9640,10571
Weishaupt,it,207280.0,22541.0,37.0,,87,2606,2132,9641,9641,10572
Ordinaria Follia,it,275080.0,21454.0,40.0,,87,2606,2132,9642,9642,10573
N€UROLOGIA,it,192580.0,25022.0,67.0,,87,2615,80,9643,9643,10574
Vuoto,it,162037.0,20486.0,40.0,,87,2607,2133,9644,9644,10575
CROCI € CRISTI,it,154695.0,21542.0,44.0,,87,2610,529,9645,9645,10576
BYE BYE,it,204375.0,18178.0,67.0,,87,2615,80,9646,9646,10577
Prima di dormire,it,211722.0,21490.0,39.0,,87,2607,2133,9647,9647,10578
GRINDHOUSE,it,156893.0,19637.0,47.0,,87,2610,529,9648,9648,10579
MAURI,it,201521.0,21493.0,64.0,,87,2615,80,9649,9649,10580
TITOLI DI CODA,it,466000.0,20685.0,62.0,,87,2615,80,9650,9650,10581
Demons To Diamonds,it,177160.0,16002.0,41.0,,87,2617,2138,9651,9651,10582
IL FIGLIO DEL PRETE,it,147261.0,19616.0,66.0,,87,2615,80,9652,9652,10583
Old Boy,it,206973.0,20105.0,38.0,,87,2606,2132,9653,9653,10584
Negative Youth,it,153426.0,16423.0,39.0,,87,2617,2138,9654,9654,10585
Street Drive-in,it,251715.0,15062.0,36.0,,87,2607,2133,9655,9655,10586
INCAPACE,it,178000.0,13800.0,65.0,,87,2615,80,9656,9656,10587
BRUJERIA,it,192588.0,16709.0,45.0,,87,2610,529,9657,9657,10588
Il Pentacolo,it,188346.0,16004.0,36.0,,87,2617,2138,9658,9658,10589
TIE’,it,90933.0,16537.0,37.0,,87,2601,1822,9659,9659,10590
MIRACOLO,it,174283.0,14098.0,45.0,,87,2610,529,9660,9660,10591
RAP MONEY,it,213269.0,18163.0,51.0,,87,2618,305,9661,9661,10592
L’ODIO,it,166208.0,13480.0,51.0,,87,2618,305,9662,9662,10593
NIGHTCRAWLERS,it,132453.0,13135.0,43.0,,87,2610,529,9663,9663,10594
Redneck,it,93840.0,14259.0,36.0,,87,2606,2132,9664,9664,10595
BOUNCE!,it,105463.0,14234.0,65.0,,87,2615,80,9665,9665,10596
SANGUE AMARO,it,193333.0,12423.0,66.0,,87,2615,80,9666,9666,10597
Narcoleptic Verses Pt. 1,en,203133.0,12705.0,35.0,,87,2617,2138,9667,9667,10599
BEATCOIN,it,152850.0,11792.0,66.0,,87,2615,80,9668,9668,10600
MATRIOSKA,it,191837.0,14215.0,42.0,,87,2610,529,9669,9669,10601
181,it,140297.0,14392.0,45.0,,87,2619,219,9670,9670,10602
Back On Track,en,158275.0,12601.0,38.0,,87,2607,2133,9671,9671,10603
L. Fast & D. Young,pl,147613.0,13663.0,37.0,,87,2617,2139,9672,9672,10604
Mussoleeni,it,144746.0,13636.0,30.0,,87,2620,2140,9673,9673,10605
LA FINE,it,141116.0,10538.0,43.0,,87,2610,529,9674,9674,10606
NUMERI PRIMI,it,157419.0,14311.0,63.0,,87,2615,80,9675,9675,10607
NON MI PASSA,it,197213.0,13394.0,47.0,,87,2618,305,9676,9676,10608
Red Bull 64 Bars,it,187293.0,10382.0,55.0,,87,2621,2141,9677,9677,10609
HELLRAISERS,it,110262.0,9937.0,49.0,,87,2618,305,9678,9678,10610
MALEDETTI,it,166208.0,9654.0,42.0,,87,2610,529,9679,9679,10611
Los Ojos del Diablo,es,271725.0,9477.0,34.0,,87,2607,2133,9680,9680,10612
STUPIDO GIOCO DEL RAP 2,it,139520.0,11282.0,47.0,,87,2613,2142,9681,9681,10613
KILOMETRI,it,145175.0,10113.0,42.0,,87,2610,529,9682,9682,10614
GAME OVER,it,216389.0,11289.0,14.0,,87,2622,404,9683,9683,10615
FUORI CONTROLLO,en,216900.0,9850.0,64.0,,87,2615,80,9684,9684,10616
Narcoleptic Verses Pt. 2,it,203133.0,9147.0,35.0,,87,2617,2138,9685,9685,10617
999,it,101355.0,8078.0,0.0,,87,2623,287,9686,9686,10618
Buona giornata,it,466000.0,5910.0,62.0,,87,2615,383,9687,9687,10619
Munchies,en,158066.0,6492.0,32.0,,87,2607,2133,9688,9688,10620
LOSING MY MIND RMX,it,184577.0,6666.0,89.0,,87,2624,232,9689,9689,10621
In un attimo,it,217524.0,4600.0,0.0,,87,2625,2056,9690,9690,10622
A TE E FAMIGLIA,it,171461.0,4603.0,38.0,,87,2626,2143,9691,9691,10623
Driveway,en,105273.0,6258.0,32.0,,87,2607,2133,9692,9692,10624
Nuovo Rinascimento,it,223666.0,5870.0,4.0,,87,2627,14,9693,9693,10625
Mr. Antipatia,it,198912.0,4633.0,6.0,,87,2628,383,9694,9694,10626
Brutta Influenza,it,162782.0,5393.0,0.0,,87,2629,383,9695,9695,10627
MARLA / BLACK WIDOW - Unplugged (Amazon Original),it,331973.0,5601.0,44.0,,87,2630,2144,9696,9696,10628
Avanzi,it,231920.0,4628.0,61.0,,87,2601,287,9697,9697,10629
Doomsday,en,137160.0,4083.0,29.0,,87,2617,2138,9698,9698,10630
BLOCCO 181 - Title Track,it,34404.0,5880.0,25.0,,87,2619,219,9699,9699,10632
Il periodo delle mosche,it,193933.0,4704.0,58.0,,87,2631,383,9700,9700,10633
DJ Valium,it,117315.0,4223.0,30.0,,87,2607,2133,9701,9701,10634
#CONVERSE,it,242755.0,4998.0,0.0,,87,2632,2145,9702,9702,10635
Come al Solito,it,86656.0,5552.0,20.0,,87,2633,2146,9703,9703,10636
Saturday Killer,it,155390.0,4458.0,32.0,,87,2634,287,9704,9704,10637
Di fretta?,it,300585.0,4551.0,8.0,,87,2635,383,9705,9705,10638
PLOF,it,205266.0,4497.0,60.0,,87,2601,121,9706,9706,10639
Sliketton,it,231920.0,6002.0,61.0,,87,2601,2147,9707,9707,10640
+ Me La - + Ne Vengo -,it,466000.0,4408.0,62.0,,87,2615,2148,9708,9708,10641
London 2007,it,463400.0,5165.0,6.0,,87,2636,2149,9709,9709,10642
Hellcome!,en,62120.0,5868.0,28.0,,87,2617,2138,9710,9710,10643
Salmon le bon,it,693386.0,4307.0,7.0,,87,2637,287,9711,9711,10644
CaPiTo cHè???,it,466000.0,5959.0,62.0,,87,2615,287,9712,9712,10645
Metalmorfosi,it,144097.0,5913.0,61.0,,87,2609,2150,9713,9713,10646
Un’altra merda che si amplifica,it,257931.0,5786.0,46.0,,87,2611,383,9714,9714,10647
OCHC,it,223413.0,4443.0,59.0,,87,2610,1635,9715,9715,10648
F-umano,it,224679.0,5283.0,38.0,,87,2607,383,9716,9716,10649
Regolare,en,205266.0,5540.0,60.0,,87,2601,383,9717,9717,10650
"Avete, potreste ma non potete",it,304066.0,5992.0,43.0,,87,2638,287,9718,9718,10651
Jezuz,it,231920.0,4374.0,61.0,,87,2601,383,9719,9719,10652
Le confessioni di Salmo,it,466000.0,5547.0,62.0,,87,2615,2151,9720,9720,10653
​LUNEDI’ - Unplugged (Amazon Original),it,205266.0,4691.0,60.0,,87,2601,2144,9721,9721,10654
105 Mi Casa Mashup: Salmo con Ho paura di uscire su Losing it,it,231920.0,4363.0,61.0,,87,2601,2152,9722,9722,10655
IL CIELO NELLA STANZA - Unplugged (Amazon Original),it,186213.0,4857.0,66.0,,87,2601,2144,9723,9723,10656
L’ALBA - Unplugged (Amazon Original),en,190976.0,5604.0,40.0,,87,2630,2144,9724,9724,10657
Introliberassociazione,it,205266.0,4944.0,60.0,,87,2601,287,9725,9725,10658
LA PRIMA VOLTA - Unplugged (Amazon Original),no,255130.0,5089.0,11.0,,87,2639,2144,9726,9726,10659
90 MIN - Unplugged (Amazon Original),it,294133.0,6007.0,1.0,,87,2640,2144,9727,9727,10660
Venerdi 06 07,it,211173.0,4811.0,34.0,,87,2641,2153,9728,9728,10661
ALDO RITMO - Unplugged (Amazon Original),pl,183248.0,5245.0,2.0,,87,2642,2144,9729,9729,10662
IL SENSO DELL’ODIO - Unplugged (Amazon Original),no,220682.0,4745.0,52.0,,87,2607,2144,9730,9730,10663
A DIO - Unplugged (Amazon Original),pl,1500000.0,4798.0,14.0,,87,2643,2144,9731,9731,10664
Non ci resta che l’odio (DJ Slait MashUp),it,220682.0,5407.0,52.0,,87,2607,1991,9732,9732,10665
CRIMINALE - Unplugged (Amazon Original),no,188608.0,5892.0,36.0,,87,2630,2144,9733,9733,10666
Sul serio?,it,220682.0,5100.0,52.0,,87,2607,2056,9734,9734,10667
Planet Terror,it,239413.0,5553.0,1.0,,87,2644,2154,9735,9735,10668
Here I Am,it,234400.0,4190.0,0.0,,87,2645,2155,9736,9736,10669
La prima volta (Unother Version),it,277021.0,4436.0,14.0,,87,2646,1931,9737,9737,10670
Vuoto (2007),it,466000.0,5021.0,62.0,,87,2615,2156,9738,9738,10671
B-Queen RMX HC,en,1500000.0,4052.0,14.0,,87,2643,1766,9739,9739,10672
Intro,en,41038.0,4517.0,14.0,,87,2646,1931,9740,9740,10673
Il senso dell’odio RMX,it,220682.0,5050.0,52.0,,87,2607,1931,9741,9741,10674
Unzettoni,it,205266.0,4042.0,60.0,,87,2601,2157,9742,9742,10675
Yoko Ono (Dub Version),it,188029.0,4542.0,16.0,,87,2646,1931,9743,9743,10676
Instabile,it,165497.0,5043.0,56.0,,51,2647,2158,9744,9744,10677
Dovrai,it,284107.0,5161.0,39.0,,51,2648,856,9745,9745,10678
La Rockstar,it,207026.0,5869.0,31.0,,51,2649,249,9746,9746,10679
Maria Antonietta,it,174159.0,38136.0,25.0,,79,2650,1105,9747,9747,10680
Brava,it,171545.0,26409.0,36.0,,79,2651,578,9748,9748,10681
Chef,en,176239.0,18975.0,28.0,,79,2651,462,9749,9749,10682
Amica Pusher,it,194042.0,13720.0,18.0,,79,2652,1712,9750,9750,10683
Brigitte,it,186272.0,9360.0,26.0,,79,2651,1439,9751,9751,10684
Crudelia,it,178119.0,8056.0,22.0,,79,2651,578,9752,9752,10685
Cleopatra,it,182923.0,7839.0,16.0,,79,2653,1621,9753,9753,10686
Rendez-vous,en,164414.0,7394.0,26.0,,79,2654,3,9754,9754,10687
Verde,it,237624.0,7341.0,28.0,,79,2651,578,9755,9755,10688
EVA,it,200971.0,6942.0,18.0,,79,2651,558,9756,9756,10689
BubbleGum,it,193235.0,6486.0,15.0,,79,2653,1621,9757,9757,10690
Andromeda,it,188318.0,6921.0,22.0,,79,2651,578,9758,9758,10691
Torno Domani (Outro),it,190961.0,5710.0,11.0,,79,2653,2159,9759,9759,10692
Buio Cosmico,it,241085.0,4488.0,14.0,,79,2653,1621,9760,9760,10693
Fata Morgana,it,212727.0,5672.0,18.0,,79,2651,2160,9761,9761,10694
Xoxo,it,169772.0,4517.0,19.0,,79,2651,578,9762,9762,10695
Monna Lisa,it,199090.0,5569.0,19.0,,79,2651,578,9763,9763,10696
Alice,it,211363.0,5930.0,17.0,,79,2651,578,9764,9764,10697
Maria,it,174159.0,5409.0,25.0,,79,2650,578,9765,9765,10698
Solo Gli Amanti Sopravvivono All’Amore,it,98597.0,5205.0,14.0,,79,2654,3,9766,9766,10699
Lupin,it,250721.0,4935.0,15.0,,79,2654,3,9767,9767,10700
Lontana da te,it,179791.0,4743.0,16.0,,79,2654,3,9768,9768,10701
Persi,it,173517.0,4719.0,14.0,,79,2654,3,9769,9769,10702
Eco,it,210000.0,5287.0,16.0,,79,2651,578,9770,9770,10703
Betty,it,180264.0,5516.0,14.0,,79,2651,578,9771,9771,10704
Brigitte RMX,pl,172514.0,5370.0,12.0,,79,2654,3,9772,9772,10705
Lama d’argento,it,209894.0,4410.0,12.0,,79,2655,67,9773,9773,10706
Fata Morgana (RMX),it,259997.0,5003.0,5.0,,79,2656,139,9774,9774,10707
Tutto bene,it,160000.0,5598.0,18.0,,79,2657,2161,9775,9775,10708
Spezza cuori,it,164000.0,4963.0,19.0,,79,2658,2162,9776,9776,10709
Billy Tacos Freestyle,en,121986.0,5087.0,1.0,,79,2659,2163,9777,9777,10710
Maria Antonietta (Re-Edit),it,166442.0,5557.0,8.0,,79,2660,209,9778,9778,10711
Acqua su marte,it,189132.0,5339.0,35.0,,100,2661,707,9779,9779,10712
Anime Inquiete,it,228371.0,4834.0,19.0,,100,2662,2164,9780,9780,10713
Puzza di fighetta (Fabri Fibra & Nesli Diss),it,380000.0,5809.0,23.0,,100,2663,2165,9781,9781,10714
Dentro E Fuori,it,228371.0,4338.0,19.0,,100,2662,2164,9782,9782,10715
Fredda,it,222857.0,6010.0,3.0,,100,2664,531,9783,9783,10716
Per quel che ne so,it,202977.0,4248.0,25.0,,100,2665,443,9784,9784,10717
Stai al gioco,it,224483.0,4042.0,9.0,,100,2662,2164,9785,9785,10719
Non smettere,it,185557.0,5797.0,4.0,,100,2662,2164,9786,9786,10720
Most Wanted Pt.2,it,177573.0,4505.0,11.0,,100,2666,378,9787,9787,10721
2 Gocce di vodka,it,189469.0,5475.0,18.0,,100,2667,863,9788,9788,10722
Tutto Cambia,it,212453.0,5638.0,3.0,,100,2662,2164,9789,9789,10723
A fuoco,it,294760.0,5735.0,15.0,,100,2668,1243,9790,9790,10724
Se Mi Arrendo,it,207320.0,6003.0,6.0,,100,2669,378,9791,9791,10725
Terre aride,it,250427.0,4602.0,2.0,,100,2662,2164,9792,9792,10726
In equilibrio,it,170074.0,5436.0,4.0,,100,2662,2164,9793,9793,10727
Dalla A Me,it,87133.0,4243.0,8.0,,100,2670,1,9794,9794,10728
Hai portato via,it,184461.0,4828.0,1.0,,100,2662,2164,9795,9795,10729
Alba,it,192531.0,5714.0,2.0,,100,2662,2164,9796,9796,10730
Mi piaci,it,210866.0,4750.0,9.0,,100,2666,2075,9797,9797,10731
Non è finita qui,it,169665.0,5197.0,1.0,,100,2671,256,9798,9798,10732
Corri,it,180264.0,5021.0,4.0,,100,2672,898,9799,9799,10733
Non ce n’è,it,194120.0,5308.0,1.0,,100,2673,1243,9800,9800,10734
Kokai,it,272640.0,5963.0,4.0,,100,2669,378,9801,9801,10735
Segreti,it,192468.0,4124.0,7.0,,100,2662,2164,9802,9802,10736
Buio,en,203720.0,5164.0,3.0,,100,2666,2075,9803,9803,10737
The Bootyshaker,it,171875.0,5744.0,59.0,,100,2674,2166,9804,9804,10738
Liberi e legati,it,184760.0,4979.0,3.0,,100,2666,378,9805,9805,10739
Resta qui,it,234600.0,4171.0,10.0,,100,2668,1243,9806,9806,10740
Ti seguirò,it,200650.0,5137.0,3.0,,100,2675,2167,9807,9807,10741
E’ il Momento,it,165903.0,4678.0,0.0,,100,2676,2168,9808,9808,10742
"Uno, Nessuno, Centomila",it,168260.0,4324.0,16.0,,100,2677,2169,9809,9809,10743
Intro (Consigli che mi dai),it,226893.0,5716.0,3.0,,100,2669,378,9810,9810,10744
Ancora,it,246000.0,5060.0,26.0,,100,2678,1243,9811,9811,10745
Il resto è inutile,it,232293.0,5885.0,4.0,,100,2666,378,9812,9812,10746
L’ho fatto per te,it,192373.0,5629.0,1.0,,100,2666,2075,9813,9813,10747
Sentimi,it,171413.0,5402.0,1.0,,100,2666,2075,9814,9814,10748
Volo,pl,209186.0,4023.0,2.0,,100,2666,378,9815,9815,10750
Distorsioni,it,122448.0,4870.0,36.0,,100,2679,2170,9816,9816,10751
Artisti,it,263653.0,4408.0,0.0,,100,2680,541,9817,9817,10752
Bombami,it,174628.0,5840.0,65.0,,100,2681,2171,9818,9818,10753
Sei me,it,269626.0,4362.0,2.0,,100,2668,1243,9819,9819,10754
Dynamite,it,122448.0,4586.0,36.0,,100,2679,2170,9820,9820,10755
La mia passione,it,286573.0,5049.0,4.0,,100,2669,378,9821,9821,10756
Un pensiero positivo,it,422866.0,4540.0,6.0,,100,2682,2172,9822,9822,10757
Se ti girassi,it,238720.0,4433.0,5.0,,100,2669,378,9823,9823,10758
Selvaggi,it,244375.0,5214.0,23.0,,100,2683,2075,9824,9824,10759
Una giornata del cazzo,it,224516.0,4188.0,1.0,,100,2684,2173,9825,9825,10760
Stabbin U,it,293666.0,4128.0,16.0,,100,2685,2174,9826,9826,10761
Alibi,it,294760.0,4758.0,15.0,,100,2668,1243,9827,9827,10762
Rollalo,it,122448.0,5456.0,36.0,,100,2679,2170,9828,9828,10763
La mia musica [Parte I],it,194732.0,5123.0,0.0,,100,2686,2175,9829,9829,10764
Solo tu,it,262346.0,4860.0,7.0,,100,2669,378,9830,9830,10765
My Life,it,196173.0,5147.0,1.0,,100,2687,2176,9831,9831,10766
Chiacchiere e Carnevale,it,245853.0,4744.0,75.0,,100,2688,2177,9832,9832,10767
Stupida,it,217440.0,5891.0,5.0,,100,2669,378,9833,9833,10768
Un brutto ricordo,it,217853.0,4122.0,43.0,,100,2689,2178,9834,9834,10769
No xè pensieri,it,251133.0,5363.0,1.0,,100,2666,378,9835,9835,10770
Sweety,it,174628.0,5799.0,65.0,,100,2681,2179,9836,9836,10771
La mia musica [Parte III],it,220762.0,5624.0,19.0,,100,2690,1149,9837,9837,10772
Come sei,it,277853.0,4382.0,2.0,,100,2668,1243,9838,9838,10773
Dipende da te,it,239693.0,4607.0,1.0,,100,2668,1243,9839,9839,10774
Bomba,it,203693.0,5452.0,1.0,,100,2668,1243,9840,9840,10775
La mia musica [Parte II],it,220762.0,4180.0,19.0,,100,2690,1149,9841,9841,10776
Ma dai!,it,332706.0,5642.0,2.0,,100,2668,1243,9842,9842,10777
Così come sono,it,278920.0,5456.0,1.0,,100,2668,1243,9843,9843,10778
Lo fai benissimo,it,286360.0,5477.0,2.0,,100,2668,1243,9844,9844,10779
Karma,it,200470.0,4213.0,2.0,,100,2691,668,9845,9845,10780
Artisti (Accappella),it,178590.0,5452.0,4.0,,100,2692,2180,9846,9846,10781
Artisti (Strumentale),en,245186.0,5374.0,14.0,,100,2693,2181,9847,9847,10782
Pleasantville,en,349560.0,371039.0,62.0,,74,2694,338,9848,9848,10783
Storia di un defunto artista,it,246906.0,197447.0,47.0,,74,2694,338,9849,9849,10784
Margot,it,227746.0,177659.0,53.0,,74,2695,2182,9850,9850,10785
Baba Jaga,it,147746.0,196212.0,44.0,,74,2694,338,9851,9851,10786
Rotten,it,238093.0,144938.0,55.0,,74,2694,2183,9852,9852,10787
RAP SHIT,en,212301.0,134761.0,48.0,,74,2696,3,9853,9853,10789
Infamity Show,en,208866.0,138096.0,40.0,,74,2697,2184,9854,9854,10790
Horror Vacui,it,224386.0,112260.0,38.0,,74,2697,2185,9855,9855,10791
Chairaggione,it,150960.0,125343.0,43.0,,74,2697,2185,9856,9856,10792
San Junipero II,it,133880.0,83449.0,40.0,,74,2697,2185,9857,9857,10793
Storia di un presunto artista,it,156453.0,90434.0,49.0,,74,2695,2182,9858,9858,10794
The Dark Side of the Mood,it,233813.0,80135.0,37.0,,74,2694,338,9859,9859,10795
San Junipero I,it,133880.0,89962.0,40.0,,74,2697,2185,9860,9860,10796
Ok Corral,en,199973.0,109567.0,35.0,,74,2697,2185,9861,9861,10797
Passepartout,it,214226.0,78988.0,37.0,,74,2697,2185,9862,9862,10798
Ho fatto bene,it,215760.0,98137.0,44.0,,74,2697,2185,9863,9863,10799
Buio Omega,it,131120.0,90108.0,31.0,,74,2697,2186,9864,9864,10800
GarbAge,it,212301.0,103847.0,48.0,,74,2696,3,9865,9865,10801
Rivivere,it,226333.0,61620.0,43.0,,74,2694,338,9866,9866,10802
OKAY?!,it,205154.0,62541.0,36.0,,74,2696,3,9867,9867,10803
Sassi e diamanti,it,211760.0,57054.0,46.0,,74,2694,338,9868,9868,10804
VLLBLVCK,en,313573.0,58611.0,29.0,,74,2698,2187,9869,9869,10806
The Same Old Story,it,271240.0,51776.0,37.0,,74,2694,338,9870,9870,10807
Avvoltoi,it,189756.0,64851.0,30.0,,74,2696,3,9871,9871,10808
Libellule,it,191487.0,53212.0,39.0,,74,2696,3,9872,9872,10809
Last Man Standing,pl,183306.0,51498.0,30.0,,74,2697,2185,9873,9873,10810
0,it,134120.0,49856.0,40.0,,74,2695,2182,9874,9874,10811
V!olence,it,215026.0,40656.0,31.0,,74,2697,2185,9875,9875,10812
Suicidol,en,349560.0,44101.0,62.0,,74,2694,338,9876,9876,10813
Stronzo,pl,200693.0,53153.0,38.0,,74,2694,338,9877,9877,10814
Back Again,en,182466.0,48121.0,40.0,,74,2695,2182,9878,9878,10815
Cicatrici,it,215681.0,47371.0,25.0,,74,2696,3,9879,9879,10816
MURDAMURDAMURDA,en,212267.0,45665.0,26.0,,74,2696,3,9880,9880,10819
Saturno,it,183388.0,33441.0,38.0,,74,2696,3,9881,9881,10820
Ong Bak,pl,270920.0,34832.0,34.0,,74,2694,338,9882,9882,10821
N.V.M.L.,it,195133.0,30249.0,29.0,,74,2697,2185,9883,9883,10822
Without You,it,218506.0,34212.0,35.0,,74,2695,2182,2454,2454,2674
Bipolar Mind,it,234880.0,29522.0,33.0,,74,2695,2182,9884,9884,10823
Wormhole,it,160825.0,33689.0,29.0,,74,2696,3,9885,9885,10824
Come non detto,it,177768.0,35707.0,34.0,,74,2696,3,9886,9886,10825
No privacy / No caption needed,en,193920.0,36178.0,28.0,,74,2696,3,9887,9887,10826
OK BOOMER,en,200820.0,34496.0,31.0,,74,2699,913,9888,9888,10827
Mr & Mrs Smith,it,179431.0,34708.0,35.0,,74,2699,913,9889,9889,10828
Blood,it,199320.0,23225.0,38.0,,74,2700,3,9890,9890,10829
Lucifero,it,180600.0,22722.0,38.0,,74,2701,2188,9891,9891,10830
Gostoso,pt,171802.0,28534.0,25.0,,74,2696,3,9892,9892,10831
Dead Body,en,206733.0,24455.0,33.0,,74,2694,338,9893,9893,10832
DM,it,206586.0,22986.0,28.0,,74,2697,2185,9894,9894,10833
All In,it,223973.0,22996.0,31.0,,74,2694,338,9895,9895,10834
Animalz,it,155390.0,21874.0,32.0,,74,2699,913,9896,9896,10835
Rispetto,it,113494.0,24096.0,27.0,,74,2696,3,9897,9897,10836
Too late,it,195045.0,22913.0,48.0,,74,2702,437,9898,9898,10837
Glock Party,it,234173.0,22930.0,28.0,,74,2698,2187,9899,9899,10839
Ossigeno,it,180290.0,23396.0,37.0,,74,2696,263,9900,9900,10840
L’oracolo di Selfie,it,184266.0,20315.0,31.0,,74,2694,338,9901,9901,10841
Danger,it,227746.0,19001.0,53.0,,74,2695,1891,9902,9902,10842
Family Affair,en,225306.0,17089.0,30.0,,74,2695,2182,9903,9903,10843
Twinbeasts,it,224386.0,17907.0,27.0,,74,2694,338,9904,9904,10845
Kill Them All,it,184880.0,20401.0,32.0,,74,2695,2182,9905,9905,10846
Solo Quando Bevo,it,213293.0,20050.0,30.0,,74,2698,2189,9906,9906,10847
"Stronzo, Pt. 2",it,169466.0,17227.0,28.0,,74,2698,2190,9907,9907,10848
IN HEAVEN,it,206000.0,14419.0,42.0,,74,2702,405,9908,9908,10849
BARSMAGEDDON,it,88026.0,16557.0,27.0,,74,2699,913,9909,9909,10850
FANGORIA,it,148083.0,16053.0,41.0,,74,2702,405,9910,9910,10851
Chica,es,166965.0,14830.0,26.0,,74,2699,913,9911,9911,10852
TI DIREI,it,172198.0,14943.0,49.0,,74,2702,405,9912,9912,10853
Mr. Anderson,it,206400.0,13725.0,28.0,,74,2695,2182,9913,9913,10854
F.P.S.,it,144097.0,13105.0,61.0,,74,2703,2187,9914,9914,10855
64 Bars,pl,131777.0,12303.0,56.0,,74,1498,2191,9915,9915,10856
OUTSIDER,it,172198.0,8718.0,49.0,,74,2702,892,9916,9916,10857
Rotten 2,it,178666.0,10933.0,41.0,,74,2704,1399,9917,9917,10858
PARANOIA,it,171815.0,7792.0,42.0,,74,2702,405,9918,9918,10859
CONTROL,it,198427.0,6962.0,33.0,,74,2702,2192,9919,9919,10860
Piombo e Fango 2013,it,185759.0,8456.0,29.0,,74,2705,2193,9920,9920,10861
ANYWAY,it,155050.0,7743.0,36.0,,74,2702,405,9921,9921,10862
FIORI,it,166002.0,5335.0,36.0,,74,2702,405,9922,9922,10863
FULL IMMERSION,it,184266.0,6215.0,39.0,,74,2702,405,9923,9923,10865
ABISSI,it,146615.0,4682.0,34.0,,74,2702,405,9924,9924,10866
DEATH NOTE,it,151637.0,4985.0,28.0,,74,2702,405,9925,9925,10867
SNAKES,it,130797.0,5676.0,32.0,,74,2702,405,9926,9926,10868
BMW,it,130602.0,5918.0,30.0,,74,2702,405,9927,9927,10869
N.N.F.,it,144097.0,5282.0,61.0,,74,2703,405,9928,9928,10870
Per un paio di dollari,it,181374.0,4720.0,33.0,,74,2706,411,9929,9929,10871
Scappa,it,165461.0,5223.0,49.0,,74,2707,279,9930,9930,10872
We takin’ it back,en,197466.0,4638.0,34.0,,74,2708,628,9931,9931,10873
105 Mi Casa Mashup: Nitro canta Rap shit su Bop,it,349560.0,5837.0,62.0,,74,2694,2194,9932,9932,10874
Radio105 Freestyle,it,195053.0,5756.0,33.0,,74,2709,2195,9933,9933,10875
This is Italia,it,176000.0,5131.0,78.0,,74,2710,2196,9934,9934,10876
Covid Freestye (Nitro),it,200693.0,4662.0,38.0,,74,2694,14,9935,9935,10877
One Take FM Free Mic,it,262746.0,4598.0,6.0,,74,2711,2197,9936,9936,10878
Buon Umore Freestyle,it,219806.0,4078.0,66.0,,74,2712,318,9937,9937,10879
Gotham,it,207346.0,156816.0,68.0,,92,2713,159,9938,9938,10880
Auto Blu,it,166086.0,119113.0,49.0,,92,2714,2022,9939,9939,10881
Take 5,it,191856.0,93966.0,62.0,,92,2713,2198,9940,9940,10882
Mon Fre,en,224150.0,83954.0,60.0,,92,2715,2199,9941,9941,10883
Soldi in Nero,it,183797.0,90647.0,68.0,,92,2716,799,9942,9942,10884
Bossoli,it,178758.0,62365.0,58.0,,92,2717,2200,9943,9943,10885
Milano Ovest,it,171200.0,77114.0,55.0,,92,2718,562,9944,9944,10886
Polvere [2024],it,166299.0,76064.0,54.0,,92,2719,159,9945,9945,10887
Syrup,it,188654.0,77300.0,56.0,,92,2720,2201,9946,9946,10888
Chance,it,182400.0,59009.0,53.0,,92,2718,562,9947,9947,10889
Calmo,it,151807.0,52463.0,52.0,,92,2718,2202,9948,9948,10890
Alleluia,it,160051.0,55817.0,63.0,,92,2721,768,9949,9949,10891
Acciaio,it,197000.0,53900.0,48.0,,92,2722,2203,9950,9950,10892
Fendi belt,en,148000.0,48534.0,51.0,,92,2723,2204,9951,9951,10893
Pluh,it,163456.0,55168.0,60.0,,92,2713,159,9952,9952,10894
Lettera a Draco,it,193708.0,50622.0,57.0,,92,2713,159,9953,9953,10895
Non sto più in zona,it,155825.0,52436.0,46.0,,92,2724,2205,9954,9954,10896
Tutto o Nada,it,157200.0,36997.0,63.0,,92,2713,159,9955,9955,10897
6 AM,it,200311.0,47705.0,57.0,,92,2713,159,9956,9956,10898
Milano Angels,it,187178.0,49197.0,59.0,,92,2713,159,9957,9957,10899
Kooda RMX,it,269806.0,43642.0,1.0,,92,2725,2206,9958,9958,10900
Sete,it,207947.0,44700.0,54.0,,92,2713,159,9959,9959,10901
Non lo Sai,it,228454.0,40570.0,66.0,,92,2721,768,9960,9960,10902
Don’t Cry No More,it,195345.0,41985.0,52.0,,92,2713,159,9961,9961,10903
Niente da perdere,it,166214.0,33062.0,58.0,,92,2726,2207,9962,9962,10904
First Day Out,it,171678.0,33424.0,53.0,,92,2713,1099,9963,9963,10905
Paradise,it,171963.0,26415.0,57.0,,92,2713,159,9964,9964,10906
Big City Life RMX,it,198145.0,26161.0,62.0,,92,2727,1821,9965,9965,10907
Un milione di volte,it,181714.0,28618.0,62.0,,92,2728,402,9966,9966,10908
Let’s Go,it,170444.0,26755.0,54.0,,92,2713,159,9967,9967,10910
Pensando a lei,it,176245.0,27987.0,55.0,,92,2726,1949,9968,9968,10911
Diario di Noel,it,186249.0,26312.0,49.0,,92,2718,562,9969,9969,10912
Replay,it,162946.0,22460.0,51.0,,92,2713,159,9970,9970,10913
Milano Shotta Freestyle,it,153130.0,32034.0,52.0,,92,2713,1301,9971,9971,10914
Vorrei,it,191257.0,22049.0,59.0,,92,2721,768,9972,9972,10915
Aston Martin,en,168000.0,29914.0,48.0,,92,2729,2208,9973,9973,10916
Take 1,pl,182571.0,22487.0,46.0,,92,2730,2209,9974,9974,10917
Della gang,it,213255.0,29111.0,50.0,,92,2719,1778,9975,9975,10918
105 Mi Casa Mashup: il freestyle di Shiva su From Time,it,191856.0,28706.0,62.0,,92,2713,2210,9976,9976,10919
Digos,it,149070.0,26024.0,55.0,,92,2719,2211,9977,9977,10920
Guai,it,209962.0,25921.0,71.0,,92,2731,2212,9978,9978,10921
Domani,it,197280.0,19362.0,47.0,,92,2718,562,9979,9979,10922
Santana,it,226906.0,27171.0,82.0,,92,2731,2213,9980,9980,10923
Bibidi Bobidi Bu,it,166222.0,25855.0,56.0,,92,2728,402,9981,9981,10924
Come no,en,209962.0,25568.0,71.0,,92,2731,2214,9982,9982,10925
Mastercard,it,155215.0,22980.0,50.0,,92,2723,508,9983,9983,10926
La mia storia,it,241263.0,19729.0,48.0,,92,2723,2215,9984,9984,10927
Giuro su Dio Freestyle,it,182245.0,24188.0,76.0,,92,2731,2216,9985,9985,10928
Rollie AP,en,179438.0,18993.0,52.0,,92,2721,768,9986,9986,10930
Thotiana RMX,it,226906.0,20878.0,82.0,,92,2731,915,9987,9987,10931
Dolce vita,it,131076.0,16925.0,50.0,,92,2723,508,9988,9988,10932
Take 4,it,170571.0,23150.0,57.0,,92,2721,2217,9989,9989,10933
Cicatrici,it,192905.0,16961.0,53.0,,92,2721,768,9990,9990,10934
Volo Express,it,183428.0,17508.0,53.0,,92,2713,159,9991,9991,10935
Elicotteri,it,189609.0,19930.0,55.0,,92,2728,402,9992,9992,10936
Giovane re,it,166299.0,21344.0,54.0,,92,2719,2218,9993,9993,10937
Scarabeo,it,177177.0,20188.0,44.0,,92,2718,562,9994,9994,10938
Soldi Puliti,it,159840.0,16941.0,57.0,,92,2721,102,9995,9995,10939
Un Altro Show,it,171702.0,15158.0,63.0,,92,2721,768,9996,9996,10940
Whip,en,153016.0,20690.0,53.0,,92,2728,402,9997,9997,10941
Cambierà,it,202576.0,22386.0,54.0,,92,2713,159,9998,9998,10942
Idee chiare,it,174939.0,20829.0,48.0,,92,2723,508,9999,9999,10943
Ragazzi miei,it,206000.0,17533.0,34.0,,92,2722,2219,10000,10000,10944
Cup,it,167804.0,20295.0,55.0,,92,2721,768,10001,10001,10945
Ride or Die,it,193079.0,16449.0,51.0,,92,2719,1778,10002,10002,10946
Bicarbonato,en,226906.0,16918.0,82.0,,92,2731,2220,10003,10003,10947
Non Sai Niente,it,162138.0,16302.0,45.0,,92,2723,877,10004,10004,10948
Riflessi Rossi,it,195732.0,16054.0,50.0,,92,2728,402,10005,10005,10950
Non è Easy,it,164657.0,17824.0,54.0,,92,2721,2221,10006,10006,10951
Collane e bugie,it,196000.0,15690.0,48.0,,92,2723,508,10007,10007,10952
Diversi,it,176305.0,13683.0,59.0,,92,2728,402,10008,10008,10953
Radar,it,180461.0,13137.0,39.0,,92,2732,1365,10009,10009,10954
I can fly,it,198857.0,11471.0,48.0,,92,2723,508,10010,10010,10955
Teste di cazzo,it,216000.0,14468.0,33.0,,92,2722,2203,10011,10011,10956
Pensando a lei 2,it,184706.0,12377.0,18.0,,92,2733,866,10012,10012,10957
Figlio della Calle,it,185207.0,11382.0,42.0,,92,2718,562,10013,10013,10958
Corvi,it,180395.0,14040.0,31.0,,92,2734,414,10014,10014,10959
Champagne + Tiffany,it,310175.0,14188.0,54.0,,92,2728,402,10015,10015,10960
Santana Season,it,167663.0,14499.0,53.0,,92,2728,402,10016,10016,10961
Take 2,it,182772.0,12547.0,49.0,,92,2735,2106,10017,10017,10962
Milano Demons,en,228454.0,14500.0,66.0,,92,2721,768,10018,10018,10963
100 OPPS,it,167771.0,14230.0,55.0,,92,2728,990,10019,10019,10964
Take 3,it,175018.0,13390.0,50.0,,92,2736,830,10020,10020,10965
Diamante,it,179818.0,12383.0,51.0,,92,2721,768,10021,10021,10966
Arsenico,it,183321.0,10662.0,58.0,,92,2728,402,10022,10022,10967
Il diavolo chiama,it,217422.0,13527.0,48.0,,92,2723,508,10023,10023,10968
3 Stick Freestyle,en,149000.0,10076.0,52.0,,92,2721,2222,10024,10024,10969
Barrio,en,266458.0,9259.0,31.0,,92,2722,2203,10025,10025,10971
X Sempre,it,205074.0,9848.0,47.0,,92,2726,67,8669,8669,9529
Civico 30 freestyle,it,335480.0,8201.0,27.0,,92,2737,1333,10026,10026,10972
Polvere,it,167921.0,11772.0,66.0,,92,2713,2203,1266,1266,1373
Fuoco,it,179000.0,10177.0,31.0,,92,2722,2203,10027,10027,10973
Charts Global,it,133333.0,9933.0,51.0,,92,2728,402,10028,10028,10974
Diego,it,250000.0,10291.0,32.0,,92,2722,2203,10029,10029,10975
Messaggio in Segreteria (interlude),it,155437.0,9470.0,44.0,,92,2721,768,10030,10030,10976
Il mio nome,it,223500.0,7379.0,30.0,,92,2722,2203,10031,10031,10977
Buio,it,198750.0,9212.0,28.0,,92,2734,2223,10032,10032,10978
Se Fosse Per Me,it,226872.0,9560.0,49.0,,92,2721,768,10033,10033,10979
Cellphone,en,212160.0,8466.0,48.0,,92,2721,768,10034,10034,10981
Problema,it,195088.0,9475.0,45.0,,92,2723,508,10035,10035,10982
Esse,it,202000.0,7609.0,31.0,,92,2722,2203,10036,10036,10983
Superstar,it,208543.0,7484.0,44.0,,92,2723,508,10037,10037,10984
Regina del Block,it,198516.0,6856.0,52.0,,92,2726,2224,10038,10038,10985
Red Barz RMX,it,163314.0,7386.0,71.0,,92,2731,2225,10039,10039,10986
Jackson,it,136904.0,8809.0,29.0,,92,2738,1303,10040,10040,10987
Naturale,it,166736.0,8547.0,51.0,,92,2721,768,10041,10041,10988
Soli,it,183896.0,7097.0,48.0,,92,2728,402,10042,10042,10989
Mujer,it,161739.0,7711.0,48.0,,92,2726,67,10043,10043,10990
Lassù,it,228569.0,7778.0,31.0,,92,2722,2203,10044,10044,10991
Syrup RMX,it,188654.0,6308.0,56.0,,92,2720,2226,10045,10045,10992
Megatron,it,176294.0,5903.0,47.0,,92,2723,508,10046,10046,10993
Dimenticare,it,167741.0,7927.0,46.0,,92,2721,768,10047,10047,10994
Montecarlo,it,209192.0,6413.0,43.0,,92,2723,508,10048,10048,10995
Sei qui,it,146086.0,7050.0,48.0,,92,2726,67,10049,10049,10996
Ragnatele,it,201000.0,5118.0,27.0,,92,2734,1991,10050,10050,10997
Camelot RMX,it,190188.0,5814.0,65.0,,92,2739,2227,10051,10051,10998
Anima,it,230000.0,4626.0,25.0,,92,2734,296,10052,10052,10999
Tanti Cuori,it,163925.0,4536.0,50.0,,92,2726,67,10053,10053,11000
STAI ZITTO Freestyle,it,182245.0,5038.0,76.0,,92,2731,462,10054,10054,11001
Spirito,it,232793.0,4653.0,21.0,,92,2740,2228,10055,10055,11002
Cose che non ho,it,156501.0,4347.0,53.0,,92,2726,67,10056,10056,11003
Hi-tech freestyle,it,112678.0,4536.0,42.0,,92,2723,508,10057,10057,11004
Bossoli RMX,it,82395.0,4081.0,3.0,,92,2741,2229,10058,10058,11005
Fendi belt RMX*,ca,148000.0,5426.0,51.0,,92,2723,2204,10059,10059,11007
Rover*,it,1740000.0,4997.0,0.0,,92,2742,2230,10060,10060,11008
Ai fantasmi,it,293504.0,4199.0,23.0,,92,2734,2231,10061,10061,11009
Inspiria,it,282000.0,4357.0,25.0,,92,2734,1407,10062,10062,11011
La Via Del Guerriero,it,182245.0,4219.0,76.0,,92,2731,604,10063,10063,11012
Verso orizzonti,it,274513.0,5241.0,23.0,,92,2734,1407,10064,10064,11013
Luna blu,it,172198.0,4200.0,22.0,,92,2734,1407,10065,10065,11014
Globo*,it,466023.0,5526.0,0.0,,92,2743,578,10066,10066,11015
Misery deve morire,it,168622.0,4052.0,22.0,,92,2734,1407,10067,10067,11016
Vetro Oscurato*,it,232906.0,4511.0,20.0,,92,2744,828,10068,10068,11017
Tre Volte*,it,183801.0,5798.0,47.0,,92,2745,1512,10069,10069,11018
Luce in strada,it,245052.0,5453.0,21.0,,92,2746,1757,10070,10070,11019
Piccolo principe,it,197385.0,4158.0,23.0,,92,2734,1407,10071,10071,11020
Diamanti*,it,226906.0,5658.0,82.0,,92,2731,183,10072,10072,11021
Problemi Sull’iPhone*,it,232676.0,5002.0,70.0,,92,2731,183,10073,10073,11022
Town*,it,231100.0,5707.0,41.0,,92,2747,22,10074,10074,11023
I Miei G*,it,192096.0,5217.0,72.0,,92,2731,183,10075,10075,11024
Amen,it,157588.0,5379.0,2.0,,92,2748,663,10076,10076,11025
Cup RMX*,it,163456.0,6004.0,60.0,,92,2713,159,10077,10077,11026
Cash In Cash Out*,it,183797.0,4478.0,68.0,,92,2716,799,10078,10078,11027
OVER (versione originale),it,209552.0,5262.0,71.0,,92,2731,183,10079,10079,11028
105 Mi Casa Mashup: Shiva con Aitch (Make it shake) su Ayy Macarena,it,191856.0,4933.0,62.0,,92,2713,506,10080,10080,11029
Stick*,it,149000.0,4091.0,52.0,,92,2721,768,10081,10081,11030
Pull Up*,it,155250.0,4041.0,0.0,,92,2749,867,10082,10082,11031
Trap Take Radio 105,it,304480.0,4250.0,33.0,,92,2750,14,10083,10083,11032
Freestyle Radio Deejay,it,192720.0,5310.0,9.0,,92,2751,1851,10084,10084,11033
Lexus*,it,226906.0,5149.0,82.0,,92,2731,183,10085,10085,11034
Di Più*,it,192096.0,5123.0,72.0,,92,2731,183,10086,10086,11035
INTRO VERSO,it,351729.0,4075.0,0.0,,92,2752,294,10087,10087,11036
Galassie*,it,219660.0,4953.0,59.0,,92,2753,305,10088,10088,11037
Loto Terreno,es,323240.0,5867.0,24.0,,92,2754,2232,10089,10089,11038
FOLLIA GENIALE,it,206435.0,4809.0,26.0,,92,2755,294,10090,10090,11039
OGNI GIORNO,it,198400.0,5266.0,34.0,,92,2756,2233,10091,10091,11040
Grammi,it,183000.0,5578.0,67.0,,92,2757,571,10092,10092,11041
Giovane Egoista*,it,310175.0,5585.0,54.0,,92,2728,402,10093,10093,11042
Mayday*,it,191856.0,5054.0,62.0,,92,2713,159,10094,10094,11043
Back In Blood RMX,it,353786.0,5731.0,33.0,,92,2758,2234,10095,10095,11044
Creature,en,260970.0,4797.0,28.0,,92,2759,2235,10096,10096,11045
PDF UNITED SHOW Freestyle,it,246726.0,5792.0,2.0,,92,2760,1060,10097,10097,11046
Catch Up Freestyle,it,176146.0,4492.0,22.0,,92,2761,714,10098,10098,11047
Nuvola Bianca,it,438760.0,4574.0,0.0,,92,2762,2236,10099,10099,11048
Supercar*,it,185000.0,4116.0,69.0,,92,2763,1300,10100,10100,11049
Toro Freestyle,it,205964.0,5606.0,53.0,,92,2764,1795,10101,10101,11050
Fortuna*,it,203860.0,4848.0,0.0,,92,2765,1695,10102,10102,11051
Oscurità*,it,226906.0,4471.0,82.0,,92,2731,183,10103,10103,11052
Ogni mio sbaglio*,it,174800.0,4476.0,44.0,,92,2766,2212,10104,10104,11053
Madonnina*,it,180863.0,5819.0,76.0,,92,2731,183,10105,10105,11054
I can fly (SNIPES Session),it,208800.0,5682.0,20.0,,92,2767,851,10106,10106,11055
Seven,en,358260.0,14608.0,27.0,,13,2768,1928,10107,10107,11061
Unpodi,pl,179076.0,5396.0,22.0,,13,2769,2237,10108,10108,11062
Banditi,it,199500.0,4961.0,15.0,,13,2770,2107,10109,10109,11063
Samurai,it,200807.0,4798.0,8.0,,13,2771,2237,10110,10110,11064
Angeli da bar,it,264521.0,5849.0,12.0,,13,2772,648,10111,10111,11065
Oro,it,271426.0,4263.0,47.0,,13,2773,258,10112,10112,11066
La Vita Sognata Degli Angeli,it,249026.0,4853.0,25.0,,13,2774,1393,10113,10113,11067
In un mondo perfetto,en,245945.0,4703.0,6.0,,13,2775,1661,10114,10114,11068
Lucciole,it,140177.0,5011.0,6.0,,13,2771,2238,10115,10115,11069
Mickey & Mallory,it,178051.0,4930.0,52.0,,13,2776,2238,10116,10116,11070
Zoe,it,186233.0,5052.0,3.0,,13,2777,2239,10117,10117,11071
Lucciole RMX,it,140177.0,4292.0,6.0,,13,2771,2237,10118,10118,11072
Sawo,it,200807.0,5042.0,8.0,,13,2771,2240,10119,10119,11073
Dove le balene vanno a nascondersi,it,214029.0,4498.0,5.0,,13,2771,2237,10120,10120,11074
Il cacciatore di draghi,it,195200.0,4382.0,13.0,,13,2778,2241,10121,10121,11075
Lo specchio,it,258577.0,4142.0,7.0,,13,2772,1601,10122,10122,11076
Buonanotte,it,208853.0,5542.0,59.0,,13,2779,2242,10123,10123,11077
Zero Santi,it,201853.0,4870.0,3.0,,13,2771,2237,10124,10124,11078
Nubi Basse,it,421346.0,5270.0,18.0,,13,2780,2243,10125,10125,11079
Via da Las Vegas,it,179626.0,5472.0,16.0,,13,2781,2244,10126,10126,11080
Diamanti,it,169090.0,5373.0,3.0,,13,2782,1955,10127,10127,11081
Napoli,it,292038.0,4954.0,3.0,,13,2783,350,10128,10128,11082
C’Era Una Volta,it,188373.0,4792.0,72.0,,13,2784,2240,10129,10129,11083
Dio non è al momento raggiungibile,it,176100.0,4765.0,3.0,,13,2775,2245,10130,10130,11084
Eroi,it,177586.0,5294.0,5.0,,13,2775,2246,10131,10131,11085
Piccola Tigre,it,182056.0,5003.0,6.0,,13,2785,2247,10132,10132,11086
Raffaello,it,252124.0,5715.0,4.0,,13,2771,2237,10133,10133,11087
Zero,it,201853.0,5765.0,3.0,,13,2771,918,10134,10134,11088
Marilyn,it,188353.0,4354.0,4.0,,13,2771,2237,10135,10135,11089
La promessa di Pinocchio,it,211022.0,4285.0,4.0,,13,2775,2248,10136,10136,11090
Blu,it,218603.0,5276.0,15.0,,13,2786,2249,10137,10137,11091
Miami,it,182790.0,4615.0,1.0,,13,2787,2250,10138,10138,11092
Titoli Di Coda (Dimenticare Milano),it,166000.0,4049.0,1.0,,13,2788,2240,10139,10139,11093
Sogni,it,193190.0,5795.0,3.0,,13,2775,2251,10140,10140,11094
Andromeda,it,173871.0,4466.0,5.0,,13,2772,2252,10141,10141,11095
Ragazzo Padre,it,189015.0,5878.0,67.0,,13,2789,1393,10142,10142,11096
Heroine,en,217957.0,5452.0,4.0,,13,2771,2237,10143,10143,11097
Cuore Nero,it,194516.0,5541.0,74.0,,13,2790,2253,10144,10144,11098
N.E.D.A.,it,185016.0,4417.0,8.0,,13,2772,1601,10145,10145,11099
Scritto nell’acqua,it,205821.0,4481.0,1.0,,13,2791,2242,10146,10146,11100
Cartoline Dalla Luna,it,207274.0,5058.0,2.0,,13,2792,1393,10147,10147,11101
Ultima fermata prima della luna,it,224397.0,4357.0,4.0,,13,2772,2254,10148,10148,11102
XMatteo,it,152944.0,4623.0,14.0,,13,2793,488,10149,10149,11103
La bella e la bestia,it,153808.0,4656.0,4.0,,13,2772,1601,10150,10150,11104
Il figlio del bandito,it,211765.0,4332.0,1.0,,13,2791,2242,10151,10151,11105
La dolce vita,it,264521.0,4424.0,12.0,,13,2772,1601,10152,10152,11106
Il ladro di cuori,it,232611.0,5596.0,5.0,,13,2771,593,10153,10153,11107
Nuovo Battisti,it,209536.0,4348.0,3.0,,13,2791,2255,10154,10154,11108
Quando la canzone finisce spara!,it,183818.0,4067.0,2.0,,13,2794,2256,10155,10155,11109
Porno,it,213750.0,5273.0,1.0,,13,2795,2257,10156,10156,11110
Pelle,it,135564.0,5971.0,8.0,,13,2796,2258,10157,10157,11111
Ahahahahah,it,199680.0,4676.0,42.0,,13,2797,2259,10158,10158,11112
Tutti i miei chiodi,it,197648.0,4251.0,2.0,,13,2775,2260,10159,10159,11113
Gabriella Ferri,it,223654.0,5157.0,1.0,,13,2791,2242,10160,10160,11114
Fame,it,170155.0,5830.0,1.0,,13,2772,1601,10161,10161,11115
Nonlai/Olla,gl,217226.0,5585.0,57.0,,13,2798,2051,10162,10162,11116
Craxi era,pl,219196.0,5260.0,2.0,,13,2775,2261,10163,10163,11117
Marlon Brando,it,226638.0,4643.0,2.0,,13,2771,2237,10164,10164,11118
Il Perdente,it,208909.0,5101.0,61.0,,13,2799,2262,10165,10165,11119
Giovane zarro,it,226626.0,4195.0,2.0,,13,2772,1601,10166,10166,11120
Amo Ki Sa Dare Tre Gocce Di Sangue,war,1251600.0,5375.0,7.0,,13,2800,2263,10167,10167,11121
Resta Sveglia,it,187573.0,5467.0,71.0,,13,2801,1393,10168,10168,11122
Algebra,it,98000.0,5945.0,1.0,,13,2802,2264,10169,10169,11123
Che Fai Dormi ?,it,140816.0,4534.0,75.0,,13,2803,2263,10170,10170,11124
Icaro,it,221328.0,4049.0,42.0,,13,2804,2240,10171,10171,11125
Peter Pan,en,156781.0,5106.0,2.0,,13,2775,2265,10172,10172,11126
Freddo,it,165957.0,5427.0,1.0,,13,2805,1485,10173,10173,11127
Bugia,it,161239.0,5598.0,1.0,,13,2791,2242,10174,10174,11128
Mancanze,it,183530.0,4400.0,2.0,,13,2772,1601,10175,10175,11129
Alice,it,141473.0,4537.0,45.0,,13,2806,370,10176,10176,11130
Adam.01,it,143500.0,5042.0,54.0,,13,2807,2266,10177,10177,11131
Oppio,it,137142.0,4675.0,57.0,,13,2808,2263,10178,10178,11132
La notte,it,226906.0,5739.0,82.0,,13,2809,2266,10179,10179,11133
Me,it,177111.0,4963.0,6.0,,13,2810,1393,10180,10180,11134
UFO,it,82477.0,5615.0,3.0,,13,2775,2267,10181,10181,11135
Mito,it,150787.0,5177.0,40.0,,13,2811,1393,10182,10182,11136
Intro/Edit,it,263506.0,5561.0,34.0,,13,2812,2263,10183,10183,11137
Ossessione Dei Profeti,it,193937.0,4679.0,1.0,,13,2813,1796,10184,10184,11138
Che Fine Ha Fatto Jesse James,it,180137.0,5680.0,75.0,,13,2814,2240,10185,10185,11139
Lezioni Di Sogni,it,229584.0,4562.0,0.0,,13,2815,2268,10186,10186,11140
Nuova religione,it,192096.0,5107.0,72.0,,13,2809,2244,10187,10187,11141
Spaghetti repper,it,208793.0,4441.0,2.0,,13,2772,1601,10188,10188,11142
Piegature,it,189500.0,4965.0,0.0,,13,2816,2269,10189,10189,11143
Applausi Rmx,it,395009.0,4651.0,43.0,,13,2817,2270,10190,10190,11144
Lasciami Dormire,it,160856.0,4547.0,53.0,,13,2818,2240,10191,10191,11145
Eden1,it,189425.0,5949.0,0.0,,13,2819,496,9778,9778,10711
Ali,it,187245.0,4333.0,2.0,,13,2775,2265,10192,10192,11146
Belli e dannati,it,304000.0,5592.0,1.0,,13,2820,341,10193,10193,11147
Le Figlie Dei Re,it,200963.0,5985.0,1.0,,13,2813,1796,10194,10194,11148
Brera,it,215130.0,4051.0,1.0,,13,2813,1796,10195,10195,11149
A 80 Strade da Gucci,it,202666.0,5414.0,1.0,,13,2821,1400,10196,10196,11150
Sherazade,it,200360.0,4521.0,60.0,,13,2822,2133,10197,10197,11151
Anarkika,it,178651.0,4093.0,1.0,,13,2821,1400,10198,10198,11152
Fratelli Nel Vento,it,187859.0,4819.0,1.0,,13,2813,1796,10199,10199,11153
Oro/Nuovo Papa,it,289090.0,5886.0,61.0,,13,2823,1393,10200,10200,11154
Bambino,it,186109.0,4033.0,1.0,,13,2815,2268,10201,10201,11155
Punk Rap,it,218507.0,5192.0,60.0,,13,2824,2263,10202,10202,11156
Ciok,it,196162.0,5018.0,0.0,,13,2791,2242,10203,10203,11157
Lau,es,154322.0,5765.0,1.0,,13,2771,2237,10204,10204,11158
Non Volo Più,it,176303.0,4181.0,29.0,,13,2825,2240,10205,10205,11159
Da Qui in Poi Ci Sono I Draghi,it,275368.0,5379.0,2.0,,13,2826,444,10206,10206,11160
Ligera,it,157500.0,5375.0,1.0,,13,2815,2268,10207,10207,11161
Lancette,it,214840.0,5355.0,26.0,,13,2827,1759,10208,10208,11162
Il Diavolo,it,204738.0,5904.0,75.0,,13,2828,1393,10209,10209,11163
Conisoldipuoiesserechivuoi,it,151248.0,5661.0,1.0,,13,2813,1796,10210,10210,11164
A.R.A.B.,en,358260.0,4094.0,27.0,,13,2768,902,10211,10211,11166
Amy Winehouse,pl,181590.0,4956.0,0.0,,13,2813,1796,10212,10212,11167
Il lanciatore di coltelli,it,167926.0,4810.0,0.0,,13,2791,2242,10213,10213,11168
Gli Spostati,it,182117.0,4633.0,2.0,,13,2821,1400,10214,10214,11169
Vampiri,it,168669.0,4917.0,1.0,,13,2791,2242,10215,10215,11170
Gotham City,pl,193167.0,4783.0,49.0,,13,2829,2240,10216,10216,11171
La città in fondo al mio cuore,it,203592.0,4881.0,66.0,,13,2830,2271,10217,10217,11172
La canzone di Arianna,it,178993.0,5975.0,1.0,,13,2831,2272,10218,10218,11173
Lettere dall’inferno (Outro),da,230446.0,4190.0,33.0,,13,2832,2273,10219,10219,11174
Posso Volare,it,245853.0,5864.0,75.0,,13,2833,2240,10220,10220,11175
I Giorni del Cielo,it,158880.0,4973.0,0.0,,13,2821,1400,10221,10221,11176
Lezioni di danza,it,172384.0,5264.0,0.0,,13,2791,2242,10222,10222,11177
No Rmx,it,140645.0,5676.0,7.0,,13,2834,2274,8673,8673,9533
Sudore,it,160495.0,4734.0,0.0,,13,2813,1796,10223,10223,11178
Il Prezzo,it,140090.0,4876.0,28.0,,13,2835,2275,10224,10224,11179
Don Chisciotte,it,193026.0,4834.0,58.0,,13,2836,2276,10225,10225,11180
Skeletri,it,205078.0,4763.0,0.0,,13,2791,2242,10226,10226,11181
La cosa,it,226906.0,5868.0,82.0,,13,2809,1393,10227,10227,11182
Testa di gallina,it,140816.0,5672.0,75.0,,13,2803,2277,10228,10228,11183
Poesie per gli zarri,it,207880.0,4231.0,1.0,,13,2837,28,10229,10229,11184
Adam.02,it,279484.0,4229.0,11.0,,13,2838,2266,10230,10230,11185
No,it,216320.0,4869.0,29.0,,13,2773,2268,10231,10231,11186
Destinazione piano terra (Intro),it,273973.0,4210.0,4.0,,13,2839,2266,10232,10232,11187
Gordon Gecko,it,294960.0,5254.0,5.0,,13,2840,2278,10233,10233,11188
Il coccodrillo,it,183000.0,4300.0,67.0,,13,2841,2266,10234,10234,11189
L.E.I.,it,181893.0,5060.0,25.0,,13,2842,631,10235,10235,11190
Maradona,it,207804.0,4026.0,0.0,,13,2843,579,10236,10236,11191
Pistole ad acqua,it,202573.0,4648.0,59.0,,13,2844,1146,10237,10237,11192
Niente d’oro resta,it,163600.0,5370.0,69.0,,13,2845,2003,10238,10238,11193
F.I.L.M.,it,140545.0,4981.0,0.0,,13,2846,2279,10239,10239,11194
Atlantide,it,173374.0,5976.0,42.0,,13,2847,1131,10240,10240,11195
Intro,en,123826.0,5764.0,0.0,,13,2848,1393,10241,10241,11196
A sua immagine,it,223009.0,4733.0,75.0,,13,2849,2263,10242,10242,11197
1995,it,215294.0,4102.0,5.0,,13,2850,24,10243,10243,11198
Freestyle A,it,279266.0,5710.0,9.0,,13,2851,2280,10244,10244,11199
Morandi,it,178524.0,5839.0,5.0,,13,2852,2281,10245,10245,11200
La roba buona,it,236000.0,5655.0,60.0,,13,2853,2282,10246,10246,11201
No More Baby,en,176470.0,4266.0,1.0,,13,2854,166,10247,10247,11202
In TV i film più belli li fanno sempre di notte,it,141426.0,6013.0,42.0,,13,2855,259,2028,2028,2217
La coscienza è un assassino,it,254302.0,4529.0,36.0,,13,2856,2283,10248,10248,11203
Tropicana,it,181846.0,5461.0,0.0,,13,2857,1055,10249,10249,11205
Toy,it,166905.0,5833.0,1.0,,13,2858,594,10250,10250,11206
Rap,pl,271426.0,4484.0,6.0,,13,2859,2284,10251,10251,11208
Troppo fatti,it,176772.0,5835.0,67.0,,13,2860,2285,10252,10252,11209
Cattivi maestri,it,254466.0,4632.0,3.0,,13,2861,2286,10253,10253,11210
Poco Di Buono,it,230086.0,5970.0,3.0,,13,925,631,10254,10254,11211
Il Padre altrove,it,179389.0,4577.0,62.0,,13,2862,848,10255,10255,11212
Moogli,it,187053.0,5925.0,46.0,,13,2863,2287,10256,10256,11213
Rap Messiah,it,261466.0,4120.0,41.0,,13,2864,2288,10257,10257,11214
Specchi,it,258577.0,5432.0,7.0,,13,2772,631,10258,10258,11215
Troppo piccola,it,236282.0,5080.0,63.0,,13,2865,631,10259,10259,11216
Masterchef,pl,121600.0,4968.0,24.0,,13,2866,199,10260,10260,11217
Levis,it,153904.0,4457.0,79.0,,13,2867,631,10261,10261,11218
Altri Angeli,it,176175.0,5426.0,1.0,,13,2868,2289,10262,10262,11219
Figli di carta,it,160282.0,4395.0,67.0,,13,2869,2290,10263,10263,11220
Romanzo Twitter,it,293513.0,5119.0,0.0,,13,2870,2272,10264,10264,11221
Volo,it,157884.0,4517.0,0.0,,13,2871,2291,10265,10265,11222
Icaro Redux,it,193243.0,5930.0,48.0,,13,2872,1562,10266,10266,11223
Il contratto,it,185000.0,4071.0,69.0,,13,2873,594,10267,10267,11224
Il ritorno dell’Angelo,it,98185.0,4411.0,2.0,,13,2874,2240,10268,10268,11225
Strichnina,en,242413.0,4497.0,28.0,,13,2875,631,10269,10269,11226
Ladro di te,it,136000.0,4840.0,0.0,,13,2876,1326,10270,10270,11227
Nostalgia della luce,it,213391.0,4477.0,1.0,,13,2877,2292,10271,10271,11228
P.M. Freestyle,pl,181200.0,4997.0,26.0,,13,2878,549,10272,10272,11229
AstroBoy,it,201754.0,5761.0,0.0,,13,2879,77,10273,10273,11230
ZebNeda,it,154285.0,5439.0,1.0,,13,2880,2293,10274,10274,11231
Michael Douglas,pl,222000.0,5177.0,46.0,,13,2881,1938,10275,10275,11232
Panda RMX,it,116420.0,4188.0,45.0,,13,2882,2294,10276,10276,11233
Safari 1 Freestyle,it,102035.0,5404.0,0.0,,13,2883,1280,10277,10277,11234
Il peggior night,it,174193.0,4347.0,73.0,,13,2809,631,10278,10278,11235
Il ribelle,it,124675.0,5590.0,60.0,,13,2884,2295,10279,10279,11236
L.P.,en,504347.0,4513.0,25.0,,13,2885,631,10280,10280,11237
Hamburger,en,148280.0,4848.0,9.0,,13,2886,2296,10281,10281,11238
Il selvaggio,it,151421.0,4715.0,61.0,,13,2887,2297,10282,10282,11239
Roby Esce A Maggio,it,174560.0,5732.0,0.0,,13,2888,511,1137,1137,1239
Musica,it,91466.0,4265.0,24.0,,13,2889,1162,10283,10283,11240
Madre In Italy,it,205106.0,5147.0,63.0,,13,2890,1496,10284,10284,11241
Metalneda,it,239201.0,4296.0,14.0,,13,2891,439,10285,10285,11242
Tekila,pl,154566.0,5421.0,0.0,,13,2892,2298,10286,10286,11243
Dentro Alla Scatola,it,267000.0,64342.0,34.0,,67,2893,2075,10287,10287,11244
Non So Volare,it,239426.0,27975.0,35.0,,67,2894,2299,10288,10288,11245
"Questo Cuore, Queste Stelle",it,243120.0,21361.0,44.0,,67,2895,2300,10289,10289,11246
Nessuna Via D’Uscita,it,280720.0,24696.0,43.0,,67,2896,2075,10290,10290,11247
Tieni Duro!,it,235733.0,20103.0,43.0,,67,2894,2299,10291,10291,11248
Ti Starò Affianco,it,234933.0,19822.0,34.0,,67,2897,2301,10292,10292,11249
Angeli e Demoni,it,206546.0,19120.0,43.0,,67,2898,527,10293,10293,11250
Non ti ho mai detto,it,256160.0,18481.0,46.0,,67,2897,2301,10294,10294,11251
Purple Weed,it,264306.0,13194.0,40.0,,67,2896,2075,10295,10295,11252
Segui La Stella,it,245173.0,17082.0,47.0,,67,2896,2075,10296,10296,11253
DDR (Dio del Rap),it,191093.0,12445.0,33.0,,67,2898,817,10297,10297,11254
01-08-1997,it,163653.0,10213.0,35.0,,67,2899,2299,10298,10298,11255
Abbi Fede,it,207506.0,13159.0,37.0,,67,2900,2302,10299,10299,11256
La Canzone Che Non Ti Ho Mai Scritto,it,304773.0,11084.0,29.0,,67,2898,5,10300,10300,11257
Regina Di Cuori,it,185573.0,9612.0,33.0,,67,2894,2299,10301,10301,11258
Goodbye kiss,it,268720.0,10133.0,37.0,,67,2901,2303,10302,10302,11259
Leggenda Urbana,it,232826.0,10824.0,33.0,,67,2898,1365,10303,10303,11260
Senza Cuore (La Ballata di Johnny),it,228118.0,10749.0,33.0,,67,2902,2304,10304,10304,11261
Non Sento Niente,it,306760.0,10619.0,30.0,,67,2899,2299,10305,10305,11262
Bye Bye,it,227826.0,10293.0,31.0,,67,2897,2301,10306,10306,11263
Questi Fantasmi,it,262493.0,6303.0,30.0,,67,2894,2299,10307,10307,11264
Piatti Rotti,it,218120.0,7405.0,35.0,,67,2895,2300,10308,10308,11265
Sigarette,it,185946.0,8446.0,46.0,,67,2901,2303,5792,5792,6311
M.A.R.C.I.O.,it,324173.0,6680.0,25.0,,67,2894,2299,10309,10309,11266
Top Five,it,147560.0,6794.0,22.0,,67,2898,5,10310,10310,11267
Adderall,it,195000.0,6758.0,39.0,,67,2903,560,10311,10311,11268
Un Bacio? (Troppo Poco),it,240860.0,5846.0,32.0,,67,2904,2305,10312,10312,11269
Fight Rap,en,216642.0,6737.0,17.0,,67,2902,790,10313,10313,11270
Un Altro Giorno,it,216373.0,5591.0,33.0,,67,2895,2306,10314,10314,11271
Troppo Lontano,it,256941.0,5050.0,26.0,,67,2902,2307,10315,10315,11272
Il Primo,it,283440.0,6113.0,28.0,,67,2899,2299,10316,10316,11273
Vida Loca,co,181800.0,5060.0,24.0,,67,2898,2308,9901,9901,10841
Brucia Marcio Brucia,it,274746.0,4370.0,21.0,,67,2899,2299,10317,10317,11274
Nuova Scuola,it,180546.0,5040.0,18.0,,67,2898,5,10318,10318,11275
Nel posto più freddo,it,198040.0,5644.0,28.0,,67,2901,2303,10319,10319,11276
Me & My Bitch,it,211106.0,5572.0,18.0,,67,2895,718,10320,10320,11277
A Denti Stretti,it,235294.0,5595.0,32.0,,67,2904,708,10321,10321,11278
Scoppia La Bomba,it,226133.0,5433.0,26.0,,67,2895,2300,10322,10322,11279
Bloody break up,it,185946.0,4521.0,46.0,,67,2901,2303,10323,10323,11280
Come Me,it,315475.0,5742.0,13.0,,67,2902,2307,10324,10324,11281
Cristiano cosa fai (Fine delle trasmissioni),it,180137.0,5805.0,75.0,,67,2905,2309,10325,10325,11282
Questi Palazzi,it,279866.0,4402.0,21.0,,67,2898,5,10326,10326,11283
Se solo fossi qui,it,242962.0,4275.0,11.0,,67,2902,2307,10327,10327,11284
Il Mio Mondo,it,221760.0,5970.0,31.0,,67,2896,2075,10328,10328,11285
Tutto torna,it,187946.0,5753.0,23.0,,67,2906,1755,10329,10329,11286
Corona love story,en,174146.0,5803.0,35.0,,67,2901,2303,10330,10330,11287
Sogni nella bottiglia,it,294093.0,5790.0,21.0,,67,2898,5,10331,10331,11288
Lost In The World,en,205186.0,5100.0,23.0,,67,2895,2300,10332,10332,11289
Qualcosa É Rimasto,it,226266.0,5309.0,23.0,,67,2894,2299,10333,10333,11290
Fuck Up The World,en,240933.0,5104.0,17.0,,67,2898,5,10334,10334,11291
In Cosa Credi,it,281490.0,4115.0,18.0,,67,2907,2310,10335,10335,11292
Fallo Ancora (Bonus Track),it,244366.0,5507.0,25.0,,67,2896,2075,10336,10336,11293
Magico,it,166288.0,5023.0,34.0,,67,2908,112,10337,10337,11294
OH GOD,it,148162.0,5309.0,19.0,,67,2909,443,10338,10338,11295
Da Solo Nel Sole,it,244626.0,5022.0,18.0,,67,2895,2300,10339,10339,11296
Toc-Toc,it,240680.0,4998.0,25.0,,67,2896,2075,10340,10340,11297
Dentro A Un Sogno,it,246626.0,4356.0,28.0,,67,2894,2299,10341,10341,11298
Generazione X,it,256160.0,4572.0,46.0,,67,2897,2311,10342,10342,11299
Ladro Di Bambini,it,262960.0,4329.0,15.0,,67,2897,2301,10343,10343,11300
Giorni Matti Pt. 2,it,285333.0,4405.0,16.0,,67,2899,2299,10344,10344,11302
L’Altro Mondo,it,216373.0,5964.0,33.0,,67,2895,2299,10345,10345,11303
L’Arte Della Guerra,it,221520.0,4320.0,20.0,,67,2899,2299,10346,10346,11304
Idolo,it,168364.0,4551.0,15.0,,67,2903,560,10347,10347,11305
Nel Bene E Nel Male,it,252480.0,5196.0,24.0,,67,2896,2075,10348,10348,11306
Come Noi,it,202680.0,5237.0,18.0,,67,2895,2300,10349,10349,11307
Meno Fragile,it,232914.0,4322.0,19.0,,67,2904,2305,10350,10350,11308
CREDO,it,165248.0,5604.0,45.0,,67,2910,601,10351,10351,11309
La Freschezza Del Marcio,it,243120.0,5589.0,44.0,,67,2895,1850,10352,10352,11310
Guarda In Alto,it,248106.0,4488.0,17.0,,67,2899,2299,10353,10353,11311
Granata,it,206480.0,4591.0,18.0,,67,2895,2300,10354,10354,11312
Replay,it,202546.0,5893.0,22.0,,67,2901,2303,10355,10355,11313
Il Paradiso Perduto,it,312533.0,5668.0,11.0,,67,2899,2299,10356,10356,11314
COL FUOCO NEGLI OCCHI,it,144112.0,5410.0,45.0,,67,2910,279,10357,10357,11315
Solo Un Uomo,it,264266.0,4178.0,52.0,,67,2896,2075,10358,10358,11316
Burn Your House Down,it,252306.0,4852.0,85.0,,67,2911,319,10359,10359,11317
Come Prima,it,269640.0,5133.0,20.0,,67,2896,2075,10360,10360,11318
Città del fumo,it,141090.0,4387.0,35.0,,67,2912,2312,10361,10361,11319
Passo dopo passo,it,200917.0,4911.0,10.0,,67,2902,2313,10362,10362,11320
Che Senso Ha,it,222093.0,5217.0,20.0,,67,2897,2301,10363,10363,11321
Qua Per Restare,it,208693.0,4668.0,14.0,,67,2895,2300,10364,10364,11323
Nella Bocca Della Tigre,it,240860.0,5579.0,32.0,,67,2904,2314,10365,10365,11324
Solo Parole,it,189436.0,5699.0,18.0,,67,2904,2305,10366,10366,11325
Knock Down,it,205386.0,4663.0,15.0,,67,2895,2300,10367,10367,11326
Magico (RMX),it,166288.0,5693.0,34.0,,67,2908,145,10368,10368,11328
Quando Tutto Cade,it,285303.0,4220.0,16.0,,67,2902,2307,10369,10369,11329
Tra Le Stelle,it,165730.0,5693.0,19.0,,67,2902,2307,10370,10370,11330
Pazzo (Bonus Track),it,222720.0,4319.0,5.0,,67,2906,2075,10371,10371,11331
Mazzette,it,215573.0,4178.0,8.0,,67,2913,2315,10372,10372,11332
Il Guercio,en,293957.0,5298.0,31.0,,67,2914,2316,10373,10373,11333
Chi Temo Di Più,it,282915.0,4959.0,11.0,,67,2902,2307,10374,10374,11334
Dove Sarai Tu,it,398913.0,5834.0,14.0,,67,2904,2305,9719,9719,10652
Nero O Bianco,it,222453.0,4740.0,21.0,,67,2896,2317,10375,10375,11335
Il mio riflesso,it,178588.0,4587.0,26.0,,67,2901,322,10376,10376,11336
Fiori e fango,it,172132.0,5015.0,30.0,,67,2915,2318,10377,10377,11337
Mezzanotte,it,235374.0,4926.0,31.0,,67,2915,112,10378,10378,11338
La Gente Sola,it,326960.0,4703.0,10.0,,67,2897,2301,10379,10379,11339
Conosci Il Tuo Nemico,it,240000.0,5405.0,15.0,,67,2902,2304,10380,10380,11340
NO WAVE,it,114667.0,5534.0,50.0,,67,2910,717,10381,10381,11341
Come Si Fa,it,250000.0,5724.0,23.0,,67,2896,2075,10382,10382,11342
Oohh!!,it,201293.0,5964.0,14.0,,67,2895,2300,10383,10383,11343
Dentro Alla Scatola - Mondo Marcio Vs Finley,it,267000.0,4547.0,34.0,,67,2893,2317,10384,10384,11344
I Miei Motivi,it,242177.0,5449.0,12.0,,67,2902,2307,10385,10385,11345
On Fire,en,390906.0,4801.0,13.0,,67,2895,2300,10386,10386,11346
Kerosene,it,153228.0,5370.0,40.0,,67,2916,475,10387,10387,11347
Il Richiamo,it,164839.0,4967.0,17.0,,67,2904,2305,10388,10388,11348
Ancora Qua,it,286213.0,6005.0,20.0,,67,2896,2075,10389,10389,11349
Scema,it,200053.0,5473.0,34.0,,67,2915,112,10390,10390,11350
Non Dimenticarti Di Me,it,252679.0,5923.0,7.0,,67,2897,2301,10391,10391,11351
All Nite,it,193613.0,5688.0,13.0,,67,2895,2300,10392,10392,11352
Il Solo Rimasto,it,218226.0,5823.0,22.0,,67,2896,2075,10393,10393,11353
Non Piangere,it,263373.0,5646.0,15.0,,67,2896,2317,10394,10394,11354
Fiore nero,it,199900.0,4933.0,14.0,,67,2904,2305,10395,10395,11355
Mr. Fucker,it,180906.0,4517.0,16.0,,67,2895,2300,10396,10396,11356
Ultima Corsa,it,266332.0,4755.0,18.0,,67,2896,2317,10397,10397,11357
The Most Wanted,it,275840.0,4052.0,20.0,,67,2896,2075,10398,10398,11358
La Mia Metà,it,216133.0,5063.0,11.0,,67,2897,2301,10399,10399,11359
Senza Veli,it,165252.0,5024.0,30.0,,67,2915,112,10400,10400,11360
Donne Moderne,pl,252706.0,5065.0,9.0,,67,2897,2301,10401,10401,11361
Sono Un Sognatore,it,236213.0,5968.0,28.0,,67,2896,2317,10402,10402,11362
Fuori di Qua,it,207506.0,5841.0,37.0,,67,2900,2302,10403,10403,11363
Alza Le Mani,it,175613.0,4336.0,8.0,,67,2897,2301,10404,10404,11364
Kilo,it,200917.0,4752.0,10.0,,67,2902,2307,10405,10405,11366
L’ULTIMA VOLTA (feat. il futuro),it,143528.0,4861.0,45.0,,67,2910,717,10406,10406,11367
Niente Favori (Bonus Track),it,315475.0,4736.0,13.0,,67,2902,2300,10407,10407,11368
Bambola Vodoo,it,178500.0,5612.0,23.0,,67,2915,112,10408,10408,11369
Mp3,it,246373.0,5064.0,16.0,,67,2906,2319,10409,10409,11370
A Modo Mio,it,259120.0,5160.0,9.0,,67,2897,2301,10410,10410,11371
SENZA VOCE (feat. il presente),it,99498.0,5722.0,40.0,,67,2910,717,10411,10411,11372
Sei Troppo Cheap,it,215133.0,5628.0,13.0,,67,2917,2302,10412,10412,11373
Parla Per Te,it,216906.0,4277.0,8.0,,67,2897,2301,10413,10413,11374
Una Nel Mondo,it,228573.0,5441.0,17.0,,67,2896,2317,10414,10414,11375
Ultimo Spettacolo,it,296706.0,4886.0,9.0,,67,2897,2301,10415,10415,11376
Cose Dell’Altro Mondo,it,163653.0,4603.0,35.0,,67,2899,2307,10416,10416,11377
Show Off,it,156875.0,4111.0,20.0,,67,2915,112,10417,10417,11378
The One,en,260626.0,4989.0,15.0,,67,2896,2317,10418,10418,11379
Perché Deve Andare Così?!,it,260186.0,4725.0,18.0,,67,2896,2317,10419,10419,11380
Bang!,it,215676.0,4517.0,11.0,,67,2902,2304,10420,10420,11381
La Fiera delle Vanità,it,229348.0,5405.0,13.0,,67,2904,2305,10421,10421,11382
LAST DANCE,it,150243.0,5555.0,43.0,,67,2910,717,10422,10422,11383
Il Giuramento,it,240986.0,4503.0,9.0,,67,2917,2302,10423,10423,11384
Allo Specchio,en,154750.0,4109.0,22.0,,67,2915,112,10424,10424,11385
Gangster Italiano Freestyle,it,315475.0,5715.0,13.0,,67,2902,2320,10425,10425,11386
LANZAROTE,it,189340.0,4031.0,40.0,,67,2910,717,10426,10426,11387
Immortale,it,234951.0,5893.0,5.0,,67,2918,2321,10427,10427,11388
Non Lasciarmi,it,182000.0,5272.0,9.0,,67,2917,2302,10428,10428,11389
Mai nessuno,it,248426.0,4659.0,9.0,,67,2906,1755,10429,10429,11390
La Città,it,270666.0,4507.0,17.0,,67,2896,2317,10430,10430,11391
SABBIA,it,206203.0,4030.0,44.0,,67,2910,717,10431,10431,11392
Farai Come Ti Dico,it,218173.0,4484.0,11.0,,67,2897,2301,10432,10432,11393
Fuoco E Ghiaccio,it,149902.0,4287.0,27.0,,67,2915,112,10433,10433,11394
Sweet Pussy,it,211253.0,5240.0,11.0,,67,2917,2302,10434,10434,11395
Giorni Migliori,it,167125.0,4345.0,19.0,,67,2915,112,10435,10435,11396
Marcio Non Farlo,it,186583.0,5071.0,21.0,,67,2915,112,10436,10436,11397
Un altro Punk in Città,it,230440.0,5195.0,24.0,,67,2919,2245,10437,10437,11398
Dal tramonto all’alba,it,189586.0,4609.0,7.0,,67,2899,357,10438,10438,11399
MILANO PIANGE (feat. il passato),it,184010.0,4081.0,40.0,,67,2910,717,10439,10439,11400
Spalle Al Muro,it,291289.0,4087.0,8.0,,67,2902,2307,10440,10440,11401
Avanzi,it,158000.0,4064.0,56.0,,67,2920,2322,10441,10441,11402
Sembra Un Fenomeno,it,261013.0,5494.0,7.0,,67,2897,2301,10442,10442,11403
Ti Buco L’Anima,it,170400.0,4650.0,10.0,,67,2917,2302,10443,10443,11404
Eli-Mina-Zione,it,259146.0,5610.0,12.0,,67,2904,2305,10444,10444,11405
Notorietà,it,233853.0,4879.0,9.0,,67,2897,2301,10445,10445,11406
Come sei cresciuto,it,207937.0,4921.0,9.0,,67,2907,2310,10446,10446,11407
Make Money Money,en,269000.0,5040.0,8.0,,67,2917,2302,10447,10447,11408
Le Strade,it,269333.0,5443.0,17.0,,67,2896,2302,10448,10448,11409
Il Motivo,en,237146.0,4558.0,14.0,,67,2896,2317,2978,2978,3271
Ogni Città,it,247426.0,4255.0,8.0,,67,2897,2301,10449,10449,11410
King Tut,it,212906.0,5128.0,12.0,,67,2899,2322,10450,10450,11411
Qual è Il Tuo Nome,it,150986.0,4667.0,10.0,,67,2917,2302,10451,10451,11412
Città del Fumo PT.2,pl,141090.0,4899.0,35.0,,67,2912,78,10452,10452,11413
05/08/1997,it,207947.0,5310.0,54.0,,67,2921,159,10453,10453,11414
Desideri,it,162958.0,5002.0,19.0,,67,2915,112,10454,10454,11415
Tagliarmi le vene,it,239708.0,5257.0,11.0,,67,2907,2310,10455,10455,11416
Babilonia Brucia,en,235733.0,5105.0,43.0,,67,2894,2322,10456,10456,11417
Bombe Sopra Baghdad,it,271920.0,5497.0,2.0,,67,2922,2315,10457,10457,11418
Outro (Magico),it,86687.0,5424.0,15.0,,67,2915,112,10458,10458,11419
Le Strade Guardano,it,269333.0,5083.0,17.0,,67,2896,2317,10459,10459,11420
High Tech,it,237000.0,5374.0,28.0,,67,2923,2315,10460,10460,11421
CARNIVORI,it,157669.0,5764.0,41.0,,67,2910,717,10461,10461,11422
Lavoro,it,173000.0,4880.0,9.0,,67,2907,2310,10462,10462,11423
Candy,it,254072.0,4840.0,14.0,,67,2896,2317,10463,10463,11424
All the Way to Chilltown,it,252800.0,5545.0,11.0,,67,2917,2302,10464,10464,11425
Gotham,it,138151.0,5181.0,10.0,,67,2924,2323,10465,10465,11426
L.A. Strippers,it,170653.0,4154.0,15.0,,67,2896,2317,10466,10466,11427
Non ho tempo per questo,it,170437.0,5802.0,8.0,,67,2907,2310,10467,10467,11428
Lo Devi Amare,it,174103.0,4074.0,16.0,,67,2896,2317,10468,10468,11429
Fumo Passivo,it,208693.0,5514.0,14.0,,67,2895,2304,10469,10469,11430
Tocco magico,it,315475.0,5536.0,13.0,,67,2902,2324,10470,10470,11431
Intro (Solo Un Uomo),it,47173.0,5922.0,15.0,,67,2896,2075,10471,10471,11432
Mercedes Muzik,it,164776.0,4121.0,67.0,,67,2925,2322,10472,10472,11433
RUMORS,it,161524.0,5210.0,41.0,,67,2910,717,10473,10473,11434
Continua Domani,it,276280.0,4871.0,1.0,,67,2926,1894,3192,3192,3504
EUPHORIA,it,186408.0,4674.0,38.0,,67,2910,717,10474,10474,11435
Perdendo il controllo,it,229750.0,4193.0,8.0,,67,2907,2310,7663,7663,8391
Non Moriremo Mai,it,246906.0,5140.0,16.0,,67,2896,2317,10475,10475,11436
4 minuti,it,280720.0,4973.0,43.0,,67,2896,993,10476,10476,11437
Io e Il Mio Fumo,it,200280.0,4222.0,28.0,,67,2927,2325,10477,10477,11438
L’Ultimo Ballo,it,174103.0,5240.0,16.0,,67,2896,287,10478,10478,11439
Se Adesso Te Ne Vai,it,244129.0,5493.0,14.0,,67,2904,2305,10479,10479,11440
Bum Bum Bum,it,291750.0,5553.0,6.0,,67,2907,2310,10480,10480,11441
Non sono una rockstar,it,250040.0,5830.0,10.0,,67,2906,2326,10481,10481,11442
A spasso nel cimitero,it,299773.0,4835.0,8.0,,67,2906,1755,10482,10482,11443
Animale in gabbia,it,187946.0,5925.0,23.0,,67,2906,1755,10483,10483,11444
Se fossi presidente,it,239560.0,5749.0,9.0,,67,2906,1755,10484,10484,11445
If I Die 2Nite,it,285986.0,4604.0,13.0,,67,2896,2317,10485,10485,11446
Come un italiano,sw,240080.0,4332.0,14.0,,67,2928,2327,10486,10486,11447
Showtime,it,238000.0,4886.0,9.0,,67,2917,2302,10487,10487,11448
Creperai,it,247500.0,4819.0,61.0,,67,2929,2328,10488,10488,11449
Jack,it,249626.0,5166.0,42.0,,67,2930,2329,10489,10489,11450
Perché mi faccio,it,246626.0,5182.0,28.0,,67,2894,2330,10490,10490,11451
Una storia da raccontare,en,287358.0,5517.0,7.0,,67,2907,2310,10491,10491,11453
Che ti piaccia o no,it,294624.0,5034.0,8.0,,67,2907,2310,10492,10492,11454
Non Puoi Spegnerlo,it,137480.0,4221.0,8.0,,67,2917,2302,10493,10493,11455
Di Ghiaccio,it,236600.0,5732.0,15.0,,67,2917,2325,10494,10494,11456
Effetto shock,it,227880.0,4634.0,6.0,,67,2899,2331,10495,10495,11457
I Marci Mi Cercano,it,191306.0,5961.0,15.0,,67,2896,2317,10496,10496,11458
Potresti Darmi il Mondo (Bonus Track),it,246373.0,4249.0,16.0,,67,2906,2300,10497,10497,11459
Intro / Sempre lo stesso,it,310958.0,5935.0,8.0,,67,2907,2310,10498,10498,11460
Breathe Easy,it,230946.0,4195.0,13.0,,67,2896,2317,10499,10499,11462
Cattiva influenza,it,204746.0,4475.0,8.0,,67,2928,2332,10500,10500,11463
Chi mi ha detto di no,it,280720.0,4105.0,43.0,,67,2896,2328,10501,10501,11464
Il fumo uccide,it,170382.0,5427.0,24.0,,67,2931,2328,10502,10502,11465
Sopra Di Noi,it,192954.0,5717.0,8.0,,67,2907,2310,10503,10503,11466
Sto bruciando vivo,it,312506.0,4884.0,6.0,,67,2906,1755,10504,10504,11467
Morendo,it,248106.0,5874.0,17.0,,67,2899,2333,10505,10505,11468
Dimmi di cosa hai paura,co,226440.0,5197.0,6.0,,67,2928,2332,10506,10506,11469
Starlight,en,218586.0,5276.0,6.0,,67,2917,2302,10507,10507,11471
Tempi moderni,it,168888.0,5707.0,5.0,,67,2897,2301,10508,10508,11472
La serata benedetta,it,197813.0,4607.0,20.0,,67,2932,2334,10509,10509,11473
Natale No,co,230000.0,4723.0,6.0,,67,2902,2335,10510,10510,11474
H O2 H,en,323760.0,5831.0,0.0,,67,2933,993,10511,10511,11475
Quello Che So,it,211373.0,5819.0,7.0,,67,2917,2302,10512,10512,11476
Xxtasi,pl,247500.0,5973.0,61.0,,67,2929,2310,10513,10513,11477
Dischi volanti,it,259972.0,5822.0,41.0,,67,2934,2304,10514,10514,11478
Tutto Può Cambiare,it,264905.0,4268.0,10.0,,67,2907,2310,10515,10515,11479
Società Segreta,it,280720.0,5665.0,43.0,,67,2896,2322,10516,10516,11480
Mentre Scrivo,it,211360.0,4834.0,5.0,,67,2935,300,10517,10517,11481
Intro + Nascita di un marcio,it,222529.0,5998.0,16.0,,67,2936,2336,10518,10518,11482
Tutto quello che sono,it,226906.0,4960.0,82.0,,67,2937,2337,10519,10519,11483
Nessuno ti ama,it,379360.0,5124.0,10.0,,67,2928,2332,10520,10520,11484
Nel Buio,it,228573.0,5074.0,17.0,,67,2896,2304,10521,10521,11485
Gelido,it,244626.0,4656.0,18.0,,67,2895,2300,10522,10522,11486
Ho Perso La Testa,it,281490.0,4162.0,18.0,,67,2907,2325,10523,10523,11487
Easy,it,290226.0,5808.0,7.0,,67,2928,2332,10524,10524,11489
Tutto apposto,it,244586.0,5623.0,18.0,,67,2895,1755,10525,10525,11490
A dente stretti,it,264000.0,4292.0,2.0,,67,2938,94,10526,10526,11491
Come sono fatto,it,92080.0,5570.0,6.0,,67,2906,1755,10527,10527,11492
Demone nell’ipod,it,210440.0,5267.0,6.0,,67,2899,2331,10528,10528,11493
Dai non è il caso,it,197533.0,4832.0,5.0,,67,2928,2332,10529,10529,11494
Dexter,it,245613.0,4522.0,6.0,,67,2928,2332,10530,10530,11495
Conigli Freestyle,it,158000.0,5737.0,56.0,,67,2920,2338,10531,10531,11496
Mostro,en,235733.0,5417.0,43.0,,67,2894,2328,10532,10532,11497
Warm Up,en,225384.0,5111.0,21.0,,67,2939,188,10533,10533,11498
11° comandamento,it,212000.0,5236.0,4.0,,67,2940,2339,10534,10534,11499
Maschera a Gas,en,205386.0,4195.0,15.0,,67,2895,2325,10535,10535,11500
Non Dimenticare,it,193340.0,4963.0,16.0,,67,2941,1894,10536,10536,11501
All I Love,en,260626.0,4401.0,15.0,,67,2896,2304,10537,10537,11502
Vieni a prenderci,it,209124.0,4430.0,5.0,,67,2918,2321,10538,10538,11503
Come Iva Zanicchi,it,152142.0,5338.0,4.0,,67,2942,2304,10539,10539,11504
Il grande sogno,it,195226.0,5841.0,6.0,,67,2928,2332,10540,10540,11505
Puro amore,it,276280.0,4821.0,1.0,,67,2926,2340,10541,10541,11506
Sempre in serata,it,210800.0,4429.0,7.0,,67,2899,2331,8111,8111,8906
Panico! (Bonus track),it,283440.0,5313.0,28.0,,67,2899,855,10542,10542,11507
Prologo,it,58477.0,5759.0,11.0,,67,2904,2305,10543,10543,11508
Così tanto alcol,it,226906.0,5516.0,82.0,,67,2937,1755,10544,10544,11509
Soltanto Marci,it,262960.0,5754.0,11.0,,67,2897,2304,10545,10545,11510
Orfano,it,247500.0,5090.0,61.0,,67,2929,2341,10546,10546,11511
Le ragazze,it,196013.0,5521.0,5.0,,67,2928,2332,10547,10547,11512
Mi dispiace,it,246373.0,4292.0,16.0,,67,2906,2342,10548,10548,11513
Cos’hai di nuovo?,it,223146.0,4711.0,4.0,,67,2928,2332,10549,10549,11515
Un altro Mondo Marcio,it,216373.0,4794.0,33.0,,67,2895,1755,10550,10550,11516
Gian Marco,it,247426.0,5038.0,8.0,,67,2897,2343,10551,10551,11517
Jemal’s War,en,41099.0,5873.0,11.0,,67,2896,2317,10552,10552,11518
Puoi Fare Di Meglio,it,180874.0,5765.0,5.0,,67,2918,2003,10553,10553,11519
Quanta carne,it,286586.0,4281.0,5.0,,67,2928,2332,10554,10554,11520
Brutta storia (Repack),it,283440.0,4359.0,28.0,,67,2899,2344,10555,10555,11521
Voglio scrivere un tormentone,it,203640.0,4730.0,4.0,,67,2906,1755,10556,10556,11522
Warning,it,247500.0,4597.0,61.0,,67,2929,2304,10557,10557,11523
Guardati intorno,it,245173.0,5247.0,47.0,,67,2896,993,10558,10558,11524
Vero hardcore,it,189436.0,5824.0,18.0,,67,2904,2328,10559,10559,11525
Time Line,it,212000.0,5943.0,4.0,,67,2940,2322,10560,10560,11526
Un po’ più in alto,it,195750.0,5325.0,8.0,,67,2907,2310,10561,10561,11527
Rap Phenomenon,en,250040.0,5694.0,10.0,,67,2906,2325,10562,10562,11528
Conto alla rovescia,it,226293.0,5065.0,5.0,,67,2928,2332,10563,10563,11529
Intro (Fuori di Qua!),it,11426.0,4429.0,0.0,,67,2900,2302,10564,10564,11530
Dove Sono i Soldi?,it,262960.0,5065.0,15.0,,67,2897,2304,10565,10565,11531
Patto col diavolo,it,466000.0,5126.0,62.0,,67,2943,2345,10566,10566,11532
Lost,it,205186.0,5502.0,23.0,,67,2895,2346,10567,10567,11533
Intro (Nessuna Via D’Uscita Mixtape),it,222453.0,4453.0,21.0,,67,2896,2317,10568,10568,11534
Marcio (Difesa Personale),it,312520.0,4750.0,14.0,,67,2894,2330,10569,10569,11535
Dentro Ad Un Sogno,it,324173.0,4742.0,25.0,,67,2894,2347,10570,10570,11536
Corsia di sorpasso,it,199999.0,5936.0,8.0,,67,2944,2328,10571,10571,11537
Non è un paese per giovani,it,202680.0,4902.0,18.0,,67,2895,2328,10572,10572,11538
Questi Fantasmi (Dj Shocca Rmx),it,176106.0,5526.0,5.0,,67,2919,2348,10573,10573,11539
Per Stasera,it,275840.0,5518.0,20.0,,67,2896,2075,10574,10574,11540
Cane matto,it,250000.0,4545.0,23.0,,67,2896,2328,10575,10575,11541
Era Tutto Un Sogno (Presave Bonus Track),it,324173.0,5160.0,25.0,,67,2894,2307,10576,10576,11542
Slam-Dunk (Freestyle),it,158000.0,5804.0,56.0,,67,2920,2349,10577,10577,11543
Lord knows,it,200280.0,4966.0,28.0,,67,2927,2304,10578,10578,11544
Conosci il Nome,it,280800.0,5907.0,10.0,,67,2899,2304,10579,10579,11545
Non Puoi Buttarmi Giù,it,174103.0,4443.0,16.0,,67,2896,1894,10580,10580,11546
Euro,en,239560.0,4159.0,9.0,,67,2906,2328,10581,10581,11547
Cannon Freestyle,it,197813.0,5801.0,20.0,,67,2932,2338,10582,10582,11548
Solo con una,en,226906.0,5713.0,82.0,,67,2937,2350,10583,10583,11549
Tieni Il Resto,it,235733.0,6004.0,43.0,,67,2894,2351,10584,10584,11550
Intro MDSK,en,222093.0,5374.0,20.0,,67,2897,2332,10585,10585,11551
Nascondi tutto,en,218226.0,5892.0,22.0,,67,2896,2328,10586,10586,11552
Tutto e nient’altro (Repack),it,266332.0,5670.0,18.0,,67,2896,2344,10587,10587,11553
L’Arte Della Guerra (Dj Shocca Rmx),it,247500.0,5707.0,61.0,,67,2929,2348,10588,10588,11554
Outro,en,86687.0,5153.0,15.0,,67,2915,2352,10589,10589,11555
Per Il Momento,it,200917.0,4780.0,10.0,,67,2902,2353,10590,10590,11556
Dov’è Andato Freestyle,it,283440.0,5886.0,28.0,,67,2899,2320,10591,10591,11557
Freestyle,it,197813.0,4880.0,20.0,,67,2932,2354,10592,10592,11558
Non Mi Basta,it,175040.0,5093.0,18.0,,67,2945,1894,10593,10593,11559
Brutto Carattere,it,264000.0,4907.0,13.0,,67,2946,2351,10594,10594,11560
Serve un altro Gesù Cristo (Repack),en,245666.0,5147.0,19.0,,67,2894,2344,10595,10595,11561
Intro (Il Fumo Uccide),it,170382.0,4954.0,24.0,,67,2931,2328,10596,10596,11562
Uno a Cento,it,262960.0,4109.0,15.0,,67,2897,1894,3776,3776,4144
Come Un Pezzo Degli Stones,it,193043.0,5782.0,15.0,,67,2947,1894,10597,10597,11563
Zero Punto Otto,it,250909.0,4904.0,13.0,,67,2948,2355,10598,10598,11564
Mostro (Repack),it,235733.0,5195.0,43.0,,67,2894,2344,10599,10599,11565
Mai,it,256160.0,4292.0,46.0,,67,2897,2356,10600,10600,11566
Mio Dio!,it,235733.0,4020.0,43.0,,67,2894,2354,10601,10601,11567
Nessuna Pietà,it,223834.0,4505.0,79.0,,67,2949,1894,10602,10602,11568
Giorni Matti pt. 2 (Michel Rmx),it,283440.0,5426.0,28.0,,67,2899,2348,10603,10603,11569
Solo Noi,it,226266.0,4211.0,23.0,,67,2894,2331,10604,10604,11570
Rising,en,247500.0,5835.0,61.0,,67,2929,815,10605,10605,11571
L’Inferno È Alle Porte Freestyle,pl,154736.0,4444.0,1.0,,67,2950,2320,10606,10606,11572
Leviatano,it,188879.0,4423.0,15.0,,67,2951,2357,10607,10607,11573
M.A.R.C.I.O (DJ Luda Rmx),it,315475.0,4376.0,13.0,,67,2902,2348,10608,10608,11574
Tutto Nero Freestyle,it,226906.0,4040.0,82.0,,67,2937,2320,10609,10609,11575
Kush,en,214588.0,5560.0,67.0,,67,2952,2328,10610,10610,11576
Showtime Pt. 2,it,244586.0,5768.0,18.0,,67,2895,1894,10611,10611,11577
Lasciami Un Messaggio,it,163653.0,5246.0,35.0,,67,2899,2351,10612,10612,11578
Regina Di Cuori (Sano Rmx),it,185573.0,4389.0,33.0,,67,2894,2348,10613,10613,11579
Non Sento Niente (Michel Rmx),it,193708.0,4585.0,57.0,,67,2921,2348,10614,10614,11580
Non Fa Per Me,it,312520.0,4967.0,14.0,,67,2894,2351,10615,10615,11581
Intro - Streetstyle,it,222093.0,5926.0,20.0,,67,2897,287,10616,10616,11582
Passaparola,it,247500.0,4508.0,61.0,,67,2929,2351,10617,10617,11583
Finish Line (Freestyle),it,158000.0,5479.0,56.0,,67,2920,173,10618,10618,11584
Primo interludio,it,48480.0,4892.0,6.0,,67,2899,2304,10619,10619,11585
Qualcosa É Rimasto (Don Joe Rmx),it,226280.0,4609.0,9.0,,67,2899,2348,10620,10620,11586
Intro (Devil’s Speech),pl,222093.0,4926.0,20.0,,67,2897,1894,10621,10621,11587
Started From The Bottom (Solo Bombe),it,185546.0,4154.0,0.0,,67,2953,2358,10622,10622,11588
Brucia Marcio Brucia (Don Joe Rmx),it,201293.0,5615.0,14.0,,67,2895,2348,10623,10623,11589
Toro Scatenato Freestyle,it,158000.0,4500.0,56.0,,67,2920,2320,10624,10624,11590
Il Mondo È Tuo Freestyle,pl,315475.0,5468.0,13.0,,67,2902,2320,10625,10625,11591
Secondo interludio,it,36320.0,4148.0,5.0,,67,2899,2304,10626,10626,11592
L’Altro Mondo (Dj Luda Rmx),it,245666.0,5927.0,19.0,,67,2894,2348,10627,10627,11593
Guarda In Alto (Flesha Rmx),it,210440.0,4400.0,6.0,,67,2899,2348,10628,10628,11594
Il Primo (Sano Rmx),it,163653.0,5783.0,35.0,,67,2899,2348,10629,10629,11595
Sub Zero (Freestyle),it,237146.0,5635.0,14.0,,67,2896,1302,10630,10630,11596
Non Puoi Andarci Contro,it,240680.0,5955.0,25.0,,67,2896,2359,10631,10631,11597
Una volta ancora,it,174291.0,32722.0,67.0,,37,2954,2360,10632,10632,11598
D’estate Non Vale,en,157933.0,33381.0,66.0,,37,2954,18,10633,10633,11599
Rap God (Freestyle),it,189666.0,24372.0,22.0,,37,2955,2361,10634,10634,11600
Il cielo guarda te,it,218709.0,20782.0,46.0,,37,2956,1595,10635,10635,11601
Usain Bolt,pt,159960.0,17259.0,18.0,,37,2957,395,10636,10636,11602
Ora che,it,206470.0,12615.0,30.0,,37,2956,399,10637,10637,11603
Stanza 365,it,216346.0,17252.0,36.0,,37,2958,1824,10638,10638,11604
Il tuo profumo,es,160855.0,10430.0,52.0,,37,2954,1693,10639,10639,11605
MALA,pl,178721.0,11873.0,52.0,,37,2959,1577,10640,10640,11607
SEXY RAVE,it,140160.0,10759.0,73.0,,37,2960,279,10641,10641,11608
Adiós,it,206686.0,9991.0,37.0,,37,2956,248,10642,10642,11609
Non Fotti Con FDP Vol.2 - Episodio 2,it,174291.0,10247.0,67.0,,37,2954,952,10643,10643,11610
Paloma,it,141062.0,6933.0,53.0,,37,2961,392,10644,10644,11611
Se Iluminaba,pl,174291.0,8220.0,61.0,,37,2954,280,10645,10645,11612
Muovi il mondo,it,253240.0,6937.0,24.0,,37,2957,395,10646,10646,11613
Fai Cisti,pl,193746.0,7851.0,19.0,,37,2957,395,10647,10647,11615
Niggas In Paris (Freestyle),it,189666.0,7249.0,22.0,,37,2955,645,10648,10648,11616
Un’altra notte,it,222000.0,7609.0,20.0,,37,2956,1061,10649,10649,11617
Blessings (Freestyle),it,189666.0,5190.0,22.0,,37,2955,908,10650,10650,11618
Non Scordare Mai,it,184600.0,5753.0,17.0,,37,2958,712,10651,10651,11619
Buenos Dias,it,227840.0,5517.0,38.0,,37,2958,1824,10652,10652,11620
MMH,it,187454.0,4977.0,58.0,,37,2962,78,10653,10653,11621
Sincera,it,189870.0,5490.0,46.0,,37,2954,1246,10654,10654,11622
CoCo (Freestyle),it,189666.0,6411.0,22.0,,37,2955,1539,10655,10655,11623
Anaconda (Freestyle),it,189666.0,5278.0,22.0,,37,2955,2362,10656,10656,11624
Uebe,it,157933.0,5889.0,66.0,,37,2954,1693,10657,10657,11625
Serenata Trap,it,166600.0,6414.0,23.0,,37,2958,1868,10658,10658,11626
5.30,it,135818.0,5951.0,18.0,,37,2956,1061,10659,10659,11627
Non Fotti con FDP Vol. 2 - Episodio 1,it,174291.0,4804.0,67.0,,37,2954,1714,10660,10660,11628
Canterai,it,207973.0,4759.0,29.0,,37,2958,1824,10661,10661,11629
Conto i Passi,it,185306.0,4925.0,19.0,,37,2957,395,10662,10662,11630
AU REVOIR,it,141750.0,4367.0,42.0,,37,2959,1577,10663,10663,11632
Black And Yellow (Freestyle),it,447961.0,5284.0,23.0,,37,2963,2363,10664,10664,11633
Tu dimmi,it,188125.0,4741.0,30.0,,37,2956,1061,10665,10665,11634
Non tornare a casa,it,191071.0,5720.0,16.0,,37,2956,574,10666,10666,11635
Dio benedica il reggaeton,it,167684.0,5529.0,40.0,,37,2954,575,10667,10667,11636
Rodeo,it,251120.0,5236.0,24.0,,37,2957,395,10668,10668,11637
Ti raggiungerò,it,164160.0,4743.0,58.0,,37,2961,1267,10669,10669,11638
Bahamas,it,188666.0,4433.0,31.0,,37,2954,1693,10670,10670,11639
Un altro ballo,it,167719.0,5570.0,53.0,,37,2961,877,10671,10671,11640
Non dirmi che ti manco (Outro),it,108243.0,4986.0,30.0,,37,2954,1693,10672,10672,11641
Il mio game,it,126315.0,4461.0,13.0,,37,2956,860,10673,10673,11642
Niente da Dire,it,186562.0,4403.0,13.0,,37,2956,1702,10674,10674,11643
PA’ LA CULTURA 2,it,114600.0,4342.0,21.0,,37,2959,1577,10675,10675,11644
BARRIO LAMBADA,it,161071.0,5570.0,69.0,,37,2964,181,10676,10676,11645
Lettera Al Successo,it,222120.0,4472.0,14.0,,37,2957,1375,10677,10677,11646
Uana,it,160100.0,5067.0,29.0,,37,2961,851,10678,10678,11647
Goodnite,it,205636.0,4916.0,13.0,,37,2956,1061,10679,10679,11649
Pa’ la cultura Freestyle,pl,118024.0,5172.0,21.0,,37,2961,508,10680,10680,11650
Io no,it,153043.0,5770.0,15.0,,37,2956,531,10681,10681,11651
Hanglover,it,218709.0,5750.0,46.0,,37,2956,2364,10682,10682,11652
TUTTO QUELLO CHE HO,it,153964.0,4916.0,39.0,,37,2959,1577,10683,10683,11654
Sku Sku,it,152038.0,4042.0,35.0,,37,2954,1693,10684,10684,11655
IL CIELO NON CI VUOLE,it,172727.0,4866.0,47.0,,37,2965,90,10685,10685,11656
Extasi,it,157846.0,5228.0,62.0,,37,2966,315,10686,10686,11657
Vuoi ballare con me,it,209516.0,5130.0,18.0,,37,2956,1061,10687,10687,11658
NOTTE CATTIVA,it,155044.0,5317.0,47.0,,37,2967,785,10688,10688,11659
Discoteka,it,169132.0,4319.0,21.0,,37,2961,851,10689,10689,11660
Almeno tu,it,183000.0,5308.0,14.0,,37,2956,2365,10690,10690,11661
Mano x mano,it,181646.0,4377.0,41.0,,37,2954,1693,10691,10691,11662
Alabama,it,185888.0,5517.0,13.0,,37,2956,1061,10692,10692,11663
Non fotti con FDP Vol.2 - Episodio 3,it,157933.0,4692.0,66.0,,37,2954,2366,10693,10693,11664
ROMANCE,pl,180170.0,5438.0,52.0,,37,2968,1366,10694,10694,11665
Love King,it,194000.0,4108.0,13.0,,37,2956,1061,10695,10695,11666
Halo (Freestyle),it,189666.0,4831.0,22.0,,37,2955,2367,10696,10696,11667
PASSIONE,it,163308.0,5426.0,59.0,,37,2969,453,10697,10697,11668
Notte da Cafoni,it,209973.0,4465.0,12.0,,37,2957,395,10698,10698,11669
Fatti così (Intro),it,123789.0,5605.0,29.0,,37,2954,1693,10699,10699,11670
BoyFred,it,227840.0,5277.0,38.0,,37,2958,1824,10700,10700,11671
Sparirò,it,190146.0,5190.0,17.0,,37,2957,395,10701,10701,11672
F.D.P.,it,157933.0,4722.0,66.0,,37,2954,2368,10702,10702,11673
Niente di te,it,177700.0,4978.0,40.0,,37,2961,851,10703,10703,11674
DYO,it,260000.0,5210.0,10.0,,37,2956,1061,10704,10704,11675
Voilà,it,160531.0,4959.0,12.0,,37,2956,1541,10705,10705,11676
Non Ero Io,it,195853.0,5412.0,14.0,,37,2957,1248,10706,10706,11677
Dov’eri tu,it,149680.0,4881.0,13.0,,37,2958,1824,10707,10707,11678
Tutto Qui,it,168093.0,4416.0,12.0,,37,2958,1824,10708,10708,11679
Non mi batte neanche il cuore,it,193520.0,4441.0,14.0,,37,2957,2045,10709,10709,11680
REGGAETONERO,it,171631.0,4024.0,31.0,,37,2959,1577,10710,10710,11684
Melodia Criminal,it,180525.0,4615.0,51.0,,37,2970,404,10711,10711,11685
Freestyle (#NONFOTTICONFDP),it,189666.0,5515.0,22.0,,37,2955,1453,10712,10712,11686
IO X TE,it,167333.0,5605.0,33.0,,37,2959,1577,10713,10713,11687
Fenomeno,it,181306.0,4418.0,13.0,,37,2958,1824,10714,10714,11688
Noi due,it,191640.0,5934.0,15.0,,37,2958,1824,10715,10715,11689
VodkaLemonHaze,en,211440.0,5018.0,13.0,,37,2958,2369,10716,10716,11690
Tú y yo,es,164160.0,5850.0,32.0,,37,2961,2086,10717,10717,11691
Margiela,it,158698.0,5429.0,19.0,,37,2961,851,10718,10718,11692
MI FA MALE,it,131666.0,5461.0,21.0,,37,2959,1577,10719,10719,11693
Para All Night,it,200933.0,4183.0,10.0,,37,2957,395,10720,10720,11694
Superstar,it,175159.0,4453.0,21.0,,37,2961,851,10721,10721,11695
Due Cuori E Una Caparra,it,210000.0,4028.0,12.0,,37,2958,1824,10722,10722,11696
Cretina,it,174767.0,5449.0,35.0,,37,2961,851,10723,10723,11697
Chiudo gli occhi,it,174493.0,4702.0,12.0,,37,2958,1824,10724,10724,11698
Intro,it,123789.0,5588.0,29.0,,37,2954,395,10725,10725,11699
Mondo,it,96686.0,4689.0,20.0,,37,2961,851,10726,10726,11700
EXTASI,es,157846.0,5656.0,62.0,,37,2966,1690,10727,10727,11701
Pressingirl,it,188257.0,4275.0,14.0,,37,2971,1427,10728,10728,11702
Te lo immagini,it,158218.0,4360.0,36.0,,37,2961,851,10729,10729,11703
Senza Dio,it,165269.0,4695.0,21.0,,37,2961,851,9813,9813,10747
5:20,it,143443.0,4829.0,18.0,,37,2961,851,10730,10730,11704
Adrenalina,it,180000.0,4710.0,35.0,,37,2972,211,10731,10731,11705
Slogan,it,197453.0,5543.0,12.0,,37,2958,1824,10732,10732,11706
F.D.P. 2,it,163308.0,4207.0,38.0,,37,2973,1375,10733,10733,11707
AFTERMAN,en,127200.0,4717.0,51.0,,37,2974,2370,10734,10734,11708
Carrilon,it,208653.0,5691.0,11.0,,37,2957,395,10735,10735,11709
COVID19 FREESTYLE,it,189666.0,4145.0,22.0,,37,2955,111,10736,10736,11710
Covid freestyle - FDP,it,189666.0,5901.0,22.0,,37,2955,14,10737,10737,11711
La Scelta Più Facile (feat. Dirty C),it,193050.0,5991.0,8.0,,37,2971,1427,10738,10738,11712
DI CAPRIO,it,148363.0,109080.0,52.0,,34,2975,196,10739,10739,11713
Pensavo fosse amore e invece...,it,263026.0,52796.0,48.0,,34,2976,2371,10740,10740,11714
L’INFANZIA DIFFICILE DI UN BENESTANTE,it,223834.0,52342.0,79.0,,34,2977,2372,10741,10741,11715
SEXY SHOP,it,188684.0,55697.0,63.0,,34,2978,1797,10742,10742,11716
Che cazzo ridi,it,216367.0,45629.0,30.0,,34,2979,2117,10743,10743,11718
TVTB,it,200400.0,42915.0,40.0,,34,2980,1197,10744,10744,11719
BELLA STORIA,it,176479.0,39944.0,53.0,,34,2981,1953,10745,10745,11720
No Game Freestyle,it,96300.0,29121.0,60.0,,34,2982,2373,10746,10746,11721
Prima di ogni cosa,it,187680.0,37258.0,44.0,,34,2980,602,10747,10747,11722
ALLUCINAZIONE COLLETTIVA,it,176785.0,35154.0,52.0,,34,2983,2374,10748,10748,11723
MILLE,it,175923.0,31761.0,58.0,,34,2984,508,10749,10749,11724
PROBLEMI CON TUTTI (GIUDA),it,134874.0,35159.0,33.0,,34,2985,524,10750,10750,11725
BATTITO,it,194468.0,32496.0,74.0,,34,2986,724,10751,10751,11726
BIMBI PER STRADA (CHILDREN),it,200820.0,25994.0,48.0,,34,2987,333,10752,10752,11727
SAPORE,it,195480.0,27579.0,51.0,,34,2981,1095,10753,10753,11728
Cigno nero,it,201973.0,25330.0,58.0,,34,2976,2371,10754,10754,11729
LA DOLCE VITA,it,187862.0,20258.0,58.0,,34,2988,10,10755,10755,11730
UN GIORNO IN PRETURA,it,159304.0,27740.0,29.0,,34,2981,1095,10756,10756,11731
Dai cazzo Federico,it,192440.0,13964.0,36.0,,34,2976,2375,10757,10757,11732
Faccio brutto,it,216813.0,17451.0,42.0,,34,2976,2371,10758,10758,11733
Tutto il contrario,it,145706.0,15753.0,36.0,,34,2989,2376,10759,10759,11734
MEGLIO DEL CINEMA,it,188766.0,12454.0,43.0,,34,2990,719,10760,10760,11735
LA CASSA SPINGE 2021,it,136523.0,17077.0,36.0,,34,2981,1095,10761,10761,11738
Si scrive schiavitù si legge libertà,it,189453.0,15212.0,37.0,,34,2976,2371,10762,10762,11739
Holding Out for You,en,181973.0,13421.0,33.0,,34,2980,561,10763,10763,11740
Magnifico,it,203746.0,11702.0,61.0,,34,2991,2377,10764,10764,11741
Kim & Kanye,it,175493.0,11131.0,29.0,,34,2980,1197,10765,10765,11742
21 Grammi,it,222000.0,12267.0,49.0,,34,2992,1824,10766,10766,11743
Alfonso Signorini (Eroe Nazionale),it,193933.0,11474.0,35.0,,34,2976,2371,10767,10767,11744
MORIRE MORIRE,it,239253.0,12379.0,48.0,,34,2993,2378,10768,10768,11745
STUPIDO STUPIDO,it,159480.0,14428.0,33.0,,34,2981,1095,10769,10769,11746
BELLA STRONZA,it,176571.0,12432.0,62.0,,34,2994,2379,10770,10770,11747
Veleno per topic,cs,173960.0,13720.0,25.0,,34,2991,2380,10771,10771,11748
Sembra semplice,it,234066.0,11951.0,41.0,,34,2976,2371,10772,10772,11749
L’amore eternit,it,258880.0,10374.0,61.0,,34,2991,2377,10773,10773,11750
DISCO PARADISE,it,198536.0,11893.0,64.0,,34,2995,1699,10774,10774,11751
Anthem Pt.1,it,244306.0,9249.0,12.0,,34,2996,1107,10775,10775,11752
Generazione Boh,it,210729.0,10467.0,7.0,,34,2997,2381,10776,10776,11753
VITTORIA,it,197250.0,7249.0,33.0,,34,2981,1095,10777,10777,11754
LE MADRI DEGLI ALTRI,it,162666.0,6484.0,38.0,,34,2981,1095,10778,10778,11755
MI STO SUL CAZZO,it,184235.0,8681.0,36.0,,34,2981,1095,10779,10779,11756
Blues,pl,241760.0,7862.0,28.0,,34,2998,2285,10780,10780,11758
FEDE E SPERANZA,it,145846.0,8514.0,26.0,,34,2981,1095,10781,10781,11759
Parli di rap?,it,182426.0,8457.0,23.0,,34,2998,2285,8135,8135,8950
Penisola che non c’è,it,179186.0,5519.0,25.0,,34,2989,2382,10782,10782,11760
VIOLA,it,182338.0,6572.0,45.0,,34,2999,1875,10783,10783,11761
SCELTE STUPIDE,it,179802.0,6289.0,75.0,,34,3000,37,10784,10784,11762
Amnesia,it,163773.0,6708.0,24.0,,34,2980,1197,10785,10785,11763
Paranoia Airlines,it,187680.0,6982.0,44.0,,34,2980,1197,10786,10786,11764
Non c’è due senza trash,it,209000.0,5350.0,36.0,,34,2991,2377,10787,10787,11765
Beautiful Disaster,it,226013.0,5798.0,42.0,,34,2992,723,10788,10788,11766
FUORI DAI GUAI,it,175056.0,6122.0,29.0,,34,2981,1095,10789,10789,11767
VECCHIO,it,179439.0,4683.0,28.0,,34,2981,1095,10790,10790,11768
TONY LUCRARELLI,it,86979.0,5890.0,40.0,,34,3001,190,10791,10791,11769
Sirene,it,205560.0,5345.0,30.0,,34,2991,2377,10792,10792,11770
Polaroid,it,197040.0,5917.0,28.0,,34,2976,2371,10793,10793,11771
ROSALÍA,it,162455.0,4692.0,35.0,,34,3002,727,10794,10794,11772
GUARDA COSA MI FAI FARE,it,192230.0,4228.0,27.0,,34,2981,1095,10795,10795,11773
Sfregi e difetti,it,184400.0,5027.0,22.0,,34,2980,1197,10796,10796,11774
Record,it,183613.0,4183.0,24.0,,34,2980,1197,10797,10797,11775
NOTTE BRAVA,it,196363.0,5956.0,26.0,,34,2981,1095,10798,10798,11776
Jet set,it,183213.0,4090.0,28.0,,34,2998,2383,10799,10799,11777
L’una per l’alcol,it,160986.0,5522.0,22.0,,34,2980,1197,10800,10800,11778
CRISI DI STATO,it,203721.0,5063.0,35.0,,34,3003,1692,10801,10801,11779
B-Rex Status Domini,it,225866.0,4752.0,61.0,,34,3004,2384,10802,10802,11780
Single a vita,en,192733.0,4144.0,29.0,,34,2976,2371,10803,10803,11782
Così,it,204453.0,5257.0,26.0,,34,2980,1197,10804,10804,11783
Fuckthenoia,pl,162453.0,5185.0,26.0,,34,2980,1197,10805,10805,11784
LEGGERI LEGGERI,it,205687.0,4575.0,26.0,,34,2981,1095,10806,10806,11785
Unica al mondo,it,98813.0,5837.0,36.0,,34,2998,2285,10807,10807,11786
L’hai voluto tu,it,254626.0,4622.0,31.0,,34,2991,2377,10808,10808,11787
Le palle di Natale,it,175217.0,4913.0,31.0,,34,3005,490,10809,10809,11788
Buongiornissimo,it,152706.0,5100.0,23.0,,34,2980,1197,10810,10810,11789
Signorsì,it,200626.0,4213.0,26.0,,34,2976,2371,10811,10811,11790
Nel mio piccolo,it,212160.0,5883.0,24.0,,34,2976,2371,3573,3573,3930
Ti Porto con Me,it,283768.0,4764.0,24.0,,34,3006,2385,10812,10812,11791
Mentine,it,195066.0,4174.0,21.0,,34,2976,2371,10813,10813,11792
Un posto bellissimo,it,184733.0,4787.0,22.0,,34,2980,1197,10814,10814,11793
Blasfemia Pt.1,it,210306.0,5214.0,3.0,,34,3007,2384,10815,10815,11794
3 di notte,it,185280.0,5042.0,22.0,,34,2989,2382,10816,10816,11795
Segni,it,137133.0,5402.0,23.0,,34,2980,1197,10817,10817,11796
M.I.A.,en,195706.0,4123.0,38.0,,34,2991,2377,10818,10818,11797
Cosa senza spine,it,146746.0,4581.0,23.0,,34,2980,1197,10819,10819,11798
Psichedelico,it,173640.0,5655.0,22.0,,34,2976,2371,10820,10820,11799
Sanremo Freestyle,it,207657.0,4170.0,18.0,,34,3008,307,10821,10821,11800
Non ci pensi mai,it,224920.0,5729.0,24.0,,34,2976,2371,10822,10822,11801
Lo zainetto,en,185320.0,4196.0,21.0,,34,2998,2285,10823,10823,11802
Bella addormentata nel Bronx,it,215600.0,5685.0,26.0,,34,2991,2377,10824,10824,11803
Il cemento non è un fiore,it,256640.0,4736.0,22.0,,34,2998,2285,10825,10825,11804
Moet Sciandon,eo,171786.0,5240.0,22.0,,34,2991,2377,10826,10826,11805
Cardinal chic,it,200826.0,4319.0,27.0,,34,2991,2377,10827,10827,11806
Olivia Oil,it,213946.0,4144.0,25.0,,34,2991,2377,10828,10828,11807
God war,it,228493.0,4445.0,18.0,,34,2989,2382,10829,10829,11808
Come no,it,188173.0,4269.0,27.0,,34,2991,2377,10830,10830,11809
Pop-hoolista,eu,258880.0,4639.0,61.0,,34,2991,2377,10831,10831,11810
Nuvole di fango,it,186800.0,5044.0,38.0,,34,3009,809,10832,10832,11811
Ti vorrei dire,it,219706.0,5194.0,29.0,,34,2989,2382,10833,10833,11812
The Ferragnez: La serie - Sigla ufficiale,it,188684.0,5594.0,63.0,,34,2978,2386,10834,10834,11813
Appeso a testa in giù,it,186960.0,5329.0,22.0,,34,2989,2382,10835,10835,11814
Vivere in campagna pubblicitaria,it,212973.0,5233.0,23.0,,34,2991,2377,10836,10836,11815
Stereo-tipi,it,196853.0,4838.0,22.0,,34,2991,2377,10837,10837,11816
Voglio averti account,it,183826.0,4963.0,25.0,,34,2991,2377,10838,10838,11817
Non basta mai,it,184440.0,4844.0,21.0,,34,2989,2382,10839,10839,11818
Milano bene,it,223800.0,5702.0,19.0,,34,2976,2371,10840,10840,11819
Viva l’IVA,it,192746.0,4474.0,27.0,,34,2991,2377,10841,10841,11820
Volevo fare il rapper,it,124840.0,4022.0,19.0,,34,2989,2382,10842,10842,11821
Babbo Natale mi ha detto che i tuoi genitori non esistono,it,176785.0,5319.0,52.0,,34,2983,2387,10843,10843,11824
Ragazza sbagliata,it,175466.0,4419.0,20.0,,34,2976,2371,10844,10844,11825
Intro,it,239453.0,5796.0,14.0,,34,3010,2285,10845,10845,11826
Anthem Pt.2,it,244306.0,5737.0,12.0,,34,2996,594,10846,10846,11827
L’arte di accontentare,it,201973.0,4166.0,58.0,,34,2976,2371,5468,5468,5969
Giorni,it,187853.0,4226.0,14.0,,34,2998,2285,10847,10847,11829
Contenuti,it,187160.0,5005.0,17.0,,34,2989,2382,10848,10848,11830
Love cost,it,203600.0,5234.0,23.0,,34,2991,2377,10849,10849,11831
Listino prezzi,it,171160.0,4563.0,17.0,,34,2989,2382,10850,10850,11832
Non scorderò,it,209546.0,5449.0,22.0,,34,2998,2285,10851,10851,11833
Pop-hoolismo (Intro),it,55400.0,5205.0,17.0,,34,2991,2377,10852,10852,11834
Presa bene (ogni tanto),it,208453.0,4663.0,22.0,,34,2976,2371,10853,10853,11835
Santa Madonna,it,177280.0,4063.0,23.0,,34,2976,2371,10854,10854,11836
Blasfemia Pt.2,it,244266.0,5516.0,1.0,,34,2996,1742,10855,10855,11837
Bella vita,it,199906.0,4443.0,20.0,,34,2998,2285,10856,10856,11838
Vivere domani,it,221320.0,5687.0,20.0,,34,2998,2285,10857,10857,11839
Ninna nanna,it,178880.0,4855.0,15.0,,34,2989,2382,10858,10858,11840
La scelta giusta,it,205520.0,5169.0,18.0,,34,2998,2285,10859,10859,11841
Questa vita,it,186693.0,5764.0,19.0,,34,3009,2388,10860,10860,11842
Alza la testa,it,199760.0,5745.0,21.0,,34,2998,2285,10861,10861,11843
Ipocondria,it,217106.0,4756.0,15.0,,34,2998,2285,10862,10862,11844
SUSHI,it,175923.0,4431.0,58.0,,34,2981,1095,10863,10863,11845
Si Muovono Le...,it,155532.0,5566.0,79.0,,34,3011,2384,10864,10864,11846
Back In Days,it,147692.0,4881.0,34.0,,34,3012,2389,10865,10865,11850
Non Ci Sto Più Dentro,es,224000.0,4398.0,10.0,,34,3013,2384,10866,10866,11851
Una cosa sola,it,180813.0,5827.0,20.0,,34,2998,2285,10867,10867,11852
Outro,pl,94053.0,4408.0,12.0,,34,2998,2285,10868,10868,11853
Cambia,it,200160.0,4063.0,17.0,,34,3009,2388,10869,10869,11854
Reality show,pl,199693.0,4052.0,17.0,,34,2998,2285,10870,10870,11855
Restiamo umani,it,184146.0,5260.0,13.0,,34,2998,2285,10871,10871,11856
Tutto il Contrario RMX,it,276124.0,5340.0,40.0,,34,3014,1742,10872,10872,11857
Liberi in cattività,it,158426.0,4635.0,14.0,,34,2998,2285,10873,10873,11858
Old Girl,it,185194.0,4653.0,79.0,,34,3015,1742,10874,10874,11859
Tu Come Li Chiami,it,248080.0,4693.0,2.0,,34,3016,2384,10875,10875,11860
Quello che ho,it,152373.0,5376.0,18.0,,34,2998,2285,10876,10876,11861
Caro Amico,it,266173.0,4130.0,59.0,,34,3017,1742,10877,10877,11864
Penisola che non c’è RMX,it,223834.0,5875.0,79.0,,34,2977,1742,10878,10878,11865
Soffritto,it,144280.0,4458.0,12.0,,34,2998,2285,10879,10879,11866
Vota Sì per dire No,it,182562.0,6018.0,57.0,,34,3018,1742,10880,10880,11867
Intro (BCPT),it,301500.0,4356.0,21.0,,34,3019,2384,10881,10881,11868
BANCOMAT,it,210099.0,5559.0,62.0,,34,3004,1714,10882,10882,11869
Intro (Pat-a-Cake),it,201360.0,4461.0,11.0,,34,3020,2390,10883,10883,11870
Volevo Fare Il Rapper RMX,it,181000.0,4174.0,8.0,,34,3013,1742,10884,10884,11871
Io Odio I Club,it,276124.0,5768.0,40.0,,34,3014,2391,10885,10885,11872
Dove Si Va,pl,188613.0,5735.0,21.0,,34,3021,2384,10886,10886,11873
Andare Via,it,181000.0,4821.0,8.0,,34,3013,1742,10887,10887,11874
My Life,pl,186964.0,5421.0,97.0,,34,3022,2384,10888,10888,11875
Boom,it,195706.0,5130.0,38.0,,34,2991,2384,10889,10889,11876
Real Randagi,en,168975.0,5723.0,3.0,,34,3023,2384,10890,10890,11877
Mollami,it,175923.0,4644.0,58.0,,34,2981,1742,10891,10891,11879
I’m So High,it,176965.0,5062.0,94.0,,34,3024,1742,10892,10892,11880
Bimbo Speciale,it,166791.0,4984.0,9.0,,34,3025,1742,8133,8133,8947
Ti Dico Bene,it,219451.0,4721.0,28.0,,34,3026,2391,10893,10893,11881
Into My Head,it,222973.0,5801.0,90.0,,34,3027,2384,10894,10894,11882
Chiediti il perchè,it,223834.0,4346.0,79.0,,34,2977,2392,10895,10895,11883
Sognatori,it,269850.0,4312.0,61.0,,34,3028,2393,10896,10896,11886
La Mia Generazione,it,226906.0,5169.0,82.0,,34,3029,2384,10897,10897,11887
Non Mi Piacciono,it,176000.0,5330.0,78.0,,34,3030,2384,10898,10898,11888
Faccio Brutto (2nd Roof RMX),it,158786.0,4404.0,39.0,,34,3031,2004,10899,10899,11889
Pensavo fosse amore e invece... (Roofio RMX),it,191960.0,4797.0,53.0,,34,3032,963,10900,10900,11890
NANANANA,it,175923.0,5911.0,58.0,,34,2981,2394,10901,10901,11891
Milano Bene (2008),it,182245.0,4508.0,76.0,,34,3029,930,10902,10902,11892
Avvoltoi,it,225866.0,5353.0,61.0,,34,3004,2395,10903,10903,11893
Cigno Nero RMX,it,201973.0,5496.0,58.0,,34,2976,2396,10904,10904,11894
Non sono partito,it,294013.0,4910.0,40.0,,34,3004,2397,10905,10905,11895
Un Sorriso,it,283768.0,5892.0,24.0,,34,3006,2142,10906,10906,11896
Ultima Cena,it,160496.0,5491.0,66.0,,34,3033,2398,10907,10907,11897
E intanto,it,175217.0,4931.0,31.0,,34,3005,2399,10908,10908,11898
La Sua Storia,it,216426.0,5155.0,41.0,,34,3031,2400,10909,10909,11899
Storie Di Vite,it,173538.0,5402.0,53.0,,34,3034,2401,10910,10910,11900
Ghettopianerottolo RMX,it,188684.0,5202.0,63.0,,34,2978,2402,10911,10911,11901
Vite Diverse,it,224120.0,5775.0,65.0,,34,3035,2403,10912,10912,11903
MEGLIO DEL CINEMA (clean),it,188564.0,4726.0,66.0,,34,3036,719,10913,10913,11904
SUPREME - L’ego,pl,223045.0,367322.0,58.0,,60,3037,2404,10914,10914,11906
CRUDELIA - I nervi,it,230922.0,331549.0,67.0,,60,3037,2404,10915,10915,11907
QUALCOSA IN CUI CREDERE - Lo scheletro,it,212316.0,288950.0,58.0,,60,3037,2404,10916,10916,11908
BODY PARTS - I denti,it,156714.0,272267.0,60.0,,60,3037,2404,10917,10917,11909
APPARTENGO - Il sangue,it,255449.0,336030.0,56.0,,60,3037,2404,10918,10918,11910
MADAME - L’anima,it,221631.0,268050.0,62.0,,60,3037,2404,10919,10919,11911
QUELLI CHE NON PENSANO - Il cervello,it,190186.0,261863.0,54.0,,60,3037,2404,10920,10920,11912
SPORT + muscoli (RMX),it,286702.0,263306.0,51.0,,60,3037,455,10921,10921,11916
COSPLAYER,it,221884.0,251979.0,54.0,,60,3038,830,10922,10922,11917
BRAVI A CADERE - I polmoni,it,200214.0,209952.0,68.0,,60,3037,2404,10923,10923,11918
∞ LOVE,pl,218367.0,242450.0,66.0,,60,3038,830,10924,10924,11919
Salvador Dalì,it,245197.0,192057.0,63.0,,60,3039,1628,10925,10925,11920
DUBBI,it,234446.0,231715.0,64.0,,60,3038,830,10926,10926,11921
TUTTO QUESTO NIENTE - Gli occhi,it,210839.0,190358.0,50.0,,60,3037,2404,10927,10927,11922
SPORT - I muscoli,it,202339.0,151895.0,49.0,,60,3037,2404,10928,10928,11923
G.O.A.T. - Il cuore,it,210183.0,165840.0,60.0,,60,3037,2404,10929,10929,11924
A Volte Esagero,en,230093.0,165590.0,59.0,,60,3040,2234,10930,10930,11926
NOI,en,272003.0,135714.0,55.0,,60,3038,830,10931,10931,11927
LORO,it,198186.0,157265.0,54.0,,60,3038,830,10932,10932,11928
PAGLIACCIO,it,177522.0,140126.0,56.0,,60,3038,830,10933,10933,11929
POCO DI BUONO - Il fegato,it,185685.0,120616.0,49.0,,60,3037,2404,10934,10934,11930
VITTIMA,it,205714.0,168588.0,63.0,,60,3041,134,10935,10935,11931
IO,it,195560.0,150893.0,58.0,,60,3038,830,10936,10936,11932
Scooteroni,it,272280.0,155109.0,61.0,,60,3042,1628,7639,7639,8364
Ca$hmere,pt,219213.0,139421.0,52.0,,60,3042,550,10937,10937,11933
LEI,it,223009.0,119184.0,75.0,,60,3041,134,10938,10938,11934
Vendetta,it,320653.0,126268.0,40.0,,60,3040,797,10939,10939,11935
Tony,it,280173.0,125670.0,45.0,,60,3039,1628,10940,10940,11936
CLIFFHANGER,en,205520.0,138419.0,54.0,,60,3038,830,10941,10941,11937
Scooteroni RMX,it,272280.0,103686.0,61.0,,60,3042,550,10942,10942,11938
NON SONO MARRA - La pelle,it,188842.0,128802.0,49.0,,60,3037,2404,10943,10943,11939
GLI ALTRI (Giorni Stupidi),it,201000.0,128522.0,64.0,,60,3038,830,10944,10944,11940
Film Senza Volume,pt,241824.0,117346.0,44.0,,60,3039,1628,10945,10945,11941
NEMESI,it,175626.0,122643.0,63.0,,60,3038,830,10946,10946,11942
CRAZY LOVE,it,192688.0,96441.0,65.0,,60,3038,830,10947,10947,11943
Niente Canzoni D’Amore,it,226808.0,117100.0,68.0,,60,3043,2405,10948,10948,11944
DA BUTTARE - Il ca**o,it,204720.0,107087.0,42.0,,60,3037,2404,10949,10949,11945
Money,it,210966.0,79090.0,52.0,,60,3039,1628,10950,10950,11946
POWER SLAP,it,197181.0,109349.0,64.0,,60,3041,134,10951,10951,11947
È FINITA LA PACE,it,178761.0,92797.0,65.0,,60,3041,134,10952,10952,11948
Quasi Amici,it,291218.0,91808.0,43.0,,60,3039,1628,10953,10953,11949
Nulla Accade,it,232412.0,88761.0,65.0,,60,3039,1499,10954,10954,11950
64 BARRE DI PAURA,it,131777.0,71784.0,56.0,,60,3044,458,10955,10955,11951
GRETA THUNBERG - Lo stomaco,en,166174.0,81356.0,46.0,,60,3037,2404,10956,10956,11952
Cantante Italiana,pt,215133.0,90063.0,39.0,,60,3039,1628,10957,10957,11953
S.e.n.i.c.a.r.,en,205720.0,63060.0,62.0,,60,3045,2406,10958,10958,11954
20 Anni (Peso),it,301653.0,70706.0,39.0,,60,3040,797,10959,10959,11955
Business Class,it,187866.0,62300.0,47.0,,60,3046,57,10960,10960,11956
64 BARRE DI VITTORIA,it,146353.0,75156.0,44.0,,60,3044,2407,10961,10961,11957
PENTOTHAL,it,227179.0,84809.0,60.0,,60,3041,134,10962,10962,11958
CRASH,it,247500.0,86179.0,61.0,,60,3041,134,10963,10963,11959
Maledetto Me,it,200189.0,88616.0,49.0,,60,3039,1628,10964,10964,11960
LAUREA AD HONOREM,it,195799.0,78374.0,62.0,,60,3038,830,10965,10965,11961
Insta Lova,pl,206805.0,66827.0,68.0,,60,3039,1628,10966,10966,11962
GLI SBANDATI HANNO PERSO,it,194210.0,85420.0,71.0,,60,3041,134,10967,10967,11963
Purdi,it,201010.0,78939.0,42.0,,60,3039,1628,10968,10968,11964
Senza Dio,it,219904.0,71443.0,45.0,,60,3039,1628,10969,10969,11965
Cosa Mia,pt,245137.0,74487.0,41.0,,60,3039,1628,10970,10970,11966
Il Nostro Tempo,it,302173.0,79224.0,37.0,,60,3040,2234,10971,10971,11967
L’Albatro,it,299106.0,70450.0,41.0,,60,3047,2278,10972,10972,11969
DETOX / REHAB,it,236666.0,61061.0,61.0,,60,3041,134,10973,10973,11970
Sushi & Cocaina,pl,219040.0,67799.0,35.0,,60,3040,2234,10974,10974,11971
SOLI,it,215142.0,45877.0,59.0,,60,3041,134,10975,10975,11972
HAPPY END,it,216240.0,52244.0,58.0,,60,3041,134,10976,10976,11973
Don,it,284106.0,49943.0,39.0,,60,3040,2234,10977,10977,11974
Untitled,it,238866.0,44875.0,39.0,,60,3040,1500,10978,10978,11975
Senza Un Posto Nel Mondo,it,244746.0,40259.0,36.0,,60,3040,2234,10979,10979,11976
MI SONO INNAMORATO DI UN AI,it,230506.0,42229.0,57.0,,60,3041,134,10980,10980,11977
Bastavano Le Briciole,it,233133.0,50330.0,54.0,,60,3048,1404,10981,10981,11978
FACTOTUM,it,225087.0,52400.0,60.0,,60,3041,134,10982,10982,11979
Rapper/Criminale,it,240013.0,55647.0,47.0,,60,3045,2406,10983,10983,11980
Catatonica,it,217839.0,43397.0,37.0,,60,3043,1455,10984,10984,11981
NEON - Le Ali,it,207084.0,47571.0,56.0,,60,3037,3,10985,10985,11982
Né Cura Né Luogo,it,264320.0,53678.0,46.0,,60,3045,2406,10986,10986,11983
TROI*,it,189093.0,37459.0,55.0,,60,3041,134,10987,10987,11984
Badabum Cha Cha,it,213880.0,44510.0,51.0,,60,3048,2408,10988,10988,11985
Status,it,226808.0,44983.0,68.0,,60,3043,2409,10989,10989,11986
Bentornato,it,208720.0,33816.0,35.0,,60,3040,2234,10990,10990,11987
King Del Rap,it,240080.0,43814.0,49.0,,60,3045,1553,10991,10991,11988
Will Hunting,it,190026.0,42484.0,30.0,,60,3043,530,10992,10992,11989
In Radio,en,221881.0,30664.0,59.0,,60,3040,2046,10993,10993,11990
La Parola Che Nessuno Riesce A Dire,it,213760.0,31515.0,32.0,,60,3049,2410,10994,10994,11991
Erba & WiFi,co,234764.0,30622.0,39.0,,60,3039,1628,10995,10995,11992
Tutto Questo,it,210839.0,33629.0,50.0,,60,3037,1404,10996,10996,11993
Santeria,es,206805.0,35663.0,68.0,,60,3039,1628,10997,10997,11994
Piazza Rossa,it,217040.0,34501.0,34.0,,60,3042,550,10998,10998,11995
Bruce Willis,it,130546.0,29832.0,34.0,,60,3040,2411,10999,10999,11996
Popolare,it,215760.0,38307.0,43.0,,60,3046,2412,11000,11000,11997
Sogni Non Tuoi,it,255946.0,31056.0,35.0,,60,3040,2234,11001,11001,11998
Sabbie Mobili,it,257440.0,26374.0,45.0,,60,3045,2406,11002,11002,11999
Valentino,pl,182773.0,29367.0,34.0,,60,3046,57,11003,11003,12000
Sindrome Depressiva Da Social Network,it,270373.0,31885.0,36.0,,60,3040,797,11004,11004,12001
Giusto Un Giro,it,263613.0,29791.0,50.0,,60,3045,2406,11005,11005,12002
Chiedi Alla Polvere,it,265840.0,25870.0,40.0,,60,3048,383,11006,11006,12003
Di Nascosto,pl,236840.0,24145.0,37.0,,60,3040,2234,11007,11007,12004
Non Confondermi,it,230333.0,30670.0,36.0,,60,3048,2013,11008,11008,12005
Ninja,it,222280.0,32546.0,34.0,,60,3042,1990,11009,11009,12006
Fino A Qui Tutto Bene,it,197013.0,24783.0,38.0,,60,3049,2413,11010,11010,12007
IMPORTANTE,it,201184.0,24974.0,56.0,,60,3050,1692,11011,11011,12008
Se La Scelta Fosse Mia,it,206480.0,27115.0,40.0,,60,3047,2414,11012,11012,12009
Purdi RMX,pl,253160.0,27322.0,37.0,,60,3042,550,11013,11013,12010
Marciamo,it,236426.0,23847.0,29.0,,60,3043,530,11014,11014,12011
Amore In Polvere,it,233040.0,27816.0,31.0,,60,3047,2415,11015,11015,12012
Vita Da Star,it,236160.0,24251.0,39.0,,60,3040,2234,11016,11016,12013
Solo Io E Te,it,247200.0,23189.0,35.0,,60,3048,1404,11017,11017,12014
Non Confondermi RMX,pl,280960.0,24445.0,36.0,,60,3046,57,11018,11018,12015
Vita Da Star (RMX),pl,234000.0,25872.0,30.0,,60,3043,1383,11019,11019,12016
Prova a prendermi,it,226400.0,24158.0,37.0,,60,3045,2406,11020,11020,12017
Senza Dio RMX,sr,264013.0,17578.0,38.0,,60,3042,550,11021,11021,12018
In Faccia,it,216053.0,19262.0,39.0,,60,3045,2406,11022,11022,12019
Crack,it,292120.0,20381.0,30.0,,60,3040,2234,11023,11023,12020
Nella Macchina,it,230693.0,18508.0,44.0,,60,3040,2234,11024,11024,12021
Didinò,it,212066.0,21577.0,45.0,,60,3045,2406,11025,11025,12022
Fattore Wow,pl,195506.0,20896.0,40.0,,60,3048,953,11026,11026,12024
Chiedi Alla Polvere 2008,it,265840.0,20185.0,40.0,,60,3048,1404,11027,11027,12025
La Mia Prigione,it,181426.0,21795.0,32.0,,60,3048,383,11028,11028,12026
I Ragazzi Dello Zoo Del Berlin,it,213493.0,15899.0,34.0,,60,3049,2410,11029,11029,12027
La Via Di Carlito,nl,249973.0,20009.0,36.0,,60,3048,953,11030,11030,12028
L’Ultima Settimana,it,203040.0,19058.0,34.0,,60,3048,1404,11031,11031,12029
Quando Sarò Morto...,it,235173.0,16221.0,46.0,,60,3045,2406,11032,11032,12031
Marrageddon,it,300746.0,18358.0,38.0,,60,3045,2406,11033,11033,12032
*Roie,it,286226.0,13831.0,28.0,,60,3049,2410,11034,11034,12033
Dritto Al Punto,it,188573.0,17528.0,35.0,,60,3048,2416,11035,11035,12034
Sì Sì Con La Testa,it,243346.0,14767.0,34.0,,60,3048,953,11036,11036,12035
Trappole,it,215853.0,13309.0,32.0,,60,3048,1404,11037,11037,12036
Estate In Città,it,165200.0,15008.0,34.0,,60,3048,696,11038,11038,12037
Noi No,it,272003.0,14601.0,55.0,,60,3038,2406,11039,11039,12038
Rivincita,it,337973.0,12148.0,27.0,,60,3049,2410,11040,11040,12039
Parole Sante,en,237626.0,11116.0,36.0,,60,3047,2278,11041,11041,12040
64 BARRE DI DELIRIO,it,175200.0,13218.0,61.0,,60,3051,266,11042,11042,12041
Stupido,it,292000.0,13687.0,30.0,,60,3049,2417,11043,11043,12042
Myspace Freestyle 2008,en,200280.0,14956.0,28.0,,60,3046,57,11044,11044,12043
...Quando Ero Vivo,it,241626.0,15178.0,34.0,,60,3045,2406,11045,11045,12044
Triste Ma Vero,it,210120.0,12056.0,30.0,,60,3048,1404,11046,11046,12045
La Danza della Pioggia,it,239106.0,13071.0,32.0,,60,3048,1404,11047,11047,12046
In Down,it,216226.0,10960.0,34.0,,60,3045,2406,11048,11048,12047
LA BANALITÀ DEL MALE,it,74666.0,12169.0,39.0,,60,3052,1801,11049,11049,12048
Fatti Un Giro Nel Quartiere,it,155346.0,9185.0,33.0,,60,3048,1404,11050,11050,12049
Semtex,it,227373.0,9840.0,36.0,,60,3045,2406,11051,11051,12050
Parole Chiave,en,179813.0,10880.0,25.0,,60,3049,2410,11052,11052,12051
Mixare È Bello,it,234413.0,8027.0,29.0,,60,3049,2410,11053,11053,12052
Continuavano A Chiamarlo Marracash (Il Divo),it,259266.0,10704.0,25.0,,60,3049,2410,11054,11054,12053
Nuovo Papa,it,164373.0,11010.0,31.0,,60,3046,2412,11055,11055,12054
Popolare 2018,it,215760.0,8739.0,43.0,,60,3046,57,11056,11056,12055
Le Voglio Piene,it,226041.0,8544.0,68.0,,60,3053,2418,11057,11057,12056
Quello Che Deve Arrivare (Arriva Arriva),it,229146.0,9075.0,32.0,,60,3048,1404,11058,11058,12058
Cani Pazzi,it,293466.0,7724.0,26.0,,60,3049,2419,11059,11059,12059
La tipa del tipo,en,196190.0,6256.0,25.0,,60,3054,1056,11060,11060,12060
Slot Machine,it,199653.0,6334.0,27.0,,60,3047,2420,11061,11061,12061
Fiaba Di Strada,it,159920.0,6613.0,25.0,,60,3047,2421,11062,11062,12062
Casbah Flow,pl,183306.0,5891.0,14.0,,60,3055,373,11063,11063,12063
Roccia Music,it,299106.0,4848.0,41.0,,60,3047,2422,11064,11064,12065
Nuovo Papa 2018,it,164373.0,4920.0,31.0,,60,3046,57,11065,11065,12066
Stupidi,it,201000.0,6055.0,64.0,,60,3038,2410,11066,11066,12067
Non Passerà,it,187760.0,5394.0,25.0,,60,3047,2423,11067,11067,12069
Il Gioco,it,234446.0,5992.0,64.0,,60,3038,2424,11068,11068,12070
Paradiso italiano,pl,281680.0,5551.0,23.0,,60,3047,2425,11069,11069,12072
Due Anni Prima,it,67146.0,5899.0,21.0,,60,3049,2410,11070,11070,12073
Promo Sky NBA 2016/17 Freestyle,it,223009.0,4445.0,75.0,,60,3041,2126,11071,11071,12074
2 Strade,en,217666.0,5560.0,22.0,,60,3047,2415,11072,11072,12076
Best Of The Year,it,390213.0,4052.0,23.0,,60,3047,2278,11073,11073,12077
Regole,it,223009.0,5359.0,75.0,,60,3041,2426,11074,11074,12078
Vita Da Star (Provino),en,228000.0,4953.0,20.0,,60,3043,530,11075,11075,12079
Esagero (Provino),it,168000.0,4706.0,16.0,,60,3043,530,11076,11076,12080
Fotoromanzo,it,223009.0,5743.0,75.0,,60,3041,2406,11077,11077,12081
Peso (Provino),it,276000.0,5726.0,18.0,,60,3043,2294,11078,11078,12082
Album Trailer 1,it,369493.0,4055.0,42.0,,60,3056,451,11079,11079,12083
Vendetta (2nd Roof RMX),it,187951.0,5236.0,59.0,,60,3057,530,11080,11080,12084
Popolare RMX,it,188573.0,4751.0,35.0,,60,3048,383,11081,11081,12085
Senza Un Posto Nel Mondo (New Version),sr,216000.0,4846.0,22.0,,60,3043,2427,11082,11082,12086
Freestyle,en,130434.0,5681.0,58.0,,60,3058,378,11083,11083,12087
Album Trailer 3,it,230365.0,4633.0,34.0,,60,3059,2428,11084,11084,12088
Chi sale sul ring (Sigla MTV Spit),it,204853.0,5904.0,30.0,,60,3060,2429,11085,11085,12089
Album Trailer 2,it,369493.0,4370.0,42.0,,60,3056,598,11086,11086,12090
Crack (Provino),it,292000.0,5340.0,15.0,,60,3043,530,11087,11087,12091
Intro*,it,60230.0,5359.0,34.0,,60,3037,2404,11088,11088,12092
Di Nascosto (Don Joe Demo 2014),it,236000.0,4517.0,17.0,,60,3043,530,683,683,726
Badabum Cha Cha - Gabri Ponte & Paki Rmx (Radio Edit),it,234374.0,4663.0,57.0,,60,3061,2322,11089,11089,12093
Senza Un Posto Nel Mondo - Alternative Version,it,248330.0,5686.0,24.0,,60,3040,2430,11090,11090,12094
Badabum Cha Cha - Gabri Ponte & Paki Rmx (Extended),it,234374.0,5540.0,57.0,,60,3061,2322,11091,11091,12095
Tempo,it,302173.0,4672.0,37.0,,60,3040,383,11092,11092,12096
Giufa Cafe,it,292000.0,5084.0,30.0,,60,3049,682,11093,11093,12097
