TextCodePK,N_Sentences,N_Tokens,Char_Per_Tok,Avg_Token_Per_Clause,Is_Explicit
1,102.0,911.0,4.1704545455,8.1339285714,1
2,56.0,675.0,4.2808510638,12.5,1
3,88.0,758.0,4.0752508361,8.4222222222,1
4,37.0,382.0,4.023880597,6.701754386,1
5,48.0,429.0,3.9228571429,8.4117647059,1
6,62.0,387.0,4.1606060606,6.45,1
7,82.0,680.0,3.817679558,12.1428571429,1
8,82.0,657.0,4.031372549,10.265625,1
9,82.0,584.0,3.935840708,11.0188679245,1
10,50.0,589.0,3.8515081206,9.3492063492,1
11,54.0,487.0,3.845144357,8.2542372881,1
12,51.0,497.0,4.046997389,13.8055555556,1
13,57.0,332.0,3.7859922179,8.3,1
14,47.0,455.0,4.2543859649,9.8913043478,1
15,48.0,441.0,3.7826086957,7.4745762712,0
16,28.0,253.0,4.0734463277,11.0,1
17,48.0,422.0,4.0476190476,7.8148148148,1
18,47.0,357.0,3.6730769231,7.5957446809,0
19,50.0,406.0,4.1482479784,5.1392405063,0
20,74.0,812.0,3.9512605042,7.9607843137,1
21,83.0,870.0,4.0014326648,7.4358974359,1
22,72.0,556.0,3.7183406114,3.6339869281,1
23,16.0,118.0,5.0114942529,19.6666666667,1
24,71.0,337.0,4.3723404255,8.0238095238,1
25,28.0,236.0,3.6891891892,6.2105263158,1
26,41.0,461.0,4.2287390029,10.4772727273,1
27,25.0,236.0,3.8727272727,10.2608695652,1
28,50.0,492.0,3.2644836272,6.4736842105,1
29,18.0,118.0,4.3229166667,13.1111111111,1
30,47.0,497.0,3.5216216216,5.0202020202,1
31,35.0,267.0,3.9831223629,8.9,1
32,54.0,719.0,4.0841121495,10.2714285714,1
33,90.0,392.0,4.1128205128,9.5609756098,1
34,61.0,461.0,3.2790697674,15.3666666667,1
35,37.0,401.0,4.3183391003,8.1836734694,1
36,53.0,559.0,4.0110864745,12.7045454545,1
37,123.0,1139.0,4.2424916574,7.5933333333,1
38,66.0,450.0,4.2102102102,6.4285714286,1
39,84.0,455.0,3.9690949227,6.5,1
40,51.0,536.0,3.6752941176,13.7435897436,1
41,32.0,327.0,4.1201550388,11.275862069,1
42,51.0,410.0,4.9832214765,15.1851851852,1
43,24.0,214.0,4.6424242424,7.1333333333,1
44,55.0,458.0,3.8428184282,6.6376811594,1
45,93.0,850.0,4.1116666667,10.119047619,1
46,92.0,561.0,4.2655889145,7.1923076923,1
47,51.0,537.0,3.9208633094,10.1320754717,1
48,17.0,104.0,3.7058823529,5.7777777778,0
49,62.0,630.0,3.6436285097,9.6923076923,1
50,25.0,189.0,4.0,6.3,1
51,27.0,241.0,4.2614678899,6.025,1
52,43.0,521.0,3.5904255319,10.2156862745,1
53,23.0,130.0,3.905511811,5.0,1
54,40.0,365.0,4.2444444444,6.6363636364,1
55,51.0,187.0,4.5061728395,9.35,1
56,20.0,178.0,3.7424242424,12.7142857143,1
57,34.0,294.0,4.2067669173,7.0,1
58,83.0,677.0,4.1179401993,8.3580246914,1
59,1.0,4.0,6.0,0.0,0
60,59.0,616.0,3.9686346863,6.4166666667,1
61,44.0,438.0,4.0429799427,9.3191489362,1
62,1.0,6.0,5.8,0.0,0
63,87.0,805.0,3.9455307263,7.3181818182,1
64,88.0,878.0,3.977750309,7.1967213115,1
65,76.0,604.0,3.8556521739,6.2916666667,1
66,2.0,5.0,4.8,0.0,0
67,176.0,1506.0,4.1630170316,8.4606741573,1
68,72.0,671.0,4.0714285714,5.2834645669,1
69,1.0,7.0,7.8,0.0,0
70,30.0,278.0,4.4978540773,8.1764705882,1
71,55.0,492.0,3.6035805627,7.2352941176,1
72,20.0,146.0,3.8785714286,4.7096774194,1
73,55.0,523.0,3.8204545455,7.8059701493,0
74,69.0,690.0,3.7299843014,6.1607142857,1
75,42.0,323.0,3.8516129032,5.7678571429,1
76,72.0,584.0,3.7815631263,8.0,1
77,47.0,397.0,4.0674157303,5.3648648649,0
78,75.0,712.0,3.5285714286,6.3571428571,1
79,46.0,367.0,3.857605178,5.9193548387,1
80,44.0,469.0,4.0338541667,6.1710526316,1
81,49.0,544.0,3.9153318078,6.7160493827,1
82,27.0,178.0,3.6069364162,5.7419354839,1
83,50.0,333.0,4.0559006211,7.4,1
84,38.0,270.0,3.6755725191,5.7446808511,1
85,50.0,376.0,4.0886850153,8.1739130435,1
86,21.0,208.0,3.706185567,6.7096774194,1
87,43.0,422.0,3.9116883117,5.2098765432,0
88,78.0,536.0,4.3174946004,4.7433628319,0
89,55.0,462.0,3.6666666667,6.6956521739,1
90,93.0,628.0,3.6572052402,10.8275862069,1
91,53.0,433.0,3.8897243108,5.8513513514,0
92,47.0,417.0,3.9617486339,5.8732394366,1
93,67.0,535.0,4.0,9.3859649123,1
94,47.0,400.0,3.7438016529,4.8780487805,1
95,68.0,517.0,3.8445378151,6.4625,0
96,58.0,541.0,3.9477124183,6.0786516854,1
97,70.0,359.0,4.2916666667,5.6984126984,0
98,64.0,505.0,3.71,11.7441860465,1
99,50.0,353.0,4.3536977492,5.9830508475,1
100,40.0,315.0,3.8876811594,5.3389830508,1
101,57.0,405.0,3.8958333333,5.4,1
102,53.0,357.0,3.9446494465,13.2222222222,0
103,51.0,496.0,3.5525114155,11.0222222222,1
104,20.0,174.0,4.1294117647,6.4444444444,0
105,51.0,422.0,3.6571428571,6.2058823529,0
106,56.0,384.0,4.4698795181,7.5294117647,1
107,71.0,504.0,3.9526748971,6.3797468354,1
108,55.0,502.0,4.0779816514,5.175257732,0
109,74.0,491.0,4.0382022472,5.7093023256,1
110,65.0,428.0,4.4183168317,4.808988764,1
111,21.0,134.0,3.8914728682,6.7,0
112,78.0,470.0,4.0619469027,4.3119266055,1
113,44.0,356.0,3.8770226537,6.9803921569,1
114,49.0,396.0,3.8763157895,5.6571428571,0
115,19.0,142.0,3.8642857143,6.7619047619,1
116,48.0,410.0,3.9697802198,9.1111111111,1
117,68.0,524.0,4.255952381,4.6371681416,0
118,99.0,859.0,4.2234432234,5.843537415,1
119,56.0,359.0,4.1179941003,4.6623376623,1
120,53.0,464.0,4.4510250569,5.5903614458,1
121,68.0,505.0,4.4356846473,4.5495495495,0
122,44.0,403.0,4.3149606299,6.296875,1
123,20.0,168.0,4.1636363636,6.0,0
124,38.0,364.0,4.4576271186,5.4328358209,1
125,81.0,601.0,4.2363315697,4.6953125,1
126,58.0,387.0,4.2782369146,5.776119403,0
127,43.0,448.0,3.4830287206,6.4927536232,0
128,47.0,426.0,3.6029411765,7.3448275862,0
129,79.0,762.0,3.7316341829,9.0714285714,1
130,57.0,505.0,3.8625592417,12.625,0
131,65.0,565.0,4.1753371869,5.1834862385,0
132,31.0,322.0,3.8851351351,5.75,0
133,42.0,400.0,3.9671232877,5.9701492537,0
134,44.0,394.0,3.5580110497,6.9122807018,0
135,50.0,459.0,3.9396325459,4.6363636364,0
136,76.0,500.0,3.9351464435,5.6179775281,0
137,53.0,412.0,3.6889460154,5.0864197531,0
138,54.0,499.0,4.0452586207,7.5606060606,1
139,72.0,505.0,3.7196467991,7.0138888889,0
140,49.0,420.0,3.6621253406,4.7727272727,0
141,63.0,420.0,3.5356265356,4.9411764706,0
142,69.0,512.0,3.83014862,5.7528089888,0
143,75.0,538.0,3.8648111332,6.8101265823,0
144,36.0,306.0,3.9304029304,6.652173913,0
145,51.0,340.0,3.6949685535,4.358974359,0
146,53.0,334.0,4.1350482315,5.6610169492,0
147,36.0,347.0,3.6966666667,4.9571428571,0
148,33.0,341.0,3.9070512821,6.0892857143,0
149,28.0,252.0,3.8571428571,5.4782608696,1
150,60.0,416.0,3.5620253165,5.0120481928,0
151,43.0,415.0,4.0184210526,6.6935483871,0
152,24.0,211.0,4.2147239264,8.7916666667,1
153,62.0,507.0,3.9030732861,8.1774193548,0
154,35.0,386.0,3.6735294118,7.72,0
155,79.0,472.0,4.0044247788,6.2105263158,0
156,42.0,359.0,3.7935103245,5.8852459016,1
157,29.0,235.0,3.8274336283,6.5277777778,0
158,31.0,231.0,3.7570093458,6.0789473684,0
159,38.0,380.0,3.8289085546,5.9375,1
160,51.0,347.0,3.5141955836,6.3090909091,1
161,61.0,439.0,3.7777777778,5.6282051282,0
162,72.0,525.0,4.1325842697,5.0,0
163,37.0,269.0,3.5818181818,7.9117647059,0
164,29.0,259.0,3.7405857741,6.1666666667,0
165,47.0,296.0,3.5774647887,8.7058823529,0
166,35.0,284.0,3.8407407407,5.1636363636,0
167,40.0,382.0,3.8233532934,7.4901960784,1
168,6.0,45.0,4.5454545455,7.5,0
169,29.0,240.0,3.8648648649,5.7142857143,0
170,38.0,364.0,4.0519480519,7.137254902,0
171,24.0,119.0,4.1260504202,6.2631578947,0
172,33.0,280.0,3.9032258065,5.4901960784,0
173,59.0,350.0,3.9369627507,5.223880597,0
174,42.0,397.0,4.0323450135,6.203125,0
175,22.0,154.0,3.8590604027,5.9230769231,0
176,52.0,407.0,3.6873385013,5.1518987342,0
177,24.0,219.0,3.8579234973,7.3,0
178,44.0,359.0,4.0552325581,6.6481481481,0
179,19.0,161.0,3.6258064516,5.03125,0
180,64.0,567.0,4.1531190926,6.75,1
181,20.0,162.0,3.2887323944,6.75,0
182,16.0,145.0,4.0212765957,5.3703703704,0
183,26.0,252.0,3.6926605505,8.6896551724,0
184,79.0,443.0,4.1384976526,5.0340909091,0
185,79.0,612.0,4.1260647359,5.7735849057,0
186,45.0,401.0,4.2959183673,30.8461538462,1
187,43.0,307.0,4.2625899281,6.8222222222,0
188,46.0,222.0,3.8657407407,5.55,1
189,46.0,456.0,3.5466970387,7.0153846154,0
190,69.0,461.0,3.9037199125,4.308411215,1
191,50.0,304.0,4.1262798635,5.3333333333,1
192,70.0,241.0,3.9285714286,5.3555555556,1
193,71.0,501.0,3.9457700651,5.4456521739,1
194,67.0,546.0,3.5929549902,5.46,1
195,26.0,292.0,3.6174242424,7.6842105263,0
196,28.0,127.0,3.2992125984,4.7037037037,0
197,56.0,472.0,3.9523809524,5.1304347826,1
198,23.0,212.0,3.9340659341,6.8387096774,1
199,43.0,482.0,3.9790575916,7.53125,0
200,81.0,726.0,3.7642140468,7.5625,1
201,65.0,683.0,3.5175097276,7.4239130435,1
202,59.0,510.0,4.1036144578,6.8,1
203,64.0,535.0,3.5454545455,5.9444444444,1
204,54.0,662.0,3.1852678571,8.9459459459,0
205,60.0,498.0,3.9809976247,6.8219178082,1
206,86.0,824.0,3.7784431138,9.4712643678,1
207,66.0,553.0,3.8521560575,5.1682242991,0
208,79.0,844.0,4.0922330097,7.4690265487,1
209,48.0,414.0,3.9320987654,7.6666666667,1
210,73.0,719.0,3.8164335664,7.9010989011,1
211,47.0,503.0,3.7082294264,7.6212121212,1
212,35.0,255.0,3.5641025641,6.5384615385,1
213,57.0,567.0,3.798206278,8.3382352941,1
214,51.0,476.0,3.6428571429,8.2068965517,1
215,38.0,323.0,3.6195652174,7.3409090909,1
216,73.0,640.0,3.7342256214,7.1111111111,1
217,29.0,262.0,3.6769911504,6.3902439024,0
218,29.0,351.0,3.8098859316,10.0285714286,1
219,46.0,383.0,4.2079207921,7.66,0
220,104.0,939.0,3.8058252427,8.1652173913,1
221,61.0,454.0,3.5378787879,7.8275862069,1
222,20.0,227.0,3.7329842932,7.5666666667,0
223,60.0,484.0,3.7647058824,8.4912280702,0
224,53.0,465.0,3.3479381443,12.9166666667,0
225,68.0,713.0,3.6923076923,9.3815789474,1
226,40.0,372.0,3.85,6.0,0
227,64.0,479.0,3.4594594595,6.7464788732,0
228,59.0,485.0,3.3156424581,10.1041666667,0
229,82.0,753.0,3.5391304348,9.6538461538,1
230,49.0,426.0,3.3523316062,4.3917525773,1
231,59.0,667.0,3.7581818182,5.0916030534,0
232,34.0,404.0,3.5229110512,5.05,0
233,40.0,354.0,3.5430463576,5.2058823529,0
234,36.0,313.0,3.6360424028,5.2166666667,0
235,75.0,565.0,4.0759493671,6.4942528736,1
236,45.0,511.0,3.9615384615,6.8133333333,0
237,62.0,572.0,3.7356076759,6.7294117647,1
238,44.0,324.0,3.8095238095,10.8,0
239,53.0,468.0,3.8701923077,6.4109589041,0
240,50.0,587.0,3.4476190476,9.9491525424,1
241,38.0,308.0,4.4357798165,11.8461538462,0
242,47.0,329.0,3.8506493506,4.4459459459,0
243,81.0,504.0,4.2807881773,7.7538461538,1
244,51.0,496.0,3.9827586207,5.5111111111,1
245,41.0,327.0,3.8741258741,7.2666666667,0
246,48.0,380.0,3.7543859649,4.6341463415,0
247,45.0,339.0,3.9,9.6857142857,0
248,54.0,562.0,3.6681034483,5.793814433,0
249,27.0,159.0,3.828358209,6.9130434783,1
250,36.0,316.0,3.1153846154,5.8518518519,0
251,53.0,499.0,4.1767337808,4.3771929825,0
252,34.0,243.0,3.4700460829,5.170212766,0
253,35.0,323.0,3.8308270677,7.8780487805,1
254,63.0,449.0,3.9900249377,5.1022727273,0
255,29.0,181.0,3.7409638554,6.0333333333,1
256,57.0,563.0,3.8095238095,7.4078947368,1
257,12.0,126.0,3.8018018018,8.4,1
258,61.0,657.0,3.524361949,9.8059701493,1
259,35.0,283.0,5.1274509804,9.4333333333,1
260,22.0,163.0,4.0330578512,10.1875,1
261,21.0,243.0,4.1712962963,5.170212766,1
262,20.0,174.0,3.5714285714,10.2352941176,1
263,16.0,130.0,3.5189873418,0.0,0
264,40.0,310.0,4.1127819549,7.2093023256,1
265,2.0,28.0,5.1666666667,9.3333333333,0
266,31.0,266.0,3.8269230769,19.0,1
267,24.0,185.0,3.9333333333,6.8518518519,1
268,43.0,414.0,4.0181818182,6.9,1
269,81.0,611.0,3.6995708155,9.2575757576,1
270,12.0,112.0,4.2417582418,5.8947368421,1
271,50.0,408.0,3.7485714286,5.6666666667,0
272,24.0,209.0,4.161849711,5.6486486486,0
273,1.0,20.0,5.0588235294,10.0,0
274,33.0,244.0,3.8009259259,5.9512195122,1
275,29.0,193.0,3.8011363636,7.4230769231,0
276,18.0,104.0,3.5882352941,6.9333333333,0
277,25.0,390.0,3.8829113924,7.6470588235,1
278,1.0,27.0,5.0454545455,27.0,0
279,31.0,142.0,4.9191919192,3.55,0
280,1.0,4.0,7.5,0.0,0
281,21.0,94.0,3.7692307692,23.5,0
282,6.0,57.0,3.9607843137,8.1428571429,1
283,80.0,705.0,3.7985347985,9.6575342466,1
284,12.0,106.0,3.4680851064,6.625,0
285,45.0,467.0,3.600536193,6.768115942,1
286,1.0,18.0,5.4,9.0,0
287,43.0,446.0,3.824742268,5.1264367816,1
288,1.0,25.0,5.380952381,12.5,0
289,1.0,18.0,5.8,9.0,0
290,29.0,286.0,3.7794117647,8.9375,1
291,3.0,34.0,4.0,17.0,0
292,15.0,113.0,3.8571428571,6.6470588235,1
293,51.0,576.0,3.200477327,14.4,1
294,26.0,226.0,4.1445086705,9.04,1
295,30.0,332.0,3.8125,8.3,1
296,1.0,19.0,5.7333333333,9.5,0
297,39.0,407.0,3.813559322,5.2179487179,1
298,15.0,105.0,3.7582417582,6.1764705882,0
299,31.0,217.0,3.6084656085,6.5757575758,0
300,36.0,235.0,3.7515151515,6.1842105263,0
301,9.0,46.0,3.8205128205,6.5714285714,0
302,14.0,141.0,3.488372093,35.25,0
303,13.0,109.0,4.2637362637,9.9090909091,0
304,12.0,59.0,3.6379310345,5.3636363636,0
305,53.0,704.0,3.8195211786,13.037037037,1
306,60.0,536.0,3.9295454545,7.0526315789,1
307,47.0,485.0,4.0702576112,7.2388059701,1
308,37.0,271.0,3.9194915254,6.4523809524,0
309,55.0,573.0,4.0022123894,10.4181818182,0
310,59.0,630.0,4.0847457627,8.5135135135,1
311,53.0,650.0,3.9678800857,10.8333333333,0
312,49.0,573.0,3.8964059197,7.5394736842,1
313,60.0,578.0,3.8814317673,11.3333333333,1
314,53.0,500.0,4.00486618,8.4745762712,1
315,52.0,534.0,3.535483871,6.3571428571,0
316,45.0,421.0,4.1340782123,8.0961538462,1
317,58.0,561.0,3.8477272727,9.1967213115,1
318,52.0,460.0,4.0077720207,7.9310344828,1
319,50.0,523.0,3.9865771812,6.5375,1
320,49.0,617.0,4.0263788969,11.0178571429,1
321,63.0,730.0,3.911971831,10.1388888889,1
322,47.0,470.0,4.0895140665,9.7916666667,1
323,28.0,286.0,4.1910569106,8.6666666667,1
324,52.0,495.0,3.6247086247,8.1147540984,0
325,44.0,671.0,3.6958250497,10.1666666667,1
326,56.0,467.0,3.7850241546,5.9871794872,1
327,61.0,551.0,3.661971831,9.5,1
328,52.0,398.0,4.0523255814,8.2916666667,1
329,47.0,527.0,4.1118012422,4.6228070175,1
330,70.0,685.0,3.9442508711,7.2872340426,1
331,51.0,548.0,3.8789954338,7.1168831169,1
332,76.0,539.0,4.1666666667,6.125,0
333,67.0,684.0,4.0406779661,6.5142857143,1
334,64.0,619.0,4.0811403509,10.1475409836,1
335,60.0,647.0,3.8752475248,8.5131578947,0
336,67.0,594.0,3.8661087866,8.027027027,1
337,59.0,611.0,3.9356846473,11.75,1
338,57.0,520.0,3.8833333333,6.8421052632,1
339,62.0,613.0,3.90562249,8.397260274,1
340,68.0,680.0,3.9422442244,6.4150943396,1
341,66.0,745.0,3.8616600791,11.2878787879,0
342,53.0,420.0,3.9402173913,5.8333333333,0
343,44.0,444.0,4.0458221024,8.0727272727,0
344,59.0,519.0,3.8399014778,8.2380952381,1
345,91.0,654.0,4.0154905336,5.6379310345,0
346,58.0,500.0,3.9298642534,7.5757575758,1
347,56.0,593.0,3.8871681416,6.7386363636,1
348,91.0,825.0,3.8653846154,8.0097087379,1
349,36.0,405.0,3.825974026,5.0625,0
350,53.0,488.0,4.0541871921,7.1764705882,1
351,55.0,540.0,3.8028169014,6.5060240964,1
352,59.0,615.0,4.1597744361,6.0294117647,1
353,72.0,784.0,3.5326633166,10.7397260274,1
354,53.0,412.0,3.9545454545,5.2151898734,0
355,56.0,537.0,3.8344519016,9.5892857143,1
356,67.0,654.0,3.8353982301,7.7857142857,1
357,74.0,636.0,4.3410404624,7.756097561,1
358,80.0,528.0,3.8406113537,8.0,1
359,49.0,546.0,3.7027027027,8.6666666667,1
360,63.0,699.0,4.4935779817,8.5243902439,0
361,60.0,453.0,3.987745098,6.1216216216,0
362,55.0,453.0,3.780141844,6.2916666667,1
363,68.0,378.0,3.9595687332,4.5,0
364,53.0,472.0,4.0762942779,9.44,1
365,67.0,926.0,3.6342780027,8.819047619,0
366,44.0,410.0,4.0376344086,5.6164383562,0
367,63.0,593.0,3.9803063457,10.0508474576,1
368,55.0,499.0,3.9364035088,5.6704545455,0
369,62.0,512.0,3.8358208955,5.7528089888,1
370,54.0,403.0,4.037037037,5.3733333333,0
371,56.0,578.0,3.8893709328,7.4102564103,1
372,49.0,532.0,3.7729257642,6.7341772152,1
373,52.0,477.0,3.965034965,5.1847826087,1
374,61.0,612.0,3.9885496183,7.5555555556,1
375,73.0,692.0,3.9915397631,7.0612244898,1
376,74.0,548.0,4.1031128405,6.9367088608,1
377,52.0,502.0,4.040201005,7.84375,1
378,58.0,452.0,3.6920980926,7.9298245614,1
379,70.0,471.0,3.9016786571,7.2461538462,1
380,45.0,408.0,4.0297297297,6.0895522388,1
381,87.0,660.0,3.7380952381,9.4285714286,1
382,55.0,622.0,3.9818548387,8.2933333333,1
383,80.0,520.0,3.6800804829,5.3608247423,1
384,60.0,540.0,4.0538793103,7.6056338028,0
385,42.0,450.0,3.8614457831,9.7826086957,1
386,66.0,541.0,3.896049896,7.2133333333,1
387,34.0,320.0,4.0176678445,7.1111111111,1
388,59.0,554.0,4.0426540284,8.5230769231,1
389,90.0,491.0,4.0601336303,5.7764705882,1
390,65.0,734.0,3.7890772128,13.5925925926,1
391,52.0,500.0,3.804400978,7.1428571429,0
392,71.0,533.0,3.9051918736,7.6142857143,1
393,53.0,505.0,4.0407239819,6.2345679012,1
394,44.0,370.0,3.9830028329,4.8051948052,1
395,49.0,361.0,3.8956521739,4.9452054795,1
396,63.0,465.0,3.8452380952,6.5492957746,1
397,69.0,752.0,3.9225473322,10.8985507246,1
398,69.0,685.0,3.8774193548,8.7820512821,1
399,50.0,397.0,3.8328767123,4.9012345679,0
400,46.0,381.0,4.0808383234,8.2826086957,1
401,78.0,654.0,3.646484375,8.9589041096,1
402,52.0,562.0,3.9642147117,6.0430107527,1
403,76.0,686.0,3.5839874411,6.2363636364,1
404,49.0,539.0,3.4447368421,9.8,1
405,59.0,444.0,4.1197007481,5.6202531646,1
406,59.0,529.0,3.9913606911,7.3472222222,1
407,60.0,511.0,4.1030701754,5.5543478261,1
408,59.0,646.0,3.6561922366,6.3333333333,1
409,69.0,854.0,3.8752025932,11.0909090909,1
410,63.0,655.0,3.7919708029,6.359223301,1
411,61.0,470.0,4.0397022333,6.5277777778,1
412,94.0,633.0,3.896434635,4.9453125,1
413,55.0,308.0,4.0457746479,5.5,1
414,75.0,747.0,3.9192073171,6.4396551724,1
415,61.0,509.0,3.8584269663,6.8783783784,1
416,47.0,435.0,3.8207070707,6.0416666667,1
417,72.0,726.0,3.5711297071,12.1,1
418,55.0,592.0,4.0984848485,6.3655913978,1
419,39.0,352.0,3.7272727273,6.641509434,1
420,61.0,514.0,3.9497816594,6.1927710843,1
421,32.0,237.0,3.8709677419,5.7804878049,1
422,54.0,617.0,3.8391752577,7.7125,0
423,65.0,523.0,4.1669941061,5.8764044944,1
424,32.0,350.0,3.7606177606,9.2105263158,1
425,41.0,408.0,4.061452514,6.8,0
426,26.0,271.0,4.0840707965,8.7419354839,1
427,49.0,414.0,3.891966759,6.46875,1
428,46.0,404.0,4.0050632911,6.1212121212,1
429,57.0,363.0,4.3955696203,7.4081632653,1
430,51.0,481.0,3.8373205742,6.2467532468,1
431,37.0,392.0,4.1907514451,5.4444444444,0
432,43.0,437.0,3.8181818182,6.0694444444,1
433,61.0,647.0,4.0098425197,9.1126760563,1
434,59.0,453.0,3.8472553699,6.2054794521,1
435,49.0,445.0,4.0884718499,6.7424242424,1
436,15.0,179.0,3.8611111111,6.1724137931,1
437,85.0,975.0,3.9008674102,25.6578947368,1
438,40.0,441.0,4.0916442049,7.35,1
439,58.0,456.0,3.7874396135,6.9090909091,1
440,80.0,487.0,4.1352040816,9.0185185185,1
441,49.0,360.0,3.8927536232,4.9315068493,1
442,32.0,322.0,3.7343173432,8.05,1
443,65.0,663.0,3.7775768535,7.0531914894,1
444,71.0,693.0,3.4401349073,5.3720930233,1
445,52.0,481.0,3.9627906977,5.2857142857,1
446,55.0,492.0,3.9773755656,7.0285714286,1
447,12.0,105.0,3.5,7.0,0
448,68.0,575.0,4.0625,5.8673469388,1
449,40.0,227.0,4.3128205128,8.7307692308,1
450,19.0,179.0,4.0,9.4210526316,1
451,40.0,372.0,3.8603988604,5.7230769231,1
452,50.0,386.0,3.8635097493,4.825,0
453,63.0,434.0,4.1995073892,7.1147540984,1
454,51.0,422.0,3.7843137255,5.8611111111,1
455,76.0,617.0,3.6521008403,6.6344086022,1
456,46.0,378.0,3.9016853933,5.4,1
457,78.0,568.0,3.9612403101,8.231884058,1
458,45.0,471.0,4.0239520958,7.7213114754,1
459,47.0,336.0,4.3098039216,10.8387096774,1
460,63.0,477.0,4.0491400491,6.625,1
461,52.0,474.0,3.8901345291,6.8695652174,1
462,25.0,231.0,4.0639269406,7.0,1
463,70.0,553.0,3.9448669202,6.3563218391,1
464,34.0,297.0,4.1,6.3191489362,1
465,27.0,205.0,3.9838709677,5.3947368421,1
466,46.0,409.0,3.9752747253,5.7605633803,1
467,64.0,473.0,4.0290178571,7.5079365079,1
468,18.0,139.0,3.9927007299,5.1481481481,1
469,31.0,282.0,3.6398305085,7.05,1
470,27.0,284.0,4.4095238095,8.1142857143,1
471,49.0,355.0,4.7444794953,6.2280701754,1
472,77.0,742.0,3.7771428571,5.5789473684,1
473,42.0,368.0,3.9444444444,6.2372881356,1
474,58.0,462.0,4.5129411765,7.9655172414,1
475,59.0,581.0,4.2610441767,6.7558139535,1
476,28.0,230.0,3.9158415842,5.75,1
477,110.0,790.0,4.2119635891,4.5930232558,1
478,12.0,165.0,3.7756410256,4.5833333333,1
479,45.0,428.0,3.9838274933,7.0163934426,1
480,45.0,403.0,3.9470899471,6.606557377,1
481,54.0,434.0,4.071942446,4.7692307692,1
482,57.0,540.0,4.1513409962,6.1363636364,1
483,17.0,137.0,3.9461538462,8.5625,1
484,60.0,477.0,4.1965065502,5.4204545455,1
485,66.0,496.0,4.0298507463,6.1234567901,1
486,31.0,265.0,4.2825112108,7.3611111111,1
487,63.0,609.0,4.176369863,6.8426966292,1
488,46.0,420.0,3.9020100503,5.1851851852,1
489,28.0,260.0,4.0158102767,5.7777777778,1
490,16.0,184.0,4.3109756098,6.5714285714,1
491,45.0,389.0,4.1524064171,5.4788732394,1
492,77.0,556.0,4.1660305344,6.3181818182,0
493,35.0,356.0,4.2328767123,7.9111111111,1
494,55.0,427.0,3.9382716049,5.4050632911,0
495,61.0,502.0,4.0554323725,6.1975308642,1
496,37.0,406.0,3.8238341969,5.075,0
497,57.0,616.0,4.1329787234,4.496350365,1
498,1.0,16.0,3.5714285714,16.0,0
499,60.0,463.0,4.095,5.4470588235,1
500,55.0,499.0,3.9364035088,5.6704545455,0
501,60.0,540.0,4.0538793103,7.6056338028,0
502,44.0,425.0,4.0185676393,5.8219178082,0
503,52.0,562.0,3.9642147117,6.0430107527,1
504,61.0,612.0,3.9885496183,7.3734939759,1
505,67.0,926.0,3.6342780027,8.819047619,0
506,60.0,647.0,3.8752475248,8.5131578947,0
507,59.0,529.0,3.9913606911,7.3472222222,1
508,44.0,410.0,4.0376344086,5.5405405405,0
509,53.0,420.0,3.9402173913,5.8333333333,0
510,74.0,638.0,4.3410404624,7.7804878049,1
511,49.0,468.0,3.8571428571,8.5090909091,1
512,55.0,499.0,3.9364035088,5.6704545455,0
513,1.0,7.0,7.6,0.0,0
514,116.0,896.0,3.8541147132,8.0,1
515,94.0,1056.0,3.7155457552,6.8571428571,1
516,84.0,695.0,3.9218289086,7.2395833333,0
517,64.0,500.0,3.8973799127,5.5555555556,1
518,73.0,802.0,3.8993710692,9.5476190476,1
519,62.0,602.0,3.9729206963,8.2465753425,1
520,67.0,720.0,3.8590163934,8.0898876404,1
521,70.0,693.0,3.6256157635,6.0789473684,1
522,50.0,467.0,4.0616438356,8.6481481481,1
523,119.0,1068.0,3.9524361949,5.4769230769,1
524,99.0,882.0,3.582619339,6.1678321678,0
525,82.0,881.0,4.0360230548,11.7466666667,1
526,46.0,578.0,3.5663716814,11.56,1
527,71.0,723.0,3.9301919721,12.2542372881,1
528,66.0,630.0,3.9441233141,8.2894736842,1
529,81.0,862.0,3.8690647482,7.9814814815,1
530,69.0,563.0,3.6408730159,6.8658536585,1
531,68.0,598.0,3.7977941176,7.6666666667,0
532,55.0,510.0,3.8101851852,9.4444444444,1
533,50.0,596.0,3.9115226337,8.3943661972,1
534,62.0,456.0,4.2386934673,7.125,1
535,88.0,618.0,3.7928571429,6.7173913043,0
536,66.0,770.0,3.9105960265,7.3333333333,1
537,66.0,657.0,3.6112115732,7.8214285714,1
538,71.0,641.0,4.0316831683,9.8615384615,1
539,72.0,584.0,4.1758893281,8.8484848485,1
540,55.0,465.0,3.8522727273,5.3448275862,1
541,66.0,669.0,3.9798994975,6.69,1
542,57.0,475.0,3.8183856502,4.6116504854,1
543,65.0,710.0,4.0071556351,9.3421052632,1
544,59.0,530.0,3.8034934498,6.0227272727,1
545,54.0,479.0,3.8626373626,6.7464788732,1
546,71.0,685.0,3.9158249158,8.2530120482,0
547,47.0,469.0,3.9921671018,7.328125,1
548,60.0,459.0,4.017369727,6.652173913,1
549,69.0,712.0,4.0195439739,8.0,1
550,57.0,545.0,3.9244444444,7.1710526316,1
551,51.0,559.0,3.7695473251,6.6547619048,1
552,76.0,579.0,3.7125,11.8163265306,1
553,79.0,803.0,3.9137931034,8.3645833333,1
554,92.0,853.0,4.0909090909,7.9719626168,1
555,40.0,385.0,4.1229050279,6.7543859649,1
556,51.0,371.0,4.4402332362,7.5714285714,0
557,60.0,553.0,3.8881578947,8.5076923077,1
558,74.0,581.0,3.8015873016,5.9285714286,1
559,58.0,619.0,3.5333333333,6.068627451,1
560,75.0,690.0,4.1735791091,5.6097560976,1
561,113.0,880.0,3.8493150685,8.3018867925,1
562,65.0,552.0,3.8036951501,7.5616438356,1
563,47.0,492.0,3.8759124088,5.7882352941,1
564,73.0,592.0,3.9080234834,6.5054945055,1
565,49.0,438.0,3.9005235602,9.9545454545,1
566,62.0,626.0,3.6716697936,7.825,1
567,60.0,581.0,3.9850107066,8.4202898551,1
568,77.0,749.0,3.7772511848,6.2941176471,1
569,46.0,521.0,4.1091370558,11.085106383,1
570,61.0,465.0,4.0047058824,6.8382352941,0
571,66.0,517.0,3.8391608392,7.8333333333,1
572,84.0,613.0,4.0675422139,8.7571428571,1
573,59.0,523.0,3.7101449275,5.8111111111,1
574,65.0,578.0,3.6329113924,8.7575757576,1
575,78.0,489.0,4.0753424658,5.6860465116,1
576,48.0,426.0,4.2142857143,7.1,1
577,66.0,672.0,4.1358024691,7.5505617978,1
578,63.0,535.0,3.8424242424,6.2941176471,1
579,106.0,697.0,3.9199372057,7.2604166667,1
580,82.0,459.0,4.364556962,6.5571428571,1
581,48.0,480.0,3.7483296214,5.9259259259,1
582,52.0,559.0,3.6548856549,7.9857142857,0
583,39.0,365.0,3.8944281525,7.1568627451,1
584,64.0,605.0,3.6140035907,6.5760869565,1
585,64.0,498.0,4.044345898,7.5454545455,1
586,48.0,512.0,4.3611111111,6.8266666667,1
587,60.0,529.0,4.0497630332,6.6125,1
588,56.0,578.0,3.8853974122,6.9638554217,1
589,79.0,684.0,3.7147651007,6.7058823529,1
590,88.0,723.0,3.8890728477,8.7108433735,1
591,56.0,535.0,4.0068807339,12.1590909091,1
592,42.0,397.0,3.9868766404,5.8382352941,1
593,69.0,814.0,3.8052147239,10.8533333333,1
594,38.0,365.0,4.0666666667,7.4489795918,1
595,75.0,574.0,3.814953271,6.3777777778,1
596,73.0,575.0,3.9493927126,6.6091954023,1
597,58.0,460.0,4.1981351981,6.7647058824,1
598,55.0,481.0,3.9681093394,6.9710144928,1
599,84.0,622.0,3.9264150943,6.6170212766,1
600,81.0,823.0,4.0870229008,10.1604938272,1
601,50.0,477.0,3.7871853547,5.3,1
602,84.0,781.0,3.6488673139,9.2976190476,1
603,58.0,533.0,4.0477137177,6.746835443,1
604,51.0,434.0,3.8052631579,8.3461538462,1
605,55.0,583.0,3.8497942387,8.7014925373,1
606,107.0,770.0,4.1019490255,8.9534883721,1
607,73.0,576.0,3.9109090909,6.6976744186,1
608,50.0,517.0,3.8698481562,6.0823529412,1
609,36.0,292.0,4.106870229,8.8484848485,1
610,75.0,786.0,3.7678018576,7.7821782178,1
611,117.0,744.0,3.9240875912,6.8888888889,1
612,78.0,554.0,3.6935817805,9.7192982456,1
613,64.0,594.0,3.9474708171,7.8157894737,1
614,57.0,542.0,3.7330508475,8.46875,1
615,27.0,217.0,3.7619047619,7.2333333333,1
616,62.0,563.0,3.6374501992,6.2555555556,1
617,67.0,652.0,4.1752066116,6.1509433962,1
618,76.0,501.0,4.2563559322,6.5921052632,1
619,35.0,341.0,3.8511326861,8.3170731707,1
620,49.0,483.0,3.6643026005,12.3846153846,0
621,63.0,652.0,3.8720720721,7.0869565217,1
622,60.0,555.0,3.834,6.1666666667,1
623,61.0,557.0,4.0647619048,6.1888888889,1
624,71.0,632.0,4.0216998192,6.8695652174,1
625,84.0,735.0,3.7169179229,6.2288135593,1
626,122.0,890.0,3.9791666667,7.1774193548,1
627,60.0,594.0,3.7469635628,8.25,1
628,99.0,422.0,4.0313253012,7.8148148148,1
629,45.0,418.0,4.0338983051,6.8524590164,1
630,79.0,588.0,4.0840909091,5.7647058824,1
631,74.0,830.0,4.0332326284,6.64,1
632,58.0,525.0,4.0215264188,7.0945945946,1
633,68.0,687.0,3.6314741036,11.45,1
634,60.0,533.0,3.9882629108,6.8333333333,1
635,64.0,568.0,4.1183431953,7.1898734177,1
636,61.0,683.0,3.7490636704,9.1066666667,1
637,50.0,470.0,4.0480549199,5.4651162791,1
638,70.0,405.0,4.0911392405,6.4285714286,1
639,60.0,524.0,4.1156316916,8.0615384615,1
640,58.0,557.0,3.9620758483,5.1100917431,1
641,60.0,507.0,3.9416666667,6.3375,1
642,1.0,8.0,3.75,8.0,0
643,97.0,879.0,3.882133995,6.8139534884,1
644,40.0,380.0,3.8411214953,6.4406779661,1
645,40.0,368.0,4.0251572327,8.7619047619,1
646,1.0,4.0,6.25,0.0,0
647,42.0,355.0,4.2068965517,7.7173913043,1
648,47.0,485.0,4.2479784367,8.5087719298,1
649,55.0,549.0,3.7852882704,6.1,0
650,41.0,367.0,4.0560471976,7.9782608696,1
651,43.0,367.0,3.8746081505,7.1960784314,1
652,66.0,516.0,3.9668246445,7.2676056338,1
653,29.0,256.0,3.9578059072,8.8275862069,1
654,34.0,319.0,3.9587628866,5.6964285714,1
655,63.0,614.0,3.9226305609,6.3958333333,1
656,51.0,475.0,4.065462754,5.523255814,1
657,65.0,690.0,4.0961923848,6.2162162162,1
658,44.0,389.0,3.8953168044,5.8939393939,1
659,68.0,542.0,3.7130801688,7.5277777778,1
660,42.0,369.0,3.9703264095,7.5306122449,1
661,57.0,323.0,3.8139534884,9.2285714286,1
662,39.0,389.0,4.0325203252,6.2741935484,1
663,36.0,342.0,3.9487179487,6.84,1
664,35.0,313.0,4.0586206897,8.2368421053,1
665,25.0,243.0,4.0986547085,8.3793103448,0
666,43.0,434.0,3.8089005236,8.037037037,1
667,18.0,170.0,4.4578313253,5.4838709677,0
668,38.0,331.0,4.2832764505,6.8958333333,1
669,79.0,402.0,3.953002611,7.1785714286,1
670,49.0,454.0,4.3753501401,9.2653061224,1
671,55.0,239.0,4.0925110132,6.8285714286,1
672,24.0,185.0,4.1853932584,5.4411764706,1
673,41.0,231.0,3.7155963303,11.0,1
674,79.0,384.0,4.1367292225,9.3658536585,1
675,39.0,363.0,3.9819277108,6.8490566038,1
676,33.0,310.0,4.0618556701,6.7391304348,1
677,19.0,182.0,4.1411042945,7.0,1
678,38.0,363.0,4.1420118343,7.1176470588,1
679,43.0,348.0,4.0064308682,8.0930232558,1
680,20.0,198.0,4.0857142857,6.1875,0
681,28.0,262.0,3.6,6.0930232558,1
682,33.0,231.0,3.5945945946,3.9152542373,0
683,31.0,260.0,3.9149797571,7.4285714286,0
684,223.0,1768.0,4.0446260214,6.8793774319,1
685,16.0,250.0,4.1518987342,6.4102564103,0
686,69.0,533.0,3.8498985801,6.746835443,1
687,34.0,465.0,4.3255269321,6.2837837838,1
688,79.0,532.0,3.8522072937,5.1153846154,0
689,70.0,611.0,4.1468048359,4.9674796748,1
690,97.0,536.0,3.875,5.7634408602,1
691,18.0,535.0,4.1480686695,6.1494252874,0
692,58.0,317.0,4.2866242038,4.803030303,0
693,55.0,292.0,3.90625,10.4285714286,0
694,55.0,365.0,4.1766381766,6.6363636364,1
695,22.0,242.0,4.1293103448,7.1176470588,0
696,65.0,380.0,4.1253405995,5.2054794521,0
697,126.0,613.0,3.694490818,4.6439393939,1
698,84.0,481.0,4.4178403756,5.4659090909,1
699,49.0,408.0,3.952853598,6.1818181818,0
700,55.0,460.0,4.0751173709,4.5544554455,1
701,83.0,705.0,4.1637931034,5.0357142857,1
702,65.0,528.0,4.5085106383,7.2328767123,1
703,29.0,227.0,4.198156682,5.2790697674,1
704,55.0,455.0,4.1108545035,6.5942028986,1
705,79.0,536.0,4.2043222004,5.9555555556,1
706,69.0,448.0,4.0,6.4927536232,0
707,45.0,339.0,4.4119402985,5.4677419355,0
708,36.0,271.0,4.2131782946,6.1590909091,0
709,47.0,325.0,4.0124223602,6.7708333333,0
710,31.0,261.0,3.6163265306,6.2142857143,0
711,75.0,789.0,3.816,5.8880597015,1
712,11.0,323.0,4.171875,5.2096774194,0
713,26.0,382.0,4.0679886686,6.1612903226,0
714,51.0,306.0,4.1557971014,7.8461538462,1
715,40.0,371.0,4.1538461538,5.9838709677,1
716,49.0,335.0,4.0398773006,6.8367346939,1
717,47.0,448.0,3.7685185185,5.3975903614,0
718,33.0,221.0,4.0563380282,7.8928571429,1
719,8.0,195.0,4.0755813953,4.756097561,0
720,33.0,220.0,4.1141552511,5.641025641,0
721,53.0,324.0,4.2915360502,5.5862068966,1
722,37.0,264.0,4.1477272727,9.4285714286,0
723,76.0,491.0,4.0585774059,7.671875,1
724,79.0,555.0,3.7937743191,5.4411764706,1
725,13.0,264.0,4.1314741036,6.4390243902,0
726,19.0,151.0,3.8273381295,5.8076923077,0
727,19.0,252.0,3.987755102,4.9411764706,0
728,1.0,8.0,6.1666666667,0.0,0
729,39.0,342.0,4.0557184751,4.75,0
730,47.0,442.0,4.3564593301,4.9111111111,1
731,58.0,442.0,4.1280788177,6.5,0
732,42.0,432.0,3.9612590799,6.9677419355,0
733,13.0,272.0,4.1294117647,4.8571428571,0
734,73.0,572.0,4.5019305019,6.8915662651,0
735,73.0,520.0,3.8423236515,5.4166666667,1
736,83.0,722.0,4.1673819742,5.1205673759,1
737,47.0,293.0,4.1493055556,4.8032786885,0
738,63.0,401.0,3.8235294118,4.8902439024,1
739,52.0,406.0,4.0076142132,6.0597014925,0
740,15.0,222.0,4.0192307692,7.1612903226,0
741,65.0,314.0,4.1485148515,4.4857142857,0
742,105.0,530.0,4.046875,6.091954023,1
743,23.0,265.0,4.1496062992,5.5208333333,0
744,69.0,578.0,4.0296846011,6.8,0
745,51.0,348.0,4.3764705882,4.0,1
746,57.0,337.0,4.471875,7.4888888889,0
747,42.0,303.0,3.9105960265,4.5909090909,1
748,27.0,303.0,3.9635036496,4.8870967742,0
749,68.0,506.0,4.2416666667,5.3829787234,0
750,80.0,570.0,4.0179856115,6.8674698795,1
751,50.0,367.0,4.2222222222,11.1212121212,0
752,57.0,299.0,4.2033898305,5.98,1
753,52.0,388.0,3.7387640449,7.6078431373,0
754,48.0,410.0,3.8186397985,6.6129032258,1
755,28.0,235.0,3.8917748918,7.8333333333,0
756,45.0,328.0,4.3815384615,5.5593220339,1
757,45.0,354.0,3.7514792899,6.1034482759,0
758,65.0,483.0,4.2407407407,8.625,0
759,3.0,5.0,4.4,5.0,0
760,49.0,378.0,4.4237804878,5.1780821918,0
761,43.0,352.0,3.9090909091,6.0689655172,1
762,52.0,368.0,4.3522727273,5.6615384615,1
763,70.0,552.0,3.8078358209,7.2631578947,0
764,41.0,375.0,4.0668449198,5.2816901408,1
765,99.0,992.0,3.8339670469,6.985915493,1
766,65.0,664.0,3.8292682927,5.5798319328,1
767,40.0,447.0,3.5907692308,7.9821428571,0
768,52.0,663.0,3.9063136456,7.0531914894,1
769,49.0,502.0,3.7857142857,7.4925373134,1
770,55.0,561.0,3.5868544601,8.3731343284,1
771,53.0,609.0,3.6893203883,12.4285714286,1
772,54.0,503.0,3.7131578947,7.9841269841,1
773,59.0,763.0,3.9428571429,10.4520547945,1
774,57.0,481.0,3.7370892019,6.4133333333,1
775,67.0,671.0,3.8391038697,10.1666666667,1
776,55.0,543.0,3.9528301887,7.4383561644,1
777,56.0,528.0,3.9301310044,5.7391304348,1
778,38.0,507.0,3.8742857143,8.7413793103,1
779,75.0,626.0,3.6766055046,10.7931034483,1
780,45.0,476.0,3.8515151515,8.9811320755,1
781,51.0,482.0,3.7671957672,9.2692307692,0
782,35.0,481.0,3.7582089552,12.6578947368,0
783,37.0,322.0,3.796875,7.6666666667,1
784,63.0,705.0,3.5633802817,8.9240506329,1
785,58.0,595.0,4.0298850575,9.1538461538,1
786,55.0,693.0,3.9808917197,10.0434782609,1
787,62.0,435.0,3.9646017699,7.5,0
788,45.0,321.0,3.6813186813,5.0952380952,0
789,36.0,301.0,3.6814814815,5.9019607843,1
790,67.0,545.0,3.6513317191,9.3965517241,1
791,53.0,477.0,3.7142857143,5.8888888889,0
792,40.0,416.0,3.9071856287,5.7777777778,1
793,56.0,714.0,3.9309701493,11.3333333333,1
794,8.0,101.0,3.7049180328,50.5,0
795,54.0,522.0,4.1670644391,7.1506849315,1
796,51.0,540.0,4.6659528908,9.0,1
797,59.0,567.0,4.0422832981,6.6705882353,1
798,70.0,699.0,3.8755832037,10.2794117647,0
799,50.0,543.0,3.8421052632,10.86,1
800,72.0,756.0,3.9368932039,9.3333333333,1
801,61.0,648.0,3.8361581921,6.3529411765,1
802,46.0,526.0,4.0642201835,8.7666666667,1
803,69.0,549.0,3.7813163482,5.6020408163,1
804,72.0,696.0,3.9038461538,9.5342465753,1
805,78.0,620.0,4.2352941176,8.4931506849,1
806,54.0,676.0,3.9981203008,8.6666666667,1
807,64.0,581.0,3.9482758621,8.5441176471,1
808,78.0,586.0,4.2863534676,9.3015873016,1
809,79.0,683.0,4.048828125,12.6481481481,1
810,52.0,589.0,3.731557377,6.0721649485,0
811,66.0,479.0,4.1009852217,7.2575757576,1
812,68.0,712.0,3.7712305026,8.183908046,1
813,85.0,599.0,4.0019305019,9.5079365079,1
814,61.0,521.0,3.7875,8.0153846154,0
815,64.0,540.0,4.1779279279,7.2,0
816,77.0,572.0,3.9649122807,6.4269662921,1
817,56.0,496.0,4.4824355972,9.5384615385,1
818,93.0,755.0,3.9185520362,9.4375,1
819,68.0,619.0,4.0893854749,6.3163265306,1
820,48.0,429.0,4.1793478261,5.9583333333,1
821,56.0,397.0,4.0026954178,8.2708333333,0
822,76.0,660.0,3.8233387358,9.0410958904,1
823,80.0,847.0,3.8735795455,6.9426229508,1
824,72.0,690.0,3.9894736842,6.7647058824,1
825,90.0,833.0,3.9473684211,11.2567567568,1
826,44.0,429.0,4.1218130312,8.58,1
827,60.0,652.0,4.5943396226,10.8666666667,1
828,60.0,605.0,3.9895833333,8.0666666667,1
829,66.0,539.0,4.476386037,5.8586956522,1
830,87.0,746.0,4.0528,6.1652892562,1
831,69.0,668.0,3.9071566731,9.1506849315,1
832,51.0,490.0,4.364764268,9.6078431373,1
833,50.0,489.0,4.2046632124,11.6428571429,1
834,59.0,509.0,4.0797266515,11.0652173913,1
835,53.0,442.0,4.036939314,7.4915254237,1
836,74.0,559.0,3.8617021277,6.1428571429,1
837,65.0,500.0,4.0064239829,5.376344086,1
838,66.0,608.0,4.2704280156,9.3538461538,1
839,59.0,568.0,4.195329087,9.0158730159,1
840,56.0,500.0,3.8770301624,7.3529411765,0
841,58.0,564.0,4.0876494024,6.8780487805,1
842,90.0,770.0,3.8431372549,13.0508474576,1
843,55.0,443.0,4.324742268,7.1451612903,1
844,41.0,463.0,3.9948051948,10.2888888889,1
845,80.0,515.0,4.2354312354,14.3055555556,1
846,55.0,474.0,3.9012048193,6.0769230769,1
847,56.0,423.0,4.1012987013,6.7142857143,0
848,60.0,576.0,4.1142284569,14.0487804878,1
849,52.0,645.0,3.902970297,8.6,1
850,43.0,499.0,3.9540540541,14.2571428571,1
851,43.0,399.0,4.0323450135,7.0,0
852,59.0,536.0,4.1549893843,8.0,1
853,60.0,621.0,3.9606299213,7.4819277108,0
854,67.0,570.0,3.9182509506,5.5882352941,1
855,84.0,879.0,4.0146471372,9.15625,1
856,52.0,426.0,4.2921052632,6.0857142857,0
857,40.0,397.0,4.0601719198,8.1020408163,1
858,61.0,647.0,3.778584392,6.8105263158,1
859,59.0,431.0,4.230964467,6.5303030303,1
860,75.0,529.0,4.5860465116,6.5308641975,1
861,67.0,541.0,4.155210643,7.1184210526,1
862,68.0,628.0,4.1366024518,8.7222222222,1
863,75.0,786.0,4.1337792642,16.0408163265,1
864,81.0,793.0,3.7823529412,7.0803571429,1
865,67.0,495.0,3.9213973799,5.8235294118,1
866,75.0,669.0,3.9918367347,10.7903225806,1
867,63.0,512.0,4.1346633416,8.393442623,1
868,76.0,697.0,4.0,8.2,0
869,60.0,575.0,3.3512974052,7.5657894737,0
870,76.0,815.0,3.8871715611,10.0617283951,1
871,72.0,557.0,4.0464135021,7.527027027,1
872,68.0,631.0,4.4070450098,10.0158730159,1
873,56.0,451.0,3.7110552764,8.8431372549,0
874,35.0,285.0,3.8765957447,14.25,1
875,73.0,682.0,3.9262589928,8.7435897436,1
876,72.0,591.0,3.9213973799,10.1896551724,1
877,73.0,590.0,3.6085011186,10.0,0
878,59.0,680.0,4.1358695652,9.5774647887,1
879,50.0,526.0,4.0117370892,8.0923076923,0
880,60.0,547.0,4.4164759725,7.7042253521,1
881,81.0,707.0,3.7584097859,9.0641025641,1
882,55.0,556.0,3.5221238938,16.8484848485,1
883,52.0,515.0,3.9976798144,7.1527777778,1
884,47.0,503.0,3.9649122807,6.5324675325,1
885,51.0,447.0,3.9070422535,8.1272727273,0
886,62.0,521.0,4.1816143498,6.2771084337,1
887,52.0,457.0,3.9757412399,18.28,1
888,75.0,595.0,4.1090573013,6.6853932584,1
889,50.0,474.0,4.2180851064,9.6734693878,1
890,58.0,440.0,4.1687041565,6.2857142857,0
891,58.0,604.0,3.9303201507,6.4255319149,1
892,54.0,384.0,4.1536231884,6.6206896552,1
893,61.0,442.0,4.0136612022,14.2580645161,1
894,45.0,422.0,3.8891966759,8.1153846154,0
895,55.0,484.0,4.1401617251,7.4461538462,1
896,69.0,562.0,3.9213250518,5.2037037037,1
897,76.0,515.0,4.3610503282,8.3064516129,1
898,63.0,522.0,4.0234741784,6.2142857143,1
899,40.0,329.0,4.0164473684,8.6578947368,0
900,78.0,594.0,3.7563850688,12.9130434783,0
901,63.0,534.0,3.943107221,14.0526315789,1
902,46.0,422.0,3.8097826087,7.4035087719,0
903,80.0,514.0,3.9607438017,6.7631578947,0
904,49.0,454.0,4.1005291005,7.9649122807,1
905,71.0,620.0,4.255985267,11.2727272727,1
906,77.0,748.0,4.043697479,13.8518518519,1
907,61.0,605.0,3.7443181818,7.8571428571,1
908,59.0,593.0,4.0634920635,12.8913043478,1
909,59.0,599.0,4.0164609053,8.6811594203,1
910,59.0,471.0,4.2005420054,8.2631578947,1
911,46.0,412.0,3.8467532468,8.5833333333,0
912,58.0,492.0,4.2104072398,6.4736842105,1
913,60.0,457.0,4.16152019,4.1171171171,0
914,35.0,309.0,4.0996015936,9.9677419355,1
915,46.0,412.0,3.8425414365,10.3,1
916,64.0,764.0,3.7368421053,11.9375,1
917,75.0,639.0,3.8710280374,9.6818181818,1
918,84.0,638.0,4.1807228916,5.8,0
919,63.0,593.0,4.0796645702,7.9066666667,1
920,12.0,249.0,4.8933333333,7.5454545455,0
921,69.0,851.0,3.8139534884,6.1223021583,1
922,53.0,612.0,3.89943074,10.2,1
923,79.0,538.0,3.9542619543,5.9120879121,1
924,60.0,476.0,4.1503957784,7.2121212121,1
925,62.0,538.0,3.6064073227,5.1238095238,0
926,66.0,670.0,4.6838565022,24.8148148148,1
927,59.0,537.0,3.7837837838,9.5892857143,1
928,75.0,620.0,3.7863720074,11.9230769231,0
929,50.0,471.0,3.9411764706,8.5636363636,1
930,79.0,652.0,4.0203327172,10.1875,1
931,111.0,937.0,4.2052194543,7.8739495798,1
932,63.0,509.0,4.2203791469,7.7121212121,1
933,48.0,440.0,3.8812664908,8.6274509804,1
934,85.0,793.0,3.9062027231,7.625,1
935,53.0,583.0,3.8100208768,8.4492753623,0
936,50.0,408.0,4.0336134454,6.6885245902,0
937,72.0,591.0,3.6633266533,8.4428571429,1
938,50.0,420.0,4.401055409,5.9154929577,0
939,69.0,336.0,4.8850174216,6.3396226415,0
940,51.0,471.0,4.1542168675,7.2461538462,1
941,58.0,553.0,3.7649484536,4.7672413793,0
942,54.0,543.0,4.0912863071,5.8387096774,1
943,32.0,314.0,4.2814814815,8.4864864865,1
944,88.0,807.0,3.9525222552,6.725,1
945,72.0,541.0,3.9915254237,9.6607142857,1
946,55.0,573.0,4.0150862069,8.4264705882,0
947,66.0,497.0,3.8829787234,7.1,1
948,75.0,662.0,3.875,7.3555555556,1
949,113.0,980.0,3.8929411765,6.4900662252,1
950,62.0,425.0,3.6666666667,7.3275862069,0
951,65.0,483.0,4.1,7.3181818182,1
952,61.0,502.0,3.8908685969,8.0967741935,1
953,73.0,661.0,3.7043918919,4.6879432624,1
954,71.0,412.0,4.5260416667,10.3,1
955,85.0,627.0,3.8502673797,7.3764705882,1
956,48.0,429.0,3.9682151589,8.4117647059,0
957,77.0,663.0,4.0347682119,6.7653061224,1
958,82.0,746.0,3.8862019915,7.0377358491,1
959,65.0,602.0,3.8032454361,8.6,1
960,49.0,411.0,4.1186440678,10.5384615385,1
961,62.0,455.0,3.9565217391,5.9090909091,0
962,53.0,415.0,4.002617801,6.8032786885,0
963,68.0,549.0,4.0412371134,6.2386363636,1
964,76.0,664.0,3.8927943761,9.2222222222,1
965,4.0,27.0,3.962962963,5.4,0
966,68.0,587.0,3.9149797571,6.6704545455,1
967,83.0,567.0,3.9852941176,5.7857142857,0
968,15.0,82.0,4.975,6.8333333333,0
969,70.0,689.0,4.3151408451,9.5694444444,1
970,75.0,691.0,3.9650238474,6.3394495413,0
971,95.0,707.0,4.0,8.9493670886,1
972,47.0,428.0,4.1767554479,6.0281690141,0
973,56.0,504.0,3.9454976303,12.2926829268,1
974,65.0,490.0,3.7205240175,5.5056179775,1
975,69.0,622.0,4.1294964029,8.1842105263,1
976,52.0,487.0,3.8,6.9571428571,1
977,86.0,890.0,3.8326417704,10.3488372093,1
978,97.0,625.0,3.8890814558,6.5789473684,1
979,49.0,382.0,4.2052023121,8.4888888889,1
980,65.0,556.0,3.9795081967,7.6164383562,1
981,62.0,566.0,3.8226495726,6.8192771084,1
982,55.0,758.0,4.062295082,9.7179487179,1
983,79.0,671.0,4.7814113597,29.1739130435,1
984,65.0,530.0,3.8205689278,17.6666666667,1
985,66.0,768.0,4.288961039,8.6292134831,1
986,90.0,790.0,4.2920110193,6.8103448276,1
987,65.0,847.0,4.0938566553,12.6417910448,1
988,113.0,945.0,3.8433889602,7.0,1
989,70.0,622.0,3.8720930233,5.8679245283,1
990,70.0,567.0,4.0725490196,7.0,1
991,68.0,678.0,3.9708737864,10.935483871,1
992,69.0,530.0,4.0991735537,6.625,0
993,60.0,654.0,3.9344894027,8.8378378378,1
994,62.0,626.0,3.9118165785,5.3504273504,1
995,82.0,768.0,3.7326283988,7.7575757576,1
996,26.0,196.0,3.5372340426,7.5384615385,0
997,71.0,424.0,4.3935309973,8.48,0
998,76.0,608.0,4.0159574468,6.0198019802,1
999,84.0,605.0,3.9493433396,8.2876712329,1
1000,77.0,664.0,4.0347682119,6.8453608247,1
1001,78.0,785.0,3.7889655172,8.7222222222,1
1002,65.0,579.0,4.0423076923,6.6551724138,1
1003,68.0,567.0,4.3566739606,9.45,1
1004,67.0,649.0,3.967032967,11.0,1
1005,47.0,316.0,4.8988764045,10.5333333333,1
1006,88.0,679.0,4.1376146789,7.9882352941,1
1007,36.0,343.0,3.9171779141,7.976744186,1
1008,89.0,788.0,3.7409090909,9.0574712644,1
1009,53.0,425.0,4.0716112532,5.3125,0
1010,48.0,459.0,3.9815668203,6.652173913,1
1011,44.0,437.0,3.8696741855,5.8266666667,1
1012,50.0,496.0,4.1311111111,6.8888888889,1
1013,133.0,959.0,3.7351351351,9.6868686869,1
1014,63.0,528.0,4.2314049587,7.5428571429,1
1015,67.0,740.0,3.7202797203,12.5423728814,1
1016,33.0,301.0,4.5152671756,10.0333333333,1
1017,43.0,349.0,3.9700996678,7.5869565217,1
1018,25.0,215.0,4.4,8.2692307692,1
1019,56.0,492.0,4.1484918794,7.4545454545,1
1020,73.0,605.0,4.3826530612,7.2891566265,1
1021,80.0,695.0,4.0325047801,12.4107142857,1
1022,54.0,369.0,3.678125,9.7105263158,1
1023,57.0,571.0,3.6429906542,7.049382716,1
1024,53.0,370.0,4.0985915493,6.9811320755,1
1025,99.0,830.0,3.6907514451,11.0666666667,1
1026,62.0,609.0,4.012567325,6.2783505155,1
1027,74.0,718.0,4.071192053,11.9666666667,1
1028,48.0,468.0,4.0460829493,7.4285714286,1
1029,33.0,237.0,3.7802690583,7.9,1
1030,59.0,595.0,3.9090909091,7.5316455696,1
1031,48.0,422.0,4.0756302521,8.9787234043,1
1032,69.0,696.0,3.8722741433,10.2352941176,0
1033,25.0,213.0,4.175879397,7.1,1
1034,50.0,543.0,3.6887417219,8.2272727273,1
1035,77.0,634.0,3.9055555556,5.3728813559,1
1036,69.0,454.0,4.211136891,17.4615384615,1
1037,62.0,476.0,4.0925110132,7.1044776119,1
1038,51.0,502.0,3.9903614458,8.0967741935,1
1039,68.0,529.0,4.1170431211,5.8131868132,1
1040,64.0,582.0,4.2044198895,7.8648648649,1
1041,44.0,320.0,3.9166666667,5.7142857143,1
1042,48.0,496.0,3.9753363229,6.985915493,1
1043,42.0,375.0,4.1403508772,8.7209302326,1
1044,44.0,348.0,4.1392405063,7.7333333333,1
1045,85.0,780.0,3.925304878,7.572815534,1
1046,57.0,443.0,4.2313432836,7.3833333333,1
1047,61.0,479.0,4.4608501119,9.58,1
1048,45.0,380.0,4.0217391304,8.085106383,0
1049,78.0,594.0,4.0036231884,7.425,1
1050,61.0,474.0,3.8922018349,8.9433962264,1
1051,64.0,553.0,3.7864476386,7.5753424658,1
1052,59.0,588.0,4.12109375,10.6909090909,1
1053,32.0,216.0,3.8490566038,6.9677419355,1
1054,57.0,525.0,3.9812889813,8.606557377,1
1055,24.0,180.0,4.1551724138,4.7368421053,0
1056,73.0,661.0,3.7043918919,4.6879432624,1
1057,75.0,560.0,4.0176470588,10.9803921569,1
1058,16.0,162.0,3.9605263158,7.3636363636,0
1059,52.0,386.0,3.9771428571,7.568627451,1
1060,42.0,294.0,3.8566433566,5.6538461538,1
1061,72.0,590.0,3.6626506024,8.4285714286,1
1062,68.0,568.0,3.7251908397,6.6823529412,1
1063,42.0,397.0,3.9770773639,8.6304347826,1
1064,75.0,611.0,3.8754512635,9.4,1
1065,36.0,334.0,3.4902597403,6.68,0
1066,60.0,580.0,3.9482439926,6.7441860465,1
1067,76.0,508.0,3.8896551724,11.8139534884,1
1068,65.0,593.0,4.0747474747,14.825,1
1069,65.0,660.0,4.352398524,9.1666666667,1
1070,2.0,74.0,3.7567567568,9.25,0
1071,84.0,752.0,3.8286558346,11.5692307692,1
1072,16.0,134.0,4.265625,5.36,1
1073,55.0,482.0,4.4988235294,9.8367346939,1
1074,37.0,259.0,4.247826087,10.36,1
1075,18.0,165.0,4.0487804878,8.6842105263,1
1076,53.0,455.0,4.3657407407,7.9824561404,1
1077,22.0,189.0,3.9431818182,7.56,1
1078,9.0,49.0,3.85,9.8,0
1079,69.0,542.0,3.9137931034,5.42,1
1080,72.0,631.0,3.9800724638,6.4387755102,1
1081,37.0,304.0,4.1312056738,8.6857142857,1
1082,63.0,448.0,4.0311688312,8.96,1
1083,47.0,368.0,3.8694362018,11.8709677419,0
1084,17.0,139.0,4.1908396947,6.95,0
1085,18.0,131.0,4.0431034483,11.9090909091,0
1086,16.0,151.0,3.9568345324,6.5652173913,0
1087,14.0,130.0,3.649122807,13.0,0
1088,14.0,153.0,3.6551724138,6.12,1
1089,19.0,158.0,4.2689655172,14.3636363636,1
1090,34.0,346.0,3.9715189873,8.0465116279,1
1091,16.0,142.0,4.6666666667,10.1428571429,1
1092,21.0,224.0,3.9609756098,7.724137931,1
1093,15.0,160.0,3.7862068966,7.619047619,1
1094,20.0,176.0,4.2101910828,8.0,1
1095,73.0,438.0,4.2021563342,7.1803278689,1
1096,30.0,261.0,4.552,7.4571428571,1
1097,18.0,145.0,4.1478873239,4.8333333333,1
1098,60.0,411.0,4.1921052632,6.421875,1
1099,18.0,132.0,4.2913385827,5.5,1
1100,22.0,204.0,3.7357512953,6.5806451613,1
1101,30.0,302.0,3.803030303,6.7111111111,0
1102,31.0,241.0,4.0528634361,6.5135135135,0
1103,17.0,151.0,4.55,8.8823529412,1
1104,26.0,246.0,3.9488372093,6.8333333333,1
1105,65.0,556.0,3.7608247423,6.1777777778,1
1106,58.0,453.0,4.2577030812,8.5471698113,1
1107,40.0,313.0,4.0557491289,8.0256410256,1
1108,24.0,219.0,4.328125,7.3,0
1109,17.0,147.0,4.0,7.7368421053,0
1110,22.0,164.0,4.0519480519,8.6315789474,1
1111,18.0,202.0,3.7202380952,11.2222222222,1
1112,20.0,146.0,4.1386861314,8.1111111111,1
1113,20.0,144.0,4.6106870229,8.4705882353,1
1114,30.0,252.0,3.7574468085,6.6315789474,1
1115,26.0,248.0,3.8616071429,8.5517241379,0
1116,54.0,493.0,4.3357664234,6.9436619718,1
1117,20.0,163.0,4.3092105263,6.7916666667,1
1118,15.0,147.0,4.1304347826,6.6818181818,0
1119,22.0,181.0,4.0877192982,7.8695652174,1
1120,16.0,129.0,4.6050420168,6.45,1
1121,16.0,134.0,4.3801652893,7.4444444444,1
1122,16.0,144.0,3.9856115108,6.2608695652,0
1123,24.0,156.0,3.9863945578,5.2,1
1124,23.0,154.0,4.1351351351,4.4,0
1125,19.0,151.0,3.6821705426,10.0666666667,1
1126,57.0,441.0,3.8640776699,4.9,1
1127,15.0,142.0,4.2301587302,11.8333333333,1
1128,36.0,211.0,4.0157894737,6.59375,0
1129,46.0,465.0,4.421978022,7.75,1
1130,72.0,471.0,4.0465116279,5.0106382979,0
1131,43.0,389.0,4.676092545,6.4833333333,1
1132,48.0,567.0,4.5949895616,4.2954545455,1
1133,60.0,644.0,4.1207815275,4.9160305344,1
1134,83.0,553.0,3.8929889299,7.0897435897,1
1135,52.0,522.0,4.1,5.4947368421,0
1136,88.0,689.0,4.0349013657,6.3211009174,1
1137,47.0,357.0,4.5462962963,6.6111111111,0
1138,38.0,459.0,4.3133971292,4.78125,0
1139,51.0,495.0,4.1085858586,4.900990099,0
1140,117.0,620.0,4.0,8.1578947368,1
1141,52.0,420.0,4.4615384615,6.4615384615,0
1142,72.0,707.0,4.2124031008,5.3969465649,1
1143,29.0,254.0,4.3155737705,7.2571428571,1
1144,42.0,437.0,4.2987654321,5.9054054054,1
1145,62.0,459.0,4.2026726058,5.3372093023,0
1146,44.0,359.0,4.1737891738,5.8852459016,1
1147,93.0,712.0,3.7846153846,5.2352941176,1
1148,38.0,309.0,3.987012987,4.9838709677,0
1149,73.0,538.0,4.0041237113,5.6041666667,1
1150,31.0,279.0,4.2974910394,6.3409090909,1
1151,87.0,547.0,4.1395348837,5.7578947368,1
1152,72.0,388.0,4.7408536585,9.7,1
1153,48.0,567.0,4.5949895616,4.2954545455,1
1154,32.0,186.0,4.3722627737,10.9411764706,0
1155,64.0,435.0,3.5544041451,5.9589041096,1
1156,17.0,122.0,4.5245901639,4.5185185185,1
1157,60.0,429.0,3.9310344828,9.1276595745,1
1158,66.0,475.0,4.8810126582,6.0897435897,1
1159,48.0,312.0,4.1826923077,5.7777777778,1
1160,76.0,532.0,4.3846153846,6.65,1
1161,48.0,340.0,3.78,4.6575342466,0
1162,41.0,271.0,4.0290456432,7.9705882353,0
1163,78.0,382.0,3.7741046832,6.3666666667,1
1164,59.0,345.0,3.9742765273,5.4761904762,1
1165,75.0,377.0,3.9255014327,5.4637681159,1
1166,47.0,315.0,4.0247349823,6.5625,0
1167,52.0,454.0,4.0879396985,4.495049505,0
1168,42.0,249.0,3.8438818565,6.3846153846,1
1169,61.0,410.0,3.6920980926,6.40625,1
1170,33.0,247.0,3.9652173913,9.88,1
1171,29.0,216.0,4.0883977901,5.4,1
1172,52.0,411.0,4.1836734694,7.7547169811,0
1173,44.0,191.0,4.1534391534,6.5862068966,0
1174,54.0,375.0,4.3044871795,7.5,0
1175,69.0,367.0,4.2604501608,8.1555555556,0
1176,52.0,384.0,4.1217948718,7.2452830189,0
1177,48.0,402.0,3.9430894309,4.9024390244,1
1178,61.0,478.0,3.7233560091,6.9275362319,0
1179,66.0,491.0,3.4058956916,7.5538461538,1
1180,42.0,375.0,3.3891891892,75.0,0
1181,59.0,381.0,3.7420382166,10.5833333333,0
1182,54.0,370.0,3.7044776119,123.3333333333,1
1183,46.0,401.0,3.711815562,80.2,1
1184,55.0,403.0,4.2589285714,5.5205479452,0
1185,44.0,334.0,4.2971014493,6.0727272727,0
1186,76.0,652.0,3.9443478261,72.4444444444,1
1187,40.0,242.0,3.9773755656,6.3684210526,1
1188,33.0,272.0,3.6755725191,7.3513513514,0
1189,28.0,180.0,3.4761904762,7.5,0
1190,40.0,279.0,3.825203252,6.3409090909,0
1191,35.0,302.0,3.562248996,11.1851851852,0
1192,29.0,237.0,3.7196261682,5.6428571429,0
1193,84.0,793.0,3.8370786517,66.0833333333,1
1194,33.0,214.0,3.4714285714,30.5714285714,1
1195,56.0,468.0,3.7023809524,52.0,0
1196,37.0,265.0,3.5833333333,53.0,1
1197,51.0,422.0,3.8858695652,211.0,0
1198,83.0,558.0,4.4649122807,9.0,1
1199,40.0,391.0,4.0,9.3095238095,1
1200,58.0,537.0,4.1893203883,9.7636363636,1
1201,84.0,717.0,3.567961165,6.0762711864,1
1202,75.0,618.0,3.8517110266,5.7757009346,1
1203,37.0,382.0,4.3089171975,6.9454545455,1
1204,69.0,603.0,3.742,6.4838709677,1
1205,62.0,529.0,3.9686800895,6.2976190476,1
1206,75.0,580.0,4.0669456067,6.7441860465,0
1207,68.0,523.0,4.0873563218,7.9242424242,1
1208,46.0,455.0,4.1327683616,9.1,1
1209,53.0,569.0,3.7336244541,6.6162790698,1
1210,73.0,555.0,3.593625498,7.3026315789,1
1211,65.0,562.0,3.7557411273,6.7710843373,1
1212,86.0,666.0,3.8637931034,10.9180327869,1
1213,60.0,570.0,3.8149606299,5.1818181818,1
1214,41.0,370.0,3.6720779221,5.9677419355,1
1215,62.0,515.0,3.8824884793,5.3092783505,0
1216,70.0,930.0,3.5555555556,9.3939393939,1
1217,90.0,846.0,4.0443037975,13.21875,1
1218,85.0,711.0,3.6111111111,17.775,1
1219,74.0,589.0,4.1656184486,7.0119047619,1
1220,48.0,418.0,4.073015873,11.0,1
1221,104.0,745.0,3.7772727273,9.8026315789,1
1222,77.0,783.0,3.9233128834,7.3177570093,1
1223,53.0,431.0,3.8272251309,5.9861111111,1
1224,63.0,725.0,3.7279279279,6.0416666667,1
1225,97.0,600.0,3.9412955466,7.6923076923,1
1226,65.0,582.0,3.9126819127,6.5393258427,0
1227,63.0,506.0,3.9004424779,6.4050632911,0
1228,74.0,609.0,4.0651731161,7.25,1
1229,58.0,587.0,3.8212058212,8.3857142857,0
1230,59.0,652.0,3.9150579151,8.049382716,1
1231,25.0,178.0,3.9573170732,6.8461538462,1
1232,25.0,305.0,3.7107438017,5.9803921569,0
1233,56.0,617.0,3.9357277883,7.2588235294,1
1234,33.0,182.0,4.2183908046,4.9189189189,1
1235,46.0,368.0,4.1640378549,7.36,0
1236,55.0,525.0,4.1531100478,9.0517241379,1
1237,46.0,422.0,4.0876712329,6.8064516129,1
1238,62.0,632.0,4.0592459605,6.8695652174,1
1239,69.0,754.0,3.8988391376,6.7927927928,1
1240,66.0,568.0,3.8336886994,6.6046511628,1
1241,58.0,662.0,4.1337719298,14.085106383,1
1242,58.0,535.0,4.0938864629,5.35,1
1243,48.0,522.0,3.8641686183,6.8684210526,1
1244,60.0,613.0,3.7490421456,6.1919191919,1
1245,60.0,551.0,3.9587852495,6.6385542169,1
1246,65.0,788.0,3.8403225806,6.0615384615,1
1247,44.0,489.0,4.3979848866,8.5789473684,1
1248,75.0,641.0,3.8,4.9689922481,0
1249,44.0,396.0,4.0401146132,5.7391304348,1
1250,49.0,543.0,3.9794520548,10.2452830189,1
1251,89.0,708.0,3.9223300971,6.3214285714,0
1252,77.0,504.0,4.1617647059,5.8604651163,1
1253,56.0,559.0,3.7818181818,6.1428571429,1
1254,70.0,456.0,4.1475409836,5.5609756098,0
1255,44.0,499.0,3.7914691943,6.0120481928,0
1256,42.0,422.0,3.886039886,5.9436619718,0
1257,76.0,778.0,3.6641791045,5.9846153846,1
1258,84.0,653.0,4.3024574669,6.4019607843,1
1259,83.0,735.0,4.1598579041,9.8,1
1260,51.0,483.0,4.0514138817,10.2765957447,1
1261,47.0,439.0,4.064,8.2830188679,1
1262,52.0,547.0,4.0262582057,5.5252525253,1
1263,43.0,450.0,4.0613207547,6.5217391304,1
1264,59.0,602.0,4.0398406375,6.206185567,1
1265,25.0,240.0,3.1054852321,13.3333333333,0
1266,64.0,549.0,4.2358276644,7.5205479452,1
1267,50.0,350.0,4.1344262295,7.0,1
1268,60.0,576.0,3.9604166667,5.8181818182,1
1269,29.0,267.0,4.0042735043,6.0681818182,1
1270,69.0,536.0,4.5688888889,7.4444444444,1
1271,54.0,492.0,4.0145985401,6.2278481013,0
1272,75.0,778.0,3.6156462585,11.2753623188,0
1273,62.0,572.0,4.0253164557,8.2898550725,1
1274,68.0,592.0,3.8803245436,7.8933333333,1
1275,62.0,588.0,3.784,5.8217821782,1
1276,53.0,483.0,3.8571428571,6.8028169014,1
1277,59.0,462.0,3.8715365239,6.0789473684,1
1278,70.0,621.0,3.9644859813,8.8714285714,1
1279,91.0,585.0,3.8475177305,4.7177419355,1
1280,94.0,676.0,4.2828096118,8.45,1
1281,52.0,531.0,3.6571428571,6.3975903614,1
1282,47.0,512.0,4.1568123393,8.6779661017,1
1283,46.0,578.0,3.6355555556,9.9655172414,0
1284,59.0,553.0,4.0180722892,8.0144927536,1
1285,62.0,746.0,3.8581560284,10.0810810811,1
1286,68.0,665.0,3.8098859316,11.2711864407,1
1287,76.0,1002.0,3.9436241611,27.0810810811,1
1288,35.0,391.0,3.9402515723,8.1458333333,1
1289,70.0,830.0,4.1072555205,11.5277777778,1
1290,48.0,659.0,3.7719298246,12.2037037037,1
1291,31.0,334.0,3.975708502,8.7894736842,1
1292,59.0,515.0,4.0047961631,6.6883116883,1
1293,55.0,456.0,3.7632850242,7.4754098361,1
1294,62.0,577.0,3.8625498008,5.7128712871,1
1295,54.0,477.0,3.7853535354,7.2272727273,1
1296,107.0,711.0,3.8748043818,7.40625,0
1297,70.0,618.0,3.55,6.6451612903,0
1298,74.0,481.0,4.3143507973,6.7746478873,1
1299,32.0,226.0,4.098265896,37.6666666667,0
1300,65.0,708.0,3.8321299639,10.4117647059,1
1301,26.0,221.0,3.9792746114,6.5,1
1302,22.0,157.0,4.0985915493,6.28,1
1303,65.0,579.0,4.1086956522,10.7222222222,1
1304,80.0,778.0,4.1226551227,9.3734939759,1
1305,3.0,16.0,4.2857142857,8.0,0
1306,14.0,193.0,4.1479289941,7.1481481481,0
1307,6.0,34.0,4.1935483871,6.8,1
1308,88.0,841.0,3.6006006006,25.4848484848,1
1309,4.0,26.0,4.4545454545,6.5,1
1310,27.0,184.0,4.1612903226,7.36,1
1311,69.0,419.0,3.955026455,5.9857142857,1
1312,83.0,610.0,3.9156414763,6.1,1
1313,64.0,677.0,4.0927835052,6.2685185185,1
1314,67.0,733.0,3.7784615385,7.404040404,1
1315,56.0,571.0,3.8393574297,6.4886363636,1
1316,46.0,426.0,3.9417989418,5.8356164384,1
1317,83.0,698.0,3.9508196721,6.462962963,1
1318,65.0,493.0,4.1360544218,6.9436619718,1
1319,72.0,613.0,3.5189189189,9.4307692308,1
1320,44.0,507.0,3.8237885463,5.7613636364,1
1321,67.0,648.0,3.6212624585,6.6804123711,1
1322,64.0,560.0,4.0246212121,5.4368932039,1
1323,49.0,549.0,3.7729083665,6.032967033,1
1324,78.0,679.0,3.8119800333,7.5444444444,1
1325,65.0,588.0,4.1925233645,5.7087378641,1
1326,31.0,327.0,3.9166666667,6.8125,1
1327,54.0,449.0,3.5250659631,10.2045454545,1
1328,45.0,363.0,3.9644012945,7.8913043478,1
1329,72.0,641.0,3.8587360595,7.4534883721,1
1330,62.0,688.0,3.586645469,5.6859504132,1
1331,59.0,432.0,4.0173267327,5.8378378378,1
1332,48.0,419.0,4.0053908356,6.3484848485,1
1333,65.0,590.0,3.683908046,6.7816091954,1
1334,83.0,670.0,4.2577854671,6.7676767677,1
1335,40.0,387.0,3.8466076696,8.6,1
1336,68.0,520.0,3.6557017544,7.5362318841,1
1337,63.0,665.0,3.8016393443,5.8849557522,1
1338,57.0,454.0,3.9328165375,6.776119403,1
1339,36.0,360.0,4.07,9.0,1
1340,66.0,516.0,3.8905579399,6.5316455696,1
1341,44.0,434.0,3.9186351706,5.9452054795,1
1342,89.0,775.0,4.1514285714,6.5677966102,1
1343,52.0,422.0,3.8914285714,9.3777777778,1
1344,51.0,503.0,3.8727678571,6.2098765432,1
1345,64.0,599.0,3.6599552573,8.2054794521,0
1346,40.0,345.0,3.9230769231,6.5094339623,1
1347,35.0,364.0,4.1988304094,6.3859649123,1
1348,57.0,484.0,4.0505050505,10.5217391304,1
1349,58.0,504.0,4.0634573304,5.04,1
1350,47.0,437.0,3.6806282723,8.74,1
1351,42.0,396.0,3.509202454,8.25,1
1352,48.0,414.0,4.5028089888,7.3928571429,1
1353,43.0,374.0,3.8757575758,5.84375,1
1354,83.0,750.0,3.976599064,7.9787234043,1
1355,65.0,670.0,3.8063439065,7.4444444444,1
1356,47.0,459.0,3.7462686567,6.12,1
1357,59.0,530.0,3.8362068966,9.1379310345,1
1358,62.0,498.0,3.6711711712,7.2173913043,1
1359,39.0,365.0,3.8145896657,5.703125,0
1360,38.0,371.0,3.962962963,6.5087719298,1
1361,64.0,707.0,3.8316326531,7.2886597938,1
1362,44.0,430.0,3.8621621622,6.5151515152,1
1363,70.0,676.0,3.9042357274,9.0133333333,1
1364,58.0,437.0,4.2461139896,6.0694444444,1
1365,37.0,318.0,4.0205479452,7.756097561,1
1366,18.0,162.0,4.1733333333,6.2307692308,0
1367,52.0,381.0,3.9523809524,5.1486486486,1
1368,66.0,459.0,3.9534313725,6.5571428571,1
1369,33.0,243.0,3.904109589,5.7857142857,1
1370,25.0,266.0,4.0860655738,6.1860465116,1
1371,64.0,599.0,3.9482758621,6.3052631579,1
1372,85.0,542.0,3.9265658747,5.956043956,1
1373,93.0,721.0,4.0913312693,6.8666666667,1
1374,29.0,234.0,4.1933962264,6.1578947368,1
1375,72.0,555.0,4.1411042945,6.4534883721,1
1376,47.0,452.0,4.1005154639,7.1746031746,1
1377,49.0,549.0,3.7729083665,6.032967033,1
1378,24.0,185.0,3.9835164835,5.2857142857,1
1379,24.0,282.0,4.020746888,6.5581395349,1
1380,37.0,426.0,4.0396825397,6.65625,1
1381,76.0,591.0,4.1417475728,7.88,1
1382,40.0,385.0,4.0696969697,8.1914893617,1
1383,58.0,494.0,3.85995086,9.5,1
1384,62.0,585.0,3.7456896552,7.6973684211,1
1385,78.0,694.0,4.0366056572,6.1964285714,1
1386,104.0,830.0,4.074829932,5.8450704225,1
1387,60.0,452.0,3.8256658596,5.2558139535,0
1388,58.0,301.0,3.9342560554,3.8101265823,1
1389,42.0,300.0,3.9416058394,7.3170731707,1
1390,45.0,308.0,3.6975088968,7.512195122,1
1391,51.0,446.0,4.0806845966,6.7575757576,1
1392,21.0,212.0,4.4248704663,6.625,1
1393,45.0,379.0,4.2403560831,7.58,1
1394,52.0,430.0,3.9948979592,6.8253968254,1
1395,27.0,228.0,3.7488151659,5.3023255814,0
1396,74.0,594.0,3.9458483755,5.3035714286,1
1397,52.0,321.0,3.8373702422,4.9384615385,0
1398,60.0,464.0,3.8894230769,7.1384615385,1
1399,53.0,414.0,3.7752525253,6.0882352941,1
1400,93.0,839.0,3.9178617992,7.2956521739,1
1401,42.0,329.0,3.8371335505,8.225,1
1402,46.0,324.0,4.235483871,5.1428571429,1
1403,26.0,213.0,4.165,4.8409090909,0
1404,35.0,296.0,4.3370786517,5.8039215686,1
1405,52.0,327.0,4.0776397516,6.8125,1
1406,48.0,251.0,3.867219917,4.0483870968,0
1407,45.0,388.0,4.1139240506,6.4666666667,1
1408,37.0,336.0,4.0604982206,7.6363636364,1
1409,34.0,261.0,4.354679803,7.6764705882,1
1410,67.0,400.0,3.9027777778,5.3333333333,0
1411,50.0,425.0,4.125,6.25,1
1412,50.0,410.0,3.975,5.6944444444,1
1413,30.0,267.0,4.1008064516,4.45,1
1414,41.0,301.0,4.1143911439,7.525,1
1415,52.0,419.0,4.3898809524,10.475,1
1416,49.0,438.0,3.5138121547,11.8378378378,1
1417,46.0,340.0,4.0836501901,7.5555555556,1
1418,40.0,275.0,3.8825910931,5.8510638298,0
1419,73.0,526.0,3.8888888889,7.9696969697,0
1420,55.0,598.0,3.492,10.6785714286,1
1421,21.0,178.0,3.7577639752,6.3571428571,1
1422,42.0,347.0,3.9207317073,5.2575757576,0
1423,52.0,460.0,4.2860635697,6.5714285714,0
1424,79.0,708.0,4.0112179487,5.3636363636,1
1425,50.0,344.0,4.1326860841,3.5833333333,0
1426,54.0,384.0,3.9972451791,4.7407407407,0
1427,53.0,426.0,3.9299191375,9.0638297872,1
1428,62.0,579.0,3.8349705305,7.0609756098,1
1429,30.0,243.0,4.4429824561,5.0625,1
1430,47.0,488.0,3.6031331593,14.3529411765,1
1431,50.0,526.0,3.6513026052,5.6559139785,1
1432,47.0,388.0,4.0265957447,5.3888888889,1
1433,4.0,19.0,4.4736842105,2.7142857143,0
1434,42.0,425.0,4.1569230769,10.625,1
1435,51.0,398.0,3.6320224719,5.9402985075,0
1436,27.0,383.0,4.2282958199,7.5098039216,1
1437,36.0,283.0,4.1127272727,4.9649122807,0
1438,48.0,420.0,3.820668693,7.2413793103,1
1439,41.0,396.0,3.7438692098,9.0,0
1440,24.0,220.0,4.2887700535,7.3333333333,1
1441,40.0,342.0,3.8708708709,4.5,1
1442,34.0,341.0,4.0404411765,6.0892857143,1
1443,23.0,287.0,4.2524752475,9.2580645161,1
1444,36.0,398.0,3.3043478261,9.95,1
1445,45.0,410.0,4.0738461538,8.7234042553,1
1446,44.0,412.0,3.8459119497,14.2068965517,1
1447,34.0,267.0,4.1474103586,6.8461538462,0
1448,34.0,282.0,3.713740458,5.2222222222,0
1449,22.0,152.0,4.0069444444,5.4285714286,1
1450,56.0,350.0,3.8076923077,5.0,0
1451,48.0,401.0,3.8314606742,5.7285714286,1
1452,44.0,576.0,3.8189134809,6.1935483871,1
1453,32.0,234.0,4.4928909953,5.4418604651,1
1454,46.0,430.0,4.0717948718,5.6578947368,1
1455,53.0,495.0,4.1229314421,7.3880597015,1
1456,45.0,334.0,3.9273927393,7.7674418605,1
1457,38.0,273.0,3.9239543726,6.3488372093,1
1458,51.0,472.0,3.9261904762,8.2807017544,0
1459,37.0,376.0,3.9802259887,6.5964912281,0
1460,57.0,412.0,3.9565217391,4.9047619048,1
1461,46.0,342.0,3.8098360656,6.5769230769,1
1462,60.0,528.0,3.6705069124,6.6,1
1463,54.0,352.0,3.8847262248,5.8666666667,0
1464,39.0,270.0,4.3256880734,7.1052631579,0
1465,63.0,551.0,4.0322580645,5.8,0
1466,69.0,553.0,4.1996197719,5.7604166667,1
1467,30.0,162.0,4.3483870968,6.48,0
1468,49.0,363.0,3.9238754325,5.7619047619,1
1469,55.0,429.0,3.9348441926,6.6,1
1470,41.0,413.0,4.2305475504,6.8833333333,1
1471,28.0,206.0,3.9526315789,6.0588235294,0
1472,53.0,526.0,4.1776765376,6.1882352941,1
1473,41.0,407.0,4.2401129944,7.679245283,1
1474,75.0,438.0,3.9031339031,4.7096774194,0
1475,41.0,326.0,4.097972973,6.52,0
1476,52.0,349.0,3.8193146417,5.3692307692,0
1477,55.0,419.0,4.0608465608,4.19,1
1478,76.0,548.0,3.6687242798,8.9836065574,1
1479,67.0,521.0,4.1688311688,12.7073170732,1
1480,53.0,369.0,3.8067226891,4.92,1
1481,38.0,253.0,4.4425531915,5.5,1
1482,47.0,294.0,3.9718309859,5.4444444444,1
1483,37.0,286.0,3.8464419476,5.9583333333,0
1484,62.0,544.0,3.6469344609,9.0666666667,1
1485,53.0,355.0,4.3136094675,6.9607843137,0
1486,57.0,375.0,3.9497206704,7.6530612245,1
1487,54.0,394.0,4.3742331288,12.7096774194,0
1488,64.0,345.0,4.173374613,9.0789473684,0
1489,65.0,471.0,4.0241935484,7.4761904762,1
1490,44.0,395.0,4.0289017341,4.5930232558,1
1491,62.0,546.0,3.804,6.6585365854,1
1492,40.0,298.0,4.1736111111,5.4181818182,1
1493,51.0,413.0,4.1370558376,5.3636363636,1
1494,54.0,347.0,4.028125,6.8039215686,1
1495,50.0,390.0,4.1236263736,5.5714285714,0
1496,45.0,323.0,3.7756410256,5.4745762712,0
1497,72.0,553.0,3.7542016807,8.5076923077,0
1498,49.0,460.0,4.0901856764,8.679245283,1
1499,59.0,308.0,4.0530035336,4.8125,1
1500,46.0,353.0,3.8926380368,5.4307692308,1
1501,43.0,243.0,4.2706422018,6.2307692308,1
1502,69.0,351.0,3.9179810726,4.2804878049,0
1503,65.0,353.0,3.8594249201,4.5256410256,1
1504,61.0,390.0,3.8913649025,6.5,1
1505,65.0,578.0,4.1823899371,6.4943820225,1
1506,37.0,311.0,3.5,11.1071428571,1
1507,43.0,302.0,4.0555555556,7.9473684211,0
1508,56.0,311.0,3.9791666667,6.3469387755,0
1509,46.0,289.0,3.9962962963,5.3518518519,0
1510,42.0,328.0,4.1487889273,7.2888888889,0
1511,52.0,390.0,3.7834757835,7.2222222222,0
1512,26.0,131.0,4.1355932203,5.6956521739,0
1513,31.0,280.0,3.6965811966,10.3703703704,1
1514,61.0,528.0,3.70995671,9.2631578947,1
1515,76.0,477.0,3.9605263158,5.0744680851,0
1516,60.0,245.0,3.9661835749,16.3333333333,0
1517,23.0,181.0,3.7784810127,6.2413793103,0
1518,51.0,300.0,4.1780821918,7.1428571429,1
1519,34.0,271.0,3.7890295359,5.7659574468,0
1520,52.0,409.0,3.5946666667,7.8653846154,1
1521,27.0,152.0,4.2014388489,76.0,0
1522,24.0,255.0,3.963562753,9.1071428571,1
1523,75.0,390.0,4.2569659443,9.0697674419,0
1524,27.0,161.0,4.3096774194,8.9444444444,0
1525,52.0,289.0,4.0711462451,7.6052631579,0
1526,56.0,392.0,3.7973684211,4.7804878049,1
1527,45.0,355.0,3.5107142857,13.1481481481,1
1528,55.0,420.0,4.055408971,4.2,1
1529,18.0,121.0,3.7142857143,13.4444444444,0
1530,54.0,373.0,3.8144044321,4.9078947368,1
1531,46.0,219.0,5.1445086705,5.3414634146,0
1532,68.0,562.0,4.1683366733,7.3947368421,1
1533,89.0,627.0,3.7590987868,8.0384615385,0
1534,62.0,391.0,4.7583333333,6.3064516129,1
1535,79.0,606.0,3.4333958724,13.1739130435,0
1536,59.0,385.0,3.8595988539,7.2641509434,1
1537,51.0,380.0,4.0468319559,5.1351351351,0
1538,113.0,638.0,4.1463022508,6.0188679245,1
1539,56.0,435.0,4.2675324675,6.3970588235,1
1540,119.0,605.0,4.2095070423,4.918699187,1
1541,72.0,485.0,4.1230769231,7.4615384615,1
1542,46.0,247.0,4.3100436681,5.6136363636,0
1543,83.0,602.0,4.2996323529,5.679245283,1
1544,37.0,354.0,4.0598802395,8.85,1
1545,64.0,422.0,3.7777777778,6.0285714286,1
1546,1.0,6.0,8.2,0.0,0
1547,56.0,438.0,3.9861111111,8.4230769231,0
1548,60.0,491.0,4.3734939759,7.7936507937,1
1549,73.0,553.0,3.7875751503,6.743902439,1
1550,95.0,589.0,4.3575418994,9.8166666667,1
1551,41.0,428.0,3.5227882038,6.6875,1
1552,91.0,764.0,4.2839506173,5.1972789116,1
1553,46.0,293.0,4.4333333333,15.4210526316,1
1554,54.0,427.0,4.208,7.3620689655,1
1555,56.0,550.0,3.6024590164,8.0882352941,0
1556,113.0,750.0,4.4094151213,6.880733945,1
1557,51.0,531.0,3.8048780488,11.0625,0
1558,39.0,336.0,4.0879120879,6.2222222222,1
1559,60.0,442.0,4.3235294118,8.1851851852,1
1560,56.0,483.0,4.030237581,4.5566037736,0
1561,63.0,451.0,3.7404761905,11.0,1
1562,53.0,523.0,3.5280172414,8.5737704918,0
1563,57.0,504.0,4.0516853933,9.6923076923,0
1564,57.0,471.0,4.3640776699,9.612244898,0
1565,56.0,452.0,4.141509434,6.0266666667,1
1566,72.0,620.0,4.1465517241,5.3913043478,1
1567,90.0,739.0,4.1381294964,5.3941605839,1
1568,82.0,635.0,3.9319371728,8.9436619718,1
1569,55.0,473.0,4.132034632,6.1428571429,0
1570,85.0,494.0,4.114967462,6.0243902439,1
1571,69.0,488.0,4.0422535211,7.1764705882,0
1572,70.0,481.0,4.110619469,7.7580645161,0
1573,54.0,397.0,4.1170212766,5.5915492958,0
1574,35.0,314.0,4.322147651,8.7222222222,0
1575,56.0,487.0,4.5349344978,7.4923076923,1
1576,1.0,3.0,9.0,0.0,0
1577,70.0,526.0,3.65234375,6.1882352941,0
1578,64.0,405.0,4.2262210797,5.0625,1
1579,58.0,566.0,3.9963436929,7.5466666667,0
1580,68.0,478.0,4.3176470588,10.170212766,1
1581,62.0,543.0,3.7738317757,8.1044776119,1
1582,61.0,335.0,4.5825242718,9.3055555556,0
1583,41.0,324.0,4.0347003155,5.7857142857,0
1584,40.0,277.0,4.032388664,5.8936170213,0
1585,29.0,235.0,4.2995594714,7.1212121212,1
1586,43.0,359.0,4.1547619048,6.298245614,0
1587,16.0,114.0,4.32,7.125,0
1588,73.0,421.0,3.8005319149,10.2682926829,0
1589,55.0,324.0,3.858044164,8.7567567568,0
1590,40.0,251.0,4.6536796537,5.9761904762,0
1591,79.0,496.0,3.9305555556,7.6307692308,0
1592,64.0,550.0,3.7995951417,5.8510638298,1
1593,81.0,638.0,3.9080267559,5.2295081967,1
1594,40.0,243.0,3.8669527897,30.375,0
1595,67.0,575.0,3.7950963222,11.7346938776,1
1596,78.0,449.0,4.1252796421,5.1609195402,0
1597,33.0,284.0,4.2081784387,9.1612903226,1
1598,45.0,460.0,4.0434782609,6.4788732394,0
1599,50.0,468.0,3.4305555556,6.0779220779,1
1600,99.0,848.0,4.2887029289,9.2173913043,0
1601,45.0,393.0,3.9393939394,7.4150943396,0
1602,55.0,404.0,4.0556962025,6.6229508197,0
1603,31.0,239.0,4.5964125561,10.3913043478,1
1604,29.0,186.0,3.8742857143,6.2,0
1605,26.0,124.0,4.875,10.3333333333,0
1606,87.0,657.0,3.6611018364,8.3164556962,1
1607,99.0,974.0,3.8416988417,8.4695652174,1
1608,51.0,417.0,3.838961039,5.2125,1
1609,99.0,846.0,4.2887029289,9.0967741935,0
1610,14.0,110.0,4.0961538462,12.2222222222,1
1611,53.0,415.0,3.8688118812,6.5873015873,0
1612,96.0,515.0,3.9042769857,5.202020202,0
1613,30.0,194.0,4.1213872832,6.0625,0
1614,51.0,346.0,3.8513513514,6.6538461538,1
1615,36.0,251.0,4.1652542373,8.0967741935,0
1616,68.0,498.0,4.4343891403,10.5957446809,1
1617,80.0,598.0,4.1472081218,8.5428571429,1
1618,52.0,357.0,4.1193181818,7.5957446809,0
1619,69.0,649.0,3.9823717949,5.7946428571,1
1620,19.0,103.0,4.376344086,7.9230769231,1
1621,66.0,408.0,4.1622340426,7.0344827586,1
1622,66.0,489.0,4.1684901532,9.2264150943,0
1623,50.0,345.0,3.8093841642,7.6666666667,0
1624,1.0,9.0,8.25,0.0,0
1625,57.0,376.0,3.8067226891,7.3725490196,0
1626,48.0,368.0,3.9663865546,6.3448275862,1
1627,1.0,10.0,6.8888888889,0.0,0
1628,39.0,281.0,4.0836363636,4.9298245614,0
1629,41.0,288.0,4.202166065,7.5789473684,0
1630,70.0,453.0,4.2714932127,5.5243902439,1
1631,28.0,264.0,3.8893617021,5.6170212766,1
1632,63.0,492.0,4.1538461538,8.0655737705,1
1633,73.0,631.0,4.3921971253,9.7076923077,1
1634,62.0,431.0,4.3676470588,6.734375,1
1635,82.0,653.0,3.7474576271,5.6293103448,1
1636,63.0,430.0,4.0754257908,6.3235294118,1
1637,60.0,378.0,3.9259259259,6.5172413793,1
1638,71.0,476.0,4.420212766,8.8148148148,1
1639,56.0,510.0,3.9482352941,10.2,0
1640,49.0,367.0,4.2828947368,7.4897959184,1
1641,50.0,338.0,4.3551401869,7.0416666667,1
1642,38.0,328.0,3.8150684932,6.3076923077,1
1643,56.0,440.0,3.7506702413,8.0,1
1644,58.0,462.0,3.9492753623,6.0,0
1645,53.0,379.0,3.9215116279,6.4237288136,0
1646,55.0,407.0,3.7479674797,5.9852941176,0
1647,36.0,375.0,3.9662576687,7.0754716981,0
1648,53.0,256.0,4.4879032258,5.4468085106,0
1649,48.0,296.0,3.8458781362,7.2195121951,1
1650,28.0,192.0,3.9540229885,5.4857142857,1
1651,41.0,312.0,4.7901785714,7.0909090909,1
1652,46.0,377.0,4.1146131805,5.0945945946,0
1653,47.0,404.0,4.1712538226,7.2142857143,1
1654,18.0,133.0,3.9658119658,7.8235294118,1
1655,13.0,65.0,3.8412698413,5.9090909091,0
1656,88.0,664.0,4.0412844037,5.0687022901,1
1657,144.0,1188.0,3.7250821468,10.1538461538,1
1658,65.0,347.0,3.9228486647,7.5434782609,0
1659,103.0,714.0,3.9781931464,13.2222222222,1
1660,55.0,400.0,4.3166666667,7.4074074074,1
1661,188.0,1193.0,3.6958808063,12.0505050505,1
1662,134.0,775.0,3.7840909091,5.7835820896,1
1663,84.0,888.0,4.0840840841,9.8666666667,1
1664,88.0,764.0,4.2456692913,7.9583333333,1
1665,92.0,871.0,3.7659297789,8.2169811321,1
1666,53.0,419.0,3.8852040816,6.3484848485,1
1667,80.0,576.0,4.1747572816,5.4857142857,0
1668,51.0,411.0,3.9247311828,6.1343283582,0
1669,85.0,532.0,4.0486381323,6.5679012346,0
1670,60.0,541.0,3.7604651163,15.9117647059,0
1671,79.0,484.0,4.3821510297,6.3684210526,0
1672,106.0,722.0,3.76,8.0222222222,1
1673,111.0,605.0,4.1924398625,10.0833333333,1
1674,92.0,751.0,3.7829912023,7.8229166667,1
1675,82.0,708.0,4.2748447205,8.7407407407,0
1676,53.0,544.0,3.9045643154,7.661971831,0
1677,58.0,373.0,4.3005617978,5.828125,0
1678,69.0,620.0,4.1989528796,12.4,0
1679,67.0,624.0,4.0127737226,9.3134328358,1
1680,49.0,376.0,4.0082191781,4.9473684211,0
1681,57.0,420.0,4.3394255875,8.9361702128,1
1682,81.0,636.0,4.204778157,6.625,1
1683,68.0,572.0,4.0398481973,6.085106383,1
1684,90.0,507.0,3.7134146341,15.3636363636,1
1685,75.0,472.0,4.2472885033,5.9746835443,0
1686,80.0,675.0,4.090443686,13.2352941176,0
1687,97.0,724.0,3.9653092006,12.0666666667,1
1688,87.0,609.0,4.2765217391,7.25,1
1689,67.0,649.0,4.0256880734,8.1125,1
1690,89.0,635.0,4.0611854685,7.9375,1
1691,46.0,377.0,4.1536231884,8.1956521739,0
1692,60.0,724.0,3.6520376176,22.625,0
1693,50.0,655.0,3.904315197,11.6964285714,1
1694,76.0,720.0,4.3,8.6746987952,1
1695,89.0,682.0,4.1538461538,9.884057971,1
1696,92.0,723.0,4.4788961039,9.5131578947,0
1697,90.0,817.0,4.0042313117,8.3367346939,1
1698,77.0,769.0,4.0574162679,9.0470588235,1
1699,68.0,581.0,4.0967741935,6.8352941176,0
1700,46.0,450.0,4.2904761905,6.5217391304,0
1701,81.0,751.0,4.2220566319,7.6632653061,1
1702,98.0,654.0,3.9694244604,8.8378378378,1
1703,89.0,568.0,4.0669144981,6.6046511628,1
1704,92.0,692.0,4.1228956229,9.8857142857,1
1705,69.0,570.0,4.2601769912,5.7,1
1706,55.0,499.0,4.1,5.6704545455,1
1707,51.0,508.0,3.9574468085,8.7586206897,1
1708,69.0,691.0,3.8200972447,9.3378378378,0
1709,48.0,413.0,4.5758426966,8.9782608696,1
1710,65.0,790.0,3.6546644845,10.0,1
1711,79.0,709.0,3.9145907473,8.4404761905,1
1712,140.0,825.0,3.9284818068,8.5051546392,1
1713,94.0,779.0,3.6488888889,7.637254902,1
1714,74.0,585.0,4.263671875,7.8,1
1715,124.0,651.0,3.6201550388,10.6721311475,1
1716,51.0,459.0,3.9070904645,7.2857142857,0
1717,68.0,690.0,4.1590163934,5.6097560976,1
1718,83.0,696.0,3.7401812689,10.875,1
1719,46.0,386.0,4.1098901099,6.126984127,1
1720,43.0,473.0,3.976744186,6.9558823529,0
1721,128.0,1149.0,3.7548928239,10.2589285714,1
1722,83.0,738.0,3.7667638484,10.3943661972,1
1723,73.0,572.0,4.0150943396,9.8620689655,0
1724,120.0,925.0,3.8832731649,15.6779661017,1
1725,59.0,376.0,4.1657303371,6.3728813559,0
1726,64.0,660.0,4.084317032,5.7391304348,1
1727,28.0,347.0,3.9769736842,7.2291666667,1
1728,138.0,1401.0,3.986852917,10.4552238806,1
1729,87.0,592.0,3.8007590133,6.9647058824,0
1730,79.0,514.0,3.8711111111,6.8533333333,0
1731,61.0,447.0,4.1338028169,7.2096774194,0
1732,48.0,393.0,3.674863388,6.6610169492,0
1733,69.0,623.0,3.8608534323,20.0967741935,0
1734,66.0,591.0,4.1515711645,6.3548387097,1
1735,69.0,502.0,4.3231441048,7.84375,1
1736,63.0,588.0,3.9565217391,7.2592592593,1
1737,75.0,636.0,3.6144578313,9.7846153846,1
1738,57.0,486.0,3.7428571429,10.3404255319,1
1739,83.0,574.0,4.1912568306,6.8333333333,0
1740,92.0,753.0,4.3836671803,9.2962962963,1
1741,72.0,463.0,3.761589404,11.2926829268,1
1742,82.0,717.0,3.7897810219,5.2720588235,1
1743,55.0,413.0,3.9053398058,7.5090909091,1
1744,62.0,521.0,3.7983539095,9.3035714286,0
1745,100.0,618.0,4.4527687296,8.24,0
1746,72.0,552.0,3.4269005848,14.9189189189,1
1747,93.0,509.0,4.2332657201,9.7884615385,1
1748,44.0,516.0,4.1670378619,27.1578947368,1
1749,58.0,659.0,3.5667701863,8.9054054054,1
1750,89.0,443.0,3.5926829268,17.0384615385,0
1751,66.0,576.0,4.3208255159,7.7837837838,1
1752,52.0,449.0,4.1484184915,5.9078947368,1
1753,115.0,507.0,3.9289940828,6.1829268293,1
1754,52.0,451.0,4.0992907801,7.2741935484,1
1755,63.0,519.0,4.0981595092,5.7666666667,1
1756,80.0,376.0,4.0650406504,6.7142857143,1
1757,57.0,398.0,4.2801204819,7.96,0
1758,56.0,484.0,4.0502283105,6.8169014085,1
1759,71.0,619.0,4.1384615385,8.2533333333,1
1760,39.0,369.0,3.9361702128,7.6875,1
1761,30.0,405.0,3.9562682216,12.2727272727,1
1762,76.0,766.0,4.3125,7.66,1
1763,104.0,736.0,3.9640804598,9.0864197531,1
1764,77.0,523.0,4.0686070686,6.0114942529,1
1765,65.0,582.0,3.9664804469,8.1971830986,1
1766,43.0,330.0,3.5277777778,11.7857142857,1
1767,62.0,510.0,4.1507936508,5.6043956044,1
1768,61.0,543.0,3.6840077071,9.6964285714,0
1769,48.0,361.0,4.1415662651,8.5952380952,1
1770,46.0,389.0,3.7808988764,12.15625,0
1771,103.0,813.0,4.1394736842,5.8071428571,1
1772,38.0,400.0,3.8146214099,11.1111111111,0
1773,69.0,556.0,3.8027613412,8.9677419355,1
1774,70.0,638.0,3.6790540541,9.6666666667,1
1775,82.0,752.0,4.0919067215,7.1619047619,1
1776,81.0,673.0,4.3962264151,7.4777777778,1
1777,3.0,135.0,4.7777777778,27.0,0
1778,66.0,516.0,3.8673267327,6.45,1
1779,91.0,665.0,4.4098101266,6.4563106796,1
1780,49.0,510.0,3.9210526316,6.9863013699,0
1781,79.0,482.0,4.1168831169,6.7887323944,0
1782,50.0,304.0,3.650862069,60.8,1
1783,124.0,621.0,3.8928571429,10.1803278689,1
1784,63.0,469.0,4.008908686,7.564516129,1
1785,85.0,835.0,4.1697127937,10.4375,1
1786,14.0,262.0,4.2903225806,6.2380952381,0
1787,90.0,685.0,4.1447154472,11.4166666667,1
1788,55.0,371.0,3.8611111111,23.1875,0
1789,66.0,276.0,4.7352941176,7.8857142857,1
1790,23.0,113.0,4.6052631579,113.0,0
1791,15.0,98.0,4.1609195402,10.8888888889,0
1792,38.0,285.0,4.1576923077,15.0,0
1793,47.0,244.0,4.203539823,18.7692307692,0
1794,131.0,939.0,4.4169570267,7.7603305785,1
1795,28.0,278.0,4.1842105263,7.7222222222,1
1796,16.0,47.0,4.4,3.3571428571,0
1797,26.0,469.0,3.6339066339,11.1666666667,0
1798,33.0,236.0,3.9318181818,6.9411764706,0
1799,72.0,724.0,3.6022727273,12.2711864407,0
1800,36.0,703.0,3.7963246554,11.3387096774,0
1801,34.0,525.0,4.0337078652,8.3333333333,1
1802,26.0,235.0,3.7236180905,12.3684210526,1
1803,81.0,605.0,4.0290102389,8.8970588235,1
1804,104.0,533.0,4.234521576,6.2705882353,1
1805,94.0,561.0,4.2025547445,6.6785714286,0
1806,84.0,800.0,3.8204022989,8.6956521739,1
1807,79.0,748.0,4.0253968254,8.9047619048,1
1808,97.0,677.0,4.2496124031,6.637254902,1
1809,92.0,714.0,4.362170088,7.3608247423,1
1810,82.0,747.0,3.9505813953,5.7461538462,1
1811,109.0,883.0,4.1688781665,7.064,0
1812,84.0,565.0,4.2054794521,8.3088235294,1
1813,67.0,743.0,3.9614767255,8.8452380952,1
1814,84.0,704.0,4.0996784566,8.6913580247,1
1815,77.0,862.0,3.7735247209,12.1408450704,1
1816,56.0,502.0,3.9723991507,5.9761904762,0
1817,63.0,632.0,3.9075785582,8.6575342466,1
1818,63.0,689.0,3.9856630824,12.0877192982,1
1819,76.0,541.0,4.0987903226,11.5106382979,1
1820,52.0,541.0,3.8835164835,8.3230769231,1
1821,62.0,580.0,4.1765913758,7.6315789474,1
1822,86.0,778.0,3.8372434018,7.5533980583,1
1823,88.0,706.0,4.2430340557,10.8615384615,1
1824,104.0,810.0,3.8243774574,6.0902255639,1
1825,64.0,687.0,3.7862969005,6.1891891892,1
1826,57.0,608.0,3.6861598441,8.2162162162,1
1827,78.0,746.0,3.9002808989,7.1047619048,0
1828,126.0,1033.0,4.2905544148,10.5408163265,1
1829,88.0,891.0,3.6857142857,14.606557377,1
1830,56.0,600.0,3.9956709957,9.2307692308,1
1831,89.0,700.0,3.6531690141,12.5,0
1832,57.0,562.0,3.867816092,5.1559633028,1
1833,97.0,862.0,4.4376528117,6.896,1
1834,95.0,707.0,4.0906148867,6.7333333333,1
1835,84.0,722.0,4.1582952816,6.3333333333,1
1836,97.0,919.0,4.1202702703,7.4112903226,1
1837,48.0,428.0,4.0891089109,7.2542372881,1
1838,75.0,644.0,4.0486577181,7.8536585366,1
1839,82.0,649.0,4.3074433657,7.8192771084,1
1840,82.0,1007.0,3.7780612245,10.8279569892,1
1841,66.0,656.0,4.0840336134,5.512605042,1
1842,71.0,668.0,4.2233502538,6.3619047619,1
1843,45.0,453.0,4.0258215962,5.2674418605,0
1844,82.0,816.0,3.6900662252,6.9152542373,1
1845,69.0,637.0,4.1788756388,5.7387387387,1
1846,69.0,611.0,3.8513761468,6.6413043478,1
1847,93.0,833.0,3.964797914,7.5045045045,1
1848,69.0,597.0,3.8264925373,5.7961165049,0
1849,57.0,586.0,3.7954971857,5.5283018868,1
1850,86.0,724.0,4.1050295858,6.7037037037,1
1851,50.0,477.0,4.2276422764,9.1730769231,1
1852,50.0,531.0,3.5092783505,6.1034482759,1
1853,74.0,677.0,3.9381443299,10.746031746,1
1854,58.0,659.0,3.6949152542,6.7244897959,1
1855,69.0,604.0,3.786407767,6.7111111111,1
1856,78.0,554.0,4.2105263158,6.8395061728,1
1857,115.0,952.0,4.555808656,8.2782608696,1
1858,89.0,724.0,3.5881481481,7.3131313131,1
1859,77.0,672.0,4.1473136915,7.6363636364,1
1860,83.0,902.0,3.6760204082,10.25,1
1861,70.0,729.0,3.9351535836,9.8513513514,1
1862,80.0,880.0,3.7213114754,6.5185185185,1
1863,85.0,708.0,3.7319277108,5.664,1
1864,68.0,627.0,4.0259965338,7.2906976744,1
1865,104.0,1048.0,3.9365750529,8.3174603175,1
1866,82.0,659.0,4.4783362218,7.0860215054,1
1867,79.0,676.0,3.6790923825,5.3228346457,1
1868,21.0,96.0,4.2394366197,32.0,1
1869,87.0,865.0,3.7900621118,6.6030534351,1
1870,73.0,754.0,3.8951149425,6.5565217391,1
1871,73.0,689.0,3.7728085868,7.329787234,1
1872,100.0,931.0,3.5722819594,9.31,1
1873,75.0,522.0,4.1833688699,8.4193548387,0
1874,81.0,861.0,3.9082191781,8.5247524752,1
1875,65.0,583.0,4.1165644172,9.253968254,1
1876,85.0,651.0,3.9169381107,8.037037037,1
1877,101.0,877.0,3.9392764858,9.4301075269,1
1878,62.0,580.0,3.7552182163,5.5769230769,0
1879,74.0,623.0,3.7398373984,5.6126126126,1
1880,59.0,529.0,4.141350211,8.5322580645,1
1881,60.0,486.0,3.8857142857,5.170212766,0
1882,69.0,669.0,3.9019933555,8.92,1
1883,44.0,406.0,3.9222520107,8.2857142857,1
1884,69.0,671.0,3.9515050167,8.0843373494,1
1885,65.0,503.0,3.7263581489,5.3510638298,0
1886,75.0,567.0,4.2565656566,7.4605263158,1
1887,53.0,496.0,3.5631929047,5.1134020619,1
1888,108.0,857.0,4.3461538462,8.57,1
1889,65.0,714.0,3.9807383628,6.7358490566,1
1890,89.0,836.0,3.7955439056,5.8461538462,1
1891,82.0,697.0,3.8224,8.3975903614,1
1892,34.0,348.0,4.0321543408,8.2857142857,0
1893,67.0,673.0,4.1048109966,8.7402597403,1
1894,73.0,644.0,3.9661319073,7.6666666667,1
1895,79.0,809.0,3.5110192837,7.0964912281,0
1896,81.0,809.0,4.0754716981,7.931372549,1
1897,83.0,947.0,3.5639810427,6.8623188406,1
1898,76.0,719.0,3.8605015674,8.9875,1
1899,99.0,732.0,3.8057663126,6.3103448276,1
1900,64.0,686.0,3.9373881932,7.6222222222,1
1901,58.0,589.0,3.7350096712,6.6179775281,1
1902,72.0,665.0,3.6038034865,6.3333333333,0
1903,82.0,699.0,4.0759878419,6.7211538462,1
1904,64.0,477.0,3.9735099338,5.1847826087,1
1905,54.0,589.0,3.4612244898,9.0615384615,1
1906,73.0,649.0,4.0051903114,7.6352941176,1
1907,66.0,539.0,3.9731404959,10.568627451,1
1908,51.0,560.0,3.9535783366,6.0215053763,1
1909,75.0,693.0,4.1683333333,7.875,1
1910,90.0,686.0,4.143533123,6.4716981132,1
1911,66.0,537.0,3.9185803758,7.4583333333,1
1912,60.0,520.0,4.2426966292,9.8113207547,1
1913,91.0,756.0,4.2090483619,8.1290322581,1
1914,50.0,399.0,3.7666666667,6.8793103448,0
1915,93.0,756.0,4.0635400908,8.3076923077,1
1916,104.0,914.0,4.0257069409,10.6279069767,1
1917,89.0,669.0,4.1447811448,6.96875,0
1918,60.0,555.0,4.1369863014,7.4,1
1919,81.0,587.0,3.3703703704,4.8114754098,1
1920,61.0,561.0,3.7967806841,6.0322580645,0
1921,47.0,481.0,3.7087378641,6.4133333333,0
1922,77.0,601.0,4.005859375,7.1547619048,1
1923,57.0,551.0,3.9700598802,7.0641025641,1
1924,62.0,611.0,4.0211267606,4.888,1
1925,8.0,133.0,4.3223140496,6.3333333333,0
1926,56.0,464.0,4.0560538117,5.5238095238,1
1927,6.0,30.0,4.0,0.0,0
1928,66.0,628.0,4.0173611111,8.0512820513,1
1929,8.0,106.0,4.0470588235,6.2352941176,1
1930,58.0,506.0,3.697167756,10.3265306122,0
1931,64.0,589.0,3.8299817185,5.4537037037,0
1932,92.0,894.0,3.7834224599,6.2517482517,0
1933,123.0,990.0,3.7356979405,11.3793103448,1
1934,1.0,12.0,5.9,0.0,0
1935,46.0,607.0,4.2931726908,7.4938271605,1
1936,109.0,856.0,4.1654589372,7.0163934426,0
1937,51.0,428.0,4.2456647399,10.7,1
1938,58.0,513.0,4.1816239316,5.5760869565,0
1939,54.0,435.0,4.037037037,10.6097560976,0
1940,60.0,561.0,4.2800829876,8.25,1
1941,52.0,422.0,3.9923076923,8.1153846154,1
1942,83.0,844.0,3.7910447761,6.5426356589,1
1943,72.0,623.0,3.7272727273,5.9333333333,1
1944,68.0,491.0,3.7541666667,5.5168539326,0
1945,84.0,907.0,3.578125,6.5251798561,1
1946,72.0,641.0,3.5811688312,6.1047619048,1
1947,86.0,683.0,3.7481031866,5.5983606557,1
1948,70.0,646.0,4.2341880342,6.1523809524,1
1949,46.0,518.0,3.5439330544,5.7555555556,1
1950,45.0,359.0,3.8436578171,6.6481481481,0
1951,96.0,1021.0,3.7478684531,8.6525423729,0
1952,70.0,589.0,3.8026070764,7.2716049383,0
1953,97.0,956.0,3.8477508651,6.1282051282,1
1954,81.0,690.0,3.6848184818,7.1134020619,0
1955,11.0,437.0,4.1275,5.0229885057,0
1956,73.0,691.0,3.9483870968,8.6375,1
1957,89.0,763.0,3.9049773756,5.8692307692,1
1958,50.0,522.0,4.1552795031,5.8,1
1959,91.0,903.0,4.2171779141,21.0,1
1960,90.0,722.0,3.8824427481,4.8456375839,1
1961,40.0,480.0,3.7412587413,6.4,1
1962,89.0,819.0,4.3574408901,12.4090909091,1
1963,29.0,306.0,4.187755102,8.0526315789,0
1964,80.0,674.0,4.2,7.4888888889,0
1965,37.0,404.0,4.0712166172,8.9777777778,1
1966,72.0,658.0,3.5129533679,5.9818181818,1
1967,77.0,646.0,4.1775147929,8.075,1
1968,1.0,283.0,4.1654676259,6.152173913,0
1969,7.0,386.0,3.9733333333,5.1466666667,0
1970,7.0,250.0,3.7659574468,6.9444444444,0
1971,80.0,679.0,3.3491525424,6.79,0
1972,84.0,785.0,3.5966942149,12.868852459,1
1973,82.0,672.0,4.55,10.0298507463,0
1974,14.0,301.0,3.916967509,5.1896551724,0
1975,3.0,446.0,4.1607565012,6.5588235294,0
1976,9.0,358.0,4.7172619048,6.2807017544,0
1977,10.0,349.0,4.2902208202,7.2708333333,1
1978,6.0,317.0,3.8810289389,4.953125,0
1979,10.0,349.0,4.5429447853,5.9152542373,1
1980,21.0,305.0,4.1892857143,6.1,0
1981,69.0,698.0,3.6547842402,11.0793650794,1
1982,8.0,12.0,3.3333333333,0.0,0
1983,51.0,422.0,3.6593406593,6.2985074627,1
1984,48.0,359.0,3.6280487805,6.0847457627,0
1985,63.0,351.0,3.9605263158,7.1632653061,1
1986,76.0,560.0,4.3501048218,5.0909090909,1
1987,87.0,942.0,4.0012135922,6.28,1
1988,95.0,932.0,3.8963051251,7.28125,1
1989,88.0,684.0,4.2862318841,6.1071428571,1
1990,83.0,768.0,4.0192837466,6.7368421053,1
1991,85.0,777.0,3.9702549575,7.261682243,1
1992,69.0,476.0,3.7960526316,5.1182795699,1
1993,114.0,759.0,4.0184921764,5.5401459854,1
1994,110.0,956.0,4.5210280374,5.5260115607,1
1995,99.0,749.0,4.1899852725,5.6742424242,1
1996,262.0,1900.0,4.0717703349,6.2091503268,1
1997,78.0,439.0,4.269047619,6.859375,1
1998,75.0,657.0,4.088,7.3,1
1999,118.0,1124.0,4.0190571715,6.8536585366,1
2000,84.0,754.0,4.0084507042,6.6725663717,1
2001,56.0,485.0,3.819843342,7.578125,0
2002,74.0,639.0,3.9790874525,6.39,1
2003,73.0,487.0,4.3695150115,5.7294117647,1
2004,88.0,731.0,4.0551301685,7.0288461538,1
2005,41.0,300.0,4.2209737828,6.976744186,0
2006,72.0,567.0,4.125,5.3490566038,1
2007,197.0,1752.0,4.0716550412,6.0833333333,1
2008,53.0,470.0,4.074742268,7.4603174603,1
2009,99.0,769.0,4.1449067432,7.7676767677,0
2010,110.0,759.0,4.057591623,13.5535714286,0
2011,95.0,873.0,4.4383561644,7.0403225806,0
2012,80.0,657.0,3.8209982788,5.5677966102,1
2013,99.0,855.0,4.0962962963,5.2134146341,1
2014,87.0,729.0,4.4311774461,8.8902439024,1
2015,78.0,789.0,4.2555865922,6.6302521008,1
2016,117.0,1003.0,3.8806888069,7.2158273381,1
2017,64.0,578.0,4.106029106,7.6052631579,1
2018,81.0,730.0,4.1356466877,5.703125,0
2019,77.0,659.0,3.934973638,7.6627906977,1
2020,66.0,476.0,4.4295774648,6.4324324324,0
2021,89.0,814.0,3.9874301676,7.1403508772,1
2022,146.0,992.0,3.9501779359,6.1234567901,1
2023,128.0,1033.0,4.1892744479,6.5379746835,1
2024,89.0,687.0,4.2917316693,5.3255813953,0
2025,91.0,746.0,4.1664190193,6.7818181818,1
2026,110.0,858.0,4.5316455696,8.58,1
2027,69.0,580.0,4.2236598891,5.7425742574,1
2028,118.0,959.0,3.8121761658,6.6597222222,1
2029,24.0,186.0,4.6627906977,9.3,1
2030,52.0,419.0,4.7270114943,8.7291666667,1
2031,83.0,654.0,4.0143626571,7.8795180723,1
2032,163.0,1068.0,3.9582463466,5.4489795918,1
2033,106.0,838.0,3.9633986928,5.6241610738,0
2034,83.0,711.0,4.2737341772,6.0254237288,1
2035,77.0,653.0,4.1196428571,5.8828828829,1
2036,84.0,834.0,3.8204134367,6.515625,1
2037,41.0,343.0,4.018404908,5.9137931034,0
2038,78.0,553.0,4.3555093555,6.3563218391,1
2039,44.0,434.0,4.0422163588,6.2898550725,0
2040,106.0,803.0,4.2912332838,7.7211538462,1
2041,69.0,560.0,4.229601518,5.8333333333,1
2042,50.0,449.0,4.345177665,12.1351351351,1
2043,89.0,703.0,4.133640553,5.624,1
2044,117.0,758.0,3.9058663029,5.3006993007,1
2045,57.0,544.0,4.1069767442,7.1578947368,1
2046,51.0,519.0,4.1686460808,8.3709677419,1
2047,92.0,853.0,3.9249692497,6.9349593496,1
2048,70.0,555.0,4.1303370787,7.1153846154,1
2049,71.0,545.0,4.0373443983,3.9492753623,1
2050,59.0,336.0,4.1772575251,7.0,0
2051,70.0,718.0,3.6917057903,5.1654676259,0
2052,83.0,757.0,4.2797619048,6.3083333333,1
2053,80.0,638.0,3.8392226148,5.452991453,0
2054,68.0,670.0,3.881443299,6.7676767677,0
2055,66.0,509.0,4.1872340426,4.6697247706,1
2056,101.0,698.0,3.9952305246,6.8431372549,1
2057,118.0,919.0,4.0455665025,6.5177304965,1
2058,66.0,601.0,4.1489757914,6.6043956044,1
2059,84.0,568.0,4.262605042,6.6823529412,0
2060,82.0,695.0,4.0719874804,6.8137254902,1
2061,65.0,592.0,4.107505071,9.5483870968,1
2062,69.0,597.0,3.8959854015,5.0168067227,1
2063,60.0,379.0,4.4281524927,4.7375,1
2064,75.0,684.0,3.9496062992,6.0530973451,1
2065,61.0,575.0,3.9755011136,6.8452380952,1
2066,76.0,623.0,3.8581952118,4.3566433566,0
2067,89.0,652.0,4.1387478849,5.4789915966,1
2068,47.0,418.0,3.7514619883,6.4307692308,1
2069,92.0,619.0,4.3716337522,5.7314814815,1
2070,121.0,849.0,3.6714285714,5.0838323353,1
2071,128.0,740.0,3.7178217822,6.3793103448,0
2072,79.0,698.0,4.015625,6.1769911504,1
2073,108.0,579.0,4.1869747899,8.1549295775,1
2074,75.0,574.0,4.103646833,6.1720430108,1
2075,51.0,336.0,4.0849673203,7.0,1
2076,48.0,381.0,3.7515337423,6.1451612903,1
2077,51.0,346.0,3.779264214,9.3513513514,0
2078,78.0,738.0,4.2454545455,8.2921348315,1
2079,66.0,684.0,3.4332129964,5.472,1
2080,42.0,366.0,4.2293577982,6.0,0
2081,88.0,745.0,4.2744186047,8.097826087,1
2082,102.0,633.0,4.1568965517,4.9842519685,1
2083,78.0,655.0,3.6081560284,6.9680851064,1
2084,76.0,596.0,3.9191729323,4.4812030075,0
2085,49.0,457.0,4.2945368171,5.1931818182,0
2086,65.0,520.0,4.1529411765,7.6470588235,1
2087,98.0,776.0,3.9580318379,8.2553191489,1
2088,63.0,465.0,4.1745283019,5.8125,1
2089,60.0,523.0,4.2060606061,6.5375,1
2090,85.0,762.0,4.1065830721,6.9908256881,1
2091,129.0,960.0,4.1239669421,5.4857142857,1
2092,55.0,395.0,4.4858934169,6.4754098361,1
2093,61.0,517.0,4.2401656315,8.9137931034,1
2094,145.0,1058.0,4.3336713996,6.4121212121,1
2095,60.0,549.0,4.2444444444,5.3300970874,1
2096,104.0,766.0,4.0484764543,6.2276422764,0
2097,78.0,684.0,4.191011236,6.9090909091,1
2098,54.0,309.0,4.0983050847,4.828125,0
2099,103.0,724.0,4.2217391304,5.2463768116,0
2100,110.0,884.0,4.4082914573,6.5481481481,1
2101,45.0,250.0,4.3025210084,5.8139534884,0
2102,73.0,535.0,3.9561752988,6.1494252874,1
2103,131.0,945.0,4.1801596351,4.8711340206,1
2104,82.0,603.0,4.0135658915,6.414893617,1
2105,77.0,454.0,4.2344632768,6.3943661972,1
2106,48.0,405.0,3.7790368272,6.0447761194,0
2107,58.0,437.0,4.1210653753,5.8266666667,0
2108,86.0,631.0,4.2238267148,7.3372093023,1
2109,80.0,482.0,3.7888888889,7.303030303,1
2110,80.0,648.0,4.1905660377,7.8072289157,0
2111,90.0,559.0,4.2774566474,5.3238095238,0
2112,74.0,581.0,3.5970425139,3.9523809524,0
2113,82.0,694.0,3.9781931464,6.8039215686,1
2114,100.0,817.0,4.6832116788,10.0864197531,1
2115,84.0,580.0,4.0618955513,5.8585858586,1
2116,56.0,386.0,4.1117318436,8.976744186,1
2117,74.0,430.0,4.270718232,5.8904109589,1
2118,73.0,601.0,4.11942959,5.1810344828,0
2119,87.0,806.0,4.4186046512,4.9146341463,0
2120,61.0,418.0,4.5144508671,5.9714285714,1
2121,58.0,526.0,4.0964125561,5.6559139785,1
2122,113.0,568.0,4.3482142857,5.7373737374,1
2123,65.0,514.0,4.0348583878,6.5063291139,1
2124,88.0,713.0,3.9757207891,6.9223300971,1
2125,83.0,1350.0,4.4840379638,7.5418994413,1
2126,54.0,370.0,4.0388059701,5.2857142857,1
2127,82.0,809.0,3.935302391,6.5241935484,1
2128,84.0,652.0,3.9760273973,6.7916666667,1
2129,124.0,715.0,4.3877887789,4.897260274,1
2130,62.0,532.0,4.1655011655,7.4929577465,1
2131,87.0,682.0,4.3384879725,5.2461538462,1
2132,85.0,783.0,3.8398268398,8.5108695652,1
2133,79.0,530.0,4.3044397463,6.0227272727,1
2134,103.0,809.0,4.2863128492,8.2551020408,1
2135,163.0,1078.0,4.1330645161,5.2330097087,1
2136,66.0,456.0,4.5209876543,4.9565217391,0
2137,105.0,737.0,4.005952381,5.6259541985,1
2138,86.0,557.0,4.3930635838,6.0543478261,1
2139,64.0,425.0,4.0136239782,8.0188679245,1
2140,78.0,665.0,4.0566371681,5.8333333333,1
2141,51.0,434.0,4.1145038168,6.1126760563,1
2142,95.0,535.0,3.74375,4.1153846154,1
2143,86.0,581.0,4.3659889094,7.5454545455,1
2144,36.0,357.0,3.9647887324,7.2857142857,1
2145,89.0,643.0,3.935483871,5.8454545455,1
2146,82.0,701.0,4.0454545455,7.01,0
2147,84.0,600.0,4.1570247934,5.9405940594,1
2148,83.0,614.0,4.3452157598,4.7230769231,1
2149,83.0,616.0,4.5617760618,10.8070175439,0
2150,93.0,729.0,4.0278592375,3.8571428571,1
2151,77.0,527.0,4.2782608696,7.75,1
2152,87.0,653.0,3.963022508,5.3524590164,1
2153,82.0,525.0,4.3154506438,5.7692307692,0
2154,63.0,483.0,3.4895591647,4.5566037736,0
2155,79.0,684.0,3.8905228758,7.7727272727,1
2156,90.0,525.0,4.3353413655,7.5,1
2157,75.0,659.0,3.9342560554,6.2169811321,1
2158,68.0,295.0,3.7370242215,6.7045454545,1
2159,64.0,524.0,3.8980477223,5.7582417582,1
2160,45.0,320.0,4.2831541219,6.5306122449,0
2161,76.0,527.0,3.7255717256,7.9848484848,1
2162,68.0,558.0,4.121031746,6.0,0
2163,86.0,357.0,4.3015384615,8.925,1
2164,77.0,610.0,4.1474480151,6.0396039604,1
2165,67.0,449.0,4.2416452442,5.2823529412,1
2166,134.0,955.0,3.9923076923,11.6463414634,1
2167,91.0,658.0,4.0081433225,6.4509803922,1
2168,90.0,823.0,3.8901903367,10.6883116883,0
2169,60.0,338.0,3.9099378882,7.0416666667,0
2170,49.0,375.0,4.1773700306,4.8701298701,0
2171,65.0,378.0,4.3469387755,5.90625,1
2172,54.0,482.0,4.0480769231,6.6944444444,1
2173,129.0,808.0,3.875476493,5.7714285714,0
2174,66.0,936.0,3.9856630824,7.3700787402,1
2175,56.0,597.0,3.7931034483,10.1186440678,1
2176,76.0,768.0,3.8106508876,5.1891891892,1
2177,86.0,500.0,3.7768421053,8.4745762712,1
2178,54.0,397.0,4.6885714286,8.8222222222,1
2179,72.0,596.0,4.1641791045,6.7727272727,1
2180,81.0,768.0,4.1242774566,5.9076923077,1
2181,89.0,601.0,4.0395480226,7.0705882353,1
2182,60.0,463.0,4.1195121951,5.7160493827,1
2183,43.0,316.0,4.22406639,9.0285714286,1
2184,56.0,400.0,4.0196629213,8.1632653061,1
2185,83.0,727.0,4.0634390651,7.198019802,1
2186,76.0,512.0,3.8475991649,5.5053763441,1
2187,81.0,605.0,4.2419354839,8.1756756757,0
2188,102.0,808.0,3.9945205479,6.6776859504,1
2189,46.0,322.0,4.35,5.5517241379,0
2190,75.0,542.0,3.967611336,8.8852459016,0
2191,65.0,509.0,3.90625,6.2839506173,1
2192,59.0,447.0,3.8870588235,4.9120879121,1
2193,50.0,351.0,4.8680555556,12.1034482759,1
2194,95.0,502.0,3.8363636364,10.9130434783,1
2195,84.0,567.0,4.3815789474,7.56,1
2196,61.0,487.0,3.9976635514,5.5977011494,0
2197,164.0,1245.0,3.8682692308,14.6470588235,1
2198,51.0,343.0,4.2825396825,5.4444444444,0
2199,84.0,632.0,4.2161654135,4.6814814815,1
2200,94.0,677.0,3.671009772,5.373015873,0
2201,76.0,504.0,4.3347457627,6.1463414634,1
2202,101.0,809.0,3.8514115899,7.4907407407,1
2203,80.0,588.0,3.8247191011,7.5384615385,0
2204,77.0,543.0,3.7557894737,9.05,1
2205,86.0,535.0,4.2433537832,6.858974359,1
2206,88.0,668.0,3.518459069,7.6781609195,1
2207,88.0,912.0,4.1221910112,8.3669724771,1
2208,78.0,621.0,4.3924731183,5.9142857143,1
2209,77.0,604.0,4.0443686007,5.8640776699,1
2210,66.0,423.0,4.3858267717,9.6136363636,1
2211,45.0,346.0,4.2402597403,9.8857142857,0
2212,91.0,640.0,3.9291736931,6.9565217391,1
2213,56.0,447.0,4.1286089239,6.5735294118,1
2214,60.0,543.0,3.9936034115,5.2211538462,1
2215,1.0,6.0,7.0,0.0,0
2216,61.0,491.0,4.2091346154,5.8452380952,1
2217,20.0,252.0,4.308411215,7.0,1
2218,64.0,551.0,4.2968421053,6.9746835443,1
2219,80.0,504.0,4.3283261803,4.7102803738,1
2220,84.0,379.0,4.4084084084,7.0185185185,1
2221,78.0,607.0,4.3193116635,9.7903225806,1
2222,139.0,1198.0,4.1493383743,6.9651162791,1
2223,47.0,215.0,4.1479591837,4.7777777778,1
2224,68.0,478.0,3.8666666667,4.9278350515,0
2225,60.0,476.0,4.2611764706,7.0,0
2226,87.0,678.0,4.2059308072,10.59375,1
2227,55.0,405.0,4.3055555556,5.9558823529,1
2228,72.0,654.0,3.8966666667,7.2666666667,1
2229,71.0,609.0,4.0747330961,5.8557692308,1
2230,55.0,452.0,4.2754820937,7.4098360656,1
2231,20.0,178.0,3.8666666667,6.1379310345,1
2232,24.0,200.0,4.3956043956,6.8965517241,0
2233,71.0,564.0,3.6554934823,6.4090909091,1
2234,41.0,349.0,4.1245791246,5.9152542373,1
2235,52.0,391.0,3.9295774648,6.3064516129,1
2236,28.0,205.0,4.2417582418,7.3214285714,0
2237,61.0,559.0,4.0228832952,6.5764705882,1
2238,64.0,538.0,3.7261410788,6.725,1
2239,66.0,504.0,4.0949227373,7.0985915493,0
2240,64.0,521.0,4.4113636364,8.2698412698,1
2241,42.0,331.0,4.103343465,5.9107142857,1
2242,72.0,543.0,4.0556701031,6.1704545455,1
2243,11.0,213.0,4.5187165775,10.1428571429,0
2244,56.0,404.0,4.1408045977,8.9777777778,1
2245,25.0,163.0,4.3455882353,5.8214285714,1
2246,57.0,415.0,4.3479381443,7.2807017544,1
2247,128.0,1069.0,4.1266094421,7.1744966443,1
2248,63.0,583.0,3.9325626204,7.5714285714,1
2249,46.0,330.0,4.0327868852,5.8928571429,1
2250,56.0,581.0,4.0877862595,5.9285714286,1
2251,12.0,46.0,3.5853658537,11.5,0
2252,54.0,382.0,3.809375,14.1481481481,1
2253,42.0,359.0,4.04778157,7.6382978723,1
2254,37.0,307.0,4.4597701149,7.3095238095,0
2255,47.0,436.0,4.0982367758,6.4117647059,1
2256,52.0,419.0,4.7270114943,8.7291666667,1
2257,40.0,308.0,3.8953068592,7.512195122,0
2258,64.0,487.0,4.0997830803,6.0875,0
2259,46.0,322.0,4.35,5.5517241379,0
2260,57.0,445.0,4.0612244898,5.7051282051,0
2261,64.0,485.0,3.965738758,6.2987012987,0
2262,46.0,434.0,3.3508353222,11.1282051282,0
2263,59.0,430.0,3.330952381,13.0303030303,0
2264,60.0,448.0,3.6587677725,6.0540540541,1
2265,69.0,732.0,3.96105919,7.1764705882,1
2266,78.0,678.0,4.1624605678,7.5333333333,1
2267,90.0,955.0,3.9751693002,5.8950617284,1
2268,73.0,695.0,4.255850234,6.2612612613,1
2269,64.0,434.0,4.429245283,4.297029703,0
2270,100.0,1186.0,3.9258400927,12.2268041237,1
2271,64.0,643.0,4.0523560209,7.5647058824,1
2272,59.0,469.0,3.9910514541,5.6506024096,0
2273,68.0,742.0,3.5164179104,13.4909090909,1
2274,40.0,421.0,3.8091603053,7.0166666667,0
2275,76.0,765.0,3.9301310044,5.9302325581,1
2276,100.0,855.0,3.8366412214,9.3956043956,0
2277,82.0,801.0,4.0528846154,8.1734693878,1
2278,53.0,461.0,4.0862470862,4.8526315789,0
2279,55.0,496.0,4.0172413793,7.2941176471,1
2280,50.0,384.0,3.8724035608,5.9076923077,0
2281,72.0,548.0,4.0203703704,5.1214953271,0
2282,58.0,413.0,3.5714285714,16.52,0
2283,49.0,357.0,4.1507692308,6.6111111111,0
2284,55.0,528.0,3.5580448065,5.7391304348,0
2285,73.0,606.0,4.0208333333,5.6635514019,1
2286,61.0,497.0,3.9802631579,6.2125,0
2287,76.0,639.0,3.6488673139,11.0172413793,1
2288,73.0,525.0,4.35,5.46875,1
2289,56.0,544.0,4.0386965377,7.1578947368,1
2290,69.0,553.0,4.0483870968,6.743902439,1
2291,83.0,680.0,3.9177419355,6.3551401869,1
2292,67.0,565.0,3.7265917603,11.3,1
2293,61.0,503.0,4.1893004115,5.5888888889,0
2294,77.0,646.0,3.5912052117,9.3623188406,0
2295,94.0,572.0,4.0157170923,8.6666666667,0
2296,79.0,658.0,4.0169491525,5.7217391304,1
2297,59.0,554.0,4.1276190476,5.54,0
2298,105.0,899.0,4.0050955414,7.25,1
2299,77.0,522.0,4.3294117647,5.22,0
2300,62.0,605.0,4.1793478261,6.4361702128,0
2301,61.0,542.0,3.95703125,5.8913043478,0
2302,58.0,418.0,4.0551181102,5.225,1
2303,32.0,295.0,4.1439114391,6.0204081633,0
2304,49.0,487.0,4.2826603325,7.9836065574,0
2305,60.0,640.0,4.0837887067,6.213592233,0
2306,55.0,534.0,4.08,6.5925925926,1
2307,56.0,341.0,3.65625,6.82,0
2308,45.0,433.0,3.905511811,5.2168674699,0
2309,69.0,521.0,4.1041257367,5.0582524272,0
2310,62.0,438.0,3.9582366589,7.5517241379,0
2311,70.0,507.0,3.548582996,16.3548387097,0
2312,108.0,931.0,3.7414187643,11.3536585366,1
2313,44.0,412.0,3.8282548476,8.0784313725,0
2314,55.0,425.0,4.1343283582,5.9027777778,0
2315,44.0,421.0,4.2994791667,5.2625,0
2316,72.0,514.0,4.2162740899,6.9459459459,0
2317,111.0,945.0,3.6403887689,9.2647058824,0
2318,49.0,426.0,3.876344086,6.7619047619,1
2319,76.0,522.0,4.061023622,5.8,1
2320,48.0,459.0,4.0186915888,4.6836734694,0
2321,52.0,367.0,4.1724137931,6.0163934426,0
2322,52.0,495.0,3.8840262582,7.6153846154,0
2323,70.0,551.0,3.9541832669,7.6527777778,0
2324,78.0,691.0,3.3967065868,9.3378378378,0
2325,12.0,115.0,4.3636363636,5.75,0
2326,102.0,807.0,3.9232769831,7.0173913043,1
2327,47.0,658.0,3.8718381113,22.6896551724,0
2328,68.0,513.0,3.3908730159,9.8653846154,0
2329,52.0,503.0,4.1808035714,7.5074626866,1
2330,65.0,516.0,3.4814814815,6.1428571429,1
2331,93.0,768.0,3.9430769231,9.3658536585,1
2332,56.0,539.0,4.2111553785,6.0561797753,1
2333,62.0,556.0,4.1215686275,5.6161616162,0
2334,83.0,582.0,4.1009345794,5.5961538462,1
2335,43.0,397.0,3.9844155844,5.8382352941,0
2336,61.0,424.0,4.237244898,8.48,0
2337,92.0,969.0,3.4897518878,10.3085106383,1
2338,54.0,559.0,4.2105263158,6.0107526882,1
2339,52.0,598.0,4.0561797753,6.2291666667,1
2340,51.0,509.0,4.1928721174,6.0595238095,1
2341,49.0,464.0,3.864608076,6.8235294118,0
2342,89.0,656.0,4.0501567398,5.2063492063,1
2343,73.0,560.0,4.0962962963,6.0215053763,0
2344,105.0,591.0,3.495697074,11.3653846154,0
2345,65.0,429.0,4.1457286432,5.9583333333,0
2346,60.0,465.0,4.2635135135,5.0,1
2347,79.0,773.0,4.0252996005,6.4416666667,1
2348,51.0,483.0,3.922907489,5.4269662921,0
2349,55.0,386.0,3.5576923077,11.696969697,0
2350,73.0,514.0,3.9159663866,5.7752808989,1
2351,43.0,357.0,4.0548780488,6.375,0
2352,73.0,688.0,3.8742138365,12.7407407407,0
2353,33.0,293.0,3.8556338028,12.2083333333,0
2354,53.0,476.0,3.5995670996,31.7333333333,0
2355,60.0,542.0,3.7008196721,22.5833333333,1
2356,63.0,489.0,4.1905781585,5.3736263736,1
2357,85.0,584.0,3.8316151203,8.1111111111,0
2358,63.0,453.0,3.8515081206,5.0333333333,0
2359,68.0,583.0,4.169550173,6.625,1
2360,14.0,546.0,3.5168539326,8.9508196721,0
2361,13.0,456.0,3.649382716,19.8260869565,0
2362,63.0,628.0,3.8965517241,8.4864864865,1
2363,61.0,519.0,3.9958158996,5.3505154639,0
2364,62.0,533.0,4.2205029014,5.5520833333,0
2365,53.0,354.0,3.7516778523,9.0769230769,0
2366,26.0,307.0,3.4505119454,12.28,0
2367,53.0,374.0,4.4281524927,6.5614035088,1
2368,53.0,333.0,3.2681388013,10.40625,0
2369,48.0,360.0,3.423880597,8.7804878049,0
2370,70.0,591.0,4.0910683012,6.4945054945,1
2371,58.0,549.0,4.1078998073,5.2285714286,1
2372,50.0,335.0,4.1359223301,5.4918032787,0
2373,59.0,417.0,4.0078534031,5.8732394366,0
2374,42.0,470.0,3.9549763033,7.8333333333,1
2375,84.0,615.0,4.3769363167,5.347826087,1
2376,61.0,606.0,3.6437389771,11.8823529412,0
2377,55.0,415.0,4.4419753086,6.0144927536,1
2378,41.0,390.0,4.1689750693,5.4166666667,1
2379,46.0,560.0,3.8275229358,8.0,1
2380,90.0,534.0,4.0692307692,8.7540983607,1
2381,36.0,270.0,4.2967479675,6.2790697674,0
2382,83.0,651.0,3.8234375,15.5,0
2383,75.0,628.0,4.259965338,5.7090909091,1
2384,109.0,670.0,3.9305555556,7.8823529412,0
2385,66.0,574.0,4.2740740741,6.1063829787,1
2386,74.0,462.0,4.0759803922,7.8305084746,0
2387,52.0,473.0,4.2766884532,5.1978021978,1
2388,41.0,402.0,3.4987341772,13.8620689655,0
2389,83.0,799.0,3.9336158192,6.7711864407,1
2390,46.0,402.0,3.7694300518,4.6206896552,0
2391,21.0,200.0,4.3977900552,7.4074074074,0
2392,22.0,191.0,3.9438202247,11.2352941176,1
2393,44.0,402.0,3.9393063584,7.1785714286,0
2394,65.0,546.0,4.2494969819,7.28,1
2395,54.0,472.0,4.1867612293,6.4657534247,1
2396,17.0,144.0,4.3521126761,6.0,0
2397,62.0,669.0,3.9413735343,6.027027027,0
2398,55.0,505.0,3.9078651685,5.8045977011,1
2399,50.0,519.0,3.9933774834,7.7462686567,1
2400,204.0,1759.0,3.9260780287,7.2386831276,1
2401,75.0,408.0,3.8481675393,5.5890410959,0
2402,88.0,741.0,4.1656050955,4.94,1
2403,103.0,680.0,4.0407523511,5.8620689655,1
2404,97.0,680.0,3.9314641745,3.9306358382,1
2405,72.0,547.0,3.8170974155,3.9071428571,1
2406,88.0,575.0,3.8330275229,5.6930693069,1
2407,108.0,1044.0,4.0943005181,6.525,1
2408,100.0,853.0,4.3888888889,6.1811594203,1
2409,33.0,236.0,5.7738693467,6.7428571429,0
2410,38.0,329.0,4.4757281553,6.58,0
2411,32.0,312.0,3.9706840391,6.0,0
2412,64.0,638.0,4.1241258741,6.5773195876,1
2413,61.0,548.0,4.1533980583,6.1573033708,0
2414,67.0,511.0,3.9361277445,5.6777777778,1
2415,70.0,693.0,3.980861244,5.6341463415,1
2416,106.0,994.0,4.1238839286,7.6461538462,1
2417,62.0,540.0,3.8861788618,6.2068965517,0
2418,50.0,503.0,4.0186335404,6.9861111111,1
2419,87.0,594.0,3.832412523,5.1206896552,0
2420,76.0,729.0,3.8774928775,6.3947368421,1
2421,69.0,687.0,3.9201277955,9.676056338,1
2422,47.0,473.0,3.7380410023,6.9558823529,1
2423,58.0,497.0,3.7960088692,5.6477272727,0
2424,81.0,604.0,3.9156626506,5.5925925926,0
2425,79.0,697.0,3.9086757991,6.6380952381,1
2426,94.0,660.0,3.8547297297,7.5,1
2427,77.0,613.0,3.9184397163,5.7830188679,1
2428,24.0,149.0,5.3534482759,7.8421052632,1
2429,57.0,559.0,3.8683693517,5.5346534653,0
2430,51.0,505.0,4.0997830803,6.8243243243,1
2431,60.0,512.0,3.6139240506,6.1686746988,1
2432,57.0,454.0,4.3689095128,5.4047619048,1
2433,62.0,516.0,3.88794926,5.2653061224,1
2434,74.0,698.0,3.8679549114,6.523364486,1
2435,67.0,585.0,3.883424408,7.1341463415,1
2436,32.0,314.0,4.0209059233,5.6071428571,1
2437,55.0,581.0,3.7660377358,6.1808510638,1
2438,70.0,538.0,4.2763915547,6.4047619048,0
2439,62.0,563.0,4.2286902287,7.3116883117,0
2440,52.0,444.0,4.3853658537,6.9375,1
2441,70.0,700.0,3.9753466872,7.0,1
2442,63.0,504.0,3.8991416309,5.4193548387,1
2443,84.0,712.0,3.6355140187,7.9111111111,1
2444,66.0,607.0,4.1132075472,6.7444444444,0
2445,56.0,542.0,3.8235294118,5.956043956,1
2446,45.0,422.0,3.8151260504,10.8205128205,1
2447,55.0,465.0,3.7746835443,5.2840909091,0
2448,64.0,525.0,3.5360169492,7.0945945946,0
2449,55.0,500.0,4.0630841121,6.9444444444,1
2450,77.0,594.0,3.8351851852,6.0,1
2451,137.0,1256.0,4.0983463882,7.1363636364,1
2452,63.0,519.0,3.8411764706,6.5696202532,0
2453,93.0,898.0,3.845323741,5.1022727273,1
2454,66.0,577.0,3.772556391,7.5921052632,1
2455,30.0,278.0,3.9813432836,5.1481481481,1
2456,78.0,712.0,4.25,6.0338983051,1
2457,70.0,647.0,3.9117117117,8.7432432432,1
2458,66.0,592.0,4.0883458647,5.8613861386,0
2459,75.0,627.0,4.056122449,4.7142857143,1
2460,73.0,578.0,4.1101083032,5.78,1
2461,77.0,509.0,4.2554112554,6.9726027397,1
2462,63.0,580.0,4.3745098039,6.5909090909,1
2463,98.0,798.0,4.4768310912,5.25,1
2464,68.0,766.0,3.6692426584,5.8473282443,0
2465,47.0,324.0,4.0032258065,6.612244898,0
2466,25.0,233.0,3.8676470588,5.0652173913,1
2467,59.0,519.0,3.6639004149,5.8314606742,0
2468,38.0,377.0,4.147632312,6.2833333333,1
2469,54.0,503.0,4.2821052632,5.2947368421,0
2470,73.0,649.0,3.9640522876,5.6929824561,0
2471,60.0,468.0,3.7754137116,8.2105263158,1
2472,43.0,531.0,4.0931174089,6.1744186047,1
2473,82.0,721.0,3.8263473054,5.5461538462,1
2474,48.0,308.0,4.4074074074,7.7,0
2475,59.0,519.0,3.9225941423,7.4142857143,1
2476,76.0,590.0,4.0751748252,5.0,1
2477,22.0,211.0,4.0966183575,5.7027027027,1
2478,80.0,632.0,4.0633802817,6.5833333333,1
2479,62.0,413.0,4.7857142857,8.26,1
2480,32.0,292.0,3.7160493827,8.8484848485,0
2481,20.0,219.0,4.0336538462,5.9189189189,0
2482,35.0,302.0,3.9777777778,5.8076923077,1
2483,19.0,132.0,3.6145833333,8.25,1
2484,69.0,636.0,4.2093862816,8.7123287671,1
2485,61.0,546.0,4.2634854772,6.6585365854,1
2486,68.0,602.0,3.9756097561,6.3368421053,0
2487,29.0,269.0,3.5338983051,6.4047619048,1
2488,69.0,533.0,3.9595959596,9.5178571429,1
2489,22.0,172.0,4.8588235294,6.3703703704,0
2490,62.0,576.0,4.0970464135,7.4805194805,1
2491,64.0,531.0,4.1544715447,5.5894736842,0
2492,57.0,426.0,4.5710723192,5.3924050633,0
2493,64.0,618.0,3.9853747715,7.4457831325,1
2494,41.0,385.0,4.3213213213,6.3114754098,0
2495,92.0,598.0,4.1086142322,4.5648854962,0
2496,55.0,429.0,4.0463917526,6.8095238095,1
2497,68.0,599.0,4.0826923077,7.4875,1
2498,52.0,447.0,3.8567901235,5.7307692308,0
2499,45.0,371.0,4.1833810888,7.5714285714,1
2500,56.0,396.0,3.8685714286,8.8,1
2501,50.0,434.0,3.8768844221,5.425,1
2502,86.0,715.0,4.2063253012,7.688172043,1
2503,67.0,620.0,3.7981308411,8.1578947368,1
2504,53.0,395.0,3.8853333333,4.6470588235,0
2505,109.0,854.0,3.868286445,4.2277227723,1
2506,5.0,27.0,3.96,27.0,0
2507,12.0,133.0,4.2123893805,8.8666666667,1
2508,16.0,107.0,3.8192771084,13.375,1
2509,78.0,702.0,3.9954268293,7.8,1
2510,64.0,560.0,3.9042769857,7.8873239437,1
2511,77.0,670.0,3.9744816587,7.1276595745,1
2512,91.0,745.0,4.1397515528,6.4224137931,1
2513,69.0,630.0,4.4018348624,7.1590909091,1
2514,61.0,540.0,3.9168399168,7.9411764706,1
2515,73.0,702.0,3.99375,7.2371134021,1
2516,67.0,589.0,4.1152993348,10.1551724138,1
2517,76.0,682.0,3.8551401869,5.731092437,1
2518,93.0,1337.0,4.0467111535,7.9583333333,1
2519,71.0,641.0,4.0729335494,6.0471698113,0
2520,67.0,439.0,4.3164556962,6.1830985915,0
2521,59.0,569.0,3.9269911504,4.7024793388,0
2522,67.0,517.0,4.7444444444,16.6774193548,1
2523,89.0,948.0,3.8302872063,12.64,1
2524,98.0,517.0,4.1768292683,7.7164179104,1
2525,41.0,329.0,4.3663366337,6.7142857143,0
2526,51.0,427.0,4.8199356913,10.4146341463,1
2527,67.0,621.0,3.8606557377,8.7464788732,1
2528,61.0,638.0,4.8676470588,8.7397260274,0
2529,41.0,452.0,4.1151832461,7.1746031746,0
2530,111.0,1070.0,3.9012738854,6.9480519481,1
2531,104.0,662.0,4.5491990847,31.5238095238,1
2532,50.0,298.0,4.3924528302,6.6222222222,1
2533,50.0,355.0,4.5446153846,6.6981132075,0
2534,98.0,798.0,3.9943661972,6.1384615385,1
2535,64.0,598.0,4.4642857143,8.1917808219,1
2536,87.0,647.0,3.9403846154,5.6754385965,1
2537,71.0,493.0,4.4,7.5846153846,1
2538,75.0,635.0,4.1196581197,5.474137931,0
2539,92.0,1020.0,4.2057074911,10.9677419355,1
2540,52.0,442.0,4.229468599,6.8,1
2541,56.0,418.0,4.4469135802,6.9666666667,0
2542,139.0,1053.0,4.2022244692,8.0381679389,1
2543,78.0,848.0,3.8286604361,13.9016393443,1
2544,44.0,376.0,3.863372093,6.3728813559,0
2545,17.0,154.0,3.9057971014,7.3333333333,0
2546,47.0,411.0,4.2928039702,4.724137931,1
2547,80.0,557.0,4.0,5.1574074074,1
2548,83.0,692.0,4.1499176277,8.7594936709,1
2549,64.0,381.0,4.2225352113,14.6538461538,0
2550,114.0,1018.0,4.0299334812,9.6952380952,1
2551,71.0,664.0,3.8550247117,5.5798319328,1
2552,51.0,360.0,4.247761194,6.3157894737,1
2553,81.0,756.0,4.0372093023,10.5,1
2554,39.0,265.0,4.1233480176,6.7948717949,0
2555,96.0,864.0,4.1498127341,8.64,1
2556,63.0,523.0,4.2419354839,6.0114942529,0
2557,136.0,1263.0,3.9315188762,6.1310679612,1
2558,72.0,426.0,4.2176165803,10.9230769231,0
2559,132.0,952.0,4.4298245614,7.4960629921,1
2560,68.0,637.0,4.1147826087,7.7682926829,1
2561,101.0,810.0,3.9818417639,6.5322580645,1
2562,97.0,747.0,4.1390532544,8.5862068966,1
2563,101.0,839.0,3.7686170213,6.2611940299,1
2564,57.0,495.0,3.7727272727,7.0714285714,0
2565,55.0,508.0,3.9888392857,11.5454545455,1
2566,56.0,651.0,3.7459749553,6.2,1
2567,62.0,520.0,4.061784897,6.265060241,1
2568,121.0,1035.0,4.2033023736,8.625,1
2569,107.0,918.0,3.9165687427,6.0794701987,1
2570,74.0,583.0,4.0018248175,7.5714285714,1
2571,113.0,925.0,3.9850402762,7.5203252033,1
2572,55.0,527.0,3.9014084507,6.8441558442,0
2573,78.0,618.0,4.0814940577,6.8666666667,1
2574,54.0,441.0,4.3144963145,9.0,0
2575,64.0,590.0,4.0253164557,8.5507246377,1
2576,83.0,780.0,3.9292649098,7.0909090909,1
2577,60.0,567.0,4.5157480315,5.9684210526,1
2578,45.0,355.0,4.4896755162,6.2280701754,0
2579,91.0,741.0,4.0533333333,5.880952381,1
2580,51.0,421.0,4.4593908629,5.9295774648,1
2581,79.0,699.0,4.0354938272,6.4722222222,1
2582,55.0,456.0,4.0843373494,11.1219512195,1
2583,21.0,137.0,4.1595744681,45.6666666667,1
2584,51.0,571.0,4.2115812918,8.1571428571,1
2585,64.0,650.0,4.1717687075,7.0652173913,1
2586,83.0,769.0,4.0357142857,7.0550458716,1
2587,59.0,485.0,4.2813852814,6.9285714286,0
2588,68.0,524.0,4.1774891775,9.5272727273,1
2589,71.0,506.0,4.354969574,6.7466666667,1
2590,70.0,789.0,3.9256329114,6.686440678,1
2591,81.0,707.0,4.154311649,6.3693693694,1
2592,46.0,377.0,4.1717791411,6.9814814815,1
2593,80.0,713.0,4.1263157895,6.3660714286,1
2594,86.0,736.0,3.8877245509,8.8674698795,1
2595,66.0,493.0,3.9933333333,5.2446808511,1
2596,29.0,239.0,4.0917431193,5.5581395349,1
2597,87.0,776.0,4.2578444748,6.747826087,1
2598,52.0,430.0,4.2155388471,12.2857142857,1
2599,81.0,599.0,4.1118881119,7.8815789474,1
2600,54.0,487.0,4.0397350993,7.609375,1
2601,65.0,493.0,4.4363256785,6.1625,1
2602,77.0,650.0,4.1993670886,6.5,1
2603,53.0,382.0,4.8927613941,6.701754386,0
2604,48.0,426.0,4.0257731959,9.4666666667,1
2605,65.0,585.0,4.2661870504,6.4285714286,1
2606,79.0,669.0,4.0396196513,5.2265625,0
2607,69.0,584.0,4.2777777778,5.4074074074,1
2608,80.0,646.0,4.1227786753,7.6,0
2609,92.0,704.0,4.4366666667,11.7333333333,1
2610,93.0,780.0,3.9847792998,7.6470588235,1
2611,75.0,578.0,4.1141804788,8.5,1
2612,72.0,512.0,4.1844863732,6.8266666667,1
2613,101.0,1007.0,3.6401345291,5.994047619,1
2614,37.0,287.0,4.1596958175,5.3148148148,1
2615,57.0,420.0,4.6505376344,8.5714285714,0
2616,43.0,341.0,4.0216049383,6.3148148148,0
2617,98.0,1064.0,4.0261066969,7.7101449275,1
2618,70.0,606.0,4.3367697595,9.1818181818,1
2619,70.0,575.0,4.0977011494,8.2142857143,1
2620,60.0,490.0,4.2723404255,6.2820512821,1
2621,53.0,428.0,3.7994858612,8.0754716981,1
2622,38.0,410.0,4.6558603491,5.5405405405,0
2623,44.0,493.0,4.0623556582,8.2166666667,1
2624,37.0,330.0,3.7820069204,8.6842105263,1
2625,76.0,555.0,4.2421441774,6.0326086957,1
2626,102.0,873.0,4.283062645,4.7445652174,1
2627,15.0,116.0,4.0275229358,11.6,0
2628,67.0,591.0,4.0150659134,7.1204819277,1
2629,54.0,430.0,4.2160194175,8.1132075472,0
2630,36.0,271.0,4.4352941176,10.4230769231,1
2631,85.0,550.0,4.1845841785,10.0,0
2632,81.0,603.0,4.360915493,5.4818181818,1
2633,43.0,329.0,4.5641025641,6.8541666667,0
2634,25.0,226.0,3.7305699482,13.2941176471,0
2635,64.0,567.0,4.0396226415,6.6705882353,1
2636,50.0,436.0,4.2925659472,7.7857142857,1
2637,74.0,471.0,3.702764977,7.85,1
2638,23.0,228.0,3.8134715026,17.5384615385,1
2639,30.0,239.0,4.0444444444,8.5357142857,1
2640,61.0,515.0,3.932059448,7.803030303,1
2641,96.0,754.0,4.0217983651,6.2314049587,1
2642,79.0,691.0,3.9248466258,6.6442307692,1
2643,38.0,311.0,4.1809210526,8.4054054054,1
2644,28.0,190.0,4.4244186047,8.6363636364,1
2645,36.0,244.0,4.231092437,6.4210526316,0
2646,47.0,433.0,4.1875,6.765625,1
2647,100.0,786.0,4.4528571429,6.2380952381,1
2648,41.0,318.0,4.1349480969,7.2272727273,1
2649,90.0,520.0,5.031496063,5.4166666667,0
2650,76.0,617.0,4.5952782462,7.3452380952,1
2651,57.0,677.0,3.987281399,6.9081632653,1
2652,51.0,377.0,4.2231404959,5.5441176471,1
2653,18.0,171.0,4.1342281879,10.0588235294,0
2654,68.0,597.0,4.6144781145,6.0918367347,1
2655,50.0,441.0,3.8257575758,6.890625,1
2656,53.0,477.0,4.2788671024,5.6117647059,1
2657,55.0,489.0,3.9703872437,7.8870967742,1
2658,105.0,850.0,4.2244655582,5.7046979866,1
2659,36.0,235.0,5.9527896996,13.0555555556,0
2660,76.0,508.0,4.1461187215,9.0714285714,1
2661,20.0,158.0,4.6688311688,6.5833333333,0
2662,52.0,414.0,4.9076086957,9.8571428571,1
2663,51.0,418.0,4.3350253807,7.4642857143,0
2664,75.0,679.0,4.1535947712,8.2804878049,1
2665,51.0,418.0,4.3350253807,7.4642857143,0
2666,104.0,912.0,4.2247324614,7.0153846154,1
2667,84.0,652.0,4.5235294118,13.5833333333,0
2668,2.0,4.0,5.0,0.0,0
2669,15.0,133.0,4.2109375,12.0909090909,0
2670,92.0,752.0,3.9392592593,8.6436781609,1
2671,62.0,509.0,4.1635220126,6.6973684211,1
2672,57.0,539.0,4.1498929336,12.25,1
2673,56.0,510.0,4.1481481481,5.7954545455,0
2674,55.0,393.0,4.3097112861,6.6610169492,1
2675,68.0,408.0,4.1630434783,7.4181818182,1
2676,10.0,61.0,4.4444444444,5.0833333333,1
2677,72.0,312.0,5.0709219858,8.4324324324,1
2678,87.0,709.0,4.0679012346,5.4538461538,0
2679,61.0,573.0,4.437007874,6.8214285714,1
2680,107.0,650.0,4.0048622366,6.1320754717,1
2681,103.0,723.0,3.9159021407,6.5135135135,1
2682,99.0,475.0,4.6842105263,5.3370786517,1
2683,21.0,216.0,4.4009661836,4.6956521739,0
2684,136.0,476.0,4.3991507431,5.2888888889,1
2685,172.0,666.0,4.3804347826,4.2151898734,1
2686,100.0,492.0,4.2691511387,6.4736842105,1
2687,109.0,455.0,4.0887850467,5.2906976744,1
2688,65.0,551.0,4.0163265306,6.4823529412,1
2689,151.0,613.0,3.9732313576,7.4756097561,1
2690,138.0,490.0,4.7303609342,5.8333333333,0
2691,84.0,386.0,4.2818428184,5.9384615385,1
2692,61.0,449.0,4.0428571429,5.7564102564,0
2693,62.0,556.0,4.3893280632,9.4237288136,0
2694,1.0,5.0,8.5,0.0,0
2695,70.0,573.0,3.8227848101,6.5862068966,1
2696,70.0,431.0,4.0194647202,6.6307692308,1
2697,105.0,1014.0,3.8680628272,6.9931034483,1
2698,47.0,425.0,3.9828080229,10.119047619,1
2699,106.0,842.0,4.0,5.8881118881,1
2700,52.0,540.0,3.8640167364,9.3103448276,0
2701,72.0,733.0,3.8111658456,10.7794117647,1
2702,53.0,561.0,4.1663244353,8.0142857143,1
2703,75.0,773.0,3.8824404762,10.3066666667,1
2704,73.0,608.0,3.957337884,5.1965811966,1
2705,68.0,752.0,4.2030201342,9.7662337662,1
2706,90.0,911.0,4.0281329923,7.3467741935,1
2707,79.0,800.0,3.9911373708,8.6956521739,1
2708,55.0,372.0,4.1448863636,5.552238806,0
2709,56.0,637.0,3.9022140221,8.2727272727,1
2710,44.0,417.0,4.2656716418,10.1707317073,1
2711,83.0,853.0,4.1605744125,6.9918032787,1
2712,58.0,592.0,3.7591093117,8.9696969697,1
2713,56.0,433.0,3.9095238095,4.8111111111,1
2714,51.0,525.0,4.1002277904,8.4677419355,1
2715,70.0,704.0,4.0239316239,13.5384615385,1
2716,79.0,528.0,4.3829321663,6.1395348837,1
2717,52.0,542.0,3.6666666667,7.6338028169,1
2718,96.0,738.0,4.1857585139,6.0991735537,0
2719,33.0,358.0,3.8209459459,8.7317073171,1
2720,55.0,630.0,3.8862745098,11.8867924528,1
2721,46.0,486.0,3.9014084507,8.5263157895,0
2722,53.0,487.0,3.8452380952,8.5438596491,1
2723,50.0,528.0,4.3111111111,9.6,1
2724,53.0,600.0,3.7221052632,10.9090909091,1
2725,67.0,573.0,4.1666666667,5.3055555556,1
2726,88.0,719.0,3.9271317829,7.4895833333,0
2727,50.0,540.0,4.0193548387,5.6842105263,1
2728,55.0,525.0,3.8215859031,6.0344827586,0
2729,52.0,574.0,3.962962963,7.2658227848,1
2730,39.0,399.0,3.9786666667,5.1818181818,0
2731,56.0,570.0,4.2592592593,8.90625,1
2732,31.0,264.0,4.0675675676,7.7647058824,0
2733,69.0,811.0,4.1983695652,6.1439393939,0
2734,63.0,637.0,3.755,4.9379844961,0
2735,66.0,619.0,4.2273730684,15.0975609756,1
2736,57.0,572.0,4.0211132438,6.085106383,1
2737,76.0,737.0,3.9184615385,6.7,1
2738,53.0,423.0,4.1839378238,6.9344262295,1
2739,66.0,667.0,3.8886894075,9.2638888889,1
2740,77.0,529.0,3.8430583501,5.9438202247,1
2741,74.0,772.0,4.0014326648,7.72,1
2742,38.0,347.0,4.1212121212,9.1315789474,1
2743,60.0,595.0,3.8611111111,6.6853932584,1
2744,63.0,450.0,3.8747099768,6.338028169,1
2745,84.0,753.0,3.9233038348,6.4358974359,1
2746,67.0,355.0,4.7104477612,6.6981132075,0
2747,78.0,666.0,3.8929765886,6.4660194175,1
2748,73.0,463.0,4.022675737,5.6463414634,0
2749,55.0,453.0,4.2657342657,5.3928571429,0
2750,64.0,491.0,4.1126760563,9.4423076923,1
2751,61.0,523.0,3.832,6.7922077922,1
2752,83.0,719.0,4.0203442879,7.5684210526,1
2753,44.0,310.0,3.9429530201,7.0454545455,0
2754,70.0,773.0,3.9100775194,6.5508474576,1
2755,76.0,646.0,3.9037162162,4.3945578231,1
2756,72.0,646.0,4.0231788079,8.5,1
2757,44.0,491.0,3.9891067538,5.0102040816,1
2758,46.0,402.0,4.1131578947,6.7,1
2759,70.0,768.0,3.9392971246,7.8367346939,1
2760,47.0,464.0,4.5855855856,6.1866666667,1
2761,187.0,1253.0,4.0238095238,7.2011494253,1
2762,43.0,489.0,4.1778846154,7.2985074627,1
2763,43.0,392.0,4.1794871795,7.5384615385,1
2764,52.0,519.0,3.8832271762,8.9482758621,0
2765,59.0,412.0,4.0824742268,5.4210526316,1
2766,95.0,581.0,3.9509632224,5.1415929204,0
2767,49.0,311.0,3.937716263,7.775,1
2768,50.0,393.0,4.0821529745,5.1710526316,0
2769,62.0,404.0,3.8387978142,6.7333333333,0
2770,40.0,300.0,4.049122807,5.7692307692,1
2771,41.0,285.0,4.4472727273,5.2777777778,0
2772,54.0,251.0,3.9678714859,5.7045454545,1
2773,49.0,243.0,3.9437229437,4.6730769231,0
2774,65.0,656.0,3.9288389513,6.1886792453,1
2775,42.0,310.0,4.3645833333,5.3448275862,1
2776,74.0,382.0,4.6327077748,6.262295082,1
2777,38.0,360.0,3.8259587021,4.1860465116,0
2778,39.0,220.0,4.6313364055,7.3333333333,1
2779,67.0,336.0,4.6747720365,6.0,0
2780,37.0,216.0,4.3170731707,7.2,1
2781,68.0,402.0,4.4221635884,5.5068493151,0
2782,45.0,390.0,3.9073569482,3.9393939394,0
2783,38.0,285.0,4.2572463768,4.8305084746,1
2784,56.0,370.0,4.0171428571,8.6046511628,1
2785,41.0,281.0,4.5813953488,5.5098039216,1
2786,62.0,687.0,3.9330985915,5.7731092437,0
2787,42.0,430.0,3.9555555556,6.3235294118,0
2788,70.0,364.0,3.9712643678,7.5833333333,1
2789,51.0,444.0,3.8200514139,5.2857142857,0
2790,43.0,274.0,3.6332046332,7.2105263158,0
2791,39.0,381.0,3.9301075269,5.2191780822,0
2792,78.0,456.0,3.8466819222,6.6086956522,0
2793,96.0,408.0,3.617721519,7.6981132075,1
2794,44.0,435.0,3.4030769231,6.5909090909,1
2795,63.0,572.0,3.593814433,5.0175438596,0
2796,47.0,368.0,3.5240793201,13.6296296296,0
2797,47.0,356.0,3.987012987,13.1851851852,0
2798,64.0,562.0,3.3092269327,22.48,0
2799,63.0,488.0,3.8217821782,7.0724637681,0
2800,34.0,360.0,3.7441176471,20.0,1
2801,58.0,625.0,3.8136272545,9.6153846154,1
2802,36.0,224.0,3.9805825243,5.3333333333,0
2803,51.0,293.0,3.3358490566,10.8518518519,0
2804,49.0,280.0,4.0187265918,5.6,0
2805,45.0,299.0,3.8028169014,4.746031746,0
2806,53.0,315.0,4.06,6.847826087,1
2807,66.0,587.0,4.0567514677,7.8266666667,1
2808,115.0,846.0,4.1850340136,6.5076923077,1
2809,76.0,585.0,3.9294117647,7.3125,1
2810,69.0,542.0,4.2301425662,5.7052631579,0
2811,125.0,931.0,4.1111111111,6.125,0
2812,76.0,561.0,4.0141414141,7.2857142857,1
2813,94.0,578.0,4.0620155039,7.7066666667,0
2814,46.0,431.0,4.0706806283,7.8363636364,1
2815,116.0,801.0,4.1424581006,7.2162162162,1
2816,67.0,770.0,4.1880877743,6.5254237288,0
2817,65.0,466.0,3.9290617849,5.7530864198,0
2818,45.0,392.0,4.1777777778,8.1666666667,0
2819,93.0,808.0,4.1033994334,5.9411764706,1
2820,48.0,507.0,4.212195122,8.8947368421,1
2821,40.0,403.0,4.4016620499,6.2,1
2822,58.0,213.0,3.6138613861,30.4285714286,0
2823,71.0,578.0,3.8624535316,4.515625,0
2824,70.0,598.0,4.0184501845,5.1551724138,1
2825,84.0,491.0,4.2477272727,5.6436781609,1
2826,71.0,664.0,4.2633517495,6.2056074766,0
2827,106.0,791.0,3.8443113772,8.8876404494,1
2828,60.0,426.0,4.2729528536,6.2647058824,0
2829,50.0,370.0,4.221574344,6.8518518519,0
2830,64.0,543.0,4.104950495,6.0333333333,0
2831,80.0,763.0,4.1360347323,5.3732394366,1
2832,48.0,297.0,3.9726027397,7.425,1
2833,52.0,472.0,4.0216346154,5.488372093,0
2834,46.0,406.0,4.0778443114,5.3421052632,0
2835,74.0,315.0,4.674267101,4.375,1
2836,54.0,502.0,4.2857142857,5.9761904762,0
2837,41.0,371.0,4.1518624642,6.2881355932,0
2838,83.0,598.0,4.28125,5.75,1
2839,51.0,525.0,4.288590604,5.9659090909,1
2840,65.0,599.0,4.274822695,5.99,1
2841,51.0,496.0,4.1622807018,6.7027027027,0
2842,110.0,691.0,3.8467741935,5.0437956204,1
2843,38.0,358.0,4.3913043478,6.3928571429,1
2844,89.0,458.0,4.2764976959,5.2643678161,1
2845,106.0,776.0,4.0796703297,6.3089430894,1
2846,103.0,780.0,4.2095639944,5.8208955224,1
2847,83.0,629.0,4.3395904437,5.7181818182,1
2848,71.0,603.0,4.2778761062,4.6030534351,1
2849,61.0,539.0,3.8257261411,7.2837837838,1
2850,38.0,264.0,3.9126984127,7.3333333333,1
2851,61.0,588.0,4.2551210428,6.9176470588,1
2852,49.0,505.0,4.4693446089,6.7333333333,1
2853,41.0,428.0,3.9122807018,5.7066666667,1
2854,51.0,437.0,4.0926829268,4.9659090909,1
2855,62.0,549.0,4.0620155039,7.1298701299,1
2856,40.0,394.0,4.027173913,5.397260274,0
2857,45.0,425.0,3.9517766497,6.9672131148,0
2858,71.0,571.0,4.320610687,7.2278481013,1
2859,57.0,500.0,3.9861111111,6.0975609756,0
2860,48.0,411.0,4.6048387097,5.6301369863,1
2861,45.0,481.0,3.9431578947,5.6588235294,1
2862,62.0,361.0,3.901734104,9.2564102564,1
2863,74.0,622.0,3.84,6.6170212766,1
2864,55.0,314.0,4.4046052632,6.8260869565,1
2865,54.0,508.0,4.2200854701,6.1204819277,1
2866,43.0,322.0,4.2555910543,6.5714285714,1
2867,51.0,592.0,4.0037950664,6.1030927835,1
2868,61.0,528.0,4.2343434343,7.7647058824,1
2869,66.0,602.0,4.1446654611,5.1452991453,1
2870,32.0,275.0,4.1148148148,7.0512820513,1
2871,57.0,420.0,3.972972973,6.3636363636,0
2872,49.0,451.0,3.9908675799,5.9342105263,0
2873,57.0,442.0,3.8161764706,6.2253521127,0
2874,49.0,412.0,4.0362116992,7.4909090909,0
2875,109.0,708.0,3.6426229508,9.0769230769,1
2876,48.0,367.0,4.2585227273,5.0972222222,0
2877,45.0,353.0,5.0725075529,10.0857142857,0
2878,43.0,350.0,4.1156069364,6.7307692308,0
2879,48.0,449.0,3.8720930233,6.1506849315,0
2880,36.0,364.0,3.9615384615,6.7407407407,1
2881,52.0,414.0,4.3676880223,8.8085106383,0
2882,58.0,413.0,4.2146596859,6.8833333333,1
2883,77.0,650.0,4.0048387097,5.652173913,1
2884,61.0,472.0,4.1338199513,12.7567567568,0
2885,84.0,682.0,4.1098726115,6.5576923077,1
2886,47.0,331.0,4.0036900369,12.7307692308,1
2887,39.0,451.0,3.5625,16.7037037037,1
2888,53.0,419.0,4.3526570048,4.7613636364,0
2889,52.0,489.0,4.2158119658,5.6860465116,1
2890,23.0,228.0,4.1909090909,6.0,0
2891,26.0,257.0,4.4462809917,6.119047619,0
2892,61.0,462.0,3.8274231678,6.3287671233,0
2893,48.0,414.0,4.0498753117,6.5714285714,0
2894,31.0,303.0,4.1107142857,5.9411764706,0
2895,43.0,365.0,4.3475609756,6.8867924528,0
2896,45.0,380.0,4.0057636888,6.9090909091,1
2897,51.0,389.0,4.1370262391,8.2765957447,0
2898,52.0,412.0,3.9416445623,5.9710144928,1
2899,57.0,368.0,4.0560471976,4.972972973,1
2900,48.0,442.0,4.0107238606,6.4057971014,0
2901,50.0,596.0,3.6108490566,11.037037037,1
2902,60.0,518.0,4.2189054726,9.7735849057,1
2903,75.0,478.0,4.0915841584,8.1016949153,1
2904,63.0,442.0,3.927613941,7.3666666667,1
2905,45.0,413.0,3.7802816901,5.9855072464,0
2906,52.0,388.0,3.955801105,5.4647887324,0
2907,43.0,344.0,4.0668789809,6.2545454545,0
2908,57.0,351.0,4.2453416149,5.7540983607,1
2909,61.0,431.0,3.975,6.6307692308,1
2910,51.0,414.0,3.739010989,6.2727272727,0
2911,67.0,525.0,3.7130044843,5.7065217391,0
2912,61.0,485.0,3.9122807018,6.0625,1
2913,47.0,283.0,4.0377358491,5.0535714286,0
2914,31.0,298.0,3.9233716475,7.0952380952,1
2915,43.0,398.0,3.3143712575,33.1666666667,1
2916,43.0,413.0,4.3940217391,10.8684210526,1
2917,44.0,340.0,3.9584664537,7.2340425532,0
2918,51.0,348.0,3.6265822785,5.1176470588,0
2919,39.0,256.0,3.8828451883,5.0196078431,0
2920,41.0,440.0,3.8196721311,7.5862068966,1
2921,33.0,243.0,3.876146789,4.4181818182,0
2922,38.0,393.0,3.7787356322,4.7926829268,1
2923,59.0,406.0,3.9,7.0,1
2924,21.0,209.0,3.687804878,5.0975609756,0
2925,60.0,401.0,3.356545961,30.8461538462,0
2926,75.0,550.0,3.7584158416,4.8245614035,0
2927,44.0,215.0,4.0246305419,4.3,0
2928,65.0,350.0,4.2348178138,9.7222222222,1
2929,40.0,247.0,4.5462962963,7.9677419355,0
2930,56.0,547.0,4.0394736842,7.1038961039,0
2931,50.0,338.0,3.5273972603,6.8979591837,0
2932,41.0,307.0,3.9212598425,9.303030303,1
2933,48.0,306.0,4.0931899642,6.652173913,0
2934,38.0,269.0,4.3166666667,5.2745098039,1
2935,56.0,511.0,3.9492753623,8.1111111111,1
2936,45.0,462.0,4.0681818182,8.1052631579,1
2937,54.0,284.0,4.0945454545,4.3692307692,1
2938,45.0,332.0,4.0136054422,7.7209302326,1
2939,54.0,365.0,3.8978978979,5.8870967742,1
2940,52.0,423.0,3.8123393316,423.0,1
2941,36.0,267.0,3.9259259259,6.3571428571,0
2942,49.0,400.0,3.923943662,7.5471698113,0
2943,66.0,485.0,3.8222698073,69.2857142857,0
2944,46.0,310.0,3.3016393443,62.0,1
2945,41.0,345.0,3.940397351,21.5625,1
2946,49.0,440.0,3.5377128954,220.0,0
2947,43.0,297.0,3.9677419355,9.28125,1
2948,60.0,453.0,3.8092909535,7.3064516129,1
2949,49.0,428.0,4.2052023121,6.3880597015,0
2950,32.0,257.0,4.0086580087,8.5666666667,1
2951,75.0,450.0,3.7008310249,45.0,1
2952,77.0,575.0,3.7084805654,17.4242424242,1
2953,24.0,193.0,3.9101123596,6.4333333333,1
2954,51.0,318.0,3.7158273381,3.5730337079,0
2955,45.0,406.0,4.3293650794,135.3333333333,0
2956,92.0,749.0,3.9094076655,9.2469135802,1
2957,59.0,530.0,4.0878661088,6.625,1
2958,70.0,665.0,3.7086206897,14.1489361702,1
2959,61.0,677.0,3.9946808511,8.0595238095,1
2960,45.0,420.0,3.8508287293,10.7692307692,1
2961,66.0,498.0,3.7829268293,11.5813953488,1
2962,61.0,480.0,3.9770642202,7.1641791045,1
2963,75.0,796.0,4.0539130435,10.4736842105,1
2964,45.0,422.0,3.8537234043,5.0238095238,0
2965,54.0,453.0,3.9566395664,8.5471698113,1
2966,43.0,419.0,3.9785522788,8.5510204082,1
2967,53.0,558.0,4.0501089325,11.625,1
2968,46.0,402.0,4.174556213,9.1363636364,0
2969,64.0,677.0,4.1625207297,6.9081632653,1
2970,54.0,451.0,4.3855721393,6.4428571429,1
2971,47.0,380.0,4.1642651297,5.5072463768,1
2972,54.0,519.0,4.0070588235,11.0425531915,1
2973,95.0,756.0,3.9003558719,8.0425531915,1
2974,64.0,556.0,3.8475609756,9.1147540984,1
2975,65.0,485.0,4.0612244898,5.3888888889,1
2976,48.0,401.0,3.76,10.2820512821,0
2977,65.0,625.0,3.9507186858,9.9206349206,1
2978,62.0,689.0,4.3046471601,6.0438596491,1
2979,56.0,466.0,3.9684466019,5.1777777778,0
2980,68.0,541.0,4.2642998028,5.3564356436,1
2981,59.0,732.0,3.7989130435,9.6315789474,1
2982,53.0,493.0,3.8277511962,7.703125,1
2983,49.0,466.0,3.845959596,5.6144578313,0
2984,53.0,571.0,4.0871459695,6.9634146341,1
2985,45.0,352.0,3.9201277955,7.04,0
2986,38.0,346.0,3.6206896552,7.5217391304,1
2987,91.0,992.0,3.7635402906,15.746031746,1
2988,55.0,450.0,4.0981432361,9.7826086957,1
2989,58.0,422.0,4.1220779221,5.8611111111,0
2990,69.0,788.0,3.6875981162,21.8888888889,1
2991,58.0,616.0,4.156626506,8.676056338,1
2992,58.0,701.0,3.8618042226,7.2268041237,1
2993,53.0,583.0,4.0639658849,8.4492753623,1
2994,55.0,663.0,4.0189393939,9.0821917808,1
2995,78.0,879.0,3.7811634349,6.4160583942,0
2996,39.0,430.0,4.3588390501,6.935483871,1
2997,73.0,568.0,4.1312127237,5.8556701031,1
2998,52.0,505.0,4.0366492147,10.7446808511,1
2999,54.0,508.0,3.875,5.4623655914,1
3000,67.0,737.0,4.095959596,8.8795180723,1
3001,54.0,445.0,3.9148418491,6.4492753623,0
3002,45.0,395.0,4.6320474777,11.2857142857,1
3003,42.0,458.0,3.3288409704,9.16,0
3004,51.0,563.0,4.133640553,7.9295774648,1
3005,61.0,627.0,3.8517241379,5.4051724138,1
3006,134.0,1165.0,3.8251497006,8.9615384615,0
3007,55.0,675.0,3.8392484342,11.8421052632,1
3008,52.0,386.0,4.027027027,4.7073170732,0
3009,52.0,492.0,3.9855072464,6.56,1
3010,63.0,516.0,3.976744186,5.4893617021,1
3011,52.0,575.0,4.0709534368,8.4558823529,1
3012,59.0,596.0,4.0349514563,8.7647058824,1
3013,43.0,338.0,4.1044303797,6.76,1
3014,61.0,626.0,3.9859437751,7.825,1
3015,13.0,63.0,3.8620689655,9.0,0
3016,48.0,347.0,3.9193548387,7.5434782609,1
3017,37.0,279.0,4.1509433962,7.1538461538,0
3018,152.0,1647.0,4.1594761171,7.9951456311,1
3019,54.0,621.0,4.0977011494,7.7625,1
3020,57.0,649.0,4.0611439842,7.1318681319,1
3021,36.0,366.0,3.7833935018,10.1666666667,1
3022,52.0,508.0,3.6126760563,6.6842105263,0
3023,63.0,630.0,4.2879078695,7.6829268293,1
3024,44.0,327.0,4.0036900369,10.21875,1
3025,48.0,422.0,3.8132992327,6.59375,0
3026,28.0,152.0,3.6413793103,4.9032258065,0
3027,61.0,636.0,3.8786127168,6.989010989,1
3028,53.0,546.0,4.4462242563,7.8,1
3029,42.0,405.0,4.3118556701,5.1265822785,1
3030,43.0,432.0,3.9914529915,7.0819672131,1
3031,22.0,242.0,3.9897959184,14.2352941176,1
3032,50.0,403.0,3.5222551929,26.8666666667,1
3033,36.0,323.0,4.2631578947,5.046875,1
3034,50.0,517.0,3.7845433255,30.4117647059,1
3035,38.0,272.0,4.0358565737,6.8,1
3036,36.0,281.0,4.2462686567,5.9787234043,1
3037,23.0,170.0,4.0860927152,6.8,1
3038,51.0,682.0,4.117147708,8.2168674699,1
3039,11.0,104.0,3.7978723404,13.0,1
3040,8.0,90.0,3.2631578947,45.0,0
3041,70.0,572.0,3.9701492537,9.6949152542,1
3042,80.0,656.0,3.6198019802,10.5806451613,0
3043,64.0,558.0,4.2614379085,8.4545454545,1
3044,59.0,449.0,4.0543209877,5.8311688312,0
3045,56.0,414.0,4.1626666667,7.5272727273,1
3046,82.0,659.0,4.2384219554,6.6565656566,1
3047,76.0,532.0,4.2732673267,7.7101449275,1
3048,48.0,402.0,3.6957831325,6.813559322,1
3049,62.0,521.0,3.9664570231,5.7252747253,0
3050,63.0,511.0,3.9821882952,9.462962963,1
3051,53.0,545.0,3.85,10.9,1
3052,84.0,845.0,3.8653198653,11.2666666667,1
3053,75.0,716.0,3.4873096447,7.4583333333,1
3054,48.0,422.0,3.7806788512,5.8611111111,1
3055,55.0,572.0,3.7475345168,7.0617283951,0
3056,65.0,670.0,4.0515653775,8.0722891566,1
3057,54.0,459.0,3.7398373984,11.7692307692,1
3058,53.0,686.0,4.2862985685,8.7948717949,1
3059,87.0,731.0,4.1711711712,11.2461538462,1
3060,59.0,677.0,4.2509025271,8.9078947368,0
3061,31.0,327.0,4.0043859649,14.8636363636,1
3062,36.0,391.0,3.8731117825,8.5,0
3063,80.0,816.0,3.7481371088,10.88,1
3064,50.0,601.0,3.8383838384,8.3472222222,1
3065,98.0,919.0,3.7128851541,9.3775510204,1
3066,61.0,671.0,3.4415584416,15.9761904762,1
3067,65.0,611.0,3.8245614035,9.2575757576,1
3068,70.0,660.0,3.748549323,8.5714285714,1
3069,55.0,476.0,4.0226628895,15.8666666667,1
3070,47.0,596.0,4.0658682635,10.1016949153,1
3071,43.0,308.0,4.5892116183,11.4074074074,0
3072,46.0,394.0,4.2530120482,6.6779661017,1
3073,63.0,554.0,3.6469298246,7.4864864865,1
3074,59.0,662.0,3.8830188679,8.1728395062,1
3075,56.0,532.0,3.5714285714,10.0377358491,0
3076,59.0,693.0,3.8905950096,9.0,1
3077,76.0,632.0,4.0609243697,11.9245283019,1
3078,62.0,700.0,3.9362477231,8.1395348837,1
3079,72.0,742.0,3.8820512821,8.1538461538,0
3080,57.0,396.0,4.1173333333,6.2857142857,0
3081,82.0,828.0,4.0979133226,9.0,1
3082,51.0,448.0,3.9906103286,8.96,0
3083,48.0,347.0,3.8571428571,6.4259259259,0
3084,52.0,384.0,4.2895622896,8.170212766,1
3085,52.0,433.0,3.5205479452,4.8651685393,1
3086,77.0,471.0,4.4742990654,4.7575757576,1
3087,38.0,277.0,4.1744680851,7.2894736842,1
3088,121.0,1190.0,3.9342891278,11.0185185185,1
3089,83.0,562.0,4.4838012959,5.5643564356,1
3090,75.0,712.0,3.7426086957,7.0495049505,1
3091,51.0,593.0,3.8094218415,8.4714285714,1
3092,62.0,800.0,3.8866666667,10.3896103896,1
3093,60.0,621.0,3.5417515275,12.9375,1
3094,56.0,466.0,3.9873417722,5.3563218391,1
3095,54.0,465.0,3.8718592965,6.6428571429,0
3096,53.0,562.0,3.78125,7.698630137,1
3097,55.0,509.0,3.9844097996,7.7121212121,1
3098,67.0,769.0,4.1879310345,12.606557377,1
3099,65.0,918.0,4.0221565731,10.9285714286,1
3100,63.0,926.0,4.4274924471,12.3466666667,1
3101,59.0,368.0,3.9333333333,6.6909090909,0
3102,48.0,443.0,3.6358381503,7.262295082,0
3103,50.0,474.0,3.6320224719,8.1724137931,0
3104,23.0,183.0,4.1172413793,15.25,1
3105,52.0,390.0,3.9657142857,7.0909090909,0
3106,45.0,599.0,4.1081632653,7.4875,1
3107,52.0,589.0,4.3445190157,9.9830508475,1
3108,53.0,565.0,4.2107969152,8.0714285714,0
3109,54.0,556.0,3.8358862144,6.8641975309,0
3110,76.0,611.0,3.81799591,14.9024390244,1
3111,51.0,471.0,3.8174807198,7.1363636364,1
3112,29.0,368.0,4.1241610738,6.8148148148,1
3113,90.0,965.0,3.8282967033,11.4880952381,1
3114,92.0,856.0,3.2929824561,7.5087719298,1
3115,53.0,419.0,4.3135313531,7.4821428571,0
3116,54.0,606.0,4.0339321357,6.1212121212,1
3117,56.0,539.0,3.9488491049,14.5675675676,1
3118,61.0,561.0,3.7234042553,7.48,1
3119,42.0,362.0,3.71875,11.3125,1
3120,49.0,516.0,3.8086253369,21.5,1
3121,55.0,591.0,4.1924778761,8.6911764706,1
3122,47.0,446.0,3.7216981132,6.5588235294,1
3123,25.0,368.0,3.1597222222,6.8148148148,1
3124,84.0,776.0,4.0965909091,6.747826087,1
3125,79.0,586.0,4.0963391137,8.2535211268,0
3126,55.0,557.0,3.9606625259,6.3295454545,1
3127,65.0,583.0,4.5886363636,20.8214285714,1
3128,63.0,458.0,4.0239361702,9.3469387755,0
3129,70.0,686.0,4.2054794521,8.0705882353,1
3130,70.0,425.0,4.1361256545,5.4487179487,1
3131,60.0,367.0,4.1633802817,6.0163934426,1
3132,40.0,370.0,4.3607142857,15.4166666667,1
3133,45.0,636.0,3.9320987654,14.7906976744,1
3134,35.0,262.0,4.2190082645,5.4583333333,0
3135,55.0,495.0,3.843373494,9.3396226415,1
3136,41.0,485.0,3.9533678756,7.8225806452,0
3137,62.0,530.0,3.5717092338,6.091954023,1
3138,109.0,678.0,3.9698046181,10.935483871,0
3139,91.0,760.0,4.1658692185,7.2380952381,1
3140,55.0,544.0,3.8288508557,12.0888888889,1
3141,22.0,139.0,3.921875,6.619047619,1
3142,34.0,334.0,4.2541254125,7.7674418605,1
3143,27.0,187.0,4.1516853933,8.1304347826,0
3144,56.0,465.0,3.9761904762,6.2837837838,1
3145,49.0,321.0,4.1762711864,9.4411764706,1
3146,64.0,575.0,3.7960992908,9.5833333333,1
3147,50.0,436.0,4.5913705584,5.8918918919,1
3148,47.0,433.0,3.8341968912,7.2166666667,1
3149,27.0,276.0,3.9155555556,7.8857142857,1
3150,67.0,518.0,3.963190184,6.3170731707,1
3151,46.0,419.0,4.0933333333,9.1086956522,1
3152,18.0,81.0,3.7936507937,40.5,1
3153,58.0,574.0,3.879759519,7.175,1
3154,6.0,22.0,4.5,7.3333333333,0
3155,47.0,392.0,3.8985915493,6.125,1
3156,91.0,551.0,3.759765625,6.1222222222,1
3157,53.0,461.0,4.2623376623,10.0217391304,1
3158,55.0,483.0,4.0458715596,7.3181818182,1
3159,4.0,28.0,4.2608695652,4.6666666667,0
3160,69.0,506.0,4.337995338,8.0317460317,1
3161,35.0,367.0,4.0,10.7941176471,1
3162,63.0,655.0,3.7920433996,7.5287356322,1
3163,77.0,689.0,4.1500789889,6.9595959596,1
3164,8.0,81.0,3.7662337662,9.0,1
3165,53.0,611.0,3.8779443255,7.5432098765,1
3166,110.0,771.0,3.9480519481,5.6691176471,1
3167,2.0,8.0,6.0,0.0,0
3168,63.0,401.0,3.8842105263,7.7115384615,1
3169,53.0,450.0,3.9070904645,5.487804878,1
3170,66.0,568.0,4.2339544513,10.1428571429,1
3171,65.0,613.0,3.9647058824,10.3898305085,1
3172,2.0,13.0,3.4545454545,0.0,1
3173,2.0,21.0,4.6875,21.0,1
3174,2.0,41.0,3.2631578947,6.8333333333,0
3175,4.0,26.0,4.4230769231,3.7142857143,0
3176,48.0,435.0,3.9505208333,7.5,0
3177,45.0,306.0,4.2668918919,4.7076923077,0
3178,54.0,436.0,3.9644549763,5.5897435897,0
3179,37.0,255.0,4.4523809524,11.0869565217,0
3180,58.0,388.0,3.8961748634,5.3150684932,0
3181,53.0,365.0,4.1781609195,6.5178571429,0
3182,49.0,241.0,3.8523206751,7.53125,0
3183,51.0,465.0,4.2679425837,6.7391304348,1
3184,54.0,416.0,4.1710526316,6.5,0
3185,49.0,451.0,3.7322274882,9.8043478261,0
3186,53.0,313.0,4.4680851064,5.5892857143,0
3187,57.0,499.0,3.9875259875,6.8356164384,1
3188,52.0,267.0,4.2078431373,7.0263157895,0
3189,59.0,490.0,4.0319829424,5.9036144578,0
3190,76.0,662.0,4.1462264151,5.3821138211,0
3191,73.0,648.0,4.072815534,7.9024390244,1
3192,42.0,357.0,4.0180722892,5.8524590164,1
3193,64.0,681.0,4.0048387097,6.247706422,0
3194,72.0,466.0,4.3056872038,6.3835616438,0
3195,48.0,302.0,4.006779661,6.04,0
3196,87.0,695.0,3.8397534669,8.0813953488,0
3197,43.0,205.0,4.0146341463,5.6944444444,0
3198,56.0,363.0,4.0433526012,6.2586206897,0
3199,63.0,411.0,4.1921052632,4.6704545455,1
3200,30.0,171.0,4.2590361446,8.1428571429,0
3201,63.0,458.0,3.9952038369,7.3870967742,0
3202,43.0,374.0,4.0520547945,7.3333333333,1
3203,49.0,560.0,4.1353965184,7.8873239437,0
3204,62.0,448.0,3.9454545455,4.8695652174,0
3205,58.0,569.0,4.0727969349,6.0531914894,1
3206,59.0,411.0,4.0230179028,6.0441176471,1
3207,73.0,552.0,4.127348643,4.8849557522,0
3208,40.0,327.0,4.0628930818,6.0555555556,0
3209,54.0,488.0,3.8446808511,5.9512195122,0
3210,51.0,423.0,4.1320293399,5.3544303797,0
3211,65.0,513.0,4.1493775934,5.8295454545,1
3212,30.0,210.0,3.8985507246,5.6756756757,0
3213,66.0,537.0,3.6257197697,5.3168316832,0
3214,62.0,425.0,3.9343434343,7.5892857143,1
3215,53.0,384.0,3.7789757412,5.9076923077,0
3216,73.0,503.0,4.0607966457,6.3670886076,0
3217,69.0,616.0,4.1414141414,5.8113207547,0
3218,56.0,309.0,3.9867986799,7.725,0
3219,73.0,513.0,4.3921568627,6.1071428571,1
3220,56.0,533.0,4.2307692308,6.9220779221,0
3221,57.0,411.0,3.9396984925,5.7887323944,0
3222,45.0,397.0,4.1134020619,5.5915492958,0
3223,58.0,413.0,4.2577319588,7.9423076923,1
3224,59.0,539.0,4.0020120724,6.3411764706,1
3225,45.0,433.0,4.2487922705,5.6233766234,0
3226,62.0,515.0,4.1356275304,7.2535211268,0
3227,68.0,521.0,4.2795275591,5.6021505376,0
3228,50.0,410.0,4.1371571072,6.5079365079,1
3229,62.0,395.0,4.2390745501,5.7246376812,0
3230,25.0,183.0,4.1516853933,6.5357142857,0
3231,60.0,497.0,4.1677148847,6.2125,0
3232,69.0,539.0,4.0317124736,6.2674418605,1
3233,56.0,359.0,3.8583815029,8.5476190476,0
3234,54.0,472.0,3.9340909091,6.4657534247,0
3235,47.0,435.0,3.8689839572,6.3043478261,1
3236,35.0,265.0,4.1607843137,6.1627906977,1
3237,49.0,441.0,3.9397590361,6.4852941176,0
3238,68.0,652.0,3.7557755776,6.2095238095,1
3239,38.0,439.0,3.9814814815,5.6282051282,1
3240,54.0,317.0,3.9808306709,3.7738095238,0
3241,36.0,346.0,4.0309597523,4.119047619,0
3242,58.0,556.0,4.1965317919,6.6987951807,0
3243,44.0,274.0,3.8275862069,5.9565217391,1
3244,77.0,656.0,4.1048387097,6.0183486239,0
3245,33.0,202.0,4.1633663366,5.1794871795,0
3246,42.0,279.0,3.9963235294,4.359375,0
3247,67.0,551.0,4.2757281553,5.51,0
3248,49.0,393.0,4.1029023747,6.2380952381,0
3249,22.0,195.0,3.8648648649,6.09375,1
3250,59.0,466.0,4.2703962704,5.4823529412,0
3251,90.0,671.0,3.9105180534,6.3904761905,1
3252,48.0,455.0,4.0023201856,6.0666666667,1
3253,43.0,399.0,3.9796954315,6.1384615385,0
3254,50.0,501.0,3.8568376068,5.112244898,0
3255,61.0,614.0,3.8720720721,5.4821428571,0
3256,82.0,619.0,4.07504363,5.9519230769,1
3257,75.0,555.0,3.9588235294,5.6632653061,0
3258,41.0,603.0,4.0948121646,4.1301369863,1
3259,61.0,345.0,3.993902439,4.9285714286,0
3260,50.0,353.0,4.1407624633,5.7868852459,0
3261,71.0,595.0,3.9876325088,7.0833333333,1
3262,43.0,276.0,3.7462686567,5.0181818182,0
3263,43.0,391.0,3.7046070461,7.6666666667,0
3264,40.0,324.0,3.8595317726,5.4,1
3265,39.0,336.0,3.8486842105,6.8571428571,0
3266,45.0,424.0,4.2431761787,6.625,0
3267,60.0,557.0,3.9666666667,5.2547169811,0
3268,78.0,809.0,3.8876560333,6.3700787402,1
3269,13.0,125.0,4.3852459016,7.8125,0
3270,108.0,1039.0,3.7441588785,9.4454545455,1
3271,55.0,379.0,4.0273972603,5.4142857143,0
3272,66.0,499.0,3.8734439834,4.7075471698,0
3273,56.0,451.0,4.2460496614,7.046875,0
3274,44.0,428.0,4.0522193211,7.3793103448,0
3275,57.0,419.0,4.1435897436,6.2537313433,1
3276,47.0,409.0,4.1596009975,5.7605633803,1
3277,65.0,528.0,3.9616935484,5.5578947368,0
3278,93.0,695.0,5.2406417112,9.7887323944,1
3279,33.0,231.0,4.2385321101,5.25,1
3280,68.0,564.0,3.8053949904,7.3246753247,1
3281,64.0,586.0,4.2906764168,5.6346153846,1
3282,62.0,485.0,4.1131221719,6.2987012987,0
3283,12.0,92.0,4.1772151899,7.0769230769,0
3284,58.0,531.0,4.231884058,7.2739726027,0
3285,63.0,539.0,4.1001926782,7.3835616438,1
3286,57.0,386.0,4.7739130435,9.1904761905,0
3287,44.0,386.0,4.1916666667,6.126984127,0
3288,52.0,472.0,4.25,5.619047619,0
3289,20.0,108.0,3.6728971963,6.75,1
3290,64.0,734.0,3.4751461988,14.68,1
3291,72.0,557.0,3.9472693032,6.0543478261,1
3292,53.0,410.0,4.2273901809,6.3076923077,0
3293,49.0,479.0,4.1666666667,6.3026315789,0
3294,39.0,348.0,4.1701492537,5.8,1
3295,58.0,448.0,4.2641509434,6.1369863014,1
3296,91.0,663.0,4.129969419,6.0272727273,0
3297,52.0,421.0,4.1335012594,6.0142857143,0
3298,51.0,490.0,3.7906976744,5.8333333333,1
3299,9.0,60.0,4.2,4.6153846154,0
3300,60.0,536.0,4.0685483871,6.0224719101,1
3301,74.0,511.0,4.2380952381,7.6268656716,0
3302,25.0,161.0,4.3797468354,5.962962963,1
3303,45.0,414.0,4.3445595855,6.1791044776,0
3304,75.0,604.0,4.1252144082,5.1623931624,1
3305,110.0,803.0,4.0025445293,5.2142857143,1
3306,55.0,377.0,3.9630681818,4.4352941176,0
3307,60.0,415.0,4.3866995074,5.6849315068,0
3308,60.0,555.0,4.0671641791,6.0989010989,0
3309,80.0,655.0,4.534375,4.5804195804,0
3310,31.0,216.0,3.8909952607,5.6842105263,0
3311,46.0,385.0,3.7134831461,5.6617647059,0
3312,50.0,458.0,3.9953379953,6.1891891892,0
3313,53.0,433.0,3.993006993,4.8111111111,0
3314,78.0,632.0,4.1888,8.7777777778,0
3315,67.0,666.0,4.1756329114,5.8938053097,1
3316,50.0,410.0,4.0078740157,7.5925925926,1
3317,48.0,390.0,4.2572944297,5.7352941176,1
3318,36.0,328.0,4.2267080745,6.431372549,0
3319,24.0,169.0,4.3144654088,5.28125,0
3320,93.0,841.0,4.2561307902,6.9504132231,1
3321,56.0,644.0,4.2868852459,8.4736842105,0
3322,53.0,357.0,4.1572700297,5.8524590164,0
3323,95.0,544.0,4.2337164751,4.9454545455,0
3324,68.0,518.0,3.7606490872,5.3958333333,0
3325,85.0,715.0,4.1307692308,6.5596330275,1
3326,44.0,264.0,4.162055336,6.0,0
3327,6.0,26.0,4.4210526316,0.0,0
3328,50.0,276.0,4.2527881041,5.52,0
3329,62.0,296.0,4.1853146853,7.5897435897,1
3330,67.0,533.0,4.2960151803,5.2254901961,1
3331,77.0,627.0,4.3656093489,5.8055555556,0
3332,79.0,590.0,3.9772727273,7.4683544304,1
3333,71.0,212.0,4.5751295337,13.25,0
3334,19.0,415.0,4.4606413994,7.2807017544,1
3335,40.0,1079.0,4.3122317597,7.7625899281,1
3336,28.0,414.0,4.505952381,6.9,0
3337,12.0,372.0,4.3146417445,7.75,1
3338,39.0,1084.0,4.2183544304,6.5301204819,0
3339,19.0,397.0,4.4371069182,7.2181818182,1
3340,37.0,993.0,4.265717675,6.7094594595,1
3341,55.0,986.0,4.1937888199,6.7074829932,1
3342,44.0,1083.0,4.2723311547,7.9051094891,1
3343,36.0,834.0,4.1590574374,7.4464285714,1
3344,38.0,633.0,4.3793774319,8.5540540541,1
3345,17.0,324.0,4.1846153846,6.3529411765,1
3346,20.0,316.0,4.0789473684,8.5405405405,1
3347,31.0,965.0,4.4468599034,7.5390625,1
3348,28.0,652.0,4.3009345794,7.0107526882,1
3349,21.0,743.0,4.0564263323,7.213592233,1
3350,45.0,867.0,4.2275280899,8.4174757282,1
3351,48.0,919.0,4.2522996058,7.2362204724,0
3352,19.0,477.0,4.1666666667,8.8333333333,1
3353,31.0,726.0,4.2487961477,7.1176470588,1
3354,35.0,892.0,4.2411924119,7.2520325203,1
3355,82.0,809.0,3.7843704776,6.472,1
3356,48.0,420.0,3.9673366834,6.3636363636,0
3357,78.0,643.0,4.0172711572,7.6547619048,1
3358,130.0,870.0,4.1893004115,7.5,1
3359,60.0,391.0,4.2792022792,5.2133333333,1
3360,80.0,521.0,4.0955165692,5.6021505376,1
3361,94.0,830.0,4.2219286658,6.6935483871,0
3362,80.0,606.0,4.098615917,7.7692307692,0
3363,87.0,761.0,3.907275321,7.0462962963,1
3364,69.0,375.0,3.7608695652,5.4347826087,0
3365,88.0,560.0,4.3037735849,6.0215053763,1
3366,79.0,743.0,4.097810219,6.7545454545,1
3367,59.0,446.0,4.3193069307,8.92,1
3368,50.0,308.0,3.7692307692,5.4035087719,0
3369,96.0,743.0,4.0692307692,8.6395348837,1
3370,63.0,549.0,3.8886792453,5.8404255319,1
3371,82.0,748.0,4.2192982456,6.2333333333,0
3372,92.0,790.0,3.9067567568,7.6699029126,1
3373,67.0,450.0,4.25,5.6962025316,1
3374,50.0,404.0,4.3264781491,7.2142857143,0
3375,50.0,458.0,3.9196428571,6.1891891892,0
3376,58.0,486.0,4.0380313199,6.5675675676,1
3377,80.0,383.0,3.9712793734,6.7192982456,0
3378,100.0,910.0,3.873164219,7.3387096774,1
3379,101.0,767.0,4.3051317614,6.7280701754,1
3380,71.0,506.0,4.0673684211,7.90625,0
3381,83.0,710.0,3.9507959479,6.1206896552,1
3382,94.0,789.0,3.6241610738,8.4838709677,0
3383,54.0,519.0,3.9333333333,7.0135135135,0
3384,92.0,670.0,4.2882447665,3.9411764706,1
3385,64.0,527.0,4.0501002004,5.7912087912,0
3386,93.0,663.0,4.0839813375,6.5,1
3387,76.0,606.0,3.9387755102,6.8863636364,1
3388,49.0,481.0,4.0202702703,5.7951807229,1
3389,92.0,817.0,3.6844106464,6.5887096774,1
3390,58.0,391.0,3.9820971867,4.8271604938,0
3391,59.0,493.0,3.9926470588,10.4893617021,1
3392,94.0,715.0,4.052407932,5.3358208955,1
3393,53.0,543.0,3.9677419355,6.4642857143,1
3394,72.0,666.0,4.0747028862,7.2391304348,0
3395,54.0,371.0,4.0557103064,5.3,0
3396,72.0,624.0,4.2377495463,8.1038961039,1
3397,93.0,745.0,4.1631097561,7.45,0
3398,71.0,649.0,4.0323679727,4.7372262774,1
3399,65.0,606.0,4.0462962963,8.301369863,1
3400,61.0,512.0,3.8191964286,6.6493506494,1
3401,60.0,541.0,4.1364522417,7.7285714286,1
3402,108.0,849.0,4.0654685494,7.7181818182,1
3403,97.0,970.0,4.2823660714,7.0802919708,1
3404,88.0,703.0,4.336858006,8.4698795181,1
3405,79.0,594.0,4.051457976,6.3191489362,0
3406,57.0,719.0,4.2230652504,6.8476190476,1
3407,83.0,655.0,4.445026178,8.0864197531,0
3408,63.0,412.0,4.0521978022,8.9565217391,1
3409,91.0,865.0,4.3634085213,4.481865285,0
3410,141.0,1255.0,4.3313043478,6.6402116402,1
3411,96.0,576.0,4.0867992767,5.702970297,0
3412,37.0,396.0,4.2550724638,7.7647058824,1
3413,66.0,548.0,4.1708737864,7.3066666667,1
3414,114.0,856.0,4.5512465374,6.3880597015,1
3415,73.0,746.0,3.792,6.3220338983,0
3416,91.0,652.0,3.9431818182,7.6705882353,1
3417,152.0,1354.0,4.0867834395,8.5696202532,1
3418,48.0,347.0,4.1011904762,4.5657894737,1
3419,109.0,924.0,4.4914285714,6.6,1
3420,63.0,577.0,3.9623352166,6.632183908,1
3421,95.0,1092.0,4.2771084337,7.137254902,1
3422,96.0,690.0,4.2648809524,6.5714285714,0
3423,89.0,731.0,3.8244382022,5.6230769231,0
3424,64.0,593.0,3.9233449477,6.6629213483,0
3425,98.0,737.0,4.323782235,5.4191176471,1
3426,69.0,587.0,3.9391304348,6.6704545455,1
3427,95.0,836.0,4.6819338422,8.9892473118,1
3428,96.0,878.0,4.0395408163,13.5076923077,0
3429,78.0,505.0,3.7958333333,6.2345679012,1
3430,101.0,870.0,4.1066499373,6.0416666667,1
3431,64.0,389.0,3.9477806789,5.5571428571,1
3432,82.0,539.0,4.0910815939,6.125,1
3433,98.0,908.0,3.8396226415,9.2653061224,1
3434,77.0,748.0,4.4381679389,8.404494382,0
3435,80.0,626.0,4.321299639,7.1954022989,1
3436,40.0,665.0,3.9493670886,6.1574074074,0
3437,69.0,609.0,3.8638743455,7.0813953488,0
3438,66.0,454.0,3.8058252427,7.8275862069,0
3439,161.0,1126.0,3.9721362229,5.9576719577,1
3440,93.0,692.0,4.1198224852,6.7184466019,1
3441,44.0,260.0,4.0708333333,14.4444444444,1
3442,56.0,418.0,3.9792207792,6.4307692308,1
3443,89.0,726.0,4.3338257016,7.8913043478,1
3444,58.0,384.0,3.9622093023,6.1935483871,1
3445,57.0,611.0,4.026642984,5.7102803738,0
3446,127.0,929.0,4.1145320197,6.1933333333,1
3447,56.0,390.0,3.7526595745,5.8208955224,1
3448,60.0,455.0,4.0311111111,6.8939393939,1
3449,63.0,733.0,4.2067901235,8.0549450549,1
3450,36.0,399.0,3.8145695364,8.4893617021,1
3451,60.0,607.0,4.4694915254,6.4574468085,0
3452,65.0,588.0,3.8455882353,7.35,1
3453,64.0,855.0,4.2360742706,6.2867647059,1
3454,97.0,863.0,4.3492063492,6.904,1
3455,60.0,672.0,4.2640625,6.72,0
3456,63.0,551.0,4.1033138402,5.9247311828,1
3457,47.0,214.0,3.9812206573,6.1142857143,1
3458,21.0,182.0,3.9791666667,8.2727272727,1
3459,74.0,676.0,4.1159196291,6.5,1
3460,72.0,584.0,4.2824156306,5.7254901961,1
3461,50.0,844.0,4.0435323383,5.9858156028,1
3462,128.0,1019.0,4.0523560209,7.2785714286,1
3463,37.0,270.0,4.079245283,5.1923076923,0
3464,34.0,190.0,4.091954023,4.75,1
3465,119.0,956.0,3.8834841629,6.0125786164,0
3466,56.0,586.0,3.8723404255,4.578125,1
3467,65.0,531.0,4.4299424184,6.8961038961,0
3468,1.0,13.0,2.7692307692,6.5,0
3469,77.0,694.0,3.8791540785,4.5064935065,1
3470,23.0,151.0,4.0145985401,9.4375,0
3471,42.0,328.0,4.2,10.25,0
3472,118.0,1014.0,3.6500566251,6.1084337349,0
3473,140.0,933.0,4.4810126582,6.8102189781,1
3474,30.0,144.0,5.9487179487,7.2,0
3475,84.0,629.0,4.2682119205,6.1666666667,1
3476,54.0,494.0,4.2186836518,6.8611111111,0
3477,8.0,47.0,4.3111111111,15.6666666667,0
3478,77.0,486.0,4.0316742081,8.1,0
3479,7.0,14.0,3.5,7.0,0
3480,26.0,211.0,4.5175879397,6.2058823529,0
3481,72.0,680.0,3.886996904,6.6019417476,0
3482,20.0,88.0,5.5921052632,7.3333333333,0
3483,51.0,575.0,3.9801801802,6.7647058824,0
3484,25.0,97.0,4.688172043,10.7777777778,0
3485,11.0,63.0,3.9795918367,6.3,0
3486,64.0,624.0,4.5326732673,7.3411764706,1
3487,104.0,882.0,3.9301775148,6.6818181818,0
3488,18.0,132.0,3.8867924528,9.4285714286,1
3489,17.0,178.0,3.8666666667,9.8888888889,1
3490,89.0,798.0,3.6813793103,8.0606060606,0
3491,6.0,155.0,4.0915492958,10.3333333333,0
3492,12.0,76.0,3.3484848485,19.0,1
3493,39.0,368.0,3.8438538206,8.5581395349,1
3494,12.0,144.0,4.2222222222,28.8,1
3495,17.0,174.0,4.0617283951,4.8333333333,1
3496,20.0,183.0,4.2976190476,8.7142857143,1
3497,7.0,77.0,3.7323943662,4.8125,0
3498,7.0,71.0,3.2931034483,5.9166666667,1
3499,24.0,265.0,4.3454545455,6.625,0
3500,27.0,123.0,4.5877192982,4.5555555556,1
3501,10.0,44.0,3.4102564103,8.8,0
3502,18.0,206.0,4.0520833333,9.3636363636,0
3503,1.0,5.0,6.2,0.0,0
3504,96.0,743.0,4.0692307692,8.6395348837,1
3505,1.0,9.0,8.4285714286,0.0,0
3506,1.0,7.0,8.4,0.0,0
3507,53.0,297.0,4.5625,9.0,1
3508,12.0,168.0,3.2352941176,14.0,0
3509,1.0,12.0,6.4,12.0,0
3510,1.0,8.0,6.8333333333,0.0,0
3511,1.0,11.0,7.8888888889,0.0,0
3512,1.0,13.0,7.0,0.0,0
3513,14.0,42.0,3.8333333333,3.0,0
3514,71.0,716.0,3.8176197836,5.9666666667,0
3515,83.0,893.0,3.9931972789,12.0675675676,0
3516,126.0,1123.0,3.9851632047,10.1171171171,1
3517,95.0,549.0,4.29218107,7.8428571429,1
3518,171.0,1493.0,3.9701818182,10.5886524823,1
3519,96.0,806.0,4.4485094851,6.9482758621,1
3520,79.0,902.0,3.8236808237,7.7094017094,1
3521,51.0,331.0,3.9626168224,5.0923076923,0
3522,68.0,420.0,3.664160401,5.9154929577,1
3523,30.0,287.0,3.8340080972,7.5526315789,0
3524,31.0,248.0,3.5690376569,8.8571428571,0
3525,62.0,548.0,3.7310606061,5.2692307692,0
3526,110.0,1084.0,3.78140455,8.958677686,0
3527,61.0,485.0,3.9713656388,7.0289855072,1
3528,50.0,445.0,3.8618925831,9.4680851064,1
3529,42.0,449.0,4.017721519,6.803030303,1
3530,53.0,283.0,4.6506550218,5.66,0
3531,44.0,405.0,4.151193634,5.472972973,0
3532,45.0,384.0,3.9267605634,5.9076923077,0
3533,52.0,525.0,4.0250521921,7.3943661972,0
3534,98.0,813.0,3.8450134771,11.9558823529,1
3535,46.0,463.0,3.8080808081,6.8088235294,0
3536,83.0,721.0,3.937232525,5.9098360656,1
3537,100.0,779.0,3.4985955056,5.8134328358,1
3538,52.0,228.0,3.7678571429,5.8461538462,0
3539,25.0,215.0,4.76,5.9722222222,0
3540,55.0,411.0,4.3117647059,6.85,0
3541,56.0,366.0,3.7758112094,6.3103448276,0
3542,79.0,586.0,4.0647482014,5.6893203883,1
3543,55.0,538.0,4.0567226891,6.3294117647,0
3544,37.0,344.0,4.0566037736,7.0204081633,0
3545,109.0,920.0,4.1322115385,7.7966101695,1
3546,40.0,367.0,4.3024691358,6.0163934426,0
3547,101.0,682.0,3.7151607963,12.8679245283,1
3548,69.0,617.0,3.9181494662,15.425,1
3549,40.0,366.0,3.9441176471,7.1764705882,0
3550,54.0,509.0,3.8993576017,7.0694444444,1
3551,75.0,461.0,3.5796766744,5.7625,1
3552,92.0,582.0,3.7626811594,5.4392523364,0
3553,63.0,626.0,3.9943502825,6.9555555556,0
3554,42.0,250.0,3.548,5.2083333333,0
3555,76.0,486.0,4.237394958,7.4769230769,1
3556,88.0,740.0,3.8076311606,9.1358024691,0
3557,53.0,514.0,3.8923395445,6.0470588235,0
3558,14.0,100.0,3.2,5.5555555556,0
3559,89.0,783.0,3.579020979,5.514084507,0
3560,106.0,625.0,4.0698835275,4.9212598425,0
3561,60.0,329.0,4.142384106,4.8382352941,0
3562,90.0,838.0,3.6063977747,21.4871794872,1
3563,24.0,184.0,4.1534090909,9.2,0
3564,56.0,471.0,3.8222748815,6.4520547945,0
3565,37.0,199.0,3.9548022599,13.2666666667,0
3566,50.0,432.0,4.4504950495,10.0465116279,0
3567,55.0,311.0,3.7201365188,6.22,0
3568,38.0,285.0,4.3536121673,8.90625,0
3569,1.0,4.0,7.0,0.0,0
3570,35.0,277.0,3.95703125,5.3269230769,0
3571,41.0,293.0,3.8426966292,5.3272727273,0
3572,44.0,234.0,3.912037037,5.0869565217,0
3573,23.0,177.0,4.2046783626,14.75,0
3574,20.0,252.0,3.8931623932,7.4117647059,0
3575,59.0,444.0,3.9170984456,5.2857142857,0
3576,28.0,164.0,3.7179487179,5.6551724138,0
3577,36.0,190.0,4.2865168539,5.2777777778,0
3578,18.0,216.0,3.9857819905,4.32,0
3579,28.0,231.0,3.7356828194,4.914893617,1
3580,1.0,7.0,5.0,0.0,0
3581,5.0,9.0,2.75,3.0,0
3582,34.0,363.0,2.9905362776,6.9807692308,0
3583,24.0,180.0,3.7261904762,5.8064516129,0
3584,77.0,681.0,4.3104,20.0294117647,1
3585,16.0,135.0,3.6806722689,4.6551724138,0
3586,33.0,151.0,3.8120805369,5.2068965517,0
3587,54.0,232.0,3.5898617512,6.4444444444,0
3588,62.0,390.0,3.9070422535,4.6428571429,0
3589,33.0,110.0,4.4905660377,4.4,0
3590,21.0,120.0,3.6722689076,4.6153846154,0
3591,30.0,266.0,3.2182539683,9.5,0
3592,25.0,203.0,4.3542857143,4.9512195122,0
3593,46.0,192.0,3.6,5.6470588235,0
3594,24.0,209.0,3.92039801,6.9666666667,0
3595,25.0,176.0,3.7443181818,4.8888888889,1
3596,30.0,155.0,3.9337748344,5.9615384615,0
3597,46.0,321.0,3.7762711864,6.42,0
3598,1.0,5.0,6.8,0.0,0
3599,35.0,196.0,4.4132653061,4.6666666667,0
3600,18.0,101.0,3.9270833333,4.8095238095,0
3601,22.0,122.0,3.775862069,7.1764705882,0
3602,43.0,246.0,4.0203252033,5.347826087,0
3603,20.0,187.0,3.6737967914,5.3428571429,0
3604,39.0,250.0,3.5956521739,9.2592592593,0
3605,32.0,264.0,3.9294605809,7.1351351351,0
3606,53.0,335.0,3.7867132867,8.8157894737,0
3607,32.0,174.0,4.4855491329,5.8,0
3608,35.0,213.0,4.2285714286,5.325,0
3609,33.0,184.0,3.6483516484,9.2,0
3610,42.0,259.0,4.4693877551,9.5925925926,0
3611,29.0,156.0,3.9802631579,5.0322580645,0
3612,36.0,272.0,3.8387096774,7.3513513514,1
3613,54.0,308.0,3.8419243986,5.6,0
3614,32.0,252.0,3.512295082,8.6896551724,1
3615,24.0,134.0,3.9090909091,4.7857142857,0
3616,34.0,206.0,3.9603960396,4.9047619048,0
3617,26.0,140.0,4.4855072464,4.8275862069,1
3618,49.0,189.0,3.449704142,6.0967741935,0
3619,15.0,80.0,3.358974359,4.7058823529,0
3620,24.0,146.0,3.9726027397,6.6363636364,0
3621,39.0,223.0,4.0052910053,7.1935483871,0
3622,22.0,131.0,3.7480916031,6.2380952381,0
3623,20.0,192.0,3.8655913978,6.4,1
3624,47.0,302.0,3.6508474576,5.9215686275,0
3625,1.0,3.0,9.6666666667,0.0,0
3626,27.0,160.0,3.487012987,5.0,0
3627,31.0,158.0,3.7658227848,4.9375,0
3628,24.0,150.0,3.8866666667,7.1428571429,1
3629,28.0,142.0,3.9290780142,4.7333333333,0
3630,24.0,149.0,4.1586206897,4.1388888889,0
3631,8.0,60.0,4.52,6.0,0
3632,42.0,158.0,3.7151898734,5.2666666667,0
3633,1.0,108.0,4.0185185185,6.0,0
3634,20.0,134.0,3.5537190083,22.3333333333,0
3635,1.0,10.0,3.625,10.0,0
3636,18.0,167.0,3.994011976,5.7586206897,0
3637,27.0,166.0,4.0787878788,5.724137931,0
3638,23.0,183.0,4.216374269,5.71875,0
3639,22.0,125.0,4.0642201835,4.3103448276,0
3640,30.0,277.0,3.8698884758,6.0217391304,0
3641,41.0,207.0,3.7198067633,4.14,0
3642,33.0,205.0,3.8926829268,6.2121212121,1
3643,22.0,130.0,4.2,10.8333333333,0
3644,24.0,186.0,3.6740331492,5.1666666667,1
3645,13.0,72.0,4.3611111111,5.5384615385,0
3646,28.0,217.0,3.534562212,4.9318181818,0
3647,99.0,706.0,3.8724082935,8.4047619048,0
3648,31.0,344.0,3.7640117994,4.7777777778,0
3649,26.0,141.0,3.8195488722,6.4090909091,0
3650,23.0,141.0,3.6666666667,5.2222222222,0
3651,24.0,149.0,3.9657534247,4.1388888889,0
3652,31.0,220.0,3.8679245283,9.1666666667,0
3653,29.0,238.0,3.8810572687,5.5348837209,1
3654,19.0,107.0,3.5943396226,26.75,0
3655,32.0,191.0,4.2789473684,4.8974358974,0
3656,1.0,3.0,7.6666666667,0.0,0
3657,1.0,4.0,6.75,0.0,0
3658,1.0,6.0,5.1666666667,0.0,0
3659,23.0,107.0,3.9504950495,21.4,0
3660,1.0,3.0,8.0,0.0,0
3661,58.0,491.0,4.012708814,6.764171123000001,0
3662,58.0,491.0,4.012708814,6.764171123000001,0
3663,58.0,491.0,4.012708814,6.764171123000001,1
3664,58.0,491.0,4.012708814,6.764171123000001,1
3665,58.0,491.0,4.012708814,6.764171123000001,0
3666,58.0,491.0,4.012708814,6.764171123000001,1
3667,58.0,491.0,4.012708814,6.764171123000001,0
3668,58.0,491.0,4.012708814,6.764171123000001,1
3669,58.0,491.0,4.012708814,6.764171123000001,1
3670,58.0,491.0,4.012708814,6.764171123000001,0
3671,58.0,491.0,4.012708814,6.764171123000001,1
3672,58.0,491.0,4.012708814,6.764171123000001,1
3673,58.0,491.0,4.012708814,6.764171123000001,1
3674,58.0,491.0,4.012708814,6.764171123000001,1
3675,58.0,491.0,4.012708814,6.764171123000001,1
3676,58.0,491.0,4.012708814,6.764171123000001,0
3677,58.0,491.0,4.012708814,6.764171123000001,0
3678,58.0,491.0,4.012708814,6.764171123000001,1
3679,58.0,491.0,4.012708814,6.764171123000001,0
3680,58.0,491.0,4.012708814,6.764171123000001,1
3681,58.0,491.0,4.012708814,6.764171123000001,0
3682,58.0,491.0,4.012708814,6.764171123000001,1
3683,58.0,491.0,4.012708814,6.764171123000001,0
3684,58.0,491.0,4.012708814,6.764171123000001,0
3685,58.0,491.0,4.012708814,6.764171123000001,1
3686,58.0,491.0,4.012708814,6.764171123000001,0
3687,58.0,491.0,4.012708814,6.764171123000001,1
3688,58.0,491.0,4.012708814,6.764171123000001,1
3689,58.0,491.0,4.012708814,6.764171123000001,0
3690,58.0,491.0,4.012708814,6.764171123000001,1
3691,58.0,491.0,4.012708814,6.764171123000001,0
3692,58.0,491.0,4.012708814,6.764171123000001,0
3693,58.0,491.0,4.012708814,6.764171123000001,0
3694,58.0,491.0,4.012708814,6.764171123000001,0
3695,58.0,491.0,4.012708814,6.764171123000001,1
3696,58.0,491.0,4.012708814,6.764171123000001,0
3697,58.0,491.0,4.012708814,6.764171123000001,0
3698,58.0,491.0,4.012708814,6.764171123000001,1
3699,58.0,491.0,4.012708814,6.764171123000001,0
3700,58.0,491.0,4.012708814,6.764171123000001,1
3701,58.0,491.0,4.012708814,6.764171123000001,0
3702,58.0,491.0,4.012708814,6.764171123000001,0
3703,58.0,491.0,4.012708814,6.764171123000001,0
3704,58.0,491.0,4.012708814,6.764171123000001,1
3705,58.0,491.0,4.012708814,6.764171123000001,0
3706,58.0,491.0,4.012708814,6.764171123000001,0
3707,58.0,491.0,4.012708814,6.764171123000001,1
3708,58.0,491.0,4.012708814,6.764171123000001,1
3709,58.0,491.0,4.012708814,6.764171123000001,0
3710,58.0,491.0,4.012708814,6.764171123000001,0
3711,58.0,491.0,4.012708814,6.764171123000001,0
3712,58.0,491.0,4.012708814,6.764171123000001,0
3713,58.0,491.0,4.012708814,6.764171123000001,1
3714,58.0,491.0,4.012708814,6.764171123000001,0
3715,58.0,491.0,4.012708814,6.764171123000001,0
3716,58.0,491.0,4.012708814,6.764171123000001,0
3717,58.0,491.0,4.012708814,6.764171123000001,0
3718,58.0,491.0,4.012708814,6.764171123000001,1
3719,58.0,491.0,4.012708814,6.764171123000001,0
3720,58.0,491.0,4.012708814,6.764171123000001,0
3721,58.0,491.0,4.012708814,6.764171123000001,0
3722,58.0,491.0,4.012708814,6.764171123000001,0
3723,58.0,491.0,4.012708814,6.764171123000001,1
3724,58.0,491.0,4.012708814,6.764171123000001,0
3725,58.0,491.0,4.012708814,6.764171123000001,0
3726,58.0,491.0,4.012708814,6.764171123000001,1
3727,58.0,491.0,4.012708814,6.764171123000001,1
3728,58.0,491.0,4.012708814,6.764171123000001,0
3729,58.0,491.0,4.012708814,6.764171123000001,0
3730,58.0,491.0,4.012708814,6.764171123000001,0
3731,58.0,491.0,4.012708814,6.764171123000001,0
3732,58.0,491.0,4.012708814,6.764171123000001,0
3733,58.0,491.0,4.012708814,6.764171123000001,0
3734,74.0,598.0,4.1837524178,8.3055555556,1
3735,59.0,495.0,4.2505543237,5.9638554217,1
3736,51.0,389.0,4.0973451327,7.0727272727,1
3737,47.0,460.0,3.6780487805,6.301369863,1
3738,43.0,425.0,3.8512658228,8.1730769231,1
3739,49.0,475.0,3.8728179551,8.7962962963,0
3740,60.0,669.0,3.9928952043,8.6883116883,1
3741,58.0,541.0,4.0737527115,7.7285714286,1
3742,59.0,575.0,4.0705128205,7.2784810127,1
3743,55.0,439.0,3.9201995012,6.1830985915,1
3744,61.0,425.0,4.0813648294,6.8548387097,1
3745,62.0,629.0,3.9459459459,7.578313253,1
3746,59.0,572.0,3.8644688645,7.0617283951,1
3747,81.0,805.0,3.9143730887,7.6666666667,1
3748,53.0,632.0,3.8301526718,6.3838383838,1
3749,49.0,408.0,4.0773480663,7.5555555556,0
3750,74.0,637.0,4.1713747646,7.1573033708,1
3751,49.0,389.0,4.1825842697,5.7205882353,1
3752,65.0,485.0,3.9257540603,6.4666666667,1
3753,73.0,438.0,3.95599022,5.1529411765,0
3754,70.0,641.0,4.0385321101,6.1047619048,0
3755,60.0,521.0,4.3326315789,5.6021505376,1
3756,66.0,530.0,4.1,6.5432098765,1
3757,80.0,734.0,4.0845272206,6.4955752212,0
3758,92.0,794.0,4.046852123,9.0227272727,0
3759,140.0,1363.0,4.0138203356,8.908496732,1
3760,47.0,517.0,4.052173913,6.8933333333,1
3761,66.0,536.0,3.8475750577,12.1818181818,0
3762,59.0,485.0,3.7803203661,6.8309859155,1
3763,61.0,528.0,3.7173913043,7.1351351351,1
3764,70.0,495.0,4.0354767184,6.0365853659,1
3765,47.0,493.0,4.0167064439,6.5733333333,1
3766,50.0,553.0,3.9187192118,9.701754386,1
3767,58.0,587.0,4.08,7.3375,1
3768,45.0,469.0,4.0262467192,8.6851851852,1
3769,52.0,620.0,3.9601593625,8.8571428571,1
3770,55.0,403.0,4.0610079576,6.3968253968,0
3771,76.0,504.0,3.8397435897,7.0985915493,0
3772,47.0,442.0,4.1675126904,6.90625,1
3773,45.0,288.0,4.0546875,5.4339622642,1
3774,78.0,732.0,3.7328,8.2247191011,1
3775,47.0,502.0,3.7224880383,8.0967741935,1
3776,62.0,643.0,3.865248227,6.9891304348,1
3777,80.0,547.0,3.9942418426,6.8375,1
3778,93.0,596.0,3.9198473282,6.2736842105,0
3779,111.0,816.0,4.4371584699,6.8571428571,1
3780,61.0,587.0,3.8165322581,9.9491525424,0
3781,82.0,538.0,4.0277777778,6.0449438202,1
3782,57.0,451.0,4.1069651741,6.2638888889,1
3783,95.0,627.0,4.0918196995,6.7419354839,1
3784,30.0,297.0,3.8333333333,6.75,0
3785,38.0,336.0,4.0341614907,5.6949152542,0
3786,70.0,446.0,4.1265206813,7.1935483871,1
3787,102.0,611.0,3.9710884354,5.9901960784,1
3788,102.0,1006.0,4.168161435,6.4903225806,1
3789,68.0,484.0,3.776744186,5.8313253012,1
3790,41.0,376.0,4.2257053292,7.3725490196,0
3791,81.0,595.0,4.0393258427,6.5384615385,1
3792,40.0,307.0,4.0528169014,5.9038461538,1
3793,47.0,387.0,4.2742382271,6.45,1
3794,66.0,659.0,3.75,5.4462809917,0
3795,56.0,474.0,3.6971153846,6.8695652174,1
3796,61.0,475.0,4.1415929204,5.3977272727,1
3797,54.0,564.0,3.9164835165,8.8125,1
3798,74.0,693.0,4.4682395644,7.0714285714,0
3799,57.0,593.0,4.140077821,8.4714285714,1
3800,99.0,826.0,3.9957264957,5.9424460432,1
3801,38.0,381.0,3.9221556886,7.7755102041,0
3802,52.0,583.0,3.9752380952,6.5505617978,1
3803,82.0,696.0,4.1222570533,6.6285714286,0
3804,88.0,808.0,4.0105540897,7.8446601942,1
3805,37.0,349.0,3.9117647059,6.8431372549,0
3806,73.0,563.0,4.2157996146,5.4660194175,1
3807,67.0,700.0,4.1739811912,6.1946902655,1
3808,85.0,693.0,4.251177394,5.8235294118,1
3809,39.0,460.0,4.0223880597,6.9696969697,1
3810,70.0,566.0,4.1321100917,4.7166666667,0
3811,76.0,570.0,3.954379562,6.2637362637,1
3812,29.0,319.0,3.778597786,9.3823529412,1
3813,117.0,703.0,3.9555555556,6.0603448276,1
3814,83.0,752.0,3.9093567251,6.1138211382,0
3815,38.0,401.0,3.9375,7.0350877193,1
3816,36.0,402.0,4.0119760479,8.04,1
3817,36.0,354.0,3.9444444444,8.4285714286,1
3818,54.0,612.0,4.0487804878,5.9417475728,1
3819,45.0,393.0,3.860058309,6.8947368421,0
3820,63.0,518.0,4.2421052632,8.4918032787,1
3821,38.0,375.0,3.7253731343,5.1369863014,0
3822,117.0,701.0,3.9936102236,6.2589285714,1
3823,52.0,470.0,4.1095890411,6.9117647059,1
3824,46.0,421.0,3.807486631,6.4769230769,0
3825,77.0,514.0,4.0656063618,5.976744186,1
3826,47.0,491.0,4.0909090909,6.2948717949,1
3827,15.0,176.0,4.1258741259,9.7777777778,0
3828,17.0,200.0,4.0397727273,10.0,1
3829,27.0,284.0,4.0420168067,7.4736842105,1
3830,108.0,780.0,3.7082728592,6.2903225806,1
3831,55.0,401.0,4.0081521739,5.2077922078,1
3832,68.0,425.0,4.2909090909,5.4487179487,1
3833,51.0,345.0,3.9721362229,6.0526315789,1
3834,75.0,567.0,4.0100200401,7.4605263158,1
3835,22.0,210.0,4.1358695652,7.7777777778,1
3836,32.0,274.0,4.1908713693,6.6829268293,0
3837,54.0,481.0,3.7685185185,6.6805555556,1
3838,33.0,297.0,4.09765625,8.25,1
3839,77.0,612.0,4.0963222417,4.6015037594,0
3840,87.0,553.0,3.8546168959,5.3689320388,1
3841,82.0,598.0,4.0242214533,8.1917808219,1
3842,67.0,473.0,4.1241830065,6.5694444444,0
3843,57.0,452.0,4.028436019,6.1081081081,1
3844,75.0,583.0,4.0341113106,6.8588235294,1
3845,97.0,810.0,4.1007751938,7.2321428571,1
3846,38.0,301.0,4.21875,6.1428571429,0
3847,84.0,595.0,4.0017482517,5.8910891089,1
3848,82.0,687.0,3.8491803279,6.0796460177,1
3849,45.0,188.0,4.2024539877,5.0810810811,1
3850,26.0,191.0,4.0787878788,6.1612903226,1
3851,63.0,515.0,3.9474747475,6.2048192771,1
3852,54.0,485.0,3.977827051,6.8309859155,1
3853,126.0,710.0,3.8228228228,6.1739130435,1
3854,94.0,780.0,4.0659340659,5.2348993289,1
3855,103.0,636.0,3.9674952199,5.9439252336,0
3856,51.0,222.0,4.1635514019,10.0909090909,1
3857,96.0,647.0,4.2434325744,7.1888888889,1
3858,27.0,236.0,4.4215246637,5.488372093,0
3859,115.0,679.0,3.8245614035,6.6568627451,1
3860,32.0,249.0,3.7192982456,7.78125,1
3861,33.0,332.0,4.0,5.1875,1
3862,39.0,828.0,4.5739484396,9.0989010989,1
3863,17.0,169.0,4.2857142857,7.0416666667,0
3864,17.0,168.0,4.3101265823,7.0,0
3865,25.0,142.0,4.0,8.875,1
3866,4.0,24.0,3.7619047619,8.0,0
3867,18.0,160.0,4.1888111888,5.9259259259,1
3868,16.0,119.0,3.8965517241,5.95,1
3869,71.0,515.0,4.1715481172,6.3580246914,0
3870,68.0,404.0,4.1023622047,7.3454545455,1
3871,70.0,584.0,3.9418837675,9.4193548387,0
3872,119.0,718.0,4.4848966614,8.8641975309,1
3873,58.0,624.0,4.0142095915,5.0322580645,1
3874,66.0,560.0,4.2430278884,6.2222222222,1
3875,82.0,586.0,4.0054744526,9.4516129032,0
3876,78.0,511.0,4.0814977974,7.5147058824,1
3877,89.0,680.0,4.5750915751,13.0769230769,0
3878,61.0,481.0,4.2949640288,7.6349206349,0
3879,103.0,684.0,4.2341463415,5.3023255814,1
3880,61.0,558.0,4.49,8.2058823529,1
3881,85.0,564.0,4.2978723404,6.1978021978,0
3882,76.0,532.0,4.1681034483,7.7101449275,0
3883,97.0,726.0,3.8188854489,8.0666666667,1
3884,73.0,702.0,3.9079563183,9.0,0
3885,78.0,679.0,4.1727416799,6.6568627451,1
3886,65.0,644.0,4.3823529412,5.962962963,1
3887,86.0,558.0,4.2079207921,6.975,1
3888,76.0,451.0,4.5288220551,7.2741935484,1
3889,51.0,447.0,4.1682926829,6.5735294118,0
3890,75.0,597.0,3.8724202627,6.0303030303,1
3891,73.0,522.0,4.1904761905,8.0307692308,0
3892,53.0,491.0,4.3215962441,8.0491803279,1
3893,80.0,669.0,4.2366548043,6.1376146789,1
3894,91.0,539.0,4.6563106796,6.5731707317,1
3895,65.0,531.0,4.2201257862,12.6428571429,1
3896,67.0,550.0,4.1971252567,7.0512820513,0
3897,49.0,455.0,4.3907103825,9.2857142857,0
3898,88.0,855.0,4.2967479675,12.7611940299,1
3899,80.0,734.0,4.3823088456,6.6727272727,1
3900,67.0,560.0,4.1821862348,7.4666666667,1
3901,76.0,557.0,4.1741803279,8.3134328358,1
3902,86.0,603.0,4.2203098107,6.4838709677,1
3903,93.0,686.0,4.4440789474,7.0,1
3904,73.0,502.0,3.9475890985,10.6808510638,1
3905,75.0,728.0,4.4296520424,7.4285714286,1
3906,62.0,580.0,4.0018518519,8.2857142857,0
3907,79.0,609.0,3.9003831418,9.8225806452,0
3908,83.0,484.0,4.0897435897,5.8313253012,0
3909,67.0,646.0,4.1229773463,5.8198198198,0
3910,71.0,662.0,4.2196836555,7.4382022472,1
3911,68.0,476.0,4.4369369369,5.2888888889,1
3912,91.0,848.0,4.2512953368,10.2168674699,1
3913,50.0,466.0,4.5222482436,8.1754385965,0
3914,76.0,710.0,4.0121028744,8.4523809524,0
3915,72.0,592.0,4.1650294695,8.9696969697,0
3916,98.0,643.0,4.5445026178,8.5733333333,1
3917,93.0,686.0,4.2573770492,7.7078651685,0
3918,91.0,638.0,4.1957671958,9.5223880597,1
3919,68.0,449.0,4.6487804878,6.0675675676,1
3920,67.0,447.0,4.5867346939,6.8769230769,1
3921,73.0,593.0,4.2418181818,6.1770833333,1
3922,78.0,515.0,4.0495867769,7.2535211268,0
3923,80.0,586.0,4.3536585366,7.2345679012,1
3924,78.0,631.0,4.352739726,5.1721311475,1
3925,78.0,658.0,4.1835564054,8.6578947368,0
3926,71.0,453.0,4.6306532663,7.3064516129,0
3927,83.0,500.0,4.1736111111,6.9444444444,0
3928,91.0,758.0,4.08,8.8139534884,1
3929,26.0,235.0,4.0558375635,19.5833333333,0
3930,59.0,428.0,4.3136246787,9.1063829787,0
3931,119.0,667.0,4.8213689482,7.0957446809,0
3932,60.0,453.0,3.9383033419,8.7115384615,1
3933,85.0,608.0,4.1910714286,8.0,1
3934,92.0,522.0,4.4112149533,9.6666666667,0
3935,97.0,597.0,4.9147424512,7.96,1
3936,100.0,663.0,4.1502683363,7.8,1
3937,55.0,432.0,3.9238329238,7.8545454545,1
3938,95.0,603.0,4.2928571429,5.3839285714,1
3939,62.0,599.0,4.2378277154,8.9402985075,1
3940,84.0,619.0,4.216730038,7.5487804878,1
3941,83.0,729.0,3.9533762058,7.29,1
3942,32.0,168.0,3.2142857143,42.0,0
3943,117.0,792.0,4.1160839161,7.0714285714,1
3944,75.0,540.0,4.0187110187,6.75,1
3945,57.0,331.0,4.0222222222,6.8958333333,1
3946,56.0,561.0,3.9512195122,6.4482758621,0
3947,41.0,335.0,4.4752475248,4.4078947368,0
3948,87.0,594.0,4.7490494297,6.75,1
3949,68.0,521.0,4.2054507338,8.2698412698,1
3950,93.0,730.0,3.7415730337,9.012345679,1
3951,44.0,418.0,3.8392857143,6.4307692308,0
3952,56.0,440.0,3.9754299754,7.5862068966,1
3953,75.0,627.0,4.2452830189,7.6463414634,1
3954,76.0,492.0,5.2729306488,4.2051282051,0
3955,100.0,753.0,3.9153094463,9.1829268293,1
3956,56.0,560.0,4.1937984496,7.8873239437,1
3957,76.0,720.0,3.9831804281,8.1818181818,1
3958,83.0,598.0,4.6007067138,7.119047619,1
3959,72.0,443.0,3.9650872818,6.8153846154,1
3960,71.0,552.0,3.9257028112,7.2631578947,1
3961,60.0,415.0,4.3684210526,11.2162162162,0
3962,44.0,432.0,4.0442708333,6.5454545455,0
3963,100.0,880.0,3.7200504414,10.4761904762,1
3964,87.0,597.0,3.9049360146,7.5569620253,1
3965,78.0,556.0,4.363256785,5.914893617,0
3966,72.0,554.0,4.0795918367,5.7113402062,1
3967,69.0,551.0,4.8113207547,5.8617021277,1
3968,36.0,257.0,4.548245614,8.8620689655,0
3969,84.0,521.0,4.4317673378,5.1584158416,0
3970,79.0,677.0,4.2521150592,7.2021276596,1
3971,95.0,652.0,4.375862069,4.8296296296,1
3972,53.0,458.0,3.9570707071,6.5428571429,1
3973,42.0,347.0,4.6959247649,9.9142857143,1
3974,62.0,507.0,4.0483870968,9.0535714286,1
3975,85.0,761.0,4.2233883058,9.2804878049,1
3976,72.0,425.0,4.4053398058,6.8548387097,0
3977,73.0,557.0,3.8833333333,5.6262626263,1
3978,66.0,594.0,4.2572463768,5.6571428571,1
3979,90.0,548.0,4.0229445507,13.7,0
3980,90.0,669.0,4.6893687708,7.6896551724,1
3981,108.0,771.0,3.8690647482,3.855,1
3982,93.0,697.0,3.7608695652,8.1046511628,1
3983,79.0,640.0,3.9647266314,7.5294117647,1
3984,78.0,644.0,4.1057692308,6.5714285714,0
3985,78.0,700.0,4.5630114566,8.9743589744,1
3986,97.0,688.0,4.1482084691,6.6153846154,1
3987,71.0,739.0,3.8740955137,4.9932432432,0
3988,24.0,118.0,4.1354166667,13.1111111111,1
3989,101.0,628.0,4.0627062706,7.85,1
3990,3.0,15.0,4.75,5.0,0
3991,11.0,18.0,4.0769230769,0.0,0
3992,22.0,107.0,2.0,0.0,0
3993,5.0,62.0,4.6607142857,10.3333333333,0
3994,75.0,581.0,3.9769673704,5.7524752475,1
3995,72.0,560.0,4.3035343035,8.2352941176,1
3996,77.0,677.0,3.8605442177,9.0266666667,1
3997,95.0,763.0,4.059972106,7.4077669903,1
3998,1.0,31.0,4.7857142857,7.75,0
3999,106.0,750.0,4.125884017,10.5633802817,1
4000,67.0,530.0,4.1666666667,7.4647887324,0
4001,80.0,597.0,4.3235294118,8.652173913,1
4002,80.0,924.0,3.8456937799,6.2432432432,1
4003,56.0,556.0,4.1067193676,7.5135135135,1
4004,71.0,475.0,4.2674157303,7.0895522388,1
4005,5.0,32.0,4.03125,6.4,0
4006,109.0,795.0,3.8573446328,3.9356435644,1
4007,58.0,394.0,3.8709677419,7.1636363636,1
4008,145.0,1076.0,4.3382198953,7.1258278146,1
4009,60.0,620.0,3.7930367505,8.4931506849,1
4010,62.0,606.0,3.8230088496,5.5090909091,1
4011,59.0,580.0,4.0056603774,9.2063492063,1
4012,118.0,760.0,4.3635036496,5.4676258993,1
4013,83.0,682.0,4.0453125,7.1041666667,1
4014,92.0,483.0,4.2932489451,7.0,0
4015,89.0,344.0,5.4220183486,2.9401709402,0
4016,75.0,600.0,3.8689138577,5.8823529412,1
4017,76.0,727.0,4.2805872757,7.4948453608,1
4018,75.0,588.0,4.3220640569,6.7586206897,1
4019,40.0,264.0,4.1767241379,5.8666666667,1
4020,88.0,775.0,4.2470930233,9.5679012346,1
4021,140.0,788.0,4.0192307692,7.2962962963,1
4022,45.0,329.0,5.1433447099,10.28125,0
4023,10.0,78.0,4.3620689655,26.0,0
4024,58.0,481.0,4.1659482759,5.2857142857,0
4025,43.0,345.0,4.5049180328,8.023255814,1
4026,72.0,603.0,3.9118773946,6.8522727273,1
4027,65.0,578.0,4.0601769912,5.78,0
4028,26.0,223.0,4.4222222222,8.92,0
4029,91.0,661.0,3.964516129,6.8144329897,1
4030,75.0,660.0,4.6210691824,18.8571428571,0
4031,9.0,80.0,4.2105263158,8.8888888889,0
4032,56.0,483.0,4.2034632035,7.2089552239,0
4033,43.0,429.0,3.9974874372,9.1276595745,1
4034,56.0,555.0,3.9811320755,6.3793103448,0
4035,2.0,25.0,4.4545454545,12.5,0
4036,74.0,503.0,4.173553719,5.4673913043,1
4037,64.0,568.0,4.4230019493,9.0158730159,1
4038,2.0,22.0,3.5,11.0,0
4039,60.0,508.0,4.3482905983,8.1935483871,0
4040,72.0,510.0,4.2753623188,7.6119402985,0
4041,79.0,712.0,4.4690265487,6.5925925926,1
4042,37.0,398.0,5.2128279883,9.7073170732,0
4043,35.0,253.0,3.8227272727,13.3157894737,1
4044,70.0,446.0,4.6423357664,6.027027027,1
4045,91.0,768.0,4.4269340974,5.4468085106,1
4046,29.0,287.0,4.4200913242,143.5,0
4047,80.0,520.0,5.2351694915,4.4444444444,0
4048,61.0,546.0,4.0279069767,6.5,1
4049,55.0,519.0,4.2369077307,11.7954545455,1
4050,82.0,757.0,4.2931323283,8.0531914894,1
4051,84.0,659.0,4.03125,8.0365853659,1
4052,61.0,535.0,4.4182590234,6.7721518987,1
4053,46.0,596.0,3.9057471264,15.6842105263,1
4054,47.0,337.0,4.2159468439,6.74,1
4055,43.0,473.0,3.9542857143,13.1388888889,1
4056,52.0,488.0,4.181372549,6.4210526316,1
4057,63.0,590.0,4.305856833,7.8666666667,1
4058,59.0,549.0,4.1380090498,5.9673913043,0
4059,53.0,631.0,4.0287907869,14.3409090909,0
4060,78.0,559.0,4.2631578947,7.5540540541,1
4061,43.0,435.0,3.6992084433,6.2142857143,0
4062,59.0,593.0,4.3858093126,10.9814814815,1
4063,60.0,462.0,4.044973545,7.8305084746,1
4064,45.0,427.0,4.2421875,4.908045977,0
4065,47.0,309.0,4.1778656126,7.9230769231,1
4066,56.0,433.0,3.9605633803,8.66,0
4067,37.0,330.0,4.2620689655,6.7346938776,0
4068,47.0,506.0,3.9648711944,6.6578947368,1
4069,52.0,378.0,4.0666666667,9.6923076923,0
4070,48.0,331.0,3.7836065574,5.8070175439,1
4071,49.0,433.0,4.0256410256,5.5512820513,0
4072,39.0,466.0,4.0485714286,11.0952380952,1
4073,51.0,513.0,4.1735751295,11.6590909091,1
4074,51.0,569.0,3.6717557252,8.890625,1
4075,55.0,457.0,3.9906759907,5.9350649351,1
4076,61.0,656.0,4.0955165692,10.5806451613,1
4077,53.0,618.0,4.2215053763,8.24,1
4078,48.0,400.0,4.0647058824,6.3492063492,0
4079,53.0,337.0,4.0305810398,5.265625,0
4080,47.0,453.0,4.0303030303,7.078125,1
4081,33.0,382.0,3.890625,9.3170731707,1
4082,47.0,362.0,4.2412698413,8.8292682927,1
4083,48.0,607.0,4.3668224299,9.0597014925,1
4084,57.0,445.0,4.1656626506,11.7105263158,1
4085,52.0,575.0,4.1033707865,9.5833333333,1
4086,43.0,366.0,3.6513157895,8.9268292683,1
4087,64.0,685.0,4.0055865922,14.8913043478,1
4088,67.0,467.0,4.3817787419,5.1888888889,0
4089,96.0,774.0,4.3504155125,6.046875,1
4090,80.0,662.0,3.9807383628,6.1869158879,1
4091,86.0,812.0,4.0428134557,9.6666666667,1
4092,80.0,675.0,4.1283255086,5.487804878,1
4093,126.0,1104.0,4.144200627,6.8148148148,1
4094,105.0,585.0,4.2569832402,7.4050632911,1
4095,112.0,947.0,4.1242672919,7.1203007519,1
4096,50.0,474.0,3.8,6.1558441558,1
4097,111.0,792.0,4.0418918919,5.5774647887,1
4098,73.0,563.0,4.0702811245,8.2794117647,1
4099,91.0,665.0,4.1338461538,6.5841584158,1
4100,79.0,694.0,4.1773162939,6.4259259259,1
4101,73.0,845.0,3.9765319426,5.8680555556,1
4102,78.0,695.0,3.9919484702,6.6826923077,1
4103,85.0,656.0,3.760757315,5.9636363636,1
4104,49.0,426.0,4.2598039216,5.0714285714,1
4105,61.0,512.0,4.3545816733,6.6493506494,1
4106,59.0,596.0,3.9928825623,7.3580246914,1
4107,64.0,474.0,4.348785872,7.40625,1
4108,60.0,658.0,3.7686084142,5.264,1
4109,90.0,891.0,4.0976800977,7.243902439,1
4110,49.0,415.0,3.8671875,9.4318181818,1
4111,82.0,687.0,3.8313659359,6.1891891892,1
4112,64.0,575.0,4.2059925094,7.1875,1
4113,97.0,751.0,3.9772403983,5.2517482517,1
4114,53.0,536.0,4.1955193483,6.0224719101,1
4115,67.0,494.0,4.5313174946,7.8412698413,1
4116,81.0,737.0,3.6382660688,8.0108695652,1
4117,86.0,749.0,4.2274011299,6.1393442623,1
4118,92.0,834.0,4.1131578947,6.1323529412,1
4119,27.0,328.0,3.9595959596,6.431372549,1
4120,79.0,732.0,3.9940828402,6.9056603774,1
4121,56.0,555.0,4.0451977401,6.2359550562,1
4122,69.0,592.0,4.1392931393,8.338028169,1
4123,84.0,644.0,4.4800637959,7.4022988506,0
4124,60.0,499.0,4.200845666,5.8023255814,0
4125,52.0,440.0,4.1679012346,6.3768115942,1
4126,70.0,645.0,3.6835016835,6.935483871,1
4127,42.0,392.0,4.0716180371,5.7647058824,1
4128,45.0,343.0,4.0522875817,6.3518518519,1
4129,83.0,592.0,4.1809338521,7.4936708861,1
4130,65.0,572.0,3.8607594937,7.5263157895,1
4131,83.0,550.0,4.0357815443,6.043956044,1
4132,103.0,865.0,3.8808104887,7.7232142857,1
4133,41.0,369.0,4.3526170799,6.2542372881,1
4134,47.0,459.0,3.9490740741,9.3673469388,1
4135,99.0,765.0,4.1887323944,6.9545454545,1
4136,71.0,599.0,3.6736842105,5.7047619048,1
4137,34.0,330.0,3.993442623,6.6,1
4138,85.0,581.0,4.6785714286,4.762295082,1
4139,81.0,645.0,3.8944723618,6.935483871,1
4140,49.0,460.0,4.3935185185,5.6790123457,1
4141,82.0,595.0,4.5745856354,6.6111111111,1
4142,79.0,634.0,4.0846560847,9.0571428571,1
4143,57.0,496.0,4.0780911063,6.5263157895,1
4144,100.0,806.0,4.2678100264,5.8832116788,1
4145,40.0,406.0,4.0968586387,6.34375,1
4146,87.0,681.0,3.5698587127,7.402173913,1
4147,107.0,703.0,3.9294670846,7.8988764045,1
4148,72.0,624.0,4.0923076923,6.7826086957,0
4149,70.0,580.0,4.3915547025,6.3043478261,1
4150,71.0,516.0,4.6653306613,5.8636363636,0
4151,56.0,451.0,4.5780885781,6.9384615385,1
4152,80.0,678.0,4.6211656442,6.9896907216,1
4153,97.0,764.0,4.5229885057,9.7948717949,0
4154,81.0,635.0,3.8145695364,6.35,1
4155,63.0,560.0,4.1113243762,7.1794871795,1
4156,62.0,620.0,3.7740213523,7.75,1
4157,47.0,385.0,4.0926966292,6.875,1
4158,83.0,738.0,4.1074498567,9.3417721519,1
4159,1.0,6.0,5.6666666667,0.0,0
4160,51.0,498.0,4.1487964989,5.1875,1
4161,63.0,362.0,4.2408963585,6.7037037037,0
4162,1.0,4.0,8.25,0.0,0
4163,85.0,714.0,3.8535825545,6.2631578947,1
4164,1.0,3.0,8.0,0.0,0
4165,62.0,522.0,3.7542016807,6.6075949367,1
4166,87.0,690.0,4.0885496183,6.3302752294,1
4167,93.0,762.0,4.3689189189,7.4705882353,1
4168,123.0,823.0,4.2389502762,6.584,1
4169,75.0,670.0,3.7958860759,5.9292035398,1
4170,80.0,709.0,3.8183206107,9.3289473684,1
4171,47.0,419.0,4.2960199005,6.546875,1
4172,113.0,762.0,3.8515283843,7.9375,1
4173,102.0,872.0,4.0663507109,6.0555555556,1
4174,96.0,693.0,3.8921568627,6.7281553398,1
4175,84.0,706.0,4.2222222222,6.5981308411,1
4176,22.0,146.0,4.6569343066,7.6842105263,1
4177,61.0,444.0,4.0538641686,5.8421052632,1
4178,48.0,334.0,4.2380952381,6.0727272727,1
4179,78.0,685.0,3.761589404,9.1333333333,1
4180,84.0,796.0,3.7727873184,5.768115942,1
4181,71.0,565.0,3.7687969925,6.4204545455,1
4182,51.0,398.0,4.2906666667,6.4193548387,0
4183,58.0,573.0,3.9502762431,8.0704225352,1
4184,68.0,558.0,4.0992509363,6.4137931034,1
4185,52.0,419.0,4.5932642487,5.1728395062,0
4186,65.0,535.0,4.0760233918,6.5243902439,1
4187,80.0,596.0,4.0291970803,7.45,1
4188,70.0,536.0,3.873015873,5.6421052632,1
4189,112.0,735.0,4.0079617834,7.5,1
4190,51.0,553.0,3.9722772277,4.981981982,1
4191,67.0,739.0,3.842519685,8.6941176471,1
4192,67.0,640.0,3.8255813953,7.8048780488,1
4193,82.0,669.0,4.0231023102,7.6896551724,1
4194,119.0,965.0,4.2824601367,8.2478632479,1
4195,76.0,571.0,4.2201492537,6.6395348837,1
4196,84.0,711.0,3.9070866142,5.8278688525,1
4197,37.0,331.0,4.2788461538,5.8070175439,1
4198,98.0,913.0,3.6,7.6722689076,1
4199,78.0,604.0,3.95,6.7111111111,1
4200,63.0,474.0,4.0044052863,6.4054054054,0
4201,72.0,692.0,4.0914634146,5.2030075188,1
4202,74.0,628.0,4.1435810811,5.980952381,1
4203,53.0,439.0,4.0072815534,5.4875,1
4204,60.0,422.0,3.6753246753,8.1153846154,1
4205,68.0,606.0,4.0355029586,8.301369863,1
4206,70.0,507.0,4.4551282051,7.5671641791,1
4207,67.0,546.0,3.7777777778,6.7407407407,1
4208,86.0,874.0,3.9201474201,6.3795620438,1
4209,43.0,392.0,4.4745308311,6.4262295082,1
4210,92.0,731.0,4.0888554217,6.8317757009,1
4211,98.0,856.0,3.9906291834,5.986013986,1
4212,100.0,891.0,3.8775267539,6.503649635,1
4213,74.0,627.0,4.3504132231,5.4051724138,1
4214,36.0,348.0,3.9622093023,6.2142857143,0
4215,93.0,744.0,3.8855072464,6.7636363636,1
4216,55.0,522.0,4.422037422,6.0697674419,1
4217,57.0,524.0,4.3604887984,6.6329113924,1
4218,93.0,699.0,3.8481848185,8.9615384615,1
4219,83.0,644.0,4.2646103896,5.962962963,1
4220,48.0,427.0,3.8064516129,7.3620689655,1
4221,71.0,634.0,4.0654867257,8.4533333333,1
4222,104.0,886.0,4.0316856781,6.1527777778,1
4223,57.0,571.0,3.7859778598,6.4886363636,0
4224,91.0,741.0,3.9171511628,5.3309352518,1
4225,69.0,596.0,3.9180952381,7.5443037975,1
4226,72.0,703.0,4.0331825038,9.5,1
4227,113.0,882.0,3.9335180055,6.3913043478,1
4228,79.0,749.0,4.1291727141,6.871559633,1
4229,67.0,399.0,3.923943662,6.7627118644,1
4230,65.0,574.0,4.0731707317,7.8630136986,1
4231,67.0,610.0,3.7079796265,5.9223300971,1
4232,90.0,629.0,4.2054329372,7.578313253,1
4233,63.0,545.0,3.9303278689,6.8987341772,1
4234,47.0,350.0,3.9939759036,5.46875,1
4235,75.0,725.0,3.5625920471,8.2386363636,1
4236,42.0,345.0,4.0091463415,6.2727272727,1
4237,69.0,687.0,3.7178571429,11.6440677966,1
4238,81.0,599.0,3.7787456446,5.9306930693,1
4239,47.0,424.0,4.0721925134,8.1538461538,1
4240,32.0,263.0,3.8866396761,7.9696969697,1
4241,48.0,384.0,4.0929577465,6.0,1
4242,53.0,533.0,3.9918864097,5.2772277228,1
4243,97.0,685.0,4.0413476263,5.5241935484,1
4244,59.0,469.0,4.0637362637,9.7708333333,1
4245,91.0,631.0,4.0142602496,10.1774193548,1
4246,58.0,641.0,3.9388429752,6.8924731183,1
4247,84.0,655.0,4.3686006826,5.9545454545,1
4248,68.0,621.0,3.9411764706,6.9,1
4249,65.0,467.0,3.9042056075,7.296875,1
4250,50.0,485.0,3.9850107066,5.843373494,1
4251,81.0,679.0,4.0399385561,6.3457943925,1
4252,45.0,315.0,4.1884984026,6.7021276596,1
4253,56.0,518.0,3.9737373737,7.8484848485,1
4254,72.0,421.0,3.9189189189,5.3291139241,1
4255,102.0,595.0,4.0105820106,7.0833333333,1
4256,91.0,546.0,4.0265848671,7.28,1
4257,93.0,557.0,4.6198019802,6.1208791209,1
4258,91.0,722.0,3.9296636086,6.389380531,1
4259,46.0,403.0,4.6385869565,7.462962963,1
4260,1.0,5.0,6.6,0.0,0
4261,68.0,450.0,4.6707317073,6.0810810811,1
4262,55.0,497.0,4.2573839662,12.7435897436,1
4263,54.0,530.0,3.4844444444,7.0666666667,1
4264,77.0,509.0,3.9846153846,6.2073170732,1
4265,41.0,352.0,4.0608695652,6.7692307692,0
4266,36.0,360.0,3.9542682927,5.2173913043,1
4267,68.0,647.0,3.9946332737,8.6266666667,1
4268,87.0,623.0,4.0794223827,7.1609195402,1
4269,1.0,9.0,4.375,0.0,0
4270,82.0,729.0,4.3238993711,6.075,1
4271,1.0,29.0,4.6296296296,14.5,0
4272,7.0,28.0,4.0833333333,14.0,0
4273,67.0,467.0,4.2689804772,6.9701492537,1
4274,82.0,628.0,4.1180555556,6.8260869565,1
4275,10.0,52.0,4.5,3.25,1
4276,78.0,562.0,3.6752688172,9.2131147541,1
4277,65.0,603.0,3.8820422535,5.5833333333,1
4278,44.0,414.0,3.912,6.6774193548,1
4279,1.0,7.0,5.5714285714,0.0,0
4280,78.0,674.0,3.8805237316,7.0208333333,1
4281,85.0,753.0,3.9871611983,7.3823529412,1
4282,92.0,723.0,4.0567986231,12.4655172414,0
4283,87.0,827.0,4.0916552668,6.6693548387,1
4284,46.0,311.0,4.0736434109,6.9111111111,1
4285,63.0,593.0,4.0560578662,7.2317073171,1
4286,93.0,771.0,4.0499325236,5.6691176471,1
4287,40.0,371.0,4.0621301775,5.796875,1
4288,65.0,645.0,3.9401294498,6.2019230769,1
4289,42.0,354.0,3.9522292994,8.0454545455,1
4290,69.0,478.0,3.9291845494,6.4594594595,1
4291,27.0,192.0,3.9184782609,7.3846153846,1
4292,90.0,650.0,3.987281399,6.0747663551,1
4293,71.0,545.0,3.8891089109,5.9239130435,1
4294,59.0,569.0,4.0964083176,7.5866666667,1
4295,78.0,626.0,4.0447504303,7.0337078652,1
4296,20.0,197.0,4.5460122699,8.2083333333,1
4297,61.0,585.0,3.9390018484,6.724137931,1
4298,67.0,375.0,4.7681564246,6.6964285714,1
4299,72.0,717.0,4.1745068285,6.6388888889,1
4300,54.0,479.0,3.9415730337,6.9420289855,1
4301,84.0,814.0,3.7525925926,9.1460674157,1
4302,90.0,748.0,3.7959814529,16.6222222222,1
4303,8.0,519.0,4.0530973451,6.2530120482,1
4304,74.0,779.0,3.7565982405,6.7739130435,1
4305,101.0,686.0,4.2475570033,6.2363636364,1
4306,53.0,351.0,3.8218390805,9.4864864865,1
4307,63.0,689.0,4.0129032258,5.7899159664,1
4308,82.0,587.0,4.5009140768,6.1789473684,1
4309,46.0,414.0,4.2305825243,5.5945945946,0
4310,67.0,623.0,3.8794964029,6.4226804124,1
4311,57.0,405.0,4.1954314721,5.8695652174,1
4312,64.0,461.0,3.8280542986,7.6833333333,1
4313,53.0,327.0,3.927672956,9.6176470588,1
4314,44.0,273.0,4.2720588235,6.2045454545,1
4315,13.0,94.0,4.2328767123,5.875,0
4316,67.0,438.0,4.1929824561,7.8214285714,1
4317,65.0,496.0,3.8469601677,8.8571428571,1
4318,87.0,651.0,4.2792321117,6.0841121495,1
4319,37.0,242.0,4.1391304348,6.2051282051,1
4320,90.0,525.0,3.8831967213,5.8988764045,1
4321,2.0,4.0,7.3333333333,0.0,0
4322,65.0,579.0,4.0527306968,6.8928571429,1
4323,28.0,160.0,3.175,5.0,1
4324,95.0,792.0,3.9913043478,6.7118644068,1
4325,45.0,438.0,4.0025575448,7.1803278689,1
4326,52.0,450.0,3.8780487805,6.8181818182,1
4327,73.0,726.0,4.1026438569,7.6421052632,1
4328,34.0,304.0,4.048951049,6.4680851064,1
4329,62.0,655.0,4.0258175559,7.3595505618,1
4330,40.0,302.0,4.1973244147,5.298245614,1
4331,59.0,523.0,4.2593406593,7.5797101449,1
4332,1.0,4.0,7.25,0.0,0
4333,10.0,82.0,4.2857142857,5.8571428571,0
4334,26.0,273.0,4.2931937173,8.8064516129,1
4335,72.0,680.0,4.1028481013,6.2385321101,1
4336,41.0,434.0,4.0207253886,7.75,1
4337,1.0,3.0,8.6666666667,0.0,0
4338,52.0,457.0,4.1655011655,6.2602739726,1
4339,71.0,525.0,4.112033195,5.6451612903,1
4340,48.0,470.0,3.8862559242,6.7142857143,1
4341,1.0,7.0,6.0,0.0,0
4342,80.0,862.0,3.625158831,9.908045977,1
4343,1.0,3.0,8.0,0.0,0
4344,1.0,4.0,9.5,0.0,0
4345,26.0,266.0,3.9880952381,11.0833333333,1
4346,71.0,616.0,4.3142361111,5.9230769231,1
4347,4.0,21.0,4.7368421053,7.0,0
4348,62.0,636.0,4.0067001675,6.5567010309,1
4349,1.0,5.0,5.8,0.0,0
4350,48.0,446.0,3.8269720102,5.4390243902,1
4351,26.0,189.0,4.4096385542,18.9,1
4352,101.0,729.0,4.5637681159,6.1779661017,1
4353,70.0,650.0,4.2738095238,5.9633027523,1
4354,48.0,452.0,4.1411764706,7.7931034483,1
4355,54.0,480.0,3.9781659389,6.0,0
4356,87.0,778.0,3.9419642857,7.78,1
4357,37.0,282.0,4.2723214286,5.875,1
4358,35.0,271.0,3.8916666667,7.3243243243,1
4359,23.0,248.0,3.6898148148,8.5517241379,1
4360,61.0,570.0,4.3038461538,5.9375,1
4361,15.0,165.0,3.8243243243,82.5,1
4362,1.0,5.0,9.2,5.0,0
4363,11.0,41.0,4.1025641026,0.0,1
4364,87.0,577.0,4.1229508197,9.4590163934,1
4365,74.0,773.0,4.1906300485,11.3676470588,1
4366,76.0,656.0,3.9714285714,8.4102564103,1
4367,50.0,341.0,3.9836065574,6.3148148148,1
4368,71.0,555.0,3.839835729,6.686746988,1
4369,90.0,722.0,3.7837837838,8.4941176471,1
4370,67.0,444.0,3.9563953488,9.0612244898,1
4371,63.0,469.0,4.1002444988,7.8166666667,1
4372,53.0,450.0,4.2135135135,8.8235294118,1
4373,74.0,619.0,3.6617954071,10.8596491228,1
4374,62.0,436.0,4.0494505495,7.3898305085,1
4375,80.0,565.0,4.1293634497,5.5392156863,0
4376,54.0,417.0,3.7551020408,6.515625,1
4377,54.0,440.0,3.982630273,5.641025641,0
4378,82.0,706.0,3.9069373942,5.8833333333,1
4379,67.0,597.0,4.1891891892,8.5285714286,1
4380,41.0,377.0,3.7397660819,6.3898305085,1
4381,64.0,349.0,4.1598746082,7.7555555556,0
4382,62.0,489.0,4.4275184275,8.5789473684,1
4383,53.0,455.0,4.2685185185,19.7826086957,1
4384,59.0,480.0,4.1634146341,7.1641791045,0
4385,70.0,528.0,4.1091314031,7.04,1
4386,38.0,503.0,3.6766304348,10.06,0
4387,61.0,585.0,4.129753915,9.0,1
4388,48.0,307.0,4.2664233577,6.14,0
4389,61.0,446.0,3.9302325581,5.575,0
4390,75.0,514.0,3.723255814,5.8409090909,1
4391,60.0,354.0,3.7329192547,5.2058823529,1
4392,84.0,573.0,3.9111570248,7.8493150685,1
4393,47.0,340.0,3.9966555184,10.9677419355,1
4394,63.0,530.0,4.0150537634,8.8333333333,1
4395,44.0,390.0,4.0238095238,6.9642857143,1
4396,50.0,400.0,4.1377410468,5.1948051948,1
4397,46.0,354.0,3.9529780564,6.3214285714,1
4398,54.0,414.0,3.9449035813,6.46875,0
4399,38.0,298.0,3.9186046512,6.4782608696,0
4400,30.0,186.0,4.0173410405,10.3333333333,0
4401,51.0,370.0,4.1285714286,5.3623188406,0
4402,72.0,510.0,3.8805620609,7.1830985915,0
4403,64.0,400.0,3.775,6.8965517241,1
4404,53.0,445.0,4.1439790576,6.095890411,0
4405,53.0,409.0,3.9971509972,6.0147058824,0
4406,63.0,402.0,3.6495726496,7.3090909091,0
4407,37.0,303.0,3.7510917031,7.2142857143,0
4408,57.0,472.0,3.56,7.8666666667,0
4409,71.0,527.0,4.0309734513,7.2191780822,1
4410,30.0,201.0,4.3913043478,6.9310344828,1
4411,66.0,536.0,3.7870813397,5.6421052632,1
4412,45.0,503.0,3.593220339,10.4791666667,0
4413,58.0,377.0,3.5676470588,8.0212765957,0
4414,43.0,355.0,3.7056737589,8.875,0
4415,49.0,315.0,3.8960573477,3.9873417722,0
4416,43.0,391.0,4.0568561873,7.82,1
4417,78.0,763.0,3.8330373002,14.3962264151,1
4418,47.0,355.0,3.8,20.8823529412,0
4419,52.0,482.0,3.6020408163,8.9259259259,0
4420,48.0,353.0,3.7672131148,9.2894736842,0
4421,16.0,152.0,4.4966442953,7.6,0
4422,73.0,674.0,4.0762250454,6.419047619,1
4423,81.0,349.0,4.0754098361,12.9259259259,1
4424,31.0,300.0,3.7644444444,9.375,1
4425,46.0,323.0,4.2279411765,6.7291666667,1
4426,6.0,41.0,3.8974358974,3.4166666667,0
4427,56.0,419.0,3.6894409938,5.9014084507,1
4428,77.0,561.0,3.8805970149,8.5,1
4429,52.0,320.0,4.3244147157,11.4285714286,0
4430,42.0,431.0,4.1164772727,8.2884615385,0
4431,37.0,295.0,3.689516129,7.1951219512,1
4432,66.0,407.0,4.0233236152,7.9803921569,1
4433,79.0,455.0,4.1020942408,7.7118644068,1
4434,30.0,287.0,3.6762295082,13.6666666667,0
4435,38.0,261.0,4.0,5.6739130435,1
4436,31.0,323.0,3.7862903226,9.2285714286,1
4437,46.0,238.0,3.9192825112,4.6666666667,0
4438,49.0,384.0,4.8817891374,6.0952380952,1
4439,51.0,421.0,3.8161290323,9.3555555556,1
4440,40.0,551.0,3.7569620253,10.2037037037,1
4441,51.0,425.0,4.074742268,6.0714285714,1
4442,22.0,243.0,3.9714285714,5.4,1
4443,15.0,113.0,3.7387387387,9.4166666667,0
4444,26.0,224.0,4.0404040404,5.8947368421,1
4445,40.0,397.0,4.1205882353,7.4905660377,0
4446,22.0,171.0,3.735483871,6.1071428571,1
4447,62.0,336.0,3.7944250871,7.0,0
4448,28.0,243.0,4.3377777778,7.3636363636,1
4449,48.0,314.0,4.1835205993,5.4137931034,0
4450,68.0,534.0,3.7085106383,6.0681818182,1
4451,40.0,246.0,4.1101694915,5.5909090909,0
4452,44.0,371.0,3.702970297,7.2745098039,1
4453,28.0,299.0,3.9895470383,5.537037037,0
4454,54.0,449.0,3.8020304569,7.4833333333,1
4455,53.0,396.0,4.2404181185,6.7118644068,0
4456,47.0,273.0,4.0163934426,6.3488372093,1
4457,52.0,600.0,3.7023346304,7.3170731707,1
4458,32.0,189.0,4.3475935829,6.3,1
4459,33.0,316.0,4.012195122,7.3488372093,1
4460,102.0,485.0,3.6194690265,4.6634615385,1
4461,55.0,437.0,3.9046391753,11.2051282051,1
4462,81.0,503.0,3.9255319149,6.4487179487,0
4463,61.0,403.0,3.7837150127,6.8305084746,1
4464,36.0,278.0,4.3852140078,6.1777777778,1
4465,55.0,369.0,4.0189873418,5.4264705882,1
4466,31.0,196.0,4.3225806452,6.5333333333,1
4467,13.0,81.0,3.675,6.75,1
4468,8.0,72.0,3.7916666667,4.0,0
4469,11.0,68.0,4.3174603175,5.2307692308,0
4470,16.0,103.0,4.3398058252,4.9047619048,0
4471,15.0,75.0,4.0533333333,5.3571428571,1
4472,1.0,3.0,10.6666666667,0.0,0
4473,9.0,78.0,3.7837837838,8.6666666667,0
4474,11.0,57.0,3.649122807,4.0714285714,0
4475,6.0,40.0,3.7692307692,5.0,0
4476,81.0,774.0,3.6578947368,8.8965517241,0
4477,66.0,593.0,3.8319838057,7.0595238095,1
4478,98.0,710.0,4.3515358362,8.6585365854,1
4479,53.0,427.0,3.8291457286,5.3375,1
4480,42.0,500.0,3.8857142857,9.4339622642,1
4481,67.0,605.0,4.1183745583,8.4027777778,1
4482,79.0,739.0,3.8946515397,8.0326086957,1
4483,52.0,636.0,3.723364486,5.5789473684,1
4484,61.0,464.0,3.8603603604,7.1384615385,1
4485,68.0,583.0,4.069582505,7.8783783784,1
4486,70.0,542.0,3.9196617336,10.2264150943,0
4487,64.0,535.0,4.3150406504,10.9183673469,1
4488,46.0,345.0,4.2107023411,6.6346153846,0
4489,53.0,523.0,3.7714285714,8.435483871,1
4490,59.0,474.0,4.2772727273,6.676056338,1
4491,46.0,297.0,3.9724137931,5.7115384615,0
4492,85.0,850.0,3.7257617729,6.204379562,1
4493,47.0,441.0,3.8186157518,5.3780487805,0
4494,62.0,522.0,4.043902439,14.1081081081,0
4495,60.0,607.0,3.9197860963,6.1313131313,1
4496,52.0,469.0,4.3565217391,10.1956521739,1
4497,31.0,289.0,3.9260700389,7.225,0
4498,70.0,607.0,4.1044247788,6.5268817204,1
4499,98.0,741.0,3.6709470305,5.3309352518,0
4500,69.0,563.0,3.7533980583,6.3977272727,1
4501,86.0,647.0,3.7076648841,7.7951807229,1
4502,94.0,706.0,4.5136986301,6.2477876106,1
4503,72.0,483.0,3.9284164859,5.1935483871,0
4504,56.0,493.0,3.7671840355,5.7325581395,1
4505,73.0,587.0,4.0998080614,8.6323529412,1
4506,66.0,545.0,3.9764957265,6.1931818182,1
4507,61.0,659.0,3.8333333333,10.1384615385,1
4508,61.0,487.0,3.8853932584,6.2435897436,1
4509,217.0,1794.0,4.1731001206,6.4532374101,1
4510,38.0,355.0,4.1167192429,8.0681818182,0
4511,51.0,461.0,4.3447488584,5.6913580247,0
4512,66.0,666.0,4.25625,5.4590163934,0
4513,71.0,603.0,4.3786574871,5.7980769231,1
4514,30.0,324.0,3.7153558052,6.3529411765,1
4515,59.0,457.0,3.9803921569,7.6166666667,1
4516,25.0,291.0,3.8109243697,6.4666666667,0
4517,93.0,878.0,3.8314883149,6.7538461538,1
4518,73.0,767.0,3.8813314038,7.5196078431,1
4519,68.0,529.0,3.9797979798,6.2235294118,0
4520,74.0,780.0,4.0746478873,10.2631578947,1
4521,55.0,590.0,3.5446428571,9.8333333333,0
4522,70.0,665.0,3.9163934426,5.6837606838,1
4523,52.0,420.0,4.2881773399,6.6666666667,1
4524,45.0,382.0,3.6025236593,6.3666666667,1
4525,59.0,717.0,3.9268738574,8.3372093023,1
4526,77.0,601.0,3.7155025554,7.3292682927,0
4527,71.0,617.0,4.1326352531,5.2288135593,0
4528,57.0,424.0,4.0319410319,5.8082191781,1
4529,69.0,645.0,4.1045627376,6.5816326531,1
4530,69.0,607.0,3.9897260274,4.856,0
4531,66.0,722.0,3.9878682842,9.2564102564,1
4532,53.0,459.0,4.0045351474,6.5571428571,0
4533,34.0,324.0,4.0953947368,5.5862068966,1
4534,56.0,393.0,3.9715099715,6.775862069,1
4535,52.0,444.0,4.1196172249,6.2535211268,0
4536,88.0,724.0,4.1552795031,6.5225225225,1
4537,56.0,395.0,3.9606299213,6.171875,0
4538,73.0,623.0,3.9834437086,5.9903846154,1
4539,61.0,538.0,3.7009569378,8.9666666667,0
4540,68.0,653.0,3.8608349901,8.1625,1
4541,60.0,746.0,3.6388888889,8.9879518072,1
4542,58.0,558.0,4.0943396226,6.2696629213,1
4543,60.0,421.0,4.1809290954,6.578125,0
4544,89.0,650.0,4.2213114754,7.0652173913,1
4545,51.0,460.0,4.2552693208,6.301369863,1
4546,59.0,546.0,3.7803468208,6.3488372093,1
4547,59.0,500.0,4.3827956989,5.5555555556,1
4548,71.0,481.0,4.2553699284,5.3444444444,1
4549,76.0,666.0,3.9215686275,5.7913043478,0
4550,42.0,402.0,4.3002754821,6.813559322,1
4551,72.0,566.0,4.0394736842,5.0990990991,1
4552,51.0,406.0,3.9670050761,7.25,0
4553,56.0,514.0,3.8340163934,6.5897435897,0
4554,83.0,746.0,3.9013888889,7.8526315789,1
4555,65.0,505.0,4.2639821029,11.7441860465,1
4556,93.0,755.0,4.0180722892,7.7040816327,1
4557,51.0,437.0,4.2648514851,4.6989247312,1
4558,70.0,644.0,4.1071428571,8.3636363636,1
4559,61.0,531.0,4.1218487395,8.0454545455,1
4560,78.0,601.0,4.0327272727,5.8349514563,1
4561,72.0,625.0,4.2495606327,8.1168831169,1
4562,83.0,732.0,4.1217765043,6.0,0
4563,69.0,654.0,3.4689655172,8.3846153846,0
4564,59.0,558.0,4.2081784387,6.0652173913,1
4565,21.0,190.0,4.1584699454,7.9166666667,1
4566,84.0,777.0,3.9688768606,5.7985074627,1
4567,96.0,692.0,4.599690881,6.9898989899,1
4568,52.0,464.0,4.2064965197,6.025974026,1
4569,64.0,472.0,3.9407894737,6.2933333333,1
4570,72.0,557.0,4.0799220273,7.6301369863,1
4571,80.0,677.0,3.9430894309,6.572815534,1
4572,71.0,684.0,4.0710973725,5.2615384615,1
4573,61.0,520.0,3.9655172414,10.1960784314,0
4574,64.0,558.0,4.3918669131,5.4174757282,0
4575,43.0,356.0,4.2530864198,6.0338983051,1
4576,59.0,557.0,4.0018975332,7.9571428571,1
4577,64.0,509.0,4.4989473684,6.2839506173,0
4578,78.0,664.0,4.0813771518,6.3846153846,0
4579,94.0,625.0,4.759469697,7.6219512195,1
4580,54.0,459.0,4.1551724138,7.5245901639,1
4581,81.0,597.0,4.0226876091,5.2368421053,0
4582,52.0,484.0,3.8680089485,8.8,1
4583,48.0,403.0,3.8099688474,8.3958333333,1
4584,53.0,362.0,4.1789772727,6.2413793103,1
4585,76.0,688.0,3.8717156105,6.88,1
4586,92.0,774.0,3.9972183588,6.7304347826,1
4587,16.0,147.0,4.384057971,7.0,1
4588,20.0,153.0,4.0434782609,5.275862069,1
4589,75.0,681.0,4.0133779264,5.6280991736,0
4590,21.0,199.0,3.7062146893,7.6538461538,1
4591,59.0,596.0,3.8148148148,6.2736842105,1
4592,69.0,651.0,3.8845528455,7.2333333333,0
4593,85.0,660.0,3.8077544426,5.8407079646,1
4594,86.0,864.0,3.8538461538,6.2158273381,1
4595,73.0,581.0,3.905904059,5.4811320755,0
4596,53.0,469.0,3.7418546366,8.5272727273,1
4597,28.0,268.0,4.0916334661,6.5365853659,0
4598,82.0,487.0,4.7057471264,8.1166666667,1
4599,63.0,673.0,3.7990654206,5.6554621849,1
4600,77.0,722.0,3.8955453149,4.6883116883,0
4601,82.0,744.0,3.9631728045,5.095890411,1
4602,46.0,426.0,4.0518134715,7.8888888889,1
4603,22.0,175.0,3.9161290323,5.6451612903,1
4604,25.0,154.0,3.9594594595,5.5,1
4605,28.0,282.0,3.9960629921,6.2666666667,1
4606,32.0,207.0,3.2975609756,20.7,0
4607,73.0,538.0,4.4228571429,6.183908046,0
4608,55.0,452.0,3.7599067599,7.4098360656,1
4609,32.0,262.0,3.9087301587,6.55,1
4610,43.0,403.0,4.1049868766,7.6037735849,1
4611,49.0,472.0,3.9976076555,8.1379310345,1
4612,51.0,361.0,3.853125,8.2045454545,1
4613,79.0,527.0,3.5676767677,5.7282608696,0
4614,68.0,629.0,3.5394495413,6.9120879121,0
4615,61.0,324.0,4.8282442748,9.5294117647,0
4616,47.0,268.0,4.0476190476,5.0566037736,0
4617,57.0,381.0,4.0168539326,6.35,0
4618,56.0,403.0,3.8175895765,6.606557377,1
4619,66.0,513.0,3.9293361884,5.8295454545,1
4620,56.0,545.0,3.291571754,9.0833333333,1
4621,52.0,545.0,3.9279835391,6.4880952381,1
4622,53.0,447.0,3.8261964736,5.4512195122,1
4623,54.0,360.0,4.1176470588,6.3157894737,0
4624,67.0,419.0,4.3372781065,5.9857142857,1
4625,72.0,455.0,3.6590389016,6.4084507042,1
4626,70.0,463.0,3.9168704156,3.8583333333,1
4627,43.0,366.0,3.5255255255,5.71875,0
4628,59.0,503.0,4.0042918455,6.7972972973,1
4629,45.0,365.0,3.9626168224,8.488372093,1
4630,44.0,335.0,3.649122807,5.775862069,1
4631,48.0,409.0,4.2774725275,7.1754385965,1
4632,54.0,435.0,3.9698492462,6.0416666667,1
4633,73.0,562.0,3.6175298805,7.3947368421,1
4634,54.0,297.0,3.8920863309,5.94,0
4635,70.0,532.0,4.2389791183,8.1846153846,1
4636,50.0,290.0,3.9236363636,4.8333333333,0
4637,49.0,377.0,4.1052631579,5.0266666667,0
4638,50.0,401.0,3.9566395664,6.6833333333,1
4639,33.0,152.0,4.0328947368,5.2413793103,0
4640,44.0,340.0,3.5597269625,5.0,0
4641,48.0,381.0,3.8584070796,11.5454545455,0
4642,36.0,347.0,4.2297734628,5.1791044776,0
4643,56.0,320.0,3.5588235294,7.1111111111,0
4644,37.0,324.0,3.9508196721,4.6285714286,1
4645,45.0,270.0,3.0954356846,5.8695652174,0
4646,61.0,386.0,4.488372093,6.6551724138,0
4647,47.0,406.0,3.9665551839,10.972972973,1
4648,62.0,596.0,3.4584837545,11.6862745098,0
4649,82.0,412.0,3.6713091922,5.4210526316,0
4650,47.0,461.0,4.1395348837,6.4027777778,1
4651,54.0,346.0,3.5286624204,6.5283018868,1
4652,39.0,305.0,4.3588850174,7.625,0
4653,23.0,174.0,4.0787878788,8.7,0
4654,32.0,200.0,3.9947916667,4.8780487805,1
4655,16.0,147.0,4.0444444444,5.88,1
4656,19.0,149.0,4.171641791,5.5185185185,1
4657,32.0,307.0,4.021978022,8.5277777778,0
4658,38.0,259.0,3.9375,6.3170731707,1
4659,21.0,147.0,4.5594405594,5.0689655172,0
4660,16.0,146.0,3.8947368421,6.6363636364,0
4661,53.0,433.0,4.3207070707,5.4810126582,1
4662,81.0,527.0,3.5676767677,5.6063829787,0
4663,96.0,883.0,3.8757687577,5.6602564103,1
4664,91.0,638.0,3.8106712565,11.8148148148,1
4665,83.0,707.0,3.7899838449,7.6847826087,1
4666,121.0,1443.0,4.0037537538,7.7165775401,1
4667,96.0,875.0,3.9461538462,8.9285714286,1
4668,90.0,812.0,4.1068814056,7.6603773585,1
4669,69.0,564.0,4.0507399577,10.2545454545,1
4670,52.0,595.0,3.7635574837,9.4444444444,1
4671,58.0,624.0,4.0324786325,7.3411764706,1
4672,90.0,692.0,3.9561815336,5.8151260504,1
4673,67.0,490.0,3.9654427646,7.5384615385,1
4674,107.0,715.0,4.062215478,7.2959183673,1
4675,47.0,494.0,3.9598214286,9.6862745098,1
4676,102.0,505.0,4.8626609442,2.7150537634,1
4677,63.0,721.0,4.2175324675,9.4868421053,1
4678,106.0,812.0,4.1194225722,5.884057971,1
4679,62.0,798.0,3.8987915408,9.5,1
4680,100.0,1156.0,4.0550807217,6.0208333333,1
4681,107.0,649.0,3.9840255591,3.8402366864,1
4682,92.0,673.0,4.2868589744,8.0119047619,1
4683,82.0,605.0,4.1573426573,8.1756756757,1
4684,61.0,609.0,3.8195211786,7.7088607595,1
4685,64.0,627.0,4.2451838879,9.3582089552,1
4686,39.0,386.0,4.0169491525,6.7719298246,1
4687,53.0,496.0,3.9086757991,7.5151515152,1
4688,77.0,839.0,4.4510869565,9.4269662921,1
4689,71.0,701.0,4.0162601626,6.6132075472,1
4690,38.0,477.0,4.0418604651,8.5178571429,1
4691,51.0,578.0,4.046641791,6.0842105263,1
4692,59.0,584.0,3.8720292505,9.125,1
4693,49.0,464.0,4.061465721,7.3650793651,1
4694,79.0,688.0,3.896124031,6.5523809524,1
4695,72.0,688.0,4.1438016529,9.4246575342,1
4696,100.0,680.0,3.859375,7.2340425532,1
4697,115.0,836.0,4.1058201058,6.53125,1
4698,97.0,580.0,4.108892922,7.5324675325,1
4699,51.0,553.0,3.5135135135,6.6626506024,1
4700,71.0,512.0,4.0604651163,64.0,0
4701,66.0,503.0,4.079002079,9.6730769231,1
4702,41.0,535.0,4.414893617,6.9480519481,1
4703,49.0,442.0,4.3089244851,7.0158730159,1
4704,63.0,606.0,4.0127272727,5.8269230769,1
4705,69.0,846.0,3.9820193638,9.0,1
4706,60.0,597.0,4.0167504188,5.97,0
4707,88.0,748.0,4.3767019667,5.7538461538,1
4708,52.0,456.0,3.9493975904,4.8510638298,1
4709,76.0,636.0,3.6145251397,9.3529411765,1
4710,64.0,607.0,3.9523809524,5.4684684685,1
4711,71.0,701.0,3.8905325444,6.0431034483,1
4712,71.0,726.0,4.1411149826,6.5405405405,1
4713,77.0,569.0,3.9381818182,6.9390243902,1
4714,80.0,677.0,3.9283387622,12.537037037,1
4715,78.0,638.0,4.114334471,7.975,1
4716,64.0,533.0,4.2310756972,7.5070422535,0
4717,84.0,547.0,4.0170132325,5.362745098,1
4718,50.0,550.0,4.020661157,7.2368421053,1
4719,91.0,649.0,3.9653465347,9.0138888889,1
4720,69.0,505.0,3.7933884298,7.5373134328,1
4721,66.0,705.0,3.9646697389,6.4090909091,1
4722,81.0,854.0,3.9406332454,7.9813084112,1
4723,48.0,521.0,4.0740740741,7.5507246377,1
4724,88.0,605.0,3.9094138544,7.6582278481,1
4725,59.0,601.0,4.0388888889,8.5857142857,1
4726,62.0,638.0,3.9525316456,6.7157894737,1
4727,61.0,513.0,3.9511111111,7.6567164179,1
4728,63.0,401.0,4.0813648294,10.2820512821,1
4729,47.0,426.0,3.625,8.693877551,1
4730,66.0,509.0,3.8507462687,10.18,1
4731,53.0,646.0,4.0601503759,17.0,1
4732,67.0,367.0,3.4959128065,17.4761904762,0
4733,67.0,700.0,3.6802218115,8.9743589744,1
4734,79.0,682.0,4.269470405,8.3170731707,1
4735,59.0,491.0,4.0756880734,6.2948717949,1
4736,67.0,663.0,4.0053003534,8.5,1
4737,68.0,548.0,4.170411985,7.9420289855,1
4738,64.0,596.0,3.9823943662,4.9666666667,0
4739,69.0,736.0,3.4146341463,13.8867924528,1
4740,57.0,554.0,3.4518664047,6.925,1
4741,58.0,412.0,4.2062663185,6.7540983607,1
4742,61.0,638.0,4.1119005329,6.5773195876,1
4743,83.0,815.0,3.9166666667,9.367816092,1
4744,55.0,457.0,3.9016786571,6.5285714286,1
4745,79.0,729.0,4.3695299838,9.4675324675,1
4746,57.0,445.0,3.9168704156,6.095890411,0
4747,70.0,667.0,3.8483816014,7.0210526316,1
4748,70.0,604.0,3.8854368932,17.2571428571,0
4749,56.0,618.0,3.4562937063,15.8461538462,1
4750,56.0,350.0,3.994269341,6.862745098,1
4751,61.0,588.0,3.846,7.6363636364,1
4752,44.0,452.0,3.8735362998,9.6170212766,1
4753,55.0,573.0,4.3106575964,10.6111111111,1
4754,58.0,641.0,3.7042253521,10.3387096774,1
4755,65.0,491.0,3.9501039501,18.8846153846,1
4756,67.0,568.0,3.873605948,6.6046511628,1
4757,66.0,505.0,4.0420353982,6.3924050633,1
4758,47.0,603.0,4.0942622951,12.5625,1
4759,50.0,419.0,4.0765306122,6.1617647059,0
4760,59.0,525.0,4.4533898305,9.5454545455,1
4761,61.0,791.0,3.9092071611,4.8527607362,1
4762,53.0,535.0,4.0669291339,6.1494252874,1
4763,68.0,716.0,3.8937677054,6.3928571429,1
4764,49.0,518.0,4.2165991903,7.2957746479,0
4765,64.0,590.0,3.7799227799,7.4683544304,1
4766,70.0,612.0,4.0140105079,5.8285714286,1
4767,53.0,455.0,4.3995157385,7.2222222222,1
4768,59.0,528.0,4.0973084886,6.9473684211,1
4769,57.0,551.0,3.6970260223,4.4796747967,1
4770,85.0,598.0,3.8318264014,5.75,0
4771,65.0,640.0,4.173015873,6.5306122449,1
4772,43.0,593.0,3.8684210526,8.0135135135,1
4773,33.0,312.0,4.0139372822,6.1176470588,1
4774,84.0,616.0,3.8770642202,7.6049382716,1
4775,60.0,591.0,4.0946745562,8.8208955224,1
4776,87.0,575.0,4.0905797101,4.2592592593,1
4777,55.0,563.0,4.0968992248,5.8645833333,1
4778,53.0,549.0,4.1050328228,6.1,1
4779,81.0,676.0,4.1957186544,7.1914893617,1
4780,66.0,469.0,4.16,11.1666666667,1
4781,64.0,607.0,4.0671641791,9.0597014925,0
4782,66.0,619.0,4.1492537313,8.3648648649,0
4783,45.0,578.0,4.1524163569,6.3516483516,1
4784,99.0,671.0,3.7583333333,14.5869565217,1
4785,64.0,504.0,4.4539748954,6.72,1
4786,51.0,518.0,3.9098360656,6.5569620253,1
4787,38.0,519.0,3.8577405858,5.7032967033,1
4788,42.0,496.0,4.119047619,12.7179487179,1
4789,102.0,757.0,3.8490566038,6.6403508772,1
4790,52.0,475.0,4.2183908046,8.4821428571,1
4791,69.0,599.0,4.3905109489,6.8068181818,1
4792,40.0,295.0,4.5667870036,6.2765957447,1
4793,80.0,816.0,3.9452926209,7.7714285714,1
4794,70.0,559.0,3.7680311891,14.7105263158,1
4795,77.0,569.0,3.4836223507,14.225,1
4796,61.0,540.0,4.0496031746,8.4375,1
4797,55.0,515.0,4.1632653061,8.1746031746,1
4798,46.0,305.0,3.9100346021,15.25,1
4799,56.0,581.0,3.8264299803,7.6447368421,1
4800,66.0,591.0,4.1449541284,5.523364486,1
4801,52.0,483.0,4.3752969121,11.7804878049,1
4802,65.0,520.0,4.2895277207,6.1176470588,1
4803,39.0,343.0,4.5139318885,5.2769230769,1
4804,60.0,624.0,4.4745417515,11.7735849057,0
4805,88.0,666.0,3.8597359736,7.085106383,1
4806,54.0,524.0,3.8527607362,10.9166666667,1
4807,72.0,622.0,3.8872785829,10.724137931,1
4808,56.0,595.0,3.7759259259,13.2222222222,0
4809,43.0,454.0,3.9485981308,14.6451612903,0
4810,73.0,519.0,4.2323651452,6.5696202532,1
4811,55.0,515.0,4.0401606426,6.7763157895,0
4812,40.0,307.0,4.4163822526,5.2931034483,0
4813,72.0,647.0,3.6558558559,10.435483871,1
4814,52.0,542.0,4.2743764172,9.5087719298,1
4815,87.0,771.0,4.2478873239,7.6336633663,1
4816,47.0,416.0,3.8025316456,6.1176470588,1
4817,71.0,832.0,3.8300283286,8.2376237624,1
4818,59.0,459.0,4.0173267327,8.1964285714,1
4819,53.0,400.0,3.972826087,4.3956043956,0
4820,65.0,769.0,3.7703826955,12.4032258065,1
4821,51.0,376.0,4.0852941176,9.641025641,1
4822,63.0,555.0,3.5966386555,11.3265306122,1
4823,79.0,770.0,4.5182481752,6.814159292,1
4824,40.0,420.0,4.1789976134,6.5625,1
4825,51.0,543.0,3.8021052632,7.4383561644,0
4826,65.0,573.0,3.7649122807,7.4415584416,0
4827,73.0,594.0,3.8161512027,5.0338983051,1
4828,34.0,365.0,3.8643067847,10.4285714286,1
4829,76.0,548.0,4.1070745698,6.1573033708,1
4830,72.0,708.0,4.23125,7.0099009901,1
4831,82.0,588.0,3.8940754039,5.9393939394,1
4832,55.0,510.0,4.1605206074,7.0833333333,1
4833,50.0,392.0,3.9116022099,7.1272727273,0
4834,26.0,326.0,3.8286713287,7.4090909091,1
4835,63.0,457.0,4.4665127021,5.4404761905,1
4836,67.0,454.0,3.6330935252,5.4047619048,0
4837,56.0,526.0,4.1391650099,8.7666666667,1
4838,95.0,745.0,4.0014388489,6.2083333333,1
4839,66.0,698.0,4.1325503356,9.3066666667,1
4840,69.0,509.0,4.7394957983,6.1325301205,1
4841,53.0,691.0,3.992211838,8.858974359,0
4842,76.0,562.0,4.2258064516,6.4597701149,1
4843,54.0,558.0,3.6916299559,15.9428571429,1
4844,83.0,601.0,3.9833055092,5.8349514563,1
4845,66.0,838.0,4.1180030257,12.5074626866,1
4846,57.0,609.0,3.8265895954,9.515625,0
4847,72.0,693.0,3.5257731959,5.4140625,0
4848,47.0,389.0,4.0155844156,5.5571428571,0
4849,48.0,415.0,3.9949748744,5.1234567901,1
4850,64.0,573.0,4.0332167832,7.3461538462,1
4851,52.0,444.0,4.0703517588,5.4814814815,1
4852,86.0,917.0,3.6939759036,5.0662983425,1
4853,70.0,646.0,3.9293739968,5.5213675214,1
4854,86.0,507.0,4.1643564356,7.0416666667,1
4855,58.0,546.0,4.2458333333,7.5833333333,1
4856,52.0,473.0,3.9223946785,5.7682926829,1
4857,64.0,514.0,3.7142857143,5.2448979592,0
4858,70.0,486.0,3.9644351464,7.3636363636,1
4859,87.0,801.0,4.1887323944,7.0884955752,1
4860,101.0,909.0,3.958968347,7.8362068966,1
4861,40.0,380.0,4.3213296399,5.5072463768,1
4862,52.0,689.0,4.3955857385,9.3108108108,1
4863,58.0,592.0,4.3234200743,6.8837209302,0
4864,58.0,521.0,3.8972162741,5.7252747253,0
4865,56.0,443.0,4.265258216,5.8289473684,1
4866,79.0,724.0,4.1771523179,8.1348314607,1
4867,50.0,452.0,3.9287305122,6.8484848485,0
4868,89.0,739.0,3.996875,7.3168316832,1
4869,56.0,440.0,3.9906103286,6.4705882353,1
4870,24.0,205.0,4.381443299,6.2121212121,1
4871,84.0,490.0,4.25,5.5056179775,1
4872,45.0,402.0,4.2806122449,6.380952381,1
4873,47.0,437.0,4.2700729927,5.6753246753,0
4874,51.0,320.0,4.9639344262,7.8048780488,1
4875,69.0,641.0,4.2311320755,6.1634615385,0
4876,7.0,177.0,3.9595375723,6.1034482759,0
4877,55.0,414.0,4.4627249357,6.1791044776,1
4878,51.0,571.0,3.358490566,5.8265306122,0
4879,39.0,259.0,4.1284046693,5.2857142857,1
4880,87.0,696.0,4.1133858268,6.5660377358,1
4881,60.0,568.0,4.2657200811,7.4736842105,1
4882,41.0,356.0,4.1704545455,5.3939393939,1
4883,43.0,372.0,3.9968944099,9.0731707317,0
4884,52.0,504.0,3.8686868687,5.7931034483,1
4885,75.0,656.0,4.0533117932,6.1886792453,1
4886,79.0,773.0,3.9315436242,6.0866141732,1
4887,165.0,728.0,4.2102351314,6.3304347826,1
4888,20.0,386.0,4.4277929155,5.5142857143,1
4889,63.0,621.0,4.3278985507,8.0649350649,1
4890,38.0,336.0,4.2263513514,8.8421052632,1
4891,64.0,652.0,3.9754716981,9.0555555556,1
4892,46.0,487.0,4.1606334842,9.5490196078,0
4893,41.0,397.0,4.2978723404,6.1076923077,0
4894,37.0,333.0,4.6433333333,7.2391304348,0
4895,66.0,598.0,4.4294003868,8.3055555556,1
4896,69.0,594.0,4.1485319516,4.7142857143,1
4897,64.0,557.0,4.1796407186,6.7926829268,1
4898,46.0,510.0,3.6117647059,3.9230769231,0
4899,64.0,557.0,3.982,8.4393939394,1
4900,50.0,480.0,4.3569553806,12.0,1
4901,89.0,754.0,4.1183673469,4.9605263158,1
4902,67.0,518.0,4.067961165,6.475,0
4903,75.0,624.0,3.9415692821,11.7735849057,1
4904,61.0,463.0,4.0441860465,6.9104477612,1
4905,93.0,1014.0,4.5435582822,9.6571428571,1
4906,58.0,510.0,4.4334085779,7.96875,1
4907,7.0,129.0,4.4915254237,12.9,0
4908,83.0,540.0,4.1826923077,4.9090909091,1
4909,49.0,347.0,4.4558823529,5.421875,1
4910,71.0,739.0,4.120124805,8.5930232558,1
4911,55.0,462.0,4.174291939,6.7941176471,0
4912,66.0,414.0,4.1174863388,7.8113207547,1
4913,74.0,787.0,4.2948517941,9.2588235294,1
4914,106.0,787.0,4.0076335878,6.1007751938,1
4915,76.0,554.0,3.8336448598,7.3866666667,1
4916,106.0,1143.0,4.1831425598,8.7251908397,1
4917,80.0,834.0,4.1935483871,8.1764705882,1
4918,67.0,719.0,4.072815534,7.7311827957,1
4919,67.0,414.0,4.1083743842,5.75,0
4920,87.0,546.0,3.9852125693,6.825,0
4921,64.0,491.0,4.1132478632,6.4605263158,1
4922,125.0,592.0,4.1099830795,5.1034482759,1
4923,42.0,465.0,4.3695652174,10.1086956522,1
4924,141.0,705.0,3.4488636364,4.7315436242,1
4925,100.0,470.0,4.4936170213,4.3925233645,1
4926,64.0,468.0,3.796875,7.9322033898,1
4927,31.0,253.0,3.8725099602,9.3703703704,0
4928,72.0,457.0,4.1716937355,6.0933333333,1
4929,77.0,492.0,4.1215351812,6.56,1
4930,81.0,590.0,3.5662020906,5.0862068966,1
4931,87.0,593.0,3.660472973,8.2361111111,1
4932,60.0,531.0,4.1988304094,5.5894736842,1
4933,71.0,588.0,4.176369863,5.0689655172,1
4934,11.0,41.0,4.875,13.6666666667,1
4935,39.0,362.0,4.163141994,8.8292682927,1
4936,30.0,227.0,4.2577777778,7.5666666667,1
4937,96.0,711.0,4.10321489,5.7338709677,1
4938,71.0,621.0,3.9646840149,6.5368421053,1
4939,90.0,935.0,4.0226130653,6.1920529801,1
4940,74.0,590.0,3.8396793587,6.7816091954,1
4941,104.0,754.0,4.1573033708,6.1300813008,1
4942,82.0,622.0,4.2238010657,5.0569105691,0
4943,62.0,557.0,4.0754716981,6.1888888889,1
4944,73.0,600.0,3.9924098672,5.0420168067,1
4945,44.0,346.0,3.8923076923,5.4920634921,0
4946,78.0,536.0,3.8768267223,5.8901098901,1
4947,53.0,434.0,4.1506493506,6.8888888889,1
4948,72.0,474.0,3.9789719626,5.511627907,0
4949,86.0,714.0,4.0948419301,5.2116788321,1
4950,63.0,575.0,3.9741550696,5.4761904762,0
4951,63.0,519.0,3.9232365145,5.3505154639,1
4952,63.0,796.0,4.0531107739,6.8620689655,1
4953,68.0,630.0,3.9348230912,7.1590909091,0
4954,66.0,522.0,4.1457905544,5.9318181818,0
4955,80.0,651.0,3.9341637011,6.51,1
4956,61.0,618.0,4.0059405941,7.0227272727,1
4957,31.0,288.0,4.0517928287,6.1276595745,1
4958,40.0,347.0,3.9215686275,5.9827586207,1
4959,60.0,523.0,4.2910284464,5.7472527473,1
4960,74.0,569.0,3.7158119658,5.3177570093,1
4961,84.0,590.0,3.8563535912,4.7967479675,1
4962,34.0,325.0,4.128113879,5.0,1
4963,55.0,475.0,3.8806306306,6.5068493151,1
4964,22.0,236.0,4.0401785714,5.2444444444,1
4965,78.0,636.0,4.1049822064,7.4823529412,0
4966,58.0,588.0,3.8449612403,4.9,1
4967,45.0,496.0,3.6595174263,7.75,1
4968,40.0,302.0,4.0451388889,6.4255319149,0
4969,97.0,836.0,4.0329041488,8.1165048544,1
4970,54.0,634.0,4.0427807487,6.34,1
4971,55.0,475.0,3.9124726477,5.0531914894,1
4972,46.0,423.0,4.0582278481,4.9186046512,1
4973,56.0,464.0,4.0321100917,4.4615384615,0
4974,70.0,588.0,4.0782122905,5.4953271028,1
4975,66.0,666.0,4.1683673469,4.9333333333,1
4976,49.0,469.0,4.3634204276,5.9367088608,1
4977,57.0,545.0,3.9060542797,4.8230088496,1
4978,51.0,383.0,3.9660056657,5.5507246377,0
4979,45.0,388.0,4.0631868132,5.4647887324,0
4980,35.0,341.0,3.8641114983,5.8793103448,1
4981,39.0,364.0,4.0486322188,5.8709677419,1
4982,52.0,346.0,4.4984025559,6.1785714286,0
4983,78.0,740.0,4.036036036,6.4912280702,1
4984,40.0,489.0,3.9673659674,5.1473684211,0
4985,50.0,436.0,3.9950124688,5.45,0
4986,63.0,605.0,3.84,6.4361702128,0
4987,48.0,353.0,3.914893617,4.6447368421,0
4988,66.0,538.0,3.9610136452,4.8909090909,0
4989,34.0,241.0,4.1223628692,4.9183673469,1
4990,100.0,557.0,4.2218114603,4.0955882353,1
4991,86.0,840.0,4.1771428571,6.7741935484,1
4992,37.0,243.0,4.3288888889,6.3947368421,0
4993,68.0,725.0,3.7211009174,10.0694444444,1
4994,46.0,391.0,4.0536723164,5.3561643836,1
4995,53.0,650.0,3.9863013699,5.5084745763,0
4996,68.0,524.0,3.9155844156,6.3902439024,1
4997,50.0,385.0,3.9688385269,5.4225352113,0
4998,40.0,339.0,4.1672240803,5.1363636364,1
4999,54.0,431.0,4.2456575682,4.8426966292,1
5000,60.0,571.0,3.9756097561,4.9652173913,1
5001,44.0,403.0,3.9327731092,5.5205479452,1
5002,66.0,518.0,3.77827051,6.5569620253,1
5003,37.0,493.0,4.0593607306,6.0864197531,1
5004,32.0,278.0,4.2674897119,6.4651162791,1
5005,57.0,491.0,4.0135440181,5.0102040816,0
5006,104.0,718.0,4.1412698413,6.4684684685,1
5007,50.0,417.0,3.8233618234,6.8360655738,1
5008,71.0,572.0,4.1486486486,5.4476190476,1
5009,69.0,549.0,4.4122807018,8.1940298507,0
5010,21.0,135.0,3.8188976378,4.8214285714,0
5011,55.0,524.0,4.0154185022,5.7582417582,1
5012,46.0,417.0,4.3147058824,6.7258064516,1
5013,50.0,499.0,3.976076555,5.4835164835,0
5014,67.0,686.0,3.8900169205,5.5322580645,1
5015,37.0,430.0,3.726519337,5.7333333333,1
5016,64.0,622.0,3.8712273642,6.2828282828,1
5017,37.0,457.0,4.1678832117,4.8617021277,0
5018,53.0,438.0,4.3016759777,5.4074074074,1
5019,56.0,454.0,4.1066666667,4.6804123711,1
5020,46.0,508.0,4.1198156682,7.2571428571,1
5021,43.0,345.0,3.9694189602,4.6621621622,0
5022,55.0,481.0,3.964028777,9.0754716981,0
5023,64.0,689.0,3.7607913669,6.625,1
5024,25.0,229.0,4.135,5.0888888889,1
5025,87.0,795.0,3.775147929,6.0687022901,1
5026,63.0,572.0,3.6704980843,5.1071428571,1
5027,60.0,463.0,3.8756097561,7.234375,1
5028,32.0,350.0,3.9335548173,4.8611111111,1
5029,67.0,668.0,3.9360465116,6.128440367,1
5030,20.0,171.0,4.1090909091,4.75,0
5031,24.0,263.0,4.2216981132,8.7666666667,1
5032,71.0,699.0,4.011965812,6.9207920792,1
5033,56.0,519.0,4.1487964989,4.6339285714,1
5034,56.0,504.0,3.6513317191,5.1958762887,1
5035,44.0,454.0,3.9766839378,5.8205128205,1
5036,60.0,498.0,4.1004273504,5.0303030303,1
5037,1.0,9.0,5.0,0.0,0
5038,75.0,519.0,4.0824053452,5.8977272727,1
5039,53.0,471.0,4.1065989848,6.28,0
5040,55.0,491.0,4.0748792271,5.7764705882,1
5041,116.0,633.0,4.0928196147,4.9069767442,1
5042,67.0,473.0,4.109375,5.5,0
5043,54.0,464.0,4.0349344978,4.9361702128,1
5044,60.0,440.0,4.2947103275,5.0,1
5045,58.0,492.0,3.5226244344,6.9295774648,1
5046,51.0,383.0,3.9660056657,5.5507246377,0
5047,21.0,169.0,3.8606060606,4.3333333333,1
5048,72.0,609.0,4.3086680761,7.0813953488,0
5049,91.0,489.0,4.0459770115,7.2985074627,1
5050,62.0,316.0,4.4607508532,45.1428571429,0
5051,66.0,404.0,4.0886850153,7.7692307692,1
5052,60.0,259.0,4.4253393665,259.0,1
5053,60.0,303.0,3.7815699659,7.3902439024,1
5054,178.0,667.0,4.3678343949,333.5,1
5055,126.0,470.0,3.9697674419,470.0,1
5056,66.0,547.0,3.8064516129,8.546875,1
5057,51.0,221.0,4.0825688073,5.8157894737,1
5058,79.0,501.0,3.6641791045,9.6346153846,0
5059,55.0,348.0,4.1554054054,11.2258064516,1
5060,59.0,212.0,5.1317073171,10.0952380952,0
5061,56.0,490.0,3.6363636364,6.2820512821,1
5062,53.0,253.0,4.1382488479,10.5416666667,1
5063,53.0,226.0,4.2212389381,226.0,1
5064,62.0,496.0,3.8897058824,6.2784810127,1
5065,78.0,551.0,3.5259259259,10.0181818182,1
5066,60.0,443.0,3.8509485095,12.3055555556,0
5067,60.0,459.0,4.1855670103,7.65,1
5068,57.0,327.0,4.0588235294,7.7857142857,1
5069,46.0,189.0,5.0238095238,47.25,0
5070,55.0,180.0,4.1885714286,7.2,0
5071,45.0,298.0,3.9425287356,7.641025641,1
5072,49.0,389.0,4.0790273556,12.9666666667,1
5073,48.0,300.0,4.1078838174,7.1428571429,0
5074,63.0,380.0,4.3025477707,8.4444444444,0
5075,49.0,333.0,3.9183006536,7.2391304348,0
5076,72.0,385.0,3.9063360882,7.0,1
5077,72.0,498.0,3.8365384615,16.064516129,1
5078,83.0,297.0,4.1941391941,3.8571428571,1
5079,40.0,148.0,5.0571428571,4.3529411765,1
5080,35.0,204.0,4.5132275132,6.0,1
5081,115.0,360.0,4.8047337278,36.0,1
5082,49.0,410.0,4.2422360248,10.5128205128,1
5083,41.0,230.0,4.2181818182,6.9696969697,1
5084,47.0,297.0,4.0791666667,9.9,1
5085,35.0,151.0,4.4265734266,0.0,1
5086,10.0,62.0,3.75,8.8571428571,1
5087,59.0,296.0,4.0333333333,10.5714285714,0
5088,47.0,306.0,4.1666666667,11.3333333333,1
5089,31.0,127.0,3.5669291339,5.7727272727,1
5090,57.0,302.0,4.6203389831,6.4255319149,1
5091,38.0,263.0,4.3452914798,8.4838709677,1
5092,48.0,325.0,4.3768656716,11.2068965517,1
5093,84.0,268.0,4.737254902,11.1666666667,0
5094,62.0,244.0,5.0352422907,7.1764705882,1
5095,38.0,368.0,4.0845070423,6.8148148148,1
5096,29.0,92.0,4.402173913,23.0,0
5097,62.0,316.0,4.4607508532,45.1428571429,0
5098,48.0,297.0,4.37109375,7.243902439,1
5099,53.0,364.0,3.8464052288,6.7407407407,1
5100,30.0,132.0,6.1212121212,132.0,0
5101,5.0,23.0,4.3913043478,5.75,0
5102,64.0,303.0,3.6494845361,5.05,0
5103,45.0,219.0,3.527173913,8.1111111111,1
5104,43.0,199.0,3.9479166667,12.4375,0
5105,50.0,503.0,3.6151898734,8.2459016393,0
5106,54.0,271.0,5.1034482759,9.6785714286,1
5107,51.0,265.0,3.9243027888,5.8888888889,1
5108,52.0,243.0,4.1590909091,6.5675675676,0
5109,43.0,236.0,4.1204188482,11.8,0
5110,48.0,235.0,3.9345794393,9.0384615385,1
5111,47.0,241.0,4.3577981651,10.9545454545,1
5112,38.0,172.0,3.9933333333,6.88,0
5113,76.0,649.0,4.3764172336,14.4222222222,0
5114,99.0,657.0,4.2437395659,9.0,1
5115,8.0,38.0,4.1842105263,4.75,0
5116,47.0,443.0,4.4952380952,19.2608695652,1
5117,36.0,198.0,4.5396825397,5.0769230769,0
5118,50.0,258.0,5.96875,12.2857142857,0
5119,39.0,200.0,4.1612903226,6.4516129032,0
5120,58.0,239.0,4.6758241758,10.8636363636,0
5121,40.0,261.0,3.9111111111,6.6923076923,0
5122,48.0,314.0,4.1,7.1363636364,1
5123,40.0,209.0,3.7041420118,14.9285714286,0
5124,35.0,188.0,4.4258064516,7.52,0
5125,48.0,265.0,4.1,7.5714285714,0
5126,41.0,181.0,3.5443037975,3.9347826087,1
5127,75.0,412.0,4.4840764331,10.5641025641,1
5128,52.0,507.0,3.8313953488,18.7777777778,1
5129,66.0,364.0,4.3037974684,14.56,0
5130,1.0,3.0,9.6666666667,0.0,0
5131,15.0,91.0,5.2888888889,9.1,1
5132,9.0,30.0,4.0689655172,30.0,0
5133,4.0,18.0,4.5,3.6,1
5134,36.0,222.0,4.2666666667,15.8571428571,1
5135,31.0,162.0,3.9548387097,6.75,0
5136,64.0,311.0,3.8774834437,7.4047619048,1
5137,50.0,339.0,4.3188405797,7.2127659574,1
5138,47.0,185.0,5.1840490798,20.5555555556,0
5139,13.0,68.0,4.2153846154,17.0,0
5140,33.0,174.0,4.268907563,58.0,0
5141,11.0,110.0,4.0704225352,11.0,1
5142,25.0,268.0,4.29,7.0526315789,0
5143,45.0,427.0,3.6675324675,5.2716049383,0
5144,89.0,862.0,3.9191374663,5.904109589,1
5145,72.0,615.0,4.1262798635,5.9708737864,1
5146,64.0,718.0,3.7985347985,8.2528735632,0
5147,69.0,732.0,3.6783831283,7.625,1
5148,64.0,503.0,3.8728448276,4.3362068966,0
5149,97.0,752.0,4.2323943662,5.0469798658,0
5150,90.0,775.0,4.0256410256,5.0986842105,0
5151,49.0,373.0,4.0965909091,5.1805555556,1
5152,66.0,640.0,3.8191681736,6.4,0
5153,131.0,1188.0,4.0514499532,6.1875,1
5154,55.0,480.0,4.2294264339,8.5714285714,0
5155,37.0,401.0,4.0480225989,8.7173913043,0
5156,93.0,762.0,4.1134868421,6.2975206612,1
5157,96.0,614.0,3.9099437148,5.8476190476,0
5158,68.0,431.0,4.0216216216,6.1571428571,0
5159,74.0,559.0,3.8196392786,6.9875,0
5160,74.0,614.0,4.0232142857,6.4631578947,1
5161,87.0,607.0,3.9653379549,5.7264150943,0
5162,58.0,444.0,3.7606635071,4.9333333333,0
5163,70.0,556.0,4.1163265306,5.9784946237,1
5164,63.0,683.0,4.2583479789,8.6455696203,1
5165,84.0,511.0,3.7775510204,5.3229166667,0
5166,54.0,402.0,3.992,4.5681818182,0
5167,62.0,538.0,4.008988764,6.1136363636,0
5168,58.0,459.0,4.1950672646,4.935483871,0
5169,45.0,473.0,4.1933174224,7.6290322581,0
5170,84.0,803.0,4.2603550296,6.8050847458,1
5171,76.0,824.0,4.0425844347,8.5833333333,1
5172,49.0,400.0,4.1918918919,5.3333333333,0
5173,112.0,889.0,3.875,5.6987179487,0
5174,52.0,546.0,3.7376033058,5.5151515152,0
5175,102.0,988.0,4.082460733,8.5172413793,1
5176,76.0,1034.0,3.471190781,9.0701754386,1
5177,65.0,604.0,3.9394572025,9.7419354839,1
5178,47.0,404.0,4.0616966581,5.1139240506,0
5179,65.0,611.0,3.9716446125,6.11,0
5180,120.0,894.0,4.048463357,4.6082474227,1
5181,56.0,553.0,4.1820083682,5.8829787234,0
5182,86.0,808.0,4.2668463612,5.3866666667,1
5183,73.0,725.0,4.006116208,5.3703703704,0
5184,52.0,413.0,4.0341207349,6.2575757576,0
5185,77.0,893.0,4.0666666667,6.6641791045,1
5186,66.0,611.0,3.7413479053,7.0229885057,1
5187,57.0,486.0,5.1582914573,6.1518987342,0
5188,102.0,708.0,4.1598023064,6.3783783784,0
5189,92.0,936.0,3.7431761787,8.0689655172,1
5190,80.0,470.0,4.1674528302,5.1086956522,1
5191,73.0,388.0,3.9216710183,6.4666666667,1
5192,67.0,758.0,4.023006135,5.7424242424,1
5193,51.0,497.0,4.2170542636,4.7788461538,0
5194,80.0,814.0,3.9411764706,8.752688172,1
5195,93.0,853.0,3.706043956,5.1077844311,1
5196,63.0,501.0,3.9260969977,8.35,0
5197,49.0,435.0,3.8575063613,5.8783783784,0
5198,66.0,517.0,4.208677686,7.1805555556,0
5199,70.0,897.0,4.0715231788,9.1530612245,1
5200,73.0,410.0,4.0171149144,5.9420289855,1
5201,60.0,721.0,3.9804618117,10.3,1
5202,47.0,389.0,3.771978022,5.1866666667,0
5203,27.0,210.0,3.3315789474,3.9622641509,0
5204,68.0,743.0,4.1557377049,8.7411764706,1
5205,63.0,686.0,3.9620938628,9.661971831,1
5206,52.0,387.0,4.4680851064,6.5593220339,0
5207,56.0,582.0,4.1428571429,8.0833333333,1
5208,53.0,613.0,4.0372670807,8.7571428571,1
5209,85.0,639.0,3.9508474576,5.112,1
5210,76.0,571.0,4.1940594059,6.7176470588,0
5211,78.0,851.0,3.7810320781,7.6666666667,1
5212,58.0,671.0,3.985,6.7777777778,1
5213,65.0,540.0,3.995959596,7.6056338028,0
5214,84.0,710.0,4.2921174652,6.8932038835,1
5215,71.0,773.0,4.0898100173,10.4459459459,0
5216,67.0,666.0,4.0829015544,7.5681818182,1
5217,61.0,429.0,4.2153846154,4.7142857143,1
5218,80.0,789.0,3.9189985272,5.26,0
5219,45.0,404.0,3.8728813559,6.4126984127,0
5220,141.0,834.0,3.8905608755,8.7789473684,1
5221,73.0,399.0,3.2068965517,49.875,0
5222,39.0,292.0,3.8586572438,5.0344827586,1
5223,65.0,423.0,3.8839506173,5.3544303797,0
5224,73.0,778.0,4.0411392405,8.5494505495,1
5225,90.0,639.0,4.2125984252,7.6987951807,1
5226,1.0,25.0,5.6086956522,12.5,0
5227,58.0,538.0,4.2648870637,5.7234042553,1
5228,73.0,620.0,4.015625,4.8062015504,0
5229,74.0,604.0,3.814471243,7.023255814,1
5230,58.0,608.0,4.1312607945,4.7131782946,1
5231,48.0,414.0,4.2203856749,5.3076923077,1
5232,74.0,507.0,4.4577006508,6.5,0
5233,88.0,746.0,4.1386623165,8.7764705882,0
5234,54.0,502.0,3.7903614458,10.6808510638,1
5235,61.0,493.0,4.1943844492,5.6666666667,1
5236,59.0,588.0,4.0061983471,7.0843373494,0
5237,44.0,332.0,4.1367781155,5.4426229508,1
5238,45.0,496.0,4.1079691517,7.0857142857,1
5239,103.0,801.0,3.7390070922,5.4489795918,1
5240,60.0,533.0,3.8863157895,7.1066666667,1
5241,81.0,788.0,3.9641833811,6.4590163934,1
5242,87.0,733.0,4.1911554922,5.9593495935,1
5243,59.0,625.0,4.1961206897,9.328358209,1
5244,17.0,175.0,4.0736196319,7.2916666667,1
5245,47.0,606.0,4.1530172414,8.4166666667,1
5246,41.0,285.0,4.3157894737,5.8163265306,0
5247,58.0,589.0,4.0346232179,8.4142857143,1
5248,63.0,803.0,3.8388157895,9.0224719101,1
5249,52.0,635.0,4.1207920792,10.2419354839,0
5250,72.0,615.0,4.1262798635,5.9708737864,1
5251,29.0,257.0,3.6108786611,14.2777777778,0
5252,50.0,430.0,4.2447916667,7.962962963,1
5253,75.0,460.0,3.8287841191,9.2,1
5254,58.0,345.0,4.0626865672,6.0526315789,0
5255,52.0,319.0,4.032967033,6.9347826087,0
5256,52.0,424.0,4.041025641,4.9302325581,0
5257,64.0,512.0,3.6261061947,5.9534883721,1
5258,43.0,418.0,3.7011173184,8.0384615385,0
5259,69.0,433.0,3.6658227848,7.8727272727,0
5260,56.0,399.0,3.8579088472,7.3888888889,0
5261,54.0,431.0,3.5875,4.8977272727,0
5262,69.0,411.0,3.9086294416,5.2692307692,0
5263,73.0,574.0,3.7047244094,6.8333333333,1
5264,53.0,369.0,3.6666666667,6.3620689655,0
5265,46.0,399.0,3.8898550725,8.3125,0
5266,53.0,411.0,3.8548812665,5.9565217391,0
5267,116.0,520.0,4.3578336557,5.2,1
5268,48.0,265.0,4.1666666667,6.9736842105,0
5269,87.0,503.0,4.1987704918,4.6574074074,1
5270,34.0,366.0,4.1854304636,9.8918918919,1
5271,66.0,474.0,3.7230769231,5.8518518519,0
5272,64.0,467.0,3.8581395349,8.3392857143,0
5273,53.0,458.0,3.5655021834,25.4444444444,1
5274,74.0,506.0,4.0042553191,6.0963855422,1
5275,34.0,392.0,3.8489583333,6.0307692308,0
5276,56.0,365.0,4.2602339181,10.1388888889,0
5277,73.0,386.0,4.0894308943,5.3611111111,1
5278,83.0,406.0,3.864321608,7.3818181818,1
5279,62.0,427.0,3.5968169761,11.5405405405,1
5280,55.0,440.0,3.9425981873,10.2325581395,0
5281,47.0,375.0,4.0,6.4655172414,0
5282,79.0,600.0,4.1115107914,5.4545454545,1
5283,78.0,387.0,4.3605633803,10.75,1
5284,58.0,474.0,3.7679012346,7.5238095238,1
5285,46.0,353.0,3.6271676301,5.115942029,0
5286,68.0,425.0,4.1128608924,4.5212765957,0
5287,38.0,417.0,3.887755102,5.9571428571,0
5288,62.0,482.0,3.5714285714,6.5135135135,0
5289,45.0,356.0,3.9029126214,6.0338983051,1
5290,64.0,554.0,3.877593361,7.2894736842,1
5291,73.0,469.0,3.721822542,7.8166666667,0
5292,74.0,439.0,4.1261904762,6.2714285714,1
5293,53.0,301.0,3.9202657807,7.525,0
5294,93.0,535.0,4.046653144,5.4591836735,1
5295,47.0,392.0,4.3038348083,6.7586206897,0
5296,31.0,352.0,3.8972809668,8.380952381,1
5297,38.0,297.0,3.8030888031,7.425,1
5298,60.0,284.0,4.2287822878,5.2592592593,0
5299,32.0,274.0,3.8850574713,5.48,0
5300,47.0,335.0,4.0142348754,7.2826086957,0
5301,55.0,384.0,3.7798913043,5.5652173913,0
5302,78.0,416.0,4.0231958763,6.4,1
5303,76.0,535.0,4.1373737374,5.9444444444,1
5304,75.0,546.0,3.9605263158,4.8318584071,0
5305,56.0,311.0,3.7475409836,6.22,0
5306,36.0,279.0,4.0856031128,5.1666666667,0
5307,11.0,180.0,4.2405063291,7.2,0
5308,67.0,480.0,3.9107981221,8.0,1
5309,70.0,397.0,3.9534883721,5.7536231884,0
5310,66.0,372.0,4.2768361582,5.7230769231,1
5311,82.0,453.0,4.0275229358,7.4262295082,1
5312,81.0,391.0,4.21875,4.8271604938,0
5313,91.0,489.0,4.0944206009,5.8915662651,1
5314,101.0,557.0,4.0261682243,4.7606837607,0
5315,67.0,381.0,3.9566395664,5.6029411765,0
5316,44.0,385.0,3.8771929825,5.7462686567,0
5317,52.0,342.0,4.0277777778,9.2432432432,1
5318,82.0,586.0,4.2675276753,6.3695652174,1
5319,108.0,762.0,3.9266572638,6.0,1
5320,77.0,317.0,3.7828947368,79.25,1
5321,26.0,262.0,3.9832635983,7.9393939394,1
5322,48.0,371.0,4.1810810811,4.7564102564,0
5323,60.0,412.0,3.9507389163,5.2820512821,1
5324,66.0,343.0,4.0979228487,4.9,0
5325,71.0,356.0,4.1661721068,8.4761904762,0
5326,67.0,510.0,3.8703703704,5.7954545455,1
5327,18.0,237.0,3.4513274336,39.5,1
5328,1.0,5.0,6.0,0.0,0
5329,50.0,341.0,3.9212328767,8.3170731707,0
5330,53.0,335.0,3.9314641745,5.4918032787,1
5331,66.0,841.0,3.3611111111,84.1,1
5332,40.0,258.0,4.03515625,4.6909090909,0
5333,100.0,823.0,4.0871212121,6.6910569106,1
5334,73.0,510.0,4.0997782705,5.5434782609,1
5335,437.0,3089.0,4.3580414825,6.202811245,1
5336,46.0,443.0,3.8149882904,5.4691358025,0
5337,94.0,838.0,3.8974358974,6.1167883212,1
5338,50.0,356.0,4.1583577713,5.4769230769,0
5339,51.0,406.0,3.9859943978,5.4133333333,0
5340,54.0,422.0,3.9376623377,5.7808219178,1
5341,72.0,573.0,4.214953271,5.73,1
5342,77.0,535.0,4.0636182903,6.4457831325,0
5343,62.0,385.0,4.0081967213,6.7543859649,0
5344,37.0,320.0,4.3569023569,7.2727272727,0
5345,82.0,516.0,4.180698152,5.5483870968,0
5346,75.0,534.0,4.1239669421,5.7419354839,1
5347,72.0,686.0,4.2055641422,6.4112149533,1
5348,328.0,2918.0,4.214368932,6.6621004566,1
5349,76.0,610.0,4.2043010753,5.4954954955,1
5350,53.0,478.0,4.2538293217,7.1343283582,1
5351,40.0,352.0,4.0884955752,6.0689655172,0
5352,44.0,566.0,4.0744878957,5.0535714286,0
5353,67.0,479.0,4.0956719818,5.5697674419,1
5354,76.0,571.0,3.792,5.3364485981,0
5355,59.0,436.0,4.1710213777,4.9545454545,1
5356,70.0,599.0,3.8985507246,5.8155339806,0
5357,62.0,671.0,4.2929623568,7.2150537634,1
5358,75.0,632.0,4.202020202,6.6526315789,1
5359,50.0,369.0,3.5922330097,6.8333333333,1
5360,21.0,248.0,3.8326180258,7.2941176471,1
5361,89.0,685.0,4.1701807229,5.9051724138,1
5362,18.0,212.0,4.1055276382,5.4358974359,0
5363,65.0,562.0,3.8503787879,5.9157894737,0
5364,42.0,303.0,4.2902097902,6.06,0
5365,62.0,461.0,3.8155339806,7.435483871,0
5366,43.0,340.0,3.9299363057,5.9649122807,1
5367,63.0,563.0,4.2050359712,8.5303030303,0
5368,89.0,736.0,4.2032163743,6.4561403509,1
5369,69.0,554.0,4.3804971319,6.925,0
5370,74.0,633.0,4.1926298157,6.6631578947,1
5371,52.0,452.0,3.9644549763,6.1081081081,0
5372,75.0,608.0,4.2276867031,5.9029126214,0
5373,70.0,502.0,3.9545454545,5.6404494382,1
5374,63.0,520.0,4.3361884368,6.7532467532,0
5375,49.0,367.0,4.0115273775,6.9245283019,0
5376,53.0,421.0,3.9173126615,5.6891891892,1
5377,44.0,319.0,4.3054662379,6.6458333333,0
5378,75.0,656.0,3.7504051864,7.2087912088,1
5379,54.0,398.0,4.0267379679,13.2666666667,0
5380,45.0,450.0,3.7930232558,5.9210526316,1
5381,56.0,428.0,4.3571428571,8.7346938776,0
5382,93.0,861.0,3.9927272727,7.2966101695,1
5383,18.0,211.0,4.1370558376,5.4102564103,0
5384,80.0,700.0,4.0712209302,6.6666666667,0
5385,38.0,315.0,4.2244224422,5.7272727273,1
5386,68.0,517.0,3.968487395,6.011627907,1
5387,47.0,423.0,4.4645476773,8.2941176471,0
5388,20.0,210.0,4.2367149758,5.8333333333,0
5389,48.0,416.0,4.0322580645,6.5,1
5390,74.0,723.0,4.007204611,5.5615384615,0
5391,295.0,2187.0,4.194417238,6.0581717452,1
5392,59.0,368.0,3.8148148148,6.4561403509,1
5393,90.0,617.0,4.476702509,5.5585585586,0
5394,51.0,406.0,4.2356020942,5.6388888889,0
5395,55.0,450.0,4.2621809745,6.1643835616,0
5396,63.0,269.0,6.4591836735,67.25,0
5397,46.0,413.0,3.8676470588,4.8023255814,0
5398,90.0,837.0,3.9863387978,5.3653846154,0
5399,50.0,453.0,4.1041666667,7.4262295082,0
5400,83.0,824.0,4.2547169811,8.0,0
5401,37.0,383.0,3.7816091954,4.7283950617,0
5402,50.0,364.0,4.2449567723,5.8709677419,0
5403,80.0,663.0,4.1884057971,5.7155172414,0
5404,52.0,408.0,4.3813131313,5.8285714286,1
5405,109.0,872.0,4.1513317191,6.8661417323,1
5406,54.0,627.0,3.9889908257,5.6486486486,1
5407,81.0,533.0,3.9416846652,6.746835443,0
5408,46.0,373.0,4.0333333333,6.3220338983,0
5409,66.0,595.0,4.4680851064,5.5092592593,1
5410,50.0,437.0,4.4206549118,5.9054054054,1
5411,81.0,1130.0,4.046,6.6081871345,1
5412,103.0,834.0,3.8941469489,6.7258064516,1
5413,86.0,642.0,4.0615883306,5.8363636364,1
5414,51.0,447.0,4.2365339578,6.0405405405,0
5415,33.0,236.0,4.1233480176,8.7407407407,0
5416,42.0,309.0,4.1130742049,6.4375,0
5417,58.0,441.0,4.193236715,6.2112676056,1
5418,61.0,480.0,4.587196468,6.4,1
5419,50.0,406.0,4.2825,5.012345679,1
5420,62.0,590.0,4.0682226212,6.3440860215,0
5421,56.0,440.0,4.193236715,5.9459459459,0
5422,73.0,674.0,4.5536547434,6.2407407407,1
5423,62.0,492.0,4.3404255319,6.15,0
5424,62.0,537.0,4.1730382294,5.7741935484,1
5425,36.0,299.0,4.402173913,5.4363636364,0
5426,57.0,391.0,4.0084269663,5.5070422535,1
5427,79.0,630.0,4.0929054054,6.5625,1
5428,34.0,356.0,3.8915662651,6.2456140351,1
5429,58.0,507.0,4.1869369369,7.4558823529,1
5430,69.0,374.0,3.7527472527,7.3333333333,0
5431,84.0,694.0,4.3426470588,6.3669724771,1
5432,73.0,557.0,3.9924098672,5.9255319149,0
5433,63.0,439.0,4.1788413098,6.2714285714,0
5434,32.0,337.0,3.6749226006,5.1846153846,0
5435,70.0,591.0,3.9896013865,6.4239130435,0
5436,71.0,561.0,4.0994371482,5.3942307692,0
5437,47.0,419.0,4.3359580052,5.7397260274,0
5438,57.0,541.0,4.398,6.3647058824,0
5439,52.0,535.0,4.0147058824,7.0394736842,0
5440,33.0,374.0,4.036036036,6.3389830508,1
5441,62.0,493.0,4.1226611227,7.1449275362,0
5442,45.0,467.0,4.2477678571,5.6951219512,0
5443,48.0,379.0,4.054200542,5.921875,0
5444,84.0,774.0,4.0101892285,8.4130434783,0
5445,59.0,499.0,3.7354988399,6.7432432432,0
5446,68.0,525.0,3.5862884161,8.203125,1
5447,20.0,120.0,4.7833333333,5.4545454545,0
5448,103.0,732.0,3.9957865169,4.9459459459,0
5449,56.0,337.0,4.1538461538,5.8103448276,0
5450,87.0,662.0,4.2978003384,5.6101694915,1
5451,50.0,544.0,4.2434077079,7.5555555556,1
5452,30.0,194.0,4.1851851852,5.5428571429,0
5453,66.0,595.0,4.2003610108,6.5384615385,1
5454,38.0,339.0,4.3209459459,7.7045454545,1
5455,71.0,593.0,3.7249544627,5.3423423423,0
5456,20.0,143.0,4.6615384615,5.5,0
5457,58.0,519.0,4.1214574899,6.3292682927,1
5458,42.0,388.0,4.129476584,5.2432432432,0
5459,72.0,626.0,4.0949152542,7.2790697674,1
5460,90.0,688.0,4.2155963303,6.6153846154,1
5461,49.0,410.0,4.2783505155,5.9420289855,0
5462,51.0,481.0,4.197752809,6.5890410959,1
5463,52.0,570.0,4.1730038023,6.404494382,0
5464,50.0,443.0,4.2919708029,7.0317460317,0
5465,27.0,252.0,4.0170940171,6.4615384615,1
5466,57.0,405.0,4.058524173,5.7857142857,1
5467,48.0,315.0,4.1233766234,4.7727272727,0
5468,89.0,715.0,4.1642651297,7.4479166667,0
5469,42.0,325.0,3.9810725552,6.3725490196,1
5470,47.0,465.0,4.095890411,6.6428571429,0
5471,50.0,180.0,6.2802547771,8.5714285714,0
5472,68.0,566.0,4.0461254613,6.5057471264,1
5473,64.0,612.0,3.8327759197,6.1818181818,0
5474,77.0,596.0,4.0069686411,6.0202020202,1
5475,34.0,90.0,3.2222222222,3.75,0
5476,41.0,344.0,4.0373831776,5.9310344828,0
5477,35.0,323.0,3.932038835,6.7291666667,0
5478,49.0,1788.0,4.6048841578,7.45,0
5479,57.0,450.0,4.2281105991,6.6176470588,0
5480,35.0,289.0,4.0782918149,5.4528301887,0
5481,57.0,451.0,3.9266055046,4.7978723404,0
5482,26.0,142.0,4.15,4.8965517241,0
5483,57.0,517.0,3.686440678,6.2289156627,1
5484,42.0,441.0,4.34,7.7368421053,0
5485,46.0,307.0,5.2051282051,6.0196078431,1
5486,47.0,361.0,3.9385964912,5.5538461538,0
5487,14.0,110.0,4.0970873786,12.2222222222,0
5488,81.0,647.0,4.4490131579,5.4830508475,0
5489,38.0,284.0,3.8707224335,5.568627451,0
5490,64.0,477.0,4.1450549451,6.36,0
5491,36.0,376.0,4.404494382,6.4827586207,0
5492,20.0,171.0,3.7115384615,6.5769230769,1
5493,24.0,200.0,4.1494252874,6.25,0
5494,1.0,5.0,8.4,0.0,0
5495,48.0,336.0,3.5379746835,8.1951219512,1
5496,15.0,168.0,4.025477707,7.3043478261,0
5497,30.0,198.0,4.435483871,5.8235294118,0
5498,58.0,504.0,3.7787056367,6.904109589,1
5499,31.0,380.0,4.113960114,6.7857142857,1
5500,8.0,125.0,4.2561983471,5.9523809524,0
5501,20.0,181.0,3.7262569832,6.4642857143,0
5502,45.0,374.0,4.2670454545,7.48,0
5503,1.0,9.0,6.1428571429,9.0,0
5504,1.0,8.0,6.3333333333,0.0,0
5505,1.0,7.0,5.0,0.0,0
5506,20.0,142.0,3.828358209,4.8965517241,0
5507,1.0,4.0,8.5,0.0,0
5508,40.0,363.0,4.2831325301,7.1176470588,0
5509,1.0,7.0,5.5714285714,0.0,0
5510,56.0,626.0,4.126953125,6.26,1
5511,27.0,156.0,3.9679487179,8.2105263158,0
5512,70.0,585.0,3.920696325,6.5,0
5513,116.0,805.0,3.9182058047,7.0,0
5514,64.0,377.0,4.2127659574,5.5441176471,0
5515,1.0,5.0,5.6,0.0,0
5516,430.0,3076.0,4.3594548552,6.1767068273,1
5517,46.0,377.0,4.1239193084,7.1132075472,0
5518,59.0,351.0,3.8617363344,7.6304347826,0
5519,51.0,400.0,4.5902061856,8.6956521739,0
5520,68.0,442.0,4.2178217822,6.5,1
5521,54.0,342.0,4.1305732484,5.8965517241,1
5522,52.0,358.0,4.224852071,5.4242424242,1
5523,44.0,359.0,3.8074534161,6.9038461538,0
5524,42.0,316.0,4.0397111913,7.5238095238,1
5525,31.0,216.0,4.1609756098,6.0,0
5526,51.0,400.0,4.1414141414,5.7142857143,0
5527,64.0,552.0,4.1089866157,6.4941176471,1
5528,40.0,321.0,3.9488817891,8.9166666667,0
5529,52.0,416.0,4.1364764268,7.0508474576,1
5530,45.0,403.0,3.9037974684,7.3272727273,0
5531,63.0,423.0,4.0426065163,9.6136363636,1
5532,80.0,515.0,3.9475728155,14.3055555556,0
5533,72.0,603.0,4.1766990291,8.375,1
5534,53.0,511.0,3.8684210526,6.7236842105,1
5535,64.0,544.0,4.236673774,7.661971831,1
5536,59.0,593.0,3.7242026266,5.9898989899,0
5537,57.0,581.0,3.6770428016,7.8513513514,0
5538,56.0,539.0,3.6666666667,6.3411764706,0
5539,50.0,509.0,3.8390804598,7.0694444444,0
5540,58.0,514.0,4.3073593074,5.4105263158,0
5541,64.0,642.0,3.6553106212,11.2631578947,1
5542,41.0,365.0,3.8029850746,4.8666666667,0
5543,49.0,413.0,3.9737532808,5.2948717949,0
5544,66.0,870.0,4.0962059621,7.25,1
5545,52.0,550.0,3.9649805447,7.5342465753,1
5546,48.0,476.0,4.2053789731,7.9333333333,1
5547,49.0,466.0,4.0363196126,6.9552238806,0
5548,68.0,571.0,3.7351778656,6.7976190476,0
5549,44.0,440.0,3.8730964467,6.3768115942,1
5550,43.0,390.0,3.6509695291,6.09375,0
5551,62.0,450.0,3.6537585421,5.1136363636,1
5552,61.0,542.0,4.2603938731,6.9487179487,1
5553,58.0,511.0,4.0755148741,7.6268656716,0
5554,53.0,545.0,3.3101265823,9.3965517241,0
5555,56.0,517.0,4.0626349892,6.7142857143,1
5556,50.0,402.0,3.6407506702,5.4324324324,0
5557,74.0,587.0,4.3011583012,5.4351851852,0
5558,99.0,623.0,4.33,8.4189189189,1
5559,53.0,521.0,3.7388535032,5.4842105263,0
5560,42.0,450.0,3.8793969849,5.9210526316,0
5561,97.0,834.0,4.2092352092,7.252173913,1
5562,46.0,421.0,3.8792134831,8.2549019608,1
5563,41.0,411.0,4.1742627346,6.737704918,1
5564,56.0,529.0,4.0185614849,9.6181818182,1
5565,50.0,503.0,3.8653421634,5.4673913043,1
5566,51.0,494.0,4.3474178404,6.4155844156,1
5567,30.0,313.0,4.1134751773,5.7962962963,0
5568,58.0,529.0,4.2051282051,5.6276595745,0
5569,60.0,558.0,3.9034205231,6.2696629213,1
5570,45.0,427.0,4.157480315,7.625,0
5571,57.0,565.0,3.2411067194,10.6603773585,1
5572,43.0,433.0,3.9180327869,10.5609756098,0
5573,44.0,408.0,3.5988857939,5.3684210526,0
5574,60.0,488.0,3.7417840376,7.8709677419,1
5575,57.0,458.0,3.5985748219,5.5180722892,0
5576,66.0,579.0,3.9256017505,6.5056179775,0
5577,99.0,825.0,4.0319888734,6.762295082,1
5578,47.0,456.0,4.0,7.7288135593,0
5579,65.0,679.0,4.0648464164,6.1171171171,0
5580,48.0,544.0,3.4582484725,5.7872340426,0
5581,57.0,499.0,4.2558685446,7.9206349206,1
5582,57.0,495.0,3.9702517162,8.25,0
5583,50.0,467.0,3.9751243781,6.397260274,0
5584,51.0,453.0,3.8959390863,6.8636363636,0
5585,52.0,533.0,3.8147268409,7.2027027027,1
5586,63.0,609.0,4.3838951311,7.25,0
5587,52.0,523.0,3.7536842105,6.4567901235,0
5588,73.0,524.0,3.5622406639,16.9032258065,1
5589,43.0,450.0,3.8642857143,5.5555555556,0
5590,49.0,434.0,4.1524064171,7.0,0
5591,45.0,501.0,4.0314769976,7.5909090909,1
5592,45.0,439.0,4.1389645777,11.5526315789,1
5593,44.0,379.0,4.328358209,5.4927536232,1
5594,47.0,493.0,4.1405895692,6.8472222222,0
5595,33.0,474.0,3.5439814815,9.48,0
5596,62.0,575.0,3.8721174004,12.2340425532,0
5597,66.0,535.0,3.9696312364,9.7272727273,0
5598,43.0,375.0,4.0870870871,6.5789473684,0
5599,61.0,633.0,3.76861167,9.447761194,1
5600,58.0,487.0,3.9533169533,6.6712328767,0
5601,86.0,922.0,3.9784482759,10.8470588235,0
5602,49.0,497.0,3.8161925602,9.7450980392,0
5603,52.0,411.0,3.2067183463,15.8076923077,0
5604,47.0,433.0,4.1452054795,7.4655172414,0
5605,51.0,518.0,3.5779220779,5.2323232323,0
5606,53.0,607.0,3.3219315895,26.3913043478,1
5607,70.0,560.0,4.0861056751,6.5882352941,0
5608,88.0,629.0,3.5310344828,13.6739130435,0
5609,40.0,343.0,3.950166113,8.1666666667,0
5610,69.0,600.0,3.9634408602,7.7922077922,1
5611,56.0,540.0,4.0952380952,10.5882352941,1
5612,74.0,762.0,4.0441898527,8.5617977528,1
5613,63.0,580.0,3.9491525424,6.9879518072,1
5614,72.0,619.0,3.9161554192,9.2388059701,1
5615,55.0,575.0,3.8698224852,6.3888888889,1
5616,47.0,416.0,3.9843342037,6.7096774194,0
5617,87.0,632.0,3.3669724771,15.4146341463,1
5618,63.0,551.0,4.0567226891,7.6527777778,1
5619,47.0,426.0,3.9333333333,7.2203389831,0
5620,43.0,418.0,3.5684754522,11.6111111111,1
5621,110.0,1064.0,3.7545551983,7.7101449275,0
5622,42.0,380.0,3.7777777778,6.3333333333,0
5623,26.0,152.0,3.4769230769,7.6,0
5624,30.0,608.0,3.4946043165,20.2666666667,1
5625,20.0,211.0,3.4875621891,14.0666666667,0
5626,46.0,299.0,3.1925675676,13.0,0
5627,20.0,159.0,3.3037974684,12.2307692308,0
5628,55.0,454.0,3.52402746,26.7058823529,0
5629,19.0,131.0,4.3130434783,5.4583333333,0
5630,73.0,782.0,4.1598101266,8.2315789474,1
5631,55.0,447.0,3.3922902494,17.1923076923,0
5632,13.0,74.0,3.2394366197,18.5,0
5633,91.0,593.0,3.7367521368,10.5892857143,1
5634,42.0,310.0,3.2258064516,15.5,0
5635,20.0,133.0,4.1395348837,5.32,0
5636,28.0,247.0,3.2786885246,8.8214285714,1
5637,100.0,629.0,3.6283891547,12.8367346939,1
5638,28.0,236.0,3.2711111111,10.7272727273,1
5639,2.0,7.0,4.8571428571,7.0,0
5640,62.0,479.0,4.1123110151,4.887755102,0
5641,102.0,605.0,4.1325757576,6.3684210526,1
5642,58.0,433.0,3.6183206107,6.4626865672,0
5643,69.0,536.0,4.1106557377,5.8260869565,0
5644,58.0,491.0,3.8708240535,5.4555555556,0
5645,46.0,411.0,4.0282485876,7.2105263158,1
5646,36.0,270.0,4.0555555556,6.5853658537,1
5647,40.0,395.0,4.0566037736,5.4861111111,1
5648,71.0,577.0,3.9488188976,6.5568181818,1
5649,60.0,437.0,3.6431924883,4.5051546392,0
5650,71.0,572.0,4.1747572816,5.7777777778,1
5651,45.0,378.0,3.8837837838,5.1081081081,1
5652,58.0,437.0,3.6976744186,5.9863013699,0
5653,50.0,458.0,3.6959459459,7.2698412698,1
5654,89.0,799.0,3.9381017882,6.6033057851,1
5655,62.0,628.0,4.1555944056,5.7090909091,1
5656,55.0,461.0,4.0277136259,6.8805970149,1
5657,52.0,438.0,4.0023364486,4.7096774194,0
5658,109.0,921.0,3.9470284238,7.487804878,1
5659,49.0,430.0,4.0653753027,5.8108108108,0
5660,64.0,556.0,3.9591836735,6.2471910112,1
5661,32.0,265.0,3.8764478764,5.6382978723,1
5662,58.0,494.0,4.3462414579,6.5866666667,0
5663,54.0,442.0,4.1061320755,5.5949367089,1
5664,61.0,393.0,3.7520661157,6.775862069,0
5665,65.0,528.0,3.9682539683,6.6835443038,0
5666,44.0,401.0,4.0303030303,7.0350877193,1
5667,77.0,570.0,3.9090909091,7.037037037,1
5668,37.0,305.0,3.9307958478,6.1,1
5669,53.0,523.0,4.1425619835,11.3695652174,1
5670,73.0,576.0,3.8509433962,5.9381443299,1
5671,64.0,426.0,3.9283887468,6.5538461538,1
5672,46.0,351.0,4.015625,6.3818181818,1
5673,54.0,483.0,3.923627685,6.6164383562,1
5674,71.0,500.0,3.9138321995,6.0975609756,1
5675,78.0,434.0,3.5789473684,8.1886792453,0
5676,65.0,621.0,3.6397515528,9.703125,1
5677,70.0,470.0,3.8417582418,5.8024691358,0
5678,78.0,635.0,4.0531914894,6.4141414141,0
5679,37.0,347.0,3.8945783133,6.4259259259,1
5680,45.0,351.0,4.0529411765,5.85,1
5681,59.0,580.0,4.0886075949,11.8367346939,1
5682,72.0,476.0,4.0640732265,6.6111111111,0
5683,81.0,659.0,3.7262479871,5.4016393443,1
5684,79.0,634.0,4.2463054187,5.7636363636,0
5685,37.0,352.0,3.8852941176,6.9019607843,1
5686,44.0,306.0,3.9211469534,6.8,1
5687,66.0,534.0,3.8165322581,6.2093023256,1
5688,61.0,554.0,3.8814968815,7.4864864865,0
5689,36.0,306.0,4.0695364238,6.375,0
5690,52.0,348.0,3.7859237537,5.6129032258,1
5691,57.0,304.0,3.9900662252,5.3333333333,1
5692,45.0,441.0,3.9216710183,6.3,1
5693,56.0,421.0,3.6751412429,7.0166666667,1
5694,61.0,486.0,3.8456375839,6.2307692308,1
5695,73.0,543.0,3.8512720157,9.2033898305,1
5696,70.0,541.0,4.4297520661,9.6607142857,1
5697,58.0,526.0,3.8274231678,7.5142857143,1
5698,47.0,420.0,3.5343915344,210.0,1
5699,72.0,743.0,3.6970198675,9.6493506494,1
5700,68.0,573.0,3.9810606061,5.6176470588,1
5701,48.0,351.0,4.1160714286,7.8,1
5702,52.0,404.0,4.1303191489,5.4594594595,1
5703,44.0,381.0,3.5954415954,8.4666666667,0
5704,67.0,504.0,3.7742616034,5.6,1
5705,37.0,302.0,4.1896551724,6.04,1
5706,38.0,292.0,3.7737226277,6.347826087,0
5707,38.0,312.0,3.9659863946,6.24,1
5708,89.0,568.0,4.330754352,7.2820512821,1
5709,54.0,442.0,3.9328703704,4.9111111111,1
5710,64.0,697.0,4.0192307692,8.9358974359,1
5711,33.0,285.0,3.9328358209,6.7857142857,1
5712,33.0,341.0,4.1424242424,6.6862745098,1
5713,30.0,264.0,3.7707509881,6.7692307692,1
5714,44.0,325.0,3.7744107744,5.9090909091,1
5715,44.0,416.0,4.038147139,6.0289855072,1
5716,28.0,240.0,4.1535087719,8.5714285714,0
5717,42.0,318.0,4.1790540541,6.625,1
5718,37.0,309.0,4.0555555556,6.8666666667,1
5719,40.0,311.0,4.2068965517,11.5185185185,1
5720,34.0,253.0,3.9510204082,5.75,1
5721,24.0,215.0,3.8571428571,6.1428571429,1
5722,29.0,257.0,3.9149797571,6.7631578947,1
5723,30.0,272.0,3.7983193277,7.5555555556,1
5724,1.0,11.0,6.7,0.0,0
5725,20.0,142.0,4.0769230769,5.68,0
5726,13.0,206.0,4.094972067,10.8421052632,0
5727,39.0,321.0,3.9558359621,5.4406779661,1
5728,21.0,208.0,3.8656716418,6.7096774194,1
5729,32.0,238.0,4.0343137255,6.8,0
5730,37.0,278.0,4.0861423221,6.0434782609,0
5731,31.0,231.0,4.0346320346,5.0217391304,1
5732,32.0,359.0,4.0666666667,6.7735849057,1
5733,30.0,268.0,3.9053030303,5.5833333333,1
5734,25.0,221.0,4.2095238095,6.90625,1
5735,26.0,219.0,4.080952381,5.9189189189,1
5736,26.0,188.0,4.2965116279,6.7142857143,1
5737,39.0,260.0,3.6225680934,37.1428571429,0
5738,1.0,3.0,9.0,0.0,0
5739,49.0,516.0,4.0643015521,6.7894736842,1
5740,40.0,505.0,3.3898809524,505.0,0
5741,39.0,218.0,3.7857142857,6.4117647059,1
5742,22.0,200.0,3.9151515152,33.3333333333,1
5743,68.0,612.0,4.2376599634,7.2,0
5744,51.0,471.0,4.2064676617,6.6338028169,0
5745,61.0,666.0,3.8600746269,6.8659793814,1
5746,77.0,719.0,4.0254372019,7.5684210526,1
5747,59.0,627.0,3.9178571429,8.9571428571,1
5748,41.0,476.0,3.9762532982,13.2222222222,1
5749,57.0,720.0,3.8907284768,7.4226804124,1
5750,96.0,819.0,4.0,7.5833333333,1
5751,60.0,577.0,3.8221258134,6.7093023256,0
5752,121.0,930.0,3.8584779706,11.3414634146,1
5753,69.0,744.0,3.8426791277,6.953271028,1
5754,59.0,598.0,4.009596929,7.119047619,1
5755,75.0,700.0,3.9401197605,7.2916666667,1
5756,57.0,570.0,3.9715447154,7.9166666667,1
5757,65.0,621.0,4.0141843972,6.6774193548,1
5758,69.0,606.0,3.8079331942,10.4482758621,1
5759,43.0,379.0,3.9221556886,8.2391304348,0
5760,74.0,598.0,3.9904580153,8.1917808219,1
5761,72.0,675.0,3.979020979,8.0357142857,1
5762,61.0,637.0,3.7677543186,7.9625,1
5763,52.0,431.0,4.2309782609,6.9516129032,0
5764,65.0,580.0,4.2075055188,8.1690140845,1
5765,64.0,418.0,4.1934673367,8.1960784314,0
5766,78.0,829.0,3.8738738739,6.3282442748,1
5767,58.0,575.0,4.1148648649,14.0243902439,1
5768,72.0,620.0,4.0992779783,6.3265306122,1
5769,112.0,977.0,3.7561837456,8.4224137931,1
5770,68.0,655.0,3.9145907473,9.2253521127,1
5771,73.0,647.0,3.9692307692,5.8818181818,1
5772,65.0,673.0,3.9500831947,6.3490566038,1
5773,54.0,569.0,3.9723865878,6.8554216867,0
5774,59.0,543.0,3.8113207547,6.6219512195,1
5775,85.0,798.0,4.0714285714,6.487804878,1
5776,42.0,553.0,3.9473684211,6.6626506024,0
5777,59.0,701.0,4.0300884956,10.7846153846,1
5778,90.0,669.0,4.0817610063,5.3951612903,0
5779,55.0,621.0,4.0455373406,6.6774193548,0
5780,70.0,717.0,3.8657937807,7.8791208791,1
5781,59.0,540.0,3.9603174603,5.4,1
5782,62.0,749.0,3.8881789137,8.5113636364,1
5783,68.0,617.0,3.7883895131,10.2833333333,1
5784,64.0,660.0,3.881773399,7.1739130435,1
5785,65.0,638.0,3.6884057971,10.126984127,1
5786,73.0,615.0,3.833976834,9.9193548387,1
5787,71.0,632.0,3.896353167,8.2077922078,1
5788,45.0,451.0,4.1549295775,7.6440677966,0
5789,51.0,568.0,3.9786324786,10.5185185185,1
5790,61.0,495.0,4.1406593407,6.875,1
5791,63.0,512.0,3.950310559,6.9189189189,1
5792,69.0,739.0,3.8351822504,7.3168316832,1
5793,73.0,511.0,4.1163265306,7.1971830986,1
5794,60.0,525.0,3.9118236473,5.7065217391,0
5795,81.0,617.0,4.3206412826,9.640625,1
5796,93.0,630.0,4.2315608919,9.2647058824,1
5797,55.0,553.0,3.9698924731,6.5058823529,1
5798,48.0,458.0,3.8142201835,7.6333333333,1
5799,61.0,455.0,4.3211009174,5.6875,0
5800,61.0,573.0,3.6965265082,5.96875,1
5801,52.0,419.0,4.2148148148,7.4821428571,0
5802,47.0,525.0,3.9468599034,8.8983050847,1
5803,47.0,519.0,4.0650759219,6.6538461538,0
5804,63.0,557.0,4.0454545455,7.6301369863,1
5805,62.0,484.0,3.8988235294,6.2857142857,0
5806,46.0,432.0,3.8213399504,6.6461538462,0
5807,80.0,585.0,3.8157894737,5.7352941176,1
5808,58.0,530.0,3.9803921569,7.5714285714,1
5809,49.0,520.0,3.7682119205,9.2857142857,1
5810,85.0,820.0,3.7820121951,5.8571428571,1
5811,80.0,686.0,3.7944732297,7.976744186,1
5812,70.0,600.0,3.7988394584,7.5,1
5813,50.0,402.0,4.1842105263,5.2207792208,0
5814,60.0,619.0,3.5488454707,7.0340909091,1
5815,78.0,562.0,3.9137577002,11.0196078431,1
5816,54.0,479.0,3.6428571429,8.1186440678,1
5817,48.0,568.0,3.7904967603,9.0158730159,1
5818,78.0,640.0,3.6945454545,7.9012345679,0
5819,66.0,618.0,3.8923076923,7.3571428571,1
5820,80.0,473.0,4.2665198238,5.9873417722,1
5821,50.0,454.0,3.7901234568,6.2191780822,0
5822,77.0,719.0,4.0436137072,7.6489361702,1
5823,71.0,790.0,3.7094155844,8.4946236559,1
5824,102.0,830.0,4.3513513514,8.3,1
5825,67.0,711.0,3.9128113879,8.6707317073,1
5826,37.0,433.0,3.6273458445,7.5964912281,1
5827,89.0,661.0,3.5598526703,7.5113636364,1
5828,30.0,346.0,3.8107142857,7.6888888889,1
5829,49.0,561.0,3.7933194154,7.7916666667,1
5830,74.0,731.0,3.9590288316,9.8783783784,1
5831,82.0,707.0,3.8816466552,8.2209302326,1
5832,57.0,532.0,3.8,6.5679012346,1
5833,71.0,574.0,4.1448412698,7.0,1
5834,46.0,533.0,3.7276688453,7.8382352941,1
5835,62.0,535.0,3.8898678414,9.0677966102,1
5836,29.0,294.0,3.94140625,6.0,0
5837,26.0,250.0,3.9956521739,6.4102564103,1
5838,63.0,679.0,3.8879310345,7.7159090909,0
5839,81.0,520.0,4.3159090909,8.9655172414,1
5840,68.0,518.0,3.9203354298,8.9310344828,1
5841,42.0,334.0,4.0160771704,5.7586206897,1
5842,48.0,456.0,4.0724299065,7.7288135593,1
5843,59.0,509.0,4.0483516484,6.6973684211,1
5844,51.0,431.0,3.6957605985,5.7466666667,0
5845,72.0,648.0,3.8026755853,5.8909090909,1
5846,118.0,664.0,3.8440677966,6.9894736842,1
5847,46.0,452.0,4.071641791,11.5897435897,1
5848,54.0,601.0,3.6678571429,6.6043956044,0
5849,70.0,639.0,3.8820598007,8.7534246575,1
5850,65.0,757.0,3.9429892142,8.9058823529,1
5851,78.0,605.0,4.0994854202,6.1111111111,0
5852,61.0,692.0,3.8657487091,8.987012987,1
5853,49.0,470.0,4.231981982,7.5806451613,1
5854,80.0,686.0,3.9117117117,8.6835443038,1
5855,64.0,658.0,3.797752809,6.7142857143,1
5856,82.0,701.0,3.9708588957,7.4574468085,1
5857,75.0,545.0,4.0229645094,8.7903225806,1
5858,50.0,508.0,3.6161616162,7.5820895522,0
5859,68.0,533.0,3.8805970149,10.8775510204,1
5860,74.0,770.0,3.6845730028,6.16,1
5861,73.0,635.0,4.0909090909,15.119047619,1
5862,61.0,555.0,3.893129771,5.6632653061,1
5863,75.0,597.0,4.1041292639,6.8620689655,1
5864,58.0,521.0,3.718487395,6.0581395349,1
5865,53.0,441.0,4.0589622642,5.0113636364,0
5866,87.0,657.0,3.8908794788,8.8783783784,1
5867,56.0,637.0,3.75,9.5074626866,1
5868,30.0,266.0,3.849137931,8.3125,1
5869,87.0,802.0,3.863574352,5.2418300654,0
5870,55.0,566.0,4.0037243948,5.66,1
5871,58.0,633.0,3.7918215613,10.9137931034,1
5872,67.0,660.0,3.8558718861,8.8,1
5873,58.0,583.0,3.625,6.2021276596,1
5874,49.0,543.0,3.9230769231,6.3139534884,1
5875,85.0,798.0,3.8535911602,5.8248175182,1
5876,30.0,356.0,3.9964664311,9.1282051282,1
5877,61.0,669.0,3.9177820268,10.7903225806,1
5878,48.0,534.0,3.5696969697,7.9701492537,1
5879,62.0,583.0,3.9014869888,6.4065934066,1
5880,73.0,734.0,3.8835516739,7.1262135922,1
5881,65.0,677.0,3.8059210526,7.7816091954,1
5882,81.0,707.0,3.9045307443,8.5180722892,1
5883,61.0,556.0,3.686888454,7.7222222222,0
5884,67.0,521.0,4.0642570281,6.5949367089,0
5885,74.0,603.0,3.9590316574,6.7752808989,0
5886,82.0,849.0,3.6189224704,11.025974026,1
5887,85.0,719.0,3.9569892473,8.4588235294,1
5888,68.0,701.0,3.7324185249,7.01,1
5889,83.0,776.0,3.9420084866,17.6363636364,1
5890,73.0,532.0,4.1812080537,6.8205128205,0
5891,87.0,762.0,3.8403614458,5.4042553191,1
5892,74.0,662.0,3.8192771084,10.8524590164,1
5893,63.0,600.0,3.8579545455,5.4054054054,0
5894,71.0,746.0,3.9017713366,9.4430379747,1
5895,56.0,529.0,3.7526427061,9.4464285714,1
5896,79.0,601.0,4.1974637681,6.2604166667,1
5897,53.0,499.0,3.7188160677,6.6533333333,1
5898,80.0,511.0,4.6276595745,8.5166666667,1
5899,79.0,601.0,4.2382608696,8.1216216216,0
5900,53.0,534.0,3.9038854806,5.5051546392,1
5901,40.0,296.0,3.8450704225,5.5849056604,0
5902,57.0,458.0,3.8435207824,8.8076923077,1
5903,56.0,567.0,3.9982046679,5.017699115,1
5904,77.0,682.0,3.8499184339,8.3170731707,1
5905,69.0,501.0,3.9113402062,5.0606060606,1
5906,24.0,266.0,3.9483568075,6.487804878,1
5907,58.0,626.0,3.9597197898,15.2682926829,1
5908,40.0,465.0,3.8741573034,6.3698630137,0
5909,50.0,525.0,3.8622754491,6.9078947368,1
5910,75.0,620.0,4.1245283019,6.3917525773,0
5911,49.0,519.0,3.6416666667,7.6323529412,1
5912,56.0,545.0,3.3352380952,6.6463414634,1
5913,86.0,589.0,4.0397830018,5.0341880342,1
5914,61.0,424.0,3.9652406417,6.625,0
5915,96.0,916.0,3.9644128114,8.2522522523,1
5916,78.0,801.0,3.9147802929,6.675,1
5917,53.0,476.0,3.9789719626,6.2631578947,0
5918,51.0,518.0,3.6785714286,6.7272727273,1
5919,55.0,480.0,3.8301435407,7.1641791045,1
5920,72.0,667.0,3.9623233909,6.8762886598,1
5921,59.0,350.0,3.4281437126,14.5833333333,0
5922,65.0,631.0,4.0719063545,7.6024096386,1
5923,71.0,471.0,4.2723112128,5.743902439,1
5924,53.0,471.0,3.914221219,5.6746987952,1
5925,81.0,598.0,4.0,9.2,1
5926,37.0,561.0,3.8236607143,10.2,1
5927,75.0,664.0,3.7015177066,5.5798319328,1
5928,54.0,484.0,3.8561946903,5.9024390244,1
5929,60.0,495.0,3.976744186,6.4285714286,0
5930,65.0,476.0,4.3740648379,7.3230769231,0
5931,68.0,462.0,4.0498753117,8.1052631579,1
5932,59.0,580.0,3.5770676692,5.9793814433,1
5933,48.0,432.0,4.0401002506,6.9677419355,1
5934,53.0,493.0,4.3405172414,5.4777777778,1
5935,41.0,396.0,3.908847185,7.3333333333,1
5936,83.0,780.0,3.8446601942,7.572815534,1
5937,67.0,617.0,4.313253012,7.1744186047,1
5938,68.0,625.0,3.9493891798,7.9113924051,1
5939,57.0,544.0,3.8680412371,6.4,1
5940,39.0,380.0,3.7719298246,5.8461538462,1
5941,54.0,516.0,3.88125,7.0684931507,1
5942,55.0,506.0,3.7777777778,7.3333333333,1
5943,57.0,474.0,4.1241534989,8.7777777778,1
5944,65.0,577.0,3.8745247148,6.4831460674,1
5945,54.0,455.0,4.0457831325,5.4819277108,1
5946,43.0,318.0,3.9677419355,8.5945945946,1
5947,78.0,608.0,3.69664903,4.8253968254,1
5948,58.0,569.0,3.868627451,6.3222222222,1
5949,56.0,565.0,3.9284369115,6.4942528736,1
5950,51.0,505.0,3.7245119306,5.4891304348,1
5951,47.0,481.0,3.7382716049,7.0735294118,1
5952,70.0,665.0,3.9683098592,8.1097560976,1
5953,29.0,260.0,4.0840336134,8.3870967742,1
5954,43.0,405.0,3.8772845953,7.5,1
5955,20.0,210.0,3.8097826087,7.2413793103,1
5956,22.0,210.0,3.962962963,6.5625,1
5957,17.0,172.0,4.0424242424,8.6,1
5958,62.0,574.0,3.620754717,5.74,1
5959,24.0,207.0,3.9639175258,7.1379310345,1
5960,60.0,628.0,3.9807692308,5.8148148148,1
5961,32.0,316.0,3.7673611111,6.8695652174,1
5962,69.0,492.0,3.932059448,5.5909090909,1
5963,68.0,639.0,4.1292035398,8.4078947368,1
5964,43.0,413.0,3.9635854342,8.26,1
5965,51.0,471.0,4.0831353919,7.5967741935,1
5966,27.0,221.0,3.9797979798,5.6666666667,1
5967,42.0,411.0,3.8215223097,5.9565217391,1
5968,37.0,235.0,4.1622807018,4.8958333333,0
5969,48.0,391.0,3.9845758355,6.7413793103,1
5970,31.0,307.0,3.9531772575,5.7924528302,1
5971,65.0,411.0,3.9803921569,6.5238095238,1
5972,43.0,322.0,4.1333333333,7.0,1
5973,60.0,535.0,3.5654761905,3.8768115942,0
5974,76.0,544.0,4.120754717,7.1578947368,1
5975,31.0,316.0,3.8264150943,8.1025641026,1
5976,36.0,233.0,4.203539823,4.7551020408,0
5977,19.0,202.0,4.4405940594,4.3913043478,1
5978,53.0,488.0,3.6837416481,6.9714285714,1
5979,83.0,509.0,3.8311688312,8.9298245614,1
5980,57.0,400.0,4.2297650131,133.3333333333,0
5981,51.0,435.0,3.8858695652,8.8775510204,1
5982,59.0,384.0,4.8917378917,8.5333333333,1
5983,53.0,373.0,4.2887537994,6.7818181818,1
5984,88.0,469.0,4.0923423423,4.9368421053,1
5985,59.0,397.0,3.6779220779,79.4,1
5986,56.0,407.0,4.0201005025,101.75,1
5987,59.0,396.0,4.1170483461,9.2093023256,0
5988,39.0,219.0,4.1342592593,8.1111111111,1
5989,69.0,394.0,3.8508997429,7.88,1
5990,50.0,304.0,4.0614334471,60.8,1
5991,68.0,503.0,4.0669745958,12.8974358974,1
5992,68.0,456.0,4.2459770115,5.7,1
5993,62.0,580.0,4.2316384181,6.8235294118,1
5994,52.0,452.0,3.9836829837,6.7462686567,1
5995,39.0,288.0,4.0539568345,6.8571428571,0
5996,59.0,413.0,4.0816326531,5.5066666667,0
5997,64.0,579.0,4.1057513915,7.4230769231,0
5998,86.0,590.0,4.5238095238,7.7631578947,1
5999,51.0,409.0,4.6071428571,5.3116883117,0
6000,92.0,761.0,4.4407252441,9.7564102564,0
6001,52.0,356.0,4.1913043478,7.4166666667,1
6002,63.0,469.0,4.0522875817,6.7971014493,1
6003,65.0,434.0,4.2287735849,5.2289156627,1
6004,69.0,530.0,3.8368932039,7.7941176471,1
6005,65.0,426.0,4.27,6.3582089552,1
6006,57.0,514.0,4.1052631579,5.2989690722,0
6007,50.0,456.0,3.9764705882,8.4444444444,1
6008,80.0,802.0,4.0784313725,6.4677419355,1
6009,54.0,494.0,4.0,7.8412698413,1
6010,70.0,531.0,3.9902723735,7.08,1
6011,62.0,513.0,3.7658730159,6.256097561,1
6012,67.0,576.0,3.8457446809,7.3846153846,0
6013,86.0,600.0,4.089193825,5.504587156,1
6014,58.0,494.0,3.9451476793,6.0243902439,1
6015,90.0,541.0,4.092519685,6.0111111111,1
6016,58.0,396.0,3.7350649351,4.2127659574,1
6017,67.0,551.0,3.8128772636,7.5479452055,1
6018,60.0,584.0,4.0413385827,8.8484848485,1
6019,85.0,829.0,3.7023959647,7.8952380952,1
6020,61.0,418.0,4.1078431373,4.8045977011,0
6021,69.0,493.0,4.1306122449,5.4175824176,0
6022,74.0,613.0,4.1072056239,5.3771929825,0
6023,83.0,642.0,4.0067453626,7.1333333333,1
6024,60.0,440.0,4.0206422018,8.0,0
6025,54.0,588.0,3.9943609023,10.1379310345,1
6026,53.0,302.0,4.4261744966,8.1621621622,0
6027,85.0,754.0,4.0704022989,5.890625,1
6028,114.0,1060.0,4.0763520679,7.7372262774,1
6029,65.0,423.0,3.8738095238,7.1694915254,0
6030,96.0,695.0,4.0921875,6.4953271028,1
6031,64.0,506.0,3.800407332,5.3829787234,0
6032,61.0,558.0,3.9594320487,12.4,1
6033,70.0,534.0,4.1650485437,5.6210526316,0
6034,72.0,696.0,3.882725832,6.8910891089,1
6035,90.0,629.0,3.9132653061,6.3535353535,1
6036,54.0,421.0,4.1381909548,4.9529411765,1
6037,91.0,708.0,4.0724637681,6.495412844,1
6038,100.0,566.0,4.5321969697,6.987654321,1
6039,75.0,695.0,4.1944444444,9.6527777778,1
6040,63.0,498.0,3.9631147541,5.4725274725,1
6041,93.0,802.0,3.8449408673,7.0350877193,1
6042,68.0,528.0,4.19921875,7.5428571429,1
6043,76.0,627.0,4.1660714286,9.6461538462,1
6044,69.0,587.0,3.6272727273,6.9880952381,0
6045,80.0,669.0,4.2819314642,6.69,1
6046,51.0,363.0,3.674351585,6.05,1
6047,67.0,452.0,3.9880668258,6.8484848485,1
6048,72.0,444.0,4.1724137931,6.9375,0
6049,72.0,563.0,3.8788990826,3.9647887324,0
6050,63.0,437.0,4.3031026253,9.2978723404,1
6051,47.0,412.0,4.1910669975,7.1034482759,1
6052,83.0,742.0,4.1344936709,7.8105263158,1
6053,62.0,574.0,3.8428290766,5.3148148148,0
6054,65.0,516.0,3.9100204499,6.0,1
6055,64.0,429.0,4.2808716707,6.4029850746,0
6056,30.0,272.0,4.1335877863,8.2424242424,0
6057,45.0,467.0,3.9178403756,8.1929824561,1
6058,63.0,445.0,4.061465721,6.7424242424,0
6059,72.0,481.0,4.2838709677,5.7951807229,1
6060,81.0,612.0,4.3531409168,6.0594059406,0
6061,58.0,449.0,3.9847328244,6.6029411765,0
6062,84.0,590.0,4.4390243902,8.4285714286,1
6063,63.0,489.0,3.8336886994,7.4090909091,1
6064,64.0,691.0,4.0874811463,9.7323943662,1
6065,77.0,626.0,3.898858075,6.7311827957,0
6066,82.0,724.0,3.7424960506,6.5818181818,1
6067,53.0,403.0,4.3864864865,6.7166666667,1
6068,61.0,509.0,3.860619469,8.775862069,1
6069,58.0,570.0,3.8784530387,7.4025974026,1
6070,74.0,607.0,3.9296740995,5.8932038835,1
6071,68.0,358.0,4.6107954545,6.5090909091,1
6072,82.0,622.0,4.2255892256,6.22,1
6073,71.0,625.0,3.9031719533,6.4432989691,1
6074,67.0,413.0,3.9184210526,7.2456140351,1
6075,88.0,576.0,4.0703971119,5.3333333333,0
6076,90.0,651.0,3.9566003617,8.037037037,1
6077,60.0,543.0,4.1099796334,7.24,1
6078,88.0,672.0,4.1700468019,6.5882352941,1
6079,75.0,498.0,3.8583509514,5.2421052632,0
6080,79.0,744.0,3.9464544139,6.3050847458,1
6081,59.0,314.0,4.2578397213,4.1866666667,1
6082,76.0,547.0,3.4803738318,6.010989011,1
6083,70.0,573.0,4.1125,6.987804878,0
6084,66.0,541.0,4.2756653992,6.0111111111,1
6085,49.0,447.0,4.1023622047,8.1272727273,1
6086,51.0,451.0,3.8935643564,5.8571428571,0
6087,83.0,710.0,4.0603829161,6.3963963964,1
6088,55.0,467.0,3.84,8.4909090909,1
6089,28.0,189.0,3.7553191489,6.75,0
6090,69.0,636.0,3.8962585034,7.0666666667,1
6091,52.0,475.0,3.9025522042,7.196969697,1
6092,47.0,384.0,4.0186666667,4.987012987,1
6093,60.0,594.0,3.8421052632,6.9069767442,1
6094,66.0,537.0,4.1235955056,7.2567567568,1
6095,65.0,460.0,4.2970521542,6.4788732394,1
6096,76.0,423.0,4.2921615202,5.0963855422,1
6097,75.0,550.0,3.9288461538,7.4324324324,1
6098,84.0,573.0,3.9886363636,7.0740740741,1
6099,43.0,256.0,3.9801587302,5.3333333333,0
6100,62.0,471.0,4.0065502183,6.3648648649,0
6101,93.0,678.0,4.0435483871,7.7045454545,1
6102,75.0,505.0,4.2628205128,6.4743589744,1
6103,64.0,545.0,4.3166023166,5.989010989,1
6104,81.0,396.0,3.9488491049,5.7391304348,1
6105,74.0,516.0,4.1051546392,7.4782608696,1
6106,48.0,389.0,4.0364583333,4.8625,0
6107,75.0,576.0,4.3418181818,6.1276595745,1
6108,82.0,653.0,4.0422297297,6.219047619,1
6109,76.0,661.0,3.9738988581,7.5113636364,1
6110,56.0,492.0,3.89375,4.6857142857,1
6111,62.0,462.0,3.9862700229,6.7941176471,1
6112,68.0,519.0,4.078891258,5.7032967033,0
6113,94.0,450.0,3.8883928571,5.0,1
6114,64.0,543.0,3.6666666667,6.4642857143,0
6115,70.0,637.0,4.0410958904,7.2386363636,1
6116,81.0,582.0,3.8745644599,6.5393258427,1
6117,83.0,591.0,3.9847198642,5.7941176471,1
6118,92.0,517.0,3.7252964427,7.1805555556,0
6119,76.0,350.0,3.9365994236,5.5555555556,1
6120,47.0,394.0,3.9184782609,78.8,1
6121,55.0,348.0,3.9287833828,5.8983050847,1
6122,50.0,455.0,4.1449275362,6.5942028986,1
6123,36.0,241.0,4.2991452991,6.1794871795,1
6124,58.0,396.0,3.7736389685,7.4716981132,0
6125,68.0,337.0,4.0032467532,7.6590909091,0
6126,50.0,320.0,4.0897435897,7.2727272727,0
6127,86.0,608.0,3.6898395722,6.3333333333,1
6128,48.0,256.0,4.162055336,5.6888888889,1
6129,56.0,397.0,4.3864864865,6.6166666667,1
6130,71.0,644.0,3.898858075,6.6391752577,1
6131,59.0,435.0,4.2904761905,5.3048780488,1
6132,47.0,214.0,5.179245283,2.9722222222,0
6133,16.0,183.0,4.2840909091,6.1,1
6134,53.0,356.0,3.6967930029,39.5555555556,0
6135,49.0,414.0,3.7282051282,9.2,0
6136,73.0,723.0,3.7785923754,12.2542372881,0
6137,39.0,340.0,3.9571865443,28.3333333333,1
6138,49.0,402.0,3.8679245283,50.25,1
6139,57.0,537.0,4.3798767967,6.3176470588,1
6140,76.0,644.0,3.9707401033,4.7703703704,1
6141,72.0,519.0,3.8608870968,5.19,1
6142,45.0,447.0,4.0277777778,5.2588235294,1
6143,68.0,553.0,4.1200750469,6.8271604938,1
6144,70.0,602.0,4.2014388489,5.5229357798,1
6145,71.0,644.0,4.0763888889,5.152,1
6146,54.0,504.0,4.2269662921,4.8932038835,1
6147,71.0,654.0,4.2156521739,7.1868131868,1
6148,63.0,581.0,3.8627819549,5.81,1
6149,91.0,656.0,4.0097560976,5.248,1
6150,64.0,573.0,4.1209829868,7.253164557,1
6151,61.0,550.0,3.9825242718,7.6388888889,0
6152,93.0,660.0,3.922813036,6.8041237113,1
6153,69.0,548.0,4.1302681992,5.7083333333,1
6154,62.0,529.0,4.0547945205,5.6276595745,1
6155,61.0,430.0,4.522673031,4.7777777778,0
6156,47.0,397.0,4.1706036745,6.7288135593,1
6157,41.0,417.0,4.092348285,5.7123287671,1
6158,48.0,415.0,4.167539267,5.3205128205,0
6159,63.0,632.0,4.1339285714,6.0769230769,1
6160,76.0,642.0,4.1791907514,7.4651162791,1
6161,95.0,734.0,4.0682170543,5.8253968254,0
6162,105.0,1024.0,3.9891186072,7.1111111111,1
6163,54.0,434.0,4.2610837438,6.5757575758,0
6164,86.0,587.0,4.1734317343,5.8118811881,1
6165,61.0,418.0,3.8118811881,4.5934065934,0
6166,57.0,393.0,4.0028089888,5.9545454545,0
6167,65.0,505.0,4.2253218884,5.0,1
6168,66.0,569.0,4.2007874016,5.3177570093,1
6169,52.0,501.0,3.8962472406,6.3417721519,1
6170,37.0,329.0,4.2772277228,5.875,1
6171,54.0,434.0,4.2431077694,5.9452054795,0
6172,50.0,450.0,4.316953317,5.1724137931,1
6173,88.0,816.0,4.2068511199,6.4761904762,0
6174,38.0,400.0,3.9177718833,6.6666666667,1
6175,102.0,740.0,4.0846953938,8.0434782609,1
6176,53.0,430.0,4.4987012987,6.3235294118,1
6177,42.0,406.0,4.1432432432,5.8,1
6178,87.0,588.0,3.4935543278,5.5471698113,1
6179,64.0,488.0,4.3913043478,6.9714285714,1
6180,83.0,591.0,4.0397111913,5.6285714286,1
6181,85.0,589.0,4.7264150943,6.4725274725,1
6182,17.0,153.0,4.4060150376,6.12,1
6183,67.0,561.0,4.5114942529,5.1,1
6184,35.0,335.0,4.3609271523,8.375,1
6185,57.0,509.0,4.3949579832,7.2714285714,1
6186,74.0,569.0,4.1876208897,5.9270833333,1
6187,72.0,589.0,4.2930728242,5.7745098039,1
6188,54.0,514.0,3.9032258065,5.976744186,1
6189,58.0,444.0,4.0955882353,5.4814814815,1
6190,68.0,455.0,4.5613636364,5.4166666667,0
6191,75.0,499.0,4.2875536481,5.1979166667,1
6192,57.0,366.0,4.2939481268,4.9459459459,0
6193,57.0,500.0,4.2643923241,6.6666666667,1
6194,105.0,805.0,4.0890688259,4.9386503067,1
6195,78.0,664.0,4.013559322,6.7755102041,1
6196,54.0,429.0,4.3516209476,6.0422535211,1
6197,76.0,617.0,3.9243856333,6.7065217391,1
6198,70.0,500.0,3.972972973,5.6179775281,0
6199,43.0,393.0,4.4710743802,6.6610169492,1
6200,34.0,273.0,4.2589641434,8.2727272727,1
6201,60.0,371.0,4.3195266272,10.3055555556,1
6202,72.0,636.0,3.7306338028,7.756097561,0
6203,89.0,561.0,4.0938086304,5.84375,1
6204,62.0,617.0,3.7615658363,8.1184210526,0
6205,37.0,325.0,4.2706270627,7.7380952381,1
6206,63.0,627.0,3.5315315315,7.5542168675,0
6207,66.0,586.0,4.0701438849,7.9189189189,1
6208,60.0,436.0,4.103117506,5.3170731707,0
6209,76.0,635.0,4.0124333925,7.5595238095,1
6210,34.0,309.0,4.016722408,6.0588235294,1
6211,70.0,453.0,4.1465116279,6.6617647059,1
6212,62.0,374.0,3.9123287671,6.5614035088,0
6213,67.0,579.0,3.9651837524,6.7325581395,1
6214,38.0,309.0,4.2891156463,7.0227272727,0
6215,50.0,360.0,3.9649122807,6.9230769231,0
6216,57.0,565.0,4.0111940299,6.4942528736,0
6217,74.0,625.0,4.3630252101,6.6489361702,1
6218,80.0,540.0,4.1570576541,7.2,1
6219,63.0,672.0,3.6080843585,7.8139534884,1
6220,5.0,95.0,4.6144578313,8.6363636364,0
6221,46.0,393.0,3.9893899204,5.24,1
6222,86.0,790.0,3.7544827586,7.1171171171,1
6223,64.0,532.0,4.6048387097,6.1860465116,1
6224,99.0,699.0,4.4595469256,5.0287769784,1
6225,66.0,580.0,4.1891385768,6.6666666667,1
6226,56.0,249.0,4.2924528302,6.9166666667,1
6227,72.0,445.0,4.1563981043,5.3614457831,1
6228,40.0,300.0,4.1872791519,5.8823529412,0
6229,54.0,468.0,4.0695443645,7.0909090909,0
6230,44.0,364.0,3.9098591549,4.8533333333,0
6231,54.0,457.0,4.0117924528,6.5285714286,1
6232,67.0,578.0,4.1360294118,4.8983050847,1
6233,55.0,375.0,4.0366197183,6.5789473684,0
6234,27.0,213.0,4.265,4.6304347826,0
6235,76.0,458.0,3.9953917051,6.8358208955,1
6236,35.0,244.0,4.2742616034,5.6744186047,1
6237,77.0,599.0,4.828460039,6.3723404255,1
6238,57.0,503.0,3.8514412417,6.0602409639,1
6239,69.0,374.0,3.6684931507,5.3428571429,0
6240,49.0,442.0,4.0455635492,5.972972973,1
6241,89.0,720.0,4.0890625,6.9230769231,1
6242,61.0,714.0,3.9488448845,6.3185840708,1
6243,56.0,528.0,4.010460251,7.7647058824,1
6244,46.0,378.0,4.2062146893,5.04,0
6245,38.0,328.0,4.0996784566,6.8333333333,1
6246,37.0,255.0,4.2857142857,7.0833333333,0
6247,84.0,767.0,4.1726105563,6.3916666667,0
6248,80.0,754.0,3.8222222222,6.4444444444,1
6249,45.0,334.0,4.430420712,6.3018867925,0
6250,48.0,412.0,3.9260273973,5.9710144928,1
6251,107.0,842.0,4.3113069016,3.8801843318,1
6252,107.0,816.0,4.4539295393,5.3333333333,1
6253,105.0,851.0,3.9143968872,6.0354609929,1
6254,76.0,506.0,3.6754385965,7.0277777778,0
6255,80.0,733.0,4.0,5.9593495935,1
6256,99.0,745.0,4.512012012,9.5512820513,1
6257,128.0,941.0,3.924691358,5.8086419753,1
6258,136.0,1021.0,4.1864754098,5.9360465116,1
6259,137.0,881.0,5.4607977992,4.4948979592,1
6260,59.0,339.0,4.6317460317,6.3962264151,0
6261,60.0,498.0,4.5663265306,10.5957446809,0
6262,61.0,529.0,4.2252066116,6.6962025316,0
6263,79.0,533.0,4.5287128713,8.4603174603,1
6264,88.0,599.0,4.308411215,9.9833333333,0
6265,116.0,730.0,4.1791907514,5.3284671533,1
6266,80.0,495.0,4.2241758242,5.8928571429,1
6267,108.0,802.0,4.1603375527,7.0350877193,1
6268,115.0,1031.0,3.8971486762,5.6648351648,0
6269,109.0,860.0,4.6966019417,6.5151515152,1
6270,69.0,438.0,4.0788804071,7.4237288136,0
6271,74.0,610.0,4.219269103,6.1,1
6272,70.0,490.0,4.1576576577,5.5056179775,1
6273,66.0,585.0,4.2222222222,6.5730337079,1
6274,101.0,645.0,4.8213058419,9.4852941176,1
6275,89.0,745.0,3.9634831461,5.3985507246,1
6276,18.0,313.0,4.8832684825,8.2368421053,1
6277,105.0,737.0,4.2745098039,11.515625,1
6278,20.0,271.0,4.6652542373,11.2916666667,0
6279,69.0,400.0,3.8704225352,6.1538461538,0
6280,90.0,693.0,5.1894736842,8.1529411765,0
6281,73.0,508.0,4.7787234043,6.6842105263,1
6282,242.0,1668.0,4.7017892644,7.7943925234,1
6283,19.0,193.0,3.0236686391,12.0625,0
6284,99.0,685.0,5.2281303602,6.4018691589,1
6285,82.0,646.0,4.073630137,6.7291666667,1
6286,139.0,775.0,3.9562937063,12.9166666667,1
6287,57.0,450.0,4.3267813268,6.6176470588,0
6288,90.0,641.0,3.725203252,7.8170731707,1
6289,57.0,476.0,4.25,5.734939759,1
6290,51.0,491.0,4.25,9.6274509804,1
6291,64.0,432.0,4.3038277512,6.9677419355,0
6292,71.0,381.0,5.1307901907,10.5833333333,0
6293,6.0,32.0,5.0,0.0,0
6294,118.0,770.0,4.3323170732,6.6379310345,1
6295,89.0,710.0,4.3068017366,5.68,1
6296,38.0,308.0,4.0358422939,4.2191780822,0
6297,9.0,62.0,4.5087719298,15.5,0
6298,75.0,436.0,4.6172839506,8.5490196078,0
6299,79.0,688.0,4.1487341772,6.5523809524,0
6300,97.0,882.0,4.3190984579,8.9090909091,1
6301,45.0,274.0,4.1877394636,3.3012048193,0
6302,135.0,1036.0,3.9645093946,4.6044444444,1
6303,103.0,618.0,4.0899470899,7.2705882353,1
6304,56.0,401.0,3.9763157895,5.8970588235,1
6305,90.0,557.0,4.3354297694,9.6034482759,0
6306,74.0,561.0,3.7189781022,5.5,1
6307,88.0,888.0,3.800976801,15.0508474576,0
6308,98.0,528.0,3.403887689,9.6,0
6309,58.0,501.0,4.449339207,5.1649484536,1
6310,120.0,971.0,4.421744325,5.8848484848,1
6311,69.0,485.0,3.4833333333,6.4666666667,0
6312,76.0,719.0,4.0830618893,10.5735294118,0
6313,83.0,642.0,4.6900684932,5.8363636364,1
6314,75.0,507.0,3.8191721133,5.3936170213,0
6315,4.0,39.0,3.2894736842,3.9,0
6316,57.0,358.0,4.1804281346,7.6170212766,1
6317,67.0,383.0,4.1207865169,10.9428571429,0
6318,98.0,568.0,4.6032315978,5.5145631068,1
6319,42.0,441.0,3.9432098765,5.88,0
6320,17.0,140.0,4.8333333333,10.0,0
6321,79.0,577.0,3.8257042254,6.4111111111,1
6322,60.0,403.0,4.3562340967,6.1060606061,1
6323,67.0,363.0,4.1848739496,8.25,0
6324,34.0,433.0,4.2984693878,7.0983606557,0
6325,41.0,316.0,4.4110032362,6.1960784314,0
6326,58.0,517.0,3.8862275449,8.4754098361,1
6327,98.0,652.0,4.6666666667,6.0934579439,1
6328,37.0,330.0,4.0976430976,5.0769230769,1
6329,13.0,256.0,4.0875576037,5.6888888889,0
6330,83.0,677.0,3.8279220779,5.0902255639,0
6331,47.0,379.0,4.3225806452,4.4588235294,1
6332,64.0,391.0,4.1033591731,5.2133333333,0
6333,47.0,369.0,4.0971428571,6.0491803279,0
6334,68.0,546.0,4.2495126706,5.4059405941,1
6335,57.0,527.0,3.641074856,5.4329896907,0
6336,29.0,404.0,4.262295082,6.0298507463,0
6337,56.0,368.0,3.893442623,3.8736842105,0
6338,40.0,373.0,4.0168067227,5.828125,1
6339,64.0,524.0,3.659043659,9.1929824561,1
6340,58.0,446.0,4.3952941176,5.5061728395,0
6341,78.0,604.0,4.1802426343,7.1904761905,1
6342,44.0,326.0,3.9309210526,5.9272727273,1
6343,55.0,480.0,3.9008438819,5.7831325301,0
6344,61.0,526.0,3.7825242718,5.6559139785,1
6345,33.0,247.0,4.0220264317,8.5172413793,0
6346,53.0,387.0,4.0946745562,5.6911764706,0
6347,49.0,292.0,4.1340996169,5.6153846154,0
6348,54.0,345.0,4.175074184,5.75,1
6349,26.0,152.0,4.1231884058,6.3333333333,0
6350,85.0,766.0,4.1343705799,6.7192982456,0
6351,63.0,478.0,4.0681818182,7.1343283582,1
6352,57.0,455.0,3.8372093023,6.2328767123,1
6353,51.0,436.0,3.8449074074,5.2530120482,1
6354,62.0,546.0,4.0039138943,8.9508196721,0
6355,108.0,568.0,4.0495575221,4.6557377049,1
6356,41.0,256.0,3.8008130081,7.7575757576,0
6357,38.0,245.0,4.3714285714,5.6976744186,0
6358,39.0,268.0,3.8408163265,5.36,0
6359,66.0,793.0,3.9850523169,5.3581081081,0
6360,25.0,417.0,4.3147632312,6.223880597,0
6361,55.0,291.0,4.381443299,5.9387755102,0
6362,74.0,381.0,4.1184210526,8.1063829787,0
6363,58.0,550.0,3.7088607595,6.3953488372,1
6364,55.0,431.0,3.9811320755,8.1320754717,1
6365,60.0,483.0,4.231092437,5.5517241379,1
6366,67.0,454.0,3.5704545455,5.8205128205,0
6367,85.0,634.0,4.4034810127,4.9921259843,1
6368,49.0,297.0,3.9717314488,6.0612244898,0
6369,74.0,622.0,3.5772058824,5.0983606557,0
6370,51.0,400.0,4.280839895,5.0,0
6371,84.0,615.0,3.7397034596,6.4736842105,0
6372,58.0,395.0,3.6253164557,5.8955223881,0
6373,50.0,273.0,4.3406593407,4.7894736842,1
6374,50.0,463.0,3.8963282937,5.4470588235,1
6375,52.0,366.0,4.6284153005,7.4693877551,0
6376,75.0,572.0,3.8939929329,4.6885245902,0
6377,56.0,418.0,3.9903846154,7.4642857143,1
6378,8.0,251.0,4.0281124498,4.8269230769,0
6379,56.0,454.0,4.1435406699,6.8787878788,0
6380,102.0,567.0,4.4188679245,6.1630434783,0
6381,46.0,344.0,4.3255131965,4.8450704225,0
6382,47.0,423.0,3.895631068,5.64,0
6383,28.0,214.0,4.0794392523,6.6875,0
6384,78.0,717.0,3.6461769115,5.0492957746,1
6385,79.0,398.0,3.7657894737,6.9824561404,1
6386,37.0,273.0,4.3656716418,9.1,1
6387,71.0,673.0,4.1319554849,5.8017241379,0
6388,49.0,384.0,4.1253263708,9.1428571429,1
6389,101.0,564.0,3.8048780488,5.5841584158,1
6390,53.0,470.0,3.7927927928,4.8453608247,0
6391,66.0,500.0,3.8076152305,3.6764705882,0
6392,61.0,578.0,3.4768089054,5.8979591837,0
6393,67.0,615.0,3.9876106195,8.2,0
6394,57.0,611.0,3.6490196078,5.7641509434,0
6395,50.0,397.0,3.9462915601,5.5138888889,1
6396,64.0,350.0,4.1700288184,6.4814814815,0
6397,63.0,458.0,4.7525252525,5.2045454545,1
6398,44.0,451.0,4.3333333333,6.3521126761,1
6399,49.0,453.0,3.56,5.0333333333,0
6400,89.0,466.0,4.0065789474,5.2954545455,0
6401,80.0,442.0,4.2466063348,6.90625,0
6402,39.0,338.0,4.3495440729,5.7288135593,0
6403,68.0,446.0,3.9842105263,7.0793650794,0
6404,69.0,538.0,3.8604206501,6.4047619048,1
6405,56.0,402.0,4.1276041667,5.7428571429,0
6406,79.0,494.0,3.8927125506,4.94,0
6407,74.0,447.0,3.8959276018,6.2957746479,0
6408,34.0,278.0,4.0,5.4509803922,0
6409,59.0,392.0,4.0489690722,5.0909090909,0
6410,59.0,421.0,4.3216216216,13.15625,1
6411,55.0,239.0,3.8487394958,4.8775510204,0
6412,49.0,477.0,4.3354297694,5.1290322581,0
6413,66.0,419.0,4.0618811881,4.8720930233,0
6414,55.0,401.0,3.8942065491,6.5737704918,0
6415,47.0,305.0,4.3053691275,5.0833333333,0
6416,52.0,473.0,3.9818594104,5.630952381,0
6417,37.0,217.0,4.1201923077,5.5641025641,0
6418,34.0,217.0,3.9619047619,7.2333333333,1
6419,50.0,310.0,3.8636363636,5.0819672131,0
6420,35.0,193.0,4.0220994475,5.6764705882,0
6421,41.0,379.0,4.0864864865,5.7424242424,0
6422,25.0,189.0,4.0837988827,6.0967741935,0
6423,58.0,505.0,3.9957537155,5.3723404255,0
6424,54.0,352.0,4.601744186,11.3548387097,0
6425,48.0,411.0,3.9041769042,6.5238095238,0
6426,39.0,312.0,3.8461538462,5.2881355932,1
6427,30.0,217.0,4.2009345794,7.0,0
6428,68.0,360.0,3.852367688,4.5,0
6429,91.0,381.0,4.2299465241,3.7722772277,0
6430,74.0,443.0,4.0574162679,6.0684931507,0
6431,96.0,310.0,4.6204620462,12.9166666667,0
6432,65.0,434.0,3.9320843091,5.4936708861,0
6433,25.0,383.0,3.8613333333,5.1756756757,1
6434,71.0,289.0,3.7598566308,5.5576923077,0
6435,55.0,393.0,3.8994708995,4.2717391304,0
6436,72.0,604.0,4.2243902439,15.1,1
6437,64.0,664.0,3.4864864865,8.7368421053,1
6438,68.0,581.0,4.1360381862,9.078125,1
6439,50.0,446.0,3.8410958904,9.4893617021,1
6440,55.0,353.0,4.4467353952,7.5106382979,1
6441,66.0,453.0,4.0572139303,11.325,0
6442,49.0,387.0,3.6301775148,6.046875,0
6443,99.0,744.0,3.9643463497,9.5384615385,1
6444,52.0,517.0,3.6696035242,6.3048780488,1
6445,59.0,452.0,4.0793269231,6.0266666667,1
6446,60.0,457.0,4.1277258567,12.0263157895,1
6447,56.0,423.0,3.5882352941,5.1585365854,0
6448,61.0,662.0,3.3333333333,6.1296296296,0
6449,63.0,536.0,3.6482939633,9.2413793103,1
6450,39.0,488.0,3.7816091954,9.9591836735,1
6451,63.0,445.0,3.43454039,8.2407407407,1
6452,54.0,431.0,3.8045685279,6.1571428571,1
6453,65.0,397.0,4.040247678,5.2236842105,1
6454,55.0,466.0,4.2103746398,11.0952380952,1
6455,51.0,324.0,4.1013513514,5.3114754098,0
6456,52.0,398.0,4.1444444444,6.6333333333,0
6457,53.0,522.0,3.3730337079,7.0540540541,1
6458,52.0,319.0,4.4482758621,4.4305555556,0
6459,70.0,479.0,4.6484375,9.2115384615,1
6460,57.0,489.0,3.9467312349,5.09375,1
6461,51.0,385.0,3.7257142857,5.2739726027,1
6462,13.0,148.0,4.034965035,7.0476190476,1
6463,47.0,381.0,3.7696629213,5.953125,1
6464,58.0,422.0,3.6885714286,6.59375,1
6465,78.0,815.0,3.8392857143,8.7634408602,1
6466,55.0,501.0,4.0313152401,6.4230769231,1
6467,58.0,587.0,3.960502693,5.6442307692,1
6468,51.0,416.0,4.0656167979,6.0289855072,1
6469,72.0,746.0,3.5505617978,14.0754716981,1
6470,60.0,600.0,4.0797266515,11.1111111111,1
6471,62.0,574.0,4.0575139147,5.3148148148,0
6472,77.0,767.0,4.0061068702,5.6814814815,0
6473,75.0,475.0,3.7892473118,6.6901408451,1
6474,81.0,878.0,3.8118421053,8.1296296296,1
6475,86.0,683.0,4.0049019608,7.1145833333,1
6476,63.0,559.0,3.8977955912,6.6547619048,1
6477,84.0,700.0,3.9756521739,7.6086956522,1
6478,46.0,386.0,4.0171919771,8.976744186,1
6479,78.0,791.0,3.9660265879,8.414893617,1
6480,86.0,667.0,3.9681020734,7.0957446809,1
6481,58.0,476.0,3.9246575342,5.0105263158,1
6482,94.0,772.0,3.8125,6.4333333333,0
6483,72.0,616.0,4.1111111111,8.2133333333,1
6484,100.0,736.0,3.7338345865,8.2696629213,1
6485,75.0,561.0,4.1436781609,4.675,0
6486,47.0,410.0,3.9972451791,5.6164383562,0
6487,50.0,452.0,4.1940298507,6.5507246377,1
6488,68.0,568.0,3.8245614035,6.6046511628,1
6489,95.0,654.0,3.6303972366,5.6379310345,1
6490,53.0,421.0,3.8725,6.0142857143,0
6491,68.0,470.0,4.1581395349,6.7142857143,1
6492,69.0,634.0,4.0037593985,6.0961538462,0
6493,62.0,592.0,4.0017825312,6.1030927835,1
6494,49.0,516.0,4.0221238938,6.88,1
6495,84.0,556.0,3.8891089109,9.2666666667,1
6496,94.0,862.0,3.6608811749,6.8412698413,1
6497,58.0,406.0,4.0388888889,5.2051282051,1
6498,63.0,629.0,3.8514285714,8.9857142857,1
6499,58.0,360.0,4.0664739884,5.0,1
6500,74.0,673.0,3.9641693811,6.3490566038,1
6501,52.0,458.0,4.1788990826,5.725,1
6502,84.0,749.0,4.0966719493,7.5656565657,1
6503,63.0,481.0,3.9416846652,6.4133333333,0
6504,71.0,592.0,3.7374517375,6.1030927835,1
6505,77.0,639.0,3.8501805054,6.7978723404,1
6506,67.0,500.0,4.1538461538,6.0975609756,1
6507,74.0,522.0,3.8665338645,7.4571428571,1
6508,77.0,568.0,3.773308958,5.8556701031,0
6509,59.0,501.0,3.92,5.9642857143,1
6510,93.0,748.0,3.9835255354,8.2197802198,1
6511,60.0,524.0,4.2052845528,4.9904761905,0
6512,77.0,521.0,4.0261044177,5.1078431373,1
6513,64.0,589.0,3.9567779961,7.75,1
6514,69.0,556.0,3.698,5.504950495,0
6515,61.0,507.0,3.8966346154,10.7872340426,1
6516,66.0,559.0,4.030651341,5.7628865979,1
6517,62.0,652.0,3.9153543307,10.0307692308,1
6518,82.0,541.0,3.9326530612,5.8172043011,1
6519,59.0,302.0,4.2411347518,9.1515151515,0
6520,65.0,560.0,4.3872255489,6.8292682927,1
6521,51.0,513.0,3.6624737945,5.6373626374,0
6522,62.0,490.0,4.0259179266,5.9036144578,1
6523,60.0,419.0,3.9256410256,5.4415584416,0
6524,88.0,745.0,4.1803519062,6.7727272727,1
6525,65.0,633.0,3.9847619048,8.0126582278,1
6526,64.0,574.0,4.2381889764,5.2181818182,1
6527,62.0,575.0,3.9220272904,6.0526315789,1
6528,78.0,734.0,3.9133986928,6.4385964912,1
6529,57.0,558.0,3.9440993789,6.7228915663,1
6530,61.0,518.0,3.8908296943,7.2957746479,1
6531,48.0,411.0,4.1195335277,8.387755102,1
6532,9.0,105.0,4.7551020408,4.7727272727,0
6533,48.0,495.0,3.7232142857,5.9638554217,1
6534,59.0,488.0,4.0639269406,6.1772151899,0
6535,55.0,491.0,3.9509803922,6.7260273973,1
6536,57.0,635.0,3.9813242784,6.1057692308,1
6537,48.0,442.0,3.9582309582,6.1388888889,0
6538,47.0,311.0,3.9543726236,6.9111111111,0
6539,58.0,564.0,4.2062256809,7.05,1
6540,63.0,676.0,4.0141843972,6.5631067961,1
6541,19.0,200.0,3.612716763,9.5238095238,1
6542,39.0,302.0,4.021978022,6.7111111111,1
6543,67.0,502.0,4.2277657267,6.7837837838,0
6544,57.0,726.0,3.7156704362,6.4821428571,1
6545,38.0,247.0,4.2645502646,9.88,0
6546,45.0,428.0,4.094488189,8.7346938776,1
6547,30.0,312.0,3.8377358491,9.4545454545,1
6548,47.0,376.0,4.139275766,7.2307692308,1
6549,20.0,169.0,4.0559440559,8.8947368421,0
6550,59.0,535.0,4.1938579655,6.4457831325,0
6551,39.0,436.0,4.0240384615,7.649122807,1
6552,54.0,412.0,4.3607427056,8.0784313725,1
6553,80.0,508.0,3.9173228346,4.6181818182,1
6554,21.0,167.0,4.2328767123,6.4230769231,1
6555,50.0,408.0,3.9546599496,5.037037037,1
6556,34.0,309.0,4.1107266436,6.7173913043,0
6557,74.0,329.0,4.4346405229,7.0,1
6558,55.0,477.0,3.9837587007,5.3,1
6559,14.0,96.0,3.75,8.0,1
6560,59.0,514.0,3.9737991266,6.1927710843,1
6561,92.0,888.0,3.8258575198,8.6213592233,1
6562,63.0,580.0,3.8495762712,9.0625,1
6563,43.0,381.0,4.128440367,8.2826086957,0
6564,53.0,454.0,4.1577669903,6.0533333333,0
6565,79.0,608.0,4.0,9.2121212121,1
6566,77.0,635.0,4.0194552529,7.8395061728,1
6567,53.0,505.0,3.962529274,7.7692307692,1
6568,77.0,814.0,3.9412628488,8.9450549451,1
6569,64.0,454.0,3.8985507246,6.2191780822,0
6570,83.0,751.0,4.1683006536,8.7325581395,1
6571,58.0,514.0,3.9245689655,6.0470588235,1
6572,64.0,604.0,3.9647058824,7.023255814,1
6573,51.0,518.0,4.0958605664,6.8157894737,0
6574,57.0,497.0,3.7582159624,7.765625,1
6575,52.0,466.0,3.7175141243,8.9615384615,1
6576,51.0,524.0,3.4338235294,9.5272727273,1
6577,56.0,592.0,4.238,6.1666666667,0
6578,72.0,576.0,4.0756646217,7.5789473684,1
6579,60.0,512.0,3.806741573,6.1686746988,0
6580,44.0,448.0,4.0178117048,6.6865671642,1
6581,51.0,454.0,3.7512077295,6.0533333333,1
6582,74.0,679.0,3.9821109123,6.8585858586,0
6583,62.0,539.0,4.179916318,8.421875,1
6584,70.0,630.0,4.1663652803,6.0576923077,1
6585,76.0,797.0,3.995447648,11.7205882353,1
6586,60.0,551.0,4.2876190476,6.6385542169,1
6587,65.0,633.0,3.9578754579,6.7340425532,1
6588,53.0,447.0,4.0192771084,7.7068965517,0
6589,45.0,348.0,4.1850649351,9.4054054054,0
6590,89.0,680.0,3.8848080134,6.8,1
6591,55.0,654.0,3.7458333333,12.8235294118,1
6592,69.0,716.0,4.0577557756,8.4235294118,1
6593,72.0,694.0,3.8728139905,7.1546391753,1
6594,43.0,557.0,3.7055961071,7.9571428571,1
6595,54.0,573.0,4.0089686099,6.5862068966,1
6596,63.0,645.0,4.1357388316,11.7272727273,1
6597,36.0,385.0,3.711815562,7.4038461538,1
6598,43.0,346.0,4.108974359,9.6111111111,0
6599,76.0,719.0,4.0959409594,6.8476190476,1
6600,46.0,488.0,3.7115384615,7.8709677419,1
6601,90.0,784.0,4.0028860029,8.0,1
6602,82.0,586.0,3.5212569316,5.86,0
6603,12.0,60.0,4.1764705882,30.0,0
6604,39.0,433.0,3.7114427861,7.8727272727,1
6605,97.0,892.0,3.834625323,8.1834862385,1
6606,61.0,251.0,4.0769230769,5.1224489796,1
6607,53.0,608.0,3.7765726681,8.3287671233,1
6608,74.0,445.0,3.6331775701,4.7340425532,0
6609,88.0,590.0,3.8529411765,6.7045454545,1
6610,55.0,453.0,3.8786407767,50.3333333333,1
6611,48.0,347.0,3.7235294118,6.5471698113,1
6612,46.0,213.0,4.3521126761,4.1764705882,0
6613,30.0,196.0,3.5215053763,6.5333333333,0
6614,28.0,194.0,4.3264248705,4.619047619,0
6615,36.0,171.0,4.0941176471,4.6216216216,0
6616,37.0,353.0,4.2201257862,13.5769230769,1
6617,39.0,299.0,3.9963636364,33.2222222222,1
6618,99.0,968.0,4.0402597403,8.4173913043,0
6619,1.0,11.0,7.2222222222,0.0,0
6620,58.0,449.0,4.6313253012,6.1506849315,1
6621,49.0,459.0,4.1531322506,5.5301204819,1
6622,70.0,455.0,4.045045045,4.4174757282,0
6623,96.0,830.0,4.3019607843,6.0583941606,1
6624,54.0,494.0,4.1141649049,5.4285714286,0
6625,52.0,506.0,4.0786749482,5.3263157895,0
6626,65.0,444.0,3.8528678304,4.9887640449,0
6627,43.0,299.0,3.9618055556,4.9833333333,1
6628,85.0,410.0,3.7705735661,6.0294117647,0
6629,150.0,907.0,3.9114642452,4.876344086,1
6630,72.0,621.0,4.0840197694,5.9711538462,1
6631,104.0,842.0,3.8660049628,6.2835820896,1
6632,50.0,427.0,3.8337595908,9.085106383,1
6633,58.0,492.0,3.9042769857,5.347826087,1
6634,58.0,409.0,3.8655256724,5.3815789474,0
6635,59.0,256.0,3.9407114625,5.5652173913,1
6636,37.0,546.0,4.2258687259,5.25,1
6637,48.0,343.0,4.1195335277,5.4444444444,0
6638,51.0,474.0,3.7927927928,4.8865979381,0
6639,48.0,390.0,4.0259067358,7.8,0
6640,57.0,453.0,3.9553571429,6.6617647059,1
6641,41.0,268.0,3.9723320158,5.2549019608,0
6642,38.0,352.0,4.1288343558,5.3333333333,0
6643,60.0,482.0,4.1010989011,6.2597402597,1
6644,75.0,731.0,3.8584474886,6.4122807018,1
6645,54.0,447.0,3.9727272727,5.5185185185,0
6646,42.0,354.0,3.843373494,5.53125,1
6647,45.0,398.0,3.704109589,5.9402985075,0
6648,65.0,416.0,4.1081730769,4.9523809524,0
6649,36.0,287.0,4.0513833992,9.5666666667,0
6650,63.0,438.0,4.1417322835,5.2771084337,0
6651,52.0,414.0,3.6443850267,4.9285714286,1
6652,47.0,411.0,3.945,6.85,0
6653,62.0,557.0,3.9347826087,5.6836734694,0
6654,58.0,563.0,4.054446461,5.3619047619,0
6655,53.0,422.0,4.072319202,5.5526315789,0
6656,18.0,70.0,3.5147058824,5.8333333333,0
6657,44.0,342.0,4.1538461538,7.7727272727,0
6658,54.0,505.0,4.0226804124,6.7333333333,1
6659,84.0,642.0,4.0661764706,5.7321428571,0
6660,63.0,538.0,4.0730337079,5.7234042553,0
6661,60.0,477.0,4.1973684211,6.5342465753,1
6662,97.0,506.0,3.843373494,4.9126213592,0
6663,52.0,505.0,3.7970711297,4.8095238095,1
6664,63.0,431.0,3.7382075472,7.0655737705,0
6665,68.0,466.0,4.3302540416,4.7070707071,0
6666,67.0,519.0,4.2544031311,6.4875,1
6667,26.0,270.0,4.168,5.8695652174,1
6668,32.0,253.0,4.0711462451,7.4411764706,0
6669,47.0,268.0,3.9962546816,4.701754386,0
6670,42.0,387.0,3.7459893048,5.8636363636,1
6671,34.0,271.0,4.2272727273,6.0222222222,1
6672,46.0,466.0,4.0529953917,6.2133333333,1
6673,79.0,666.0,4.374617737,6.7959183673,1
6674,56.0,468.0,3.9102564103,4.9263157895,1
6675,52.0,500.0,4.0487804878,4.854368932,1
6676,64.0,587.0,4.1713747646,7.1585365854,0
6677,47.0,374.0,4.0028089888,4.7948717949,1
6678,59.0,451.0,4.3082039911,5.369047619,1
6679,25.0,299.0,4.0983050847,5.75,0
6680,97.0,795.0,3.9406565657,6.2109375,0
6681,66.0,564.0,4.0017730496,5.320754717,0
6682,76.0,409.0,4.0100502513,4.869047619,0
6683,54.0,425.0,4.08,5.1829268293,0
6684,48.0,388.0,4.1881443299,5.5428571429,1
6685,20.0,393.0,4.1162790698,6.6610169492,0
6686,47.0,394.0,3.8984771574,5.397260274,1
6687,48.0,275.0,4.1240875912,6.875,0
6688,88.0,559.0,3.7967806841,5.6464646465,0
6689,46.0,289.0,4.1591695502,6.5681818182,0
6690,50.0,393.0,3.9291338583,4.9746835443,0
6691,59.0,516.0,4.1317365269,5.9310344828,1
6692,57.0,324.0,4.0371621622,5.7857142857,0
6693,80.0,672.0,4.0438729198,4.6344827586,1
6694,32.0,352.0,4.0297619048,6.2857142857,0
6695,57.0,507.0,4.403960396,6.5844155844,1
6696,45.0,507.0,3.4618736383,5.07,0
6697,65.0,281.0,3.8772563177,5.7346938776,0
6698,51.0,514.0,3.9271653543,5.5869565217,0
6699,54.0,422.0,4.0375335121,7.5357142857,1
6700,52.0,244.0,4.2057613169,4.0,0
6701,114.0,568.0,3.9408396947,4.8965517241,1
6702,57.0,527.0,4.3499043977,5.9213483146,1
6703,68.0,318.0,3.9383116883,4.5428571429,1
6704,44.0,382.0,3.9033149171,5.1621621622,0
6705,56.0,529.0,4.0268456376,7.1486486486,0
6706,70.0,588.0,4.193877551,4.6299212598,1
6707,82.0,346.0,4.563583815,4.4935064935,0
6708,46.0,271.0,4.4032258065,5.8913043478,0
6709,58.0,310.0,4.0199335548,5.7407407407,0
6710,54.0,359.0,3.7914110429,5.5230769231,1
6711,83.0,407.0,4.1924050633,7.2678571429,0
6712,32.0,227.0,3.9315068493,7.5666666667,0
6713,87.0,422.0,3.8720379147,5.275,0
6714,81.0,536.0,3.9980806142,5.4693877551,0
6715,45.0,324.0,4.0416666667,7.5348837209,0
6716,48.0,384.0,3.9790026247,5.8181818182,1
6717,46.0,497.0,4.0833333333,6.2911392405,0
6718,71.0,633.0,3.9232081911,6.3939393939,1
6719,71.0,539.0,3.7967806841,5.4444444444,0
6720,55.0,470.0,3.8469135802,5.2808988764,0
6721,50.0,408.0,3.7639593909,6.6885245902,0
6722,50.0,426.0,3.8309859155,5.3924050633,1
6723,9.0,464.0,3.881773399,6.025974026,0
6724,27.0,287.0,3.946969697,5.3148148148,0
6725,16.0,126.0,4.3486238532,6.0,0
6726,40.0,218.0,4.2835820896,5.5897435897,0
6727,48.0,306.0,4.160130719,4.4347826087,1
6728,65.0,364.0,4.2288135593,6.1694915254,0
6729,30.0,315.0,4.1746575342,6.847826087,0
6730,83.0,470.0,3.7274725275,5.2222222222,1
6731,54.0,310.0,4.0723684211,5.4385964912,0
6732,41.0,376.0,3.8925373134,6.1639344262,1
6733,59.0,238.0,4.1729957806,5.6666666667,0
6734,57.0,439.0,3.9643765903,4.5729166667,1
6735,56.0,416.0,3.9725,5.8591549296,1
6736,21.0,90.0,3.9333333333,8.1818181818,0
6737,45.0,255.0,3.92,5.9302325581,0
6738,30.0,573.0,4.0546875,6.987804878,1
6739,44.0,380.0,3.4662756598,5.671641791,0
6740,89.0,425.0,3.7360774818,4.1666666667,1
6741,52.0,214.0,4.5714285714,3.7543859649,0
6742,73.0,570.0,4.1967509025,6.0638297872,1
6743,111.0,665.0,3.7588871716,6.1009174312,0
6744,34.0,329.0,4.2024539877,6.8541666667,0
6745,74.0,430.0,4.2776412776,5.8108108108,0
6746,47.0,442.0,3.9817351598,5.0804597701,0
6747,64.0,303.0,3.9326599327,5.224137931,0
6748,25.0,197.0,4.3641618497,6.15625,0
6749,49.0,383.0,3.8563685637,4.5595238095,0
6750,53.0,321.0,3.7570093458,4.652173913,0
6751,55.0,440.0,4.0579710145,5.5696202532,1
6752,63.0,319.0,4.0480769231,5.9074074074,0
6753,70.0,568.0,3.9358490566,6.0425531915,0
6754,34.0,437.0,3.824120603,8.568627451,0
6755,63.0,246.0,4.3319502075,6.6486486486,0
6756,21.0,182.0,4.1853932584,5.6875,1
6757,35.0,229.0,4.3828828829,6.1891891892,0
6758,32.0,301.0,4.2344322344,5.375,0
6759,103.0,615.0,3.7453936348,6.40625,0
6760,11.0,47.0,4.3043478261,6.7142857143,0
6761,65.0,422.0,4.2584541063,5.5526315789,0
6762,27.0,373.0,3.8987341772,6.6607142857,0
6763,36.0,310.0,4.0542372881,5.4385964912,0
6764,37.0,235.0,3.5837104072,7.34375,0
6765,39.0,333.0,4.1886792453,5.6440677966,0
6766,102.0,279.0,4.3799283154,4.8947368421,0
6767,57.0,383.0,4.2263157895,6.3833333333,0
6768,28.0,333.0,4.0841423948,6.0545454545,0
6769,80.0,474.0,3.8520084567,6.2368421053,0
6770,63.0,397.0,3.9823677582,4.3152173913,0
6771,48.0,460.0,3.6784037559,6.4788732394,0
6772,54.0,308.0,4.16,5.0491803279,1
6773,105.0,591.0,3.7245841035,6.15625,0
6774,39.0,379.0,4.2363112392,4.9220779221,1
6775,50.0,250.0,4.1958333333,7.5757575758,0
6776,80.0,367.0,3.7142857143,5.0972222222,0
6777,76.0,337.0,4.1676646707,5.7118644068,0
6778,59.0,366.0,3.856741573,4.1123595506,0
6779,60.0,376.0,3.8522727273,5.1506849315,0
6780,81.0,558.0,4.0930693069,6.975,0
6781,49.0,332.0,3.9003021148,7.2173913043,0
6782,44.0,362.0,3.9085365854,6.7037037037,0
6783,58.0,419.0,3.9111111111,5.6621621622,0
6784,63.0,318.0,4.0897435897,6.2352941176,0
6785,44.0,292.0,3.847826087,5.4074074074,0
6786,31.0,279.0,3.996124031,4.2923076923,0
6787,48.0,390.0,3.7551020408,4.9367088608,1
6788,63.0,508.0,3.9859943978,8.0634920635,1
6789,85.0,665.0,4.1638297872,9.1095890411,1
6790,109.0,738.0,4.1877934272,6.2016806723,1
6791,47.0,614.0,4.0277136259,9.9032258065,1
6792,99.0,919.0,3.9447852761,5.7080745342,1
6793,108.0,798.0,4.0608552632,5.9552238806,1
6794,80.0,747.0,3.6912028725,11.3181818182,1
6795,96.0,839.0,3.8934550989,6.9916666667,1
6796,59.0,730.0,4.1612903226,8.021978022,1
6797,58.0,460.0,4.0178041543,7.6666666667,1
6798,85.0,1029.0,3.9070063694,8.4344262295,1
6799,95.0,837.0,4.0274566474,6.5905511811,1
6800,64.0,506.0,4.3686746988,7.3333333333,1
6801,71.0,536.0,3.8574712644,7.1466666667,1
6802,57.0,492.0,3.9198966408,10.4680851064,1
6803,76.0,721.0,4.0567375887,8.1931818182,1
6804,53.0,435.0,3.8580060423,7.7678571429,1
6805,60.0,531.0,3.9605263158,7.375,1
6806,67.0,548.0,4.3110047847,7.4054054054,1
6807,62.0,407.0,4.2614942529,7.8269230769,1
6808,91.0,802.0,3.7791798107,6.9739130435,1
6809,60.0,736.0,3.9317773788,8.7619047619,1
6810,54.0,464.0,4.2604422604,7.0303030303,1
6811,83.0,780.0,4.0522765599,8.7640449438,1
6812,56.0,608.0,4.0561797753,7.6962025316,1
6813,92.0,762.0,3.8023648649,8.8604651163,1
6814,55.0,425.0,4.1246376812,7.2033898305,1
6815,107.0,666.0,4.5268022181,6.5940594059,1
6816,89.0,880.0,3.8127544098,5.6050955414,1
6817,59.0,581.0,4.0245901639,9.2222222222,1
6818,92.0,908.0,3.9664804469,7.5666666667,1
6819,65.0,456.0,3.9083969466,9.7021276596,0
6820,52.0,456.0,3.9171270718,8.9411764706,1
6821,95.0,985.0,4.0874831763,12.7922077922,1
6822,58.0,547.0,4.262755102,10.5192307692,1
6823,113.0,799.0,3.8693098385,6.7142857143,1
6824,49.0,581.0,4.1586538462,8.4202898551,1
6825,40.0,363.0,4.0296296296,9.5526315789,1
6826,43.0,442.0,4.1376404494,8.0363636364,1
6827,60.0,597.0,3.9528907923,7.5569620253,1
6828,68.0,636.0,3.7510638298,9.3529411765,1
6829,68.0,710.0,3.4822695035,12.6785714286,1
6830,67.0,569.0,3.9347826087,9.8103448276,1
6831,53.0,405.0,3.9829059829,6.6393442623,0
6832,45.0,381.0,3.5841924399,6.8035714286,1
6833,63.0,555.0,3.4194214876,11.3265306122,1
6834,53.0,540.0,3.7656612529,14.5945945946,1
6835,91.0,724.0,3.6897546898,19.5675675676,1
6836,102.0,683.0,4.1979166667,8.7564102564,1
6837,64.0,541.0,4.1744186047,9.3275862069,1
6838,53.0,506.0,4.2796833773,6.8378378378,1
6839,65.0,533.0,3.6666666667,4.8899082569,1
6840,51.0,562.0,3.7661469933,7.2051282051,1
6841,35.0,308.0,4.0855855856,8.8,1
6842,80.0,581.0,4.0468468468,5.2342342342,1
6843,50.0,364.0,3.8882175227,8.6666666667,1
6844,91.0,745.0,3.7814871017,7.5252525253,1
6845,89.0,790.0,3.8224582701,6.4227642276,1
6846,45.0,395.0,4.0626959248,7.1818181818,1
6847,25.0,212.0,4.0,6.8387096774,1
6848,73.0,647.0,3.7952755906,12.6862745098,1
6849,42.0,387.0,4.1797101449,6.7894736842,1
6850,31.0,233.0,4.2848837209,8.0344827586,1
6851,55.0,682.0,3.7437858509,12.4,1
6852,60.0,477.0,3.9680851064,4.8181818182,1
6853,52.0,553.0,3.7242105263,5.5858585859,1
6854,26.0,178.0,3.9719101124,6.5925925926,1
6855,36.0,419.0,3.8473520249,9.1086956522,1
6856,47.0,558.0,4.1006864989,7.3421052632,1
6857,16.0,109.0,3.9259259259,5.7368421053,1
6858,61.0,526.0,3.9837209302,7.5142857143,1
6859,68.0,601.0,3.7695099819,8.4647887324,1
6860,11.0,180.0,3.8866666667,9.4736842105,1
6861,56.0,616.0,3.5088888889,8.5555555556,1
6862,51.0,408.0,3.6657963446,5.5135135135,0
6863,51.0,477.0,3.971291866,7.8196721311,0
6864,49.0,332.0,4.1172839506,6.3846153846,0
6865,50.0,479.0,3.5252525253,8.1186440678,1
6866,26.0,236.0,4.2532751092,6.5555555556,0
6867,39.0,340.0,4.1121495327,5.3125,1
6868,67.0,607.0,4.0442477876,6.2577319588,1
6869,32.0,250.0,4.0043290043,5.3191489362,0
6870,25.0,196.0,3.9473684211,6.3225806452,0
6871,80.0,590.0,3.6428571429,6.2765957447,1
6872,54.0,547.0,3.7890995261,7.4931506849,1
6873,38.0,470.0,3.690821256,6.5277777778,0
6874,40.0,407.0,3.7989130435,6.2615384615,0
6875,54.0,439.0,3.7058823529,6.0136986301,0
6876,49.0,496.0,4.1301369863,6.8888888889,1
6877,41.0,391.0,3.7570977918,9.3095238095,0
6878,34.0,297.0,3.7868217054,5.7115384615,0
6879,56.0,400.0,3.6481012658,7.0175438596,1
6880,24.0,200.0,4.1216931217,5.8823529412,0
6881,50.0,394.0,4.2759562842,5.3243243243,0
6882,54.0,508.0,3.5754060325,6.5128205128,0
6883,45.0,345.0,4.1383647799,6.0526315789,0
6884,68.0,531.0,4.1158129176,5.9662921348,0
6885,27.0,308.0,4.063670412,9.3333333333,0
6886,29.0,208.0,4.7752808989,8.6666666667,1
6887,38.0,334.0,4.1573426573,6.0727272727,0
6888,46.0,409.0,3.7703488372,7.0517241379,0
6889,63.0,370.0,4.3932926829,9.25,1
6890,25.0,180.0,4.2215568862,6.4285714286,0
6891,32.0,162.0,4.9870967742,7.3636363636,0
6892,59.0,480.0,4.3674418605,6.7605633803,1
6893,40.0,399.0,3.5177304965,12.0909090909,0
6894,50.0,355.0,4.2195121951,9.3421052632,0
6895,42.0,310.0,3.9090909091,5.2542372881,0
6896,48.0,305.0,4.0346020761,6.2244897959,0
6897,29.0,246.0,3.9691629956,6.15,0
6898,40.0,409.0,4.0172413793,6.8166666667,0
6899,38.0,323.0,3.9833333333,6.46,0
6900,38.0,290.0,3.8390804598,6.4444444444,0
6901,31.0,235.0,4.4080717489,5.5952380952,0
6902,52.0,357.0,3.937704918,6.2631578947,0
6903,38.0,353.0,4.0225080386,6.9215686275,1
6904,45.0,387.0,3.8516320475,8.4130434783,0
6905,39.0,403.0,4.0462427746,5.3733333333,1
6906,9.0,74.0,3.9436619718,6.1666666667,0
6907,37.0,268.0,4.5991561181,5.8260869565,0
6908,41.0,370.0,4.046728972,6.7272727273,0
6909,35.0,411.0,4.0494186047,7.2105263158,1
6910,59.0,336.0,4.7685185185,6.3396226415,0
6911,9.0,82.0,3.6575342466,6.3076923077,0
6912,24.0,249.0,3.6735751295,7.3235294118,1
6913,25.0,260.0,4.2578947368,8.3870967742,1
6914,42.0,324.0,4.0100334448,6.75,1
6915,26.0,267.0,3.9595959596,9.2068965517,1
6916,23.0,173.0,4.2804878049,6.1785714286,0
6917,44.0,408.0,4.2634408602,6.9152542373,1
6918,26.0,208.0,4.1890547264,6.303030303,0
6919,34.0,346.0,3.6041666667,8.2380952381,0
6920,57.0,481.0,4.2885085575,6.8714285714,1
6921,75.0,573.0,4.1767068273,7.3461538462,1
6922,2.0,36.0,5.625,12.0,0
6923,58.0,491.0,4.012708814,6.764171123000001,0
6924,66.0,655.0,3.9929947461,6.1214953271,1
6925,58.0,491.0,4.012708814,6.764171123000001,0
6926,66.0,585.0,3.9201596806,6.2903225806,1
6927,20.0,192.0,4.0679012346,7.68,0
6928,39.0,330.0,4.0888157895,8.0487804878,1
6929,51.0,429.0,3.9336870027,5.2962962963,0
6930,1.0,4.0,7.25,0.0,0
6931,34.0,314.0,3.9530685921,5.9245283019,0
6932,33.0,193.0,4.0158730159,5.3611111111,0
6933,41.0,370.0,4.2136986301,5.6923076923,0
6934,43.0,364.0,4.2813370474,5.2,0
6935,49.0,426.0,4.0225,5.68,1
6936,38.0,306.0,3.9900332226,5.3684210526,0
6937,54.0,391.0,4.544,5.0128205128,0
6938,41.0,351.0,4.1642228739,5.7540983607,1
6939,49.0,412.0,4.2061068702,5.2820512821,1
6940,35.0,305.0,4.0233333333,4.765625,0
6941,50.0,367.0,4.1179775281,6.9245283019,0
6942,57.0,482.0,4.1083521445,6.5135135135,0
6943,58.0,374.0,3.956284153,6.3389830508,0
6944,53.0,428.0,4.0575,5.7066666667,1
6945,49.0,496.0,4.0427927928,5.4505494505,0
6946,61.0,495.0,4.0822222222,5.8928571429,1
6947,29.0,265.0,4.0153846154,4.4915254237,1
6948,59.0,514.0,4.006,5.8409090909,1
6949,37.0,307.0,4.29,5.2931034483,0
6950,50.0,420.0,4.2,5.25,1
6951,47.0,437.0,4.0117370892,6.4264705882,0
6952,45.0,349.0,4.0145348837,5.2089552239,0
6953,69.0,463.0,4.3603818616,6.1733333333,1
6954,53.0,440.0,3.7341176471,8.4615384615,1
6955,36.0,301.0,4.1389830508,5.7884615385,0
6956,44.0,384.0,3.8511235955,4.9230769231,0
6957,51.0,371.0,4.0136612022,5.5373134328,0
6958,52.0,426.0,3.7625899281,10.65,0
6959,52.0,385.0,3.8222811671,5.2739726027,0
6960,3.0,23.0,4.380952381,5.75,0
6961,40.0,286.0,3.8214285714,5.0175438596,0
6962,53.0,466.0,3.9643652561,5.7530864198,0
6963,54.0,521.0,3.9278557114,5.8539325843,0
6964,33.0,249.0,4.4326530612,5.5333333333,0
6965,41.0,315.0,4.3503401361,6.5625,0
6966,54.0,353.0,3.9454022989,6.6603773585,0
6967,1.0,6.0,8.25,0.0,0
6968,1.0,31.0,5.1785714286,10.3333333333,0
6969,45.0,408.0,3.8647959184,4.6896551724,0
6970,44.0,303.0,4.4333333333,5.05,0
6971,51.0,321.0,4.0675241158,4.7205882353,0
6972,49.0,367.0,4.1611111111,6.2203389831,1
6973,29.0,192.0,3.8489583333,9.6,0
6974,1.0,400.0,3.7480916031,11.4285714286,0
6975,47.0,462.0,3.799522673,7.4516129032,0
6976,50.0,451.0,3.7400468384,8.2,0
6977,51.0,312.0,4.134751773,4.4571428571,0
6978,48.0,310.0,4.1058020478,4.0789473684,0
6979,23.0,214.0,3.9735449735,4.976744186,0
6980,49.0,346.0,3.8388059701,5.8644067797,0
6981,44.0,307.0,3.79,4.323943662,1
6982,46.0,315.0,4.2595155709,5.3389830508,0
6983,49.0,457.0,4.0138248848,5.0777777778,0
6984,40.0,280.0,3.861423221,4.6666666667,0
6985,34.0,302.0,3.9143835616,6.2916666667,0
6986,36.0,291.0,3.9074733096,4.2173913043,0
6987,22.0,171.0,3.7791411043,4.5,0
6988,42.0,341.0,3.8496932515,5.6833333333,1
6989,40.0,277.0,4.2282608696,5.2264150943,0
6990,53.0,461.0,4.0934579439,9.6041666667,1
6991,73.0,572.0,3.4760956175,17.3333333333,1
6992,73.0,463.0,4.2683486239,4.9255319149,0
6993,30.0,127.0,4.052173913,6.6842105263,0
6994,36.0,261.0,3.8313253012,7.0540540541,0
6995,53.0,365.0,3.7094801223,7.3,1
6996,47.0,422.0,4.035443038,7.4035087719,0
6997,68.0,473.0,3.9312796209,6.8550724638,1
6998,1.0,7.0,6.7142857143,0.0,0
6999,68.0,477.0,3.9845132743,6.36,1
7000,1.0,6.0,7.75,0.0,0
7001,58.0,500.0,3.6725888325,6.0975609756,1
7002,69.0,555.0,3.9126984127,6.0989010989,1
7003,63.0,530.0,3.9745762712,5.8241758242,0
7004,45.0,455.0,3.9451371571,6.8939393939,1
7005,73.0,609.0,4.214953271,5.075,1
7006,63.0,537.0,3.9008810573,14.9166666667,0
7007,58.0,485.0,4.3249370277,8.2203389831,0
7008,35.0,321.0,4.0467625899,6.42,1
7009,65.0,575.0,3.8118609407,6.7647058824,0
7010,76.0,613.0,3.9740820734,8.397260274,1
7011,93.0,751.0,4.3616,6.8899082569,1
7012,89.0,782.0,3.9439102564,7.82,1
7013,45.0,391.0,4.1172413793,9.775,1
7014,55.0,408.0,4.4666666667,7.0344827586,1
7015,53.0,575.0,3.947826087,7.7702702703,0
7016,58.0,473.0,3.6642335766,6.0641025641,1
7017,59.0,542.0,4.1241685144,6.5301204819,1
7018,85.0,840.0,3.9245852187,6.8292682927,1
7019,67.0,411.0,3.8083989501,6.421875,0
7020,50.0,406.0,4.2435530086,7.3818181818,1
7021,67.0,625.0,4.0909090909,8.2236842105,1
7022,61.0,598.0,4.0263157895,7.119047619,1
7023,80.0,623.0,3.9555125725,7.2441860465,1
7024,78.0,880.0,3.9443609023,8.4615384615,1
7025,97.0,799.0,4.178913738,7.99,1
7026,35.0,266.0,3.9594594595,5.6595744681,1
7027,56.0,675.0,3.997995992,11.4406779661,1
7028,65.0,554.0,4.0288461538,5.8936170213,1
7029,93.0,671.0,3.9134125637,7.8941176471,1
7030,55.0,532.0,3.8985849057,7.7101449275,1
7031,68.0,540.0,4.1397590361,8.0597014925,1
7032,56.0,454.0,4.25606469,7.09375,1
7033,74.0,733.0,3.8972267537,8.6235294118,1
7034,56.0,530.0,4.0517647059,7.3611111111,1
7035,87.0,718.0,4.1612903226,7.7204301075,1
7036,53.0,322.0,4.2199312715,6.1923076923,0
7037,60.0,585.0,4.1168831169,9.75,1
7038,66.0,598.0,4.0591966173,9.0606060606,1
7039,86.0,660.0,4.0422018349,8.6842105263,1
7040,97.0,844.0,3.8619186047,7.9622641509,1
7041,86.0,774.0,4.0769230769,7.74,1
7042,61.0,530.0,3.9871520343,7.9104477612,1
7043,63.0,422.0,4.1343669251,5.5526315789,0
7044,40.0,346.0,4.1285714286,8.8717948718,1
7045,132.0,1260.0,3.8230008985,6.3959390863,1
7046,96.0,747.0,3.9255499154,7.47,1
7047,51.0,484.0,3.6401766004,4.6990291262,0
7048,77.0,654.0,4.2258064516,7.3483146067,1
7049,79.0,566.0,4.0038167939,5.4951456311,0
7050,86.0,622.0,3.8956043956,6.6170212766,1
7051,79.0,625.0,3.8290598291,5.1229508197,1
7052,66.0,564.0,3.8577586207,6.962962963,1
7053,70.0,537.0,3.7587719298,7.4583333333,0
7054,68.0,627.0,4.1452282158,8.472972973,1
7055,41.0,296.0,3.9201388889,5.92,0
7056,52.0,476.0,4.0656565657,6.4324324324,1
7057,54.0,571.0,3.9766949153,6.4886363636,1
7058,58.0,490.0,3.7729468599,6.5333333333,1
7059,44.0,440.0,3.9704433498,5.641025641,1
7060,74.0,739.0,4.3005366726,12.5254237288,1
7061,69.0,703.0,3.8584729981,7.8111111111,1
7062,42.0,528.0,3.5933014354,7.4366197183,1
7063,36.0,336.0,4.0037593985,6.72,1
7064,60.0,619.0,4.2871485944,6.9550561798,1
7065,75.0,723.0,3.7576791809,6.6330275229,1
7066,78.0,673.0,4.017208413,8.5189873418,1
7067,57.0,418.0,4.207253886,5.2911392405,0
7068,65.0,499.0,3.9527896996,5.0404040404,0
7069,91.0,731.0,4.2758007117,7.8602150538,1
7070,103.0,872.0,3.8774928775,8.5490196078,1
7071,41.0,330.0,4.1614035088,7.0212765957,1
7072,82.0,786.0,3.8890532544,6.8347826087,1
7073,76.0,677.0,3.7300724638,6.4476190476,1
7074,70.0,650.0,4.2232142857,7.6470588235,1
7075,51.0,465.0,4.6960227273,10.3333333333,0
7076,80.0,644.0,3.8223062382,7.5764705882,1
7077,58.0,428.0,3.8839779006,6.9032258065,1
7078,103.0,1079.0,3.9740871614,8.8442622951,1
7079,50.0,472.0,4.0612244898,9.2549019608,1
7080,44.0,315.0,3.8592057762,7.0,0
7081,113.0,949.0,3.9477911647,8.7064220183,1
7082,77.0,751.0,3.9366883117,7.0849056604,1
7083,47.0,489.0,3.8108108108,6.9857142857,1
7084,53.0,433.0,4.1347305389,9.2127659574,1
7085,54.0,507.0,3.7754010695,12.0714285714,1
7086,63.0,620.0,3.9306122449,8.8571428571,1
7087,62.0,587.0,3.9616055846,5.7549019608,1
7088,49.0,497.0,3.8138528139,6.1358024691,1
7089,37.0,414.0,3.7674418605,7.8113207547,1
7090,58.0,468.0,3.7842227378,9.36,1
7091,77.0,678.0,4.0405186386,7.0625,1
7092,48.0,414.0,3.7429378531,6.6774193548,1
7093,65.0,582.0,3.9918367347,7.6578947368,1
7094,60.0,429.0,4.0901856764,5.5,1
7095,71.0,743.0,3.9379562044,9.0609756098,1
7096,59.0,462.0,4.0057636888,6.5070422535,1
7097,44.0,302.0,4.1484375,7.7435897436,0
7098,35.0,306.0,4.0325581395,11.7692307692,1
7099,61.0,568.0,3.7341176471,8.1142857143,1
7100,80.0,639.0,4.1332149201,10.3064516129,1
7101,57.0,547.0,3.9011235955,6.7530864198,1
7102,66.0,793.0,3.8939641109,11.0138888889,1
7103,90.0,751.0,4.1084695394,7.51,1
7104,53.0,460.0,3.8349753695,10.0,0
7105,69.0,553.0,4.179337232,8.1323529412,1
7106,70.0,597.0,3.8366533865,7.6538461538,1
7107,62.0,514.0,4.0939457203,6.2682926829,1
7108,63.0,601.0,3.7883064516,7.3292682927,1
7109,44.0,289.0,4.2386363636,6.880952381,1
7110,78.0,707.0,3.8490566038,7.07,1
7111,62.0,592.0,3.8336713996,6.5777777778,1
7112,52.0,405.0,4.1009463722,6.6393442623,1
7113,47.0,393.0,4.1935483871,8.5434782609,1
7114,58.0,553.0,3.95,6.743902439,1
7115,54.0,463.0,4.043814433,8.7358490566,1
7116,52.0,408.0,4.1081794195,7.2857142857,1
7117,57.0,618.0,4.0927487352,5.0655737705,1
7118,47.0,548.0,3.8473451327,6.85,1
7119,58.0,535.0,3.7245119306,9.224137931,1
7120,52.0,322.0,4.3205574913,5.649122807,1
7121,78.0,566.0,4.0651731161,5.7171717172,1
7122,75.0,432.0,3.6451612903,6.9677419355,0
7123,79.0,748.0,4.1370967742,5.9365079365,1
7124,43.0,424.0,4.2105263158,9.4222222222,0
7125,154.0,1348.0,4.115146147,8.8104575163,1
7126,120.0,1289.0,3.8015717092,8.4248366013,1
7127,56.0,476.0,4.1232227488,7.0,1
7128,67.0,570.0,4.0708333333,6.7857142857,1
7129,27.0,281.0,4.0877192982,9.3666666667,1
7130,59.0,517.0,3.9736147757,7.2816901408,0
7131,60.0,482.0,4.0388601036,8.6071428571,1
7132,52.0,527.0,3.983490566,9.0862068966,1
7133,61.0,589.0,4.039748954,6.7701149425,1
7134,59.0,777.0,3.6472440945,7.128440367,1
7135,62.0,407.0,4.1717171717,9.6904761905,0
7136,81.0,768.0,3.5948717949,6.5084745763,1
7137,62.0,595.0,3.932885906,8.6231884058,1
7138,50.0,457.0,3.9146666667,7.7457627119,1
7139,60.0,644.0,3.8368522073,8.5866666667,1
7140,52.0,579.0,3.9490022173,6.8117647059,1
7141,54.0,534.0,3.6397058824,8.0909090909,0
7142,81.0,780.0,3.9119878604,7.8,1
7143,41.0,336.0,3.9380804954,5.8947368421,1
7144,16.0,121.0,2.9158878505,4.84,0
7145,69.0,542.0,3.9265658747,6.9487179487,1
7146,67.0,511.0,3.8896551724,7.984375,1
7147,35.0,409.0,4.0703812317,7.8653846154,1
7148,52.0,369.0,4.1342857143,8.5813953488,0
7149,60.0,455.0,3.9597315436,4.375,1
7150,74.0,649.0,3.9867109635,6.9042553191,1
7151,67.0,425.0,3.8711484594,7.3275862069,0
7152,76.0,720.0,4.0562130178,6.2068965517,1
7153,73.0,633.0,3.7552986513,9.1739130435,1
7154,72.0,653.0,3.6925515055,9.8939393939,1
7155,53.0,381.0,3.8922155689,5.5217391304,1
7156,56.0,543.0,3.9638554217,8.2272727273,1
7157,92.0,759.0,3.8183254344,7.0277777778,1
7158,92.0,737.0,3.6196513471,16.0217391304,1
7159,57.0,468.0,4.0022573363,5.5058823529,1
7160,63.0,586.0,3.9014989293,7.325,1
7161,96.0,695.0,4.035971223,6.4953271028,0
7162,58.0,534.0,4.345631068,5.5051546392,1
7163,68.0,603.0,3.9168356998,6.1530612245,1
7164,86.0,727.0,4.081705151,6.5495495495,0
7165,79.0,775.0,3.9520123839,6.3008130081,1
7166,45.0,351.0,3.9909365559,6.0517241379,1
7167,41.0,279.0,3.7857142857,4.8947368421,1
7168,56.0,490.0,3.9574944072,5.9756097561,1
7169,63.0,642.0,3.8789571695,6.2941176471,1
7170,72.0,551.0,3.9136842105,8.4769230769,1
7171,50.0,337.0,4.1758957655,5.1060606061,0
7172,63.0,620.0,4.2075471698,6.3917525773,1
7173,66.0,606.0,4.0450980392,7.1294117647,1
7174,92.0,895.0,4.0799475754,7.3360655738,1
7175,61.0,565.0,3.9682242991,6.1413043478,1
7176,64.0,633.0,3.7402597403,8.5540540541,1
7177,58.0,579.0,3.9854469854,8.6417910448,1
7178,59.0,698.0,3.7247191011,7.2708333333,1
7179,89.0,988.0,3.8293556086,7.4848484848,1
7180,51.0,539.0,3.5769230769,9.1355932203,1
7181,40.0,284.0,4.019379845,6.0425531915,0
7182,53.0,562.0,4.0585683297,7.5945945946,1
7183,72.0,639.0,4.1225490196,7.9875,1
7184,60.0,564.0,3.9957173448,8.0571428571,1
7185,72.0,603.0,3.9085923218,6.414893617,1
7186,49.0,551.0,4.1025056948,11.9782608696,1
7187,67.0,554.0,4.0107758621,6.8395061728,1
7188,40.0,390.0,4.0413793103,9.2857142857,1
7189,69.0,578.0,3.9409594096,5.5576923077,1
7190,62.0,662.0,3.7239915074,10.1846153846,1
7191,44.0,296.0,3.6283524904,6.1666666667,0
7192,61.0,560.0,3.9078341014,14.0,1
7193,57.0,523.0,4.1718377088,6.1529411765,1
7194,71.0,519.0,3.9874476987,5.9655172414,1
7195,65.0,598.0,4.1987315011,8.1917808219,1
7196,56.0,569.0,3.9851576994,5.7474747475,1
7197,47.0,550.0,3.8514150943,7.1428571429,1
7198,46.0,535.0,4.0662100457,6.2941176471,1
7199,54.0,474.0,4.0436781609,7.6451612903,1
7200,55.0,493.0,4.2351351351,10.7173913043,1
7201,45.0,473.0,3.8986666667,7.8833333333,1
7202,61.0,514.0,3.8680203046,8.2903225806,1
7203,57.0,517.0,3.9512195122,7.3857142857,1
7204,71.0,587.0,4.2745454545,6.7471264368,1
7205,51.0,449.0,3.3308823529,5.4756097561,0
7206,53.0,536.0,3.7747747748,6.4578313253,1
7207,52.0,432.0,4.0334190231,6.9677419355,1
7208,35.0,375.0,3.9124087591,8.152173913,1
7209,75.0,667.0,3.9763779528,7.6666666667,1
7210,49.0,341.0,3.9847094801,5.5,0
7211,73.0,518.0,3.9433106576,10.1568627451,1
7212,55.0,476.0,3.7135678392,7.1044776119,1
7213,64.0,477.0,3.7283105023,5.7469879518,0
7214,66.0,764.0,3.8220183486,8.7816091954,1
7215,43.0,382.0,3.4741935484,6.3666666667,0
7216,46.0,507.0,4.0,6.9452054795,1
7217,55.0,567.0,3.5610278373,16.6764705882,1
7218,76.0,696.0,3.9295352324,6.3853211009,1
7219,91.0,854.0,3.8642765685,5.972027972,1
7220,72.0,754.0,3.754590985,8.2857142857,1
7221,33.0,356.0,3.6794425087,6.7169811321,1
7222,46.0,343.0,4.0075471698,9.5277777778,1
7223,65.0,530.0,3.9561752988,5.5208333333,1
7224,43.0,346.0,3.9498432602,5.5806451613,1
7225,56.0,478.0,4.0379464286,5.3111111111,1
7226,50.0,464.0,3.5766016713,10.0869565217,1
7227,59.0,464.0,3.9614512472,6.4444444444,0
7228,62.0,484.0,4.4683195592,11.0,0
7229,58.0,576.0,4.0589390963,5.8775510204,1
7230,111.0,924.0,3.9521640091,5.8853503185,1
7231,66.0,833.0,3.9051282051,6.9416666667,1
7232,73.0,551.0,4.0855513308,5.2476190476,1
7233,45.0,418.0,3.9322033898,6.3333333333,0
7234,57.0,503.0,4.0046620047,7.0845070423,1
7235,67.0,567.0,4.1662971175,10.3090909091,0
7236,52.0,513.0,3.8976545842,6.0352941176,0
7237,64.0,517.0,4.1040339703,6.5443037975,1
7238,88.0,704.0,4.0708898944,5.9661016949,1
7239,83.0,766.0,4.0794117647,6.4915254237,1
7240,96.0,826.0,3.831884058,7.9423076923,1
7241,45.0,380.0,4.5710144928,5.7575757576,1
7242,76.0,586.0,4.1868327402,5.580952381,1
7243,90.0,724.0,4.053701016,6.5225225225,1
7244,45.0,432.0,3.9682926829,5.5384615385,1
7245,74.0,624.0,3.8986710963,5.6727272727,1
7246,90.0,814.0,3.9095092025,7.7523809524,1
7247,40.0,374.0,3.6736111111,8.1304347826,1
7248,56.0,604.0,3.8289962825,7.55,1
7249,80.0,1021.0,3.9679144385,6.8066666667,1
7250,98.0,917.0,3.772985244,5.8407643312,1
7251,51.0,609.0,3.9749478079,9.8225806452,1
7252,40.0,332.0,4.2288401254,6.5098039216,0
7253,62.0,442.0,4.0644391408,6.0547945205,1
7254,45.0,366.0,4.047752809,5.8095238095,1
7255,102.0,816.0,3.8948035488,5.164556962,1
7256,49.0,849.0,3.9317010309,6.152173913,1
7257,97.0,690.0,4.4891846922,8.4146341463,1
7258,51.0,549.0,3.7074688797,7.5205479452,1
7259,53.0,581.0,3.8568281938,9.078125,1
7260,61.0,663.0,4.0542056075,10.5238095238,1
7261,68.0,661.0,4.0016051364,6.1775700935,1
7262,60.0,481.0,3.914893617,7.8852459016,1
7263,66.0,655.0,4.1257035647,6.55,1
7264,44.0,508.0,3.9685863874,11.2888888889,1
7265,81.0,790.0,4.0015337423,7.9797979798,1
7266,74.0,629.0,3.8324022346,8.8591549296,1
7267,68.0,555.0,4.1699779249,6.7682926829,1
7268,76.0,755.0,4.1573373676,6.8636363636,1
7269,31.0,246.0,4.0198019802,7.6875,0
7270,71.0,596.0,4.5053571429,6.6966292135,1
7271,50.0,472.0,3.7214611872,5.619047619,1
7272,55.0,540.0,4.1038374718,5.7446808511,1
7273,45.0,417.0,4.2235294118,8.1764705882,1
7274,47.0,491.0,4.1923076923,5.5795454545,1
7275,83.0,777.0,4.1276297335,5.8863636364,1
7276,42.0,389.0,4.1793478261,6.593220339,1
7277,88.0,714.0,3.9924127466,6.5504587156,1
7278,40.0,360.0,4.2307692308,7.6595744681,1
7279,80.0,694.0,4.1217257319,5.9827586207,1
7280,89.0,760.0,3.9784615385,9.2682926829,1
7281,38.0,307.0,4.0373443983,9.303030303,1
7282,49.0,443.0,3.9545454545,5.8289473684,1
7283,74.0,843.0,3.9576271186,7.6636363636,1
7284,72.0,530.0,3.8700787402,5.0,1
7285,74.0,554.0,4.1927480916,6.5176470588,1
7286,46.0,450.0,4.0441176471,9.1836734694,1
7287,58.0,514.0,3.9400826446,7.7878787879,1
7288,95.0,908.0,3.8855780691,6.0939597315,1
7289,56.0,473.0,3.9112149533,5.7682926829,1
7290,85.0,807.0,3.8348214286,5.2402597403,1
7291,61.0,431.0,4.2929782082,5.1927710843,1
7292,71.0,473.0,4.1201814059,7.8833333333,1
7293,68.0,560.0,3.8969298246,13.6585365854,1
7294,104.0,942.0,3.8200238379,6.1973684211,1
7295,35.0,388.0,3.9856115108,8.4347826087,1
7296,46.0,355.0,4.5122699387,6.6981132075,0
7297,68.0,684.0,4.1282467532,5.34375,1
7298,53.0,598.0,3.8499095841,5.9207920792,0
7299,56.0,494.0,4.176056338,8.2333333333,1
7300,78.0,706.0,3.8300153139,6.537037037,1
7301,62.0,511.0,4.2980972516,6.0833333333,1
7302,66.0,650.0,3.95256917,7.9268292683,1
7303,57.0,684.0,3.8752260398,9.6338028169,1
7304,117.0,791.0,4.0799457995,8.1546391753,1
7305,89.0,825.0,4.1017173052,7.5688073394,1
7306,61.0,482.0,4.1843817787,6.5135135135,1
7307,77.0,675.0,3.9588414634,5.1923076923,0
7308,77.0,664.0,4.0204778157,8.5128205128,1
7309,58.0,625.0,3.8455008489,6.4432989691,1
7310,62.0,610.0,4.0282861897,6.7777777778,1
7311,29.0,234.0,4.0,5.7073170732,1
7312,46.0,490.0,4.0753246753,10.0,0
7313,38.0,297.0,4.4388489209,5.8235294118,0
7314,73.0,707.0,3.7746268657,5.8429752066,1
7315,19.0,160.0,3.9807692308,5.7142857143,0
7316,71.0,654.0,3.9952606635,5.0307692308,1
7317,68.0,517.0,3.9394572025,5.875,1
7318,61.0,495.0,4.1746724891,6.3461538462,1
7319,43.0,373.0,4.2724458204,6.1147540984,0
7320,63.0,554.0,3.9586614173,6.2954545455,1
7321,35.0,267.0,4.192,6.675,1
7322,69.0,574.0,4.0849802372,8.0845070423,1
7323,59.0,700.0,3.8961038961,11.1111111111,1
7324,25.0,186.0,3.8245614035,7.75,1
7325,99.0,824.0,3.7306273063,5.2484076433,1
7326,50.0,458.0,4.1345646438,7.7627118644,1
7327,71.0,459.0,4.3054298643,6.0394736842,1
7328,64.0,457.0,4.1662763466,5.6419753086,1
7329,68.0,595.0,4.1498194946,5.2192982456,1
7330,33.0,263.0,4.2838983051,6.575,1
7331,74.0,598.0,4.2340425532,7.5696202532,1
7332,43.0,318.0,4.1323529412,7.95,1
7333,51.0,558.0,3.4511111111,7.5405405405,0
7334,83.0,663.0,4.0715667311,8.84,1
7335,33.0,268.0,4.0743801653,7.2432432432,1
7336,66.0,564.0,3.9686192469,7.9436619718,1
7337,47.0,547.0,3.813559322,11.1632653061,1
7338,43.0,523.0,3.8010899183,9.6851851852,1
7339,78.0,571.0,4.0776255708,8.6515151515,1
7340,62.0,615.0,3.9779116466,9.7619047619,1
7341,66.0,522.0,3.9020100503,6.7792207792,1
7342,55.0,699.0,3.9923664122,10.5909090909,1
7343,48.0,404.0,3.9433427762,6.7333333333,1
7344,41.0,540.0,3.7525,16.875,1
7345,64.0,375.0,3.5689655172,7.8125,1
7346,73.0,584.0,4.0103305785,8.9846153846,1
7347,60.0,467.0,4.0257731959,5.8375,1
7348,51.0,563.0,3.7597402597,6.4712643678,1
7349,51.0,544.0,4.0793269231,14.3157894737,1
7350,45.0,427.0,3.7622739018,6.5692307692,0
7351,58.0,442.0,3.9111675127,6.8,0
7352,45.0,510.0,4.0824742268,7.8461538462,1
7353,52.0,444.0,3.9732620321,10.8292682927,1
7354,36.0,323.0,3.7676056338,6.7291666667,0
7355,48.0,482.0,3.9527186761,11.2093023256,1
7356,59.0,421.0,3.956185567,7.6545454545,1
7357,35.0,320.0,3.8125,6.9565217391,1
7358,67.0,507.0,3.9285714286,7.347826087,1
7359,82.0,582.0,3.8872651357,8.1971830986,1
7360,67.0,559.0,4.0311850312,7.1666666667,1
7361,34.0,324.0,4.2674418605,7.3636363636,1
7362,32.0,332.0,3.7803030303,6.2641509434,0
7363,56.0,591.0,4.004415011,10.5535714286,1
7364,66.0,466.0,4.4117647059,11.3658536585,1
7365,44.0,462.0,4.217603912,5.9230769231,0
7366,55.0,361.0,4.1909090909,6.3333333333,1
7367,50.0,386.0,3.6918604651,10.1578947368,1
7368,43.0,363.0,4.0029325513,5.3382352941,0
7369,61.0,483.0,4.0611764706,6.0375,0
7370,62.0,295.0,4.6923076923,8.1944444444,1
7371,40.0,231.0,4.0956937799,10.0434782609,1
7372,51.0,614.0,3.9751693002,8.4109589041,1
7373,58.0,394.0,3.8779761905,7.1636363636,1
7374,49.0,451.0,3.6176470588,5.5,1
7375,52.0,482.0,3.9787735849,6.3421052632,0
7376,63.0,642.0,4.09,9.4411764706,1
7377,49.0,439.0,4.1006493506,31.3571428571,1
7378,32.0,300.0,3.4765625,5.6603773585,1
7379,54.0,523.0,3.8848920863,14.5277777778,1
7380,76.0,729.0,3.7077205882,8.6785714286,1
7381,57.0,563.0,3.5110132159,7.3116883117,1
7382,28.0,159.0,4.4465408805,10.6,1
7383,36.0,226.0,3.9947916667,8.0714285714,1
7384,56.0,304.0,4.2425249169,5.7358490566,1
7385,47.0,459.0,3.5376623377,6.4647887324,0
7386,46.0,397.0,3.9592592593,26.4666666667,0
7387,44.0,488.0,4.0201005025,8.1333333333,0
7388,50.0,464.0,4.2834224599,7.3650793651,1
7389,34.0,393.0,3.7518796992,12.28125,0
7390,33.0,200.0,4.2340425532,10.0,1
7391,42.0,326.0,4.0,8.8108108108,1
7392,49.0,335.0,4.2073578595,7.9761904762,0
7393,47.0,522.0,3.9251870324,9.8490566038,1
7394,75.0,716.0,3.8821218075,29.8333333333,1
7395,37.0,472.0,3.3262599469,6.6478873239,1
7396,68.0,639.0,4.1267893661,7.4302325581,0
7397,72.0,599.0,3.9868708972,6.9651162791,1
7398,51.0,500.0,3.895631068,7.4626865672,1
7399,33.0,285.0,4.0884955752,7.5,0
7400,43.0,638.0,3.9259259259,15.95,1
7401,31.0,249.0,3.7872340426,6.3846153846,1
7402,35.0,194.0,4.1411764706,17.6363636364,1
7403,30.0,395.0,3.9710610932,8.2291666667,0
7404,54.0,336.0,3.9730639731,7.8139534884,1
7405,11.0,30.0,3.9285714286,4.2857142857,0
7406,51.0,651.0,3.9387755102,11.625,1
7407,51.0,301.0,4.2707581227,6.4042553191,1
7408,54.0,364.0,4.0530973451,5.6,1
7409,1.0,4.0,8.25,0.0,0
7410,43.0,308.0,4.138996139,7.1627906977,1
7411,20.0,177.0,3.9570552147,7.6956521739,1
7412,19.0,125.0,4.1525423729,6.25,1
7413,17.0,206.0,4.2204301075,5.0243902439,1
7414,18.0,245.0,3.9911111111,7.2058823529,1
7415,14.0,92.0,4.0256410256,7.6666666667,1
7416,68.0,360.0,3.6563380282,7.3469387755,1
7417,52.0,573.0,3.8635394456,8.1857142857,1
7418,13.0,146.0,3.9788732394,6.6363636364,1
7419,54.0,378.0,4.03125,7.7142857143,1
7420,35.0,380.0,3.7867647059,10.8571428571,1
7421,46.0,589.0,3.7945736434,6.2,1
7422,37.0,385.0,4.1092436975,6.875,1
7423,1.0,3.0,7.6666666667,0.0,0
7424,15.0,146.0,3.5462184874,8.5882352941,0
7425,55.0,454.0,3.7846153846,6.776119403,1
7426,54.0,615.0,4.0019083969,9.7619047619,1
7427,39.0,225.0,3.8899521531,7.5,1
7428,28.0,275.0,4.0041666667,8.8709677419,1
7429,30.0,249.0,4.3548387097,7.5454545455,1
7430,129.0,1307.0,3.9524733269,8.5986842105,1
7431,65.0,671.0,3.4512428298,9.1917808219,1
7432,65.0,393.0,4.0753012048,7.1454545455,1
7433,76.0,679.0,3.8295019157,10.1343283582,1
7434,82.0,562.0,4.0869565217,6.4597701149,1
7435,32.0,257.0,3.9305555556,8.2903225806,0
7436,58.0,386.0,3.8867403315,5.5142857143,1
7437,76.0,652.0,3.7212543554,6.52,1
7438,69.0,669.0,3.8113948919,8.2592592593,1
7439,76.0,728.0,4.2034188034,7.5051546392,1
7440,79.0,668.0,3.8419117647,6.5490196078,1
7441,69.0,535.0,3.7811059908,9.7272727273,1
7442,51.0,348.0,4.0586206897,4.8333333333,1
7443,47.0,471.0,3.6553672316,8.2631578947,1
7444,76.0,653.0,3.8297491039,6.8020833333,1
7445,46.0,551.0,4.0406852248,6.3333333333,1
7446,47.0,444.0,3.9368131868,7.5254237288,1
7447,59.0,448.0,4.2443324937,5.4634146341,1
7448,45.0,397.0,4.035326087,7.2181818182,1
7449,64.0,608.0,4.0514285714,7.6962025316,1
7450,46.0,443.0,4.0407673861,6.921875,1
7451,73.0,676.0,4.2249190939,5.6333333333,1
7452,74.0,605.0,3.9279279279,5.7619047619,1
7453,34.0,291.0,3.8353413655,11.1923076923,1
7454,49.0,445.0,3.919047619,6.0135135135,1
7455,52.0,465.0,4.1231884058,8.9423076923,1
7456,58.0,448.0,3.8123393316,9.5319148936,1
7457,75.0,563.0,3.9719626168,6.8658536585,1
7458,42.0,365.0,4.0028490028,6.2931034483,1
7459,44.0,262.0,4.1933962264,9.7037037037,1
7460,32.0,290.0,3.9077490775,6.0416666667,1
7461,47.0,412.0,4.1290322581,8.7659574468,1
7462,44.0,412.0,3.7195467422,7.7735849057,1
7463,58.0,418.0,4.318537859,5.9714285714,1
7464,34.0,294.0,4.1115384615,8.9090909091,1
7465,19.0,193.0,3.9811320755,8.3913043478,1
7466,21.0,174.0,4.2608695652,12.4285714286,1
7467,7.0,21.0,4.7777777778,0.0,0
7468,33.0,308.0,3.8904109589,5.6,1
7469,26.0,154.0,4.3197278912,6.16,1
7470,25.0,173.0,4.0448717949,6.1785714286,1
7471,17.0,149.0,4.0895522388,6.2083333333,0
7472,30.0,238.0,4.331838565,7.6774193548,1
7473,24.0,228.0,4.234741784,7.3548387097,1
7474,40.0,327.0,3.9725085911,6.6734693878,1
7475,20.0,157.0,4.2985074627,10.4666666667,1
7476,55.0,394.0,3.9867021277,8.2083333333,0
7477,1.0,8.0,5.1428571429,0.0,0
7478,1.0,7.0,5.4285714286,0.0,0
7479,44.0,355.0,3.4723127036,5.546875,0
7480,65.0,725.0,3.9035369775,5.753968254,1
7481,53.0,403.0,3.9129287599,6.3968253968,0
7482,34.0,399.0,3.960106383,5.32,1
7483,51.0,493.0,4.3564593301,9.86,1
7484,63.0,682.0,4.0365853659,7.2553191489,0
7485,50.0,485.0,4.1038647343,8.2203389831,1
7486,45.0,444.0,3.8126582278,6.5294117647,1
7487,83.0,694.0,3.9617834395,5.3798449612,0
7488,71.0,499.0,3.974248927,6.8356164384,1
7489,38.0,408.0,3.5096418733,7.5555555556,1
7490,63.0,560.0,3.9978586724,9.0322580645,1
7491,61.0,556.0,4.2607843137,5.504950495,1
7492,55.0,558.0,3.8455445545,5.3653846154,1
7493,59.0,554.0,4.2431906615,5.2264150943,1
7494,42.0,578.0,3.9452830189,5.1607142857,1
7495,59.0,556.0,3.9538461538,6.8641975309,1
7496,56.0,469.0,4.1654846336,7.328125,1
7497,63.0,562.0,4.14481409,5.0630630631,1
7498,36.0,284.0,4.3074074074,6.3111111111,0
7499,59.0,642.0,3.7393075356,7.9259259259,1
7500,58.0,466.0,3.8396501458,7.6393442623,0
7501,59.0,673.0,4.4657258065,9.3472222222,0
7502,56.0,448.0,3.9475,5.8947368421,1
7503,39.0,323.0,3.8648648649,8.075,0
7504,57.0,479.0,4.20861678,5.8414634146,1
7505,58.0,506.0,4.0706401766,6.0963855422,0
7506,44.0,411.0,3.9023746702,6.0441176471,0
7507,60.0,615.0,3.8615664845,9.4615384615,1
7508,36.0,397.0,3.5833333333,12.0303030303,0
7509,75.0,612.0,3.9637023593,6.12,1
7510,75.0,748.0,3.6471494607,6.5043478261,1
7511,55.0,468.0,4.1533180778,5.2584269663,0
7512,48.0,516.0,3.9200913242,8.6,1
7513,68.0,576.0,3.985046729,6.0,1
7514,50.0,419.0,4.1019283747,5.9014084507,1
7515,36.0,349.0,3.9877300613,5.5396825397,0
7516,51.0,541.0,4.2163265306,5.6354166667,1
7517,64.0,554.0,4.0613861386,6.367816092,1
7518,68.0,687.0,3.9590747331,7.5494505495,1
7519,28.0,242.0,4.0098039216,7.3333333333,1
7520,75.0,647.0,4.0016920474,5.015503876,1
7521,57.0,553.0,4.0139720559,6.0769230769,0
7522,61.0,694.0,4.0499168053,6.3669724771,1
7523,63.0,746.0,4.2164296998,8.7764705882,0
7524,41.0,342.0,4.1381578947,6.2181818182,0
7525,42.0,376.0,3.9774919614,8.0,1
7526,66.0,611.0,4.0685920578,6.11,1
7527,26.0,240.0,3.9363636364,5.5813953488,1
7528,58.0,622.0,3.9981583794,7.1494252874,1
7529,64.0,536.0,3.7321063395,5.7021276596,1
7530,35.0,347.0,4.1955128205,5.1791044776,1
7531,80.0,685.0,3.9050736498,6.5865384615,1
7532,67.0,487.0,4.0778894472,12.4871794872,1
7533,77.0,701.0,4.1439509954,5.6991869919,1
7534,54.0,502.0,3.8465011287,7.1714285714,1
7535,52.0,369.0,4.1055555556,5.8571428571,0
7536,39.0,415.0,3.7747252747,6.3846153846,1
7537,47.0,474.0,3.8286384977,5.3258426966,0
7538,43.0,423.0,3.8753541076,7.9811320755,1
7539,93.0,596.0,3.9649737303,5.8431372549,0
7540,61.0,549.0,3.9855967078,5.71875,1
7541,58.0,591.0,3.9323017408,5.0512820513,1
7542,43.0,426.0,3.96,5.0117647059,0
7543,56.0,488.0,4.1621004566,7.1764705882,1
7544,48.0,419.0,3.8618925831,5.3037974684,1
7545,63.0,561.0,3.9705882353,5.2429906542,1
7546,42.0,512.0,4.1050328228,6.0235294118,1
7547,47.0,511.0,3.6584158416,11.8837209302,1
7548,65.0,578.0,3.7937131631,6.0208333333,1
7549,46.0,429.0,4.0027027027,6.5,0
7550,36.0,362.0,3.9516616314,5.746031746,0
7551,58.0,571.0,4.0078277886,6.7176470588,0
7552,42.0,401.0,3.8743169399,4.950617284,0
7553,62.0,512.0,4.0248447205,5.0196078431,0
7554,38.0,393.0,3.9724517906,5.7794117647,1
7555,74.0,652.0,3.9757365685,5.7192982456,1
7556,92.0,633.0,3.9501718213,5.4568965517,1
7557,73.0,536.0,3.9534412955,4.4297520661,1
7558,55.0,373.0,4.0403726708,5.7384615385,1
7559,78.0,712.0,3.9223140496,6.5321100917,1
7560,85.0,653.0,3.8848797251,6.1028037383,1
7561,68.0,616.0,4.0160142349,6.0392156863,1
7562,61.0,622.0,3.9786476868,6.4791666667,1
7563,61.0,529.0,4.0392561983,4.8532110092,0
7564,53.0,556.0,3.8732394366,5.2952380952,1
7565,59.0,618.0,3.8872727273,5.7757009346,1
7566,55.0,541.0,3.8872651357,6.2906976744,0
7567,60.0,494.0,4.0807174888,5.0927835052,1
7568,65.0,657.0,4.0177935943,7.2197802198,1
7569,78.0,590.0,3.8901515152,5.1754385965,1
7570,76.0,712.0,4.0901771337,6.0338983051,1
7571,92.0,767.0,3.9815602837,5.8549618321,1
7572,61.0,648.0,3.8397887324,5.184,1
7573,54.0,470.0,4.25950783,5.4022988506,1
7574,56.0,568.0,3.8287401575,8.3529411765,1
7575,47.0,427.0,3.8672086721,7.1166666667,1
7576,50.0,555.0,3.8422131148,6.4534883721,1
7577,84.0,732.0,3.9049128368,6.8411214953,1
7578,52.0,499.0,4.1593886463,4.9405940594,1
7579,34.0,287.0,3.9230769231,5.74,0
7580,56.0,560.0,3.8242950108,5.7142857143,0
7581,55.0,483.0,4.0258823529,7.546875,1
7582,80.0,683.0,3.8986254296,5.6916666667,0
7583,60.0,440.0,3.8578431373,5.3658536585,1
7584,49.0,408.0,4.010989011,5.1,1
7585,54.0,391.0,4.1494252874,6.109375,1
7586,41.0,471.0,3.9950859951,7.1363636364,1
7587,53.0,493.0,3.7909090909,5.8,1
7588,47.0,432.0,3.8808933002,5.4,1
7589,36.0,352.0,4.0884146341,6.0689655172,1
7590,66.0,555.0,4.0603773585,6.3793103448,1
7591,38.0,433.0,3.7851458886,5.3456790123,1
7592,70.0,595.0,3.6955645161,5.5092592593,1
7593,53.0,549.0,3.9327548807,6.7777777778,1
7594,41.0,368.0,4.0457142857,5.4925373134,0
7595,56.0,516.0,4.1094736842,5.5483870968,1
7596,91.0,576.0,4.0320150659,5.1891891892,0
7597,12.0,122.0,3.8620689655,6.7777777778,0
7598,75.0,660.0,3.8368522073,6.6666666667,1
7599,63.0,492.0,3.951754386,4.6857142857,0
7600,37.0,389.0,3.8611898017,6.1746031746,0
7601,86.0,539.0,3.8234086242,6.0561797753,1
7602,46.0,330.0,3.8762541806,7.5,1
7603,44.0,329.0,3.9897610922,6.0925925926,1
7604,55.0,408.0,4.0372340426,5.9130434783,1
7605,38.0,450.0,3.6763848397,7.8947368421,1
7606,61.0,545.0,3.7565217391,5.989010989,1
7607,22.0,169.0,4.101910828,4.3333333333,1
7608,67.0,425.0,3.8740740741,5.0,0
7609,57.0,409.0,3.9864498645,5.602739726,1
7610,33.0,360.0,3.8684210526,5.5384615385,0
7611,76.0,472.0,4.0601851852,4.6732673267,1
7612,39.0,431.0,3.5514285714,7.6964285714,1
7613,31.0,249.0,4.1217391304,4.7884615385,0
7614,16.0,147.0,3.4444444444,7.0,1
7615,27.0,169.0,3.7692307692,6.76,0
7616,5.0,37.0,3.2692307692,18.5,0
7617,32.0,248.0,4.2334801762,6.8888888889,0
7618,65.0,482.0,3.9400921659,5.7380952381,1
7619,81.0,490.0,4.0551724138,5.9036144578,0
7620,17.0,114.0,4.2110091743,6.0,0
7621,63.0,472.0,4.0709382151,5.0212765957,1
7622,44.0,312.0,3.75,4.6567164179,1
7623,7.0,55.0,4.16,5.0,0
7624,15.0,177.0,4.2049689441,5.2058823529,1
7625,125.0,1192.0,3.1346801347,6.1443298969,1
7626,19.0,182.0,3.9760479042,7.28,0
7627,33.0,261.0,4.2255319149,7.6764705882,0
7628,28.0,235.0,3.8755760369,5.2222222222,1
7629,20.0,127.0,4.6272727273,4.5357142857,0
7630,36.0,293.0,4.2362204724,7.9189189189,1
7631,53.0,476.0,4.0873786408,6.8,0
7632,4.0,71.0,3.9285714286,8.875,1
7633,13.0,106.0,3.9367088608,13.25,0
7634,90.0,704.0,3.8013582343,10.0571428571,1
7635,27.0,177.0,3.6054421769,16.0909090909,0
7636,53.0,403.0,3.839673913,5.1012658228,1
7637,17.0,183.0,3.9363057325,6.7777777778,0
7638,25.0,148.0,3.5950413223,7.7894736842,0
7639,76.0,710.0,4.1464968153,7.2448979592,1
7640,84.0,804.0,4.0895522388,7.3090909091,1
7641,19.0,158.0,4.125,6.8695652174,1
7642,82.0,825.0,3.9220779221,7.1739130435,1
7643,31.0,261.0,4.281512605,5.6739130435,0
7644,77.0,724.0,3.6,9.4025974026,1
7645,58.0,586.0,3.1581508516,4.8032786885,0
7646,44.0,477.0,3.8607594937,9.1730769231,1
7647,65.0,649.0,4.0649606299,5.3636363636,1
7648,59.0,593.0,3.8953229399,7.4125,0
7649,76.0,659.0,3.9168141593,8.2375,0
7650,9.0,96.0,3.7682926829,6.4,0
7651,14.0,114.0,4.3137254902,6.0,1
7652,14.0,117.0,3.8414634146,7.3125,0
7653,68.0,567.0,3.8563535912,6.9146341463,0
7654,36.0,474.0,3.8127659574,4.4299065421,1
7655,63.0,362.0,4.16918429,5.8387096774,0
7656,64.0,430.0,3.8118556701,5.9722222222,0
7657,53.0,663.0,3.7853658537,6.375,0
7658,81.0,399.0,3.9020100503,6.435483871,0
7659,34.0,327.0,3.6842105263,6.4117647059,0
7660,33.0,676.0,3.7193877551,6.0900900901,0
7661,72.0,431.0,3.8779220779,7.3050847458,1
7662,55.0,538.0,4.2916666667,6.987012987,0
7663,54.0,671.0,3.7954911433,6.4519230769,0
7664,39.0,367.0,3.75,7.0576923077,0
7665,17.0,537.0,4.08477842,4.4016393443,0
7666,82.0,569.0,3.9117647059,7.024691358,1
7667,70.0,580.0,4.0779467681,6.4444444444,1
7668,54.0,385.0,4.0712401055,6.1111111111,0
7669,38.0,457.0,3.8287671233,6.3472222222,0
7670,82.0,419.0,4.1417112299,4.9294117647,0
7671,22.0,196.0,4.3774834437,9.3333333333,0
7672,50.0,428.0,4.0282485876,6.7936507937,0
7673,70.0,684.0,3.6447761194,5.34375,1
7674,39.0,435.0,3.8228438228,6.4925373134,0
7675,47.0,266.0,3.9673469388,6.1860465116,0
7676,10.0,256.0,3.7520325203,6.243902439,0
7677,48.0,474.0,3.9193205945,6.5833333333,0
7678,63.0,451.0,3.7791563275,7.775862069,0
7679,53.0,398.0,4.0376884422,6.8620689655,0
7680,39.0,398.0,3.9773869347,7.8039215686,1
7681,32.0,285.0,4.2581818182,6.0638297872,0
7682,53.0,482.0,4.056206089,8.3103448276,0
7683,88.0,711.0,3.8629148629,5.1897810219,0
7684,38.0,356.0,3.7932011331,4.6842105263,1
7685,41.0,300.0,4.2128378378,5.6603773585,0
7686,44.0,355.0,3.8101983003,7.1,1
7687,25.0,360.0,3.450310559,6.3157894737,1
7688,41.0,259.0,3.5930232558,4.7090909091,0
7689,78.0,521.0,3.843444227,5.9885057471,0
7690,119.0,560.0,4.0945674044,7.4666666667,1
7691,51.0,362.0,3.7718309859,5.0985915493,0
7692,58.0,517.0,3.9182389937,6.7142857143,0
7693,28.0,198.0,3.8947368421,7.92,0
7694,42.0,419.0,3.7994858612,4.9880952381,0
7695,56.0,426.0,4.0820895522,5.7567567568,1
7696,65.0,746.0,3.8328025478,8.2888888889,1
7697,117.0,903.0,4.2007481297,6.893129771,1
7698,63.0,523.0,4.031779661,7.5797101449,1
7699,69.0,554.0,3.8714555766,7.5890410959,0
7700,70.0,646.0,4.0188356164,8.5,1
7701,54.0,513.0,4.1920374707,8.2741935484,1
7702,77.0,696.0,4.2060702875,8.2857142857,1
7703,98.0,933.0,4.250965251,9.2376237624,1
7704,91.0,779.0,4.0367231638,8.2872340426,1
7705,58.0,513.0,4.047008547,6.4125,1
7706,58.0,453.0,3.8776978417,6.8636363636,1
7707,86.0,624.0,4.3117546848,6.3673469388,1
7708,69.0,612.0,4.1692573402,7.1162790698,1
7709,55.0,503.0,4.1129032258,8.3833333333,1
7710,62.0,593.0,4.2255639098,8.0135135135,1
7711,57.0,587.0,4.1479400749,6.4505494505,1
7712,79.0,588.0,4.4259927798,5.7087378641,1
7713,73.0,582.0,4.2106299213,8.0833333333,1
7714,77.0,662.0,3.7986463621,8.8266666667,1
7715,62.0,572.0,4.030075188,11.2156862745,1
7716,46.0,457.0,3.794188862,8.462962963,1
7717,82.0,803.0,4.1048632219,10.4285714286,1
7718,79.0,635.0,4.1825657895,7.1348314607,1
7719,38.0,328.0,4.2714776632,10.25,1
7720,43.0,461.0,4.0859375,10.2444444444,1
7721,84.0,717.0,4.2148260212,8.3372093023,1
7722,59.0,483.0,3.8427947598,6.2727272727,1
7723,82.0,589.0,4.0652173913,8.7910447761,1
7724,84.0,652.0,4.2898799314,9.0555555556,1
7725,63.0,543.0,4.0602910603,7.1447368421,1
7726,48.0,376.0,4.2352941176,10.7428571429,1
7727,56.0,431.0,4.3008595989,7.6964285714,1
7728,50.0,490.0,4.1739130435,12.8947368421,1
7729,64.0,617.0,3.9028960818,7.2588235294,1
7730,62.0,567.0,4.183127572,8.4626865672,1
7731,53.0,475.0,4.2428256071,7.9166666667,1
7732,48.0,393.0,4.0257879656,10.6216216216,1
7733,80.0,719.0,4.2156573117,8.7682926829,1
7734,94.0,721.0,4.0884557721,7.670212766,1
7735,58.0,622.0,3.6448979592,10.3666666667,1
7736,44.0,402.0,4.0537634409,7.7307692308,1
7737,52.0,466.0,4.161971831,7.7666666667,1
7738,47.0,521.0,4.1280193237,9.3035714286,1
7739,60.0,497.0,3.8187919463,7.5303030303,1
7740,43.0,477.0,4.039893617,9.3529411765,1
7741,72.0,554.0,4.0173745174,8.1470588235,1
7742,79.0,500.0,4.0967741935,7.6923076923,1
7743,56.0,466.0,4.1784897025,10.1304347826,1
7744,72.0,634.0,4.2027027027,7.8271604938,1
7745,56.0,466.0,4.1014851485,8.4727272727,1
7746,58.0,510.0,3.9811715481,12.1428571429,1
7747,66.0,551.0,4.1156716418,6.4823529412,1
7748,92.0,819.0,3.9893617021,7.5137614679,1
7749,74.0,694.0,4.0307692308,15.4222222222,1
7750,81.0,490.0,4.2246220302,8.0327868852,1
7751,87.0,695.0,3.9682779456,9.6527777778,1
7752,67.0,542.0,4.1137254902,8.0895522388,1
7753,92.0,709.0,4.0574886536,7.0198019802,1
7754,84.0,844.0,4.0147651007,8.1941747573,1
7755,56.0,507.0,3.9671457906,9.9411764706,1
7756,70.0,667.0,3.9043478261,11.5,1
7757,46.0,374.0,4.0317002882,6.6785714286,1
7758,108.0,912.0,4.2789855072,8.2162162162,1
7759,69.0,598.0,3.7965217391,7.2926829268,1
7760,51.0,528.0,4.2613168724,9.9622641509,1
7761,56.0,483.0,4.2405345212,8.186440678,1
7762,28.0,281.0,4.1704035874,14.7894736842,1
7763,56.0,482.0,3.9118942731,9.4509803922,1
7764,34.0,290.0,4.0912408759,8.7878787879,1
7765,58.0,521.0,3.8556485356,8.0153846154,1
7766,82.0,690.0,4.1074130106,8.023255814,1
7767,50.0,424.0,4.1361256545,7.3103448276,1
7768,75.0,537.0,4.2259414226,8.0149253731,1
7769,64.0,534.0,3.8498985801,8.7540983607,1
7770,63.0,644.0,3.9139784946,10.9152542373,1
7771,49.0,408.0,4.0434782609,5.5890410959,1
7772,64.0,659.0,4.2017699115,7.5747126437,1
7773,58.0,447.0,4.09375,7.3278688525,1
7774,46.0,487.0,4.0803782506,7.8548387097,1
7775,72.0,586.0,4.1927966102,8.7462686567,1
7776,23.0,200.0,4.3114754098,6.4516129032,1
7777,51.0,619.0,3.7400793651,21.3448275862,1
7778,62.0,472.0,4.1738148984,7.1515151515,1
7779,93.0,813.0,4.1575246132,7.5981308411,1
7780,53.0,550.0,3.995545657,10.0,1
7781,39.0,342.0,3.9018987342,6.84,1
7782,74.0,579.0,4.0873605948,12.5869565217,1
7783,70.0,583.0,3.9901768173,6.9404761905,1
7784,56.0,541.0,4.0533880903,8.453125,1
7785,42.0,391.0,4.3039772727,9.0930232558,1
7786,63.0,491.0,4.0448717949,7.5538461538,1
7787,47.0,419.0,4.27176781,8.7291666667,1
7788,39.0,337.0,4.0285714286,8.2195121951,1
7789,57.0,538.0,3.6783625731,6.3294117647,1
7790,35.0,325.0,4.1040268456,6.914893617,1
7791,66.0,566.0,4.1911764706,6.987654321,1
7792,47.0,480.0,4.0047619048,10.2127659574,1
7793,100.0,589.0,4.2531194296,7.0119047619,1
7794,71.0,698.0,3.8452950558,7.8426966292,1
7795,49.0,485.0,4.0411255411,8.6607142857,1
7796,79.0,728.0,4.0032414911,9.5789473684,1
7797,47.0,433.0,4.2840095465,6.9838709677,1
7798,72.0,600.0,3.9119170984,6.3157894737,1
7799,41.0,410.0,3.932642487,7.7358490566,1
7800,60.0,459.0,3.9883990719,5.1573033708,1
7801,87.0,620.0,4.2426470588,11.2727272727,1
7802,47.0,319.0,4.2814569536,6.7872340426,1
7803,66.0,668.0,4.0280065898,8.2469135802,1
7804,33.0,305.0,3.9350180505,10.1666666667,1
7805,51.0,551.0,4.0355648536,8.8870967742,1
7806,56.0,636.0,3.6759259259,9.3529411765,1
7807,71.0,550.0,4.0928030303,7.6388888889,1
7808,92.0,937.0,4.0506329114,8.7570093458,1
7809,26.0,249.0,4.1071428571,9.96,1
7810,66.0,566.0,4.37109375,8.2028985507,1
7811,45.0,395.0,4.0296495957,7.9,1
7812,48.0,434.0,4.1459854015,7.4827586207,1
7813,109.0,758.0,4.1895043732,7.0185185185,1
7814,32.0,294.0,3.9485294118,9.1875,1
7815,48.0,404.0,4.1591511936,8.4166666667,1
7816,25.0,97.0,4.3076923077,10.7777777778,1
7817,43.0,337.0,4.1225806452,12.9615384615,1
7818,64.0,498.0,4.111827957,8.3,1
7819,60.0,672.0,3.8859375,7.3846153846,1
7820,48.0,323.0,4.2532894737,8.5,1
7821,58.0,475.0,4.1401869159,6.6901408451,1
7822,61.0,536.0,4.0100603622,8.7868852459,1
7823,53.0,414.0,4.2185929648,7.3928571429,1
7824,52.0,410.0,4.0765306122,9.1111111111,1
7825,59.0,505.0,3.9564315353,9.5283018868,1
7826,55.0,447.0,4.4029850746,7.8421052632,1
7827,51.0,397.0,4.3951612903,7.7843137255,1
7828,49.0,358.0,4.1959654179,11.5483870968,1
7829,11.0,94.0,3.6781609195,94.0,1
7830,55.0,434.0,4.0095011876,6.1126760563,1
7831,65.0,388.0,4.1462765957,8.6222222222,1
7832,50.0,447.0,4.0923787529,7.9821428571,1
7833,5.0,32.0,4.8387096774,32.0,1
7834,37.0,297.0,4.0223880597,6.75,1
7835,33.0,231.0,4.092920354,7.9655172414,1
7836,36.0,349.0,3.9247648903,8.9487179487,1
7837,73.0,626.0,3.9018932874,7.7283950617,1
7838,48.0,395.0,4.1694444444,8.2291666667,1
7839,98.0,455.0,4.2511013216,7.7118644068,1
7840,58.0,404.0,3.9381443299,7.9215686275,1
7841,67.0,651.0,4.0268456376,6.3203883495,1
7842,34.0,323.0,4.2977346278,7.8780487805,1
7843,1.0,3.0,9.6666666667,0.0,0
7844,18.0,164.0,3.691588785,7.4545454545,1
7845,54.0,542.0,4.2256728778,7.3243243243,1
7846,24.0,391.0,3.9830985915,7.1090909091,1
7847,74.0,534.0,4.2673076923,6.675,1
7848,51.0,301.0,4.1146953405,7.9210526316,1
7849,76.0,800.0,3.6993288591,6.015037594,1
7850,7.0,56.0,4.0204081633,9.3333333333,1
7851,84.0,622.0,4.4825046041,14.1363636364,1
7852,72.0,681.0,3.9336492891,7.0206185567,1
7853,34.0,332.0,3.7935483871,7.3777777778,1
7854,4.0,353.0,3.9038461538,9.2894736842,1
7855,29.0,188.0,4.1896551724,9.8947368421,1
7856,46.0,391.0,4.1095505618,8.5,1
7857,56.0,441.0,3.914893617,6.890625,1
7858,17.0,197.0,3.9106145251,197.0,1
7859,26.0,194.0,3.9820359281,9.2380952381,1
7860,15.0,138.0,3.8387096774,138.0,1
7861,11.0,71.0,4.5873015873,5.9166666667,1
7862,18.0,116.0,3.625,6.8235294118,1
7863,1.0,19.0,4.2857142857,19.0,1
7864,1.0,4.0,7.5,0.0,0
7865,13.0,54.0,4.26,27.0,1
7866,110.0,1015.0,3.7693236715,8.2520325203,0
7867,74.0,570.0,3.9826254826,6.0638297872,1
7868,55.0,716.0,3.7564102564,8.3255813953,1
7869,74.0,598.0,4.199195171,7.2048192771,1
7870,68.0,571.0,4.0461538462,6.9634146341,1
7871,68.0,617.0,3.8822463768,6.1089108911,1
7872,138.0,1137.0,3.7069672131,8.4222222222,1
7873,67.0,554.0,3.9107505071,8.65625,1
7874,37.0,334.0,3.9052631579,7.9523809524,0
7875,74.0,581.0,4.0997920998,7.6447368421,1
7876,59.0,445.0,3.7304964539,6.953125,1
7877,75.0,665.0,4.0890410959,7.4719101124,1
7878,55.0,497.0,4.0680272109,14.2,1
7879,87.0,770.0,4.208774584,10.2666666667,1
7880,53.0,430.0,3.9222797927,5.0,1
7881,76.0,733.0,3.7565359477,8.2359550562,1
7882,66.0,658.0,3.7864271457,9.4,1
7883,76.0,645.0,3.7909270217,9.347826087,1
7884,38.0,383.0,3.8078175896,8.1489361702,1
7885,73.0,557.0,3.8491295938,7.3289473684,1
7886,55.0,456.0,3.7352245863,6.7058823529,1
7887,78.0,763.0,3.9113924051,7.63,1
7888,49.0,387.0,3.7352112676,6.2419354839,1
7889,68.0,574.0,4.0914396887,6.4494382022,0
7890,74.0,620.0,3.7724957555,5.8490566038,1
7891,64.0,660.0,4.1003937008,9.2957746479,0
7892,49.0,411.0,4.078125,5.2692307692,0
7893,56.0,644.0,3.9016393443,8.5866666667,1
7894,66.0,634.0,4.0998043053,8.3421052632,1
7895,62.0,516.0,4.0819672131,7.9384615385,1
7896,44.0,473.0,3.3785046729,4.637254902,1
7897,48.0,469.0,3.9561643836,9.1960784314,1
7898,45.0,396.0,4.3014084507,7.92,1
7899,60.0,701.0,3.8272552783,17.525,1
7900,69.0,564.0,3.9979423868,6.0,0
7901,57.0,422.0,4.2994652406,8.612244898,1
7902,58.0,565.0,3.8168421053,9.9122807018,1
7903,58.0,458.0,4.374025974,8.3272727273,1
7904,43.0,420.0,4.0280898876,9.3333333333,1
7905,61.0,576.0,3.8979591837,9.0,1
7906,48.0,490.0,3.7337662338,6.2820512821,1
7907,37.0,320.0,3.9209621993,5.9259259259,0
7908,83.0,676.0,3.8025477707,5.7288135593,1
7909,64.0,537.0,3.837944664,5.59375,0
7910,80.0,553.0,4.1882352941,8.9193548387,1
7911,23.0,231.0,3.8989361702,7.9655172414,1
7912,58.0,515.0,4.031512605,6.4375,0
7913,56.0,514.0,3.9083503055,5.1919191919,0
7914,63.0,576.0,4.0168224299,7.2,1
7915,43.0,399.0,3.7554347826,7.0,1
7916,32.0,265.0,3.9919354839,6.7948717949,1
7917,48.0,383.0,4.1151685393,7.2264150943,1
7918,32.0,266.0,4.3640167364,7.6,0
7919,51.0,438.0,4.1727493917,4.8666666667,0
7920,95.0,690.0,3.8484375,7.9310344828,1
7921,47.0,416.0,4.1857506361,10.4,1
7922,32.0,245.0,4.0669856459,9.8,1
7923,67.0,630.0,3.9010067114,6.1764705882,1
7924,26.0,218.0,3.7878787879,7.7857142857,1
7925,69.0,566.0,4.2788461538,5.2897196262,1
7926,89.0,712.0,3.6783625731,5.1594202899,1
7927,86.0,750.0,3.9407514451,6.4102564103,1
7928,72.0,648.0,3.7641025641,6.2307692308,1
7929,21.0,223.0,3.8457446809,8.5769230769,1
7930,57.0,550.0,3.967611336,7.3333333333,0
7931,52.0,417.0,4.1544502618,6.95,1
7932,73.0,715.0,3.8579881657,5.72,1
7933,27.0,256.0,3.9571428571,9.1428571429,1
7934,69.0,589.0,3.9684763573,6.402173913,1
7935,75.0,625.0,4.1854419411,6.5789473684,1
7936,48.0,489.0,3.8389261745,5.4943820225,1
7937,69.0,597.0,3.8793418647,8.2916666667,1
7938,22.0,208.0,3.8852459016,6.5,0
7939,51.0,455.0,4.1846522782,7.9824561404,1
7940,105.0,867.0,3.7512019231,5.2228915663,1
7941,64.0,576.0,3.9926605505,5.8181818182,1
7942,85.0,744.0,3.880952381,7.3663366337,1
7943,49.0,375.0,4.148255814,6.3559322034,1
7944,82.0,784.0,3.9576023392,5.4444444444,1
7945,42.0,414.0,3.9644808743,8.1176470588,1
7946,57.0,505.0,3.7926565875,8.0158730159,1
7947,23.0,198.0,3.9090909091,6.6,1
7948,64.0,633.0,3.9162393162,5.4568965517,1
7949,36.0,341.0,3.996875,7.75,1
7950,75.0,612.0,4.3199300699,6.652173913,1
7951,63.0,531.0,4.1991786448,6.6375,1
7952,87.0,538.0,4.2003968254,9.4385964912,1
7953,81.0,690.0,4.0272435897,6.8316831683,1
7954,47.0,378.0,4.3011363636,5.25,0
7955,38.0,350.0,3.8076923077,6.6037735849,0
7956,41.0,431.0,4.0305555556,6.734375,1
7957,47.0,519.0,3.9455782313,8.5081967213,1
7958,30.0,241.0,4.1549295775,8.3103448276,1
7959,48.0,427.0,3.8682795699,4.8522727273,1
7960,10.0,43.0,4.225,43.0,1
7961,18.0,153.0,4.2941176471,7.65,1
7962,56.0,475.0,4.0532407407,8.0508474576,1
7963,16.0,148.0,4.102189781,9.25,1
7964,32.0,315.0,4.0625,6.4285714286,1
7965,58.0,593.0,4.1271676301,5.5420560748,1
7966,27.0,188.0,4.4175824176,5.696969697,1
7967,32.0,284.0,4.2727272727,7.4736842105,1
7968,67.0,501.0,3.8653421634,7.5909090909,1
7969,38.0,370.0,3.9053254438,5.873015873,1
7970,44.0,371.0,4.1546961326,6.5087719298,1
7971,23.0,174.0,4.2,6.6923076923,1
7972,54.0,432.0,4.1475,6.447761194,1
7973,16.0,150.0,4.0571428571,10.0,1
7974,55.0,443.0,3.9367088608,6.5147058824,1
7975,38.0,304.0,4.2454212454,9.8064516129,1
7976,69.0,581.0,4.1297297297,4.7235772358,1
7977,20.0,177.0,4.0641025641,8.4285714286,1
7978,39.0,348.0,3.7974683544,6.3272727273,1
7979,40.0,339.0,3.759375,4.4025974026,1
7980,34.0,241.0,3.4711538462,6.5135135135,0
7981,38.0,327.0,4.0,8.6052631579,0
7982,59.0,358.0,3.5953079179,4.9722222222,1
7983,51.0,467.0,3.4527027027,5.9871794872,1
7984,52.0,371.0,3.9944903581,5.7076923077,0
7985,61.0,551.0,3.7444444444,7.9855072464,1
7986,56.0,390.0,3.7245989305,6.2903225806,1
7987,53.0,490.0,4.1951807229,8.3050847458,0
7988,68.0,572.0,3.7905282332,5.2962962963,1
7989,54.0,340.0,3.853820598,6.2962962963,0
7990,46.0,335.0,3.8664596273,4.4078947368,0
7991,51.0,294.0,3.8068181818,5.3454545455,1
7992,37.0,336.0,3.7852564103,7.1489361702,0
7993,66.0,601.0,3.9963768116,5.8349514563,1
7994,62.0,535.0,4.0266393443,6.4457831325,1
7995,46.0,371.0,3.9117647059,7.1346153846,0
7996,51.0,298.0,4.08,6.9302325581,0
7997,20.0,160.0,3.9873417722,5.3333333333,0
7998,59.0,327.0,3.6100628931,6.4117647059,0
7999,41.0,391.0,3.6459459459,5.75,1
8000,74.0,772.0,3.9288702929,5.5142857143,1
8001,72.0,549.0,3.7907949791,6.3837209302,1
8002,36.0,294.0,4.4344569288,4.7419354839,0
8003,46.0,323.0,4.110738255,5.9814814815,0
8004,46.0,351.0,3.7673716012,6.6226415094,0
8005,56.0,488.0,3.7041036717,6.024691358,1
8006,55.0,329.0,4.1401273885,5.4833333333,0
8007,30.0,201.0,3.7540106952,5.2894736842,0
8008,73.0,350.0,4.245508982,6.6037735849,0
8009,77.0,847.0,3.5883940621,7.8425925926,1
8010,44.0,298.0,4.0106382979,5.4181818182,0
8011,56.0,527.0,3.9911308204,6.9342105263,1
8012,62.0,396.0,3.7857142857,5.5,1
8013,45.0,365.0,4.0952380952,6.8867924528,0
8014,47.0,273.0,4.2648221344,4.3333333333,0
8015,32.0,289.0,4.03125,6.0208333333,0
8016,38.0,277.0,3.856,6.756097561,0
8017,34.0,217.0,3.5769230769,5.2926829268,0
8018,34.0,171.0,3.65,5.5161290323,0
8019,42.0,236.0,3.4763948498,4.0689655172,1
8020,60.0,541.0,3.891221374,5.9450549451,1
8021,67.0,494.0,4.0137931034,6.8611111111,1
8022,88.0,588.0,3.8519163763,4.5581395349,0
8023,38.0,355.0,3.850931677,6.9607843137,1
8024,44.0,352.0,3.8985074627,5.0285714286,0
8025,50.0,367.0,3.7476923077,4.6455696203,0
8026,39.0,338.0,3.8823529412,6.1454545455,1
8027,32.0,248.0,3.9650655022,4.5925925926,0
8028,58.0,427.0,3.4781491003,9.2826086957,1
8029,57.0,484.0,4.2114942529,8.4912280702,0
8030,22.0,128.0,4.0236220472,6.4,0
8031,18.0,81.0,4.3670886076,8.1,0
8032,51.0,275.0,3.6222222222,7.4324324324,0
8033,64.0,578.0,3.6830708661,6.5681818182,1
8034,57.0,423.0,3.5162907268,5.2875,0
8035,50.0,502.0,3.8350730689,8.0967741935,1
8036,84.0,684.0,4.1506410256,6.2181818182,1
8037,49.0,389.0,4.0687679083,6.1746031746,0
8038,58.0,307.0,3.9803278689,4.9516129032,0
8039,61.0,446.0,3.5726027397,7.1935483871,0
8040,47.0,320.0,3.7209302326,4.7058823529,0
8041,37.0,284.0,3.9141791045,5.1636363636,0
8042,44.0,393.0,3.7054054054,4.8518518519,0
8043,50.0,414.0,3.8888888889,7.3928571429,0
8044,40.0,325.0,3.8581081081,7.3863636364,0
8045,42.0,238.0,3.6666666667,5.6666666667,0
8046,27.0,223.0,3.49,7.4333333333,0
8047,42.0,296.0,3.442804428,8.9696969697,0
8048,45.0,373.0,3.9473684211,5.4057971014,0
8049,51.0,407.0,4.0350877193,6.359375,1
8050,45.0,385.0,3.3824362606,8.1914893617,0
8051,44.0,350.0,4.0507936508,6.6037735849,1
8052,30.0,205.0,3.9137055838,5.2564102564,0
8053,56.0,494.0,4.0271493213,6.175,1
8054,69.0,535.0,3.8931451613,6.2941176471,1
8055,58.0,272.0,4.037593985,6.9743589744,0
8056,33.0,305.0,4.1694214876,5.9803921569,1
8057,57.0,310.0,3.4983277592,4.6268656716,0
8058,40.0,366.0,4.2258064516,4.7532467532,0
8059,49.0,544.0,3.7630057803,7.661971831,1
8060,64.0,449.0,3.4027777778,4.8804347826,0
8061,45.0,257.0,3.9512195122,5.5869565217,1
8062,55.0,306.0,3.6953642384,5.8846153846,1
8063,62.0,397.0,4.1601123596,4.8414634146,0
8064,44.0,329.0,3.80625,6.8541666667,0
8065,75.0,788.0,3.5891677675,4.8944099379,1
8066,74.0,766.0,3.7931034483,5.3943661972,1
8067,63.0,489.0,4.3080357143,6.1898734177,1
8068,55.0,383.0,3.9860335196,4.7875,0
8069,51.0,377.0,3.9813664596,7.25,0
8070,107.0,1013.0,3.9727463312,7.3405797101,1
8071,57.0,508.0,3.9824561404,7.0555555556,1
8072,47.0,393.0,3.372972973,6.4426229508,0
8073,42.0,241.0,3.9385964912,5.8780487805,1
8074,69.0,472.0,3.7023554604,4.9684210526,0
8075,56.0,488.0,3.8607594937,6.1,1
8076,26.0,213.0,3.8556701031,5.1951219512,0
8077,58.0,390.0,3.8571428571,6.0,0
8078,50.0,300.0,4.190647482,4.4117647059,0
8079,31.0,301.0,4.0823970037,5.4727272727,1
8080,50.0,438.0,4.4,8.4230769231,1
8081,57.0,450.0,4.0117924528,6.0810810811,1
8082,35.0,195.0,3.8578947368,4.875,0
8083,60.0,328.0,3.596875,6.0740740741,0
8084,67.0,542.0,4.0118577075,6.4523809524,1
8085,73.0,344.0,4.2848484848,6.4905660377,0
8086,32.0,226.0,3.8411214953,6.4571428571,0
8087,46.0,359.0,3.7425149701,7.6382978723,0
8088,39.0,324.0,3.6862745098,6.612244898,0
8089,48.0,408.0,4.0679347826,6.9152542373,1
8090,42.0,300.0,3.7534722222,5.6603773585,0
8091,71.0,742.0,4.0680173661,4.2159090909,1
8092,76.0,575.0,3.9436090226,6.6860465116,1
8093,65.0,425.0,4.0951156812,5.6666666667,0
8094,51.0,396.0,3.9587628866,6.8275862069,1
8095,44.0,368.0,3.9428571429,7.6666666667,0
8096,51.0,425.0,3.9491094148,7.7272727273,1
8097,59.0,333.0,4.0673400673,6.0545454545,0
8098,42.0,275.0,3.4980842912,8.3333333333,0
8099,33.0,216.0,3.8019323671,6.3529411765,1
8100,40.0,276.0,3.8588709677,10.2222222222,1
8101,33.0,264.0,3.4279661017,6.9473684211,0
8102,49.0,399.0,4.7355371901,7.98,1
8103,29.0,240.0,3.8777292576,5.8536585366,1
8104,30.0,203.0,4.0923913043,5.9705882353,0
8105,7.0,97.0,3.7536231884,8.8181818182,0
8106,47.0,339.0,3.8646153846,4.4605263158,0
8107,34.0,237.0,3.3838862559,7.40625,0
8108,36.0,312.0,4.1770491803,7.6097560976,1
8109,54.0,360.0,3.9827586207,4.5569620253,0
8110,48.0,367.0,4.147632312,6.4385964912,1
8111,55.0,329.0,3.6412698413,5.2222222222,1
8112,57.0,618.0,3.7009708738,6.6451612903,1
8113,58.0,520.0,3.6951754386,7.6470588235,0
8114,55.0,530.0,4.0315533981,6.8831168831,1
8115,54.0,503.0,3.5517241379,6.9861111111,1
8116,46.0,392.0,3.8134556575,9.5609756098,1
8117,52.0,521.0,3.8415417559,6.2771084337,1
8118,65.0,666.0,3.6517509728,10.40625,1
8119,96.0,802.0,4.0324963072,7.786407767,1
8120,88.0,664.0,3.9418416801,7.4606741573,1
8121,1.0,16.0,5.9230769231,0.0,0
8122,32.0,311.0,3.6834532374,311.0,0
8123,9.0,78.0,4.6714285714,13.0,1
8124,47.0,376.0,3.5226586103,94.0,0
8125,1.0,5.0,8.6,0.0,0
8126,9.0,27.0,4.1111111111,6.75,1
8127,1.0,6.0,8.1666666667,0.0,0
8128,1.0,7.0,6.7142857143,0.0,0
8129,1.0,5.0,7.2,0.0,0
8130,1.0,6.0,7.0,0.0,0
8131,1.0,5.0,8.0,0.0,0
8132,1.0,7.0,6.0,0.0,0
8133,40.0,415.0,3.8874680307,4.7159090909,0
8134,1.0,4.0,9.0,0.0,0
8135,1.0,5.0,7.4,0.0,0
8136,1.0,4.0,9.25,0.0,0
8137,1.0,6.0,5.8333333333,0.0,0
8138,1.0,6.0,6.3333333333,0.0,0
8139,1.0,7.0,5.8571428571,0.0,0
8140,1.0,5.0,7.4,0.0,0
8141,1.0,5.0,9.0,0.0,0
8142,1.0,4.0,7.75,0.0,0
8143,1.0,7.0,5.5714285714,0.0,0
8144,1.0,4.0,8.0,0.0,0
8145,1.0,4.0,10.0,0.0,0
8146,1.0,4.0,10.5,0.0,0
8147,1.0,5.0,7.4,0.0,0
8148,1.0,4.0,10.25,0.0,0
8149,1.0,8.0,7.1666666667,0.0,0
8150,1.0,7.0,9.4,0.0,0
8151,45.0,523.0,3.9940357853,6.1529411765,0
8152,120.0,1069.0,4.2550415184,7.5281690141,1
8153,71.0,624.0,3.9081632653,8.4324324324,1
8154,96.0,684.0,4.0633802817,7.0515463918,1
8155,58.0,532.0,3.9568181818,8.7213114754,1
8156,58.0,503.0,3.7590361446,9.6730769231,1
8157,62.0,630.0,3.8345588235,6.1165048544,1
8158,107.0,1009.0,3.7957559682,9.0900900901,1
8159,86.0,739.0,3.6284329564,6.5982142857,1
8160,108.0,1115.0,3.9188571429,9.0650406504,1
8161,87.0,879.0,3.9658119658,8.0642201835,1
8162,43.0,403.0,4.1257861635,8.9555555556,1
8163,61.0,592.0,4.23798627,11.6078431373,1
8164,70.0,532.0,4.2924107143,8.1846153846,1
8165,59.0,556.0,3.8147268409,10.6923076923,1
8166,83.0,615.0,4.0898661568,7.8846153846,1
8167,55.0,436.0,3.7192118227,6.2285714286,1
8168,76.0,649.0,4.2731182796,14.4222222222,1
8169,91.0,824.0,3.8902077151,8.1584158416,1
8170,93.0,862.0,3.6992907801,8.2884615385,1
8171,54.0,375.0,3.9138888889,6.0483870968,1
8172,61.0,534.0,4.0571428571,11.3617021277,1
8173,62.0,504.0,3.8486140725,6.904109589,1
8174,59.0,542.0,4.3688362919,10.6274509804,1
8175,55.0,483.0,3.9370932755,6.44,1
8176,68.0,608.0,4.0020920502,11.0545454545,1
8177,67.0,592.0,4.1841541756,7.4,1
8178,59.0,502.0,4.3961456103,7.1714285714,1
8179,65.0,624.0,3.8868274583,9.3134328358,1
8180,71.0,638.0,3.94921875,7.3333333333,1
8181,61.0,536.0,3.8431372549,11.9111111111,1
8182,54.0,418.0,4.1878306878,7.2068965517,1
8183,39.0,432.0,4.0976331361,8.8163265306,1
8184,73.0,531.0,3.5440806045,8.85,1
8185,63.0,583.0,4.032586558,8.3285714286,1
8186,44.0,451.0,4.3085714286,11.5641025641,1
8187,61.0,542.0,3.9577464789,8.2121212121,1
8188,68.0,662.0,3.870259481,7.6976744186,1
8189,44.0,315.0,3.9595959596,6.0576923077,1
8190,38.0,349.0,3.8984126984,7.1224489796,1
8191,57.0,514.0,4.0220588235,10.28,1
8192,77.0,572.0,4.4136460554,11.0,1
8193,77.0,827.0,4.1347826087,8.27,1
8194,36.0,364.0,3.8726708075,8.0888888889,1
8195,42.0,396.0,4.3518518519,7.6153846154,0
8196,77.0,820.0,4.1381381381,8.2828282828,1
8197,127.0,1199.0,3.8489065606,5.7368421053,1
8198,51.0,564.0,3.9479905437,9.0967741935,1
8199,50.0,437.0,3.875,7.5344827586,1
8200,62.0,659.0,4.0910973085,8.5584415584,1
8201,66.0,357.0,4.0890410959,9.6486486486,1
8202,58.0,601.0,3.3040935673,10.186440678,1
8203,56.0,486.0,3.8959810875,5.7857142857,1
8204,52.0,454.0,3.7708894879,7.2063492063,1
8205,46.0,459.0,4.0142045455,11.7692307692,1
8206,65.0,657.0,3.8429118774,8.76,1
8207,61.0,614.0,4.2531194296,6.8222222222,1
8208,45.0,472.0,3.9640449438,8.7407407407,1
8209,29.0,346.0,3.9490909091,9.3513513514,1
8210,64.0,549.0,4.0658436214,6.3103448276,0
8211,57.0,532.0,3.9975308642,10.0377358491,1
8212,27.0,288.0,3.9686098655,8.2285714286,1
8213,86.0,579.0,3.9955947137,13.7857142857,1
8214,55.0,466.0,3.9977272727,6.8529411765,1
8215,76.0,708.0,3.9174147217,9.9718309859,1
8216,56.0,597.0,3.7805907173,8.652173913,1
8217,88.0,774.0,3.8751677852,6.6153846154,1
8218,61.0,756.0,3.5744680851,10.5,1
8219,64.0,440.0,4.0176322418,8.8,1
8220,73.0,760.0,3.9496855346,8.0,1
8221,50.0,447.0,3.9551451187,8.5961538462,1
8222,81.0,912.0,3.7889039242,8.523364486,1
8223,72.0,705.0,4.1839258114,7.4210526316,1
8224,72.0,624.0,3.8226086957,6.8571428571,1
8225,47.0,393.0,3.9625360231,5.7794117647,0
8226,39.0,361.0,4.0412698413,6.9423076923,1
8227,62.0,426.0,4.2409326425,6.8709677419,1
8228,49.0,541.0,4.0457256461,6.8481012658,1
8229,75.0,779.0,3.8392554992,8.8522727273,1
8230,77.0,697.0,3.9944547135,10.7230769231,1
8231,38.0,500.0,3.7340720222,9.6153846154,1
8232,46.0,579.0,3.8157303371,9.9827586207,1
8233,42.0,416.0,3.9743589744,8.4897959184,1
8234,59.0,761.0,3.6925619835,8.4555555556,1
8235,48.0,542.0,4.4293333333,13.55,1
8236,84.0,631.0,3.9240986717,7.8875,1
8237,95.0,699.0,4.1628264209,9.8450704225,0
8238,39.0,414.0,4.2476190476,12.1764705882,1
8239,55.0,583.0,3.8948497854,8.7014925373,1
8240,66.0,565.0,4.1795366795,6.3483146067,1
8241,276.0,2365.0,4.16917111,7.5318471338,1
8242,57.0,451.0,4.0024154589,5.0674157303,1
8243,34.0,356.0,3.5182481752,10.1714285714,1
8244,46.0,509.0,4.1794871795,8.9298245614,1
8245,46.0,419.0,3.7844827586,7.6181818182,1
8246,51.0,445.0,4.176744186,6.5441176471,1
8247,25.0,207.0,4.2941176471,8.28,1
8248,76.0,712.0,3.9583333333,9.2467532468,1
8249,62.0,531.0,4.2142857143,6.4756097561,1
8250,65.0,609.0,3.8925619835,7.0,1
8251,205.0,1532.0,4.0589060309,6.128,1
8252,36.0,407.0,3.8990536278,9.6904761905,1
8253,50.0,437.0,4.0892307692,8.2452830189,1
8254,47.0,539.0,3.6551724138,7.8115942029,1
8255,56.0,628.0,4.0222717149,9.2352941176,0
8256,67.0,620.0,4.2441077441,7.2093023256,1
8257,57.0,641.0,3.7523992322,6.6770833333,1
8258,75.0,573.0,4.006,9.8793103448,1
8259,40.0,288.0,3.9379844961,7.0243902439,1
8260,57.0,486.0,4.3231132075,6.9428571429,1
8261,55.0,488.0,3.9530201342,7.746031746,1
8262,81.0,839.0,3.934114202,6.5546875,1
8263,83.0,666.0,3.9056261343,6.0545454545,1
8264,66.0,555.0,3.8795918367,6.4534883721,1
8265,87.0,634.0,3.5536062378,7.7317073171,1
8266,326.0,2949.0,4.0814126394,6.6568848758,1
8267,93.0,605.0,3.9581818182,9.1666666667,1
8268,82.0,563.0,4.0021367521,5.9893617021,1
8269,62.0,548.0,4.10625,7.6111111111,1
8270,62.0,649.0,3.9419014085,6.3009708738,1
8271,66.0,621.0,4.2173076923,9.2686567164,1
8272,234.0,2245.0,4.1525507677,7.8496503497,1
8273,46.0,341.0,4.0841423948,7.2553191489,0
8274,59.0,490.0,4.2558139535,7.1014492754,1
8275,71.0,416.0,4.1082474227,10.1463414634,1
8276,234.0,2232.0,4.0764423077,7.2941176471,1
8277,55.0,504.0,3.7036082474,7.6363636364,1
8278,79.0,717.0,4.0267716535,6.7009345794,1
8279,67.0,400.0,3.9691876751,10.0,1
8280,53.0,503.0,4.1891304348,6.9861111111,1
8281,178.0,1677.0,3.9698558322,6.4749034749,1
8282,43.0,437.0,3.9277456647,11.8108108108,1
8283,57.0,577.0,3.8714011516,6.632183908,1
8284,59.0,598.0,4.0537634409,5.98,1
8285,65.0,507.0,4.0294117647,7.5671641791,0
8286,77.0,682.0,4.0230263158,8.3170731707,1
8287,104.0,1095.0,3.6755102041,7.7659574468,1
8288,34.0,337.0,4.1148648649,6.74,1
8289,156.0,1365.0,4.1016129032,7.0725388601,1
8290,51.0,457.0,4.318501171,5.858974359,1
8291,37.0,213.0,4.1510416667,7.8888888889,1
8292,51.0,519.0,3.9139072848,8.5081967213,0
8293,76.0,611.0,4.1829484902,5.932038835,1
8294,36.0,304.0,4.4538461538,3.8481012658,1
8295,137.0,1154.0,3.9714285714,6.0418848168,1
8296,106.0,941.0,3.9602272727,6.0320512821,1
8297,76.0,708.0,4.1710323575,7.9550561798,1
8298,34.0,300.0,4.2482014388,6.3829787234,1
8299,82.0,491.0,3.9496855346,7.2205882353,1
8300,50.0,542.0,4.041749503,6.775,1
8301,34.0,304.0,4.1649122807,5.9607843137,1
8302,92.0,694.0,4.0375,5.8319327731,1
8303,105.0,777.0,4.1759776536,6.5294117647,1
8304,47.0,392.0,4.4122340426,4.5581395349,0
8305,84.0,660.0,4.071192053,6.2264150943,1
8306,99.0,783.0,3.8349928876,7.25,1
8307,17.0,145.0,4.023255814,6.9047619048,1
8308,55.0,387.0,4.5564516129,6.1428571429,0
8309,72.0,684.0,3.7056,6.640776699,1
8310,43.0,372.0,4.0090909091,8.6511627907,1
8311,55.0,547.0,3.8962818004,5.1603773585,1
8312,29.0,287.0,3.8413284133,7.5526315789,1
8313,70.0,622.0,4.0817391304,5.8679245283,1
8314,82.0,501.0,3.7525987526,4.6388888889,1
8315,21.0,145.0,4.1550387597,7.6315789474,0
8316,48.0,403.0,4.1256544503,6.7166666667,1
8317,45.0,315.0,4.095890411,8.5135135135,1
8318,46.0,359.0,4.262195122,8.975,1
8319,24.0,176.0,4.2763157895,6.2857142857,1
8320,53.0,389.0,4.1223880597,8.4565217391,1
8321,59.0,660.0,4.2942345924,660.0,1
8322,78.0,508.0,3.8774617068,6.1204819277,1
8323,78.0,1055.0,4.1817010309,10.2427184466,1
8324,116.0,589.0,4.1441281139,5.5046728972,0
8325,51.0,363.0,3.9714285714,11.7096774194,1
8326,72.0,466.0,4.5060827251,5.5476190476,1
8327,109.0,723.0,4.0203488372,7.1584158416,1
8328,84.0,1052.0,4.6210153483,10.3137254902,1
8329,61.0,433.0,4.2825552826,6.6615384615,0
8330,83.0,651.0,3.7267552182,5.7610619469,1
8331,66.0,537.0,4.0155339806,6.4698795181,1
8332,77.0,827.0,3.4614035088,14.0169491525,1
8333,129.0,824.0,4.0652818991,7.2280701754,1
8334,62.0,628.0,3.4383838384,8.3733333333,1
8335,44.0,303.0,4.2781690141,7.575,0
8336,48.0,302.0,4.1684981685,8.1621621622,0
8337,65.0,430.0,4.1096256684,4.9425287356,0
8338,118.0,812.0,3.7413793103,4.5617977528,1
8339,85.0,647.0,3.9263565891,12.94,1
8340,52.0,465.0,4.328125,12.9166666667,1
8341,73.0,608.0,3.6069364162,12.6666666667,0
8342,66.0,464.0,3.927184466,5.3953488372,1
8343,103.0,795.0,3.7164804469,5.0,0
8344,58.0,401.0,3.5802469136,8.7173913043,0
8345,86.0,490.0,4.0851581509,6.5333333333,0
8346,70.0,662.0,3.8058076225,8.275,1
8347,73.0,520.0,4.168699187,5.5319148936,0
8348,66.0,534.0,3.8481012658,7.7391304348,0
8349,76.0,539.0,3.9901768173,4.7699115044,0
8350,71.0,435.0,3.612565445,5.3703703704,0
8351,50.0,446.0,3.9539641944,5.2470588235,1
8352,44.0,447.0,3.754950495,8.7647058824,1
8353,48.0,286.0,4.2606837607,8.1714285714,0
8354,79.0,654.0,3.8227194492,10.21875,1
8355,70.0,680.0,3.9194214876,9.8550724638,1
8356,122.0,743.0,4.0854700855,5.2695035461,1
8357,90.0,702.0,4.2186440678,6.8155339806,1
8358,63.0,534.0,3.9937888199,7.0263157895,0
8359,78.0,577.0,3.9508547009,10.6851851852,0
8360,38.0,272.0,4.1891891892,4.6896551724,1
8361,55.0,336.0,3.3321917808,6.1090909091,0
8362,56.0,273.0,4.8146551724,9.75,1
8363,81.0,392.0,5.3049450549,5.7647058824,0
8364,91.0,742.0,3.278597786,11.2424242424,0
8365,133.0,734.0,3.8565400844,5.5187969925,1
8366,60.0,422.0,4.9576547231,32.4615384615,0
8367,71.0,534.0,4.2921348315,8.6129032258,1
8368,62.0,496.0,3.9079903148,9.7254901961,1
8369,98.0,822.0,3.6502115656,13.7,1
8370,78.0,504.0,4.1104166667,4.3076923077,0
8371,56.0,333.0,4.0321543408,5.9464285714,1
8372,54.0,327.0,6.2268907563,4.7391304348,0
8373,78.0,753.0,4.0677966102,6.1219512195,1
8374,55.0,361.0,3.461038961,12.4482758621,0
8375,93.0,637.0,3.7513043478,7.3218390805,1
8376,96.0,557.0,5.0379746835,10.9215686275,1
8377,59.0,401.0,3.938718663,6.6833333333,1
8378,28.0,274.0,4.2297297297,7.4054054054,0
8379,84.0,515.0,3.940552017,4.2916666667,1
8380,60.0,486.0,3.7881548975,8.6785714286,1
8381,54.0,410.0,3.7421052632,8.7234042553,1
8382,106.0,643.0,4.0860927152,4.9461538462,1
8383,24.0,185.0,4.3876404494,5.1388888889,1
8384,59.0,532.0,3.9311163895,9.0169491525,0
8385,58.0,392.0,3.8121387283,7.84,1
8386,55.0,328.0,5.0186567164,13.6666666667,0
8387,59.0,404.0,3.7869318182,11.8823529412,0
8388,46.0,456.0,3.6331360947,15.2,0
8389,76.0,480.0,2.9379652605,10.4347826087,0
8390,24.0,281.0,3.9349593496,10.4074074074,1
8391,59.0,284.0,3.8326848249,7.2820512821,0
8392,91.0,648.0,3.9949832776,6.0560747664,1
8393,54.0,367.0,4.6461038961,7.8085106383,1
8394,4.0,23.0,4.8571428571,5.75,0
8395,56.0,449.0,3.2722371968,4.49,0
8396,52.0,323.0,3.9407665505,6.3333333333,0
8397,57.0,444.0,3.9903381643,5.2857142857,0
8398,122.0,567.0,4.0477137177,6.3,1
8399,58.0,505.0,4.0722100656,6.5584415584,1
8400,45.0,204.0,4.1847133758,11.3333333333,1
8401,88.0,631.0,3.9764492754,10.3442622951,1
8402,62.0,329.0,3.3953488372,5.9818181818,0
8403,41.0,296.0,4.1,5.6923076923,0
8404,67.0,603.0,3.5848623853,15.8684210526,1
8405,43.0,429.0,4.0732984293,5.5,1
8406,69.0,483.0,3.7413793103,8.3275862069,0
8407,53.0,268.0,4.9241706161,12.1818181818,1
8408,53.0,472.0,3.7557471264,13.8823529412,0
8409,92.0,764.0,4.3692579505,10.9142857143,1
8410,29.0,205.0,3.958974359,5.125,1
8411,40.0,358.0,4.1627906977,12.7857142857,0
8412,73.0,405.0,3.6387959866,11.9117647059,0
8413,81.0,652.0,4.0794701987,6.2095238095,1
8414,69.0,655.0,4.231147541,5.9009009009,1
8415,54.0,318.0,3.5143884892,8.8333333333,1
8416,13.0,149.0,4.1438848921,24.8333333333,1
8417,48.0,282.0,3.8653846154,9.0967741935,1
8418,55.0,570.0,3.9107806691,5.2777777778,1
8419,69.0,490.0,3.9673659674,7.7777777778,1
8420,73.0,564.0,3.9481765835,5.5294117647,1
8421,64.0,543.0,3.5799457995,11.8043478261,1
8422,46.0,377.0,4.2200647249,8.1956521739,1
8423,74.0,563.0,4.2066666667,6.5465116279,1
8424,46.0,255.0,3.7142857143,6.0714285714,0
8425,54.0,327.0,6.2268907563,4.7391304348,0
8426,86.0,635.0,4.5042158516,9.0714285714,1
8427,56.0,356.0,3.5226586103,8.4761904762,0
8428,45.0,306.0,3.9416666667,8.0526315789,1
8429,55.0,395.0,4.0420168067,4.7590361446,1
8430,70.0,471.0,4.1835294118,6.1973684211,1
8431,58.0,329.0,3.7833333333,8.225,0
8432,60.0,401.0,3.8448844884,18.2272727273,1
8433,53.0,330.0,3.7471264368,6.2264150943,1
8434,49.0,379.0,3.5198555957,8.2391304348,1
8435,57.0,609.0,3.9217877095,7.5185185185,1
8436,16.0,139.0,3.8181818182,6.0434782609,1
8437,46.0,436.0,3.9501312336,8.5490196078,1
8438,39.0,302.0,4.0147058824,9.4375,1
8439,26.0,245.0,4.0221238938,9.8,0
8440,46.0,336.0,4.1844660194,7.8139534884,1
8441,68.0,453.0,3.868852459,6.7611940299,1
8442,29.0,225.0,4.215,7.03125,1
8443,60.0,409.0,3.887755102,4.0098039216,1
8444,68.0,548.0,4.3183962264,6.2988505747,0
8445,70.0,461.0,3.4625,7.9482758621,0
8446,55.0,411.0,3.6739726027,10.275,1
8447,46.0,342.0,3.5191082803,6.7058823529,1
8448,69.0,521.0,4.3026584867,7.2361111111,1
8449,53.0,279.0,4.8963963964,10.3333333333,1
8450,49.0,314.0,3.9893238434,5.7090909091,0
8451,45.0,348.0,3.7483660131,7.4042553191,0
8452,36.0,260.0,4.1201716738,6.6666666667,1
8453,6.0,33.0,5.0606060606,4.125,0
8454,98.0,487.0,3.8777292576,5.8674698795,1
8455,72.0,333.0,4.5578947368,17.5263157895,0
8456,69.0,545.0,4.1096153846,4.6581196581,1
8457,72.0,456.0,4.1191588785,5.5609756098,1
8458,94.0,706.0,3.8373205742,5.9327731092,1
8459,9.0,116.0,4.8539325843,8.2857142857,1
8460,3.0,64.0,4.7222222222,5.3333333333,0
8461,38.0,166.0,5.0518518519,18.4444444444,0
8462,52.0,202.0,4.359375,12.625,1
8463,77.0,494.0,4.2586956522,5.2553191489,1
8464,45.0,370.0,4.073015873,8.2222222222,1
8465,56.0,436.0,4.2547945205,10.1395348837,0
8466,34.0,226.0,4.2405660377,5.0222222222,1
8467,74.0,630.0,3.9186691312,5.8333333333,0
8468,6.0,119.0,4.4476190476,5.4090909091,0
8469,52.0,299.0,4.3878326996,5.862745098,0
8470,11.0,316.0,4.3474903475,7.1818181818,1
8471,49.0,328.0,4.2969924812,18.2222222222,1
8472,34.0,315.0,4.31640625,35.0,0
8473,54.0,524.0,2.9359605911,8.7333333333,1
8474,103.0,777.0,4.1396011396,5.1456953642,1
8475,4.0,32.0,4.7916666667,8.0,1
8476,3.0,64.0,3.9803921569,7.1111111111,0
8477,68.0,636.0,4.0086655113,6.0,1
8478,45.0,407.0,4.247734139,6.564516129,1
8479,84.0,557.0,3.538647343,10.5094339623,1
8480,8.0,48.0,3.7555555556,16.0,0
8481,50.0,360.0,3.7300613497,8.1818181818,0
8482,54.0,461.0,4.1306413302,6.1466666667,1
8483,4.0,26.0,3.8095238095,3.7142857143,0
8484,58.0,447.0,4.1710213777,8.4339622642,1
8485,10.0,134.0,4.5811965812,9.5714285714,0
8486,42.0,282.0,4.0603448276,5.2222222222,1
8487,55.0,382.0,3.5949367089,8.4888888889,0
8488,8.0,104.0,4.8695652174,8.6666666667,0
8489,47.0,314.0,3.5285171103,5.2333333333,0
8490,7.0,85.0,5.3235294118,10.625,0
8491,17.0,64.0,4.1774193548,8.0,0
8492,9.0,101.0,4.9666666667,9.1818181818,0
8493,31.0,203.0,4.0147783251,7.0,1
8494,8.0,126.0,4.5,12.6,0
8495,35.0,213.0,3.9937106918,8.52,1
8496,57.0,370.0,3.2392344498,370.0,1
8497,9.0,127.0,5.0733944954,14.1111111111,0
8498,39.0,272.0,3.9734513274,5.6666666667,1
8499,99.0,887.0,4.1554959786,8.1376146789,1
8500,22.0,125.0,4.4285714286,11.3636363636,0
8501,54.0,351.0,4.3448275862,31.9090909091,0
8502,58.0,486.0,4.2791262136,5.8554216867,1
8503,40.0,249.0,4.755952381,12.45,1
8504,43.0,362.0,4.1807580175,8.2272727273,1
8505,13.0,83.0,4.5507246377,7.5454545455,1
8506,39.0,281.0,4.9567099567,15.6111111111,1
8507,51.0,396.0,4.5264705882,5.6571428571,1
8508,36.0,280.0,4.4592274678,6.8292682927,1
8509,36.0,354.0,4.0840336134,8.85,0
8510,39.0,327.0,3.9738562092,6.8125,1
8511,41.0,369.0,4.0415224913,9.972972973,1
8512,59.0,414.0,4.0126903553,4.4516129032,0
8513,105.0,840.0,4.1132637854,8.0769230769,1
8514,39.0,228.0,3.7574257426,6.5142857143,1
8515,62.0,576.0,3.6078028747,5.5384615385,1
8516,110.0,942.0,3.9614361702,6.8759124088,1
8517,77.0,595.0,4.0846774194,7.4375,1
8518,74.0,628.0,3.6530612245,7.3882352941,1
8519,98.0,901.0,3.9090909091,8.0446428571,1
8520,74.0,654.0,3.8535262206,6.1121495327,0
8521,77.0,542.0,4.12,8.2121212121,1
8522,86.0,646.0,3.4635416667,6.0943396226,1
8523,75.0,711.0,3.7424511545,8.1724137931,1
8524,79.0,506.0,4.023655914,9.0357142857,1
8525,77.0,574.0,3.8740458015,8.4411764706,0
8526,55.0,334.0,4.2593856655,6.9583333333,1
8527,82.0,555.0,3.7040169133,9.0983606557,1
8528,58.0,528.0,3.8021978022,6.7692307692,0
8529,72.0,497.0,3.6411378556,8.5689655172,0
8530,53.0,494.0,3.7472283814,7.1594202899,1
8531,31.0,264.0,4.2448979592,5.387755102,0
8532,64.0,471.0,3.9174757282,5.743902439,1
8533,60.0,407.0,4.1005291005,6.1666666667,0
8534,64.0,493.0,3.8952164009,10.0612244898,1
8535,61.0,525.0,4.09030837,6.8181818182,0
8536,59.0,594.0,3.8231827112,6.1237113402,1
8537,25.0,203.0,4.3888888889,8.12,1
8538,67.0,483.0,3.8547215496,6.8028169014,0
8539,108.0,930.0,3.8031704095,7.44,1
8540,34.0,364.0,3.6402439024,5.4328358209,0
8541,47.0,303.0,4.1380597015,7.2142857143,0
8542,70.0,600.0,3.7700650759,8.8235294118,1
8543,46.0,426.0,3.5422740525,5.8356164384,1
8544,46.0,471.0,3.9803921569,9.612244898,1
8545,52.0,390.0,4.0273224044,5.2702702703,0
8546,79.0,442.0,3.8651960784,8.5,1
8547,52.0,424.0,3.7408376963,5.8888888889,0
8548,63.0,389.0,3.8647887324,7.9387755102,1
8549,61.0,392.0,3.8924731183,6.4262295082,0
8550,47.0,261.0,4.0084745763,6.3658536585,1
8551,79.0,654.0,4.1755319149,6.2884615385,1
8552,47.0,401.0,3.8395061728,10.025,1
8553,64.0,492.0,3.993006993,7.4545454545,0
8554,56.0,514.0,3.9756637168,5.5869565217,1
8555,62.0,425.0,4.416893733,6.8548387097,1
8556,42.0,330.0,4.1385135135,8.6842105263,0
8557,71.0,531.0,3.8891129032,5.9,0
8558,62.0,505.0,3.737913486,8.8596491228,1
8559,64.0,505.0,4.1293859649,4.8557692308,1
8560,55.0,433.0,4.085,6.1857142857,1
8561,90.0,668.0,3.7573149742,7.2608695652,1
8562,56.0,443.0,4.1598984772,6.1527777778,0
8563,38.0,309.0,4.0290909091,4.1756756757,0
8564,99.0,535.0,3.9705263158,9.0677966102,0
8565,72.0,412.0,3.9654178674,6.7540983607,1
8566,76.0,488.0,3.8262806236,6.1,1
8567,54.0,361.0,3.8908554572,8.2045454545,0
8568,60.0,571.0,4.0057251908,7.2278481013,1
8569,58.0,536.0,4.0737051793,5.4693877551,0
8570,58.0,494.0,3.7685185185,7.1594202899,1
8571,28.0,249.0,3.8873239437,8.3,1
8572,23.0,235.0,3.6686046512,9.4,0
8573,89.0,466.0,4.4161073826,5.2954545455,1
8574,56.0,319.0,4.6094276094,5.8,0
8575,46.0,430.0,3.5304347826,5.8904109589,1
8576,9.0,140.0,4.3170731707,7.0,0
8577,41.0,417.0,4.1528150134,5.3461538462,0
8578,58.0,541.0,3.8868312757,5.7553191489,0
8579,51.0,285.0,4.6925925926,10.5555555556,0
8580,87.0,676.0,3.8881469115,6.5631067961,1
8581,45.0,353.0,4.2870662461,5.4307692308,0
8582,67.0,561.0,4.0996015936,5.61,1
8583,47.0,411.0,4.2441558442,5.9565217391,1
8584,63.0,534.0,3.5452436195,6.0681818182,1
8585,42.0,393.0,3.8787878788,8.0204081633,1
8586,62.0,501.0,3.8891509434,5.5054945055,1
8587,68.0,623.0,3.9379699248,5.6636363636,1
8588,57.0,597.0,3.8101265823,6.4193548387,1
8589,64.0,414.0,4.249343832,4.8705882353,0
8590,49.0,459.0,3.879350348,9.0,0
8591,59.0,391.0,4.0379403794,5.5070422535,0
8592,63.0,484.0,4.2543478261,5.7619047619,0
8593,61.0,484.0,4.0023094688,6.2051282051,0
8594,56.0,404.0,4.2166666667,5.9411764706,0
8595,30.0,185.0,3.6235955056,4.512195122,0
8596,61.0,401.0,4.0272479564,7.1607142857,1
8597,44.0,354.0,3.871641791,7.08,0
8598,48.0,367.0,3.9263803681,6.0163934426,0
8599,45.0,363.0,3.9056047198,6.2586206897,1
8600,54.0,439.0,4.3150357995,6.2714285714,0
8601,47.0,378.0,3.9337349398,8.2173913043,0
8602,29.0,236.0,4.0657276995,4.6274509804,0
8603,51.0,527.0,3.694092827,5.2178217822,0
8604,55.0,429.0,3.8665048544,4.5638297872,1
8605,25.0,147.0,3.6923076923,5.6538461538,1
8606,65.0,428.0,4.1666666667,5.4871794872,0
8607,23.0,180.0,3.9523809524,9.0,1
8608,42.0,374.0,3.7752808989,6.8,1
8609,61.0,486.0,3.850877193,4.7647058824,0
8610,15.0,114.0,4.4953271028,6.0,0
8611,124.0,739.0,4.0494590417,5.4740740741,1
8612,13.0,89.0,4.2738095238,7.4166666667,0
8613,52.0,429.0,3.8241469816,6.3088235294,1
8614,33.0,306.0,3.9705882353,7.8461538462,1
8615,31.0,269.0,4.232,5.0754716981,0
8616,29.0,185.0,4.1931818182,5.78125,0
8617,46.0,385.0,4.0833333333,5.7462686567,1
8618,25.0,203.0,4.3888888889,8.12,1
8619,52.0,493.0,3.7444444444,7.1449275362,1
8620,58.0,528.0,3.8021978022,6.7692307692,0
8621,68.0,431.0,3.7592137592,5.1927710843,1
8622,38.0,311.0,3.8422818792,5.2711864407,0
8623,34.0,358.0,3.6319018405,5.3432835821,0
8624,60.0,418.0,4.0721649485,6.2388059701,0
8625,42.0,310.0,4.0921985816,6.5957446809,0
8626,38.0,309.0,4.0290909091,4.2328767123,0
8627,52.0,390.0,4.0273224044,5.2702702703,0
8628,42.0,330.0,4.1385135135,8.6842105263,0
8629,57.0,300.0,4.4347826087,6.1224489796,0
8630,38.0,406.0,3.8521505376,5.3421052632,0
8631,66.0,664.0,4.0217028381,7.4606741573,1
8632,78.0,678.0,3.9267515924,6.5192307692,1
8633,81.0,767.0,4.1927162367,6.6120689655,1
8634,24.0,251.0,4.1885245902,6.9722222222,0
8635,60.0,478.0,3.9426048565,8.6909090909,1
8636,65.0,576.0,4.0465549348,7.2911392405,1
8637,57.0,533.0,3.9941176471,7.1066666667,0
8638,95.0,617.0,4.0909090909,6.0490196078,1
8639,84.0,646.0,4.1542207792,6.396039604,1
8640,73.0,580.0,4.2034782609,5.6862745098,1
8641,55.0,525.0,3.745526839,5.7692307692,1
8642,88.0,823.0,4.0463215259,7.6203703704,1
8643,29.0,242.0,4.133640553,8.3448275862,1
8644,83.0,614.0,3.9518072289,7.0574712644,0
8645,78.0,742.0,3.864628821,6.132231405,1
8646,50.0,551.0,3.9662288931,6.4823529412,1
8647,62.0,497.0,4.2505966587,6.6266666667,1
8648,99.0,816.0,4.0871428571,8.3265306122,1
8649,75.0,591.0,3.8185404339,6.6404494382,1
8650,88.0,586.0,4.4434628975,6.5111111111,1
8651,95.0,874.0,3.7814407814,8.0925925926,1
8652,84.0,661.0,4.0725126476,6.2952380952,1
8653,99.0,882.0,4.1380597015,7.5384615385,1
8654,69.0,555.0,3.9880239521,6.3793103448,1
8655,30.0,302.0,3.9503311258,6.04,0
8656,61.0,585.0,3.8217054264,9.5901639344,1
8657,55.0,533.0,3.9257028112,6.5,1
8658,70.0,634.0,3.8799249531,6.7446808511,1
8659,54.0,459.0,4.0530973451,5.7375,1
8660,67.0,498.0,4.4797441365,4.4864864865,1
8661,44.0,368.0,4.0914285714,9.9459459459,0
8662,70.0,547.0,3.7170923379,7.0128205128,1
8663,107.0,921.0,4.2569269521,8.7714285714,1
8664,35.0,279.0,4.3104693141,5.3653846154,0
8665,55.0,527.0,3.6673819742,5.6666666667,1
8666,55.0,520.0,4.004048583,6.1176470588,1
8667,27.0,239.0,4.1179039301,5.8292682927,1
8668,83.0,696.0,3.9842022117,6.8235294118,1
8669,62.0,468.0,4.1582914573,4.68,0
8670,67.0,479.0,4.1693363844,6.7464788732,1
8671,83.0,736.0,4.0746268657,9.3164556962,1
8672,60.0,522.0,3.7165991903,5.4375,1
8673,59.0,450.0,4.2180451128,5.5555555556,0
8674,43.0,359.0,3.841954023,4.6623376623,1
8675,84.0,581.0,3.6525096525,8.3,1
8676,53.0,347.0,4.3636363636,8.675,1
8677,83.0,591.0,3.9548022599,5.6826923077,1
8678,56.0,332.0,4.0866666667,8.7368421053,1
8679,58.0,485.0,3.9572072072,6.3815789474,0
8680,90.0,680.0,4.1088328076,6.8686868687,1
8681,85.0,592.0,4.1634980989,7.5897435897,1
8682,63.0,577.0,3.7842741935,7.4935064935,1
8683,88.0,683.0,4.2351097179,6.2660550459,1
8684,34.0,312.0,4.1093247588,5.4736842105,0
8685,81.0,682.0,4.0836120401,7.5777777778,1
8686,100.0,726.0,4.0422125182,6.9142857143,1
8687,71.0,494.0,4.0559284116,6.9577464789,1
8688,53.0,642.0,3.9315789474,7.2134831461,1
8689,99.0,672.0,3.5882352941,5.9469026549,1
8690,40.0,444.0,4.0535279805,6.4347826087,1
8691,54.0,444.0,4.0725995316,6.8307692308,1
8692,59.0,489.0,3.4634703196,7.8870967742,1
8693,60.0,427.0,3.8118811881,4.5425531915,1
8694,48.0,375.0,3.7598870056,6.3559322034,1
8695,101.0,903.0,4.0506329114,7.5882352941,1
8696,79.0,662.0,4.0831889081,9.4571428571,1
8697,80.0,638.0,4.4939341421,7.975,1
8698,53.0,372.0,4.2375690608,5.6363636364,1
8699,55.0,450.0,3.7656612529,8.0357142857,1
8700,79.0,642.0,4.2038664323,7.6428571429,1
8701,107.0,793.0,3.6456582633,7.625,1
8702,74.0,642.0,4.1912568306,6.4848484848,1
8703,72.0,631.0,4.0662020906,9.0142857143,1
8704,50.0,341.0,3.9114754098,9.4722222222,1
8705,72.0,488.0,3.9979166667,6.5066666667,1
8706,61.0,408.0,4.017369727,4.8571428571,1
8707,84.0,796.0,3.8081471748,6.3174603175,1
8708,46.0,397.0,3.9031413613,8.1020408163,1
8709,56.0,488.0,3.9316628702,9.2075471698,0
8710,64.0,473.0,4.2188940092,5.0860215054,0
8711,57.0,380.0,4.4325068871,7.9166666667,1
8712,81.0,694.0,3.8507223114,6.4859813084,1
8713,75.0,481.0,3.989821883,7.0735294118,1
8714,50.0,390.0,4.1878612717,6.6101694915,1
8715,61.0,521.0,3.7758241758,5.1078431373,1
8716,33.0,222.0,4.4802631579,11.1,1
8717,89.0,572.0,4.0649350649,7.15,1
8718,44.0,399.0,3.971722365,7.125,0
8719,79.0,646.0,4.1001757469,7.2584269663,1
8720,86.0,741.0,4.1695178849,8.2333333333,1
8721,81.0,692.0,4.0576323988,5.6260162602,1
8722,31.0,275.0,4.1729957806,8.3333333333,1
8723,69.0,596.0,4.2537037037,5.7307692308,1
8724,68.0,563.0,4.2199170124,5.4660194175,1
8725,43.0,371.0,3.8579881657,5.8888888889,0
8726,49.0,399.0,4.1286089239,7.98,1
8727,55.0,482.0,4.0739910314,6.9855072464,1
8728,67.0,595.0,4.2111913357,6.1340206186,1
8729,92.0,634.0,3.9722675367,7.1235955056,1
8730,89.0,554.0,4.2580645161,6.0217391304,1
8731,66.0,553.0,4.2890295359,7.6805555556,1
8732,42.0,328.0,4.1224489796,4.4931506849,0
8733,72.0,700.0,3.746365105,6.7961165049,1
8734,61.0,542.0,4.0976095618,5.5306122449,1
8735,80.0,681.0,4.1610305958,7.1684210526,1
8736,15.0,72.0,4.5263157895,14.4,1
8737,32.0,265.0,4.2357723577,7.7941176471,1
8738,93.0,695.0,4.0841121495,6.8811881188,1
8739,59.0,367.0,4.1729106628,6.4385964912,1
8740,1.0,8.0,6.625,0.0,0
8741,47.0,365.0,3.9183098592,6.4035087719,1
8742,79.0,629.0,4.3566552901,8.0641025641,0
8743,1.0,7.0,6.7142857143,0.0,0
8744,53.0,485.0,3.8108695652,7.4615384615,1
8745,27.0,253.0,3.7224669604,7.90625,1
8746,66.0,442.0,3.8181818182,6.5970149254,1
8747,88.0,792.0,4.0082508251,7.8415841584,1
8748,53.0,433.0,4.072972973,7.2166666667,1
8749,49.0,350.0,4.4865671642,6.3636363636,1
8750,66.0,613.0,4.079303675,9.0147058824,1
8751,57.0,440.0,4.2371638142,5.9459459459,1
8752,38.0,246.0,4.0743801653,3.7272727273,0
8753,57.0,507.0,4.0542797495,5.6966292135,1
8754,46.0,382.0,4.1942857143,6.0634920635,1
8755,57.0,389.0,4.1069518717,6.7068965517,1
8756,46.0,459.0,4.1798561151,7.0615384615,1
8757,64.0,416.0,4.5445026178,6.5,1
8758,60.0,561.0,4.0426439232,7.0125,1
8759,69.0,479.0,3.7392241379,5.2065217391,1
8760,58.0,357.0,4.3292307692,5.1739130435,1
8761,54.0,386.0,3.8908045977,7.0181818182,1
8762,57.0,380.0,4.3244837758,8.6363636364,1
8763,56.0,371.0,4.1927374302,7.2745098039,1
8764,57.0,379.0,3.9859943978,5.7424242424,1
8765,51.0,400.0,4.2152974504,6.7796610169,0
8766,55.0,398.0,3.8715846995,7.2363636364,1
8767,108.0,930.0,4.0092961487,8.9423076923,1
8768,42.0,359.0,3.6068111455,4.6623376623,1
8769,60.0,488.0,3.8701594533,6.024691358,1
8770,67.0,424.0,3.9852579853,5.3670886076,1
8771,43.0,400.0,3.9442970822,8.3333333333,0
8772,59.0,432.0,3.834605598,6.2608695652,1
8773,51.0,304.0,4.4979919679,5.8461538462,1
8774,67.0,448.0,3.9228855721,9.5319148936,1
8775,76.0,536.0,3.9698275862,5.0093457944,1
8776,50.0,489.0,3.9858823529,7.4090909091,1
8777,62.0,388.0,3.8901734104,6.2580645161,1
8778,48.0,465.0,3.9614457831,6.6428571429,0
8779,47.0,386.0,4.3988603989,5.6764705882,1
8780,49.0,377.0,4.0154798762,6.6140350877,0
8781,63.0,298.0,4.2631578947,7.8421052632,1
8782,61.0,462.0,4.106888361,6.4166666667,1
8783,48.0,389.0,4.3797814208,7.4807692308,0
8784,51.0,552.0,3.8059360731,8.1176470588,1
8785,62.0,342.0,4.7288135593,21.375,1
8786,63.0,510.0,4.1029411765,6.8918918919,1
8787,45.0,404.0,3.7849162011,7.2142857143,1
8788,30.0,173.0,3.9239766082,5.2424242424,1
8789,50.0,602.0,3.8502109705,8.6,1
8790,47.0,464.0,4.0230946882,7.3650793651,1
8791,35.0,229.0,3.7681818182,5.3255813953,1
8792,50.0,444.0,3.7234042553,5.7662337662,1
8793,59.0,520.0,3.677852349,8.5245901639,1
8794,46.0,452.0,4.3915492958,11.5897435897,0
8795,32.0,223.0,4.1146788991,4.9555555556,0
8796,49.0,374.0,3.9633802817,6.2333333333,0
8797,67.0,323.0,4.1118421053,8.075,1
8798,46.0,335.0,4.4769230769,5.8771929825,1
8799,73.0,556.0,3.3733075435,7.7222222222,1
8800,43.0,429.0,4.0545905707,6.703125,1
8801,94.0,725.0,3.8192419825,9.4155844156,1
8802,53.0,463.0,4.3064516129,6.7101449275,0
8803,47.0,468.0,4.0424528302,7.5483870968,1
8804,66.0,637.0,3.9028960818,6.4343434343,1
8805,13.0,79.0,4.0759493671,5.2666666667,0
8806,65.0,462.0,3.863340564,5.775,0
8807,41.0,270.0,4.3346007605,6.5853658537,1
8808,20.0,213.0,4.4479166667,7.8888888889,1
8809,47.0,269.0,4.2081784387,5.4897959184,0
8810,44.0,297.0,4.8050541516,4.7903225806,0
8811,64.0,459.0,4.060324826,6.4647887324,1
8812,62.0,486.0,4.0418410042,6.2307692308,1
8813,18.0,446.0,3.9456790123,6.8615384615,1
8814,1.0,3.0,5.0,0.0,0
8815,47.0,252.0,4.0722891566,5.6,0
8816,40.0,302.0,4.678030303,6.8636363636,1
8817,11.0,412.0,4.4416666667,7.6296296296,1
8818,43.0,400.0,4.2307692308,9.0909090909,1
8819,35.0,558.0,4.0061728395,6.6428571429,1
8820,22.0,642.0,3.937716263,6.1730769231,1
8821,43.0,452.0,3.9317073171,7.0625,0
8822,150.0,1216.0,4.2281167109,5.2869565217,1
8823,91.0,1243.0,4.1147959184,6.7189189189,0
8824,107.0,1075.0,4.3010204082,6.0734463277,1
8825,87.0,689.0,4.1574675325,7.7415730337,0
8826,110.0,899.0,4.3820359281,6.4676258993,1
8827,118.0,979.0,4.2017640573,7.2518518519,1
8828,127.0,878.0,4.5721153846,5.664516129,1
8829,80.0,691.0,4.1917177914,4.9357142857,1
8830,67.0,634.0,3.9210977702,5.8703703704,1
8831,103.0,824.0,4.2638888889,5.6438356164,1
8832,120.0,997.0,4.2064650678,5.6971428571,1
8833,72.0,637.0,4.4826989619,8.6081081081,0
8834,89.0,634.0,4.0828924162,5.1129032258,1
8835,107.0,903.0,4.3088578089,5.4727272727,0
8836,74.0,653.0,4.1945337621,4.731884058,0
8837,80.0,863.0,4.4700854701,8.9895833333,0
8838,149.0,893.0,4.1875732708,6.7142857143,0
8839,116.0,859.0,4.3497474747,6.6589147287,1
8840,95.0,742.0,4.1624293785,6.3965517241,0
8841,82.0,670.0,4.2227805695,7.6136363636,0
8842,64.0,483.0,4.0322580645,7.0,0
8843,87.0,673.0,4.1917591125,6.6633663366,1
8844,90.0,761.0,4.1009957326,6.0396825397,1
8845,46.0,317.0,3.8371335505,5.1129032258,1
8846,105.0,815.0,4.3420707733,7.0869565217,1
8847,102.0,841.0,4.2778489117,7.25,1
8848,77.0,727.0,3.967340591,5.9105691057,1
8849,104.0,780.0,3.7475862069,7.5,1
8850,93.0,848.0,4.1105527638,6.1449275362,1
8851,99.0,907.0,3.7791718946,5.273255814,1
8852,79.0,646.0,4.7067137809,6.396039604,0
8853,54.0,576.0,4.3779069767,6.0,1
8854,68.0,576.0,4.5527831094,6.7764705882,0
8855,123.0,848.0,3.9504232164,7.186440678,1
8856,77.0,551.0,3.9442307692,4.7094017094,0
8857,102.0,722.0,4.4161392405,6.623853211,1
8858,99.0,948.0,3.8529411765,5.4482758621,1
8859,69.0,619.0,4.0973913043,5.785046729,1
8860,107.0,755.0,3.9970972424,6.9907407407,0
8861,71.0,590.0,4.0468468468,8.5507246377,0
8862,81.0,655.0,4.7131011609,4.6785714286,1
8863,63.0,602.0,4.0646950092,6.8409090909,0
8864,80.0,667.0,4.25,7.25,1
8865,90.0,765.0,4.046969697,7.8865979381,1
8866,85.0,708.0,4.1508295626,6.1034482759,1
8867,70.0,694.0,4.1853582555,7.0101010101,1
8868,85.0,802.0,4.0983379501,5.0440251572,0
8869,95.0,742.0,3.7872648336,8.2444444444,0
8870,113.0,1055.0,4.4,7.8148148148,1
8871,69.0,603.0,4.2375690608,5.7980769231,1
8872,89.0,699.0,4.0772870662,6.5943396226,1
8873,75.0,713.0,4.2561863173,7.3505154639,1
8874,112.0,879.0,4.3299748111,7.3865546218,1
8875,70.0,607.0,4.3076923077,8.3150684932,0
8876,45.0,329.0,4.4789644013,6.3269230769,1
8877,85.0,693.0,4.0840978593,6.5377358491,1
8878,121.0,925.0,3.8087697929,4.920212766,1
8879,80.0,697.0,4.1082802548,4.9084507042,1
8880,83.0,569.0,4.2360594796,5.3679245283,1
8881,38.0,365.0,4.3711656442,6.6363636364,1
8882,77.0,757.0,3.7592339261,5.6492537313,0
8883,78.0,667.0,4.5759599332,6.3523809524,1
8884,98.0,883.0,4.4435096154,6.5407407407,1
8885,89.0,794.0,4.2295081967,5.795620438,1
8886,92.0,756.0,3.949122807,10.9565217391,1
8887,72.0,606.0,3.7192982456,7.575,1
8888,80.0,852.0,3.9147802929,6.0,0
8889,88.0,572.0,4.2805907173,7.8356164384,1
8890,82.0,668.0,3.8896,6.2429906542,1
8891,74.0,530.0,4.2382892057,6.091954023,1
8892,80.0,483.0,3.983908046,5.5517241379,1
8893,85.0,662.0,4.1754098361,7.1956521739,1
8894,88.0,631.0,4.4930555556,5.8971962617,1
8895,65.0,609.0,4.0088967972,5.25,1
8896,85.0,627.0,3.9947275923,5.7,0
8897,68.0,592.0,4.0514184397,6.3655913978,1
8898,101.0,885.0,4.0507425743,6.2765957447,1
8899,110.0,603.0,4.1067615658,4.7480314961,1
8900,88.0,747.0,4.0214285714,7.7010309278,0
8901,91.0,740.0,3.7518248175,6.1157024793,0
8902,95.0,826.0,3.8966887417,7.2456140351,1
8903,53.0,386.0,3.2147239264,8.7727272727,0
8904,123.0,736.0,3.8457869634,5.888,1
8905,94.0,737.0,3.8622754491,6.6396396396,1
8906,66.0,384.0,3.4714285714,6.5084745763,0
8907,114.0,765.0,3.8456973294,6.4830508475,1
8908,12.0,211.0,4.1411042945,7.5357142857,0
8909,86.0,693.0,3.9680365297,6.6,1
8910,88.0,758.0,3.834375,7.2884615385,1
8911,62.0,585.0,4.0816326531,6.0309278351,1
8912,27.0,154.0,4.4420289855,7.0,1
8913,79.0,572.0,3.9024856597,6.085106383,1
8914,67.0,598.0,3.6389380531,6.6444444444,1
8915,64.0,569.0,4.0611111111,6.393258427,1
8916,45.0,351.0,4.2278106509,6.3818181818,0
8917,39.0,313.0,3.6032388664,8.9428571429,0
8918,64.0,585.0,3.7642436149,6.09375,1
8919,87.0,777.0,4.3800841515,5.5899280576,1
8920,78.0,613.0,3.8101265823,6.4526315789,1
8921,17.0,98.0,4.7634408602,5.7647058824,1
8922,68.0,573.0,4.0547945205,9.55,1
8923,38.0,386.0,4.3074626866,6.8928571429,1
8924,88.0,718.0,3.7368421053,5.7903225806,1
8925,93.0,789.0,4.2755244755,6.520661157,1
8926,76.0,496.0,4.3853006682,6.1234567901,1
8927,71.0,587.0,4.0177935943,5.9897959184,1
8928,22.0,154.0,4.3448275862,7.0,0
8929,51.0,438.0,4.180156658,5.6883116883,1
8930,34.0,281.0,4.0074074074,5.8541666667,1
8931,48.0,298.0,4.1503496503,6.7727272727,1
8932,30.0,255.0,4.2614107884,6.7105263158,0
8933,25.0,260.0,3.8333333333,6.3414634146,1
8934,26.0,153.0,3.932885906,4.6363636364,1
8935,74.0,469.0,3.6247030879,9.1960784314,0
8936,20.0,185.0,4.2057142857,5.78125,1
8937,31.0,163.0,4.4066666667,5.09375,0
8938,19.0,182.0,4.1726190476,7.9130434783,1
8939,21.0,147.0,4.0514705882,7.7368421053,1
8940,17.0,164.0,4.1176470588,7.1304347826,1
8941,90.0,795.0,4.2120383037,5.7194244604,1
8942,83.0,1154.0,3.7913148372,14.0731707317,1
8943,52.0,413.0,4.4299674267,13.3225806452,1
8944,63.0,523.0,4.2356687898,6.9733333333,1
8945,67.0,636.0,4.1777378815,7.2272727273,1
8946,49.0,421.0,3.9939577039,7.7962962963,1
8947,81.0,688.0,4.2576687117,12.5090909091,1
8948,49.0,478.0,4.4082125604,7.2424242424,1
8949,55.0,586.0,3.925,9.606557377,1
8950,33.0,350.0,3.9080118694,7.2916666667,1
8951,33.0,316.0,4.6892430279,10.1935483871,1
8952,52.0,672.0,4.0302419355,11.5862068966,1
8953,44.0,516.0,4.0476190476,7.8181818182,1
8954,60.0,502.0,4.0860927152,6.5194805195,1
8955,68.0,646.0,4.0418848168,6.2115384615,1
8956,53.0,507.0,4.345959596,8.0476190476,1
8957,73.0,759.0,3.955,10.397260274,1
8958,54.0,601.0,4.0648769575,15.025,1
8959,50.0,628.0,4.1144708423,8.3733333333,1
8960,49.0,557.0,4.1199040767,14.2820512821,1
8961,50.0,527.0,3.90625,5.3232323232,1
8962,50.0,413.0,4.0668523677,10.8684210526,1
8963,65.0,637.0,4.2838095238,10.4426229508,1
8964,78.0,574.0,4.0492125984,7.0864197531,1
8965,66.0,618.0,4.3255813953,6.7173913043,1
8966,41.0,293.0,4.4224806202,7.5128205128,1
8967,55.0,669.0,4.2519685039,7.2717391304,1
8968,62.0,503.0,4.1763392857,7.6212121212,1
8969,63.0,534.0,4.103030303,7.3150684932,1
8970,82.0,610.0,3.5,7.0930232558,1
8971,60.0,557.0,4.4150485437,13.5853658537,1
8972,56.0,496.0,4.356979405,7.6307692308,1
8973,35.0,397.0,3.95221843,18.0454545455,1
8974,29.0,309.0,4.2795275591,7.5365853659,1
8975,65.0,430.0,4.3812154696,8.6,1
8976,64.0,592.0,3.7454545455,10.0338983051,1
8977,49.0,548.0,4.1658878505,9.1333333333,1
8978,37.0,296.0,4.3875968992,8.9696969697,1
8979,41.0,381.0,3.9940828402,6.6842105263,1
8980,34.0,413.0,4.0612903226,12.5151515152,1
8981,73.0,638.0,4.1520572451,7.4186046512,1
8982,52.0,425.0,4.0355329949,6.8548387097,1
8983,74.0,757.0,3.9572953737,14.8431372549,1
8984,51.0,425.0,4.0664961637,6.4393939394,1
8985,48.0,488.0,4.1778350515,16.2666666667,1
8986,48.0,363.0,4.0265486726,6.7222222222,1
8987,80.0,574.0,4.5944584383,17.3939393939,1
8988,64.0,407.0,4.347266881,16.28,1
8989,95.0,765.0,4.3587115666,5.9765625,1
8990,71.0,471.0,3.627027027,17.4444444444,1
8991,42.0,296.0,4.3524904215,6.8837209302,1
8992,51.0,412.0,4.280653951,9.3636363636,1
8993,34.0,285.0,3.749034749,6.6279069767,0
8994,23.0,247.0,3.9710144928,7.0571428571,0
8995,57.0,527.0,4.2352941176,8.3650793651,1
8996,24.0,238.0,4.4949494949,10.8181818182,1
8997,44.0,305.0,4.1618705036,7.4390243902,0
8998,34.0,273.0,4.6088709677,6.3488372093,1
8999,21.0,276.0,3.970212766,9.5172413793,1
9000,34.0,393.0,4.2467948718,8.1875,1
9001,26.0,260.0,4.3150684932,10.0,1
9002,50.0,395.0,3.8099415205,6.4754098361,1
9003,45.0,472.0,3.9093264249,7.737704918,1
9004,56.0,542.0,4.1740088106,6.6913580247,1
9005,31.0,294.0,4.0155642023,5.6538461538,1
9006,57.0,426.0,4.0980926431,6.7619047619,1
9007,47.0,428.0,3.9798994975,7.6428571429,1
9008,46.0,412.0,3.996978852,8.7659574468,1
9009,62.0,399.0,4.1983695652,8.6739130435,1
9010,81.0,775.0,3.9710806697,6.798245614,1
9011,58.0,592.0,4.033126294,9.3968253968,1
9012,50.0,469.0,3.9736070381,13.7941176471,1
9013,18.0,182.0,4.0909090909,5.8709677419,1
9014,44.0,397.0,4.163434903,6.7288135593,1
9015,88.0,626.0,4.5621181263,7.6341463415,1
9016,34.0,312.0,4.3333333333,8.6666666667,1
9017,52.0,379.0,3.9489489489,6.649122807,1
9018,47.0,358.0,4.266025641,9.4210526316,1
9019,18.0,166.0,4.2148148148,7.5454545455,1
9020,49.0,361.0,4.2831325301,7.22,1
9021,39.0,271.0,4.3503937008,11.2916666667,1
9022,21.0,279.0,4.1495726496,7.5405405405,1
9023,54.0,669.0,3.9635036496,7.7790697674,1
9024,75.0,436.0,4.9636363636,6.9206349206,1
9025,21.0,177.0,4.0921052632,5.9,1
9026,38.0,341.0,4.0618181818,6.4339622642,1
9027,32.0,280.0,4.3913043478,6.8292682927,1
9028,48.0,370.0,3.9462686567,5.6923076923,1
9029,31.0,331.0,4.2753036437,13.24,1
9030,47.0,402.0,4.2209631728,6.813559322,1
9031,28.0,254.0,4.0090909091,9.4074074074,1
9032,41.0,353.0,4.4772036474,5.4307692308,1
9033,16.0,167.0,4.5314685315,6.9583333333,1
9034,35.0,315.0,4.0205479452,7.6829268293,1
9035,30.0,307.0,3.724137931,5.5818181818,1
9036,25.0,125.0,4.2049180328,5.6818181818,1
9037,66.0,569.0,4.10546875,7.3896103896,1
9038,19.0,165.0,4.3150684932,5.3225806452,0
9039,101.0,729.0,4.3976608187,14.8775510204,1
9040,44.0,494.0,3.6055979644,8.8214285714,1
9041,29.0,247.0,4.2899159664,5.0408163265,0
9042,63.0,575.0,4.1963190184,6.6091954023,1
9043,107.0,821.0,4.0586264657,23.4571428571,1
9044,65.0,543.0,3.8788598575,12.0666666667,0
9045,57.0,475.0,4.2483221477,6.25,1
9046,48.0,494.0,4.1538461538,6.7671232877,1
9047,51.0,390.0,4.1571428571,8.125,1
9048,53.0,456.0,4.1675531915,8.2909090909,1
9049,44.0,378.0,3.7547770701,5.04,0
9050,26.0,177.0,3.5722891566,4.425,1
9051,25.0,204.0,3.8722222222,6.375,1
9052,52.0,623.0,3.576744186,14.488372093,1
9053,36.0,254.0,3.8603603604,7.2571428571,0
9054,63.0,456.0,3.9696202532,13.0285714286,1
9055,14.0,116.0,3.9619047619,6.4444444444,1
9056,62.0,478.0,4.180778032,5.5581395349,1
9057,83.0,797.0,3.9382113821,16.2653061224,1
9058,77.0,563.0,4.3493013972,6.6235294118,1
9059,24.0,190.0,4.1485714286,5.9375,0
9060,33.0,165.0,4.3642857143,6.3461538462,1
9061,42.0,353.0,4.3173076923,7.5106382979,1
9062,37.0,331.0,4.1414141414,6.8958333333,0
9063,31.0,213.0,4.13,5.4615384615,1
9064,44.0,405.0,4.1710526316,5.7042253521,1
9065,46.0,559.0,4.2385321101,10.5471698113,1
9066,18.0,155.0,4.134751773,7.75,1
9067,29.0,253.0,4.0045045045,7.2285714286,0
9068,27.0,200.0,4.1567567568,6.25,1
9069,22.0,167.0,4.1292517007,8.35,1
9070,38.0,346.0,4.0,6.7843137255,1
9071,25.0,257.0,3.9647577093,8.5666666667,1
9072,62.0,487.0,4.1697247706,8.8545454545,1
9073,44.0,288.0,4.5564516129,6.2608695652,1
9074,60.0,574.0,4.0,6.3076923077,1
9075,66.0,569.0,3.9925093633,5.806122449,1
9076,50.0,445.0,4.0752941176,6.1805555556,1
9077,89.0,725.0,3.8753623188,7.1078431373,1
9078,88.0,754.0,3.7769784173,9.3086419753,1
9079,76.0,644.0,4.1180327869,5.2357723577,0
9080,91.0,808.0,3.8084815321,8.688172043,1
9081,94.0,647.0,3.7853736089,6.2211538462,1
9082,101.0,841.0,4.1954314721,4.9763313609,1
9083,82.0,742.0,3.7860199715,10.9117647059,1
9084,60.0,542.0,4.1637764933,5.8279569892,0
9085,72.0,664.0,3.9024767802,6.3238095238,1
9086,78.0,613.0,4.301559792,6.9659090909,1
9087,60.0,576.0,3.9163568773,8.4705882353,1
9088,73.0,691.0,3.7257053292,4.4012738854,0
9089,111.0,783.0,4.2764227642,4.7168674699,0
9090,86.0,700.0,4.0404797601,6.7961165049,1
9091,95.0,822.0,4.1758664955,5.3376623377,1
9092,111.0,945.0,3.926744186,6.0967741935,1
9093,116.0,893.0,3.993909866,5.9932885906,1
9094,72.0,649.0,4.1332263242,6.1226415094,0
9095,81.0,832.0,3.6203821656,5.7379310345,1
9096,61.0,471.0,4.1017699115,5.5411764706,0
9097,106.0,929.0,3.8009478673,8.149122807,1
9098,40.0,360.0,3.8,7.3469387755,0
9099,61.0,483.0,4.3922413793,5.03125,1
9100,63.0,518.0,4.1242236025,7.6176470588,1
9101,84.0,637.0,3.8938906752,8.4933333333,1
9102,74.0,715.0,3.7562408223,9.6621621622,1
9103,76.0,610.0,3.8581314879,5.9803921569,1
9104,99.0,1113.0,3.4236760125,5.9838709677,1
9105,100.0,847.0,3.8668310727,4.4345549738,1
9106,98.0,671.0,4.194398682,6.9175257732,1
9107,63.0,489.0,4.0174291939,8.7321428571,1
9108,128.0,1115.0,4.0811921891,6.7987804878,1
9109,82.0,828.0,4.1723237598,5.3419354839,1
9110,95.0,737.0,4.1535150646,6.7614678899,0
9111,56.0,394.0,4.4041450777,6.9122807018,0
9112,108.0,849.0,4.1457219251,7.3826086957,1
9113,102.0,694.0,4.1405082212,7.3829787234,1
9114,36.0,354.0,4.1135531136,11.0625,0
9115,25.0,251.0,3.7596566524,6.4358974359,0
9116,95.0,744.0,4.0549295775,7.5918367347,0
9117,100.0,862.0,3.8877284595,6.3382352941,1
9118,95.0,896.0,3.5995115995,6.3546099291,1
9119,82.0,804.0,3.6904761905,7.5140186916,1
9120,123.0,755.0,4.1182481752,5.1712328767,1
9121,87.0,703.0,4.3452914798,6.3333333333,1
9122,68.0,415.0,4.4170731707,5.1875,1
9123,79.0,709.0,4.1613394216,7.4631578947,0
9124,71.0,728.0,4.3842917251,5.5572519084,1
9125,83.0,715.0,4.4372230428,5.6746031746,1
9126,104.0,957.0,4.1430167598,6.7872340426,0
9127,8.0,136.0,3.0,0.0,0
9128,101.0,853.0,4.3547120419,5.965034965,0
9129,98.0,624.0,4.2235294118,5.3793103448,1
9130,33.0,260.0,4.0995850622,6.5,1
9131,28.0,239.0,4.0521327014,5.6904761905,1
9132,103.0,871.0,4.13625,6.7519379845,0
9133,46.0,380.0,3.7650273224,6.7857142857,1
9134,101.0,754.0,3.9203007519,6.1300813008,0
9135,11.0,24.0,12.0,0.0,0
9136,6.0,64.0,3.8965517241,10.6666666667,0
9137,1.0,5.0,6.0,0.0,0
9138,1.0,3.0,4.5,0.0,0
9139,57.0,475.0,3.4651685393,7.421875,1
9140,5.0,67.0,3.746031746,9.5714285714,1
9141,1.0,8.0,6.3333333333,0.0,0
9142,114.0,725.0,4.2823529412,5.534351145,1
9143,47.0,404.0,3.7636363636,6.7333333333,1
9144,61.0,498.0,3.4772234273,8.0322580645,1
9145,91.0,858.0,3.6138996139,5.3625,0
9146,56.0,413.0,3.9170984456,4.3936170213,0
9147,91.0,777.0,4.5196850394,5.8863636364,1
9148,46.0,414.0,4.1271820449,5.5945945946,1
9149,57.0,435.0,3.7505938242,4.5789473684,0
9150,50.0,446.0,3.8830845771,7.4333333333,0
9151,78.0,601.0,4.168989547,6.6043956044,1
9152,58.0,599.0,3.9261862917,4.9916666667,0
9153,79.0,659.0,3.8784893268,6.7244897959,1
9154,63.0,420.0,4.2050632911,4.2857142857,0
9155,83.0,532.0,3.9722814499,5.5416666667,0
9156,58.0,556.0,3.6722689076,5.1481481481,1
9157,67.0,537.0,4.0432220039,5.9010989011,1
9158,102.0,849.0,3.9393530997,9.8720930233,0
9159,62.0,622.0,3.9012131716,5.1404958678,0
9160,76.0,514.0,3.9482071713,4.9423076923,1
9161,60.0,502.0,3.9628008753,5.5164835165,1
9162,31.0,272.0,3.6753731343,5.1320754717,0
9163,55.0,426.0,4.0412621359,4.6813186813,0
9164,76.0,632.0,4.0674536256,6.7234042553,1
9165,64.0,456.0,3.9770642202,5.9220779221,0
9166,55.0,427.0,4.0120192308,4.6413043478,0
9167,69.0,609.0,3.7685512367,8.4583333333,1
9168,72.0,566.0,4.0667903525,5.7755102041,1
9169,65.0,485.0,4.2210065646,5.843373494,0
9170,50.0,456.0,4.1451247166,5.8461538462,0
9171,73.0,580.0,3.8519195612,4.2028985507,1
9172,77.0,513.0,3.7356557377,6.4936708861,1
9173,9.0,426.0,4.1787564767,5.1325301205,0
9174,60.0,448.0,4.2164009112,4.8695652174,1
9175,15.0,137.0,3.9925373134,6.85,0
9176,15.0,580.0,3.7898686679,5.1785714286,0
9177,134.0,1130.0,3.982706002,7.4342105263,1
9178,90.0,562.0,3.8605947955,6.2444444444,1
9179,28.0,415.0,3.9715909091,6.5873015873,1
9180,54.0,465.0,4.0,5.6024096386,1
9181,5.0,370.0,4.081300813,5.9677419355,1
9182,15.0,432.0,4.0326086957,7.8545454545,0
9183,48.0,369.0,4.2486338798,5.4264705882,1
9184,11.0,415.0,4.0335195531,5.0,1
9185,90.0,698.0,4.370675453,4.8811188811,0
9186,24.0,542.0,3.7436399217,5.1132075472,0
9187,53.0,697.0,3.8051118211,5.6209677419,1
9188,6.0,346.0,4.0323624595,8.65,0
9189,20.0,519.0,4.0560165975,5.0882352941,0
9190,34.0,290.0,4.0452830189,6.3043478261,1
9191,84.0,706.0,3.8426323319,5.1532846715,1
9192,27.0,609.0,4.2527075812,6.4787234043,1
9193,9.0,638.0,3.9398230088,6.1941747573,1
9194,59.0,844.0,3.441091954,11.5616438356,1
9195,57.0,468.0,3.8164146868,6.24,1
9196,10.0,481.0,3.8545034642,10.4565217391,1
9197,6.0,379.0,3.746031746,8.0638297872,1
9198,10.0,345.0,4.0260586319,7.6666666667,0
9199,80.0,774.0,4.0247452693,6.5593220339,1
9200,53.0,393.0,3.9866666667,4.9125,1
9201,71.0,527.0,4.0961923848,5.0673076923,0
9202,63.0,420.0,4.2050632911,4.2857142857,0
9203,52.0,705.0,4.0626029654,7.1212121212,1
9204,50.0,401.0,3.9897435897,6.0757575758,0
9205,22.0,641.0,4.1558441558,6.2233009709,1
9206,54.0,764.0,3.7122302158,8.8837209302,1
9207,16.0,339.0,4.1118421053,8.6923076923,1
9208,31.0,227.0,3.8333333333,5.4047619048,0
9209,7.0,245.0,4.2570093458,7.4242424242,1
9210,16.0,649.0,4.0655462185,5.7946428571,0
9211,26.0,472.0,3.8682352941,6.4657534247,1
9212,62.0,466.0,4.0044642857,5.5476190476,1
9213,40.0,625.0,4.0054945055,6.5104166667,1
9214,43.0,327.0,3.7623762376,5.0307692308,0
9215,89.0,577.0,3.9087719298,5.3425925926,1
9216,60.0,488.0,4.0828025478,5.4831460674,1
9217,32.0,221.0,3.5862068966,5.3902439024,0
9218,70.0,618.0,3.907063197,5.3739130435,1
9219,98.0,811.0,3.8854166667,5.4797297297,1
9220,73.0,736.0,3.9707241911,5.6615384615,1
9221,66.0,491.0,3.9102564103,7.4393939394,1
9222,86.0,586.0,3.8327526132,5.376146789,0
9223,75.0,662.0,3.8636363636,5.5166666667,0
9224,68.0,675.0,4.0889570552,5.5785123967,1
9225,64.0,407.0,4.0604534005,6.564516129,0
9226,119.0,1048.0,4.0977596741,7.8796992481,1
9227,53.0,543.0,3.7922077922,6.7037037037,0
9228,87.0,640.0,3.7874794069,7.4418604651,0
9229,60.0,398.0,4.2846347607,5.3783783784,0
9230,151.0,894.0,3.9874857793,7.152,1
9231,73.0,568.0,4.1039697543,5.358490566,1
9232,68.0,382.0,4.4435695538,5.7014925373,0
9233,57.0,370.0,4.3089430894,4.8051948052,1
9234,57.0,549.0,3.8418972332,5.3823529412,1
9235,50.0,501.0,3.8967032967,5.9642857143,1
9236,78.0,477.0,4.3151260504,5.6117647059,0
9237,56.0,603.0,3.7578740157,10.05,1
9238,74.0,460.0,3.7004608295,6.8656716418,0
9239,53.0,390.0,4.1413333333,5.5714285714,0
9240,83.0,664.0,4.0380348653,6.1481481481,1
9241,73.0,620.0,3.7189542484,5.9047619048,1
9242,67.0,428.0,4.2894736842,5.4871794872,1
9243,65.0,438.0,3.6382978723,6.5373134328,1
9244,84.0,711.0,3.8970149254,6.2920353982,1
9245,55.0,398.0,4.3080939948,5.3066666667,1
9246,42.0,340.0,3.9580838323,4.9275362319,0
9247,57.0,477.0,4.283446712,6.2763157895,1
9248,58.0,432.0,4.0357142857,5.4,1
9249,52.0,326.0,4.0974842767,7.5813953488,1
9250,60.0,490.0,3.8886509636,6.4473684211,1
9251,70.0,473.0,3.9884792627,8.1551724138,0
9252,49.0,355.0,4.2492753623,6.9607843137,0
9253,67.0,464.0,3.7341463415,7.0303030303,0
9254,64.0,443.0,3.5379146919,6.6119402985,0
9255,90.0,715.0,3.8747763864,8.4117647059,1
9256,37.0,412.0,3.5351758794,5.7222222222,0
9257,89.0,588.0,4.1765799257,6.1894736842,1
9258,90.0,491.0,3.8767967146,4.504587156,1
9259,65.0,508.0,3.788,6.4303797468,0
9260,71.0,621.0,3.9550561798,8.5068493151,1
9261,76.0,475.0,3.7925764192,6.6901408451,0
9262,46.0,374.0,3.855907781,7.0566037736,0
9263,57.0,550.0,3.852398524,6.043956044,1
9264,60.0,454.0,3.7215189873,6.3055555556,0
9265,53.0,470.0,3.7658643326,5.875,0
9266,58.0,602.0,3.9378531073,9.2615384615,0
9267,52.0,484.0,4.017721519,5.5,0
9268,82.0,467.0,4.0578703704,5.1318681319,0
9269,72.0,597.0,3.8904109589,6.4193548387,1
9270,63.0,565.0,4.1635610766,7.1518987342,0
9271,84.0,535.0,4.0888888889,7.4305555556,1
9272,1.0,10.0,5.5,0.0,0
9273,74.0,583.0,4.2369942197,6.4065934066,1
9274,66.0,580.0,3.854214123,7.5324675325,1
9275,73.0,743.0,3.9047619048,8.4431818182,1
9276,86.0,741.0,4.0423280423,8.6162790698,1
9277,54.0,445.0,4.206043956,7.5423728814,1
9278,66.0,765.0,3.7113402062,8.7931034483,1
9279,54.0,441.0,4.1168091168,7.7368421053,1
9280,68.0,700.0,3.5442804428,9.0909090909,1
9281,41.0,384.0,4.05,6.2950819672,1
9282,41.0,325.0,4.8278688525,9.0277777778,1
9283,43.0,403.0,4.1145510836,6.606557377,1
9284,56.0,553.0,3.9369369369,7.9,0
9285,52.0,502.0,3.8897243108,7.2753623188,1
9286,45.0,482.0,4.1818181818,8.3103448276,1
9287,80.0,628.0,4.0113207547,6.4081632653,1
9288,75.0,535.0,4.203125,4.4957983193,1
9289,39.0,543.0,3.9696969697,11.8043478261,1
9290,54.0,606.0,4.0917647059,10.4482758621,1
9291,64.0,615.0,3.4666666667,6.4736842105,1
9292,58.0,508.0,3.9248291572,4.6605504587,0
9293,41.0,416.0,3.7027777778,8.6666666667,1
9294,66.0,638.0,3.8176895307,5.452991453,1
9295,60.0,531.0,3.9051918736,6.1744186047,0
9296,80.0,647.0,3.8113948919,9.2428571429,1
9297,60.0,363.0,4.5423197492,6.3684210526,0
9298,57.0,448.0,3.6155988858,6.8923076923,1
9299,65.0,559.0,3.9342403628,9.6379310345,1
9300,32.0,319.0,3.8783269962,7.7804878049,0
9301,69.0,728.0,4.0253164557,5.7322834646,1
9302,38.0,404.0,3.8222222222,6.3125,1
9303,63.0,503.0,3.9411764706,6.9861111111,1
9304,75.0,621.0,3.9137529138,10.35,1
9305,64.0,616.0,3.7014218009,7.0,1
9306,36.0,316.0,4.2554744526,5.8518518519,1
9307,46.0,367.0,3.7814814815,9.9189189189,1
9308,54.0,471.0,4.1308641975,4.9578947368,0
9309,54.0,572.0,3.744047619,6.8915662651,1
9310,39.0,449.0,4.1311053985,6.1506849315,1
9311,20.0,203.0,3.9153439153,5.9705882353,1
9312,9.0,64.0,3.9,4.5714285714,1
9313,66.0,810.0,3.8013468013,10.6578947368,1
9314,58.0,669.0,3.8103756708,6.7575757576,0
9315,50.0,488.0,4.009569378,6.8732394366,1
9316,57.0,520.0,4.277027027,7.8787878788,1
9317,51.0,549.0,4.204845815,9.0,1
9318,80.0,644.0,4.3102040816,9.3333333333,1
9319,50.0,385.0,4.1008645533,5.6617647059,0
9320,77.0,810.0,4.2255192878,8.6170212766,1
9321,52.0,426.0,4.1697612732,7.4736842105,1
9322,34.0,332.0,4.0858085809,6.3846153846,1
9323,56.0,604.0,3.9780621572,6.3578947368,1
9324,39.0,445.0,4.0380434783,9.6739130435,1
9325,54.0,564.0,4.0588235294,9.5593220339,1
9326,48.0,448.0,4.0342105263,6.7878787879,1
9327,77.0,992.0,4.0320855615,9.2710280374,1
9328,56.0,701.0,4.1589285714,6.2589285714,1
9329,67.0,516.0,4.3894230769,9.5555555556,1
9330,49.0,501.0,4.156462585,7.828125,1
9331,50.0,547.0,3.9734151329,8.0441176471,1
9332,61.0,486.0,3.9384965831,7.4769230769,1
9333,40.0,441.0,4.0810055866,8.4807692308,1
9334,52.0,456.0,4.1073298429,7.2380952381,1
9335,40.0,524.0,4.0597014925,11.6444444444,1
9336,38.0,457.0,3.9620596206,9.3265306122,1
9337,61.0,648.0,4.0096339114,7.0434782609,1
9338,46.0,525.0,4.0480549199,7.6086956522,1
9339,67.0,554.0,4.0098814229,5.2761904762,1
9340,66.0,543.0,4.2668112798,7.6478873239,1
9341,41.0,491.0,3.8923884514,8.4655172414,1
9342,64.0,546.0,4.2330508475,8.53125,1
9343,54.0,554.0,4.0823293173,6.1555555556,1
9344,62.0,662.0,4.119266055,7.1182795699,1
9345,81.0,616.0,4.0684684685,5.5,1
9346,58.0,559.0,4.2584269663,8.6,1
9347,34.0,341.0,4.4503816794,12.6296296296,1
9348,63.0,507.0,3.8642533937,6.76,1
9349,52.0,458.0,4.2506265664,5.4523809524,1
9350,58.0,646.0,3.7814814815,6.7291666667,1
9351,55.0,562.0,4.4203233256,8.9206349206,1
9352,37.0,418.0,4.0088235294,7.6,1
9353,49.0,422.0,4.0970588235,6.9180327869,1
9354,47.0,491.0,4.0818858561,7.4393939394,1
9355,34.0,447.0,4.0824175824,6.8769230769,1
9356,48.0,400.0,4.2970588235,7.1428571429,1
9357,51.0,429.0,4.1331521739,6.2173913043,1
9358,21.0,230.0,4.0810810811,6.9696969697,1
9359,64.0,547.0,4.0041237113,4.7565217391,1
9360,43.0,403.0,3.9861878453,5.8405797101,1
9361,22.0,275.0,4.2027027027,8.3333333333,1
9362,35.0,351.0,3.9656357388,9.0,1
9363,28.0,262.0,3.9266055046,6.0930232558,1
9364,47.0,420.0,3.6819484241,3.9622641509,0
9365,48.0,330.0,3.8506493506,4.3421052632,0
9366,48.0,381.0,3.9096573209,6.1451612903,1
9367,52.0,360.0,3.9317507418,5.1428571429,1
9368,23.0,176.0,4.3379310345,7.3333333333,1
9369,59.0,445.0,4.1473684211,7.1774193548,1
9370,67.0,439.0,4.8571428571,7.8392857143,1
9371,65.0,431.0,4.225974026,6.4328358209,0
9372,49.0,365.0,4.3805668016,14.0384615385,1
9373,15.0,128.0,4.6578947368,5.3333333333,1
9374,49.0,356.0,4.1565495208,6.7169811321,0
9375,18.0,175.0,3.6981132075,7.0,1
9376,59.0,492.0,4.2776203966,11.4418604651,0
9377,46.0,311.0,3.8992248062,5.9807692308,1
9378,26.0,191.0,3.904109589,15.9166666667,1
9379,57.0,369.0,3.884244373,7.8510638298,1
9380,24.0,217.0,4.0,8.037037037,0
9381,25.0,178.0,4.2208588957,6.8461538462,1
9382,21.0,122.0,5.0283018868,7.1764705882,0
9383,51.0,317.0,3.9666666667,9.0571428571,0
9384,70.0,402.0,4.3126684636,7.1785714286,0
9385,46.0,317.0,4.0788530466,6.34,1
9386,41.0,240.0,4.0349344978,4.6153846154,0
9387,57.0,394.0,3.9677419355,6.9122807018,1
9388,20.0,145.0,3.9541984733,4.3939393939,1
9389,54.0,393.0,3.8137535817,7.1454545455,1
9390,47.0,405.0,3.8804347826,4.4505494505,0
9391,44.0,412.0,4.2213114754,6.2424242424,1
9392,25.0,239.0,3.4731182796,14.9375,0
9393,41.0,374.0,4.0250696379,7.48,0
9394,50.0,472.0,3.9216216216,7.6129032258,1
9395,27.0,219.0,3.8926829268,4.7608695652,0
9396,1.0,3.0,10.3333333333,0.0,0
9397,36.0,203.0,4.4922279793,8.4583333333,0
9398,26.0,174.0,4.3227848101,6.96,0
9399,27.0,256.0,4.850678733,9.4814814815,0
9400,42.0,345.0,4.0965517241,9.8571428571,1
9401,50.0,291.0,4.0720338983,10.7777777778,1
9402,26.0,198.0,3.8296703297,5.2105263158,1
9403,57.0,432.0,4.4797843666,9.6,1
9404,41.0,285.0,4.0905172414,7.7027027027,1
9405,15.0,218.0,3.8709677419,7.7857142857,0
9406,28.0,198.0,4.4099378882,10.4210526316,0
9407,92.0,855.0,3.724757953,8.3823529412,1
9408,59.0,355.0,3.7784615385,5.9166666667,0
9409,67.0,683.0,3.4181494662,6.6310679612,1
9410,63.0,554.0,3.867768595,6.756097561,1
9411,63.0,594.0,3.9111570248,5.7669902913,1
9412,50.0,614.0,3.8565022422,7.8717948718,0
9413,73.0,722.0,3.9035250464,7.9340659341,1
9414,67.0,524.0,4.2,6.4691358025,1
9415,79.0,469.0,3.7942708333,7.2153846154,0
9416,82.0,632.0,3.9778225806,8.5405405405,1
9417,52.0,502.0,3.914221219,6.1975308642,1
9418,66.0,588.0,4.0506912442,10.1379310345,1
9419,66.0,513.0,3.8349753695,9.5,1
9420,51.0,431.0,3.7351190476,8.9791666667,1
9421,103.0,1089.0,3.9769850403,7.9489051095,1
9422,76.0,485.0,4.1336206897,4.85,1
9423,60.0,515.0,3.8888888889,6.6883116883,1
9424,56.0,417.0,4.0,6.619047619,1
9425,74.0,726.0,3.8466135458,9.1898734177,1
9426,62.0,507.0,3.87,7.6818181818,1
9427,62.0,446.0,4.1417910448,7.8245614035,1
9428,57.0,436.0,3.8401084011,5.8133333333,1
9429,34.0,267.0,4.1834061135,7.6285714286,0
9430,90.0,667.0,3.8532110092,8.7763157895,1
9431,58.0,550.0,3.8389830508,7.1428571429,1
9432,71.0,482.0,4.0299539171,6.4266666667,0
9433,36.0,353.0,3.9605734767,7.06,1
9434,106.0,824.0,4.119760479,6.592,1
9435,47.0,455.0,3.8428571429,7.2222222222,1
9436,82.0,637.0,4.025862069,6.125,1
9437,59.0,423.0,4.2091152815,7.6909090909,1
9438,48.0,334.0,4.3859060403,5.8596491228,0
9439,101.0,787.0,3.9812409812,7.87,1
9440,73.0,650.0,3.7775735294,7.6470588235,1
9441,47.0,401.0,3.623880597,8.3541666667,1
9442,50.0,491.0,3.9088669951,7.4393939394,0
9443,14.0,213.0,4.7333333333,6.0857142857,1
9444,69.0,607.0,3.9393939394,7.5875,1
9445,54.0,445.0,3.8953168044,7.0634920635,1
9446,59.0,453.0,4.0855745721,6.1216216216,1
9447,50.0,423.0,3.8161209068,6.4090909091,1
9448,40.0,457.0,3.3819241983,7.7457627119,0
9449,82.0,539.0,3.9777777778,6.1954022989,1
9450,43.0,548.0,3.8648648649,9.6140350877,1
9451,94.0,735.0,4.2093425606,9.9324324324,1
9452,77.0,428.0,4.0822622108,6.7936507937,1
9453,65.0,549.0,4.1694560669,7.32,1
9454,68.0,596.0,4.0573613767,6.4086021505,0
9455,37.0,269.0,3.7456896552,6.4047619048,0
9456,59.0,493.0,3.7780612245,8.3559322034,1
9457,57.0,549.0,3.689119171,9.4655172414,1
9458,79.0,727.0,4.0048465267,6.6090909091,1
9459,39.0,402.0,3.8818181818,8.2040816327,0
9460,63.0,564.0,4.0128479657,6.962962963,1
9461,69.0,520.0,3.8486352357,7.323943662,0
9462,57.0,394.0,4.0061728395,6.9122807018,1
9463,63.0,546.0,3.9117647059,6.7407407407,1
9464,76.0,642.0,3.8768577495,9.4411764706,1
9465,49.0,564.0,3.933747412,6.7951807229,1
9466,43.0,360.0,4.0862619808,7.6595744681,1
9467,55.0,402.0,4.0184210526,4.962962963,1
9468,53.0,392.0,3.9538904899,7.5384615385,1
9469,41.0,337.0,3.9735099338,7.3260869565,1
9470,72.0,681.0,3.8336520076,8.9605263158,1
9471,65.0,425.0,4.0658227848,7.2033898305,1
9472,66.0,543.0,3.6740890688,6.3882352941,1
9473,45.0,500.0,4.0911111111,5.8139534884,1
9474,53.0,496.0,3.9192825112,4.5090909091,1
9475,43.0,469.0,3.8553299492,7.564516129,1
9476,73.0,526.0,3.7051282051,7.7352941176,1
9477,41.0,334.0,3.8706293706,5.8596491228,1
9478,55.0,642.0,3.8127413127,7.3793103448,1
9479,63.0,506.0,3.9573033708,6.9315068493,1
9480,65.0,566.0,4.1873684211,6.8192771084,0
9481,24.0,143.0,4.1824817518,5.2962962963,1
9482,68.0,584.0,3.7161904762,6.8705882353,1
9483,48.0,424.0,4.3663911846,6.625,0
9484,37.0,221.0,4.17,6.5,1
9485,56.0,507.0,4.0924574209,8.0476190476,1
9486,74.0,734.0,4.0836120401,7.2673267327,1
9487,55.0,550.0,4.1603375527,7.1428571429,1
9488,35.0,222.0,4.1398963731,6.5294117647,1
9489,39.0,290.0,3.972,6.7441860465,1
9490,72.0,584.0,3.9371428571,6.1473684211,0
9491,49.0,541.0,3.8747099768,7.7285714286,1
9492,39.0,346.0,3.926984127,6.4074074074,0
9493,64.0,563.0,4.0319829424,8.1594202899,1
9494,52.0,515.0,3.9123931624,6.130952381,1
9495,73.0,529.0,3.6993006993,7.0533333333,1
9496,35.0,211.0,4.1649484536,6.2058823529,1
9497,77.0,551.0,4.0044444444,5.8617021277,1
9498,51.0,374.0,3.9289940828,6.8,1
9499,61.0,472.0,4.3249370277,5.9,1
9500,34.0,352.0,3.4119601329,6.7692307692,0
9501,51.0,596.0,4.0444444444,8.1643835616,1
9502,55.0,526.0,4.0358056266,13.15,1
9503,51.0,400.0,3.8206521739,4.8780487805,1
9504,51.0,517.0,3.6423529412,5.808988764,1
9505,30.0,282.0,3.7722772277,8.2941176471,0
9506,70.0,687.0,4.0907563025,5.8220338983,1
9507,59.0,428.0,4.3054830287,6.2028985507,1
9508,79.0,665.0,3.9162112933,6.1574074074,1
9509,45.0,403.0,4.0858895706,7.0701754386,1
9510,67.0,422.0,4.1465968586,7.0333333333,1
9511,67.0,473.0,4.1614457831,13.5142857143,1
9512,67.0,662.0,3.8801571709,8.4871794872,1
9513,60.0,502.0,3.8628841608,6.9722222222,1
9514,57.0,500.0,3.7974137931,7.3529411765,1
9515,67.0,610.0,4.0460405157,7.1764705882,1
9516,51.0,495.0,3.8982630273,9.5192307692,1
9517,56.0,605.0,3.8888888889,7.1176470588,1
9518,62.0,561.0,3.8721973094,7.5810810811,0
9519,63.0,549.0,3.8864628821,6.1,1
9520,58.0,484.0,3.7403846154,6.2857142857,1
9521,56.0,499.0,3.8891454965,6.3974358974,1
9522,75.0,691.0,4.2857142857,7.2736842105,1
9523,68.0,613.0,3.8138195777,7.858974359,1
9524,79.0,624.0,3.9257884972,5.243697479,1
9525,62.0,557.0,3.731092437,5.6262626263,1
9526,74.0,648.0,3.8813559322,8.0,1
9527,70.0,547.0,3.9098901099,7.8142857143,1
9528,32.0,301.0,4.0150943396,7.0,1
9529,55.0,568.0,3.7981438515,9.7931034483,1
9530,62.0,410.0,4.197740113,6.9491525424,1
9531,44.0,422.0,4.1363636364,9.1739130435,1
9532,49.0,272.0,3.9465648855,4.6101694915,1
9533,43.0,401.0,4.0664739884,6.0757575758,0
9534,86.0,803.0,3.9428571429,7.7961165049,1
9535,36.0,382.0,3.8975265018,11.5757575758,1
9536,79.0,457.0,4.1051401869,6.6231884058,1
9537,68.0,560.0,4.0755148741,6.9135802469,1
9538,40.0,477.0,3.6839506173,6.36,0
9539,69.0,559.0,3.8626262626,6.1428571429,1
9540,21.0,171.0,4.0779220779,8.55,1
9541,34.0,369.0,4.0128617363,6.4736842105,1
9542,51.0,410.0,3.9110429448,11.0810810811,1
9543,53.0,599.0,3.8087912088,8.0945945946,1
9544,36.0,347.0,3.7777777778,7.3829787234,1
9545,68.0,546.0,3.6054421769,5.3009708738,0
9546,49.0,395.0,3.9400544959,5.1298701299,1
9547,52.0,640.0,3.8964143426,8.0,1
9548,58.0,489.0,3.9694835681,6.1898734177,1
9549,50.0,438.0,4.0103626943,5.4074074074,1
9550,21.0,52.0,5.9803921569,2.7368421053,0
9551,45.0,359.0,3.8571428571,5.5230769231,0
9552,49.0,449.0,3.9554455446,4.9888888889,0
9553,37.0,285.0,3.96812749,5.7,0
9554,56.0,461.0,4.1173594132,5.4880952381,1
9555,52.0,394.0,3.9198895028,6.15625,0
9556,64.0,481.0,4.2227722772,9.431372549,1
9557,19.0,127.0,3.9464285714,6.6842105263,1
9558,23.0,144.0,4.1985294118,6.5454545455,0
9559,34.0,294.0,3.9657794677,5.7647058824,0
9560,83.0,634.0,4.3660130719,8.9295774648,1
9561,74.0,623.0,4.0413793103,5.3247863248,1
9562,66.0,533.0,3.8174097665,6.3452380952,1
9563,84.0,771.0,3.8853695324,8.2021276596,1
9564,69.0,1025.0,3.8143939394,8.4710743802,1
9565,83.0,535.0,4.5744680851,6.7721518987,1
9566,78.0,879.0,4.0223463687,7.7787610619,1
9567,117.0,1144.0,3.970917226,9.4545454545,1
9568,45.0,384.0,3.6559485531,6.8571428571,1
9569,93.0,833.0,4.0355555556,6.7723577236,1
9570,78.0,744.0,3.8520325203,8.1758241758,1
9571,70.0,587.0,4.1054481547,15.0512820513,1
9572,93.0,932.0,3.9518779343,6.1315789474,0
9573,69.0,710.0,4.0818815331,10.0,1
9574,71.0,654.0,3.8503787879,6.8842105263,1
9575,74.0,593.0,4.0699432892,10.7818181818,1
9576,110.0,992.0,4.0906832298,8.4786324786,1
9577,65.0,486.0,4.2892938497,6.75,1
9578,42.0,492.0,3.7407407407,7.3432835821,1
9579,64.0,596.0,4.030075188,5.8431372549,1
9580,87.0,808.0,4.0439393939,8.7826086957,1
9581,93.0,737.0,4.3426791277,5.6692307692,1
9582,55.0,441.0,4.1548913043,6.7846153846,1
9583,89.0,651.0,4.1256281407,9.7164179104,0
9584,49.0,491.0,4.1425339367,7.7936507937,0
9585,51.0,379.0,3.8753462604,4.9220779221,1
9586,87.0,769.0,3.8087349398,6.2520325203,0
9587,34.0,379.0,3.7835365854,7.1509433962,1
9588,70.0,626.0,4.0180032733,5.5892857143,1
9589,50.0,456.0,3.8406862745,5.6296296296,0
9590,47.0,393.0,4.3463687151,6.55,1
9591,61.0,686.0,3.9270315091,8.0705882353,1
9592,52.0,460.0,4.1625615764,5.974025974,1
9593,61.0,541.0,4.1498973306,5.5773195876,1
9594,48.0,444.0,4.1842105263,7.5254237288,1
9595,49.0,465.0,4.0465686275,7.380952381,1
9596,45.0,317.0,3.8784722222,9.3235294118,0
9597,59.0,526.0,3.7811059908,6.2619047619,1
9598,70.0,460.0,3.8841607565,6.5714285714,1
9599,69.0,682.0,3.9618181818,7.4130434783,1
9600,50.0,499.0,4.2134570766,8.7543859649,1
9601,61.0,511.0,3.4988764045,5.0594059406,1
9602,74.0,631.0,4.0264650284,9.1449275362,1
9603,72.0,423.0,3.8833333333,4.7,1
9604,75.0,692.0,3.7588532884,9.2266666667,1
9605,65.0,498.0,4.2466367713,6.9166666667,1
9606,96.0,687.0,4.041015625,7.4673913043,1
9607,91.0,689.0,4.3111831442,10.6,1
9608,65.0,592.0,4.4739884393,12.5957446809,1
9609,55.0,397.0,4.0118694362,7.2181818182,1
9610,85.0,725.0,4.043956044,7.0388349515,1
9611,49.0,471.0,3.9423076923,5.1195652174,1
9612,40.0,346.0,3.8966789668,7.3617021277,1
9613,32.0,365.0,3.8634920635,6.4035087719,1
9614,57.0,509.0,3.8584269663,7.8307692308,1
9615,58.0,607.0,4.3457760314,6.3229166667,1
9616,50.0,449.0,4.1119402985,7.015625,1
9617,37.0,254.0,4.5540540541,7.9375,1
9618,45.0,391.0,3.8885714286,6.7413793103,1
9619,49.0,520.0,3.8442822384,7.8787878788,1
9620,60.0,489.0,4.085995086,7.1911764706,0
9621,57.0,442.0,4.2277227723,6.696969697,1
9622,59.0,507.0,3.952688172,6.3375,1
9623,72.0,463.0,4.0023529412,5.3837209302,1
9624,30.0,287.0,4.3522267206,7.358974359,0
9625,57.0,494.0,3.9903846154,7.4848484848,0
9626,64.0,528.0,3.3645083933,9.2631578947,1
9627,63.0,588.0,4.1029411765,9.8,1
9628,27.0,274.0,3.658008658,5.9565217391,0
9629,53.0,283.0,4.4124513619,8.3235294118,1
9630,71.0,686.0,4.1451048951,8.3658536585,1
9631,51.0,397.0,4.0523415978,5.4383561644,1
9632,63.0,665.0,3.926199262,8.1097560976,1
9633,67.0,536.0,4.0120481928,6.961038961,1
9634,88.0,702.0,4.0349206349,7.5483870968,1
9635,64.0,514.0,4.1767151767,5.5869565217,0
9636,51.0,332.0,4.2432432432,6.5098039216,1
9637,61.0,580.0,4.1082089552,6.3736263736,1
9638,41.0,314.0,3.6312056738,4.6176470588,0
9639,59.0,522.0,4.1890243902,6.4444444444,1
9640,43.0,406.0,3.7122093023,5.4133333333,0
9641,42.0,354.0,4.7174603175,7.5319148936,0
9642,98.0,687.0,4.3540669856,8.6962025316,1
9643,63.0,643.0,3.6392523364,8.5733333333,1
9644,61.0,561.0,4.14481409,6.3033707865,1
9645,51.0,543.0,4.1219512195,10.4423076923,1
9646,71.0,611.0,4.2,6.5,1
9647,71.0,593.0,4.3769911504,5.1120689655,1
9648,62.0,568.0,4.2424242424,8.231884058,1
9649,41.0,490.0,3.75,8.1666666667,1
9650,156.0,1505.0,3.8266883645,7.9210526316,1
9651,78.0,603.0,4.132780083,6.6263736264,1
9652,42.0,363.0,3.9903536977,9.075,0
9653,53.0,344.0,4.3588957055,7.0204081633,1
9654,65.0,478.0,3.854214123,6.4594594595,1
9655,39.0,403.0,4.0954907162,6.9482758621,1
9656,29.0,264.0,3.9392712551,5.0769230769,0
9657,68.0,582.0,4.2721382289,6.3260869565,1
9658,62.0,576.0,4.1988636364,7.0243902439,1
9659,8.0,39.0,4.0967741935,9.75,0
9660,46.0,431.0,4.1246612466,5.4556962025,1
9661,85.0,834.0,3.8831908832,7.4464285714,1
9662,52.0,481.0,3.9300699301,5.3444444444,1
9663,45.0,417.0,3.9585635359,8.5102040816,1
9664,29.0,278.0,4.0791666667,7.7222222222,1
9665,43.0,368.0,4.0307167235,7.5102040816,1
9666,37.0,340.0,4.1406844106,7.2340425532,0
9667,80.0,716.0,4.261682243,7.6989247312,1
9668,57.0,604.0,4.031512605,11.1851851852,1
9669,72.0,617.0,3.6016260163,8.3378378378,1
9670,57.0,409.0,4.1084656085,7.3035714286,1
9671,47.0,367.0,4.1213872832,9.175,1
9672,55.0,421.0,4.2234042553,8.5918367347,1
9673,40.0,315.0,4.2093862816,6.1764705882,1
9674,40.0,356.0,3.9879518072,6.7169811321,1
9675,50.0,443.0,4.3139841689,9.4255319149,1
9676,66.0,658.0,3.9714795009,7.7411764706,1
9677,77.0,650.0,4.1022727273,7.1428571429,1
9678,39.0,321.0,3.9349315068,7.6428571429,1
9679,61.0,537.0,4.1252653928,6.5487804878,1
9680,82.0,664.0,4.0416666667,9.4857142857,1
9681,50.0,485.0,3.9063291139,8.2203389831,1
9682,54.0,600.0,3.7878787879,6.1224489796,1
9683,53.0,487.0,4.0569948187,8.3965517241,1
9684,40.0,424.0,4.4145454545,10.3414634146,1
9685,49.0,329.0,4.0096463023,6.2075471698,0
9686,92.0,716.0,4.4877675841,7.6170212766,1
9687,96.0,867.0,3.933915212,5.7417218543,1
9688,50.0,580.0,3.5733082707,12.6086956522,1
9689,59.0,558.0,3.6892778993,10.1454545455,1
9690,92.0,789.0,3.9376731302,5.7591240876,1
9691,55.0,422.0,4.2541899441,5.8611111111,1
9692,29.0,313.0,3.8246268657,62.6,0
9693,25.0,210.0,4.2368421053,7.0,1
9694,80.0,756.0,4.2171945701,5.6417910448,1
9695,84.0,761.0,3.987197724,7.0462962963,1
9696,74.0,559.0,3.9090909091,8.6,1
9697,117.0,870.0,4.4820574163,7.0161290323,1
9698,28.0,266.0,3.0,0.0,1
9699,1.0,7.0,6.3333333333,0.0,0
9700,96.0,861.0,4.0256097561,11.3289473684,1
9701,1.0,4.0,6.75,0.0,0
9702,10.0,190.0,4.3352941176,5.1351351351,1
9703,121.0,1004.0,3.9802083333,5.3978494624,1
9704,81.0,644.0,4.4124579125,8.1518987342,1
9705,97.0,850.0,4.1961783439,6.2962962963,1
9706,40.0,301.0,4.3886462882,8.1351351351,1
9707,88.0,771.0,4.1643646409,8.03125,1
9708,83.0,729.0,3.8330827068,10.125,1
9709,39.0,360.0,4.0780780781,7.0588235294,1
9710,14.0,38.0,4.1379310345,0.0,1
9711,53.0,460.0,4.222737819,6.9696969697,1
9712,99.0,867.0,4.4721189591,6.0208333333,1
9713,73.0,664.0,4.0628019324,5.7739130435,1
9714,100.0,580.0,4.3752181501,6.1052631579,1
9715,79.0,611.0,4.3049403748,5.407079646,1
9716,91.0,790.0,3.826435247,4.6470588235,1
9717,80.0,739.0,4.0489296636,7.0380952381,1
9718,60.0,473.0,4.2522727273,8.0169491525,0
9719,88.0,567.0,4.3364312268,8.859375,1
9720,27.0,336.0,4.3605442177,6.3396226415,1
9721,73.0,613.0,4.0490367776,5.3771929825,1
9722,29.0,281.0,3.7807017544,6.2444444444,1
9723,62.0,465.0,3.7906976744,5.0543478261,1
9724,51.0,419.0,3.7154696133,5.7397260274,1
9725,58.0,491.0,4.012708814,6.764171123000001,0
9726,50.0,476.0,3.92147806,7.2121212121,0
9727,81.0,483.0,4.6258660508,6.44,1
9728,41.0,357.0,4.3198757764,5.6666666667,0
9729,61.0,410.0,4.1368421053,5.6944444444,0
9730,72.0,599.0,3.9031078611,5.9306930693,0
9731,31.0,341.0,3.8469055375,5.9824561404,1
9732,14.0,83.0,3.3493975904,10.375,0
9733,37.0,252.0,4.5381165919,7.2,1
9734,69.0,698.0,3.9348484848,6.2882882883,1
9735,42.0,296.0,4.64,8.4571428571,0
9736,59.0,497.0,4.2053941909,7.8888888889,1
9737,103.0,1047.0,3.9524301965,6.2321428571,0
9738,76.0,696.0,4.1109422492,6.3272727273,1
9739,41.0,271.0,3.9245283019,7.1315789474,1
9740,1.0,7.0,6.8571428571,0.0,0
9741,83.0,673.0,3.8634146341,5.852173913,0
9742,72.0,376.0,4.4198895028,8.1739130435,1
9743,56.0,480.0,3.9423076923,6.1538461538,1
9744,61.0,565.0,4.0699432892,5.65,1
9745,75.0,544.0,4.1001964637,6.2528735632,1
9746,32.0,346.0,4.5,6.92,1
9747,57.0,396.0,4.0758426966,8.25,1
9748,80.0,469.0,4.7123287671,11.1666666667,1
9749,56.0,455.0,4.112565445,10.1111111111,0
9750,58.0,462.0,3.6246973366,10.7441860465,0
9751,77.0,491.0,4.6302083333,12.9210526316,1
9752,70.0,613.0,4.0043290043,8.7571428571,1
9753,68.0,363.0,4.1398176292,7.26,1
9754,62.0,345.0,3.8641975309,6.9,0
9755,73.0,571.0,3.9672801636,6.6395348837,0
9756,63.0,540.0,4.1542168675,9.1525423729,0
9757,59.0,472.0,4.1277641278,6.6478873239,0
9758,57.0,471.0,4.3101604278,8.8867924528,0
9759,27.0,178.0,4.2469135802,6.1379310345,0
9760,69.0,400.0,4.5012987013,6.0606060606,0
9761,48.0,407.0,3.884057971,6.1666666667,1
9762,75.0,463.0,3.9620853081,7.0151515152,1
9763,36.0,324.0,4.0281124498,7.5348837209,1
9764,55.0,404.0,3.9218328841,4.7529411765,0
9765,56.0,370.0,3.5149700599,5.873015873,0
9766,21.0,153.0,4.3082706767,9.0,0
9767,74.0,445.0,4.0455635492,6.953125,0
9768,45.0,277.0,4.0581395349,5.0363636364,1
9769,48.0,301.0,3.9049429658,6.2708333333,1
9770,49.0,325.0,3.6875,6.7708333333,1
9771,24.0,271.0,4.018957346,9.3448275862,0
9772,67.0,513.0,4.516372796,23.3181818182,1
9773,57.0,495.0,4.163507109,7.3880597015,0
9774,64.0,462.0,3.9575596817,7.7,1
9775,44.0,439.0,3.6090909091,10.4523809524,0
9776,68.0,498.0,4.064516129,11.0666666667,0
9777,29.0,283.0,4.7753303965,9.7586206897,1
9778,49.0,354.0,4.0537974684,8.2325581395,1
9779,75.0,437.0,4.2028301887,6.4264705882,0
9780,60.0,469.0,4.6018957346,6.4246575342,1
9781,97.0,688.0,3.9540983607,5.8803418803,1
9782,47.0,444.0,4.1034482759,6.9375,0
9783,61.0,373.0,4.1343283582,4.3372093023,0
9784,50.0,375.0,3.6341463415,4.6875,0
9785,73.0,617.0,3.8640275387,6.1089108911,1
9786,59.0,430.0,3.8375634518,3.9090909091,0
9787,70.0,601.0,3.6538461538,5.3660714286,1
9788,60.0,389.0,4.0533333333,5.2567567568,0
9789,50.0,409.0,4.0,4.869047619,0
9790,88.0,793.0,3.6389684814,5.4689655172,1
9791,60.0,418.0,3.6267942584,4.5934065934,0
9792,63.0,490.0,4.3291404612,4.7115384615,0
9793,49.0,304.0,4.1772575251,5.3333333333,1
9794,57.0,380.0,3.8791208791,4.5238095238,0
9795,46.0,312.0,3.996763754,5.1147540984,0
9796,65.0,370.0,4.243902439,4.2045454545,0
9797,71.0,662.0,3.8101933216,8.1728395062,1
9798,60.0,373.0,4.1856287425,7.7708333333,1
9799,64.0,523.0,4.1180722892,9.3392857143,1
9800,67.0,503.0,3.636550308,4.2627118644,1
9801,43.0,339.0,3.7164634146,4.7746478873,0
9802,55.0,349.0,4.1011904762,5.453125,0
9803,76.0,599.0,3.8709677419,8.0945945946,1
9804,70.0,359.0,4.2877906977,6.9038461538,1
9805,50.0,457.0,3.5137844612,7.4918032787,1
9806,105.0,635.0,3.8477508651,5.2049180328,0
9807,49.0,358.0,4.03003003,4.5897435897,1
9808,32.0,394.0,3.8150134048,7.4339622642,1
9809,77.0,504.0,3.996,5.0909090909,0
9810,30.0,251.0,3.812,5.2291666667,1
9811,77.0,405.0,3.8421052632,3.5840707965,1
9812,77.0,405.0,4.0446650124,3.9705882353,0
9813,47.0,421.0,3.7617728532,5.2625,0
9814,38.0,365.0,3.7343283582,5.3676470588,1
9815,65.0,405.0,3.9345549738,4.8214285714,1
9816,56.0,422.0,4.141439206,4.7954545455,1
9817,64.0,393.0,3.9575757576,5.3108108108,1
9818,60.0,422.0,4.217603912,6.115942029,1
9819,54.0,269.0,3.3233082707,5.7234042553,0
9820,42.0,346.0,4.1869436202,4.8055555556,1
9821,52.0,327.0,4.0733944954,5.1904761905,0
9822,28.0,265.0,3.9471698113,5.8888888889,1
9823,5.0,300.0,3.8817567568,5.0,0
9824,48.0,417.0,3.9640102828,3.8611111111,0
9825,40.0,289.0,4.321299639,5.5576923077,1
9826,44.0,352.0,4.0256410256,4.2409638554,1
9827,106.0,622.0,3.8286713287,5.8679245283,0
9828,23.0,189.0,4.4782608696,4.9736842105,1
9829,23.0,173.0,4.2189349112,5.40625,1
9830,48.0,348.0,3.7672413793,4.0465116279,0
9831,48.0,356.0,4.0653409091,4.6233766234,1
9832,42.0,362.0,4.0462427746,5.4848484848,1
9833,51.0,320.0,3.8270440252,4.1025641026,1
9834,31.0,247.0,4.0083333333,5.6136363636,0
9835,47.0,381.0,3.7046070461,6.5689655172,0
9836,45.0,396.0,4.0745501285,3.9207920792,1
9837,18.0,144.0,4.4074074074,5.3333333333,0
9838,122.0,738.0,3.9548192771,4.3411764706,0
9839,73.0,465.0,3.6529284165,4.603960396,0
9840,86.0,544.0,3.4156626506,5.1320754717,1
9841,22.0,169.0,4.3048780488,6.5,1
9842,101.0,546.0,3.4969574037,4.747826087,0
9843,88.0,476.0,3.9678800857,5.2888888889,0
9844,114.0,645.0,3.8484848485,4.5744680851,0
9845,73.0,407.0,3.7487309645,4.4725274725,1
9846,64.0,393.0,3.9575757576,5.3108108108,1
9847,1.0,10.0,7.5,0.0,0
9848,117.0,1016.0,4.1879781421,8.6837606838,1
9849,99.0,861.0,3.8769035533,8.046728972,1
9850,100.0,672.0,4.1194267516,5.8947368421,1
9851,64.0,527.0,4.0353430353,7.4225352113,1
9852,82.0,827.0,3.9974059663,7.0084745763,1
9853,94.0,818.0,3.8753623188,7.8653846154,1
9854,89.0,674.0,4.0509666081,7.4065934066,1
9855,79.0,637.0,4.2193548387,5.5391304348,0
9856,72.0,673.0,3.8460111317,7.3152173913,1
9857,39.0,334.0,4.1630094044,5.5666666667,0
9858,48.0,454.0,3.9055299539,6.0533333333,1
9859,77.0,592.0,4.1806797853,6.4347826087,1
9860,43.0,348.0,3.9504643963,5.8,0
9861,85.0,643.0,4.0608695652,8.3506493506,1
9862,87.0,736.0,4.1502276176,8.0879120879,1
9863,90.0,790.0,3.9529243937,6.3709677419,1
9864,41.0,317.0,4.1,9.0571428571,1
9865,82.0,680.0,4.0290322581,6.4150943396,1
9866,58.0,561.0,4.02,5.61,1
9867,94.0,842.0,3.8264094955,7.5178571429,1
9868,51.0,520.0,4.0723140496,5.5319148936,1
9869,122.0,830.0,4.0662420382,7.6851851852,1
9870,88.0,777.0,4.1115819209,8.3548387097,1
9871,62.0,520.0,4.0747863248,7.5362318841,1
9872,52.0,426.0,4.2469135802,6.0857142857,0
9873,68.0,578.0,3.9324055666,6.880952381,1
9874,44.0,449.0,4.1540469974,7.126984127,1
9875,98.0,715.0,4.1033973412,5.1811594203,1
9876,71.0,622.0,4.0484739677,7.8734177215,1
9877,80.0,803.0,3.960170697,8.193877551,1
9878,64.0,557.0,3.8631578947,6.8765432099,1
9879,46.0,326.0,3.5018726592,9.0555555556,1
9880,78.0,828.0,3.8519553073,20.1951219512,1
9881,62.0,544.0,4.0669371197,5.5510204082,0
9882,107.0,979.0,4.0022883295,7.1459854015,1
9883,83.0,640.0,4.0936454849,5.5652173913,1
9884,74.0,753.0,4.2308845577,7.0373831776,1
9885,57.0,503.0,3.7142857143,6.3670886076,1
9886,79.0,726.0,3.7034990792,9.8108108108,1
9887,92.0,788.0,3.9197431782,7.0357142857,1
9888,105.0,850.0,4.0882778582,9.0425531915,1
9889,70.0,568.0,3.8807692308,5.4095238095,0
9890,48.0,449.0,3.9178082192,7.6101694915,1
9891,74.0,504.0,4.1862527716,5.1958762887,0
9892,51.0,418.0,4.251396648,5.8055555556,1
9893,90.0,768.0,4.1205164993,7.68,1
9894,72.0,588.0,3.853046595,6.125,1
9895,79.0,735.0,3.7031484258,10.9701492537,1
9896,67.0,670.0,3.8149466192,8.1707317073,1
9897,50.0,378.0,3.9969879518,6.406779661,1
9898,71.0,634.0,3.6879310345,5.2396694215,1
9899,82.0,808.0,3.7565698479,6.1679389313,1
9900,64.0,563.0,4.0796116505,6.0537634409,1
9901,53.0,456.0,4.2356979405,6.8059701493,0
9902,89.0,545.0,3.8562992126,7.676056338,1
9903,106.0,809.0,3.9663072776,6.5772357724,1
9904,67.0,560.0,3.7935222672,10.3703703704,1
9905,67.0,627.0,3.9071146245,10.45,1
9906,71.0,596.0,3.9314814815,5.0508474576,1
9907,56.0,476.0,4.0831408776,6.4324324324,1
9908,80.0,776.0,3.855799373,6.5762711864,1
9909,37.0,331.0,4.1966666667,8.275,1
9910,52.0,467.0,3.9057971014,7.4126984127,1
9911,50.0,397.0,4.2025316456,7.4905660377,1
9912,53.0,478.0,4.1599099099,5.1956521739,0
9913,41.0,374.0,4.3434903047,6.8,1
9914,72.0,582.0,3.6140350877,7.9726027397,1
9915,71.0,618.0,3.8303249097,6.3711340206,1
9916,60.0,637.0,3.8630952381,7.8641975309,1
9917,65.0,575.0,4.120527307,5.9895833333,1
9918,57.0,490.0,4.1072261072,6.2025316456,1
9919,62.0,533.0,3.940552017,6.1976744186,1
9920,54.0,570.0,4.2994350282,8.1428571429,1
9921,50.0,484.0,4.5052356021,7.0144927536,1
9922,57.0,572.0,3.9275653924,6.5747126437,0
9923,58.0,510.0,4.13125,4.8571428571,1
9924,41.0,372.0,4.1826347305,5.7230769231,0
9925,64.0,364.0,4.1603498542,11.0303030303,1
9926,60.0,579.0,3.6762749446,7.72,1
9927,60.0,500.0,3.7717948718,11.1111111111,1
9928,54.0,455.0,4.2164948454,10.3409090909,1
9929,75.0,704.0,4.0017985612,7.2577319588,1
9930,57.0,449.0,3.7664233577,5.1609195402,1
9931,62.0,501.0,3.7939914163,9.8235294118,1
9932,38.0,314.0,3.8949275362,7.6585365854,1
9933,44.0,414.0,3.9973753281,8.8085106383,1
9934,6.0,56.0,3.56,6.2222222222,0
9935,17.0,172.0,3.9487179487,6.88,1
9936,27.0,288.0,3.820610687,6.6976744186,1
9937,17.0,176.0,3.9819277108,5.1764705882,1
9938,79.0,862.0,4.2011331445,8.5346534653,1
9939,62.0,610.0,3.8512396694,7.8205128205,0
9940,79.0,771.0,4.0986842105,8.3804347826,1
9941,103.0,789.0,3.9708029197,7.2385321101,1
9942,56.0,614.0,3.9831578947,9.59375,0
9943,68.0,678.0,4.1712598425,9.6857142857,1
9944,69.0,687.0,3.9669565217,6.6057692308,1
9945,46.0,460.0,3.7803030303,5.8974358974,0
9946,59.0,718.0,4.0780669145,9.2051282051,1
9947,61.0,665.0,3.6442477876,8.5256410256,1
9948,49.0,641.0,3.635371179,8.2179487179,1
9949,50.0,527.0,3.9572446556,8.7833333333,1
9950,59.0,620.0,3.9403508772,6.3265306122,1
9951,71.0,739.0,3.7909698997,7.8617021277,1
9952,69.0,654.0,4.4708171206,7.3483146067,1
9953,56.0,587.0,4.0440881764,7.6233766234,1
9954,66.0,643.0,3.3180076628,7.8414634146,0
9955,62.0,681.0,3.8222621185,7.2446808511,1
9956,62.0,752.0,3.8447971781,9.7662337662,1
9957,90.0,765.0,4.1674641148,7.8865979381,1
9958,41.0,398.0,3.5094339623,10.2051282051,1
9959,57.0,718.0,3.7386569873,8.6506024096,0
9960,70.0,623.0,3.9947735192,5.1487603306,0
9961,55.0,722.0,3.6666666667,8.0222222222,1
9962,49.0,518.0,3.9331797235,6.3170731707,0
9963,51.0,507.0,4.1057471264,6.9452054795,1
9964,53.0,600.0,3.9193245779,7.5,0
9965,65.0,685.0,3.9726027397,7.0618556701,0
9966,67.0,672.0,3.4962962963,8.4,0
9967,76.0,822.0,3.5634266886,16.1176470588,1
9968,57.0,784.0,3.8996815287,10.7397260274,0
9969,61.0,513.0,3.9479392625,6.9324324324,1
9970,55.0,526.0,3.7408256881,11.9545454545,1
9971,43.0,718.0,4.110915493,8.975,1
9972,59.0,494.0,3.9545454545,6.9577464789,0
9973,54.0,740.0,4.012173913,14.2307692308,1
9974,53.0,638.0,3.6427145709,9.6666666667,1
9975,77.0,964.0,4.0025706941,10.7111111111,1
9976,25.0,248.0,3.9339207048,6.5263157895,0
9977,49.0,549.0,4.1374407583,10.1666666667,1
9978,74.0,489.0,3.8718487395,6.1125,1
9979,55.0,699.0,3.7674418605,9.32,1
9980,53.0,448.0,3.5688073394,5.8181818182,0
9981,48.0,730.0,3.9655765921,10.0,1
9982,44.0,453.0,3.5856079404,12.5833333333,1
9983,56.0,594.0,3.9855371901,14.85,1
9984,78.0,684.0,3.8705148206,6.3333333333,0
9985,24.0,296.0,3.6798418972,7.0476190476,1
9986,82.0,668.0,4.0,15.9047619048,1
9987,44.0,351.0,4.1733333333,8.3571428571,1
9988,57.0,438.0,4.1687344913,6.347826087,1
9989,72.0,786.0,4.0251256281,9.825,1
9990,80.0,911.0,3.9242857143,9.6914893617,1
9991,69.0,626.0,3.8148148148,9.3432835821,1
9992,93.0,811.0,4.1697530864,8.0297029703,1
9993,60.0,541.0,4.1867881549,7.6197183099,1
9994,60.0,621.0,3.8949671772,11.5,1
9995,75.0,639.0,4.1402877698,6.7263157895,1
9996,52.0,565.0,3.6967741935,6.2087912088,0
9997,70.0,887.0,3.7177304965,11.5194805195,1
9998,63.0,604.0,3.97053407,6.4946236559,1
9999,59.0,576.0,3.8914728682,5.702970297,1
10000,70.0,765.0,3.9645608629,7.2857142857,1
10001,72.0,703.0,3.8648648649,9.5,1
10002,54.0,505.0,3.8883826879,6.3125,1
10003,46.0,411.0,4.1841359773,7.6111111111,1
10004,69.0,570.0,3.9344608879,8.6363636364,1
10005,82.0,888.0,4.209039548,10.4470588235,1
10006,80.0,899.0,3.7224606581,13.0289855072,1
10007,87.0,838.0,3.9771341463,8.7291666667,1
10008,56.0,629.0,4.2351816444,6.9120879121,0
10009,65.0,623.0,3.8943661972,6.1078431373,0
10010,78.0,684.0,3.7633851468,7.8620689655,1
10011,62.0,658.0,3.8077601411,6.2075471698,1
10012,61.0,646.0,3.7592592593,12.92,1
10013,66.0,612.0,3.8336483932,6.4421052632,0
10014,73.0,464.0,4.009009009,5.8,1
10015,107.0,1146.0,4.2217898833,6.6627906977,1
10016,52.0,661.0,3.9452054795,9.4428571429,1
10017,75.0,718.0,4.0456140351,7.6382978723,1
10018,59.0,501.0,4.2979683973,7.9523809524,1
10019,52.0,640.0,3.8975903614,7.9012345679,1
10020,61.0,577.0,3.8468634686,6.0736842105,0
10021,84.0,699.0,3.7655417407,9.0779220779,0
10022,65.0,674.0,3.8056074766,7.0208333333,1
10023,81.0,535.0,3.9642857143,5.9444444444,1
10024,76.0,817.0,4.0102790015,7.3603603604,1
10025,108.0,864.0,3.671679198,7.6460176991,1
10026,46.0,458.0,3.9249394673,6.9393939394,1
10027,63.0,541.0,3.7596741344,7.2133333333,1
10028,57.0,572.0,4.1,10.2142857143,1
10029,63.0,784.0,3.8977099237,8.0824742268,1
10030,23.0,169.0,4.3032258065,7.347826087,0
10031,59.0,555.0,3.8108108108,6.0989010989,1
10032,51.0,484.0,4.1911111111,8.8,0
10033,86.0,953.0,4.0619354839,7.0592592593,1
10034,80.0,737.0,3.5618729097,9.6973684211,0
10035,77.0,615.0,4.226744186,8.3108108108,0
10036,76.0,631.0,3.9180602007,5.4396551724,1
10037,67.0,551.0,4.0823045267,7.5479452055,1
10038,54.0,635.0,3.8913857678,5.4273504274,0
10039,43.0,459.0,4.2883116883,7.2857142857,1
10040,52.0,482.0,4.0934579439,6.6944444444,1
10041,53.0,412.0,3.9119170984,5.8028169014,0
10042,66.0,688.0,3.6712871287,9.4246575342,0
10043,55.0,543.0,3.7956043956,6.3882352941,1
10044,67.0,590.0,3.889943074,6.2765957447,0
10045,60.0,671.0,4.021484375,8.8289473684,1
10046,76.0,720.0,4.0231788079,8.7804878049,1
10047,55.0,509.0,4.1323210412,5.1414141414,0
10048,86.0,825.0,3.7968299712,7.3008849558,0
10049,32.0,387.0,3.8195266272,6.046875,0
10050,39.0,481.0,4.0803382664,6.0125,0
10051,37.0,437.0,3.9535519126,8.0925925926,1
10052,64.0,584.0,4.0295275591,7.3924050633,1
10053,58.0,459.0,3.9341176471,6.2027027027,1
10054,24.0,239.0,3.9728506787,6.6388888889,1
10055,84.0,620.0,4.2513181019,7.4698795181,0
10056,45.0,379.0,3.8347107438,5.8307692308,0
10057,35.0,315.0,4.037037037,6.5625,1
10058,38.0,357.0,4.1401515152,10.5,1
10059,102.0,971.0,3.8653366584,7.3007518797,1
10060,60.0,801.0,3.63476874,15.7058823529,1
10061,84.0,651.0,4.1571194763,5.8125,1
10062,86.0,697.0,4.0015360983,7.5760869565,1
10063,100.0,699.0,4.2613138686,8.8481012658,1
10064,93.0,633.0,3.8810344828,7.275862069,1
10065,58.0,489.0,3.8278008299,10.1875,1
10066,54.0,415.0,3.8595041322,8.137254902,1
10067,51.0,380.0,3.8271604938,9.0476190476,1
10068,49.0,558.0,3.9690265487,9.1475409836,1
10069,47.0,365.0,4.2828947368,7.7659574468,1
10070,87.0,793.0,3.6748971193,5.5454545455,1
10071,51.0,394.0,4.0837837838,7.5769230769,1
10072,55.0,609.0,4.0145530146,11.9411764706,1
10073,48.0,512.0,3.9635535308,7.4202898551,1
10074,40.0,318.0,4.0322580645,11.3571428571,1
10075,46.0,553.0,3.6407982262,10.2407407407,0
10076,35.0,214.0,4.3585858586,5.9444444444,1
10077,101.0,920.0,3.7997364954,8.2882882883,1
10078,42.0,454.0,4.2802197802,8.1071428571,1
10079,53.0,688.0,4.0639097744,8.8205128205,1
10080,25.0,221.0,4.067357513,7.6206896552,1
10081,63.0,470.0,3.8731707317,8.3928571429,1
10082,70.0,443.0,3.8090452261,6.4202898551,1
10083,19.0,195.0,3.9085714286,8.125,1
10084,32.0,227.0,4.0657276995,6.6764705882,1
10085,23.0,158.0,4.4160583942,7.1818181818,1
10086,73.0,624.0,4.1082164329,10.4,1
10087,46.0,294.0,4.575,6.3913043478,0
10088,26.0,278.0,4.0407239819,8.1764705882,1
10089,66.0,549.0,4.1323251418,8.1940298507,1
10090,79.0,475.0,4.2666666667,7.5396825397,1
10091,59.0,391.0,4.2635658915,5.5070422535,1
10092,40.0,309.0,4.0598591549,9.0882352941,1
10093,12.0,98.0,4.3541666667,5.7647058824,0
10094,17.0,149.0,3.9833333333,7.8421052632,1
10095,11.0,107.0,3.7142857143,8.2307692308,1
10096,31.0,228.0,4.5972222222,6.9090909091,0
10097,25.0,220.0,4.0882352941,8.8,1
10098,36.0,259.0,4.2952755906,6.3170731707,0
10099,74.0,508.0,4.4328063241,11.5454545455,0
10100,39.0,308.0,4.3027888446,9.3333333333,1
10101,37.0,410.0,3.8213166144,11.0810810811,1
10102,20.0,246.0,3.6382978723,7.6875,1
10103,11.0,64.0,3.8125,9.1428571429,0
10104,12.0,97.0,3.9310344828,8.0833333333,0
10105,23.0,200.0,4.2941176471,5.8823529412,1
10106,77.0,614.0,3.8111111111,7.675,1
10107,187.0,1111.0,4.1481481481,11.2222222222,1
10108,60.0,360.0,2.8,0.0,1
10109,49.0,353.0,4.225308642,5.6935483871,1
10110,35.0,399.0,3.9802259887,7.6730769231,0
10111,85.0,594.0,4.0461811723,5.0338983051,1
10112,68.0,501.0,3.4423480084,7.5909090909,0
10113,68.0,489.0,4.4354066986,6.8873239437,1
10114,47.0,443.0,4.2693266833,11.075,1
10115,44.0,286.0,3.8188679245,5.5,0
10116,66.0,330.0,4.0476190476,5.15625,0
10117,29.0,287.0,3.831372549,6.6744186047,0
10118,32.0,218.0,3.8811881188,5.8918918919,0
10119,58.0,379.0,4.1030640669,6.3166666667,1
10120,45.0,414.0,3.7533875339,7.3928571429,0
10121,62.0,359.0,4.0830860534,7.8043478261,0
10122,83.0,561.0,3.996,5.9052631579,1
10123,44.0,311.0,4.2846715328,6.3469387755,1
10124,53.0,404.0,3.7362924282,3.6396396396,1
10125,53.0,326.0,4.1052631579,6.2692307692,0
10126,69.0,393.0,4.3273195876,4.6785714286,1
10127,62.0,254.0,4.44,4.3050847458,0
10128,78.0,628.0,4.037704918,6.752688172,0
10129,52.0,495.0,4.0712742981,6.6891891892,0
10130,59.0,324.0,4.0,4.8358208955,0
10131,44.0,291.0,4.0426356589,8.0833333333,1
10132,41.0,267.0,4.0450819672,8.0909090909,0
10133,29.0,323.0,3.8205980066,5.5689655172,1
10134,26.0,194.0,3.9565217391,5.7058823529,0
10135,78.0,373.0,4.1412429379,4.0543478261,0
10136,65.0,512.0,3.9305856833,9.4814814815,0
10137,57.0,355.0,3.6382978723,20.8823529412,1
10138,61.0,325.0,3.4607843137,6.3725490196,1
10139,59.0,476.0,4.2410501193,5.0105263158,1
10140,57.0,497.0,3.5539568345,8.7192982456,0
10141,66.0,342.0,3.7652733119,10.0588235294,0
10142,48.0,430.0,4.1615384615,6.0563380282,1
10143,49.0,277.0,3.7509433962,7.1025641026,0
10144,47.0,360.0,4.0089285714,8.1818181818,1
10145,60.0,359.0,4.1448863636,5.7903225806,0
10146,34.0,306.0,4.0654545455,6.0,1
10147,58.0,479.0,3.745412844,6.141025641,1
10148,46.0,343.0,4.1955835962,6.125,1
10149,29.0,246.0,3.9208333333,4.7307692308,0
10150,57.0,296.0,4.044,5.8039215686,1
10151,74.0,557.0,3.5953757225,11.3673469388,0
10152,68.0,441.0,4.2440191388,6.4852941176,1
10153,70.0,423.0,3.621761658,6.4090909091,0
10154,58.0,493.0,3.9619686801,5.3010752688,0
10155,28.0,242.0,4.5581395349,7.1176470588,0
10156,81.0,397.0,4.265060241,12.0303030303,1
10157,84.0,651.0,3.8233387358,7.75,0
10158,27.0,174.0,3.9103448276,19.3333333333,1
10159,92.0,619.0,3.7720207254,7.0340909091,1
10160,59.0,526.0,3.7055335968,4.7818181818,1
10161,48.0,298.0,3.9861111111,5.4181818182,0
10162,68.0,441.0,3.6263157895,6.890625,1
10163,73.0,382.0,3.8796296296,6.701754386,1
10164,73.0,327.0,4.0093457944,5.7368421053,0
10165,84.0,498.0,3.8527607362,4.6981132075,1
10166,96.0,382.0,4.2213333333,12.7333333333,0
10167,57.0,424.0,3.6453488372,4.8181818182,1
10168,52.0,321.0,4.2683823529,6.829787234,1
10169,40.0,285.0,3.7132352941,10.5555555556,1
10170,55.0,454.0,4.546835443,4.829787234,0
10171,55.0,513.0,4.1915789474,6.75,0
10172,58.0,490.0,3.5106382979,9.2452830189,1
10173,53.0,354.0,4.2322946176,5.4461538462,1
10174,59.0,340.0,4.303125,4.7222222222,1
10175,44.0,297.0,3.8075601375,5.1206896552,0
10176,67.0,543.0,4.0252427184,7.9852941176,1
10177,65.0,444.0,4.4233576642,6.7272727273,0
10178,35.0,245.0,3.8428571429,10.2083333333,1
10179,84.0,478.0,3.9757709251,6.0506329114,1
10180,40.0,500.0,3.897755611,10.0,0
10181,20.0,147.0,4.1824817518,6.3913043478,1
10182,50.0,490.0,3.7674418605,6.125,0
10183,32.0,164.0,4.3907284768,14.9090909091,1
10184,44.0,279.0,4.6150793651,6.488372093,0
10185,72.0,455.0,3.623853211,4.595959596,0
10186,49.0,373.0,4.1751592357,5.1805555556,0
10187,52.0,353.0,3.5031446541,9.2894736842,1
10188,62.0,482.0,3.8514150943,6.025,1
10189,75.0,484.0,4.1718061674,7.6825396825,0
10190,90.0,602.0,2.7924528302,11.5769230769,1
10191,50.0,414.0,4.2461538462,6.9,1
10192,78.0,491.0,3.2403100775,14.4411764706,0
10193,44.0,419.0,3.8105263158,7.4821428571,0
10194,32.0,247.0,4.1728971963,7.4848484848,0
10195,57.0,274.0,4.0208333333,11.4166666667,0
10196,60.0,503.0,3.5635964912,12.2682926829,0
10197,66.0,362.0,4.3185840708,5.4848484848,1
10198,61.0,330.0,4.4983277592,5.0,0
10199,57.0,353.0,3.6261127596,12.1724137931,0
10200,51.0,440.0,3.0866336634,16.2962962963,0
10201,40.0,210.0,4.3945945946,5.6756756757,0
10202,40.0,210.0,4.3233830846,7.5,1
10203,56.0,506.0,3.9274004684,6.8378378378,1
10204,40.0,223.0,4.1055555556,6.3714285714,0
10205,50.0,307.0,4.0959409594,7.1395348837,0
10206,52.0,427.0,4.1023622047,6.7777777778,1
10207,40.0,205.0,4.078125,8.9130434783,0
10208,46.0,305.0,3.9116607774,4.4852941176,0
10209,54.0,449.0,4.7112299465,7.3606557377,1
10210,73.0,374.0,4.1138888889,31.1666666667,0
10211,113.0,655.0,3.8571428571,18.7142857143,1
10212,48.0,380.0,3.9594202899,8.2608695652,0
10213,70.0,361.0,4.0373563218,3.8817204301,1
10214,46.0,234.0,4.453271028,5.2,0
10215,50.0,429.0,3.9244332494,6.1285714286,1
10216,57.0,377.0,3.9460916442,6.2833333333,1
10217,55.0,419.0,3.9381443299,6.546875,0
10218,55.0,504.0,3.8050314465,5.3052631579,1
10219,14.0,97.0,4.1720430108,4.619047619,0
10220,67.0,411.0,3.9670886076,6.421875,1
10221,31.0,161.0,4.4025157233,8.05,0
10222,60.0,495.0,3.8,3.5106382979,1
10223,58.0,326.0,3.6346863469,7.0869565217,1
10224,71.0,538.0,3.6566037736,5.9120879121,1
10225,53.0,387.0,4.1392045455,7.74,1
10226,54.0,366.0,3.9545454545,6.2033898305,0
10227,51.0,472.0,4.8905852417,6.6478873239,1
10228,58.0,210.0,4.5235602094,16.1538461538,1
10229,78.0,453.0,4.3415841584,8.0892857143,0
10230,49.0,400.0,4.0430107527,8.0,0
10231,61.0,397.0,3.2246835443,11.6764705882,1
10232,12.0,103.0,3.7311827957,4.9047619048,0
10233,72.0,495.0,4.0455580866,7.8571428571,1
10234,38.0,298.0,3.9615384615,5.7307692308,0
10235,47.0,262.0,4.1767241379,6.7179487179,1
10236,58.0,313.0,4.546875,7.2790697674,1
10237,60.0,357.0,4.0962099125,6.375,0
10238,50.0,343.0,4.2523961661,7.6222222222,1
10239,42.0,378.0,4.0625,11.1176470588,0
10240,51.0,384.0,4.0110192837,5.9076923077,0
10241,13.0,92.0,4.0555555556,30.6666666667,0
10242,57.0,351.0,4.0745341615,6.8823529412,1
10243,53.0,329.0,4.4640522876,7.6511627907,0
10244,72.0,399.0,3.3206521739,7.0,1
10245,60.0,443.0,3.8700980392,6.4202898551,0
10246,30.0,141.0,3.9268292683,10.0714285714,0
10247,54.0,405.0,3.7166666667,16.875,0
10248,40.0,308.0,4.4647887324,5.3103448276,0
10249,41.0,262.0,3.8634538153,2.8172043011,0
10250,21.0,109.0,4.0714285714,9.9090909091,1
10251,59.0,402.0,4.0502645503,6.5901639344,0
10252,38.0,281.0,4.4548736462,6.8536585366,0
10253,42.0,351.0,3.8926174497,10.0285714286,0
10254,39.0,221.0,3.864321608,7.1290322581,1
10255,22.0,151.0,3.8671328671,5.5925925926,0
10256,59.0,375.0,4.0193905817,6.9444444444,0
10257,48.0,273.0,4.1169354839,4.2,1
10258,46.0,333.0,3.9155405405,30.2727272727,0
10259,50.0,279.0,4.024291498,9.0,0
10260,24.0,618.0,2.9186851211,618.0,0
10261,41.0,247.0,4.2975609756,15.4375,0
10262,52.0,353.0,4.102484472,8.825,1
10263,35.0,147.0,3.9787234043,8.6470588235,1
10264,44.0,349.0,3.8157894737,8.3095238095,0
10265,53.0,291.0,3.8197424893,16.1666666667,1
10266,51.0,400.0,4.223796034,7.2727272727,1
10267,112.0,789.0,4.1201657459,6.4146341463,1
10268,1.0,7.0,5.2857142857,0.0,0
10269,31.0,166.0,4.0362318841,83.0,1
10270,54.0,491.0,2.9279475983,27.2777777778,1
10271,28.0,245.0,4.2541666667,4.6226415094,0
10272,40.0,404.0,3.8333333333,6.1212121212,1
10273,47.0,250.0,4.4578313253,3.7313432836,0
10274,103.0,476.0,3.9086956522,5.0638297872,1
10275,62.0,402.0,4.2852564103,8.5531914894,1
10276,28.0,191.0,4.2317073171,12.7333333333,0
10277,28.0,169.0,4.34375,7.0416666667,0
10278,1.0,5.0,6.6,0.0,0
10279,32.0,246.0,4.0582959641,6.8333333333,0
10280,22.0,132.0,3.9036144578,33.0,0
10281,76.0,417.0,3.8728179551,14.8928571429,0
10282,60.0,320.0,4.1320132013,9.1428571429,0
10283,91.0,522.0,3.3103448276,4.8333333333,0
10284,45.0,249.0,4.4433962264,19.1538461538,0
10285,59.0,291.0,3.9924242424,12.125,0
10286,54.0,221.0,3.3303167421,11.05,0
10287,97.0,769.0,4.1418234443,5.6544117647,1
10288,90.0,733.0,3.9985207101,5.4296296296,1
10289,82.0,666.0,4.3242811502,5.0839694656,1
10290,97.0,885.0,3.9075215783,5.8609271523,1
10291,79.0,657.0,4.0281690141,5.475,1
10292,89.0,783.0,3.8524374177,4.9556962025,0
10293,69.0,606.0,4.0037037037,7.8701298701,0
10294,61.0,590.0,3.9136029412,5.7843137255,0
10295,94.0,1100.0,3.7301204819,7.2368421053,1
10296,90.0,793.0,3.8577405858,6.1472868217,0
10297,79.0,719.0,3.7849829352,10.2714285714,1
10298,50.0,537.0,3.6973947896,6.2441860465,1
10299,76.0,643.0,4.0868852459,6.0660377358,1
10300,73.0,808.0,4.0079260238,6.6776859504,0
10301,56.0,473.0,4.1165501166,6.0641025641,1
10302,109.0,838.0,4.0576923077,6.2537313433,1
10303,72.0,658.0,4.063464837,7.4772727273,1
10304,63.0,529.0,4.0527383367,6.3734939759,1
10305,116.0,1007.0,4.0313852814,5.035,1
10306,78.0,637.0,3.9828767123,6.0094339623,1
10307,87.0,725.0,3.9226006192,4.9657534247,1
10308,67.0,523.0,3.9563409563,5.6847826087,1
10309,114.0,1099.0,3.9591226321,6.7012195122,1
10310,68.0,523.0,3.899795501,6.0813953488,1
10311,66.0,533.0,4.1606765328,7.7246376812,1
10312,67.0,551.0,4.0244897959,7.0641025641,0
10313,99.0,815.0,3.9608127721,7.0869565217,1
10314,73.0,716.0,3.994011976,6.691588785,1
10315,58.0,549.0,4.0552380952,5.8404255319,1
10316,111.0,864.0,3.9068877551,7.2,1
10317,91.0,824.0,4.1974965229,6.3384615385,1
10318,54.0,611.0,3.9446721311,12.4693877551,0
10319,47.0,465.0,3.6591478697,6.7391304348,1
10320,54.0,395.0,3.9105691057,6.3709677419,1
10321,95.0,545.0,3.7551020408,5.9239130435,0
10322,78.0,607.0,3.9327102804,5.4196428571,1
10323,44.0,418.0,4.0053475936,6.3333333333,1
10324,95.0,853.0,3.8877679697,6.9918032787,1
10325,80.0,666.0,4.0365217391,5.7913043478,1
10326,92.0,833.0,4.0396825397,8.8617021277,1
10327,70.0,623.0,3.9114754098,5.6126126126,1
10328,86.0,664.0,3.7367601246,7.3777777778,1
10329,54.0,594.0,3.8694817658,5.8235294118,0
10330,58.0,482.0,3.8231292517,7.0882352941,0
10331,75.0,684.0,4.2902155887,6.2752293578,1
10332,64.0,659.0,3.774137931,8.7866666667,1
10333,75.0,760.0,4.0277777778,5.7575757576,1
10334,99.0,656.0,3.9780033841,10.5806451613,1
10335,101.0,920.0,3.7176470588,6.6666666667,1
10336,75.0,681.0,3.8132911392,5.0073529412,1
10337,60.0,694.0,4.0994671403,7.0816326531,1
10338,47.0,372.0,3.743902439,6.5263157895,1
10339,62.0,475.0,4.1498881432,6.0897435897,0
10340,96.0,694.0,4.233281493,5.0656934307,1
10341,92.0,757.0,3.8162692847,6.1544715447,1
10342,94.0,875.0,3.8601036269,7.2916666667,1
10343,85.0,816.0,4.0648148148,5.8705035971,1
10344,92.0,879.0,4.0770156438,5.5283018868,1
10345,68.0,556.0,3.9040307102,5.56,1
10346,58.0,544.0,3.9774590164,5.6082474227,1
10347,57.0,821.0,4.1326352531,8.21,1
10348,105.0,687.0,3.8727810651,5.3671875,1
10349,73.0,525.0,4.0198237885,7.7205882353,1
10350,65.0,535.0,3.862704918,6.0112359551,0
10351,47.0,400.0,4.0397877984,5.3333333333,0
10352,82.0,640.0,4.3093645485,6.0377358491,0
10353,66.0,555.0,3.8067542214,6.7682926829,1
10354,83.0,540.0,4.1858037578,6.3529411765,1
10355,49.0,613.0,4.0979591837,7.4756097561,1
10356,77.0,701.0,3.8952959029,6.0431034483,1
10357,36.0,348.0,3.7101910828,9.4054054054,1
10358,98.0,688.0,3.8333333333,4.9142857143,1
10359,78.0,609.0,4.0626086957,6.7666666667,1
10360,80.0,518.0,4.2868369352,5.1287128713,1
10361,96.0,774.0,3.984,6.7894736842,1
10362,91.0,780.0,4.1816939891,5.7777777778,1
10363,74.0,661.0,3.9586645469,4.2922077922,1
10364,71.0,628.0,3.8194444444,7.2183908046,1
10365,80.0,589.0,3.8821428571,6.6931818182,1
10366,79.0,476.0,4.2751842752,7.3230769231,1
10367,66.0,566.0,4.3426853707,8.7076923077,1
10368,88.0,792.0,4.0045731707,7.4716981132,1
10369,71.0,637.0,3.9865771812,6.3069306931,1
10370,38.0,405.0,3.9808743169,6.6393442623,1
10371,115.0,1001.0,3.9575200918,6.25625,1
10372,49.0,440.0,3.8839050132,7.4576271186,1
10373,52.0,496.0,3.8590021692,7.5151515152,1
10374,72.0,583.0,4.0628465804,6.2021276596,0
10375,69.0,595.0,3.9375,6.9186046512,1
10376,69.0,630.0,3.8117870722,6.3,0
10377,59.0,535.0,3.9080188679,6.858974359,0
10378,51.0,498.0,4.1903719912,5.7906976744,1
10379,62.0,582.0,4.0486486486,5.5428571429,0
10380,80.0,648.0,4.2542662116,7.8072289157,1
10381,45.0,503.0,3.3694690265,8.5254237288,1
10382,87.0,753.0,3.7253814147,5.5777777778,1
10383,71.0,556.0,3.8818565401,8.9677419355,1
10384,94.0,767.0,4.1168831169,5.6814814815,1
10385,89.0,795.0,4.0052631579,6.6806722689,1
10386,94.0,802.0,3.7082748948,9.9012345679,1
10387,55.0,475.0,3.722972973,5.4597701149,1
10388,47.0,417.0,3.6857142857,5.7916666667,1
10389,65.0,657.0,3.6876033058,7.064516129,0
10390,46.0,550.0,3.8391752577,6.3218390805,1
10391,76.0,748.0,3.9592123769,5.84375,1
10392,62.0,476.0,4.1,6.2631578947,1
10393,43.0,349.0,3.7981927711,4.9857142857,0
10394,88.0,857.0,3.9154929577,6.5923076923,1
10395,46.0,330.0,4.0849056604,5.5,0
10396,90.0,567.0,4.1219512195,9.2950819672,1
10397,91.0,921.0,3.7360946746,6.2653061224,1
10398,80.0,615.0,3.9913194444,5.2564102564,1
10399,88.0,674.0,3.96875,5.8608695652,1
10400,63.0,559.0,3.7748917749,6.6547619048,1
10401,92.0,824.0,4.2877237852,6.592,1
10402,79.0,753.0,3.8512160229,5.5777777778,1
10403,103.0,959.0,3.8469626168,6.8014184397,1
10404,67.0,591.0,3.8766603416,6.6404494382,1
10405,87.0,742.0,4.0234260615,6.2352941176,1
10406,29.0,376.0,3.8660714286,10.1621621622,1
10407,76.0,583.0,4.1203703704,5.7156862745,1
10408,87.0,739.0,3.8854337152,6.2100840336,1
10409,106.0,718.0,3.7624810893,8.4470588235,1
10410,79.0,596.0,4.1765734266,6.2736842105,1
10411,26.0,240.0,4.0643776824,7.0588235294,1
10412,61.0,583.0,3.8987566607,6.625,1
10413,71.0,758.0,3.9393939394,5.5735294118,1
10414,90.0,823.0,3.7534626039,9.2471910112,0
10415,72.0,744.0,3.7286356822,8.2666666667,0
10416,57.0,455.0,4.2014563107,7.5833333333,1
10417,47.0,542.0,3.8881118881,7.8550724638,1
10418,89.0,824.0,3.7628865979,7.7009345794,1
10419,84.0,857.0,4.0420382166,5.2256097561,1
10420,78.0,726.0,3.7750759878,8.5411764706,1
10421,56.0,401.0,4.3114754098,7.4259259259,0
10422,36.0,398.0,4.0489913545,7.8039215686,1
10423,63.0,585.0,4.05893186,6.5,1
10424,44.0,371.0,4.0320699708,5.3,0
10425,33.0,247.0,4.3593073593,5.1458333333,0
10426,38.0,336.0,3.8298611111,8.1951219512,1
10427,72.0,582.0,4.0998116761,8.0833333333,1
10428,73.0,643.0,3.9504273504,5.8990825688,1
10429,85.0,809.0,3.8544668588,7.2232142857,1
10430,97.0,870.0,3.8059508409,6.4925373134,1
10431,57.0,455.0,3.6206896552,6.6911764706,1
10432,81.0,692.0,4.0804794521,5.7666666667,1
10433,47.0,543.0,3.8859060403,7.4383561644,1
10434,97.0,827.0,4.0569877883,6.3129770992,1
10435,38.0,337.0,3.9966329966,6.2407407407,0
10436,80.0,703.0,3.987544484,7.4,1
10437,19.0,150.0,3.8358208955,5.0,1
10438,45.0,476.0,3.6771300448,7.4375,0
10439,45.0,438.0,3.9925742574,6.347826087,1
10440,64.0,576.0,3.9301470588,6.8571428571,1
10441,30.0,307.0,3.8827838828,6.9772727273,1
10442,87.0,844.0,4.0025252525,5.3757961783,1
10443,55.0,501.0,3.7243589744,6.0361445783,0
10444,68.0,524.0,4.0418410042,6.55,0
10445,115.0,597.0,4.2248201439,5.8529411765,1
10446,83.0,776.0,3.8703208556,6.4132231405,1
10447,70.0,671.0,3.6319875776,7.9880952381,1
10448,75.0,734.0,4.0443131462,5.734375,1
10449,76.0,622.0,3.9684210526,6.3469387755,1
10450,74.0,494.0,4.0471910112,8.0983606557,1
10451,59.0,491.0,3.9539170507,5.7764705882,1
10452,46.0,415.0,4.1412742382,6.5873015873,0
10453,41.0,484.0,3.7360515021,6.2051282051,1
10454,58.0,470.0,4.1029411765,5.2808988764,1
10455,110.0,685.0,4.0867346939,5.3937007874,1
10456,35.0,281.0,4.2256809339,7.3947368421,1
10457,52.0,326.0,4.1881188119,6.9361702128,1
10458,29.0,320.0,3.7,8.6486486486,0
10459,93.0,862.0,3.8170580964,5.8639455782,1
10460,52.0,336.0,4.2347266881,7.4666666667,1
10461,47.0,430.0,4.1671018277,5.5844155844,1
10462,57.0,587.0,3.8378378378,5.7549019608,1
10463,112.0,1051.0,3.8443540183,5.5904255319,1
10464,70.0,519.0,4.2128099174,5.2959183673,1
10465,35.0,280.0,4.0454545455,6.6666666667,0
10466,73.0,569.0,3.7490494297,7.3896103896,1
10467,87.0,598.0,3.845890411,4.5303030303,1
10468,76.0,587.0,3.775862069,7.7236842105,1
10469,76.0,549.0,4.0691056911,5.4356435644,1
10470,65.0,646.0,3.8013245033,6.1523809524,1
10471,6.0,15.0,5.2307692308,7.5,0
10472,52.0,547.0,4.1131313131,5.5252525253,1
10473,60.0,473.0,3.6459330144,6.661971831,0
10474,59.0,517.0,4.0358649789,6.5443037975,1
10475,93.0,1004.0,3.8826185102,6.7837837838,1
10476,93.0,902.0,4.3317191283,5.7820512821,1
10477,97.0,902.0,3.7373868047,9.9120879121,1
10478,84.0,781.0,3.8784676354,5.9618320611,1
10479,75.0,501.0,3.8043478261,5.7586206897,1
10480,97.0,965.0,3.8263888889,6.1075949367,1
10481,99.0,754.0,3.9677419355,4.864516129,1
10482,99.0,847.0,3.9327411168,6.0935251799,1
10483,75.0,589.0,4.1005802708,6.3333333333,1
10484,97.0,645.0,4.5337837838,7.4137931034,1
10485,73.0,693.0,3.9758842444,8.3493975904,1
10486,78.0,461.0,4.3520179372,9.4081632653,0
10487,74.0,571.0,4.0114722753,5.0087719298,1
10488,81.0,741.0,3.8577912254,6.8611111111,1
10489,29.0,267.0,4.189516129,7.2162162162,1
10490,50.0,416.0,4.2724867725,7.4285714286,1
10491,102.0,840.0,3.9057104914,4.8554913295,1
10492,127.0,930.0,3.9066193853,6.2837837838,1
10493,40.0,350.0,4.006097561,6.4814814815,1
10494,78.0,680.0,3.8238021638,5.6198347107,1
10495,67.0,556.0,4.0346820809,6.6987951807,1
10496,81.0,769.0,3.8895348837,5.7819548872,1
10497,68.0,527.0,4.1422764228,5.7912087912,1
10498,105.0,853.0,3.9231824417,8.362745098,1
10499,94.0,960.0,3.9677835052,18.1132075472,1
10500,60.0,508.0,4.2897384306,6.0476190476,1
10501,66.0,692.0,3.937007874,5.7190082645,1
10502,95.0,866.0,3.9987593052,5.9315068493,1
10503,82.0,490.0,3.8215859031,4.4545454545,0
10504,109.0,762.0,4.1405082212,5.6029411765,0
10505,87.0,802.0,4.4089171975,5.6083916084,1
10506,60.0,494.0,3.911827957,6.0243902439,1
10507,77.0,654.0,4.0,6.54,1
10508,62.0,481.0,4.1731601732,6.5890410959,1
10509,129.0,991.0,4.2117780294,5.5988700565,1
10510,60.0,459.0,3.6954177898,7.2857142857,1
10511,106.0,694.0,4.0692913386,6.7378640777,1
10512,78.0,665.0,3.9938176198,5.0763358779,1
10513,76.0,754.0,3.2688172043,8.2857142857,1
10514,73.0,650.0,4.0514096186,7.0652173913,1
10515,104.0,551.0,4.3698884758,4.75,0
10516,63.0,505.0,4.0355555556,4.7641509434,1
10517,74.0,451.0,4.2606635071,5.9342105263,1
10518,115.0,918.0,4.1453287197,5.9225806452,1
10519,132.0,1155.0,4.1431143114,5.0881057269,1
10520,98.0,626.0,3.9627831715,4.9291338583,1
10521,61.0,462.0,4.0592592593,8.4,0
10522,80.0,547.0,4.0040160643,6.4352941176,1
10523,122.0,1020.0,3.95,5.3403141361,1
10524,124.0,800.0,4.1006451613,5.5944055944,1
10525,94.0,774.0,3.9896755162,6.2926829268,1
10526,65.0,423.0,3.8595641646,6.3134328358,0
10527,34.0,315.0,3.7843866171,6.5625,1
10528,64.0,501.0,3.7941176471,6.3417721519,1
10529,70.0,677.0,3.7060653188,5.2890625,1
10530,98.0,699.0,4.1220238095,5.2556390977,1
10531,54.0,436.0,4.2233766234,5.8918918919,1
10532,35.0,315.0,4.1580756014,6.5625,0
10533,77.0,615.0,3.5738831615,8.5416666667,1
10534,116.0,942.0,4.2224694105,6.0384615385,1
10535,80.0,657.0,4.074137931,6.84375,1
10536,89.0,725.0,4.3152492669,4.7697368421,0
10537,77.0,566.0,3.625,7.9718309859,1
10538,90.0,720.0,4.0639269406,5.9016393443,1
10539,35.0,347.0,4.0736196319,5.9827586207,1
10540,72.0,553.0,4.2980769231,5.3689320388,1
10541,105.0,815.0,4.2474874372,6.0820895522,1
10542,61.0,419.0,4.1703296703,6.0724637681,0
10543,15.0,133.0,4.2113821138,7.8235294118,0
10544,62.0,582.0,3.8858350951,8.5588235294,1
10545,42.0,235.0,3.8552631579,7.1212121212,1
10546,135.0,1315.0,4.0612582781,6.1448598131,1
10547,91.0,640.0,3.7362459547,5.5172413793,1
10548,121.0,1126.0,4.1456692913,5.3619047619,1
10549,142.0,764.0,3.9305354559,5.3802816901,1
10550,110.0,943.0,3.4204685573,5.3276836158,0
10551,59.0,479.0,3.9284009547,7.8524590164,1
10552,15.0,152.0,3.8142857143,30.4,1
10553,49.0,454.0,4.0294840295,7.3225806452,1
10554,81.0,527.0,4.2572614108,7.75,0
10555,93.0,822.0,3.998694517,6.2272727273,1
10556,63.0,507.0,4.2907488987,6.5,0
10557,85.0,710.0,4.0627871363,6.5740740741,1
10558,101.0,948.0,4.0556199305,5.8881987578,1
10559,45.0,383.0,3.9916201117,5.803030303,1
10560,43.0,297.0,3.850174216,6.6,1
10561,92.0,686.0,3.6424242424,7.0,1
10562,65.0,480.0,4.2739420935,7.2727272727,0
10563,71.0,580.0,4.0300187617,6.4444444444,0
10564,3.0,7.0,3.3333333333,7.0,1
10565,52.0,464.0,3.9401913876,7.3650793651,1
10566,120.0,1057.0,3.8135405105,6.7324840764,1
10567,79.0,542.0,3.9353535354,5.8913043478,0
10568,20.0,138.0,3.8080808081,8.625,0
10569,67.0,453.0,4.1131221719,7.1904761905,1
10570,85.0,687.0,3.8887147335,5.4523809524,1
10571,61.0,539.0,3.7261663286,7.7,1
10572,43.0,342.0,4.1393188854,5.8965517241,1
10573,94.0,795.0,3.9701704545,5.2302631579,1
10574,75.0,614.0,3.9524617997,7.2235294118,1
10575,40.0,360.0,3.9887640449,6.2068965517,1
10576,93.0,750.0,4.1904069767,6.25,1
10577,33.0,261.0,4.0,7.6764705882,1
10578,53.0,389.0,3.8323699422,7.6274509804,1
10579,17.0,154.0,4.0699300699,7.7,1
10580,98.0,762.0,4.0900277008,5.9069767442,1
10581,68.0,738.0,4.048513302,10.1095890411,1
10582,39.0,341.0,4.1570512821,5.5901639344,1
10583,91.0,592.0,3.8611111111,10.5714285714,1
10584,54.0,499.0,4.1678321678,7.447761194,1
10585,1.0,4.0,7.0,0.0,0
10586,37.0,332.0,4.0737179487,6.64,0
10587,60.0,503.0,4.0197368421,6.4487179487,0
10588,58.0,544.0,3.9774590164,5.6666666667,1
10589,1.0,7.0,6.8571428571,0.0,0
10590,59.0,566.0,3.7923076923,7.5466666667,1
10591,45.0,368.0,4.2648809524,5.75,1
10592,64.0,467.0,3.9059633028,7.6557377049,1
10593,106.0,895.0,3.8619824341,5.5590062112,1
10594,68.0,523.0,4.2050209205,6.0813953488,1
10595,75.0,490.0,4.0344827586,4.6666666667,0
10596,14.0,85.0,4.1341463415,6.0714285714,1
10597,122.0,982.0,3.9977924945,5.880239521,1
10598,76.0,654.0,4.1666666667,6.2884615385,0
10599,104.0,616.0,3.8383838384,4.7384615385,1
10600,91.0,656.0,3.925170068,6.9052631579,1
10601,26.0,244.0,4.0313901345,6.9714285714,1
10602,67.0,505.0,4.2378854626,6.2345679012,1
10603,108.0,861.0,3.8849557522,6.15,1
10604,54.0,568.0,3.8365019011,7.7808219178,0
10605,57.0,553.0,3.6545801527,26.3333333333,0
10606,46.0,355.0,4.1141141141,5.9166666667,1
10607,65.0,558.0,4.1442687747,6.0652173913,1
10608,97.0,923.0,3.9066511085,6.9924242424,1
10609,38.0,273.0,4.1292775665,5.6875,1
10610,26.0,251.0,3.7375565611,8.9642857143,1
10611,60.0,465.0,3.8360655738,6.038961039,1
10612,85.0,574.0,4.4712643678,6.2391304348,1
10613,74.0,639.0,4.0984182777,6.7978723404,1
10614,115.0,1001.0,4.0313852814,5.005,1
10615,76.0,697.0,3.8012519562,6.7669902913,0
10616,22.0,171.0,4.4027777778,6.5769230769,0
10617,78.0,616.0,3.9876760563,5.5,1
10618,27.0,276.0,3.9960159363,5.8723404255,1
10619,1.0,4.0,8.25,0.0,0
10620,76.0,760.0,4.0222222222,5.7575757576,1
10621,15.0,78.0,4.5147058824,8.6666666667,0
10622,20.0,146.0,4.4926470588,9.125,1
10623,91.0,825.0,4.1916666667,6.3461538462,1
10624,38.0,260.0,3.6963562753,6.6666666667,1
10625,31.0,209.0,4.0049751244,5.0975609756,0
10626,1.0,4.0,8.75,0.0,0
10627,39.0,352.0,3.9201183432,5.7704918033,1
10628,65.0,552.0,3.8094339623,6.8148148148,1
10629,103.0,790.0,3.9331514325,7.247706422,1
10630,40.0,344.0,4.1213114754,8.8205128205,1
10631,63.0,407.0,3.8527131783,6.359375,1
10632,63.0,396.0,4.0455764075,5.5774647887,1
10633,58.0,368.0,3.943620178,4.8421052632,0
10634,34.0,308.0,4.0899280576,6.4166666667,0
10635,62.0,465.0,3.6975717439,5.0,0
10636,63.0,591.0,3.766536965,6.4945054945,1
10637,39.0,368.0,3.806010929,4.9066666667,0
10638,72.0,486.0,3.8315334773,5.4,0
10639,52.0,372.0,3.76,5.3142857143,0
10640,51.0,485.0,4.010178117,6.9285714286,0
10641,46.0,429.0,3.6275071633,7.0327868852,1
10642,70.0,489.0,4.0256410256,5.4943820225,0
10643,40.0,309.0,3.9243421053,5.4210526316,1
10644,52.0,318.0,3.9411764706,5.3898305085,0
10645,61.0,389.0,3.9050131926,5.6376811594,1
10646,76.0,554.0,4.1279069767,5.6530612245,0
10647,77.0,730.0,3.9393939394,7.3737373737,1
10648,23.0,206.0,4.0252525253,5.8857142857,1
10649,77.0,403.0,3.9141414141,5.2337662338,0
10650,35.0,268.0,4.0454545455,6.2325581395,1
10651,49.0,384.0,4.1452513966,5.1891891892,1
10652,80.0,568.0,4.0744101633,4.9824561404,0
10653,78.0,505.0,3.6321585903,5.8720930233,1
10654,61.0,426.0,3.7506493506,5.7567567568,0
10655,31.0,241.0,3.7511520737,7.7741935484,1
10656,25.0,237.0,4.0229357798,6.9705882353,1
10657,76.0,365.0,3.9913043478,9.125,0
10658,54.0,429.0,4.2015503876,5.5,1
10659,36.0,268.0,3.8582995951,5.5833333333,0
10660,24.0,238.0,3.880733945,5.2888888889,1
10661,51.0,403.0,3.8817204301,5.5972222222,0
10662,52.0,415.0,3.9828850856,5.3205128205,1
10663,42.0,399.0,3.9732937685,6.435483871,0
10664,30.0,269.0,3.772,6.5609756098,1
10665,44.0,314.0,3.7524752475,5.1475409836,0
10666,50.0,352.0,3.9905063291,4.5714285714,1
10667,66.0,406.0,3.9750692521,5.4864864865,1
10668,48.0,432.0,4.0690537084,5.76,1
10669,60.0,377.0,4.1958456973,6.7321428571,0
10670,61.0,427.0,3.8606965174,7.4912280702,0
10671,46.0,301.0,3.6271186441,6.02,0
10672,22.0,148.0,4.2777777778,4.4848484848,1
10673,41.0,361.0,3.9348534202,5.640625,1
10674,57.0,384.0,4.100286533,4.7407407407,1
10675,49.0,383.0,3.9190751445,5.5507246377,0
10676,62.0,450.0,3.6925,8.6538461538,0
10677,62.0,559.0,3.8563327032,6.2111111111,1
10678,64.0,557.0,4.0197368421,7.0506329114,0
10679,55.0,426.0,4.1857506361,6.9836065574,1
10680,40.0,316.0,3.9964285714,6.7234042553,1
10681,42.0,363.0,3.5597667638,6.6,0
10682,44.0,271.0,5.9577464789,4.8392857143,0
10683,43.0,445.0,3.5710784314,4.8901098901,0
10684,58.0,459.0,3.7730870712,6.12,0
10685,44.0,327.0,4.2222222222,5.2741935484,0
10686,40.0,288.0,3.6137184116,6.6976744186,0
10687,70.0,405.0,3.9946380697,4.7093023256,1
10688,50.0,468.0,3.8258575198,8.5090909091,0
10689,48.0,368.0,3.9790419162,5.8412698413,1
10690,52.0,405.0,3.4604105572,7.7884615385,1
10691,49.0,307.0,4.2130584192,4.9516129032,0
10692,67.0,461.0,3.9497487437,7.3174603175,1
10693,40.0,294.0,3.9135338346,5.4444444444,1
10694,60.0,408.0,3.6803069054,7.5555555556,0
10695,58.0,491.0,3.6808988764,5.6436781609,1
10696,21.0,225.0,3.9519230769,5.487804878,1
10697,58.0,402.0,3.8276762402,7.3090909091,0
10698,58.0,510.0,4.1825902335,6.8918918919,1
10699,39.0,265.0,3.8380566802,4.9074074074,0
10700,48.0,370.0,3.8114285714,6.9811320755,1
10701,35.0,314.0,4.1241610738,6.9777777778,0
10702,45.0,431.0,3.6978922717,5.904109589,1
10703,44.0,375.0,3.5571030641,5.4347826087,0
10704,56.0,391.0,3.9232804233,5.8358208955,0
10705,52.0,328.0,4.0433333333,5.125,1
10706,43.0,407.0,3.952020202,6.1666666667,1
10707,65.0,494.0,3.7021791768,6.5866666667,1
10708,41.0,343.0,4.1773700306,4.698630137,0
10709,59.0,500.0,4.0,6.1728395062,1
10710,51.0,414.0,4.0151898734,7.2631578947,1
10711,52.0,413.0,3.9943502825,7.1206896552,0
10712,30.0,293.0,4.3183673469,5.3272727273,1
10713,45.0,318.0,3.9683544304,5.2131147541,0
10714,45.0,348.0,3.8711656442,5.1176470588,0
10715,43.0,362.0,4.0055555556,5.8387096774,0
10716,89.0,479.0,4.9627039627,5.5697674419,1
10717,10.0,68.0,3.8301886792,11.3333333333,0
10718,47.0,356.0,4.1646341463,7.7391304348,1
10719,31.0,275.0,3.6043956044,4.5833333333,1
10720,53.0,494.0,3.9032258065,6.0243902439,1
10721,57.0,455.0,3.681462141,5.9868421053,0
10722,52.0,408.0,3.9971910112,6.4761904762,0
10723,53.0,375.0,3.802739726,5.2816901408,1
10724,59.0,381.0,3.8933333333,4.8227848101,0
10725,25.0,160.0,3.9496855346,7.619047619,1
10726,30.0,250.0,3.6926406926,5.0,0
10727,33.0,302.0,3.6153846154,7.7435897436,0
10728,58.0,487.0,3.9082969432,4.87,0
10729,53.0,390.0,3.6797752809,5.652173913,0
10730,36.0,231.0,3.9103139013,4.8125,0
10731,52.0,436.0,4.168,7.9272727273,0
10732,40.0,360.0,4.1160714286,5.2173913043,1
10733,52.0,508.0,3.9383983573,6.1951219512,1
10734,31.0,254.0,4.020661157,7.696969697,0
10735,51.0,425.0,3.7457212714,5.5921052632,1
10736,16.0,141.0,4.1145038168,5.64,0
10737,15.0,153.0,4.0785714286,5.6666666667,0
10738,56.0,427.0,4.2014925373,5.4743589744,0
10739,72.0,565.0,4.1276595745,10.0892857143,1
10740,116.0,988.0,3.9652076319,6.5,1
10741,83.0,633.0,4.0784671533,7.0333333333,1
10742,55.0,391.0,3.7983193277,5.6666666667,1
10743,56.0,397.0,4.276056338,6.5081967213,1
10744,61.0,677.0,3.7551440329,10.9193548387,1
10745,63.0,434.0,4.3376623377,6.2,1
10746,95.0,905.0,3.6954314721,6.7037037037,1
10747,47.0,351.0,3.9169139466,8.1627906977,0
10748,79.0,542.0,3.9706457926,5.7052631579,1
10749,53.0,417.0,4.0078534031,5.56,1
10750,42.0,329.0,4.3382352941,8.8918918919,0
10751,76.0,432.0,4.5,6.2608695652,0
10752,57.0,424.0,3.8342696629,8.6530612245,1
10753,56.0,376.0,3.9244712991,5.875,1
10754,52.0,490.0,3.8669438669,6.2820512821,1
10755,42.0,332.0,3.6279069767,5.2698412698,0
10756,57.0,537.0,4.3657024793,7.6714285714,1
10757,88.0,931.0,3.9906213365,6.6028368794,1
10758,62.0,631.0,4.1013513514,7.6024096386,1
10759,50.0,442.0,4.3538461538,7.2459016393,0
10760,47.0,397.0,3.8820375335,4.9012345679,0
10761,51.0,438.0,4.2600536193,6.9523809524,1
10762,57.0,525.0,4.237254902,5.303030303,0
10763,64.0,500.0,4.2685185185,10.6382978723,1
10764,58.0,437.0,4.3455882353,5.2023809524,0
10765,53.0,467.0,4.1267281106,9.34,1
10766,55.0,370.0,4.4957746479,8.8095238095,0
10767,68.0,547.0,4.3427419355,8.9672131148,1
10768,57.0,415.0,4.1954022989,5.0609756098,1
10769,43.0,376.0,4.0973451327,6.5964912281,1
10770,50.0,511.0,4.0,6.3086419753,1
10771,65.0,567.0,3.7777777778,10.3090909091,1
10772,85.0,651.0,4.1222570533,5.425,1
10773,73.0,651.0,3.9095652174,7.5697674419,0
10774,51.0,375.0,4.0825958702,7.5,0
10775,57.0,490.0,4.4080338266,5.9036144578,1
10776,63.0,660.0,3.9468864469,11.186440678,1
10777,51.0,361.0,3.7988505747,6.3333333333,0
10778,54.0,338.0,4.1293375394,7.1914893617,1
10779,51.0,428.0,4.0466830467,7.0163934426,1
10780,88.0,621.0,3.8576271186,5.6454545455,1
10781,46.0,520.0,4.2886363636,8.125,0
10782,51.0,461.0,4.2085308057,5.6913580247,0
10783,61.0,480.0,3.715,6.2337662338,1
10784,55.0,409.0,4.2627345845,7.8653846154,0
10785,62.0,383.0,3.9834254144,7.2264150943,1
10786,39.0,364.0,4.1676646707,5.6875,1
10787,70.0,526.0,4.46,6.4938271605,1
10788,72.0,549.0,4.0189753321,10.98,1
10789,61.0,514.0,3.9011494253,5.7111111111,1
10790,47.0,305.0,4.2887323944,5.5454545455,0
10791,21.0,181.0,4.7055214724,6.7037037037,1
10792,55.0,351.0,4.4585798817,5.7540983607,1
10793,48.0,474.0,4.2390804598,7.6451612903,1
10794,74.0,499.0,5.2037533512,11.880952381,1
10795,71.0,436.0,3.7920792079,5.0697674419,0
10796,41.0,308.0,4.0830449827,6.16,0
10797,45.0,373.0,3.9011299435,7.1730769231,0
10798,60.0,396.0,4.015625,7.2,1
10799,79.0,662.0,3.8635634029,6.7551020408,1
10800,36.0,302.0,3.6222222222,6.1632653061,0
10801,58.0,434.0,3.6834170854,5.6363636364,1
10802,41.0,350.0,4.0534124629,6.1403508772,1
10803,80.0,591.0,3.9603773585,7.5769230769,1
10804,49.0,334.0,3.671875,6.68,0
10805,52.0,268.0,4.0912698413,5.36,1
10806,66.0,442.0,4.1678657074,7.7543859649,1
10807,29.0,267.0,3.8307692308,5.5625,0
10808,69.0,646.0,4.2033057851,7.0217391304,1
10809,26.0,179.0,4.0,6.6296296296,1
10810,52.0,305.0,4.2110726644,5.5454545455,1
10811,44.0,516.0,3.7565922921,5.2653061224,1
10812,84.0,684.0,3.9092382496,5.8461538462,1
10813,71.0,669.0,3.8581687612,7.9642857143,1
10814,45.0,292.0,3.7352941176,6.9523809524,0
10815,46.0,466.0,4.1339491917,5.5476190476,1
10816,50.0,378.0,4.1694444444,6.406779661,1
10817,28.0,206.0,3.4948453608,8.24,0
10818,60.0,486.0,3.7570498915,14.7272727273,1
10819,50.0,448.0,3.9460093897,8.4528301887,1
10820,56.0,412.0,4.9234693878,6.7540983607,0
10821,28.0,268.0,3.9835390947,7.2432432432,1
10822,73.0,744.0,3.7920353982,6.7636363636,1
10823,64.0,413.0,3.7427821522,8.0980392157,1
10824,48.0,372.0,4.3826815642,8.0869565217,1
10825,60.0,628.0,4.027072758,7.5662650602,0
10826,60.0,428.0,4.503649635,6.7936507937,0
10827,61.0,572.0,4.0217391304,8.4117647059,1
10828,63.0,520.0,4.0160965795,7.5362318841,1
10829,58.0,549.0,4.1488095238,5.9673913043,1
10830,54.0,423.0,3.9707317073,5.7945205479,1
10831,45.0,466.0,4.1467268623,6.0519480519,1
10832,46.0,406.0,3.9683377309,5.9705882353,0
10833,53.0,458.0,4.0331125828,4.9782608696,1
10834,5.0,50.0,3.9756097561,12.5,1
10835,51.0,428.0,4.1740196078,7.1333333333,1
10836,59.0,475.0,4.6659388646,6.25,1
10837,65.0,598.0,4.1423423423,8.0810810811,1
10838,54.0,555.0,4.0775193798,7.4,1
10839,53.0,470.0,4.5609756098,7.7049180328,1
10840,50.0,484.0,4.0046838407,7.223880597,1
10841,75.0,467.0,4.3644646925,5.8375,1
10842,50.0,366.0,4.4,6.0,1
10843,51.0,428.0,3.8682926829,6.5846153846,1
10844,70.0,620.0,4.0881226054,6.6666666667,1
10845,38.0,321.0,3.9136212625,6.42,1
10846,59.0,527.0,4.1832669323,6.2738095238,1
10847,68.0,567.0,4.3443223443,6.0967741935,1
10848,65.0,581.0,4.0735294118,5.81,1
10849,83.0,588.0,4.0976909414,10.5,1
10850,45.0,430.0,4.0827250608,8.431372549,1
10851,47.0,445.0,3.9436619718,5.4938271605,1
10852,20.0,185.0,4.4,5.2857142857,0
10853,63.0,485.0,4.0787234043,6.2179487179,0
10854,55.0,397.0,4.7114845938,7.4905660377,1
10855,56.0,539.0,4.0701754386,6.3411764706,1
10856,62.0,562.0,3.7389558233,7.9154929577,1
10857,51.0,484.0,4.3101952278,6.05,1
10858,62.0,468.0,4.299270073,6.24,1
10859,54.0,483.0,3.8425531915,5.0842105263,1
10860,45.0,393.0,3.842519685,4.9746835443,1
10861,58.0,440.0,3.8329238329,6.9841269841,1
10862,34.0,267.0,5.1716738197,14.8333333333,1
10863,51.0,453.0,3.8567639257,9.06,1
10864,77.0,658.0,4.105,6.0366972477,1
10865,70.0,550.0,4.154875717,5.7894736842,1
10866,60.0,556.0,3.8305084746,6.3908045977,1
10867,67.0,571.0,3.8198019802,5.4903846154,1
10868,21.0,210.0,3.8522167488,11.0526315789,1
10869,54.0,514.0,4.5082742317,4.9902912621,1
10870,56.0,505.0,3.9822616408,7.0138888889,1
10871,40.0,455.0,3.8829039813,6.1486486486,1
10872,55.0,416.0,4.3112244898,7.0508474576,1
10873,54.0,484.0,3.8755868545,6.1265822785,1
10874,85.0,789.0,3.772027972,11.6029411765,1
10875,80.0,474.0,4.2646420824,5.925,1
10876,48.0,443.0,3.7225,5.6075949367,1
10877,99.0,877.0,4.0974477958,5.9659863946,1
10878,54.0,603.0,4.0400801603,6.0909090909,1
10879,48.0,340.0,4.0,6.0714285714,1
10880,40.0,315.0,4.1130742049,5.8333333333,1
10881,29.0,263.0,4.1829268293,7.5142857143,1
10882,46.0,435.0,3.9611650485,6.3970588235,1
10883,28.0,220.0,4.0604651163,5.5,0
10884,47.0,340.0,4.1864951768,5.4838709677,1
10885,53.0,468.0,4.404109589,6.4109589041,1
10886,79.0,535.0,3.8987854251,4.7345132743,1
10887,65.0,541.0,3.9224489796,6.4404761905,1
10888,43.0,413.0,3.9162436548,6.5555555556,0
10889,50.0,431.0,4.1295336788,6.8412698413,1
10890,55.0,432.0,4.1487179487,9.3913043478,1
10891,79.0,694.0,3.9584717608,6.4259259259,1
10892,52.0,473.0,3.724137931,6.5694444444,1
10893,119.0,857.0,3.8565989848,5.7516778523,1
10894,48.0,401.0,4.0603015075,5.2763157895,1
10895,54.0,444.0,4.5199063232,6.8307692308,1
10896,69.0,533.0,4.3757225434,6.421686747,0
10897,60.0,383.0,4.5160427807,10.0789473684,1
10898,33.0,274.0,3.9157088123,5.2692307692,1
10899,62.0,627.0,4.1096121417,7.7407407407,1
10900,74.0,706.0,4.0273972603,6.6603773585,1
10901,59.0,429.0,4.2944162437,6.3088235294,1
10902,43.0,289.0,4.3383458647,6.7209302326,1
10903,62.0,536.0,4.125498008,7.0526315789,1
10904,41.0,432.0,3.934939759,5.76,1
10905,21.0,167.0,4.0503144654,5.9642857143,0
10906,53.0,380.0,3.8734567901,6.5517241379,0
10907,79.0,697.0,4.1719008264,7.414893617,1
10908,69.0,665.0,3.9517133956,5.0378787879,0
10909,55.0,465.0,4.0877192982,6.6428571429,0
10910,62.0,497.0,4.3890020367,7.1,0
10911,76.0,537.0,4.4862204724,6.6296296296,1
10912,51.0,448.0,4.1789976134,7.1111111111,1
10913,47.0,397.0,3.8713136729,4.9012345679,0
10914,61.0,581.0,3.8768267223,7.4487179487,1
10915,55.0,638.0,3.909252669,5.8532110092,1
10916,63.0,704.0,3.7356521739,7.2577319588,1
10917,51.0,574.0,4.0493562232,8.5671641791,1
10918,68.0,730.0,3.996835443,6.9523809524,1
10919,47.0,394.0,4.050955414,4.8641975309,0
10920,67.0,575.0,4.0212355212,5.1801801802,1
10921,122.0,1256.0,3.7609561753,8.2631578947,1
10922,68.0,665.0,4.2800718133,9.6376811594,1
10923,57.0,532.0,3.7004310345,6.3333333333,0
10924,79.0,686.0,3.8568994889,9.2702702703,0
10925,91.0,672.0,4.4300341297,6.7878787879,1
10926,82.0,679.0,4.1523178808,5.9561403509,1
10927,70.0,567.0,4.298828125,6.5930232558,1
10928,75.0,811.0,3.8766025641,8.7204301075,1
10929,62.0,462.0,3.8163265306,8.1052631579,1
10930,115.0,784.0,4.2450229709,7.9191919192,1
10931,88.0,709.0,4.1180981595,7.09,1
10932,70.0,662.0,3.8573883162,6.4901960784,1
10933,51.0,611.0,4.174796748,7.7341772152,1
10934,50.0,531.0,4.0527472527,6.6375,1
10935,69.0,535.0,4.3885480573,6.2941176471,1
10936,49.0,475.0,3.7985257985,7.7868852459,0
10937,71.0,460.0,4.3472906404,7.9310344828,1
10938,62.0,510.0,4.0046189376,5.2577319588,0
10939,110.0,945.0,4.0703399766,5.762195122,1
10940,89.0,921.0,4.5021337127,9.4948453608,1
10941,75.0,650.0,4.2615101289,10.15625,1
10942,103.0,809.0,4.413897281,9.630952381,1
10943,74.0,592.0,4.2183673469,6.3655913978,1
10944,66.0,541.0,4.1379310345,8.868852459,1
10945,66.0,514.0,4.096196868,7.4492753623,0
10946,60.0,488.0,3.9859813084,6.1,0
10947,59.0,482.0,4.1498637602,8.4561403509,0
10948,66.0,576.0,3.8744939271,8.7272727273,1
10949,49.0,535.0,4.0094339623,5.752688172,1
10950,85.0,562.0,3.9227557411,10.4074074074,1
10951,79.0,634.0,4.3395176252,6.8913043478,1
10952,52.0,435.0,4.3323782235,11.1538461538,0
10953,95.0,865.0,3.8331053352,6.811023622,1
10954,71.0,548.0,4.0463709677,6.2272727273,0
10955,66.0,479.0,4.2883295195,7.1492537313,1
10956,66.0,489.0,4.2748815166,7.0869565217,0
10957,83.0,646.0,4.3273703041,8.2820512821,1
10958,71.0,553.0,4.2595573441,8.0144927536,1
10959,117.0,977.0,3.8828606658,7.8790322581,1
10960,55.0,380.0,4.0997067449,7.4509803922,0
10961,62.0,476.0,4.1279069767,8.0677966102,1
10962,56.0,361.0,4.5666666667,5.3088235294,1
10963,76.0,608.0,4.4655493482,9.3538461538,1
10964,64.0,582.0,3.9854166667,7.4615384615,1
10965,51.0,382.0,4.1510574018,7.64,1
10966,75.0,596.0,4.0650887574,6.4782608696,1
10967,67.0,512.0,3.9785407725,5.8181818182,0
10968,71.0,539.0,4.1244813278,6.9102564103,1
10969,83.0,637.0,3.933572711,8.1666666667,1
10970,69.0,789.0,4.0334346505,9.2823529412,1
10971,81.0,789.0,4.1242937853,6.8017241379,0
10972,86.0,792.0,4.1677852349,7.0714285714,0
10973,78.0,541.0,4.0867850099,5.7553191489,1
10974,77.0,622.0,4.2509225092,8.1842105263,1
10975,77.0,464.0,4.3995381062,6.1866666667,0
10976,70.0,586.0,4.0480769231,7.6103896104,1
10977,94.0,881.0,4.1216931217,8.0090909091,1
10978,73.0,621.0,4.1078767123,5.218487395,0
10979,75.0,620.0,4.1,5.1666666667,1
10980,48.0,375.0,3.9970326409,7.8125,0
10981,90.0,730.0,4.1353383459,6.6972477064,1
10982,74.0,511.0,4.4922048998,8.6610169492,1
10983,75.0,618.0,4.1228070175,5.6697247706,1
10984,65.0,560.0,4.3901437372,7.1794871795,1
10985,55.0,475.0,3.8274111675,8.0508474576,0
10986,83.0,797.0,3.6892808684,5.5734265734,1
10987,68.0,414.0,4.2676056338,7.8113207547,1
10988,76.0,690.0,3.902027027,6.6346153846,0
10989,126.0,875.0,4.0334302326,7.9545454545,1
10990,56.0,569.0,4.132034632,7.6891891892,1
10991,100.0,873.0,3.9492957746,8.6435643564,1
10992,54.0,528.0,4.2166666667,6.7692307692,1
10993,59.0,544.0,3.9719438878,6.4761904762,0
10994,60.0,545.0,3.4008016032,6.9871794872,1
10995,74.0,526.0,3.8530066815,5.7802197802,1
10996,85.0,855.0,4.1137254902,7.7727272727,1
10997,8.0,92.0,4.4230769231,9.2,0
10998,56.0,459.0,3.9977011494,8.0526315789,1
10999,31.0,284.0,4.1050583658,6.9268292683,0
11000,85.0,724.0,4.0594512195,7.7849462366,1
11001,55.0,513.0,3.7736318408,7.125,1
11002,66.0,592.0,4.1489757914,5.8039215686,1
11003,87.0,532.0,4.3790322581,10.0377358491,1
11004,77.0,749.0,4.0107692308,4.8012820513,1
11005,81.0,727.0,3.8198473282,5.6796875,1
11006,72.0,736.0,3.7449275362,7.6666666667,1
11007,97.0,782.0,4.1839762611,8.5934065934,1
11008,74.0,720.0,4.2396166134,5.5813953488,1
11009,68.0,465.0,3.88647343,6.8382352941,0
11010,52.0,533.0,3.9155844156,10.0566037736,0
11011,46.0,411.0,4.4801223242,6.421875,0
11012,84.0,727.0,4.1617210682,9.5657894737,1
11013,90.0,684.0,4.2119309262,6.3333333333,1
11014,105.0,705.0,4.0931677019,8.4939759036,0
11015,65.0,542.0,4.2339181287,6.1590909091,0
11016,73.0,710.0,3.9046052632,6.0683760684,0
11017,54.0,472.0,3.6817155756,5.9,0
11018,91.0,875.0,4.2393272962,5.5732484076,1
11019,74.0,623.0,3.9874100719,4.9444444444,0
11020,78.0,627.0,3.943289225,7.6463414634,0
11021,112.0,841.0,3.8571428571,8.9468085106,1
11022,59.0,647.0,3.5250431779,5.4830508475,1
11023,95.0,674.0,4.1394148021,4.780141844,1
11024,77.0,597.0,4.064171123,6.0303030303,0
11025,99.0,977.0,3.3424479167,8.8818181818,1
11026,74.0,720.0,4.1221122112,7.8260869565,1
11027,85.0,793.0,3.7913862719,7.2090909091,1
11028,55.0,448.0,4.1414868106,5.4634146341,0
11029,76.0,809.0,3.8070175439,8.3402061856,1
11030,88.0,850.0,3.8614958449,7.2033898305,1
11031,78.0,722.0,3.8069381599,5.3481481481,1
11032,93.0,657.0,4.2133105802,6.2571428571,1
11033,65.0,574.0,4.0,6.6744186047,0
11034,109.0,758.0,4.2873563218,5.4532374101,1
11035,100.0,724.0,3.7868589744,6.1355932203,1
11036,96.0,842.0,3.8042895442,6.1911764706,1
11037,67.0,614.0,4.5666041276,6.3958333333,1
11038,67.0,564.0,3.8431372549,6.7142857143,1
11039,80.0,679.0,4.0903426791,6.2293577982,1
11040,79.0,702.0,3.8249211356,6.5607476636,0
11041,61.0,545.0,4.1507936508,6.9871794872,1
11042,57.0,507.0,3.8450704225,7.6818181818,1
11043,106.0,767.0,4.0894660895,8.5222222222,1
11044,61.0,627.0,3.988700565,7.125,1
11045,66.0,484.0,4.3768736617,5.3777777778,0
11046,76.0,691.0,4.2144053601,7.8522727273,1
11047,64.0,506.0,3.9307359307,4.9607843137,0
11048,61.0,526.0,4.0311804009,7.5142857143,1
11049,21.0,174.0,3.9803921569,5.4375,0
11050,60.0,586.0,4.0742857143,6.4395604396,1
11051,64.0,547.0,4.2173913043,7.4931506849,1
11052,53.0,437.0,4.3777089783,21.85,1
11053,83.0,642.0,4.0397111913,6.618556701,0
11054,66.0,755.0,4.001650165,8.3888888889,1
11055,65.0,503.0,3.9701834862,6.8904109589,1
11056,89.0,747.0,4.0927536232,7.1142857143,1
11057,85.0,831.0,3.8969210174,6.925,1
11058,75.0,657.0,4.0219224283,5.6637931034,1
11059,60.0,587.0,4.125,7.6233766234,1
11060,74.0,658.0,3.3621262458,9.5362318841,1
11061,83.0,608.0,4.1953818828,7.2380952381,1
11062,51.0,492.0,4.1666666667,9.2830188679,1
11063,76.0,649.0,4.2077051926,6.9042553191,1
11064,90.0,859.0,3.9143222506,8.6767676768,0
11065,60.0,469.0,3.9906103286,6.7971014493,1
11066,100.0,624.0,3.9947460595,8.7887323944,1
11067,55.0,519.0,4.0191489362,5.8977272727,1
11068,117.0,948.0,4.0231143552,7.40625,1
11069,79.0,684.0,4.1415525114,7.3548387097,1
11070,12.0,182.0,4.2611464968,7.9130434783,0
11071,17.0,95.0,3.8913043478,6.7857142857,0
11072,75.0,646.0,3.7996794872,7.3409090909,0
11073,147.0,1252.0,4.0837083708,7.825,1
11074,91.0,746.0,4.0445103858,6.6017699115,1
11075,69.0,662.0,3.9766666667,6.4901960784,1
11076,66.0,380.0,4.4441260745,7.3076923077,1
11077,62.0,468.0,3.634085213,6.5,1
11078,117.0,686.0,3.8584758942,7.0,1
11079,7.0,66.0,3.8484848485,6.6,0
11080,122.0,873.0,4.0442260442,5.4905660377,1
11081,81.0,663.0,4.401754386,8.3924050633,1
11082,67.0,518.0,4.170212766,4.7962962963,0
11083,34.0,345.0,4.0465838509,7.1875,1
11084,2.0,21.0,3.8571428571,5.25,0
11085,18.0,192.0,3.5240641711,7.3846153846,0
11086,3.0,64.0,4.3090909091,10.6666666667,0
11087,82.0,536.0,4.0994263862,4.1230769231,1
11088,22.0,122.0,4.3170731707,10.1666666667,0
11089,75.0,624.0,3.9072512648,6.24,0
11090,76.0,602.0,4.0980036298,5.0166666667,1
11091,74.0,570.0,4.0737410072,6.8674698795,0
11092,32.0,304.0,3.8243727599,7.2380952381,1
11093,45.0,338.0,4.3175182482,7.6818181818,0
