AlbumCodePK,AlbumTitle,AlbumType,AlbumReleaseDate
1,FOREVER AND EVER,album,2021-04-09
2,OKAY OKAY 2,single,2025-05-16
3,FOREVER,album,2020-05-28
4,MADE IN ITALY,single,2023-02-09
5,POLKA 3,single,2022-06-02
6,Facciamolo,single,2019-06-07
7,BV3,album,2020-10-02
8,Fatass,single,2019-09-20
9,OKAY OKAY !!,album,2019-03-08
10,#digitalcity,album,2022-05-05
11,ALIENO,single,2020-01-17
12,BELLU GUAGLIONE,single,2023-05-18
13,I RAGAZZI STANNO BENE,album,2023-07-14
14,3SOME (feat. VillaBanks),single,2024-06-19
15,LA BELLAVITA,album,2025-03-28
16,non è normale,single,2022-11-03
17,COMINCIA TU (feat. Rosa Chemical),single,2022-02-05
18,BLACKOUT,single,2024-02-29
19,Cultura Italiana Pt.1,album,2024-05-31
20,Kournikova,single,2018-11-12
21,NoRd,album,2021-05-14
22,Dead Again,album,2007-03-13
23,Reversed Crash,album,2023-06-09
24,WE 2FLY,single,2024-08-02
25,The Execution Of All Things,album,2002-10-01
26,ShapeShifters,album,2008-06-17
27,Spaccio di Verità 1,single,2023-10-06
28,"TRASHBIN, Vol. 3",album,2020-07-23
29,Groupie,single,2018-12-11
30,KG0516,album,2021-03-26
31,Male O Bene,single,2019-05-24
32,"Red Bull 64 Bars, The Album",compilation,2021-05-27
33,Grizzly,single,2017-10-27
34,Morosita,single,2019-02-13
35,3nd,single,2018-02-14
36,Crisalide,album,2021-10-21
37,Vaniglia,single,2017-10-20
38,1 2 3,single,2024-05-10
39,TONICA,single,2019-10-02
40,444,single,2024-01-04
41,Chicas,single,2018-06-22
42,BANDA,single,2018-04-23
43,Fenty,single,2017-10-27
44,Introduction,album,2022-10-28
45,AIRBNB,single,2020-11-11
46,Roberta,single,2019-12-12
47,Cringe,single,2020-07-23
48,SUPERSEX (feat. Spender),single,2024-06-14
49,Regole,single,2022-06-23
50,family first,single,2021-08-19
51,Luga Pandemic,single,2023-01-01
52,Dentro di me,single,2024-02-23
53,Come Le Storie,single,2020-06-23
54,Intro,single,2021-08-19
55,X2VR,album,2023-11-17
56,Maracucho Bueno Muere Chiquito,album,2018-03-16
57,Black Panther The Album Music From And Inspired By,album,2018-02-09
58,La prima volta,single,2025-02-07
59,Mood Blu,single,2024-04-05
60,99 Visions,album,2023-12-05
61,Rolling Papers (feat. Tormento),single,2025-04-04
62,Motel Love,album,2024-06-21
63,in fieri,single,2022-12-12
64,Giù,album,2022-07-01
65,Sale,single,2025-04-04
66,VERA BADDIE,album,2024-06-27
67,Eclissi,album,2022-05-12
68,Limonare,single,2023-07-28
69,Electra Heart (Deluxe),album,2012-04-27
70,il filo rosso,single,2024-10-18
71,Before Wanderlust,album,2019-12-13
72,NoRd,album,2021-05-14
73,SANTANA MONEY GANG,album,2025-04-10
74,a me mi piace (feat. Manu Chao),single,2025-05-09
75,"Sogna, Ragazzo, Sogna",single,2024-03-06
76,Non so chi ha creato il mondo ma so che era innamorato,album,2024-02-16
77,bellissimissima <3,single,2023-05-12
78,Prima O Poi,single,2018-04-26
79,Non so chi ha creato il mondo ma so che era innamorato (Deluxe),album,2025-05-30
80,È FINITA LA PACE,album,2024-12-13
81,Santa Fe,single,2023-09-24
82,CI SARÒ,single,2021-09-24
83,Happy Birthday,single,2021-12-09
84,PARIGI,single,2022-03-04
85,Confusion,single,2024-10-16
86,PARIGI RMX,single,2022-03-25
87,Serenata (From ''Forever Out of My League''),single,2022-01-31
88,Le Cose In Comune,single,2023-02-24
89,You Make Me So Happy,single,2022-06-10
90,5 MINUTI,single,2022-11-28
91,2nd Exit,album,2016-09-13
92,NO MONEY,single,2019-06-19
93,SuperNOVA,album,2020-09-18
94,Cerco un posto,single,2022-10-07
95,Stelletella,single,2021-04-01
96,Sotto una pioggia di parole,album,2009-05-22
97,Viajo Sin Ver (Remix),single,2018-08-31
98,Jet Lag,single,2017-08-14
99,Papillon,single,2025-02-01
100,Messias,album,2016-02-05
101,ZÉPECK,album,2024-07-12
102,L'Alfabeto Degli Amanti,album,2006-02-28
103,Les plus belles polyphonies Corses (Les plus grandes polyphonies de Corses),album,2014-11-24
104,SIRIO,album,2022-04-07
105,Alfa Y Omega,album,2025-01-11
106,Demoni,single,2025-02-04
107,23 6451,album,2019-11-15
108,c@ra++ere s?ec!@le,album,2022-09-30
109,sFaCioLaTe miXTaPe,album,2024-07-26
110,CASA GOSPEL,album,2024-12-13
111,SE ME HACE EASY,single,2024-02-15
112,URAGANO DAMN,single,2023-12-15
113,Luga Pandemic,single,2023-01-01
114,Purpose,single,2020-09-17
115,L.A.,single,2014-11-29
116,Purple Thasup,single,2023-09-22
117,SANTANA MONEY GANG,album,2025-04-10
118,CON I MIEI OCCHI,album,2024-10-25
119,Arte,album,2019-09-11
120,Ordinary,single,2025-02-07
121,STRONZA SENTIMENTALE,single,2025-04-04
122,X2VR,album,2023-11-17
123,After Hours,album,2020-03-20
124,FEDE,album,2023-04-28
125,Milano Angels,album,2024-09-06
126,Gravity,single,2024-05-27
127,Magica Europa,single,2003-07-30
128,VERA BADDIE,album,2024-06-27
129,Summer Vacation 2025,compilation,2025-06-11
130,Lettera Q,album,2024-11-22
131,Madreperla,album,2023-01-13
132,LA BELLAVITA,album,2025-03-28
133,In the Ley Lines,album,2013
134,The Among Us Song,single,2022-11-24
135,Gucci rubate,single,2018-06-22
136,The Interview,single,2010-08-23
137,Swaggavamo a scuola thasup,single,2022-05-23
138,BV3,album,2020-10-02
139,Containers,album,2024-10-10
140,Gauč Storytelling,album,2019-05-24
141,Che Gusto C'è (feat. Tredici Pietro),single,2025-05-23
142,OBE,album,2021-06-17
143,Troppo tardi.,single,2023-11-21
144,HOTEL MONTANA,album,2023-09-01
145,Ma Xkè A Me?,single,2023-07-28
146,Sincer (feat. Lele Blade & Icy Subzero),single,2023-05-05
147,HOTEL MONTANA (Deluxe),album,2024-07-05
148,Marijuana (feat. Rhove),single,2024-06-21
149,AMBIZIONE,album,2022-05-27
150,LOCURA,album,2024-11-26
151,Re Mida,album,2019-03-01
152,LOCURA (Jam),album,2025-06-04
153,Zzala,album,2017-04-14
154,J,album,2020-07-16
155,Re Mida (Aurum),album,2019-10-03
156,LOCURA (Opera),album,2025-06-05
157,SIRIO,album,2022-04-07
158,Diablo,single,2017-10-20
159,"Red Bull 64 Bars, The Album",compilation,2021-05-27
160,1/6 - EP,single,2020-06-19
161,Lario (feat. Fabri Fibra) [RMX],single,2018-03-21
162,Re Mida (Piano Solo),album,2019-10-01
163,ZONDA,single,2023-03-30
164,SIRIO (Concertos),album,2022-12-15
165,Fuego,single,2017-02-13
166,Tu Me Quieres,single,2024-09-13
167,I.B.F.M.,single,2017-09-05
168,Santeria,album,2016-06-24
169,Wall Street Freestyle,single,2017-02-13
170,"Dal '700 al '900 napoletano, Vol. 1 (I edizione)",single,2017-09-27
171,"Real Talk Cypher, Vol. 1 (Mixed)",album,2019-09-06
172,Super Santos Freestyle,single,2017-02-13
173,BLOCCO 181 – ORIGINAL SOUNDTRACK,album,2022-05-27
174,RANCH,album,2025-05-09
175,Tarantelle,album,2019-05-03
176,Milano Angels,album,2024-09-06
177,Canzoni Al Piano (Primavera 2023) – Relax Con I Più Grandi Successi,album,2023-03-13
178,Wish You Were Here,album,1975-09-12
179,att.,album,2024-04-05
180,VERA BADDIE,album,2024-06-27
181,The North Wild Spirit,album,2024-06-01
182,"Verdi: Rigoletto (Callas, Di Stefano, Gobbi / La Scala) (1955)",album,1955
183,Tempo,album,2014-12-05
184,SANTANA MONEY GANG,album,2025-04-10
185,Rockstar,album,2018-01-19
186,Guitarra,single,2020-12-06
187,TRAPLINE,album,2019-05-10
188,O Futebol,album,2004-01-08
189,50 Greatest Tracks,album,2015-11-06
190,22 Freestyle,single,2017-08-06
191,DRIFT Series 1,album,2020-09-18
192,Musica per bambini,album,2018-06-01
193,BODR,album,2022-02-11
194,May Day,single,2013-06-10
195,Shake It To The Max (FLY) (Remix),single,2025-02-21
196,X2VR,album,2023-11-17
197,Long Lost Archives of Lazzayaiii Pt. 1,album,2020-11-07
198,Shenandoah National Park – Nature Music,compilation,2025-06-18
199,Lazzaro EP,single,2023-06-29
200,Il meglio di un concerto,album,2013-03-13
201,Revolverlution,album,2002-07-23
202,Cinematic Atmosphere,compilation,2021-07-30
203,The Mediterranean Gardener,album,2021-08-27
204,OGGI,single,2020-10-23
205,Deja Vu,album,2025-01-27
206,Mozart: Le Nozze di Figaro,album,2015-09-01
207,Gemini,single,2022-06-24
208,Complesso Carlo Esposito,single,2023-01-28
209,Hybrid Theory (Bonus Edition),album,2000-10-24
210,NOSTALGIA (export),album,2024-02-23
211,Silenced by you,single,2021-11-08
212,Come Close to Me,single,2019-11-08
213,African,single,2019-02-20
214,Max,album,2017-05-19
215,GEMINI,album,2019-06-14
216,MAXTAPE,album,2021-05-12
217,Entertainer,album,2018-05-25
218,Numero zero ep,single,2014-11-28
219,Hyper,single,2017-03-16
220,BRAVA GENTE,album,2023-06-02
221,Hyper 2,album,2018-04-27
222,Hyp3r,album,2019-02-08
223,N Mixtape,album,2016-02-22
224,PENKILLER,album,2025-05-23
225,DM,single,2020-04-29
226,BLOCCO 181 – ORIGINAL SOUNDTRACK,album,2022-05-27
227,100K,single,2015-01-27
228,BDM Mixtape Vol. 1,album,2024-04-19
229,BRAVA GENTE - EXTRA,album,2024-06-14
230,Tarantelle,album,2019-05-03
231,DNA,album,2020-11-13
232,B.U.F.,single,2022-06-30
233,Qualcosa di nuovo,album,2020-10-30
234,Mustafà,single,2016-08-30
235,Las Vegas Freestyle,single,2025-04-18
236,HIT ME HARD AND SOFT,album,2024-05-17
237,Cabaret: First Complete Recording [Complete Recording of the Score (Original Studio Cast)],album,1999-02-09
238,SANTANA MONEY GANG,album,2025-04-10
239,Kepler,album,2014-05-27
240,Handel: Agrippina,album,2011-10-04
241,Freestyle Élite,album,2022-06-24
242,After,single,2025-04-11
243,Monteverdi: L'incoronazione di Poppea (Live),album,2019-08-30
244,MBAPPÉ,single,2025-03-14
245,Lotus,album,2025-06-06
246,"Pizza Con Piña, El Musical",single,2017-10-06
247,Raggasonico,album,2010-10-12
248,Come un uragano (2022 Remaster),album,2006-06-28
249,Lei,single,2019-08-09
250,Prima di Partire,album,2004-01-01
251,Soul Food,album,2018-08-17
252,Dinamite (2022 Remaster),album,2008-04-15
253,420 Mix,compilation,2011-04-20
254,Glielo Leggi In Faccia,single,2020-08-15
255,SANTANA MONEY GANG,album,2025-04-10
256,La nuova era,album,2012-06-19
257,Vibrazioni Positive,album,2015-09-25
258,Hurry Up Tomorrow,album,2025-01-31
259,MP5 Riddim,compilation,2014-04-29
260,"La gatta (feat. Vacca, Primo, Ntò, Amir, Bassi Maestro & Mondo Marcio) [Remix]",single,2012-06-19
261,DE PUTA MADRE 3,single,2024-10-11
262,È LA (LOVE),single,2024-05-17
263,TEKKEN (feat. Simba La Rue),single,2024-02-23
264,WAO,single,2023-04-21
265,YAMAMAY,single,2023-02-09
266,È (BANGER),single,2024-04-19
267,BLA,single,2023-07-14
268,È LA VIBE (VIBE),single,2024-07-05
269,COLPA MIA,single,2025-01-24
270,SPOILER 2 (feat. 22simba),single,2025-03-07
271,PSYDUCK,single,2025-05-02
272,WARANZA,single,2024-01-25
273,FASHION,single,2023-11-10
274,Bahoa,single,2022-02-16
275,Sem Boné (Remix),single,2022-05-05
276,Wawa,single,2022-06-17
277,Alaska,single,2022-10-07
278,Trust No One,single,2021-12-15
279,My Baby,single,2022-04-08
280,LA BELLAVITA,album,2025-03-28
281,Gentleman,album,2017-06-30
282,Mr. Fini,album,2020-11-26
283,Bravo Ragazzo (Royal Edition),album,2013-01-01
284,Fastlife 4,album,2021-04-08
285,Vero,album,2015-06-23
286,Madreperla,album,2023-01-13
287,Sinatra,album,2018-11-29
288,Il Ragazzo D'Oro,album,2011-01-01
289,GVESVS,album,2021-12-10
290,Vero +,album,2015-11-27
291,Gentleman (The Complete Playlist),album,2017-09-22
292,Tropico Del Capricorno,album,2025-01-10
293,Gelida Estate EP,single,2019-06-21
294,"Red Bull 64 Bars, The Album",compilation,2021-05-27
295,KG,album,2025-05-29
296,BLOCCO 181 – ORIGINAL SOUNDTRACK,album,2022-05-27
297,Santeria,album,2016-06-24
298,SARAGO (Red Bull 64 Bars),single,2024-09-13
299,Mattoni,album,2019-09-12
300,Lungomare Latino (feat. Willy William),single,2018-06-01
301,Come Se Fosse Normale,single,2018-04-06
302,Guersace (RMX) feat. Enzo Dong,single,2018-02-16
303,Kepler,album,2014-05-27
304,"Hashishinz Sound, Vol. 1",single,2014-11-24
305,Il Ragazzo D'Oro - 10 Anni Dopo,album,2021-03-25
306,Bravo Ragazzo Live,album,2014-01-01
307,Vero (Royal Edition),album,2015-11-27
308,La città del sole 2 (Il peggio di Cagliari),album,2012-12-01
309,"The Newkingztape, Vol. 1",album,2017-11-17
310,Lamborghini (German RMX) feat. Kurdo & Majoe,single,2017-12-15
311,Hashishinz Sound Vol.1,single,2008-02-11
312,THE BIGGEST SBLAO,album,2024-09-12
313,Dinamite (2022 Remaster),album,2008-04-15
314,Who's Next Hip Hop Underground 2014,compilation,2015-02-17
315,HELL NAHH,single,2025-06-05
316,Day Of The Dog,album,2006-03-04
317,Vasco Rossi,single,2017-12-15
318,En el Foco,single,2021-10-28
319,Dogo Gang Presenta: Benvenuti Nella Giungla,compilation,2008-03-28
320,Lamborghini (Swiss RMX) feat. Pronto,single,2018-02-23
321,Milano Spara,album,2007-11-02
322,"Solo lei ha quel che voglio 2021 (feat. Tiziano Ferro, Guè & Marracash)",single,2021-05-27
323,Urania Deluxe: Atto Finale,album,2021-10-29
324,DJUNGLE,album,2021-05-07
325,Dogocrazia,album,2009-01-01
326,Thori & Rocce,album,2011-01-01
327,Marracash,album,2008-01-01
328,L'ultimo disco (Parte 1),album,2022-10-21
329,Col Sangue,album,2016-09-23
330,In mezzo al traffico,compilation,2024-05-09
331,Hagakure,compilation,2008-08-18
332,"Rap Roba Fresh, Vol. 1",single,2010-04-13
333,TUTTA VITA,album,2024-10-25
334,Sogni d'oro,album,2017-02-17
335,V.Ita,album,2009-10-10
336,La bella Italia,album,2008-04-30
337,Andiamo A Comandare,single,2016-03-18
338,Immobile,single,2010
339,Guilty,album,2010-01-01
340,Original Flavour,album,2013-06-03
341,Siamesi Brothers,album,2006-01-01
342,Tagli,album,2021-01-21
343,60 Hz,album,2004-01-07
344,Champagne e spine,album,2010
345,Verano Zombie,album,2007-01-01
346,Hype,album,2009-06-22
347,La mia città VOL.1,single,2010-01-01
348,Escape (2022 Remaster),album,1981-07-17
349,Supercalifragilistichespiralidoso,single,2023-06-09
350,Il mago,single,2017-12-08
351,Michel,album,2017-05-24
352,AMEMÌ (New Edit),single,2018-05-11
353,Miguel,album,2020-11-06
354,Erbavoglio,single,2012-01-01
355,Doner Bombers Compilation - Vol. 3,compilation,2015-04-08
356,M,single,2014-03-05
357,AH,single,2023-03-17
358,Beats From The Lido,compilation,2018-08-17
359,Karate,single,2023-06-09
360,Dinamite,single,2023-10-27
361,Paura,single,2023-07-07
362,Sparirò,single,2023-04-07
363,Mon Ami•e,single,2023-09-08
364,Mandibola,single,2023-05-12
365,Macho,single,2023-12-01
366,Lararì,single,2024-02-23
367,Brucia,single,2023-08-04
368,Lev 26:6-8,single,2024-08-16
369,Attimo,single,2024-04-19
370,Banana,single,2024-06-14
371,Sir Cavalier,single,2024-10-25
372,Tutti Frutty,single,2018-10-24
373,rosa naturale (feat. Emis Killa),single,2020-01-10
374,MAMA,single,2019-08-30
375,"Ti amo, ti odio (feat. Guè & Mecna)",single,2021-05-11
376,What U Do to Me,single,2016-12-09
377,00:23,single,2020-10-06
378,Drink,single,2018-04-13
379,Body Adi,single,2017-06-09
380,7 giorni,single,2020-11-11
381,Caffè e Lacrime,single,2023-07-20
382,SENTIMENTAL SEASON,single,2021-12-03
383,Nella tana del mostro,single,2023-03-09
384,Melancholia,single,2023-05-26
385,20,album,2018-04-20
386,Allenamento #2,single,2017-03-13
387,Nisida,single,2016-09-13
388,Allenamento #3,single,2017-03-13
389,PLAZA,album,2021-01-22
390,Allenamento #1,single,2017-03-13
391,20 (Deluxe Edition),album,2018-11-30
392,Non si ferma,single,2016-11-24
393,Going Hard 3,album,2024-12-06
394,FERITE,album,2024-05-03
395,So cosa fare,single,2019-06-20
396,Mattoni,album,2019-09-12
397,Lo Mejor De...,compilation,2015-01-27
398,Sto giù,single,2013-02-26
399,FERITE (Deluxe Edition),album,2024-11-15
400,Daccapo,album,2013-10-29
401,Slime Language 2 (Deluxe),album,2021-04-16
402,Hustle Mixtape,album,2022-06-03
403,LA BELLAVITA,album,2025-03-28
404,Sulamente nuje,album,2016-06-10
405,Ho Fatto Strada,single,2019-11-22
406,"Players Club '23 (Knights of the Posse) (feat. Nerissima Serpe, Artie 5ive, Tony Boy, Papa V, Low Red, Digital Astro & Kid Yugi)",single,2023-04-20
407,PLAZA (Deluxe Edition),album,2021-06-18
408,Non Basta Mai (feat. Bresh & Tony Effe),single,2025-06-13
409,Freddy Krueger Freestyle,single,2023-09-29
410,Giro con i miei (Prod. Mazh),single,2014-02-14
411,Tutti i giorni,single,2014-05-22
412,Nove Chiamate,album,2023-01-13
413,"Bad Boy (feat. Shiva, Capo Plaza)",single,2024-07-19
414,EDEN,album,2022-08-04
415,Quisqueyano 4,single,2018-05-24
416,TUTTA VITA,album,2024-10-25
417,ZEIT UND GELD,single,2021-03-09
418,Milano,single,2024-10-11
419,Scialla Semper,album,2019-04-12
420,SOLO TUTTO,album,2021-03-26
421,Scialla Semper (Emodrill Repack),album,2019-09-27
422,Le cose cambiano,album,2023-12-01
423,Madreperla,album,2023-01-13
424,Criminali (feat. Crookers & Nic Sarno),single,2019-10-22
425,Tutti i Nomi del Diavolo,album,2024-11-01
426,Sarabamba (feat. Guè),single,2022-07-22
427,Ivan Zucco (Red Bull 64 Bars),single,2024-09-06
428,Le cose cambiano (Deluxe),album,2024-11-29
429,Deriva,album,2025-05-16
430,Due lettere dopo,album,2025-03-28
431,Straniero RMX (feat. Tedua & Neima Ezza),single,2024-04-26
432,S.Q.Q.,single,2021-12-28
433,Red Bull Paga (Red Bull 64 Bars),single,2024-06-28
434,Full Calisthenics,single,2024-05-02
435,MACHETE MIXTAPE 4,album,2019-07-05
436,Yolandi,single,2022-05-20
437,Eres mía (Remix),single,2016-06-03
438,Santeria (Voodoo Edition),album,2016-12-02
439,Allindennoman (alter ego),album,2021-10-15
440,Rockstar,album,2018-01-19
441,Benjamin,album,2019-06-03
442,SANTANA MONEY GANG,album,2025-04-10
443,WE THE SQUAD Vol. 1 (SUMMER EDITION),album,2022-07-22
444,Le pagine della nostra vita,single,2019-10-11
445,Non so chi ha creato il mondo ma so che era innamorato (Deluxe),album,2025-05-30
446,Santana Season,album,2023-06-09
447,King del trash,single,2018-09-21
448,Botox,album,2022-10-04
449,OPS!,single,2018-09-25
450,TUTTA VITA,album,2024-10-25
451,Storia della RAPubblica,single,2022-04-22
452,African,single,2019-02-20
453,Piano B,album,2020-01-10
454,Killer,single,2018-12-21
455,Raptus 3,album,2019-03-15
456,Sfera Ebbasta,album,2016-09-09
457,a me mi piace (feat. Manu Chao),single,2025-05-09
458,"Gira, il mondo gira",album,2023-02-10
459,Last Chair Violinist,album,2008-11-11
460,Alice,album,2021-04-09
461,SKIFIDOL BIMBO (RMX),single,2024-03-22
462,fuorilegge,single,2025-02-12
463,Non so chi ha creato il mondo ma so che era innamorato,album,2024-02-16
464,Respirare,single,2020-05-08
465,New Boots and Panties!!,album,1977-09-30
466,Nella fossa,single,2014-04-03
467,Silent Hill,single,2021-06-11
468,Ma Vaffanculo,single,2020-07-17
469,Miele,single,2022-11-04
470,Parlerò di te (Unplugged),single,2020-03-27
471,Dur Daha Yeni Başladık,album,2011-08-30
472,Galassie,album,2024-01-12
473,SARAH,single,2025-02-21
474,Ti ho sognata tutta la notte,single,2021-07-28
475,Simona,single,2022-07-01
476,Je T’Amo Ancora,single,2024-04-03
477,Dove c'è l'arcobaleno,album,2024-09-13
478,Wojtape,album,2013-04-15
479,INDI,album,2025-01-24
480,Sumeria,album,2012-10-15
481,TUTA GOLD,single,2024-02-07
482,Gioventù Bruciata,album,2019-02-22
483,Barrio,single,2019-08-30
484,Brividi,single,2022-02-02
485,Ghettolimpo,album,2021-06-10
486,Moonlight Popolare (feat. Massimo Pericolo),single,2020-05-14
487,Inuyasha,single,2021-02-02
488,NEI LETTI DEGLI ALTRI,album,2024-03-07
489,COCKTAIL D'AMORE,single,2023-11-02
490,SOTTOMARINI,single,2025-02-20
491,Dove Volano Le Aquile,album,2022-04-01
492,Dimentica,single,2016-01-22
493,Pesos,single,2017-07-14
494,La Sirenetta (Colonna Sonora Originale),album,2023-05-19
495,Redemption Song,single,2020-04-07
496,Note Di Viaggio - Capitolo 2: Non Vi Succederà Niente,compilation,2020-10-09
497,El Chema V2 (Trafico De Humanos),single,2021-03-06
498,V,album,2021-09-16
499,Rapide (Acoustic),single,2020-04-12
500,RE.,album,2022-06-15
501,7 vizi Capitale,single,2017-10-06
502,Comunque vada sarà un successo (Nuova Edizione '99),album,1999-01-01
503,Suburra (final season) (Original soundtrack),album,2020-10-30
504,La grande onda,album,2002-06-20
505,Odio Gli Indifferenti,album,2012-04-10
506,Multi Culti,album,2007-01-26
507,Interno 7,album,2018-09-28
508,Incompatibile 2 (Grande Prova!),album,2004
509,Democrazia del microfono,album,2000
510,La forza che scorre,single,2016-12-02
511,'na notte infame,album,2024-03-01
512,Il mio lato peggiore,album,2025-05-16
513,La scuola romana (Original Motion Picture Soundtrack),album,2025-04-04
514,Nemici,album,2015-04-14
515,La valigia (Remix),single,1998
516,Euro contanti,single,2001
517,Tommaso,album,2004
518,"Tutto mio (Dal Musical ""Spray Street"")",single,2021-09-28
519,Fumo bianco,single,2018-06-08
520,Bitch 2.0,single,2018-07-20
521,Dale,single,2018-04-20
522,Sister (Pastiglie),single,2018-10-05
523,3G (feat. Jake La Furia),single,2018-12-12
524,Bella così (feat. Federica Carta),single,2020-05-22
525,Avere 20 anni,single,2019-01-11
526,Mangiauomini,single,2019-10-04
527,Coca Cola,single,2019-06-21
528,Nel Prime,single,2025-05-16
529,La voce di Chadia,single,2020-01-31
530,Bitch 3.0,single,2022-12-23
531,Le regole della bitch,single,2024-04-19
532,Donne che odiano le donne,single,2021-02-05
533,Non mi uccidere - feat. Alice Pagani,single,2021-04-16
534,Criminale,single,2023-03-31
535,Figli del deserto,single,2023-12-15
536,Tutt* stran*,single,2021-12-10
537,Griselda,single,2025-04-04
538,RESPETO,album,2014-12-02
539,Bondage - la gola,single,2024-01-26
540,Filo spinato - la superbia,single,2024-03-08
541,Sugar Daddy,single,2024-07-12
542,High Class,single,2020-02-14
543,Osama 2,album,2024-09-27
544,Vulcano,album,2017-03-24
545,Tarantelle,album,2019-05-03
546,SANTANA MONEY GANG,album,2025-04-10
547,Non E' Gratis,album,2012-01-01
548,Come Fa?,single,2019-12-03
549,Miracolo!,album,2015-04-28
550,Guardando la luna (Napoli RMX),single,2023-05-11
551,Miracolo! (Ultimo Round),album,2016-02-19
552,Mea Culpa (Gold Edition),album,2014-01-01
553,I.E.N.A.,album,2011-12-19
554,Black Pulcinella,album,2022-04-29
555,Cattivi guagliuni,album,2011-11-03
556,Napoli Manicomio,album,2006-08-09
557,Partenope,single,2020-12-21
558,Figli E Figliastri,album,2014-04-15
559,Gioco sporco,album,2019-11-20
560,Sorridi e vuoi fumare,single,2025-03-28
561,Señorita,single,2021-05-21
562,2/7 - EP,single,2020-06-12
563,Rido,single,2018-04-10
564,L'uomo che viaggiava nel vento (E altri racconti di brezze e correnti),album,2016-10-14
565,MBAPPÉ,single,2025-03-14
566,Ella Quiere Beber (Remix),single,2018-11-02
567,Forró no Varandão,album,2021-07-23
568,Santana Season,album,2023-06-09
569,#Uagliò,album,2017-06-16
570,Banditi,album,2016-09-30
571,Vile Denaro,album,2007-01-01
572,Club Dogo,album,2024-01-12
573,MI Fist (2004 Remaster),album,2003-01-03
574,Che Bello Essere Noi,album,2010-01-01
575,Non Siamo Più Quelli Di Mi Fist,album,2014-01-01
576,Dogocrazia,album,2009-01-01
577,Noi Siamo Il Club (Reloaded Edition),album,2012-01-01
578,Penna Capitale,album,2006-03-15
579,60 Hz,album,2004-01-07
580,Everyday Ting,single,2018-06-10
581,Vile Denaro 10th Anniversary,album,2007-05-17
582,SANTANA MONEY GANG,album,2025-04-10
583,,,
584,MI Fist,album,2004-04-23
585,"Street Collection, Vol. 2 (2008 Remastered)",compilation,2019-10-25
586,La calda notte,album,2005-08-06
587,"Vita Vera - Mixtape, aspettando la Divina Commedia",album,2020-06-12
588,Ciao Fibra,single,2007-07-27
589,Guersace (RMX) feat. Enzo Dong,single,2018-02-16
590,Il Cd Della Pina,album,1995
591,Piovono Angeli,album,1998-01-01
592,Cora,album,2000-01-01
593,Questa Fly,album,2007-01-01
594,The Royalty,album,2008-09-09
595,Tribulation,single,2023-01-17
596,Cocco,single,2019-03-03
597,Buio,single,2020-02-21
598,In The Jungle,single,2019-08-02
599,Fenomeno,album,2017-04-07
600,Mr. Simpatia,album,2004-09-01
601,Controcultura,album,2010-01-01
602,Squallor,album,2015-04-07
603,Caos,album,2022-03-18
604,Niente Di Personale,single,2014-03-26
605,Il Tempo Vola 2002-2020,compilation,2019-10-24
606,Ciao Fibra,single,2007-07-27
607,Turbe Giovanili (20° Anniversario / Versione Originale),album,2002-02-10
608,Guerra E Pace,album,2013-01-01
609,Tradimento (Platinum Edition),album,2006-12-01
610,Turbe Giovanili,album,2002
611,CVDM,single,2017-11-13
612,Bugiardo,album,2007
613,Gemelli,album,2020-06-18
614,In Italia 2024 (feat. Emma & Baby Gang),single,2024-02-23
615,Lo Sto Facendo,single,2016-09-06
616,Tradimento 10 Anni - Reloaded,album,2016-06-10
617,Nella fossa,single,2014-04-03
618,Pizzicato,album,2017-05-05
619,Chi Vuole Essere Fabri Fibra ?,album,2009-04-10
620,Che Gusto C'è (feat. Tredici Pietro),single,2025-05-23
621,Casus Belli,album,2013-02-05
622,Faccio Quello Che Voglio,album,2007-01-01
623,Controcultura (Bonus Track Version),album,2010-09-07
624,Fenomeno (Masterchef EP),single,2017-11-17
625,Tarantelle,album,2019-05-03
626,Hip Hop (Remix),single,2018-05-01
627,Adorazione (Colonna sonora della serie Netflix),album,2024-11-22
628,STREET ABBRONZATISSIMA Urban Hits Estive Rap Italiano Game Over,compilation,2024-10-25
629,Stupidi (feat. Papa V & Nerissima Serpe),single,2025-06-13
630,Zelensky (Red Bull 64 Bars),single,2025-05-13
631,SCAPPA,single,2008-06-16
632,Lettera Q,album,2024-11-22
633,16 Punti Di Sutura,album,2005-01-01
634,Il mio lato peggiore,album,2025-05-16
635,...In teoria,album,2001-03-02
636,L'Italiano Balla,single,2012-07-01
637,Non Dormire,album,2005-01-01
638,Hip Hop Street Party Vol. 2,compilation,2009-01-01
639,Supereroi,album,2017-02-17
640,SANTANA MONEY GANG,album,2025-04-10
641,Libertà,album,2019-08-30
642,SignorHunt,album,2015-10-23
643,O' mare 'e o' sole,single,2011-12-17
644,Kevvuo',single,2017-04-28
645,Poeta Urbano,album,2013-06-25
646,Inferno 9,album,2016-06-10
647,Rivoluzione,album,2021-11-05
648,'A verità,album,2014-03-24
649,Cuore Rotto (feat. Gemitaiz),single,2019-03-29
650,Invece no,single,2017-11-21
651,A Un Passo Dalla Luna,single,2020-07-03
652,bellodrama,album,2023-03-24
653,Niente da bere,single,2017-06-09
654,Tutte'e parole,single,2018-11-23
655,'A verità 2.0,album,2014-11-04
656,Fammi scendere,single,2018-09-21
657,Un bacio all'improvviso,single,2021-06-04
658,Arrivano i prof (Original Soundtrack),single,2018-04-20
659,SPIRAGLIO DI PERIFERIA (RELOADED),album,2024-11-29
660,SignorHunt - Wake Up Edition,album,2016-03-04
661,RAGAZZO DI GIÙ,album,2025-04-25
662,MILLE VOTE ANCORA,single,2025-02-12
663,Non litighiamo più,single,2023-03-31
664,Pe' vula' nata vota,single,2023-03-29
665,PUSH!,single,2024-07-26
666,Un beso de improviso,single,2021-06-18
667,Musica Italiana,single,2024-04-05
668,A' vita senz' e te (Me fa paura),single,2022-11-04
669,Nu juorno buono,single,2014-02-17
670,Solo quiero dedicarte,single,2022-04-08
671,Burning Sands,single,2025-01-17
672,Caramelo,single,2022-07-29
673,Ciao Fibra,single,2007-07-27
674,1THOUSAND,single,2025-05-30
675,Farsi del male,single,2025-05-23
676,Parole,album,2004-01-01
677,M-theory,album,2014-04-22
678,Realtà aumentata,album,2016-11-04
679,Anni senza fine,album,2008-07-29
680,Struggle Music,album,2013-12-02
681,Sacrosanto,album,2023-05-26
682,La scatola nera,album,2012-02-22
683,L'universo non esiste,album,2019-04-12
684,Dentro La Mia Mente,album,2022-12-02
685,Traccia Uno,single,2020-02-14
686,Demon Days,album,2005-05-23
687,Revolution Is Only Solution,album,2013-01-28
688,Containers,album,2024-10-10
689,VERTEBRE,single,2024-11-19
690,Se resteremo uguali,single,2025-03-28
691,LA BELLAVITA,album,2025-03-28
692,FACILE,album,2022-02-14
693,House Party,album,2022-11-03
694,Idee Chiare,single,2022-06-03
695,Fabiano detto Inoki,album,2005-10-19
696,MEDIOEGO,album,2021-01-15
697,"The Newkingztape, Vol. 1",album,2017-11-17
698,The Jazzness,album,2025-05-16
699,Nobiltà di strada,album,2007-02-16
700,NUOVO MEDIOEGO,album,2021-11-12
701,CAZZOMINOMINI,single,2023-07-06
702,4 MANI,album,2022-11-25
703,DE PUTA MADRE 3,single,2024-10-11
704,Basso profilo: The Mixtape,album,2016-12-25
705,Flusso di coscienza,album,2017-11-30
706,5° Dan,album,2017-11-01
707,L'antidoto,album,2014-02-05
708,SANTANA MONEY GANG,album,2025-04-10
709,"Balla Con Noi - Balli Di Gruppo, Vol. 1",album,2006-07-11
710,Freestyle Élite,album,2022-06-24
711,Cronache Di Resistenza,album,2017-01-01
712,MAGICAL 大橋純子の世界 III,album,1984-07-01
713,Immaginario,single,2019-09-27
714,La Pace È La Risposta,single,2024-02-16
715,Mr. Fini,album,2020-11-26
716,60 Hz,album,2004-01-07
717,Emanuel,album,2025-04-20
718,"MALAVITA, Pt. 2 / HeadShot, Vol. 3",single,2024-06-07
719,Educazione sabauda,album,2016-01-08
720,"Aquí No Pasa Nada (feat. King Dest, Favelas J Flus)",single,2018
721,Ferro del mestiere,album,2022-06-17
722,Leggenda da Bar,single,2023-12-15
723,Vinyl Days,album,2022-06-17
724,Cliente su Cliente,album,2007-11-27
725,Gioventù Bruciata,album,2019-02-22
726,Weekend 2017,single,2017-05-26
727,Rock On,album,2025-03-21
728,Tropico Del Capricorno,album,2025-01-10
729,Stallone,album,2023-03-08
730,XDVR Reloaded,album,2015-11-23
731,Profondo rosso,album,2011-03-08
732,Hermes Sound-Effect Ringt1 & Alert Collection Vol.1,album,2015-09-15
733,Rap Game: Aggressiva,single,2019-11-28
734,SANTANA MONEY GANG,album,2025-04-10
735,Dom Reality Sessions 2,single,2024-04-19
736,L'Amore non è un Hobby,single,2021-10-22
737,Na vot e pe semp,album,2011-09-02
738,Live in the Al Mukawama Experiment 3,album,2007-06-19
739,El Party,single,2017-06-08
740,17,album,2020-09-18
741,Club Dogo,album,2024-01-12
742,FAME,album,2025-01-31
743,Fuori Da Qui,album,2016-04-22
744,Musica Commerciale,album,2013-01-01
745,Ferro del mestiere,album,2022-06-17
746,Bandita,single,2018-06-29
747,Entertainer,album,2018-05-25
748,MMMH,single,2018-02-23
749,6 del mattino (feat. Brancar),single,2019-06-28
750,Non sentiamoci più,single,2018-11-16
751,L'ultimo tango,album,2015-09-01
752,Guilty,album,2010-01-01
753,Ubbidirò,single,2011-05-03
754,MI Fist (2004 Remaster),album,2003-01-03
755,L'ora d'aria,album,2008-01-11
756,Heist of The Century,album,1998-11-17
757,Oh My Doll - EP,single,2017-10-19
758,Que Pasa,single,2018-04-10
759,Orologi (prod. Strage e Lazza),single,2020-03-11
760,Sulle Nuvole (prod. Low Kidd & Young Miles),single,2020-01-16
761,Struggle,album,2016-01-29
762,187,single,2018-01-16
763,Molly (prod. Strage),single,2020-04-08
764,Le Mie Ultime Parole (feat. Doll Kill),single,2025-04-25
765,Grand Notorious,single,2018-05-30
766,Amore Odio,single,2022-10-28
767,The Million Dollar Backpack,album,2008-07-22
768,100 Giga,single,2024-11-15
769,Opaca,single,2025-04-11
770,G,single,2025-05-30
771,Nena - A COLORS SHOW,single,2020-09-10
772,Barrio,single,2019-12-06
773,Love Is Not Hard To Find (from the Amazon Original Movie Hotel Transylvania: Transformania),single,2022-01-14
774,Mascarade (feat. Lous and The Yakuza),single,2022-01-28
775,KI-KI,single,2022-05-06
776,Se Acabó (feat. Mozart La Para),single,2021-02-05
777,YOU (feat. Damian Marley),single,2021-08-06
778,Instinto,single,2021-11-19
779,Herrera,single,2023-02-10
780,El Diablo,single,2020-10-30
781,YA,single,2021-05-28
782,La Puerta,single,2023-05-19
783,Memory,album,2018-05-18
784,62 Bars,single,2020-11-16
785,GARA 7,album,2023-06-16
786,Fantastica illusione,album,2014-03-18
787,Orgoglio,album,2012-09-28
788,Music City Murder Ballad,single,2022-10-31
789,L.U.N.A.,album,2015-03-24
790,Lasciateci la fantasia,album,2017-04-21
791,Vado Via,single,2024-07-10
792,TUTTA VITA,album,2024-10-25
793,Salvatore Vive,album,2022-10-27
794,DRAFT,album,2023-09-15
795,Intercontinental,album,2025-02-21
796,Zero Kills,album,2014-11-11
797,Hellvisback,album,2016-02-05
798,Napoli Manicomio,album,2006-08-09
799,Cmonnn (Hit It One Time)(feat. Lay Bankz),single,2022-03-11
800,Inflammable Material,album,1979
801,The Island Chainsaw Massacre,album,2011-02-01
802,RADIO SAKURA,album,2024-03-08
803,Radio Gotham,album,2023-01-20
804,fuorilegge,single,2025-02-12
805,radio vega,album,2025-03-14
806,Villain,single,2022-04-14
807,Geisha,single,2016-10-14
808,GANGSTA LOVE,single,2021-11-12
809,GOODBYE,single,2020-07-24
810,Il Diavolo Piange,single,2020-05-01
811,Tropico Del Capricorno,album,2025-01-10
812,COMO UN TRUENO,single,2024-08-30
813,Kitty Kitty,single,2017-04-07
814,Get the Fuck Out of My Pool,single,2016-07-22
815,Don't Call the Po-Po,single,2017-07-28
816,Bundy,single,2020-04-21
817,Blade of the Ronin (Deluxe Edition),album,2015-03-03
818,victoria's secret (feat. Tony Effe),single,2025-05-30
819,SWOOP!,single,2019-07-26
820,Sneakers,single,2019-11-27
821,That's What I'm Talking About,single,2011-01-18
822,Jack Di Fiori,album,2022-05-13
823,SCUSATE IL RITARDO,album,2024-09-11
824,GIOVANE RONDO,album,2020-10-16
825,Reanimation,album,2002
826,MOVIE (feat. Central Cee),single,2021-02-26
827,DUBAI,single,2021-04-23
828,SHAWTY (feat. Sacky),single,2021-09-16
829,Boyka,single,2022-11-25
830,STURDY,single,2022-04-29
831,BIRKIN (feat. Rondodasosa),single,2022-03-25
832,CHINGA (feat. Simba La Rue),single,2022-01-21
833,Free Samy,single,2020-01-10
834,Collaborations,album,2002-01-01
835,Leggenda,single,2020-04-29
836,TRENCHES BABY,album,2023-03-10
837,NEW YORK,single,2023-03-10
838,MANDANTE,single,2024-08-30
839,"Revolutionary, Vol. 1",album,2001-09-14
840,BABA,single,2024-12-06
841,SOLO/ALONE,single,2021-06-25
842,Ordinary,single,2025-02-07
843,CHIARA,single,2023-06-07
844,WE ON EM (feat. NLE Choppa),single,2023-05-17
845,BLUE TAPE,album,2024-04-05
846,Face to face 2,single,2024-01-19
847,READY 4 WAR (feat. Artie 5ive),single,2023-02-02
848,GHETTO,single,2025-01-07
849,PACK A PUNCH FREESTYLE,single,2024-02-08
850,Giù,album,2022-07-01
851,SSG,single,2023-11-10
852,MOTIVATION 4 THE STREETZ,album,2023-12-08
853,cuando pienso en ti,compilation,2025-06-05
854,c@ra++ere s?ec!@le,album,2022-09-30
855,Spotify Singles,single,2019-04-17
856,BV3,album,2020-10-02
857,PRETTY GANGSTA (feat. Margola),single,2025-02-14
858,Caerle,single,2024-01-19
859,Business Class,single,2023-03-24
860,SANTANA MONEY GANG,album,2025-04-10
861,Another One,single,2024-06-18
862,La Divina Commedia,album,2023-06-02
863,Rock Festival Hits,compilation,2025-06-11
864,Show Me Love,single,2025-02-07
865,Ei8ht Mile,album,2020-01-17
866,Potere,album,2018-06-29
867,Rap na Feels,album,2023-02-24
868,23,album,2022-02-25
869,R.O.O.T.S. (Route of Overcoming the Struggle),album,2009-03-23
870,Rockstar,album,2018-01-19
871,Sfera Ebbasta,album,2016-09-09
872,Famoso,album,2021-02-12
873,SANTANA MONEY GANG,album,2025-04-10
874,X2VR,album,2023-11-17
875,XDVR Reloaded,album,2015-11-23
876,Dexter,single,2017-03-10
877,Blunt & Sprite,single,2016-01-20
878,Rockstar (Popstar Edition),album,2018-11-30
879,OGNT,single,2015-03-03
880,Mademoiselle,single,2019-03-12
881,Rockstar (International Version),album,2018-01-19
882,Orange County California,album,2017-01-13
883,Capitán,single,2023-05-26
884,Hexen,single,2018-04-09
885,Entro in pass,album,2016-09-16
886,Crack Musica,album,2016-03-10
887,MIO FRATELLO,single,2022-10-20
888,Hot Labor Summer 2,single,2024-09-20
889,ULTIMA CENA,single,2022-12-23
890,MARTIRE,album,2024-06-07
891,Machika (Remix),single,2018-05-31
892,Orange,single,2023-04-06
893,Mezzanotte,album,2017-09-22
894,ORCHIdee,album,2014-05-27
895,Rose viola,single,2019-02-06
896,Qualcosa è cambiato,album,2012-12-25
897,Il Mondo Gira,album,2022-12-16
898,La rivincita dei buoni,album,2007-09-15
899,"Red Bull 64 Bars, The Album",compilation,2021-05-27
900,MM Vol. 2,album,2016-11-11
901,Scritto Nelle Stelle,album,2020-04-24
902,Ego & Alter Ego,album,2024-06-17
903,Nonostante Tutto,album,2016-01-22
904,Criminale emozionale,single,2018-06-15
905,Musica che non si tocca,album,2010-11-01
906,Rose viola Pt. 2,single,2019-02-22
907,SIRIO,album,2022-04-07
908,E Vissero Feriti E Contenti,album,2021-03-19
909,Errare umano,album,2018-11-14
910,Persona,album,2019-10-31
911,Una cosetta così,album,2025-01-10
912,a me mi piace (feat. Manu Chao),single,2025-05-09
913,POV,single,2024-10-25
914,Bonus Track,single,2024-07-12
915,Gemelli,album,2020-06-18
916,Per la mia gente / For my people,album,2012-10-29
917,"wer nicht fühlen will, muss hören",album,2019-08-30
918,LA BELLAVITA,album,2025-03-28
919,Solo per cambiare il mondo,album,2012-11-26
920,Telepatia (Hoodtrap),single,2025-05-01
921,Il mio lato peggiore,album,2025-05-16
922,Soulvillians,compilation,2006-09-09
923,DOOM,album,2021-10-29
924,Hip Hop M.E.I. 5.1,compilation,2011-11-15
925,FINALMENTE,album,2023-10-13
926,La maggior parte,album,2020-10-30
927,Rockstar,album,2018-01-19
928,Ligabue [Remastered Version],album,1990
929,Ghettolimpo,album,2021-06-10
930,MILLE VOTE ANCORA,single,2025-02-12
931,Mediterraneo,album,2025-06-06
932,Peace & Love,single,2018-05-04
933,Vola alto,single,2015-09-23
934,Splende,album,2015-02-12
935,Tonica & Dominante,single,1979-01-01
936,Azoto,single,2024-10-17
937,Acquario,album,2019-05-24
938,Suicidol,album,2015-05-26
939,La mia compilation (Colonna sonora originale della serie TV),album,2010-01-01
940,Trap Lovers,album,2019-03-01
941,Bella Lucio,compilation,2015-09-25
942,"Best Seller Compilation, Vol. 1 & 2",compilation,2008-01-08
943,O Espetáculo do Circo dos Horrores,album,2006-06-06
944,TUTTA VITA,album,2024-10-25
945,Prisoner 709,album,2017-09-15
946,SWEET LIFE,single,2025-06-15
947,Requiem,album,2017-11-30
948,Vibras para el Día del Padre 2025,compilation,2025-06-15
949,Caos,album,2022-03-18
950,Guerra fra poveri,album,2006-11-17
951,Le cose cambiano,album,2023-12-01
952,decrescendo.,album,2025-05-22
953,10,album,2023-06-29
954,Purgatorium,album,2021-10-28
955,SANTANA MONEY GANG,album,2025-04-10
956,Toast to Our Differences (Deluxe Edition),album,2019-01-25
957,PAINSTAR (The Mixtape),album,2025-03-28
958,Domani smetto,album,2002-03-22
959,PROTOMARANZA,album,2024-05-10
960,Messa Di Vespiri,album,1997-02-25
961,Strade Di Citta,album,1993-02-25
962,Italiano medio,album,2003-11-04
963,Così Com' è,album,1996-05-14
964,UN BEL VIAGGIO,single,2023-02-09
965,Nessuno,album,1998-05-07
966,CLASSICO,single,2023-10-27
967,BLAH! (x5) (feat. Massimo Pericolo),single,2024-08-05
968,Perché Si,album,1999-12-20
969,Greatest Hits,compilation,2000-11-17
970,La riconquista del forum (Live),album,2004-11-12
971,FILOSOFIA DEL FUCK-OFF,single,2023-04-28
972,4 x 4,album,2000-10-26
973,Così com'è LEGACY EDITION,album,2021-11-12
974,È Natale (Ma io non ci sto dentro),single,1993-12-25
975,Così e cosà,single,1997-01-01
976,2030,single,1996-01-01
977,Il funkytarro,single,1996-01-01
978,Neffa E I Messaggeri Della Dopa,album,1996-01-01
979,Chico Pisco,single,1999-01-01
980,107 Elementi,album,1998-01-01
981,Guerra E Pace,album,2013-01-01
982,Alla Fine Della Notte,album,2007-06-01
983,"Aggio Perzo 'o Suonno (feat. Coez, prod. TY1)",single,2021-02-12
984,Arrivi E Partenze,album,2001-01-01
985,Sognando Contromano,album,2009-06-01
986,Molto calmo,album,2013-12-11
987,Canerandagio - Parte 1,album,2025-04-18
988,FoglieMorte (feat. Fabri Fibra),single,2024-04-12
989,"I Molteplici Mondi Di Giovanni, Il Cantante Neffa",album,2003-01-01
990,Resistenza (Edizione speciale),album,2015
991,Le Dimensioni Del Mio Caos,album,2008-01-01
992,SANTANA MONEY GANG,album,2025-04-10
993,AmarAmmore,album,2021-04-02
994,Le Ore Piccole,single,2004-03-07
995,Saturno Contro (Original Motion Picture Soundtrack),album,2007-06-01
996,Diário de Bordo,single,2017-02-03
997,Vanagloria,album,2023-09-29
998,Busta Flex,album,1998-02-02
999,Mowgli,album,2018-03-02
1000,Wasabi 2.0,single,2017-05-19
1001,Orange County California,album,2017-01-13
1002,Vita Vera Mixtape,album,2020-06-05
1003,La Divina Commedia,album,2023-06-02
1004,"Vita Vera - Mixtape, aspettando la Divina Commedia",album,2020-06-12
1005,Elisir,single,2019-06-07
1006,2020 Freestyle,single,2021-01-07
1007,SANTANA MONEY GANG,album,2025-04-10
1008,Don't Panic,album,2021-05-05
1009,La Divina Commedia (Deluxe),album,2024-05-24
1010,Il coraggio nei piedi,album,2014-01-06
1011,Sogni di Strada,album,2018-04-30
1012,X2VR,album,2023-11-17
1013,I Nomi del Diavolo,album,2024-03-01
1014,Going Hard 3,album,2024-12-06
1015,In LA We Trust,album,2014-04-08
1016,Mediterraneo,album,2025-06-06
1017,Too Clean,album,2025-06-13
1018,Ecce Homo,album,2015-04-20
1019,LA BELLAVITA,album,2025-03-28
1020,Suicidol,album,2015-05-26
1021,A Brand You Can Trust,album,2009-07-07
1022,Piangere a 90,single,2025-05-08
1023,Rattle And Hum,album,1988-10-10
1024,Who's It Gonna Be?,single,2020-09-30
1025,Dissmantle,single,2020-10-25
1026,The Unfolding,album,2018-04-20
1027,Shady Nate is Mobb Marley,album,2010-11-23
1028,Prisoner 709,album,2017-09-15
1029,Exuvia,album,2021-05-06
1030,Museica,album,2014-01-01
1031,Verità Supposte,album,2003-01-01
1032,Le Dimensioni Del Mio Caos,album,2008-01-01
1033,Habemus Capa,album,2006-01-01
1034,Il Sogno Eretico,album,2011-01-01
1035,?!,album,2000-01-01
1036,The Rockers,album,2016-08-26
1037,Il mio lato peggiore,album,2025-05-16
1038,Habitat Cielo,album,2023-03-31
1039,a me mi piace (feat. Manu Chao),single,2025-05-09
1040,Il Dialogo Sta Nei Dettagli,album,2024-02-02
1041,Studio Collection,album,1998
1042,Antologia della Cameretta,album,2017-06-03
1043,Per Me,single,2025-04-09
1044,Non E' Gratis,album,2012-01-01
1045,post mortem,album,2025-04-10
1046,Sick Side,album,2018-01-05
1047,Bugiardo,album,2007
1048,Vengo Dalla Luna,single,2004-01-01
1049,Mr. Simpatia,album,2004-09-01
1050,Nicolás,album,2022-02-25
1051,MBAPPÉ,single,2025-03-14
1052,Bruno Lauzi e il Club Tenco,album,2008-01-01
1053,Camera a Sud (2018 Remaster),album,1992-06-15
1054,Noord Africano,single,2025-04-11
1055,TUTTA VITA,album,2024-10-25
1056,ASTROWORLD,album,2018-08-03
1057,Il limite valicabile,album,2015-03-10
1058,Fenomeno,album,2017-04-07
1059,Santeria,album,2016-06-24
1060,Ti Sento,single,2023-10-27
1061,DI TUTTI,single,2025-04-01
1062,piango glitter,compilation,2025-06-12
1063,CHIARA,single,2024-09-23
1064,Non Basta Mai (feat. Bresh & Tony Effe),single,2025-06-13
1065,64 BARRE DI VERITÀ (Red Bull 64 Bars),single,2024-09-19
1066,Untouchable,album,2021-11-26
1067,ICON,album,2024-12-09
1068,BOSS,single,2023-03-24
1069,Containers,album,2024-10-10
1070,DAMME 'NA MANO,single,2025-02-12
1071,Bassotto,single,2019-10-24
1072,Il mio lato peggiore,album,2025-05-16
1073,Foto di gruppo,album,1998-08-01
1074,"Street Collection, Vol. 1 (2019 Remastered)",compilation,2019-09-27
1075,Classe 73,album,2003-01-01
1076,Thank Bax it's Friday,single,2017-10-06
1077,Mia Maestà,album,2017-03-31
1078,Pokoflow,single,2017-12-15
1079,Guarda In Cielo,album,2013-11-01
1080,Musica che non si tocca,album,2010-11-01
1081,L'Ultimo Testimone,album,2004-01-01
1082,Tutti a casa,album,2011-11-01
1083,Ogni maledetto giorno (Deluxe Edition),album,2017-09-01
1084,Contro gli estimatori,album,1996-08-01
1085,Sushi - EP,single,2007-11-13
1086,Poi dopo cosa?,single,2018-06-15
1087,Stanno tutti bene,album,2012-02-14
1088,Background,album,2002-01-01
1089,Rapper Italiano,album,2001-01-01
1090,HATE,album,2005-09-01
1091,"Street Collection, Vol. 2 (2008 Remastered)",compilation,2019-10-25
1092,L'uomo senza qualità (Rayden a.k.a Faccia d'Angelo),album,2012-05-22
1093,Shhh!,single,2017-03-03
1094,I Got Next,album,1997-05-20
1095,Classico,album,2000-01-01
1096,Beni Bilmiyorsun,single,2014-05-28
1097,Re Senza Trono,single,1994-01-01
1098,Hanno ucciso l'Uomo Ragno (2012),album,2012-06-12
1099,Prima di Partire,album,2004-01-01
1100,"Machete Mixtape, Vol. 3",compilation,2014-09-23
1101,Champagne e spine,album,2010
1102,2/3 - EP,single,2020-06-05
1103,Dead poets,album,2016-12-20
1104,Il Sogno Eretico,album,2011-01-01
1105,Per la mia gente / For my people,album,2012-10-29
1106,Cose dell'Altro Mondo,album,2012-10-02
1107,Loaded,album,2009-10-16
1108,MSSNC,album,2009
1109,KG,album,2025-05-29
1110,Sano Business 2005 Live,album,2025-05-30
1111,Vivo e Vero,album,2010-05-04
1112,L'erba cattiva (Gold Edition),album,2012-11-20
1113,Vieni a prenderci,single,2013-11-12
1114,Lungomare Paranoia,album,2017-01-13
1115,Inferno 9,album,2016-06-10
1116,Sons Of Soul,album,1993-01-01
1117,Teoria Del Contrario Mixtape Vol. 2,album,2023-03-17
1118,Metrotape Vol1 The Jam Session (Selected By Dj Sice),album,2007
1119,Machete Mixtape Gold Edition,compilation,2015-10-30
1120,5° Dan,album,2017-11-01
1121,Trap Fatta Bene,album,2024-04-19
1122,Album,album,2017-05-26
1123,Lunga Vita a Sto,album,2017-11-24
1124,Cara Italia,single,2018-05-02
1125,DNA,album,2020-11-13
1126,Zingarello,single,2018-05-25
1127,WALLAH,single,2021-10-29
1128,Sensazione ultra,album,2022-05-20
1129,Niente Panico,single,2024-10-11
1130,Turbococco,single,2019-06-21
1131,Casa Mia,single,2024-02-07
1132,Paprika,single,2024-05-10
1133,"Chiagne Ancora (feat. LIBERATO, J Lord)",single,2021-06-22
1134,Hasta la vista (feat. ANNA) [Remix],single,2020-05-29
1135,I Love You,single,2019-03-15
1136,PIZZA KEBAB Vol. 1,album,2023-12-01
1137,M' Manc (con Geolier & Sfera Ebbasta),single,2020-06-11
1138,Chill,single,2025-05-16
1139,Force & Honneur,album,2017-03-31
1140,Skylab V,album,2004-12-10
1141,Freestyle N°4 #rue,single,2018-09-01
1142,TUTTA VITA,album,2024-10-25
1143,G+Jus,single,2021-01-12
1144,Tarantelle,album,2019-05-03
1145,We Love You Tecca,album,2019-08-30
1146,2 glops,single,2024-02-15
1147,CAPOTAVOLA,album,2019-04-29
1148,SANTANA MONEY GANG,album,2025-04-10
1149,MiDi Murder EP,single,2012-10-31
1150,Legmatic,album,2024-05-10
1151,4: The Rise of the Mosh Mongers,album,2013-08-01
1152,DJUNGLE UNCHAINED,album,2022-12-16
1153,Thee Unknown,album,2024-09-20
1154,Booze for Blues,album,2016-05-25
1155,Wanderlust,single,2015-06-12
1156,V,album,2017-09-01
1157,CLASH AGAIN,album,2019-10-18
1158,SPECIALIST,single,2020-09-17
1159,Noi Siamo Il Club (Reloaded Edition),album,2012-01-01
1160,Joga Bonito (feat. Nerone & Axos),single,2018-08-03
1161,Rock Steady,album,2014-09-02
1162,CLASH,album,2019-02-01
1163,BLOCCO 181 – ORIGINAL SOUNDTRACK,album,2022-05-27
1164,HO LA HIT (feat. Massimo Pericolo),single,2022-04-07
1165,MARI (feat. Giaime) - prod. Andry The Hitmaker,single,2020-10-09
1166,Era Tutto Un Sogno,album,2012-11-13
1167,"MAI (feat. Silent Bob) prod. Crookers, Goedi",single,2021-10-24
1168,OGGI,single,2020-10-23
1169,BENZINA (feat. Emis Killa) prod. Garelli,single,2021-03-05
1170,DE PUTA MADRE 3,single,2024-10-11
1171,090320 - prod. Kanesh,single,2020-10-02
1172,DOMANI,single,2021-11-12
1173,In volo (RMX),single,2018-06-08
1174,TERRORIST,single,2025-01-17
1175,RANCH,album,2025-05-09
1176,Just Keep Watching (From F1® The Movie),single,2025-05-30
1177,VENDETTA,album,2008-09-22
1178,Mea Culpa (Gold Edition),album,2014-01-01
1179,GEMINI,album,2019-06-14
1180,QVC Collection,album,2018-03-30
1181,Generazione Triste,single,2025-03-14
1182,Gli alpini e la montagna vol.2,album,2007-05-01
1183,LA BELLAVITA,album,2025-03-28
1184,There Is No Competition: Death Comes In 3s,album,2011-12-25
1185,Educazione sabauda,album,2016-01-08
1186,Malammore,album,2016-07-15
1187,"The Newkingztape, Vol. 1",album,2017-11-17
1188,Innamorato,album,2023-04-13
1189,'A verità,album,2014-03-24
1190,Dentro e Fuori,album,1976
1191,AL CAPONE,single,2022-04-22
1192,Meteoriti - Top Rap Italiano,compilation,2022-07-08
1193,#willpower,album,2013-01-01
1194,Ambitions,album,2017-01-13
1195,WILD,single,2024-11-22
1196,Bella Lucio,compilation,2015-09-25
1197,Balances & Options,album,2000
1198,Solo per cambiare il mondo,album,2012-11-26
1199,Affetto Illimitato,album,2023-12-27
1200,Zer06-zer08,album,2010-06-22
1201,900,album,2001
1202,Amore e Coraggio,album,2012
1203,Kepler,album,2014-05-27
1204,Santos Ensinos,album,2024-01-01
1205,SCELTE STUPIDE,single,2025-05-02
1206,Drammi,single,2024-12-13
1207,Stereokilling,album,2016-12-16
1208,Dreaming in Slow Motion,single,2025-02-21
1209,Turno notturno,single,2016-09-26
1210,Sciccherie,single,2018-12-14
1211,17,single,2019-06-17
1212,MADAME,album,2021-06-03
1213,sentimi,single,2020-04-24
1214,L'Angelo del Male,album,2024-04-26
1215,Anna,single,2018-09-13
1216,"Red Bull 64 Bars, The Album",compilation,2021-05-27
1217,IL BENE NEL MALE,single,2023-02-09
1218,L'AMORE,album,2023-03-30
1219,LA PROMESSA DELL'ANNO,single,2019-10-04
1220,TU M'AS COMPRIS,single,2022-01-27
1221,AWW! (Red Bull 64 Bars),single,2022-04-12
1222,Adorazione (Colonna sonora della serie Netflix),album,2024-11-22
1223,L’Eccezione (from the Amazon Original Series BANG BANG BABY),single,2022-04-14
1224,La primavera della mia vita (Original Motion Picture Soundtrack),compilation,2023-02-20
1225,Persona,album,2019-10-31
1226,Ping Pong,album,1997
1227,Amore povero,album,2017-03-17
1228,Rockstar: Do zachodu słońca,album,2020-08-28
1229,"NOI, LORO, GLI ALTRI",album,2021-11-19
1230,DRAFT,single,2022-11-07
1231,Bonjour Madame,single,2023-05-05
1232,Madame Dad,compilation,2022-10-08
1233,Fitna,album,2024-06-21
1234,Poco Di Buono 2,album,2017-01-26
1235,DON,album,2018-01-19
1236,Nella fossa,single,2014-04-03
1237,Poco di Buono,album,2008-03-31
1238,Don Vacca Corleone,album,2019-01-11
1239,Il diavolo non esiste,single,2014-03-07
1240,Faccio Quello Che Voglio,album,2007-01-01
1241,54:17,album,2017-04-24
1242,Rilassato,single,2025-03-21
1243,Missione completa,single,2018-09-04
1244,Bad Reputation,album,2020-04-10
1245,Del Padre Del Figlio,album,2014-09-23
1246,20139,album,2019-08-23
1247,zero punto zero,single,2017-02-13
1248,Asmara,single,2018-04-21
1249,UNA VITA SOLA,single,2024-03-22
1250,Pazienza,album,2013-03-19
1251,L'ultimo tango,album,2015-09-01
1252,Via perchè,single,2017-06-23
1253,Il Ragazzo D'Oro,album,2011-01-01
1254,Mi ferma nessuno,single,2019-11-08
1255,Barroso,album,2022-09-23
1256,No Cap,single,2021-01-11
1257,Vh,album,2004-03-11
1258,Qualche Secondo,single,2020-12-04
1259,Musica per Sordi,single,2025-05-16
1260,Tropical Shopping,single,2021-02-26
1261,Tempo Nostro - EP,single,2021-07-30
1262,Jr. Saddam,single,2021-03-26
1263,Full Circle,album,2019-07-12
1264,Chi sbaglia paga,single,2006-10-25
1265,Black Book 2,album,2016-12-15
1266,Marionette,single,2019-10-21
1267,indipendentemente preso bene,single,2023-06-09
1268,Pezzi Della Sera,album,2023-11-17
1269,Ogni fottuto giorno,single,2021-05-14
1270,La tana del granchio,single,2025-02-12
1271,Spazio,single,2021-02-12
1272,Golden Goal,single,2020-11-18
1273,IDGAF,single,2020-10-23
1274,Black Heart,album,2025-05-05
1275,Business,single,2020-11-13
1276,Scatola di Nike,single,2021-01-29
1277,Pelleossa,album,2011-05-24
1278,Sporco,album,2010-05-18
1279,GRAVEYARD DUPPIES,album,2024-05-10
1280,Rockstar,album,2018-01-19
1281,Immagini Ancora,single,2021-04-23
1282,Reggae Rhythm,compilation,2025-06-11
1283,One Shot,single,2024-01-09
1284,XDVR Reloaded,album,2015-11-23
1285,Last Bonus Track,single,2022-02-25
1286,Verità Supposte,album,2003-01-01
1287,New Balance,single,2025-01-24
1288,1 Less G in the Hood,album,2015-04-01
1289,Doble Cara,single,2025-02-21
1290,La Patente,single,2025-06-13
1291,DE PUTA MADRE 3,single,2024-10-11
1292,N 9,album,2017-02-09
1293,Get Maad,album,2012-01-31
1294,Terzo Capitolo,single,2025-02-07
1295,Voglio farlo con te (feat. Vacca & EXO),single,2020-04-23
1296,Il nirvana,album,2014-09-23
1297,The Main Ingredient,album,1994-01-01
1298,ALI,album,2021-02-19
1299,Best Trap Ita 2024,compilation,2024-01-12
1300,CRACOVIA PT. 4,single,2023-08-25
1301,KG,album,2025-05-29
1302,INVISIBILI,album,2023-09-15
1303,Le vostre madri,single,2019-11-26
1304,L'imprevisto,album,2007-06-12
1305,FAME,album,2025-01-31
1306,Northside Melodies,album,2024-05-31
1307,L'importante,single,2019-05-07
1308,Classe 73,album,2003-01-01
1309,Real Talk,single,2019-07-30
1310,Bella Guido,single,2018-06-12
1311,The Globe,album,2022-11-03
1312,100 rancunes,album,2021-07-01
1313,INTROVERSO EP,single,2024-03-12
1314,ALI - ULTIMA NOTTE,album,2021-09-24
1315,Guess Who's Back,single,2022-04-15
1316,MM Vol. 2,album,2016-11-11
1317,C'era una volta,album,2021-06-24
1318,Giorgio Vanni super hits - il meglio del meglio,album,2014-01-01
1319,OCCHI TRISTI,single,2024-10-18
1320,LA BELLAVITA,album,2025-03-28
1321,SIRIO (Concertos),album,2022-12-15
1322,"The Illest, Vol. 2",album,2019-04-26
1323,No Friend,single,2025-02-28
1324,Le Voyage,album,2003-01-01
1325,Players Club '25,single,2025-04-15
1326,THIS IS MICONS,album,2024-04-05
1327,CANI RANDAGI,single,2025-04-11
1328,Dead poets,album,2016-12-20
1329,SN4,album,2023-06-16
1330,64 BARRE IN FACCIA (Red Bull 64 Bars),single,2024-09-05
1331,BOOGIE WOOGIE,single,2022-06-24
1332,Milano Angels,album,2024-09-06
1333,OFFLINE (feat. VillaBanks),single,2023-05-26
1334,PER SEMPRE (feat. Bresh),single,2024-09-11
1335,RADIO SAKURA,album,2024-03-08
1336,Lorenzo 1999 - Capo Horn,album,1999-06-21
1337,X2VR,album,2023-11-17
1338,FIGLI DEI PALAZZI (feat. Néza),single,2025-05-02
1339,"Gelosa (feat. Shiva, Sfera Ebbasta, Guè)",single,2023-02-24
1340,Scatola Nera,album,2019-09-19
1341,FACILE,album,2022-02-14
1342,RANCH,album,2025-05-09
1343,Illuminate,album,2017-04-20
1344,Playlist,album,2018-11-09
1345,Ds Ep.8,single,2022-06-10
1346,Bravo Ragazzo (Royal Edition),album,2013-01-01
1347,64 BARRE DA CENSURA (Red Bull 64 Bars),single,2024-05-10
1348,"Secondo me, l'amore...",album,1972
1349,Raptus 3,album,2019-03-15
1350,SDFTR,single,2025-03-14
1351,Il chihuahua storico non ha senso senza te,album,2005
1352,Mary Poppins (La Colonna Sonora Originale del Film),compilation,2018-05-18
1353,No stress,single,2021-08-27
1354,SunTzu,single,2012-03-23
1355,WE 2FLY,single,2024-08-02
1356,XXX,single,2024-02-09
1357,FRAGILI (Acoustic Version),single,2024-08-30
1358,PAPRIKA,album,2019-03-29
1359,SANTANA MONEY GANG,album,2025-04-10
1360,L'ANGELO DALL'OCCHIALE DA SERA: COL CUORE IN GOLA,album,2016-10-25
1361,CHANELINA SOUBRETTE (feat. Disme & Ele A),single,2024-09-27
1362,Misteria,album,2023-12-01
1363,VERA BADDIE,album,2024-06-27
1364,Levi,single,2023-04-11
1365,IL CIELO NON È UN LIMITE,album,2020-11-12
1366,Year of the Dragon - Songs from China,album,2024-09-27
1367,F65,album,2023-05-05
1368,Piove Ancora,album,2021-11-05
1369,Mr. Simpatia,album,2004-09-01
1370,Zum Sterben schön - Ein Musical für die Ewigkeit,album,2013-11-22
1371,UNA VITA IN CAPSLOCK,album,2018-04-20
1372,CARPACCIO GHIACCIATO,single,2017-06-23
1373,CLUB TOPPERIA,album,2022-05-26
1374,Persona,album,2019-10-31
1375,LE RAGAZZE DI PORTA VENEZIA - THE MANIFESTO,single,2019-10-17
1376,LA BELLAVITA,album,2025-03-28
1377,Piangere a 90,single,2025-05-08
1378,4 MANI,album,2022-11-25
1379,On a Cloud,album,2019-12-27
1380,Year Of The Gentleman (Bonus Track Edition),album,2008-01-01
1381,CONDANNATA A DANZARE (dal film “Il Migliore dei Mondi”),single,2023-11-14
1382,.,album,2025-02-27
1383,13 Months of Sunshine,album,2025-05-16
1384,Bacco Tabacco & Venere,single,2021-05-28
1385,Sangue,album,2024-03-08
1386,OMZ,single,2022-04-16
1387,Bound By Fire,album,2009-09-26
1388,2020 Freestyle,single,2021-01-07
1389,FINIMONDO,single,2022-05-05
1390,Potere,album,2018-06-29
1391,Malammore,album,2016-07-15
1392,L1,album,2012-06-19
1393,Dove Volano Le Aquile,album,2022-04-01
1394,"Anno Fantastico (feat. Shiva, Tony Boy)",single,2025-03-21
1395,Potere (Il Giorno Dopo),album,2019-06-18
1396,L2,album,2014-07-01
1397,Dove Volano Le Aquile Vol. 2,album,2023-05-10
1398,Ailleurs,album,2012-11-05
1399,DAMN.,album,2017-04-14
1400,SANTANA MONEY GANG,album,2025-04-10
1401,Strade Smarrite,album,2008-03-01
1402,Porta Una Rosa (Red Bull 64 Bars),single,2023-12-15
1403,2017-2019,album,2019-10-02
1404,Icona,album,2018-11-16
1405,Kiss Kiss Bang Bang,album,2015-09-11
1406,Una seria,album,2013-03-12
1407,Non mi basta più (feat. Chiara Ferragni),single,2020-06-25
1408,Donna sulla Luna,album,2021-06-11
1409,KIRK,album,2019-09-27
1410,Buenos Aires,single,2020-03-06
1411,Roma - Bangkok (feat. Lali),single,2017-02-17
1412,Kung Fu Panda 4 (Original Motion Picture Soundtrack),album,2024-03-08
1413,Greatest Hits,compilation,1999
1414,Femmina Alfa - EP,single,2011-10-05
1415,TOTEM (Ultimate Edition),album,2021-06-25
1416,Follia Mediterranea,single,2025-06-06
1417,DOMANI,single,2021-11-12
1418,Kimosabè,album,2023-09-29
1419,M'ama non m'ama,single,2023-06-16
1420,Paper Room,album,2019-11-05
1421,Fino al Blackout,single,2024-04-19
1422,Easy Money Baby,album,2020-01-24
1423,Feeling Good: Her Greatest Hits And Remixes,compilation,2022-02-11
1424,TOTEM - Episodio Tre,single,2021-02-10
1425,Connie Francis Sings Second Hand Love & Other Hits,album,1962-04-10
1426,Tq the Second Coming Domestic Clean With Bonus Tracks Part 2,album,2008-01-01
1427,X (feat. Maluma & Ozuna) [Remix],single,2018-06-29
1428,6AM,single,2022-09-15
1429,#Bedtime Baby Lullaby#,album,2018-03-28
1430,Yung Pokro,album,2019-03-29
1431,Solo,album,2024-01-12
1432,"Players Club '23 (Knights of the Posse) (feat. Nerissima Serpe, Artie 5ive, Tony Boy, Papa V, Low Red, Digital Astro & Kid Yugi)",single,2023-04-20
1433,12,album,2022-09-12
1434,Locos Valientes (feat. Andrés Dvicio),single,2017-09-08
1435,"Dark Days, Bright Nights",album,2001-01-01
1436,Babylon By Bus,album,1978-01-01
1437,Roma - Bangkok (feat. Giusy Ferreri) [Spanish Version],single,2016-02-19
1438,Hello World,album,2024-12-06
1439,Pray 4 Love (Deluxe),album,2020-08-07
1440,MONEY DANCE,single,2019-10-25
1441,Variazioni,album,2017-03-31
1442,Onda Alta,single,2024-02-07
1443,Nostalgia istantanea,album,2012-06-12
1444,CD' (Bonus Track Version),album,2011-04-01
1445,D'Io,album,2015-02-03
1446,Dove Si Balla,single,2022-02-02
1447,Di vizi di forma virtù,album,2008-06-13
1448,Vivere Aiuta A Non Morire,album,2013-01-01
1449,NEI SOGNI NESSUNO È MONOGAMO,album,2022-03-03
1450,Bir Tawil,album,2020-12-04
1451,Musica Senza Musicisti,album,2006-04-26
1452,L'ottavia,album,2014-02-12
1453,Ciao America,album,2024-02-01
1454,"Nullatenente (feat. Massimo Pericolo, Jake La Furia)",single,2025-04-03
1455,Pelle D'Oca,single,2023-05-18
1456,Amico E' ( Inno Dell'amicizia ),album,1984-01-01
1457,Muziki,single,2019-11-28
1458,RIOT,album,2020-10-30
1459,Diari Aperti,album,2019-05-03
1460,NOSTALGIA (export),album,2024-02-23
1461,Buganda Rock,single,2017-04-24
1462,Hell Taxi,single,2017-05-03
1463,Machete Mixtape Gold Edition,compilation,2015-10-30
1464,Rattopsy,album,2014-07-01
1465,Dinastía de Caín,album,2025-05-09
1466,SERVER SIRENA,single,2019-10-11
1467,NIVELES,single,2020-09-25
1468,"20 Años de Rabia, 20 Años de Sueños",album,2013-04-01
1469,Visión,single,2021-05-07
1470,A.M.N (Any Minute Now),album,2020-09-11
1471,Hip Hop Is Dead,album,2006-01-01
1472,P Secondigliano (2020 Remaster),single,2018-07-20
1473,DIO LO SA,album,2024-06-07
1474,IL CORAGGIO DEI BAMBINI - ATTO II,album,2023-04-07
1475,Emanuele,album,2019-10-10
1476,Campioni In Italia (Red Bull 64 Bars),single,2023-11-24
1477,Emanuele (Marchio registrato),album,2020-07-09
1478,IL CORAGGIO DEI BAMBINI,album,2023-01-06
1479,DIO LO SA - ATTO II,album,2024-11-22
1480,MM Vol. 3,album,2019-02-01
1481,Santana Season,album,2023-06-09
1482,RAP TUTORIAL (64 Bars),single,2021-05-19
1483,M' Manc (con Geolier & Sfera Ebbasta),single,2020-06-11
1484,Bravo Ragazzo (Royal Edition),album,2013-01-01
1485,Mexico,single,2018-10-18
1486,Balances & Options,album,2000
1487,"Vamos Pa La Banca (feat. Geolier, Samurai Jay & Lele Blade)",single,2020-02-28
1488,"SARÒ CON TE (feat. MV Killa, Yung Snapp, Lele Blade, Vale Lambo) [Original Soundtrack]",single,2024-05-03
1489,THIS IS MICONS,album,2024-04-05
1490,'A verità 2.0,album,2014-11-04
1491,Early American Cajun Music: Classic Recordings From the 1920's,album,1999-01-19
1492,Il mio lato peggiore,album,2025-05-16
1493,Guitarra,single,2020-12-06
1494,N'ata vot (Perdono),single,2023-12-08
1495,Truman,album,2018-11-16
1496,Clownstrofobia,album,2016-01-15
1497,The Attic,album,2023-09-01
1498,Balorda nostalgia,single,2025-02-12
1499,Allora ciao,single,2020-01-10
1500,Kamikaze,album,2018-08-31
1501,La hit dell'estate,single,2019-06-18
1502,Mirabilansia,album,2015-04-22
1503,Odio le hit estive,single,2016-07-01
1504,Autostop,single,2020-06-16
1505,Truman (Sanremo Edition),album,2019-02-08
1506,In un'ora,single,2021-06-01
1507,Nella fossa,single,2014-04-03
1508,Diversamente Triste,album,2023-07-07
1509,Rap Fiction,single,2019-08-27
1510,Tori seduti (feat. J-AX),single,2022-07-01
1511,Lunatica,single,2023-03-10
1512,Shades and Echoes,album,2022-02-04
1513,Pendolari,single,2023-01-13
1514,Per Sempre Mai,single,2023-05-26
1515,TUTTA VITA,album,2024-10-25
1516,Testa o croce,album,2019-10-04
1517,This is Reggae 100 Classics,compilation,2025-06-11
1518,Better Days,single,2022-01-28
1519,Ya Ganamos,single,2017-10-01
1520,"Musica da giostra, Vol. 5",album,2018-02-23
1521,Il Fuoco In Una Stanza,album,2018-03-02
1522,SANTANA MONEY GANG,album,2025-04-10
1523,Mindstate,album,1998
1524,Rinascimento,album,2019-03-06
1525,50 Shades of Fuckree,album,2017-03-31
1526,Answers Within,single,2016-01-02
1527,Noi Siamo Il Club (Reloaded Edition),album,2012-01-01
1528,Light And Shade,album,2005-09-26
1529,Spot,single,2024-07-10
1530,LA BELLAVITA,album,2025-03-28
1531,Mambo Salentino,single,2019-06-07
1532,Playlist,album,2018-11-09
1533,"Shades of Night (Flowing & Calm Sleep Sounds, Sensitive Background Music)",album,2019-01-04
1534,Bottiglie Vuote (feat. Max Pezzali),single,2025-04-11
1535,2/7 - EP,single,2020-06-12
1536,C'era una Svolta - Monologhi Pop Vol. 2,album,2022-04-07
1537,Combat Rave,album,2020-05-01
1538,Twist & Shades,single,2025-05-07
1539,E No Fit Be Me,single,2022-11-25
1540,Бары,single,2022-08-26
1541,Che Gusto C'è (feat. Tredici Pietro),single,2025-05-23
1542,Hot In The Shade,album,1989-01-01
1543,Supereroe,album,2018-10-12
1544,Linda,single,2017-10-25
1545,Serio,single,2018-02-09
1546,17,album,2020-09-18
1547,Terza Stagione,album,2016-10-14
1548,L'erba cattiva,album,2012-02-07
1549,"Keta Music, Vol. 3",album,2021-07-23
1550,Linda (Reloaded),single,2018-01-10
1551,Supereroe Bat Edition,album,2019-06-21
1552,Keta Music - Volume 2,album,2015-06-18
1553,Effetto notte,album,2023-05-19
1554,17 - Dark Edition,album,2021-02-26
1555,Mercurio - 5 Stars Edition,album,2014-06-10
1556,Mercurio,album,2013-10-22
1557,Champagne e spine,album,2010
1558,In auto alle 6:00 (feat. Lazza),single,2025-05-02
1559,Tijuana,single,2019-05-31
1560,Demoni,single,2025-02-04
1561,2/7 - EP,single,2020-06-12
1562,Sei Tu (feat. Andrea Piraz),single,2017-06-30
1563,PECCATORE,album,2025-05-23
1564,Effetto notte (L'alba),album,2023-11-24
1565,Fuori di qua! (Stories) [2022 Remastered],album,2004-11-01
1566,Rivoluzione,album,2021-11-05
1567,Nino Nino,single,2024-09-13
1568,Andale,single,2020-06-17
1569,PLC tape 1,single,2022-04-22
1570,I.L.T.G. (I Love This Game),single,2015-04-27
1571,BUTTERFLY (feat. Simba La Rue),single,2024-03-08
1572,Sinatra,album,2018-11-29
1573,L'erba cattiva (Gold Edition),album,2012-11-20
1574,Il peggiore,album,2011-12-19
1575,Vampiri,single,2013-07-01
1576,64 BARRE DA CENSURA (Red Bull 64 Bars),single,2024-05-10
1577,Che abbia vinto o no (feat. Antonella Lo Coco) - Single,single,2014-11-25
1578,Fuori Da Qui,album,2016-04-22
1579,Lucifero,single,2022-07-01
1580,SCUSATE IL RITARDO,album,2024-09-11
1581,#Rossoneri,single,2015-09-11
1582,Il nirvana,album,2014-09-23
1583,LA RIVINCITA (feat. Jake La Furia & Emis Killa) – prod. Don Joe,single,2021-06-03
1584,Pop-hoolista,album,2014-10-14
1585,MOOD,single,2020-08-12
1586,Il Mondo è Nostro,single,2021-09-24
1587,Roof Top Mixtape 1,album,2021-12-17
1588,Hanno ucciso l'Uomo Ragno (2012),album,2012-06-12
1589,Nayt One,album,2012-05-07
1590,ryoach ! (freestyle killa),single,2021-12-24
1591,Sing My Song Vol 16,album,2014-07-22
1592,Dstruction MIXTAPE (Nuclear Edition),album,2024-02-15
1593,Everything Based,album,2010-07-10
1594,SANTANA MONEY GANG,album,2025-04-10
1595,Killers,single,2013-10-14
1596,Bella Lucio,compilation,2015-09-25
1597,L1,album,2012-06-19
1598,Dadaismo,album,2014-01-01
1599,1969 - Achille Idol Rebirth,album,2020-09-25
1600,DeBÍ TiRAR MáS FOToS,album,2025-01-05
1601,Non so chi ha creato il mondo ma so che era innamorato,album,2024-02-16
1602,RISPETTO,single,2024-12-20
1603,Duepuntozero,album,2015-12-16
1604,Balorda nostalgia,single,2025-02-12
1605,Strappati Lungo i Bordi (Music from the Original TV Series “Strappare lungo i bordi”),album,2021-11-17
1606,Mwaki,single,2023-11-10
1607,Depresso fortunato,single,2025-05-23
1608,"Baby Dance, Vol. 8 (Canzoni per bambini)",album,2013-06-19
1609,LA BELLAVITA,album,2025-03-28
1610,Call of the Wild,album,2019-03-08
1611,Comunisti col Rolex,album,2017-07-11
1612,Italiana,single,2018-05-04
1613,Comunisti col Rolex (Multiplatinum Edition),album,2017-11-24
1614,Sconosciuti da una vita,single,2017-10-27
1615,Il bello d'esser brutti Multiplatinum Edition,album,2015-12-04
1616,Tutto tua madre,single,2018-09-14
1617,ReAle,album,2020-01-24
1618,Il bello di essere J-AX - 25 anni di successi 1993-2018,album,2018-05-11
1619,Salsa,single,2021-05-21
1620,Timberland Pro,single,2019-05-13
1621,Semester Opening – Die besten Party Schlager Hits für jede Studenten Feier 2014 (Dazu feiert man nicht nur auf jeder House Fete sondern auch zum Apres Ski und Karneval 2015 bis 2016),compilation,2014-10-01
1622,Di sana pianta,album,2006-10-13
1623,"""Music for a While"" - Relaxing Melodies",album,2025-06-17
1624,Meglio prima (?),album,2011-08-30
1625,"Soul Jazz Records Presents Boombox: Early Independent Hip Hop, Electro and Disco Rap 1979-82",compilation,2016-05-20
1626,J-Ax & Friends,album,2016-05-20
1627,SurreAle,album,2021-08-27
1628,Così Com' è,album,1996-05-14
1629,Rap n' Roll,album,2009-01-22
1630,Sottosegretari alla presidenza della Repubblica del True Metal,single,2018-05-21
1631,Deca Dance,album,2009-06-11
1632,Meglio Live!,album,2012-05-08
1633,Domani smetto,album,2002-03-22
1634,Dogocrazia,album,2009-01-01
1635,Pirati urbani,album,2015-05-12
1636,Bed Bath + Beyond my Breaking Point,single,2023-02-17
1637,Keep Focused Study Music,album,2015-04-15
1638,Suddenly in Fashion,album,2020-06-30
1639,Sindrome di Tôret,album,2017-10-06
1640,Educazione sabauda,album,2016-01-08
1641,Iodegradabile,album,2019-10-25
1642,Sulla riva del fiume,album,2025-02-13
1643,"Non è il mio genere, il genere umano",album,2014-06-24
1644,Grazie ma no grazie,single,2025-02-12
1645,DeBÍ TiRAR MáS FOToS,album,2025-01-05
1646,Funk Shui Project,album,2014-05-01
1647,La depressione è un periodo dell'anno,single,2020-11-12
1648,Pornostalgia,album,2022-05-05
1649,Faber Nostrum,album,2019-04-26
1650,L'effetto sbagliato,single,2018-07-06
1651,Frecciarossa,single,2023-09-15
1652,Tutti Manifesti,album,2019-07-12
1653,Justin (Deluxe Version),album,2016-04-15
1654,Algoritmo (feat. Shaggy) (with Don Joe),single,2020-04-30
1655,100 Campane 100 Canzoni,album,2008-10-14
1656,LA BELLAVITA,album,2025-03-28
1657,SXM,album,1994-01-14
1658,NEXT,single,2025-05-30
1659,Mantra,album,2014-05-23
1660,Post Scripta,album,2011-11-11
1661,Son of the South,album,1986-05-01
1662,Beats From The Lido,compilation,2018-08-17
1663,Bloody Mary (feat. PUGNI & Fudasca),single,2024-07-05
1664,Picasso,single,2023-05-26
1665,Down the Rabbit Hole,album,2014-12-02
1666,That's Them,album,1997-01-01
1667,Dead poets,album,2016-12-20
1668,Elevate,album,2018-12-28
1669,Curre curre guagliò,album,1993-06-12
1670,Corto circuito,album,1998
1671,Curre Curre Guagliò 2.0,album,2014-03-25
1672,Cattivi guagliuni,album,2011-11-03
1673,La vida que vendrà,album,2000-06-12
1674,Comanda La Gang,single,2021-04-02
1675,Cerco tiempo,album,1997-06-12
1676,Na.99.10,compilation,2012-06-12
1677,Nero Su Bianco,single,2021-05-25
1678,NO REGULAR MUSIC (Deluxe),album,2024-07-12
1679,Soundboy,album,2011-09-20
1680,Purple Haze,album,2017-03-17
1681,Facciamo le 9,single,2016-09-23
1682,"Entics Television, Vol. 3",album,2014-06-17
1683,Love & Pride,compilation,2025-06-06
1684,I giovani non sanno,single,2018-02-02
1685,Piove,single,2024-10-11
1686,Sfera Ebbasta,album,2016-09-09
1687,No Don,single,2017-07-17
1688,Passatempo,single,2025-05-16
1689,Carpe Diem,album,2012-11-06
1690,Sirena,single,2018-06-08
1691,Madreperla,album,2023-01-13
1692,Che Bello Essere Noi,album,2010-01-01
1693,Cover,single,2018-04-06
1694,Sto bene,single,2018-11-01
1695,SANTANA MONEY GANG,album,2025-04-10
1696,The Heist,album,2012-10-09
1697,Authentics,album,2021-11-05
1698,Sole a mezzanotte,single,2019-02-14
1699,Tropico Del Capricorno,album,2025-01-10
1700,MUSICA ETERNA,album,2024-11-29
1701,Ritorno Al Futuro / Back To The Future,album,2022-05-05
1702,Wicked Game,single,2019-02-01
1703,BRAVA GENTE,album,2023-06-02
1704,Re Mida,album,2019-03-01
1705,Dio Ci Deve Delle Spiegazioni,album,2009-01-01
1706,V,album,2021-09-16
1707,Parole,album,2004-01-01
1708,DOWN AGAIN (feat. Glocky),single,2023-11-17
1709,Giù,album,2022-07-01
1710,NOSTALGIA (export),album,2024-02-23
1711,L'ora d'aria,album,2008-01-11
1712,Pi li Picciotti,album,2019-09-18
1713,"Ganyan ba dapat mag-workout, maem?",compilation,2025-06-18
1714,DRILL SZN,single,2024-03-15
1715,Clandestino,album,1998-10-06
1716,Niente Panico,single,2024-10-11
1717,LOCURA,album,2024-11-26
1718,Emozioni,album,1970
1719,Nella fossa,single,2014-04-03
1720,TIME IS IN YOUR FAVOR,album,2025-05-25
1721,Il corpo umano VOL. 1,album,2025-01-30
1722,Poco di Buono,album,2008-03-31
1723,Melomane,album,2024-12-31
1724,England Made Me [25th Anniversary Edition],album,2023-11-17
1725,Free the Universe,album,2013-04-15
1726,MĀYĀ,album,2024-07-05
1727,VERA BADDIE,album,2024-06-27
1728,Champagne e spine,album,2010
1729,Montagne russe,album,2020-06-05
1730,LA BELLAVITA,album,2025-03-28
1731,Il mio lato peggiore,album,2025-05-16
1732,La rabbia non ti basta,single,2024-02-07
1733,Sangue,album,2024-03-22
1734,Next Big Thing,album,2022-04-15
1735,San Junipero,single,2025-04-18
1736,Bubble Gum (버블검),single,2025-06-06
1737,Formato XXL,single,2021-01-29
1738,IO NON SAREI,album,2025-06-13
1739,Ma che Hit,single,2023-02-24
1740,Così Leggera,single,2021-10-22
1741,TooMuch,single,2021-06-25
1742,Bloody Mary,single,2023-09-29
1743,Mayday,single,2020-10-09
1744,Amsa,single,2019-11-29
1745,Gemelli,album,2020-06-18
1746,Come Uccidere Un Usignolo,album,2017-06-02
1747,No Hooks,single,2016-09-21
1748,68 (Till The End),album,2019-04-05
1749,Come Uccidere Un Usignolo (67 Edition),album,2017-11-03
1750,IO NON HO PAURA,album,2023-05-04
1751,Fenomeno,single,2016-11-08
1752,"Red Bull 64 Bars, The Album",compilation,2021-05-27
1753,68,album,2018-09-07
1754,Tutto bene,single,2016-09-29
1755,Vita Vera Mixtape,album,2020-06-05
1756,Gemelli (ascendente Milano),album,2021-05-20
1757,Venere,single,2016-09-29
1758,BLOCCO 181 – ORIGINAL SOUNDTRACK,album,2022-05-27
1759,La Pelle Del Puma,single,2018-02-16
1760,Going Hard 2,album,2021-09-02
1761,Partizan,single,2019-06-20
1762,Hellvisback,album,2016-02-05
1763,LOCURA,album,2024-11-26
1764,20139,album,2019-08-23
1765,Cos'è l'amore (feat. Franco Califano),single,2019-09-20
1766,Thori & Rocce,album,2011-01-01
1767,MILANO SOPRANO,album,2021-07-09
1768,F.A.K.E.,single,2019-03-15
1769,SPACCATO,single,2020-05-14
1770,DON DADA,album,2023-04-13
1771,Ora O Mai Più,album,2015-05-05
1772,"Hikikomori (feat. Niky Savage, Emis Killa)",single,2024-11-01
1773,"Istinto Animale (feat. Guè, Annalisa, Ernia)",single,2024-05-10
1774,Jingle Bell Trap (feat. Boro Boro) [Version I],single,2019-12-19
1775,The Road to Diamond and Platinum,album,2019-07-05
1776,Sweeping The Nation - Volumes 1 & 2,album,2006-10-03
1777,True Story,album,2004-07-15
1778,Colpa Delle Favole,album,2019-04-05
1779,Fragile - Nesliving Vol. 2,album,2009-11-13
1780,Maldito,single,2017-12-08
1781,Home,album,2004-09-01
1782,Ego,album,2003-05-01
1783,Andrà Tutto Bene,album,2015-02-12
1784,"Voglio di + (Nesliving, Vol.3)",album,2013-04-23
1785,Le Verita' Nascoste,album,2007-01-01
1786,L'Amore E' Qui,album,2010-01-01
1787,Vengo In Pace,album,2019-03-22
1788,Immaginazione,album,2019-05-16
1789,Nesliving Vol. 4 - Il seme cattivo,album,2023-03-10
1790,Spirito Libero,compilation,2008-11-21
1791,DeBÍ TiRAR MáS FOToS,album,2025-01-05
1792,Home (Remastered Version),album,2004
1793,ann[ego],single,2022-12-02
1794,Nella fossa,single,2014-04-03
1795,Trafficante,single,2022-09-22
1796,KETY,album,2019-10-18
1797,Nesliving Vol. 1,album,2009-05-20
1798,Kill Karma (La Mente E' Un' Arma...),album,2017-02-10
1799,Portami al mare,single,2024-07-12
1800,Viva La Vita,single,2018-06-08
1801,"NOI, LORO, GLI ALTRI",album,2021-11-19
1802,BATTITO,single,2025-02-12
1803,SANTANA MONEY GANG,album,2025-04-10
1804,Nesli Park,single,2007-01-01
1805,SIRIO,album,2022-04-07
1806,Turbe Giovanili,album,2002
1807,Oceani e tsunami,single,2025-01-17
1808,Non é una bugia,single,2024-05-03
1809,Guarda come flexo,single,2017-09-20
1810,Arte,album,2019-09-11
1811,Piano Piano Way,single,2017-12-15
1812,Facendo Faccende,album,2023-05-25
1813,Me lo sento,single,2017-08-04
1814,HARDER (feat. Low-Red),single,2025-01-31
1815,BlaBlaBla,single,2022-02-18
1816,SKUSKU (feat. Pyrex),single,2021-07-01
1817,Come se fosse normale,single,2017-04-07
1818,Caldo,album,2020-07-02
1819,BINGO,single,2019-02-15
1820,Demone,single,2021-04-01
1821,PULL UP,single,2021-11-11
1822,GUARDA COME FL3XO,single,2024-05-17
1823,Il Passo (feat. Samurai Jay),single,2020-04-23
1824,Arcobaleno,single,2019-05-03
1825,Esse Type Beat,single,2025-03-21
1826,Pochi Pochi,single,2023-01-26
1827,PLAYER DEL SECOLO (feat. Guè),single,2025-04-04
1828,MI FAI IMPAZZIRE,single,2021-06-17
1829,CUORI SPEZZATI,single,2024-07-05
1830,Bandito,single,2022-12-09
1831,#SI (feat. Tony Effe),single,2022-03-25
1832,Leave The Light On,album,2004-09-06
1833,Vp Drive 1,album,2024-05-31
1834,CONNESSIONI,single,2024-10-04
1835,Lento RMX (with Lola Indigo),single,2020-06-30
1836,Idas e Vindas,single,2021-08-13
1837,Mambo Salentino,single,2019-06-07
1838,Storytelling Therapy,single,2021-09-29
1839,Clapback Freestyle,single,2021-11-19
1840,NIGHTCRAWLERS,album,2022-10-27
1841,Focus (feat. Seth Gueko),single,2023-09-14
1842,Minha Missão,single,2021-01-28
1843,Yo Soy el Primero,single,2017-03-03
1844,Regardez moi,album,2017-11-24
1845,Lungolinea.,album,2018-06-29
1846,Banzai (Lato blu),album,2020-06-26
1847,Banzai (Lato arancio),album,2021-06-04
1848,2004,single,2016-10-21
1849,Banzai,album,2022-04-25
1850,Undamento 01,single,2016-06-28
1851,Storia Breve,single,2022-06-10
1852,LOCURA (Jam),album,2025-06-04
1853,Istantanea,single,2020-04-07
1854,House Party,album,2022-11-03
1855,Chic Nisello,album,2017-01-25
1856,Telechronic,album,2023-05-26
1857,X2VR,album,2023-11-17
1858,Display,single,2021-12-12
1859,Butterfly Effect,album,2018-01-26
1860,Butterfly Effect 2.0,album,2018-09-21
1861,Petrichor,album,2021-02-12
1862,Carillon,single,2015-12-18
1863,Pianeta di Miller,album,2024-03-01
1864,Supereroe,single,2016-06-27
1865,Tutto quello che ho,single,2016-04-29
1866,Ti amo ma,single,2016-05-07
1867,Take the Rainbow Train,album,2023-06-30
1868,DUE ALTALENE,single,2024-02-07
1869,La somma (feat. Martina Attili),single,2019-05-17
1870,Grazie a me,single,2016-05-07
1871,LA FINE DEL MONDO,single,2023-05-12
1872,UN MILIONE DI NOTTI,single,2023-10-20
1873,FRAGILE,album,2022-03-18
1874,ODIO A LA LUNA,single,2025-03-07
1875,Songs The Beatles Wrote,compilation,2009-07-01
1876,The Way You Do (feat. Valentina Tioli),single,2016-05-07
1877,SANTANA MONEY GANG,album,2025-04-10
1878,SINCERO (feat. Alfa),single,2022-05-20
1879,FLOW,album,2023-01-27
1880,First Rain,album,2025-04-08
1881,Blaze Of Glory,album,1990-01-01
1882,Acid Rap,album,2013-04-30
1883,Mr. Typo Track #1,album,2025-03-03
1884,EP1,single,2015-12-15
1885,Nightmares That Surface from a Shallow Sleep,album,2006-01-01
1886,The Message,album,2012-02-24
1887,Madchild Banned in America EP,single,2011-02-15
1888,Scatola Nera,album,2019-09-19
1889,Davide,album,2018-04-20
1890,Nonostante Tutto,album,2016-01-22
1891,Senza Di Me,single,2018-12-21
1892,Dire Straits,album,1978-10-07
1893,Ragazzi madre (1 Year Anniversary),album,2017-12-15
1894,Kepler,album,2014-05-27
1895,QVC8 – Singles,single,2018-12-28
1896,Gigante Gemitaiz,single,2024-09-21
1897,QVC 10 - Quello Che Vi Consiglio Vol. 10,album,2023-12-14
1898,QVC9 - QUELLO CHE VI CONSIGLIO VOL. 9,album,2020-11-06
1899,fuorilegge,single,2025-02-12
1900,Eclissi,album,2022-05-12
1901,"Detto, Fatto.",album,2012-11-30
1902,Vero,album,2015-06-23
1903,MM Vol. 2,album,2016-11-11
1904,QVC Collection,album,2018-03-30
1905,Il mio lato peggiore,album,2025-05-16
1906,MĀYĀ,album,2024-07-05
1907,Mercury - Acts 1 & 2,album,2022-07-01
1908,Enemy,album,2018-04-13
1909,Guerra E Pace,album,2013-01-01
1910,È FINITA LA PACE,album,2024-12-13
1911,SANTANA MONEY GANG,album,2025-04-10
1912,Nocturnal,album,2012-12-11
1913,L'Unico Compromesso,album,2013-05-28
1914,CVLT - HELLRAISERS,album,2024-05-17
1915,"Nonostante Tutto (Inediti, Rarità, Live E Remix)",album,2016-11-04
1916,Persona,album,2019-10-31
1917,Malammore,album,2016-07-15
1918,Autodistruzione,album,2016-07-04
1919,Veleno 9,single,2021-12-17
1920,Hustle Mixtape,album,2022-06-03
1921,The Globe,album,2022-11-03
1922,Ghetto Guetta,single,2013-01-01
1923,Regionali,single,2021-10-22
1924,BLUE TAPE,album,2024-04-05
1925,"Machete Mixtape, Vol. 3",compilation,2014-09-23
1926,Fenomeno,album,2017-04-07
1927,LA PROSSIMA VOLTA (64 Bars),single,2021-05-05
1928,Bottiglie Vuote (feat. Max Pezzali),single,2025-04-11
1929,TRENCHES BABY,album,2023-03-10
1930,Planet Pit (Deluxe Version),album,2011-06-17
1931,LOCURA,album,2024-11-26
1932,DISSING GEMITAIZ,single,2024-11-08
1933,TUTTA VITA,album,2024-10-25
1934,Pose,single,2024-09-27
1935,"Il mio sfogo, Pt. 2 (Re-Edit) Episodio II",single,2018-07-01
1936,Tradimento 10 Anni - Reloaded,album,2016-06-10
1937,Requiem,album,2015-01-12
1938,Cosa resterà degli anni 80,album,1989-02-07
1939,Affare Romano Zero,album,2014-02-14
1940,Disconnect,single,2016-02-26
1941,"Watch Me (Whip, Nae Nae, Yeet) - Single",single,2015-03-06
1942,Universal Soldier,album,2002-01-01
1943,PETER PARKER FREESTYLE,single,2025-03-19
1944,Demon Days,album,2005-05-23
1945,Re Mida,album,2019-03-01
1946,Before I Forget,album,2012-10-26
1947,Machete Mixtape Gold Edition,compilation,2015-10-30
1948,Black Panther The Album Music From And Inspired By,album,2018-02-09
1949,Summer Workout 2024,compilation,2024-08-01
1950,Kepler (Gold Edition),album,2014-11-25
1951,Temporale,album,2017-12-22
1952,LA BELLAVITA,album,2025-03-28
1953,64 BARRE IN FACCIA (Red Bull 64 Bars),single,2024-09-05
1954,FERITE,album,2024-05-03
1955,MM Vol. 4,album,2021-11-12
1956,Pour l'amour,album,2018-06-22
1957,Bianco/Gospel,single,2020-07-30
1958,DE PUTA MADRE 2,single,2024-10-04
1959,RANCH,album,2025-05-09
1960,Profumo,single,2019-04-23
1961,I've Tried Everything But Therapy (Part 1),album,2023-09-15
1962,In auto alle 6:00 (feat. Lazza),single,2025-05-02
1963,Coldharbour Selections Part 29,compilation,2012-09-03
1964,COME SE NULLA FOSSE (feat. Pablo CT1),single,2022-03-16
1965,Hybrid Theory (Bonus Edition),album,2000-10-24
1966,UTOPIA,album,2023-07-28
1967,Anxiety,single,2025-03-05
1968,Come Dancing with the Kinks (The Best of the Kinks 1977-1986),compilation,1986-06-01
1969,Want You,single,2016-07-22
1970,Playlist,album,2018-11-09
1971,Lotus,album,2025-06-06
1972,Luga Pandemic,single,2023-01-01
1973,The Ascent,album,2013-03-29
1974,BlackJack,album,2010-02-21
1975,FDTCK - Red Bull Posse,single,2024-07-26
1976,Nuovo Nuovo,album,2007-02-16
1977,BV2,album,2015-03-06
1978,FACILE,album,2022-02-14
1979,ELO,album,2020-05-21
1980,Kanaglia,album,2018-07-06
1981,ELO OVERTIME,album,2021-03-19
1982,Drip,single,2019-05-31
1983,GOBLIN,album,2024-11-08
1984,Dio perdona io no,album,2019-10-25
1985,Nove Chiamate,album,2023-01-13
1986,DE PUTA MADRE 3,single,2024-10-11
1987,JANNIK SIPPER,single,2024-12-19
1988,Candy (feat. Snappy Jit),single,2016-06-24
1989,FERITE,album,2024-05-03
1990,Ambara$,album,2016-04-08
1991,Battiti,single,2022-06-09
1992,Prova del 9 (feat. Tony Boy),single,2023-12-08
1993,Mr. Komparema,single,2023-11-10
1994,DIO LO SA,album,2024-06-07
1995,Spotify Singles,single,2019-04-17
1996,BLA o CAP (feat. Low-Red),single,2025-06-06
1997,T'as vu,album,2007-05-28
1998,Giorni Nel Blocco,single,2022-09-08
1999,Tarantelle,album,2019-05-03
2000,Stále Sme To My,album,2020-12-14
2001,SANTANA MONEY GANG,album,2025-04-10
2002,Junkie Spiderman,single,2024-03-14
2003,Sfera Ebbasta,album,2016-09-09
2004,MM Vol. 2,album,2016-11-11
2005,Last Bonus Track,single,2022-02-25
2006,Toto D'favela,single,2024-01-03
2007,Che io ci aiuti,album,2020-07-24
2008,Tropico Del Capricorno,album,2025-01-10
2009,Tutti i Nomi del Diavolo,album,2024-11-01
2010,Down On The Beat,single,2023-08-24
2011,Santeria,album,2016-06-24
2012,EMO BOY,single,2023-08-25
2013,Trap de calle,compilation,2025-06-06
2014,The View,single,2017-07-21
2015,BV3,album,2020-10-02
2016,BV2,album,2015-03-06
2017,SERENATA,single,2025-05-30
2018,Duet (Deluxe Edition),compilation,2014-10-14
2019,North of Loreto,album,2019-05-24
2020,Machete Mixtape Gold Edition,compilation,2015-10-30
2021,This Is Elodie,album,2020-05-12
2022,FORBIDDEN MEMORIES,album,2025-01-03
2023,Dedalo (remake),album,2019-12-02
2024,LONEWOLF,album,2024-05-30
2025,17,album,2020-09-18
2026,Stonehenge,single,2023-05-12
2027,Hybrid Theory (Bonus Edition),album,2000-10-24
2028,Il tempo cura,single,2024-08-23
2029,Going Hard 3,album,2024-12-06
2030,Umile (Deluxe),album,2023-10-20
2031,Umile,album,2023-07-07
2032,I Nomi del Diavolo,album,2024-03-01
2033,Going Hard 2,album,2021-09-02
2034,NOSTALGIA (export),album,2024-02-23
2035,Wet (feat. Glocky),single,2025-01-24
2036,SEMPRE PIÙ UP,single,2025-04-04
2037,Routine,single,2019-12-06
2038,Mademoiselle,single,2025-02-14
2039,Everybody Loves Ice Prince,album,2011-10-09
2040,Non C'è Futuro,single,2019-06-07
2041,Emozioni,single,2022-04-15
2042,Going Hard,album,2020-10-16
2043,The Leaks,album,2015-05-26
2044,SANTANA MONEY GANG,album,2025-04-10
2045,Suite,single,2019-03-22
2046,Too Clean,album,2025-06-13
2047,Quarto di Bue,album,2023-05-11
2048,Bieber Fever,album,2024-05-30
2049,Fratello,single,2019-10-25
2050,1999,single,2020-02-21
2051,EP 5/6 (feat. Tony Boy),single,2024-04-05
2052,Tony Parenti and His Downtown Boys and His New Orleans Quartet,album,1999
2053,NELLA TRAPPOLA (Red Bull 64 Bars),single,2025-06-06
2054,MANDEM,single,2021-10-15
2055,Senza Invito,single,2022-05-13
2056,LAX,album,2008-01-01
2057,Rock’n’roll,single,2023-10-31
2058,The World Is Yours 2,album,2022-05-25
2059,Shawty Rxk Too 2,album,2021-12-11
2060,Vincere Adesso,single,2022-06-17
2061,UGK (Underground Kingz),album,2007-08-07
2062,Plata o Plomo,single,2017-11-17
2063,Champagne,single,2020-01-15
2064,Still Taking Risks,album,2021-05-07
2065,Containers,album,2024-10-10
2066,Glocky vs Kiddo,album,2024-11-06
2067,Dangerously In Love,album,2003-03-10
2068,Futuro,single,2018-12-21
2069,Gin & Cassettes,album,2021-09-17
2070,Lontano,single,2018-09-21
2071,Detroit 2 (Deluxe),album,2022-09-19
2072,Tasche Piene,single,2022-02-25
2073,YANG,album,2020-10-16
2074,Milano Angels,album,2024-09-06
2075,Crazy Boy 222,single,2023-02-22
2076,I.L.T.G. (I Love This Game),single,2015-04-27
2077,Mixtape Messiah 3,album,2007-07-18
2078,Rolling 200 Deep,single,2023-11-03
2079,Due Cose,single,2023-11-09
2080,a me mi piace (feat. Manu Chao),single,2025-05-09
2081,Baby Face Killa,album,2012-09-25
2082,We Are Young Money,album,2009-01-01
2083,Bigger Bag,single,2022-10-21
2084,Crescent City Jewels,album,2024-08-30
2085,Street Casted,single,2023-05-19
2086,Street Boy,single,2022-08-05
2087,Skinny,single,2023-04-05
2088,Senza respiro,album,2007-03-02
2089,Predators,single,2020-05-22
2090,CARAS VEMOS (Remix),single,2020-06-26
2091,"stories, dreams, inspirations: for my boy",album,2024-04-12
2092,Comuni Mortali,album,2025-04-18
2093,LA BELLAVITA,album,2025-03-28
2094,Amore vero,album,2006
2095,Si fa presto a dire... Brusco,album,2003-09-01
2096,Mi accendo (feat. Gemitaiz) - prod. Frenetik&Orang3,single,2021-02-12
2097,Playlist,album,2018-11-09
2098,Fino All'Alba,album,2011-06-14
2099,Quattroemezzo,album,2009-06-04
2100,All In (Compilation),compilation,2017-04-14
2101,Mappamondo,album,2021-06-11
2102,Tutto apposto,album,2013-05-28
2103,Kilimanjaro (ft. Ensi),single,2022-03-04
2104,"Nun te resisto - Brusco, Tormento, 1Drop",single,2022-07-29
2105,Monster,album,2013-04-09
2106,Enemy,album,2018-04-13
2107,Localz Only,album,2015-06-01
2108,La calda notte,album,2005-08-06
2109,Verano Zombie,album,2007-01-01
2110,Non Dormire,album,2005-01-01
2111,Guilty,album,2010-01-01
2112,B.B.C. Project,single,2011-03-28
2113,Monster Reloaded,album,2014-10-28
2114,VIRUS,album,2022-01-14
2115,La Divina Commedia,album,2023-06-02
2116,"Strafatti: The Mixtape, Vol. 4",album,2022-06-24
2117,BLOCCO 181 – ORIGINAL SOUNDTRACK,album,2022-05-27
2118,Volare,album,2022-05-18
2119,Ministero dell'Inferno,compilation,2008-03-13
2120,Guardami adesso (Prod. Sine),single,2021-05-28
2121,GRAN TORINO (Red Bull 64 Bars),single,2024-02-02
2122,Desde Rusia Con Amor,album,2012-01-01
2123,1 Life 2 Live,album,2015-10-15
2124,CVLT,album,2023-11-03
2125,Zero Kills,album,2014-11-11
2126,INNOCENTE (Deluxe Edition),album,2023-10-13
2127,Quello Che La Gente Non Vuole,album,2009-05-05
2128,Pura Vita,album,2008-08-12
2129,Musica per ciechi muti e sordi,album,2010
2130,Mixtape Messiah 5,album,2008-11-23
2131,Die Hard,album,2013-07-19
2132,I Piu' Corrotti,album,2010-06-21
2133,"Machete Mixtape, Vol. 3",compilation,2014-09-23
2134,Lotta medievale,album,2013-07-16
2135,Ho Fatto Tardi,album,2020-07-03
2136,Jack uccide,album,2016-03-18
2137,Sedicinoni,album,2024-04-19
2138,MACHETE MIXTAPE 4,album,2019-07-05
2139,V.Ita,album,2009-10-10
2140,Inferno 9,album,2016-06-10
2141,Thank Bax it's Friday,single,2017-10-06
2142,"Machete Mixtape, Vol. 3",compilation,2014-09-23
2143,Cose dell'Altro Mondo,album,2012-10-02
2144,26.2,single,2022-01-16
2145,MI Fist (2004 Remaster),album,2003-01-03
2146,"When the Smoke Clears: Sixty 6, Sixty 1",album,2000-06-13
2147,"Street Collection, Vol. 2 (2008 Remastered)",compilation,2019-10-25
2148,Su le mani x l'hip hop italiano,compilation,2011-01-01
2149,Politicali Correct,album,2021-06-01
2150,Human Animal,album,2006-09-26
2151,EP 6/6 (feat. Jack The Smoker),single,2024-10-18
2152,F.D.P.,album,2012-10-17
2153,Solitario,album,2018-06-26
2154,fuorilegge,single,2025-02-12
2155,Empatia,album,2012-05-14
2156,Hip Hop Motel,compilation,2006
2157,Monday To Friday Hip Hop,compilation,2017-02-07
2158,R-Esistenza,album,2019-11-22
2159,Tale e Quale,album,2012-12-20
2160,Total Devastation,album,1993-12-07
2161,"Tristemente Noto, Vol. 2",album,2011-12-01
2162,I.N.R.I.,album,2011-09-11
2163,"The Newkingztape, Vol. 1",album,2017-11-17
2164,Faccio un casino,album,2017-05-05
2165,Niente che non va,album,2015-09-04
2166,Lovebars,album,2023-09-08
2167,Status,album,2015-02-10
2168,È sempre bello,album,2019-03-29
2169,Non erano fiori,album,2013-06-11
2170,QVC Collection,album,2018-03-30
2171,Piangere a 90,single,2025-05-08
2172,Volare,album,2022-05-18
2173,From the Rooftop,album,2016-12-02
2174,Mal di te,single,2025-01-17
2175,piccoli problemi,album,2023-12-15
2176,LA BELLAVITA,album,2025-03-28
2177,Containers,album,2024-10-10
2178,Ti manca l’aria,single,2025-04-04
2179,Fino Al Collo,album,2012-03-27
2180,Undamento 01,single,2016-06-28
2181,Bottiglie Vuote (feat. Max Pezzali),single,2025-04-11
2182,1998,album,2025-06-13
2183,LOYALTY,album,2021-12-10
2184,Senza mani,single,2012-09-24
2185,SANTANA MONEY GANG,album,2025-04-10
2186,Spotify Singles,single,2020-01-09
2187,Guerra fra poveri,album,2006-11-17
2188,From The Rooftop 2,album,2022-10-14
2189,Torcida,single,2024-05-10
2190,SEXY RAVE (feat. Baby Gang),single,2025-04-11
2191,a me mi piace (feat. Manu Chao),single,2025-05-09
2192,Hurry Up Tomorrow,album,2025-01-31
2193,Il mio lato peggiore,album,2025-05-16
2194,TU CON CHI FAI L'AMORE,single,2025-02-12
2195,Sorry Mamy,single,2019-10-21
2196,Dentro e fuori,album,2015-06-02
2197,Malammore,album,2016-07-15
2198,Gata Only,single,2024-02-02
2199,Faccio un casino (TJ Unicorno Remix),single,2017-12-27
2200,M' Manc (con Geolier & Sfera Ebbasta),single,2020-06-11
2201,Non Ci Sto,single,2019-08-29
2202,"KRIMINAL (feat. Guè, Gemitaiz & Samurai Jay)",single,2020-04-09
2203,"La Mia Parola (feat. Guè, Joshua, Tormento)",single,2025-02-12
2204,"Hope (feat. Izi, Joshua)",single,2024-10-03
2205,Cuore,single,2022-06-23
2206,"Spirito Libero (feat. Guè, Joshua, Tormento)",single,2025-05-07
2207,Thori & Rocce,album,2011-01-01
2208,Immobile,single,2010
2209,Swan Songs (Collector’s Edition),album,2011-01-01
2210,Pimper's Paradise (feat. Tommy Dali),single,2020-04-14
2211,TAXI DRIVER,album,2021-11-30
2212,The Second Feeling,album,2008
2213,Mate y Espíritu,album,2016-01-22
2214,Apogeo,compilation,2016-01-12
2215,Llena Mi Vida,single,2019-01-18
2216,RAP ITALIANO 2010-2020 HITS Vol.1,compilation,2022-10-11
2217,Golpes de Realidad,album,2021-09-17
2218,MM Vol. 2,album,2016-11-11
2219,Back Home,album,2018-02-02
2220,Doppelganger,album,2015-09-11
2221,MM Vol. 4,album,2021-11-12
2222,MM Vol. 3,album,2019-02-01
2223,Into the Blues,album,2007-04-13
2224,Saviour Machine,album,2004-01-01
2225,Soldi in Nero (feat. Sfera Ebbasta),single,2019-11-28
2226,Kepler,album,2014-05-27
2227,Hangman,single,2018-02-28
2228,Into the Enchanted Chamber,album,2005-01-01
2229,For Honor,single,2017-02-28
2230,Greatest Hits,compilation,1998-01-01
2231,LONEWOLF,album,2024-05-30
2232,SCUSATE IL RITARDO,album,2024-09-11
2233,Good Vibes,album,2019-10-18
2234,It's A Beautiful Thing,album,1999-01-07
2235,The Madman's Return,album,1992-01-01
2236,Malammore,album,2016-07-15
2237,Depresso fortunato,single,2025-05-23
2238,POLAROID,single,2023-01-13
2239,"Rap Game, Vol. 2 (The Takeover) [Frank White Presents the Streets Headbangerz]",compilation,2014
2240,Genesis,album,2017-08-02
2241,Scatola Nera,album,2019-09-19
2242,EAULDIE,single,2023-05-20
2243,Babywoman,album,1995-03-21
2244,Tales of a Madman,album,2019-08-23
2245,Happy (Instrumental Version),album,2022-06-17
2246,PENKILLER,album,2025-05-23
2247,Scusate per il sangue,album,2014-09-04
2248,RANCH,album,2025-05-09
2249,Lovesick,album,2022-12-02
2250,Kamikaze,album,2018-08-31
2251,Madman,single,2022-10-21
2252,Ironman,album,1996
2253,Centrum,album,2013-06-05
2254,10,album,2023-06-29
2255,"Tales from the Dale, Ch. 1",album,2019-02-11
2256,"The Legalizers: Legalize or Die, Vol. 1",album,2016-04-15
2257,Paninaro 2.0,album,2018-09-21
2258,"Madman With 2 Chopps, Pt. 2",album,2015-10-04
2259,Madreperla,album,2023-01-13
2260,LAVA FREESTYLE,single,2022-06-09
2261,Plus de temps à perdre,album,2025-05-16
2262,The Top Gun: Lex Lakaiser,album,2022-11-11
2263,"The Unforgiven, Vol. 1",album,1999
2264,Habemus Capa,album,2006-01-01
2265,I Nomi del Diavolo,album,2024-03-01
2266,Bob Dylan's Greenwich Village,compilation,2011-06-06
2267,TUTTA VITA,album,2024-10-25
2268,INSANO,album,2024-01-12
2269,Equality (Instrumental Mix),single,2014-11-24
2270,Nonostante Tutto (feat. Elisa),single,2025-04-10
2271,Madman 2,album,2025-05-25
2272,Northside Melodies,album,2024-05-31
2273,Doubelievengod,album,1995
2274,Scenario (Remixes),album,1991-09-22
2275,La Volta Giusta – Red Bull Posse,single,2025-04-18
2276,Top,album,2013
2277,SANTANA MONEY GANG,album,2025-04-10
2278,a me mi piace (feat. Manu Chao),single,2025-05-09
2279,Possibili Scenari,album,2017-11-24
2280,Il Coraggio Impossibile,album,2013-03-05
2281,Dragonborn,album,2018-11-16
2282,MI PIACE,album,2024-09-27
2283,Bataklık,album,2020-04-14
2284,Footprints,single,2021-07-09
2285,Containers,album,2024-10-10
2286,Luga Pandemic,single,2023-01-01
2287,The Black Lodge,album,2015-06-30
2288,"Machete Mixtape, Vol. 3",compilation,2014-09-23
2289,VERA BADDIE,album,2024-06-27
2290,Upalite za mnom sveće MAC 2023,single,2023-02-01
2291,La Bella e la Bestia (Unplugged Version),single,2015-07-08
2292,Ragazzi madre,album,2016-11-11
2293,Ragazzi madre (1 Year Anniversary),album,2017-12-15
2294,1969 - Achille Idol Rebirth,album,2020-09-25
2295,Pour l'amour,album,2018-06-22
2296,Dio c'è (Deluxe Version),album,2015-05-26
2297,Achille Idol Immortale,album,2014-12-17
2298,Incoscienti Giovani,single,2025-02-12
2299,Comuni Mortali,album,2025-04-18
2300,1990,album,2020-07-24
2301,1920 - Achille Lauro & The Untouchable Band,album,2020-12-04
2302,Amore Disperato,single,2024-09-20
2303,1990 (Deluxe Version),album,2020-07-24
2304,LAURO (Deluxe Version),album,2021-04-16
2305,Young Crazy,single,2015-04-28
2306,LAURO,album,2021-04-16
2307,Canzoni per la decrescita felice,album,2025-03-14
2308,Fragole,single,2023-05-12
2309,Banda Kawasaki,single,2024-06-28
2310,SOLO NOI,single,2021-02-19
2311,LA BELLAVITA,album,2025-03-28
2312,STRIPPER,single,2022-03-04
2313,I Nomi del Diavolo,album,2024-03-01
2314,DOMENICA,single,2022-02-02
2315,Genesi,compilation,2013-01-01
2316,Ultimo Piano,single,2024-06-07
2317,Nuovi Incubi,album,2021-09-21
2318,SANTANA MONEY GANG,album,2025-04-10
2319,Top,album,2013
2320,LAURO - Achille Idol Superstar,album,2022-02-11
2321,Tarantelle,album,2019-05-03
2322,Stupidi Ragazzi,single,2023-11-03
2323,FERITE,album,2024-05-03
2324,Ice Climbers,album,2020-09-30
2325,Che Sarà,single,2022-11-25
2326,LOCKED IN,album,2024-09-26
2327,FEBBRE DELL'ORO (feat. Ele A),single,2025-03-19
2328,Bianco Natale,single,2014-01-13
2329,Ascensore per l'inferno (feat. Coez) [Radio Edit],single,2017-01-27
2330,"Banda Kawasaki Rmx (feat. Zatla, Ryuk zc, Fandy, Commando, Yambo)",single,2024-06-26
2331,apnea da un po'.,single,2025-04-24
2332,Dasein Sollen,album,2016-10-13
2333,Io In Terra,album,2017-09-08
2334,Ossigeno - EP,single,2018-07-13
2335,decrescendo.,album,2025-05-22
2336,Dove Gli Occhi Non Arrivano,album,2019-03-22
2337,TAXI DRIVER,album,2021-11-30
2338,Rossetto (Intro),single,2017-03-16
2339,Liam Gallagher,single,2017-11-30
2340,Non Ho Mai Avuto La Mia Età,single,2018-10-04
2341,Il Tempo Vola 2002-2020,compilation,2019-10-24
2342,Aeroplanini di Carta,single,2016-07-14
2343,"Red Bull 64 Bars, The Album",compilation,2021-05-27
2344,il ritmo delle cose.,single,2025-02-12
2345,La tana del granchio,single,2025-02-12
2346,"odio, quindi sono.",single,2024-12-05
2347,thisisme then: the best of common,compilation,2007-11-27
2348,FAME,album,2025-01-31
2349,SENTIMENTI,album,2025-06-06
2350,Orange County California,album,2017-01-13
2351,TAXI DRIVER (MTV Unplugged),album,2021-09-23
2352,Botox,album,2022-10-04
2353,Come non detto (feat. Ghemon),single,2012-07-20
2354,Sole a catinelle - EP,single,2013-10-31
2355,Il mio lato peggiore,album,2025-05-16
2356,20 Exitos Originales,compilation,2007-03-13
2357,Lo Spirito Che Suona,album,2018-10-26
2358,Buona Pace,album,2010-05-25
2359,Heavy Metal,album,2004
2360,Nuovo Nuovo,album,2007-02-26
2361,Fuoco Sacro,album,2024-03-15
2362,Sotto assedio,album,1999-05-21
2363,Pallottole Sull’Amore (feat. Fabri Fibra),single,2024-03-01
2364,Rock' N' Roll,album,2002
2365,Meme K Ultra,album,2022-03-25
2366,Il tappeto dava un tono all'ambiente,album,2006-07-15
2367,DJ Fede Presenta Tutti Dentro... Di Nuovo,album,2013-05-28
2368,Fin da bambino,album,2012-07-03
2369,Fuoco Sacro (feat. Colle Der Fomento),single,2024-01-01
2370,B.B.C. Project,single,2011-03-28
2371,Naturale,album,2004-01-01
2372,BRAVA GENTE,album,2023-06-02
2373,Parkour (Lato A),album,2021-10-15
2374,Resta Vivo,single,2022-05-27
2375,Touché,single,2023-11-07
2376,Edgar Allan Flow,album,2024-06-02
2377,DJ Screw and Screwed Up Click Presents: Screwed For Life,album,1998-01-01
2378,La miglior vendetta,single,2018-11-23
2379,OUTSIDER,album,2023-10-10
2380,GIOVANE RONDO,album,2020-10-16
2381,Segunda Temporada,album,2021-06-04
2382,From Dark to Light,album,2020-11-01
2383,CRIMI,album,2022-05-17
2384,WE THE SQUAD Vol. 1 (SUMMER EDITION),album,2022-07-22
2385,Bipopular,album,2018-04-27
2386,Ain't No Half-Steppin',album,2018-05-12
2387,Italiano,single,2022-05-05
2388,ESCI DAL TUNNEL,album,2024-10-18
2389,PACIETĪBAS MĒRLENTE VOL. 2 : MEŠKO KAPRIČO,album,2018-11-11
2390,PrettyBoy - EP,single,2017-06-05
2391,Young Siddhartha,single,2017-05-18
2392,A Time 2 Kill,album,2012-04-06
2393,Persona,album,2019-10-31
2394,La légende de Johnny Niuuum,album,2012-03-16
2395,1998,album,2023-11-24
2396,NO FAKE LOVE,single,2025-03-15
2397,YANG,album,2020-10-16
2398,DELINQUENTE,album,2021-08-27
2399,Untouchable,album,2021-11-26
2400,May 24th,single,2019-01-03
2401,Casus Belli,album,2013-02-05
2402,Supercar Gattiger (Main Theme),single,2017-10-04
2403,ALBV,single,2023-03-24
2404,Cookie Monsta,single,2017-05-18
2405,YIN,single,2019-10-04
2406,?,album,2018-03-16
2407,SANTANA MONEY GANG,album,2025-04-10
2408,Rozzi,single,2019-09-11
2409,WE DON'T TRUST YOU,album,2024-03-22
2410,Genesis EP,single,2016-03-04
2411,American Gangster,album,2007-11-06
2412,Me & My Brother,album,2003-09-16
2413,The Next Rap God 2,single,2021-11-24
2414,Sete,single,2025-04-29
2415,From Here On Out,album,2020-12-18
2416,FEDE,album,2023-04-28
2417,60 Hz,album,2004-01-07
2418,Centerfold Sickness,album,2025-02-18
2419,Ma 6-t va crack-er (Bande originale du film),compilation,1997-01-01
2420,<3,single,2022-12-11
2421,"Nothing But... Fuego for the Terrace, Vol. 24",compilation,2024-09-27
2422,Eu Nem Gosto Tanto Assim de Trap,album,2020-06-25
2423,Giovani Wannabe,single,2022-05-27
2424,Money Maker Reloaded,album,2012-12-21
2425,93 'til Infinity,album,1993-02-13
2426,Desierto,album,2021-04-23
2427,Late Night,single,2021-12-12
2428,KINTSUGI,album,2024-05-10
2429,È (BANGER),single,2024-04-19
2430,Omnipotenz in D-Moll,album,2008-01-31
2431,X2VR,album,2023-11-17
2432,V per Ventidue,album,2025-05-09
2433,radio vega,album,2025-03-14
2434,Aeternum,album,2025-02-07
2435,La Differenza,album,2019-11-15
2436,Act 1,album,2020-07-07
2437,Mozart: Don Giovanni,album,1997-01-01
2438,Revolution,single,2025-02-04
2439,Puccini: Gianni Schicchi,album,2015-03-18
2440,S.U.N.S.H.I.N.E.,single,2015-07-16
2441,Musica per bambini,album,2018-06-01
2442,XENOVERSO,album,2022-04-14
2443,Silenzio,album,2013-05-07
2444,La morte di rinquore (14/2/08),single,2016-07-15
2445,Non esistono,single,2014-03-18
2446,Luce (Tramonti A Nord Est) (feat. La rappresentante di lista),single,2020-02-05
2447,Seguime / Remind 2006,album,2016-06-10
2448,Elettrico,album,2011-04-15
2449,Tengo il respiro,single,2015
2450,Acustico,album,2010-01-01
2451,Never Die,album,2023-12-15
2452,Razza Aliena,single,2020-05-24
2453,Il Cuore e la Fame (DIECI - Ten Year Anniversary),album,2023-10-27
2454,Dei nuovi animali,album,2011-10-24
2455,PEZZO DI FIGA,single,2020-06-10
2456,Niente di buono,single,2020-08-05
2457,La Divina Commedia,album,2023-06-02
2458,California Roll,single,2018-11-30
2459,Non Siamo Più Quelli Di Mi Fist,album,2014-01-01
2460,Il Cielo Della Vergine,album,1994-12-01
2461,Comuni Mortali,album,2025-04-18
2462,Dead poets,album,2016-12-20
2463,PENKILLER,album,2025-05-23
2464,Sinatra,album,2018-11-29
2465,Yolandi,single,2022-05-20
2466,Chocolate Starfish And The Hot Dog Flavored Water,album,2000-10-17
2467,Hera,single,2021-11-25
2468,DIO LO SA,album,2024-06-07
2469,Made In Italy,album,2004-01-01
2470,MY LANE,album,2024-03-01
2471,Just Joshin,single,2023-01-01
2472,Bollicine (Remastered),album,1983
2473,Hocus pocus,album,2010-01-17
2474,Crack Musica,album,2016-03-10
2475,The Dark Album,album,2016-10-31
2476,Twins,album,2017-06-23
2477,Trap Lovers,album,2019-03-01
2478,Sick Side,album,2018-01-05
2479,DARK BOYS CLUB,album,2020-09-04
2480,Succo Di Zenzero,album,2016-05-19
2481,Hyper Sanremo,single,2025-02-04
2482,La Mia Vita Rap,album,2018-12-25
2483,Trap Lovers (Reloaded),album,2019-05-24
2484,Black Mask,single,2017-12-11
2485,Fiumi,album,2017-12-30
2486,Supereroi,album,2017-02-17
2487,La trap come il PIL,single,2022-01-07
2488,Dio perdona io no,album,2019-10-25
2489,"Dobrá Duše, Srdce ze Zlata",album,2019-12-06
2490,TARANTINO (Personal 64 Bars),single,2025-02-07
2491,SurreAle,album,2021-08-27
2492,THE NOIR SIDE,album,2025-05-31
2493,Scienza Doppia H,album,1998
2494,Anima E Ghiaccio,album,2012-02-01
2495,Adversus,album,2018-11-16
2496,Odio Pieno,album,1997
2497,Incompatibile (Hip Hop selection),compilation,2002-01-01
2498,Dead poets,album,2016-12-20
2499,Bentornati nel paese dei mostri,album,2003
2500,"Solo lei ha quel che voglio 2021 (feat. Tiziano Ferro, Guè & Marracash)",single,2021-05-27
2501,Originali,album,2021-06-03
2502,Sotto effetto stono,album,1997-03-10
2503,La mia coccinella,single,1994-11-13
2504,Sotto lo stesso effetto,album,1999-01-21
2505,Playlist: Sottotono,compilation,2016-11-25
2506,...In teoria,album,2001-03-02
2507,fuorilegge,single,2025-02-12
2508,WE 2FLY,single,2024-08-02
2509,Eclissi,album,2022-05-12
2510,Pensando a te Rap Italiano Game Over,compilation,2022-02-11
2511,Balorda nostalgia,single,2025-02-12
2512,CUORICINI,single,2025-02-12
2513,Il mio lato peggiore,album,2025-05-16
2514,LOCURA (Jam),album,2025-06-04
2515,Ciao Ciao,single,2022-02-02
2516,Sindrome di Tôret,album,2017-10-06
2517,La Cura,album,2021-12-03
2518,Goleador (Gold Edition),album,2019-07-19
2519,"The Illest, Vol. 3",album,2023-01-27
2520,SFIGA,single,2022-06-17
2521,Diamanti e fango,album,2019-11-15
2522,Io Grido,album,2011-05-03
2523,Segnali di fumo,album,2017-05-03
2524,Elder's Advice,single,2024-11-13
2525,Perché Si,album,1999-12-20
2526,MUSICA ETERNA,album,2024-11-29
2527,ABC,single,2021-12-16
2528,Piccolo principe,album,2024-01-26
2529,PRIMA FILA,album,2022-10-14
2530,Jenny e la bambola,album,1974-07-27
2531,XDVR Reloaded,album,2015-11-23
2532,Don't Worry (Best of 2005-2020),compilation,2020-12-10
2533,Ajo,single,2023-07-25
2534,SANTANA MONEY GANG,album,2025-04-10
2535,Luna Lovers,album,2023-10-06
2536,Vicarium,album,2023-04-14
2537,FERITE,album,2024-05-03
2538,DAJE ANDRE!!!,single,2024-12-12
2539,VERA BADDIE,album,2024-06-27
2540,Anna Pepe,single,2022-05-27
2541,Northside Melodies,album,2024-05-31
2542,The Muppet Cypher,single,2023-02-12
2543,Lovesexy,album,1988-05-10
2544,HO LA HIT (feat. Massimo Pericolo),single,2022-04-07
2545,Birds In The Trap Sing McKnight,album,2016-09-16
2546,sneakz,single,2024-10-30
2547,Ho Visto Anche Degli Zingari Felici,album,2007-03-14
2548,BALAKLUB - what up,single,2021-11-18
2549,LISTA 47,album,2022-06-16
2550,Mafia Slime 2,album,2025-01-17
2551,Tip Tap,single,2024-11-29
2552,Trap Fatta Bene,album,2024-04-19
2553,Gesù Bambino,album,2022-10-07
2554,DEMON THALES,album,2024-02-29
2555,Terrorista,single,2020-08-03
2556,KG,album,2025-05-29
2557,Per non Morire Mai,single,2020-03-31
2558,BIGTEAM BIGDREAM,single,2025-05-04
2559,Capra Records Toaster and Dj's Vol. 1,compilation,2023-01-25
2560,Genkidama,album,2017-07-25
2561,Triste,album,2019-05-17
2562,Ubriaco (per davvero),single,2020-08-06
2563,Me ne batto r'belin,single,2020-07-09
2564,Paninaro 2.0,album,2018-09-21
2565,Ragazzi popolari,single,2020-07-23
2566,Nella Pancia Della Balena (con The Kolors),single,2020-05-29
2567,Canzoni Popolari,single,2021-02-12
2568,Zanzare (feat. Jacopo Et),single,2020-08-20
2569,Légende Ed. Diamond,album,2022-11-25
2570,SANTANA MONEY GANG,album,2025-04-10
2571,FERITE,album,2024-05-03
2572,SPIETATO,single,2023-05-26
2573,"COUNCIL ESTATE, VOL. 2",single,2023-07-07
2574,Il mio lato peggiore,album,2025-05-16
2575,Pezzi,album,2017-12-08
2576,LA CARA DEL MOVIMIENTO,album,2025-04-04
2577,Tutti Manifesti,album,2019-07-12
2578,Il giorno dopo (Gli Indimenticabili),album,1973
2579,FOMO,album,2025-06-13
2580,Scusate,album,2020-04-30
2581,Fruit Joint,album,2018-07-20
2582,Scusate se esistiamo,album,2020-05-29
2583,The Waiter,album,2017-05-19
2584,Teoria Del Contrario Mixtape Vol. 3,album,2025-01-31
2585,Fruit Joint + Gusto,album,2019-01-18
2586,GTA VI (feat. Mattak & Madman) – Prod. Kanesh,single,2025-01-17
2587,ANNO ZERO,single,2021-07-02
2588,Latte Freestyle,single,2017-07-14
2589,Teoria Del Contrario,album,2016-10-15
2590,Teoria Del Contrario Mixtape Vol. 2,album,2023-03-17
2591,Ultimo piano,album,2023-12-15
2592,MACHETE MIXTAPE 4,album,2019-07-05
2593,LUNA NERA,single,2021-09-24
2594,FACCE VERE (feat. nayt),single,2022-03-15
2595,FAIV,album,2022-06-03
2596,X2VR,album,2023-11-17
2597,Fantino Freestyle,single,2017-04-06
2598,Bluetooth Freestyle,single,2017-04-06
2599,SANDRO TONALI,single,2022-04-29
2600,Ultimo Piano B,album,2024-07-12
2601,00,single,2024-04-03
2602,Playlist,album,2018-11-09
2603,Hellvisback,album,2016-02-05
2604,Playlist Live,album,2019-12-06
2605,Hellvisback Platinum,album,2016-11-25
2606,Pippat,single,2022-05-31
2607,Midnite (Deluxe Version),album,2013-04-02
2608,The Island Chainsaw Massacre,album,2011-02-01
2609,FLOP,album,2021-10-01
2610,MACHETE MIXTAPE 4,album,2019-07-05
2611,CVLT,album,2023-11-03
2612,Estate dimmerda,single,2017-07-21
2613,"Machete Mixtape, Vol. 3",compilation,2014-09-23
2614,Machete Mixtape Gold Edition,compilation,2015-10-30
2615,23 6451,album,2019-11-15
2616,RANCH,album,2025-05-09
2617,Fenomeno,album,2017-04-07
2618,Death USB,album,2012-06-30
2619,CVLT - HELLRAISERS,album,2024-05-17
2620,BLOCCO 181 – ORIGINAL SOUNDTRACK,album,2022-05-27
2621,S.A.L.M.O. Documentary,album,2014-06-17
2622,64 BARRE DA CENSURA (Red Bull 64 Bars),single,2024-05-10
2623,Rap Italiano Game Over Spring 2024,compilation,2024-11-03
2624,Salmos 999,single,2024-01-01
2625,I've Tried Everything But Therapy (Part 2),album,2025-01-24
2626,In Un Solo Attimo,album,2018-02-01
2627,A TE E FAMIGLIA,single,2023-12-29
2628,Earth Hotel,album,2014-10-17
2629,Daniel 2.21,single,2023-07-24
2630,VAMONOS!!!,single,2023-11-30
2631,Salmo Unplugged,album,2023-05-29
2632,I Nomi del Diavolo,album,2024-03-01
2633,Converse Com Deus,album,2018-06-06
2634,Stay Real (Veramente Però),single,2022-12-23
2635,GarbAge Evilution,album,2021-02-12
2636,Mare Nero,album,2017-06-06
2637,Live Herald,album,2007-01-01
2638,Lehár: Die lustige Witwe,album,1994-01-01
2639,Background,album,2002-01-01
2640,FLUSSI D'INCOSCIENZA,album,2020-08-21
2641,X.O. Experience,album,2001-05-25
2642,BLO II,album,2020-11-27
2643,Parrandero,album,2013-09-18
2644,Snake Tongue,single,2024-07-25
2645,Free Blank Shots,album,2010-02-07
2646,i am the one here,single,2024-09-20
2647,The Island Chainsaw Massacre (The Ultimate Reloaded),album,2014
2648,PENSIERI SCOMODI (feat. Tony Boy),single,2025-05-23
2649,Janvier,single,2021-05-05
2650,La Evolucion Musical,album,2010-11-16
2651,Maria Antonietta / Torno Domani,single,2017-03-21
2652,Brava,album,2019-04-19
2653,Amica Pusher,single,2017-06-06
2654,Torno Domani - EP,single,2017-11-03
2655,Rendez-vous,single,2020-03-05
2656,Lama d'argento,single,2022-06-23
2657,Fata Morgana (RMX),single,2020-04-22
2658,Tutto bene,single,2023-06-01
2659,Spezza cuori,single,2025-01-03
2660,The Smash Records Story Vol 2,compilation,2000-01-01
2661,Maria Antonietta (Re-Edit),single,2018-03-21
2662,Acqua su marte,single,2019-03-29
2663,Dentro e fuori,album,2015-06-02
2664,Nella fossa,single,2014-04-03
2665,Fredda,single,2017-07-14
2666,Per quel che ne so,single,2019-11-22
2667,Il mio diario (Giorno),album,2006-01-01
2668,2 Gocce di vodka,single,2019-07-26
2669,Alibi,album,2007-06-29
2670,Il mio diario (Notte),album,2006-01-01
2671,Hip Hop Motel,compilation,2006
2672,Non è finita qui,single,2021-02-26
2673,Corri,single,2022-02-25
2674,Alibi+bonus track,album,2007-06-29
2675,LOCURA,album,2024-11-26
2676,Vieni qua,single,2025-04-18
2677,"Estate 2019 (Raccolta canzoni estive, canzoni da spiaggia, musica del momento giugno luglio agosto)",album,2019-06-07
2678,E' complicato,single,2021-01-26
2679,PRIMA DEL PRIMA,album,2025-02-07
2680,Rolling Papers (feat. Tormento),single,2025-04-04
2681,The Flowering of Love - Beautiful Arias and Sacred Songs of the Baroque,compilation,2000-01-01
2682,Torcida,single,2024-05-10
2683,Misantropo a senso unico,album,2000-10-13
2684,Qui è selvaggio,album,2011-01-01
2685,Psicotropa,single,2021-03-05
2686,Sotto effetto stono,album,1997-03-10
2687,C U ☉ R E,album,2024-11-27
2688,Tormentoni,compilation,2013-07-08
2689,Il mio lato peggiore,album,2025-05-16
2690,Disco X,album,2023-06-09
2691,B-Lady,album,2009-11-20
2692,Karmadillo (feat. Caneda & Tormento),single,2017-06-23
2693,Alieno,single,2024-12-06
2694,Predators,single,2020-05-22
2695,Suicidol,album,2015-05-26
2696,Danger,album,2013-07-16
2697,GarbAge,album,2020-03-06
2698,No Comment,album,2018-01-12
2699,Suicidol Post Mortem,album,2016-06-03
2700,GarbAge Evilution,album,2021-02-12
2701,BV3,album,2020-10-02
2702,Lucifero (prod. Yazee),single,2018-10-24
2703,OUTSIDER,album,2023-10-10
2704,MACHETE MIXTAPE 4,album,2019-07-05
2705,Rotten 2,single,2024-12-06
2706,Magic boulevard,album,2019-12-12
2707,Per un paio di dollari,single,2024-10-25
2708,Scappa,single,2025-04-11
2709,Machete Mixtape Gold Edition,compilation,2015-10-30
2710,2.7.0,album,2020-09-03
2711,LA BELLAVITA,album,2025-03-28
2712,Accepted Eclectic,album,2001-03-06
2713,LOVE,album,2018-09-21
2714,Milano Angels,album,2024-09-06
2715,Auto Blu,single,2020-03-26
2716,Mon Fre (feat. Emis Killa),single,2019-07-19
2717,Soldi in Nero (feat. Sfera Ebbasta),single,2019-11-28
2718,Bossoli,single,2019-09-05
2719,Routine EP,album,2020-01-31
2720,Angels & Demons,single,2024-12-19
2721,Syrup,single,2023-09-14
2722,Milano Demons,album,2022-11-25
2723,Solo,album,2018-03-26
2724,Dolce vita,album,2021-06-11
2725,Non sto più in zona,single,2019-10-03
2726,Motta Shiva Ketta Shiva (Original Motion Picture Soundtrack),album,2017-05-02
2727,Dark Love EP,album,2022-06-24
2728,MILANO TESTAROSSA (feat. Guè),single,2024-07-19
2729,Santana Season,album,2023-06-09
2730,Aston Martin (feat. Headie One),single,2021-12-17
2731,Take 1,single,2020-07-09
2732,SANTANA MONEY GANG,album,2025-04-10
2733,Radar,single,2019-01-18
2734,Schiena,album,2013-01-01
2735,Tempo anima,album,2017-01-27
2736,3/2 - EP,single,2020-03-06
2737,Take 3,single,2021-11-19
2738,My Vinyl Weighs a Ton,album,1999
2739,Jackson-SHIVA,single,2025-03-19
2740,"EVERYDAY (feat. Shiva, ANNA, Geolier)",single,2023-10-13
2741,Spirito,single,2017-05-04
2742,LUCIFERO,single,2024-09-13
2743,432 Blessing Time,album,2016-08-02
2744,ORION,album,2019-04-19
2745,Giuramenti,album,2022-05-06
2746,In Piazza,single,2020-06-17
2747,Luce in strada,single,2017-05-05
2748,Gangsta Grillz: Mvrda Gvng,album,2023-05-19
2749,Maha Shivaratri 2021: Sai Young Adults Open,album,2021-03-11
2750,Pull Up,single,2024-09-11
2751,Balances & Options,album,2000
2752,Soundboy,album,2011-09-20
2753,Eterno (En Vivo),album,2025-02-01
2754,Galassie,single,2024-05-17
2755,Rap de Shiva,single,2021-06-13
2756,Penna Capitale,album,2006-03-15
2757,Ogni maledetto giorno (Deluxe Edition),album,2017-09-01
2758,Mafia Slime 2,album,2025-01-17
2759,Tetsuo & Youth,album,2015-01-20
2760,Creature 3D,compilation,2014-08-16
2761,Fade Away,single,2014-08-30
2762,Northside Dep,album,2022-07-12
2763,Prima di partire,album,2003-05-23
2764,"Anno Fantastico (feat. Shiva, Tony Boy)",single,2025-03-21
2765,PALABREO DEL FUTURO,album,2024-08-23
2766,Suit Kale Me,album,2019-07-25
2767,Guai,single,2019-03-28
2768,Nessuno,album,1998-05-07
2769,Seven,single,2018-02-19
2770,Unpodi (Remix),single,2016-04-27
2771,Banditi,single,2018-03-14
2772,Mozart Nella Giungla,album,2016-02-17
2773,La dolce vita,album,2014-05-30
2774,Il Ragazzo D'Oro,album,2011-01-01
2775,Funambola,album,2007
2776,Nato nell'acqua,album,2012-02-17
2777,SIRIO,album,2022-04-07
2778,Zoe,single,2016-11-21
2779,Il cacciatore di draghi,single,2013-09-10
2780,OBE,album,2021-06-17
2781,70 x 70,compilation,2010-01-01
2782,Nevada,album,2020-02-28
2783,Diamanti,single,2017-06-07
2784,Napoli,single,2018-06-02
2785,SERENATA,single,2025-05-30
2786,Piccola tigre,single,2018-08-03
2787,Segnali di fumo,album,2017-05-03
2788,Miami,single,2017-12-15
2789,Titoli di coda:,single,2022-11-11
2790,ASPETTANDO LA BELLA VITA,album,2023-07-20
2791,Bottiglie Vuote (feat. Max Pezzali),single,2025-04-11
2792,Il piccolo principe,album,2012-09-01
2793,Vado al mare,single,2024-02-14
2794,Xmatteo,single,2025-03-28
2795,Quando la canzone finisce spara!,single,2018-11-05
2796,Porno,single,2019-03-27
2797,BLACK,single,2024-11-15
2798,CANADA,single,2025-04-15
2799,Metamorfosi,album,2021-03-05
2800,IO NON HO PAURA,album,2023-05-04
2801,Nostalgia istantanea,album,2012-06-12
2802,Sfera Ebbasta,album,2016-09-09
2803,Algebra,single,2018-12-30
2804,a me mi piace (feat. Manu Chao),single,2025-05-09
2805,Giovani per sempre,album,2019-02-08
2806,Freddo,single,2018-02-09
2807,ALICE,single,2023-11-24
2808,Patlamaya Devam,single,2020-10-02
2809,CRIMI,album,2022-05-17
2810,SANTANA MONEY GANG,album,2025-04-10
2811,"Crookers mixtape: Quello dopo, quello prima",album,2018-02-23
2812,MILLENNIUM BUG,album,2020-06-11
2813,Lethal Injection,album,1993-12-07
2814,Legend,album,2021-12-21
2815,TUTTA VITA,album,2024-10-25
2816,Cresciuto Tra i Lupi,single,2021-05-18
2817,Piegature,single,2019-06-27
2818,Love Sex American Express,single,2018-06-02
2819,TOCCA IL CIELO,album,2025-04-03
2820,Eden1,single,2018-09-21
2821,Belli E Dannati,single,2018-01-22
2822,Larepubblica,single,2020-11-10
2823,Rimsky-Korsakov: Scheherezade,album,1999-02-01
2824,Players Club '25,single,2025-04-15
2825,KG,album,2025-05-29
2826,Veleno 8,single,2019-09-27
2827,Da Qui in Poi Ci Sono I Draghi,single,2023-04-21
2828,Nelle teste degli altri,album,2023-03-30
2829,Maschio,single,2025-05-08
2830,Going Hard 2,album,2021-09-02
2831,Tutti i Nomi del Diavolo,album,2024-11-01
2832,La Canzone Di Arianna,single,2019-12-08
2833,Mercurio,album,2013-10-22
2834,Il mio lato peggiore,album,2025-05-16
2835,No Rmx,single,2021-06-19
2836,A LORENZZA,album,2024-11-13
2837,Volevo essere un duro,album,2025-03-20
2838,Poesie per gli zarri,single,2020-04-10
2839,Fou,single,2016-12-16
2840,Hsl,album,2004-06-10
2841,Rent förbannat,album,2012-10-01
2842,Mafia Slime 2,album,2025-01-17
2843,Pesadilla Antes De Navidad (Banda Sonora Original),compilation,1993-01-01
2844,Maradona,single,2013-05-03
2845,Playlist,album,2018-11-09
2846,DIO LO SA - ATTO II,album,2024-11-22
2847,LiL Ape with Friend's Mix Tape,album,2023-11-04
2848,Atlantide,single,2024-11-01
2849,The North Atlantic Jazz Connection,album,2012-07-20
2850,È FINITA LA PACE,album,2024-12-13
2851,1995,single,2024-06-21
2852,Estaba Escrito,album,2010-04-06
2853,Morandi,single,2025-01-31
2854,Nisida,single,2016-09-13
2855,No More Baby,single,2023-01-13
2856,Oceania (Colonna Sonora Originale),compilation,2016-12-16
2857,Sub Zero,single,2018-02-28
2858,Tropicana,single,2018-12-02
2859,12 Lunas,album,2025-06-01
2860,RAP ITALIANO 2010-2020 HITS Vol.1,compilation,2022-10-11
2861,TAXI DRIVER,album,2021-11-30
2862,Skonnessi Unplugged 1977-2006,compilation,2007-03-13
2863,Regardez moi,album,2017-11-24
2864,Mowgli,album,2018-03-02
2865,Moment Of Truth,album,1998-03-31
2866,L'albero delle noci,single,2025-02-12
2867,Gratta & Vinci,single,2016-07-13
2868,Jump,single,2024-03-29
2869,Altri Angeli,single,2024-04-19
2870,BIANCA (feat. Kid Yugi),single,2025-01-24
2871,Romanzo Twitter,single,2019-12-15
2872,Volo,single,2019-02-27
2873,METALLO E CARNE,album,2025-05-02
2874,"Anno Fantastico (feat. Shiva, Tony Boy)",single,2025-03-21
2875,SWAGTATO,single,2024-09-20
2876,El carnevaal de Schignan (De Best version),single,2024-10-16
2877,Ladro di Te,single,2023-09-15
2878,Nostalgia della luce,single,2017-10-09
2879,Poverty's Paradise (25th Anniversary - Remastered),album,1995
2880,AstroBoy,single,2023-07-28
2881,Zebneda,single,2023-10-27
2882,Classe 73,album,2003-01-01
2883,Panda,single,2024-01-19
2884,Sex & Aliens,album,2022-12-21
2885,ASTRO,album,2024-10-04
2886,DJ Fede presenta: Torino Roma andata e ritorno,album,2017-05-05
2887,Dream for sunset,album,2024-12-01
2888,Allenamento #2,single,2017-03-13
2889,Roby Esce A Maggio,single,2024-01-12
2890,'Más allá de la Luna' (música de la película de Netflix),compilation,2020-10-23
2891,Body (Remix) [feat. Capo Plaza & Rondodasosa],single,2021-05-04
2892,Madneda,single,2018-10-12
2893,Tekila,single,2019-04-27
2894,Dentro Alla Scatola (Mondo Marcio Vs Finley),single,2006-01-01
2895,Mondo Marcio (2022 Remastered),album,2004-05-01
2896,La Freschezza Del Marcio,album,2016-03-11
2897,Solo Un Uomo,album,2006-01-01
2898,Generazione X,album,2007-01-01
2899,UOMO!,album,2019-03-08
2900,Cose dell'altro Mondo Marcio (Special Edition),album,2013-06-25
2901,Fuori di qua! (Stories) [2022 Remastered],album,2004-11-01
2902,My Beautiful Bloody Break Up - Full Circle,album,2021-04-09
2903,Cose dell'Altro Mondo,album,2012-10-02
2904,Adderall Pack,single,2020-05-22
2905,Nella Bocca Della Tigre,album,2014-01-01
2906,TUTTA VITA,album,2024-10-25
2907,Animale in gabbia,album,2010-01-29
2908,In cosa credi,album,2008-07-11
2909,Magico (RMX),single,2023-10-31
2910,OH GOD,single,2019-11-22
2911,CREDO,album,2025-04-25
2912,What Do You Think About the Car?,album,2017-04-13
2913,Città del Fumo PT.2 (feat. Vale Pain),single,2024-10-18
2914,Che Aria Tira (Album),album,2013-03-26
2915,MI Fist (2004 Remaster),album,2003-01-03
2916,Magico,album,2022-10-07
2917,Kerosene (feat. Tokyo),single,2024-11-29
2918,Fuori di qua! (2022 Remastered),album,2004-11-01
2919,Vieni a prenderci,single,2013-11-12
2920,Parole,album,2004-01-01
2921,Going Hard 2,album,2021-09-02
2922,Milano Angels,album,2024-09-06
2923,Il mondo nuovo,album,2005
2924,"Detto, Fatto.",album,2012-11-30
2925,Gotham,single,2015-07-14
2926,VETRI NERI,single,2023-05-19
2927,"Latin Passion 1: Cumbias, Merengues y Paseitos",compilation,2014-10-28
2928,Marracash - 10 Anni Dopo (Inediti e Rarità),album,2018-06-22
2929,Musica da Serial Killer,album,2011-01-25
2930,È FINITA LA PACE,album,2024-12-13
2931,"Machete Mixtape, Vol. 3",compilation,2014-09-23
2932,NUOVO MEDIOEGO,album,2021-11-12
2933,"Street Collection, Vol. 2 (2008 Remastered)",compilation,2019-10-25
2934,Hip Hop Street Party Vol. 2,compilation,2009-01-01
2935,Orange County California,album,2017-01-13
2936,Bella Lucio,compilation,2015-09-25
2937,"Street Collection, Vol. 1 (2019 Remastered)",compilation,2019-09-27
2938,SANTANA MONEY GANG,album,2025-04-10
2939,My Time,single,2024-02-16
2940,DJ Fede Presenta Tutti Dentro... Di Nuovo,album,2013-05-28
2941,3OK,album,2024-08-16
2942,Chimera,single,2024-02-16
2943,Pronta Consegna,single,2024-07-12
2944,RANCH,album,2025-05-09
2945,Thank Bax it's Friday,single,2017-10-06
2946,Il nirvana,album,2014-09-23
2947,L'Ultimo Testimone,album,2004-01-01
2948,GIFTED,album,2023-11-10
2949,Verso Libertalia,album,2021-05-28
2950,Il mio lato peggiore,album,2025-05-16
2951,Cieli Paralleli,single,2022-05-20
2952,Leviatano,single,2025-01-10
2953,Going Hard 3,album,2024-12-06
2954,MURAGLIA,album,2021-02-07
2955,Uebe,album,2019-09-13
2956,Clownstrofobia,album,2016-01-15
2957,Hanglover,album,2017-09-15
2958,Lettera al Successo,album,2014-06-10
2959,BoyFred,album,2015-10-02
2960,PLC tape 1,single,2022-04-22
2961,SEXY RAVE (feat. Baby Gang),single,2025-04-11
2962,Unico,album,2021-07-02
2963,MMH (feat. Rose Villain),single,2024-10-18
2964,Cd Dos Meninos,album,2019-05-21
2965,BARRIO LAMBADA,single,2025-05-23
2966,IL CIELO NON CI VUOLE,single,2024-02-07
2967,Extasi,single,2022-06-17
2968,NOTTE CATTIVA,single,2024-06-07
2969,ROMANCE,single,2022-04-01
2970,PASSIONE,single,2024-07-19
2971,MELODIA CRIMINAL,single,2023-07-07
2972,F.D.P.,album,2012-10-17
2973,Adrenalina,single,2023-03-31
2974,Tik Tok trends 2024,compilation,2024-08-03
2975,Maliciosa (From the Netflix Rap Show “Nuova Scena”),single,2024-02-27
2976,DI CAPRIO (feat. Niky Savage),single,2024-09-13
2977,Sig. Brainwash - L'arte di accontentare,album,2013-03-05
2978,Il mio lato peggiore,album,2025-05-16
2979,SEXY SHOP,single,2024-05-31
2980,Che cazzo ridi (feat. Tedua & Trippie Redd),single,2019-01-04
2981,Paranoia Airlines,album,2019-01-25
2982,DISUMANO,album,2021-11-26
2983,The Globe,album,2022-11-03
2984,ALLUCINAZIONE COLLETTIVA,single,2024-09-21
2985,MILLE – feat. Orietta Berti,single,2021-06-11
2986,PROBLEMI CON TUTTI (GIUDA),single,2020-05-15
2987,BATTITO,single,2025-02-12
2988,BIMBI PER STRADA (CHILDREN),single,2020-06-11
2989,LA DOLCE VITA,single,2022-06-03
2990,Penisola che non c'è,album,2013-06-18
2991,MEGLIO DEL CINEMA,single,2021-09-24
2992,Pop-hoolista,album,2014-10-14
2993,Pop-Hoolista Cosodipinto Edition,album,2015-10-09
2994,Vivere Aiuta A Non Morire,album,2013-01-01
2995,BELLA STRONZA,single,2025-02-15
2996,DISCO PARADISE,single,2023-05-25
2997,Before I Forget,album,2012-10-26
2998,Diecimila lire,album,2016-03-15
2999,Il mio primo disco da venduto,album,2013-06-18
3000,VIOLA – with Salmo,single,2022-10-14
3001,SCELTE STUPIDE,single,2025-05-02
3002,Copia Copia Copia,single,2024-12-13
3003,ROSALÍA,single,2024-05-29
3004,CRISI DI STATO,single,2022-12-09
3005,Comunisti col Rolex,album,2017-01-20
3006,Il diavolo non esiste,single,2014-03-07
3007,CAZZOMINOMINI,single,2023-07-06
3008,"Watch Me (Whip, Nae Nae, Yeet) - Single",single,2015-03-06
3009,Justin (Deluxe Version),album,2016-04-15
3010,Sig. Brainwash - L'arte di accontentare Diamond Edition,album,2013-11-25
3011,Comunisti col Rolex (Multiplatinum Edition),album,2017-11-24
3012,Piangere a 90,single,2025-05-08
3013,Keta Music - Volume 2,album,2015-06-18
3014,Non cantiamo mika,album,2015-06-01
3015,Squallor,album,2015-04-07
3016,Carte Blanche,album,2019-07-25
3017,Cattive Compagnie,album,2019-12-24
3018,Lucio Dalla,album,1979
3019,IO NON HO PAURA,album,2023-05-04
3020,Sottosegretari alla presidenza della Repubblica del True Metal,single,2018-05-21
3021,Walkin' Bank Roll,album,2007-10-30
3022,Ho Fatto Tardi,album,2020-07-03
3023,Ordinary,single,2025-02-07
3024,The Real,album,2021-05-25
3025,Show Me Love,single,2025-02-07
3026,Vangelo II Luka,album,2021-01-14
3027,HO LA HIT (feat. Massimo Pericolo),single,2022-04-07
3028,Hot Fuss,album,2004
3029,"Sogna, Ragazzo, Sogna",single,2024-03-06
3030,SANTANA MONEY GANG,album,2025-04-10
3031,LA BELLAVITA,album,2025-03-28
3032,Caos,album,2022-03-18
3033,Punk,album,2018-11-30
3034,I Nomi del Diavolo,album,2024-03-01
3035,Esse Erre (SR),single,2021-06-10
3036,Sfera Ebbasta,album,2016-09-09
3037,SIRIO,album,2022-04-07
3038,Persona,album,2019-10-31
3039,"NOI, LORO, GLI ALTRI",album,2021-11-19
3040,Santeria,album,2016-06-24
3041,Status,album,2015-02-10
3042,È FINITA LA PACE,album,2024-12-13
3043,Santeria (Voodoo Edition),album,2016-12-02
3044,"Status (Inediti, Rarità & Live)",album,2016-01-22
3045,"Red Bull 64 Bars, The Album",compilation,2021-05-27
3046,King Del Rap,album,2011-01-01
3047,Marracash - 10 Anni Dopo (Inediti e Rarità),album,2018-06-22
3048,Roccia Music 2,album,2011-10-01
3049,Marracash,album,2008-01-01
3050,Fino A Qui Tutto Bene,album,2010-01-01
3051,"NOI, LORO, GLI ALTRI (Deluxe)",album,2022-12-09
3052,64 BARRE IN FACCIA (Red Bull 64 Bars),single,2024-09-05
3053,LA BANALITÀ DEL MALE (End credit song “Qui non è Hollywood”),single,2024-11-06
3054,SANTANA MONEY GANG,album,2025-04-10
3055,La Tipa Del Tipo,single,2013-01-01
3056,Hagakure,compilation,2008-08-18
3057,Monument,album,2018-12-07
3058,L'Angelo del Male,album,2024-04-26
3059,Fastlife 4,album,2021-04-08
3060,Achille Idol Immortale,album,2014-12-17
3061,"Machete Mixtape, Vol. 3",compilation,2014-09-23
3062,Che Ne Sanno I 2000 (feat. Danti),single,2016-07-01
