SymphonyCodePK,BPM,Rolloff,Flux,RMS,Flatness,Spectral_Complexity,Pitch,Loudness
SYM0001,135.32,2895.7767,1.4499,0.1786,0.8202,25.7148,2311.1779,17.8675
SYM0002,129.37,3378.4605,1.3533,0.202,0.6739,29.1089,1892.1924,21.4595
SYM0003,133.68,2037.4847,1.3822,0.2552,0.7842,26.9762,2484.3503,29.459
SYM0004,162.22,1156.3781,1.5499,0.1971,0.8764,14.2956,2984.6109,20.5067
SYM0005,105.87,1693.4542,1.0886,0.2369,0.8571,36.6951,1572.0499,25.3407
SYM0006,92.02,1158.8606,1.0737,0.2334,0.8943,23.0539,1943.181,25.268
SYM0007,129.82,1787.9302,1.2172,0.2632,0.8592,29.9563,2111.893,29.2586
SYM0008,129.95,2331.3437,1.3638,0.2576,0.8193,36.5045,2137.0455,28.7634
SYM0009,124.14,2456.785,1.2137,0.2573,0.8385,40.9769,1861.3738,28.079
SYM0010,154.92,1660.9177,1.091,0.2157,0.8995,30.1906,1757.9368,22.5514
SYM0011,123.68,1268.2502,1.1937,0.2342,0.8793,26.471,2394.9852,25.6333
SYM0012,99.87,2557.5925,1.2525,0.2336,0.7574,33.8207,1726.0318,25.7406
SYM0013,125.06,1755.2472,1.41,0.2754,0.8123,26.8521,2877.0575,32.8955
SYM0014,126.07,2501.5662,1.2107,0.1927,0.7858,29.5363,1794.6078,20.1684
SYM0015,121.11,2726.6877,1.1177,0.1818,0.8561,31.6904,1784.9531,18.3843
SYM0016,96.27,2984.9233,1.375,0.2683,0.7965,39.8208,2487.1039,30.4793
SYM0017,143.68,1335.3432,1.0967,0.2855,0.8625,32.319,2192.7517,32.4186
SYM0018,100.01,1110.6811,0.962,0.2047,0.9122,22.6653,1951.1632,21.8971
SYM0019,132.95,2461.8619,1.2095,0.2259,0.8656,29.4608,1806.492,24.2865
SYM0020,162.03,2313.321,1.2829,0.2214,0.8627,28.0539,1858.481,22.7645
SYM0021,99.96,1595.4223,1.315,0.2208,0.9078,26.4883,2404.7399,23.247
SYM0022,129.97,2905.4055,1.4345,0.1902,0.7664,20.2638,2393.9827,20.3012
SYM0023,164.08,1573.9462,1.3346,0.3519,0.6427,31.873,1327.9784,43.8683
SYM0024,132.01,3034.3304,1.3105,0.1101,0.7277,13.9209,2366.3715,9.9063
SYM0025,120.03,2366.2406,1.4543,0.2451,0.8423,28.2409,1938.3149,26.4812
SYM0026,111.82,3795.6828,1.2148,0.1681,0.6155,21.0232,2379.3629,18.9285
SYM0027,83.98,1050.6276,1.3011,0.1774,0.7384,9.6972,3290.7641,19.0712
SYM0028,162.94,1869.8051,1.3421,0.2003,0.7949,22.8578,2209.678,21.2403
SYM0029,125.03,1934.5935,1.4139,0.2055,0.7728,13.0344,3779.4293,22.3514
SYM0030,129.9,818.8553,1.1656,0.1881,0.9207,20.9247,2602.8205,19.4275
SYM0031,89.99,1212.2858,1.3092,0.1752,0.773,12.1333,2773.7418,19.0531
SYM0032,120.13,3582.4288,1.2478,0.2094,0.8214,33.7949,1824.7316,22.7303
SYM0033,162.73,1107.2605,1.2771,0.2024,0.9019,21.8408,2699.4368,21.4811
SYM0034,111.66,2195.196,1.1163,0.2994,0.7075,44.7233,2081.2349,35.0766
SYM0035,128.13,2249.6672,1.2816,0.1782,0.8036,18.4892,2329.5916,18.6314
SYM0036,110.53,1040.0353,1.4597,0.2067,0.9101,16.396,3128.3278,21.9519
SYM0037,139.97,3116.7849,1.2563,0.2229,0.8499,30.8548,1684.8277,22.9262
SYM0038,130.27,1808.7049,1.3226,0.2484,0.8827,30.3263,2135.9642,26.9355
SYM0039,139.97,827.0196,1.0763,0.1394,0.9329,15.3637,2553.9273,12.5703
SYM0040,80.0,1782.1832,1.2365,0.2323,0.8827,25.0827,2353.2912,26.1656
SYM0041,153.3,2669.8838,1.2984,0.3032,0.8241,37.8022,2296.2452,36.6221
SYM0042,129.72,2515.3547,1.3069,0.2731,0.7743,37.2041,2255.9006,30.6359
SYM0043,84.9,1547.7531,1.2125,0.1773,0.8228,24.6032,1849.5998,17.7461
SYM0044,117.14,1884.9794,1.1337,0.2034,0.8773,34.0868,1930.2272,21.2632
SYM0045,153.01,1737.7581,1.2441,0.3138,0.906,43.8565,2215.4506,36.5028
SYM0046,122.98,1130.8945,1.3838,0.1507,0.9279,18.0716,2676.9534,14.3088
SYM0047,146.07,1812.7452,1.235,0.3084,0.8933,27.485,2115.0699,36.1978
SYM0048,129.34,1498.5186,1.1173,0.2077,0.8567,20.8018,2402.482,22.4804
SYM0049,119.97,1777.6694,1.1541,0.3587,0.871,46.3838,2132.8882,43.4368
SYM0050,150.11,1028.2468,1.234,0.1994,0.9187,22.0308,2186.8316,20.9161
SYM0051,135.98,1385.0983,1.045,0.2441,0.8568,31.341,2109.3597,26.5365
SYM0052,150.1,2002.7622,1.2404,0.3399,0.8659,40.0712,2042.2873,40.6788
SYM0053,129.65,1139.1404,0.9966,0.1011,0.7687,9.3392,2192.0175,9.4074
SYM0054,161.7,1929.9293,1.2594,0.0348,0.7596,6.5206,1758.0497,1.9674
SYM0055,129.6,892.3945,1.1764,0.1746,0.8554,17.7383,2776.0985,17.4324
SYM0056,92.29,5476.3469,1.364,0.1025,0.2511,16.9316,2410.1656,10.0354
SYM0057,89.73,750.4491,1.1493,0.1604,0.9457,16.7389,1468.3771,15.4915
SYM0058,102.94,1153.9839,1.3177,0.2396,0.932,24.2288,2511.7221,25.245
SYM0059,143.55,1536.752,1.0361,0.036,0.4843,4.4875,2142.6496,2.5214
SYM0060,142.74,1334.5862,1.3676,0.1209,0.9236,15.5636,2204.5386,10.4379
SYM0061,117.96,2737.5537,1.2408,0.2555,0.8177,37.2049,2055.0147,28.8071
SYM0062,131.07,1905.387,1.3204,0.1593,0.9064,19.8404,2486.7636,15.0284
SYM0063,128.72,1463.3539,1.2804,0.0781,0.8718,11.6074,2139.6551,5.9019
SYM0064,81.92,1118.5471,1.3251,0.1214,0.876,14.0956,2319.0912,10.4646
SYM0065,143.22,1889.6929,1.2403,0.0828,0.8789,14.8602,1846.6317,6.5042
SYM0066,125.23,2134.3043,1.4518,0.1995,0.8396,29.5775,1953.8753,20.1093
SYM0067,153.12,2192.6911,1.318,0.3458,0.7937,44.0823,2195.0064,41.5359
SYM0068,124.14,2456.785,1.2137,0.2573,0.8385,40.9769,1861.3738,28.079
SYM0069,150.14,2262.4085,1.3894,0.1408,0.7248,21.8987,2214.3585,13.3467
SYM0070,117.96,2737.5537,1.2408,0.2555,0.8177,37.2049,2055.0147,28.8071
SYM0071,139.94,1522.8315,1.3143,0.2197,0.8651,24.6477,2420.2639,23.573
SYM0072,85.06,1092.7777,1.3235,0.2705,0.825,10.5199,2939.125,32.8546
SYM0073,106.04,1332.6988,1.2176,0.2347,0.9268,29.9018,2054.9772,25.1617
SYM0074,156.21,2456.1091,1.4629,0.2267,0.8007,26.7128,2297.436,24.3122
SYM0075,143.63,1040.4305,1.2131,0.121,0.8746,10.8673,2388.6211,11.1571
SYM0076,140.03,2224.2162,1.3682,0.2745,0.8779,36.2247,2424.7026,30.6017
SYM0077,144.97,1487.3485,1.3704,0.2961,0.8663,27.5103,2346.0466,34.5267
SYM0078,83.94,1529.6286,1.2399,0.2144,0.9036,25.775,2028.1672,22.4647
SYM0079,123.0,1579.1351,1.2364,0.211,0.865,29.8709,1283.8739,21.7752
SYM0080,97.01,1939.5743,1.4915,0.2105,0.7907,21.3518,2604.6006,22.7132
SYM0081,99.89,2099.2929,1.4495,0.2238,0.8232,25.5901,2579.558,24.5903
SYM0082,134.68,1794.3173,1.4321,0.2058,0.782,19.8245,2124.0039,21.4578
SYM0083,89.97,1478.2368,1.2651,0.1844,0.8848,20.6097,1883.8233,18.5447
SYM0084,129.65,1707.2895,1.3321,0.3148,0.8244,32.8896,2128.5949,37.1335
SYM0085,99.84,1328.5572,1.2336,0.1966,0.9242,25.0413,1907.9789,19.5017
SYM0086,100.06,1934.3353,1.3653,0.1347,0.8586,16.6464,1807.5108,11.8235
SYM0087,86.97,1080.1571,1.2219,0.2597,0.9475,30.8597,2585.5437,28.6058
SYM0088,93.94,1604.182,1.2001,0.2518,0.8883,38.1817,2056.8468,27.5268
SYM0089,100.92,1673.2887,1.2423,0.2166,0.9004,29.8881,2192.9297,23.3016
SYM0090,150.16,1155.511,1.4218,0.3036,0.8564,25.3508,2684.7493,35.9182
SYM0091,97.05,1626.5428,1.2289,0.2657,0.8694,33.005,1860.3851,29.4205
SYM0092,102.0,1832.725,1.3466,0.2321,0.7801,32.3706,2063.7877,25.4385
SYM0093,107.89,2478.1341,1.4221,0.2422,0.7778,26.7647,2318.728,26.8665
SYM0094,122.22,1401.5597,1.1518,0.2091,0.9008,21.3362,2287.5013,22.2948
SYM0095,104.88,1397.9528,1.362,0.2354,0.8254,26.3092,2402.7881,26.679
SYM0096,142.12,2003.6417,1.3085,0.1957,0.8317,25.7311,2059.8171,20.3535
SYM0097,114.67,911.7727,1.2797,0.3039,0.9304,28.8953,2755.4281,35.0052
SYM0098,122.95,1557.141,1.3555,0.2961,0.8934,33.8047,2750.6078,34.0028
SYM0099,117.7,1166.8842,1.3235,0.2126,0.9082,20.7593,2553.1109,23.1476
SYM0100,124.23,1290.9085,1.1678,0.3187,0.8511,43.0438,2067.4024,36.8162
SYM0101,100.01,1836.8605,1.434,0.2123,0.8644,25.2745,2045.0869,21.3904
SYM0102,117.95,1374.6311,1.3102,0.2608,0.8934,27.8856,2284.7715,29.4744
SYM0103,95.97,1207.0864,1.3057,0.2515,0.9001,28.32,2270.7217,27.5154
SYM0104,96.45,1325.8035,1.2398,0.1128,0.8626,11.3287,2124.0971,9.9054
SYM0105,164.02,1174.9606,1.3293,0.2359,0.911,24.7876,2493.6296,25.5162
SYM0106,108.78,1725.3368,1.2915,0.2121,0.8805,30.8538,2497.8086,22.3439
SYM0107,100.04,1670.4844,1.52,0.2453,0.9022,25.5692,2064.7418,26.8753
SYM0108,102.1,1878.3802,1.2554,0.2441,0.8411,33.6152,1812.3025,26.7746
SYM0109,104.97,1674.7742,1.3599,0.1661,0.8538,22.3497,1947.1835,16.0175
SYM0110,109.99,1853.48,1.3685,0.1882,0.8688,23.1512,2121.7348,18.4222
SYM0111,102.05,1663.7935,1.2846,0.1809,0.8755,22.3882,2205.558,17.9614
SYM0112,81.95,1291.5644,1.2652,0.1136,0.9702,14.3702,2117.7696,9.4271
SYM0113,142.14,1741.9075,1.2491,0.2636,0.8686,26.987,1983.0205,29.074
SYM0114,164.93,1535.5513,1.3708,0.2494,0.8689,19.7827,2610.0362,27.326
SYM0115,102.82,1877.3382,1.3278,0.2734,0.8226,33.5222,2507.9734,32.1987
SYM0116,98.01,2030.2971,1.3761,0.2771,0.8354,30.7293,2335.7343,31.6957
SYM0117,143.99,1328.0642,1.5289,0.2153,0.885,14.4982,2690.7177,22.1261
SYM0118,100.02,2091.848,1.3878,0.2128,0.9073,30.6005,1803.9975,21.418
SYM0119,128.08,884.8261,1.3439,0.1846,0.8996,9.8603,3004.6856,18.3277
SYM0120,172.27,2480.0144,1.2273,0.1646,0.8243,30.4336,1555.062,15.2871
SYM0121,119.86,942.8636,1.2891,0.1908,0.8991,10.3903,1675.5322,19.5278
SYM0122,106.975,1551.01855,1.2571,0.2297,0.88245,27.330849999999998,2241.1574499999997,24.66685
SYM0123,96.45,1325.8035,1.2398,0.1128,0.8626,11.3287,2124.0971,9.9054
SYM0124,155.92,1255.618,1.2028,0.3363,0.9106,37.8036,2325.0992,40.3835
SYM0125,123.65,1433.8136,1.2458,0.1241,0.8946,11.4577,2505.6631,10.8909
SYM0126,112.8,1681.8529,1.1123,0.2375,0.9034,32.0066,1881.4201,25.2624
SYM0127,120.8,1855.9003,1.0024,0.225,0.8221,26.7146,1723.4627,24.7841
SYM0128,118.35,1676.082,1.1742,0.1989,0.8641,30.7594,1777.1598,20.2043
SYM0129,135.94,2361.1278,1.4271,0.2528,0.8494,23.3399,2377.691,27.2185
SYM0130,97.99,1810.9991,1.3935,0.2614,0.8588,35.1553,1825.1888,28.6639
SYM0131,165.57,1092.3687,1.1018,0.2103,0.9481,29.5025,1559.9011,21.2463
SYM0132,83.07,1626.6757,1.0795,0.1286,0.8804,18.764,1472.6872,11.2622
SYM0133,89.92,2001.121,1.238,0.2289,0.8253,34.3188,1849.645,24.1778
SYM0134,85.01,1966.5092,1.1789,0.2422,0.8038,33.6837,1878.7339,26.1175
SYM0135,101.94,2526.6177,1.2988,0.24,0.7834,37.7952,2003.6959,25.9995
SYM0136,123.87,1525.7309,1.1228,0.229,0.8495,26.433,1871.8697,25.241
SYM0137,103.99,1307.7308,1.0938,0.1863,0.9383,25.2289,1922.7629,18.5034
SYM0138,164.14,1906.6516,1.1777,0.1885,0.8374,31.1961,1905.3194,20.0391
SYM0139,99.85,1696.8278,1.176,0.2208,0.8937,28.7131,2019.1435,23.6573
SYM0140,116.96,1453.269,1.2323,0.3146,0.8781,37.4723,1993.2678,36.2402
SYM0141,117.79,1697.1483,1.1602,0.171,0.9026,19.5408,1989.8891,16.5926
SYM0142,92.09,1640.2451,1.0385,0.22,0.8627,30.9421,1719.0353,23.7514
SYM0143,139.97,1257.2251,0.986,0.0783,0.8063,8.7394,1991.7068,6.2968
SYM0144,139.95,1949.2216,0.9708,0.1235,0.8752,17.7127,1791.7425,11.3256
SYM0145,115.35,1299.2277,1.1207,0.2649,0.916,32.6338,2209.2564,29.4904
SYM0146,89.85,1959.882,1.1485,0.2419,0.8944,36.0126,2001.5049,25.6667
SYM0147,117.88,2140.234,1.1117,0.2544,0.8171,34.6737,2022.2388,28.009
SYM0148,114.88,1890.7792,1.0121,0.1669,0.8529,20.7972,1689.2871,16.2001
SYM0149,95.3,2742.0943,1.377,0.2266,0.8592,28.0899,1924.6794,23.5755
SYM0150,147.97,2388.1245,1.3361,0.0362,0.8141,6.7419,3027.0889,2.4698
SYM0151,149.49,1965.8871,0.9677,0.1341,0.831,18.9019,2138.5227,13.3104
SYM0152,99.85,1696.8278,1.176,0.2208,0.8937,28.7131,2019.1435,23.6573
SYM0153,96.99,2161.1713,1.3931,0.2626,0.8235,33.1024,2411.5925,29.2878
SYM0154,105.0,1664.7941,1.1652,0.1947,0.9133,30.5575,2195.0775,19.8458
SYM0155,152.76,2472.0097,1.1709,0.1392,0.8306,23.7165,1960.6922,13.139
SYM0156,165.59,1105.2764,1.0863,0.2269,0.9074,28.2931,1931.7829,24.8198
SYM0157,143.15,2269.3179,1.2104,0.1545,0.8686,19.7747,2164.3736,15.3918
SYM0158,164.21,911.0792,1.0863,0.0469,0.7685,5.5482,2147.5617,3.0395
SYM0159,71.52,2384.9098,1.3276,0.1877,0.854,22.6539,2383.5316,19.5479
SYM0160,119.99,2206.2041,1.2167,0.2379,0.8373,34.6296,2426.3639,25.9216
SYM0161,109.93,1392.1472,1.1312,0.2321,0.8974,28.071,2081.7819,25.4888
SYM0162,128.13,1643.6374,1.3086,0.1891,0.8966,28.3094,1996.9504,18.7399
SYM0163,119.98,1766.5243,1.1383,0.2752,0.8244,38.336,1670.8472,30.6277
SYM0164,172.27,2164.6181,1.1645,0.2465,0.8365,36.2506,2174.1046,26.3237
SYM0165,139.09,1674.9314,1.1507,0.292,0.885,43.6786,2066.9335,32.7928
SYM0166,163.91,1440.421,1.043,0.2134,0.9414,32.8166,1838.2189,22.0763
SYM0167,144.61,995.4358,1.1248,0.2384,0.9203,28.478,2089.4875,26.5671
SYM0168,117.88,2140.234,1.1117,0.2544,0.8171,34.6737,2022.2388,28.009
SYM0169,90.1,1068.3332,0.992,0.1652,0.921,18.7117,1698.4194,16.0579
SYM0170,129.99,2376.7505,1.0963,0.2779,0.7882,43.3783,2089.6121,30.7099
SYM0171,148.27,1293.5099,1.0615,0.1911,0.9413,18.3005,1822.9448,18.6863
SYM0172,79.92,1696.6657,1.0766,0.2475,0.8731,29.657,2192.1247,26.9923
SYM0173,97.15,1251.5954,1.1822,0.2274,0.8816,22.6252,2156.859,25.3745
SYM0174,150.84,1823.8799,1.1336,0.1386,0.8414,16.2819,1632.7056,12.9153
SYM0175,122.78,1658.5487,1.1396,0.1887,0.878,24.1614,1755.6582,18.7812
SYM0176,104.02,1507.058,1.0352,0.1085,0.9079,15.4999,1555.1525,8.9099
SYM0177,79.86,3251.6721,1.4809,0.1505,0.7872,21.8277,1998.6323,14.1474
SYM0178,135.64,1634.3491,1.0468,0.5916,0.95,61.2225,1942.9244,81.9478
SYM0179,162.93,2492.6612,1.0772,0.1738,0.826,25.6841,1774.7425,16.9647
SYM0180,83.97,1513.4018,1.0541,0.3089,0.9329,50.1635,1527.6942,34.702
SYM0181,126.24,1299.1366,1.3187,0.0479,0.8002,6.3499,2422.337,3.0257
SYM0182,96.42,551.1992,1.2526,0.1866,0.9807,14.2465,2104.6225,18.2422
SYM0183,89.99,2162.1072,1.1973,0.2168,0.732,25.6232,2168.503,24.8034
SYM0184,90.05,1666.7213,1.2422,0.2231,0.8702,25.6461,2106.2023,24.2337
SYM0185,150.19,2198.4763,1.2014,0.1555,0.8532,20.9463,2270.9921,14.9904
SYM0186,122.26,1431.3953,1.0143,0.2282,0.8597,25.6956,1346.0725,24.2382
SYM0187,116.96,1453.269,1.2323,0.3146,0.8781,37.4723,1993.2678,36.2402
SYM0188,100.48,1193.37,1.3383,0.2812,0.9524,23.1899,2008.3294,31.4019
SYM0189,113.95,2096.5049,1.2659,0.0382,0.6509,5.6112,2489.1112,2.4215
SYM0190,150.19,3129.9812,1.2094,0.1262,0.7213,21.2777,1913.4062,11.2966
SYM0191,123.76,994.2773,1.2238,0.2298,0.8533,23.914,2252.3836,25.2464
SYM0192,146.14,615.6104,1.4789,0.3409,0.9272,15.7459,2865.9747,41.6719
SYM0193,184.57,3020.4947,1.2318,0.1718,0.842,23.7847,2333.9627,16.589
SYM0194,143.25,1220.2561,1.1363,0.0953,0.7286,11.0996,2262.3125,8.1771
SYM0195,105.0,1664.7941,1.1652,0.1947,0.9133,30.5575,2195.0775,19.8458
SYM0196,83.07,1626.6757,1.0795,0.1286,0.8804,18.764,1472.6872,11.2622
SYM0197,146.06,1127.9579,0.944,0.2126,0.8885,29.3699,1321.6278,21.9908
SYM0198,99.76,2012.4045,1.4012,0.1746,0.8877,17.8227,2027.7249,17.3476
SYM0199,129.99,1805.2343,1.3294,0.1935,0.8826,23.7241,2362.5395,20.0809
SYM0200,143.31,886.0154,1.4511,0.2043,0.8954,16.6571,2781.0067,21.417
SYM0201,178.21,1528.8264,1.4217,0.2837,0.8613,35.1988,2251.4679,32.2849
SYM0202,172.27,2271.0018,1.2787,0.2151,0.7386,34.5408,1584.8282,22.4763
SYM0203,89.99,2010.8747,1.2712,0.2449,0.8385,32.7095,2078.3584,27.0532
SYM0204,129.9,2264.2789,1.2257,0.2085,0.7215,23.4013,1661.2994,21.8111
SYM0205,133.75,2361.0931,1.3188,0.2645,0.8607,34.5461,2129.9599,29.1454
SYM0206,101.0,1606.4833,1.4248,0.2588,0.8659,28.3351,2412.207,28.7241
SYM0207,89.97,2034.9699,1.3278,0.2292,0.8282,24.9961,2177.0189,25.5024
SYM0208,122.95,1547.3255,1.2755,0.2549,0.8638,33.0955,1612.9717,28.0271
SYM0209,109.68,1385.4752,1.0945,0.2206,0.8537,24.0805,1911.354,24.8158
SYM0210,135.96,2025.0232,1.2024,0.142,0.832,27.604,2049.5932,13.8077
SYM0211,119.11,2123.9202,1.3234,0.2944,0.8234,36.9654,2418.0541,34.8938
SYM0212,128.2,1329.6976,1.234,0.2481,0.8711,26.1307,2200.7944,27.7659
SYM0213,153.68,2066.1608,1.3418,0.2651,0.7852,29.5593,1913.6864,29.6685
SYM0214,106.63,2090.6557,1.4023,0.2275,0.7955,22.766,1907.509,24.5889
SYM0215,117.6,2763.6808,1.4274,0.2361,0.8006,32.3727,2056.3347,25.597
SYM0216,149.97,1562.7417,1.2067,0.2484,0.9022,25.0635,2054.9021,27.6189
SYM0217,111.69,1170.4343,1.1107,0.1454,0.9268,15.3964,1747.398,13.198
SYM0218,148.91,1930.9528,1.3687,0.2887,0.8234,36.5686,2330.0121,33.3378
SYM0219,100.98,2053.0542,1.3774,0.2146,0.7329,34.3226,2324.8748,23.058
SYM0220,125.22,2043.8709,1.4048,0.3075,0.8305,33.1551,2393.1104,36.3319
SYM0221,121.23,2057.4703,1.3277,0.2224,0.8482,33.8028,2311.5715,23.7735
SYM0222,128.03,2310.4992,1.2328,0.2144,0.8213,20.0506,2437.251,23.6946
SYM0223,128.41,1840.3983,1.3733,0.2067,0.8632,19.9111,2045.8754,21.4039
SYM0224,104.94,2271.2472,1.2309,0.2757,0.7579,41.9462,1712.0589,31.1021
SYM0225,161.88,1535.2227,1.1709,0.2333,0.8287,25.4555,1996.0192,25.7252
SYM0226,95.01,2217.8452,1.1374,0.2354,0.7945,28.7612,1595.2637,25.6811
SYM0227,126.25,1910.0484,1.2332,0.2257,0.8447,27.7575,1855.6863,24.2074
SYM0228,153.49,1624.7712,1.1756,0.2333,0.8992,28.1164,1890.9055,25.2278
SYM0229,151.86,1899.7059,1.2913,0.1552,0.8164,29.8588,1685.9052,14.5735
SYM0230,161.63,1764.0955,1.4103,0.2774,0.8797,29.443,2308.1682,31.2405
SYM0231,126.98,2799.3589,1.493,0.2282,0.7537,18.8208,2384.9191,24.5556
SYM0232,136.73,2136.8971,1.1551,0.2738,0.8733,31.5063,1667.3698,30.0561
SYM0233,123.56,1333.3621,1.1597,0.21,0.9023,24.3003,1946.5725,21.8813
SYM0234,122.38,1224.327,1.1065,0.2386,0.8848,20.6004,1684.8782,25.5977
SYM0235,109.98,1587.1567,1.6001,0.3077,0.8557,32.5793,2902.8083,36.6539
SYM0236,142.03,2420.5048,1.3107,0.2975,0.7199,36.2632,1686.159,34.0347
SYM0237,135.87,1990.2308,1.3759,0.2829,0.8372,42.3192,2129.4,32.3919
SYM0238,106.98,1272.3305,1.2511,0.263,0.8905,33.4841,2304.5001,29.5024
SYM0239,89.45,1519.7123,1.2525,0.2929,0.7872,27.6518,2275.3223,34.5152
SYM0240,129.5,2156.2141,1.3666,0.2517,0.8065,32.587,1791.3212,28.0284
SYM0241,123.94,1485.743,1.3065,0.2467,0.843,22.2575,2394.7505,28.5995
SYM0242,144.23,1745.8698,1.2078,0.267,0.8683,27.5243,1835.3135,29.9386
SYM0243,144.09,1830.4563,1.466,0.2493,0.807,25.5984,2389.7111,27.7183
SYM0244,89.91,2191.9686,1.4261,0.2253,0.8816,29.1736,2350.5012,24.1942
SYM0245,117.78,1740.4379,1.1037,0.2192,0.8758,24.6592,1454.8764,23.0454
SYM0246,121.92,1323.592,1.2203,0.2145,0.9096,20.5568,2116.086,22.6036
SYM0247,92.0,1907.5868,1.3326,0.2824,0.8502,31.532,2515.4231,32.4661
SYM0248,108.0,2141.1378,1.4094,0.2437,0.8463,27.2074,2096.8632,26.5973
SYM0249,129.73,1534.6756,1.2878,0.2616,0.8668,34.3314,1941.5993,29.501
SYM0250,139.77,1351.061,1.151,0.263,0.8859,34.0152,1589.9777,29.524
SYM0251,92.94,964.1463,1.2536,0.1229,0.9278,16.0996,1978.8695,10.732
SYM0252,99.99,1843.555,1.3501,0.2274,0.8159,26.985,1911.7249,24.199
SYM0253,82.76,680.1641,1.4145,0.4407,0.8839,19.8351,3437.6527,58.9279
SYM0254,122.42,2686.8225,1.375,0.2729,0.7594,31.842,2061.818,31.16
SYM0255,132.96,6209.2182,1.3483,0.0343,0.2839,9.1016,2464.1965,1.9343
SYM0256,84.8,1855.6143,1.3209,0.2734,0.8623,21.1442,2601.3565,31.3511
SYM0257,106.62,1547.3864,1.2993,0.2626,0.9551,20.6827,2708.9206,29.5063
SYM0258,108.77,1220.6322,1.228,0.3359,0.7769,24.8898,2493.3312,42.4906
SYM0259,91.27,1095.0371,1.1842,0.33,0.8323,27.1997,2420.2299,40.7904
SYM0260,107.95,1892.58,1.3984,0.1468,0.8705,17.4758,2256.3408,13.8904
SYM0261,172.27,1135.5327,1.5336,0.3584,0.8728,21.7422,2501.163,45.1765
SYM0262,122.96,250.7364,1.2823,0.3043,0.9279,13.981,2988.2729,34.9245
SYM0263,129.99,1805.2343,1.3294,0.1935,0.8826,23.7241,2362.5395,20.0809
SYM0264,143.1,1165.4826,1.518,0.3901,0.8277,30.1385,2939.8573,49.708
SYM0265,119.99,1668.1888,1.4521,0.1157,0.7306,18.6565,2710.7864,10.3579
SYM0266,135.09,1234.9172,1.3838,0.2431,0.8449,23.4394,2531.1375,28.2916
SYM0267,139.81,1270.0191,1.3089,0.1637,0.8167,24.3988,2392.4438,15.8556
SYM0268,129.17,1693.6893,1.4197,0.2329,0.894,29.9118,2449.952,24.7977
SYM0269,123.76,2848.4567,1.4189,0.3709,0.651,49.5239,2425.5779,45.3114
SYM0270,78.32,2790.5292,1.4292,0.3535,0.7728,44.6323,2139.3525,43.1989
SYM0271,124.99,796.5835,1.1719,0.1456,0.9137,15.5487,2607.0555,13.6285
SYM0272,110.25,1780.367,1.1897,0.1578,0.899,11.6406,2319.9577,15.5978
SYM0273,103.02,1112.6999,1.3411,0.1815,0.7043,16.6436,2358.1851,19.1974
SYM0274,135.96,1280.3714,1.1459,0.2522,0.8748,23.7304,1612.0997,27.5083
SYM0275,129.77,696.2358,1.0859,0.1316,0.9282,8.9346,1605.5547,11.328
SYM0276,126.87,1659.4709,1.1477,0.1173,0.8153,19.8828,2372.2364,10.3039
SYM0277,125.22,2043.8709,1.4048,0.3075,0.8305,33.1551,2393.1104,36.3319
SYM0278,120.73,776.4766,1.203,0.1972,0.8387,13.1535,2226.5129,21.3277
SYM0279,108.77,1220.6322,1.228,0.3359,0.7769,24.8898,2493.3312,42.4906
SYM0280,89.98,1912.7216,1.4437,0.2098,0.7593,18.8003,3026.9888,25.1202
SYM0281,116.99,1411.9279,1.1268,0.2624,0.9104,36.3177,1740.4106,28.6467
SYM0282,165.48,2727.5718,1.3729,0.1269,0.7457,15.9875,2399.4611,11.5792
SYM0283,129.87,2307.1222,1.6609,0.3421,0.7979,41.4488,2798.5919,41.3922
SYM0284,87.92,408.9587,1.0775,0.2495,0.9712,17.3381,2150.5457,26.1938
SYM0285,106.5,2309.1593,1.2709,0.2012,0.8918,38.3533,2358.315,20.5223
SYM0286,122.45,1767.6713,1.3563,0.1909,0.8031,26.919,2314.4123,21.1023
SYM0287,147.69,1269.5665,1.3721,0.2504,0.851,19.2857,2331.2315,28.4442
SYM0288,123.93,1972.1016,1.4469,0.1257,0.7004,7.0078,3137.6651,13.1772
SYM0289,146.03,1417.3083,1.3602,0.1752,0.8831,22.0478,2530.4906,18.3745
SYM0290,113.16,1184.8717,1.2501,0.1897,0.8998,20.1763,2323.7411,19.4694
SYM0291,127.68,733.0718,1.1822,0.1814,0.8851,12.9389,2571.6756,18.8479
SYM0292,70.05,1892.19,1.2309,0.1322,0.865,13.7199,2620.3754,13.9452
SYM0293,121.92,2261.7897,1.394,0.2618,0.7994,25.7059,3093.3617,31.5828
SYM0294,123.1,1089.7,1.5696,0.2392,0.8473,16.6404,2552.1555,27.4076
SYM0295,178.21,1528.8264,1.4217,0.2837,0.8613,35.1988,2251.4679,32.2849
SYM0296,80.93,2238.4681,1.8344,0.1325,0.683,16.7111,3433.4332,12.6121
SYM0297,130.17,1117.8501,1.2546,0.2405,0.8913,23.406,1941.6891,26.5151
SYM0298,144.32,2410.6508,1.3881,0.1649,0.7965,16.922,2874.4456,16.6833
SYM0299,106.975,1551.01855,1.2571,0.2297,0.88245,27.330849999999998,2241.1574499999997,24.66685
SYM0300,82.54,694.2043,1.4056,0.2779,0.9131,15.2335,3362.2816,33.2069
SYM0301,92.98,1195.7729,1.1311,0.1691,0.9214,28.8598,2677.1792,16.0707
SYM0302,113.16,1184.8717,1.2501,0.1897,0.8998,20.1763,2323.7411,19.4694
SYM0303,136.57,966.6799,1.0053,0.2163,0.9049,23.0071,2084.2073,23.3644
SYM0304,139.34,283.9655,0.9817,0.1646,0.9693,9.7593,2574.7252,15.2822
SYM0305,144.91,1404.3617,1.2278,0.2715,0.9244,33.5915,2189.7952,30.1401
SYM0306,103.88,865.8864,1.1334,0.3115,0.923,26.5643,2391.1522,36.6917
SYM0307,87.97,1352.565,1.1426,0.2285,0.8978,26.7069,2121.1029,24.7091
SYM0308,126.04,642.6067,1.1071,0.3286,0.9201,25.2265,2774.803,39.379
SYM0309,82.99,784.8997,1.0636,0.2663,0.9404,23.6651,2217.6223,29.9298
SYM0310,120.03,884.9185,1.2749,0.3196,0.8895,26.7596,2670.4299,37.6451
SYM0311,150.76,1554.6092,1.3426,0.2885,0.8511,25.1795,2503.9974,33.7145
SYM0312,150.97,976.9271,1.1653,0.2574,0.9171,19.5585,2487.9278,28.4817
SYM0313,156.21,1792.2438,1.371,0.3096,0.857,31.6169,2962.5405,36.0003
SYM0314,89.98,1214.4714,1.273,0.2925,0.9162,21.4131,2551.8754,33.5256
SYM0315,72.97,947.2655,1.172,0.2972,0.9154,24.6578,2043.9114,33.9331
SYM0316,111.75,1319.3601,1.2747,0.2102,0.8898,22.9653,2017.527,22.2766
SYM0317,79.98,1546.3267,1.1785,0.2717,0.8819,25.8145,2711.7847,31.0583
SYM0318,99.96,1187.3848,1.162,0.2187,0.9384,23.0046,2074.6729,22.7509
SYM0319,80.09,1294.0449,1.1861,0.2457,0.8961,25.3878,2227.3062,27.5286
SYM0320,117.79,1401.43,1.1301,0.2618,0.9103,21.5699,2651.9375,30.453
SYM0321,143.16,1362.1107,1.29,0.284,0.911,30.0166,2163.6416,32.0426
SYM0322,144.04,823.6136,1.0736,0.2504,0.9284,20.4576,2906.9719,28.4319
SYM0323,99.05,2018.0158,1.1206,0.0987,0.8788,15.1928,2110.8796,7.9664
SYM0324,87.96,869.3319,1.1957,0.3016,0.9333,23.9674,2368.4079,35.1393
SYM0325,117.26,1637.2496,1.2094,0.1593,0.8186,14.5858,2784.8023,16.4996
SYM0326,124.96,594.6206,1.1703,0.3287,0.913,27.7625,2774.056,39.3222
SYM0327,132.96,1532.6778,1.2142,0.3056,0.8908,31.8703,2068.3373,35.4423
SYM0328,164.47,1600.4311,1.2696,0.2548,0.8968,27.5139,2060.0521,28.0583
SYM0329,161.71,1456.465,1.0908,0.2268,0.9189,23.3761,2036.2409,24.628
SYM0330,99.81,1232.2394,1.4759,0.2293,0.8801,20.2393,2626.5124,25.5988
SYM0331,142.75,1565.55,1.2298,0.2649,0.8712,31.2209,1767.8352,30.5753
SYM0332,99.94,2083.792,1.2757,0.2328,0.8829,26.6973,1897.1811,25.3619
SYM0333,129.5,1426.3489,1.3756,0.2024,0.8919,18.5324,2298.2831,22.3636
SYM0334,123.58,1660.1934,1.1377,0.2005,0.743,20.7217,2143.8104,21.6292
SYM0335,90.0,1881.5916,1.1614,0.2152,0.9214,30.8484,1888.6386,22.8678
SYM0336,148.84,1402.6181,1.3365,0.2304,0.8959,22.0848,2202.0574,24.9565
SYM0337,128.07,1591.4714,1.423,0.278,0.8327,22.1318,2177.2005,32.0536
SYM0338,172.27,2718.195,1.3857,0.2811,0.7975,27.7872,2435.0128,32.6731
SYM0339,97.44,1561.4912,1.3677,0.2145,0.8834,21.4283,2312.9751,23.4655
SYM0340,139.85,1796.6273,1.3884,0.1904,0.9066,22.6396,2455.7929,19.8091
SYM0341,83.11,1309.0333,1.3996,0.2383,0.8345,20.2808,2560.3407,26.815
SYM0342,172.27,1680.4002,1.2266,0.2677,0.8662,23.5056,2062.0293,30.3435
SYM0343,90.99,1594.476,1.2932,0.2233,0.8566,25.7746,2335.5917,24.1783
SYM0344,95.96,1010.3821,1.1928,0.2442,0.9396,18.4419,2592.7628,27.2562
SYM0345,99.86,1732.0782,1.4112,0.1871,0.8811,22.9541,1955.6171,18.6518
SYM0346,84.84,1840.6388,1.3236,0.1999,0.8889,21.7123,1881.7692,20.747
SYM0347,133.94,1958.3594,1.5345,0.2713,0.8342,24.0385,2502.7226,31.7224
SYM0348,123.92,2174.9546,1.3637,0.2652,0.8777,29.1066,2287.3564,30.3436
SYM0349,145.3,1631.1626,1.179,0.2773,0.9209,23.8728,1668.7802,30.9826
SYM0350,125.11,2017.2246,1.306,0.2655,0.874,26.203,2101.4477,30.0095
SYM0351,87.96,1494.4402,1.2624,0.2473,0.8636,21.9828,2295.4057,28.5135
SYM0352,139.85,1796.6273,1.3884,0.1904,0.9066,22.6396,2455.7929,19.8091
SYM0353,143.0,1946.4739,1.3398,0.2833,0.8192,27.6437,2476.6574,32.9879
SYM0354,124.44,1341.1771,1.1837,0.2775,0.9007,26.1486,2005.0873,31.7797
SYM0355,101.3,2132.07,1.3241,0.2626,0.8549,31.1824,2300.901,29.9629
SYM0356,128.5,1605.3326,1.2679,0.238,0.9278,29.1439,2036.6221,26.0718
SYM0357,144.0,1449.122,1.2351,0.3115,0.8982,30.5252,2314.5992,36.4894
SYM0358,122.98,972.7907,1.334,0.2921,0.8986,20.5531,2605.2079,33.8821
SYM0359,184.57,990.8439,1.1814,0.3224,0.9094,27.3529,2027.9979,38.454
SYM0360,136.04,1507.5049,1.3328,0.1722,0.8834,16.6045,2318.0907,17.5674
SYM0361,98.86,2242.4099,1.2283,0.2298,0.828,27.4316,1866.6303,25.3406
SYM0362,163.51,1511.7114,1.2114,0.2621,0.8947,20.8916,2134.0455,29.2719
SYM0363,119.99,860.5871,1.082,0.2463,0.9374,21.4821,2179.0518,27.6081
SYM0364,94.98,1246.6899,1.3616,0.2586,0.8478,19.339,2527.5738,29.003
SYM0365,125.19,2077.9322,1.2409,0.294,0.8627,40.007,2167.7413,33.9537
SYM0366,132.98,234.6066,0.9937,0.1653,0.9773,10.1006,2937.0915,15.2409
SYM0367,139.92,2362.0924,1.4198,0.2549,0.8384,28.895,2158.4559,28.4929
SYM0368,96.94,1187.0161,1.1674,0.2709,0.945,24.0461,2146.3944,30.3492
SYM0369,118.19,334.1723,1.1319,0.2508,0.8627,9.1958,3283.1718,28.4846
SYM0370,78.95,1905.406,1.1331,0.3105,0.7698,33.9741,1707.2732,36.4009
SYM0371,163.19,1484.2682,1.2395,0.2011,0.9184,22.4672,1734.4378,20.3078
SYM0372,100.72,2179.6828,1.3424,0.2407,0.8304,22.6193,2586.9331,27.2728
SYM0373,112.89,1911.4263,1.3157,0.2448,0.8438,25.5277,1687.5056,26.8895
SYM0374,114.88,1654.292,1.2079,0.2502,0.8443,24.463,1874.1361,28.1164
SYM0375,92.7,1219.8775,1.3876,0.2671,0.8854,21.3382,2552.7963,31.1829
SYM0376,111.05,1507.5491,1.2488,0.2647,0.8453,26.9525,2652.6079,30.8656
SYM0377,129.58,1505.0166,1.3119,0.2562,0.8293,25.172,2550.2939,29.6152
SYM0378,95.38,1125.0146,1.3873,0.281,0.8781,21.3999,2399.8351,32.8831
SYM0379,128.41,870.8535,1.2919,0.222,0.9409,19.0871,2174.9945,23.9773
SYM0380,163.13,1284.8483,1.2458,0.2683,0.8512,24.0186,2445.3647,30.7809
SYM0381,143.04,1514.7385,1.3444,0.2713,0.9245,29.0684,2143.9156,30.97
SYM0382,137.54,1512.5182,1.1982,0.244,0.8856,22.487,2014.0934,27.0595
SYM0383,108.94,1042.4283,1.2091,0.2027,0.8665,18.3769,2488.02,21.9104
SYM0384,95.98,1692.6319,1.2184,0.3124,0.8869,33.1442,2263.4447,36.9369
SYM0385,172.27,1885.5342,1.4436,0.2357,0.8493,23.0469,2367.0913,26.533
SYM0386,107.98,1725.3698,1.2919,0.2694,0.8679,31.1101,2166.5421,30.1096
SYM0387,88.99,996.2612,1.3539,0.2837,0.898,20.0151,2518.6863,33.0453
SYM0388,150.16,1481.6329,1.3199,0.2439,0.8979,28.7645,2289.2958,27.1226
SYM0389,135.85,803.8945,1.2467,0.3283,0.8831,18.0201,2371.6803,41.0368
SYM0390,125.93,1479.2563,1.308,0.3112,0.8613,24.1785,2610.6738,36.6622
SYM0391,93.91,1364.7817,1.0641,0.2345,0.9257,24.9769,1918.0172,25.5112
SYM0392,82.95,1587.6852,1.3653,0.2492,0.8104,21.6248,2458.2133,28.3482
SYM0393,89.89,1445.5227,1.3511,0.278,0.8964,21.8193,2141.7648,31.7688
SYM0394,124.35,1506.8733,1.3391,0.2849,0.8674,25.721,2160.7231,32.8733
SYM0395,126.88,1177.1228,1.199,0.284,0.9209,26.6017,2231.1715,32.2996
SYM0396,118.26,1133.8282,0.9968,0.184,0.9002,19.07,1493.2095,18.2221
SYM0397,99.7,1743.1441,1.2172,0.2609,0.8868,26.0525,2136.753,29.8032
SYM0398,143.88,1620.7247,1.2497,0.2667,0.8025,24.366,2103.1699,30.9268
SYM0399,161.56,1410.4888,1.1617,0.2856,0.9058,32.5921,1627.801,32.1707
SYM0400,110.38,1491.2803,1.0615,0.1473,0.9302,21.8468,1446.0971,13.3678
SYM0401,87.55,852.6583,1.3213,0.2869,0.9486,25.921,2199.4996,31.9395
SYM0402,128.43,1940.3252,1.3778,0.2422,0.8465,24.296,2249.7365,26.9827
SYM0403,132.07,881.8517,1.4955,0.2188,0.8829,14.8587,2775.7145,24.3011
SYM0404,99.96,1716.8198,1.3545,0.2388,0.8781,28.0369,2431.279,26.5146
SYM0405,131.07,624.2599,1.4015,0.2737,0.8424,14.4228,2476.8624,33.0425
SYM0406,146.97,1556.0158,1.1941,0.2785,0.8844,25.0189,1939.6636,31.7409
SYM0407,140.02,1944.8193,1.3214,0.2017,0.8806,25.9404,2063.6488,20.4928
SYM0408,136.65,1424.518,1.1853,0.2865,0.9159,30.1095,2193.0449,33.4266
SYM0409,72.0,1415.0281,1.3541,0.3478,0.8355,33.1496,2730.48,43.4449
SYM0410,88.66,1292.7601,1.2477,0.251,0.9269,23.4379,2939.9702,27.9776
SYM0411,123.81,921.4175,1.0613,0.1867,0.9346,19.8124,1580.3251,18.3889
SYM0412,150.16,750.2425,1.3254,0.2207,0.9315,15.2398,2576.0656,24.9273
SYM0413,144.83,1059.0268,1.4186,0.3187,0.8308,23.0628,3313.7909,38.8281
SYM0414,136.24,896.7479,1.343,0.2343,0.9371,20.7746,1524.9257,24.4119
SYM0415,150.74,1533.2902,0.9844,0.0993,0.9185,17.5027,1563.2048,7.9619
SYM0416,94.98,957.1651,1.0138,0.1815,0.9349,19.4871,1431.8832,17.8748
SYM0417,120.96,1355.1622,1.3573,0.4219,0.8344,36.6396,2910.9297,54.0863
SYM0418,93.97,1656.1112,1.4217,0.2363,0.9274,27.4849,2077.4708,25.3559
SYM0419,172.27,2118.2542,1.3011,0.2475,0.772,15.877,2108.4876,29.7438
SYM0420,129.82,1472.4832,1.3554,0.2065,0.9286,26.1976,1933.2623,20.8706
SYM0421,143.74,1921.9463,1.3663,0.2487,0.8887,23.628,1642.4266,27.1079
SYM0422,136.22,1347.6613,1.0477,0.123,0.9381,18.9959,1769.9474,10.7325
SYM0423,83.97,1745.3337,1.1641,0.2151,0.9155,31.0906,1751.1091,22.379
SYM0424,172.27,851.2626,1.2666,0.2466,0.8745,15.1853,2622.1694,28.7724
SYM0425,90.57,1440.8256,1.1627,0.1208,0.8929,18.407,1663.6487,10.3688
SYM0426,83.67,1553.1793,1.369,0.187,0.8134,17.1322,2341.1273,19.8428
SYM0427,128.84,1791.5403,1.0871,0.1293,0.875,18.5272,1465.0501,11.4799
SYM0428,84.76,1914.6523,1.3252,0.2217,0.8921,25.5398,2033.1485,23.5855
SYM0429,136.81,1290.1216,1.2615,0.2782,0.8052,25.2479,3324.3821,33.1925
SYM0430,163.64,1594.6102,1.0062,0.1397,0.9215,21.8731,1511.7798,12.4852
SYM0431,129.5,1426.3489,1.3756,0.2024,0.8919,18.5324,2298.2831,22.3636
SYM0432,100.95,1893.2233,1.2965,0.12,0.8361,13.9752,2386.5077,10.6084
SYM0433,143.29,2146.3334,1.4644,0.2716,0.8643,32.8501,2251.0854,31.0925
SYM0434,118.26,1133.8282,0.9968,0.184,0.9002,19.07,1493.2095,18.2221
SYM0435,150.81,1818.0642,1.0898,0.1265,0.9239,22.3234,1522.0891,10.9137
SYM0436,133.96,1125.8483,1.3626,0.3243,0.8989,19.259,2593.6511,39.9613
SYM0437,143.31,1481.7075,1.4992,0.1932,0.8987,19.5723,3136.4423,19.4301
SYM0438,136.9,841.4114,1.4796,0.2279,0.9246,18.2119,2782.3839,23.9016
SYM0439,132.08,1710.4523,1.2185,0.2395,0.8076,24.9355,1877.2678,26.3634
SYM0440,127.99,2420.384,1.4035,0.4048,0.235,27.3335,2699.5033,54.1178
SYM0441,126.68,1268.9129,1.0523,0.1832,0.9174,19.0785,1435.8339,17.8699
SYM0442,84.73,1753.1187,1.2779,0.2325,0.8312,17.4871,1987.4882,25.2572
SYM0443,147.73,1616.1623,1.3769,0.2989,0.8762,30.3234,2615.468,33.9745
SYM0444,139.6,1788.6754,1.2721,0.2194,0.9117,24.2436,1930.5529,22.7659
SYM0445,107.93,1288.7134,1.026,0.1649,0.9252,18.7204,1340.3763,15.9748
SYM0446,134.62,909.572,1.0417,0.1582,0.9152,17.0351,1357.8858,14.9307
SYM0447,117.51,1901.5545,1.3504,0.0324,0.5518,5.3372,2602.7569,1.8909
SYM0448,90.17,1901.9879,1.2782,0.2365,0.9088,30.86,1941.4271,24.9029
SYM0449,127.97,996.3065,1.4666,0.3496,0.9005,29.5266,3154.2579,42.1859
SYM0450,91.99,677.486,1.2685,0.1785,0.9255,11.6907,2663.115,17.6649
SYM0451,86.98,1277.8317,1.1913,0.168,0.837,14.5392,2071.3447,17.0632
SYM0452,153.57,1028.0946,1.0454,0.178,0.8809,18.3113,1372.1629,17.3991
SYM0453,143.99,1673.5611,1.2699,0.2407,0.9177,32.4599,2165.0866,25.4773
SYM0454,162.69,1059.6308,1.0786,0.1868,0.9348,20.0069,1487.1589,18.2725
SYM0455,128.18,2742.0034,1.4083,0.2563,0.8113,30.1787,2282.4691,27.8667
SYM0456,87.86,420.7561,1.0877,0.2082,0.9656,11.1332,2832.4462,22.3256
SYM0457,84.44,2462.2178,1.5738,0.2654,0.8209,29.5573,1931.8702,29.1017
SYM0458,75.03,1395.5006,1.2189,0.1882,0.8725,16.2815,2474.3313,18.7566
SYM0459,150.03,2562.106,1.4399,0.2234,0.8244,38.471,2208.6921,23.2879
SYM0460,125.11,2017.2246,1.306,0.2655,0.874,26.203,2101.4477,30.0095
SYM0461,125.93,1479.2563,1.308,0.3112,0.8613,24.1785,2610.6738,36.6622
SYM0462,97.88,1693.5958,1.5824,0.1648,0.8331,18.3059,1576.7256,15.3748
SYM0463,138.05,2718.4793,1.3138,0.2131,0.8486,26.9373,2241.1682,21.622
SYM0464,94.95,1524.1661,1.4779,0.276,0.9038,35.2212,2513.8145,30.4676
SYM0465,87.18,2352.095,1.3171,0.2248,0.9048,33.6333,1591.0188,23.8376
SYM0466,77.08,987.5188,1.4449,0.2655,0.8958,20.6441,2054.2503,29.1335
SYM0467,151.93,3062.5214,1.0992,0.2293,0.8069,41.1254,1739.5226,24.3024
SYM0468,99.81,1232.2394,1.4759,0.2293,0.8801,20.2393,2626.5124,25.5988
SYM0469,136.54,2539.425,1.3215,0.278,0.8621,33.6941,2007.9761,31.3971
SYM0470,139.85,1796.6273,1.3884,0.1904,0.9066,22.6396,2455.7929,19.8091
SYM0471,153.72,3572.4406,1.2194,0.1423,0.808,23.2709,1821.636,12.8499
SYM0472,92.84,1631.2079,1.3409,0.1098,0.913,14.3984,2411.5499,9.0192
SYM0473,73.33,953.0838,1.0317,0.1034,0.8944,15.8478,1355.8289,8.3922
SYM0474,90.96,1237.1484,1.3861,0.1184,0.887,8.5641,2678.6131,10.5256
SYM0475,178.21,1286.9881,1.316,0.3145,0.9513,40.7162,2360.0385,35.692
SYM0476,129.78,1068.4352,1.4775,0.1651,0.9119,13.5363,2699.9466,15.6048
SYM0477,83.43,2540.7696,1.3403,0.214,0.8555,37.3847,1338.8939,21.92
SYM0478,128.96,1570.597,1.2592,0.1164,0.8161,10.4164,2273.1665,11.2036
SYM0479,172.27,1853.4909,1.1515,0.2207,0.8758,37.5653,1088.8718,22.5977
SYM0480,80.93,979.6108,1.2314,0.3449,0.9208,32.8632,2166.1206,41.5648
SYM0481,156.1,968.0594,1.3022,0.2843,0.9303,30.4415,3085.7214,32.658
SYM0482,87.48,1608.3315,1.1327,0.2969,0.842,50.197,1538.7688,33.2091
SYM0483,79.99,990.9271,1.2747,0.3193,0.8237,25.6785,2481.8593,37.7829
SYM0484,95.51,1614.7209,1.422,0.2561,0.9551,35.8571,2030.3194,27.5482
SYM0485,80.99,2942.4721,1.3832,0.2819,0.8446,49.0433,1599.168,31.1779
SYM0486,77.74,2112.3727,1.1934,0.2643,0.8729,35.211,1974.0059,28.836
SYM0487,92.45,1920.2907,1.3944,0.1778,0.831,29.8993,1369.5901,17.1653
SYM0488,85.86,2076.6534,1.2179,0.2532,0.8846,40.7664,1681.3479,27.1078
SYM0489,81.98,1321.0283,1.291,0.1821,0.9628,23.2827,1893.9988,17.7502
SYM0490,97.15,1739.7082,1.5425,0.3145,0.8523,21.7889,2656.4664,37.2163
SYM0491,162.98,2134.8269,1.4045,0.2099,0.843,27.7402,1640.6721,21.6502
SYM0492,99.82,1222.1067,1.0485,0.0981,0.8903,15.1425,1948.5518,8.2102
SYM0493,90.76,1256.2456,1.2627,0.3012,0.9359,35.4563,1882.0245,34.0442
SYM0494,94.05,1567.363,1.0728,0.1076,0.8693,17.0875,1403.1498,8.7845
SYM0495,89.77,1303.1522,1.2293,0.1653,0.9317,24.0632,1897.8813,15.6239
SYM0496,144.92,1345.0229,1.0298,0.1378,0.9033,20.3528,1818.8551,12.3863
SYM0497,162.44,1244.4588,1.0106,0.1355,0.89,21.4685,1887.8705,12.4233
SYM0498,90.05,1971.163,1.7739,0.122,0.8377,15.4306,2637.1417,10.5247
SYM0499,88.69,1567.0256,1.2216,0.2326,0.9104,36.0019,1175.7621,24.8695
SYM0500,97.02,1238.1397,1.1161,0.1689,0.9387,21.7874,1763.0044,15.9165
SYM0501,96.05,1847.5983,1.1646,0.2691,0.8768,33.7296,2126.9471,30.1781
SYM0502,94.61,1669.4008,1.0732,0.2088,0.9539,26.9755,1360.0042,20.7241
SYM0503,128.19,1944.2581,1.3155,0.2356,0.791,26.4481,2033.4392,26.0117
SYM0504,114.67,1706.5356,1.1342,0.2199,0.8938,27.6261,1698.6226,23.323
SYM0505,125.26,1853.1121,1.1536,0.2513,0.9127,35.9969,1963.7942,27.616
SYM0506,90.26,1923.3839,1.1329,0.2565,0.8716,31.7729,2007.4784,28.9604
SYM0507,146.98,1566.7877,1.1581,0.2626,0.8902,28.1442,1801.1637,29.2515
SYM0508,94.61,1669.4008,1.0732,0.2088,0.9539,26.9755,1360.0042,20.7241
SYM0509,172.27,1748.0169,1.1764,0.238,0.8976,26.0131,1989.4097,25.7853
SYM0510,144.01,1471.3866,1.2129,0.2948,0.8977,32.3834,2223.3176,33.7124
SYM0511,90.14,2145.9039,1.3548,0.2632,0.8023,39.4427,1996.0844,28.6474
SYM0512,96.65,1273.1341,1.1356,0.2522,0.9474,25.4326,2029.5225,27.653
SYM0513,95.9,2181.6045,1.3874,0.2916,0.891,39.3196,1702.4478,32.957
SYM0514,150.11,1218.2238,1.5415,0.4133,0.8066,26.0667,2748.6189,53.0726
SYM0515,77.74,3378.1698,1.2915,0.2377,0.8131,33.9451,1742.61,26.0675
SYM0516,116.43,2212.4879,1.3748,0.2395,0.8252,35.456,1657.4612,25.6408
SYM0517,133.05,1535.8291,1.3238,0.1533,0.8948,16.9891,2122.3465,14.7182
SYM0518,99.99,1593.1565,1.5227,0.25,0.8542,26.2521,2050.4475,27.7121
SYM0519,93.0,1218.7469,1.3183,0.2279,0.9031,24.0383,2170.9288,25.1803
SYM0520,151.36,2091.793,1.3445,0.2665,0.9038,31.4551,2138.2921,29.5723
SYM0521,84.02,1374.9833,1.2806,0.2517,0.8853,29.1182,2045.758,27.397
SYM0522,80.07,1667.8022,1.3183,0.2461,0.8899,23.8042,2228.0954,26.5347
SYM0523,145.0,1694.7989,1.4678,0.2817,0.8812,32.8705,1778.2556,31.6344
SYM0524,116.82,1834.2437,1.3775,0.3055,0.8793,36.3291,1903.3617,34.9124
SYM0525,99.75,1549.7533,1.4081,0.2808,0.8932,40.9165,2028.0799,31.1839
SYM0526,84.01,1793.046,1.181,0.2305,0.748,31.909,2085.1916,26.0239
SYM0527,95.94,1406.0352,1.2919,0.2553,0.9087,34.2275,2205.579,27.4994
SYM0528,102.01,1867.1875,1.4871,0.261,0.8635,33.7571,2389.9523,29.3497
SYM0529,95.97,1696.6562,1.4044,0.2898,0.8777,39.9884,2101.413,33.2216
SYM0530,81.05,1601.3723,1.2909,0.1963,0.8767,19.5285,2087.5075,19.8477
SYM0531,103.95,1253.6097,1.3097,0.3066,0.8885,35.6967,2572.0464,35.702
SYM0532,90.82,1274.5487,1.4862,0.3429,0.8573,31.3851,1898.5145,41.3022
SYM0533,92.73,1945.2859,1.4305,0.2253,0.8242,32.0087,1922.0063,24.4132
SYM0534,150.96,2686.4178,1.4091,0.2067,0.7769,32.0457,2181.5958,21.307
SYM0535,136.02,1779.6427,1.4356,0.0857,0.848,12.2597,2211.9558,6.5402
SYM0536,96.98,1419.6159,1.5549,0.2787,0.8216,23.5836,2413.2386,32.3063
SYM0537,93.96,1152.5183,1.1266,0.2019,0.936,20.2773,2308.1482,20.9125
SYM0538,129.87,1519.9388,1.3613,0.2725,0.8569,28.7142,2081.4431,30.8915
SYM0539,106.01,822.1176,1.5204,0.4016,0.9249,33.1761,2900.0976,49.4198
SYM0540,90.0,1443.8371,1.2791,0.277,0.9396,30.6556,2441.731,31.1881
SYM0541,83.51,1876.1514,1.4021,0.2558,0.918,24.3975,2237.8667,28.4249
SYM0542,110.34,2231.8849,1.2568,0.2067,0.8921,25.6036,1893.2977,22.0711
SYM0543,105.9,1344.5897,1.3952,0.2435,0.9185,31.2045,2093.7265,26.6813
SYM0544,93.71,1807.918,1.3472,0.1985,0.7899,19.584,2522.389,21.4785
SYM0545,101.01,1892.7849,1.4954,0.2249,0.7631,23.9278,2238.0554,24.8334
SYM0546,122.08,1695.2554,1.3884,0.2583,0.8856,32.1297,1990.3381,28.031
SYM0547,96.22,1781.6124,1.4581,0.214,0.8295,30.3441,2237.7618,22.7726
SYM0548,123.92,1299.8664,1.5005,0.3162,0.7915,33.755,2005.2915,37.1794
SYM0549,90.21,2059.6535,1.6811,0.2732,0.8436,27.3229,2811.0898,31.3371
SYM0550,94.9,2340.1499,1.5324,0.2161,0.8064,31.5815,2560.818,23.1096
SYM0551,89.93,1498.6247,1.3289,0.218,0.9387,29.1269,1889.389,22.9029
SYM0552,153.65,1766.9489,1.458,0.2752,0.857,26.9193,2537.7862,31.0108
SYM0553,123.92,2290.4687,1.4349,0.2157,0.7953,32.0291,2137.6007,22.5929
SYM0554,132.12,1650.395,1.3965,0.2466,0.9002,33.1952,2023.1538,26.7474
SYM0555,99.81,1332.0071,1.3391,0.2489,0.9223,23.5713,2601.4943,27.7759
SYM0556,98.06,1710.8111,1.4004,0.2156,0.8549,21.6181,2421.9132,22.6828
SYM0557,105.06,2746.6385,1.2721,0.2763,0.7773,45.4685,1606.7813,30.7285
SYM0558,123.28,2263.8968,1.5622,0.2829,0.826,28.7858,1749.9409,32.001
SYM0559,147.95,2074.5201,1.4549,0.209,0.7834,26.1904,2401.0942,22.5649
SYM0560,84.97,2586.0423,1.2343,0.2693,0.8609,39.924,1842.1499,29.668
SYM0561,123.0,3123.2974,1.481,0.2381,0.8986,30.6942,2744.6367,25.8448
SYM0562,99.99,947.4792,1.4832,0.2374,0.9531,13.8334,3374.8252,24.9196
SYM0563,87.98,1161.7169,1.2518,0.2474,0.9181,29.7435,2362.1251,26.9205
SYM0564,96.99,1403.1004,1.2535,0.2012,0.8852,21.4673,2140.4089,21.6351
SYM0565,96.45,2738.1899,1.2825,0.2788,0.7311,40.8425,1700.1301,31.6521
SYM0566,155.38,1187.7606,1.3757,0.2687,0.903,27.1082,2629.9847,30.047
SYM0567,97.07,1492.1666,1.3712,0.2806,0.9196,36.3155,1866.6255,31.2748
SYM0568,128.22,1646.1269,1.26,0.2622,0.8777,39.666,1808.3247,29.4187
SYM0569,95.17,1109.9934,1.4797,0.2185,0.8855,22.2717,2263.5654,22.5301
SYM0570,111.0,1609.1001,1.238,0.2388,0.823,27.9217,1778.6848,25.8607
SYM0571,90.96,1141.0615,1.3649,0.2894,0.9345,28.0556,2286.5812,33.0618
SYM0572,106.12,1242.8253,1.3972,0.3701,0.8958,37.232,1958.4494,44.6491
SYM0573,107.02,1882.1582,1.3387,0.2278,0.8744,27.8934,2477.7865,25.1083
SYM0574,120.04,1748.5431,1.2893,0.1873,0.8439,28.7998,2117.8559,19.0756
SYM0575,122.2,2708.8239,1.2005,0.2717,0.7495,42.3482,1605.9346,30.7654
SYM0576,130.02,1291.0126,1.3702,0.2596,0.8655,23.6034,2240.2376,28.9046
SYM0577,153.49,1945.648,1.3509,0.2404,0.8553,34.7121,2306.3514,26.5327
SYM0578,110.03,1135.5387,1.5007,0.2658,0.8686,24.3496,2582.572,30.1658
SYM0579,150.17,1387.8724,1.4301,0.252,0.899,23.4239,2343.0887,27.8779
SYM0580,120.03,1348.8992,1.3373,0.2477,0.8915,23.6596,2351.0505,27.2095
SYM0581,135.04,2234.1681,1.3416,0.3217,0.8763,35.6038,1953.8268,37.6091
SYM0582,161.8,2028.0416,1.4389,0.2525,0.8835,29.0398,2002.0676,27.6781
SYM0583,90.99,2680.2156,1.3734,0.3109,0.8721,41.3253,2158.7556,35.8366
SYM0584,89.0,801.1402,1.3724,0.2851,0.9454,24.4232,2569.1922,31.9146
SYM0585,125.07,1443.2479,1.1733,0.2545,0.8612,29.0109,1803.0898,28.0155
SYM0586,96.33,1295.558,1.3267,0.2236,0.9114,24.0309,2302.6229,24.0319
SYM0587,110.87,1367.1662,1.2933,0.2098,0.9079,27.3676,1828.3818,21.8187
SYM0588,91.82,1553.1258,1.3304,0.3125,0.9188,36.1802,2218.1464,36.293
SYM0589,119.8,2277.3672,1.4552,0.2312,0.838,31.2374,2060.8009,24.7761
SYM0590,136.41,2002.9905,1.3019,0.2511,0.7907,28.127,1723.1634,27.8221
SYM0591,161.58,1727.6978,1.1783,0.2738,0.9017,44.2921,1868.7517,30.6044
SYM0592,77.98,2637.8002,1.2009,0.1668,0.8668,29.8152,1949.1345,16.2569
SYM0593,96.01,1213.4896,1.3945,0.2466,0.9082,27.9208,2206.35,26.8681
SYM0594,99.04,1895.6512,1.4557,0.2605,0.8596,27.6576,2455.4234,30.2017
SYM0595,99.97,1186.0495,1.3,0.312,0.9265,38.6609,2541.7273,35.6175
SYM0596,106.62,1989.4961,1.4221,0.2569,0.8977,27.9785,2530.5517,27.8847
SYM0597,89.96,1549.509,1.3333,0.2022,0.8729,20.9679,2038.6088,21.2835
SYM0598,89.97,2321.9405,1.4959,0.1495,0.7924,20.5746,2353.3661,14.2991
SYM0599,105.0,1628.4571,1.3772,0.2151,0.8212,22.3917,2149.59,22.6722
SYM0600,101.96,2516.8169,1.3497,0.2848,0.81,40.255,1970.272,32.201
SYM0601,85.99,2143.1008,1.3782,0.2044,0.7726,26.7329,1849.8249,21.541
SYM0602,124.11,1539.2745,1.3417,0.2527,0.8795,25.9579,1835.5994,28.1094
SYM0603,91.83,1374.7249,1.2771,0.1883,0.9027,20.0588,2256.6236,19.5602
SYM0604,122.34,1542.0662,1.4627,0.2875,0.8699,24.6007,2923.5229,33.656
SYM0605,103.91,2792.0476,1.4995,0.2324,0.8004,33.9075,2470.7274,24.7983
SYM0606,139.96,1158.4201,1.3625,0.3244,0.9192,34.1049,1798.4476,37.5813
SYM0607,130.75,2210.3895,1.3868,0.2949,0.8478,36.4726,1746.8926,33.6038
SYM0608,73.53,1449.3116,1.2996,0.1394,0.8972,18.3545,2789.1863,13.316
SYM0609,97.9,2749.2353,1.4435,0.2334,0.8775,26.405,2452.9793,24.8164
SYM0610,90.87,2036.8182,1.4218,0.3017,0.8603,34.3231,2456.9813,35.2491
SYM0611,150.39,1755.4207,1.56,0.2533,0.8971,24.6939,2038.715,27.5369
SYM0612,129.92,1637.0857,1.4774,0.2602,0.9148,27.8283,2062.138,28.7146
SYM0613,134.99,878.8853,1.2902,0.2847,0.8896,26.65,2092.9136,33.0059
SYM0614,114.87,1835.8073,1.351,0.2291,0.8512,26.5317,2456.5514,24.4882
SYM0615,99.89,1564.1887,1.2256,0.2617,0.8758,36.6646,1533.8491,29.0417
SYM0616,172.27,1921.9228,1.5283,0.3152,0.8219,39.011,2732.9766,37.065
SYM0617,80.03,1844.5829,1.198,0.2623,0.8652,33.9164,2417.2321,28.9838
SYM0618,120.04,747.8528,1.2905,0.3312,0.9095,40.3638,2635.7402,39.6007
SYM0619,83.87,2317.0408,1.2984,0.234,0.8482,32.6215,2131.0579,25.2375
SYM0620,97.98,797.9495,1.216,0.2803,0.9365,31.2777,2388.4424,32.2159
SYM0621,92.97,1911.9883,1.2841,0.2992,0.8064,45.8355,1908.0544,34.0988
SYM0622,120.06,1569.913,1.3537,0.1197,0.8944,13.9337,2200.4067,10.1144
SYM0623,172.27,1580.9903,1.2055,0.2874,0.9033,36.3462,2558.5713,32.2313
SYM0624,117.81,2267.206,1.5533,0.2367,0.8019,30.5888,2420.0711,25.9965
SYM0625,162.92,1677.1253,1.461,0.2376,0.9224,36.237,2628.6053,25.538
SYM0626,150.21,2084.1641,1.4215,0.2643,0.7878,26.7705,2094.5302,29.6027
SYM0627,129.84,1165.8453,1.3691,0.2179,0.9147,17.7928,2951.8787,22.9029
SYM0628,94.59,1137.6445,1.5725,0.4072,0.8933,26.0261,2948.9399,50.7062
SYM0629,184.57,1457.9066,1.2662,0.248,0.86,30.2203,2159.879,27.7319
SYM0630,139.97,1629.9245,1.4454,0.219,0.9195,21.5078,2625.9844,23.4109
SYM0631,151.15,2253.3805,1.5522,0.2294,0.7733,27.6704,2687.134,25.151
SYM0632,172.27,3055.9194,1.1897,0.212,0.8302,29.1662,1814.7345,22.6812
SYM0633,141.76,1907.2319,1.3407,0.242,0.8595,28.7655,2052.3795,26.0822
SYM0634,92.57,1005.5012,1.3265,0.2984,0.8629,27.8841,2424.0391,34.8085
SYM0635,90.28,2405.4495,1.5939,0.2582,0.8133,26.4398,2954.8245,29.5661
SYM0636,95.13,2253.7922,1.3943,0.2458,0.8374,35.4238,2105.1512,27.0981
SYM0637,101.99,1714.4375,1.4877,0.2808,0.8806,30.5829,2196.4967,31.5249
SYM0638,81.95,1788.631,1.4337,0.2977,0.908,38.077,2226.6732,33.4828
SYM0639,143.37,929.4184,1.1821,0.4025,0.8023,33.9101,2511.8225,51.7414
SYM0640,107.08,1325.9813,1.358,0.2626,0.8945,24.975,2385.0294,29.51
SYM0641,90.05,2222.6028,1.4499,0.2547,0.8675,28.4652,2370.3413,28.4675
SYM0642,88.49,1653.4797,1.1896,0.2956,0.7699,38.4991,2433.386,33.9103
SYM0643,101.93,1411.6378,1.3111,0.2432,0.9082,30.6779,2376.2748,26.6237
SYM0644,105.9,1344.5897,1.3952,0.2435,0.9185,31.2045,2093.7265,26.6813
SYM0645,92.03,2005.6956,1.6616,0.1637,0.8631,20.7723,2588.9264,16.1049
SYM0646,78.01,967.2503,0.7724,0.1503,0.9103,23.7705,1606.8735,14.8615
SYM0647,94.85,1279.0594,1.6417,0.3188,0.9046,24.2198,2800.891,37.583
SYM0648,135.03,840.4068,1.5036,0.4047,0.8451,29.5623,2726.1887,51.6581
SYM0649,98.03,2343.9996,1.4473,0.1852,0.8381,22.5229,2334.173,18.8053
SYM0650,96.49,1637.6987,1.5647,0.2505,0.902,23.1445,2571.6899,26.9463
SYM0651,96.04,1043.7839,1.4311,0.3694,0.9058,31.255,2478.9635,44.7908
SYM0652,97.55,983.2043,1.2128,0.2418,0.859,25.7469,2524.0868,26.7878
SYM0653,102.92,1980.027,1.344,0.2754,0.8091,26.9886,1873.6319,31.1769
SYM0654,172.27,2203.3286,1.4369,0.0706,0.819,10.1808,2086.317,4.9778
SYM0655,120.09,1105.3012,1.2434,0.2228,0.9007,24.5893,2814.9822,23.6498
SYM0656,88.11,1798.4013,1.375,0.2128,0.8157,27.0104,2246.6438,22.9937
SYM0657,116.99,2748.0672,1.3742,0.2142,0.7388,24.3742,2397.7257,24.2537
SYM0658,136.95,1010.8161,1.3236,0.2565,0.9105,23.0089,2579.0624,28.3649
SYM0659,131.23,1430.9701,1.3612,0.2261,0.9192,23.8393,2268.4189,24.4338
SYM0660,83.97,1980.1322,1.2994,0.2937,0.8718,31.6212,2317.4654,33.5598
SYM0661,93.31,2410.4599,1.3902,0.2705,0.8802,37.986,2494.2642,30.562
SYM0662,94.27,2481.4833,1.3595,0.3159,0.8537,46.2971,2121.5071,36.7442
SYM0663,89.76,2103.8391,1.3024,0.3001,0.889,43.8732,2031.9804,33.7875
SYM0664,95.97,1601.3489,1.4121,0.2964,0.2241,32.81,2141.5398,33.5353
SYM0665,137.37,1569.2784,1.4609,0.2843,0.8687,28.5527,2258.7488,32.1416
SYM0666,92.0,2257.6272,1.4053,0.2124,0.857,27.1847,2640.5483,22.5739
SYM0667,84.01,1793.046,1.181,0.2305,0.748,31.909,2085.1916,26.0239
SYM0668,104.97,1831.031,1.4422,0.2472,0.8688,32.0624,2548.9252,27.147
SYM0669,78.72,1872.4582,1.1154,0.0853,0.6483,26.1065,1504.7025,6.703
SYM0670,123.51,2396.4385,1.3669,0.1737,0.8858,28.1687,2377.6947,17.4585
SYM0671,172.27,1731.9068,1.2537,0.3171,0.8876,38.3037,2595.4134,37.0056
SYM0672,107.52,1031.8246,1.1516,0.2586,0.2542,27.2395,1378.1669,29.3346
SYM0673,166.3,2546.4023,1.27,0.273,0.8632,38.5683,2027.1626,30.5792
SYM0674,162.14,1927.135,1.368,0.3113,0.8588,36.4979,2145.2191,36.4392
SYM0675,140.02,3383.1578,1.2529,0.2218,0.8948,35.6972,1980.8555,23.6198
SYM0676,117.07,2372.7193,1.1944,0.2908,0.8337,35.5911,1608.0381,33.081
SYM0677,87.78,1613.4388,1.3746,0.3627,0.9293,41.1126,2264.9304,43.1333
SYM0678,94.99,1956.0965,1.1602,0.2719,0.9009,39.5584,1690.8407,30.7839
SYM0679,110.75,2196.2695,1.3926,0.307,0.8702,27.663,2093.0915,35.5438
SYM0680,77.4,2083.2284,1.3047,0.3001,0.9027,32.2757,1984.8134,33.9627
SYM0681,100.53,2120.2861,1.5301,0.2611,0.8378,30.4901,2069.3309,28.7406
SYM0682,120.5,3162.8861,1.1301,0.0491,0.4333,9.5313,1173.0884,3.5454
SYM0683,99.85,1117.0777,1.2913,0.1715,0.913,22.8056,1987.405,16.4807
SYM0684,90.1,1850.2571,1.5533,0.2952,0.8394,32.6801,2525.7964,34.0318
SYM0685,120.33,1542.9122,0.957,0.0308,0.5894,4.2489,2446.1992,2.185
SYM0686,85.05,1741.0153,1.1667,0.2675,0.8716,34.1481,2169.3036,29.9201
SYM0687,100.02,1724.1696,1.4712,0.1975,0.8421,23.1287,2527.6305,20.4333
SYM0688,118.64,1925.7557,1.4631,0.2366,0.8528,32.4018,2434.6634,25.3846
SYM0689,92.8,1377.4402,1.4291,0.1093,0.9095,11.3896,2556.3212,9.3294
SYM0690,161.53,1854.1242,1.4583,0.2661,0.8706,35.5836,2513.7442,29.646
SYM0691,156.39,1767.0978,1.2124,0.0873,0.8651,14.6593,2091.6706,6.8074
SYM0692,97.18,1088.8838,1.0502,0.2152,0.8457,23.0268,2188.8808,24.7284
SYM0693,90.38,1294.7401,1.1153,0.1947,0.8911,20.5722,1638.578,19.7441
SYM0694,107.96,1628.4568,1.5438,0.1955,0.8753,24.5966,2131.726,19.6946
SYM0695,96.01,1071.7842,1.4626,0.2919,0.8675,25.7755,2645.1346,33.9843
SYM0696,95.09,1341.9931,1.4198,0.1855,0.9214,30.0559,2460.5782,18.3322
SYM0697,89.95,1480.6024,1.248,0.207,0.842,28.6493,2245.609,22.2481
SYM0698,99.96,1151.7848,1.1086,0.0767,0.851,9.4805,2985.5512,6.25
SYM0699,95.03,1114.4703,1.3738,0.1993,0.8827,18.5894,2373.4685,20.6505
SYM0700,74.17,2152.5846,1.2587,0.2608,0.8533,36.9254,2399.6054,28.4834
SYM0701,92.97,1384.8774,1.4166,0.2005,0.9182,28.6142,2739.0913,20.8394
SYM0702,114.89,1081.2274,1.4352,0.2811,0.8523,30.4047,2660.9959,32.0144
SYM0703,117.96,964.8551,1.3959,0.3127,0.9016,26.997,2489.7809,37.2196
SYM0704,90.07,1265.4432,1.2801,0.173,0.9403,25.7751,2315.7349,16.6853
SYM0705,104.01,2504.434,1.5993,0.2132,0.8583,26.3102,2759.4716,22.7887
SYM0706,82.97,944.4244,1.3939,0.2316,0.9574,23.0737,2520.3973,24.2116
SYM0707,100.01,1324.9125,1.47,0.1959,0.8589,23.7065,2187.4908,20.0367
SYM0708,98.01,1414.0537,1.4251,0.2725,0.8217,29.8442,2566.1126,31.63
SYM0709,84.95,1885.3531,1.4142,0.2292,0.8238,29.5347,2486.0113,24.532
SYM0710,87.0,1177.4343,1.3237,0.2142,0.932,24.4524,2291.9919,22.1203
SYM0711,95.03,1786.4528,1.3851,0.2954,0.8508,40.1603,1953.6852,33.702
SYM0712,89.98,1411.374,1.4292,0.1876,0.8806,23.9504,2653.632,19.3923
SYM0713,89.92,1763.2825,1.369,0.288,0.8379,33.1371,2531.8663,32.7207
SYM0714,87.44,1359.3846,1.4068,0.2018,0.8837,27.1629,2354.835,20.7392
SYM0715,107.82,1327.8976,1.404,0.2785,0.7426,31.3394,2614.0065,32.9559
SYM0716,100.0,1341.828,1.5901,0.195,0.9072,22.3211,2796.0928,20.2202
SYM0717,100.01,1283.1056,1.4828,0.1624,0.834,16.9245,2189.2736,15.9547
SYM0718,91.89,1667.6066,1.2798,0.1737,0.9304,29.1074,1899.3319,17.0913
SYM0719,153.4,1493.5534,1.342,0.2459,0.9171,33.7357,2248.6279,26.2511
SYM0720,83.05,1027.1484,1.3173,0.2745,0.8486,30.613,2540.1976,30.812
SYM0721,107.0,1137.5078,1.37,0.3091,0.8761,29.8244,2835.0837,36.5002
SYM0722,117.04,1326.7339,1.3505,0.2251,0.9547,34.5461,2111.789,23.1812
SYM0723,96.51,1932.1616,1.4613,0.3305,0.8327,36.41,2198.0208,38.7847
SYM0724,126.92,1432.1006,1.2924,0.1879,0.8593,26.1461,2253.5655,19.4845
SYM0725,161.57,1123.4529,1.3519,0.1773,0.9588,22.9456,2513.9683,17.6938
SYM0726,87.98,1221.582,1.2926,0.2641,0.9129,33.5346,2171.2483,28.6895
SYM0727,95.99,1112.8532,1.4694,0.248,0.921,24.6144,3479.7458,27.4045
SYM0728,91.75,1159.1065,1.4549,0.3014,0.8702,28.6563,2999.0679,35.4515
SYM0729,161.63,1947.7338,1.2669,0.2173,0.896,30.5767,2192.2225,22.4463
SYM0730,91.85,1322.7853,1.3715,0.3133,0.8873,35.1047,2750.0739,36.8106
SYM0731,162.13,1223.3547,1.2148,0.3194,0.8773,40.4806,2563.0352,37.0138
SYM0732,161.74,1458.7013,1.1031,0.1676,0.8848,21.7908,1937.6262,16.8968
SYM0733,95.01,691.5641,1.4737,0.3129,0.9444,25.7316,3238.2157,36.5942
SYM0734,85.0,1393.2468,1.2514,0.2261,0.8455,30.8404,2426.0689,24.292
SYM0735,84.97,1667.1659,1.2637,0.2559,0.8633,34.6729,2024.4897,27.6508
SYM0736,93.0,1369.4221,1.391,0.1869,0.9141,27.3335,2803.6855,19.0913
SYM0737,120.03,1710.1709,1.3102,0.1588,0.8416,21.2348,2378.9339,15.7487
SYM0738,163.95,2408.8746,1.3638,0.2184,0.8657,34.0666,2185.4615,23.1839
SYM0739,172.27,1517.8442,1.1593,0.2048,0.9124,28.7324,2094.4111,21.0854
SYM0740,80.01,1142.0108,1.3613,0.1739,0.9451,22.8237,2341.8313,16.5833
SYM0741,97.03,1051.8494,1.151,0.2863,0.845,29.8614,2128.8917,32.4084
SYM0742,120.04,1429.7284,1.4,0.3474,0.8395,32.7474,1796.5582,41.4335
SYM0743,153.77,1572.8465,1.3052,0.2462,0.8602,27.5016,1995.664,26.8526
SYM0744,97.99,1801.3347,1.3504,0.3042,0.7927,38.5734,2452.7608,35.5507
SYM0745,110.85,2307.1167,1.4248,0.2606,0.8303,37.842,2382.06,28.5009
SYM0746,172.27,1412.3368,1.2176,0.2633,0.84,33.159,2292.1868,29.2098
SYM0747,105.01,1637.8523,1.2138,0.2849,0.9229,38.3515,2177.2722,31.8233
SYM0748,161.53,1224.7128,1.2578,0.3039,0.8235,30.4633,2485.2058,35.472
SYM0749,94.88,1895.24,1.2118,0.1877,0.8683,27.8095,2544.3657,19.4336
SYM0750,90.06,2169.5805,1.3694,0.166,0.8821,29.3828,2685.1222,15.7923
SYM0751,85.0,1059.3254,1.2976,0.3504,0.866,28.9814,2200.2152,42.1181
SYM0752,80.0,1441.7411,1.3149,0.2378,0.8961,29.1817,2322.5657,25.5873
SYM0753,119.98,1181.4597,1.4203,0.3283,0.8144,36.1845,2500.084,39.1297
SYM0754,97.05,2185.6786,1.4253,0.223,0.8335,32.5164,2934.7331,23.7284
SYM0755,87.0,2252.3155,1.3424,0.1719,0.8219,26.9776,2713.4781,17.0521
SYM0756,98.05,3065.7525,1.3039,0.218,0.794,34.2425,2914.3207,23.6994
SYM0757,172.27,1473.1606,1.2385,0.2546,0.8741,27.3365,1969.6168,27.9074
SYM0758,100.02,2915.949,1.4345,0.2553,0.7039,40.6551,2365.4402,27.8688
SYM0759,95.01,504.994,1.0357,0.2331,0.471,19.3919,2304.4794,27.7347
SYM0760,93.39,2027.8889,1.3968,0.3065,0.8044,42.2326,2080.4097,34.9656
SYM0761,103.09,1385.6362,1.3669,0.3211,0.8306,36.3304,2292.6022,37.2367
SYM0762,92.14,2218.0823,1.3141,0.2524,0.7473,28.3259,2111.7381,28.938
SYM0763,77.98,1196.401,1.4635,0.2762,0.8685,24.6345,2635.9044,31.0111
SYM0764,89.95,1870.3768,1.2954,0.291,0.8366,40.0428,2459.7252,33.3919
SYM0765,143.87,1777.7121,1.4495,0.2511,0.8969,27.6579,2484.3419,27.3662
SYM0766,99.87,1810.7912,1.2824,0.2652,0.8732,25.3856,2394.1576,30.4399
SYM0767,150.29,1889.9673,1.3146,0.2303,0.8664,28.5623,2556.9123,25.4124
SYM0768,129.93,2804.9977,1.4032,0.2437,0.8503,35.9682,2018.1868,26.3332
SYM0769,99.98,2054.0793,1.3564,0.2191,0.8337,23.2447,2427.1567,23.9617
SYM0770,108.0,1406.6125,1.416,0.2454,0.8932,19.215,3016.2516,26.9749
SYM0771,99.98,2023.6412,1.3587,0.2519,0.8491,23.599,2537.6857,28.2211
SYM0772,95.01,1978.4949,1.4028,0.2742,0.8451,29.9162,2635.1442,31.4307
SYM0773,147.0,1043.5954,1.2859,0.3716,0.9218,28.1895,2867.1619,46.6143
SYM0774,102.04,757.7814,1.4187,0.3052,0.9393,19.7702,3141.3755,35.5196
SYM0775,126.97,1526.1757,1.4329,0.3258,0.8722,27.1513,2933.8239,39.8282
SYM0776,136.4,1690.1729,1.3508,0.2889,0.8393,30.581,2258.3604,33.7538
SYM0777,139.68,1562.9363,1.3119,0.1407,0.8642,15.4072,2258.8028,12.9429
SYM0778,119.97,1954.1063,1.3831,0.2847,0.8756,21.924,3179.1774,34.1374
SYM0779,129.89,2425.5736,1.3858,0.2984,0.8001,36.9963,2626.2444,34.2787
SYM0780,99.84,1610.7957,1.3514,0.22,0.8603,21.3566,2791.2384,24.9745
SYM0781,94.85,2552.326,1.3945,0.2575,0.8518,34.3364,2361.5424,28.3458
SYM0782,148.94,2436.0885,1.3975,0.2179,0.8529,29.059,2570.3484,23.4305
SYM0783,120.87,2398.777,1.1974,0.2836,0.7342,31.4807,2248.625,33.1343
SYM0784,135.36,1273.1215,1.36,0.2787,0.9138,20.6437,3163.333,32.5899
SYM0785,139.85,658.9991,1.4438,0.3791,0.91,24.0467,3358.238,48.1409
SYM0786,75.04,883.603,1.3944,0.293,0.9275,24.1392,2677.9942,33.9369
SYM0787,143.17,1312.1488,1.3114,0.2806,0.8808,27.1062,2044.4815,32.2178
SYM0788,109.96,1864.2702,1.0994,0.1472,0.8422,18.8487,1848.2392,14.1691
SYM0789,97.8,1905.0999,1.3036,0.2344,0.8665,26.3101,2665.8608,26.1599
SYM0790,99.91,1126.7447,1.1775,0.2405,0.8544,20.4755,2207.382,26.9444
SYM0791,97.07,1529.1816,1.1796,0.2376,0.8847,20.1272,2375.9202,26.7317
SYM0792,150.1,1911.0641,1.1716,0.1845,0.8797,24.61,2287.3587,19.3384
SYM0793,104.02,1189.7809,1.3166,0.3223,0.8976,25.002,2746.2019,38.9284
SYM0794,150.29,1889.9673,1.3146,0.2303,0.8664,28.5623,2556.9123,25.4124
SYM0795,99.98,2054.0793,1.3564,0.2191,0.8337,23.2447,2427.1567,23.9617
SYM0796,123.97,1566.7177,1.2585,0.1993,0.8299,19.3445,2417.3422,21.1139
SYM0797,89.88,1856.1576,1.296,0.2588,0.8494,28.9725,2289.981,29.6355
SYM0798,82.12,2105.2212,1.249,0.1555,0.916,23.9682,2297.0533,14.7102
SYM0799,91.95,2250.1757,1.5008,0.2485,0.8406,29.8941,2707.1096,27.4152
SYM0800,83.83,2124.6206,1.4812,0.2717,0.8333,29.0128,2274.6628,30.8763
SYM0801,144.87,1586.4625,1.3117,0.2738,0.8429,31.3554,2276.7787,31.0608
SYM0802,93.11,1346.0383,1.3067,0.297,0.9102,28.8715,2770.5092,34.1999
SYM0803,172.27,1009.8853,1.2604,0.2403,0.9182,19.7448,2314.1835,26.1211
SYM0804,100.49,2172.0081,1.2244,0.2193,0.8713,29.6232,2191.2811,23.4989
SYM0805,92.96,1275.2548,1.3061,0.2811,0.8917,26.0692,2553.9542,32.8563
SYM0806,142.36,2701.0442,1.3597,0.2047,0.7407,24.0324,2342.0766,22.3758
SYM0807,98.03,793.3857,1.2169,0.2816,0.9415,30.5006,2733.4438,31.8218
SYM0808,98.93,1645.6284,1.3231,0.2121,0.8849,25.3244,2342.6764,22.9735
SYM0809,135.07,2456.4925,1.2695,0.1712,0.8497,24.1795,2475.4539,17.3121
SYM0810,163.6,1352.2286,1.1666,0.211,0.8902,23.1088,2407.7013,23.1763
SYM0811,94.98,943.136,1.2705,0.3082,0.9177,26.853,2777.815,36.1817
SYM0812,148.02,630.4701,1.3716,0.3414,0.9487,24.8077,2759.2832,40.243
SYM0813,130.97,1009.6101,1.4926,0.2707,0.9187,20.9552,2264.1422,30.1045
SYM0814,101.49,720.2702,1.1348,0.2807,0.9153,25.5296,2595.5779,31.8878
SYM0815,89.92,1348.2178,1.1418,0.2271,0.9197,32.6471,2122.9134,24.2585
SYM0816,120.0,999.9851,1.2016,0.2792,0.9415,31.5878,2217.8913,31.4606
SYM0817,81.93,1379.9364,1.2564,0.2547,0.8893,27.9287,2451.443,28.0843
SYM0818,123.35,1129.0316,1.3054,0.2781,0.926,24.9819,2532.7697,31.1231
SYM0819,83.88,1122.8553,1.3003,0.282,0.913,20.3432,2389.451,32.1379
SYM0820,135.97,1071.65,1.1902,0.3029,0.8807,30.7433,2695.3552,35.6043
SYM0821,95.0,1109.9999,1.1986,0.2911,0.8854,25.8506,3003.6109,33.8858
SYM0822,119.2,1911.8295,1.1594,0.2131,0.8433,34.1038,2118.0041,22.3557
SYM0823,172.27,2029.3597,1.3414,0.2245,0.8427,28.9092,1931.0242,24.4025
SYM0824,125.99,835.6928,1.2621,0.3304,0.942,31.4392,2541.5483,38.8171
SYM0825,117.82,999.4571,1.2727,0.3022,0.9246,27.1372,2225.1408,34.7079
SYM0826,151.96,1529.5013,1.1374,0.239,0.9,28.8723,1950.9941,25.7159
SYM0827,123.97,1566.7177,1.2585,0.1993,0.8299,19.3445,2417.3422,21.1139
SYM0828,83.8,1682.5915,1.3863,0.2676,0.7628,27.3869,2286.5492,30.9469
SYM0829,83.92,1115.6816,1.4161,0.2606,0.9284,18.4126,2387.1976,29.1266
SYM0830,125.12,1707.1419,1.4233,0.2523,0.8977,24.5113,2256.5053,27.8516
SYM0831,94.84,1956.713,1.3264,0.258,0.7989,31.2635,2198.8084,29.0525
SYM0832,96.0,1483.4299,1.3736,0.2454,0.8946,21.9366,2843.1053,27.4721
SYM0833,87.14,1922.9458,1.2702,0.2392,0.882,30.4806,2203.7276,26.1142
SYM0834,86.97,1640.1213,1.3355,0.2679,0.9082,31.9031,2427.06,30.4397
SYM0835,103.64,1328.1812,1.2481,0.2158,0.8295,19.2628,2480.6259,23.8963
SYM0836,103.89,1656.6016,1.2258,0.2593,0.8796,32.7913,1972.9924,28.5261
SYM0837,138.02,492.3197,1.3797,0.3416,0.946,16.2008,3038.8157,40.4926
SYM0838,133.88,791.705,1.3093,0.3219,0.8822,21.3039,2871.6104,37.747
SYM0839,93.94,2610.6055,1.3206,0.2723,0.8209,34.5891,2201.1389,30.7893
SYM0840,94.85,947.8433,1.4036,0.3019,0.9243,25.9963,2644.3923,35.0878
SYM0841,164.2,1671.9421,1.2244,0.2564,0.8647,35.7899,2061.9208,28.5709
SYM0842,97.92,1651.3967,1.3909,0.2732,0.9125,34.7962,2668.7767,30.3164
SYM0843,151.4,684.7432,1.1223,0.2612,0.9606,25.0761,2314.7468,28.3324
SYM0844,140.04,1753.6512,1.3002,0.2886,0.8693,25.5686,2799.7072,33.6346
SYM0845,123.69,1068.2573,1.4477,0.3489,0.9059,30.1269,2226.0457,41.9838
SYM0846,90.01,1043.4548,1.4606,0.2748,0.9164,21.082,2671.0647,31.3555
SYM0847,161.64,1148.0017,1.19,0.291,0.9123,29.1041,2164.2921,33.4211
SYM0848,89.73,1874.4168,1.3298,0.246,0.8569,26.9763,2159.1107,27.1947
SYM0849,82.91,2233.7174,1.3882,0.2539,0.8692,30.6999,2002.2194,28.1441
SYM0850,83.97,2094.421,1.3944,0.2649,0.8855,37.386,2331.7939,29.2718
SYM0851,150.76,1317.6288,1.1806,0.2306,0.9194,22.8132,1980.0466,24.4438
SYM0852,155.52,1155.4823,1.1876,0.2322,0.9345,29.7094,2654.2659,24.97
SYM0853,97.98,2359.334,1.302,0.2255,0.8693,32.1556,2089.9492,24.147
SYM0854,84.97,1822.8807,1.1191,0.1643,0.9058,25.7051,2384.7856,15.6647
SYM0855,84.91,1270.2073,1.3984,0.308,0.8998,28.5146,2382.3023,36.2811
SYM0856,144.38,1494.401,1.341,0.2649,0.8847,31.09,2409.3502,29.7383
SYM0857,93.17,981.0274,1.2756,0.1961,0.9584,13.6235,2445.8802,20.4507
SYM0858,85.96,1188.8986,1.2412,0.3054,0.9029,28.2002,2462.4506,35.7283
SYM0859,99.99,874.8319,1.2637,0.2187,0.9119,19.7299,2570.2441,23.1404
SYM0860,132.13,745.0411,1.2526,0.2282,0.9322,25.4549,2666.9915,24.3449
SYM0861,117.0,1326.1754,1.2687,0.2671,0.8813,32.1938,2191.6498,30.0567
SYM0862,139.86,1406.7691,1.0636,0.1952,0.8728,26.4117,2079.5422,20.4609
SYM0863,152.67,1001.586,1.4503,0.2981,0.9372,26.9197,2673.4528,34.2935
SYM0864,122.45,1372.0537,1.1607,0.1182,0.877,13.4128,2857.5766,10.5478
SYM0865,90.01,1047.3234,1.3053,0.299,0.9256,27.2269,2131.0134,34.0581
SYM0866,101.83,1161.4212,1.3318,0.3123,0.8925,29.3273,2564.5129,36.9719
SYM0867,85.98,1129.7996,1.2923,0.2441,0.8613,20.7404,2632.937,27.5554
SYM0868,86.96,1629.9173,1.2967,0.2705,0.9261,39.6956,2111.0975,29.803
SYM0869,87.99,1650.6262,1.2144,0.2553,0.8853,28.3234,2141.0448,28.3587
SYM0870,87.99,1089.0677,1.2536,0.2686,0.9054,27.9821,2223.0142,30.1834
SYM0871,79.04,1394.6316,1.2571,0.2723,0.9002,26.3083,2761.6298,31.4345
SYM0872,104.76,1244.14,1.5019,0.337,0.9043,28.0359,2979.3967,40.4993
SYM0873,79.79,1541.9502,1.2131,0.2558,0.858,33.0494,2428.56,28.8359
SYM0874,92.5,2164.8916,1.3705,0.2188,0.8197,28.8003,2185.5264,23.6014
SYM0875,83.97,1829.0267,1.4537,0.2642,0.8202,25.7796,2660.1471,30.2035
SYM0876,109.54,1303.1909,1.2929,0.2494,0.9103,22.1617,2729.4714,27.9933
SYM0877,102.09,1729.0387,1.2534,0.2738,0.8902,33.0737,2979.768,30.9308
SYM0878,135.9,1111.639,1.2716,0.2784,0.8543,23.3573,2535.6293,32.2165
SYM0879,88.08,1051.0342,1.1722,0.2292,0.8659,19.5923,2421.848,25.9163
SYM0880,118.54,1266.2494,1.2121,0.2263,0.8969,24.6946,2380.3445,24.2648
SYM0881,163.96,1474.3341,1.1986,0.2207,0.8879,27.1974,2543.4972,23.3188
SYM0882,111.69,1007.5011,1.5202,0.3057,0.9049,24.9545,2560.7749,35.5284
SYM0883,150.75,1306.6244,1.4512,0.2775,0.8874,27.612,2727.82,31.7416
SYM0884,153.76,1920.1452,1.3868,0.2353,0.8269,24.8877,2300.8237,26.0014
SYM0885,91.91,1071.926,1.2119,0.1919,0.9457,20.4777,2722.6217,19.3529
SYM0886,85.91,906.521,1.2108,0.2972,0.9226,23.3156,2538.7126,34.2018
SYM0887,142.84,1776.6979,1.2622,0.255,0.8183,32.0058,2129.0385,28.7763
SYM0888,99.98,1645.541,1.3631,0.1834,0.8668,22.1706,2399.8148,18.6873
SYM0889,150.07,910.7948,1.3163,0.3051,0.9268,29.9785,2666.3389,35.2242
SYM0890,99.96,612.8892,1.1598,0.1569,0.8997,10.9593,2752.7504,14.3325
SYM0891,77.99,1592.5436,1.3243,0.2695,0.9023,26.3202,2445.5849,30.7248
SYM0892,89.98,1228.2483,1.2266,0.2785,0.8793,31.6879,2301.624,31.7306
SYM0893,125.06,1944.8496,1.3263,0.1997,0.9015,22.102,2439.6752,21.5752
SYM0894,144.48,1304.9274,1.1461,0.2549,0.9023,25.3604,2150.6703,28.1967
SYM0895,99.96,1340.522,1.2638,0.3232,0.8835,31.9914,2701.647,38.1932
SYM0896,95.5,3626.7365,1.2431,0.0427,0.7539,6.7311,2318.2342,2.6913
SYM0897,132.04,1969.9323,1.2539,0.2337,0.8326,29.6792,2199.8663,25.0601
SYM0898,117.98,770.479,1.1977,0.3386,0.9259,28.3167,2649.9654,40.6336
SYM0899,99.8,493.4166,1.2399,0.2165,0.93,12.7088,2829.0607,23.8473
SYM0900,84.91,1486.7216,1.0587,0.1996,0.8911,29.4143,1663.0114,20.5081
SYM0901,69.88,2192.0232,1.5774,0.2926,0.8065,30.1319,2615.1449,34.577
SYM0902,92.76,1205.4007,1.2938,0.2946,0.8795,21.016,2792.8483,34.673
SYM0903,120.03,835.7658,1.2933,0.3228,0.9135,26.9847,2737.6651,37.9198
SYM0904,141.97,1992.86,1.1066,0.2127,0.903,29.468,2085.9768,22.2459
SYM0905,94.05,1767.0708,1.3039,0.2769,0.9202,30.7113,2348.6057,31.0033
SYM0906,163.29,2097.1038,1.2548,0.2811,0.9208,44.0821,2055.7886,31.1244
SYM0907,90.01,1083.1982,1.2473,0.2662,0.9424,23.1731,2447.4517,29.9285
SYM0908,123.66,1331.3581,1.1263,0.304,0.8783,33.5118,2518.9518,35.4405
SYM0909,94.89,1510.115,1.3647,0.2999,0.9003,28.44,2480.7034,34.5837
SYM0910,120.08,1011.0365,1.2306,0.2694,0.9302,26.8037,2800.5464,30.455
SYM0911,97.04,1659.0609,1.1327,0.1282,0.9127,23.4122,2155.7615,11.5042
SYM0912,139.99,1466.2131,1.1599,0.2342,0.862,28.7634,2440.9189,25.4034
SYM0913,94.98,936.6003,1.1778,0.2262,0.9567,22.317,2203.331,24.0322
SYM0914,121.98,1232.4032,1.3426,0.2728,0.8726,26.7138,2449.9885,31.6811
SYM0915,155.35,1372.2291,1.2765,0.27,0.9236,30.3099,2134.951,30.1403
SYM0916,163.48,1509.74,1.3764,0.2437,0.9304,26.8336,2322.2458,26.4174
SYM0917,104.73,1169.0648,1.3632,0.2897,0.9234,24.9164,2460.5305,33.1897
SYM0918,94.99,1484.1305,1.2543,0.1392,0.9043,21.4552,2144.2054,12.542
SYM0919,172.27,3095.5007,1.2657,0.236,0.8185,31.4099,2226.2132,25.5565
SYM0920,143.42,2059.5112,1.3561,0.1214,0.8661,20.1183,2313.4116,10.8414
SYM0921,156.19,1302.7623,1.3115,0.1622,0.8965,18.317,2695.5757,15.3052
SYM0922,84.79,1316.0694,1.5675,0.2852,0.9232,21.2194,2646.228,32.8082
SYM0923,110.04,1515.4738,1.257,0.2708,0.8645,30.9638,2354.8109,30.7414
SYM0924,148.01,1058.0132,1.3504,0.2865,0.8997,26.468,2606.8819,32.7034
SYM0925,78.48,2071.4757,1.1179,0.0642,0.8207,9.4642,2189.8445,4.6239
SYM0926,140.03,1487.1428,1.3651,0.2826,0.8985,28.6607,2601.6892,32.3889
SYM0927,87.95,1050.9683,1.1826,0.2682,0.9292,28.6102,2518.7524,29.8395
SYM0928,110.01,1555.5505,1.2384,0.2406,0.8752,29.5123,2150.3582,26.3235
SYM0929,82.1,1916.1693,1.3819,0.2025,0.8954,23.8302,2586.9295,21.8039
SYM0930,172.27,1184.6023,1.3099,0.2989,0.9021,35.3625,2483.1603,34.6983
SYM0931,80.02,1784.0433,1.3246,0.1672,0.8405,19.0336,2485.9959,16.4299
SYM0932,135.04,2087.9424,1.2805,0.2148,0.8991,29.8102,2393.2392,21.9886
SYM0933,153.62,1262.7444,1.3283,0.2859,0.9047,24.8427,2545.5219,33.4486
SYM0934,89.94,3104.4164,1.1839,0.2824,0.829,42.7263,2216.8887,31.4985
SYM0935,122.37,2715.7891,1.1785,0.1564,0.8347,27.9635,2095.8598,15.0433
SYM0936,88.01,1369.6409,1.2557,0.2761,0.9081,27.9418,2339.0824,31.3981
SYM0937,126.04,1659.0076,1.4203,0.2836,0.8446,29.7132,2498.8038,32.7029
SYM0938,144.68,1987.6936,1.3629,0.2625,0.8322,32.214,2502.2337,29.9235
SYM0939,124.15,1877.5599,1.2441,0.2641,0.797,35.3929,1946.2936,29.2941
SYM0940,128.18,2927.6381,1.3179,0.1765,0.8689,26.5549,2692.8369,17.7215
SYM0941,88.05,2418.9146,1.2935,0.1361,0.883,24.1116,2163.1598,12.0434
SYM0942,172.27,1066.2009,1.2311,0.2332,0.8863,19.3315,2384.5843,26.9247
SYM0943,85.53,784.7241,1.149,0.2756,0.9596,22.7053,2508.1706,30.9044
SYM0944,98.06,1955.3214,1.2797,0.2718,0.8438,33.834,1997.6516,30.3691
SYM0945,94.99,1252.8947,1.2112,0.3005,0.8901,41.5971,2426.543,34.2132
SYM0946,84.97,1747.8701,1.3333,0.2597,0.8975,29.9189,2327.1056,29.1758
SYM0947,89.94,2077.9925,1.3569,0.2447,0.8555,32.2433,2462.4543,26.4109
SYM0948,93.79,1450.9413,1.2928,0.225,0.8886,30.6521,1995.0482,24.3373
SYM0949,152.03,2422.4931,1.2813,0.2264,0.8999,30.9937,2261.8762,23.9375
SYM0950,126.04,1659.0076,1.4203,0.2836,0.8446,29.7132,2498.8038,32.7029
SYM0951,87.05,1385.5208,1.2066,0.1927,0.9608,22.7245,2136.2839,19.1509
SYM0952,107.0,2570.2883,1.3489,0.2204,0.8237,29.8691,2588.9785,23.8878
SYM0953,84.0,1436.7257,1.1739,0.2044,0.9067,25.1776,2035.8529,21.7188
SYM0954,79.95,1565.2832,1.2508,0.2699,0.8936,31.0842,2429.4486,30.5888
SYM0955,143.02,1980.0285,1.2218,0.2766,0.8669,34.4382,2147.499,30.904
SYM0956,94.99,1356.5724,1.2613,0.2276,0.8596,19.9913,2469.8492,25.2116
SYM0957,84.64,2421.9922,1.2472,0.219,0.8545,30.9502,1986.9895,23.5824
SYM0958,154.33,2040.3217,1.3248,0.2145,0.8836,25.8261,1975.4165,21.9978
SYM0959,114.6,1195.5885,1.2548,0.2712,0.9044,27.2489,2424.7037,30.846
SYM0960,95.1,1654.1656,1.4913,0.2106,0.8006,23.1728,2635.5274,22.488
SYM0961,99.97,1198.9747,1.3041,0.2295,0.8891,25.1833,2762.7043,24.807
SYM0962,124.96,2316.5209,1.1524,0.1366,0.8711,20.159,2317.4551,12.3144
SYM0963,88.08,1406.6135,1.3049,0.22,0.9411,32.8113,2497.2059,22.9288
SYM0964,85.03,972.2938,1.1974,0.2875,0.9157,37.9029,2504.0362,32.1474
SYM0965,144.05,1050.2251,0.8794,0.1547,0.9221,18.8287,1876.3018,14.7436
SYM0966,94.85,1588.721,1.3094,0.2665,0.8985,24.8844,2521.5307,30.2139
SYM0967,97.85,1445.6173,1.3479,0.1608,0.9209,17.7673,2426.9491,15.335
SYM0968,122.67,646.8194,0.9161,0.0269,0.7668,3.7534,1921.3114,1.4957
SYM0969,86.04,1969.6154,1.2712,0.1732,0.8734,25.1567,2385.4852,17.0404
SYM0970,90.9,1897.3093,1.3866,0.3341,0.8068,35.3203,2339.0313,39.9983
SYM0971,139.98,1854.3292,1.2868,0.1776,0.8881,27.1109,2485.8901,17.2786
SYM0972,184.57,1930.4604,1.2535,0.1296,0.8709,23.7077,2036.781,11.3991
SYM0973,129.64,1305.6552,1.319,0.2239,0.8716,21.5955,2398.9608,23.8879
SYM0974,148.15,1191.3289,1.3044,0.203,0.9407,24.1461,2430.0879,20.4059
SYM0975,172.27,2191.7394,1.288,0.1681,0.8214,22.0484,2317.271,16.1453
SYM0976,81.92,1199.6458,1.1995,0.1693,0.9444,19.9004,1838.1173,16.0192
SYM0977,140.0,1805.0072,1.3005,0.2379,0.8788,29.4377,2764.0036,26.023
SYM0978,139.97,1673.7819,1.2768,0.1879,0.8906,25.3318,2527.0972,18.2366
SYM0979,86.0,1415.5139,1.4154,0.2443,0.9019,26.5663,3008.0241,27.0963
SYM0980,89.88,1346.9786,1.2971,0.2283,0.9338,26.6925,2368.1252,23.8085
SYM0981,97.96,1929.625,1.3845,0.2702,0.8017,25.1583,2577.2569,31.0495
SYM0982,135.19,1521.4742,1.3429,0.3412,0.7404,34.7069,2273.7026,41.6305
SYM0983,123.97,1566.7177,1.2585,0.1993,0.8299,19.3445,2417.3422,21.1139
SYM0984,82.44,1140.5033,1.2215,0.2552,0.9057,29.0537,2410.051,27.5451
SYM0985,162.24,944.2509,1.4815,0.3981,0.875,31.0726,2858.9132,50.1915
SYM0986,89.98,2358.6021,1.2751,0.229,0.8637,32.2304,2164.9087,24.0837
SYM0987,134.98,1665.8797,1.3518,0.3077,0.8569,30.1448,2900.3469,36.0536
SYM0988,120.07,2717.6788,1.3161,0.1158,0.8025,24.9159,1914.6744,9.7662
SYM0989,125.93,1095.2845,1.3354,0.293,0.9132,30.3836,2427.1936,32.9978
SYM0990,93.02,2151.0513,1.4501,0.1718,0.8181,26.0319,2646.1591,17.3325
SYM0991,134.69,1016.3205,1.4054,0.3449,0.8535,28.4713,2497.2672,41.7987
SYM0992,73.95,2071.9506,1.1807,0.2442,0.8954,39.8257,2126.7864,26.1426
SYM0993,92.97,1616.6257,1.5252,0.3119,0.8851,24.4836,2714.235,36.59
SYM0994,162.16,1751.6858,1.4427,0.2986,0.9016,25.4167,2410.6861,34.5298
SYM0995,99.02,1159.3805,1.35,0.1697,0.9277,22.2951,2268.5866,15.8875
SYM0996,103.76,720.6481,1.2941,0.2903,0.9583,25.922,2286.2299,33.0584
SYM0997,99.97,1281.2834,1.2404,0.2656,0.8933,29.0351,2893.4166,29.6267
SYM0998,92.85,2328.0355,1.2938,0.2588,0.8965,34.7407,1962.6228,27.9312
SYM0999,139.93,1337.8454,1.2311,0.2098,0.9397,23.738,2537.6095,21.0625
SYM1000,84.64,2421.9922,1.2472,0.219,0.8545,30.9502,1986.9895,23.5824
SYM1001,162.25,2420.4377,1.3338,0.2053,0.9225,33.8571,1953.2339,20.6499
SYM1002,150.05,1620.2043,1.3522,0.2513,0.8985,32.1063,2504.8402,26.7644
SYM1003,97.97,1759.5024,1.5936,0.2969,0.8494,25.8929,3300.8454,35.1628
SYM1004,84.92,1397.7957,1.3757,0.307,0.8564,29.3486,2564.9968,36.8085
SYM1005,144.46,1285.5363,1.4045,0.1972,0.903,16.8129,2643.2661,19.5911
SYM1006,98.98,1642.0144,1.378,0.2147,0.8614,27.6657,2398.2784,22.6498
SYM1007,82.94,2861.4381,1.1981,0.1922,0.8825,37.6929,1792.9662,18.593
SYM1008,149.25,1599.2528,1.2711,0.2164,0.9434,28.8199,2551.4322,22.3764
SYM1009,90.29,1663.6045,1.2968,0.1792,0.9059,25.0141,2401.1513,18.0124
SYM1010,84.09,1612.1536,1.2662,0.1857,0.906,31.5096,1827.5397,17.9283
SYM1011,84.99,881.3039,1.0929,0.2437,0.9485,26.0398,2361.0431,27.0799
SYM1012,85.64,1247.4509,1.373,0.1792,0.9631,32.8759,1812.8746,16.7568
SYM1013,128.08,2910.5377,1.5812,0.2628,0.7755,31.5996,2515.9066,29.0737
SYM1014,98.02,2170.9702,1.3685,0.2146,0.795,20.427,2510.2588,22.8086
SYM1015,99.91,1478.5972,1.3706,0.341,0.8419,31.9383,2852.8912,41.646
SYM1016,85.97,1340.2251,1.4835,0.1582,0.91,19.7013,2802.3872,15.1474
SYM1017,93.17,1117.787,1.437,0.2127,0.9698,25.3755,2101.0031,21.2533
SYM1018,81.98,774.4428,1.3939,0.3151,0.9302,23.6983,3108.3003,36.2422
SYM1019,129.19,2741.8861,1.287,0.3022,0.7356,46.0223,2272.0884,35.3639
SYM1020,95.96,1220.1493,1.6152,0.2423,0.904,18.6332,2772.9164,26.2793
SYM1021,150.31,1907.2916,1.3166,0.3247,0.8755,39.8248,2233.3961,38.4134
SYM1022,94.03,1616.2281,1.3134,0.2058,0.9098,29.9174,2285.1862,21.1682
SYM1023,97.99,2261.768,1.2009,0.1887,0.3086,32.9098,2008.3344,18.5411
SYM1024,135.99,1744.2697,1.1547,0.2097,0.9066,32.587,2042.0154,21.3505
SYM1025,115.27,1599.0089,1.413,0.1861,0.9324,30.5317,2114.593,18.0159
SYM1026,91.92,2664.0696,1.2666,0.1766,0.8535,31.831,1765.3862,16.8436
SYM1027,91.09,1743.1186,1.2797,0.1666,0.9216,25.5629,2543.2892,15.8007
SYM1028,90.94,1500.8547,1.4588,0.275,0.8827,25.3993,2250.469,31.2815
SYM1029,85.97,1942.0506,1.1649,0.1882,0.9632,25.4515,2093.4212,18.6945
SYM1030,104.76,1787.5582,1.5226,0.288,0.8517,27.0151,2536.6283,34.0516
SYM1031,87.93,1892.5874,1.2474,0.2302,0.9187,37.7753,1861.347,24.1323
SYM1032,164.27,1322.4881,1.1452,0.1775,0.9126,26.343,1955.0904,17.5436
SYM1033,99.93,3319.6526,1.462,0.1267,0.2259,25.3254,2385.9593,11.1173
SYM1034,90.04,1942.7734,1.3771,0.2193,0.2397,32.662,2171.9369,22.3856
SYM1035,95.48,1585.7796,1.1901,0.3083,0.929,36.6207,1984.8022,35.5104
SYM1036,123.35,1262.7919,1.2784,0.2094,0.8411,19.6373,2526.7489,22.2762
SYM1037,90.09,1735.8521,1.3254,0.3258,0.8974,36.0542,2430.7244,38.2734
SYM1038,87.01,2381.3089,1.4135,0.2927,0.7896,36.8678,2670.9767,33.8753
SYM1039,120.03,1316.1897,1.3654,0.0755,0.8338,6.4257,2642.2197,5.4576
SYM1040,77.82,3283.268,1.3172,0.1778,0.8818,31.6808,1663.1711,16.6891
SYM1041,122.35,1509.5897,1.1802,0.1996,0.2552,28.3482,1850.3105,20.1623
SYM1042,151.99,1161.364,1.3433,0.1845,0.9294,24.2969,2314.9719,17.6854
SYM1043,83.77,913.7996,1.2075,0.2118,0.9552,25.1149,2320.2996,21.301
SYM1044,155.2,1325.7284,1.2313,0.2149,0.9503,29.2036,2331.1849,21.4562
SYM1045,97.12,1373.0225,1.431,0.3897,0.8548,34.3115,2723.695,48.5189
SYM1046,92.99,1688.1997,1.3677,0.1987,0.9433,26.3985,2229.0567,19.8234
SYM1047,139.99,1427.5548,1.2543,0.1775,0.9465,32.8894,1953.0868,16.598
SYM1048,94.99,1356.5724,1.2613,0.2276,0.8596,19.9913,2469.8492,25.2116
SYM1049,122.37,1473.4753,1.2324,0.1495,0.9142,20.976,1960.5677,14.2949
SYM1050,90.94,2365.8056,1.2426,0.1622,0.9077,36.9336,1519.378,14.7701
SYM1051,92.85,2072.8341,1.2212,0.2851,0.9094,45.1943,1518.0647,31.4738
SYM1052,94.05,1599.9386,1.265,0.2135,0.8751,27.6219,2289.77,22.2246
SYM1053,92.83,1704.0369,1.2625,0.1643,0.9294,29.0464,1954.0115,15.0612
SYM1054,90.82,3354.3873,1.2826,0.1849,0.8629,38.8935,1968.2603,17.8794
SYM1055,97.98,1949.8215,1.2906,0.2403,0.8796,29.0928,2133.2759,25.9075
SYM1056,83.87,1651.0092,1.2389,0.3096,0.8516,36.2962,2149.1496,36.2669
SYM1057,105.84,2914.3067,1.1598,0.1623,0.8932,43.9867,1625.7464,14.8917
SYM1058,87.03,5257.4073,1.2063,0.2143,0.7418,34.4046,2017.6367,22.5302
SYM1059,163.46,1703.1677,1.3382,0.2095,0.9208,33.3132,2110.5577,20.9108
SYM1060,103.4,2171.5111,1.2557,0.1926,0.919,30.1314,2019.7814,19.1007
SYM1061,163.92,2423.1656,1.3773,0.3121,0.7647,39.3784,2335.8132,36.2761
SYM1062,85.97,3498.1193,1.1252,0.1497,0.2135,33.5294,1925.932,13.2295
SYM1063,135.92,2204.3987,1.3347,0.1649,0.8813,28.8802,2114.4072,15.5844
SYM1064,83.43,1474.8167,1.2637,0.2182,0.9184,29.5686,2087.487,23.0534
SYM1065,94.99,1409.5767,1.3142,0.2365,0.9453,34.8311,2201.0879,25.0066
SYM1066,89.0,1607.0978,1.3235,0.1662,0.9154,24.1976,2798.5424,15.8144
SYM1067,85.02,2295.272,1.3266,0.1733,0.8894,33.7127,2210.5842,16.2714
SYM1068,84.94,1628.0772,1.206,0.186,0.9366,26.1792,2451.534,18.5571
SYM1069,114.06,2438.0505,1.3773,0.2993,0.7863,39.964,2356.2179,34.299
SYM1070,92.5,2164.8916,1.3705,0.2188,0.8197,28.8003,2185.5264,23.6014
SYM1071,94.35,1359.2217,1.3648,0.1598,0.9511,22.2388,2350.2137,14.9289
SYM1072,93.92,2075.0277,1.2556,0.2647,0.8878,31.1694,2573.2175,29.4069
SYM1073,163.91,1054.8324,1.0743,0.2577,0.9587,29.2445,2108.3934,28.7361
SYM1074,86.93,1823.2539,1.1529,0.3448,0.8116,38.7077,1555.9815,40.7144
SYM1075,91.0,2435.2448,1.4915,0.2295,0.7548,30.1056,2848.057,24.4504
SYM1076,92.0,1507.6379,1.2475,0.1761,0.9177,29.2243,2430.5946,16.5145
SYM1077,88.99,2118.2729,1.3958,0.2749,0.8592,31.3703,2259.6899,30.9938
SYM1078,163.58,2253.9813,1.3427,0.1376,0.8445,24.6705,1891.253,12.489
SYM1079,172.27,1705.2237,1.1259,0.1331,0.9008,21.1126,1634.6908,11.6809
SYM1080,82.36,1511.379,1.1562,0.216,0.9391,33.1894,2613.0616,21.9756
SYM1081,90.02,1360.5428,1.2666,0.0508,0.9033,7.3137,2560.061,3.2327
SYM1082,93.37,1664.2816,1.1628,0.1608,0.8565,23.3068,2037.136,15.1749
SYM1083,89.23,1903.0656,1.3747,0.1799,0.8863,29.2169,1853.546,17.218
SYM1084,91.87,1546.5112,1.0607,0.1837,0.9254,28.0103,1981.7061,18.4255
SYM1085,88.97,5311.0667,1.2515,0.1151,0.8031,21.6167,2124.967,9.3698
SYM1086,163.97,1296.7694,1.0236,0.1638,0.9449,25.7912,1915.5052,15.9443
SYM1087,135.94,1537.6325,1.1287,0.0451,0.7992,7.078,2194.2742,2.7526
SYM1088,86.06,1764.7418,1.2966,0.2984,0.9016,40.1808,2170.3874,33.8672
SYM1089,91.74,1599.6111,1.6407,0.113,0.9143,16.2482,2672.189,9.3258
SYM1090,92.14,1457.981,1.1841,0.1835,0.2398,35.9372,1908.6367,17.5225
SYM1091,91.88,1935.2794,1.5461,0.2168,0.8733,28.2247,2707.0708,22.6039
SYM1092,150.35,3151.2065,1.3135,0.2208,0.8478,27.1133,1776.0544,23.2167
SYM1093,83.6,2278.3252,1.2768,0.2061,0.89,28.7821,2517.0336,21.778
SYM1094,93.93,2676.9128,1.1726,0.2868,0.8109,47.4892,1220.6581,31.6633
SYM1095,77.99,1995.3574,1.2437,0.1898,0.8624,30.0836,2162.9255,18.939
SYM1096,97.49,1321.9329,1.383,0.2611,0.94,29.6274,1947.7387,28.5539
SYM1097,92.79,1522.5731,1.1282,0.2035,0.9462,22.6189,2378.2601,20.9097
SYM1098,151.87,1064.9723,1.1129,0.1646,0.912,16.1355,2773.8157,16.8231
SYM1099,90.83,1601.3574,1.245,0.2162,0.89,31.5382,2473.0146,22.872
SYM1100,125.38,637.6126,1.004,0.0085,0.5612,0.9565,3422.3231,0.3712
SYM1101,141.84,1840.1381,1.1671,0.117,0.901,20.4306,2084.212,9.7452
SYM1102,98.24,1490.457,1.2074,0.1438,0.9095,18.8928,2210.4076,13.1057
SYM1103,94.96,1982.1986,1.2847,0.355,0.7514,50.0621,2316.1598,42.4037
SYM1104,80.0,1504.6848,1.1215,0.3234,0.8952,35.9766,1939.9026,37.7227
SYM1105,89.99,1118.444,1.1684,0.2629,0.9506,33.3282,2363.1712,28.9319
SYM1106,92.96,1275.2548,1.3061,0.2811,0.8917,26.0692,2553.9542,32.8563
SYM1107,97.84,1366.5502,0.9106,0.1731,0.9183,19.9663,1979.3669,19.0145
SYM1108,75.91,1551.9559,1.1778,0.2576,0.9157,36.2791,2074.6025,28.5234
SYM1109,87.92,1187.259,1.1392,0.3375,0.8688,41.4313,1873.0388,39.6899
SYM1110,133.94,1998.5996,1.1465,0.1673,0.9478,27.2324,2263.0655,15.4246
SYM1111,151.45,3545.2807,1.3669,0.095,0.2036,19.8853,2392.3977,7.2164
SYM1112,86.93,1823.2539,1.1529,0.3448,0.8116,38.7077,1555.9815,40.7144
SYM1113,93.92,1995.1984,1.283,0.2189,0.8814,36.2344,2105.8468,22.8354
SYM1114,95.98,1273.9151,1.2304,0.2786,0.8972,35.5025,2828.4888,30.9166
SYM1115,97.89,2120.8064,1.1454,0.3128,0.8438,47.677,1982.77,35.8636
SYM1116,119.96,1178.7894,1.1145,0.272,0.9271,39.2283,2363.2155,30.0551
SYM1117,92.92,1059.0957,1.1576,0.1019,0.9378,12.2856,2786.8761,8.4009
SYM1118,93.34,1720.3369,1.3751,0.11,0.9273,18.1865,2441.4017,9.1186
SYM1119,92.93,1699.9946,1.3988,0.2098,0.8609,27.6159,2260.9138,21.974
SYM1120,80.86,672.2012,1.3538,0.1591,0.9757,19.6593,2220.9498,14.5383
SYM1121,97.5,1040.998,1.1939,0.2218,0.9649,31.9276,2420.5276,22.5241
SYM1122,83.02,2012.0777,1.2339,0.2283,0.8478,27.2412,2290.2266,24.1553
SYM1123,143.87,1535.6297,1.1778,0.2577,0.8898,31.3062,2449.7031,28.1914
SYM1124,143.17,1191.8972,1.2598,0.2383,0.9217,27.7884,1872.0462,25.5863
SYM1125,153.83,1460.9908,1.378,0.1292,0.9047,16.2224,2548.8878,11.3084
SYM1126,87.95,1105.6103,1.2391,0.2777,0.9287,34.4717,2314.6904,30.77
SYM1127,86.39,1286.1113,1.2387,0.2063,0.9631,26.7028,2482.1425,20.6434
SYM1128,82.97,944.4244,1.3939,0.2316,0.9574,23.0737,2520.3973,24.2116
SYM1129,144.73,964.1207,1.4441,0.2569,0.9276,21.3501,2797.1274,29.735
SYM1130,99.09,2128.6996,1.2648,0.244,0.8186,35.711,2053.9711,26.7381
SYM1131,142.37,1389.9636,1.3191,0.3209,0.8641,35.8986,2617.8235,36.8543
SYM1132,161.59,1567.3803,1.339,0.1783,0.9207,33.036,2184.219,17.0457
SYM1133,135.27,1821.9391,1.3833,0.2843,0.837,39.6662,2107.3829,31.641
SYM1134,140.06,1461.2126,1.2469,0.2235,0.8204,28.7341,2521.7961,24.5302
SYM1135,89.9,1700.0961,1.368,0.3024,0.8591,39.9441,2160.5791,34.3055
SYM1136,99.94,1576.4335,1.6622,0.2348,0.8308,21.666,2641.1964,25.6609
SYM1137,150.32,1469.6243,1.2994,0.2953,0.8358,37.3935,2562.2908,34.12
SYM1138,114.64,645.7947,1.1383,0.2603,0.9336,17.5664,2448.7519,28.6685
SYM1139,89.96,1733.6634,1.3442,0.2373,0.8056,38.2047,2060.1406,25.321
SYM1140,132.66,1396.302,1.287,0.1911,0.9098,25.0286,2205.8649,20.0789
SYM1141,178.21,1249.4835,1.4455,0.3004,0.8826,27.8359,2659.6564,35.2963
SYM1142,150.14,1773.5358,1.2606,0.2629,0.7871,33.2579,2344.6247,29.6343
SYM1143,139.97,1823.0894,1.1918,0.2372,0.9131,30.5743,2661.4813,25.7718
SYM1144,77.18,1552.7136,1.2419,0.2622,0.8477,31.8789,2775.1134,30.1468
SYM1145,150.23,1599.399,1.4079,0.329,0.802,43.3331,2736.9033,38.8634
SYM1146,104.78,2082.2752,1.1523,0.2367,0.8332,39.3601,1861.706,25.6916
SYM1147,132.09,1687.1022,1.5023,0.2245,0.852,18.6102,2727.611,24.9262
SYM1148,95.04,1130.9104,1.3284,0.243,0.8845,19.5062,2737.1707,27.2048
SYM1149,129.96,1000.3103,1.4679,0.2734,0.9424,26.0697,2499.8937,29.7688
SYM1150,152.0,2797.3493,1.4074,0.3032,0.8238,34.2227,2776.5123,34.9166
SYM1151,109.91,1784.9434,1.3999,0.2487,0.9183,29.3971,2319.1922,26.4843
SYM1152,119.92,1502.3557,1.4773,0.2165,0.8466,27.9317,2139.3453,22.557
SYM1153,161.59,1567.3803,1.339,0.1783,0.9207,33.036,2184.219,17.0457
SYM1154,128.17,1798.7447,1.395,0.3106,0.8475,29.5807,3138.1822,36.5017
SYM1155,110.41,2123.2537,1.3816,0.1717,0.8479,29.1885,2657.4818,17.0967
SYM1156,80.07,1789.1331,1.2922,0.2551,0.7898,33.1947,2375.398,28.9105
SYM1157,155.21,2271.1668,1.3703,0.1304,0.838,20.1437,2769.2059,11.8263
SYM1158,124.1,1767.7525,1.3224,0.2116,0.835,30.8054,2128.065,21.727
SYM1159,127.95,1708.1364,1.4827,0.2829,0.8932,32.241,2639.1482,31.9108
SYM1160,89.96,1078.1308,1.2859,0.2908,0.8364,30.2019,2134.7971,34.3289
SYM1161,119.94,1006.2051,1.4234,0.2915,0.916,22.3194,2525.8626,33.4042
SYM1162,100.16,1464.2892,1.4582,0.2106,0.8517,27.479,2324.9759,21.8562
SYM1163,162.24,1953.1023,1.337,0.1876,0.8847,27.3813,2122.3628,18.7791
SYM1164,107.01,1529.2405,1.2705,0.1809,0.8618,24.7969,2496.3875,18.4425
SYM1165,116.76,1150.9033,1.28,0.2387,0.861,30.474,2398.8309,25.8608
SYM1166,120.95,1096.55,1.3359,0.1995,0.9171,18.0392,3053.4237,21.1341
SYM1167,89.96,1733.6634,1.3442,0.2373,0.8056,38.2047,2060.1406,25.321
SYM1168,89.9,1014.8085,1.1856,0.2815,0.889,37.1461,2521.6232,32.0407
SYM1169,95.12,846.5828,1.2444,0.2292,0.919,24.6238,2522.9746,24.576
SYM1170,123.3,840.8113,0.9306,0.1264,0.8586,14.6507,1407.2861,11.2167
SYM1171,92.85,1319.0113,1.2633,0.1907,0.8541,20.4831,2469.6623,20.0094
SYM1172,94.98,837.0504,1.385,0.3005,0.9056,32.6152,2744.381,35.2898
SYM1173,99.7,1338.9443,1.2838,0.1623,0.8899,21.656,2164.1778,15.4306
SYM1174,99.16,1442.4279,1.3096,0.1905,0.8862,28.5144,2272.4556,20.0583
SYM1175,120.11,1463.2844,1.1024,0.2288,0.9151,33.2965,1965.3135,23.918
SYM1176,84.89,1560.9176,1.3568,0.2668,0.8263,22.3758,2173.8452,30.9832
SYM1177,123.56,2725.8942,1.1976,0.2053,0.7466,27.9798,1900.1789,21.5338
SYM1178,99.01,1407.246,1.2773,0.2504,0.8982,30.4275,2234.2871,27.6754
SYM1179,104.92,1917.5203,1.2435,0.2369,0.8723,31.7458,1933.2181,25.9797
SYM1180,142.08,1613.4961,1.2486,0.2465,0.8895,30.3732,1959.0244,26.6748
SYM1181,129.92,1098.4905,1.2884,0.2355,0.8485,21.2357,2088.253,26.1878
SYM1182,114.69,1343.3107,1.1181,0.1974,0.8912,23.9642,2070.2918,20.7645
SYM1183,142.04,1641.4987,1.2956,0.2529,0.8565,35.339,1955.3712,27.6975
SYM1184,105.81,675.7443,1.2474,0.2835,0.9209,19.9074,2538.4888,32.2185
SYM1185,128.44,853.4882,1.0428,0.184,0.941,17.7812,1808.4336,17.7917
SYM1186,100.01,2308.856,1.331,0.2234,0.8232,33.333,1784.3112,23.167
SYM1187,89.97,723.7885,1.0787,0.1526,0.8999,9.3898,2386.0154,15.0115
SYM1188,100.46,1040.8867,1.0293,0.2223,0.9254,26.9161,2117.0568,23.7002
SYM1189,76.04,1166.1904,0.9502,0.161,0.905,15.7391,1497.5168,15.7474
SYM1190,117.16,1890.5217,1.0239,0.1646,0.8277,20.4991,1632.648,15.9177
SYM1191,112.35,835.9699,1.0083,0.146,0.9463,13.2041,1431.4503,13.1918
SYM1192,129.98,723.3243,1.109,0.126,0.9565,13.3694,1882.9526,10.74
SYM1193,140.01,1501.5634,1.441,0.3009,0.8915,33.0497,2001.5087,34.4833
SYM1194,139.76,894.4384,0.9102,0.1556,0.907,15.5084,1451.5913,14.3785
SYM1195,89.93,1598.4928,1.1736,0.1915,0.8887,23.6216,1531.5832,19.1343
SYM1196,172.27,1190.5348,0.9545,0.1873,0.8842,17.4274,1227.0865,18.5029
SYM1197,129.82,2310.4673,1.1132,0.2327,0.8763,42.1416,1710.4323,24.4665
SYM1198,132.87,1697.9031,1.2122,0.215,0.8472,26.051,1764.659,22.572
SYM1199,79.95,1138.4212,1.0519,0.148,0.8899,14.7503,2291.6534,14.1779
SYM1200,140.01,1546.3745,1.265,0.2418,0.8361,21.8062,2173.521,27.0891
SYM1201,92.91,1136.5248,1.2472,0.3198,0.8622,27.8833,2331.28,37.8258
SYM1202,120.06,949.7013,1.1178,0.1576,0.8417,16.3448,2594.9725,15.3744
SYM1203,150.35,1231.526,1.2113,0.2514,0.9038,20.9553,2755.1773,27.6077
SYM1204,98.98,1695.1472,1.3465,0.2945,0.7968,24.2127,2843.2691,34.9877
SYM1205,153.69,1424.8932,1.2846,0.2991,0.8489,26.4635,2279.3562,35.1226
SYM1206,143.68,1113.3857,1.237,0.3209,0.8595,28.2069,2655.7745,37.6913
SYM1207,126.88,909.9544,1.3378,0.3385,0.8792,26.1094,2701.3999,40.3831
SYM1208,84.82,1902.3615,1.2589,0.169,0.7738,20.4853,1820.3635,17.0621
SYM1209,129.96,2023.9142,1.3063,0.2525,0.8419,25.1312,2359.888,27.874
SYM1210,132.89,1341.1129,1.3315,0.258,0.8812,24.4968,2317.6099,28.3171
SYM1211,162.24,1047.1255,1.2772,0.3121,0.8704,25.3466,2785.993,37.1985
SYM1212,123.12,2103.3672,1.2886,0.2326,0.8455,30.0073,1998.736,25.3539
SYM1213,150.1,1347.4906,1.221,0.2301,0.8911,26.301,2086.8692,24.9767
SYM1214,80.01,1188.5022,1.334,0.287,0.866,23.0115,2478.3217,32.7392
SYM1215,122.16,1567.58,1.1018,0.181,0.8416,25.5595,2011.2732,18.4237
SYM1216,123.12,1194.0021,1.1363,0.1551,0.884,19.4375,1890.8289,14.6842
SYM1217,125.02,706.0889,1.3923,0.3859,0.8982,25.8516,3494.512,47.8634
SYM1218,138.04,1005.1777,1.2279,0.2903,0.9075,29.1024,2953.1174,33.2535
SYM1219,128.01,1575.8,1.199,0.2658,0.8631,32.0882,2327.5569,29.5182
SYM1220,132.9,1219.1439,1.3786,0.264,0.8318,21.2118,2629.2655,30.2859
SYM1221,138.47,1667.8921,1.2149,0.2285,0.882,27.8882,2219.9702,24.5077
SYM1222,98.85,1855.0503,1.3052,0.1931,0.7994,23.2169,2025.1515,19.9072
SYM1223,99.98,1793.8795,1.2135,0.2567,0.8679,29.6851,2026.3265,28.3819
SYM1224,145.54,1250.9264,1.3445,0.287,0.863,27.3659,2405.298,32.9352
SYM1225,139.71,1198.8316,1.1974,0.2501,0.9049,27.9593,2302.6607,27.464
SYM1226,128.65,1664.5597,1.2126,0.2659,0.8583,25.4533,2655.6999,31.0722
SYM1227,122.99,1788.779,1.2786,0.3069,0.8398,27.4425,2143.5909,35.5912
SYM1228,98.07,1449.8718,1.2639,0.2263,0.8161,21.2801,2353.6375,25.2908
SYM1229,78.53,1537.922,1.1905,0.2649,0.919,23.9138,2062.0765,29.9138
SYM1230,99.01,2271.2069,1.5461,0.2436,0.8621,25.5142,2935.5678,27.6904
SYM1231,135.95,1146.9909,1.1777,0.14,0.8385,15.2083,2440.3914,13.1664
SYM1232,136.79,1102.381,1.1568,0.182,0.9116,16.5857,2235.7623,19.0241
SYM1233,107.01,1042.1878,1.4245,0.419,0.8802,33.3744,2886.7703,52.6586
SYM1234,123.75,1241.8447,0.9801,0.1768,0.8667,15.7211,2570.7001,18.9045
SYM1235,128.17,923.4574,1.279,0.2657,0.9078,28.0892,2787.0818,29.875
SYM1236,110.85,2149.0012,1.2489,0.205,0.8695,21.5957,2314.558,21.3017
SYM1237,154.73,2121.532,1.2539,0.2387,0.8854,26.9318,2132.3051,26.0412
SYM1238,95.0,1079.9901,1.2382,0.2584,0.8344,23.4508,2764.3777,29.2126
SYM1239,100.91,1762.2751,1.3389,0.2573,0.8387,28.4481,2187.8404,28.7221
SYM1240,129.57,1691.8905,1.2299,0.2464,0.8804,26.6723,2331.2618,27.8433
SYM1241,144.47,1359.5905,1.2903,0.2944,0.8291,25.3448,2663.9004,35.4868
SYM1242,154.35,1553.3018,1.1883,0.2005,0.9088,26.478,2243.6777,20.9218
SYM1243,106.65,2548.0895,1.2586,0.2683,0.7903,31.28,2399.2817,29.881
SYM1244,123.64,1313.0401,1.1905,0.2589,0.909,26.793,2307.1866,28.5593
SYM1245,92.99,1831.7317,1.1966,0.2992,0.8081,39.699,2004.2613,34.6815
SYM1246,114.73,1641.482,1.1648,0.2488,0.8681,30.7397,2189.9335,28.0894
SYM1247,146.48,1582.6578,1.2937,0.2316,0.8831,25.8233,2263.7931,24.8189
SYM1248,99.12,1681.2802,1.2967,0.2198,0.805,25.5229,2299.7052,23.9247
SYM1249,87.05,2133.381,1.1692,0.2191,0.8985,27.3517,1677.0942,23.0725
SYM1250,104.38,2355.776,1.298,0.2841,0.8537,40.0591,2379.0706,32.1635
SYM1251,112.34,1284.4954,1.1768,0.2476,0.9007,26.4252,2283.8664,27.4039
SYM1252,129.94,1760.0495,1.2741,0.278,0.8459,35.8933,2207.3499,31.5561
SYM1253,141.0,2011.5556,1.3668,0.2694,0.7897,23.8375,2458.022,30.0639
SYM1254,96.9,1819.2798,1.2418,0.2831,0.8467,33.1281,2151.5439,32.3792
SYM1255,100.01,1983.2557,1.2852,0.2347,0.8572,31.7655,2279.7256,25.7526
SYM1256,106.51,1483.1184,1.2883,0.2339,0.8725,23.2583,2613.7591,25.689
SYM1257,106.81,1232.4624,1.3205,0.2166,0.9325,24.9276,2638.5295,22.9919
SYM1258,138.86,1048.572,1.4596,0.2638,0.8725,27.4443,2173.8197,28.9617
SYM1259,129.95,1590.1603,1.2832,0.2099,0.8956,24.248,2258.4227,21.8577
SYM1260,162.18,994.17,1.2562,0.2184,0.9154,20.3938,2482.5462,22.6654
SYM1261,123.08,955.8738,0.8832,0.2258,0.8797,19.9514,2111.1146,23.9163
SYM1262,84.98,2217.9854,1.3566,0.2501,0.8217,32.7249,2425.2174,28.0924
SYM1263,150.65,432.4183,0.8214,0.0826,0.925,8.5027,2496.0716,6.2675
SYM1264,161.63,1875.8165,1.4493,0.279,0.8412,26.9913,2566.3305,31.8266
SYM1265,87.0,1401.3693,1.2416,0.2895,0.8363,23.3021,2399.6511,33.0968
SYM1266,90.01,897.7389,1.3561,0.2541,0.9117,19.8638,2917.7514,29.3691
SYM1267,126.88,1407.6709,1.1715,0.236,0.9039,24.5825,2440.9476,25.6122
SYM1268,93.69,1360.3208,1.094,0.2654,0.8735,27.9731,2058.9815,31.0784
SYM1269,89.81,1682.6361,1.1886,0.2083,0.7948,22.0075,2263.1926,23.1776
SYM1270,134.57,1949.0691,1.3327,0.3239,0.8139,35.6815,2596.4498,39.8129
SYM1271,139.76,1707.17,1.3129,0.2304,0.855,23.9786,2521.5024,25.3965
SYM1272,100.97,1172.7038,1.3439,0.2213,0.9073,20.7036,3060.7964,24.4346
SYM1273,93.97,2049.6178,1.235,0.2347,0.7955,30.5235,2059.3621,26.1757
SYM1274,129.76,2056.1798,1.2604,0.281,0.7758,29.3754,2557.9234,34.4688
SYM1275,132.83,1274.9627,1.139,0.2177,0.931,26.2536,2369.5548,23.0648
SYM1276,166.59,1670.5267,1.4187,0.1737,0.924,22.5454,2636.4957,16.2598
SYM1277,138.35,1473.2325,1.1267,0.2542,0.9019,31.3829,2275.2447,27.8472
SYM1278,95.97,1460.0273,1.3024,0.1896,0.9472,29.8319,2238.1818,18.7521
SYM1279,111.73,1670.4787,1.1525,0.2841,0.8856,34.5386,1964.7808,32.2539
SYM1280,144.04,2609.3095,1.4495,0.2803,0.7706,38.7616,2507.7889,33.1682
SYM1281,151.65,1541.1781,1.2516,0.2412,0.9079,25.9464,2532.9353,26.1441
SYM1282,109.84,2826.9112,1.3967,0.2226,0.8292,32.1955,2507.6382,24.0045
SYM1283,112.94,1863.8636,1.4404,0.2129,0.8533,24.424,2369.8154,21.9987
SYM1284,139.87,1405.7737,1.1756,0.2758,0.8382,38.2938,2148.8424,30.7694
SYM1285,112.34,939.0394,1.3906,0.3713,0.8897,25.38,3211.7315,46.0565
SYM1286,135.22,1163.99,1.4146,0.3484,0.8303,22.8453,3154.2214,43.7293
SYM1287,142.41,2175.4117,1.338,0.281,0.8266,34.5754,2603.7011,33.2562
SYM1288,89.01,1432.4799,1.2816,0.3618,0.7646,28.2583,2943.28,45.8155
SYM1289,70.95,1729.2274,1.3937,0.3321,0.7915,29.7297,2848.7597,41.9831
SYM1290,143.07,1176.8667,1.3774,0.2903,0.8302,26.8181,2986.4253,34.592
SYM1291,154.88,761.8632,1.341,0.324,0.9419,21.672,3050.5741,38.0381
SYM1292,143.93,1487.2603,1.4154,0.3085,0.784,31.3532,2979.2785,37.6389
SYM1293,147.86,2363.5456,1.1238,0.2928,0.7875,50.7708,1681.5277,32.8036
SYM1294,93.96,1255.8656,1.2331,0.2866,0.8966,28.2981,2481.022,33.9351
SYM1295,97.85,1315.9247,1.0916,0.2782,0.8291,25.3737,2198.1812,33.5678
SYM1296,90.85,1029.9769,1.1622,0.2911,0.9079,26.2736,2515.1136,34.0375
SYM1297,121.98,797.3786,1.3006,0.2859,0.8886,28.7858,2346.803,32.4692
SYM1298,137.21,1116.5425,1.1503,0.3194,0.8034,30.4811,2644.7858,37.9985
SYM1299,146.17,1363.9004,1.3994,0.2657,0.2671,20.091,2881.4214,30.2483
SYM1300,87.16,953.9853,0.8283,0.241,0.9251,25.1844,1760.5298,25.7829
SYM1301,103.86,917.8797,1.3265,0.1696,0.9195,15.7871,2832.9185,16.3928
SYM1302,105.76,1592.1387,1.1852,0.237,0.9282,30.8898,2047.2828,25.1271
SYM1303,132.87,1407.4912,1.1917,0.2608,0.874,31.4007,2159.3521,29.2668
SYM1304,120.1,2079.756,1.3301,0.3068,0.8127,33.7411,2452.0712,35.4315
SYM1305,133.79,1334.6102,1.3159,0.2458,0.89,24.4533,2546.8376,26.8381
SYM1306,128.76,797.3852,1.1545,0.2181,0.9472,18.7409,3212.5344,23.3864
SYM1307,138.46,769.6844,1.198,0.1744,0.9631,18.5308,2299.5693,16.7804
SYM1308,142.93,2617.4409,1.2141,0.1474,0.8077,23.1238,1950.1559,14.1554
SYM1309,132.87,1697.9031,1.2122,0.215,0.8472,26.051,1764.659,22.572
SYM1310,105.76,1592.1387,1.1852,0.237,0.9282,30.8898,2047.2828,25.1271
SYM1311,105.08,2289.8314,1.0779,0.3141,0.8965,45.6787,1796.3712,37.4706
SYM1312,140.52,1632.0771,1.2784,0.3022,0.8783,35.6955,2140.1155,34.6098
SYM1313,79.67,2552.3326,1.3212,0.2747,0.8043,33.9381,2240.9795,31.5405
SYM1314,93.89,1852.583,1.1958,0.2005,0.8083,22.8574,1871.0162,21.6608
SYM1315,83.93,848.0353,1.2128,0.2509,0.9581,18.013,2302.3266,27.975
SYM1316,142.15,1021.1965,1.2163,0.1264,0.9066,9.0692,2314.6153,10.9958
SYM1317,161.62,2131.1802,1.2943,0.2856,0.9077,38.651,2043.5607,32.674
SYM1318,104.9,1645.9056,1.2341,0.2279,0.9026,32.2353,2160.7815,24.2038
SYM1319,125.97,702.6782,1.1543,0.3368,0.9444,35.7217,2452.1153,40.1242
SYM1320,136.62,1015.4069,1.1798,0.296,0.9257,33.066,2402.4849,33.8983
SYM1321,80.07,1255.4216,1.1724,0.289,0.9398,30.3161,2239.8539,32.7322
SYM1322,89.89,1536.1121,1.1229,0.21,0.9422,24.373,2158.6547,22.061
SYM1323,88.18,826.0512,1.528,0.1586,0.9519,12.8726,1831.9184,14.2814
SYM1324,161.9,1397.0061,1.2798,0.0708,0.7725,9.1268,2479.3699,5.3168
SYM1325,109.9,2928.1562,1.2605,0.1609,0.7787,18.6308,2137.4758,16.5869
SYM1326,132.31,2197.3417,1.147,0.2353,0.755,27.5564,2076.6363,27.2627
SYM1327,111.01,1251.2712,1.0465,0.287,0.8836,35.672,2089.3658,33.2642
SYM1328,161.93,1211.6788,1.3251,0.3261,0.9216,31.7722,2714.2159,38.8134
SYM1329,156.27,1978.0997,1.1018,0.2068,0.8854,30.2168,1784.3833,21.4942
SYM1330,144.82,1794.653,1.301,0.273,0.8828,32.1656,2271.1359,30.5165
SYM1331,83.87,1119.1166,1.1672,0.2711,0.9283,29.4685,2497.1662,30.2297
SYM1332,107.95,2913.6679,1.1228,0.2569,0.8572,41.6481,1846.6184,28.3865
SYM1333,172.27,2223.8355,1.1697,0.2236,0.8544,32.0693,1997.1016,24.2285
SYM1334,139.98,1436.9837,1.1849,0.2974,0.8706,40.1531,2155.477,34.3961
SYM1335,125.97,702.6782,1.1543,0.3368,0.9444,35.7217,2452.1153,40.1242
SYM1336,114.88,1504.2062,1.2987,0.256,0.8859,24.4218,2917.8852,29.1367
SYM1337,162.72,1014.4902,0.98,0.1729,0.9101,20.8319,1690.2411,17.7275
SYM1338,142.17,2464.9656,1.1209,0.2327,0.8712,39.0828,1864.2397,25.4816
SYM1339,151.13,2088.6678,1.1479,0.2395,0.87,36.9428,2052.2227,26.68
SYM1340,97.92,1550.9838,1.2662,0.211,0.9187,28.4014,1964.2503,22.6548
SYM1341,147.83,1117.8596,0.885,0.2019,0.9,25.4218,1942.1363,22.2912
SYM1342,86.45,1359.911,1.3828,0.1169,0.9021,12.821,2473.7539,9.9966
SYM1343,126.0,673.6703,1.2197,0.3529,0.9469,37.2884,2587.3575,41.9567
SYM1344,90.04,1677.1607,1.2124,0.2458,0.8354,23.1553,2258.0922,28.2029
SYM1345,172.27,1932.0497,1.1586,0.2423,0.8915,29.9188,2699.9381,26.5008
SYM1346,99.78,1072.0488,1.2777,0.0986,0.9043,9.3729,2555.9449,7.9294
SYM1347,92.06,700.9029,1.1501,0.2845,0.9549,25.6162,2309.8409,32.055
SYM1348,144.63,804.5792,1.1661,0.26,0.9074,29.4753,2354.2635,29.2059
SYM1349,101.98,1507.9435,1.2877,0.2419,0.8886,31.572,2228.1533,26.6288
SYM1350,82.57,2477.1951,1.1428,0.1784,0.7478,28.5148,1588.7456,18.1392
SYM1351,73.92,1565.5225,1.22,0.1732,0.8817,21.9783,2219.6941,18.4105
SYM1352,72.46,2050.2261,1.1693,0.2258,0.9031,38.6692,1816.7366,24.2807
SYM1353,83.93,848.0353,1.2128,0.2509,0.9581,18.013,2302.3266,27.975
SYM1354,90.02,1663.9415,1.494,0.2817,0.8574,31.8141,2441.0902,33.0156
SYM1355,161.9,1397.0061,1.2798,0.0708,0.7725,9.1268,2479.3699,5.3168
SYM1356,101.99,895.2621,1.291,0.2607,0.9097,21.7206,2802.7431,29.9601
SYM1357,101.96,1563.766,1.449,0.2364,0.8614,24.6695,2868.569,26.6769
SYM1358,123.47,939.5506,1.1285,0.2428,0.9286,27.1346,2272.2324,26.5072
SYM1359,162.35,1281.8635,1.1542,0.277,0.9077,28.5163,2215.481,31.352
SYM1360,97.99,1031.1083,1.0186,0.2716,0.91,32.6093,2250.9693,30.6729
SYM1361,134.0,1063.0009,1.3122,0.3934,0.8974,41.3902,2400.1657,48.2537
SYM1362,150.37,1077.4449,1.1382,0.2224,0.8889,24.1314,2175.1956,24.0943
SYM1363,111.88,2430.5958,1.3516,0.2575,0.8169,33.8367,2125.0952,28.962
SYM1364,139.98,1449.5744,1.3236,0.2448,0.87,27.6286,2464.3128,27.8925
SYM1365,88.18,826.0512,1.528,0.1586,0.9519,12.8726,1831.9184,14.2814
SYM1366,77.97,1447.3006,1.131,0.1541,0.8504,23.7713,1414.2494,14.2797
SYM1367,89.28,2374.5863,1.1537,0.1624,0.7839,32.7619,1347.0221,15.7304
SYM1368,156.28,1413.0412,1.3748,0.2315,0.9141,22.4066,2535.7434,25.6512
SYM1369,139.89,1125.1871,1.1121,0.2428,0.9145,22.8979,2480.7554,26.7644
SYM1370,86.86,1639.904,1.2587,0.1799,0.7558,18.1008,1167.3561,17.7862
SYM1371,78.51,1552.8693,1.2617,0.2726,0.8656,24.4263,2058.103,32.2652
SYM1372,139.78,1337.7276,1.1898,0.287,0.9133,32.7857,2794.8067,34.1394
SYM1373,97.94,1474.6602,1.2345,0.24,0.9173,28.8338,2049.6095,27.2841
SYM1374,86.86,1639.904,1.2587,0.1799,0.7558,18.1008,1167.3561,17.7862
SYM1375,135.76,1423.1927,1.1802,0.2225,0.8901,27.569,1560.1124,23.5033
SYM1376,136.6,1053.4769,1.2229,0.2129,0.9285,21.5182,2154.9353,22.6555
SYM1377,88.09,1071.8564,1.4352,0.2276,0.9183,19.2655,2303.4996,24.708
SYM1378,172.27,4136.5047,1.2957,0.1568,0.6547,34.9358,1883.6658,14.6867
SYM1379,138.09,1585.3138,1.1813,0.3305,0.8269,36.5061,2557.6893,39.165
SYM1380,178.21,1617.8514,1.009,0.1389,0.7941,15.9894,2107.7935,13.7017
SYM1381,117.92,1494.0428,1.2169,0.0244,0.1983,3.1101,2198.7385,1.2673
SYM1382,129.97,1990.3853,1.0935,0.1598,0.8513,25.6291,1779.676,15.764
SYM1383,139.06,1618.5745,1.1688,0.1325,0.8156,12.2212,2340.5716,12.1295
SYM1384,119.08,1504.2338,1.3585,0.1856,0.7957,19.9239,2376.0942,19.3767
SYM1385,95.48,1569.4292,1.3053,0.1966,0.8968,21.1479,2471.6082,20.1588
SYM1386,118.39,1832.3001,1.2998,0.1151,0.7797,14.1773,2551.8651,10.5899
SYM1387,114.68,1300.4562,0.8882,0.0875,0.8951,15.2743,1550.0693,6.8728
SYM1388,123.62,3144.4227,1.3372,0.0924,0.5485,10.0134,2647.8369,8.4274
SYM1389,151.22,1405.8212,1.3203,0.1195,0.7483,11.1407,2584.8716,10.9421
SYM1390,93.5,1047.5321,1.3017,0.1658,0.8959,11.9576,2672.8259,16.423
SYM1391,150.97,1281.2328,1.2005,0.1559,0.82,18.6257,2198.7049,15.219
SYM1392,84.91,1430.3074,1.0586,0.1077,0.8951,14.7626,2313.4395,9.3981
SYM1393,152.02,1370.4325,1.2979,0.1921,0.8404,22.1569,2682.7242,20.084
SYM1394,116.83,1595.6662,1.142,0.0904,0.8065,14.138,1968.8257,7.6803
SYM1395,90.0,1233.1448,0.9344,0.1382,0.9008,19.2834,1953.6297,12.6875
SYM1396,172.27,1018.8031,1.044,0.1428,0.9359,16.6196,2325.6882,13.4426
SYM1397,87.96,1006.6758,1.1208,0.1288,0.9302,19.7065,2027.5644,11.2736
SYM1398,119.96,2008.0365,1.1008,0.0861,0.852,16.7364,1937.1326,6.801
SYM1399,129.69,1438.7353,1.0931,0.163,0.914,23.8553,1939.6692,16.1519
SYM1400,103.0,2617.0934,1.4582,0.1573,0.8297,26.7266,2735.7558,15.3424
SYM1401,95.98,1326.3969,1.2695,0.1735,0.8455,18.0684,2222.3398,17.7139
SYM1402,72.96,1465.5563,1.0283,0.0777,0.8513,12.7011,2079.3205,6.0035
SYM1403,86.19,2083.7448,1.0214,0.0634,0.7824,12.7241,1857.5261,4.7345
SYM1404,153.41,1346.7866,1.0778,0.0962,0.9306,14.318,2033.527,7.5781
SYM1405,84.0,1109.5428,1.0338,0.2128,0.8633,14.3322,2798.8305,23.7463
SYM1406,122.9,891.1251,0.9238,0.1481,0.9045,16.129,1813.4576,14.7541
SYM1407,130.27,2359.177,1.1907,0.1871,0.7148,28.5553,2123.3713,19.8011
SYM1408,129.9,1550.0791,1.1365,0.1588,0.8557,26.005,2365.9956,15.2704
SYM1409,130.27,2359.177,1.1907,0.1871,0.7148,28.5553,2123.3713,19.8011
SYM1410,133.01,1876.6563,1.0782,0.2112,0.8388,28.1316,1842.429,22.1967
SYM1411,151.17,1706.9738,1.1081,0.0642,0.8429,10.8098,1627.6502,4.3891
SYM1412,101.48,2310.3236,1.3153,0.1226,0.7041,16.5955,2173.3607,11.3975
SYM1413,85.92,1926.1204,1.3282,0.1076,0.8381,18.8944,2505.8242,9.0147
SYM1414,150.16,1401.9775,1.2442,0.253,0.8231,20.8129,2331.4532,28.7153
SYM1415,91.42,1422.1206,1.2363,0.241,0.863,31.0778,2195.2509,25.556
SYM1416,112.86,881.2337,1.3804,0.182,0.8941,16.7148,3108.8434,18.5891
SYM1417,118.2,1065.5876,1.2086,0.152,0.8642,13.3908,2671.4353,15.2495
SYM1418,90.05,532.4364,0.9993,0.2714,0.965,29.4176,2442.6562,29.9734
SYM1419,146.13,1049.807,1.1771,0.197,0.8406,20.3115,2444.1144,20.6374
SYM1420,139.94,1916.298,1.3951,0.1881,0.7293,19.5943,1561.4225,19.0643
SYM1421,104.91,2159.2374,1.1687,0.1291,0.8019,19.5477,1736.5654,11.6279
SYM1422,92.08,1798.8288,0.9241,0.0956,0.8618,15.8934,1660.6192,7.97
SYM1423,116.75,1515.2336,1.1588,0.1431,0.8943,24.8418,2020.5826,13.0938
SYM1424,138.04,1526.0951,1.1336,0.1795,0.9106,25.7166,1949.1329,17.7752
SYM1425,95.88,788.7305,1.0309,0.1259,0.9394,14.7482,2365.2454,11.2353
SYM1426,114.46,1061.0456,0.9637,0.1358,0.9252,15.9326,2176.4399,12.6846
SYM1427,119.98,1464.5928,1.1202,0.2437,0.901,25.7037,2076.1272,26.408
SYM1428,129.73,926.6164,1.1962,0.1343,0.9272,12.7725,2463.2711,12.2164
SYM1429,122.01,1397.6731,1.0998,0.0827,0.8793,9.607,2007.9305,6.6752
SYM1430,109.11,1239.2543,1.4145,0.1602,0.8436,16.7704,2095.1757,15.2687
SYM1431,143.97,1205.8854,1.058,0.2328,0.8638,24.8091,2250.41,25.7513
SYM1432,117.78,2095.9023,1.1378,0.0834,0.8781,14.0776,1885.9592,6.5945
SYM1433,145.97,1861.3732,1.0832,0.1912,0.8557,33.2154,2042.7079,19.9816
SYM1434,122.17,2324.4842,1.3248,0.1169,0.8133,13.0743,2552.7706,11.5818
SYM1435,122.9,1829.7594,1.0592,0.12,0.8406,21.1211,1772.8889,10.5802
SYM1436,97.9,1479.7638,1.3995,0.229,0.861,18.7651,3127.7802,24.6241
SYM1437,92.04,798.0566,1.0045,0.1338,0.9635,14.6504,2137.4629,11.8264
SYM1438,136.0,662.7676,1.0885,0.2902,0.9223,14.5107,3170.1039,33.4107
SYM1439,155.6,1651.8251,0.9957,0.1627,0.9197,24.1067,1977.9351,15.8056
SYM1440,87.09,724.4106,1.2969,0.2494,0.8718,14.8462,3495.7691,27.0653
SYM1441,90.63,1319.5493,0.9345,0.0716,0.9131,11.1723,1773.0732,5.0199
SYM1442,90.94,2109.7921,1.3228,0.1906,0.7967,18.3195,2725.7098,19.6422
SYM1443,89.48,2555.4165,1.3723,0.1549,0.7254,17.8107,2742.9055,15.7867
SYM1444,123.81,2503.5025,1.5037,0.2556,0.8099,18.9081,2843.4474,30.9133
SYM1445,136.75,2358.3008,1.2117,0.1478,0.7513,21.0384,2295.8688,15.1199
SYM1446,123.05,2118.8599,1.3295,0.1726,0.8306,18.1855,2640.7717,17.4704
SYM1447,139.85,1361.731,1.1435,0.1476,0.8987,25.5214,1948.3571,13.7725
SYM1448,112.49,1076.6844,0.8622,0.1342,0.9068,14.7788,1569.5519,11.956
SYM1449,85.56,2168.7759,1.0304,0.0806,0.7133,13.441,2049.9947,7.2322
SYM1450,116.74,1870.185,1.208,0.1293,0.8614,20.2832,2538.703,11.9124
SYM1451,142.93,1469.7711,1.015,0.1687,0.8889,23.6356,2129.1163,17.5255
SYM1452,129.48,1053.6894,1.023,0.1693,0.9305,20.1043,2046.6741,16.8619
SYM1453,109.91,1356.0804,1.4714,0.2836,0.9011,20.9739,3458.2457,32.4514
SYM1454,95.98,772.4989,1.0462,0.1913,0.9468,20.7575,2052.5605,18.9859
SYM1455,172.27,1106.6103,1.118,0.1401,0.9509,19.2745,1822.8439,12.7058
SYM1456,83.51,1133.3251,1.1402,0.1929,0.9077,25.625,2401.3073,19.6356
SYM1457,118.47,2938.4322,1.2211,0.1403,0.8648,21.3027,2578.3859,13.6954
SYM1458,117.52,785.0738,1.1513,0.1837,0.9465,17.71,2116.8954,17.7753
SYM1459,136.6,1390.5506,0.9518,0.0737,0.8755,11.9779,1516.1035,5.4111
SYM1460,155.35,1496.177,1.093,0.1421,0.8926,18.1016,1704.5695,12.7354
SYM1461,152.41,1055.337,0.9776,0.1924,0.9306,26.5873,2406.5008,19.7203
SYM1462,134.93,1176.5242,1.0885,0.1629,0.9242,22.266,2042.4384,15.8802
SYM1463,99.67,2299.7033,1.1126,0.1427,0.8332,21.9743,1846.5988,13.5096
SYM1464,91.64,1099.1859,1.0268,0.1622,0.8855,19.8187,1779.0485,15.8066
SYM1465,162.98,1515.1802,1.0952,0.1379,0.9055,22.4158,1736.4723,12.8707
SYM1466,116.83,1595.6662,1.142,0.0904,0.8065,14.138,1968.8257,7.6803
SYM1467,136.03,1620.6209,1.1805,0.1615,0.8905,21.7394,2343.1475,15.9935
SYM1468,163.81,1418.7402,1.0467,0.1533,0.9156,21.1661,1718.1667,14.9205
SYM1469,95.73,881.5092,0.9769,0.199,0.9049,20.068,2193.8483,21.1805
SYM1470,155.96,2853.2521,1.5681,0.1826,0.7591,18.3394,2404.9709,19.6224
SYM1471,101.83,1355.4765,1.1142,0.1226,0.8823,13.998,2477.4654,11.6674
SYM1472,89.87,3164.114,1.3226,0.213,0.7931,35.7498,1838.9171,22.3306
SYM1473,122.96,976.7183,1.0647,0.2167,0.9179,22.9677,2000.4939,23.6382
SYM1474,95.07,958.7141,1.0993,0.2228,0.9319,20.5401,2557.2518,24.8032
SYM1475,122.1,1310.1673,1.1043,0.2141,0.9106,25.0377,2355.1425,23.473
SYM1476,123.03,1450.9696,0.9965,0.2777,0.9325,33.7851,1514.8093,30.8701
SYM1477,120.06,1000.1083,1.0019,0.218,0.8777,22.2181,1859.4134,23.6002
SYM1478,91.72,775.6624,1.1141,0.3311,0.9241,36.0014,2444.3526,38.8415
SYM1479,99.73,1216.8909,1.3377,0.2686,0.8396,25.4347,2094.6388,30.2807
SYM1480,153.5,1012.2378,0.9768,0.1719,0.9295,21.4877,1892.9662,17.2162
SYM1481,104.86,1104.1021,1.065,0.1846,0.9418,23.4027,1989.9134,18.2881
SYM1482,87.06,2028.4483,1.0838,0.2643,0.8351,45.3097,1916.1598,29.1925
SYM1483,116.34,887.865,0.9849,0.2044,0.9478,21.9169,1752.6825,20.7708
SYM1484,116.36,1243.7932,1.2071,0.2828,0.8585,25.8734,2121.311,32.3867
SYM1485,99.99,1603.0688,1.0846,0.2254,0.9033,32.9189,2145.7843,23.5553
SYM1486,87.03,1081.9062,1.0463,0.1915,0.9106,29.7386,1914.7189,19.4571
SYM1487,106.84,1153.2701,1.2388,0.2141,0.9049,19.2196,2556.2847,23.4852
SYM1488,111.87,835.2276,1.0616,0.2306,0.9125,22.1344,2177.1239,25.2887
SYM1489,94.97,732.6465,1.3598,0.1614,0.8997,14.7151,2452.0753,15.218
SYM1490,107.97,1368.4608,1.0982,0.2806,0.8729,30.4482,2077.1323,31.299
SYM1491,135.01,950.5355,1.1109,0.267,0.9166,27.9871,1882.6212,29.5386
SYM1492,143.79,1016.9665,1.0963,0.2344,0.9376,22.0152,2113.2069,25.3266
SYM1493,89.92,2125.5241,1.3421,0.2843,0.7287,37.5607,2224.8971,32.0601
SYM1494,163.32,1027.4356,1.0095,0.1889,0.8545,16.9215,1671.9212,19.2003
SYM1495,172.27,838.3315,1.0553,0.2312,0.9455,23.4196,2162.1439,24.4087
SYM1496,119.99,1453.5652,1.2384,0.233,0.8987,26.3313,2072.4979,24.4887
SYM1497,83.75,1230.975,1.11,0.2512,0.9073,25.7897,1984.6524,27.971
SYM1498,93.77,953.3485,1.1963,0.2836,0.9344,24.2426,2153.8647,32.0608
SYM1499,109.85,825.5039,0.9528,0.2124,0.9009,22.5847,1912.3303,22.7296
SYM1500,123.93,803.1675,1.0606,0.2289,0.9211,22.4331,2251.2541,24.7683
SYM1501,129.77,886.4165,1.0003,0.2396,0.9385,20.268,2291.4478,26.7456
SYM1502,103.53,1001.8801,1.1061,0.2686,0.9101,21.7045,2525.5603,30.3526
SYM1503,135.98,1160.5597,1.3038,0.253,0.9171,28.0746,2566.1786,27.7351
SYM1504,118.61,642.3923,1.0602,0.3122,0.9177,20.117,2469.5035,36.8483
SYM1505,94.86,856.8117,1.2404,0.2846,0.9526,20.7665,2354.8642,32.5026
SYM1506,127.03,816.3801,1.0125,0.2503,0.96,25.4325,2125.1425,27.2224
SYM1507,99.66,859.1911,1.2268,0.2443,0.9389,20.1545,2334.2536,26.8386
SYM1508,150.85,941.6536,1.0593,0.2522,0.9415,26.6562,1860.3349,27.4511
SYM1509,90.02,1485.1515,1.1323,0.2268,0.8682,30.689,2300.455,24.4635
SYM1510,136.28,811.681,1.0053,0.2731,0.9355,24.6256,2126.2255,30.3899
SYM1511,128.85,827.2322,1.058,0.2523,0.9214,22.6333,2331.4479,28.7659
SYM1512,119.81,953.0786,1.1817,0.2455,0.8989,24.9024,2587.6356,27.3436
SYM1513,129.6,974.2391,1.235,0.2496,0.8596,24.6796,2333.7957,28.0814
SYM1514,114.73,1263.1892,1.2373,0.2939,0.8558,26.7886,2286.326,34.1125
SYM1515,95.08,1097.4531,1.1732,0.2531,0.918,22.8251,2683.2882,29.0213
SYM1516,146.01,1010.7952,1.0661,0.1767,0.9496,24.0792,2441.4238,17.1588
SYM1517,99.92,584.5494,0.9488,0.1981,0.9563,14.9782,1828.4113,20.3713
SYM1518,94.93,1668.462,1.1644,0.2246,0.8269,36.3201,1684.5546,23.4063
SYM1519,139.98,1546.6118,1.2911,0.1624,0.7134,17.2745,2092.2566,16.8788
SYM1520,95.87,984.1377,1.1711,0.0904,0.917,15.0328,1666.7461,6.9584
SYM1521,95.32,1226.9968,0.8805,0.1259,0.9206,13.8046,1724.0977,11.2883
SYM1522,83.95,1204.8721,0.9705,0.2119,0.9124,28.9655,1701.5232,22.1012
SYM1523,99.95,1089.1153,1.2171,0.1333,0.9019,17.1713,2075.3939,11.9034
SYM1524,120.06,1000.1083,1.0019,0.218,0.8777,22.2181,1859.4134,23.6002
SYM1525,89.6,1599.8134,1.0229,0.191,0.9559,35.0621,1390.4913,18.4475
SYM1526,153.59,1012.2378,0.9768,0.1719,0.9295,21.4877,1892.9662,17.2162
SYM1527,162.36,872.9224,1.194,0.1703,0.9248,21.0801,2034.7883,16.4823
SYM1528,119.99,1041.0506,0.9706,0.135,0.8731,17.0482,1679.9505,12.1596
SYM1529,83.75,1230.975,1.11,0.2512,0.9073,25.7897,1984.6524,27.971
SYM1530,152.29,693.439,0.9879,0.1608,0.931,15.9153,1865.2695,15.4667
SYM1531,131.08,768.6497,1.0121,0.0924,0.9027,11.7406,1669.9848,7.4459
SYM1532,88.02,820.4476,1.0362,0.2555,0.9525,37.7487,2366.648,28.1896
SYM1533,100.97,1392.8123,1.0365,0.1134,0.8812,18.7172,2208.0481,10.0533
SYM1534,113.94,1565.3351,1.2378,0.1927,0.8865,26.6189,2137.859,19.9417
SYM1535,88.02,820.4476,1.0362,0.2555,0.9525,37.7487,2366.648,28.1896
SYM1536,148.09,1870.9476,1.2864,0.2624,0.8486,38.1582,1875.4008,28.8339
SYM1537,87.92,958.9777,1.1505,0.2391,0.9601,28.5435,2363.2729,25.6198
SYM1538,98.17,1880.3218,1.3002,0.2194,0.9247,38.5403,2159.3394,22.9295
SYM1539,92.97,879.2764,1.0534,0.222,0.9555,26.5022,2158.2918,22.9642
SYM1540,119.1,1467.4549,1.3039,0.0685,0.8292,13.0643,1965.6367,4.9068
SYM1541,92.08,1876.4971,1.4061,0.1039,0.7725,13.7485,2625.3822,9.0163
SYM1542,99.89,855.9501,1.1273,0.2273,0.9375,27.2617,2250.474,23.9509
SYM1543,93.45,1755.7506,1.3058,0.1906,0.8848,29.8579,2590.1976,19.07
SYM1544,96.13,1028.0113,1.1453,0.2142,0.917,29.4355,2082.8088,23.2537
SYM1545,113.15,924.0249,1.075,0.1996,0.9381,27.5945,2372.6478,20.6278
SYM1546,88.02,820.4476,1.0362,0.2555,0.9525,37.7487,2366.648,28.1896
SYM1547,83.98,1078.0177,1.0589,0.1538,0.9363,18.8524,2186.9175,15.5782
SYM1548,88.07,778.0996,1.1729,0.313,0.9508,31.2463,2312.8155,36.6456
SYM1549,102.69,2000.1133,1.1738,0.1666,0.8903,30.1877,2421.4519,16.2655
SYM1550,106.91,2114.7576,1.3273,0.1321,0.8681,26.6977,2253.0495,11.7914
SYM1551,89.93,1482.1035,1.1901,0.245,0.9145,39.4079,2331.3425,26.6977
SYM1552,89.23,1005.2947,1.3295,0.1574,0.9429,15.824,2445.4334,14.9827
SYM1553,91.69,2366.8395,1.4483,0.1615,0.8307,21.3427,2731.0408,16.4811
SYM1554,178.21,964.2564,1.055,0.1246,0.9434,22.2633,2408.4017,10.7112
SYM1555,87.96,871.4254,1.0292,0.1324,0.9463,18.0953,2521.7487,11.8114
SYM1556,94.03,2777.9892,1.4067,0.1445,0.8625,20.8704,2730.2936,13.404
SYM1557,150.51,1269.0416,1.1558,0.1567,0.9388,19.8568,2113.0147,15.7226
SYM1558,149.14,1319.0305,1.3207,0.073,0.2795,7.7186,2948.0028,5.7075
SYM1559,97.03,1693.2241,1.2703,0.0718,0.8211,11.7406,2258.8153,5.2922
SYM1560,89.74,1511.1838,1.2421,0.1352,0.8514,15.3994,2703.679,12.8448
SYM1561,162.33,910.3723,1.1702,0.2508,0.9511,32.5961,2294.8097,26.9341
SYM1562,125.98,1239.4961,1.1755,0.2058,0.8471,19.4245,2155.0127,22.1934
SYM1563,95.03,1888.7061,1.2607,0.0719,0.818,11.4585,2533.5578,5.2583
SYM1564,90.99,2278.5185,1.3018,0.1828,0.8844,27.1195,2222.9695,18.5224
SYM1565,95.93,2210.509,1.2384,0.1546,0.8173,28.3543,2258.7329,14.9545
SYM1566,89.0,2567.6202,1.5549,0.1868,0.8525,20.9086,2837.7103,19.4061
SYM1567,89.75,1908.2829,1.5033,0.216,0.8818,21.386,3005.8782,23.2388
SYM1568,96.01,1160.1759,1.2663,0.2371,0.9223,26.6181,2209.3863,25.4278
SYM1569,86.96,1366.2175,1.1559,0.1408,0.8002,20.7491,2010.6863,13.6569
SYM1570,111.85,1105.2642,1.2723,0.2028,0.9284,21.4034,2163.8682,21.6203
SYM1571,91.96,1091.7072,1.1547,0.2306,0.9327,23.5366,2503.381,24.9774
SYM1572,89.99,1225.329,1.1947,0.2384,0.9088,32.4263,2269.4953,25.9128
SYM1573,88.03,1185.5712,1.0733,0.2053,0.9277,29.7667,2231.0158,21.0016
SYM1574,147.31,906.4387,1.1392,0.1947,0.9472,21.1977,2132.684,19.5868
SYM1575,90.97,1665.0006,1.3912,0.1953,0.928,21.9784,2672.1771,20.3484
SYM1576,114.03,635.2555,0.7549,0.1328,0.925,14.6771,1955.1751,12.4614
SYM1577,90.08,1714.164,1.3028,0.1758,0.8749,20.2495,2269.0671,18.0516
SYM1578,161.87,956.0451,1.1357,0.2669,0.9163,23.4189,2355.1357,29.6176
SYM1579,87.04,1517.1155,1.25,0.2072,0.9372,20.3195,2358.3,21.6401
SYM1580,91.96,1154.3073,1.3202,0.2729,0.8834,32.7282,2542.6609,31.3238
SYM1581,105.1,972.6117,1.2741,0.2663,0.9357,28.0221,2359.7007,29.5307
SYM1582,105.0,1080.4474,1.1951,0.0453,0.8631,7.2,2383.5123,2.9021
SYM1583,94.15,1423.5141,1.1924,0.2433,0.8516,35.6956,2244.3798,26.8879
SYM1584,96.03,1642.8723,1.1229,0.1703,0.8383,26.4126,2143.5654,16.803
SYM1585,91.97,1969.2969,1.1725,0.1742,0.8902,36.6618,2095.0535,16.5364
SYM1586,86.12,1419.527,1.0198,0.0484,0.9001,9.2019,1839.5182,3.1482
SYM1587,88.03,724.3256,0.9891,0.1293,0.9444,21.8721,2723.454,11.3576
SYM1588,87.99,2355.6894,1.305,0.1907,0.9184,24.8531,2297.5261,19.5494
SYM1589,107.97,1033.8537,1.1651,0.2831,0.8747,34.1046,2778.7907,31.9237
SYM1590,101.02,1846.9516,1.36,0.1944,0.8804,28.0698,2413.9742,19.7063
SYM1591,106.99,1398.671,1.2483,0.2464,0.892,28.415,2118.6679,26.659
SYM1592,166.27,1110.3072,1.1964,0.1892,0.9046,20.924,2244.3023,19.5207
SYM1593,91.93,859.4895,1.2555,0.1833,0.9232,21.2214,2612.8063,18.2589
SYM1594,99.98,1682.8032,1.0957,0.1847,0.8682,24.8837,2462.7094,18.9617
SYM1595,87.98,720.2403,1.2005,0.3258,0.9449,32.0279,2691.5685,38.1546
SYM1596,92.14,1066.3575,1.1451,0.2617,0.9303,30.0368,2322.7358,28.7836
SYM1597,163.19,1718.5103,1.1425,0.1356,0.9463,29.7948,2020.8844,12.0078
SYM1598,148.83,1097.6152,1.2011,0.164,0.9038,20.024,2080.635,15.9815
SYM1599,172.27,1111.6201,1.3914,0.229,0.8868,22.5041,2306.097,24.5053
SYM1600,94.02,1884.8998,1.3893,0.25,0.8547,29.4054,1990.3733,27.2939
SYM1601,86.09,1072.4421,1.115,0.2351,0.9327,24.4223,2038.584,25.4702
SYM1602,99.93,1819.0281,1.3264,0.1954,0.8731,31.4124,1929.0608,19.5878
SYM1603,146.11,1416.8351,1.1157,0.2844,0.9013,43.089,2106.3197,31.34
SYM1604,112.07,2344.8914,1.0021,0.0835,0.8432,20.6152,1831.9948,6.5319
SYM1605,114.47,1583.4829,1.1266,0.2191,0.935,37.1812,1870.8647,22.5027
SYM1606,113.98,1582.8875,1.409,0.2367,0.8366,28.2896,2429.9769,25.5678
SYM1607,150.27,1853.482,1.3003,0.3135,0.8817,33.4064,2433.9283,36.227
SYM1608,119.96,2583.0379,1.3428,0.2604,0.7843,36.3569,2164.7975,28.6117
SYM1609,93.96,2197.3683,1.4143,0.1333,0.859,20.3642,2167.7398,11.9849
SYM1610,82.5,1178.8988,1.3521,0.2594,0.9473,26.5675,2476.8274,28.2883
SYM1611,109.71,1496.1789,1.5659,0.2293,0.3306,27.3777,2134.4193,24.2522
SYM1612,132.0,1760.1795,1.5161,0.2185,0.3169,32.0896,2538.491,23.0163
SYM1613,92.97,2343.0437,1.3303,0.2142,0.8137,31.3075,1983.34,22.6337
SYM1614,120.0,1587.2744,1.3798,0.1813,0.8853,21.652,2061.9962,17.8316
SYM1615,92.01,1415.6439,1.3052,0.2008,0.9078,23.6115,2769.0184,20.648
SYM1616,86.57,3082.3014,1.3371,0.1513,0.7949,29.4201,2102.4015,14.0728
SYM1617,96.91,1523.604,1.2406,0.1879,0.9052,24.3133,2388.8652,19.3304
SYM1618,99.17,1310.3104,1.046,0.1638,0.9318,24.1917,1812.5208,16.0894
SYM1619,90.0,1142.5218,1.2209,0.1625,0.9196,18.003,3041.4718,15.9753
SYM1620,107.88,1986.4473,1.3637,0.2132,0.835,34.4701,2209.9117,22.5577
SYM1621,106.94,1400.5499,1.3116,0.2246,0.8901,31.7929,2135.4115,23.3743
SYM1622,129.92,1471.3258,1.3575,0.2164,0.9067,28.752,2050.5997,22.34
SYM1623,106.04,1036.4015,1.4001,0.1809,0.8835,13.714,2433.1522,18.0854
SYM1624,85.82,1930.45,1.3258,0.1028,0.8239,9.0207,2560.0198,9.1434
SYM1625,107.92,1584.9335,1.1313,0.1584,0.946,30.6395,2003.4884,14.5005
SYM1626,90.0,2082.3541,1.3674,0.2064,0.8005,37.1237,1690.6141,20.772
SYM1627,90.98,1504.7295,1.348,0.1777,0.9229,16.5307,2938.7275,18.4549
SYM1628,94.96,1177.0907,1.1152,0.3468,0.8581,28.4926,2390.6516,42.9036
SYM1629,99.95,1749.1962,1.2925,0.1809,0.8452,31.9416,2019.7805,17.8854
SYM1630,142.05,1031.8063,1.2296,0.2318,0.9198,23.0668,1927.2171,24.6994
SYM1631,99.9,1396.3592,1.3319,0.1669,0.7049,19.7564,2165.3315,16.7607
SYM1632,117.9,1055.1697,1.3045,0.3158,0.9047,33.0189,2655.8204,36.919
SYM1633,132.88,2087.0606,1.3183,0.214,0.8093,25.3223,2058.5571,23.2263
SYM1634,150.18,1441.114,1.2044,0.2414,0.933,25.8868,2157.6488,26.0176
SYM1635,150.02,1665.4925,1.4146,0.2034,0.9049,27.8135,2501.3722,21.3412
SYM1636,96.94,1680.5941,1.1448,0.228,0.9288,33.3052,2130.3608,24.6207
SYM1637,166.41,1775.2924,1.177,0.226,0.8915,27.4687,1804.4152,24.1992
SYM1638,129.98,1410.0144,1.4233,0.2647,0.8944,25.3225,2645.6859,29.9462
SYM1639,139.95,1269.0008,1.4187,0.27,0.8578,23.1719,2502.8355,30.5003
SYM1640,100.01,2108.9275,1.4036,0.2672,0.7416,33.4926,2295.8721,30.5497
SYM1641,120.09,1119.5685,1.1661,0.1492,0.9301,20.4618,2766.6513,13.498
SYM1642,143.43,1595.3992,1.2866,0.2661,0.7472,25.5194,2304.5138,31.4102
SYM1643,118.53,2281.2562,1.5966,0.2032,0.7502,25.4618,2133.7563,20.9625
SYM1644,125.05,1050.0455,1.0828,0.2632,0.9184,28.5517,1892.151,29.3929
SYM1645,125.12,810.8736,1.0851,0.2753,0.9486,34.8661,2432.188,30.736
SYM1646,92.85,2005.7167,1.2433,0.2285,0.7778,24.9546,2049.9337,25.3309
SYM1647,151.63,1183.0138,1.3117,0.3043,0.8876,33.7869,2444.4798,35.3778
SYM1648,117.88,1389.7043,1.2224,0.2951,0.9093,37.2297,2607.0053,33.8086
SYM1649,99.88,1999.8548,1.3741,0.2858,0.8649,33.0452,2387.612,32.6636
SYM1650,163.75,2331.3108,1.5265,0.2443,0.7519,30.4037,2319.9889,27.32
SYM1651,134.82,862.1865,1.1389,0.3275,0.9208,36.9963,2386.2615,38.7277
SYM1652,112.88,1085.8734,1.1631,0.2833,0.8984,28.5708,2243.6178,32.0579
SYM1653,97.07,1705.4051,1.4841,0.2923,0.8299,32.9056,2200.6155,33.5619
SYM1654,132.88,2087.0606,1.3183,0.214,0.8093,25.3223,2058.5571,23.2263
SYM1655,141.87,702.6848,1.2502,0.2291,0.97,22.6703,2295.2625,23.6768
SYM1656,90.02,1828.6019,1.3476,0.2789,0.8788,39.6583,2480.4478,31.0696
SYM1657,129.95,1221.5906,1.5945,0.3094,0.9162,28.3158,2733.7778,36.1946
SYM1658,172.27,1569.6461,1.1687,0.2332,0.8255,32.5955,1877.293,25.859
SYM1659,88.54,1284.1263,1.2922,0.273,0.9179,31.3303,2381.1682,30.356
SYM1660,143.67,1346.9447,1.573,0.2832,0.8993,27.4123,2365.8485,32.073
SYM1661,147.97,2228.2827,1.1939,0.2926,0.841,40.1982,2242.9495,33.5927
SYM1662,123.86,1168.56,1.4998,0.3299,0.8543,29.4518,2740.4042,39.7437
SYM1663,95.9,1778.0776,1.3211,0.1959,0.8603,28.2779,2247.69,20.637
SYM1664,124.99,1110.4301,1.4549,0.2801,0.9279,28.5885,2821.6611,32.1867
SYM1665,83.99,2082.7442,1.3336,0.3188,0.8465,41.542,2428.5286,37.2105
SYM1666,128.0,1616.1615,1.1842,0.3052,0.9233,38.4238,2029.0201,34.6495
SYM1667,109.87,1262.2435,1.2545,0.2519,0.95,25.0942,2165.5815,27.5047
SYM1668,88.01,1719.0871,1.2871,0.2328,0.893,31.9,2524.7635,25.2561
SYM1669,123.9,1066.4692,1.2302,0.2793,0.8885,27.2902,2748.5026,31.9355
SYM1670,123.88,1454.7064,1.3904,0.2316,0.8608,25.5472,2774.2477,25.2908
SYM1671,131.02,1368.659,1.2331,0.2662,0.9275,39.6981,2406.2054,29.3227
SYM1672,119.94,1048.4486,1.2251,0.2688,0.9259,35.3698,2238.2839,30.2474
SYM1673,99.89,1749.6995,1.333,0.2064,0.8673,26.8799,2179.4971,22.4
SYM1674,89.97,1555.5515,1.3666,0.2879,0.9194,33.7206,2458.2995,32.3704
SYM1675,83.0,1614.7782,1.2196,0.2038,0.9064,32.2853,2111.9767,21.1393
SYM1676,84.64,1962.6259,1.1177,0.1986,0.9205,32.0152,1928.1303,20.4495
SYM1677,79.79,881.931,1.3176,0.2975,0.9269,27.2946,2592.0562,34.3025
SYM1678,89.0,1685.2069,1.2604,0.2223,0.915,34.7714,2256.8988,23.6919
SYM1679,85.99,1176.809,1.1933,0.2387,0.9506,29.7143,2305.0692,25.6246
SYM1680,77.95,1366.5048,1.3221,0.2676,0.9316,27.3854,2835.6031,29.8144
SYM1681,120.01,1435.9872,1.2275,0.2252,0.8686,32.5157,2150.1867,24.7308
SYM1682,89.14,1558.4576,1.2277,0.2095,0.9252,30.6383,2182.5355,21.7104
SYM1683,155.94,1023.2305,1.2018,0.2708,0.9523,31.0699,2498.601,30.7819
SYM1684,139.93,1180.6214,1.3373,0.2762,0.9124,27.9484,2246.7041,30.6916
SYM1685,104.93,1161.0292,1.2107,0.1858,0.9067,25.9275,2379.4531,18.8208
SYM1686,97.79,1069.2128,1.0937,0.1189,0.9503,17.2833,1921.4744,10.9948
SYM1687,96.96,1591.2405,1.3537,0.2855,0.7613,35.4574,2383.4666,33.0798
SYM1688,95.05,1744.1598,1.408,0.2986,0.811,30.4324,2058.6381,34.6307
SYM1689,90.97,2109.1207,1.4152,0.2157,0.789,23.3419,2585.0648,24.1124
SYM1690,95.0,1797.8575,1.4561,0.25,0.8024,25.3786,2687.595,29.1844
SYM1691,92.1,1959.2367,1.3589,0.0446,0.8028,8.399,2253.8214,2.7989
SYM1692,135.07,1642.5069,1.3272,0.2914,0.8662,35.5135,2465.1255,33.2834
SYM1693,85.93,1619.0931,1.5314,0.262,0.8905,26.6846,2864.0744,30.3972
SYM1694,89.94,1341.008,1.3754,0.3075,0.8757,36.4264,2574.1007,35.4076
SYM1695,154.84,1980.7605,1.4582,0.2298,0.8219,20.2258,2653.6076,25.766
SYM1696,103.9,1483.3324,1.4126,0.2667,0.8681,35.0464,2794.513,29.9456
SYM1697,117.96,1484.2277,1.2458,0.267,0.8968,31.3781,2283.8815,30.5129
SYM1698,87.95,1463.2948,1.3184,0.3041,0.9133,32.3737,2642.3269,35.5067
SYM1699,99.78,1263.2489,1.1865,0.2342,0.9188,29.9091,2257.1656,25.1353
SYM1700,84.95,1590.628,1.1471,0.1855,0.9339,27.1637,2166.0689,18.7345
SYM1701,89.87,1668.5676,1.4113,0.277,0.8417,26.0162,2165.3952,31.8094
SYM1702,117.77,945.5363,1.2508,0.293,0.901,36.3647,2532.3844,33.5785
SYM1703,128.66,1898.7811,1.1786,0.202,0.9186,31.5643,1923.5932,20.5763
SYM1704,99.86,1491.4093,1.2746,0.2555,0.8912,38.7886,2127.749,28.3611
SYM1705,87.99,1220.3946,1.192,0.1611,0.8803,20.5847,2103.0846,15.921
SYM1706,96.89,2120.2327,1.3089,0.2083,0.8691,28.0267,2032.2131,21.9196
SYM1707,90.91,1702.2802,1.3868,0.27,0.8468,29.6564,2584.9266,31.1859
SYM1708,87.02,2072.8187,1.2354,0.2393,0.8915,35.8306,2085.8024,26.3568
SYM1709,151.71,1631.1512,1.49,0.1551,0.8143,20.1719,2414.6572,14.9355
SYM1710,106.05,931.6244,1.3093,0.3421,0.8712,32.4212,2302.2332,41.4156
SYM1711,95.01,1923.2842,1.3544,0.2611,0.8484,32.9246,2514.5299,29.3056
SYM1712,163.37,1574.1258,1.2543,0.2212,0.9434,35.6197,2490.4633,22.987
SYM1713,150.11,1438.8141,1.486,0.2745,0.8952,28.403,2480.7408,31.8821
SYM1714,90.07,1528.7713,1.2266,0.2578,0.869,32.2804,2143.6827,29.7199
SYM1715,91.94,2152.9394,1.2835,0.0588,0.7927,10.823,1981.5834,4.1219
SYM1716,86.2,1194.3058,1.2442,0.2567,0.9184,25.0389,2558.0138,28.9449
SYM1717,95.02,1071.7153,1.5044,0.2568,0.9602,24.1806,2551.8028,27.9712
SYM1718,87.1,1496.3451,1.3437,0.2318,0.9345,34.034,2225.6276,24.8156
SYM1719,85.95,1203.8736,1.2361,0.2738,0.9113,26.3884,2418.8856,30.4866
SYM1720,172.27,1690.9392,1.3126,0.2471,0.8834,35.6593,1938.9935,26.994
SYM1721,85.08,2150.2598,1.3383,0.1302,0.895,23.1646,2202.1464,11.473
SYM1722,88.03,1024.0687,1.3449,0.3129,0.9178,30.3069,2309.9166,36.622
SYM1723,95.77,1362.3507,1.2091,0.1181,0.9214,19.5184,1798.065,10.6192
SYM1724,150.11,1483.7342,1.208,0.2668,0.908,47.7673,2003.5156,29.1053
SYM1725,125.06,1349.5565,1.0983,0.2933,0.9092,39.6711,2133.4653,33.3977
SYM1726,140.02,1325.8816,1.2307,0.3079,0.8619,35.9261,2244.3354,35.5999
SYM1727,150.31,1931.9666,1.4154,0.2343,0.8249,26.5756,2456.2782,26.4065
SYM1728,84.98,1394.0303,1.3586,0.2706,0.9107,30.2724,2732.6423,30.5664
SYM1729,91.88,1416.0691,1.4063,0.16,0.899,21.8937,2268.3862,15.1805
SYM1730,104.89,1666.8909,1.1733,0.2235,0.9283,35.3166,1816.5815,23.0138
SYM1731,88.01,1887.7675,1.3222,0.2012,0.8328,30.221,2042.7464,20.7834
SYM1732,144.83,897.5749,1.1963,0.2426,0.9299,24.8057,2184.4709,26.0424
SYM1733,83.82,1952.3629,1.318,0.2329,0.8859,36.9002,1979.7356,24.4494
SYM1734,172.27,1461.3055,1.2902,0.2248,0.9114,29.4351,2330.8011,24.2641
SYM1735,91.92,1847.1328,1.2862,0.31,0.8598,36.3889,2264.8276,35.9201
SYM1736,93.92,1024.2398,1.1162,0.2239,0.9425,27.0977,2336.2031,24.4581
SYM1737,100.01,1623.7818,1.3371,0.2609,0.8974,34.7822,2532.8623,29.2573
SYM1738,91.91,1867.3736,1.3243,0.205,0.8028,30.0999,2225.8279,21.526
SYM1739,86.99,1935.0055,1.2277,0.224,0.8744,32.8224,2395.0257,24.1058
SYM1740,91.95,1336.9795,1.2557,0.248,0.9464,30.9911,2001.1149,27.0262
SYM1741,89.88,1379.558,1.3616,0.2403,0.8793,23.6401,2727.3548,26.9208
SYM1742,95.09,1630.4369,1.3271,0.2725,0.8863,39.5965,2186.2881,30.3293
SYM1743,96.88,2078.0697,1.2816,0.203,0.8973,30.3658,2112.2677,21.0367
SYM1744,89.92,1583.7035,1.2725,0.2455,0.9045,30.5833,2096.9131,26.7312
SYM1745,93.95,1119.9049,1.383,0.2568,0.9633,34.653,2015.8934,27.1367
SYM1746,94.03,1808.696,1.3969,0.2195,0.8925,30.7121,2652.9425,23.5439
SYM1747,83.58,1677.6105,1.1551,0.2437,0.8995,40.0531,2001.9573,26.5894
SYM1748,90.76,1805.7644,1.2428,0.1155,0.8694,16.9844,2583.5564,9.9138
SYM1749,92.05,1721.656,1.4915,0.2065,0.907,29.5733,1854.0369,20.8344
SYM1750,89.91,1216.7241,1.1702,0.1624,0.9492,23.6449,1842.1337,15.6884
SYM1751,79.96,816.5482,1.2742,0.3465,0.9277,29.4985,2662.5988,41.2607
SYM1752,123.68,1035.4957,1.25,0.1069,0.958,17.9149,2434.7204,8.5812
SYM1753,99.95,1284.58,1.2351,0.3311,0.8441,42.5922,2081.7579,38.889
SYM1754,90.49,1563.4607,1.3715,0.235,0.9073,30.329,2485.9819,25.1261
SYM1755,87.93,1453.6522,1.2151,0.2442,0.9148,29.777,1921.3801,26.6966
SYM1756,95.95,1354.5916,1.2009,0.2912,0.8819,35.887,2061.5395,33.3329
SYM1757,93.95,1404.0812,1.2755,0.3069,0.9103,35.975,2136.4579,35.2492
SYM1758,95.88,1820.9648,1.1128,0.2267,0.863,37.029,1841.9255,24.1579
SYM1759,74.96,1142.0741,1.2999,0.2404,0.9307,29.4012,2421.2945,25.6812
SYM1760,129.98,987.8923,1.5851,0.2927,0.8945,27.5074,2507.1377,33.3766
SYM1761,90.02,1241.1732,1.3541,0.0762,0.8438,8.1706,2484.8861,5.6694
SYM1762,94.32,1731.1222,1.6659,0.1915,0.9053,21.7609,2613.368,19.6452
SYM1763,91.03,2192.7108,1.2134,0.2236,0.8979,36.7902,2212.1814,23.7004
SYM1764,75.44,2205.04,1.1748,0.2645,0.8398,37.1328,2236.9584,29.3603
SYM1765,148.02,1089.4106,1.1489,0.0608,0.8723,10.2312,2091.5209,4.1761
SYM1766,101.97,1007.6129,1.3638,0.254,0.8969,24.7838,2852.8781,28.0107
SYM1767,93.98,2092.2888,1.3243,0.2278,0.9183,40.3276,1757.8586,23.6734
SYM1768,87.1,1779.6512,1.3838,0.2411,0.8559,29.3755,2566.4592,26.3916
SYM1769,91.94,1823.1408,1.2859,0.2338,0.8893,38.3319,2150.7732,24.5999
SYM1770,91.9,1728.1335,1.5501,0.2249,0.8394,30.1879,2579.2427,24.2716
SYM1771,135.5,1022.5151,1.3931,0.2587,0.9079,20.4343,2899.1577,28.7083
SYM1772,91.99,1133.8052,1.2856,0.2564,0.9604,32.5093,1934.6432,27.2022
SYM1773,178.21,1753.9985,1.4394,0.1663,0.8831,22.0382,2514.9235,15.9838
SYM1774,88.26,1203.0322,1.3001,0.2303,0.9472,31.6292,1826.2066,23.8582
SYM1775,89.99,1602.7166,1.5803,0.2001,0.9233,23.7821,3007.3594,20.6228
SYM1776,95.94,1325.3691,1.35,0.1589,0.9153,16.3784,2607.3105,15.3323
SYM1777,119.5,1966.0488,1.1022,0.1127,0.7859,25.264,1524.1242,9.8487
SYM1778,95.03,1299.6054,1.3051,0.1976,0.9033,25.9936,1979.1137,19.9656
SYM1779,93.0,1540.527,1.3803,0.163,0.8896,21.0694,2465.1933,15.824
SYM1780,123.01,1976.0129,1.1834,0.2733,0.8292,45.1819,2041.9335,30.1324
SYM1781,105.69,1536.5849,1.1485,0.2182,0.8702,30.5386,2048.6926,22.7406
SYM1782,125.12,819.9446,1.102,0.1532,0.9231,12.5694,3282.4853,14.9424
SYM1783,100.03,2329.5167,1.4209,0.2954,0.7801,36.0023,2631.5046,34.0729
SYM1784,92.78,627.8408,1.2005,0.2558,0.9556,24.3223,2474.6185,27.8142
SYM1785,95.97,1193.5473,1.4424,0.155,0.2919,15.9963,2661.9541,14.9842
SYM1786,135.5,1550.9884,1.5559,0.1533,0.8838,15.818,2344.6823,14.5974
SYM1787,89.93,1861.3318,1.4071,0.1717,0.9028,26.3592,2350.0534,16.4348
SYM1788,89.89,1173.1423,1.0894,0.169,0.9058,22.076,1484.0358,16.1737
SYM1789,129.92,2370.0693,1.2753,0.3209,0.8029,43.4119,2356.2687,37.4266
SYM1790,130.09,856.2098,1.3178,0.1629,0.8991,13.8759,2402.481,16.1046
SYM1791,90.94,1900.2909,1.1877,0.1273,0.7254,17.7546,2207.3908,12.6717
SYM1792,91.96,1982.5186,1.265,0.2687,0.8972,39.1059,2342.0227,30.0041
SYM1793,106.975,1551.01855,1.2571,0.2297,0.88245,27.330849999999998,2241.1574499999997,24.66685
SYM1794,94.98,1527.5216,1.4113,0.1979,0.9213,29.5294,2391.2009,19.883
SYM1795,93.0,1519.231,1.3635,0.2306,0.9384,33.2081,2329.8017,24.5588
SYM1796,120.37,1951.3166,1.0407,0.1125,0.7939,25.233,1527.138,9.8303
SYM1797,95.81,1251.9782,1.4722,0.2298,0.9515,27.3146,2223.4624,24.147
SYM1798,99.8,1075.0158,1.2094,0.2542,0.9071,30.6603,2276.3008,28.0803
SYM1799,95.02,1564.3317,1.2614,0.2849,0.8599,38.0813,2369.0592,32.0482
SYM1800,90.0,1765.6993,1.2594,0.2505,0.926,35.7055,2007.9826,26.9119
SYM1801,97.91,1630.5768,1.5054,0.1044,0.8627,19.7011,2609.0156,8.633
SYM1802,151.71,1631.1512,1.49,0.1551,0.8143,20.1719,2414.6572,14.9355
SYM1803,93.66,800.7286,1.179,0.1221,0.9227,14.7838,1490.0982,10.145
SYM1804,87.99,1220.3946,1.192,0.1611,0.8803,20.5847,2103.0846,15.921
SYM1805,86.99,1935.0055,1.2277,0.224,0.8744,32.8224,2395.0257,24.1058
SYM1806,84.64,1668.7177,1.1904,0.2027,0.8902,25.3707,2353.2433,21.7432
SYM1807,172.27,1367.3882,1.2875,0.291,0.9215,31.0126,2207.168,33.5568
SYM1808,87.96,1792.7346,1.3737,0.178,0.8944,22.7358,2826.9144,17.7196
SYM1809,93.82,2113.7852,1.3749,0.2299,0.9108,35.2279,2083.4836,24.4545
SYM1810,87.98,966.6539,1.2405,0.1171,0.9327,13.7346,2783.8668,9.9995
SYM1811,91.01,2999.3367,1.3378,0.1616,0.8877,26.7527,2336.3267,15.2881
SYM1812,144.04,2384.8178,1.3902,0.1934,0.8714,32.2164,2511.7839,19.2754
SYM1813,90.89,1441.4079,1.4358,0.3223,0.9065,33.9488,2474.336,37.664
SYM1814,151.98,1479.6868,1.255,0.2221,0.9166,24.601,2553.995,25.0339
SYM1815,87.97,1459.6105,1.438,0.3055,0.8674,35.0054,2452.9825,35.3315
SYM1816,135.91,1247.3426,1.1974,0.1933,0.9145,21.881,2394.7768,19.5429
SYM1817,87.05,1549.3972,1.3533,0.3048,0.8939,37.3496,2571.5472,35.3386
SYM1818,156.2,1778.5569,1.474,0.3028,0.8622,30.0732,2439.8216,35.3794
SYM1819,90.95,2544.8809,1.4349,0.1933,0.8222,30.0478,2449.4376,20.2412
SYM1820,84.03,1387.3377,1.2256,0.3017,0.9077,32.8015,2390.0313,34.7842
SYM1821,163.96,1621.5082,1.3963,0.2683,0.8945,24.8215,2496.6887,30.0825
SYM1822,156.41,1354.7134,1.3122,0.2164,0.9356,25.2277,2598.4073,22.3959
SYM1823,95.96,2220.0214,1.4472,0.2229,0.8341,32.6923,2355.7981,23.6648
SYM1824,89.99,2268.463,1.3724,0.1644,0.8624,26.3423,2585.7793,15.756
SYM1825,86.0,1314.2341,1.529,0.3073,0.8965,27.1626,2872.4287,36.2925
SYM1826,87.9,1456.4137,1.22,0.2627,0.9098,29.3269,2366.6501,29.3269
SYM1827,92.01,2333.2022,1.1489,0.1713,0.8338,22.993,2061.8341,16.8517
SYM1828,184.57,1816.3272,1.5548,0.194,0.9048,23.6403,2651.3043,19.8054
SYM1829,86.0,1387.9511,1.0999,0.0959,0.8487,14.8019,2129.604,7.6944
SYM1830,91.9,1767.8872,1.381,0.3084,0.8936,32.4384,2512.9597,36.1787
SYM1831,91.09,2796.2566,1.2577,0.0865,0.829,15.4349,2301.4746,6.8674
SYM1832,83.95,1826.9679,1.2325,0.1573,0.9047,17.8645,2566.2919,14.8919
SYM1833,92.02,3907.5272,1.4758,0.2069,0.7444,34.5774,2265.1396,21.0159
SYM1834,78.01,2533.9689,1.195,0.0351,0.7956,4.7306,2385.5008,2.0259
SYM1835,88.2,2092.2512,1.2203,0.045,0.8163,8.9282,2203.8033,2.7338
SYM1836,91.06,1657.6591,1.3533,0.3206,0.9204,38.2624,2288.7344,37.3402
SYM1837,81.95,1884.3223,1.3878,0.1547,0.847,12.0965,2912.0999,15.4734
SYM1838,95.98,2576.2555,1.3865,0.2295,0.8695,22.9888,2570.5438,24.1614
SYM1839,100.95,1509.2586,1.2505,0.2164,0.9147,28.1183,2424.4914,22.5608
SYM1840,140.03,2540.2337,1.2058,0.2348,0.8324,36.2663,2182.5588,25.7211
SYM1841,164.16,1486.6599,1.1812,0.2014,0.9354,27.3501,2553.1877,20.3136
SYM1842,86.93,1711.5924,1.2122,0.2277,0.8638,30.9035,2411.6375,24.6235
SYM1843,140.02,1871.1544,1.1453,0.1891,0.867,24.3907,1895.4396,19.0842
SYM1844,88.98,1936.9475,1.2743,0.2389,0.8817,29.0249,2406.8745,25.8896
SYM1845,130.45,1345.8827,1.1722,0.258,0.9013,27.3823,2162.4368,28.7162
SYM1846,142.62,2248.3759,1.2736,0.0593,0.8132,9.3122,2412.4719,4.0143
SYM1847,83.99,2376.4425,1.3877,0.2044,0.8556,28.5286,2391.2806,20.7673
SYM1848,110.44,1690.9742,1.3717,0.2513,0.9114,31.8536,2440.9934,27.1367
SYM1849,85.96,2904.422,1.2381,0.1838,0.8291,29.2354,2217.5037,18.3378
SYM1850,89.98,2847.1045,1.4072,0.1674,0.8323,27.4951,2090.2159,15.9929
SYM1851,150.2,1884.7049,1.4175,0.2886,0.8347,30.098,2550.3281,32.8611
SYM1852,95.01,1834.3977,1.2875,0.2248,0.8766,22.6656,2608.738,24.2214
SYM1853,91.92,2144.2342,1.2899,0.2535,0.8567,36.2098,2202.7175,27.7733
SYM1854,82.98,1806.1456,1.1674,0.2331,0.8983,30.7205,2566.1599,25.3735
SYM1855,83.88,2578.2262,1.1745,0.0712,0.7874,12.6181,2213.9595,5.2812
SYM1856,90.99,2942.5,1.2949,0.1707,0.8121,30.3452,2163.6479,16.7858
SYM1857,92.01,2169.7653,1.3817,0.2216,0.8981,36.367,2179.8871,22.9859
SYM1858,84.07,3159.3147,1.2508,0.0849,0.7735,15.4898,2262.5966,6.7025
SYM1859,99.99,1758.8646,1.1761,0.3025,0.8751,30.5256,2524.1283,35.4442
SYM1860,156.29,1347.7347,1.3266,0.2472,0.9034,28.3912,3097.5182,26.8613
SYM1861,92.95,3228.1234,1.1527,0.0677,0.7682,13.4349,2257.8709,4.8572
SYM1862,85.99,1882.494,1.2953,0.2186,0.9113,35.668,2371.4654,23.508
SYM1863,83.91,2003.9302,1.2568,0.2348,0.8951,28.1515,2229.1541,25.3106
SYM1864,92.03,2130.7591,1.2754,0.2353,0.8516,32.6813,2395.952,25.3154
SYM1865,99.93,844.0824,1.5276,0.2746,0.9312,20.82,2690.4992,30.5198
SYM1866,83.3,2467.8097,1.368,0.215,0.8528,30.3478,2476.6066,22.8354
SYM1867,100.0,2249.0341,1.4354,0.1898,0.8847,28.1403,2162.4593,18.778
SYM1868,172.27,2085.9854,0.9589,0.1068,0.4468,27.8732,1952.2199,9.5556
SYM1869,93.82,944.7176,1.1871,0.0302,0.8387,3.1738,2707.1855,1.6801
SYM1870,90.99,2501.6995,1.2858,0.1644,0.876,21.452,2694.6069,15.6339
SYM1871,93.9,1651.5382,1.3059,0.2581,0.8502,31.3767,2464.7393,28.5529
SYM1872,91.01,2123.5482,1.5338,0.2229,0.9068,21.2415,2600.3017,23.2956
SYM1873,103.03,2113.2702,1.2156,0.2538,0.871,37.7043,2461.1765,27.5943
SYM1874,89.01,896.0217,1.2842,0.2606,0.9353,30.3477,3006.4739,28.5365
SYM1875,99.98,1690.2002,1.1994,0.1793,0.893,28.2806,2122.0834,18.0147
SYM1876,76.62,2138.0975,1.186,0.234,0.8533,37.3739,1916.3124,25.5694
SYM1877,97.89,2120.8064,1.1454,0.3128,0.8438,47.677,1982.77,35.8636
SYM1878,92.15,2067.7948,1.2472,0.1774,0.922,28.4201,1999.457,16.8749
SYM1879,97.01,1007.1367,1.2844,0.0449,0.8414,8.4404,2518.3058,2.7421
SYM1880,163.09,2749.2195,1.3915,0.179,0.8327,27.578,2497.8317,17.381
SYM1881,91.02,2391.0549,1.3198,0.1862,0.889,17.4916,2713.1024,18.5787
SYM1882,99.97,2892.8584,1.6152,0.1771,0.8425,19.1928,3044.419,17.2943
SYM1883,93.91,1451.4863,1.4727,0.2321,0.9268,26.3888,2385.9009,24.6166
SYM1884,88.05,1616.7633,1.2906,0.2504,0.9063,32.6536,2724.5658,27.328
SYM1885,83.99,1663.1126,1.1449,0.1951,0.8657,23.6708,2715.1897,20.82
SYM1886,142.17,1595.6313,1.1608,0.1194,0.8896,22.5385,2205.7395,9.964
SYM1887,152.05,1600.7692,1.3249,0.2508,0.9276,29.6021,2270.4929,27.2662
SYM1888,97.87,1466.256,1.4806,0.2525,0.8941,26.2106,2832.2678,27.6994
SYM1889,84.03,1843.864,1.2256,0.2563,0.8956,39.3766,2371.1586,27.7326
SYM1890,96.0,1311.5409,1.3435,0.2662,0.8997,26.8631,3050.9071,30.091
SYM1891,92.01,1937.38,1.218,0.2658,0.894,43.1757,2215.4462,29.3511
SYM1892,90.81,2698.6377,1.2496,0.1716,0.86,22.4374,2248.0324,16.6651
SYM1893,143.94,1426.6149,1.0792,0.0402,0.8901,5.5519,2608.7184,2.3758
SYM1894,129.78,1466.3687,1.2364,0.139,0.9013,19.5941,2449.6513,12.1232
SYM1895,153.96,1486.1869,1.3631,0.2655,0.9161,30.0026,2231.3575,28.9287
SYM1896,92.18,1865.7737,1.2572,0.0418,0.7959,5.9974,2255.6828,2.499
SYM1897,84.96,1928.3112,1.3609,0.2256,0.8634,28.1256,2344.5978,24.0922
SYM1898,93.0,2151.003,1.4192,0.2545,0.8719,33.9039,2396.7223,27.359
SYM1899,89.97,1938.1633,1.3944,0.2018,0.8158,22.5072,2840.2912,21.5824
SYM1900,79.45,1628.8965,1.1604,0.0604,0.8568,9.0138,1953.9211,4.2041
SYM1901,90.95,1765.2657,1.2185,0.2333,0.8486,29.6328,2324.7559,26.0193
SYM1902,128.39,1491.8662,1.1779,0.197,0.8723,24.6764,2176.2556,20.3569
SYM1903,93.94,1627.9368,1.3289,0.2688,0.8654,28.8841,2497.0866,29.9089
SYM1904,94.06,3560.8719,1.263,0.1655,0.7611,20.7567,2365.7168,16.4073
SYM1905,84.87,2553.4979,1.3525,0.212,0.788,38.5454,2415.5061,22.7645
SYM1906,99.84,1787.6737,1.1841,0.2022,0.9014,31.6795,2162.383,20.6969
SYM1907,97.0,2229.3936,1.2845,0.2695,0.8678,37.1189,2609.176,30.2212
SYM1908,142.6,1638.644,1.1954,0.2426,0.9037,35.112,2128.3886,26.0667
SYM1909,91.92,1578.3885,1.3938,0.2233,0.8611,21.7812,2621.0742,23.995
SYM1910,128.17,1961.9081,1.3126,0.2162,0.87,31.0272,2118.9516,22.1577
SYM1911,92.89,1686.6776,1.3448,0.0448,0.8847,8.1472,2583.7993,2.8022
SYM1912,88.02,1590.883,1.2984,0.1941,0.9332,25.1437,2589.7388,19.6512
SYM1913,161.97,1529.442,1.3006,0.2563,0.9171,30.9901,2664.2726,27.8713
SYM1914,97.99,1819.2156,1.3269,0.2097,0.8957,29.681,2311.247,21.9017
SYM1915,82.99,2448.5836,1.3784,0.2152,0.8783,33.7494,2244.3354,22.4914
SYM1916,89.02,2266.3198,1.3888,0.2395,0.848,38.5482,2218.5994,25.6353
SYM1917,156.05,1610.0875,1.2619,0.2228,0.8914,30.0112,2124.6867,23.7277
SYM1918,99.95,1578.3146,1.5907,0.0883,0.8613,10.1717,2950.6954,7.1197
SYM1919,110.02,1731.5394,1.1687,0.2488,0.8885,40.3394,2117.4406,26.779
SYM1920,97.91,2732.4926,1.1868,0.2457,0.8398,40.1912,2059.9304,26.7115
SYM1921,161.59,1160.6606,1.2297,0.1669,0.8917,19.3065,2685.0082,16.6348
SYM1922,146.13,2047.5459,1.3061,0.2524,0.8701,35.3689,2059.1047,27.4169
SYM1923,95.97,3204.8298,1.3931,0.1702,0.8304,21.2396,2385.5327,16.233
SYM1924,80.99,1625.7015,1.1728,0.2664,0.8698,30.4964,2422.6269,29.6769
SYM1925,123.09,1520.4286,1.3127,0.0763,0.7985,13.4564,2855.8753,5.7857
SYM1926,99.85,1550.4628,1.3271,0.1058,0.9405,14.16,2347.4177,8.7392
SYM1927,172.27,2467.4262,1.1717,0.1257,0.8372,27.8554,2371.27,11.3533
SYM1928,88.93,1677.0267,1.5369,0.2518,0.8641,27.1931,2320.1109,27.9515
SYM1929,149.41,1534.8141,1.1568,0.1615,0.9224,21.9964,1248.5068,14.7951
SYM1930,110.02,2938.3437,1.2177,0.2365,0.8686,39.7075,2016.5701,25.1925
SYM1931,92.15,2067.7948,1.2472,0.1774,0.922,28.4201,1999.457,16.8749
SYM1932,156.42,1354.7134,1.3122,0.2164,0.9356,25.2277,2598.4073,22.3959
SYM1933,91.09,2796.2566,1.2577,0.0865,0.829,15.4349,2301.4746,6.8674
SYM1934,147.98,2388.238,1.1354,0.1061,0.7817,8.4579,2849.3329,9.9457
SYM1935,142.17,1595.6313,1.1608,0.1194,0.8896,22.5385,2205.7395,9.964
SYM1936,90.89,2294.1316,1.2109,0.1424,0.8875,24.0493,2343.9004,13.2182
SYM1937,90.02,1519.6803,1.2973,0.0487,0.8377,7.0398,2737.7487,3.2228
SYM1938,142.62,2248.3759,1.2736,0.0593,0.8132,9.3122,2412.4719,4.0143
SYM1939,100.06,2174.7798,1.3422,0.184,0.8547,30.1999,1731.1744,17.9777
SYM1940,84.82,1587.1863,1.2326,0.049,0.8198,7.078,2242.7808,3.1186
SYM1941,95.97,2261.0884,1.2553,0.0326,0.8036,5.2323,2173.7874,1.7866
SYM1942,94.48,1666.0136,1.2315,0.1645,0.2169,23.7324,2324.8723,15.9134
SYM1943,96.97,2287.6453,1.4317,0.2859,0.835,24.9906,2906.3475,33.1936
SYM1944,84.01,2144.6311,1.1529,0.234,0.8078,24.8872,2754.7477,26.4097
SYM1945,84.97,2317.6896,1.3421,0.2508,0.8733,31.0705,2697.0572,27.4841
SYM1946,97.0,2159.2825,1.4277,0.2953,0.8115,23.4277,3124.7937,35.9641
SYM1947,83.97,1803.5711,1.348,0.2932,0.8205,24.8264,2876.5173,33.8417
SYM1948,87.05,1578.5874,1.3503,0.3285,0.8361,27.3539,2639.9841,39.4447
SYM1949,94.91,3674.2057,1.2572,0.1868,0.7704,27.0342,2127.4678,19.1851
SYM1950,97.99,1406.5265,1.3124,0.2511,0.8638,23.4589,2884.6546,28.3506
SYM1951,94.07,273.1508,1.1157,0.0789,0.3069,5.1748,3065.0149,5.8038
SYM1952,83.97,612.5723,1.1226,0.2523,0.9398,20.2814,2396.5408,27.4409
SYM1953,172.27,1672.612,1.4283,0.1502,0.9169,16.6602,2354.3066,13.9543
SYM1954,94.92,1702.1111,1.2426,0.1481,0.8915,22.6418,1968.7633,13.7775
SYM1955,172.27,1117.0344,1.2367,0.2672,0.902,29.0894,2634.5523,30.2574
SYM1956,86.55,1291.2477,1.2059,0.1474,0.9354,19.108,2605.7061,13.877
SYM1957,94.92,1702.1111,1.2426,0.1481,0.8915,22.6418,1968.7633,13.7775
SYM1958,86.42,1475.244,1.1752,0.1391,0.8892,14.7986,2825.8177,13.4926
SYM1959,85.52,1708.5666,1.2425,0.1399,0.8975,20.0809,2010.9328,12.9637
SYM1960,103.96,1077.6416,1.423,0.2346,0.9533,20.6949,3088.7667,25.6271
SYM1961,91.98,1687.9564,1.2689,0.1266,0.8671,16.8358,2899.3196,11.823
SYM1962,89.95,1992.4422,1.2772,0.1485,0.8782,25.3404,2611.4963,14.3811
SYM1963,79.98,1351.4005,1.2349,0.1611,0.914,14.7147,2757.1295,15.8917
SYM1964,88.02,683.1246,1.1856,0.13,0.9321,12.492,2724.0898,11.6555
SYM1965,87.91,1144.1592,1.2325,0.1629,0.9496,16.7429,2435.1837,16.1842
SYM1966,88.06,826.4329,1.2901,0.1456,0.934,14.1474,2758.0982,13.5764
SYM1967,105.97,1226.8297,1.3489,0.1416,0.9319,22.3983,2774.1636,13.1367
SYM1968,100.0,2139.2568,1.3678,0.2396,0.8218,28.4964,2237.4606,26.7609
SYM1969,178.21,1200.5594,1.264,0.2591,0.8872,28.2402,2572.2912,28.577
SYM1970,87.01,1720.8433,1.4375,0.215,0.8632,23.3004,3129.2268,22.7206
SYM1971,98.02,977.7016,1.3353,0.1271,0.924,14.5108,3545.1681,11.4024
SYM1972,91.01,1189.3232,1.247,0.1591,0.8896,21.2269,2716.4055,15.1808
SYM1973,93.98,1512.7591,1.3075,0.1149,0.8994,16.0144,2685.6703,10.2767
SYM1974,86.94,1744.6126,1.4133,0.2014,0.8467,24.8662,2567.0268,20.8657
SYM1975,99.03,1770.7334,1.3978,0.2727,0.8171,34.0622,2468.4768,30.9802
SYM1976,87.96,2037.277,1.4681,0.2033,0.8693,24.5971,2859.2365,21.5927
SYM1977,108.07,1340.6819,1.443,0.2252,0.9108,22.948,2672.9605,24.7127
SYM1978,91.98,1355.9883,1.2822,0.2512,0.9024,28.2459,2536.3458,27.1547
SYM1979,85.92,1958.3287,1.3415,0.2359,0.8345,30.1236,2433.5619,25.8091
SYM1980,129.76,1346.9636,1.1492,0.0582,0.8243,8.3695,2004.9529,4.1051
SYM1981,93.92,557.402,1.1981,0.1334,0.9632,11.1929,2822.6456,11.7695
SYM1982,89.93,1613.3713,1.0865,0.103,0.8143,13.4451,2924.547,9.6526
SYM1983,101.96,1053.0561,1.3168,0.1384,0.7714,8.8607,2716.575,13.4022
SYM1984,114.67,2204.2501,1.2087,0.16,0.747,22.4812,1641.5138,15.9199
SYM1985,101.98,1012.185,1.2471,0.3476,0.863,25.5019,2940.0473,42.5256
SYM1986,104.87,1718.2198,1.2196,0.2434,0.9389,34.2522,2115.7265,26.1997
SYM1987,83.0,1335.3281,1.4913,0.2659,0.886,20.5915,2920.0053,29.3631
SYM1988,95.91,1622.7073,1.5097,0.2606,0.8263,25.0415,2568.9003,29.3639
SYM1989,113.12,1435.5573,1.1601,0.1706,0.8843,22.7273,2082.4054,17.0455
SYM1990,91.95,1310.0771,1.2921,0.2696,0.9315,27.8918,2738.8571,29.91
SYM1991,139.99,1157.6059,1.3691,0.2707,0.8576,29.4671,2473.2422,30.3374
SYM1992,93.56,1958.6632,1.2434,0.2587,0.888,30.731,1854.022,28.8088
SYM1993,105.88,1748.0451,1.4988,0.2716,0.846,25.6834,2849.5706,31.3521
SYM1994,91.78,1271.9745,1.3916,0.2889,0.8866,26.0887,2155.3845,33.6189
SYM1995,92.01,1560.3729,1.3587,0.1415,0.8292,16.41,2300.9062,13.5813
SYM1996,133.86,1799.2836,1.4096,0.2563,0.8401,27.8974,2417.3523,28.3693
SYM1997,107.81,1596.4699,1.1603,0.2174,0.9069,32.4534,2146.0553,22.8318
SYM1998,93.93,914.9703,1.3605,0.2479,0.9118,18.6666,2975.6311,27.7787
SYM1999,95.97,1697.3203,1.4465,0.1925,0.7576,18.1016,2610.6225,20.8242
SYM2000,97.91,2006.9432,1.3836,0.2648,0.8043,29.2136,2158.0022,30.0901
SYM2001,152.99,1000.237,1.2342,0.3165,0.8874,33.17,2523.0747,37.6138
SYM2002,103.77,1055.7539,1.2348,0.2702,0.9032,21.0276,2706.9989,31.2467
SYM2003,100.92,1661.0314,1.3253,0.188,0.8905,23.5453,2431.7343,19.5661
SYM2004,89.92,1288.3658,1.5632,0.2864,0.8677,19.6047,2901.7461,33.5847
SYM2005,90.1,1070.7758,1.1466,0.2721,0.9256,29.4217,2378.2517,31.1014
SYM2006,97.92,1103.9903,1.288,0.2515,0.9052,25.4728,1940.9285,27.4424
SYM2007,139.75,1549.3721,1.2766,0.2686,0.8289,33.0238,2108.0333,30.8736
SYM2008,89.97,1132.1247,1.1348,0.2453,0.921,26.0079,2472.4909,26.9352
SYM2009,83.95,940.9667,1.2684,0.1944,0.9177,18.7564,2227.0207,19.7382
SYM2010,122.09,1880.2945,1.0463,0.2144,0.9115,34.3453,2047.2415,22.8726
SYM2011,93.01,1213.0535,1.4197,0.2721,0.9024,28.9689,2494.6924,30.1936
SYM2012,154.0,1789.0085,1.332,0.2623,0.8498,34.9357,2036.9518,28.696
SYM2013,123.63,971.6727,1.4993,0.2901,0.9194,25.5994,2982.8887,32.8468
SYM2014,152.2,1620.1377,1.2354,0.0619,0.8801,13.6245,1998.7141,4.1503
SYM2015,162.08,1359.3489,1.493,0.2781,0.8557,26.1516,2683.3661,31.6054
SYM2016,99.01,1992.7296,1.5904,0.1836,0.8322,21.3921,2659.7081,18.8814
SYM2017,92.88,789.7386,1.1556,0.2972,0.9464,37.6531,2615.2013,33.4081
SYM2018,122.95,783.7334,1.4494,0.281,0.9542,25.4271,2502.9753,31.8051
SYM2019,89.97,2174.2236,1.3733,0.2762,0.8479,40.1472,2220.1861,31.1535
SYM2020,104.91,1796.1117,1.3391,0.2194,0.8786,30.047,2313.2785,23.8017
SYM2021,86.95,1897.4559,1.2564,0.2632,0.9236,40.4497,2239.2975,28.4468
SYM2022,92.0,1759.7154,1.2979,0.2386,0.8956,34.3141,2300.783,26.0601
SYM2023,101.95,1873.6397,1.4621,0.2738,0.8517,32.6317,2595.8009,31.0288
SYM2024,90.97,1235.5736,1.2877,0.1885,0.9323,20.4605,1978.694,19.0689
SYM2025,154.64,1200.5051,1.336,0.2745,0.8934,38.368,2257.6077,30.4479
SYM2026,122.22,1604.96,1.3536,0.0731,0.84,10.2906,2510.5593,5.4071
SYM2027,91.79,1638.4997,1.3022,0.1937,0.8966,16.9601,2363.404,20.976
SYM2028,119.5,675.7627,1.2295,0.2206,0.9789,25.4204,3003.803,22.3086
SYM2029,128.15,1934.5811,1.1936,0.1837,0.8467,21.5354,2670.8607,19.2132
SYM2030,172.27,1866.3575,1.5093,0.1099,0.8952,14.9086,2408.7236,9.0983
SYM2031,112.51,2540.9729,1.5074,0.2138,0.8519,29.9354,2261.2663,22.7522
SYM2032,129.5,1245.8279,1.4988,0.323,0.8793,28.1881,2783.1516,37.9724
SYM2033,95.94,1302.1633,1.6123,0.2319,0.9143,23.7769,2639.7156,24.8838
SYM2034,89.95,870.6772,1.2173,0.057,0.9103,7.4772,2501.2497,3.8688
SYM2035,144.59,1001.4018,1.2597,0.2962,0.9146,35.3412,2312.0511,33.7356
SYM2036,102.99,2123.2241,1.3736,0.2377,0.8376,37.4234,1926.3818,25.7267
SYM2037,129.57,1167.414,1.155,0.2028,0.9477,21.1783,2372.2502,20.9424
SYM2038,150.35,1204.8758,1.2411,0.2662,0.8922,26.361,2632.8319,30.3871
SYM2039,119.97,1079.7797,1.1266,0.2767,0.9327,36.9733,2640.9491,31.8897
SYM2040,163.98,1967.7879,1.3069,0.126,0.836,21.9835,1745.982,10.9286
SYM2041,94.26,2005.2597,1.5271,0.2259,0.8598,30.0152,2124.4286,24.0974
SYM2042,172.27,1338.055,1.4221,0.3121,0.9218,30.8193,2575.2487,36.3991
SYM2043,129.88,1559.9205,1.3896,0.2601,0.8335,26.2425,2146.2356,29.7946
SYM2044,93.36,1556.1038,1.4721,0.3833,0.7895,38.7443,2911.6628,48.4542
SYM2045,139.99,1406.2144,1.163,0.2673,0.9065,35.805,2335.3005,29.4868
SYM2046,121.8,1552.7609,1.1814,0.2735,0.9157,35.4405,2201.8187,30.1056
SYM2047,95.09,1931.4775,1.3237,0.0746,0.7932,13.2979,2167.9341,5.5932
SYM2048,91.04,1623.5395,1.1955,0.2702,0.8789,36.391,2203.9509,30.0063
SYM2049,95.03,2281.714,1.359,0.2057,0.805,30.7808,1913.0381,21.4449
SYM2050,141.95,1354.6713,1.4685,0.2198,0.8939,23.1314,2113.4479,23.0457
SYM2051,87.01,1455.9448,1.1873,0.2077,0.9371,28.0466,1927.1655,21.4263
SYM2052,89.24,1873.2112,1.2418,0.2439,0.8976,36.4138,1713.9889,26.2186
SYM2053,163.36,1431.6709,1.1498,0.2412,0.9216,33.9187,2606.3146,26.6577
SYM2054,78.92,1343.0285,1.3788,0.2585,0.9506,30.6863,2557.999,28.0461
SYM2055,156.34,1370.9012,1.2583,0.2424,0.9107,24.1111,2186.8734,26.5957
SYM2056,103.96,1553.8144,1.2768,0.2295,0.831,36.2037,2026.9237,24.4144
SYM2057,123.89,1586.2496,1.3303,0.19,0.8733,23.5067,2151.3417,19.7177
SYM2058,144.69,1025.3267,1.3197,0.3183,0.905,37.4484,2421.3255,36.77
SYM2059,85.99,1080.1837,1.1932,0.2314,0.9324,28.745,2384.3292,24.86
SYM2060,93.99,1319.6291,1.5179,0.3682,0.83,24.0824,2399.6037,45.8008
SYM2061,120.05,2455.0149,1.1874,0.2086,0.8552,33.7924,2218.4367,22.2998
SYM2062,105.03,1335.9271,1.3784,0.2999,0.9139,31.2683,2748.5291,34.7543
SYM2063,126.33,1383.687,1.0565,0.1963,0.9522,29.1454,1749.1,20.1471
SYM2064,150.08,2031.2829,1.2455,0.2597,0.8737,38.1501,1501.6182,28.1766
SYM2065,131.05,2756.7318,1.478,0.2215,0.8088,32.1571,2221.0654,23.6308
SYM2066,90.99,3386.6917,1.2787,0.2822,0.7628,41.3227,2363.9319,31.8558
SYM2067,91.45,1735.395,1.4342,0.2487,0.8059,24.1464,2352.8496,27.6271
SYM2068,154.47,2365.8115,1.295,0.2272,0.837,32.6736,1960.6423,24.1003
SYM2069,84.97,2037.7417,1.2221,0.2358,0.8805,36.1806,2032.1793,25.6975
SYM2070,104.96,1723.6756,1.393,0.0677,0.8536,10.3955,2658.1584,4.8683
SYM2071,111.03,1778.4201,1.417,0.16,0.862,24.1602,2551.0414,15.8352
SYM2072,87.03,1400.5725,1.1206,0.1864,0.9255,24.1572,2106.1843,18.8181
SYM2073,111.03,1784.5157,1.2494,0.2308,0.7942,29.8383,2234.8051,25.6784
SYM2074,91.98,1901.9996,1.4747,0.1988,0.794,20.4475,2581.5149,21.5659
SYM2075,98.01,1047.5057,1.3909,0.3341,0.9056,27.0093,2748.5755,40.5461
SYM2076,99.83,1005.3146,1.2895,0.2065,0.9022,24.8173,2702.8744,21.4373
SYM2077,91.99,1486.1667,1.2655,0.2922,0.8669,36.7002,2622.3639,33.8267
SYM2078,88.99,1985.1524,1.3804,0.1984,0.8695,32.2321,2176.1246,20.2591
SYM2079,84.87,1573.5568,1.2307,0.2381,0.9179,35.7959,2124.3519,25.6016
SYM2080,125.06,719.3019,1.2917,0.2542,0.9012,18.5018,2704.2839,28.1735
SYM2081,139.92,1474.8965,1.2031,0.2561,0.8727,33.4087,2238.5708,28.7996
SYM2082,99.84,1493.1276,1.3295,0.2375,0.9052,24.7106,2131.8524,25.6158
SYM2083,151.96,1480.0163,1.2755,0.2623,0.8836,31.8628,2291.9065,29.6917
SYM2084,90.02,2085.7692,1.2669,0.2578,0.9202,43.3025,2165.2812,27.9093
SYM2085,140.02,1685.7508,1.1022,0.0842,0.8887,17.0249,1770.9471,6.8292
SYM2086,150.93,1498.9396,1.2705,0.3256,0.8894,40.1975,2404.9697,38.1127
SYM2087,123.59,1320.6976,1.191,0.146,0.9086,19.1882,2229.926,14.6386
SYM2088,97.93,1150.8075,1.2374,0.2931,0.9043,28.8107,2871.0571,33.8906
SYM2089,150.09,1152.9058,1.382,0.2675,0.9275,27.8067,2360.4645,29.7376
SYM2090,152.78,1055.333,1.276,0.2549,0.3171,26.046,2350.5348,27.5674
SYM2091,162.41,2173.5667,1.461,0.2648,0.8766,32.6023,1908.4299,29.137
SYM2092,137.23,1244.2282,1.1818,0.1578,0.9062,18.6821,2084.8999,15.6082
SYM2093,95.4,2175.8657,1.4749,0.1929,0.857,31.5986,2603.6823,19.7541
SYM2094,111.98,2054.8429,1.5109,0.2397,0.8868,33.8856,2717.4814,26.1654
SYM2095,129.97,1357.3563,1.3478,0.2055,0.9057,25.8888,2472.7725,20.7888
SYM2096,90.92,1559.9463,1.2684,0.1512,0.8979,26.4175,1713.1543,13.8344
SYM2097,93.97,1687.6446,1.2968,0.2282,0.8862,29.2457,2316.7681,25.6864
SYM2098,136.01,987.637,1.1417,0.2807,0.9417,29.212,1926.0556,31.5821
SYM2099,161.63,1632.6088,1.4082,0.2269,0.8926,25.7828,2352.6842,23.8906
SYM2100,87.04,2611.5467,1.5157,0.1979,0.8148,27.4805,2289.4447,20.1194
SYM2101,110.01,1227.9854,1.1532,0.2403,0.9149,27.5307,2001.9055,25.9298
SYM2102,87.05,1793.5864,1.1375,0.1474,0.8532,25.5327,1649.546,13.6623
SYM2103,89.12,2193.6614,1.3034,0.239,0.8972,35.1716,2280.4235,26.3847
SYM2104,110.88,1955.3356,1.2182,0.2295,0.8394,37.2987,2281.2081,24.501
SYM2105,135.98,1307.3803,1.2819,0.2199,0.8158,18.9002,2021.2884,24.0376
SYM2106,141.83,1967.5036,1.1242,0.186,0.8244,32.1521,1815.2382,19.0009
SYM2107,93.95,2602.2388,1.6219,0.1788,0.7915,20.9245,2797.6366,18.2826
SYM2108,131.99,1700.1846,1.3425,0.3013,0.9006,39.7799,1972.5367,34.2833
SYM2109,115.65,1700.5472,1.296,0.1908,0.9079,28.3605,1954.6752,19.6767
SYM2110,156.31,1580.2094,1.2471,0.261,0.8955,35.2989,2350.7038,28.7693
SYM2111,135.25,1219.515,1.2263,0.2376,0.8952,32.4145,1851.1691,25.2643
SYM2112,163.36,1431.6709,1.1498,0.2412,0.9216,33.9187,2606.3146,26.6577
SYM2113,97.04,1872.9102,1.4021,0.2617,0.8439,34.8344,2197.0824,29.5389
SYM2114,99.15,2796.0574,1.1478,0.0587,0.7681,14.277,1829.8909,4.0723
SYM2115,117.84,1801.4325,1.4253,0.2878,0.816,33.0183,2182.2098,33.7269
SYM2116,143.86,1469.1119,1.255,0.2521,0.9106,35.8668,2175.58,27.0146
SYM2117,107.2,1641.4283,1.2795,0.19,0.8618,26.2379,2166.9189,18.9777
SYM2118,184.57,1698.4629,1.3535,0.1472,0.849,14.6773,2488.3923,14.2151
SYM2119,95.06,3497.2785,1.4365,0.1942,0.8438,38.7523,1982.2056,19.5914
SYM2120,99.93,1268.7086,1.3566,0.2607,0.891,24.4618,2350.7882,29.7886
SYM2121,153.07,2166.5407,1.284,0.2043,0.8603,34.7656,1741.5085,21.125
SYM2122,162.96,1049.4425,1.3601,0.2211,0.9408,27.6403,2636.6681,23.3481
SYM2123,142.6,1720.1125,1.199,0.2481,0.844,33.5311,1964.3998,27.5233
SYM2124,102.97,1965.0936,1.4408,0.2739,0.8282,40.772,2763.4412,30.8802
SYM2125,90.37,1720.6396,1.3387,0.1856,0.8457,16.879,2548.0291,19.2407
SYM2126,96.18,1351.7356,1.5163,0.2292,0.8613,22.0514,2845.5812,24.9078
SYM2127,143.95,2193.6685,1.2901,0.1856,0.8316,29.9806,2072.5838,18.6747
SYM2128,89.99,1017.9682,1.229,0.2511,0.9348,31.6603,2465.9427,27.4927
SYM2129,120.96,2365.1829,1.5086,0.2625,0.7756,34.8859,2446.4318,29.4806
SYM2130,123.59,1320.6976,1.191,0.146,0.9086,19.1882,2229.926,14.6386
SYM2131,122.55,1843.5266,1.3206,0.2715,0.8803,37.3519,2436.7077,30.9497
SYM2132,153.78,2130.3867,1.2385,0.2333,0.9193,39.1408,1978.5129,24.2773
SYM2133,107.15,2010.6109,1.2581,0.2691,0.9056,41.0508,1940.8898,29.5898
SYM2134,85.98,1614.0781,1.4142,0.2603,0.8485,25.4288,2695.0713,28.6771
SYM2135,102.14,2827.8989,1.383,0.1747,0.7274,28.2035,2272.4298,18.009
SYM2136,172.27,1602.8843,1.2887,0.2043,0.9107,31.2253,2133.1588,20.822
SYM2137,85.96,1261.4822,1.2262,0.215,0.9385,32.6019,2259.7065,21.6357
SYM2138,84.97,2155.6402,1.1521,0.2769,0.8254,46.5065,1695.4442,30.8757
SYM2139,100.85,1599.7794,1.3542,0.2653,0.8847,24.9628,2571.6277,30.5977
SYM2140,99.11,1803.3514,1.2729,0.1836,0.81,26.8019,2241.0217,18.7401
SYM2141,103.17,2455.3648,1.2208,0.2037,0.8118,28.7285,2149.4919,22.0228
SYM2142,105.0,1316.1744,1.3736,0.3035,0.8311,22.939,2636.8832,36.4957
SYM2143,129.95,2242.6915,1.5392,0.1851,0.833,25.1978,2701.8318,19.2366
SYM2144,135.95,2669.0076,1.2575,0.0555,0.6236,6.0265,2155.6997,4.1408
SYM2145,87.98,1143.0505,1.286,0.2763,0.9099,27.7993,2530.8266,31.1528
SYM2146,79.9,2941.0161,1.1577,0.238,0.8608,39.6844,1721.7581,25.3116
SYM2147,98.05,1966.9767,1.2733,0.2322,0.8861,28.3613,2121.9244,24.9901
SYM2148,94.78,1964.5992,1.3316,0.2682,0.8477,37.4232,2298.7619,30.366
SYM2149,100.7,1111.4903,1.1837,0.2595,0.9588,32.3606,1884.6443,28.9736
SYM2150,84.95,1462.8194,1.3659,0.2153,0.9058,25.0131,2220.8828,21.8134
SYM2151,144.78,1439.5011,1.119,0.2832,0.8948,40.4009,2004.0269,31.5377
SYM2152,96.12,1877.7787,1.2861,0.2586,0.8862,34.8145,2096.3828,28.2315
SYM2153,90.97,1235.5736,1.2877,0.1885,0.9323,20.4605,1978.694,19.0689
SYM2154,102.0,1634.8859,1.5135,0.1734,0.8514,16.7901,2928.9733,18.1153
SYM2155,117.97,2103.0914,1.2903,0.2678,0.8268,45.1539,1799.6173,29.4255
SYM2156,89.99,1100.1143,1.3792,0.17,0.9359,19.2592,2614.3812,16.6198
SYM2157,85.03,2285.0062,1.308,0.29,0.8117,41.6028,2011.9552,32.5604
SYM2158,122.6,891.7431,1.2635,0.3272,0.8816,24.3893,2740.6939,39.998
SYM2159,117.9,1191.0422,1.2916,0.2657,0.8941,29.1214,2600.6741,30.0747
SYM2160,135.15,1065.0906,1.1682,0.2184,0.9438,24.8042,2504.5063,23.7531
SYM2161,128.01,1482.9546,1.1366,0.0501,0.8611,8.1604,2120.5429,3.2945
SYM2162,105.06,963.7017,1.3226,0.282,0.9439,24.8219,1899.1045,31.3019
SYM2163,90.56,1600.4019,1.3532,0.1749,0.9023,23.3216,2625.757,17.2519
SYM2164,111.84,1988.5993,1.3625,0.2263,0.785,26.2606,2490.3757,24.8005
SYM2165,100.98,1627.6288,1.4296,0.2495,0.8886,30.8619,2526.6172,27.8942
SYM2166,122.06,2268.4552,1.1037,0.0734,0.8589,12.903,1871.3556,5.2987
SYM2167,100.03,1111.7195,1.4757,0.287,0.8935,29.4506,2560.545,32.3694
SYM2168,95.39,2098.7618,1.2139,0.238,0.8721,43.1113,1681.9195,25.0481
SYM2169,164.0,2103.8577,1.0959,0.1935,0.9131,36.282,1936.181,19.3725
SYM2170,103.81,2287.2958,1.2394,0.2254,0.8041,38.7874,2218.2995,23.8078
SYM2171,107.35,1731.9714,1.188,0.3052,0.8683,45.5627,1935.9096,35.3424
SYM2172,85.99,1537.2268,1.5482,0.3425,0.8723,30.6915,2948.2416,41.4689
SYM2173,102.29,1045.9783,1.3694,0.2244,0.8549,24.9734,2152.8337,23.7519
SYM2174,95.09,1611.635,1.1998,0.1707,0.8432,32.0476,1530.4298,16.2951
SYM2175,141.94,2403.4351,1.1813,0.2672,0.7799,40.6197,1966.3449,29.6438
SYM2176,88.31,2222.4406,1.3498,0.2219,0.854,32.9758,2093.1913,23.6886
SYM2177,113.94,2167.2572,1.1566,0.2133,0.8896,43.9032,1812.1992,21.8936
SYM2178,162.15,1597.6482,1.3049,0.2456,0.8971,28.3435,2380.8274,26.9775
SYM2179,95.87,2104.7906,1.3593,0.2379,0.8296,32.2421,1966.2826,25.7286
SYM2180,104.0,1482.2793,1.4482,0.2051,0.9016,24.3212,2677.2261,20.7511
SYM2181,96.01,1740.427,1.2851,0.279,0.906,36.0496,2221.7655,31.0399
SYM2182,137.22,1283.9584,1.4304,0.3273,0.9226,34.565,2176.7638,37.8723
SYM2183,90.1,1070.7758,1.1466,0.2721,0.9256,29.4217,2378.2517,31.1014
SYM2184,184.57,2343.5285,1.327,0.1433,0.7406,23.6293,2087.2364,13.5979
SYM2185,100.0,2111.3032,1.2804,0.2777,0.8626,45.5412,1606.3263,30.5753
SYM2186,107.4,1313.5336,1.3426,0.4133,0.8296,48.5057,2318.3996,51.3693
SYM2187,111.69,1243.0483,1.1927,0.1389,0.829,14.6799,2267.0635,14.5052
SYM2188,100.02,1116.751,1.2794,0.2384,0.9041,28.7194,2378.228,25.8969
SYM2189,87.03,1400.5725,1.1206,0.1864,0.9255,24.1572,2106.1843,18.8181
SYM2190,84.84,1551.7318,1.2848,0.2841,0.9378,36.5022,2062.0402,31.8976
SYM2191,90.94,1367.7007,1.407,0.2279,0.9468,27.5687,2505.0486,23.4599
SYM2192,95.02,1845.0214,1.4747,0.1786,0.892,26.3513,2093.9365,17.5527
SYM2193,128.01,614.7278,1.2585,0.291,0.9327,30.8285,2832.8172,33.0532
SYM2194,102.0,2136.262,1.2931,0.2904,0.8043,41.8925,2183.85,33.0777
SYM2195,95.98,1669.5042,1.3818,0.3214,0.7767,35.9194,2424.5982,38.0861
SYM2196,119.97,2947.4092,1.4707,0.2654,0.7524,33.1859,2502.5802,29.9314
SYM2197,122.1,1695.0419,1.2667,0.2481,0.8932,39.6001,2163.9533,26.5385
SYM2198,126.93,1835.2006,1.1484,0.2664,0.8419,40.9736,1882.8214,29.064
SYM2199,87.97,1761.9059,1.2779,0.2369,0.8269,36.1747,2228.658,25.947
SYM2200,101.95,2000.1637,1.2757,0.2034,0.9188,29.2797,1995.7555,20.3269
SYM2201,93.92,1502.0143,1.3656,0.2184,0.874,28.2461,2137.7846,22.9323
SYM2202,96.05,1628.8479,1.2762,0.23,0.9451,34.723,2100.42,24.203
SYM2203,122.16,3303.7058,1.331,0.2826,0.7601,48.9237,1929.8011,31.3452
SYM2204,89.92,1731.6286,1.5305,0.2679,0.8468,34.1819,2490.998,30.1152
SYM2205,89.29,2582.5538,1.1253,0.2214,0.9212,41.1944,1646.4383,22.9574
SYM2206,94.96,2138.5748,1.1923,0.2702,0.8425,39.2172,1782.6848,29.9597
SYM2207,150.06,1186.0115,1.3241,0.292,0.8902,30.1261,2222.5614,33.8525
SYM2208,98.07,1377.1725,1.2626,0.2118,0.9071,33.6516,2207.3801,21.8835
SYM2209,95.92,1214.9236,1.414,0.2381,0.9344,26.6659,2271.5802,25.3696
SYM2210,98.93,2204.3778,1.2058,0.2885,0.842,44.1662,1972.7021,32.3106
SYM2211,96.98,2191.6046,1.3011,0.2825,0.2034,31.5466,2127.2543,32.6213
SYM2212,84.96,1640.5293,1.3501,0.2335,0.9241,33.1576,2107.6889,24.3473
SYM2213,130.09,1424.539,1.3025,0.3149,0.867,43.0416,2459.5927,36.4504
SYM2214,139.97,2663.837,1.3158,0.2101,0.2021,41.277,2167.2031,21.5696
SYM2215,132.8,1218.8486,0.7251,0.0715,0.856,8.3465,1582.6256,5.187
SYM2216,114.97,1853.4176,1.4929,0.236,0.9091,28.0568,2511.7128,24.7251
SYM2217,162.77,1585.1022,1.218,0.0798,0.7686,11.3129,2017.8943,6.4128
SYM2218,150.16,1683.5749,1.2422,0.2734,0.9202,37.4486,1766.695,29.8831
SYM2219,104.87,1718.2198,1.2196,0.2434,0.9389,34.2522,2115.7265,26.1997
SYM2220,128.7,1173.4532,1.4723,0.3852,0.8724,34.2796,2684.9343,47.0939
SYM2221,147.95,1787.9673,1.451,0.1929,0.8561,25.4143,2685.4306,19.7511
SYM2222,162.32,1727.9393,1.3788,0.2072,0.9262,32.6503,2191.4246,20.9228
SYM2223,131.84,914.087,1.1291,0.2814,0.9422,34.1886,2497.5909,30.9628
SYM2224,106.0,1389.5389,1.3233,0.2022,0.9231,27.6639,2337.3288,20.506
SYM2225,84.98,2320.8965,1.4122,0.2251,0.8544,30.4593,2217.5435,23.3857
SYM2226,114.17,2221.1941,1.2763,0.2299,0.9186,36.3765,2244.6067,24.2091
SYM2227,130.01,2373.7264,1.2777,0.2865,0.7528,38.0922,2629.8828,32.9263
SYM2228,96.0,1818.3272,1.4683,0.2705,0.8745,35.1507,2615.298,30.5207
SYM2229,103.94,2380.5694,1.2586,0.2517,0.832,33.5485,2059.1007,27.539
SYM2230,82.95,1276.9161,1.3421,0.2435,0.9005,25.1803,2005.5295,26.7421
SYM2231,96.01,1455.1711,1.4595,0.2378,0.9038,27.5002,2664.5502,25.0263
SYM2232,90.03,1236.9406,1.4407,0.225,0.9213,20.6396,3390.8675,25.6892
SYM2233,114.53,1723.5081,1.501,0.21,0.8485,28.9109,2832.9302,22.1662
SYM2234,88.99,2097.4789,1.4559,0.283,0.8313,37.8673,2174.2099,31.7901
SYM2235,89.17,1882.0563,1.2825,0.1974,0.9126,27.7953,1970.9986,19.7428
SYM2236,91.96,2141.4758,1.556,0.2678,0.8604,27.0171,2312.2851,30.3742
SYM2237,100.91,1903.9456,1.2496,0.1665,0.9333,27.2434,1942.5622,15.7035
SYM2238,162.03,2058.456,1.4314,0.1709,0.8451,20.2503,2466.025,16.9291
SYM2239,80.04,2412.8297,1.3098,0.1799,0.8629,30.6202,2330.0629,17.891
SYM2240,156.38,1395.6525,1.4127,0.2186,0.8967,26.4475,2054.5269,23.1013
SYM2241,95.68,1055.3849,1.3758,0.2651,0.9169,27.6895,2170.7365,29.1996
SYM2242,163.98,1843.8383,1.3629,0.22,0.213,35.5655,2213.2766,22.722
SYM2243,156.08,1345.7003,1.1833,0.1731,0.9007,28.621,1664.2392,16.8015
SYM2244,93.47,1417.1036,1.1917,0.0849,0.6921,13.9937,1507.963,6.4722
SYM2245,95.38,1047.492,1.3028,0.183,0.9123,22.4225,2183.5889,17.7535
SYM2246,92.35,1297.5828,1.4967,0.1233,0.9107,12.2839,2448.7202,10.486
SYM2247,164.98,892.1429,1.3186,0.2509,0.9296,24.5603,2442.816,27.8721
SYM2248,91.98,1801.8381,1.1977,0.1139,0.8991,21.5868,1943.0781,9.4736
SYM2249,90.85,1302.2124,1.0253,0.1859,0.8963,32.5725,1433.0691,18.4157
SYM2250,83.89,1783.7672,1.141,0.0858,0.9435,20.3502,2047.8049,6.3973
SYM2251,131.51,1558.0233,1.39,0.2339,0.9133,19.1814,2792.8976,25.6236
SYM2252,122.25,1468.9532,1.0957,0.1299,0.3216,24.8844,1897.2057,11.153
SYM2253,90.1,1070.7758,1.1466,0.2721,0.9256,29.4217,2378.2517,31.1014
SYM2254,90.67,1053.2212,1.2336,0.0894,0.9132,10.6682,2188.7586,7.1641
SYM2255,163.04,1338.2595,1.1678,0.099,0.6535,10.9732,1948.4313,9.0137
SYM2256,172.27,1866.3575,1.5093,0.1099,0.8952,14.9086,2408.7236,9.0983
SYM2257,140.1,3244.7099,1.2388,0.1469,0.911,33.6304,1645.2477,13.1122
SYM2258,93.95,2602.2388,1.6219,0.1788,0.7915,20.9245,2797.6366,18.2826
SYM2259,87.03,1400.5725,1.1206,0.1864,0.9255,24.1572,2106.1843,18.8181
SYM2260,156.42,1588.4976,1.2523,0.235,0.8557,17.1029,2097.7321,25.796
SYM2261,118.66,1189.373,1.2698,0.2676,0.9099,30.6411,2215.9277,29.6452
SYM2262,75.01,1104.823,1.2293,0.2058,0.9127,18.5144,1987.2469,21.2788
SYM2263,97.93,1314.216,1.2856,0.2229,0.8795,19.9631,2135.254,24.2771
SYM2264,109.41,1422.1072,1.0777,0.2634,0.8518,33.7673,1679.675,29.4823
SYM2265,95.98,1146.941,1.4129,0.191,0.9206,21.9048,2985.5452,19.258
SYM2266,113.7,2837.2899,1.3229,0.181,0.8824,22.3982,1647.6234,17.6035
SYM2267,95.85,919.6008,1.2451,0.0971,0.8985,11.4182,2283.1537,7.6987
SYM2268,89.3,975.7056,1.2221,0.2781,0.8925,22.3807,2059.0913,31.7707
SYM2269,93.73,927.7455,1.151,0.288,0.9009,21.6707,2290.6689,33.2814
SYM2270,129.64,1292.5338,1.3437,0.1734,0.9304,17.8386,2027.8173,17.0917
SYM2271,85.88,2074.6722,1.2841,0.1875,0.8646,25.0164,1969.0346,18.9522
SYM2272,99.83,1117.6245,1.0396,0.1922,0.9187,24.268,2207.2781,19.3635
SYM2273,89.9,1538.658,1.349,0.1856,0.8935,25.371,2313.0284,18.9999
SYM2274,85.76,1211.7379,1.0172,0.2033,0.76,14.5274,1998.0882,22.1655
SYM2275,144.65,1617.7123,1.3085,0.2549,0.8726,32.4103,1974.4717,27.8269
SYM2276,101.98,1573.3821,1.2917,0.2735,0.8374,32.5688,1864.1453,30.608
SYM2277,102.03,1624.8521,1.3037,0.2684,0.8655,32.162,2107.8732,29.9188
SYM2278,84.71,2515.7056,1.271,0.2111,0.7494,31.7,1792.3128,22.1839
SYM2279,116.9,1113.209,1.2514,0.1907,0.8974,21.055,2697.173,19.4204
SYM2280,122.02,1485.5896,1.2745,0.2522,0.8859,31.811,1796.7145,27.9067
SYM2281,91.93,2801.6634,1.1869,0.2124,0.7945,26.6402,1899.1273,23.028
SYM2282,103.77,1145.1835,1.2713,0.237,0.8996,25.197,2046.7814,26.1235
SYM2283,122.62,1424.8111,1.2562,0.2527,0.8752,31.003,1788.9368,27.9913
SYM2284,89.97,1489.152,1.337,0.2095,0.876,25.8642,2227.4348,21.6853
SYM2285,95.24,1963.0041,1.1756,0.1625,0.8832,25.8688,1607.8865,15.5654
SYM2286,80.15,1085.8473,1.2931,0.1765,0.8837,17.5284,1923.6669,17.8893
SYM2287,97.12,1584.1893,1.3518,0.2091,0.9002,23.7399,1953.4654,21.4414
SYM2288,95.03,1255.6863,1.1614,0.2782,0.8472,23.1618,2120.367,32.522
SYM2289,144.19,1061.4232,1.0335,0.1939,0.8753,24.5521,1647.0835,20.0724
SYM2290,126.01,885.058,1.307,0.2204,0.9181,19.0272,2316.404,23.2714
SYM2291,124.99,867.276,1.2747,0.2958,0.8492,21.4354,2325.5281,34.9291
SYM2292,119.89,594.8805,1.3237,0.3347,0.902,19.5707,2974.1401,39.8913
SYM2293,105.01,1474.3818,1.2952,0.2213,0.927,25.1348,2389.6037,23.0428
SYM2294,89.89,1082.4291,1.2075,0.2223,0.9052,22.2506,2491.6297,23.5023
SYM2295,116.46,1351.9866,1.3179,0.2282,0.9026,26.7481,2222.6805,24.7446
SYM2296,125.9,897.5884,1.253,0.2084,0.9099,18.5877,2304.4284,22.2248
SYM2297,86.02,1667.2085,1.1938,0.1875,0.8267,26.7565,2036.4249,19.1583
SYM2298,96.04,1954.2401,1.261,0.2528,0.8905,47.6301,2175.0383,26.7988
SYM2299,93.92,1135.2088,1.1684,0.2109,0.9054,24.2564,2043.7796,22.2227
SYM2300,117.96,1050.8336,1.3504,0.1621,0.9279,18.9374,2288.1945,15.019
SYM2301,89.99,1407.0119,1.2367,0.1885,0.9133,25.996,2258.1214,18.9014
SYM2302,128.45,1899.0818,1.3194,0.2152,0.8513,28.1395,1983.9619,22.7307
SYM2303,92.34,1622.2796,1.1377,0.1497,0.8115,20.6853,1926.9748,15.7108
SYM2304,80.06,1450.304,1.2676,0.1701,0.8679,18.911,1925.6958,17.0923
SYM2305,79.97,1433.8841,1.241,0.1687,0.9015,24.0615,1730.7616,16.2829
SYM2306,153.8,1461.3127,1.2149,0.2452,0.9135,27.1524,2346.3724,26.5881
SYM2307,128.41,1435.1653,1.3201,0.2468,0.9,33.1941,1863.2989,26.5172
SYM2308,106.59,1096.5274,1.1364,0.1589,0.8714,13.7106,1723.9962,15.5497
SYM2309,114.87,1636.3296,1.4134,0.1507,0.8319,18.7573,2406.8125,13.789
SYM2310,85.98,1592.5345,1.3413,0.1945,0.8021,22.8614,2561.1217,20.4332
SYM2311,82.64,1484.1439,1.0331,0.1467,0.8757,25.5496,1664.9942,14.149
SYM2312,85.02,1894.4721,1.3454,0.2885,0.8469,37.2278,2619.4805,32.6879
SYM2313,150.94,1304.2388,1.2466,0.1764,0.8728,14.0148,2149.9837,17.8794
SYM2314,144.23,1321.3819,1.2415,0.1856,0.8967,23.5734,2104.4871,18.3153
SYM2315,129.71,2037.0759,1.2038,0.2222,0.851,33.3915,1680.1032,23.1641
SYM2316,99.89,1840.2401,1.3074,0.2459,0.8986,38.237,2122.0637,26.1272
SYM2317,178.21,1410.8527,1.3111,0.2,0.9262,27.42,2180.3842,19.8467
SYM2318,150.3,1216.7323,1.2134,0.2479,0.9242,25.9354,2143.8632,27.6981
SYM2319,163.25,1330.421,1.1872,0.212,0.9259,30.3891,2024.1515,21.8207
SYM2320,90.93,1632.4803,1.2149,0.2517,0.8773,34.726,2287.32,27.3494
SYM2321,88.07,1441.5483,1.2306,0.2416,0.894,29.8957,1752.6364,25.5272
SYM2322,89.98,1293.6429,1.2018,0.2222,0.8572,19.3603,2248.4784,24.5388
SYM2323,113.77,2075.3958,1.3022,0.2754,0.8437,38.9787,1930.0655,30.4627
SYM2324,95.03,1313.8435,1.2785,0.2517,0.8875,29.7308,1968.09,27.5797
SYM2325,94.76,1070.9001,1.0452,0.0819,0.9238,12.234,1980.0829,6.6116
SYM2326,166.25,1151.8965,1.227,0.3113,0.9264,34.8447,2384.6688,35.3453
SYM2327,80.07,1223.9182,1.2896,0.2942,0.9345,30.4437,2266.4761,33.428
SYM2328,97.0,1784.1123,1.2025,0.3071,0.8131,41.2252,1978.9663,35.0632
SYM2329,122.47,2469.1386,1.3075,0.2851,0.901,40.7159,2516.0914,31.6778
SYM2330,101.94,1139.3533,1.1745,0.3106,0.9257,39.4888,2030.0783,35.6995
SYM2331,97.67,2307.661,1.3247,0.1745,0.7942,25.3776,1892.6079,17.6774
SYM2332,85.64,2938.8629,1.1895,0.2153,0.8364,42.1054,1970.5562,22.6114
SYM2333,91.01,2192.8367,1.2103,0.239,0.896,37.1868,1804.0496,25.7045
SYM2334,109.12,1285.3622,1.259,0.2975,0.9,32.178,1965.6458,34.0462
SYM2335,85.39,1633.695,1.1728,0.1819,0.8797,26.445,2394.8722,18.3596
SYM2336,135.32,2521.2077,1.1682,0.257,0.8624,38.4664,1917.4839,27.9358
SYM2337,93.95,1717.504,1.1185,0.2132,0.8902,34.14,2114.4603,22.8662
SYM2338,141.9,1248.3932,1.3061,0.3103,0.9056,30.6419,2212.9983,35.6984
SYM2339,94.16,1170.2565,1.1791,0.2639,0.8922,29.7361,1918.184,29.3447
SYM2340,89.89,1071.639,1.2959,0.3334,0.8923,31.3999,2516.0185,39.7761
SYM2341,161.54,1426.8239,1.2066,0.2848,0.9096,29.6491,2227.8228,32.4979
SYM2342,86.94,1763.9988,1.2237,0.23,0.8614,32.3556,1911.3742,24.9406
SYM2343,86.0,1831.2969,1.2259,0.2479,0.8393,35.339,2054.4895,27.1449
SYM2344,79.79,2117.0862,1.2214,0.2381,0.8602,38.0718,2347.9349,25.6886
SYM2345,79.84,1548.1992,1.1956,0.2583,0.9363,34.9644,2219.8273,27.9694
SYM2346,91.0,1464.0676,1.1984,0.1714,0.9196,24.15,2484.9431,17.1572
SYM2347,79.99,2398.766,1.3476,0.2764,0.7752,40.7128,2026.8866,30.8312
SYM2348,153.53,1283.222,1.1584,0.2583,0.8979,30.3369,2058.996,28.5091
SYM2349,90.97,1248.9284,1.2044,0.2472,0.9192,28.1149,2187.7436,27.494
SYM2350,94.02,1191.0395,1.1773,0.2515,0.9192,31.3251,2178.9004,26.9661
SYM2351,172.27,1510.0984,1.2241,0.2515,0.8841,22.6037,1834.7613,27.6436
SYM2352,90.96,1941.1694,1.3295,0.1862,0.8974,30.1413,2196.139,18.6636
SYM2353,80.09,1289.3604,1.1583,0.1175,0.7798,13.6299,1864.11,10.5488
SYM2354,74.96,1716.8691,1.2501,0.2625,0.8416,30.8355,1957.7816,29.3405
SYM2355,87.03,2640.3148,1.2616,0.2518,0.8216,33.3152,2110.8486,27.4409
SYM2356,84.49,1514.2353,1.3143,0.2519,0.85,27.2032,2396.7373,27.8687
SYM2357,114.61,1673.2474,1.2712,0.2285,0.8567,28.9559,1752.2888,24.547
SYM2358,133.8,1422.8665,1.2152,0.2681,0.8881,29.4803,2164.4538,29.7618
SYM2359,83.06,1469.8622,1.2205,0.2077,0.9191,31.4241,2002.1259,21.2943
SYM2360,83.96,1393.5214,1.2229,0.2742,0.8947,30.52,2287.4228,30.9014
SYM2361,91.97,2029.0653,1.3744,0.2233,0.8526,34.6402,2502.7147,23.6249
SYM2362,87.19,1759.5124,1.2058,0.2312,0.914,30.7798,1901.1153,24.6249
SYM2363,86.11,2157.2586,1.162,0.3205,0.5789,42.6374,1920.8651,36.0743
SYM2364,95.9,1847.2461,1.2573,0.1807,0.8941,31.404,2378.1156,18.3782
SYM2365,111.87,1977.8687,1.278,0.2751,0.7846,35.9246,2427.5604,31.5505
SYM2366,90.74,1695.4224,1.483,0.2318,0.2182,23.3786,1844.805,24.5237
SYM2367,129.73,1832.0932,1.209,0.2406,0.8124,34.3584,1949.5424,25.8382
SYM2368,88.97,1750.9568,1.1937,0.2277,0.8429,24.5186,2435.2837,25.6347
SYM2369,128.02,1392.8867,1.2997,0.2653,0.8912,34.9607,1754.8189,29.0938
SYM2370,143.9,2499.4536,1.2633,0.2721,0.8064,46.8909,1986.8772,30.2081
SYM2371,88.5,1574.0738,1.2563,0.1859,0.9117,27.4964,2065.4705,18.1265
SYM2372,129.75,1220.3594,1.1497,0.2894,0.9391,33.9649,1945.3287,32.738
SYM2373,114.89,895.1147,1.2256,0.2382,0.905,18.9312,1693.198,26.1798
SYM2374,80.15,1611.5074,1.1923,0.2261,0.8864,23.4059,1930.5579,24.5643
SYM2375,103.98,1148.9723,1.2274,0.2601,0.8846,29.3317,2259.6288,28.7425
SYM2376,172.27,1392.6181,1.2215,0.3307,0.5651,42.6178,2074.4085,37.4733
SYM2377,92.95,2185.256,1.3399,0.1663,0.8404,29.0331,2001.228,16.1416
SYM2378,163.7,1345.0157,1.0384,0.1047,0.8497,16.1223,1504.1208,9.4841
SYM2379,70.02,1726.786,1.2146,0.1488,0.918,26.0244,1941.2038,13.9325
SYM2380,85.88,2074.6722,1.2841,0.1875,0.8646,25.0164,1969.0346,18.9522
SYM2381,172.27,1415.4456,1.1409,0.1784,0.9006,21.6654,1655.1678,17.3863
SYM2382,95.04,1036.449,1.3909,0.3649,0.9207,38.1362,2420.2675,44.202
SYM2383,120.19,1283.8373,1.3393,0.3,0.8498,31.1808,2247.9888,34.0662
SYM2384,91.03,1645.1637,1.4235,0.1938,0.9176,25.6493,2194.8598,19.4885
SYM2385,150.11,1747.5205,1.2935,0.239,0.8888,29.6598,1945.7086,25.6893
SYM2386,118.68,1449.305,1.2173,0.257,0.917,32.5515,2007.9,27.8933
SYM2387,91.66,2160.0731,1.2133,0.2781,0.8475,45.8083,2042.9252,31.0128
SYM2388,172.27,1853.6142,1.3085,0.3044,0.828,36.9018,2114.8801,35.3112
SYM2389,89.91,2357.7515,1.2766,0.2561,0.8625,42.4705,2045.8162,28.0382
SYM2390,150.98,984.1475,1.1559,0.2951,0.9146,28.3387,1964.9702,33.6684
SYM2391,163.44,1160.0006,1.0278,0.2655,0.8961,24.2789,1893.0113,30.6225
SYM2392,89.92,2198.862,1.1706,0.2658,0.8561,47.1313,1604.3896,28.979
SYM2393,118.41,1329.5357,1.2314,0.2636,0.8899,31.4228,2347.168,29.6041
SYM2394,105.1,717.9846,1.2299,0.1563,0.93,14.344,2315.1687,14.2194
SYM2395,113.67,2217.7213,1.4292,0.2505,0.8278,31.2301,2203.9085,27.6411
SYM2396,163.73,869.8517,1.1126,0.1852,0.3107,15.6728,1876.9702,18.2357
SYM2397,87.78,1039.9142,1.279,0.2959,0.9113,22.6596,2663.2405,34.358
SYM2398,162.58,1368.8578,1.34,0.2608,0.87,21.7868,2296.1644,29.6572
SYM2399,86.71,1017.048,1.2744,0.3128,0.8677,28.1675,2727.7054,37.0177
SYM2400,93.06,1362.6442,1.3715,0.1561,0.8327,14.4781,2358.0309,15.4199
SYM2401,128.45,1899.0818,1.3194,0.2152,0.8513,28.1395,1983.9619,22.7307
SYM2402,95.9,3256.1157,1.1558,0.0412,0.7466,12.5996,1911.3952,2.4446
SYM2403,97.01,1325.6452,1.1072,0.1533,0.9296,27.941,1603.1978,13.7833
SYM2404,87.97,1225.8884,1.3238,0.081,0.8723,9.646,2539.2485,6.2121
SYM2405,90.0,1658.262,1.0684,0.1726,0.8519,28.6216,2084.2964,17.0256
SYM2406,91.96,1861.2896,1.2133,0.1933,0.9094,24.6614,2037.7471,19.6986
SYM2407,89.23,1883.3068,1.3813,0.2212,0.904,34.6714,1608.2831,22.783
SYM2408,139.84,1706.6143,1.3696,0.2189,0.9007,26.8098,2238.4384,23.1767
SYM2409,90.46,1800.1664,1.1632,0.0902,0.7824,13.9141,1882.191,7.687
SYM2410,136.32,1996.2919,1.3376,0.231,0.878,30.8739,2116.7507,24.2773
SYM2411,106.975,1551.01855,1.2571,0.2297,0.88245,27.330849999999998,2241.1574499999997,24.66685
SYM2412,81.79,1730.2902,1.1407,0.2163,0.9077,30.3272,1913.6767,22.6495
SYM2413,82.54,1656.1274,1.3572,0.2152,0.8821,28.0118,1878.1425,22.7202
SYM2414,88.16,1495.7408,1.2436,0.2472,0.8839,32.2955,1776.8343,27.1325
SYM2415,90.01,1421.2688,1.1179,0.1828,0.875,20.8529,2221.4874,18.6426
SYM2416,93.94,2383.6042,1.379,0.2413,0.816,33.7124,1479.1768,25.7983
SYM2417,150.03,1680.3141,1.243,0.219,0.875,31.9834,2101.8749,22.8656
SYM2418,91.97,3052.5198,1.1009,0.1857,0.8568,41.1106,1430.2107,18.2109
SYM2419,88.98,1515.8915,1.1951,0.233,0.9029,28.1468,2038.5826,24.8312
SYM2420,90.1,1589.2874,1.2961,0.2342,0.8853,27.4879,1704.767,24.8725
SYM2421,88.01,1476.6731,1.1696,0.16,0.9329,24.2605,2079.2222,15.2391
SYM2422,106.975,1551.01855,1.2571,0.2297,0.88245,27.330849999999998,2241.1574499999997,24.66685
SYM2423,89.94,1662.2251,1.184,0.2027,0.8491,24.3718,1404.0828,20.6459
SYM2424,79.98,1590.8945,1.2697,0.2297,0.8368,29.0051,1872.4692,24.6772
SYM2425,90.98,2313.066,1.2238,0.152,0.7506,29.4698,2050.2174,14.3888
SYM2426,91.89,2022.6904,1.2464,0.1812,0.9144,31.8275,2274.6013,17.9311
SYM2427,99.95,2486.5533,1.3091,0.1842,0.8562,36.3866,1912.9977,17.9048
SYM2428,172.27,1670.8804,1.1581,0.1966,0.9031,28.5756,1735.3628,20.2921
SYM2429,84.01,2030.1022,1.2119,0.1879,0.8874,24.2192,2077.4491,19.1435
SYM2430,172.27,2241.8414,1.2339,0.2122,0.9284,39.1117,1899.0897,21.4594
SYM2431,99.49,1087.582,1.2597,0.1906,0.8788,20.8362,2030.9851,19.5267
SYM2432,83.74,1800.637,1.2875,0.2244,0.8569,30.6094,2007.8955,23.8148
SYM2433,136.95,1858.7437,1.2108,0.276,0.8397,35.7062,2241.8444,30.7413
SYM2434,106.975,1551.01855,1.2571,0.2297,0.88245,27.330849999999998,2241.1574499999997,24.66685
SYM2435,90.06,1775.0534,1.1965,0.2275,0.8852,31.6562,1874.0807,24.9103
SYM2436,89.99,2013.1691,1.1873,0.1664,0.8715,30.1134,1611.6031,15.7247
SYM2437,129.41,1845.1153,1.2051,0.2497,0.8871,37.2795,1743.4736,26.8124
SYM2438,86.58,1864.0482,1.2854,0.2109,0.7716,29.672,1638.2114,21.9121
SYM2439,86.03,1950.6102,1.2555,0.2171,0.8211,31.9262,1813.6923,23.1857
SYM2440,82.96,1894.4604,1.3231,0.249,0.8667,37.4206,2231.8052,27.2745
SYM2441,72.04,2352.0116,1.2326,0.2239,0.7997,36.0211,2129.0657,23.4911
SYM2442,66.03,2220.0104,1.1198,0.2007,0.8416,41.3365,1447.6694,20.068
SYM2443,87.89,2416.9974,1.1977,0.1982,0.7935,30.3501,2005.0781,20.6801
SYM2444,93.91,2118.9318,1.0724,0.248,0.8515,39.9446,1791.4357,26.5284
SYM2445,94.04,1112.3159,1.2317,0.2471,0.9118,22.3571,1738.6265,26.2917
SYM2446,93.95,1586.6544,1.433,0.15,0.7976,15.7923,2690.1839,14.5828
SYM2447,78.0,1170.4481,1.3334,0.1715,0.8885,18.288,1943.3876,17.0801
SYM2448,97.04,1463.2496,1.2885,0.1555,0.8679,17.8511,2515.3064,15.0196
SYM2449,81.99,1806.3057,1.3423,0.2276,0.8528,30.1545,2075.6991,24.4955
SYM2450,87.94,2819.7869,1.1126,0.2634,0.7958,37.6374,1813.1597,30.6553
SYM2451,91.9,2311.6598,1.471,0.2325,0.8418,29.2239,1990.0908,24.4855
SYM2452,85.98,1416.6517,1.2368,0.2014,0.9173,29.3757,1973.5734,21.1861
SYM2453,90.09,1887.3967,1.3631,0.2157,0.2273,31.4864,1553.042,22.0674
SYM2454,89.95,1966.986,1.3976,0.1756,0.8589,22.3954,2706.5436,17.6847
SYM2455,128.62,1284.3217,1.2751,0.1831,0.8971,19.6479,1987.13,18.0683
SYM2456,92.01,2116.4557,1.3473,0.171,0.8717,27.2481,2420.7624,16.5708
SYM2457,87.03,2036.9259,1.2025,0.2427,0.8592,36.8876,1609.0198,26.3175
SYM2458,87.93,1530.2893,1.2307,0.2639,0.9602,31.2906,2044.786,28.5319
SYM2459,84.87,1894.9219,1.3586,0.1853,0.8945,18.5447,2289.9476,19.1316
SYM2460,82.29,2345.5692,1.165,0.2198,0.9017,37.0083,2234.249,22.6888
SYM2461,83.48,2112.4833,1.3352,0.1672,0.8166,22.2821,2565.4836,16.4406
SYM2462,94.97,2902.9136,1.3057,0.2022,0.8901,34.1537,2247.5607,20.3955
SYM2463,84.0,1957.0784,1.1286,0.2387,0.9026,45.8768,1446.5087,25.0628
SYM2464,83.94,1834.1331,1.3237,0.2717,0.8903,36.5319,1926.0441,29.8638
SYM2465,91.96,1193.1002,1.1598,0.2119,0.9243,25.571,2523.4863,22.4787
SYM2466,91.84,1619.1056,1.3186,0.1455,0.8606,14.2606,2563.3504,14.5256
SYM2467,93.96,1835.5298,1.2962,0.1491,0.8575,21.8521,2243.3262,14.0909
SYM2468,136.03,1211.7382,1.1785,0.182,0.8714,18.9376,1900.5704,18.5444
SYM2469,94.01,1469.6191,1.1722,0.2621,0.922,35.5636,1972.9144,28.5703
SYM2470,92.02,1336.3197,1.2092,0.2915,0.9251,37.8582,1688.6777,32.7538
SYM2471,90.0,2138.6206,1.2085,0.2384,0.8661,40.9962,1801.6901,24.835
SYM2472,133.31,1759.2346,1.246,0.1858,0.8738,27.7488,1918.9762,18.482
SYM2473,99.97,2114.8114,1.4441,0.1835,0.8214,25.2285,2771.3391,18.3039
SYM2474,98.95,1745.4561,1.5356,0.1586,0.879,17.8264,2615.4998,14.9799
SYM2475,91.94,1731.9485,1.3096,0.2465,0.8505,37.862,1648.2588,26.6089
SYM2476,90.03,1362.0051,1.2134,0.2598,0.8694,31.8327,1350.1992,28.253
SYM2477,74.81,1727.707,1.1172,0.2566,0.8837,35.4624,1888.9265,28.1885
SYM2478,89.06,1896.7861,1.3727,0.2674,0.8526,30.9549,1908.834,29.6794
SYM2479,106.975,1551.01855,1.2571,0.2297,0.88245,27.330849999999998,2241.1574499999997,24.66685
SYM2480,82.94,2331.2082,1.226,0.2561,0.7647,38.5141,1330.2445,28.2511
SYM2481,109.91,1949.415,1.2715,0.1537,0.7994,21.2367,1790.2489,14.7094
SYM2482,111.97,1629.5592,1.3983,0.1706,0.8581,19.3571,2061.7516,16.5875
SYM2483,93.58,2090.9497,1.36,0.1768,0.8963,24.8396,2089.3432,17.5688
SYM2484,87.96,1943.4242,1.2135,0.2348,0.864,33.5015,1790.6266,25.1354
SYM2485,91.31,1660.9866,1.2886,0.1932,0.9073,25.1121,2356.941,20.0541
SYM2486,92.89,1715.9342,1.1821,0.2145,0.8955,30.7753,1579.8356,22.0829
SYM2487,77.77,1423.7217,1.1859,0.1429,0.8863,15.62,1796.0522,13.5675
SYM2488,88.99,1642.6971,1.4271,0.245,0.8711,29.0352,2599.4348,26.9214
SYM2489,82.9,2249.7755,1.2011,0.2396,0.8304,36.5823,1321.4798,25.9484
SYM2490,87.01,1936.4252,1.4383,0.2583,0.89,34.1535,1945.6603,27.9077
SYM2491,87.98,1582.7915,1.1542,0.2678,0.8525,41.5766,1360.2004,29.6915
SYM2492,75.89,1732.64,1.2995,0.2843,0.8724,33.0121,2181.3632,32.1486
SYM2493,86.91,1783.0041,1.3425,0.2634,0.9043,34.0751,1988.816,28.6841
SYM2494,78.44,1479.6397,1.322,0.2752,0.9117,39.7555,2133.3263,30.5513
SYM2495,131.08,949.3473,1.0611,0.2308,0.9415,24.6734,1613.3396,25.6283
SYM2496,172.27,1670.8804,1.1581,0.1966,0.9031,28.5756,1735.3628,20.2921
SYM2497,92.91,1704.7315,1.25,0.2053,0.952,29.638,1985.3871,21.0784
SYM2498,90.99,1638.6065,1.337,0.3049,0.9027,30.2385,2131.1731,35.2138
SYM2499,172.27,2250.9402,1.157,0.0973,0.8904,18.173,2175.4768,8.5044
SYM2500,81.78,1730.2902,1.1407,0.2163,0.9077,30.3272,1913.6767,22.6495
SYM2501,87.85,1697.6745,1.1931,0.2797,0.8847,35.1448,1814.5127,31.4756
SYM2502,94.02,1602.3588,1.1999,0.2544,0.9368,39.2056,1875.759,27.3702
SYM2503,97.98,2135.8701,1.4849,0.1919,0.8315,21.8848,2844.0436,20.5807
SYM2504,95.13,1776.5542,1.1526,0.3356,0.7944,35.3843,2199.0374,41.2882
SYM2505,99.96,1882.7936,1.5841,0.276,0.226,34.5025,2336.746,31.1687
SYM2506,184.57,1408.953,1.3466,0.0365,0.297,5.6679,2712.6247,2.1644
SYM2507,88.86,2078.6719,1.3998,0.1182,0.8559,18.2732,2768.3358,10.5963
SYM2508,87.94,1440.4909,1.1963,0.1294,0.8783,20.1595,1832.789,11.3995
SYM2509,90.95,1865.6895,1.3738,0.2098,0.8396,24.1755,2472.1731,22.3783
SYM2510,91.11,1598.3568,1.1612,0.2352,0.9264,30.6191,2376.3242,25.842
SYM2511,89.99,1722.0892,1.2573,0.1822,0.9077,25.8288,2396.9596,18.6152
SYM2512,89.01,1385.3487,1.3169,0.3189,0.9579,35.8507,2504.2157,37.0906
SYM2513,178.21,2258.2499,1.2641,0.1674,0.8627,26.7745,2483.8954,17.0137
SYM2514,94.05,571.4957,1.161,0.0903,0.9643,11.8011,2205.815,6.7537
SYM2515,88.05,1858.7134,1.3129,0.2154,0.9185,24.7053,2599.2343,23.5262
SYM2516,139.87,1481.1799,1.4848,0.277,0.8477,23.27,2840.0257,31.4153
SYM2517,95.98,926.7441,1.3989,0.1071,0.9411,16.628,2310.7377,8.4446
SYM2518,70.02,1971.014,1.5135,0.2494,0.8921,31.071,2264.1803,27.1938
SYM2519,89.03,1277.8803,1.2769,0.172,0.872,19.4185,2426.1859,17.5443
SYM2520,110.43,1303.7229,1.0891,0.2278,0.8933,22.8565,2226.9483,24.8287
SYM2521,140.09,2659.9518,1.4479,0.213,0.8055,24.685,2963.4752,23.2211
SYM2522,135.2,2103.2424,1.4092,0.1909,0.8433,23.2484,2864.3161,20.1248
SYM2523,90.94,2141.3681,1.3918,0.2543,0.8662,33.13,2453.5018,28.695
SYM2524,99.91,2274.2018,1.3421,0.2738,0.8104,34.9594,2535.4677,31.6568
SYM2525,95.03,2525.5712,1.3675,0.161,0.7832,21.0977,2104.2027,15.8692
SYM2526,88.04,1976.2379,1.6126,0.25,0.8585,24.0964,3185.5618,27.9411
SYM2527,84.99,2527.556,1.2536,0.1931,0.8721,26.0908,2225.8052,20.1128
SYM2528,131.98,1305.4333,1.4451,0.276,0.9033,20.9365,2928.0015,31.5255
SYM2529,87.74,1757.4858,1.1043,0.2009,0.8723,27.4293,2368.3551,21.9334
SYM2530,83.26,1913.7101,1.2585,0.1068,0.878,20.4145,2369.0122,8.6737
SYM2531,83.0,1807.577,1.4229,0.2211,0.8693,20.071,3325.9058,24.3275
SYM2532,135.2,1804.2105,1.4348,0.2166,0.7582,20.7984,3079.8499,24.0684
SYM2533,95.01,1629.9935,1.3958,0.2093,0.8944,19.1093,2983.4999,23.7229
SYM2534,91.99,1650.0575,1.4338,0.2177,0.8689,22.6213,3171.8756,23.4858
SYM2535,95.88,1941.6624,1.4541,0.2856,0.8346,25.4517,3080.5335,33.6261
SYM2536,134.98,2684.7853,1.3651,0.2039,0.7741,20.8126,2820.6912,22.5897
SYM2537,129.62,1202.4635,1.3807,0.2552,0.8167,18.2909,3205.2427,29.4986
SYM2538,93.91,1726.713,1.2313,0.1919,0.8966,22.8525,2972.0353,20.2203
SYM2539,97.21,1145.9875,1.2727,0.3216,0.9412,34.9703,2374.6176,37.9401
SYM2540,95.1,1632.0992,1.299,0.226,0.8946,31.5755,2074.8869,24.3353
SYM2541,81.99,2387.3672,1.4031,0.2122,0.8293,26.418,2611.0785,22.999
SYM2542,100.02,1732.712,1.397,0.2657,0.8901,33.1979,2286.3499,29.2091
SYM2543,139.87,1481.1799,1.4848,0.277,0.8477,23.27,2840.0257,31.4153
SYM2544,96.97,1432.861,1.0917,0.1546,0.9017,20.4043,1782.6777,14.3438
SYM2545,147.78,796.8009,1.1504,0.2511,0.931,25.1412,2094.5277,27.339
SYM2546,94.88,1599.6214,1.422,0.1607,0.9335,17.2762,3110.1638,16.0292
SYM2547,135.56,2640.4455,1.4217,0.2199,0.8088,19.6833,2856.8946,24.4793
SYM2548,88.99,1392.2006,1.2452,0.2026,0.9187,26.6554,2586.0369,20.9728
SYM2549,145.99,1978.9462,1.3225,0.2206,0.8441,22.3462,2840.8137,24.2726
SYM2550,88.02,2675.5772,1.41,0.2111,0.8212,26.3535,2199.152,22.1497
SYM2551,93.96,2584.8572,1.4668,0.1819,0.7664,23.1614,2413.0594,19.0798
SYM2552,94.92,2902.9285,1.2516,0.1576,0.8255,29.4898,2228.2034,15.3107
SYM2553,89.99,1708.8237,1.3295,0.2553,0.9034,37.3024,2677.7769,28.3374
SYM2554,84.96,2116.1357,1.4252,0.1953,0.7771,21.4813,3147.8941,21.0333
SYM2555,99.95,1277.9156,1.3931,0.3543,0.9022,35.0371,2056.9317,42.4001
SYM2556,166.2,2358.1709,1.2938,0.1769,0.8108,22.2153,2552.076,17.9895
SYM2557,118.52,870.9817,1.2734,0.0621,0.8852,5.362,3639.8285,4.4156
SYM2558,83.97,1410.3126,1.2738,0.3697,0.8785,40.4239,1650.0166,44.4742
SYM2559,95.94,1298.7846,1.3234,0.3472,0.892,38.2391,2016.5979,41.315
SYM2560,95.7,1870.1476,1.3762,0.1864,0.9414,27.3565,2196.4974,18.269
SYM2561,97.96,2474.2079,1.5239,0.1523,0.8066,23.9386,2648.5394,14.5113
SYM2562,86.83,2491.4522,1.3605,0.1504,0.7976,24.5516,2237.9798,14.6942
SYM2563,172.27,2139.7052,1.2868,0.165,0.8973,21.9265,2081.6378,15.3641
SYM2564,89.0,2164.5638,1.4131,0.1839,0.8434,21.1082,2597.8806,19.2472
SYM2565,96.37,1924.3981,1.2276,0.1837,0.8959,26.743,2217.7635,18.3811
SYM2566,148.05,1771.3618,1.4653,0.3519,0.8089,42.049,2284.2697,41.6516
SYM2567,87.98,2032.5947,1.4252,0.2448,0.863,28.5181,2786.9398,27.7292
SYM2568,94.85,1367.661,1.345,0.3577,0.8512,44.8838,2197.3528,42.4528
SYM2569,120.04,2449.4978,1.2903,0.2111,0.8391,32.2305,1697.1311,21.8751
SYM2570,90.99,2349.3196,1.4093,0.2,0.8412,33.8532,2767.0656,20.6194
SYM2571,99.95,1594.1155,1.5398,0.2693,0.8644,25.9092,2792.1948,30.6999
SYM2572,88.05,2695.7224,1.451,0.132,0.82,17.0353,3204.5578,12.4483
SYM2573,99.48,1197.3198,1.3198,0.3683,0.8852,38.84,1922.5251,44.2946
SYM2574,86.01,2291.9201,1.2971,0.1537,0.8539,25.3487,2267.0705,14.5371
SYM2575,97.98,1256.9079,1.3282,0.2472,0.8949,25.1461,2681.617,27.6049
SYM2576,89.98,1724.5078,1.3172,0.2891,0.9563,32.311,2173.8853,32.3649
SYM2577,76.05,1229.2798,1.4096,0.2989,0.9539,35.6023,2395.1089,33.4494
SYM2578,81.85,2555.121,1.3959,0.1437,0.8546,15.9248,2785.1835,14.0081
SYM2579,84.93,1321.6886,1.2752,0.3111,0.8684,35.6484,2069.6128,35.8401
SYM2580,94.09,1525.4776,1.2067,0.2542,0.9443,35.8354,1845.6211,27.1531
SYM2581,110.94,972.9852,1.2893,0.3854,0.9162,35.2967,1981.0359,47.3042
SYM2582,94.63,2526.04,1.2112,0.1167,0.9596,17.9499,2445.7995,10.0476
SYM2583,99.96,3774.8284,1.2963,0.146,0.8493,31.4855,2511.3813,13.9235
SYM2584,86.96,1108.8981,1.2066,0.2753,0.9362,30.3004,2875.7004,31.5182
SYM2585,140.01,2412.3134,1.3399,0.2061,0.8685,28.4568,2189.367,21.9012
SYM2586,88.16,1427.5024,1.3026,0.2469,0.8882,28.1688,2121.2335,26.8663
SYM2587,81.99,2387.3672,1.4031,0.2122,0.8293,26.418,2611.0785,22.999
SYM2588,99.95,1812.4934,1.1762,0.3613,0.8687,44.8179,1595.6561,43.0804
SYM2589,94.01,1600.2079,1.4215,0.2034,0.9263,20.6988,2481.7013,20.8274
SYM2590,155.97,1725.7933,1.3271,0.2626,0.9115,23.4365,2802.6987,29.8777
SYM2591,94.01,1941.8955,1.3337,0.1667,0.9051,26.5305,2525.9437,16.0565
SYM2592,88.23,1279.7679,1.1651,0.2489,0.9505,33.0024,2029.9274,26.6624
SYM2593,100.01,1727.1936,1.358,0.3218,0.8402,38.8103,2245.383,37.8263
SYM2594,100.93,2007.5573,1.3149,0.2499,0.8305,30.4506,2415.1878,27.6985
SYM2595,91.98,1935.4277,1.3339,0.291,0.8076,31.9628,2523.3496,34.5283
SYM2596,87.89,1311.0674,1.1223,0.228,0.9194,29.3998,1897.2837,24.1594
SYM2597,90.57,2599.4808,1.3294,0.1279,0.882,18.6832,2440.309,11.1054
SYM2598,89.98,1724.5078,1.3172,0.2891,0.9563,32.311,2173.8853,32.3649
SYM2599,95.0,1438.5893,1.5352,0.328,0.8985,35.5923,2727.3117,38.4404
SYM2600,91.06,2177.6118,1.477,0.2256,0.8428,32.6229,2463.8423,23.7595
SYM2601,94.14,1820.4817,1.4151,0.1022,0.8502,11.3925,2417.4201,8.4463
SYM2602,88.22,1572.2542,1.3536,0.1266,0.9354,14.9971,2453.3852,10.8949
SYM2603,97.86,1626.3582,1.1314,0.1679,0.8598,24.2714,2284.1068,16.3809
SYM2604,95.94,1325.5682,1.4058,0.2682,0.9658,33.4753,2178.456,29.1976
SYM2605,97.23,1358.7673,1.3042,0.1695,0.9691,25.8283,2763.8959,16.0183
SYM2606,105.99,1165.3069,1.2194,0.3398,0.8863,41.223,1992.8121,39.8494
SYM2607,83.05,2065.1928,1.2553,0.249,0.8932,31.4703,2611.8677,27.6658
SYM2608,105.0,2325.5145,1.2729,0.289,0.8619,45.3314,2371.8469,32.6531
SYM2609,105.77,1557.9093,1.4329,0.3212,0.9094,33.2839,2536.8576,37.9197
SYM2610,88.03,1804.5495,1.3759,0.3039,0.8568,34.1596,2417.2376,34.9894
SYM2611,87.75,1838.1456,1.2924,0.3158,0.8323,39.3694,2106.6565,36.6485
SYM2612,100.02,1507.5533,1.3462,0.3318,0.8499,33.4722,2133.2769,39.335
SYM2613,89.05,1889.3231,1.3847,0.2128,0.9026,33.4832,1950.2955,21.5179
SYM2614,89.72,642.9217,1.0555,0.1753,0.9648,18.491,1765.823,17.0703
SYM2615,89.62,2122.1492,1.2023,0.1839,0.8982,31.0671,1867.9962,17.8614
SYM2616,87.24,2079.7315,1.1945,0.2228,0.8562,33.0518,1759.0996,23.4832
SYM2617,92.99,2019.4992,1.4814,0.3907,0.6452,43.627,1984.0936,48.3642
SYM2618,88.04,2171.0102,1.357,0.1915,0.7493,30.1374,2522.1351,19.725
SYM2619,100.01,1649.5288,1.4346,0.3119,0.8846,34.8113,2099.9168,36.3768
SYM2620,87.63,1219.0504,1.2393,0.1573,0.944,19.0627,2204.8139,14.9065
SYM2621,161.88,1538.5404,1.3141,0.1161,0.8442,15.6037,2521.7436,10.1948
SYM2622,90.01,1554.6223,1.4002,0.2066,0.8538,22.5716,2457.4021,21.4793
SYM2623,71.36,2441.8567,1.3749,0.2648,0.8573,29.1421,2394.5467,30.5758
SYM2624,91.52,1709.8606,1.3661,0.2329,0.9263,31.3761,2233.4712,24.9546
SYM2625,97.98,2176.5978,1.4522,0.2856,0.7804,32.8938,2412.2102,32.8787
SYM2626,104.87,2160.4215,1.4203,0.177,0.8786,27.1447,2359.44,17.072
SYM2627,86.77,2342.252,1.2576,0.1445,0.8355,25.0039,2182.7466,14.0146
SYM2628,89.0,2164.5638,1.4131,0.1839,0.8434,21.1082,2597.8806,19.2472
SYM2629,172.27,3472.3855,1.0383,0.0844,0.8376,22.5272,1773.4703,6.561
SYM2630,92.93,1718.0564,1.4775,0.3154,0.9377,33.2649,2159.5177,36.0092
SYM2631,129.89,1561.0766,1.3146,0.1558,0.888,23.1617,2301.4295,15.048
SYM2632,100.14,1310.1764,1.3892,0.2947,0.9527,35.6314,2171.1831,32.8394
SYM2633,90.01,1905.1503,1.3975,0.2091,0.8127,22.3319,2945.4231,22.0396
SYM2634,162.8,3549.0727,1.2159,0.2297,0.7924,44.9112,1691.7683,23.7026
SYM2635,91.86,2050.2744,1.2526,0.3224,0.9128,39.4158,2025.4627,37.1287
SYM2636,83.0,2104.7332,1.1896,0.182,0.8789,34.8608,1953.3975,17.7485
SYM2637,94.2,1762.8074,1.2023,0.158,0.8975,26.0475,2290.694,15.0132
SYM2638,89.97,2049.6738,1.0389,0.0885,0.7305,12.108,1931.6,7.9676
SYM2639,90.04,1793.3884,1.3348,0.2187,0.8877,27.1387,1992.1671,23.054
SYM2640,178.21,1086.0702,1.1598,0.1261,0.9287,13.2088,2613.9989,11.2833
SYM2641,98.81,1404.6645,1.2325,0.1209,0.9102,17.8339,2055.9597,10.0617
SYM2642,97.4,1357.8045,1.3401,0.2726,0.965,30.8038,1808.2827,29.5464
SYM2643,105.0,1074.0686,1.1389,0.2136,0.9698,30.2595,2077.4592,22.443
SYM2644,86.83,2392.557,1.1748,0.1201,0.8667,14.2456,2882.437,10.4434
SYM2645,93.96,1898.6069,1.2166,0.0977,0.9085,12.423,2805.5765,8.0621
SYM2646,95.63,2294.9623,1.17,0.2066,0.3152,26.9626,2215.7382,21.829
SYM2647,92.0,1802.5756,1.2314,0.2533,0.9381,41.4338,1816.0268,27.4721
SYM2648,95.74,1537.1817,1.4146,0.2443,0.9383,32.8614,1959.7189,25.8914
SYM2649,96.92,2562.3688,1.2259,0.1242,0.8998,23.7732,2167.4242,10.7072
SYM2650,95.09,1097.0418,1.3295,0.1123,0.8964,8.8076,3175.7208,9.7234
SYM2651,153.54,1734.717,1.4598,0.2606,0.9402,25.412,2496.0288,28.4212
SYM2652,92.89,924.8083,1.2934,0.0994,0.8956,8.7485,3257.1982,8.2635
SYM2653,86.08,921.253,1.3431,0.213,0.9557,19.3833,2543.8702,21.8785
SYM2654,88.05,3093.369,1.2776,0.2138,0.8204,27.6837,2128.1999,21.9891
SYM2655,88.2,1984.2832,1.3003,0.2593,0.9151,29.5081,2230.7083,27.9414
SYM2656,84.97,1466.5899,1.3105,0.2113,0.8937,27.9092,1969.8608,21.5393
SYM2657,102.04,2182.1267,1.3259,0.237,0.9131,35.3015,1935.5478,24.7478
SYM2658,114.94,1974.0972,1.4748,0.2366,0.8436,32.833,2479.1572,25.1845
SYM2659,92.18,1870.748,1.221,0.1811,0.8791,28.4451,2192.7377,18.0268
SYM2660,101.07,2044.0149,1.1885,0.26,0.9556,45.8584,1669.6559,27.7446
SYM2661,85.68,2185.8736,1.5255,0.2335,0.9007,18.2865,2825.3268,26.9289
SYM2662,80.03,2005.7292,1.4058,0.2262,0.8596,21.8538,2671.4508,24.046
SYM2663,86.05,1670.2248,1.3779,0.2358,0.9234,24.2553,2111.49,24.8623
SYM2664,96.96,1083.6086,1.2868,0.182,0.9151,15.469,3031.017,18.2871
SYM2665,85.98,2202.6979,1.5533,0.1495,0.8453,13.5869,3137.233,14.9146
SYM2666,98.04,1715.0244,1.3209,0.2488,0.9248,35.2729,2163.5427,26.703
SYM2667,139.94,1820.3352,1.3959,0.2573,0.866,26.6369,2815.5422,28.9752
SYM2668,90.04,1398.3068,1.21,0.2698,0.8939,24.8017,2036.4255,30.0929
SYM2669,99.91,1618.6639,1.3237,0.2647,0.9184,26.8807,2161.6523,28.8062
SYM2670,99.91,2039.9198,1.2338,0.2162,0.9322,37.9502,2019.3179,22.2242
SYM2671,96.0,1863.6242,1.3932,0.2331,0.858,18.2894,2937.555,25.7245
SYM2672,100.0,1864.0869,1.2932,0.1402,0.858,26.5094,2360.4343,13.1014
SYM2673,89.06,1130.6221,1.357,0.208,0.9318,16.8442,2892.6281,22.1885
SYM2674,163.63,1537.6529,1.1446,0.101,0.8645,15.7903,2276.1471,8.5209
SYM2675,94.8,1462.356,1.1901,0.1497,0.8935,15.2923,2629.4305,14.4473
SYM2676,123.58,1938.1115,1.4441,0.176,0.8616,25.3391,2179.6563,17.225
SYM2677,135.2,2103.2424,1.4092,0.1909,0.8433,23.2484,2864.3161,20.1248
SYM2678,93.83,1552.5624,1.2162,0.1582,0.8829,15.8218,2427.3428,15.6226
SYM2679,89.94,1427.0776,1.3277,0.1685,0.9178,16.022,2060.021,16.0494
SYM2680,122.11,2021.866,1.4871,0.2072,0.7833,23.9084,2575.7337,21.7831
SYM2681,122.36,462.4452,1.3001,0.1701,0.9567,8.0488,3191.1323,16.6165
SYM2682,129.78,1908.7862,1.2395,0.244,0.8376,33.0559,1986.1073,26.8617
SYM2683,97.66,1143.2363,1.217,0.1428,0.8734,18.5391,2006.529,13.1563
SYM2684,163.85,1087.6947,1.2931,0.135,0.9113,15.5131,2003.1591,12.1263
SYM2685,129.69,1468.479,1.2573,0.0704,0.8195,12.6261,2216.913,5.1768
SYM2686,89.97,1548.1328,1.4423,0.2668,0.8187,28.2157,2544.9969,30.0623
SYM2687,103.98,1230.5359,1.373,0.1286,0.885,12.0185,2810.571,11.437
SYM2688,129.5,1294.509,1.4777,0.2224,0.9055,23.6582,2376.1966,23.0649
SYM2689,148.11,857.818,0.8916,0.0736,0.4675,2.3175,2480.2187,6.5097
SYM2690,103.98,1230.5359,1.373,0.1286,0.885,12.0185,2810.571,11.437
SYM2691,151.14,1150.1901,1.4432,0.2578,0.8487,16.7147,3046.9526,29.1195
SYM2692,99.88,1982.9631,1.2918,0.2219,0.8408,33.2086,2308.2001,23.7131
SYM2693,161.75,1067.0144,1.288,0.1786,0.8857,27.4808,2047.314,17.0768
SYM2694,120.15,1486.6059,1.1702,0.063,0.9006,12.928,2087.1104,4.2885
SYM2695,123.85,1675.1321,1.2003,0.2638,0.9013,33.5613,2069.5851,29.3733
SYM2696,135.42,1683.2983,1.2416,0.274,0.9092,39.2256,2186.7862,30.9945
SYM2697,88.08,2073.4804,1.109,0.1657,0.9284,32.134,1797.4831,15.7973
SYM2698,85.85,1280.2986,1.1131,0.2385,0.8391,22.6182,2044.4681,27.1482
SYM2699,129.64,1466.3922,1.2084,0.2679,0.8869,30.4682,2397.7686,29.5072
SYM2700,156.14,948.51,1.1634,0.2691,0.9253,28.6449,2479.9032,29.5897
SYM2701,141.81,1398.4341,1.2423,0.2821,0.9064,34.2526,1986.1559,32.1785
SYM2702,90.9,2053.8144,1.521,0.2669,0.8376,27.0109,2677.7058,30.6017
SYM2703,117.11,828.6594,1.198,0.3021,0.9485,30.4768,2561.9439,34.3197
SYM2704,122.08,1201.9888,1.1381,0.2562,0.8941,28.4376,2292.1498,28.1943
SYM2705,92.96,1402.2267,1.488,0.3085,0.9219,28.5341,2537.8701,36.1889
SYM2706,93.96,2359.9225,1.4093,0.2212,0.876,31.621,2502.4052,23.1843
SYM2707,123.76,1254.8259,1.1531,0.3391,0.9432,39.3715,2069.2067,40.0892
SYM2708,92.84,1313.4666,1.3539,0.2189,0.9051,27.7456,2130.0946,23.6548
SYM2709,85.86,1209.9567,1.3121,0.2344,0.8801,23.5702,2306.9041,25.8334
SYM2710,90.07,1425.3502,1.3161,0.2493,0.8799,23.5402,2414.4919,27.767
SYM2711,163.0,1497.8484,1.2997,0.2778,0.8661,34.915,2211.3107,31.0267
SYM2712,80.87,1521.7008,1.2991,0.2537,0.8842,23.8378,2316.7396,28.342
SYM2713,140.91,1172.0529,1.0495,0.2396,0.904,35.2168,1677.4112,25.6781
SYM2714,96.92,987.9212,1.2875,0.2555,0.8596,24.1841,2305.895,28.8867
SYM2715,87.97,1246.0276,1.4454,0.3393,0.9045,28.0818,2512.7468,41.0855
SYM2716,144.84,2430.7542,1.3675,0.2338,0.8264,32.313,2017.9672,24.7761
SYM2717,82.03,1143.3017,1.3296,0.2561,0.9089,24.7512,2414.6474,28.2105
SYM2718,128.16,1210.8682,1.2246,0.2778,0.8995,26.7389,2597.0111,31.3061
SYM2719,85.8,1445.3345,1.1997,0.2302,0.77,19.4638,2376.8005,26.3564
SYM2720,87.95,1150.4519,1.3202,0.2596,0.8993,23.8162,2836.8806,29.1489
SYM2721,86.1,1309.0392,1.2306,0.2323,0.8131,22.9368,2343.6617,26.0048
SYM2722,89.87,1085.8707,1.3607,0.2434,0.91,19.1997,2372.0921,26.552
SYM2723,88.05,1887.9252,1.5038,0.2404,0.8275,24.3314,2640.6488,26.72
SYM2724,98.06,1224.1174,1.4378,0.2762,0.8955,28.3518,2569.1425,31.3952
SYM2725,143.71,1315.6416,1.1557,0.2376,0.8908,30.4816,2034.0014,25.0628
SYM2726,119.97,1419.0219,1.4252,0.2084,0.9211,27.0,2187.9518,21.8334
SYM2727,79.9,1319.5688,1.4383,0.3333,0.8546,27.8599,2944.0712,41.0295
SYM2728,165.79,928.3539,1.2362,0.2812,0.936,33.3741,2325.7886,31.0382
SYM2729,88.5,1916.6652,1.377,0.2533,0.8747,35.7003,2218.0946,28.5904
SYM2730,96.0,1435.2871,1.2966,0.284,0.8354,33.734,2228.2022,32.0123
SYM2731,85.85,1454.7279,1.462,0.2764,0.8738,27.0824,2818.1636,31.6895
SYM2732,132.02,1718.947,1.2745,0.1881,0.798,25.0896,2259.193,19.7278
SYM2733,129.8,1103.5972,1.2262,0.2708,0.8778,20.5879,2695.0682,31.4663
SYM2734,85.03,1905.0247,1.2093,0.2268,0.8925,26.2349,2492.3509,23.9874
SYM2735,136.9,1283.6367,1.326,0.2429,0.9433,30.7263,2631.7938,26.4089
SYM2736,151.93,2361.7225,1.2983,0.2134,0.8348,28.8989,2014.153,22.2729
SYM2737,151.92,2809.182,1.343,0.2496,0.856,34.6424,2125.7787,26.7544
SYM2738,136.01,2595.7824,1.1868,0.2079,0.8307,31.8454,2010.9636,21.7447
SYM2739,112.67,1004.2495,1.1933,0.2624,0.9379,31.8868,2400.5957,29.0414
SYM2740,110.02,1249.8508,1.2251,0.2504,0.9272,32.5438,2129.1768,26.9973
SYM2741,88.01,2509.0983,1.3877,0.2631,0.8419,41.5224,2506.8471,28.7196
SYM2742,89.8,952.065,1.2508,0.2572,0.873,22.735,2173.3913,28.5056
SYM2743,91.0,2116.8297,1.2317,0.2031,0.8708,34.0141,2149.6764,20.7878
SYM2744,96.03,920.5644,1.0894,0.2587,0.8923,32.2755,2345.7552,28.7298
SYM2745,172.27,2638.8664,1.3421,0.2679,0.7857,35.0299,2700.17,29.6941
SYM2746,128.14,1124.9857,1.2178,0.2584,0.9438,36.3792,2416.9997,27.6191
SYM2747,120.01,1514.8504,1.2682,0.3107,0.8068,34.9697,2370.5751,36.1039
SYM2748,114.83,1382.9019,1.1944,0.1727,0.9189,26.002,2156.7948,16.8085
SYM2749,74.06,1597.7547,1.2446,0.2884,0.8831,34.2289,2395.6532,33.0108
SYM2750,120.02,1307.4801,1.3068,0.2527,0.871,29.5845,2290.8515,27.6227
SYM2751,100.96,2474.7475,1.2837,0.2418,0.7668,39.4145,2264.1316,25.9855
SYM2752,86.0,1495.5037,1.3885,0.2446,0.8849,32.3138,2552.8154,26.51
SYM2753,109.78,1103.9647,1.0364,0.227,0.8789,29.4678,1817.3583,24.2672
SYM2754,84.95,2905.3471,1.2819,0.1928,0.7792,33.6422,1884.9631,19.4914
SYM2755,94.99,1807.2396,1.3046,0.2901,0.8228,40.2417,1949.5691,32.5672
SYM2756,83.49,1592.7548,1.3073,0.1914,0.8959,19.2865,2862.7947,19.7411
SYM2757,133.74,1708.7541,1.2266,0.2045,0.9239,26.0572,2124.3444,20.8698
SYM2758,95.93,1738.4237,1.5229,0.1989,0.9146,22.6502,2384.778,20.4648
SYM2759,83.97,2082.0933,1.2762,0.2369,0.8414,30.5759,2184.7106,26.104
SYM2760,150.03,1463.7924,1.248,0.1954,0.9262,27.3974,2209.4501,19.5566
SYM2761,92.01,1024.921,1.2302,0.0856,0.8805,12.7639,2004.1044,6.5185
SYM2762,90.08,2650.8922,1.3441,0.2424,0.8407,36.8603,1748.9445,26.6419
SYM2763,86.39,1286.1113,1.2387,0.2063,0.9631,26.7028,2482.1425,20.6434
SYM2764,135.68,1717.7301,1.0587,0.107,0.859,18.8238,1535.6557,9.0111
SYM2765,126.02,852.6907,1.2833,0.3041,0.8065,24.328,2760.3895,35.2504
SYM2766,132.07,519.6447,1.2973,0.2478,0.8824,13.1871,2742.939,27.5867
SYM2767,150.15,545.5769,1.2067,0.3133,0.8979,17.2853,3233.0536,36.3018
SYM2768,123.64,1446.6349,1.3338,0.1668,0.8499,13.2878,2102.7698,17.0883
SYM2769,143.04,1694.1456,1.2895,0.2254,0.8398,23.4433,1988.5113,24.3437
SYM2770,91.93,2888.1517,1.274,0.1483,0.6403,18.2757,2092.3726,14.2567
SYM2771,80.98,1676.167,1.1855,0.2413,0.8744,28.418,2142.7581,27.0884
SYM2772,156.08,223.4683,1.2455,0.249,0.9325,12.2057,3486.7887,26.3636
SYM2773,90.16,761.8162,1.0284,0.2407,0.9423,21.2855,2224.3833,25.348
SYM2774,150.23,2138.042,1.6887,0.238,0.8059,16.5835,3060.3348,27.3099
SYM2775,93.93,2490.8659,1.4696,0.2036,0.7962,25.2924,2482.2503,21.0375
SYM2776,136.72,3240.5833,1.2041,0.2213,0.722,26.1736,1935.1426,24.448
SYM2777,161.73,1320.5951,1.3249,0.2876,0.9011,19.6394,2604.3151,33.4938
SYM2778,129.74,740.4113,1.2725,0.2814,0.8986,17.507,2614.6658,32.2634
SYM2779,79.5,2644.0831,1.3416,0.1936,0.7491,18.6012,2103.4127,20.4966
SYM2780,143.88,1617.2006,1.2702,0.3566,0.706,34.3284,2380.6956,43.5378
SYM2781,87.96,2519.3302,1.3079,0.2198,0.8272,26.6103,2102.7716,23.8532
SYM2782,82.56,1320.0848,1.1599,0.2595,0.945,22.4166,1998.6908,28.9137
SYM2783,155.25,2535.475,1.2277,0.2198,0.7778,26.6891,1827.1145,23.2471
SYM2784,80.12,1528.4151,1.2752,0.2441,0.8324,29.1463,2105.5331,26.5049
SYM2785,83.92,2236.8905,1.2685,0.3012,0.8479,41.6433,2187.5925,34.905
SYM2786,129.95,1068.3244,1.2266,0.2694,0.934,20.5578,2478.1066,30.6144
SYM2787,68.93,1595.3684,1.3029,0.2137,0.8993,23.3912,1605.3609,22.412
SYM2788,95.45,2708.4485,1.3873,0.3211,0.6848,38.5826,1531.8567,37.5702
SYM2789,87.92,1624.4609,1.1219,0.1933,0.887,21.7427,1772.9643,19.642
SYM2790,90.16,761.8162,1.0284,0.2407,0.9423,21.2855,2224.3833,25.348
SYM2791,92.86,726.8301,1.3479,0.2711,0.9389,12.7211,2444.5494,31.0067
SYM2792,82.98,651.598,1.3303,0.2673,0.9426,23.4342,2677.8922,29.3824
SYM2793,164.03,795.3786,1.3225,0.2581,0.931,23.4275,2165.8849,28.0223
SYM2794,154.63,946.802,1.2874,0.2157,0.8903,18.5491,2187.0754,23.0389
SYM2795,99.86,843.2143,1.1549,0.1698,0.9108,14.0566,2598.382,17.5143
SYM2796,126.9,1730.6027,1.3641,0.2245,0.8877,22.9338,2003.6901,23.9836
SYM2797,142.93,1016.5759,1.1661,0.1483,0.8815,11.9503,2116.4364,14.5481
SYM2798,129.76,1349.7255,1.3775,0.1811,0.8876,16.2821,2613.2099,18.9029
SYM2799,91.94,1087.8018,1.3129,0.2349,0.8926,20.5454,2666.5805,26.3327
SYM2800,94.98,705.3732,1.4259,0.2169,0.9166,15.912,2922.2303,23.6642
SYM2801,89.74,1298.0431,1.3074,0.2444,0.8303,26.3737,2680.3653,27.2691
SYM2802,129.8,828.1451,1.2624,0.1833,0.9175,16.0173,2304.8353,18.7868
SYM2803,125.94,1083.8787,1.1908,0.1162,0.82,9.6582,2805.8054,10.5321
SYM2804,81.29,982.8697,1.2027,0.2591,0.8449,20.8803,2236.8524,29.7414
SYM2805,172.27,1062.3273,0.9927,0.2559,0.9188,21.0468,1864.6567,28.2208
SYM2806,84.79,1639.5269,1.1108,0.1182,0.7805,14.5716,2091.1788,11.0759
SYM2807,80.05,1325.8743,1.3214,0.1935,0.8941,22.8398,2548.7755,20.6934
SYM2808,137.16,1349.2305,1.3277,0.1891,0.8491,22.5929,2342.8383,19.822
SYM2809,150.83,1379.783,1.1611,0.0971,0.829,12.4474,2336.3418,8.3044
SYM2810,140.7,910.5532,1.2409,0.207,0.8961,19.4872,2896.6881,22.2571
SYM2811,119.92,1402.1263,1.4837,0.1959,0.8088,22.1485,2626.2566,20.8832
SYM2812,118.35,882.1116,1.1208,0.1864,0.9199,17.8974,2369.6569,19.0588
SYM2813,75.04,754.0974,1.2946,0.2073,0.8958,15.7897,2624.4239,22.0707
SYM2814,133.9,901.8635,1.2672,0.1448,0.8459,14.0253,2506.5586,13.3448
SYM2815,150.44,1265.3847,1.6793,0.2899,0.8383,19.7724,3001.2302,34.9126
SYM2816,90.1,1068.8956,1.273,0.2043,0.8863,19.9816,2285.3706,22.3811
SYM2817,138.51,1214.4332,1.4138,0.2036,0.8616,22.627,2422.5287,21.2254
SYM2818,87.84,1587.4722,1.163,0.1682,0.9065,29.1944,1912.3982,16.7891
SYM2819,172.27,1174.7399,1.4491,0.2104,0.9255,21.934,2729.6515,22.4217
SYM2820,135.46,1669.2498,1.3735,0.2175,0.8794,26.5588,2503.7488,24.0288
SYM2821,132.57,964.5046,1.226,0.1689,0.9447,20.983,2279.5197,16.3984
SYM2822,106.07,1170.0527,1.152,0.1787,0.8489,20.1887,2243.4062,18.6774
SYM2823,129.72,1795.0177,1.1283,0.1766,0.8791,28.7927,1720.1503,17.9355
SYM2824,85.95,898.8218,1.0881,0.2084,0.8754,28.153,2698.751,22.6741
SYM2825,122.96,1256.7147,1.4009,0.2159,0.8681,19.5185,2595.8826,23.4588
SYM2826,128.08,1292.042,1.4294,0.2071,0.8718,20.7714,2705.6429,22.5401
SYM2827,119.96,912.1474,1.334,0.2246,0.8914,19.4395,2749.9553,25.5322
SYM2828,144.51,1360.0464,1.2797,0.2298,0.8916,19.2703,1994.3285,25.4539
SYM2829,90.18,901.3175,1.2749,0.2437,0.9198,23.7517,2284.5824,26.1051
SYM2830,99.01,1304.9773,1.2204,0.1968,0.9294,26.1954,2262.5479,20.4039
SYM2831,93.02,1380.2518,1.4821,0.1861,0.826,15.0453,2647.3278,19.9712
SYM2832,88.03,900.1154,1.4425,0.2179,0.9334,19.4108,2855.055,23.8816
SYM2833,89.88,1201.6609,1.1471,0.2108,0.9243,25.8793,2279.6518,22.2584
SYM2834,106.23,1413.757,1.1355,0.1664,0.8935,22.1421,2424.2148,16.9867
SYM2835,105.18,1017.2341,1.2129,0.2211,0.9562,18.6079,1788.5948,23.1094
SYM2836,132.53,2127.5698,1.2875,0.2617,0.8605,29.2898,2425.1782,29.0631
SYM2837,87.75,1911.6953,1.2599,0.2343,0.8782,28.9479,2223.8741,25.8328
SYM2838,99.83,1286.1564,1.2188,0.1504,0.8959,19.0134,2104.4231,14.6715
SYM2839,119.99,990.273,1.4453,0.2772,0.9475,22.3239,2580.5256,31.3906
SYM2840,89.24,2011.447,1.2545,0.1956,0.8608,24.6886,1841.7828,20.1198
SYM2841,80.06,1567.5717,1.1666,0.1806,0.9302,26.0027,2000.759,17.648
SYM2842,132.03,1261.4565,1.4888,0.2326,0.925,26.0835,2683.3317,25.2289
SYM2843,89.0,1722.4956,1.1656,0.1829,0.8718,22.8765,1960.7439,18.5114
SYM2844,123.12,1228.6173,1.2942,0.1081,0.8758,18.6145,1520.7656,8.7902
SYM2845,77.89,1525.8568,1.2512,0.2022,0.8716,23.6007,2393.325,21.5931
SYM2846,136.29,972.0636,1.1807,0.0769,0.8605,10.5703,2245.7415,5.9419
SYM2847,85.93,2081.1306,1.386,0.2207,0.7956,27.9842,2223.1006,23.8622
SYM2848,89.09,2019.8501,1.3257,0.2258,0.8762,23.9247,2306.2287,24.0906
SYM2849,129.77,1410.0763,1.1297,0.2225,0.9104,28.1104,1991.9681,23.6301
SYM2850,155.36,1547.5152,1.174,0.128,0.9128,17.4404,1820.8798,11.1743
SYM2851,135.99,2295.2079,1.3307,0.2184,0.8418,25.4862,2509.6887,23.8411
SYM2852,129.54,2114.1731,1.3177,0.1799,0.9107,29.7271,2534.9513,17.5218
SYM2853,129.76,1766.8208,1.1989,0.2054,0.7773,24.8446,1846.5781,21.6768
SYM2854,139.82,1137.8896,1.188,0.2201,0.8723,21.4472,2464.6326,23.6283
SYM2855,83.0,1568.6233,1.351,0.2108,0.9154,26.2196,2245.828,21.7108
SYM2856,88.36,2698.0231,1.344,0.2411,0.7613,31.7177,2285.1849,26.3426
SYM2857,90.58,1734.7156,1.1065,0.183,0.8777,25.0276,1619.3962,18.1786
SYM2858,84.96,1664.8591,1.2499,0.2102,0.9159,29.394,2113.9094,21.6363
SYM2859,86.04,1264.4881,1.437,0.2869,0.9193,30.7489,2558.6467,32.3672
SYM2860,152.01,1893.8652,1.2181,0.224,0.8917,23.2735,2039.0318,24.335
SYM2861,82.0,2111.5572,1.2133,0.2428,0.8877,30.3025,1997.4998,25.8415
SYM2862,86.42,1962.3423,1.059,0.1787,0.8871,29.6878,1859.205,17.6724
SYM2863,88.15,2281.6483,1.4357,0.1909,0.8829,21.4958,2194.5937,19.0138
SYM2864,89.97,1800.111,1.2778,0.1527,0.9018,21.0301,2261.9575,14.3537
SYM2865,87.06,2092.3947,1.2195,0.2077,0.876,33.8868,2106.4956,21.7381
SYM2866,88.69,1074.5873,1.0406,0.4163,0.9448,49.2332,1525.9731,52.3642
SYM2867,142.13,2269.9424,1.3233,0.1003,0.9002,20.3855,2234.9736,7.9659
SYM2868,135.99,2295.2079,1.3307,0.2184,0.8418,25.4862,2509.6887,23.8411
SYM2869,74.98,1965.0755,1.2714,0.3519,0.8352,37.543,1922.8313,42.4014
SYM2870,80.03,2322.7462,1.3284,0.1336,0.8794,20.1986,2234.5119,11.6644
SYM2871,87.01,1890.2236,1.2069,0.2596,0.2454,26.4872,2276.7064,28.6499
SYM2872,82.89,1119.8786,1.1632,0.2241,0.9733,21.9899,1844.2032,22.9307
SYM2873,88.98,1528.8938,1.1227,0.2984,0.8863,25.5745,2426.8013,35.2835
SYM2874,103.98,1990.8797,1.3628,0.2784,0.2252,36.0359,2106.9074,30.9167
SYM2875,83.99,2317.8023,1.3,0.288,0.8606,39.8196,2118.333,32.1777
SYM2876,97.96,1689.1503,1.2357,0.2347,0.2351,27.1407,2114.4614,24.8915
SYM2877,89.99,1258.7726,1.1004,0.1299,0.3266,20.5226,2038.625,11.2694
SYM2878,81.95,1646.8253,1.1718,0.3521,0.2425,34.7979,1543.5498,42.4357
SYM2879,147.99,1241.6316,1.1347,0.2681,0.944,27.2165,1831.8152,29.3118
SYM2880,83.94,1776.8713,1.2571,0.3539,0.8873,48.8512,2429.2118,42.139
SYM2881,96.0,3335.6096,1.4919,0.2083,0.8387,23.8443,2726.9044,22.0006
SYM2882,86.42,1962.3423,1.059,0.1787,0.8871,29.6878,1859.205,17.6724
SYM2883,127.82,2221.6147,1.1432,0.3215,0.8712,45.3757,2099.8557,37.6319
SYM2884,129.64,2392.9667,1.363,0.1619,0.2174,19.9349,2345.0281,15.8684
SYM2885,90.44,887.1269,1.3957,0.3241,0.2454,25.9432,2425.8381,38.4652
SYM2886,80.02,2412.4651,1.3289,0.2424,0.8586,29.5686,2182.3822,26.2842
SYM2887,87.03,2088.7542,1.0775,0.2291,0.945,39.4865,1919.2348,24.4462
SYM2888,106.975,1551.01855,1.2571,0.2297,0.88245,27.330849999999998,2241.1574499999997,24.66685
SYM2889,86.92,1605.5291,1.323,0.3739,0.8552,36.4525,1928.7159,46.6871
SYM2890,90.48,899.1894,1.1288,0.1708,0.4133,11.3144,1778.3738,17.7876
SYM2891,83.89,3238.7083,1.3189,0.1804,0.8143,22.8193,2012.2241,18.0108
SYM2892,95.96,715.4194,1.2292,0.3432,0.953,26.9988,2250.6811,40.0572
SYM2893,89.96,2342.4582,1.1115,0.1596,0.9407,34.8748,2165.8324,15.0283
SYM2894,92.86,2282.8642,1.2996,0.1373,0.2113,18.6926,2176.3342,12.6943
SYM2895,92.81,1313.1268,1.2536,0.2661,0.9592,24.2917,2362.5718,28.9682
SYM2896,83.91,2810.6818,1.119,0.1925,0.9248,43.3266,1896.7633,18.7886
SYM2897,141.82,1331.4201,1.312,0.2789,0.8839,25.9223,1902.8728,31.5475
SYM2898,98.06,1165.7177,1.3337,0.2309,0.9088,22.709,2199.3904,24.8778
SYM2899,122.58,1267.1586,1.1211,0.2767,0.9016,27.5196,1938.4835,31.4843
SYM2900,96.93,1321.4236,1.0954,0.2547,0.9006,28.5074,1577.6352,28.4091
SYM2901,150.07,1368.6638,1.1394,0.2692,0.8567,31.0972,1993.0589,30.8422
SYM2902,129.7,1617.6884,1.2688,0.2595,0.9083,23.2133,2483.6935,29.6264
SYM2903,103.42,920.9488,1.2866,0.2884,0.9386,27.2042,2408.7055,33.0715
SYM2904,125.9,1357.4377,1.0906,0.2338,0.8681,25.0463,1609.7562,25.1668
SYM2905,123.03,1712.1762,1.1475,0.2637,0.8702,30.0514,1571.9243,29.2276
SYM2906,88.07,1568.5783,1.2571,0.2713,0.9087,28.168,2090.3411,30.2185
SYM2907,128.36,1230.3486,1.1228,0.2722,0.8843,24.9596,2029.903,31.382
SYM2908,162.27,1629.6118,1.1479,0.2121,0.8488,25.6181,1424.4273,22.0036
SYM2909,137.73,1384.5345,1.1633,0.274,0.9028,30.5512,2131.3234,30.7042
SYM2910,116.79,1377.1066,1.1411,0.2356,0.9106,28.8223,1932.7161,25.7085
SYM2911,128.46,2090.1451,1.1285,0.2571,0.8675,30.4725,1601.12,28.3819
SYM2912,102.16,1440.3774,1.4507,0.2804,0.8519,31.8199,2430.1356,31.8847
SYM2913,135.55,1204.2371,1.112,0.2616,0.9497,20.2436,2117.5757,28.4752
SYM2914,103.54,1674.267,1.1675,0.2245,0.915,24.2834,1861.3597,24.2175
SYM2915,149.97,1067.7241,1.1258,0.2134,0.8735,10.6521,3244.2711,24.0833
SYM2916,97.89,1418.9129,1.3027,0.2565,0.8973,23.7807,2362.4409,28.7238
SYM2917,163.0,1477.3398,1.0911,0.227,0.8554,24.3323,1669.8292,24.5114
SYM2918,154.74,1258.7535,1.0771,0.2465,0.9368,29.1887,1919.2254,26.8255
SYM2919,95.84,962.8026,1.1214,0.2264,0.9558,22.9774,1899.5382,23.7525
SYM2920,162.08,1508.7718,1.2397,0.2377,0.89,24.7456,1752.7682,25.7684
SYM2921,109.68,1048.0207,0.9727,0.2262,0.9401,26.3873,1789.9214,23.9169
SYM2922,127.96,1058.1528,1.1567,0.2814,0.9253,28.3752,2374.3113,32.1464
SYM2923,93.23,1512.05,1.1723,0.2768,0.9258,27.3739,1994.2754,31.09
SYM2924,139.81,1290.4238,0.9949,0.1814,0.915,27.1003,1345.9453,17.6448
SYM2925,156.02,1124.0148,1.184,0.2201,0.8832,24.9645,2244.2293,23.8227
SYM2926,96.87,1672.1972,1.2539,0.2344,0.9068,28.4292,1721.639,24.915
SYM2927,123.79,1734.0073,1.1534,0.2296,0.868,24.597,1984.9335,25.364
SYM2928,142.22,1322.2976,1.3791,0.2813,0.8933,24.9113,2454.7409,32.8387
SYM2929,118.07,1112.08,1.407,0.3097,0.8844,22.7674,2926.2184,37.1876
SYM2930,79.87,1747.3732,1.2357,0.276,0.8953,31.7172,1915.5935,30.8121
SYM2931,122.44,1286.5345,1.2035,0.2403,0.898,24.1807,2057.4915,26.1761
SYM2932,144.57,1096.1167,1.0974,0.2759,0.8984,28.9535,2039.7551,31.1604
SYM2933,90.0,1019.276,1.2293,0.2709,0.9252,23.7659,2494.8165,31.1185
SYM2934,126.1,699.951,0.9203,0.2315,0.928,26.0462,1899.0177,24.6931
SYM2935,129.59,1465.2528,1.256,0.2513,0.8843,27.3298,2154.6125,27.6949
SYM2936,165.52,862.4672,1.1431,0.2506,0.9258,25.3695,2362.7333,27.409
SYM2937,172.27,1767.0426,1.2519,0.2485,0.871,31.4209,2449.1777,27.7685
SYM2938,138.06,1179.8767,1.2967,0.2453,0.9058,23.4136,2109.9784,26.4786
SYM2939,152.07,1272.9443,1.2124,0.23,0.7701,18.7979,2178.9861,26.6737
SYM2940,100.63,1541.7518,1.1917,0.1966,0.8115,21.1298,2272.0554,21.5794
SYM2941,95.1,975.9958,1.149,0.2689,0.9371,30.6598,2429.5982,29.5586
SYM2942,139.93,1159.0541,1.2936,0.1428,0.896,16.9122,2018.9017,12.8553
SYM2943,68.07,841.9836,1.1111,0.288,0.8912,23.3708,2009.4901,34.3647
SYM2944,135.96,639.0644,1.156,0.2363,0.9408,15.8219,2306.4,25.365
SYM2945,99.78,1676.6509,1.0541,0.1694,0.8225,18.0733,1924.2594,17.6349
SYM2946,139.97,1048.5719,1.1193,0.2249,0.9017,27.2621,2118.0622,23.8616
SYM2947,129.59,1799.2622,1.2524,0.2549,0.8569,32.6169,1995.8601,28.6068
SYM2948,151.91,1807.8071,1.3007,0.2487,0.91,37.1218,2280.2238,26.7963
SYM2949,134.95,1141.5221,1.2369,0.2878,0.8863,25.6178,2454.5038,33.436
SYM2950,126.08,755.4676,1.4051,0.3057,0.9708,23.1093,2981.285,35.9301
SYM2951,104.81,1302.1058,1.2659,0.2815,0.8428,28.9434,2383.8904,32.5545
SYM2952,147.96,831.2552,1.0956,0.2316,0.9504,18.2624,2154.6383,25.0738
SYM2953,128.3,1103.5148,1.4381,0.2659,0.9104,26.6925,2797.7458,29.5355
SYM2954,125.85,1424.869,1.052,0.2082,0.9123,33.0083,1483.6515,21.1778
SYM2955,134.95,1141.5221,1.2369,0.2878,0.8863,25.6178,2454.5038,33.436
SYM2956,132.94,1711.5496,1.2281,0.2891,0.8501,24.0057,2606.7598,33.5888
SYM2957,154.02,1416.1392,1.1439,0.2524,0.8828,25.5464,2112.4005,28.1868
SYM2958,140.86,1819.3284,1.2487,0.2511,0.8115,32.3794,2037.3432,28.0797
SYM2959,138.48,2273.4055,1.2025,0.1613,0.7746,24.2202,1919.4758,16.3318
SYM2960,133.39,1511.4134,1.1204,0.2025,0.7942,18.2992,2055.8738,23.1353
SYM2961,71.31,2141.6815,1.2778,0.2237,0.8268,31.1521,2296.2153,24.8272
SYM2962,104.46,1598.6739,1.0689,0.1527,0.8649,18.5209,2165.5806,15.6007
SYM2963,144.0,1832.6981,1.2675,0.3048,0.781,37.3004,2190.6693,37.1795
SYM2964,154.59,1159.32,1.1285,0.2531,0.8597,21.5998,2218.3836,28.2514
SYM2965,72.03,2185.5059,1.1581,0.2001,0.8915,22.8444,2159.352,20.8878
SYM2966,172.27,1055.7479,1.1553,0.2731,0.8869,23.2712,2457.2089,31.8573
SYM2967,130.31,2410.6904,1.2595,0.3196,0.8334,43.6269,2249.715,38.0805
SYM2968,129.94,1240.0112,1.1204,0.1311,0.9043,16.8119,1677.9995,11.5239
SYM2969,71.47,2058.4599,1.2579,0.1271,0.8636,16.8319,2018.7859,11.4933
SYM2970,82.97,1098.8139,1.0722,0.3093,0.9402,33.574,2273.407,36.2767
SYM2971,99.87,1123.166,0.9063,0.1685,0.875,18.6282,1739.8634,16.7248
SYM2972,150.85,1188.2104,1.1078,0.2011,0.8802,25.5746,2189.2779,21.2621
SYM2973,140.12,1750.8483,1.2541,0.2273,0.7936,32.0335,2142.778,25.5543
SYM2974,136.57,2202.5478,1.3106,0.2809,0.774,23.2821,2889.5205,32.521
SYM2975,102.44,1457.6702,1.0769,0.1959,0.9172,24.2535,1831.8619,19.9773
SYM2976,114.77,1593.2601,1.1838,0.217,0.8358,24.267,1667.5422,23.3834
SYM2977,140.68,2872.4996,1.1252,0.2235,0.8343,33.5864,2115.6804,24.6664
SYM2978,89.96,1722.0631,1.2361,0.1934,0.8602,23.0051,1717.8407,19.9577
SYM2979,139.8,1532.7058,1.1766,0.2518,0.8966,24.9809,1628.9722,27.4787
SYM2980,71.92,1097.1407,1.3078,0.2116,0.9005,17.9524,2051.6096,22.1329
SYM2981,172.27,1139.4588,1.4142,0.2554,0.8274,22.888,2561.692,28.5254
SYM2982,90.74,1940.4749,1.3336,0.3089,0.8894,38.9023,2348.6183,36.7322
SYM2983,142.08,1541.807,1.0144,0.1607,0.8319,20.9004,1673.7138,16.4686
SYM2984,78.1,1873.6299,1.2949,0.1875,0.9295,29.3002,2209.6983,18.9647
SYM2985,139.03,1698.7726,1.008,0.1499,0.8263,20.3176,2068.9754,14.7672
SYM2986,134.82,1051.5505,1.1723,0.287,0.9228,28.279,2249.4285,32.022
SYM2987,142.49,1689.1334,1.4192,0.2498,0.8084,27.1333,2075.8515,27.8967
SYM2988,116.53,1734.3055,1.1944,0.1949,0.8581,25.8053,1842.497,20.1308
SYM2989,92.51,1804.1663,1.1298,0.2201,0.8938,27.6201,1744.9793,23.2855
SYM2990,72.58,2197.1975,1.33,0.2505,0.7694,35.6121,2167.959,27.9264
SYM2991,184.57,2263.8383,1.0972,0.1364,0.6642,13.6263,1931.2645,14.9286
SYM2992,152.79,1838.1076,1.2889,0.2166,0.8793,28.3385,1855.7888,22.7283
SYM2993,86.98,1965.2496,1.4299,0.2948,0.843,29.2241,2207.5598,35.4939
SYM2994,97.45,2222.5651,1.3081,0.3287,0.7429,41.5473,1707.8675,38.7897
SYM2995,147.67,1051.1463,1.0702,0.2288,0.9098,26.3172,2202.3191,25.1311
SYM2996,143.89,1501.41,1.1707,0.3258,0.8828,31.4396,2627.3267,39.157
SYM2997,139.79,2173.3966,1.1811,0.1991,0.8731,31.8456,1525.2125,20.4891
SYM2998,117.65,1232.2937,1.1361,0.2066,0.9331,23.4924,2342.6904,21.5756
SYM2999,97.75,1912.4268,1.1552,0.2159,0.9022,28.16,1751.8956,22.3087
SYM3000,100.21,1389.1579,1.3806,0.2075,0.9052,21.6721,2215.1119,22.3445
SYM3001,86.06,1569.5966,1.16,0.1584,0.836,19.6767,1818.6057,15.7086
SYM3002,161.54,2859.3099,1.4148,0.149,0.803,27.5406,1551.4824,13.865
SYM3003,131.94,1504.1978,1.1398,0.2722,0.9121,30.2439,1756.1559,30.2444
SYM3004,96.89,1618.3993,1.4109,0.357,0.7039,32.1137,2164.7002,45.0083
SYM3005,132.04,2020.4188,1.2989,0.1494,0.8876,22.855,2437.8153,14.291
SYM3006,112.53,3499.4985,1.5098,0.1022,0.5438,22.3197,1935.808,8.2689
SYM3007,164.36,1702.0809,1.3143,0.2654,0.8643,26.6204,2259.8837,31.2463
SYM3008,98.96,1363.3394,1.1025,0.2649,0.9229,27.3715,1985.9156,29.526
SYM3009,165.71,1376.1842,1.1876,0.2546,0.9349,29.1234,2204.8374,27.1286
SYM3010,140.71,3153.2991,1.3795,0.1616,0.7559,23.2481,1537.129,15.7135
SYM3011,99.9,1495.8266,1.1151,0.2204,0.8701,26.5062,2122.6741,23.1483
SYM3012,123.66,1692.3804,1.1187,0.1342,0.9076,15.6208,2500.541,12.6286
SYM3013,152.48,1450.5331,1.0237,0.0911,0.7514,16.509,1190.1387,7.081
SYM3014,99.93,1629.1665,1.2385,0.1564,0.8268,20.9658,2283.0125,15.4143
SYM3015,139.86,856.9995,0.9354,0.081,0.7824,10.6548,1225.8084,6.1408
SYM3016,93.34,963.6397,1.2181,0.2728,0.9081,23.6294,2441.1806,30.8764
SYM3017,91.85,1239.1975,1.265,0.089,0.9258,11.0538,1631.6017,6.8852
SYM3018,120.04,1957.5584,1.1443,0.1975,0.8643,27.0093,1966.3655,20.3335
SYM3019,163.21,2728.2192,1.2292,0.1381,0.752,22.4318,1829.0128,12.5187
SYM3020,80.0,2432.3592,1.2963,0.1416,0.7273,25.3477,1465.2537,12.9357
SYM3021,141.02,1063.8795,1.274,0.1884,0.8606,12.7323,2440.4893,18.7807
SYM3022,178.21,1078.8804,1.1845,0.2751,0.935,21.0811,2465.4054,31.6334
SYM3023,118.18,2257.6775,1.3272,0.2156,0.7634,22.6413,2030.4977,24.35
SYM3024,110.67,1575.7835,1.3626,0.3016,0.8729,29.4244,2582.1043,35.7563
SYM3025,89.99,966.7601,1.0464,0.1326,0.8401,11.7305,2916.5661,12.5922
SYM3026,93.44,798.8042,0.8607,0.1238,0.8676,11.9036,1144.0053,10.5948
SYM3027,120.1,2390.2894,1.1224,0.1473,0.8679,30.7222,1463.9265,13.204
SYM3028,120.03,2060.44,1.1809,0.2316,0.8577,25.3937,2114.2274,25.3625
SYM3029,129.04,1081.9285,1.0877,0.1854,0.9514,23.3259,1820.2331,18.0135
SYM3030,156.28,1684.9838,1.3164,0.1691,0.8347,20.3611,2145.4304,16.4574
SYM3031,133.32,980.7259,1.5046,0.1346,0.8729,8.9768,3141.5022,11.8324
SYM3032,73.98,1163.3076,1.4982,0.2435,0.9187,21.9332,2932.469,26.6134
SYM3033,93.79,1911.3597,1.4249,0.0871,0.8421,11.252,2037.3586,6.9585
SYM3034,139.94,758.3248,1.0823,0.1481,0.8879,10.6732,2253.1376,14.4036
SYM3035,87.99,3879.1666,1.4135,0.1318,0.7182,17.9059,2139.0057,12.0125
SYM3036,139.51,588.651,1.3059,0.1661,0.9773,7.9478,2458.2449,15.6915
SYM3037,72.04,1886.1194,1.4049,0.2221,0.901,30.3453,2224.2553,23.4434
SYM3038,143.24,1388.9176,1.3168,0.1894,0.854,17.3931,2436.8569,20.2304
SYM3039,91.05,1989.6077,1.374,0.1048,0.6855,11.7681,2017.4088,9.1924
SYM3040,140.68,2872.4996,1.1252,0.2235,0.8343,33.5864,2115.6804,24.6664
SYM3041,120.0,1087.3654,1.1824,0.2899,0.9273,27.7972,2382.903,33.1271
SYM3042,124.22,1300.5339,1.2032,0.2731,0.9226,30.0474,2080.8597,30.6205
SYM3043,162.68,1102.9737,1.3219,0.2582,0.8645,22.3883,2124.9861,29.086
SYM3044,150.23,1001.3937,1.3873,0.3193,0.9019,25.2588,2515.5465,38.0025
SYM3045,150.37,870.2947,1.2081,0.2634,0.9509,23.414,2373.0913,29.0683
SYM3046,106.1,1200.0554,1.2439,0.2165,0.909,23.0292,2331.2044,23.3617
SYM3047,116.26,1621.3287,1.1563,0.2263,0.912,29.5812,2036.999,24.3055
SYM3048,94.94,1196.582,1.0154,0.1323,0.9345,19.0307,2105.5544,11.4994
SYM3049,143.94,1090.0156,1.2158,0.2865,0.9401,29.3152,2343.909,32.5037
SYM3050,119.99,1108.3851,1.2243,0.2095,0.8582,18.5856,2387.0228,22.4788
SYM3051,129.79,851.6503,1.3301,0.3555,0.9277,29.0318,2704.1283,44.1444
SYM3052,119.99,1346.1386,1.3146,0.2529,0.9143,28.2871,2172.0966,27.6958
SYM3053,112.71,1438.2421,1.2814,0.2958,0.9143,36.9432,2253.5995,33.9645
SYM3054,144.72,1762.6713,1.061,0.1444,0.8868,18.5407,2091.1734,13.9318
SYM3055,154.78,1946.0676,1.2623,0.2936,0.8324,30.4702,2006.3814,33.6915
SYM3056,86.07,1098.6141,1.3385,0.2715,0.9041,23.4629,2537.5315,31.5263
SYM3057,120.99,1617.9911,1.1648,0.1736,0.8965,25.7178,2424.437,17.3968
SYM3058,131.97,1254.2687,1.3738,0.2678,0.8711,20.9027,2636.395,31.2798
SYM3059,116.31,1249.9151,1.3404,0.3423,0.8628,36.0567,2228.979,40.5703
SYM3060,116.66,1328.8133,1.1522,0.1968,0.9127,25.0209,1879.4665,20.0798
SYM3061,129.85,1059.6512,1.3453,0.293,0.9019,25.388,2481.0355,33.9134
SYM3062,131.97,1271.8673,1.258,0.2809,0.8989,25.5301,2166.7826,32.1732
SYM3063,118.61,1290.197,1.1882,0.3089,0.8969,32.1279,1777.7308,35.5816
SYM3064,129.97,823.1508,1.3349,0.3093,0.925,24.0674,2683.5545,36.2012
SYM3065,135.05,1382.6675,1.3784,0.2737,0.8913,27.1943,2074.4077,31.62
SYM3066,107.36,1428.4946,1.1574,0.2151,0.8245,21.1732,1853.6826,22.9911
SYM3067,122.95,1262.1601,1.079,0.2689,0.9133,32.4733,2169.1612,31.2837
SYM3068,136.03,2424.55,1.348,0.1881,0.8496,19.3947,2193.9123,19.7934
SYM3069,123.9,928.8062,1.2401,0.2881,0.9156,22.5367,2376.4322,33.0414
SYM3070,129.02,1146.77,1.2976,0.315,0.9275,33.3653,2270.8674,36.7886
SYM3071,104.1,979.1201,1.1843,0.2933,0.92,24.0873,2367.8257,34.1313
SYM3072,136.72,1522.8692,1.2533,0.2339,0.8787,27.4718,2239.4824,25.4568
SYM3073,133.95,945.8333,1.3314,0.3063,0.8837,21.6925,2697.5942,35.7564
SYM3074,114.73,1692.0233,1.1726,0.3096,0.8779,35.0137,1992.8614,36.3045
SYM3075,99.94,893.6826,1.2845,0.3237,0.8947,26.8481,2695.8027,38.7471
SYM3076,91.94,652.8171,1.1449,0.2968,0.949,28.5927,2312.8167,33.8675
SYM3077,126.89,1234.3287,1.1956,0.2698,0.9241,30.4071,2267.2315,30.096
SYM3078,89.94,915.4092,1.4538,0.2954,0.9315,26.4051,2355.6433,34.4212
SYM3079,133.58,741.8233,1.1646,0.3288,0.9416,31.2932,3012.9385,38.9073
SYM3080,139.77,1269.5282,1.0994,0.2386,0.8673,24.9627,1787.0104,25.9703
SYM3081,105.04,2149.6844,1.5539,0.282,0.8648,28.0231,2724.0098,32.3231
SYM3082,172.27,1387.5304,1.3017,0.3323,0.8961,29.3748,2507.7921,39.6271
SYM3083,116.26,956.2684,1.1759,0.2592,0.9301,27.1656,2553.8875,29.3358
SYM3084,136.53,944.359,1.3038,0.3441,0.8868,26.3917,2655.3103,42.2369
SYM3085,154.76,1260.759,1.1358,0.2911,0.9189,33.8621,2248.1239,32.6873
SYM3086,148.81,1325.9269,1.3152,0.2347,0.899,21.8246,2548.2676,25.5567
SYM3087,109.92,693.4304,1.2944,0.3133,0.9255,22.7538,2823.9477,36.6409
SYM3088,119.99,1346.1386,1.3146,0.2529,0.9143,28.2871,2172.0966,27.6958
SYM3089,134.62,1243.7641,1.4704,0.2966,0.9126,29.2467,2537.3371,34.523
SYM3090,152.36,1595.3225,1.1394,0.2334,0.8923,33.7454,2127.7115,24.9864
SYM3091,161.72,1125.6188,1.39,0.2824,0.908,22.9955,2260.9162,32.1848
SYM3092,97.42,1225.6596,1.5653,0.258,0.9126,18.6661,2549.6072,29.4894
SYM3093,96.02,864.6468,1.2373,0.3453,0.9297,27.2902,2745.5004,41.8394
SYM3094,128.61,1245.6961,1.2689,0.3112,0.9071,33.5331,2467.4134,36.3006
SYM3095,92.97,2109.479,1.2582,0.3396,0.7789,36.2876,2450.1766,42.001
SYM3096,78.41,947.9973,1.1002,0.2635,0.9218,23.8081,1846.4329,29.5017
SYM3097,91.66,1404.6939,1.1661,0.2165,0.8938,22.1062,2021.0816,23.3285
SYM3098,89.96,1543.9561,1.3415,0.3199,0.9078,31.2845,2258.1594,38.5706
SYM3099,80.0,1497.1862,1.3969,0.3494,0.8848,32.85,2366.7329,42.6246
SYM3100,123.69,1745.0725,1.3882,0.3106,0.8735,29.7526,2432.978,36.7961
SYM3101,109.93,1870.9537,1.2866,0.2703,0.8017,31.3297,1914.4783,31.4679
SYM3102,122.01,1244.0045,1.2414,0.254,0.8876,25.4811,2234.5404,28.5141
SYM3103,103.08,1277.7581,1.0975,0.1942,0.8781,19.5299,2430.4664,20.3381
SYM3104,114.95,524.7076,1.2057,0.3564,0.8968,26.8664,2684.2041,43.9263
SYM3105,136.91,1902.7764,1.1893,0.2165,0.8974,29.5002,2090.2179,22.4788
SYM3106,123.43,1353.9088,1.2209,0.2547,0.8792,28.857,1813.2449,28.1862
SYM3107,122.33,1291.0738,1.3356,0.3273,0.8881,24.0752,2889.4489,39.6104
SYM3108,108.87,821.9664,1.2775,0.2189,0.884,17.8502,2407.0428,23.272
SYM3109,136.02,1284.0396,1.2474,0.3254,0.8707,30.1392,2342.691,39.2617
SYM3110,119.99,1231.528,1.1429,0.2948,0.9143,26.9458,2098.7038,33.5863
SYM3111,146.11,1215.3306,1.2789,0.2786,0.8671,23.6192,2410.0802,32.4538
SYM3112,132.64,1187.8144,1.1498,0.2868,0.9492,32.9603,2019.587,32.8241
SYM3113,116.84,1595.5381,1.2717,0.2395,0.8837,33.2426,2547.053,26.2008
SYM3114,112.51,927.2616,1.2232,0.3008,0.9196,28.4087,2502.878,34.9865
SYM3115,122.54,1733.2306,1.1703,0.2876,0.8913,37.526,2398.8642,33.0458
SYM3116,141.85,1116.5329,1.1597,0.3061,0.9236,29.5213,2392.8509,36.8099
SYM3117,120.01,1169.9771,1.1733,0.111,0.8209,13.1048,2240.2894,9.4646
SYM3118,143.76,821.6938,1.3244,0.2779,0.9143,20.6956,2808.4842,31.2763
SYM3119,89.82,590.6937,1.2635,0.2328,0.8422,12.7854,3073.9853,25.6602
SYM3120,129.85,1059.6512,1.3453,0.293,0.9019,25.388,2481.0355,33.9134
SYM3121,96.83,1144.9926,1.4151,0.2614,0.9317,30.0615,2776.484,29.4926
SYM3122,102.32,1865.504,1.2253,0.1241,0.692,10.7129,2720.4196,11.6357
SYM3123,114.88,1078.7311,1.1014,0.2781,0.8492,27.5228,2819.2958,33.8177
SYM3124,116.27,1695.4019,1.1279,0.3211,0.8601,29.2154,2595.7359,38.018
SYM3125,122.97,1123.6332,1.3075,0.2752,0.9386,27.9071,2456.0036,30.8471
SYM3126,122.7,690.8561,1.2639,0.3234,0.9258,27.5943,3518.6525,38.7297
SYM3127,139.75,1931.6082,1.2778,0.2653,0.8788,30.8723,2169.197,29.5373
SYM3128,144.67,1088.0865,1.2917,0.261,0.8993,20.7491,2735.6543,29.8059
SYM3129,92.88,1360.4579,1.3436,0.2798,0.9133,23.8579,2644.8153,32.961
SYM3130,162.62,1769.0087,1.4884,0.2261,0.8523,29.5449,2288.0812,23.5072
SYM3131,120.01,1070.3962,1.1612,0.0521,0.8924,7.2704,2365.5965,3.3498
SYM3132,117.71,1197.3483,1.3428,0.2912,0.9,33.2908,2690.122,33.9342
SYM3133,129.82,949.0351,1.2921,0.3484,0.9234,28.7286,2714.7818,42.4514
SYM3134,132.85,952.796,1.1097,0.2696,0.9208,24.903,2451.0758,30.538
SYM3135,133.96,871.9638,1.2728,0.1434,0.8723,12.3377,2678.5079,12.9653
SYM3136,90.01,1011.828,1.1626,0.1972,0.8371,18.1479,2758.1902,21.7904
SYM3137,133.6,1435.8852,1.2122,0.2489,0.9119,30.6293,1699.933,26.6346
SYM3138,126.01,1130.5061,1.1472,0.3022,0.9158,33.407,2093.9735,34.8941
SYM3139,111.74,2997.473,1.3654,0.1832,0.822,34.0915,1565.3568,18.0909
SYM3140,129.79,851.6503,1.3301,0.3555,0.9277,29.0318,2704.1283,44.1444
SYM3141,99.78,920.1432,1.3244,0.1226,0.9455,12.9569,2833.2703,10.3198
SYM3142,79.11,1847.2543,1.3414,0.2692,0.8883,28.1703,2240.5391,30.0118
SYM3143,114.96,410.1079,1.1891,0.0957,0.9234,6.542,3010.6143,7.7004
SYM3144,95.0,1343.7394,1.2342,0.1775,0.8656,19.5129,2743.0496,18.0128
SYM3145,150.37,870.2947,1.2081,0.2634,0.9509,23.414,2373.0913,29.0683
SYM3146,79.83,602.7165,1.1851,0.2752,0.912,20.7025,3304.185,31.0817
SYM3147,150.05,1268.4163,1.2752,0.2278,0.884,26.6758,2474.2193,23.9077
SYM3148,164.01,1785.0579,1.3736,0.2574,0.8079,26.2422,2405.9078,29.5292
SYM3149,142.93,786.7223,1.3636,0.3407,0.8734,22.8713,3253.2021,41.1623
SYM3150,155.37,2592.6487,1.3051,0.2098,0.7996,31.8265,1953.9675,22.0745
SYM3151,139.96,2982.7972,1.4234,0.1804,0.7404,20.6157,2456.6573,18.3955
SYM3152,140.28,765.3815,1.2482,0.1247,0.9578,14.3761,2267.3368,10.913
SYM3153,80.98,2244.0876,1.3454,0.1963,0.8854,26.4909,2348.3616,20.2203
SYM3154,90.17,140.7022,0.1893,0.0379,0.9941,3.1661,491.2475,3.8823
SYM3155,143.1,2568.6199,1.1905,0.2736,0.8538,41.4798,1944.8156,29.7725
SYM3156,89.97,1180.2353,1.2328,0.2673,0.9415,33.3709,2150.6108,29.3314
SYM3157,77.99,1288.1098,1.2847,0.2571,0.9215,30.2608,2532.7558,27.984
SYM3158,77.81,1438.2591,1.2587,0.2033,0.9289,21.4578,2314.0992,20.9119
SYM3159,150.22,1480.598,1.2689,0.2579,0.9209,27.9979,2559.3245,28.8025
SYM3160,146.28,1419.5058,1.2922,0.2758,0.9107,31.9141,2564.0285,29.9022
SYM3161,143.03,772.6651,1.2522,0.1761,0.9561,20.0102,2652.6307,16.8937
SYM3162,142.8,2060.9206,1.3429,0.1975,0.8762,28.5683,1906.2293,19.7853
SYM3163,163.09,759.4254,1.3833,0.2936,0.9114,18.0999,2933.7497,34.168
SYM3164,112.34,2468.3542,1.235,0.2235,0.8822,40.1045,2145.3386,23.667
SYM3165,126.21,1765.6039,1.211,0.2242,0.9051,32.6539,1860.8944,22.9802
SYM3166,129.74,2064.1813,1.185,0.2733,0.8488,34.2655,2053.7959,30.5496
SYM3167,144.59,1218.6379,1.2302,0.1111,0.896,18.8502,2220.9088,9.1058
SYM3168,129.51,2737.6515,1.2389,0.1781,0.9078,32.6981,1862.1521,16.9916
SYM3169,86.97,2136.3737,1.2158,0.2615,0.9102,39.7934,1953.4877,28.2625
SYM3170,143.05,1470.0559,1.4137,0.2403,0.861,13.6865,3631.6723,25.6608
SYM3171,77.4,4710.7121,1.3216,0.2147,0.6811,39.9527,1548.0346,21.6532
SYM3172,133.93,3534.322,1.2282,0.2236,0.7785,40.7185,1555.092,23.3232
SYM3173,80.39,1803.4277,1.2608,0.298,0.9044,41.859,2776.4603,34.0572
SYM3174,132.06,615.3751,1.1577,0.2045,0.9168,13.736,3079.1835,22.2661
SYM3175,150.23,1001.3937,1.3873,0.3193,0.9019,25.2588,2515.5465,38.0025
SYM3176,132.87,1594.4286,1.2177,0.1389,0.9179,17.6225,1694.3864,12.3487
SYM3177,140.0,1229.0954,1.139,0.2271,0.9233,24.102,2030.1299,23.8324
SYM3178,172.27,1249.5792,1.2145,0.2637,0.9071,27.7267,2323.7672,29.1369
SYM3179,166.06,939.9939,1.1088,0.2773,0.902,25.7267,2267.4552,30.9221
SYM3180,94.91,1464.4969,1.2047,0.2615,0.907,31.3001,1822.1648,28.3445
SYM3181,120.04,600.6006,1.0469,0.0617,0.9164,8.0314,1936.2732,4.1002
SYM3182,151.91,1153.3882,1.0428,0.3025,0.9166,29.9446,1603.2681,34.3777
SYM3183,139.83,1305.4581,0.9641,0.1568,0.8536,24.7062,1114.2545,15.1289
SYM3184,155.17,1475.8138,1.0836,0.2193,0.9084,31.4244,1806.2663,22.9905
SYM3185,178.21,1109.9431,1.2515,0.295,0.9406,37.7636,1937.4559,32.9658
SYM3186,120.06,962.7371,1.0056,0.2809,0.9222,25.7436,2082.5693,31.5194
SYM3187,172.27,1159.6328,1.219,0.2746,0.8873,32.2122,2136.5206,30.7988
SYM3188,155.45,1385.8171,1.1197,0.2017,0.9114,24.3764,2019.594,20.2457
SYM3189,93.91,618.8113,1.2463,0.2043,0.9323,14.6606,2085.7794,21.6689
SYM3190,89.05,2125.2695,1.2197,0.1732,0.8695,28.376,1490.3014,16.5074
SYM3191,162.13,1315.2838,1.3835,0.2685,0.9308,32.6632,2201.831,29.5418
SYM3192,88.99,1037.0355,1.1792,0.2561,0.9168,29.274,2023.037,27.809
SYM3193,92.0,2011.9001,1.0272,0.1641,0.8708,23.7019,1598.7188,16.2745
SYM3194,92.05,1222.7497,1.1038,0.2144,0.9251,28.2788,1896.4159,22.2053
SYM3195,99.94,1265.195,1.1455,0.2691,0.8825,25.4172,2305.8803,29.8019
SYM3196,90.91,1839.1275,1.345,0.1666,0.889,22.6276,1939.5052,16.379
SYM3197,128.15,972.3556,1.036,0.2647,0.9198,29.8326,2092.4888,29.2315
SYM3198,150.07,861.155,1.209,0.2822,0.9564,27.2582,2139.6063,30.9555
SYM3199,73.06,1206.1859,1.1152,0.1855,0.8938,22.1827,1740.2997,18.6052
SYM3200,112.78,785.2816,0.9363,0.1383,0.2627,18.0261,1370.8715,11.9129
SYM3201,91.98,1119.4254,1.0934,0.2075,0.8479,18.4587,2005.7716,22.2729
SYM3202,84.84,1478.9121,1.1251,0.2825,0.8978,32.4664,1730.6712,31.572
SYM3203,84.89,1960.7873,1.1987,0.1953,0.9011,35.4279,1719.5862,19.5871
SYM3204,108.0,1216.202,1.2082,0.2585,0.8445,26.4283,2144.2766,29.155
SYM3205,120.78,814.0104,1.0759,0.1351,0.2861,9.1005,2584.1962,12.9687
SYM3206,83.71,858.4765,1.1961,0.2336,0.907,25.5957,2343.4056,25.4635
SYM3207,89.02,1629.0029,1.2074,0.2013,0.9035,24.7656,1782.795,20.7461
SYM3208,84.91,1262.8377,1.1641,0.2382,0.88,30.7004,2294.9271,25.8399
SYM3209,155.95,774.2807,1.2983,0.2851,0.941,24.8696,2574.9375,31.9706
SYM3210,91.36,1569.7423,1.1999,0.1903,0.8954,26.5741,1774.0056,18.9409
SYM3211,93.97,863.3444,1.2162,0.2814,0.932,24.1132,2240.2396,31.6691
SYM3212,128.04,1162.9147,1.0846,0.2096,0.8752,19.7055,1792.0703,22.0411
SYM3213,86.86,1274.2386,1.2699,0.1539,0.9047,19.1308,1577.8703,13.8088
SYM3214,120.02,775.6901,1.1182,0.2006,0.9568,23.6908,2303.2171,20.2565
SYM3215,104.85,1067.9855,1.1345,0.279,0.8968,26.2342,2005.8516,31.4067
SYM3216,98.78,1227.404,1.1812,0.2606,0.9375,33.4788,2227.9592,28.7254
SYM3217,90.52,2586.1932,1.3149,0.1494,0.8463,26.9219,1729.7139,13.4647
SYM3218,75.87,1194.9616,1.0437,0.0513,0.8503,9.4129,1695.4679,3.2303
SYM3219,129.44,1129.7325,1.0528,0.0253,0.7554,3.933,1598.6792,1.3413
SYM3220,95.86,1387.3095,0.9087,0.1449,0.8973,18.192,1549.5908,13.1093
SYM3221,135.11,1373.5854,1.1395,0.2011,0.8613,28.9877,1793.2017,20.9851
SYM3222,110.0,779.7895,1.2411,0.2734,0.9522,26.1667,2300.1895,29.8993
SYM3223,89.96,1198.0887,1.2544,0.2731,0.8864,28.8382,2183.9763,30.8103
SYM3224,143.89,1621.0279,1.2133,0.1756,0.8801,23.6582,1773.5059,16.9926
SYM3225,123.3,1284.7305,1.0553,0.1622,0.9266,19.0213,1609.9076,15.4196
SYM3226,68.01,796.9386,1.1861,0.2258,0.9552,23.9048,2014.565,23.3121
SYM3227,89.91,2524.4706,1.2808,0.1592,0.8699,28.0231,1849.2177,15.1382
SYM3228,143.72,914.2135,1.1284,0.2107,0.937,20.5065,1997.5716,21.8226
SYM3229,93.95,838.8484,1.1508,0.285,0.2529,29.676,2120.7843,31.7578
SYM3230,114.98,1098.1959,0.8926,0.2214,0.8951,24.5277,1605.0888,23.4894
SYM3231,91.99,1234.9701,1.2027,0.2932,0.9258,35.4954,2130.2181,32.9854
SYM3232,88.98,1239.1913,1.3273,0.2359,0.9409,24.6123,2558.9525,25.7131
SYM3233,86.0,767.8575,1.0561,0.2138,0.9323,19.8624,1850.5856,22.2142
SYM3234,155.36,1331.0478,1.1647,0.25,0.8836,31.063,1749.7974,26.9653
SYM3235,98.02,1471.7969,1.371,0.2899,0.8534,29.641,2208.3272,32.7681
SYM3236,108.02,968.9509,1.1198,0.2505,0.956,33.3664,2188.4807,26.7188
SYM3237,92.68,1099.7212,1.1751,0.2609,0.8744,29.6707,1880.105,28.8562
SYM3238,125.92,3000.2835,1.4165,0.1592,0.8178,27.3742,2140.4943,15.1482
SYM3239,99.79,1194.3893,1.174,0.2645,0.8211,28.3048,1862.3762,29.1572
SYM3240,178.21,675.6556,1.1924,0.2963,0.9649,29.8485,2488.4937,33.2317
SYM3241,99.99,778.0891,1.2128,0.2451,0.9484,21.0215,1855.1606,25.9632
SYM3242,83.96,2011.8115,1.2037,0.1961,0.8905,33.0239,1770.2596,20.0291
SYM3243,79.85,548.2625,0.8445,0.1694,0.9486,18.8478,2346.3955,16.7237
SYM3244,84.49,1065.34,1.2121,0.22,0.9048,24.3357,2198.1569,23.632
SYM3245,136.9,761.5284,1.0839,0.2308,0.9427,17.1732,2268.8781,24.6357
SYM3246,142.11,858.062,1.179,0.2158,0.9273,24.1881,2024.0607,22.0288
SYM3247,100.02,1643.61,1.1771,0.2064,0.9195,32.4972,2052.5952,21.6369
SYM3248,90.84,900.9547,1.1727,0.2226,0.9239,22.4444,1853.1737,23.3802
SYM3249,95.69,868.1522,1.1446,0.2546,0.8905,21.6562,1806.6613,27.8492
SYM3250,94.0,2101.0843,1.2362,0.1143,0.8511,15.8294,1806.6622,9.8199
SYM3251,129.97,1466.4033,1.3736,0.2038,0.9356,22.0394,2420.1864,21.0567
SYM3252,84.88,1072.3073,1.1231,0.1502,0.8657,17.5695,2014.0352,14.4712
SYM3253,87.96,1231.1966,1.1684,0.2,0.2488,25.679,2068.3685,20.2876
SYM3254,92.04,1857.2932,1.1341,0.2124,0.2602,29.0075,1488.2133,22.086
SYM3255,87.02,1273.9798,1.254,0.1959,0.9604,22.8242,1827.5505,19.5452
SYM3256,92.87,1891.3863,1.2778,0.2449,0.9007,34.2634,1921.6167,26.3563
SYM3257,85.97,1336.4034,1.2634,0.2084,0.8364,21.5034,2075.7296,21.9215
SYM3258,94.99,2113.209,1.3009,0.1809,0.8812,31.052,1734.8175,17.4455
SYM3259,92.85,1187.8625,1.1978,0.2237,0.9472,30.9936,1918.0993,23.1095
SYM3260,163.11,1760.7099,1.2082,0.2009,0.9166,33.3949,1710.4055,20.2075
SYM3261,84.91,2110.8962,1.2926,0.2163,0.875,26.7955,2260.2972,23.3018
SYM3262,101.96,651.5236,1.1794,0.2898,0.9374,25.7352,2148.5521,32.5839
SYM3263,92.96,2113.1105,1.0598,0.224,0.7855,24.244,2516.0348,25.1334
SYM3264,115.01,686.9702,1.2522,0.266,0.9541,19.0706,2306.6479,29.5358
SYM3265,92.76,1205.0313,1.2116,0.1936,0.9366,22.0664,1831.5496,19.3971
SYM3266,89.03,2766.1094,1.1889,0.1081,0.869,22.3273,2207.583,8.8714
SYM3267,99.38,2433.6452,1.2549,0.2288,0.9179,31.9401,1515.0312,24.0638
SYM3268,93.98,1988.41,1.3786,0.1755,0.8192,19.6033,2473.1614,18.0564
SYM3269,135.71,2796.284,1.6082,0.0626,0.6063,7.5993,3450.708,4.808
SYM3270,101.98,1524.2799,1.3276,0.1472,0.25,19.037,2745.3161,13.9823
SYM3271,90.01,980.7084,1.1826,0.207,0.8963,23.7518,2169.4713,21.4743
SYM3272,87.93,1817.8894,1.2968,0.1824,0.8617,26.7177,1745.1551,17.7387
SYM3273,90.01,1561.6743,1.2605,0.1969,0.8584,19.0636,2554.1234,20.2678
SYM3274,86.94,1047.4361,1.1936,0.343,0.9277,38.6346,2328.9846,40.4853
SYM3275,94.0,1421.5722,1.2342,0.2138,0.8691,21.602,1617.61,22.1697
SYM3276,90.11,1883.4682,1.2357,0.2802,0.8871,37.7906,1868.0005,31.3617
SYM3277,91.07,2021.7493,1.3157,0.2083,0.9239,27.5454,1750.9961,20.8955
SYM3278,95.99,2554.8097,1.3077,0.1291,0.8161,24.0286,2168.777,11.7872
SYM3279,91.06,2764.3516,1.1712,0.1344,0.7302,19.0298,1739.0716,12.3997
SYM3280,91.45,2210.066,1.2284,0.1334,0.22,26.1941,1754.8393,11.8385
SYM3281,87.34,966.8328,1.098,0.1049,0.9266,13.8524,1897.1078,8.5195
SYM3282,103.04,1364.5105,1.0852,0.2054,0.24,24.2671,1894.5797,20.6664
SYM3283,105.98,671.8718,1.1013,0.1044,0.9507,10.279,1813.492,8.3742
SYM3284,93.0,2029.2767,1.2754,0.1395,0.8286,19.7373,1784.6557,12.8182
SYM3285,144.4,1472.9171,1.0493,0.1,0.889,14.1297,1493.5534,7.9622
SYM3286,70.52,1285.0629,1.2287,0.1848,0.9625,19.0216,1920.5207,18.525
SYM3287,90.0,1759.0334,1.3192,0.1507,0.8955,22.1905,1651.0071,13.8301
SYM3288,91.52,1986.9255,1.0853,0.2896,0.8,46.5336,1569.9193,33.4006
SYM3289,92.79,739.5607,1.0627,0.221,0.9591,18.2568,1768.6741,22.7755
SYM3290,93.67,1705.554,1.317,0.1592,0.9374,26.1407,2062.4145,14.821
SYM3291,88.95,2766.1067,1.4416,0.1366,0.855,20.8772,2465.8338,12.5715
SYM3292,88.96,715.0445,1.3628,0.2238,0.9338,16.9947,2015.7469,23.4551
SYM3293,93.95,1748.9797,1.2191,0.1998,0.8664,26.6333,1960.489,20.8029
SYM3294,117.63,1411.2231,1.1324,0.2227,0.9435,25.9804,1841.5162,22.9135
SYM3295,93.06,2059.2948,1.3035,0.2286,0.885,31.5964,1937.4468,24.4835
SYM3296,86.01,1503.3566,1.28,0.2618,0.9256,20.7883,2659.8973,29.093
SYM3297,95.02,1309.1086,1.2008,0.1593,0.9372,22.9776,1940.3784,14.8313
SYM3298,96.99,1529.9928,1.1694,0.1638,0.9146,22.6943,1893.6702,15.594
SYM3299,103.83,900.4231,0.9604,0.1898,0.8594,15.3795,2116.28,20.2033
SYM3300,97.0,948.1806,1.2216,0.2106,0.9654,24.1732,2314.6368,21.5835
SYM3301,114.52,1521.8002,1.2148,0.2467,0.9351,33.9435,1889.6919,26.2948
SYM3302,132.31,1122.2999,0.8851,0.1398,0.9322,17.3054,1511.8631,12.5456
SYM3303,91.02,1348.6418,1.3709,0.2137,0.9298,20.6494,2245.6688,22.3112
SYM3304,91.46,2051.7039,1.3728,0.2543,0.8858,29.4792,1599.3878,27.6129
SYM3305,90.02,2981.7961,1.2391,0.171,0.797,36.048,1655.6495,16.2733
SYM3306,117.96,1748.3473,1.3871,0.1524,0.8798,16.9424,2686.3135,14.3002
SYM3307,112.44,1149.8592,1.023,0.2027,0.9032,21.6208,1644.1284,20.7874
SYM3308,91.98,1278.143,1.3718,0.1544,0.9424,15.9622,2275.3582,14.4645
SYM3309,92.44,1746.282,1.0071,0.2155,0.8793,35.4818,1597.219,23.5858
SYM3310,128.06,1149.858,1.1026,0.2022,0.8698,21.5043,1788.0773,21.1146
SYM3311,80.03,710.3282,0.9752,0.2368,0.9777,28.9947,2074.4125,24.8551
SYM3312,88.99,1096.821,1.1139,0.2692,0.943,31.3866,2224.4291,30.3048
SYM3313,92.98,1779.2223,1.1826,0.2464,0.8926,26.4431,2230.2953,27.0082
SYM3314,92.09,2308.4645,1.2582,0.1218,0.8142,20.9486,1640.4932,10.4258
SYM3315,90.34,1545.4691,1.3403,0.1258,0.8995,16.5022,1960.4133,10.7908
SYM3316,88.92,2638.3202,1.2426,0.1073,0.7781,24.8862,1603.4841,8.7693
SYM3317,81.96,2143.025,1.2577,0.1128,0.8791,22.1778,1547.2532,9.2281
SYM3318,92.45,1805.5217,1.1172,0.2258,0.8307,34.6045,1630.3524,25.1085
SYM3319,96.01,2605.1597,1.3277,0.2183,0.8165,27.8201,2013.2912,22.7083
SYM3320,93.79,3664.059,1.0843,0.2033,0.8718,44.0126,1589.5146,20.9718
SYM3321,93.84,1604.2633,1.1892,0.1761,0.9498,24.2466,2805.8604,17.5609
SYM3322,93.99,1018.4602,1.2583,0.1104,0.9558,11.0508,2373.4216,9.1013
SYM3323,93.01,1256.8695,1.1896,0.2372,0.9353,29.4273,2497.957,26.1005
SYM3324,94.07,1604.0099,1.3031,0.0914,0.8924,16.4174,2410.7255,7.0674
SYM3325,94.12,732.1051,1.3757,0.1406,0.9782,13.1601,2446.9244,12.2373
SYM3326,147.3,615.3764,0.9359,0.2135,0.9591,21.095,1911.3909,21.9439
SYM3327,95.62,1376.8464,1.1586,0.1753,0.9195,20.449,2307.1876,17.2593
SYM3328,97.98,732.3007,1.0147,0.2056,0.9548,27.9737,2085.4203,21.1696
SYM3329,123.16,1312.8796,1.2967,0.1201,0.7955,11.3998,2644.4743,11.1236
SYM3330,83.0,1837.68,1.234,0.108,0.8321,16.8895,2017.1064,8.9854
SYM3331,89.98,1196.6549,1.3154,0.1353,0.958,17.6859,2012.9568,11.577
SYM3332,92.04,2245.4765,1.3229,0.2341,0.2494,34.8303,2864.1789,24.6006
SYM3333,95.0,1334.5149,1.1861,0.168,0.2723,27.8961,1710.9825,15.619
SYM3334,117.63,1279.4294,1.2715,0.1671,0.8414,18.6338,2092.6676,16.0671
SYM3335,132.23,1275.6618,1.3151,0.1442,0.83,14.0999,2332.4384,13.553
SYM3336,88.05,1631.6808,1.1564,0.156,0.9407,24.5615,1456.7767,14.2237
SYM3337,117.91,1339.1863,1.2302,0.1194,0.7852,13.8823,2250.7918,10.7129
SYM3338,110.12,1219.1305,1.127,0.0969,0.8126,10.2882,2001.7684,8.3742
SYM3339,139.98,1416.3127,1.1444,0.1197,0.7127,17.9296,1828.8436,10.8328
SYM3340,90.23,1410.6755,1.2274,0.0855,0.7664,7.5056,2283.8433,7.2535
SYM3341,101.38,1337.4557,1.1989,0.0966,0.7522,9.7098,2066.5547,8.5175
SYM3342,128.8,1240.4635,1.2844,0.1282,0.8146,12.0462,2271.9896,11.8356
SYM3343,90.43,1584.0388,1.2332,0.1022,0.7515,12.8387,2066.1043,9.0638
SYM3344,135.79,1354.3388,1.1896,0.0989,0.7521,12.3695,2082.1175,8.6662
SYM3345,89.99,1235.5144,1.2111,0.1061,0.8009,11.3114,2045.4123,9.3493
SYM3346,120.66,1272.2192,1.2516,0.1362,0.8156,16.2242,2181.2909,12.4758
SYM3347,129.36,1312.0136,1.2431,0.1186,0.7969,11.848,2239.895,10.7909
SYM3348,128.23,1238.0972,1.2332,0.1033,0.7856,9.3782,2131.3476,9.1105
SYM3349,117.2,1184.5315,1.2345,0.1222,0.8119,13.5287,2184.5829,10.975
SYM3350,123.0,1370.6378,1.2529,0.0982,0.7694,9.8047,2141.1751,8.5249
SYM3351,111.16,1251.8127,1.214,0.1045,0.7851,10.3696,2148.9751,9.2151
SYM3352,123.21,1284.8894,1.2452,0.1113,0.7934,13.2312,2227.1956,9.7748
SYM3353,107.21,1154.8999,1.2537,0.1051,0.7981,9.2202,2191.0414,9.2965
SYM3354,117.46,1417.1798,1.1971,0.1045,0.7153,13.1952,1966.3763,9.341
SYM3355,92.93,1283.245,1.3283,0.3082,0.9135,34.5201,1720.275,35.3009
SYM3356,161.62,1471.4535,1.2415,0.2665,0.9215,38.1727,2197.6187,29.8439
SYM3357,97.06,1081.22,1.3345,0.1913,0.9294,24.8754,2095.8712,18.5472
SYM3358,103.8,1713.4457,1.376,0.1869,0.8884,28.0148,1851.623,18.2167
SYM3359,98.04,1136.3944,1.0627,0.1331,0.9463,29.1585,1621.844,11.5299
SYM3360,108.05,1928.7881,1.1345,0.3009,0.9004,51.084,1626.5238,33.897
SYM3361,98.04,1136.3944,1.0627,0.1331,0.9463,29.1585,1621.844,11.5299
SYM3362,99.97,2652.8709,1.1812,0.16,0.8464,35.2624,2026.9686,15.0852
SYM3363,99.84,2526.4343,1.133,0.2548,0.9003,48.2125,1759.7976,28.0305
SYM3364,119.99,802.124,1.0846,0.1331,0.9628,21.6997,2059.9315,11.4022
SYM3365,107.67,1092.022,1.3147,0.0911,0.8967,15.2333,2368.8625,7.1815
SYM3366,99.99,2120.2769,1.3866,0.2184,0.9097,38.899,2039.6333,22.6252
SYM3367,115.21,1319.4953,1.2596,0.1925,0.9198,26.383,2138.7543,20.0103
SYM3368,142.18,657.552,1.083,0.129,0.9617,15.0357,2049.4623,11.0044
SYM3369,86.97,1255.7021,1.1186,0.121,0.9375,29.1835,1817.9475,10.1854
SYM3370,100.83,1778.3194,1.3351,0.3079,0.8778,43.0717,2127.0889,35.3942
SYM3371,86.94,2031.4012,1.2701,0.1703,0.8321,24.169,2622.1845,17.4117
SYM3372,95.04,960.1392,1.409,0.1834,0.9078,21.4863,2604.5898,18.6705
SYM3373,146.42,1638.433,1.1124,0.2191,0.8761,34.7916,1899.593,23.2461
SYM3374,98.02,1281.4015,1.1561,0.2508,0.9518,44.977,1718.3133,26.5599
SYM3375,161.55,1423.5213,1.1365,0.1655,0.9571,27.1286,2064.5554,15.6715
SYM3376,95.04,957.0435,1.1373,0.2593,0.9451,36.0734,2279.9531,28.0438
SYM3377,135.61,2206.9916,1.2345,0.1973,0.838,36.8672,2326.1516,19.8458
SYM3378,102.98,1715.86,1.3783,0.2136,0.883,28.6792,2065.1796,21.5043
SYM3379,90.0,1425.4724,1.4636,0.1791,0.8254,22.8714,2468.9817,17.9063
SYM3380,95.03,1854.7813,1.2262,0.315,0.8101,48.7819,2182.8774,36.2216
SYM3381,95.88,999.9929,1.2524,0.1052,0.9021,15.6838,2436.5682,8.5503
SYM3382,102.03,1890.538,1.3312,0.1581,0.8818,28.1755,2731.4614,15.1219
SYM3383,155.43,2117.5764,1.1571,0.1737,0.9261,38.0386,2088.7632,16.4262
SYM3384,107.83,2021.4388,1.4036,0.1616,0.8535,26.3479,2573.5528,15.6879
SYM3385,85.01,1941.3441,1.1522,0.1376,0.9173,26.9312,2052.8696,12.239
SYM3386,93.92,2241.6851,1.1237,0.2828,0.9353,54.2955,1625.7588,30.9639
SYM3387,85.94,1857.7134,1.248,0.1622,0.89,28.1118,1985.2092,15.1462
SYM3388,95.02,856.9098,1.3218,0.2795,0.9409,31.3452,2630.8431,31.2288
SYM3389,95.92,1371.6125,1.3372,0.2068,0.8802,27.5211,2610.4515,22.0161
SYM3390,140.05,2194.0557,1.1243,0.1733,0.9394,27.6264,1950.9332,16.4243
SYM3391,88.95,1100.6505,1.4586,0.3514,0.911,39.9573,2114.5375,41.9335
SYM3392,89.88,1110.83,1.374,0.2007,0.927,20.6331,2581.1453,20.4997
SYM3393,99.93,2190.2654,1.3261,0.2861,0.8388,47.7692,1955.8389,32.3114
SYM3394,94.96,1336.2656,1.42,0.15,0.8924,16.4268,2592.737,14.0002
SYM3395,129.77,1901.4949,1.0317,0.3044,0.91,51.5368,1595.1294,34.4431
SYM3396,104.98,1870.9637,1.2968,0.2803,0.903,43.8424,2131.3662,31.1068
SYM3397,88.03,1404.782,1.336,0.1722,0.8595,19.6992,2472.6342,16.7031
SYM3398,90.03,1276.5005,1.288,0.1743,0.9275,28.8937,2317.3198,16.8688
SYM3399,88.94,1814.7741,1.4448,0.284,0.887,37.4965,2456.4291,32.3501
SYM3400,99.03,1638.6825,1.3418,0.2673,0.8872,36.0458,2052.54,29.629
SYM3401,172.27,2445.0697,1.281,0.2948,0.8001,49.9468,2116.2844,33.5898
SYM3402,91.96,2105.171,1.4363,0.156,0.7832,17.4316,2927.2756,15.6274
SYM3403,178.21,1222.0837,1.3413,0.1347,0.8911,21.2237,2327.6136,11.8504
SYM3404,93.98,1562.2732,1.2117,0.112,0.8283,17.9852,2105.7989,10.0142
SYM3405,93.97,1028.8044,1.2907,0.1652,0.9288,23.6587,1716.4833,15.4959
SYM3406,93.92,1676.3804,1.2803,0.1422,0.8677,27.968,2191.729,12.6677
SYM3407,100.86,2510.9952,1.2705,0.1475,0.8682,31.7696,1937.8998,13.5685
SYM3408,89.87,2566.3594,1.2328,0.3236,0.789,54.0795,1746.3143,37.4071
SYM3409,100.73,2161.2817,1.2538,0.1583,0.8632,28.9641,1632.6328,14.5203
SYM3410,96.08,1701.5906,1.375,0.1202,0.8805,19.3243,2125.0289,10.6197
SYM3411,110.04,2195.5424,1.1233,0.1732,0.8939,39.9734,1302.8587,16.2868
SYM3412,90.82,1491.6034,1.2462,0.3202,0.8779,39.8586,2280.2302,37.7586
SYM3413,79.91,1741.93,1.354,0.1687,0.8756,25.4154,2141.1085,15.9576
SYM3414,106.1,1683.3393,1.3618,0.1707,0.9149,31.899,2318.0033,16.4518
SYM3415,92.94,1942.2318,1.2367,0.1876,0.8924,37.881,2102.7789,18.1976
SYM3416,103.96,1629.9381,1.31,0.206,0.8163,31.5456,2583.5252,21.7806
SYM3417,92.99,1862.6702,1.4309,0.1701,0.8983,24.7478,2470.1968,16.4111
SYM3418,97.85,2070.5428,1.1237,0.2773,0.927,51.3062,1736.9555,30.3225
SYM3419,92.93,1303.6574,1.3445,0.1537,0.8892,19.4755,2533.3355,14.4463
SYM3420,93.0,1806.0852,1.2363,0.2602,0.8981,46.4437,1845.8193,28.5458
SYM3421,86.81,1745.6765,1.327,0.1493,0.8512,22.5377,2151.3334,14.0542
SYM3422,95.51,1390.8172,1.3078,0.155,0.9136,23.4834,2728.2807,14.6356
SYM3423,163.82,675.4782,1.1371,0.1171,0.9056,10.3898,2330.8927,10.166
SYM3424,82.69,1127.5452,1.2529,0.1972,0.9359,25.5936,2472.8919,19.7399
SYM3425,102.07,1608.9177,1.3434,0.1683,0.9003,26.0385,2250.4383,16.0805
SYM3426,172.27,1505.2986,1.1498,0.2331,0.9591,42.7202,1646.2245,24.1688
SYM3427,95.95,1577.0945,1.4232,0.1597,0.8575,22.8306,2279.943,15.2743
SYM3428,105.02,1262.7624,1.3532,0.1468,0.8703,19.3863,2326.6386,13.9206
SYM3429,119.97,2339.2732,1.2078,0.2779,0.8653,46.8465,1582.0054,30.3927
SYM3430,110.58,1838.0594,1.55,0.1625,0.9049,23.2998,2429.0021,15.2204
SYM3431,172.27,1777.2309,1.0897,0.2086,0.9124,40.8468,1930.8391,20.9403
SYM3432,120.98,1268.1994,1.2712,0.2628,0.8851,35.0478,2288.5804,29.3795
SYM3433,96.02,1857.6131,1.2437,0.2367,0.8749,37.1865,2084.402,25.4801
SYM3434,104.94,1648.6787,1.4013,0.2073,0.8065,29.4291,2271.0024,21.5587
SYM3435,91.18,3277.8354,1.3064,0.2394,0.7903,41.7982,1956.8662,25.6642
SYM3436,95.89,1603.71,1.1926,0.1531,0.8482,26.6075,2414.1215,14.7203
SYM3437,81.97,932.083,1.3404,0.15,0.8717,10.603,3039.5446,14.4706
SYM3438,99.87,1335.2381,1.2235,0.2539,0.8992,35.3927,1913.1373,27.8574
SYM3439,88.21,2623.609,1.3291,0.1656,0.7972,32.2465,2004.4323,15.6008
SYM3440,85.96,1498.1857,1.2829,0.1573,0.8482,24.4765,1945.3864,14.7526
SYM3441,91.91,1975.1421,1.1037,0.2029,0.9238,41.8334,1762.0069,20.1567
SYM3442,111.97,2359.6822,1.3173,0.3153,0.7595,48.826,2124.3663,36.7086
SYM3443,93.98,1562.2732,1.2117,0.112,0.8283,17.9852,2105.7989,10.0142
SYM3444,105.02,1590.9363,1.2887,0.3069,0.8534,45.7538,2178.1769,35.344
SYM3445,99.98,2006.6159,1.2737,0.2043,0.9264,35.5722,1785.536,20.002
SYM3446,91.87,1332.1805,1.4955,0.1859,0.8605,20.7356,2529.1123,19.0202
SYM3447,116.7,2407.911,1.2721,0.2995,0.7957,45.698,2044.1005,34.5556
SYM3448,151.98,1928.16,1.0249,0.1212,0.95,30.7576,1314.087,10.3531
SYM3449,93.93,1564.7219,1.5007,0.1853,0.8217,24.3073,2384.0026,18.5606
SYM3450,92.89,2002.532,1.2447,0.0675,0.8447,12.244,2251.2585,4.7595
SYM3451,101.98,1722.5539,1.2585,0.1513,0.8479,17.7718,2609.7571,14.4896
SYM3452,109.88,2057.0507,1.4034,0.2342,0.875,33.9344,2853.261,26.3049
SYM3453,93.94,1322.004,1.4025,0.1715,0.9011,21.5542,2569.1795,16.5281
SYM3454,107.86,1451.6849,1.4052,0.1356,0.894,19.8391,2445.9223,12.6901
SYM3455,162.23,1385.0146,1.1713,0.1519,0.8534,24.7902,1897.4001,14.2299
SYM3456,100.9,1049.3536,1.2519,0.1807,0.9522,24.1699,2348.486,17.818
SYM3457,150.15,1715.6035,1.161,0.1652,0.9389,29.1948,1966.6638,15.4827
SYM3458,129.42,1527.6227,1.1912,0.0783,0.844,18.0193,1519.9674,5.6339
SYM3459,94.1,1336.2172,1.3484,0.1653,0.8792,21.3783,2518.6644,15.9837
SYM3460,97.99,1448.1359,1.1693,0.1613,0.9136,33.3968,1775.4367,15.0289
SYM3461,84.85,1155.5673,1.3739,0.1349,0.8302,15.9703,2284.7997,12.4075
SYM3462,95.02,1206.1923,1.3783,0.226,0.9334,28.4246,2881.6789,24.1065
SYM3463,142.09,1201.2438,0.976,0.1525,0.9548,29.4275,2005.9666,13.9492
SYM3464,164.82,2213.2129,1.035,0.1529,0.8717,34.027,1527.4065,14.2567
SYM3465,97.83,1349.2358,1.2985,0.1696,0.9044,24.8948,2283.0429,16.1386
SYM3466,88.02,1436.3812,1.3391,0.1699,0.9072,23.8249,2750.9504,16.2188
SYM3467,108.99,1150.9366,1.4354,0.14,0.887,13.9015,3084.2961,12.7613
SYM3468,89.82,1682.1875,1.3764,0.1469,0.8198,23.5819,2993.3817,14.3491
SYM3469,81.01,1057.7168,1.2924,0.1813,0.9011,21.5405,2337.7617,17.7599
SYM3470,164.62,2299.3957,1.0756,0.1358,0.8118,31.4015,1379.1271,12.4256
SYM3471,101.01,2050.1404,1.1847,0.1842,0.8974,37.6752,1886.113,17.9544
SYM3472,90.09,1858.6493,1.3128,0.1755,0.8841,29.3018,2125.9265,16.8684
SYM3473,97.96,1606.6296,1.4287,0.1863,0.9152,25.01,2304.3467,18.1818
SYM3474,99.98,1874.2316,0.939,0.2731,0.8357,45.7286,1270.1759,31.3478
SYM3475,103.25,1987.262,1.1913,0.1504,0.8704,35.4106,1727.6472,13.5585
SYM3476,95.92,1220.0886,1.2323,0.1315,0.858,13.6188,2465.5,12.2449
SYM3477,95.02,856.9098,1.3218,0.2795,0.9409,31.3452,2630.8431,31.2288
SYM3478,85.4,1452.3965,1.0746,0.227,0.9383,41.8513,1852.9981,23.298
SYM3479,111.44,2257.0865,1.5309,0.1583,0.8393,29.8673,3060.7212,15.6428
SYM3480,139.9,1816.1531,1.1253,0.1056,0.8721,20.0,2100.0767,8.6107
SYM3481,89.96,935.128,1.26,0.1638,0.8918,17.3235,2242.2194,15.9212
SYM3482,99.79,2175.8375,1.2229,0.1703,0.8986,31.8013,2411.6868,16.4338
SYM3483,83.92,1517.0129,1.3142,0.1609,0.8782,23.2412,3026.4575,15.8456
SYM3484,117.86,2389.2045,1.121,0.0546,0.7272,18.5554,1127.4371,3.6692
SYM3485,89.99,1442.7626,1.2203,0.3128,0.7823,36.6399,2167.8706,36.9324
SYM3486,104.97,3159.9388,1.3114,0.2538,0.8426,42.4398,1912.6234,27.4174
SYM3487,103.01,1561.6604,1.3545,0.1589,0.8831,26.9703,1797.7241,14.8139
SYM3488,172.27,1463.7124,1.1295,0.0932,0.8251,14.7159,2167.3684,7.8719
SYM3489,153.07,2014.5804,1.2584,0.1889,0.9025,22.5579,2264.8891,19.0868
SYM3490,102.08,1503.205,1.3037,0.221,0.8845,29.5405,2293.7017,22.9154
SYM3491,163.24,1400.4791,0.9477,0.0531,0.7166,10.2287,1462.6124,3.4808
SYM3492,99.66,2161.9173,1.1961,0.0434,0.4761,7.694,2546.3213,3.0211
SYM3493,172.27,1218.4179,1.3547,0.0872,0.8253,16.0369,2401.2677,6.8196
SYM3494,86.01,1644.163,1.3265,0.1576,0.8362,14.2046,2346.3351,15.2591
SYM3495,84.1,3009.773,1.3687,0.1367,0.7775,25.3399,2414.2568,12.515
SYM3496,153.6,1959.1922,1.2498,0.1785,0.8952,20.1373,2207.5995,17.9152
SYM3497,97.76,2097.5056,1.1856,0.145,0.6457,20.8696,2092.046,13.373
SYM3498,97.96,2463.7706,1.1852,0.0726,0.798,9.4247,2531.7455,5.414
SYM3499,123.22,1195.1088,1.1716,0.0664,0.8792,10.904,1746.1907,5.0232
SYM3500,89.89,1411.6627,1.472,0.135,0.9011,22.6977,2795.556,11.9676
SYM3501,97.17,3036.1816,1.3522,0.0566,0.4839,7.3729,1620.6157,4.1684
SYM3502,110.0,1529.352,1.391,0.164,0.9162,25.7531,2412.1898,15.7
SYM3503,90.05,1910.3777,1.2241,0.1019,0.8542,23.8631,1930.8655,8.6067
SYM3504,172.26,1116.4401,1.2014,0.1973,0.9522,32.1753,1471.2811,19.2545
SYM3505,96.01,2216.6413,1.3217,0.2339,0.8662,16.2044,3088.3453,26.1419
SYM3506,93.97,1440.5309,1.2162,0.1915,0.834,21.3849,3001.5195,20.0394
SYM3507,105.06,3057.8353,1.3118,0.2309,0.8406,36.9387,2546.796,24.7548
SYM3508,99.9,1650.6726,1.1681,0.1859,0.9415,29.8075,2444.3543,17.8328
SYM3509,93.0,1629.8759,1.3401,0.1986,0.8917,18.0189,2964.0825,21.1439
SYM3510,85.2,2668.8703,1.9285,0.1739,0.8108,12.4341,3793.3868,18.1636
SYM3511,87.04,910.9626,1.1598,0.1874,0.9489,25.4628,2741.8739,18.8835
SYM3512,95.03,649.0563,1.2171,0.1577,0.9357,13.8518,3593.6532,16.1607
SYM3513,102.04,1225.5089,1.2981,0.1997,0.876,19.73,2854.091,20.4584
SYM3514,89.0,961.1022,1.1359,0.0676,0.9239,10.6581,1977.5501,4.6809
SYM3515,89.34,1070.8353,1.2738,0.1609,0.9243,23.1329,2480.315,15.5747
SYM3516,93.98,1410.3384,1.3782,0.1563,0.9012,16.2802,2915.782,15.583
SYM3517,89.16,1393.7561,1.3388,0.1618,0.8806,16.4173,2855.5282,16.1762
SYM3518,91.99,2023.8528,1.3586,0.1583,0.8884,25.1029,2191.0036,15.1838
SYM3519,91.0,1985.4986,1.4389,0.1891,0.8996,31.6292,2041.2115,18.6692
SYM3520,89.97,1301.2914,1.2199,0.1474,0.931,18.7639,2822.5432,14.2239
SYM3521,172.27,1172.8256,1.1501,0.1445,0.9256,26.9798,1652.3584,12.9082
SYM3522,90.98,1692.5082,1.2175,0.1751,0.9123,25.3563,1891.4975,17.1763
SYM3523,112.73,591.4225,1.0602,0.0452,0.9152,6.5775,2149.6213,2.7116
SYM3524,90.96,1517.5411,1.0959,0.2436,0.8678,37.1844,1564.8686,26.1458
SYM3525,84.99,1884.2751,1.087,0.2297,0.9496,40.7663,1919.8342,23.4197
SYM3526,153.99,1151.5203,1.1164,0.1912,0.9426,25.3338,2616.6335,19.2799
SYM3527,95.04,1873.5541,1.2934,0.2082,0.8955,28.265,2341.8837,21.4537
SYM3528,162.84,1381.5058,1.3042,0.2718,0.9417,27.3436,2584.6965,30.634
SYM3529,162.78,1632.2193,1.2408,0.2593,0.9026,32.2698,2293.2713,28.4433
SYM3530,112.9,1255.9499,1.1152,0.1226,0.9272,22.138,1674.4304,10.4387
SYM3531,89.92,1091.5071,1.2222,0.2544,0.9281,26.8029,2145.9538,28.3112
SYM3532,86.97,1210.3993,1.1944,0.1897,0.8841,24.3104,2298.9745,18.8668
SYM3533,84.82,1259.6013,1.1427,0.3078,0.9195,33.7414,1912.0524,35.0525
SYM3534,87.07,2248.1449,1.0866,0.1691,0.8974,38.9839,2097.0862,16.3178
SYM3535,89.93,520.64,1.2093,0.2896,0.9448,17.8405,2553.0724,32.1983
SYM3536,81.64,1242.6994,1.2307,0.1642,0.9353,24.0768,2380.297,15.8822
SYM3537,103.91,2040.3635,1.3881,0.2405,0.8206,31.9021,2681.3331,26.4227
SYM3538,110.94,1375.7172,1.2113,0.0821,0.9042,16.9399,1939.0309,6.1837
SYM3539,83.04,1877.9125,1.0284,0.1951,0.9184,29.2486,1620.6089,20.1911
SYM3540,99.03,2180.8533,1.5186,0.2088,0.8219,20.0531,3287.3436,23.1042
SYM3541,92.08,1063.6964,1.155,0.1396,0.9498,19.5675,1711.0166,12.2888
SYM3542,83.92,1839.914,1.3249,0.1986,0.9134,26.0473,1965.7963,20.195
SYM3543,84.78,1340.6773,1.2749,0.227,0.8567,23.6537,1991.6367,23.8774
SYM3544,80.91,1260.2645,1.2056,0.2396,0.8931,23.4321,2487.9753,26.3272
SYM3545,90.88,1882.4886,1.3372,0.1654,0.8892,26.2459,2370.3657,15.8914
SYM3546,88.99,1142.589,1.0314,0.2435,0.9071,26.131,2258.1488,26.2772
SYM3547,91.88,1736.0992,1.5461,0.1417,0.8406,19.7162,2804.9063,13.4472
SYM3548,88.98,1049.915,1.5012,0.1628,0.9546,17.4884,2992.1552,15.8766
SYM3549,92.86,1438.0479,1.4375,0.2039,0.9076,21.5547,2418.206,21.1407
SYM3550,122.77,1349.9195,1.2004,0.1513,0.9231,25.4716,2070.3805,14.1394
SYM3551,155.21,1771.3354,1.0985,0.1806,0.8668,19.5435,2038.1162,17.9715
SYM3552,84.94,1904.5488,1.1008,0.1155,0.9398,24.6136,1949.7442,9.2936
SYM3553,90.09,2088.8545,1.1744,0.159,0.8885,32.3967,1785.3263,14.9547
SYM3554,101.96,2154.5482,1.1296,0.2282,0.9399,34.5992,1954.7011,23.4237
SYM3555,90.0,1681.8168,1.3273,0.1751,0.822,21.5775,2200.5511,17.3299
SYM3556,87.94,2516.7413,1.3376,0.1509,0.8084,25.2984,2128.1928,14.4404
SYM3557,147.97,653.0926,1.1859,0.2,0.967,18.7868,2220.154,20.1908
SYM3558,153.08,1247.7281,1.0051,0.1302,0.8966,21.7221,1862.9986,11.9179
SYM3559,162.22,258.8036,1.0408,0.1773,0.9785,10.4816,3402.7004,17.0453
SYM3560,95.03,2725.9883,1.3002,0.1701,0.8146,34.2399,1929.392,16.2949
SYM3561,102.15,1189.7182,1.1171,0.2121,0.9435,32.8046,2174.7458,22.1882
SYM3562,88.98,1433.7232,1.1908,0.1524,0.9153,19.0128,2382.8195,14.6074
SYM3563,105.01,1741.8747,1.457,0.1325,0.9198,25.6751,3082.4103,12.1344
SYM3564,91.89,1209.6813,1.2055,0.2342,0.9281,25.2576,2331.9715,24.8731
SYM3565,86.82,2040.3669,1.2565,0.198,0.8725,38.872,2190.2763,19.6899
SYM3566,90.3,2447.603,1.4117,0.1533,0.8774,24.4258,2112.0562,14.7626
SYM3567,128.98,1290.3846,1.1905,0.196,0.8941,16.0127,2369.6492,19.9644
SYM3568,172.27,1934.3134,1.1651,0.0987,0.8195,15.0514,2035.9023,8.311
SYM3569,184.57,480.0866,0.8802,0.1371,0.9385,10.8057,2236.1409,12.4442
SYM3570,95.0,1091.0027,0.9866,0.0399,0.8621,7.5713,2098.636,2.3596
SYM3571,137.62,790.5008,1.0766,0.1991,0.9647,20.7478,1994.829,19.6271
SYM3572,89.23,2585.0487,1.2231,0.2147,0.8763,28.5592,3275.4039,22.63
SYM3573,92.0,1876.6722,1.3663,0.1629,0.8682,24.294,2817.817,16.8335
SYM3574,88.97,1262.9065,1.169,0.2043,0.9539,26.3199,1876.841,20.196
SYM3575,103.63,1451.2187,1.0962,0.1997,0.8836,24.6506,1562.7813,20.1151
SYM3576,118.08,1198.2263,1.0153,0.0513,0.891,11.0682,1769.7796,3.3049
SYM3577,112.63,615.2742,1.0113,0.1612,0.9755,16.0376,1964.6607,14.6924
SYM3578,150.1,1413.269,1.188,0.2103,0.9401,31.4431,2058.1715,21.0507
SYM3579,84.98,1345.4392,1.0821,0.185,0.9091,29.0413,2037.7426,18.3158
SYM3580,84.54,1326.6249,0.9457,0.0409,0.7645,5.2112,2453.5135,3.0919
SYM3581,162.68,789.1533,0.9437,0.1205,0.919,20.5916,2074.2399,10.5596
SYM3582,142.03,968.0567,1.1961,0.2225,0.9135,15.9489,2510.9451,23.3927
SYM3583,86.99,1819.785,0.9565,0.2739,0.8679,42.598,1660.2674,30.1603
SYM3584,91.96,1804.2018,1.3443,0.1457,0.8326,18.023,2536.1389,14.3532
SYM3585,84.01,1082.6849,1.1326,0.197,0.9226,23.0067,1927.3212,19.49
SYM3586,162.05,1088.7291,1.1096,0.1751,0.9116,16.8286,2363.1071,16.7887
SYM3587,120.01,2400.9311,1.0214,0.1974,0.8746,25.5651,1748.3853,19.4486
SYM3588,162.08,2348.8656,1.2772,0.1945,0.835,25.6729,2016.3861,19.4613
SYM3589,105.06,1557.994,1.2358,0.0597,0.8574,10.3547,2702.5437,4.0965
SYM3590,107.02,1880.5553,1.1233,0.2015,0.8901,40.8373,2306.7607,20.5336
SYM3591,95.94,818.8532,0.9173,0.2424,0.9408,26.4028,1630.9692,25.582
SYM3592,97.03,1025.3246,1.2024,0.1929,0.9554,23.0449,2144.9458,19.0112
SYM3593,88.0,1263.8629,1.3731,0.2153,0.9262,23.6758,2348.9094,22.2347
SYM3594,138.06,1208.488,1.1479,0.1792,0.9084,22.8912,2205.8046,17.6759
SYM3595,172.27,1109.3279,0.9256,0.1742,0.9467,19.158,1989.3177,16.7982
SYM3596,122.59,1126.8191,1.1793,0.2227,0.8897,28.3243,1980.6406,23.2123
SYM3597,129.82,2386.1117,1.1506,0.2015,0.8346,23.3641,2186.1107,20.2585
SYM3598,78.96,1253.1706,1.3632,0.217,0.9359,26.8695,1924.3575,22.22
SYM3599,73.46,1278.1813,1.2048,0.2079,0.9024,27.9523,2434.8129,21.2071
SYM3600,88.55,1001.1642,0.8879,0.1892,0.9266,17.0833,1810.7301,18.6579
SYM3601,123.19,889.0998,0.9061,0.117,0.9204,10.406,1823.2157,9.7319
SYM3602,136.99,1743.3422,1.1236,0.2634,0.8767,30.6273,1632.7586,28.4711
SYM3603,128.01,760.5048,1.1066,0.2098,0.9764,22.0075,1912.1782,21.002
SYM3604,172.27,2334.0685,1.4494,0.159,0.8562,22.9549,2255.1286,14.8887
SYM3605,88.98,781.7599,0.9055,0.2761,0.956,27.5329,1906.88,30.2234
SYM3606,128.46,1565.7227,0.9933,0.1583,0.9063,21.0491,1868.1279,14.9593
SYM3607,137.03,1656.4711,1.0384,0.1892,0.9495,34.2191,2046.6968,18.7314
SYM3608,87.04,1399.9929,0.9821,0.2343,0.9421,34.5853,1643.2712,24.4259
SYM3609,122.08,1893.857,1.0073,0.2305,0.9058,40.8877,1730.724,23.8531
SYM3610,128.33,1790.2921,1.184,0.2341,0.8427,34.5966,1895.8991,24.7307
SYM3611,129.94,1395.8686,1.0616,0.2397,0.9346,28.2028,2355.2346,25.1019
SYM3612,88.99,1064.9529,1.1409,0.1495,0.9307,16.261,2426.8049,14.2839
SYM3613,91.98,1486.5588,1.3194,0.205,0.8893,22.8042,2178.5681,20.7727
SYM3614,130.2,1622.3981,1.0811,0.2508,0.8577,38.0422,1916.4969,26.82
SYM3615,111.6,1635.3585,0.8843,0.2435,0.9195,42.4135,1888.8803,25.6548
SYM3616,86.08,1485.5556,1.146,0.1839,0.8884,20.906,1786.5501,17.9244
SYM3617,95.95,2220.1176,1.2008,0.2295,0.9161,43.778,1520.8705,23.8633
SYM3618,119.97,911.7383,0.9582,0.2292,0.8904,16.9196,2267.3087,24.2872
SYM3619,133.89,872.6945,1.2668,0.2045,0.9281,23.6864,2228.5702,20.7681
SYM3620,151.22,1604.0857,0.9143,0.1839,0.9402,28.9746,1376.8451,17.7342
SYM3621,108.61,1417.5684,1.0183,0.2954,0.8416,27.1324,1965.4473,33.5386
SYM3622,110.15,1345.8624,0.9559,0.2071,0.9375,31.7019,1795.9998,20.7134
SYM3623,101.93,1789.2148,1.1326,0.2551,0.886,31.65,2481.8426,28.1739
SYM3624,122.03,2502.5811,1.3583,0.1957,0.7885,25.3493,2238.3546,19.9417
SYM3625,165.57,1258.9372,1.176,0.0923,0.6235,6.2276,2176.0728,7.7977
SYM3626,178.21,1168.5772,0.9214,0.1921,0.9436,29.1202,1856.9367,18.8047
SYM3627,84.96,964.1659,0.9251,0.1962,0.9603,31.3619,1922.0172,19.3948
SYM3628,156.42,1424.9474,1.1515,0.2051,0.9406,30.4171,2232.9026,20.5215
SYM3629,89.89,745.3506,0.8634,0.231,0.9528,25.2718,1808.5262,23.9947
SYM3630,82.98,952.4,1.0756,0.2641,0.9462,24.141,2278.6184,28.4483
SYM3631,89.05,709.5954,1.2659,0.3143,0.9536,28.0984,2435.2432,35.3905
SYM3632,101.03,1011.523,1.0621,0.2603,0.896,37.4354,1828.1188,28.1471
SYM3633,97.88,2084.9739,1.0618,0.2167,0.8725,39.1534,1500.0561,22.8516
SYM3634,88.05,1055.4666,1.2557,0.2355,0.9492,29.2251,2054.5813,24.5323
SYM3635,109.01,865.5227,0.9808,0.212,0.9517,27.2695,1658.1976,21.4935
SYM3636,83.98,1406.8994,1.0888,0.1621,0.9022,17.1851,2414.3643,15.3041
SYM3637,79.53,771.4359,1.1736,0.2599,0.96,25.6507,2219.3994,27.9191
SYM3638,139.89,865.9099,1.1186,0.1994,0.962,22.8812,2120.152,19.8065
SYM3639,99.8,671.5895,1.1078,0.1559,0.9316,13.518,1973.6969,14.4471
SYM3640,132.99,1827.2475,1.015,0.2635,0.8638,45.0333,1825.5757,28.5412
SYM3641,90.02,1309.5923,1.3096,0.2111,0.8529,25.8067,2409.476,22.0755
SYM3642,156.18,1612.9043,1.1753,0.1885,0.8981,27.5386,1874.6258,18.499
SYM3643,162.4,1471.7837,0.9479,0.2762,0.9348,50.5079,1539.9185,29.9781
SYM3644,89.9,1073.1035,1.0425,0.1975,0.9512,27.0247,1722.3038,19.5443
SYM3645,151.22,1604.0857,0.9143,0.1839,0.9402,28.9746,1376.8451,17.7342
SYM3646,88.05,1229.7498,1.1747,0.1945,0.9391,28.6797,2097.2108,19.1385
SYM3647,86.98,1009.0479,1.3815,0.1332,0.9313,16.4015,2779.8752,11.721
SYM3648,77.99,1296.4196,1.2151,0.1823,0.9097,24.0017,1693.5625,17.4777
SYM3649,125.01,2624.6712,0.9847,0.2476,0.7429,52.5688,1834.6965,25.9447
SYM3650,66.86,984.7352,1.0505,0.1594,0.943,18.4472,1992.5314,14.9175
SYM3651,120.93,1023.6947,1.053,0.1979,0.9569,22.2296,1994.0416,19.5197
SYM3652,94.98,1827.5391,1.1447,0.1101,0.8409,13.7036,2499.117,10.005
SYM3653,172.27,1302.5917,1.3313,0.2871,0.9033,29.9134,2708.6491,32.0554
SYM3654,133.0,3048.833,0.9094,0.2073,0.7932,21.1035,1995.8675,21.952
SYM3655,112.63,615.2742,1.0113,0.1612,0.9755,16.0376,1964.6607,14.6924
SYM3656,121.26,619.2486,1.4199,0.278,0.9503,21.8772,1850.2838,30.3857
SYM3657,120.01,1130.5832,1.3692,0.2108,0.9419,30.8394,1872.2767,21.35
SYM3658,178.21,500.01,1.0858,0.0647,0.9518,4.3882,3217.423,4.4722
SYM3659,165.99,1879.204,1.0157,0.1297,0.9017,26.057,1450.9191,11.5015
SYM3660,92.86,1438.0479,1.4375,0.2039,0.9076,21.5547,2418.206,21.1407
SYM3661,88.98,599.7834,1.2841,0.1583,0.9735,17.9349,2222.3489,14.4269
SYM3662,85.06,830.7515,1.3252,0.1443,0.9286,16.2501,2490.8211,13.3598
SYM3663,106.09,950.614,1.3741,0.2229,0.9607,30.2257,2170.5353,23.0814
SYM3664,97.11,805.5965,1.4533,0.1353,0.9569,12.6836,3361.8385,12.0495
SYM3665,90.01,1937.2973,1.3894,0.3021,0.8383,39.0748,2489.6315,34.6918
SYM3666,90.01,1074.9143,1.4096,0.1716,0.949,18.2514,2671.5156,16.2862
SYM3667,82.93,1651.4972,1.2025,0.1584,0.9313,23.8339,2287.8448,14.9102
SYM3668,100.0,1098.5844,1.5036,0.1124,0.9084,17.6944,2275.6242,9.4426
SYM3669,95.02,1474.3188,1.343,0.2032,0.9348,32.0619,2143.24,20.3453
SYM3670,172.27,754.0229,1.4172,0.1645,0.9384,13.1136,3076.894,16.101
SYM3671,110.62,914.2356,1.2739,0.094,0.9061,14.0297,2540.498,7.5201
SYM3672,113.0,2172.4859,1.459,0.1503,0.8811,22.3133,2787.3902,13.6927
SYM3673,105.54,821.0146,1.3228,0.1157,0.9548,17.0897,2478.837,9.6094
SYM3674,85.05,1329.7929,1.5993,0.3195,0.9033,22.7556,2933.8762,37.943
SYM3675,100.01,1678.518,1.462,0.1725,0.9385,28.2215,2910.655,16.6665
SYM3676,139.81,1795.1435,1.3398,0.1345,0.8792,23.3189,2246.3201,11.9829
SYM3677,90.05,1228.8741,1.3899,0.2158,0.9352,25.3784,2467.6045,22.4619
SYM3678,103.03,2553.5807,1.2944,0.0112,0.6239,1.2534,2517.4657,0.436
SYM3679,89.96,1512.2987,1.461,0.1259,0.8854,17.0753,2864.2479,11.4348
SYM3680,97.4,1698.0274,1.3796,0.1106,0.8565,18.753,2348.9312,9.5731
SYM3681,97.03,739.8497,1.2429,0.3484,0.9429,28.7348,2684.4879,41.8751
SYM3682,90.04,808.4951,1.4045,0.2043,0.9553,19.9185,3139.6784,20.4429
SYM3683,122.2,2145.1261,1.4349,0.1099,0.8621,22.1656,3149.7887,9.6771
SYM3684,109.0,1190.7314,0.9123,0.0882,0.6461,5.7079,2655.1458,8.0096
SYM3685,101.84,1099.0337,1.2384,0.1072,0.922,18.7702,2107.0547,8.8467
SYM3686,82.98,1383.7704,1.1713,0.1288,0.9391,25.6884,2442.749,11.5347
SYM3687,102.99,1484.8122,1.319,0.2514,0.8804,30.8125,2634.9163,27.0771
SYM3688,95.09,2054.2449,1.395,0.1929,0.7793,26.1055,2358.0531,19.8326
SYM3689,123.4,1613.1303,1.1095,0.1285,0.9441,24.5986,2389.7022,11.1114
SYM3690,93.06,1287.7749,1.4567,0.1326,0.9109,16.8733,3733.1982,11.776
SYM3691,94.84,1276.4003,1.0561,0.1075,0.8703,8.0794,3094.9843,9.6764
SYM3692,96.09,1736.8654,1.4227,0.1243,0.8987,15.4003,2808.315,10.9633
SYM3693,96.98,1766.1583,1.4551,0.1984,0.9108,24.4693,2808.7724,20.8462
SYM3694,102.98,2222.5,1.2596,0.2804,0.8755,39.8099,2064.2132,31.0953
SYM3695,94.98,1389.7235,1.2982,0.1229,0.9402,24.1249,2241.742,10.4013
SYM3696,91.95,1329.2966,1.1114,0.116,0.8816,15.2518,2003.3314,10.1419
SYM3697,96.94,1393.1168,1.3262,0.2158,0.8533,29.8744,2169.4102,22.8446
SYM3698,100.02,1746.2398,1.4608,0.1259,0.9315,23.5094,2822.9177,10.8313
SYM3699,103.49,994.3259,1.075,0.1103,0.9066,21.1044,2264.297,9.2284
SYM3700,112.98,1873.4803,1.1901,0.1511,0.9437,27.5758,2704.7892,13.8604
SYM3701,95.93,2485.1181,1.6596,0.2073,0.8389,26.4628,2956.8126,21.8407
SYM3702,86.0,2822.6573,1.3512,0.2107,0.8032,31.4653,2580.3375,21.879
SYM3703,97.97,2580.081,1.3422,0.2382,0.7779,37.9179,2318.9356,25.6413
SYM3704,101.86,1504.4448,1.3578,0.1393,0.868,15.9094,3031.7542,13.5445
SYM3705,94.0,860.5156,1.2786,0.2005,0.3972,18.2729,2881.5113,20.9942
SYM3706,94.92,1745.9912,1.3263,0.2503,0.8544,35.7427,2101.1578,27.2379
SYM3707,120.04,1563.0397,1.5027,0.2492,0.8202,32.6276,2523.9381,27.1786
SYM3708,84.77,1598.7316,1.3071,0.255,0.876,28.2736,2405.3316,27.8182
SYM3709,172.27,1478.4766,0.9893,0.0762,0.8262,6.4479,3356.4479,6.7436
SYM3710,151.27,1815.3449,1.3909,0.2244,0.8683,28.6965,2369.3528,24.5568
SYM3711,102.93,1835.9365,1.4316,0.191,0.8843,22.9752,3144.5569,19.4306
SYM3712,117.32,1400.2018,1.5376,0.1487,0.9036,17.4271,3354.6217,14.3071
SYM3713,105.54,821.0146,1.3228,0.1157,0.9548,17.0897,2478.837,9.6094
SYM3714,110.03,674.6062,1.2906,0.2479,0.9696,26.6066,2384.8576,26.3881
SYM3715,85.77,1384.6688,1.4362,0.1714,0.877,20.0777,3701.582,17.4955
SYM3716,99.99,1687.0354,1.5392,0.1822,0.887,19.0816,3624.5878,19.0135
SYM3717,92.27,928.5159,0.8784,0.0682,0.7325,8.1326,1860.6166,5.7764
SYM3718,104.94,1563.2011,1.2038,0.2384,0.8801,37.3063,2085.8982,25.9358
SYM3719,162.04,700.0583,1.2307,0.2405,0.9125,21.734,2511.6205,26.1163
SYM3720,82.41,1041.0265,1.266,0.2457,0.8651,27.2137,2425.7485,27.087
SYM3721,126.79,1052.9329,1.276,0.3087,0.8886,32.2549,3052.6242,35.4402
SYM3722,144.17,2501.3372,1.3317,0.0842,0.684,11.8211,2116.5058,7.1421
SYM3723,120.07,1095.1682,1.5376,0.1806,0.9254,16.2869,2925.4942,17.7298
SYM3724,133.01,1510.9431,1.3943,0.2987,0.9365,32.5637,3053.1194,34.0068
SYM3725,144.35,2735.0022,1.249,0.0641,0.6084,9.2644,1890.68,5.2624
SYM3726,105.94,1091.3062,1.4733,0.2602,0.8911,25.0401,3145.6062,28.4185
SYM3727,122.01,1109.536,1.1535,0.3256,0.8998,38.496,2409.865,38.2558
SYM3728,79.81,1369.6695,1.3009,0.3205,0.8478,33.4908,2579.6961,37.7132
SYM3729,124.25,1822.0717,1.6663,0.2643,0.8656,36.7003,2825.6676,29.2381
SYM3730,96.02,1004.1866,1.3103,0.2874,0.9285,31.6108,2653.5636,32.4705
SYM3731,104.91,1626.5963,1.4142,0.1648,0.8971,20.2631,2552.6071,16.1785
SYM3732,108.03,1796.4995,1.5435,0.2711,0.9085,29.2426,2238.9084,30.1856
SYM3733,99.94,1476.7852,0.9118,0.0273,0.6934,6.5177,1186.555,1.3867
SYM3734,128.56,1136.7593,1.2974,0.2652,0.9343,26.1041,2032.09,29.1572
SYM3735,133.99,1640.1833,1.1958,0.2174,0.9216,32.1725,2067.2105,22.8997
SYM3736,101.96,1114.9609,1.1696,0.2879,0.9026,30.0445,2126.3541,32.9039
SYM3737,128.63,578.8194,1.0826,0.3309,0.9353,28.5127,3098.8448,39.3744
SYM3738,139.18,1778.8876,1.2397,0.1807,0.802,21.3174,1906.6495,18.9825
SYM3739,139.17,1268.6578,1.1752,0.2277,0.9059,28.3531,2190.91,24.3728
SYM3740,140.0,1940.3675,1.2853,0.2335,0.8747,23.3385,2577.5685,25.2826
SYM3741,129.0,999.0763,1.1529,0.2239,0.917,18.2815,2463.6741,24.6509
SYM3742,90.92,805.7532,1.1469,0.2521,0.9329,19.8017,2933.6712,28.12
SYM3743,99.95,1105.0089,1.2126,0.2763,0.9343,27.9999,2493.7524,31.1046
SYM3744,162.09,931.9602,1.2928,0.3143,0.8994,28.0893,2565.936,36.8135
SYM3745,104.31,1701.3937,1.4236,0.2182,0.8986,27.4616,2218.75,22.992
SYM3746,164.75,2011.6545,1.4145,0.2385,0.9004,24.8917,2556.0114,25.839
SYM3747,99.95,2032.0844,1.3804,0.295,0.8675,27.9936,2103.6449,34.0234
SYM3748,133.95,1112.2658,1.3265,0.3233,0.9245,23.9714,2789.0163,37.9236
SYM3749,155.42,1835.84,1.2194,0.2314,0.916,25.905,1767.2372,24.6522
SYM3750,125.16,2065.4947,1.2672,0.1926,0.8163,22.9769,1686.0119,20.6178
SYM3751,172.27,2313.4206,1.0898,0.168,0.8364,31.1003,1478.3415,16.6341
SYM3752,132.88,1146.5178,1.1346,0.2512,0.8666,26.153,2532.9074,28.075
SYM3753,129.82,1271.0288,1.2371,0.3532,0.8587,34.2159,2147.303,42.6357
SYM3754,135.32,1908.3179,1.2923,0.2124,0.8178,18.8471,2199.8383,22.9021
SYM3755,151.13,1989.8183,1.2752,0.2303,0.8828,27.776,1972.2609,24.4624
SYM3756,111.79,1105.6993,1.1748,0.2534,0.9428,30.0506,2119.9651,27.5242
SYM3757,119.97,1392.2358,1.4294,0.2105,0.9505,20.3946,2582.4641,21.5593
SYM3758,139.02,1374.5166,1.3222,0.2408,0.8519,26.059,2189.2538,26.628
SYM3759,139.89,1735.0233,1.2793,0.2211,0.8996,26.375,1759.7037,22.81
SYM3760,129.09,1593.9928,1.2756,0.2341,0.8986,28.7443,1887.4917,25.1771
SYM3761,113.05,1360.0922,1.4185,0.2283,0.878,24.7605,2562.8462,25.1384
SYM3762,161.72,1801.5799,1.101,0.2232,0.8777,30.0488,2009.6503,23.5493
SYM3763,128.64,1307.8012,1.3359,0.2403,0.8785,20.8449,2630.8345,26.6477
SYM3764,131.05,1398.9981,1.2358,0.1534,0.8707,16.6612,2054.3209,14.9451
SYM3765,81.12,1983.8572,1.4038,0.2657,0.9028,25.0003,2623.5779,29.5593
SYM3766,134.86,1412.3568,1.1322,0.2431,0.8764,26.0362,2262.316,27.3627
SYM3767,162.03,1481.5905,1.3593,0.1979,0.9366,22.6428,1806.4881,20.0503
SYM3768,89.72,1661.4372,1.4453,0.2674,0.8534,23.7319,2606.5379,31.3415
SYM3769,94.94,1115.5977,1.3008,0.1428,0.9447,12.9923,2344.8148,13.2904
SYM3770,161.69,1060.2512,1.105,0.2322,0.9338,26.1988,2143.1108,24.5737
SYM3771,150.3,1274.3239,1.2732,0.2445,0.9235,25.0395,2515.3407,26.9635
SYM3772,89.85,1695.9378,1.3559,0.2293,0.8603,23.5531,2228.7404,25.6346
SYM3773,129.55,1421.2248,1.1828,0.1244,0.9012,17.1349,2152.9581,11.0504
SYM3774,97.25,1618.5985,1.3743,0.1968,0.8556,18.6612,2634.5855,21.2345
SYM3775,101.95,1520.7692,1.5487,0.2871,0.866,25.7165,2128.5602,32.85
SYM3776,95.87,1891.3433,1.2853,0.2485,0.9048,29.0904,2402.6204,27.5124
SYM3777,128.03,1292.4912,1.3469,0.223,0.8872,23.1375,2516.0619,24.288
SYM3778,103.83,1304.5064,1.3061,0.2493,0.9288,30.1537,2377.6071,27.2623
SYM3779,108.13,1427.3872,1.2706,0.2031,0.8645,23.0097,2011.0868,21.0548
SYM3780,115.92,1829.8234,1.326,0.2181,0.8955,25.756,2405.789,23.8431
SYM3781,172.27,1462.2801,1.2594,0.2537,0.9288,29.076,1601.0064,27.221
SYM3782,139.91,1844.8909,1.2762,0.2159,0.8665,27.7341,2140.0385,22.9306
SYM3783,98.93,1636.8159,1.2155,0.2502,0.8954,34.4018,2162.7789,27.6232
SYM3784,132.8,1165.6879,1.051,0.2277,0.9394,32.6194,2139.9106,23.9754
SYM3785,161.8,1220.3481,1.1258,0.1931,0.9061,24.4019,2158.9391,20.0825
SYM3786,134.03,1222.7839,1.3654,0.2426,0.9004,22.1373,2313.8789,26.2187
SYM3787,128.06,1067.692,1.2236,0.2621,0.9298,27.1368,2635.746,29.1138
SYM3788,90.03,1468.1225,1.4653,0.2337,0.9484,21.9895,2346.1023,25.274
SYM3789,89.98,1182.9995,1.1506,0.189,0.9332,23.7372,1814.2244,19.9816
SYM3790,142.53,1081.3416,1.0279,0.1786,0.899,23.2309,1686.7493,17.9061
SYM3791,139.83,1448.8899,1.5662,0.2481,0.9244,23.6639,2720.9947,26.9309
SYM3792,120.81,1687.1018,1.2,0.2476,0.8949,32.7731,2378.577,27.5772
SYM3793,125.1,1707.9448,1.2341,0.254,0.913,26.9534,2153.1866,28.3673
SYM3794,97.91,1588.8043,1.3041,0.2208,0.9225,29.0021,2339.0366,23.4976
SYM3795,133.93,1369.5213,1.1858,0.2905,0.9105,29.955,2118.5784,32.8111
SYM3796,139.36,1722.8557,1.2137,0.144,0.8958,20.7346,1814.491,13.2731
SYM3797,90.01,1732.706,1.5571,0.2164,0.8342,21.6123,2204.8682,23.1996
SYM3798,75.47,1379.5061,1.3073,0.2631,0.9,25.4224,1906.2945,29.3936
SYM3799,89.93,1434.1545,1.298,0.2383,0.9043,29.2185,2108.5949,25.7199
SYM3800,125.04,1473.6048,1.1222,0.2412,0.9024,29.2387,1691.96,25.5994
SYM3801,135.97,1923.6295,1.4731,0.1832,0.8723,21.8243,2074.1367,18.5046
SYM3802,147.93,1391.0719,1.2761,0.1937,0.9273,24.2066,2117.243,19.4965
SYM3803,95.96,1182.7326,1.2053,0.2385,0.9385,27.6302,2124.711,26.1028
SYM3804,82.54,1633.233,1.2059,0.2426,0.9248,33.7189,1507.206,25.7471
SYM3805,89.94,977.7273,1.1091,0.2082,0.9435,26.7221,2171.8675,21.9237
SYM3806,112.78,1511.9816,1.291,0.3064,0.9027,28.0772,2076.4092,35.6235
SYM3807,135.83,1223.5093,1.2334,0.2205,0.9404,25.1508,2009.9793,23.4423
SYM3808,83.08,1297.0556,1.2935,0.2294,0.9595,22.7903,1917.8828,23.812
SYM3809,90.0,1183.0447,1.1666,0.2249,0.9251,23.9993,2206.5053,24.1991
SYM3810,163.25,2166.3842,1.2282,0.2004,0.8461,31.1305,1399.2535,20.2625
SYM3811,136.04,1366.7425,1.2668,0.2451,0.9153,27.2728,2405.3569,26.886
SYM3812,119.97,2043.8161,1.1804,0.2935,0.7411,33.7897,1824.7184,33.8673
SYM3813,92.94,1818.9494,1.2888,0.1925,0.9083,28.923,1728.1215,19.1543
SYM3814,105.97,1644.4902,1.3436,0.2275,0.9062,20.3511,2177.6215,24.2956
SYM3815,83.84,888.4113,1.2516,0.2501,0.9361,21.6899,2318.2239,27.5333
SYM3816,106.98,1389.3653,1.3402,0.2095,0.9236,27.0257,2220.623,22.0708
SYM3817,106.975,1551.01855,1.2571,0.2297,0.88245,27.330849999999998,2241.1574499999997,24.66685
SYM3818,106.7,1299.9651,1.4744,0.3049,0.9077,27.553,2474.5577,35.6791
SYM3819,90.0,1300.4734,1.1178,0.2274,0.9117,27.5625,2046.5847,24.309
SYM3820,139.91,1844.8909,1.2762,0.2159,0.8665,27.7341,2140.0385,22.9306
SYM3821,136.09,1584.4653,1.2692,0.2161,0.8959,26.6406,1987.2766,23.4455
SYM3822,119.69,1759.5896,1.1795,0.2487,0.8533,35.4259,1574.324,26.5333
SYM3823,161.67,1206.7333,1.1883,0.2118,0.9474,26.4728,1999.6236,22.0884
SYM3824,155.02,1976.7997,1.3128,0.1998,0.8481,22.9254,2240.4341,21.0522
SYM3825,87.78,2241.6409,1.1801,0.1931,0.829,29.0589,1470.8188,19.4137
SYM3826,164.04,1219.9464,1.3871,0.2476,0.9064,19.798,2464.751,27.6045
SYM3827,129.75,1562.9074,1.1667,0.1315,0.8396,17.5363,2224.3814,12.7114
SYM3828,153.53,1151.6409,1.1452,0.1528,0.9288,14.7452,2631.8033,15.4731
SYM3829,142.47,1498.9411,1.2999,0.2179,0.8693,21.3511,2632.59,24.1657
SYM3830,129.8,1378.2012,1.294,0.2676,0.8741,27.957,1921.5026,29.1441
SYM3831,90.01,1708.9464,1.2377,0.2795,0.8194,33.0898,1655.7541,31.571
SYM3832,85.99,1824.1569,1.2221,0.2226,0.8674,28.9546,1804.1944,23.6621
SYM3833,125.02,2033.6617,1.3095,0.2699,0.878,27.29,2612.2,31.448
SYM3834,104.76,1892.0722,1.2574,0.2158,0.8844,30.8517,1497.1561,22.0526
SYM3835,70.87,3128.4161,1.3308,0.1396,0.8056,20.6991,1985.5286,13.4437
SYM3836,129.58,1688.4831,1.3645,0.1713,0.8776,16.5424,2369.8473,17.9092
SYM3837,140.01,1197.6035,1.1876,0.2829,0.9201,31.4433,1599.7175,31.2143
SYM3838,172.27,2477.3465,1.2123,0.1842,0.8045,26.5307,1370.987,18.7637
SYM3839,151.13,1989.8183,1.2752,0.2303,0.8828,27.776,1972.2609,24.4624
SYM3840,143.93,2115.1948,1.2323,0.2171,0.8731,35.4724,1457.7724,22.2
SYM3841,84.97,2455.7521,1.26,0.2465,0.8682,35.9575,1552.102,26.3151
SYM3842,89.89,1644.1353,1.1059,0.2632,0.8822,34.6015,1673.928,28.9636
SYM3843,95.84,1942.7826,1.3179,0.2753,0.9511,36.7838,1741.9474,29.8477
SYM3844,117.53,1661.7613,1.3078,0.2516,0.912,28.0823,1513.9771,26.7476
SYM3845,115.78,1681.8323,1.2645,0.2424,0.8794,33.8461,1774.0508,25.9821
SYM3846,114.75,1881.2143,1.3537,0.2202,0.8262,28.1001,1715.7093,23.226
SYM3847,139.92,2026.6481,1.2437,0.2188,0.9127,33.6822,1510.5007,22.2686
SYM3848,139.83,1717.7141,1.2773,0.2516,0.9117,26.6355,2153.319,26.988
SYM3849,156.12,1795.4247,1.3322,0.218,0.8688,26.316,1768.1578,22.839
SYM3850,82.46,1620.3314,1.1527,0.2231,0.8622,29.2878,1568.4105,23.8695
SYM3851,132.31,1534.0601,1.2781,0.2008,0.8926,18.6536,1947.1738,20.6397
SYM3852,83.97,1839.3706,1.2736,0.2459,0.8957,29.651,1540.0546,26.127
SYM3853,88.61,1504.7948,1.1493,0.2668,0.8841,32.8863,1830.6341,30.0601
SYM3854,89.89,1660.0571,1.4686,0.2749,0.9239,28.3485,1908.2255,30.1156
SYM3855,123.74,1856.4117,1.2355,0.2739,0.8799,37.357,1633.7078,30.0707
SYM3856,151.99,3518.632,1.2053,0.2136,0.7881,34.807,1733.8771,22.2424
SYM3857,78.89,2294.113,1.3239,0.2278,0.8611,36.8977,1571.7356,23.7227
SYM3858,89.69,1473.3314,1.2584,0.0908,0.9253,15.0708,2035.0805,7.1387
SYM3859,150.45,1302.3832,1.2121,0.2726,0.8382,35.1843,1896.3675,29.7309
SYM3860,133.06,1361.1735,1.3508,0.0939,0.8586,8.6871,1909.7616,7.7683
SYM3861,163.61,1040.7543,1.2553,0.0867,0.9488,10.5694,1788.1324,6.7072
SYM3862,101.54,932.4342,1.4022,0.2248,0.9623,18.2782,2823.5143,23.8441
SYM3863,84.87,1430.3898,1.3208,0.1053,0.8839,8.4962,2347.4145,8.8561
SYM3864,129.34,666.8406,1.3156,0.1848,0.966,14.3784,2168.0772,17.6975
SYM3865,139.67,1283.3789,1.286,0.0802,0.8454,9.3433,1946.8647,6.5112
SYM3866,106.975,1551.01855,1.2571,0.2297,0.88245,27.330849999999998,2241.1574499999997,24.66685
SYM3867,93.85,2550.6328,1.4701,0.1134,0.8646,14.2941,2345.9274,9.7389
SYM3868,133.53,1376.9292,1.4445,0.1468,0.8951,12.4542,2062.0338,13.7226
SYM3869,94.99,2436.7964,1.2921,0.2981,0.8385,48.228,2115.8258,33.8941
SYM3870,78.13,1285.4334,1.102,0.255,0.9556,39.5753,2157.269,27.195
SYM3871,79.03,2627.1667,1.2101,0.2074,0.9257,46.9586,2194.4869,21.0323
SYM3872,140.01,1608.8324,1.2811,0.2074,0.8883,35.3028,1998.2785,20.7717
SYM3873,126.96,2403.2483,1.199,0.2191,0.9012,40.8452,2435.8635,22.5385
SYM3874,107.02,1501.8716,1.3669,0.2104,0.8864,28.6618,2491.4981,22.5716
SYM3875,95.99,1111.6335,1.2428,0.1074,0.9341,16.7243,2597.156,8.6364
SYM3876,129.92,1894.3733,1.2369,0.2156,0.8708,32.5674,1986.1131,22.4974
SYM3877,99.98,1666.0342,1.1545,0.1889,0.9353,35.3036,2290.4081,18.6349
SYM3878,143.92,1443.8827,1.1761,0.2556,0.9664,41.0044,2367.4262,27.5094
SYM3879,114.92,1628.0375,1.2235,0.166,0.925,30.9559,2185.164,16.0465
SYM3880,91.94,1017.5005,1.3081,0.0319,0.8358,5.4695,2298.2221,1.7113
SYM3881,112.57,791.0412,1.1145,0.1575,0.9298,17.4943,2450.4473,15.0361
SYM3882,109.95,1625.1884,1.3527,0.2469,0.866,33.0912,2030.0957,26.7654
SYM3883,125.75,1628.3426,1.3363,0.2312,0.9231,32.9345,2019.4808,24.4019
SYM3884,96.97,1774.1696,1.2369,0.1852,0.9226,36.6001,2468.7623,18.1042
SYM3885,99.01,2067.2033,1.4428,0.1671,0.8724,24.0171,2232.3624,16.2026
SYM3886,139.99,1385.1088,1.2174,0.0563,0.8233,12.2891,2087.1509,3.7229
SYM3887,91.96,1537.1211,1.1783,0.233,0.926,35.0506,1858.065,24.2761
SYM3888,133.94,1044.5415,1.2994,0.2586,0.9608,27.8124,2528.7899,28.2689
SYM3889,99.03,1910.2983,1.3754,0.0718,0.8349,13.4597,1999.3288,5.0392
SYM3890,101.97,1041.3394,1.2607,0.2611,0.9149,38.6744,2467.7716,28.1952
SYM3891,104.78,1302.3558,1.1003,0.2321,0.9324,39.0786,2054.9128,24.2852
SYM3892,98.98,1099.5073,1.3668,0.2534,0.9117,32.6742,2287.6525,27.5804
SYM3893,98.03,1231.687,1.4104,0.2253,0.8795,21.0947,2813.2754,24.1038
SYM3894,114.89,1910.2264,1.3438,0.1441,0.8713,26.5481,1993.0053,13.0593
SYM3895,172.27,2047.944,1.3041,0.2248,0.9155,40.4679,2958.2382,23.8875
SYM3896,140.0,1466.7223,1.1187,0.1092,0.9107,21.8867,2444.147,8.9598
SYM3897,166.13,1403.7122,1.2318,0.2423,0.9418,34.4355,2781.0107,26.0138
SYM3898,89.99,1442.7626,1.2203,0.3128,0.7823,36.6399,2167.8706,36.9324
SYM3899,156.38,2735.8807,1.2804,0.192,0.8705,40.8213,2564.1874,19.4129
SYM3900,161.65,1965.8268,1.3268,0.1761,0.8723,29.7707,2726.9381,17.5935
SYM3901,104.04,1718.6798,1.2055,0.0892,0.8841,17.6727,2307.2845,6.8095
SYM3902,117.79,1938.5533,1.2429,0.0679,0.8632,15.738,2157.9086,4.7633
SYM3903,136.07,1701.7547,1.1765,0.2115,0.9097,41.8883,2197.8331,21.9185
SYM3904,101.96,1234.2507,1.2638,0.2438,0.9356,27.6683,2350.2117,25.8961
SYM3905,103.96,840.3137,1.3753,0.062,0.865,9.5018,2384.4817,4.1637
SYM3906,164.07,989.8373,1.1088,0.2094,0.9145,27.4925,2071.9737,21.5424
SYM3907,101.97,2308.3941,0.977,0.1138,0.8432,28.9984,1893.83,10.3348
SYM3908,117.68,1382.6687,1.2124,0.0697,0.933,13.6853,2170.7076,4.8489
SYM3909,99.96,1787.8668,1.2238,0.0453,0.8435,10.5671,1915.0238,2.7747
SYM3910,139.72,1810.0522,1.317,0.189,0.9156,35.4821,2112.0191,18.7877
SYM3911,109.99,2349.4059,1.2216,0.1893,0.9016,42.9928,2376.6425,18.6724
SYM3912,150.96,2398.1033,1.353,0.2403,0.7078,38.8656,2202.2833,26.0297
SYM3913,114.86,1451.2828,1.1009,0.1994,0.921,35.5821,2198.4211,19.9118
SYM3914,161.71,1601.3184,1.4423,0.2522,0.8435,29.5599,2514.4753,27.8738
SYM3915,164.07,1734.3079,1.1347,0.2552,0.9005,43.8231,2016.9063,27.3819
SYM3916,107.99,2090.6177,1.2676,0.2307,0.7511,38.2418,1948.3174,25.3376
SYM3917,103.81,1428.9426,1.3334,0.3002,0.837,41.2024,2629.591,34.2626
SYM3918,90.0,2492.3645,1.635,0.1949,0.6914,26.8118,3027.1086,21.2906
SYM3919,96.01,1174.8441,1.0996,0.0563,0.8565,14.6105,1620.7516,3.7187
SYM3920,92.83,2420.8847,1.4667,0.1804,0.8488,32.3968,2228.3902,17.7772
SYM3921,117.76,1435.2792,1.3084,0.0361,0.7874,6.4968,2185.1964,2.0424
SYM3922,126.99,1420.1197,1.1726,0.0757,0.8774,15.9682,1865.3011,5.4422
SYM3923,97.99,1007.5397,1.4017,0.2673,0.8876,27.3535,2651.4139,29.892
SYM3924,93.99,3197.3739,1.5998,0.1922,0.7454,32.2731,2278.9907,19.5978
SYM3925,86.0,2007.7212,1.3999,0.2072,0.8984,33.6969,2361.7989,21.2078
SYM3926,129.73,1819.2288,1.2807,0.2086,0.8704,36.5945,2087.8607,21.7155
SYM3927,137.19,1497.3018,1.2452,0.17,0.9093,31.0019,2297.7847,16.4084
SYM3928,80.13,2035.7113,1.3227,0.0781,0.83,13.418,2226.5833,5.8617
SYM3929,87.51,2751.2782,1.2182,0.1274,0.8068,21.1547,2620.3034,11.5695
SYM3930,94.02,2302.0003,1.2585,0.1649,0.9118,33.1678,2623.4126,15.7258
SYM3931,112.49,1360.8665,1.2664,0.168,0.9007,28.4926,2441.8744,15.8294
SYM3932,72.98,1075.002,1.1049,0.2366,0.967,33.366,2667.2055,24.6244
SYM3933,94.95,1406.1002,1.2778,0.2826,0.8898,36.0192,2265.518,31.6772
SYM3934,105.0,1677.7699,1.1287,0.1518,0.8696,22.8606,2004.0637,15.2443
SYM3935,117.81,2174.7861,1.3808,0.2254,0.7968,38.2532,1982.0454,23.925
SYM3936,151.08,1517.1201,1.3017,0.2897,0.7704,42.0848,2246.4689,32.6962
SYM3937,107.04,1646.0283,1.3745,0.2358,0.8935,34.2004,2142.0348,24.8443
SYM3938,126.98,1275.0437,1.0878,0.2737,0.9206,42.7165,2319.502,30.2607
SYM3939,95.14,1896.8462,1.3133,0.2428,0.8166,38.5635,1918.51,25.9854
SYM3940,104.85,1247.4063,1.3184,0.2793,0.8765,33.245,2428.6481,31.7914
SYM3941,104.98,1716.5815,1.5509,0.2483,0.8303,25.2942,2897.4844,27.6299
SYM3942,95.93,1041.4228,1.1742,0.1863,0.9113,23.6097,2582.0314,18.6677
SYM3943,96.02,2733.5178,1.4715,0.212,0.694,33.2401,2252.5471,22.5978
SYM3944,98.07,2628.3796,1.398,0.2205,0.7748,36.0209,2203.1606,23.4335
SYM3945,99.06,1404.8862,1.3445,0.1497,0.95,21.6321,2353.2458,13.6927
SYM3946,71.37,1033.5009,1.304,0.0603,0.8739,7.7318,2114.0233,4.066
SYM3947,102.79,1626.2773,1.2595,0.194,0.8955,28.2228,2100.7232,20.1177
SYM3948,107.05,2212.9278,1.2057,0.1913,0.776,34.8723,1872.6796,19.3897
SYM3949,95.99,1567.9272,1.3521,0.2596,0.901,36.9626,2359.2597,28.3725
SYM3950,101.88,1842.0638,1.1766,0.238,0.889,46.7613,1321.7705,24.6361
SYM3951,166.37,1970.4658,1.1502,0.2621,0.9147,45.9255,2512.2855,28.2738
SYM3952,146.02,1379.6003,1.1563,0.0613,0.8253,12.7234,2097.5671,4.2155
SYM3953,89.93,2522.8202,1.463,0.2213,0.7515,36.5705,2104.0649,23.3822
SYM3954,99.85,1113.1546,1.2507,0.2787,0.8911,41.3427,2263.0148,31.06
SYM3955,128.09,2047.0122,1.5933,0.2488,0.8102,34.5179,2186.3167,26.8918
SYM3956,150.05,1680.6558,1.2764,0.2131,0.8881,27.6424,2212.9884,22.6336
SYM3957,90.99,1959.3089,1.6437,0.2757,0.7989,30.6314,2558.6669,31.0129
SYM3958,85.01,2059.1148,1.4423,0.1956,0.8133,31.749,2240.9381,19.8307
SYM3959,99.93,1186.4514,1.1835,0.2274,0.8621,33.076,1929.7075,24.5333
SYM3960,89.41,1219.7829,1.2228,0.3275,0.8343,44.7196,2456.9286,38.6008
SYM3961,150.91,1744.2534,1.3048,0.2341,0.8997,40.9764,2640.2681,24.7548
SYM3962,132.97,1914.9664,1.4179,0.2546,0.8297,29.3618,2181.702,28.1756
SYM3963,93.98,2377.0036,1.3777,0.0449,0.7749,7.8977,2558.6582,2.7897
SYM3964,104.98,3084.841,1.5303,0.2921,0.6261,37.1494,2591.4215,33.9507
SYM3965,101.03,2494.2909,1.2484,0.2069,0.8891,41.4223,2120.8207,20.7913
SYM3966,125.96,1416.5794,1.3467,0.0627,0.8441,8.1848,2330.6977,4.3607
SYM3967,89.93,1943.6886,1.3464,0.2796,0.7869,37.9062,2180.4036,32.1334
SYM3968,82.97,2018.5686,1.4486,0.1578,0.911,25.2797,2624.8931,15.2745
SYM3969,107.98,697.8745,1.4583,0.3295,0.9358,26.1445,3027.1165,39.7323
SYM3970,110.0,1432.2376,1.4962,0.2089,0.9428,25.0989,2543.1721,21.6835
SYM3971,94.93,2148.4397,1.4135,0.2322,0.7896,37.3691,2339.8321,24.9645
SYM3972,103.95,1871.5498,1.1381,0.2253,0.8647,35.819,2181.3206,24.0944
SYM3973,73.97,1470.3015,1.092,0.2684,0.9017,45.5601,2075.4123,29.8168
SYM3974,90.87,1307.9719,1.2569,0.2425,0.9243,34.3588,2340.5866,26.0413
SYM3975,98.97,1140.0792,1.3497,0.2399,0.9459,29.5449,2297.1742,25.4193
SYM3976,94.97,1724.7333,1.4014,0.1906,0.8872,19.7603,2866.3176,19.5443
SYM3977,140.02,2089.311,1.2324,0.254,0.811,39.7788,2011.638,27.9876
SYM3978,165.02,1181.7348,1.3241,0.2179,0.8902,20.2481,2363.6472,23.1711
SYM3979,116.75,3698.5768,1.3534,0.2014,0.7924,38.2078,2219.8436,20.3426
SYM3980,125.8,1059.1367,0.8761,0.1209,0.8848,12.449,1506.9987,12.1483
SYM3981,87.96,932.8786,1.6545,0.2332,0.8681,16.0124,2916.4937,24.7937
SYM3982,109.89,2057.2329,1.3462,0.2229,0.764,37.7007,1733.2544,23.4236
SYM3983,100.02,2278.0988,1.492,0.2368,0.8191,40.1062,1834.0947,25.0422
SYM3984,172.27,1784.0287,1.3616,0.2163,0.9229,31.1056,2166.4024,22.4988
SYM3985,93.08,527.7691,1.3755,0.2792,0.9662,25.9881,2434.3235,30.9273
SYM3986,99.97,2108.4998,1.4616,0.114,0.8429,21.25,2864.7378,9.8109
SYM3987,102.02,1662.8599,1.313,0.2271,0.9184,33.1953,2960.4721,24.0799
SYM3988,117.19,2811.7542,1.0365,0.1019,0.7007,21.603,1343.3107,8.8781
SYM3989,95.0,1459.2554,1.4739,0.2059,0.8847,22.8789,2983.8124,21.3918
SYM3990,106.48,1751.1472,1.3075,0.1377,0.3089,32.768,1913.8575,12.8101
SYM3991,122.94,1098.3491,0.9171,0.1501,0.8538,16.5671,1112.5414,13.7272
SYM3992,94.97,2198.1315,1.0463,0.1591,0.7459,24.4842,1109.0318,14.967
SYM3993,172.27,1401.4734,1.2254,0.1399,0.8821,21.9408,2872.1432,13.7102
SYM3994,125.96,1416.5794,1.3467,0.0627,0.8441,8.1848,2330.6977,4.3607
SYM3995,95.97,2126.8179,1.2712,0.2323,0.8497,38.2285,2328.6946,25.2629
SYM3996,97.82,1086.6671,1.1895,0.0501,0.8454,7.8668,2304.62,3.2697
SYM3997,90.99,1959.3089,1.6437,0.2757,0.7989,30.6314,2558.6669,31.0129
SYM3998,95.78,1324.9374,0.9267,0.1137,0.8661,18.7593,1520.4384,9.768
SYM3999,89.06,1114.5546,1.279,0.041,0.8335,5.5563,2871.2592,2.6447
SYM4000,90.87,1307.9719,1.2569,0.2425,0.9243,34.3588,2340.5866,26.0413
SYM4001,90.92,1277.0858,1.3498,0.1034,0.8192,14.0564,2137.0894,8.664
SYM4002,87.98,1525.2525,1.5475,0.0434,0.812,4.3562,2430.7848,2.9003
SYM4003,71.37,1033.5009,1.304,0.0603,0.8739,7.7318,2114.0233,4.066
SYM4004,81.9,743.064,1.168,0.0498,0.9336,8.3039,2432.8578,3.1211
SYM4005,172.27,379.1567,0.9299,0.0449,0.9243,4.1495,2339.6715,3.0069
SYM4006,87.96,932.8786,1.6545,0.2332,0.8681,16.0124,2916.4937,24.7937
SYM4007,172.27,803.8583,1.0261,0.0729,0.9217,8.4877,2820.6013,5.7309
SYM4008,106.89,1352.4614,1.3503,0.0913,0.8673,13.6354,2638.5143,7.4309
SYM4009,91.89,1838.4811,1.49,0.0408,0.7095,5.8519,2777.2696,2.6505
SYM4010,92.0,1583.2336,1.1014,0.0372,0.78,9.6914,2384.8265,2.4012
SYM4011,91.99,1905.8922,1.3947,0.2625,0.8791,35.3028,2282.2841,28.6214
SYM4012,93.95,1614.577,1.6065,0.0463,0.2306,6.2907,3381.1573,3.1518
SYM4013,89.99,1108.2747,1.3433,0.1011,0.9204,14.9782,2534.7282,8.3585
SYM4014,94.97,1724.7333,1.4014,0.1906,0.8872,19.7603,2866.3176,19.5443
SYM4015,94.98,1239.5628,1.2578,0.0499,0.8281,7.843,2047.1682,3.2441
SYM4016,101.98,1070.5884,1.2778,0.1283,0.93,22.5295,2416.0466,10.8587
SYM4017,110.0,1432.2376,1.4962,0.2089,0.9428,25.0989,2543.1721,21.6835
SYM4018,172.27,1288.7562,1.5038,0.0424,0.7206,5.8067,3361.9065,2.8138
SYM4019,114.98,2319.6943,1.0532,0.0539,0.8055,19.1199,1266.6102,3.5754
SYM4020,98.95,1154.1465,1.4374,0.0585,0.8756,9.3719,2295.9393,3.9404
SYM4021,99.98,2009.0917,1.2968,0.1676,0.9407,34.1957,1972.8181,15.5609
SYM4022,84.58,1783.642,1.1806,0.2415,0.8716,38.3084,1751.2562,25.7451
SYM4023,97.09,1343.7287,1.282,0.0411,0.372,6.0215,2023.5728,2.677
SYM4024,102.02,1662.8599,1.313,0.2271,0.9184,33.1953,2960.4721,24.0799
SYM4025,126.04,1039.3748,1.4118,0.0466,0.7214,5.0135,2425.7856,3.0199
SYM4026,94.93,944.2293,1.46,0.0549,0.7861,4.961,3149.133,3.7645
SYM4027,99.94,1753.1191,1.1362,0.0212,0.7809,4.1381,1910.9536,1.0063
SYM4028,92.0,1166.5018,1.196,0.1021,0.8845,14.9407,2343.4131,8.5315
SYM4029,100.0,1042.0092,1.4688,0.0499,0.8094,5.3888,2788.2713,3.2344
SYM4030,103.94,1411.2403,1.5566,0.2305,0.2564,28.7942,2442.9601,24.488
SYM4031,93.81,1394.3018,1.2593,0.1446,0.9119,19.7505,2580.0984,13.8412
SYM4032,97.04,853.552,1.0907,0.0505,0.9048,6.0303,2357.2939,3.3009
SYM4033,164.07,989.8373,1.1088,0.2094,0.9145,27.4925,2071.9737,21.5424
SYM4034,71.43,1451.0408,1.4027,0.121,0.9365,17.5167,2316.6367,10.1399
SYM4035,112.57,791.0412,1.1145,0.1575,0.9298,17.4943,2450.4473,15.0361
SYM4036,125.96,1416.5794,1.3467,0.0627,0.8441,8.1848,2330.6977,4.3607
SYM4037,91.99,1376.0331,1.1938,0.1942,0.9444,28.0808,2023.5376,19.2831
SYM4038,116.98,2647.2001,1.1234,0.1374,0.2586,39.8856,2225.0644,12.28
SYM4039,91.62,1641.8586,1.0841,0.0279,0.6986,5.3469,1507.2795,1.5814
SYM4040,93.88,3223.1912,1.1347,0.0389,0.7841,8.7662,1611.8163,2.2524
SYM4041,103.92,1501.4978,1.3053,0.1945,0.9021,31.7169,2671.4609,19.8455
SYM4042,120.03,1463.3582,1.2243,0.1729,0.8811,25.0231,2081.7728,17.1834
SYM4043,184.57,1040.1946,1.2931,0.102,0.8827,11.7635,3113.5121,8.5489
SYM4044,95.98,1345.9075,1.6292,0.1461,0.9039,13.3765,3280.2146,14.1779
SYM4045,125.98,1883.7634,0.9736,0.116,0.9708,26.8187,2284.0094,10.5398
SYM4046,102.02,2387.6512,1.0541,0.1161,0.9181,34.3334,1384.4909,9.3794
SYM4047,99.97,1640.7538,1.2888,0.2205,0.9058,37.5235,2113.9294,22.8491
SYM4048,113.92,1435.1209,1.2734,0.3451,0.829,31.3278,2898.8359,42.2089
SYM4049,95.97,2088.6565,1.1939,0.2359,0.8817,39.6196,2283.8535,26.2854
SYM4050,90.52,2640.956,1.415,0.2756,0.8411,28.8803,2637.9939,31.6759
SYM4051,119.95,1434.7229,1.1803,0.138,0.9135,20.9676,2112.9345,12.5042
SYM4052,91.93,1413.5027,1.3729,0.3321,0.8859,25.8103,2388.3919,40.0488
SYM4053,139.92,1415.041,1.2523,0.1905,0.8946,27.1542,2427.3466,19.6519
SYM4054,106.87,1347.6771,1.3409,0.2983,0.8722,27.5425,2432.6226,35.3576
SYM4055,89.8,943.9201,1.2824,0.2471,0.936,22.2966,3102.5419,28.3385
SYM4056,88.07,1381.9902,1.3125,0.3135,0.8372,29.1398,2754.7099,37.2216
SYM4057,125.06,774.2214,1.2747,0.2597,0.9224,24.951,3276.7292,29.0696
SYM4058,143.21,1563.781,1.299,0.306,0.8828,30.7142,2288.0975,35.911
SYM4059,132.0,1182.7912,1.18,0.237,0.937,36.4975,2621.2643,25.6795
SYM4060,119.81,2087.6786,1.4493,0.3244,0.8683,31.7075,2778.2977,38.648
SYM4061,94.97,1980.5497,1.2684,0.2811,0.8361,27.0379,2309.9756,32.4136
SYM4062,136.93,1256.4172,1.2908,0.2078,0.9237,26.3586,2812.4903,21.9938
SYM4063,119.95,1427.809,1.1961,0.1947,0.9289,26.8875,2329.9642,20.1251
SYM4064,129.57,1335.8202,1.1351,0.1749,0.8678,21.3462,2155.2019,17.8029
SYM4065,98.04,2322.3994,1.4317,0.2882,0.8351,25.819,3010.5908,34.1067
SYM4066,131.14,1252.0923,1.2122,0.2422,0.8786,25.6827,2307.498,26.589
SYM4067,130.11,980.2132,1.0908,0.1858,0.8977,20.3433,2344.8385,19.4787
SYM4068,156.22,812.2215,1.3582,0.2124,0.9096,21.1473,3139.3599,22.6581
SYM4069,107.57,1840.2238,1.2542,0.2718,0.868,34.1081,1913.7627,30.5515
SYM4070,126.07,919.5395,0.9683,0.1884,0.9394,18.9862,1834.9428,20.2221
SYM4071,95.77,1910.9971,1.3404,0.3168,0.8735,31.2084,2569.1869,37.8821
SYM4072,150.16,2163.538,1.444,0.2728,0.7501,27.6517,2763.7497,32.5502
SYM4073,89.98,1345.1876,1.2721,0.3388,0.8641,28.9843,2576.4907,42.4687
SYM4074,106.96,1765.2168,1.2712,0.2422,0.8748,31.3312,2448.3926,26.4715
SYM4075,151.07,1566.1324,1.3315,0.3021,0.8944,27.5576,2438.0488,35.3795
SYM4076,104.97,1514.3423,1.4658,0.3375,0.9029,29.5307,2660.7507,40.8062
SYM4077,143.99,1791.9575,1.3156,0.2454,0.8722,28.0307,2372.787,27.5735
SYM4078,144.8,932.2506,1.1411,0.2047,0.9666,28.2088,2268.6977,20.7701
SYM4079,94.87,850.3561,1.1699,0.2299,0.9451,24.2886,2762.4979,25.0005
SYM4080,154.37,818.5528,1.1893,0.2048,0.9204,24.4477,2712.3379,21.4805
SYM4081,136.95,1357.1265,1.3261,0.1905,0.8808,22.4607,2763.8889,19.6648
SYM4082,151.01,1383.1395,1.1911,0.296,0.901,26.1094,2157.5184,34.7539
SYM4083,162.92,2016.5082,1.301,0.2562,0.844,23.8752,2416.9265,29.4496
SYM4084,129.63,2267.7062,1.4266,0.2988,0.8315,34.3879,2618.712,34.7037
SYM4085,97.45,1757.7228,1.3937,0.2695,0.8718,23.1354,2862.5883,31.4527
SYM4086,118.51,1735.8572,1.3011,0.2055,0.8725,25.2962,2254.9842,21.7831
SYM4087,165.56,1579.5847,1.4122,0.3062,0.9179,27.0917,2595.0988,35.786
SYM4088,91.96,1396.184,1.2807,0.2162,0.8293,27.6596,2215.2104,23.0854
SYM4089,91.71,1773.1475,1.2513,0.1669,0.8308,25.4148,2226.2722,16.973
SYM4090,90.03,1212.8652,1.3046,0.2064,0.8581,21.0326,2444.9605,21.9916
SYM4091,92.8,1964.8097,1.2356,0.2112,0.8628,31.6364,1944.5751,21.836
SYM4092,88.98,1783.4732,1.4959,0.2111,0.8975,27.9317,2552.5401,22.1268
SYM4093,155.51,1325.9154,1.3739,0.1754,0.9359,21.323,2381.2055,17.0196
SYM4094,92.88,1407.8077,1.3637,0.2005,0.9098,23.6451,2319.7052,21.0658
SYM4095,92.04,1326.6846,1.2776,0.164,0.9053,19.691,2453.7468,16.3637
SYM4096,96.52,1257.6682,1.2774,0.2435,0.9394,31.0181,2608.4009,26.1701
SYM4097,150.13,1465.4553,1.3531,0.2125,0.8889,28.0428,2585.3925,22.4719
SYM4098,93.96,1166.6419,1.2752,0.1571,0.9437,17.7149,2804.9499,14.9107
SYM4099,90.95,874.4995,1.3847,0.2411,0.9525,26.5183,2505.8607,25.5389
SYM4100,74.0,1453.2564,1.2988,0.2859,0.8971,33.4845,2114.6728,32.5449
SYM4101,87.97,1553.086,1.3794,0.2149,0.8867,24.5247,3017.3764,23.2292
SYM4102,90.93,1622.4653,1.2356,0.229,0.8809,35.6965,2058.0938,24.6292
SYM4103,88.98,1344.2002,1.1214,0.2233,0.9522,33.7652,2623.532,23.7953
SYM4104,89.04,1596.3579,1.1878,0.1279,0.7713,18.5313,2152.3732,11.7487
SYM4105,91.99,1029.3472,1.1514,0.1899,0.947,21.981,2614.5514,19.3405
SYM4106,92.02,1318.2796,1.2652,0.1745,0.9289,24.3962,2252.9255,17.4608
SYM4107,91.98,1109.4874,1.2382,0.1725,0.9339,18.3466,2875.003,17.6359
SYM4108,86.93,2054.9001,1.1677,0.1634,0.9102,30.723,1947.2474,15.6823
SYM4109,172.27,1278.8247,1.4193,0.1897,0.8876,17.7154,2417.7928,20.0638
SYM4110,139.97,1292.6747,1.2521,0.1847,0.921,27.1571,2079.3432,18.3774
SYM4111,122.3,1537.5129,1.3967,0.2088,0.9071,23.8852,2281.7761,22.3346
SYM4112,89.94,1102.0679,1.2995,0.2541,0.9363,24.4353,2471.1559,28.4626
SYM4113,95.85,1746.6527,1.4228,0.2012,0.8524,26.2831,2322.7953,21.3575
SYM4114,83.01,1844.1939,1.2374,0.1816,0.8818,24.9067,2403.3977,18.7066
SYM4115,87.03,837.3962,1.2694,0.2018,0.9321,18.696,2644.8679,21.0541
SYM4116,153.89,1232.9805,1.2971,0.1366,0.9254,16.6723,2426.8014,12.7448
SYM4117,93.95,893.1008,1.1748,0.1479,0.9545,17.9824,2120.3995,13.3774
SYM4118,90.01,608.7867,1.3468,0.1865,0.955,15.7752,2661.6334,18.6338
SYM4119,69.47,1207.7623,1.202,0.188,0.8471,23.1245,2682.9752,19.6473
SYM4120,84.98,1455.9209,1.4344,0.205,0.8503,24.2471,2344.9677,21.4041
SYM4121,91.05,903.8739,1.1997,0.1707,0.9038,14.2987,2946.108,17.3028
SYM4122,95.13,1694.6423,1.4215,0.1596,0.8975,24.9423,2110.909,15.4103
SYM4123,94.99,571.7914,1.3433,0.3596,0.9451,29.134,2291.0805,42.8865
SYM4124,96.99,1063.4531,1.0486,0.1351,0.8972,17.5437,2296.054,12.6821
SYM4125,77.92,3477.3577,1.1472,0.2226,0.8434,43.3026,1405.0721,23.3684
SYM4126,95.06,925.8768,1.3111,0.2376,0.9327,21.9416,2410.945,25.8485
SYM4127,84.0,1103.4283,1.3251,0.2219,0.9181,22.0316,2323.0024,23.2588
SYM4128,102.91,1384.614,1.1135,0.1996,0.9078,25.6351,2229.8235,20.4314
SYM4129,92.95,1748.0517,1.4638,0.1088,0.2074,12.3046,2895.0652,9.6073
SYM4130,91.99,1342.5886,1.4661,0.1665,0.2616,15.6912,2458.0181,16.8493
SYM4131,89.89,1525.7675,1.3143,0.2292,0.8929,27.4517,2652.2012,24.7092
SYM4132,92.93,1699.9946,1.3988,0.2098,0.8609,27.6159,2260.9138,21.974
SYM4133,93.97,1235.3735,1.4274,0.2961,0.9012,26.7384,3171.9917,34.8255
SYM4134,85.95,1936.0366,1.2518,0.1851,0.9033,31.0352,1837.565,18.6521
SYM4135,87.44,1751.2426,1.3949,0.2562,0.851,34.0175,2292.4023,28.3497
SYM4136,82.24,1529.1442,1.0891,0.155,0.9045,25.7608,2140.4762,15.2276
SYM4137,73.5,1661.4861,1.275,0.1707,0.8877,21.7122,2306.6151,17.0814
SYM4138,87.92,1907.2874,1.299,0.2457,0.8721,35.838,2073.4218,26.4816
SYM4139,94.0,947.4084,1.5406,0.2449,0.9386,21.6903,3149.0117,27.0645
SYM4140,91.12,1255.1208,1.4091,0.2468,0.9222,22.6599,2271.4139,26.7831
SYM4141,101.7,1235.2382,1.111,0.1342,0.8854,21.548,2147.5619,12.2819
SYM4142,91.04,1109.1238,1.2359,0.1582,0.9532,19.6115,2527.4857,15.1134
SYM4143,90.03,1102.634,1.3747,0.2638,0.8812,27.9323,2687.2564,29.4353
SYM4144,93.42,2211.4444,1.3894,0.1462,0.2283,27.9853,2576.6295,13.6622
SYM4145,88.0,3120.4456,1.4052,0.165,0.7928,21.9752,2325.5864,16.4282
SYM4146,96.94,2480.2384,1.5343,0.1383,0.799,18.1741,2811.0162,13.4581
SYM4147,89.01,1525.1042,1.2162,0.1405,0.9436,20.2964,2469.8212,13.1667
SYM4148,91.98,1262.5443,0.9859,0.2033,0.9334,29.0055,1397.6183,22.1837
SYM4149,90.04,1158.0297,1.4472,0.2102,0.9279,20.858,3019.9843,23.1651
SYM4150,85.19,1671.597,1.2341,0.1505,0.9193,20.5908,2828.7424,15.1202
SYM4151,81.89,2165.0198,1.4177,0.2027,0.8954,30.8187,2151.6522,20.4556
SYM4152,178.21,1566.689,1.3444,0.1542,0.7817,19.3601,2586.829,15.7615
SYM4153,87.99,1322.2747,1.3546,0.1618,0.9424,16.7524,2926.8834,16.3162
SYM4154,97.0,1504.8126,1.2118,0.2096,0.9397,32.9877,2417.1626,22.0614
SYM4155,95.03,1899.0958,1.2952,0.1845,0.914,19.9086,2449.2886,18.294
SYM4156,86.05,963.6758,1.2827,0.2189,0.9398,25.1563,2171.0046,23.2524
SYM4157,99.99,1629.6114,1.4292,0.1513,0.8222,21.497,2997.7728,15.3413
SYM4158,87.98,1743.0875,1.4924,0.1808,0.8418,19.5081,2691.1918,18.7449
SYM4159,172.27,1469.5124,1.018,0.0691,0.3737,16.9565,2047.5881,5.2301
SYM4160,95.01,1395.1902,1.4388,0.2042,0.9112,21.4714,3229.6166,21.7372
SYM4161,82.58,1388.8036,1.3066,0.2718,0.8948,33.1412,2013.4896,29.863
SYM4162,138.01,965.3529,1.0019,0.1177,0.9278,14.9666,2379.0974,10.5513
SYM4163,184.57,2441.5418,1.2463,0.1689,0.9106,24.6349,2585.5561,16.8372
SYM4164,93.6,1714.826,1.0844,0.1652,0.3432,29.2994,1970.741,16.153
SYM4165,99.07,2177.8954,1.3597,0.1443,0.8124,28.1445,2188.4135,13.7834
SYM4166,95.92,2118.1893,1.4037,0.1957,0.8749,29.3188,2535.6058,20.3559
SYM4167,95.02,1882.1647,1.3483,0.1764,0.9172,32.8345,2363.6791,17.4037
SYM4168,97.04,970.0423,1.3464,0.1948,0.9275,16.9255,3096.6413,20.401
SYM4169,86.0,1024.3732,1.2287,0.1593,0.939,20.9826,2011.8296,15.0808
SYM4170,94.02,2037.925,1.3731,0.2276,0.8096,31.8102,2098.2146,24.3044
SYM4171,95.21,1763.7495,1.3962,0.1507,0.8773,26.1271,2172.9091,13.5491
SYM4172,91.0,1588.147,1.2565,0.1823,0.3048,20.6435,2552.9809,18.0933
SYM4173,94.61,801.4379,1.291,0.1003,0.9056,8.5824,2658.0048,9.0644
SYM4174,100.98,1839.8722,1.5814,0.1617,0.2306,17.4258,3048.308,16.4787
SYM4175,85.95,2045.2174,1.4435,0.1138,0.8787,14.3664,2540.9433,9.9158
SYM4176,172.27,824.2625,1.0903,0.1401,0.8824,14.851,2244.3714,13.6003
SYM4177,84.96,2545.5002,1.2386,0.2195,0.7577,34.4067,1999.8119,23.3381
SYM4178,89.5,1708.6706,1.231,0.2535,0.8837,37.1324,2082.9566,28.0869
SYM4179,92.02,1274.1503,1.2135,0.1024,0.9122,19.8409,2089.0646,8.3871
SYM4180,87.04,1791.9624,1.3572,0.1934,0.889,26.7557,2538.5672,19.5532
SYM4181,101.97,1950.8762,1.4757,0.1502,0.8352,21.0356,3099.0222,15.3416
SYM4182,83.89,2099.5666,1.2474,0.1055,0.8693,16.8621,1803.6314,8.9052
SYM4183,91.0,1669.9936,1.337,0.2618,0.9039,33.6609,2478.4835,30.0347
SYM4184,83.94,2028.217,1.2631,0.1651,0.8915,22.7254,2078.1072,16.0418
SYM4185,97.54,1236.3981,1.2866,0.1581,0.958,21.4632,2247.6046,14.8522
SYM4186,89.97,1929.0013,1.3575,0.2148,0.911,28.7626,2286.1043,22.5076
SYM4187,95.98,1794.5029,1.3178,0.2028,0.9141,29.0949,2643.1034,21.2067
SYM4188,161.74,1659.6425,1.1838,0.2256,0.907,37.7687,2180.8039,23.7784
SYM4189,90.97,2081.9945,1.4377,0.1578,0.8563,22.6714,2275.0171,15.058
SYM4190,81.47,1372.3522,1.1278,0.1378,0.9144,22.2732,2238.6963,12.9144
SYM4191,89.97,2322.2333,1.4128,0.148,0.8492,32.0052,1955.8449,13.5956
SYM4192,88.98,1118.7467,1.2915,0.1934,0.9117,20.5316,2624.7881,19.2674
SYM4193,95.96,1717.228,1.1544,0.1707,0.3295,28.0265,2203.401,16.7947
SYM4194,106.65,1267.1342,1.2097,0.1394,0.9205,21.1471,2235.6507,12.6322
SYM4195,92.38,1719.2951,1.2463,0.218,0.8094,29.7517,2301.0986,23.9982
SYM4196,108.03,1443.7416,1.4125,0.2054,0.9216,27.379,2896.319,21.1011
SYM4197,83.07,1566.7782,1.1002,0.1096,0.8101,20.8902,1836.975,9.6412
SYM4198,93.94,590.5835,1.4138,0.2923,0.9496,24.3813,2653.0091,33.442
SYM4199,97.04,2457.3839,1.3813,0.1483,0.8617,20.6589,2353.6451,13.9423
SYM4200,90.01,1961.7017,1.2626,0.2228,0.8884,35.0947,2407.5512,23.361
SYM4201,83.95,1714.4917,1.277,0.1309,0.9317,19.9019,2005.6235,11.6941
SYM4202,83.99,1345.0131,1.3344,0.1641,0.9102,20.0691,2305.4065,15.7293
SYM4203,80.01,1324.3626,1.2769,0.1731,0.9067,23.5529,2074.7372,17.058
SYM4204,98.99,1615.6948,1.3341,0.1551,0.8794,18.6467,2988.6163,16.2045
SYM4205,89.99,1188.2791,1.2092,0.199,0.9359,29.5518,1776.0261,20.2652
SYM4206,93.98,913.1622,1.2849,0.2293,0.9644,29.3178,2295.5965,24.1773
SYM4207,86.99,1920.2849,1.3499,0.149,0.9002,24.0579,2330.0054,14.1184
SYM4208,87.96,1568.6965,1.1718,0.2161,0.9048,32.1531,2490.9623,22.8874
SYM4209,91.83,1827.0003,1.3238,0.1561,0.8892,22.0356,2618.4759,15.5203
SYM4210,85.97,2227.4926,1.5773,0.1148,0.8306,14.8222,2761.1497,10.4008
SYM4211,98.0,1554.9266,1.4079,0.2269,0.9095,25.0545,2622.9498,24.241
SYM4212,80.03,1832.18,1.2722,0.1046,0.8836,13.1429,2387.1269,9.2528
SYM4213,86.0,2375.4652,1.3369,0.2617,0.8603,37.4289,1554.7218,28.2681
SYM4214,89.99,1291.5219,1.0826,0.208,0.9455,31.1384,1887.9181,21.0885
SYM4215,94.46,661.3837,1.2224,0.1001,0.8723,8.2076,2831.4542,8.9097
SYM4216,96.03,1263.8528,1.2104,0.1386,0.8894,15.7829,2770.7182,13.3743
SYM4217,90.01,1962.7069,1.2629,0.2313,0.8925,34.8533,1770.2062,24.5078
SYM4218,96.56,786.5234,1.2652,0.1053,0.9146,8.4906,2954.9925,9.2049
SYM4219,93.41,960.7885,1.263,0.2326,0.9351,28.9452,2762.5229,24.5218
SYM4220,96.99,1822.754,1.5043,0.1235,0.7885,14.6648,3088.5505,11.9231
SYM4221,96.13,2188.7877,1.3049,0.138,0.8641,16.1324,2372.2518,12.9304
SYM4222,98.03,1937.7861,1.5618,0.1293,0.2087,11.5568,2963.0208,12.2131
SYM4223,91.97,1164.8505,1.3187,0.1842,0.9554,24.6305,2521.7328,18.1192
SYM4224,96.01,2017.5085,1.4641,0.1587,0.858,16.1415,2627.3253,16.1044
SYM4225,142.16,1360.2477,1.3341,0.1814,0.938,29.9061,2207.8241,17.4187
SYM4226,91.65,1490.0496,1.3608,0.1637,0.2456,28.5337,2536.074,15.6408
SYM4227,99.62,753.1036,1.2264,0.1163,0.9336,11.9682,2640.4609,10.221
SYM4228,91.0,1761.1728,1.625,0.1909,0.8657,20.9549,2691.1695,19.7075
SYM4229,94.94,2354.2747,1.675,0.1082,0.7335,13.2896,3271.4518,9.9688
SYM4230,85.36,1787.6925,1.4224,0.2145,0.8686,29.9434,2417.8535,22.3927
SYM4231,89.98,1262.0061,1.4183,0.197,0.9319,22.113,2356.416,20.0195
SYM4232,91.94,1647.4245,1.5056,0.1401,0.88,13.486,2671.2267,13.2348
SYM4233,88.02,1728.6996,1.266,0.1494,0.853,25.1659,2355.2963,14.0342
SYM4234,89.0,1394.6481,1.1218,0.1448,0.8857,24.2516,1689.2472,14.1083
SYM4235,95.02,661.3649,1.2023,0.2348,0.959,23.6294,2818.5308,25.0944
SYM4236,90.0,2442.953,1.4563,0.1471,0.879,27.8496,2786.7474,14.0716
SYM4237,86.98,1622.8309,1.4166,0.1431,0.2463,15.5271,2774.723,13.8694
SYM4238,93.95,1694.1261,1.4028,0.1672,0.2334,22.5363,2775.8337,16.306
SYM4239,80.88,2224.3837,1.2914,0.169,0.8639,27.783,1876.2836,16.0161
SYM4240,86.97,1363.5274,1.4886,0.1658,0.9385,21.0299,2487.2151,15.7527
SYM4241,95.81,994.3937,1.4196,0.0891,0.2475,7.4195,2790.8433,7.4186
SYM4242,97.02,1457.3298,1.31,0.1857,0.8957,25.434,2387.4196,18.4143
SYM4243,98.01,1394.3633,1.4842,0.1948,0.9346,22.3933,2683.3184,19.8997
SYM4244,82.0,1992.6908,1.2006,0.1464,0.8919,26.4766,1924.7733,13.4008
SYM4245,98.94,2526.4084,1.2035,0.1455,0.8753,26.0997,2191.4424,13.5332
SYM4246,161.52,1756.2152,1.4167,0.2068,0.8859,22.7118,1988.0173,21.2519
SYM4247,92.87,1336.0732,1.2033,0.1727,0.9192,28.4718,2005.7699,16.5687
SYM4248,86.52,2579.5079,1.5779,0.1594,0.892,28.4143,2401.2376,14.8224
SYM4249,94.98,1376.8101,1.4065,0.1711,0.9536,24.1647,2554.824,16.5419
SYM4250,90.0,1407.439,1.2297,0.1611,0.9356,24.3987,2038.5345,15.2009
SYM4251,100.04,1704.9553,1.3362,0.1769,0.2486,28.9792,2423.1895,17.0038
SYM4252,93.81,1495.7828,1.6208,0.2218,0.8749,20.2655,2469.97,23.4971
SYM4253,90.13,1078.8488,1.3063,0.0848,0.2365,7.5972,3065.7894,7.2838
SYM4254,91.97,1218.8473,1.3565,0.0911,0.826,7.307,2968.2365,7.6863
SYM4255,89.0,1519.1853,1.2507,0.2208,0.9069,32.8496,2518.8654,23.4227
SYM4256,96.44,1893.9893,1.3723,0.1164,0.9277,18.4972,2335.4077,10.2497
SYM4257,116.96,1439.8486,1.2909,0.1519,0.9146,26.9667,2167.6484,14.3267
SYM4258,101.14,680.8563,1.1767,0.0662,0.8465,4.7002,3060.2706,5.1346
SYM4259,105.05,1377.2162,1.1343,0.1592,0.3196,28.4498,1996.2454,14.9497
SYM4260,147.53,762.7485,0.989,0.1098,0.3225,11.2776,2217.8024,10.0586
SYM4261,82.06,1535.8514,1.23,0.1793,0.8848,22.4973,2150.1112,18.4501
SYM4262,90.42,1904.9206,1.3628,0.1786,0.9018,23.5418,2515.9072,18.1197
SYM4263,98.98,1791.7054,1.2781,0.1347,0.8963,22.5197,2828.0473,12.6499
SYM4264,92.9,1082.8518,1.2946,0.2068,0.9558,25.5474,2860.0079,21.9604
SYM4265,114.98,1576.792,1.2494,0.3058,0.8707,39.082,2379.0464,35.0497
SYM4266,88.05,1659.6187,1.3181,0.142,0.8642,18.1376,2179.6192,13.6276
SYM4267,97.98,2035.7424,1.3916,0.2281,0.8323,31.7713,2219.6132,24.3909
SYM4268,92.99,2057.1082,1.338,0.158,0.9223,17.1844,2720.2691,15.3786
SYM4269,95.09,907.1254,1.2981,0.2412,0.9495,30.3851,3122.0515,26.5194
SYM4270,100.13,513.5671,1.1411,0.0931,0.9113,6.0781,3154.9081,8.14
SYM4271,143.8,1039.6181,1.3568,0.248,0.9537,20.0644,3676.0922,27.9783
SYM4272,82.41,1226.7169,1.0889,0.0862,0.8556,10.8695,2261.3718,7.1665
SYM4273,90.02,1700.7543,1.5389,0.2754,0.8763,31.9882,2621.878,31.2094
SYM4274,105.06,1736.0239,1.2721,0.2538,0.8731,41.1207,1692.9281,27.1225
SYM4275,172.27,1196.5715,1.0184,0.1395,0.2743,13.9865,2121.2445,13.7886
SYM4276,104.0,1782.6336,1.4086,0.1818,0.8837,29.1891,2711.0649,18.5596
SYM4277,90.06,1354.144,1.2284,0.2064,0.948,28.1118,2556.7166,21.554
SYM4278,91.93,2814.0767,1.3833,0.1158,0.2536,20.362,2601.498,10.5856
SYM4279,163.34,802.6087,0.9371,0.1414,0.9033,12.1838,2001.5708,13.9829
SYM4280,88.08,2675.3088,1.2064,0.1442,0.9034,28.5657,2442.4462,13.4877
SYM4281,99.18,1327.7068,1.187,0.1739,0.9189,26.9065,2428.1867,17.2498
SYM4282,97.88,2998.7949,1.5781,0.0976,0.7826,13.3891,2477.0849,8.5157
SYM4283,97.03,1801.1849,1.3722,0.2285,0.8794,30.68,2265.7932,24.285
SYM4284,95.96,2002.6855,1.637,0.1114,0.833,8.8012,3553.0509,10.641
SYM4285,97.98,2035.7424,1.3916,0.2281,0.8323,31.7713,2219.6132,24.3909
SYM4286,96.01,997.2833,1.5967,0.1911,0.9525,19.7828,3024.2352,19.4249
SYM4287,86.06,1302.283,1.2817,0.3186,0.8824,37.9979,2054.0261,36.8291
SYM4288,100.39,1567.1515,1.3199,0.2702,0.9465,38.0798,2149.8309,29.4648
SYM4289,86.98,1115.3356,1.2423,0.2124,0.9694,35.1148,2449.1327,21.6637
SYM4290,90.06,1858.5817,1.2131,0.2408,0.9069,39.2826,2088.5289,26.2404
SYM4291,91.88,1304.3015,1.2735,0.1743,0.2839,23.8639,2631.646,17.8099
SYM4292,97.98,2215.3626,1.3705,0.2092,0.2343,31.5118,2486.3157,21.6427
SYM4293,100.02,1253.3638,1.2547,0.2301,0.9581,25.9541,2680.2344,24.0918
SYM4294,93.93,1779.9121,1.4984,0.1823,0.2241,26.4711,2350.105,17.8827
SYM4295,102.96,1440.0686,1.3471,0.2156,0.9301,30.3106,2162.5361,22.3358
SYM4296,122.53,592.5741,0.9528,0.0457,0.2369,4.7234,1867.4635,2.9878
SYM4297,98.99,2797.2445,1.4856,0.1644,0.8721,24.6091,2794.0423,15.7164
SYM4298,88.09,2174.7277,1.169,0.1956,0.7959,37.1109,1749.7507,19.8201
SYM4299,150.05,1806.6445,1.283,0.2242,0.9106,26.9995,2569.3217,23.1338
SYM4300,79.01,1909.4405,1.4334,0.2316,0.8039,30.9363,2176.1325,25.0971
SYM4301,91.95,1748.3714,1.4848,0.2373,0.8966,22.8439,2872.1698,25.5539
SYM4302,87.93,1755.9726,1.381,0.2209,0.9486,28.8784,2270.8506,23.1935
SYM4303,90.01,1121.0858,1.3499,0.2444,0.9094,21.3875,2581.5511,27.2212
SYM4304,91.97,1532.6574,1.3009,0.2923,0.8523,36.6194,2449.3058,33.4399
SYM4305,104.43,1220.9095,1.2387,0.1368,0.306,18.3928,2168.412,12.2846
SYM4306,84.01,2151.9644,1.2359,0.1864,0.856,26.9388,2409.7975,18.7768
SYM4307,86.56,2059.6282,1.4429,0.2004,0.8704,29.4144,2372.9221,20.4552
SYM4308,117.63,2073.6245,1.2809,0.1545,0.3065,31.0245,2462.8704,14.765
SYM4309,91.98,1080.1453,1.2196,0.2187,0.9546,25.1109,2634.7758,23.1076
SYM4310,87.93,1192.955,1.2985,0.2413,0.9327,30.3126,1960.6732,25.4465
SYM4311,86.96,1711.3342,1.2812,0.2057,0.8922,30.0833,2208.1682,21.2751
SYM4312,93.04,1585.8119,1.2864,0.2583,0.8947,29.3134,2367.4329,28.897
SYM4313,83.89,1440.4902,1.2357,0.2581,0.2364,35.9009,2246.4243,28.3051
SYM4314,82.17,1867.8691,1.1971,0.1033,0.2259,16.4229,1846.8513,9.0186
SYM4315,166.27,1570.006,1.0008,0.0561,0.8346,10.026,1567.5842,3.8765
SYM4316,85.8,1731.6872,1.6219,0.0994,0.7826,14.822,3269.9494,8.5835
SYM4317,98.96,2453.8637,1.2634,0.1693,0.8948,32.975,2042.34,16.5444
SYM4318,95.12,769.5224,1.1858,0.0812,0.8468,5.8555,2858.4804,6.9621
SYM4319,89.26,956.528,1.1306,0.2606,0.9583,30.1186,2552.2297,28.5184
SYM4320,98.38,2286.8863,1.2865,0.2056,0.8258,29.384,2158.3407,21.6454
SYM4321,92.0,1109.4874,1.2382,0.1725,0.9339,18.3466,2875.003,17.6359
SYM4322,172.27,1413.6756,1.4282,0.1863,0.9472,24.1088,2274.7779,18.2169
SYM4323,92.48,2670.9049,1.1809,0.1737,0.9315,40.3593,1867.5992,16.5934
SYM4324,102.04,1567.6667,1.4587,0.2628,0.8853,27.1616,2621.2929,29.3653
SYM4325,91.87,2218.9336,1.6792,0.1427,0.8748,22.5011,2699.6723,12.8834
SYM4326,97.03,834.6079,1.1884,0.0691,0.2463,4.1485,3352.639,5.842
SYM4327,86.87,1807.5299,1.288,0.1849,0.9,27.7871,1629.4946,18.0329
SYM4328,86.03,1152.7552,1.391,0.2338,0.9592,29.7484,1971.3166,24.6708
SYM4329,83.01,1445.2942,1.2797,0.2539,0.9385,33.5079,2590.7058,27.5246
SYM4330,89.98,1251.4396,1.4696,0.1894,0.8815,18.1905,3227.0779,20.159
SYM4331,87.26,2811.682,1.2456,0.1205,0.7758,25.2361,1944.5293,10.6062
SYM4332,96.1,1028.3516,0.9664,0.062,0.2739,7.8751,2757.0593,4.8801
SYM4333,117.82,1849.7325,1.0511,0.0697,0.675,13.5338,1331.2917,5.0673
SYM4334,105.04,1957.5571,1.3872,0.1734,0.8465,27.1386,2065.4025,16.8946
SYM4335,92.34,877.3386,1.0961,0.054,0.803,4.4766,2871.2911,4.2499
SYM4336,148.15,2249.1414,1.1924,0.2891,0.8097,47.4018,1700.7461,32.8654
SYM4337,90.01,655.3407,0.8822,0.1075,0.2499,9.6536,2188.2127,9.6724
SYM4338,87.89,2423.3811,1.529,0.1863,0.2116,26.4439,2455.8734,19.4178
SYM4339,96.0,1891.1076,1.2866,0.2355,0.8388,32.5709,2225.1737,25.9917
SYM4340,84.89,1714.9554,1.3826,0.307,0.8394,32.4264,2616.8696,36.4742
SYM4341,172.27,2170.6217,0.9466,0.0728,0.791,14.7662,1344.2556,5.5975
SYM4342,83.02,1978.9476,1.2743,0.2052,0.9018,33.3834,2300.9143,20.8324
SYM4343,91.71,641.3047,1.0712,0.0579,0.9093,7.6019,1785.2924,4.0314
SYM4344,95.92,1388.4532,1.1345,0.0451,0.7897,8.4505,2243.642,2.8636
SYM4345,107.12,1095.0396,1.161,0.1192,0.2592,15.6867,2057.985,9.9168
SYM4346,100.73,950.0409,1.339,0.1431,0.9329,18.5428,2671.8171,13.0405
SYM4347,106.67,1744.0137,0.812,0.0294,0.5466,6.8912,1687.4761,1.9004
SYM4348,104.77,1453.5746,1.3841,0.1652,0.8595,16.536,3441.9089,16.5437
SYM4349,85.47,973.322,1.0951,0.1151,0.2539,13.7299,2156.6731,10.151
SYM4350,90.74,1125.0847,1.3116,0.2844,0.9508,30.2993,2515.4396,32.3375
SYM4351,178.21,1532.8008,1.461,0.1513,0.8735,17.3043,2579.3221,14.1528
SYM4352,94.5,488.6689,1.2348,0.1836,0.9695,15.14,2864.7136,18.0719
SYM4353,91.74,928.168,1.3821,0.1705,0.9333,15.6424,3402.6522,17.2054
SYM4354,83.99,2860.9785,1.4173,0.1962,0.832,26.9865,2247.1379,19.9812
SYM4355,86.69,599.6741,1.0193,0.1924,0.9741,20.1338,2609.2194,19.0263
SYM4356,89.87,2134.2869,1.1914,0.2755,0.8849,42.4505,1704.7864,30.255
SYM4357,101.64,1092.305,1.2337,0.1332,0.9457,22.1819,2560.7561,11.9447
SYM4358,95.99,2482.4141,1.4784,0.1959,0.7716,21.9596,2446.271,20.9176
SYM4359,94.31,2208.4781,1.3353,0.2066,0.8962,30.3005,1841.384,21.5497
SYM4360,153.59,996.88,1.4164,0.1003,0.9057,12.0023,3102.9864,8.4885
SYM4361,88.93,1298.3559,1.4013,0.2553,0.8316,22.6441,2400.0936,29.3488
SYM4362,103.74,1176.8815,1.3068,0.0762,0.87,17.7175,2157.2932,5.6427
SYM4363,98.79,1932.7681,1.3022,0.235,0.8865,34.5277,2037.7258,25.4291
SYM4364,140.01,1060.2912,1.3587,0.3085,0.8636,23.1064,2001.1456,36.117
SYM4365,134.9,811.4356,1.1551,0.2301,0.9136,21.1399,2594.0628,25.886
SYM4366,141.96,765.5805,1.3852,0.3253,0.8964,23.5846,2429.3525,38.5371
SYM4367,112.01,1158.8521,1.1466,0.2253,0.9437,31.3949,1990.8941,24.2735
SYM4368,117.82,1571.0165,1.3206,0.2491,0.8487,29.107,1990.3286,27.7331
SYM4369,111.01,989.1018,1.1662,0.1713,0.9371,19.4861,2155.4281,17.0773
SYM4370,142.99,1057.7331,1.2443,0.2811,0.9138,23.7772,1783.8801,31.6441
SYM4371,108.03,394.5702,1.1525,0.3643,0.92,21.6093,2992.1138,44.6613
SYM4372,152.91,792.5594,1.2916,0.2199,0.9185,18.3122,1986.0861,22.806
SYM4373,86.93,1002.2826,1.3124,0.2325,0.9077,16.2523,2491.1955,25.5365
SYM4374,142.22,797.5706,1.3467,0.2115,0.9485,16.6634,2361.8615,21.9466
SYM4375,130.37,1207.7942,1.2579,0.2685,0.9229,22.3329,1994.9352,30.2757
SYM4376,111.7,637.4538,1.2335,0.2294,0.9216,18.4581,2451.3991,25.0276
SYM4377,100.9,1215.7249,1.2972,0.281,0.9255,31.4683,1923.6489,31.405
SYM4378,119.16,1082.7809,1.2499,0.1764,0.8886,21.1255,2848.7587,17.3782
SYM4379,172.27,1230.5585,1.2456,0.1354,0.8553,15.0498,2366.1854,12.2234
SYM4380,150.19,1189.4827,1.0875,0.2362,0.9181,28.967,2136.0211,25.6181
SYM4381,102.99,1187.1616,1.2647,0.2573,0.881,32.3172,2092.799,28.9285
SYM4382,131.98,1124.7521,1.3459,0.2755,0.9098,25.1328,2417.358,31.0895
SYM4383,91.5,1306.1871,1.4367,0.2194,0.8278,15.8943,2671.6435,24.0545
SYM4384,116.9,1262.8231,1.1767,0.2247,0.8894,22.9773,2129.1193,24.3293
SYM4385,92.92,1904.2335,1.3174,0.1896,0.7604,20.3498,2804.2768,20.139
SYM4386,109.0,1334.7004,1.1467,0.2734,0.8746,32.1964,2089.7636,30.6041
SYM4387,123.88,1364.8156,1.566,0.2992,0.8625,23.7854,2756.8551,34.7805
SYM4388,89.08,1076.9533,1.1389,0.2811,0.9364,27.9082,2278.0989,31.7967
SYM4389,95.01,1002.3731,1.2246,0.2964,0.8938,30.2761,2334.7845,33.8144
SYM4390,117.77,1102.515,1.194,0.2684,0.9074,31.6396,2055.7692,29.5548
SYM4391,150.19,1189.4827,1.0875,0.2362,0.9181,28.967,2136.0211,25.6181
SYM4392,136.88,1691.5192,1.3679,0.2536,0.8153,29.6216,2512.694,28.4583
SYM4393,120.05,1538.0344,1.2316,0.2086,0.8669,16.5622,2359.9093,23.3652
SYM4394,99.96,1490.6322,1.2389,0.24,0.9348,35.275,2059.372,25.9469
SYM4395,128.6,1308.5854,1.1492,0.213,0.8382,19.7325,2632.6416,24.1189
SYM4396,89.65,1015.917,1.0392,0.2041,0.9052,19.2822,2416.3834,21.8202
SYM4397,92.14,977.2181,1.2212,0.2538,0.9402,25.9499,2465.7479,28.2368
SYM4398,119.94,1037.7144,1.1974,0.2982,0.8854,24.7345,2218.5583,34.2249
SYM4399,139.95,2014.1525,1.0765,0.2596,0.7769,42.0429,1487.3496,28.132
SYM4400,150.88,897.9015,0.9526,0.1891,0.9157,20.8676,1432.9961,18.7243
SYM4401,122.23,894.6699,1.0755,0.084,0.8847,10.697,2098.1089,6.3747
SYM4402,97.9,1324.5794,1.3005,0.2919,0.8648,28.9336,2139.9691,33.5292
SYM4403,94.98,1399.3928,1.3686,0.2313,0.8846,28.3459,2750.8198,25.3513
SYM4404,143.79,1124.4139,1.1217,0.2551,0.8811,29.4274,1883.6849,28.3901
SYM4405,143.84,1145.8252,1.3854,0.2659,0.9018,21.7436,2612.6941,30.7832
SYM4406,120.08,822.4261,1.1361,0.2964,0.9556,33.6046,2658.7554,33.6706
SYM4407,115.72,1405.3573,1.2419,0.2921,0.9082,23.8603,2763.184,35.0588
SYM4408,104.88,1380.748,1.223,0.2602,0.8864,25.6018,2612.377,30.0016
SYM4409,92.62,1159.2403,1.155,0.2405,0.8708,20.4629,2444.4574,27.1842
SYM4410,98.88,634.8559,1.0538,0.3207,0.9315,25.2979,2803.8996,37.248
SYM4411,108.94,1758.1757,1.4345,0.2773,0.8665,27.626,2543.4898,31.6157
SYM4412,172.27,977.1429,1.4941,0.3049,0.8849,20.5399,3344.6462,35.7969
SYM4413,106.17,1261.1646,1.1838,0.1926,0.8839,22.1674,2041.7165,20.1992
SYM4414,122.06,1196.7584,1.5347,0.2637,0.8975,24.8927,2603.5928,29.3356
SYM4415,125.05,1260.0362,1.2207,0.2048,0.9032,23.4216,2354.2824,21.7064
SYM4416,114.72,1954.6864,1.2777,0.2848,0.8758,25.6875,2466.5612,32.7709
SYM4417,126.88,2161.5077,1.2533,0.2784,0.9335,36.0365,2227.2014,30.9317
SYM4418,99.95,1346.3244,1.3295,0.2623,0.8733,27.77,2667.4845,29.6934
SYM4419,96.51,1116.7702,1.2839,0.2138,0.8601,15.2797,2831.934,24.4776
SYM4420,143.93,1449.6391,1.3046,0.2522,0.8664,21.2891,2843.0422,28.7307
SYM4421,135.44,1952.738,1.3345,0.1435,0.8529,15.4816,2929.3436,14.6447
SYM4422,90.9,1466.0986,1.1678,0.2223,0.9147,28.7958,2247.1133,23.1901
SYM4423,110.98,1402.1375,1.1938,0.2453,0.8271,28.8021,1828.8505,26.8714
SYM4424,103.1,1273.7734,1.3063,0.2693,0.9111,23.9673,2813.505,31.0324
SYM4425,129.14,2020.58,1.2567,0.2297,0.8555,27.0038,2085.6354,25.0114
SYM4426,117.76,817.1981,1.1256,0.2883,0.9619,29.9111,2302.1017,32.8729
SYM4427,105.01,2750.0921,1.2942,0.2119,0.8337,30.8992,2366.5138,22.2705
SYM4428,132.03,1021.4752,1.2017,0.1317,0.9266,16.4091,2446.3524,11.4087
SYM4429,142.93,1568.0479,1.3326,0.2581,0.9162,20.691,2469.4229,29.3516
SYM4430,133.78,1620.8102,1.3469,0.2111,0.8395,17.987,2468.0373,22.6873
SYM4431,154.96,1029.5646,1.2309,0.2697,0.9104,32.361,2444.9519,30.0047
SYM4432,117.69,1164.1586,1.3785,0.301,0.8688,18.8913,2766.3643,35.8718
SYM4433,150.21,1072.2331,1.1793,0.2861,0.8114,27.0828,2337.7388,33.58
SYM4434,110.9,1606.2773,1.2681,0.159,0.8657,15.5525,2613.7683,15.8238
SYM4435,89.51,1506.7455,1.1503,0.1843,0.8885,18.8836,1490.2475,18.3131
SYM4436,128.03,1119.1502,1.2262,0.2928,0.9432,20.5946,3029.6566,34.1388
SYM4437,163.78,1508.7414,1.0345,0.1857,0.8411,24.7808,2101.2868,19.0391
SYM4438,139.0,1419.7409,1.2784,0.3285,0.8984,35.529,2125.6006,38.0933
SYM4439,129.49,1424.5692,1.2726,0.2726,0.8644,31.822,2266.5329,30.7459
SYM4440,135.08,1302.7602,1.3818,0.2219,0.8588,23.0154,2515.1491,24.1579
SYM4441,178.21,2192.5235,1.3658,0.2377,0.8064,22.068,2208.7048,26.4523
SYM4442,138.06,1129.6127,1.2577,0.2388,0.905,20.9309,2330.7629,26.428
SYM4443,113.75,906.6079,1.0711,0.1809,0.9524,20.6155,2606.7429,18.7709
SYM4444,89.51,1506.7455,1.1503,0.1843,0.8885,18.8836,1490.2475,18.3131
SYM4445,88.75,1393.8542,1.1723,0.2092,0.9331,22.6179,2124.6698,21.7586
SYM4446,94.69,1235.4547,1.1746,0.0717,0.8073,8.4915,3172.0847,6.493
SYM4447,104.93,1582.3569,1.2328,0.2234,0.8726,29.1151,2338.9949,23.8661
SYM4448,140.02,859.1943,1.407,0.3069,0.9124,26.9327,2429.0254,35.2004
SYM4449,153.04,1488.547,1.2553,0.2915,0.9205,29.0202,2032.3643,32.9176
SYM4450,164.07,2045.8327,1.1101,0.1447,0.8421,22.6237,2007.0573,13.2797
SYM4451,83.82,1472.2599,1.1204,0.1638,0.8371,22.8633,2060.2543,16.731
SYM4452,126.99,1862.3535,1.2039,0.3439,0.8278,33.4842,2941.2204,42.6106
SYM4453,102.84,1886.7427,1.1118,0.2451,0.8618,30.5466,1730.2494,26.3254
SYM4454,134.06,1176.1918,1.0992,0.3285,0.9133,41.1494,2009.6876,38.4895
SYM4455,129.81,930.408,1.223,0.2265,0.9302,18.902,2780.8806,23.9002
SYM4456,154.81,1367.1653,1.5861,0.2032,0.8696,14.8528,2801.2098,21.0846
SYM4457,86.53,2333.6355,1.1833,0.3287,0.6958,34.1398,1843.6737,39.6427
SYM4458,143.0,1356.9743,1.6076,0.2197,0.904,18.5457,2496.091,22.9176
SYM4459,123.88,687.9275,1.3812,0.1679,0.8971,8.3273,2771.1221,17.4181
SYM4460,85.01,592.3051,1.1021,0.3199,0.9364,25.6705,2797.6254,37.7816
SYM4461,136.64,1027.7131,1.1403,0.2702,0.9471,38.903,2295.1029,29.9574
SYM4462,89.01,2078.5091,1.1614,0.1831,0.863,27.4173,2076.835,18.6579
SYM4463,87.11,915.9419,1.1582,0.1491,0.8882,16.1616,2201.3768,14.1168
SYM4464,95.05,993.3143,1.2341,0.2028,0.9409,25.4496,2172.0754,21.2496
SYM4465,162.02,1205.1888,1.3493,0.3116,0.8407,26.9422,2754.9883,37.3856
SYM4466,143.51,1420.1475,1.6293,0.3168,0.8728,24.3107,2575.0161,37.8454
SYM4467,154.94,1217.9324,1.2371,0.2705,0.8822,32.8098,2462.4469,30.1724
SYM4468,116.9,1262.8231,1.1767,0.2247,0.8894,22.9773,2129.1193,24.3293
SYM4469,94.98,1123.6538,1.2344,0.2744,0.9206,29.4758,2422.6038,30.4909
SYM4470,99.94,1501.4766,1.3288,0.2416,0.8966,26.9347,2700.6428,26.5714
SYM4471,94.98,1399.3928,1.3686,0.2313,0.8846,28.3459,2750.8198,25.3513
SYM4472,119.93,834.2226,0.983,0.0714,0.8827,8.7878,1778.4551,5.1371
SYM4473,94.98,1123.6538,1.2344,0.2744,0.9206,29.4758,2422.6038,30.4909
SYM4474,139.98,1309.9302,1.3302,0.2822,0.8847,27.39,2030.6414,31.6793
SYM4475,150.8,897.6103,0.9546,0.1892,0.9147,20.8565,1440.3369,18.7317
SYM4476,165.0,1999.9023,1.2408,0.2579,0.8484,35.9726,1821.3838,28.5496
SYM4477,113.95,1487.862,1.2351,0.2685,0.9052,33.0612,1929.3935,29.2765
SYM4478,120.06,1452.6315,1.3834,0.2829,0.8801,36.3426,2128.0117,31.8928
SYM4479,119.95,969.5582,1.1972,0.2455,0.8631,20.8318,2617.4941,28.5667
SYM4480,87.89,1831.0577,1.1806,0.2286,0.878,35.0492,1937.0413,24.6459
SYM4481,111.9,1108.7009,1.261,0.2964,0.861,28.4777,2084.4588,34.5875
SYM4482,96.92,1420.3204,1.4716,0.2822,0.8832,26.406,2854.3274,32.551
SYM4483,147.94,1584.7441,1.2376,0.2605,0.8742,30.1152,1852.9369,28.9984
SYM4484,88.09,1567.524,1.2445,0.25,0.8511,25.9285,2104.6651,27.8068
SYM4485,82.58,1842.8846,1.3363,0.2513,0.8578,31.3779,2131.2439,27.7743
SYM4486,122.15,1066.4546,1.3614,0.3313,0.858,28.3571,2343.7258,39.4057
SYM4487,92.01,1867.8003,1.3132,0.3299,0.7586,51.0724,2287.4164,39.2195
SYM4488,142.99,1472.482,1.1942,0.235,0.9036,32.3312,2140.1998,25.3487
SYM4489,131.19,2111.2424,1.6362,0.2883,0.827,20.5949,3106.804,34.4353
SYM4490,161.82,1836.569,1.1281,0.2517,0.7941,38.8916,1707.9573,27.9324
SYM4491,82.89,990.1251,1.0659,0.2549,0.9069,25.5376,1944.59,27.9916
SYM4492,92.83,1923.449,1.3645,0.3043,0.8672,43.8039,2158.9838,35.0416
SYM4493,99.82,1353.3326,1.1872,0.2335,0.8568,17.1275,2231.3657,25.8128
SYM4494,94.9,778.4562,1.212,0.3675,0.9227,27.7066,2618.1951,44.5778
SYM4495,110.83,1035.3797,1.2519,0.2156,0.877,17.8652,2613.4954,24.2967
SYM4496,99.8,1804.0526,1.3089,0.2876,0.8481,34.9842,2321.3614,33.3239
SYM4497,78.0,1926.1375,1.1609,0.2831,0.9242,47.6638,2181.259,31.428
SYM4498,155.1,1722.4391,1.0931,0.119,0.916,24.0444,2111.3054,10.1917
SYM4499,120.1,1934.7893,1.2707,0.3244,0.8062,43.7875,1870.1115,38.3513
SYM4500,89.93,1397.1622,1.2008,0.3194,0.9126,44.365,2191.3694,37.3013
SYM4501,162.86,823.0533,1.0999,0.3067,0.8793,29.1337,2346.2228,35.7251
SYM4502,82.48,2398.3371,1.5576,0.2535,0.8342,29.7369,2848.7864,29.003
SYM4503,90.19,1397.3253,1.1413,0.2303,0.9304,31.6721,1951.1429,24.4512
SYM4504,80.9,1800.1841,1.2389,0.3079,0.872,39.0644,2285.7978,35.5594
SYM4505,118.55,1452.6315,1.3834,0.2829,0.8801,36.3426,2128.0117,31.8928
SYM4506,93.85,1931.6761,1.3299,0.265,0.7611,34.6261,2466.2921,30.7077
SYM4507,84.72,1184.8526,1.3018,0.3268,0.905,32.4243,2451.4463,38.6888
SYM4508,80.02,1667.9962,1.2283,0.2665,0.8373,29.4799,2071.7643,30.153
SYM4509,172.27,2759.9717,1.4168,0.1187,0.688,22.0216,2064.948,10.2741
SYM4510,143.06,1458.5115,1.2776,0.2793,0.8822,31.5428,2604.1293,31.8983
SYM4511,91.99,2098.8192,1.2181,0.2815,0.8454,39.12,2036.8356,31.4042
SYM4512,85.86,2351.5316,1.2556,0.3021,0.7288,48.5196,2117.2854,34.7118
SYM4513,85.01,1633.7643,1.2824,0.227,0.8778,31.2024,2035.73,24.3817
SYM4514,152.0,1865.513,1.2236,0.2609,0.9005,40.9379,1879.7468,28.9527
SYM4515,82.59,1265.8505,1.3378,0.3213,0.8838,29.9826,2289.1564,38.1465
SYM4516,144.87,2313.269,1.1292,0.2439,0.7541,39.9317,1893.1468,27.5262
SYM4517,85.05,1960.885,1.234,0.2487,0.8888,39.2317,2297.6472,27.0745
SYM4518,107.05,1504.2731,1.2079,0.2717,0.8602,36.3556,2158.2471,30.8828
SYM4519,86.67,1691.1444,1.1647,0.2946,0.8717,43.9315,2009.2592,33.3953
SYM4520,150.27,1113.4062,1.2454,0.3398,0.85,38.328,2385.29,39.6566
SYM4521,92.83,1238.8046,1.3674,0.3467,0.8616,31.5701,2491.5556,41.9968
SYM4522,87.57,1672.6634,1.282,0.3,0.8616,39.0944,2251.9296,35.0849
SYM4523,95.97,2256.8481,1.2211,0.2063,0.8421,43.7338,1872.2972,21.4857
SYM4524,152.66,1942.5027,1.3986,0.2314,0.8772,34.8187,1853.887,25.0017
SYM4525,150.63,1949.7477,1.2261,0.2198,0.9049,30.2755,1567.8655,22.6564
SYM4526,87.27,1924.4308,1.1801,0.2169,0.8463,34.0424,1997.2416,23.029
SYM4527,162.02,1381.3662,1.2126,0.2436,0.8431,33.193,2095.702,26.1518
SYM4528,123.44,1907.9921,1.1029,0.2255,0.9041,29.0892,1851.7808,23.8244
SYM4529,150.08,1301.251,1.372,0.2484,0.8495,25.2376,2744.9536,27.825
SYM4530,83.99,1634.5451,1.1371,0.1926,0.8575,28.5481,1891.295,19.5618
SYM4531,161.99,1972.626,1.3092,0.3042,0.8657,38.2833,1918.7904,35.6152
SYM4532,91.92,1496.7986,1.0939,0.2836,0.8413,37.2698,1721.2857,32.0475
SYM4533,172.27,1356.8614,1.0775,0.2723,0.8127,37.9788,1753.9365,31.0378
SYM4534,89.09,822.9498,1.2717,0.289,0.967,34.5441,2645.5185,31.9571
SYM4535,88.22,1749.4127,1.1131,0.2356,0.8949,39.3041,1874.1825,25.3712
SYM4536,92.02,1222.0695,1.1933,0.2173,0.8886,28.927,2697.4477,22.6686
SYM4537,83.02,967.2424,1.1378,0.2971,0.9127,27.957,1953.796,33.7908
SYM4538,92.89,1696.1415,1.2387,0.2792,0.8358,33.7532,2442.031,31.2861
SYM4539,80.03,2346.0528,1.2784,0.2538,0.8266,32.3939,2180.0859,29.0774
SYM4540,140.2,1924.3148,1.3787,0.297,0.8857,38.5896,2204.0885,33.9507
SYM4541,132.25,1514.7673,1.087,0.2487,0.9154,39.7049,1461.571,26.2973
SYM4542,172.27,2441.0313,1.2428,0.2639,0.8089,41.2378,2152.2341,29.7888
SYM4543,152.61,1606.945,1.0581,0.2657,0.857,43.029,2090.5034,29.5457
SYM4544,92.9,2059.4776,1.3545,0.2858,0.8486,38.9299,1954.9052,32.1193
SYM4545,92.95,1396.9496,1.2899,0.2816,0.9049,36.5287,2297.5113,31.5483
SYM4546,106.97,1909.7268,1.2829,0.3244,0.7592,47.2954,1983.1089,37.7139
SYM4547,178.21,1835.872,1.3803,0.2942,0.8162,32.8578,2090.7862,32.9717
SYM4548,89.94,1837.4965,1.2168,0.2397,0.8105,38.0952,2138.265,25.9008
SYM4549,82.32,2293.055,1.1469,0.2302,0.8568,38.6125,1903.7176,24.2387
SYM4550,88.92,2232.245,1.306,0.3512,0.6569,46.8624,2196.9018,42.7265
SYM4551,123.17,1662.0642,1.2041,0.2615,0.8712,32.5878,1814.9501,28.7284
SYM4552,94.91,1847.2776,1.2278,0.2608,0.8185,36.4978,1930.2044,28.6134
SYM4553,87.9,1445.5893,1.2998,0.218,0.928,27.0664,2480.1165,22.5582
SYM4554,85.91,1307.8602,0.9365,0.0944,0.9328,18.4853,1760.1961,7.7725
SYM4555,87.97,2073.0125,1.2791,0.245,0.2253,37.0089,1695.4795,25.9775
SYM4556,163.86,2431.3506,1.39,0.2734,0.7659,37.9422,2228.2336,30.8457
SYM4557,86.55,1421.6811,1.2298,0.285,0.8067,24.1003,2700.0016,34.0168
SYM4558,90.06,1760.889,1.248,0.2668,0.8939,27.3177,2493.5051,30.3667
SYM4559,111.94,3814.8729,1.3873,0.2527,0.595,44.789,2036.9125,28.0722
SYM4560,123.93,1975.7419,1.5918,0.3082,0.8305,34.0206,2862.4416,35.7151
SYM4561,172.27,1971.7251,1.2366,0.2671,0.9268,40.8209,2528.2187,29.2887
SYM4562,89.96,1543.3548,1.2245,0.2425,0.9246,33.2886,2078.0327,26.3753
SYM4563,120.06,1452.6315,1.3834,0.2829,0.8801,36.3426,2128.0117,31.8928
SYM4564,84.76,844.7378,1.1564,0.1896,0.959,21.6679,2097.0119,18.7668
SYM4565,90.0,1071.5463,1.0539,0.2997,0.9338,43.2489,2371.9595,33.9583
SYM4566,104.97,1477.1848,1.3078,0.2383,0.916,29.9471,2025.6265,25.0941
SYM4567,95.99,1887.7793,1.3606,0.2544,0.8931,33.8,2126.3026,27.853
SYM4568,92.05,2515.1465,1.2857,0.1919,0.9148,36.4382,1856.5292,19.1116
SYM4569,93.81,1402.6626,1.2015,0.1961,0.9261,29.3689,1804.0514,20.0819
SYM4570,88.53,2351.4198,1.2198,0.267,0.9357,48.6237,2144.9916,28.9948
SYM4571,86.41,2146.5103,1.1791,0.2782,0.8733,43.1517,2089.1994,31.0486
SYM4572,87.09,1969.0474,1.3146,0.2768,0.871,44.1315,1723.2976,30.8839
SYM4573,95.99,1588.5693,1.2042,0.276,0.9209,38.3027,2121.0543,30.916
SYM4574,90.91,2188.0616,1.2458,0.1886,0.8929,32.8211,1967.3294,19.3332
SYM4575,99.64,2712.6077,1.4189,0.1815,0.8475,31.3707,2743.6203,18.1818
SYM4576,78.5,1903.4869,1.1664,0.2575,0.901,41.8097,1906.4964,28.0185
SYM4577,94.96,2585.02,1.2479,0.2257,0.8677,41.1784,1866.8876,23.7856
SYM4578,85.96,2321.9647,1.3504,0.1896,0.8584,30.5569,1749.9653,19.3326
SYM4579,118.6,1452.6315,1.3834,0.2829,0.8801,36.3426,2128.0117,31.8928
SYM4580,92.94,1515.9531,1.3442,0.3016,0.9505,36.4455,2417.9947,34.0976
SYM4581,142.99,1472.482,1.1942,0.235,0.9036,32.3312,2140.1998,25.3487
SYM4582,152.03,1842.2676,1.1964,0.2125,0.887,36.2214,2303.295,22.4144
SYM4583,103.98,2353.3297,1.5933,0.2017,0.8509,19.5767,2853.9773,20.9176
SYM4584,83.96,1188.7593,1.2751,0.2682,0.9545,34.1004,2577.4304,29.4518
SYM4585,150.06,1690.6615,1.2165,0.2603,0.9305,41.1683,2087.9288,28.4171
SYM4586,84.01,1825.8193,1.2008,0.2196,0.9312,37.2691,1976.8625,22.7386
SYM4587,154.88,1770.6569,1.1688,0.1858,0.8775,36.0826,1641.3099,18.7568
SYM4588,67.52,1710.7889,1.2139,0.2503,0.844,29.2291,2352.3979,28.4773
SYM4589,90.01,1956.6871,1.2197,0.2126,0.8707,34.4248,1580.0421,21.8567
SYM4590,107.02,1671.817,1.4717,0.2769,0.8774,24.6858,1759.9861,30.9291
SYM4591,79.92,2410.0012,1.2189,0.1935,0.2048,37.0226,1911.4702,19.1294
SYM4592,162.14,1612.3674,1.3841,0.2347,0.8838,29.211,2271.0077,24.9766
SYM4593,92.04,1366.9972,1.2732,0.2645,0.9195,36.5953,2139.4698,29.0369
SYM4594,163.84,868.569,1.2206,0.2973,0.9515,35.3578,2379.8152,33.875
SYM4595,93.83,1304.591,1.2656,0.2225,0.9099,24.3537,2516.6496,24.71
SYM4596,90.83,2592.2633,1.1961,0.182,0.7545,31.6914,1689.1379,18.7843
SYM4597,89.86,1936.52,1.2533,0.2323,0.915,31.6574,2170.0398,24.4002
SYM4598,162.92,1910.3616,1.3658,0.248,0.8462,36.2725,1656.2276,26.7758
SYM4599,143.85,1037.8535,1.1476,0.2484,0.9393,35.4855,2008.1067,26.461
SYM4600,87.96,1684.1019,1.3354,0.2392,0.905,31.1748,1903.7489,25.9264
SYM4601,104.92,1599.8587,1.2969,0.2372,0.2589,30.9533,2040.6722,24.9055
SYM4602,97.06,2038.1752,1.6906,0.2353,0.2119,29.766,3048.0029,25.4172
SYM4603,135.18,1893.4044,1.2182,0.2593,0.8417,32.22,2133.664,29.4172
SYM4604,135.5,2054.9631,1.2156,0.269,0.8368,34.7357,2088.7077,30.6954
SYM4605,172.27,1772.6776,1.4845,0.2777,0.9232,28.8393,2012.3101,30.5392
SYM4606,162.1,1391.7085,1.1803,0.2425,0.2148,33.8683,2055.6552,26.0043
SYM4607,93.96,1113.5086,1.185,0.2473,0.2487,30.486,2415.5761,26.7178
SYM4608,109.32,1288.9699,1.1848,0.2229,0.9096,25.9304,1958.6442,23.2471
SYM4609,191.41,2313.1867,0.9936,0.1855,0.8781,29.2512,1244.0866,18.112
SYM4610,135.12,1300.2496,1.1151,0.2712,0.9196,29.5019,2515.4307,30.1087
SYM4611,121.93,1147.0451,1.0336,0.1666,0.9254,21.5802,2014.5712,16.686
SYM4612,165.05,967.8472,1.1524,0.2015,0.8175,15.0834,2350.9342,22.0621
SYM4613,112.54,1211.8322,1.1226,0.2933,0.9287,30.7914,2300.7038,33.6161
SYM4614,123.03,1080.4644,1.285,0.2851,0.9214,23.8964,2242.4991,32.3122
SYM4615,130.51,1345.9115,1.1679,0.2465,0.8684,28.7298,2115.5764,27.5577
SYM4616,125.96,971.3151,1.0464,0.1782,0.9049,15.2131,2520.5922,17.9408
SYM4617,89.88,1394.2476,1.197,0.2635,0.8412,24.4096,2152.8054,30.6672
SYM4618,122.11,1381.9858,1.2801,0.2079,0.8581,17.9257,2261.4417,22.9678
SYM4619,103.88,1152.7101,1.1698,0.2211,0.8882,21.4094,2438.2497,23.8183
SYM4620,161.78,1717.1203,1.3085,0.2757,0.9027,23.8562,2438.4379,31.1869
SYM4621,93.53,1936.7541,1.2285,0.1688,0.8802,22.4386,1762.2524,17.0373
SYM4622,143.0,980.0118,1.0893,0.2746,0.9404,29.026,2124.6112,30.2331
SYM4623,109.97,1734.9432,1.2212,0.2936,0.8498,36.3276,2101.0793,33.6299
SYM4624,87.88,1494.8297,1.1621,0.2347,0.8833,29.7925,2158.0133,26.0988
SYM4625,110.16,664.6945,1.2439,0.2876,0.9497,21.7828,2269.4558,32.8763
SYM4626,111.83,1554.0493,1.0873,0.2348,0.9176,29.8715,2219.8019,25.3521
SYM4627,117.97,1058.1485,1.2822,0.2659,0.8856,26.254,2569.8042,30.4499
SYM4628,147.91,1760.1211,1.3338,0.1165,0.8744,15.1174,2080.2107,9.654
SYM4629,99.12,1037.4492,1.1109,0.2382,0.9172,22.1352,2264.6799,25.6247
SYM4630,120.02,1145.0101,1.1519,0.2436,0.9278,27.9523,2181.4449,26.6546
SYM4631,150.48,1654.3113,1.2883,0.2648,0.9088,29.6197,2049.9453,29.5644
SYM4632,115.66,1079.3896,1.1038,0.1828,0.9543,19.6638,2429.4086,18.2762
SYM4633,118.09,722.5238,1.277,0.234,0.9504,17.8061,2805.8761,25.6684
SYM4634,172.27,1170.0486,1.0104,0.2105,0.9116,25.357,1970.9636,21.6515
SYM4635,111.02,937.5882,1.1065,0.1268,0.9249,17.6574,1615.5205,11.1055
SYM4636,85.87,678.5844,1.1413,0.2281,0.9566,17.6154,2162.7594,23.5998
SYM4637,89.31,1378.2084,1.1395,0.205,0.9118,20.2262,2159.922,21.2013
SYM4638,132.06,1620.5015,1.2247,0.1866,0.8505,23.7399,2577.0858,19.1491
SYM4639,111.87,714.932,0.9005,0.1656,0.9237,14.9842,2278.4089,16.1084
SYM4640,105.99,585.0114,0.9438,0.2343,0.9463,22.2605,2422.2145,25.2324
SYM4641,89.98,1092.677,1.1665,0.1892,0.9166,17.8065,2245.7049,19.6428
SYM4642,165.61,1105.4419,0.935,0.1246,0.8864,13.5618,1953.1949,11.3375
SYM4643,99.68,1105.3977,1.1464,0.2131,0.8969,22.5344,1982.4098,21.8583
SYM4644,91.95,911.2566,1.1657,0.2004,0.9349,18.853,2280.8702,20.7445
SYM4645,109.91,614.637,0.9625,0.2162,0.9509,16.8444,2590.9802,22.1398
SYM4646,142.05,655.218,1.1042,0.2711,0.929,29.5639,2485.468,31.1079
SYM4647,144.31,1156.7921,1.2465,0.223,0.8771,22.3595,2623.9207,24.455
SYM4648,123.07,1435.0835,1.1909,0.1779,0.8679,19.7366,2187.0379,17.5369
SYM4649,94.0,891.9194,1.0782,0.2957,0.926,31.3811,2380.3206,33.8971
SYM4650,147.91,1760.1211,1.3338,0.1165,0.8744,15.1174,2080.2107,9.654
SYM4651,135.04,1689.5236,1.1606,0.224,0.8959,31.5545,2088.8992,23.6776
SYM4652,113.19,1179.7204,1.0846,0.2294,0.9299,28.4693,2358.7776,24.7863
SYM4653,87.82,1264.2726,0.9851,0.1039,0.8996,11.9642,1692.1795,8.7386
SYM4654,120.92,1073.1806,1.1576,0.0662,0.9198,10.4088,1433.9528,4.4579
SYM4655,164.68,1137.2384,1.3466,0.2397,0.8998,21.6145,2364.855,25.4926
SYM4656,140.0,1344.9038,1.2396,0.1089,0.7529,11.6288,2172.4506,9.6372
SYM4657,99.98,5179.1962,1.5736,0.0909,0.5258,21.1846,2374.0666,7.1022
SYM4658,178.21,1060.9978,0.9948,0.0522,0.8893,9.0698,1646.9198,3.2747
SYM4659,128.51,853.8364,1.0132,0.2333,0.9386,20.723,1715.4559,25.4372
SYM4660,164.04,2487.4355,1.3765,0.0808,0.7525,17.0274,1726.0872,6.0796
SYM4661,172.27,730.0777,1.1031,0.1283,0.9438,15.567,1939.4002,10.9788
SYM4662,112.54,1211.8322,1.1226,0.2933,0.9287,30.7914,2300.7038,33.6161
SYM4663,139.98,871.6386,1.275,0.3081,0.9125,30.7438,2039.7118,35.2467
SYM4664,151.97,1756.7021,1.4213,0.2628,0.8519,27.832,2135.3163,29.1391
SYM4665,140.91,1844.9053,1.3118,0.3065,0.8609,38.6138,1918.5934,34.9988
SYM4666,172.27,1425.7001,1.4675,0.0737,0.8602,10.2195,2274.6032,5.3016
SYM4667,162.73,1227.6132,1.2639,0.1905,0.9247,18.158,2091.8568,19.1285
SYM4668,142.84,2031.8337,1.4237,0.2966,0.8081,34.6655,1855.4082,34.0402
SYM4669,162.47,638.3291,1.3498,0.2505,0.9625,17.7804,2787.4801,27.6498
SYM4670,130.08,1932.5887,1.5173,0.2301,0.7819,27.4188,2068.9979,24.6268
SYM4671,80.14,2458.2209,1.5141,0.224,0.8978,30.0176,2459.686,23.6452
SYM4672,96.06,2601.7111,1.3457,0.1989,0.8018,31.9169,1836.9555,20.434
SYM4673,128.57,1291.5636,1.412,0.3755,0.8813,31.9335,1917.8961,45.767
SYM4674,128.56,1360.0374,1.2513,0.3103,0.8922,34.2013,2033.9493,35.8674
SYM4675,150.12,1841.3859,1.3168,0.305,0.6703,36.3305,1839.1149,35.7558
SYM4676,125.86,859.839,1.238,0.3095,0.8527,22.229,2226.9865,37.0988
SYM4677,138.01,1511.1541,1.4017,0.2175,0.8549,23.0412,2470.486,23.2052
SYM4678,135.96,1012.067,1.3271,0.2268,0.9274,19.5809,2212.7936,24.437
SYM4679,123.96,1525.1396,1.3797,0.1405,0.8719,16.1307,2234.967,12.9561
SYM4680,150.72,2488.5635,1.2711,0.1612,0.881,27.2386,1721.3175,15.0142
SYM4681,162.54,1698.1754,1.3826,0.2952,0.8663,33.3178,2110.3727,34.0688
SYM4682,129.51,1631.2432,1.4316,0.2064,0.8964,21.1853,2440.9345,21.8874
SYM4683,140.77,2292.4703,1.3975,0.1878,0.8914,29.235,2121.1754,18.6702
SYM4684,81.91,2814.6225,1.4193,0.2167,0.8605,35.3099,2025.5151,22.7612
SYM4685,150.17,1725.4802,1.432,0.2399,0.8892,30.1637,2398.4604,26.2188
SYM4686,111.78,1142.0115,1.1611,0.2683,0.8758,21.6236,2484.3318,31.0823
SYM4687,84.97,1639.423,1.389,0.2255,0.8537,26.7667,2093.517,24.0585
SYM4688,129.52,1241.6156,1.3716,0.232,0.9436,23.6239,2241.1467,24.4674
SYM4689,142.1,1440.79,1.34,0.1841,0.8844,25.2213,2207.1714,18.5773
SYM4690,119.94,1077.9116,1.3228,0.2337,0.9099,21.6288,2705.7954,25.2033
SYM4691,136.32,2152.9569,1.2869,0.2094,0.8348,31.0296,2164.1709,21.9489
SYM4692,125.98,1470.21,1.439,0.2987,0.8799,24.3216,2185.5717,34.6642
SYM4693,133.78,1124.8306,1.2822,0.1945,0.9092,18.5082,2213.6141,20.1928
SYM4694,123.93,1688.443,1.4502,0.1993,0.8792,22.7123,2286.043,20.3695
SYM4695,172.27,2028.8204,1.3441,0.1812,0.8752,27.2305,2077.7421,17.6049
SYM4696,150.37,1269.1552,1.4226,0.1312,0.9127,19.6244,2197.1319,11.5318
SYM4697,133.73,1102.6495,1.2778,0.2112,0.9175,25.3325,2351.8187,22.2086
SYM4698,125.03,1414.3328,1.3108,0.2809,0.8558,30.6743,2041.5828,31.8156
SYM4699,111.04,896.2736,1.2278,0.2526,0.9398,22.7661,2143.7983,28.253
SYM4700,153.86,2306.6749,1.2706,0.2723,0.7726,39.3957,2459.4751,30.8413
SYM4701,129.86,1322.6417,1.366,0.1991,0.9035,18.969,2407.8301,20.8417
SYM4702,129.56,1631.7244,1.4129,0.2421,0.9427,32.8353,2542.9664,25.8902
SYM4703,75.46,3210.5716,1.2989,0.2316,0.2102,40.516,1917.6402,24.789
SYM4704,119.98,1496.9134,1.3909,0.3051,0.875,29.0925,2645.4415,35.3264
SYM4705,117.75,1944.7798,1.2525,0.2689,0.8437,35.6641,2140.7894,29.4796
SYM4706,139.92,1571.7891,1.0334,0.208,0.89,28.6919,1674.2637,22.1563
SYM4707,123.94,1984.7825,1.3317,0.2519,0.8434,33.734,1929.7798,26.5928
SYM4708,151.02,1411.7593,1.2648,0.2819,0.844,28.9242,1996.4896,32.3612
SYM4709,129.71,1993.3878,1.3294,0.2719,0.8623,30.3266,2162.2789,30.0188
SYM4710,150.33,1080.3999,1.1216,0.1894,0.8885,17.3115,2399.1485,19.7521
SYM4711,117.77,1228.6487,1.3188,0.3372,0.7902,29.8026,2210.0602,41.0687
SYM4712,135.03,1911.1261,1.4979,0.1839,0.8501,23.0889,2231.8582,18.4487
SYM4713,118.48,1246.4936,1.384,0.2979,0.8635,35.2848,2346.0805,33.8798
SYM4714,126.86,1767.8235,1.3725,0.2806,0.8575,32.8316,2256.8804,31.7525
SYM4715,79.85,1233.9166,1.337,0.2131,0.9278,20.4421,2454.7797,22.4358
SYM4716,129.36,1439.5783,1.2611,0.2157,0.8341,27.1065,2020.0601,22.998
SYM4717,114.9,2079.8945,1.3293,0.2154,0.8849,25.7424,1946.0926,22.1634
SYM4718,90.05,1524.7441,1.2238,0.141,0.9092,16.1276,2170.2892,13.5089
SYM4719,139.88,1732.3999,1.5013,0.2332,0.8916,26.7519,2382.1125,25.1927
SYM4720,84.96,1466.4386,1.398,0.2076,0.8915,22.6263,2596.5544,21.5987
SYM4721,126.11,1397.4391,1.308,0.2999,0.885,31.0728,1767.3602,34.3184
SYM4722,133.72,2071.0529,1.2818,0.2165,0.7915,32.0915,1885.231,22.548
SYM4723,89.76,1513.4511,1.3365,0.2302,0.896,24.9504,2263.2031,24.4436
SYM4724,129.58,2291.3767,1.4419,0.2013,0.8566,30.3426,2469.9116,20.8977
SYM4725,135.79,732.9376,1.2137,0.2712,0.94,24.9241,2346.8631,30.3867
SYM4726,83.95,2781.4872,1.2764,0.2288,0.8342,33.9629,1945.1541,24.6598
SYM4727,111.97,2024.7476,1.1842,0.2479,0.7735,31.5011,1414.1013,27.3376
SYM4728,126.98,1193.4017,1.3182,0.23,0.8865,22.755,2165.095,24.7913
SYM4729,128.54,1068.9204,1.3324,0.336,0.8419,28.4073,2185.2515,40.2922
SYM4730,92.97,937.051,1.2809,0.2235,0.9261,17.6126,2514.3694,23.2029
SYM4731,87.94,1411.2917,1.4617,0.1919,0.9172,19.5797,2289.5839,19.3289
SYM4732,135.95,2562.2319,1.291,0.2509,0.7678,27.7241,2594.5857,27.2907
SYM4733,129.68,1638.7401,1.4823,0.2849,0.8371,26.9956,2252.2514,32.828
SYM4734,93.96,1232.1267,1.4397,0.2302,0.9306,26.6359,2322.8333,24.4963
SYM4735,116.91,1403.4472,1.3167,0.2493,0.8465,18.0293,2346.4468,28.0947
SYM4736,147.99,1620.5086,1.4188,0.2244,0.8443,18.7453,2722.5496,23.9599
SYM4737,161.78,1682.2269,1.4863,0.257,0.8726,21.3664,2536.6273,28.1448
SYM4738,152.77,1438.4122,1.1584,0.2042,0.9044,23.7583,2203.4577,21.0918
SYM4739,130.39,1653.6608,1.3264,0.2204,0.8154,24.706,2032.0417,24.0365
SYM4740,120.05,1028.4433,1.185,0.1786,0.857,16.7692,2474.1741,17.6236
SYM4741,100.1,1125.4851,1.4262,0.1835,0.8943,17.2501,2311.2552,18.5182
SYM4742,144.73,1540.8986,1.4129,0.1675,0.847,20.0034,2451.5172,16.4375
SYM4743,147.94,1998.2319,1.391,0.1914,0.8277,26.9012,2196.1674,19.4267
SYM4744,95.0,948.6926,1.1875,0.2154,0.9421,26.3972,2597.015,22.3522
SYM4745,85.94,1988.0705,1.2249,0.2886,0.8481,47.6733,1872.9067,32.6278
SYM4746,91.81,1371.7539,1.2512,0.2546,0.8804,26.5687,2579.937,28.8201
SYM4747,144.88,2258.3406,1.4073,0.2379,0.8231,31.6382,2246.6926,25.408
SYM4748,94.96,2164.7005,1.3243,0.1958,0.8386,22.008,2452.5545,20.394
SYM4749,161.93,1934.8653,1.1831,0.0627,0.8351,11.8405,2014.7512,4.3462
SYM4750,129.6,1479.8567,1.3868,0.1306,0.7916,14.441,2238.1814,11.9127
SYM4751,126.01,1766.385,1.412,0.3017,0.8371,25.4666,2320.6666,34.9584
SYM4752,120.14,1348.7428,1.1589,0.2495,0.8925,27.3323,2040.7041,28.2929
SYM4753,95.32,1347.7217,1.2922,0.171,0.9065,21.4161,2621.9956,16.8207
SYM4754,140.02,2366.5299,1.2691,0.2301,0.8676,32.486,2089.8204,24.5019
SYM4755,140.11,1941.5805,1.3818,0.2086,0.8805,30.736,2716.0949,21.9461
SYM4756,136.75,2879.2244,1.4457,0.2748,0.7402,26.8688,2180.1185,31.9478
SYM4757,118.38,2189.3239,1.356,0.1539,0.8589,20.1518,2565.9475,14.3221
SYM4758,96.12,1513.4723,1.3693,0.1918,0.9011,24.5535,2506.9905,19.1852
SYM4759,69.89,1387.6746,1.3935,0.2065,0.877,18.9547,2261.7325,21.2526
SYM4760,81.96,1902.4067,1.3389,0.1873,0.8901,27.6453,2615.7817,18.9798
SYM4761,125.13,2529.7159,1.3065,0.238,0.8724,38.1702,1934.115,25.2809
SYM4762,79.9,2412.2099,1.2406,0.2283,0.8028,34.0704,2146.0496,24.3223
SYM4763,79.87,3210.3096,1.3928,0.259,0.8262,39.7773,2211.6869,28.0496
SYM4764,172.27,1750.5699,1.3183,0.2924,0.8656,40.9313,1793.6195,32.5054
SYM4765,154.35,1490.8563,1.4464,0.2505,0.8154,20.7251,2437.1094,28.3387
SYM4766,103.93,1805.5596,1.5465,0.157,0.8004,20.0453,2858.4268,15.5799
SYM4767,89.89,1336.1028,1.4236,0.1954,0.9045,24.116,2437.5663,20.2383
SYM4768,118.64,1723.6437,1.3695,0.2519,0.8921,33.0288,2304.4099,27.7499
SYM4769,77.56,2267.9148,1.2966,0.3011,0.8448,35.7055,1924.9822,34.2392
SYM4770,60.01,1862.5416,1.3689,0.2319,0.8723,37.8266,2263.6394,24.9192
SYM4771,172.27,3497.8157,1.3757,0.2479,0.8105,40.0626,2097.9942,26.5951
SYM4772,90.03,1265.3131,1.2884,0.2095,0.8772,24.9973,2247.4521,22.021
SYM4773,120.02,1950.0614,1.3296,0.1027,0.7799,12.0818,2333.26,8.8355
SYM4774,172.27,1634.0178,1.4996,0.1912,0.8641,19.3878,2999.5167,19.942
SYM4775,87.95,1603.5362,1.3278,0.1732,0.8783,20.9185,2362.5829,17.2851
SYM4776,95.0,1683.812,1.2806,0.2006,0.85,20.8496,2327.4529,21.1171
SYM4777,136.53,1643.8405,1.3363,0.1781,0.8675,21.9574,2120.2927,17.6696
SYM4778,143.91,807.9522,1.2676,0.2052,0.9239,20.5434,2498.4531,21.0439
SYM4779,91.01,1418.0017,1.442,0.2194,0.8855,26.2779,2301.5002,22.8781
SYM4780,143.36,1402.7453,1.239,0.2163,0.8257,26.3929,2365.6694,23.1751
SYM4781,97.99,1924.1949,1.3864,0.184,0.8559,26.5181,2601.7584,18.4982
SYM4782,82.94,1270.5715,1.2845,0.2451,0.9578,31.8209,2459.4121,25.8932
SYM4783,122.31,1502.5596,1.3539,0.1842,0.9011,25.7699,2420.7128,18.7627
SYM4784,152.06,2403.6289,1.2318,0.2387,0.8352,37.7452,1977.3219,25.3752
SYM4785,142.54,1058.7464,1.377,0.1936,0.9208,19.0306,2622.7259,20.544
SYM4786,80.08,2261.4804,1.3792,0.2734,0.6933,36.337,2061.7118,31.8366
SYM4787,133.98,2495.7269,1.3344,0.1717,0.7502,25.1467,2607.5808,17.2119
SYM4788,92.98,1259.4287,1.3494,0.2039,0.9477,24.7317,2173.6814,20.6374
SYM4789,91.33,1509.4777,1.3624,0.26,0.9021,34.0731,2323.8882,28.2552
SYM4790,162.36,1707.1816,1.4116,0.181,0.8634,25.7344,2335.6164,17.8141
SYM4791,92.05,1774.6037,1.3888,0.2134,0.9023,30.9945,2231.3477,21.9747
SYM4792,96.0,1615.4797,1.2885,0.2182,0.8444,31.2886,1965.0705,22.9885
SYM4793,99.92,2180.0252,1.3945,0.2358,0.8011,32.6866,2263.1884,25.573
SYM4794,143.84,1325.4502,1.2711,0.2009,0.9163,20.832,1786.3098,20.6029
SYM4795,135.2,1672.1637,1.3722,0.1611,0.8755,24.5947,2123.6604,15.4182
SYM4796,163.99,2607.9875,1.1563,0.2104,0.8344,31.5644,2293.3495,22.2332
SYM4797,151.99,2848.4111,1.1709,0.1898,0.7594,31.8118,1975.4126,19.6638
SYM4798,82.02,2022.9564,1.167,0.2115,0.2718,32.7585,1852.3062,21.8967
SYM4799,109.97,2020.5238,1.2625,0.1371,0.7173,19.1762,1992.1364,13.4001
SYM4800,99.0,2051.6527,1.3616,0.2551,0.8208,34.3878,2165.4489,28.382
SYM4801,150.3,1080.3999,1.1216,0.1894,0.8885,17.3115,2399.1485,19.7521
SYM4802,100.05,1779.7109,1.7278,0.2273,0.8321,22.8898,3197.1115,25.0106
SYM4803,172.27,1387.14,1.3365,0.0416,0.8287,8.0235,1885.7125,2.4462
SYM4804,80.01,1581.6698,1.4215,0.2058,0.8704,25.9009,2455.3382,21.2899
SYM4805,139.99,1347.4959,1.4302,0.2884,0.89,29.9486,2113.5704,32.4649
SYM4806,161.75,1248.0097,1.4955,0.2324,0.9285,24.1227,2534.441,24.8227
SYM4807,142.73,1857.3997,1.0963,0.0881,0.8857,16.7337,2063.1285,6.914
SYM4808,142.18,1165.9012,1.3131,0.1907,0.921,19.4448,2465.8858,19.6341
SYM4809,163.09,1115.0008,1.1752,0.1571,0.9554,17.2617,2144.272,14.5078
SYM4810,99.93,2007.22,1.4611,0.189,0.8727,19.7999,3006.4749,19.6345
SYM4811,99.97,1899.6802,1.4845,0.2425,0.9139,34.4643,2184.3383,26.2543
SYM4812,107.87,2126.6058,1.1496,0.1916,0.9047,33.481,1799.7205,19.2138
SYM4813,136.51,1320.7385,1.3886,0.1915,0.8767,19.5976,2339.6511,18.7585
SYM4814,94.2,1411.3245,1.2507,0.255,0.8097,26.0307,2802.2106,29.8145
SYM4815,129.79,1182.7492,1.4532,0.2253,0.8956,24.4047,2844.5574,23.9301
SYM4816,125.96,2139.6089,1.3621,0.2508,0.8417,37.0029,1806.8851,27.2007
SYM4817,162.75,1674.5566,1.3558,0.1659,0.8627,19.3095,2090.2276,16.0348
SYM4818,104.92,1198.7503,1.3662,0.1903,0.9238,17.8047,2596.9489,19.4429
SYM4819,150.42,1660.5137,1.2694,0.1988,0.8885,24.8721,2118.5261,20.7969
SYM4820,164.05,1449.2822,1.3932,0.2229,0.8266,24.3352,2163.5383,24.0137
SYM4821,149.16,2198.7874,1.3045,0.1976,0.798,28.5222,2222.9519,20.697
SYM4822,139.85,1263.207,1.2585,0.2021,0.924,26.1658,2432.0729,20.7127
SYM4823,86.0,1836.4087,1.2179,0.3025,0.7826,41.4348,1720.0751,34.3331
SYM4824,142.14,2918.8973,1.2752,0.2716,0.8575,40.5748,2072.0945,29.7028
SYM4825,86.01,1524.0054,1.3425,0.2435,0.91,28.5634,2465.0695,26.5424
SYM4826,154.93,2110.2119,1.348,0.3139,0.7884,42.3851,2042.2294,36.0266
SYM4827,89.95,1685.03,1.2788,0.2867,0.8914,30.6478,2242.5694,32.8119
SYM4828,129.69,484.0005,1.2534,0.3403,0.9577,21.0644,2672.4316,39.9955
SYM4829,84.91,2070.4485,1.3798,0.2378,0.8252,35.5791,1983.5869,26.0371
SYM4830,87.01,2477.3472,1.1732,0.2029,0.8942,36.9484,1743.3883,20.1871
SYM4831,164.02,2393.3518,1.1214,0.0845,0.8567,14.7048,1907.9247,6.6911
SYM4832,135.08,1350.6788,1.3428,0.2659,0.8623,22.17,2786.7313,29.5029
SYM4833,162.08,1600.2696,1.3337,0.2131,0.8991,23.0339,2350.9781,22.294
SYM4834,103.6,1028.3234,1.0728,0.2697,0.897,28.618,2122.7771,30.3352
SYM4835,75.42,1119.4378,1.1679,0.1827,0.9487,23.8576,2204.5719,18.212
SYM4836,96.9,1315.8918,1.7182,0.2628,0.8983,27.6332,2654.5107,29.2087
SYM4837,107.97,2441.1146,1.6093,0.2767,0.8175,35.1416,2545.3641,30.6462
SYM4838,97.02,1829.9572,1.4203,0.2276,0.8544,29.9729,2130.4098,24.2558
SYM4839,85.82,1122.5322,1.4273,0.2027,0.8957,20.0866,2830.6205,20.925
SYM4840,105.02,2196.1231,1.506,0.1889,0.8653,27.3056,3036.7524,19.3312
SYM4841,88.01,2483.303,1.2107,0.2951,0.8772,39.1708,1907.8215,32.9207
SYM4842,122.31,1502.5596,1.3539,0.1842,0.9011,25.7699,2420.7128,18.7627
SYM4843,151.99,1457.5938,1.3733,0.199,0.8832,19.5912,2182.6385,20.3634
SYM4844,163.13,1058.2072,1.2628,0.0804,0.9195,8.4685,2659.1417,6.0041
SYM4845,79.95,1390.5633,1.371,0.1853,0.8383,18.6484,2630.5656,19.0339
SYM4846,82.98,1382.3194,1.4698,0.1789,0.9157,19.413,2734.2003,17.4493
SYM4847,96.08,2973.1713,1.2427,0.0564,0.7733,12.4574,2049.3582,3.8066
SYM4848,97.03,1919.1661,1.0842,0.0517,0.8992,10.9189,1949.2739,3.3672
SYM4849,91.97,1186.1464,1.2026,0.2437,0.9232,25.7032,2934.4331,26.8133
SYM4850,94.91,3084.562,1.2654,0.1552,0.8733,32.3817,1682.3366,14.0371
SYM4851,99.0,2051.6527,1.3616,0.2551,0.8208,34.3878,2165.4489,28.382
SYM4852,153.8,1003.2735,1.3604,0.0469,0.8291,9.2024,2386.7351,2.8894
SYM4853,137.27,1949.9488,1.3085,0.2434,0.2169,42.9994,2172.9385,25.3873
SYM4854,166.09,1842.9781,1.2329,0.0614,0.8781,9.9329,2180.2552,4.327
SYM4855,98.98,1306.5601,1.3175,0.1914,0.9536,22.4553,2254.6828,19.0518
SYM4856,90.06,2156.8706,1.4381,0.2141,0.7848,17.4964,2378.7735,22.8456
SYM4857,172.27,2108.2703,1.1807,0.2062,0.8835,34.1238,2065.1232,21.5526
SYM4858,96.7,2018.2941,1.426,0.266,0.8154,32.251,2251.3054,29.4071
SYM4859,150.16,2100.1334,1.1937,0.1784,0.9003,32.5112,2218.8765,17.581
SYM4860,81.87,2272.9512,1.3039,0.2586,0.832,31.4731,1882.8554,29.0562
SYM4861,139.99,1789.0002,1.3149,0.204,0.8826,22.1731,2657.7037,20.8702
SYM4862,143.27,1249.6678,1.4703,0.2616,0.9201,28.1869,2570.2922,28.6622
SYM4863,92.0,1542.7908,1.4009,0.2078,0.8853,24.1841,2424.1855,21.3904
SYM4864,129.96,1477.3321,1.2519,0.2466,0.9169,24.7797,2399.2621,26.3065
SYM4865,82.59,1796.4633,1.1894,0.2656,0.9244,47.8674,1890.2349,28.7766
SYM4866,90.05,1457.073,1.3821,0.2436,0.8763,28.764,2289.2632,27.1043
SYM4867,140.0,2353.674,1.1445,0.2797,0.8703,38.192,2397.8184,31.4756
SYM4868,63.62,14.4718,0.0,0.0,0.9992,0.0,2.8762,0.0
SYM4869,94.04,1708.1533,1.4292,0.2112,0.8321,29.7124,2332.5471,22.6889
SYM4870,84.91,2070.4485,1.3798,0.2378,0.8252,35.5791,1983.5869,26.0371
SYM4871,99.99,1767.9676,1.533,0.1916,0.8628,22.1037,2361.6606,19.9022
SYM4872,129.85,2122.4558,1.3369,0.1725,0.9111,22.8064,2248.8235,16.7832
SYM4873,144.92,1650.4034,1.22,0.2463,0.8988,36.1597,2213.9989,26.5768
SYM4874,94.97,1250.5163,1.2376,0.218,0.9183,26.9709,3016.3506,23.6032
SYM4875,96.99,1589.2573,1.5384,0.2726,0.8874,28.5562,2550.0703,30.8305
SYM4876,93.71,1360.1927,1.382,0.2652,0.9422,27.2927,1943.0523,29.094
SYM4877,83.84,1620.4361,1.341,0.2376,0.9277,33.7619,2393.7655,25.1145
SYM4878,122.84,2168.9076,1.2728,0.2162,0.9032,41.4441,1818.146,22.3703
SYM4879,97.95,2831.6129,1.4202,0.1802,0.8424,29.6917,2222.2427,17.6871
SYM4880,84.59,2390.7673,1.3023,0.1675,0.8831,21.7986,2292.2689,16.2341
SYM4881,86.03,1315.5738,1.2807,0.2624,0.877,26.8788,2775.5959,30.3636
SYM4882,161.8,927.2496,1.2412,0.1212,0.922,14.783,2158.6477,10.4714
SYM4883,142.29,1596.4464,1.4252,0.1987,0.8622,25.1649,2340.4506,20.3898
SYM4884,156.41,2622.3796,1.4675,0.2512,0.8465,31.2308,2164.3364,26.9262
SYM4885,83.43,1856.554,1.3612,0.2311,0.8219,26.5006,2640.1077,25.0266
SYM4886,136.0,2804.5905,1.3444,0.2078,0.7974,24.8161,2375.2455,21.3569
SYM4887,110.03,2176.7412,1.4864,0.1918,0.8767,31.3464,2316.1437,19.2707
SYM4888,101.95,1132.4427,1.2975,0.2287,0.3061,29.0136,2616.8086,24.6555
SYM4889,86.94,1098.1753,1.3588,0.2266,0.9488,23.3587,2518.4209,23.733
SYM4890,164.03,737.8075,1.2931,0.3128,0.9678,35.769,3108.1442,35.5233
SYM4891,139.86,1019.8271,1.3194,0.2931,0.9052,26.6005,2999.0978,33.79
SYM4892,99.93,1173.7227,1.3934,0.2339,0.9365,22.4423,2309.823,24.5738
SYM4893,83.08,1102.9467,1.122,0.1804,0.9404,24.3595,2300.1036,17.7066
SYM4894,91.82,938.0787,1.0991,0.2839,0.9168,29.2966,2267.7395,32.6071
SYM4895,79.95,1620.7002,1.3926,0.2679,0.8289,29.725,2555.4107,30.693
SYM4896,120.7,1053.6929,1.186,0.2805,0.9117,37.6779,2212.7534,31.2815
SYM4897,86.02,1464.9351,1.3403,0.2411,0.9223,30.4639,2580.3017,25.8756
SYM4898,95.03,2555.3131,1.1828,0.203,0.8719,37.8211,1631.2554,20.6369
SYM4899,84.89,2369.7308,1.3525,0.0936,0.2089,16.6013,1905.7752,7.3857
SYM4900,90.05,1628.6157,1.3808,0.2825,0.7912,29.0643,2472.8776,32.5178
SYM4901,89.01,1641.2711,1.5182,0.2666,0.8489,31.456,2401.1606,29.386
SYM4902,150.19,1572.9634,1.2569,0.2341,0.8947,31.0249,2069.2501,24.8182
SYM4903,150.91,1619.7912,1.2579,0.2053,0.9196,24.213,2684.0122,20.5418
SYM4904,91.41,2361.1289,1.251,0.3719,0.8259,44.3563,1992.6173,45.2782
SYM4905,144.03,1558.1272,1.3092,0.2855,0.8208,29.0825,2453.3178,33.3758
SYM4906,143.96,1957.475,1.2356,0.1686,0.8591,30.229,1861.9786,15.8226
SYM4907,79.9,2412.2099,1.2406,0.2283,0.8028,34.0704,2146.0496,24.3223
SYM4908,82.46,1699.9738,1.3598,0.2534,0.8927,39.9128,2062.0231,27.387
SYM4909,82.97,1963.0207,1.2513,0.2125,0.8693,37.0977,1840.9178,21.7077
SYM4910,88.14,1815.8921,1.4947,0.2897,0.8694,34.1706,2691.3269,33.9833
SYM4911,81.1,1873.8679,1.1524,0.3458,0.8467,44.866,1779.604,41.1404
SYM4912,141.29,1342.3183,1.1356,0.205,0.9495,33.0934,2232.0012,20.6502
SYM4913,103.0,1206.1159,1.173,0.2588,0.9328,26.1112,1974.916,28.2673
SYM4914,99.01,2101.2157,1.3751,0.2518,0.9092,20.541,2381.4299,28.3779
SYM4915,84.75,1731.5455,1.3709,0.3373,0.9126,31.8728,1903.3145,39.7278
SYM4916,106.98,1214.5079,1.3991,0.2933,0.8713,30.2024,2766.7791,34.0394
SYM4917,78.01,1194.0826,1.2416,0.2717,0.9489,37.4132,2702.0138,30.1773
SYM4918,89.8,1155.4922,1.3987,0.2719,0.9255,27.6642,2893.3801,31.4817
SYM4919,82.94,2695.5721,1.3582,0.3409,0.7995,33.4557,2484.9518,40.553
SYM4920,99.96,2242.9694,1.4077,0.3309,0.75,39.8525,2015.1507,38.387
SYM4921,172.27,1583.8468,1.1961,0.2024,0.8983,25.0064,2303.2224,21.1249
SYM4922,85.5,1328.2479,1.2634,0.2047,0.9381,19.5115,2333.7892,20.879
SYM4923,144.63,1082.1499,1.3404,0.2081,0.9514,23.6043,2730.0193,21.6556
SYM4924,98.19,1536.7427,1.4704,0.3674,0.8234,34.5841,2230.413,44.4498
SYM4925,89.79,2268.9044,1.2485,0.3677,0.7742,43.5398,2253.8125,44.68
SYM4926,119.99,1348.7428,1.1589,0.2495,0.8925,27.3323,2040.7041,28.2929
SYM4927,143.57,1581.9831,1.2026,0.1251,0.7186,14.2643,1972.5276,11.966
SYM4928,95.22,2084.9836,1.2692,0.2143,0.885,24.7319,2613.9197,22.6086
SYM4929,135.83,2432.2544,1.2622,0.3559,0.7421,46.5182,2177.4717,42.7081
SYM4930,107.02,1641.6204,1.1639,0.2064,0.9027,25.1002,1905.3002,21.138
SYM4931,103.97,1711.78,1.385,0.3511,0.8359,40.2825,2041.5445,41.9584
SYM4932,99.9,1830.3498,1.5686,0.2601,0.8385,28.7829,2987.3134,29.1775
SYM4933,99.99,2290.1099,1.494,0.2721,0.7917,35.9954,2443.0278,30.1782
SYM4934,126.27,1849.5253,1.014,0.1944,0.2544,21.801,1961.3665,20.525
SYM4935,172.27,1216.5794,1.0905,0.1026,0.9271,16.1717,1903.9443,8.644
SYM4936,162.1,1945.8512,1.1511,0.141,0.8357,19.3988,1969.3548,12.9631
SYM4937,161.98,1360.9018,1.2332,0.1362,0.8854,16.2106,2028.7975,12.2341
SYM4938,83.94,1449.556,1.4895,0.2148,0.9199,25.4209,2509.0681,22.5104
SYM4939,146.03,1196.6076,1.4306,0.2576,0.9298,24.4984,2186.9741,28.1521
SYM4940,178.21,1584.2419,1.4849,0.2807,0.8401,24.8945,2682.5615,32.4118
SYM4941,138.29,2042.3061,1.2284,0.2212,0.8518,31.3263,2091.8319,24.6629
SYM4942,122.14,1744.6292,1.2988,0.2184,0.8742,28.4197,2102.0231,23.9603
SYM4943,154.69,1736.7251,1.3006,0.2195,0.8803,29.3068,1885.8089,22.767
SYM4944,172.27,2065.3585,1.3937,0.2384,0.9165,26.4946,2118.1738,25.2407
SYM4945,116.43,1125.3991,1.0999,0.2708,0.8531,31.2935,1904.3733,30.3372
SYM4946,135.07,2703.7342,1.2812,0.2676,0.8112,31.7328,2349.1444,30.4671
SYM4947,101.88,1385.8891,1.1377,0.1699,0.9276,26.4378,2041.9726,16.6184
SYM4948,85.85,1575.1251,1.2098,0.2083,0.9305,30.6534,1935.2101,21.6247
SYM4949,165.33,1961.4533,1.3614,0.1512,0.8197,18.5692,1818.5445,14.5223
SYM4950,79.95,1518.2336,1.2912,0.2434,0.9287,28.2057,2231.1687,25.8084
SYM4951,75.05,1089.5107,1.2025,0.2497,0.9233,31.4293,2137.0484,26.8473
SYM4952,128.64,2049.6784,1.4025,0.238,0.8334,29.5468,2238.1829,25.727
SYM4953,111.85,1013.7985,1.2203,0.1963,0.9502,25.9536,2327.1909,19.874
SYM4954,97.98,1187.1191,1.2891,0.2401,0.9618,28.1899,2315.7224,25.4415
SYM4955,103.09,902.077,1.1358,0.2286,0.9484,26.6529,2227.2683,24.608
SYM4956,164.19,1319.7536,1.2617,0.2586,0.8794,31.6855,2245.1533,28.4636
SYM4957,86.12,995.4795,1.2916,0.2209,0.9047,19.1134,2450.5517,23.9031
SYM4958,161.98,1360.9018,1.2332,0.1362,0.8854,16.2106,2028.7975,12.2341
SYM4959,104.0,2611.3232,1.6177,0.2494,0.807,36.485,2281.8072,27.3591
SYM4960,85.98,1706.7092,1.2017,0.2751,0.8805,34.7951,1949.871,30.6029
SYM4961,102.98,1203.3851,1.3235,0.1873,0.8933,21.4768,2465.2943,19.4381
SYM4962,150.95,1641.4598,1.4203,0.1641,0.8758,27.7873,1716.2836,15.7742
SYM4963,96.99,1535.0894,1.1919,0.236,0.882,36.9493,1921.3272,25.0476
SYM4964,156.41,1940.3395,1.2587,0.1776,0.7166,24.2861,1650.8206,17.9775
SYM4965,79.98,1249.5331,1.2217,0.2493,0.9332,32.475,2243.1446,26.6565
SYM4966,97.97,1550.8652,1.2914,0.2036,0.9468,29.2511,2115.033,20.4163
SYM4967,114.91,1546.1246,1.1573,0.216,0.8708,31.0192,2045.1572,22.7752
SYM4968,106.68,1728.5927,1.1333,0.1701,0.8857,26.8071,1729.8891,16.647
SYM4969,164.82,1974.7535,1.4098,0.1094,0.9004,23.2788,2136.8004,8.8539
SYM4970,99.69,1384.8027,1.3252,0.249,0.9128,29.9457,2245.5453,26.9511
SYM4971,146.44,934.5005,1.1644,0.2924,0.9038,23.8777,2304.1075,34.7655
SYM4972,96.98,1313.1681,1.24,0.1534,0.794,19.0205,1961.5498,14.9066
SYM4973,87.57,1674.2104,1.2099,0.1755,0.9299,26.8777,1868.836,16.9878
SYM4974,144.85,1831.9373,1.3495,0.212,0.8994,21.2571,2127.4357,23.1575
SYM4975,146.98,1170.2937,1.2387,0.1417,0.9002,17.6581,1911.0764,13.0367
SYM4976,99.91,1778.9222,1.4281,0.2222,0.8775,35.6641,1706.4783,22.9659
SYM4977,151.28,2290.1745,1.3705,0.17,0.8338,21.6762,2519.069,17.2874
SYM4978,123.85,1471.5205,1.1678,0.2316,0.8929,32.8652,1900.6341,25.0933
SYM4979,119.85,1507.4618,1.1873,0.2748,0.8599,34.7754,1814.8328,31.1754
SYM4980,113.69,1474.7547,1.4678,0.0623,0.868,11.4312,1891.2225,4.2231
SYM4981,161.54,1764.218,1.4647,0.3471,0.7889,32.8073,2540.6059,43.7025
SYM4982,111.72,1220.1797,1.1733,0.2518,0.9258,30.0998,2154.5262,27.4951
SYM4983,150.21,1753.0838,1.4229,0.2721,0.8478,30.321,2165.1914,30.7963
SYM4984,166.18,1649.292,1.2271,0.2572,0.9399,36.3165,2160.7012,27.4254
SYM4985,84.87,741.8434,1.1755,0.1788,0.9158,14.2445,2469.5699,18.0461
SYM4986,121.87,2235.9441,1.2787,0.1684,0.8021,27.4557,1982.3458,16.6458
SYM4987,129.56,2036.127,0.9897,0.1092,0.8715,16.8497,1558.9784,9.6106
SYM4988,99.86,1543.2478,1.3097,0.2413,0.9088,30.447,2054.1725,25.9801
SYM4989,119.94,3114.901,1.6719,0.2222,0.7071,28.2612,2322.5509,24.2796
SYM4990,150.67,2125.0041,1.3113,0.1823,0.8799,36.1957,1826.9498,17.787
SYM4991,114.78,1426.3423,1.4172,0.3375,0.8781,36.1962,2425.0106,40.3686
SYM4992,86.6,1760.4725,1.7099,0.3154,0.8474,26.0707,2215.1103,37.1963
SYM4993,119.95,2408.0306,1.3413,0.187,0.8906,28.2069,1960.7643,18.6062
SYM4994,90.03,1286.1833,1.1392,0.2671,0.8471,35.4615,2125.8375,30.4047
SYM4995,151.42,1289.8816,1.158,0.2084,0.9352,23.1171,2273.4986,21.9566
SYM4996,120.0,903.2934,1.2172,0.2528,0.8647,20.6419,2030.0263,27.2581
SYM4997,153.02,1020.1355,1.0693,0.2552,0.9224,27.7442,1971.2869,28.4349
SYM4998,156.41,1940.3395,1.2587,0.1776,0.7166,24.2861,1650.8206,17.9775
SYM4999,117.45,1540.1644,1.3721,0.2632,0.9055,34.9137,2146.0494,29.2554
SYM5000,110.97,530.8896,1.2474,0.1923,0.9495,16.4972,2359.5893,19.1693
SYM5001,118.47,1428.3133,1.2097,0.2581,0.9251,35.5264,1989.0766,28.1889
SYM5002,99.79,1651.0069,1.2214,0.2809,0.849,39.6638,1890.4814,31.547
SYM5003,128.93,1611.5669,1.4691,0.2102,0.8576,24.9832,2199.6214,22.451
SYM5004,172.27,2380.5209,1.3541,0.2011,0.8761,29.5867,2056.6095,21.0624
SYM5005,114.91,1545.0812,1.2535,0.2773,0.8959,35.7166,2309.5081,31.5534
SYM5006,140.95,1186.9413,1.4789,0.1798,0.8964,17.631,3258.1295,17.3402
SYM5007,125.14,1254.4321,1.3816,0.3201,0.911,31.9212,2520.2371,38.0816
SYM5008,154.49,1444.4298,1.5252,0.394,0.8336,36.3225,2463.536,49.2604
SYM5009,100.0,1485.1623,1.2603,0.232,0.9101,35.3866,2401.759,24.5314
SYM5010,106.68,1728.5927,1.1333,0.1701,0.8857,26.8071,1729.8891,16.647
SYM5011,122.32,1200.2634,1.2954,0.0799,0.945,11.5563,1904.8646,5.8389
SYM5012,124.17,1543.3461,1.1004,0.2957,0.8756,37.7633,2041.4906,34.1269
SYM5013,106.975,1551.01855,1.2571,0.2297,0.88245,27.330849999999998,2241.1574499999997,24.66685
SYM5014,95.01,3181.5348,1.3203,0.2581,0.7945,30.8474,1560.7084,27.9743
SYM5015,91.74,1385.0784,1.1119,0.0843,0.9278,14.6618,1647.4854,6.7393
SYM5016,97.87,4267.2177,1.4732,0.2096,0.7154,35.3687,1696.4444,21.0721
SYM5017,120.02,938.7647,1.2604,0.1276,0.8972,12.3088,2049.8851,11.1934
SYM5018,86.47,3711.8882,1.3773,0.33,0.4878,43.3036,1435.3981,38.5268
SYM5019,139.14,818.214,1.2036,0.2066,0.9293,19.1369,1552.9654,21.2419
SYM5020,91.98,2386.0922,1.3683,0.2202,0.7559,23.3549,1612.6324,22.8622
SYM5021,126.08,1223.2778,1.0314,0.1521,0.9008,18.5531,1498.027,14.4514
SYM5022,97.03,1146.6787,1.1739,0.1106,0.9445,14.5017,2301.4097,9.1134
SYM5023,87.05,2658.1723,1.3867,0.211,0.809,34.0613,1761.0375,21.6411
SYM5024,163.57,1225.246,1.4469,0.1068,0.84,11.5172,2066.4983,9.1284
SYM5025,132.08,911.1228,1.2602,0.1605,0.93,15.1742,2566.6395,14.7438
SYM5026,84.87,741.8434,1.1755,0.1788,0.9158,14.2445,2469.5699,18.0461
SYM5027,132.04,1225.2272,1.3244,0.1141,0.8845,14.5974,1844.1587,9.7117
SYM5028,122.14,1744.6292,1.2988,0.2184,0.8742,28.4197,2102.0231,23.9603
SYM5029,92.87,2024.4901,1.2817,0.1348,0.8927,24.9223,1961.7974,11.6653
SYM5030,100.33,819.5221,1.3548,0.1128,0.9142,9.0614,2051.7177,9.7334
SYM5031,84.71,3485.9645,1.4224,0.2159,0.721,31.3633,1856.8374,22.1478
SYM5032,91.3,1123.2858,1.2223,0.1321,0.9699,24.8057,1839.2638,11.3296
SYM5033,120.1,2925.5168,1.4075,0.201,0.7745,25.2686,1673.0624,20.1148
SYM5034,126.02,675.0373,1.2676,0.1446,0.9037,11.3689,2505.0201,13.5189
SYM5035,118.53,2915.3363,1.3486,0.1201,0.8216,21.3324,2482.1084,10.6827
SYM5036,118.16,1599.233,1.5058,0.201,0.8845,27.0837,2145.8223,20.8271
SYM5037,154.84,779.2186,1.2002,0.3092,0.9253,20.6933,2814.546,38.2803
SYM5038,104.02,1118.9241,1.2409,0.1509,0.941,20.7705,2316.696,13.7643
SYM5039,89.01,1481.4893,1.3961,0.158,0.8972,17.7156,2192.8242,15.2236
SYM5040,166.25,1486.2302,1.5295,0.1015,0.9065,14.5467,2471.1315,8.1652
SYM5041,107.03,1085.1965,1.5269,0.2683,0.8673,23.5556,2457.6973,30.3868
SYM5042,106.81,898.1523,1.129,0.3453,0.9114,29.1249,2090.3735,42.4042
SYM5043,118.16,1599.233,1.5058,0.201,0.8845,27.0837,2145.8223,20.8271
SYM5044,117.99,1340.4834,1.4643,0.3316,0.9051,35.7923,2288.3165,38.9748
SYM5045,154.49,1444.4298,1.5252,0.394,0.8336,36.3225,2463.536,49.2604
SYM5046,123.56,1046.7837,1.1249,0.1696,0.9131,20.3014,1658.7491,16.1542
SYM5047,100.05,1633.7753,1.212,0.2159,0.9391,27.6825,1856.2543,21.9983
SYM5048,163.62,1273.7117,1.2221,0.2748,0.9088,29.8493,2181.7319,31.2626
SYM5049,118.31,1465.4524,1.3047,0.2386,0.9163,28.7588,2731.3729,26.0504
SYM5050,163.62,1273.7117,1.2221,0.2748,0.9088,29.8493,2181.7319,31.2626
SYM5051,116.77,1939.5489,1.4596,0.2567,0.8801,32.3586,2545.0432,28.159
SYM5052,129.9,737.3936,1.4061,0.3285,0.9121,16.2783,3993.0203,40.0273
SYM5053,95.01,2155.8873,1.2967,0.185,0.8875,24.5898,2750.9856,19.1742
SYM5054,112.67,1453.4981,1.1739,0.2553,0.8719,26.5216,2865.5889,28.6139
SYM5055,126.93,671.4131,1.3342,0.3079,0.8826,26.008,3398.5919,35.3318
SYM5056,85.05,441.7356,0.9433,0.1829,0.9562,17.1192,2509.7691,17.3424
SYM5057,105.91,1979.7825,1.345,0.2311,0.8337,26.6363,2723.2046,25.9247
SYM5058,125.96,1177.4221,1.2772,0.2046,0.9253,20.5016,2411.7627,20.9
SYM5059,123.97,1543.9186,1.3178,0.2211,0.8402,20.3505,2795.7032,24.6345
SYM5060,138.98,1077.5756,1.2503,0.256,0.8873,20.9116,2660.0238,30.5235
SYM5061,106.02,2207.6598,1.4169,0.2534,0.8894,33.2902,2763.7508,27.4968
SYM5062,129.97,2165.5867,1.4502,0.1703,0.7429,23.0903,3103.2137,18.846
SYM5063,129.96,1379.858,1.4244,0.3298,0.8402,29.3071,3213.6516,40.1024
SYM5064,101.98,524.1521,1.1721,0.2427,0.9684,18.5023,1949.6556,25.6327
SYM5065,116.77,1939.5489,1.4596,0.2567,0.8801,32.3586,2545.0432,28.159
SYM5066,125.81,1783.7772,1.2144,0.2314,0.8917,26.5308,2436.7722,25.2236
SYM5067,118.43,1382.3924,1.252,0.2611,0.8889,25.4649,2471.9327,29.2146
SYM5068,125.95,1627.6541,1.3545,0.2595,0.8668,21.7581,2831.9206,29.6918
SYM5069,136.74,1787.4799,1.2665,0.2464,0.8959,25.2677,2641.5689,26.6037
SYM5070,129.5,1668.9416,1.3893,0.2782,0.8857,31.1447,2734.2779,32.3407
SYM5071,123.64,2379.8733,1.3595,0.1015,0.8083,19.1833,2493.0455,8.2994
SYM5072,104.95,2047.9998,1.4791,0.2044,0.9035,22.4891,3135.8048,21.0209
SYM5073,117.92,1130.8209,1.3379,0.2781,0.8964,28.9513,2495.2256,31.1956
SYM5074,77.03,1088.6644,1.1652,0.2902,0.8975,27.8971,2900.5453,33.4116
SYM5075,125.98,1177.4221,1.2772,0.2046,0.9253,20.5016,2411.7627,20.9
SYM5076,103.57,2346.6977,1.2164,0.2986,0.8517,42.7177,2386.2571,34.3436
SYM5077,126.38,1964.3436,1.1825,0.242,0.8326,30.3942,2448.7207,26.0871
SYM5078,131.14,2394.5226,1.1837,0.2649,0.9046,40.7082,2521.0419,28.9325
SYM5079,161.54,1108.0175,1.2979,0.3649,0.9146,35.942,2691.6073,44.6999
SYM5080,118.54,1639.3206,1.2669,0.262,0.9387,28.1693,2972.3078,29.8823
SYM5081,151.77,1054.1406,1.2203,0.2869,0.9344,24.0409,2504.947,32.2323
SYM5082,114.08,1451.3602,1.2173,0.3567,0.8721,21.4352,3060.0373,43.3865
SYM5083,97.97,2316.7978,1.0845,0.2839,0.7409,52.5726,1524.1729,31.218
SYM5084,80.02,698.3665,1.07,0.3631,0.8977,18.5361,3314.2763,43.683
SYM5085,82.99,1228.8595,1.1499,0.2274,0.9039,34.6376,3204.0742,23.7727
SYM5086,139.31,3454.3556,1.5328,0.1167,0.456,16.9298,2415.2751,11.1273
SYM5087,129.57,1420.3396,1.2662,0.217,0.9055,25.7941,2647.0624,22.5604
SYM5088,129.93,1004.2047,1.1559,0.307,0.9373,25.7283,2992.4136,35.2176
SYM5089,115.85,1798.118,1.0496,0.1707,0.8682,17.8504,2359.5733,17.7803
SYM5090,129.54,2311.9494,1.2961,0.3199,0.8381,34.5099,2884.3638,39.9173
SYM5091,123.09,1248.6165,1.245,0.2347,0.9544,33.1417,2494.6212,24.7018
SYM5092,114.87,1771.9536,1.3932,0.1709,0.8764,17.7486,2952.2216,16.9307
SYM5093,59.99,1903.5024,1.0948,0.2694,0.9262,39.2187,2254.2676,29.5384
SYM5094,142.24,990.8263,1.1722,0.2678,0.9527,23.038,2690.9454,28.9139
SYM5095,129.79,1924.7951,1.43,0.1738,0.8115,19.4203,2462.076,17.6687
SYM5096,139.43,1798.1287,1.1422,0.2204,0.8963,37.1718,1828.7196,22.5798
SYM5097,83.52,937.1062,1.3834,0.3405,0.8907,31.3564,3243.4276,40.8641
SYM5098,114.96,1506.9328,1.2797,0.248,0.9385,35.3294,2413.6965,26.1581
SYM5099,105.99,2919.2254,1.4756,0.276,0.7179,33.1923,2934.3886,32.3413
SYM5100,102.02,1756.0236,1.1515,0.2827,0.9163,30.1944,3480.2428,32.6366
SYM5101,127.03,1440.9885,1.1614,0.1286,0.8574,17.2648,2576.811,11.6776
SYM5102,98.99,1917.6504,1.156,0.1134,0.9327,26.6125,1516.8077,9.2298
SYM5103,130.19,1669.446,1.3249,0.2918,0.8909,30.1953,3658.8008,34.6679
SYM5104,129.0,2338.0267,1.2343,0.153,0.8925,32.6316,2520.3854,15.3967
SYM5105,135.1,1916.7062,1.3232,0.1743,0.8788,22.3461,2799.6765,17.0239
SYM5106,111.8,1776.2453,1.3284,0.3294,0.8729,35.8567,2569.2702,38.4322
SYM5107,82.46,861.7493,1.2521,0.2574,0.8849,20.4945,3147.3206,28.9295
SYM5108,112.77,964.1496,1.3704,0.2434,0.9147,17.2761,3221.3064,28.122
SYM5109,125.08,1369.2145,1.535,0.3094,0.9145,28.6446,3265.1662,36.4115
SYM5110,86.05,1686.7011,1.1068,0.2871,0.9339,45.2251,2111.8003,31.9859
SYM5111,119.1,1229.3823,1.2713,0.2968,0.8916,31.2428,2771.0165,34.4883
SYM5112,121.98,2315.1402,1.2289,0.182,0.8368,31.0959,2678.8945,18.2403
SYM5113,150.07,3531.2846,1.3623,0.1849,0.6811,26.9694,2229.3866,18.1758
SYM5114,142.98,1506.1452,1.3555,0.2425,0.8825,25.8602,3040.3899,26.6724
SYM5115,93.09,1085.8954,1.0306,0.1044,0.8603,12.2691,1830.72,9.2108
SYM5116,161.72,1855.4839,1.3533,0.2774,0.8341,33.5592,2809.7174,32.1503
SYM5117,99.96,1827.0355,1.2415,0.1861,0.8482,24.6768,2506.6139,18.7216
SYM5118,125.01,1394.2818,1.3469,0.2955,0.8387,28.2635,2849.6724,34.3763
SYM5119,96.92,2389.4666,1.2019,0.096,0.8559,24.204,1421.6397,7.3564
SYM5120,80.04,1676.7661,1.2759,0.2805,0.8855,30.9301,2686.2532,31.9171
SYM5121,88.77,1248.3016,1.0956,0.1654,0.9058,21.3168,2008.97,15.8945
SYM5122,106.975,1551.01855,1.2571,0.2297,0.88245,27.330849999999998,2241.1574499999997,24.66685
SYM5123,128.07,2317.6683,1.3226,0.2464,0.8779,30.504,2548.4432,27.7634
SYM5124,161.67,1748.4773,1.2592,0.2357,0.8799,27.9351,2395.0381,25.6187
SYM5125,78.42,1020.4418,1.2385,0.2697,0.9477,17.275,3266.077,31.0389
SYM5126,84.91,786.81,1.141,0.2829,0.9176,21.5844,3147.5589,32.3027
SYM5127,128.47,2386.6534,1.3799,0.1792,0.8308,25.2137,2620.4744,17.7282
SYM5128,89.47,2398.8719,1.3962,0.1906,0.7965,21.9875,2560.3566,19.4743
SYM5129,129.58,1379.7361,1.2711,0.3076,0.9108,35.4693,2580.9012,35.7177
SYM5130,112.8,251.9674,0.9166,0.3006,0.9782,24.4452,3286.6046,34.9736
SYM5131,126.82,904.4047,1.037,0.1087,0.9312,15.4664,2310.4583,8.9316
SYM5132,114.32,2145.4759,1.0299,0.0805,0.5657,16.6089,1224.3821,6.1262
SYM5133,123.07,1526.0571,1.1263,0.0397,0.7177,7.435,2111.7662,2.5651
SYM5134,144.52,1332.9773,1.319,0.3019,0.8653,26.841,2425.4719,35.7946
SYM5135,106.975,1551.01855,1.2571,0.2297,0.88245,27.330849999999998,2241.1574499999997,24.66685
SYM5136,95.01,2155.8873,1.2967,0.185,0.8875,24.5898,2750.9856,19.1742
SYM5137,139.05,1688.5036,1.4021,0.3123,0.9213,30.5449,2649.3193,36.7524
SYM5138,92.76,2051.6536,1.2901,0.264,0.8188,26.5819,2641.9116,29.0807
SYM5139,143.01,807.6502,1.0701,0.0806,0.3058,13.9984,1928.8048,5.931
SYM5140,142.98,1506.1452,1.3555,0.2425,0.8825,25.8602,3040.3899,26.6724
SYM5141,106.975,1551.01855,1.2571,0.2297,0.88245,27.330849999999998,2241.1574499999997,24.66685
SYM5142,106.975,1551.01855,1.2571,0.2297,0.88245,27.330849999999998,2241.1574499999997,24.66685
SYM5143,120.22,1686.9218,1.0622,0.2068,0.8398,31.0311,1392.9365,21.1372
SYM5144,103.05,1360.2981,1.1712,0.2647,0.8551,33.2057,2081.2718,29.6654
SYM5145,96.99,988.9889,1.2032,0.2422,0.9304,26.8186,2284.5607,25.2647
SYM5146,120.04,1224.3836,1.2008,0.2469,0.8968,24.3143,2011.1523,26.6672
SYM5147,120.08,1219.7957,1.1214,0.2002,0.9294,25.0392,2100.3696,20.792
SYM5148,134.85,1628.4666,1.1142,0.2758,0.8722,35.53,1721.8927,31.0987
SYM5149,104.51,1054.6486,1.2878,0.2801,0.9121,22.5153,2285.3877,31.0507
SYM5150,114.86,1540.7313,1.1038,0.2406,0.9165,32.203,1251.5482,25.267
SYM5151,85.99,1231.4534,1.1594,0.2369,0.9185,29.8841,2405.1189,25.1943
SYM5152,119.99,737.2518,1.1438,0.3399,0.9129,28.9663,2207.0147,40.8677
SYM5153,82.13,1290.4048,1.3031,0.2065,0.8907,20.7822,1917.9288,21.3107
SYM5154,161.65,807.7006,1.2657,0.2908,0.9262,22.9427,2648.0887,33.2805
SYM5155,146.14,1264.7,1.0956,0.2817,0.8396,33.4382,2101.6225,32.3804
SYM5156,120.06,1354.7538,1.1532,0.2588,0.9197,32.294,2004.5028,27.948
SYM5157,95.03,797.6,1.1375,0.1882,0.9149,18.5075,2721.2676,19.3005
SYM5158,125.27,1281.0624,1.0982,0.2871,0.8822,31.6685,2581.7407,33.3062
SYM5159,95.77,1027.8709,1.1764,0.2454,0.898,22.35,2223.2985,27.1234
SYM5160,83.99,1196.9362,1.3088,0.2268,0.8972,21.5925,2365.0034,23.7225
SYM5161,99.84,820.2852,1.1144,0.2412,0.9708,25.6367,2352.5529,25.057
SYM5162,69.99,1032.7707,1.1381,0.2352,0.9413,23.4325,2217.1385,25.1515
SYM5163,153.37,1418.8966,1.1435,0.1817,0.9248,21.0653,1832.6632,18.0056
SYM5164,119.99,1134.6595,1.338,0.3347,0.9481,28.1811,2621.9782,40.3287
SYM5165,120.08,1275.8134,1.1097,0.2296,0.9361,28.1575,2086.1694,24.5223
SYM5166,140.07,725.8505,1.1544,0.2649,0.9188,21.3325,2385.1013,29.9068
SYM5167,99.89,907.2605,1.1172,0.2663,0.923,23.2806,1936.1558,29.1654
SYM5168,108.08,1085.9444,1.0957,0.2766,0.9356,32.1683,1959.904,30.4989
SYM5169,78.0,1228.0463,1.0466,0.2114,0.9293,27.6162,1735.4427,21.4164
SYM5170,129.77,1190.6533,1.1372,0.3157,0.7905,27.7581,1653.5676,38.2397
SYM5171,120.0,1340.5204,1.2737,0.3184,0.8789,34.4192,2819.7659,37.859
SYM5172,84.91,1235.1714,0.9851,0.2071,0.8872,24.965,1934.0044,23.1497
SYM5173,135.13,1466.508,1.1313,0.2659,0.9022,32.8963,1889.9108,29.2651
SYM5174,87.01,1452.9952,1.2249,0.2738,0.88,29.7453,1769.139,30.3565
SYM5175,150.02,2555.7082,1.3146,0.2208,0.8316,27.6197,2003.4019,23.2933
SYM5176,94.07,1369.3639,1.1943,0.1882,0.9399,24.5648,1907.2379,19.0807
SYM5177,81.0,1158.5137,1.2726,0.256,0.8637,21.5163,2591.8318,28.6705
SYM5178,152.58,1052.1845,0.9842,0.2162,0.9106,22.164,1690.1324,23.1068
SYM5179,79.95,1367.5235,1.1621,0.2601,0.8561,28.6164,1901.8636,28.5775
SYM5180,94.05,976.6251,1.5012,0.3305,0.8668,21.7261,2876.1066,39.4989
SYM5181,95.0,1513.2598,1.2936,0.2205,0.9014,21.3738,1926.4895,23.0471
SYM5182,184.57,1468.796,1.1882,0.204,0.9073,30.98,1615.6246,20.7598
SYM5183,139.94,704.0826,1.1003,0.2823,0.9515,29.5388,2538.6026,31.3384
SYM5184,105.94,449.1184,1.0507,0.2924,0.9779,20.2367,2720.1536,32.615
SYM5185,89.98,1734.188,1.3275,0.3024,0.7656,31.6975,1732.1212,34.3331
SYM5186,124.1,2379.9704,1.2452,0.2409,0.7941,33.9641,1958.308,26.1223
SYM5187,86.9,1205.2187,1.0257,0.2124,0.9638,26.0521,1912.5252,21.4117
SYM5188,120.17,1764.3048,1.2295,0.2277,0.8878,27.2001,1655.8344,23.7726
SYM5189,105.45,1180.4954,1.2227,0.2428,0.8647,24.756,1880.1379,27.1626
SYM5190,125.32,890.2868,1.204,0.3349,0.8458,27.7308,2251.0928,40.2571
SYM5191,88.01,1092.3153,1.1236,0.2782,0.9255,35.8523,2417.6169,31.2134
SYM5192,99.99,1241.9518,1.2492,0.2454,0.9248,24.4436,2365.0437,26.0426
SYM5193,144.61,1600.5102,1.2137,0.2347,0.8467,29.4528,2207.2914,25.3274
SYM5194,147.72,2345.8797,1.3372,0.2334,0.8044,27.3575,1862.9072,24.5475
SYM5195,150.04,768.7155,1.2085,0.3367,0.9107,31.5404,2890.6913,39.9798
SYM5196,144.9,948.1099,1.2701,0.2625,0.9254,21.3225,2146.8682,28.9757
SYM5197,129.73,1199.2959,0.9833,0.223,0.9016,26.4663,1730.7821,23.6783
SYM5198,89.87,1121.9934,1.172,0.2179,0.9477,23.1819,2185.2506,22.8831
SYM5199,89.93,1574.3853,1.2275,0.2789,0.9249,32.3797,2181.7683,31.0285
SYM5200,142.28,696.8472,1.1513,0.1625,0.9738,18.0883,2575.2294,14.9305
SYM5201,86.94,2070.4609,1.2373,0.2249,0.8921,27.73,2252.7941,23.93
SYM5202,147.87,993.1506,0.9797,0.2063,0.9656,23.4216,1616.0842,20.6583
SYM5203,103.73,1100.3708,0.9257,0.2712,0.9225,41.2586,1955.9118,29.85
SYM5204,84.97,1787.2976,1.1517,0.2784,0.8843,42.1168,1853.7664,31.2072
SYM5205,90.03,1320.1191,1.3991,0.3191,0.8701,31.7549,2463.4055,38.2851
SYM5206,99.99,798.6645,1.042,0.2569,0.9568,22.5615,1902.4131,28.0223
SYM5207,91.83,943.0757,1.0326,0.2487,0.9173,29.3403,1708.4078,27.2942
SYM5208,87.06,922.4289,1.4765,0.3048,0.9393,24.4085,2300.3425,35.1578
SYM5209,79.98,1403.1413,1.2499,0.2572,0.8852,26.661,2298.9741,28.602
SYM5210,161.75,1399.1624,1.1133,0.2205,0.9362,28.01,1798.4744,22.7211
SYM5211,93.91,1655.5137,1.2322,0.2539,0.946,32.4754,1963.8445,27.1458
SYM5212,129.93,1931.611,1.297,0.2344,0.9092,25.7679,1702.3274,25.0562
SYM5213,106.1,1102.8428,1.2061,0.2353,0.9421,28.6397,1854.1048,24.727
SYM5214,90.23,962.7728,1.0291,0.2066,0.9237,27.9385,2028.9409,21.4
SYM5215,119.99,1788.7324,1.1024,0.2572,0.8602,34.5707,1999.2992,28.6735
SYM5216,112.99,1649.8542,1.4279,0.315,0.7932,26.44,2819.7217,38.9282
SYM5217,91.99,1085.5395,1.1427,0.2658,0.9304,33.5399,2257.3242,29.4117
SYM5218,80.97,1643.9571,1.2122,0.2596,0.9377,27.3861,2320.3893,27.776
SYM5219,172.27,1351.8821,0.9592,0.1914,0.9048,26.2669,1673.3072,19.121
SYM5220,81.01,1235.39,1.2852,0.2258,0.8579,18.1552,2849.4688,24.5852
SYM5221,136.58,1200.0824,0.9845,0.263,0.9,34.845,2006.4726,28.7579
SYM5222,131.04,993.196,0.9203,0.2348,0.894,30.6473,2372.8351,25.8359
SYM5223,142.91,1458.2822,1.1562,0.2011,0.9405,17.4291,2065.8345,20.3271
SYM5224,87.04,1726.3669,1.2295,0.2032,0.8248,30.0429,1531.5742,21.1498
SYM5225,124.96,1477.3538,1.3483,0.2734,0.8776,26.895,2404.7538,31.0445
SYM5226,164.2,1235.7663,0.7752,0.1833,0.8397,22.068,849.885,18.1084
SYM5227,146.18,1731.6294,1.2121,0.1743,0.8572,25.0635,1802.4558,17.4041
SYM5228,153.88,2294.1562,1.2991,0.1968,0.8673,23.1788,2310.2262,20.4203
SYM5229,122.06,931.3518,1.2513,0.3444,0.9235,31.0153,2003.7536,40.6814
SYM5230,96.84,1677.1749,1.1712,0.1667,0.8348,22.9083,1564.8425,16.3008
SYM5231,80.01,1642.7667,1.049,0.256,0.8963,36.1931,1621.9961,28.103
SYM5232,143.0,2810.6645,1.2743,0.2699,0.6358,36.2122,1960.8837,30.431
SYM5233,129.84,1523.3025,1.4303,0.3059,0.9268,32.0014,2509.6982,34.6984
SYM5234,97.93,1028.1767,1.3181,0.2793,0.9087,23.5817,2314.0929,32.0995
SYM5235,82.03,845.6393,1.0351,0.091,0.8561,11.4504,2164.0973,7.2704
SYM5236,87.0,2646.4181,1.4065,0.19,0.8528,26.3391,1766.3058,18.9762
SYM5237,90.91,1169.3583,1.0327,0.2438,0.912,32.9081,1956.1709,26.5029
SYM5238,88.03,1791.9939,1.364,0.2395,0.8816,29.0287,2409.6078,26.4161
SYM5239,131.22,704.7622,1.1534,0.3542,0.8756,35.4061,2874.2756,42.6549
SYM5240,148.94,903.412,1.2282,0.2871,0.8907,29.8803,2299.5114,32.8202
SYM5241,109.77,1577.868,1.0908,0.1988,0.8625,31.3602,1658.408,21.3065
SYM5242,88.97,1789.0679,1.1007,0.216,0.9279,37.7712,1790.1477,22.5021
SYM5243,144.29,1027.8382,1.3145,0.3311,0.9039,33.6885,2378.8293,39.5818
SYM5244,132.16,1406.6271,0.9366,0.218,0.91,29.8812,1532.7792,22.9837
SYM5245,93.83,1835.7482,1.3652,0.2628,0.898,34.7055,1948.8675,28.7787
SYM5246,84.91,929.4729,1.0501,0.2484,0.933,30.7941,2425.8611,28.0334
SYM5247,87.81,1354.332,1.3525,0.3,0.853,28.5541,2702.4699,35.6438
SYM5248,142.28,696.8472,1.1513,0.1625,0.9738,18.0883,2575.2294,14.9305
SYM5249,87.98,1419.7188,1.3654,0.2703,0.9068,30.6459,2339.1667,30.0305
SYM5250,96.82,2054.1558,1.3096,0.2632,0.8338,36.3756,1756.5142,28.36
SYM5251,85.73,1576.5578,1.2787,0.2701,0.9226,34.0753,2248.5307,29.5644
SYM5252,83.33,1560.3047,1.25,0.2121,0.9288,24.756,3028.0899,22.0794
SYM5253,91.94,1218.264,1.2327,0.2426,0.8801,29.4386,2170.2356,26.078
SYM5254,93.89,1818.9262,1.2831,0.1594,0.8473,22.5186,1879.595,15.3663
SYM5255,99.74,1226.2359,1.1851,0.1934,0.9234,21.4627,2068.6752,20.2124
SYM5256,99.87,2626.1773,1.397,0.235,0.8511,28.1582,2374.9114,25.4545
SYM5257,122.96,1779.5178,1.2509,0.2252,0.8464,29.8765,1750.7266,23.8913
SYM5258,109.96,2073.1591,1.2732,0.2395,0.7872,26.4721,2127.7331,25.9463
SYM5259,90.03,1138.5283,1.0707,0.1203,0.779,16.4535,1701.9427,11.2957
SYM5260,120.88,1727.6708,1.2121,0.2569,0.8353,28.8409,2059.0042,28.6876
SYM5261,85.99,1655.5877,1.2652,0.2674,0.7605,29.469,1693.6438,29.7592
SYM5262,120.02,2240.6941,1.1281,0.2622,0.8857,46.0552,1908.4045,28.6839
SYM5263,93.98,1791.7874,1.4183,0.3259,0.763,30.8023,2800.0029,39.0775
SYM5264,91.99,1336.0437,1.2981,0.2354,0.8484,24.1,2378.5328,25.392
SYM5265,87.99,2314.8457,1.2488,0.2428,0.8207,29.4576,1954.0595,26.0359
SYM5266,126.93,1062.8193,1.2248,0.2669,0.903,28.5443,2181.4524,30.166
SYM5267,98.95,1917.2716,1.3034,0.2587,0.8764,39.0083,2288.4156,28.5346
SYM5268,99.8,1469.8926,1.1583,0.2025,0.8614,23.889,1959.9713,21.0931
SYM5269,123.47,2383.5206,1.3834,0.2565,0.791,34.3438,2439.7871,28.7863
SYM5270,126.99,2052.6846,1.2323,0.2405,0.7975,29.6612,2126.9926,26.7136
SYM5271,93.96,2201.7143,1.317,0.1958,0.8454,27.7247,1789.4228,19.7578
SYM5272,161.66,1438.0864,1.1731,0.2586,0.8745,34.9403,2477.552,28.0121
SYM5273,123.54,2833.2514,1.2176,0.295,0.6709,28.8244,1585.1275,33.6064
SYM5274,92.49,1988.4394,1.2374,0.2387,0.8183,39.5851,2005.9916,25.4961
SYM5275,99.88,915.7216,1.195,0.1228,0.948,18.4225,2152.8154,10.473
SYM5276,139.89,2563.3694,1.161,0.2304,0.7498,37.3284,1746.9178,24.3028
SYM5277,172.27,1845.9351,1.2484,0.1966,0.9035,31.5779,2262.0945,20.1022
SYM5278,156.12,1678.1226,1.2084,0.2771,0.8524,41.0609,2444.1226,30.805
SYM5279,139.83,1647.5054,1.2132,0.1848,0.8928,29.8388,2124.8526,17.9385
SYM5280,99.08,2582.0292,1.3855,0.2679,0.8006,31.2019,2189.0905,29.7901
SYM5281,89.88,1424.8873,1.1857,0.2011,0.8951,28.6334,1613.1719,20.3406
SYM5282,74.08,2312.5633,1.3848,0.2744,0.7934,33.3932,2088.9339,30.0813
SYM5283,122.07,2623.6891,1.2521,0.2166,0.7494,36.9104,1804.8748,22.3621
SYM5284,92.99,1445.5398,1.4609,0.2973,0.8164,29.1509,1925.0106,33.728
SYM5285,134.02,1304.8992,1.2279,0.2573,0.8087,29.5528,2189.925,28.5613
SYM5286,122.52,1482.2976,1.2886,0.1913,0.928,18.9947,2491.6014,19.211
SYM5287,127.01,1356.802,1.221,0.2353,0.9117,27.2819,2082.5964,24.6523
SYM5288,87.78,756.1489,1.2199,0.3454,0.8856,24.6072,2600.4738,41.6835
SYM5289,103.88,1165.99,1.2993,0.2557,0.8886,28.6808,2470.6989,28.0258
SYM5290,139.14,2900.7652,1.3193,0.3087,0.7649,43.8299,1969.1539,35.1253
SYM5291,119.9,1769.5908,1.3034,0.2476,0.8615,38.3376,2424.2273,26.4263
SYM5292,91.98,1688.4906,1.2061,0.2375,0.8552,23.6519,2130.1121,26.7712
SYM5293,86.02,1229.369,1.0646,0.2514,0.8891,24.4724,1778.0831,27.9218
SYM5294,147.87,2064.3771,1.1,0.2339,0.9095,42.3481,2057.5369,24.3555
SYM5295,99.86,2466.6324,1.3001,0.2402,0.7143,35.7602,2210.5207,26.1688
SYM5296,90.01,2466.1206,1.2556,0.246,0.7773,31.6341,2032.8977,27.852
SYM5297,122.01,2051.7455,1.3149,0.2826,0.7979,30.3224,2627.833,32.8482
SYM5298,108.03,2247.3973,1.2625,0.2467,0.7911,35.8807,1800.6498,26.7593
SYM5299,102.02,1315.9904,1.4627,0.2655,0.8035,23.909,2974.7482,30.3859
SYM5300,121.99,1195.9989,1.2558,0.2581,0.8425,25.6149,2473.9339,28.7924
SYM5301,107.9,1499.6431,1.1129,0.1911,0.928,26.9833,2353.0722,19.4453
SYM5302,156.17,1235.4047,1.1648,0.2627,0.9131,37.2447,1443.3113,28.1057
SYM5303,147.0,1764.1606,1.3423,0.25,0.85,33.8031,2070.9186,27.1366
SYM5304,95.44,2288.3416,1.0917,0.2856,0.8783,33.9222,1905.416,32.3299
SYM5305,88.97,1585.3199,1.1108,0.2164,0.8835,34.0263,1775.2306,22.4685
SYM5306,117.03,1720.6502,1.3181,0.2466,0.7712,28.4754,2081.1065,27.3728
SYM5307,91.74,1973.141,1.4232,0.1649,0.8749,16.8791,2424.2279,16.2141
SYM5308,120.02,2200.607,1.3059,0.2192,0.8237,34.192,2383.5819,23.0372
SYM5309,150.14,2831.614,1.0422,0.237,0.8298,40.2439,1850.9354,25.2451
SYM5310,162.64,1631.0679,1.3142,0.3266,0.784,35.189,2214.7544,38.1854
SYM5311,113.15,2794.5431,1.4298,0.2373,0.7706,36.3302,2459.7626,25.2201
SYM5312,166.08,1984.5303,1.209,0.202,0.8404,31.4293,1889.1253,20.7068
SYM5313,101.95,2154.8514,1.3853,0.2578,0.801,35.857,2473.4387,28.3355
SYM5314,79.96,2360.5313,1.2557,0.2876,0.8886,36.7011,2517.5389,31.9906
SYM5315,119.98,1794.0024,1.3316,0.2744,0.7853,38.1697,2323.2391,30.5635
SYM5316,172.27,1783.0651,1.4195,0.2783,0.75,26.8764,2214.2911,31.3424
SYM5317,94.06,3563.7897,1.1923,0.1674,0.8111,32.4967,1925.6901,16.2467
SYM5318,143.31,2179.0962,1.1725,0.2038,0.9503,30.3678,2566.2441,20.4083
SYM5319,85.29,2099.5503,1.2572,0.2075,0.8606,32.0316,2237.9105,21.2475
SYM5320,79.38,2153.4136,1.1745,0.1381,0.8356,18.8938,2811.0425,13.5004
SYM5321,91.74,1973.141,1.4232,0.1649,0.8749,16.8791,2424.2279,16.2141
SYM5322,95.22,2181.639,1.1218,0.1395,0.9109,25.8558,2183.5071,12.3028
SYM5323,95.07,1501.162,1.137,0.0928,0.887,16.3125,2223.8438,7.1874
SYM5324,89.01,3077.4608,1.1683,0.1703,0.8731,26.0541,1944.8495,16.6937
SYM5325,93.85,2202.2919,1.2786,0.2194,0.7912,29.3132,1911.3181,23.0311
SYM5326,87.88,1852.6504,1.2191,0.2065,0.8612,30.1529,2095.955,21.3034
SYM5327,129.75,1886.0598,1.1231,0.1634,0.875,21.7968,2103.4993,16.725
SYM5328,84.01,1984.4618,1.1726,0.2547,0.9007,39.3721,1829.4086,27.6909
SYM5329,99.94,1337.0677,1.1906,0.178,0.915,20.412,2009.5792,18.0798
SYM5330,84.57,2543.0946,1.3564,0.1959,0.8271,33.2515,1981.9316,20.0308
SYM5331,117.79,1514.4439,1.174,0.1977,0.7992,14.4628,2560.2679,22.7069
SYM5332,117.03,1720.6502,1.3181,0.2466,0.7712,28.4754,2081.1065,27.3728
SYM5333,172.27,1096.0164,1.0862,0.1817,0.9497,21.4387,1653.6312,17.6847
SYM5334,155.13,1185.8386,1.1084,0.2544,0.9474,38.1462,1836.7489,27.1765
SYM5335,99.68,1072.5595,1.263,0.2657,0.9546,27.2628,1953.9294,29.5032
SYM5336,86.33,973.2694,1.0458,0.1825,0.9277,22.181,1588.7646,17.799
SYM5337,80.31,1707.442,1.2044,0.1573,0.8945,18.8054,2140.8239,15.0819
SYM5338,144.77,1209.1996,1.0533,0.1956,0.9562,20.8052,1812.7314,19.3904
SYM5339,145.99,1287.7939,1.1123,0.1907,0.9228,31.2345,1770.4585,18.5026
SYM5340,87.97,1566.9003,1.0915,0.1891,0.9265,30.4877,1926.8133,18.7017
SYM5341,128.08,1458.5702,1.171,0.3059,0.8079,41.8654,1923.9588,35.2062
SYM5342,94.95,1204.8804,1.1313,0.1903,0.948,29.8891,2066.6488,19.1713
SYM5343,136.06,1245.9746,1.0704,0.1782,0.9525,27.658,1749.313,17.2317
SYM5344,119.86,1071.1703,1.0582,0.1916,0.925,25.0253,1520.2302,19.2002
SYM5345,82.87,1141.5694,1.1646,0.2331,0.9343,28.1214,1715.0771,24.5781
SYM5346,97.99,1912.0041,1.2321,0.1103,0.8864,17.4183,2216.4557,9.3574
SYM5347,89.93,1221.6371,1.1958,0.2557,0.9274,29.9873,2239.7701,28.0381
SYM5348,99.76,1839.1768,1.1705,0.1809,0.9014,27.7109,1873.7224,18.1807
SYM5349,87.9,2409.5718,1.254,0.2308,0.8375,36.065,2141.2896,24.7779
SYM5350,120.0,1130.3401,1.2185,0.2624,0.9209,33.0774,2283.5268,28.9905
SYM5351,117.78,1137.3119,1.0462,0.1496,0.9514,19.1112,2121.1483,14.5801
SYM5352,119.95,2084.6603,1.1641,0.2229,0.8849,39.4935,1734.7689,23.6907
SYM5353,94.87,1013.7796,1.1934,0.1679,0.9258,20.1279,1979.713,16.0271
SYM5354,98.84,1617.0471,1.3398,0.1713,0.8895,27.6646,2358.2238,16.4494
SYM5355,143.95,972.914,1.0511,0.225,0.9454,33.0487,1920.6054,23.5427
SYM5356,86.01,1395.4955,1.1511,0.2059,0.9328,30.7338,1863.0098,20.7645
SYM5357,118.08,1362.0233,1.2365,0.2195,0.9172,26.5135,2059.7986,23.2488
SYM5358,99.02,2671.0857,1.5356,0.2323,0.8493,34.251,2460.0185,24.8702
SYM5359,129.66,1219.14,1.1572,0.1769,0.9329,28.265,2230.1581,17.2015
SYM5360,87.0,1366.8508,1.1451,0.2479,0.9303,33.3764,2056.8212,26.7488
SYM5361,94.99,751.2674,1.131,0.215,0.9634,22.7272,1822.7427,21.9849
SYM5362,69.9,1461.0707,1.1979,0.1705,0.9024,19.8348,2016.0839,16.8258
SYM5363,86.94,1076.0382,1.0696,0.1871,0.9161,23.8615,1510.7043,18.8786
SYM5364,84.94,1137.4598,1.1633,0.2107,0.9264,26.5455,2652.0261,21.9092
SYM5365,140.0,1168.6022,1.1841,0.1638,0.9222,21.8642,2011.8877,15.3305
SYM5366,95.35,1062.6978,1.1653,0.1497,0.9242,19.7151,2002.7108,13.7906
SYM5367,87.95,912.632,1.1769,0.2339,0.9543,25.1264,1846.1105,24.7021
SYM5368,98.13,1722.9852,1.3153,0.2508,0.8798,31.4037,2452.3035,28.027
SYM5369,87.92,1171.3185,1.2218,0.2016,0.9291,23.2558,1726.6914,20.4138
SYM5370,151.04,767.4723,0.9642,0.1419,0.939,13.2652,1939.2081,13.0169
SYM5371,94.12,1650.4019,1.1895,0.2878,0.8444,34.6825,1884.682,33.2022
SYM5372,87.85,1397.8079,1.2339,0.2559,0.9035,28.374,2253.4776,28.2359
SYM5373,100.96,1136.9823,1.1778,0.1706,0.926,28.089,1847.7695,16.0229
SYM5374,132.12,1560.9504,1.1133,0.1221,0.8061,18.1321,2097.2772,11.411
SYM5375,107.87,1079.448,1.0957,0.1606,0.9329,22.2939,2293.4471,15.1697
SYM5376,84.99,1240.9133,1.1101,0.1765,0.9073,23.3159,1699.8489,17.4582
SYM5377,119.93,786.1679,1.097,0.2507,0.9249,28.0875,2097.1151,27.5388
SYM5378,100.03,855.3125,1.3508,0.2856,0.9013,26.6225,3119.7901,32.5253
SYM5379,96.01,1132.6179,1.233,0.1811,0.8699,23.5191,1849.5089,18.3708
SYM5380,163.88,1380.7425,1.0604,0.0876,0.888,14.2634,1664.9536,7.0371
SYM5381,172.27,797.1541,1.1317,0.1812,0.9414,25.288,2142.2424,17.5746
SYM5382,93.0,2118.9407,1.2154,0.202,0.8629,31.6928,1845.0518,21.2532
SYM5383,79.17,766.3153,0.9268,0.1364,0.8767,14.3039,1520.9563,12.6507
SYM5384,90.2,1974.1154,1.2906,0.2184,0.9031,27.9638,1977.8403,22.7857
SYM5385,162.06,1123.2014,1.171,0.2025,0.9266,24.7268,1703.0221,20.6268
SYM5386,138.14,1622.7667,1.2184,0.2722,0.9233,33.2209,2550.192,30.2113
SYM5387,132.11,1324.3808,1.128,0.249,0.8968,32.8286,2167.2674,27.3387
SYM5388,134.97,717.591,1.0171,0.1952,0.9391,19.2121,2197.7313,19.6328
SYM5389,84.9,1366.7246,1.1217,0.2464,0.8856,31.3478,2359.0515,27.1038
SYM5390,135.93,1598.8508,1.2764,0.1914,0.9186,23.8309,2216.7048,19.0934
SYM5391,99.82,981.9652,1.2538,0.2726,0.9366,28.0515,2098.5102,30.4354
SYM5392,111.72,1443.65,1.1212,0.1536,0.9142,27.4137,2027.5546,14.1029
SYM5393,138.34,1314.9241,1.1337,0.2528,0.9252,29.7932,2045.9452,28.0782
SYM5394,137.56,839.7658,1.1334,0.1678,0.8776,21.5408,2209.9632,16.1957
SYM5395,83.97,1041.9863,1.0035,0.1557,0.9177,21.2257,1482.9302,14.3435
SYM5396,123.92,1521.3663,1.2278,0.1792,0.9165,24.1564,2313.9151,18.4294
SYM5397,86.93,1122.5702,0.9634,0.2272,0.9497,27.0909,1788.9607,23.5903
SYM5398,109.98,918.5435,1.1799,0.272,0.9563,28.6612,2175.3586,30.1929
SYM5399,83.96,1006.078,1.0451,0.2671,0.9449,24.1724,2450.6954,29.7131
SYM5400,116.46,1423.5406,1.2487,0.2008,0.9168,30.6593,2195.651,20.6103
SYM5401,128.46,551.4926,1.1397,0.179,0.9657,18.0437,2429.7021,17.4348
SYM5402,99.71,1170.2708,1.0689,0.1648,0.7967,21.169,1997.6429,17.2471
SYM5403,94.08,2246.9435,1.3583,0.2396,0.926,36.2694,2500.4993,25.7484
SYM5404,162.09,2236.4819,1.0733,0.1804,0.8318,21.147,1638.7342,18.4842
SYM5405,92.0,1701.6387,1.4314,0.2605,0.9176,33.3344,2436.1301,28.4919
SYM5406,104.9,1593.139,1.3076,0.2669,0.8789,37.4473,1932.6193,29.3955
SYM5407,116.59,1339.7109,1.2606,0.2041,0.9003,32.3032,2694.4262,21.2017
SYM5408,99.79,852.9471,1.1139,0.2364,0.9159,22.1357,2915.606,25.9464
SYM5409,95.93,1956.0539,1.335,0.2526,0.9073,35.2793,2384.2643,27.8091
SYM5410,134.98,1384.5772,1.2452,0.1819,0.9017,28.7297,2203.488,17.7387
SYM5411,139.76,799.6483,1.0694,0.2464,0.9458,24.0128,1977.6617,26.6903
SYM5412,98.43,1296.5421,1.1216,0.2719,0.9302,41.5499,2810.8304,30.1597
SYM5413,107.04,1141.2043,1.1992,0.2013,0.9225,24.3855,2282.6048,20.3954
SYM5414,70.01,1539.5092,1.3643,0.2745,0.9028,35.184,2356.2358,30.416
SYM5415,89.86,809.803,1.0695,0.229,0.9609,25.4012,2193.6128,24.0105
SYM5416,140.0,1806.3755,1.1822,0.218,0.8435,29.2871,1957.3469,23.2784
SYM5417,128.42,1886.9762,1.1909,0.2734,0.8738,40.903,2089.0536,30.8455
SYM5418,93.95,2002.4573,1.0736,0.1846,0.8034,26.5459,1735.7714,20.0122
SYM5419,140.01,1421.2939,1.2875,0.2285,0.9148,33.5079,2104.9666,24.5421
SYM5420,172.27,1134.9968,1.1704,0.2135,0.9357,27.8381,2242.9102,21.5569
SYM5421,122.54,696.8177,1.1873,0.1659,0.9448,19.9884,2103.3112,15.6099
SYM5422,99.36,487.7793,1.2359,0.2005,0.9708,13.2663,3456.4423,19.9635
SYM5423,88.93,1651.408,1.3773,0.2562,0.8962,32.081,2310.5836,28.3603
SYM5424,122.9,2013.5583,1.1971,0.2762,0.7871,42.3884,1933.1685,31.2264
SYM5425,109.86,926.2186,1.2193,0.2632,0.9384,26.9628,2208.7543,29.3947
SYM5426,89.89,1032.5149,1.2368,0.2153,0.9554,30.8956,2316.064,21.68
SYM5427,99.87,1765.1608,1.3364,0.2496,0.8811,32.1594,2655.3583,27.4971
SYM5428,118.54,1373.8068,1.2574,0.1665,0.9037,20.7388,2516.6935,16.4239
SYM5429,118.32,1270.3917,1.1704,0.2192,0.9283,27.5137,1848.8077,22.7739
SYM5430,145.04,1269.4076,1.1826,0.1845,0.8928,19.8634,2346.8279,19.0563
SYM5431,106.975,1551.01855,1.2571,0.2297,0.88245,27.330849999999998,2241.1574499999997,24.66685
SYM5432,95.95,1641.2694,1.4766,0.236,0.8763,26.3581,2429.839,25.7527
SYM5433,92.74,1432.955,1.0812,0.2749,0.8709,36.7675,1630.825,31.4238
SYM5434,139.74,1308.0636,1.1083,0.0961,0.8953,11.8432,1933.6893,8.0187
SYM5435,90.04,1748.5122,1.2777,0.3441,0.8672,40.2412,2161.5097,41.2449
SYM5436,98.01,2380.7282,1.2283,0.219,0.8493,35.7154,1827.7109,22.6763
SYM5437,120.14,1357.1617,1.0534,0.1823,0.8702,23.5677,2000.8729,18.4082
SYM5438,113.91,1274.1885,1.2038,0.1569,0.8875,21.4413,2019.7328,14.7771
SYM5439,99.68,2129.2812,1.1931,0.2024,0.8683,32.0107,2230.0028,21.1361
SYM5440,164.86,1249.2973,1.1149,0.2711,0.9342,28.3666,2272.1067,30.2193
SYM5441,93.79,1503.816,1.3696,0.2605,0.8989,26.9064,2210.5561,29.1578
SYM5442,120.01,1127.9534,1.3344,0.1922,0.9377,23.8696,2379.8228,18.9089
SYM5443,178.21,949.1729,1.4134,0.3002,0.922,34.1788,2657.0293,33.7037
SYM5444,155.51,1796.3188,1.2607,0.2565,0.8642,38.0699,2342.2874,28.1169
SYM5445,128.51,2323.7847,1.2422,0.2869,0.8151,41.3487,2230.0494,32.6891
SYM5446,97.98,1485.6877,1.216,0.1938,0.905,30.7515,2136.3143,19.1933
SYM5447,131.77,548.0267,0.9228,0.1249,0.9513,9.5868,1964.1836,11.3391
SYM5448,99.5,1048.6664,1.0892,0.1925,0.947,23.6564,2079.4982,18.8118
SYM5449,90.0,1067.6984,1.1746,0.1878,0.9302,20.6903,2668.1485,18.7601
SYM5450,82.9,1074.1193,1.2027,0.2581,0.9496,35.6165,1962.5667,27.9438
SYM5451,120.06,1208.3308,1.1747,0.2866,0.9275,36.9475,2181.7343,32.3916
SYM5452,126.01,2366.087,1.3627,0.2646,0.8632,34.0574,2829.96,28.8581
SYM5453,109.99,1139.491,1.3056,0.2081,0.9215,21.3436,2671.5496,21.3451
SYM5454,106.98,673.668,1.1797,0.2808,0.9343,23.418,2711.906,32.6204
SYM5455,95.0,2036.6832,1.2593,0.2338,0.8856,36.9979,1996.4208,25.0421
SYM5456,98.0,1806.6294,1.3345,0.2111,0.8718,16.9296,2955.7698,22.8232
SYM5457,129.59,1815.2613,1.2192,0.221,0.9015,32.7098,2097.9382,23.5128
SYM5458,100.0,834.6979,1.1318,0.2375,0.9494,23.4083,2603.0951,26.3077
SYM5459,93.85,1759.9384,1.2368,0.3106,0.8057,42.1175,2155.2631,35.7284
SYM5460,172.27,1434.6033,1.3564,0.2567,0.9344,39.1498,1977.7832,27.8675
SYM5461,140.04,1440.3664,1.1957,0.2403,0.91,30.9612,2093.0916,26.2239
SYM5462,128.09,736.6762,1.3475,0.1672,0.9432,17.9007,2956.7885,16.0461
SYM5463,129.86,1085.3976,1.2615,0.2846,0.896,32.2353,2091.1711,32.454
SYM5464,117.95,2710.2156,1.1507,0.1702,0.7671,33.1454,2003.2982,16.9126
SYM5465,178.21,1137.7901,1.1106,0.2397,0.2534,34.8422,2072.8603,25.8434
SYM5466,98.0,1920.7258,1.1889,0.2273,0.9245,37.6846,2356.4439,23.9043
SYM5467,129.81,669.8481,1.035,0.1553,0.9372,15.4253,2174.2367,14.6342
SYM5468,85.11,481.5003,1.0293,0.4273,0.3329,30.3617,2545.2881,54.1857
SYM5469,89.63,1545.8315,1.3064,0.2109,0.8693,24.335,2258.6504,22.6033
SYM5470,132.07,1276.6849,1.2353,0.1797,0.9154,22.4194,1977.6304,17.5432
SYM5471,142.57,848.919,1.2931,0.2035,0.9169,26.3702,2406.9793,20.5291
SYM5472,128.76,1348.9728,1.3015,0.2256,0.9045,31.1321,1816.4493,23.4741
SYM5473,87.7,1708.7025,1.2939,0.0586,0.8911,10.8403,1995.1483,3.8365
SYM5474,117.55,1585.2641,1.1521,0.2423,0.9118,32.7338,2559.2904,25.9683
SYM5475,120.0,2712.5703,1.0966,0.1813,0.8066,25.4143,2610.4741,18.5978
SYM5476,94.95,604.3985,1.2922,0.308,0.9636,38.1971,2955.2462,34.8099
SYM5477,103.29,1021.7689,0.9942,0.1527,0.9462,24.8786,2105.2069,14.2852
SYM5478,106.975,1551.01855,1.2571,0.2297,0.88245,27.330849999999998,2241.1574499999997,24.66685
SYM5479,100.01,1352.876,1.4532,0.2266,0.9014,25.5029,2475.8308,24.2122
SYM5480,120.02,2392.7348,1.1627,0.1982,0.2565,29.582,2306.4229,21.2681
SYM5481,122.34,1533.3361,1.172,0.1888,0.8792,26.2816,2047.4594,19.1603
SYM5482,178.21,940.727,0.972,0.1003,0.3243,16.5057,1323.7314,7.903
SYM5483,111.03,1929.7231,1.3842,0.3077,0.8146,46.5454,2348.2119,35.1133
SYM5484,139.97,1484.9968,1.2413,0.2541,0.9041,37.4664,1982.2524,27.543
SYM5485,128.05,801.2228,1.2805,0.336,0.9175,36.5236,2334.0759,39.446
SYM5486,172.27,1357.6305,1.1487,0.3174,0.2303,44.1544,1734.6629,37.3086
SYM5487,120.12,1607.039,1.2983,0.24,0.8599,22.6965,2835.0918,25.9683
SYM5488,112.24,1074.7521,1.2376,0.2439,0.9012,32.989,1895.0079,26.2716
SYM5489,126.12,1744.3432,1.024,0.2331,0.8624,37.7505,1848.6561,25.3154
SYM5490,137.31,780.9,1.1704,0.2347,0.9089,25.0821,2015.4198,24.7574
SYM5491,120.0,1785.9692,1.2961,0.3341,0.8256,41.441,2329.3495,39.6446
SYM5492,97.87,2291.5724,1.389,0.2035,0.8528,29.59,2490.0188,21.033
SYM5493,136.6,1240.0965,0.9811,0.152,0.9185,12.3984,1931.7428,13.7102
SYM5494,75.06,1502.5777,1.1849,0.2016,0.8947,28.8883,2581.5515,21.3544
SYM5495,95.12,2566.7562,1.1743,0.2307,0.8256,32.2071,1943.2658,24.6714
SYM5496,120.0,764.6694,1.2514,0.2337,0.9288,18.5025,2778.6231,25.7803
SYM5497,104.41,657.6266,1.0353,0.2366,0.8947,19.3162,2367.7511,25.2859
SYM5498,123.93,811.7183,0.5742,0.1194,0.9665,18.5407,1142.4895,12.7734
SYM5499,119.98,1789.2857,1.1977,0.2622,0.8356,37.3085,1962.4494,29.3196
SYM5500,128.22,2036.8693,1.1901,0.118,0.8633,19.1311,1842.9207,10.2371
SYM5501,140.01,2700.1881,1.2955,0.22,0.843,31.4882,2801.2192,23.9967
SYM5502,122.07,901.4647,1.1673,0.2514,0.9579,29.9475,2384.2683,27.0486
SYM5503,130.05,801.0307,1.1972,0.262,0.9315,21.1272,3189.4359,28.7662
SYM5504,83.77,1427.8424,1.1539,0.2207,0.8513,33.5467,2481.9901,23.7249
SYM5505,132.15,1694.2087,1.4433,0.2391,0.8766,24.9472,3418.0662,27.6181
SYM5506,135.3,2137.8359,1.1894,0.1947,0.2595,27.1219,2267.3876,20.3682
SYM5507,139.95,2762.6189,1.121,0.1822,0.827,39.3416,2640.6162,18.6729
SYM5508,119.98,1789.2857,1.1977,0.2622,0.8356,37.3085,1962.4494,29.3196
SYM5509,139.98,1414.1025,1.3078,0.1583,0.9055,29.2289,1873.2507,14.3621
SYM5510,149.32,1832.5402,1.2102,0.2715,0.8187,35.8225,1999.2857,30.4799
SYM5511,101.86,1942.9887,1.167,0.2131,0.8755,34.7339,2495.9829,22.4395
SYM5512,127.95,2117.4343,1.1516,0.3188,0.8647,48.8822,2195.651,36.472
SYM5513,90.04,1748.5122,1.2777,0.3441,0.8672,40.2412,2161.5097,41.2449
SYM5514,100.44,1983.6139,1.2896,0.2164,0.8204,25.6037,2567.071,23.8
SYM5515,118.14,2528.121,1.1023,0.1696,0.6806,19.0932,1962.5738,17.769
SYM5516,99.82,1314.057,1.3348,0.2819,0.2292,32.4681,2235.3138,31.0855
SYM5517,106.975,1551.01855,1.2571,0.2297,0.88245,27.330849999999998,2241.1574499999997,24.66685
SYM5518,120.0,1129.6353,1.3334,0.3255,0.9167,32.7231,2688.3437,38.0161
SYM5519,88.89,1691.5995,1.1795,0.2869,0.7934,35.5608,2058.5643,34.0559
SYM5520,111.92,2033.2525,1.2021,0.2648,0.7799,37.8524,1851.9489,30.4844
SYM5521,142.61,2436.8327,1.2441,0.2347,0.7796,38.931,2455.4365,25.5913
SYM5522,139.93,1361.6634,1.1522,0.2159,0.2386,30.4815,2680.5977,22.6036
SYM5523,109.64,1430.3152,1.194,0.2856,0.8018,32.5726,2216.8495,32.8127
SYM5524,120.06,1591.6346,1.3026,0.3425,0.7699,41.9726,2147.969,41.0133
SYM5525,74.96,2279.4103,1.1859,0.2564,0.7057,39.3204,1798.6144,28.4335
SYM5526,99.97,2151.7842,1.2141,0.1842,0.8589,33.5417,2275.9669,18.4835
SYM5527,88.06,2288.8097,1.0859,0.2168,0.8862,39.5128,2044.9463,22.6667
SYM5528,92.97,2564.525,1.2246,0.1684,0.8214,32.351,1799.0683,16.2309
SYM5529,85.56,2245.1664,1.3728,0.2534,0.9396,34.892,2491.9846,27.1373
SYM5530,86.38,1544.257,1.2854,0.1992,0.9429,30.0899,2163.7007,20.276
SYM5531,96.08,1539.3754,1.3465,0.1653,0.9516,27.3858,2210.6314,15.3159
SYM5532,91.65,2009.1827,1.2603,0.2162,0.894,33.4394,1915.0633,22.8378
SYM5533,123.56,1611.1126,1.1089,0.2352,0.8212,27.7298,1853.6216,26.0644
SYM5534,165.68,2119.4652,1.1809,0.1926,0.8673,24.7648,2020.7174,20.2172
SYM5535,110.05,2400.5303,1.3977,0.2205,0.8557,19.9405,2821.5284,24.1014
SYM5536,104.66,1469.4858,1.1546,0.2332,0.8896,22.8072,1976.376,25.5494
SYM5537,119.98,1263.5184,1.0658,0.2386,0.9071,29.3926,2017.7556,26.0387
SYM5538,108.81,1607.6703,1.175,0.1995,0.9001,25.8962,2016.0319,20.9036
SYM5539,84.08,1536.8107,1.2363,0.2038,0.8632,18.6801,2433.817,22.9542
SYM5540,122.23,1977.4026,1.1762,0.2496,0.8556,32.7112,1972.6429,27.6767
SYM5541,75.89,1468.2273,1.2204,0.2291,0.9084,23.6882,2609.0501,25.1414
SYM5542,184.57,2033.4066,1.1224,0.2501,0.8248,31.8377,1766.0247,27.8129
SYM5543,87.87,2159.9059,1.2547,0.2568,0.8129,27.5112,2264.2118,29.1416
SYM5544,88.26,1896.7165,1.3396,0.2409,0.8484,24.7171,2220.725,26.9545
SYM5545,150.42,1442.6913,1.29,0.1587,0.9015,19.5574,2459.1446,15.2506
SYM5546,142.87,2776.369,1.3795,0.2749,0.8596,23.4238,2470.8088,31.0746
SYM5547,77.67,1265.0188,1.1377,0.1454,0.9049,15.631,2270.4455,14.423
SYM5548,99.86,1313.8663,1.1948,0.2061,0.908,20.7344,2224.5091,21.3966
SYM5549,125.99,1630.8565,1.0727,0.1947,0.9353,20.9658,2274.2847,19.9416
SYM5550,95.08,1281.6909,1.1655,0.2206,0.8452,20.0026,2280.1278,24.3731
SYM5551,100.81,1643.7897,1.1782,0.2121,0.9046,26.5658,2165.5774,23.0826
SYM5552,150.53,1265.7769,1.3344,0.3098,0.9071,30.5668,2228.9743,36.7649
SYM5553,99.88,1573.4027,1.0907,0.2017,0.8266,22.3818,2194.1436,21.9162
SYM5554,117.89,1182.0238,1.114,0.2375,0.929,28.5629,2272.2529,26.2697
SYM5555,91.84,1634.9039,1.168,0.1728,0.9082,18.8663,2321.9274,17.426
SYM5556,132.0,1485.1331,1.148,0.237,0.8949,29.004,2140.1254,25.6472
SYM5557,84.78,2572.7375,1.2957,0.212,0.818,29.0151,2013.8846,22.597
SYM5558,131.95,2233.9643,1.1398,0.1594,0.8196,26.2421,1882.7216,15.6078
SYM5559,113.94,841.6651,1.3531,0.2925,0.9339,25.0988,2942.2224,34.1485
SYM5560,85.74,1741.1539,1.1194,0.2756,0.9144,36.0836,2007.4933,31.1397
SYM5561,128.69,2775.5849,1.3255,0.3014,0.803,32.2589,2584.5107,35.7715
SYM5562,95.1,1221.4924,1.3754,0.2913,0.9517,30.3894,2590.0819,33.147
SYM5563,89.14,1676.4973,1.2246,0.2442,0.9023,25.9772,1991.3172,26.535
SYM5564,89.98,1347.5006,1.1083,0.2312,0.8355,23.3301,2534.4412,25.9982
SYM5565,82.94,1772.8561,1.1278,0.1893,0.9068,24.6931,1917.0087,19.5779
SYM5566,90.06,1695.7686,1.1906,0.2382,0.8322,27.4469,2447.7793,26.2703
SYM5567,95.04,1138.0577,1.2658,0.2114,0.9044,18.5744,2279.2034,22.875
SYM5568,99.08,2113.3569,1.4015,0.197,0.8795,21.2245,2774.8243,20.7305
SYM5569,119.99,1932.7564,1.2724,0.2434,0.9072,24.9788,2100.5757,26.0609
SYM5570,100.05,881.039,1.1597,0.2169,0.9226,17.5705,2321.5096,22.8425
SYM5571,142.84,2827.2038,1.2373,0.2462,0.8243,28.9371,2403.4274,27.0351
SYM5572,163.14,2048.0329,1.3094,0.2064,0.8355,24.8005,2356.4437,22.6786
SYM5573,102.97,1525.8483,1.1414,0.1792,0.8529,19.9033,1707.5814,18.2123
SYM5574,102.13,1063.2964,1.1692,0.1974,0.9037,17.0973,2080.3183,20.8202
SYM5575,100.86,1341.9165,1.1121,0.12,0.883,15.7961,2157.2342,11.0005
SYM5576,99.92,1542.7602,1.3305,0.2561,0.9137,26.0147,2022.6078,28.3165
SYM5577,140.25,1405.2602,1.3659,0.2829,0.9249,29.9138,2566.1733,31.984
SYM5578,84.83,2025.0797,1.2134,0.176,0.8669,19.6354,2267.3474,18.3044
SYM5579,93.92,1036.0943,1.32,0.2456,0.9189,21.309,2485.5051,27.1577
SYM5580,129.52,2433.5222,1.2051,0.2196,0.8788,31.8888,2143.6663,23.0381
SYM5581,112.23,1954.8842,1.3048,0.1801,0.8664,14.758,2316.8585,18.9903
SYM5582,129.62,1913.2208,1.2261,0.1749,0.7887,18.0761,2583.1409,18.6036
SYM5583,123.92,2550.5717,1.2457,0.1778,0.847,28.3167,1874.2706,17.6358
SYM5584,118.38,1601.0214,1.1499,0.1521,0.824,16.3139,2374.0472,15.5691
SYM5585,125.99,1268.5702,1.3659,0.212,0.8625,20.2055,2525.4178,22.9568
SYM5586,93.94,2094.4008,1.4385,0.2512,0.901,24.6101,2907.0663,27.2553
SYM5587,129.78,1565.1072,1.1243,0.1485,0.8949,21.7058,1869.8686,14.2236
SYM5588,106.975,1551.01855,1.2571,0.2297,0.88245,27.330849999999998,2241.1574499999997,24.66685
SYM5589,150.88,1360.3749,1.0441,0.2398,0.8984,25.4684,1927.8175,26.3274
SYM5590,97.87,2432.3804,1.3939,0.2055,0.8432,22.2119,2448.3564,21.9863
SYM5591,128.31,2319.0637,1.3408,0.2267,0.8554,23.0117,2848.995,24.8532
SYM5592,69.98,2138.6898,1.4374,0.1769,0.8782,18.7115,2345.6424,17.6183
SYM5593,88.94,1276.4284,1.2596,0.2063,0.8758,15.5659,2701.192,23.0137
SYM5594,89.88,1645.2283,1.2055,0.2078,0.8666,24.1559,1934.3194,22.3654
SYM5595,87.76,1810.297,1.451,0.2215,0.8862,23.9802,2298.4653,24.6254
SYM5596,118.59,1772.5677,1.3056,0.2221,0.8334,24.0014,2433.9356,24.2052
SYM5597,89.98,2211.7689,1.27,0.2499,0.8439,34.1569,1843.3033,27.3349
SYM5598,93.98,2128.041,1.1705,0.173,0.8833,22.1712,2182.4335,17.4857
SYM5599,118.38,2951.73,1.2852,0.2138,0.796,34.2229,2215.6348,22.1186
SYM5600,132.07,1540.6729,1.1871,0.1955,0.8477,20.221,2374.0615,20.5697
SYM5601,125.03,1172.3289,1.2026,0.2235,0.8649,23.1886,2392.082,23.8918
SYM5602,81.96,1848.2791,1.2694,0.197,0.9287,26.8477,2150.0304,19.875
SYM5603,120.0,2409.0724,1.0682,0.1776,0.9055,27.3471,2112.4413,17.2646
SYM5604,77.51,1128.9687,1.3283,0.2212,0.9274,19.4583,2129.517,23.0698
SYM5605,116.4,1077.1334,1.0562,0.2521,0.9184,28.8944,2154.7562,27.5467
SYM5606,113.13,3323.6203,1.1741,0.2279,0.6408,34.3039,1598.107,24.3912
SYM5607,87.94,1403.6504,1.1523,0.1938,0.9039,22.9271,2176.1301,19.4243
SYM5608,144.77,1566.1307,1.2116,0.1698,0.8689,20.9034,2418.0002,16.8944
SYM5609,153.17,1727.6223,1.4916,0.3151,0.8897,33.1862,2132.3833,37.0689
SYM5610,82.95,1165.1227,1.2951,0.2049,0.8884,14.8375,2430.2767,22.0343
SYM5611,84.82,2367.6204,1.3611,0.2349,0.8611,28.2306,2530.1471,25.2663
SYM5612,90.04,1740.9625,1.1993,0.2621,0.9263,37.3283,1858.4809,28.3324
SYM5613,84.94,2338.1293,1.4694,0.2601,0.853,27.1222,3076.3723,29.2146
SYM5614,113.97,1755.5401,1.1509,0.1906,0.8524,25.4246,2126.7837,20.0714
SYM5615,92.87,1199.7167,1.4264,0.2584,0.9051,24.4574,2773.05,29.1745
SYM5616,90.0,1547.2599,1.2926,0.1691,0.8923,21.2515,1999.6569,16.0424
SYM5617,133.83,2812.6063,1.2707,0.161,0.8452,22.2627,1941.5865,14.927
SYM5618,106.93,1464.7385,1.2061,0.2221,0.8833,23.8569,2399.1376,24.5304
SYM5619,80.87,1680.0201,1.3234,0.2213,0.9245,25.0161,2489.229,23.2975
SYM5620,89.74,1253.9154,1.4117,0.2025,0.9321,20.708,2086.5048,20.3125
SYM5621,126.03,1581.7233,1.0794,0.1405,0.9412,25.7904,1722.886,12.2262
SYM5622,120.06,1914.9163,1.1221,0.2424,0.9275,33.4156,2031.007,25.6648
SYM5623,130.17,1046.039,1.0296,0.0548,0.8184,7.379,1742.7266,3.9511
SYM5624,123.39,1626.0896,1.3906,0.1496,0.8766,21.9671,2532.398,14.0911
SYM5625,119.78,1736.2373,1.4666,0.1673,0.8718,14.9911,2832.8125,16.6887
SYM5626,128.01,789.5609,1.0318,0.2868,0.9026,22.0225,2407.9173,33.3101
SYM5627,140.0,1405.5332,1.5246,0.1637,0.8841,16.3519,2259.6867,15.2849
SYM5628,129.93,886.7666,1.0993,0.1474,0.9273,18.7305,1903.3835,13.0627
SYM5629,88.67,1754.0329,1.3413,0.2147,0.8772,22.9434,2280.4875,23.1799
SYM5630,139.74,1266.8693,1.4581,0.4029,0.8974,30.8992,1883.0858,50.373
SYM5631,91.79,3474.6019,1.1656,0.1011,0.7943,18.3603,1356.3901,8.1036
SYM5632,172.27,1098.3536,1.1128,0.1084,0.8797,13.5039,1923.249,9.1779
SYM5633,123.55,1611.1126,1.1089,0.2352,0.8212,27.7298,1853.6216,26.0644
SYM5634,122.2,2501.118,1.0714,0.062,0.6328,11.6162,1769.5113,4.5525
SYM5635,90.02,1284.0418,1.3163,0.1877,0.9348,23.1273,2269.0463,18.561
SYM5636,120.05,1131.9351,1.3146,0.0476,0.9225,7.6808,2020.4486,2.9694
SYM5637,125.03,1172.3289,1.2026,0.2235,0.8649,23.1886,2392.082,23.8918
SYM5638,97.29,1382.8114,1.1107,0.0642,0.8607,7.4856,2151.8647,4.7897
SYM5639,150.88,1360.3749,1.0441,0.2398,0.8984,25.4684,1927.8175,26.3274
SYM5640,128.06,2504.7832,1.1384,0.2384,0.8586,41.7249,1538.3635,25.3278
SYM5641,128.08,2701.7523,1.3978,0.3117,0.6182,45.4244,2168.0047,36.0211
SYM5642,123.9,2198.2674,1.2793,0.2593,0.6708,40.8954,2076.7153,29.0924
SYM5643,117.79,1344.2888,1.1823,0.2822,0.9347,38.38,1989.5522,31.232
SYM5644,122.5,1247.4223,1.2336,0.2931,0.9098,33.1824,2401.0229,33.5079
SYM5645,144.07,1542.0824,1.5744,0.2123,0.7944,22.0801,2698.853,22.2088
SYM5646,135.71,939.8131,1.2697,0.1407,0.9011,13.8505,2326.9416,13.8761
SYM5647,148.17,2250.6103,1.4057,0.2509,0.8277,30.9133,2231.5017,27.6339
SYM5648,134.98,1726.6387,1.2743,0.2996,0.8196,36.7712,2515.5415,34.2838
SYM5649,153.75,1647.3342,1.1615,0.2624,0.8706,34.364,2074.8177,28.9446
SYM5650,89.89,3025.3353,1.2727,0.232,0.7741,43.0863,1837.7595,24.8122
SYM5651,151.94,848.5435,1.3685,0.262,0.9444,24.0781,2542.3607,28.688
SYM5652,119.84,1783.7229,1.1919,0.198,0.8403,31.8732,1945.1064,20.7324
SYM5653,143.34,1689.5405,1.5021,0.2466,0.8384,32.7401,2383.9602,27.3371
SYM5654,146.51,1919.0622,1.3358,0.2312,0.8918,32.6762,2307.2439,25.223
SYM5655,92.03,1821.3826,1.1462,0.2515,0.8743,37.5397,2395.0923,28.1293
SYM5656,98.02,1143.4528,1.3423,0.2423,0.9312,23.7091,2418.9286,25.8899
SYM5657,87.01,1700.1163,1.1134,0.2494,0.8892,33.6683,2047.149,27.0758
SYM5658,150.25,2382.5235,1.2053,0.2457,0.826,41.3538,1750.0082,27.0685
SYM5659,86.02,1367.8326,1.2128,0.228,0.9461,27.1491,2146.6827,24.4599
SYM5660,119.97,1374.8071,1.3345,0.2575,0.9409,32.3523,2251.4525,27.8205
SYM5661,98.74,1073.73,1.4481,0.2131,0.8943,20.7006,2649.5278,22.6935
SYM5662,154.77,2034.5488,0.9901,0.1738,0.8712,35.8577,1867.9877,17.7244
SYM5663,90.94,2152.1607,1.1025,0.235,0.8423,38.9163,1841.3877,25.7309
SYM5664,119.89,1385.8627,1.151,0.2045,0.8419,24.7574,2415.1738,22.2564
SYM5665,95.88,1525.289,1.1319,0.2474,0.9212,37.092,1748.9481,26.6965
SYM5666,139.91,1940.3862,1.1447,0.2886,0.7972,45.1158,1733.8029,32.4641
SYM5667,135.16,1643.3116,1.1949,0.2248,0.7968,35.0557,2233.1166,24.7585
SYM5668,152.12,1758.7756,1.4493,0.1907,0.8714,24.1939,2601.1343,19.9723
SYM5669,144.03,1360.1183,1.5538,0.2446,0.8776,28.7665,2967.4677,27.0225
SYM5670,129.97,964.8546,1.4146,0.2435,0.8637,19.4209,2498.1891,27.0977
SYM5671,118.57,1511.3771,1.1986,0.1514,0.8686,23.628,2236.0489,14.9252
SYM5672,132.02,2116.491,1.3702,0.192,0.7328,21.1398,2501.2592,20.9775
SYM5673,139.05,1813.8493,1.1667,0.2694,0.8701,41.7134,2180.7424,30.1616
SYM5674,94.97,1605.3016,1.2092,0.2482,0.9047,35.2373,1669.7279,26.7468
SYM5675,110.15,2556.1128,1.3093,0.2693,0.7541,38.289,2247.4027,30.0942
SYM5676,128.07,2515.7124,1.274,0.2913,0.6462,46.3735,1896.6852,32.9902
SYM5677,140.01,1922.4527,1.2135,0.2558,0.7788,35.9493,1708.9587,28.0046
SYM5678,140.0,2047.0328,1.1128,0.2539,0.8686,42.9289,2097.3578,27.7279
SYM5679,135.05,1839.2964,1.3409,0.2575,0.8964,35.7201,2049.0864,27.9328
SYM5680,142.91,1540.8507,1.5284,0.1793,0.8994,20.9067,2349.9895,17.9224
SYM5681,97.88,1908.8752,1.3242,0.2648,0.7996,32.2015,2388.1475,30.1372
SYM5682,128.03,2855.2618,1.3189,0.3118,0.5532,48.8338,2009.6605,35.7897
SYM5683,126.04,2568.6145,1.3676,0.2912,0.7278,38.1014,2161.8268,33.4655
SYM5684,109.38,2816.8672,1.3916,0.2883,0.5951,40.1605,2132.0721,33.6606
SYM5685,93.02,2037.6712,1.6199,0.183,0.8783,27.4228,2399.8272,18.3234
SYM5686,131.95,1726.987,1.4171,0.2131,0.8869,23.4112,2071.1689,22.6662
SYM5687,100.03,2108.4775,1.1579,0.2078,0.8133,35.229,2052.9444,22.3314
SYM5688,129.9,709.7516,1.2597,0.33,0.9343,31.6289,2200.3355,38.5102
SYM5689,163.82,2156.5524,1.5768,0.1393,0.8085,14.8962,2703.4937,13.7524
SYM5690,82.98,2244.4829,1.6935,0.2426,0.8068,27.4451,2445.6217,26.5667
SYM5691,151.92,1773.7892,1.5546,0.1852,0.8248,17.4529,2585.68,19.3869
SYM5692,129.6,1734.0428,1.2667,0.215,0.8429,26.2138,2359.2214,23.4133
SYM5693,144.79,1825.0666,1.2235,0.2646,0.8662,34.3849,2106.5032,29.2776
SYM5694,128.48,1731.412,1.2216,0.3074,0.8757,43.5068,2083.6937,35.7639
SYM5695,95.06,2132.2153,1.4383,0.3381,0.7572,42.2774,2287.574,40.5084
SYM5696,142.53,2414.8851,1.2482,0.2149,0.8206,35.6694,2016.5079,22.8552
SYM5697,129.9,1753.2818,1.2681,0.2782,0.7729,31.975,2240.927,32.565
SYM5698,150.69,1304.58,1.1097,0.2444,0.9224,25.0351,2439.3242,27.092
SYM5699,103.97,1619.8652,1.4612,0.3132,0.8686,34.4148,2134.0317,36.4605
SYM5700,92.03,2308.2936,1.1589,0.2485,0.8262,41.5192,2209.8504,27.6797
SYM5701,99.96,1915.5785,1.1695,0.1713,0.9129,26.5924,1726.1755,16.5033
SYM5702,172.27,1620.9372,1.2582,0.2187,0.8687,25.7933,2188.986,23.1644
SYM5703,120.74,2038.2795,1.1363,0.2418,0.8031,36.0168,1821.8449,26.4127
SYM5704,135.03,1204.0799,1.2311,0.2411,0.9134,26.1104,2311.9075,25.8132
SYM5705,123.24,1044.5063,1.4277,0.1517,0.9437,18.7734,2471.5567,13.9196
SYM5706,120.01,1601.1394,1.215,0.287,0.9161,31.6192,2512.2422,32.4848
SYM5707,123.55,1802.6018,1.4664,0.2271,0.9136,29.9071,1999.5771,23.8574
SYM5708,139.97,1626.0264,1.3625,0.3026,0.8565,35.8915,2308.1955,34.7578
SYM5709,117.69,1932.2301,1.3262,0.2046,0.8665,28.9219,2109.6122,21.1613
SYM5710,89.94,1362.4058,1.3806,0.3001,0.8715,31.1747,1962.7861,34.4801
SYM5711,147.17,2308.4759,1.2802,0.0678,0.7749,12.3183,1893.3907,4.8504
SYM5712,108.53,995.7504,1.2132,0.3875,0.8627,35.5916,2147.9057,49.2934
SYM5713,135.08,2557.4771,1.4889,0.2122,0.8387,33.4944,1989.5347,22.1306
SYM5714,79.96,1325.8353,1.2794,0.2031,0.8284,17.8084,2439.2877,22.9385
SYM5715,85.05,2319.615,1.4772,0.2063,0.8448,26.8346,2793.8731,22.1229
SYM5716,99.87,2126.5028,1.6419,0.2123,0.8308,27.4869,2573.5101,22.3748
SYM5717,130.08,1931.7769,1.4222,0.1784,0.8746,26.7478,2210.5872,17.2854
SYM5718,142.56,1381.6105,1.3726,0.1262,0.909,18.3559,2046.5005,11.0408
SYM5719,127.05,1564.5617,1.5652,0.193,0.8683,24.146,2171.041,19.7323
SYM5720,139.77,1386.2889,1.4171,0.2228,0.9065,24.2957,2325.8066,23.9378
SYM5721,111.89,1573.0936,1.4431,0.121,0.8377,16.4409,2609.9512,10.6254
SYM5722,144.54,1950.5252,1.5754,0.1794,0.9033,24.981,2509.8363,17.9509
SYM5723,144.57,2124.6763,1.3506,0.252,0.868,32.2344,2275.4896,28.0912
SYM5724,156.37,1017.2192,1.0671,0.1317,0.8543,9.531,2097.5448,12.0067
SYM5725,123.55,1757.5107,1.2729,0.0989,0.7685,15.6352,1966.9267,8.317
SYM5726,139.92,1503.9192,1.0215,0.1141,0.9262,13.1496,2247.4402,9.7834
SYM5727,123.44,920.2084,1.3852,0.2701,0.9226,27.5512,2256.1366,30.6962
SYM5728,123.9,1904.4653,1.4797,0.1658,0.8531,21.2362,2358.2487,16.7816
SYM5729,144.53,2575.5605,1.4889,0.3362,0.6574,40.2237,2317.0527,40.3313
SYM5730,129.9,1767.4889,1.4756,0.2225,0.811,30.2422,2147.1863,23.5673
SYM5731,172.27,1870.4136,1.2055,0.0473,0.8066,10.3471,1910.5469,3.0792
SYM5732,123.17,1311.6407,1.3786,0.2347,0.8511,28.149,2316.3683,25.7603
SYM5733,128.07,1981.5192,1.19,0.1739,0.8441,23.766,1580.3057,17.8859
SYM5734,114.82,2088.97,1.4235,0.258,0.8133,38.8414,1981.0784,28.6331
SYM5735,143.41,1684.0991,1.3675,0.0392,0.6429,5.8728,2391.7455,2.4076
SYM5736,129.23,1993.3992,1.1444,0.1051,0.6547,20.5016,1632.1564,9.4868
SYM5737,128.19,2612.5539,0.9888,0.2878,0.6968,53.6906,1689.8457,32.5872
SYM5738,135.35,441.0156,1.4329,0.3087,0.9485,18.8855,2858.6307,35.2883
SYM5739,143.74,1732.7236,1.5126,0.1817,0.8215,21.7714,2770.7821,18.4993
SYM5740,119.97,1374.8071,1.3345,0.2575,0.9409,32.3523,2251.4525,27.8205
SYM5741,122.84,1630.0231,1.4536,0.1364,0.8395,15.1396,2426.408,12.7007
SYM5742,89.49,1068.714,1.1171,0.1008,0.9515,14.6863,1799.1954,7.9678
SYM5743,162.06,1591.3993,1.1744,0.2788,0.8772,31.6262,2071.7742,31.6435
SYM5744,92.73,1319.1521,1.1625,0.1604,0.8133,19.3144,2712.7306,15.2852
SYM5745,129.94,1398.3337,1.2565,0.2263,0.9075,22.7717,2611.7485,23.4257
SYM5746,91.9,1652.729,1.3021,0.3056,0.911,34.7596,2209.9562,35.1157
SYM5747,102.91,1211.4965,1.3606,0.2961,0.9505,34.6883,2073.6437,33.7577
SYM5748,90.08,2650.8922,1.3441,0.2424,0.8407,36.8603,1748.9445,26.6419
SYM5749,84.97,1887.2574,1.4047,0.2665,0.8906,26.409,2069.7537,30.131
SYM5750,135.88,1154.9842,1.4134,0.3505,0.9305,31.6772,2448.9535,42.0152
SYM5751,103.97,1492.7682,1.2944,0.2231,0.8344,24.6795,2575.2916,24.3641
SYM5752,123.67,1816.3163,1.2429,0.2983,0.8834,37.3459,1676.2283,34.7311
SYM5753,141.89,1618.6675,1.2534,0.2949,0.8347,32.3431,1781.0223,33.5729
SYM5754,150.25,1621.2928,1.303,0.2431,0.8872,28.7952,2110.727,27.0781
SYM5755,96.99,1267.2586,1.1272,0.3234,0.9101,44.5134,2242.021,37.7944
SYM5756,88.03,2122.5485,1.2246,0.2592,0.9262,41.3137,1981.0653,28.1528
SYM5757,114.86,1050.3317,1.1508,0.326,0.9177,38.0479,1722.167,38.4506
SYM5758,120.07,2195.6248,1.3909,0.263,0.8979,30.6372,2105.1499,29.5127
SYM5759,89.93,1470.8514,1.0524,0.2185,0.89,26.5286,1783.1953,24.1641
SYM5760,129.96,889.8938,1.1717,0.2611,0.9382,25.4834,2248.1938,29.1954
SYM5761,99.82,1542.4345,1.1406,0.2899,0.8046,36.1274,2296.6978,33.5944
SYM5762,139.91,1272.9005,1.3834,0.3169,0.8799,30.1622,1833.6341,37.4734
SYM5763,92.47,1211.7005,1.1621,0.2992,0.8479,35.6927,2347.8634,34.6664
SYM5764,123.87,1004.9617,1.2795,0.3277,0.8634,27.815,2911.5914,39.6028
SYM5765,99.97,890.3699,1.1611,0.2789,0.9365,27.8976,2602.2773,31.4162
SYM5766,129.9,2385.6349,1.3392,0.2854,0.7421,35.6715,2325.3366,32.5359
SYM5767,139.87,1453.4973,1.0389,0.2363,0.9106,30.858,2180.6233,26.2637
SYM5768,126.88,1395.3659,1.3257,0.2134,0.8754,24.9479,2025.5808,22.785
SYM5769,129.67,2014.7021,1.3953,0.2371,0.8483,34.0361,2474.1185,25.8722
SYM5770,120.06,2831.0582,1.3862,0.2418,0.6936,29.898,2203.3349,26.5079
SYM5771,109.86,1671.4723,1.1823,0.2785,0.8623,33.4566,2119.6659,31.8584
SYM5772,80.91,1943.2526,1.2,0.248,0.8215,29.5116,1740.7448,27.6327
SYM5773,172.27,1826.592,1.1845,0.2797,0.8887,38.6378,1700.9603,31.6375
SYM5774,122.85,1078.5213,1.2277,0.2244,0.8556,19.5719,2446.1371,24.9112
SYM5775,95.1,1729.3847,1.0775,0.1008,0.8987,19.4449,1872.2189,8.5877
SYM5776,139.97,2086.0707,1.2442,0.255,0.8155,26.144,2146.386,28.6759
SYM5777,87.98,2006.7715,1.5048,0.2489,0.8698,29.7651,2905.5725,28.4454
SYM5778,97.91,2084.9739,1.0618,0.2167,0.8725,39.1534,1500.0561,22.8516
SYM5779,83.98,1508.2288,1.2327,0.2047,0.9012,23.8148,2092.1683,22.3072
SYM5780,133.69,2300.2442,1.328,0.2369,0.8665,35.315,2114.3512,25.5288
SYM5781,100.09,1333.76,1.1158,0.206,0.898,31.9194,2286.1037,21.2829
SYM5782,103.13,1118.4745,1.2088,0.2567,0.9521,29.5899,2202.0181,27.7211
SYM5783,135.19,1612.0155,1.1942,0.2749,0.7569,39.8151,1995.0292,30.9666
SYM5784,117.96,997.9106,1.2176,0.2482,0.9547,24.5842,2126.7046,26.8622
SYM5785,84.0,1613.3746,1.3723,0.3366,0.8329,29.4557,2649.3154,40.2338
SYM5786,127.94,1915.4649,1.2937,0.2741,0.8706,34.8674,1957.9005,30.9491
SYM5787,139.99,1588.7149,1.3861,0.2793,0.905,27.9399,2397.6834,32.2614
SYM5788,142.11,1707.1167,1.1938,0.2213,0.9014,31.3195,2236.4585,23.3106
SYM5789,90.0,1750.7079,1.3108,0.2719,0.9185,39.2248,2326.6616,30.5986
SYM5790,125.91,1309.0709,1.2269,0.3131,0.7681,29.3578,2430.9955,36.6804
SYM5791,136.27,2286.1178,1.3568,0.1807,0.8041,21.2889,2277.0932,18.6699
SYM5792,129.57,1403.5333,1.3263,0.1843,0.9282,18.8648,2616.3711,19.0665
SYM5793,99.94,1100.7822,1.2334,0.2887,0.9111,33.7604,2246.9298,32.6011
SYM5794,103.92,1130.6909,1.1987,0.3065,0.9112,29.9348,2063.1077,35.4577
SYM5795,139.97,954.5236,1.2919,0.3808,0.8486,32.9997,2645.1773,47.383
SYM5796,116.67,1475.4509,1.2268,0.312,0.8904,32.869,2320.5159,36.171
SYM5797,164.04,1389.1027,1.0781,0.2666,0.869,37.6551,1931.3788,29.5144
SYM5798,92.43,1689.8221,1.1576,0.2516,0.8255,34.5725,1646.3341,27.7714
SYM5799,125.05,2019.9692,1.1073,0.1966,0.8489,28.5684,2088.7883,20.2324
SYM5800,107.95,1087.1049,1.1707,0.3381,0.8782,28.9142,2198.5108,40.0878
SYM5801,87.97,1708.4556,1.2667,0.2957,0.8461,28.6587,2335.6439,34.3289
SYM5802,165.98,1870.7934,1.19,0.3025,0.8998,41.3525,2256.3083,34.7362
SYM5803,84.23,2228.8031,1.2916,0.1771,0.8781,24.7124,2093.5884,18.2616
SYM5804,99.83,1473.9806,1.1316,0.1598,0.9193,19.1553,2190.524,15.3016
SYM5805,103.96,1458.1742,1.1831,0.2702,0.9223,36.0094,2270.6257,30.504
SYM5806,120.07,1022.628,1.1011,0.2007,0.9461,21.8065,2463.2963,21.231
SYM5807,128.11,1856.7865,1.1212,0.1958,0.9583,40.2929,2035.6536,19.5168
SYM5808,89.98,1671.2525,1.2998,0.2258,0.9074,24.9306,2510.957,24.1345
SYM5809,84.84,1624.491,1.2352,0.2289,0.8874,25.7372,2153.66,24.683
SYM5810,128.43,1367.6114,1.2374,0.2895,0.8762,36.2275,2192.3904,32.5057
SYM5811,126.71,1447.2121,1.3672,0.3455,0.8831,39.0456,2375.0819,40.8936
SYM5812,99.93,1243.2049,1.0645,0.2134,0.8802,33.355,1825.9427,22.6256
SYM5813,128.07,1248.3527,1.2254,0.3333,0.8196,28.8565,2622.3048,40.3636
SYM5814,95.04,1783.9276,1.2251,0.2033,0.9218,29.3983,2088.1576,21.0644
SYM5815,120.01,1746.0279,1.3854,0.2288,0.8348,25.5057,2565.3442,25.2491
SYM5816,144.39,1730.8806,1.2566,0.2734,0.8859,34.6105,2215.9729,30.1898
SYM5817,153.9,1140.7997,1.2354,0.3061,0.9084,37.6016,2734.4905,35.1477
SYM5818,131.98,1284.6309,1.1499,0.2531,0.8669,29.6721,1970.8221,27.5785
SYM5819,80.87,1196.9421,1.211,0.3248,0.9229,34.3783,2411.7069,38.2374
SYM5820,128.08,2234.2995,1.3735,0.2832,0.8149,37.4635,2174.1317,31.88
SYM5821,139.93,1546.3116,1.0253,0.2267,0.8389,23.6538,1727.0203,25.1392
SYM5822,91.96,1587.2437,1.2865,0.2988,0.9147,33.8707,2184.5534,34.199
SYM5823,113.85,903.8788,1.4074,0.2943,0.9199,25.6179,2473.6357,33.6061
SYM5824,109.96,2660.3201,1.2327,0.2661,0.7963,35.3747,2071.8365,29.8263
SYM5825,146.03,2230.228,1.402,0.2716,0.8427,34.3934,2225.2948,30.6306
SYM5826,148.04,1323.5853,1.1427,0.3077,0.9322,35.3343,1629.0865,34.7286
SYM5827,116.61,1812.93,1.1222,0.2169,0.931,42.6053,1806.9335,22.337
SYM5828,114.06,1505.575,1.1595,0.16,0.8407,23.0125,2047.0467,16.725
SYM5829,123.47,1063.0763,1.2101,0.2484,0.9441,25.048,2266.6815,27.2298
SYM5830,79.97,2294.8622,1.3466,0.3067,0.7391,42.4534,1991.712,34.8957
SYM5831,135.44,2364.206,1.3862,0.2801,0.8444,39.6678,2152.5637,32.4554
SYM5832,89.27,2113.2368,1.2042,0.2068,0.8377,32.909,1992.9177,22.3779
SYM5833,129.83,1575.6445,1.2172,0.244,0.818,26.1472,2380.9147,27.7778
SYM5834,93.8,965.8325,1.1795,0.2378,0.9365,21.863,2631.0927,25.8433
SYM5835,89.89,1368.632,1.2462,0.2418,0.9065,30.1637,2237.8271,25.7786
SYM5836,104.07,1325.206,1.2002,0.2042,0.8982,17.6945,2384.6212,21.9544
SYM5837,89.27,2113.2368,1.2042,0.2068,0.8377,32.909,1992.9177,22.3779
SYM5838,161.93,2068.2292,1.3406,0.3232,0.8027,38.4195,2466.7214,37.7532
SYM5839,150.17,1690.8128,1.3363,0.1838,0.8484,18.3827,2918.9067,19.4231
SYM5840,135.36,1445.1836,1.2191,0.2971,0.8214,36.2168,2300.2077,34.459
SYM5841,77.97,1096.9121,1.1936,0.2348,0.9047,22.8503,2468.8768,26.0445
SYM5842,92.87,2088.4526,1.3176,0.2585,0.8543,33.746,2327.3931,29.3122
SYM5843,96.88,1526.1029,1.2251,0.2817,0.8789,34.6891,1925.4756,31.8007
SYM5844,126.72,1082.8191,1.1039,0.2735,0.9059,24.7628,2143.3907,30.4819
SYM5845,94.98,1534.5113,1.2131,0.3197,0.9081,48.8971,2489.388,36.773
SYM5846,144.65,1622.4889,1.3267,0.2843,0.8843,35.5182,2301.9582,32.0674
SYM5847,139.87,1854.95,1.3063,0.196,0.8988,27.7538,2417.9899,19.9826
SYM5848,129.94,938.0191,1.2061,0.2299,0.9591,25.973,2343.9546,23.6851
SYM5849,129.96,1507.6328,1.3035,0.2555,0.8811,36.2986,1990.0306,28.0051
SYM5850,123.63,2425.3451,1.2529,0.2348,0.853,40.8968,2006.4874,25.5202
SYM5851,96.85,1709.4976,1.1094,0.0692,0.8528,14.6899,2065.5482,4.8587
SYM5852,89.93,509.7601,1.4388,0.3664,0.9468,26.1812,2916.411,44.897
SYM5853,83.06,1205.7951,1.0678,0.2273,0.9163,30.2999,1884.9959,24.6884
SYM5854,89.98,2099.5649,1.2033,0.2612,0.9005,40.1115,2041.158,28.2575
SYM5855,86.98,2347.3467,1.1369,0.2725,0.9313,47.3951,1928.6033,29.8457
SYM5856,97.98,1959.1374,1.4191,0.249,0.8327,32.8638,2725.6432,27.7965
SYM5857,139.87,2034.9864,1.1218,0.2404,0.8454,34.8047,2123.3794,26.6078
SYM5858,139.99,1777.2072,1.2416,0.2709,0.8989,33.4776,2166.2497,29.5089
SYM5859,139.91,1762.3859,1.2023,0.3046,0.748,47.3853,1910.9982,35.1749
SYM5860,92.04,2245.2157,1.2168,0.1982,0.91,31.9441,2245.871,20.3336
SYM5861,117.18,1902.665,1.2539,0.2661,0.8648,34.7667,2068.1287,29.6383
SYM5862,163.31,2742.1262,1.3565,0.2147,0.8317,37.6043,1952.3865,22.4629
SYM5863,84.88,1063.9816,1.1378,0.2823,0.884,34.7095,2592.2838,32.0798
SYM5864,96.0,1351.6917,1.2787,0.2921,0.8686,34.8355,2797.4575,33.0506
SYM5865,150.74,1216.5094,1.1267,0.2602,0.9165,36.5067,1952.1522,28.3997
SYM5866,129.85,1502.1212,1.235,0.2569,0.9212,36.0684,2044.7278,27.9015
SYM5867,132.04,1472.3217,1.2386,0.2404,0.8759,33.8471,2450.2647,25.7473
SYM5868,150.05,1452.7761,1.2561,0.2107,0.914,29.9428,2803.287,22.2815
SYM5869,139.99,1743.1012,1.163,0.2691,0.9054,42.8492,2387.5404,29.8156
SYM5870,112.79,3430.1673,1.2071,0.2254,0.7882,36.6234,1491.0122,23.9279
SYM5871,90.93,1870.9683,1.1877,0.2006,0.9224,41.1537,1945.708,19.8587
SYM5872,72.07,1827.5875,1.5471,0.2852,0.8305,27.5292,2469.4782,33.5256
SYM5873,150.01,1908.5781,1.1606,0.2593,0.9107,42.4658,2153.3599,28.2784
SYM5874,90.01,1344.6015,1.2234,0.2515,0.8925,27.5957,2001.249,27.743
SYM5875,89.97,2277.6115,1.2009,0.2173,0.8695,26.1205,2132.8159,23.2453
SYM5876,71.13,3064.9121,1.2663,0.1268,0.7216,30.5144,1704.8965,11.7663
SYM5877,136.02,1875.2787,1.5409,0.2219,0.8288,25.4184,2583.8971,24.2468
SYM5878,89.94,1716.4918,1.371,0.2909,0.8618,35.0126,2466.4024,33.0899
SYM5879,97.93,760.4086,1.1554,0.2399,0.9496,29.4398,2628.7134,26.6272
SYM5880,88.13,3855.0653,1.1795,0.2666,0.8651,45.8701,1573.4269,29.1987
SYM5881,135.99,1421.6805,1.1949,0.2931,0.8971,36.0101,2756.512,32.8098
SYM5882,143.17,1780.5487,1.2988,0.0504,0.8197,7.3313,2415.3647,3.1136
SYM5883,135.99,1677.8949,1.0958,0.2668,0.8938,38.2195,1624.7387,29.09
SYM5884,92.83,854.8466,1.164,0.2327,0.9185,28.5322,2030.3326,25.1513
SYM5885,101.01,2168.3591,1.1389,0.2361,0.8808,40.3609,1865.1171,25.4313
SYM5886,80.52,1774.9832,1.1855,0.1324,0.8485,25.2247,2009.1444,11.7101
SYM5887,99.77,1567.1321,1.1003,0.2876,0.6931,38.1819,2115.3328,34.1835
SYM5888,97.46,2091.2433,1.2659,0.3219,0.6945,39.0479,2046.3466,37.8563
SYM5889,94.98,2488.3122,1.5057,0.2284,0.7882,33.834,2616.7985,24.2503
SYM5890,115.86,1582.2888,1.3268,0.3019,0.8687,43.625,2568.0539,34.4367
SYM5891,95.25,1847.5944,1.2409,0.2698,0.8198,41.3014,2041.6551,30.3065
SYM5892,101.96,2078.4855,1.2108,0.2595,0.8863,37.0135,2125.3132,28.6156
SYM5893,92.89,1686.7343,1.1851,0.298,0.7653,45.3244,1764.7168,33.871
SYM5894,117.19,1194.4079,1.5157,0.3227,0.9161,25.5664,2759.8738,39.2926
SYM5895,142.17,1290.5341,1.029,0.2677,0.8589,31.121,1980.6642,31.3567
SYM5896,102.86,1484.3064,1.3211,0.3468,0.7425,45.6284,2459.7552,41.6247
SYM5897,91.98,1231.7561,1.1935,0.2671,0.8913,31.4464,2618.7284,29.5505
SYM5898,88.01,2685.0809,1.3319,0.2845,0.8026,47.1052,2253.4321,32.1761
SYM5899,99.94,1627.3784,1.2183,0.2978,0.874,40.7792,2485.1724,34.4516
SYM5900,104.07,1325.206,1.2002,0.2042,0.8982,17.6945,2384.6212,21.9544
SYM5901,133.82,2766.9411,1.1817,0.1788,0.7667,34.9018,1776.9146,18.3645
SYM5902,125.98,1485.4371,1.1486,0.2577,0.9039,33.6607,2250.7191,28.7644
SYM5903,85.94,2038.304,1.2431,0.2674,0.8564,46.0418,2538.4063,29.8586
SYM5904,89.01,2539.1952,1.3751,0.2306,0.8018,32.2934,2286.0786,25.1135
SYM5905,93.93,2278.0865,1.1725,0.2127,0.9179,39.6682,1731.5233,21.7606
SYM5906,129.68,1551.6705,1.3701,0.1616,0.8284,18.2455,1674.1884,15.9942
SYM5907,142.08,1319.1742,1.1903,0.3028,0.8982,38.8225,2325.3052,34.2337
SYM5908,129.58,1795.4253,1.1287,0.284,0.7183,44.588,1846.7205,32.0994
SYM5909,165.19,2622.4458,1.1686,0.2684,0.8624,46.0575,1702.7978,29.3813
SYM5910,178.21,2025.33,1.2542,0.2823,0.9043,40.5188,1758.8663,31.1334
SYM5911,93.05,1841.0889,1.5382,0.2245,0.2125,27.5811,2628.7943,23.3189
SYM5912,104.96,1867.6533,1.4683,0.1977,0.7708,25.077,2706.2697,21.387
SYM5913,122.4,2014.3842,1.14,0.3338,0.7322,45.1718,1812.2379,38.8217
SYM5914,95.71,1168.8697,1.0792,0.2116,0.9049,22.8875,2265.3851,23.0817
SYM5915,89.98,2478.5524,1.3285,0.2299,0.8722,34.7264,1965.8339,23.9712
SYM5916,121.29,3344.1775,1.3417,0.2304,0.8447,36.7658,2401.6177,24.3956
SYM5917,161.99,776.4971,1.161,0.2265,0.9601,21.8763,2587.5262,24.2105
SYM5918,89.69,977.1674,1.0465,0.181,0.9682,28.5872,2261.0989,17.6314
SYM5919,128.72,2233.4033,1.3487,0.2127,0.8712,31.9613,2435.3549,22.4466
SYM5920,94.92,1544.8054,1.2192,0.2547,0.8502,37.5783,1758.7431,27.686
SYM5921,123.96,1157.7568,1.0845,0.2739,0.9286,38.3013,2298.2508,30.5898
SYM5922,172.27,2218.096,1.3807,0.2772,0.6956,38.3535,2349.9002,31.408
SYM5923,129.92,622.4241,1.2517,0.1028,0.9268,11.3051,3109.9892,8.6511
SYM5924,86.9,3139.5325,1.1903,0.2441,0.7555,45.7298,1687.06,26.5811
SYM5925,104.78,1283.8094,1.2633,0.2675,0.9104,37.4477,2084.5468,29.5202
SYM5926,117.75,840.7144,1.2755,0.2508,0.9549,27.0206,2361.1674,27.6421
SYM5927,103.04,1935.2285,1.2715,0.2719,0.894,33.6067,2259.4121,29.8589
SYM5928,96.0,1265.7053,1.3829,0.2616,0.788,25.0494,1958.928,28.7751
SYM5929,95.03,2033.2469,1.2283,0.2447,0.8849,37.4499,2064.1429,26.771
SYM5930,143.02,1519.1154,1.2094,0.2777,0.9015,39.2589,2260.8784,30.9433
SYM5931,130.29,2328.8953,1.0597,0.2119,0.9339,37.4302,2208.8495,22.3817
SYM5932,83.99,1912.4005,1.1325,0.2517,0.8032,31.2632,1859.8012,29.5145
SYM5933,87.56,861.4601,1.4458,0.3294,0.245,20.8441,2605.7318,39.0509
SYM5934,83.08,1900.8383,1.239,0.2972,0.9141,42.3589,2221.2487,33.294
SYM5935,89.62,1297.7777,1.274,0.2856,0.9474,34.8857,2363.6319,31.9367
SYM5936,100.03,2118.253,1.4323,0.2341,0.9104,34.4902,1898.9665,24.6634
SYM5937,104.02,1299.7788,1.133,0.1963,0.9277,31.0648,2014.523,19.9372
SYM5938,84.04,3918.9527,1.3407,0.1887,0.7779,35.9733,2325.8572,19.097
SYM5939,77.08,3190.5275,1.1718,0.198,0.8434,37.3222,1820.0434,19.8896
SYM5940,87.64,1861.2193,1.2868,0.2574,0.2561,37.6067,1691.6262,27.8688
SYM5941,153.04,1835.6119,1.2198,0.2691,0.9227,35.685,1900.4877,29.4884
SYM5942,143.59,695.5035,1.2778,0.3376,0.9541,30.1703,2557.203,39.4946
SYM5943,143.81,2283.9465,1.1518,0.2886,0.8116,48.6246,2024.1972,32.3317
SYM5944,162.12,2195.3257,1.3951,0.2222,0.8104,26.018,2765.1935,23.5795
SYM5945,84.98,2020.5569,1.2947,0.25,0.916,40.1533,1824.649,26.4708
SYM5946,96.0,2289.7864,1.3123,0.2104,0.9024,36.954,1779.5653,21.1752
SYM5947,85.59,2182.5161,1.2592,0.2502,0.8077,33.3157,2438.2889,28.0287
SYM5948,89.0,1801.6313,1.3702,0.1484,0.8845,23.9234,1941.9781,14.1988
SYM5949,90.04,2489.9892,1.2025,0.2561,0.2127,40.4252,1677.7155,28.0732
SYM5950,89.01,1380.0979,1.2483,0.2409,0.2415,35.4117,1804.154,25.0027
SYM5951,86.7,3610.8983,1.19,0.2685,0.8599,50.0896,1581.5257,29.2258
SYM5952,152.12,1586.4172,1.1906,0.2446,0.9507,38.9553,2362.4418,25.824
SYM5953,93.76,2494.8991,1.4191,0.2117,0.2286,32.8456,2261.9936,22.4916
SYM5954,94.92,1522.0421,1.3219,0.2199,0.879,26.4367,2441.7849,24.9222
SYM5955,94.94,2476.9086,1.1886,0.1688,0.206,27.694,2018.9256,16.9707
SYM5956,92.4,1512.6069,1.5126,0.1869,0.2339,20.9295,2773.2913,19.0581
SYM5957,129.68,1551.6705,1.3701,0.1616,0.8284,18.2455,1674.1884,15.9942
SYM5958,150.06,2059.6327,1.1218,0.2211,0.9148,42.7071,1746.6192,22.9718
SYM5959,87.98,1687.2531,1.2815,0.2059,0.237,22.6872,2228.6428,22.0262
SYM5960,91.91,887.0735,1.2439,0.1341,0.9231,11.5012,3610.9969,12.872
SYM5961,80.84,2626.301,1.221,0.2673,0.8627,42.6127,2226.1819,29.5738
SYM5962,84.0,1871.7859,1.1046,0.263,0.9164,47.4252,1774.6973,28.4503
SYM5963,165.96,1515.8187,1.4403,0.2894,0.2253,32.992,2922.7593,32.2613
SYM5964,80.42,2721.5327,1.3155,0.2516,0.2269,45.0729,1638.9319,26.7162
SYM5965,154.02,2016.7386,1.1846,0.2734,0.8941,44.8001,2075.1418,29.8637
SYM5966,150.53,2296.4722,1.4438,0.206,0.8681,32.3603,2098.9262,20.8215
SYM5967,97.94,1367.3334,1.2736,0.2627,0.8409,29.2952,2442.1717,29.6821
SYM5968,136.93,2185.4747,1.5224,0.2043,0.8392,25.983,2795.6663,21.1356
SYM5969,110.22,1498.9611,1.1459,0.2166,0.8826,35.8469,2087.2228,23.1199
SYM5970,99.94,1120.2581,1.4793,0.1599,0.9514,22.012,3060.9856,15.0418
SYM5971,139.95,1460.9716,1.1189,0.262,0.8608,43.2119,1991.6584,28.729
SYM5972,129.99,1584.0154,1.1195,0.1958,0.8359,27.726,2061.463,20.2487
SYM5973,103.86,1541.9194,1.2107,0.2655,0.8989,37.146,1893.5985,29.4094
SYM5974,95.02,1198.5016,1.2589,0.1317,0.9423,17.2393,2126.7189,11.5726
SYM5975,143.89,2242.584,1.4793,0.3078,0.7916,31.6562,3002.8015,37.2417
SYM5976,136.93,2185.4747,1.5224,0.2043,0.8392,25.983,2795.6663,21.1356
SYM5977,92.29,571.9174,1.2829,0.3014,0.9446,18.6615,2991.8206,35.691
SYM5978,85.98,1234.445,1.0322,0.083,0.9261,15.02,1961.0882,6.4328
SYM5979,100.0,1972.7104,1.4054,0.2272,0.8767,29.0742,2201.0231,24.0844
SYM5980,87.16,1835.9294,1.3562,0.2293,0.8309,27.1496,1857.5103,24.6543
SYM5981,147.07,2005.0876,1.2998,0.246,0.8751,30.3635,2267.3313,26.5846
SYM5982,161.87,1310.8246,1.383,0.2471,0.9036,24.3476,2491.9522,27.0882
SYM5983,94.91,1391.0788,1.3882,0.2352,0.858,26.704,2376.3403,25.5214
SYM5984,162.01,1097.7097,1.3238,0.2377,0.9078,21.7284,2605.8941,25.4994
SYM5985,83.94,1969.6908,1.3255,0.2361,0.8402,28.3005,2165.7259,25.3101
SYM5986,146.37,1610.2535,1.3881,0.2411,0.8647,28.8778,2463.4848,25.632
SYM5987,108.05,1901.4347,1.3007,0.2809,0.8137,41.65,2165.3677,31.3734
SYM5988,147.73,3654.6523,1.5338,0.2421,0.6614,30.692,2850.7462,26.9523
SYM5989,139.53,1542.417,1.3155,0.2672,0.8809,32.4028,2356.7024,29.7547
SYM5990,84.8,2245.8115,1.1917,0.1819,0.8471,23.7245,2090.3265,18.2897
SYM5991,95.88,1307.7035,1.2051,0.2263,0.8999,30.1289,1958.999,24.306
SYM5992,122.16,1361.5738,1.2714,0.1939,0.9226,27.5519,2273.555,19.868
SYM5993,162.11,1589.8096,1.2577,0.1802,0.9084,24.8049,1749.601,17.6276
SYM5994,95.99,1394.6624,1.1998,0.2153,0.9268,33.7174,1965.9621,22.1357
SYM5995,162.81,1247.0874,1.0521,0.1519,0.8252,20.0541,2233.6991,15.1327
SYM5996,82.16,1179.9582,1.2019,0.2806,0.9141,28.512,2477.8112,32.1086
SYM5997,125.39,1624.0846,1.0664,0.1657,0.8705,29.5546,1700.2902,15.9966
SYM5998,97.04,1848.3048,1.2625,0.2774,0.8009,42.288,1908.6211,31.1166
SYM5999,87.79,1524.2986,1.1585,0.2297,0.9183,31.0597,1997.9721,24.5693
SYM6000,79.93,1333.5997,1.2436,0.2351,0.9186,33.5015,1968.5431,24.7968
SYM6001,95.98,1165.1739,1.166,0.2109,0.9242,30.8677,2163.1601,21.6625
SYM6002,128.61,1378.2287,1.1175,0.2407,0.9434,37.9499,2074.7294,25.7989
SYM6003,112.53,1121.3493,1.2192,0.2783,0.9057,29.9318,2122.2712,31.3802
SYM6004,98.01,1566.5528,1.1145,0.293,0.7869,43.3959,1915.5831,33.604
SYM6005,109.01,1480.5972,1.3804,0.1469,0.8905,23.8219,2387.1909,14.0738
SYM6006,90.06,1171.9764,1.2121,0.2389,0.9369,28.7957,2170.1444,25.5806
SYM6007,89.93,1430.7236,1.2874,0.2829,0.893,33.2846,2786.8267,32.4885
SYM6008,100.04,1870.5624,1.1975,0.2993,0.7688,50.5072,1650.2819,34.0322
SYM6009,161.66,1336.5404,1.2126,0.2331,0.8967,33.6552,2391.622,24.6677
SYM6010,99.98,2028.5449,1.2266,0.229,0.8852,42.8962,1909.5179,23.675
SYM6011,99.91,1838.3719,1.1821,0.2725,0.9222,50.4827,1952.8483,29.7284
SYM6012,95.98,1356.9631,1.2773,0.2762,0.9117,33.614,1908.9328,30.8668
SYM6013,120.02,1040.7109,1.3745,0.349,0.8728,30.0935,2196.7819,41.8237
SYM6014,152.1,1290.636,1.1569,0.2317,0.912,31.3083,2103.8565,24.829
SYM6015,133.31,1540.9736,1.1131,0.0763,0.8894,15.5447,1861.1671,5.5712
SYM6016,142.02,1268.0542,0.99,0.114,0.9153,23.9944,1747.4353,9.6171
SYM6017,129.92,1972.0957,1.3613,0.1954,0.8818,29.7221,2547.3388,20.2141
SYM6018,125.03,2000.6142,1.1413,0.1443,0.8719,32.374,1965.0528,12.8958
SYM6019,92.78,2294.47,1.2736,0.2423,0.895,44.1252,1787.9935,25.9308
SYM6020,120.05,1261.7729,1.0195,0.1253,0.9133,22.0169,1827.834,10.7323
SYM6021,101.93,1044.2625,1.1775,0.2922,0.9157,30.8992,2502.0963,33.7553
SYM6022,162.1,1686.0601,1.2209,0.2978,0.7699,42.8294,1697.0874,34.0826
SYM6023,89.93,1895.6172,1.2823,0.3163,0.7567,42.1333,1894.3351,37.2436
SYM6024,151.99,2055.6722,1.2083,0.2498,0.862,44.0257,1735.5263,26.6408
SYM6025,139.91,3001.1449,1.3045,0.2497,0.7835,41.8751,1801.6956,27.133
SYM6026,95.97,1437.1522,1.3391,0.2495,0.8939,26.2325,2257.1868,27.0564
SYM6027,165.0,1385.8676,1.2565,0.2413,0.9136,30.5083,2099.5337,26.1087
SYM6028,88.59,2185.7616,1.1262,0.2727,0.8948,46.1199,2278.4896,29.8603
SYM6029,139.96,1427.4269,1.1531,0.2819,0.8893,31.5097,2327.2568,31.8091
SYM6030,111.84,1698.4059,1.2779,0.3195,0.7455,42.7425,2105.0869,37.2928
SYM6031,97.82,1855.5529,1.1544,0.1841,0.9104,34.7555,1792.4353,18.0718
SYM6032,83.03,1788.174,1.1327,0.2637,0.8116,43.2677,1771.1256,29.2745
SYM6033,161.56,1238.5374,1.1795,0.2094,0.923,31.8593,2177.2629,21.5074
SYM6034,172.27,1519.656,1.1157,0.2712,0.904,43.5383,1751.6301,29.9362
SYM6035,102.0,2084.2777,1.313,0.2747,0.882,40.6134,2201.7582,30.3683
SYM6036,148.86,1781.036,1.0852,0.2474,0.8257,33.2693,1983.4195,27.6946
SYM6037,162.18,1569.6008,1.1707,0.3186,0.714,43.367,1642.569,37.7137
SYM6038,117.96,1454.1142,1.2361,0.3334,0.6989,43.35,1592.5093,39.1256
SYM6039,109.96,1403.6337,1.3201,0.3483,0.7314,40.3823,1790.3252,41.5945
SYM6040,77.97,1217.953,1.158,0.246,0.9334,32.3456,2350.3887,26.2357
SYM6041,98.13,2568.5823,1.3477,0.2954,0.6891,43.1757,1908.8321,33.4428
SYM6042,166.24,1697.7516,1.1503,0.2258,0.9188,36.983,2245.0477,24.4586
SYM6043,128.29,1710.992,1.1554,0.2936,0.8002,44.1099,1896.5023,33.3581
SYM6044,150.05,1865.1382,1.1821,0.2569,0.852,41.8384,1820.7315,27.9132
SYM6045,164.02,1261.5178,1.1688,0.2753,0.9105,41.6404,2518.609,30.6076
SYM6046,123.53,1292.4926,1.0963,0.3207,0.9091,50.0837,2080.4818,36.6885
SYM6047,109.97,1671.603,1.3171,0.1944,0.8703,24.4552,2596.2344,20.497
SYM6048,161.81,1937.1372,1.0297,0.3349,0.8295,56.9958,1641.4898,39.0155
SYM6049,90.01,1657.517,1.1831,0.2179,0.9087,33.9966,2027.8294,22.842
SYM6050,161.88,1536.9732,1.178,0.291,0.8455,42.299,1979.1904,33.3102
SYM6051,110.57,1615.2314,1.0786,0.2035,0.9239,36.0931,2068.4553,20.543
SYM6052,129.87,2210.3461,1.2356,0.291,0.7028,46.9674,1888.0401,32.5631
SYM6053,87.88,1429.8846,1.1936,0.2963,0.8079,40.8465,1654.2319,33.7261
SYM6054,85.44,2169.266,1.1055,0.2017,0.9218,47.719,1512.3902,19.7717
SYM6055,105.01,2384.0196,1.2514,0.2563,0.7869,40.3152,1602.5086,28.2229
SYM6056,120.39,1619.0882,1.0221,0.161,0.8666,28.9153,1508.8157,15.4205
SYM6057,129.91,2437.6472,1.2278,0.2807,0.7458,45.0805,1955.9155,31.9714
SYM6058,117.94,1370.8069,1.2165,0.2457,0.9143,38.2198,2131.2523,26.797
SYM6059,161.67,1505.4657,1.0491,0.2893,0.8784,40.783,1418.7805,32.4463
SYM6060,88.09,1163.4821,0.99,0.1557,0.9785,32.3542,2432.448,14.0138
SYM6061,133.97,2489.3728,1.1273,0.1256,0.8326,32.7412,1870.4055,10.9803
SYM6062,96.99,1848.3048,1.2625,0.2774,0.8009,42.288,1908.6211,31.1166
SYM6063,172.27,1392.5863,1.2894,0.31,0.8859,42.3148,2598.2021,35.8292
SYM6064,135.05,1242.1258,1.1703,0.3071,0.8844,38.2174,2292.4681,35.4017
SYM6065,161.99,1751.6461,1.2239,0.242,0.907,38.1934,2215.9881,26.7519
SYM6066,172.27,2025.1872,1.2139,0.2882,0.748,43.255,1398.7703,32.5004
SYM6067,154.54,2121.2894,1.1698,0.2992,0.7551,47.0604,1860.4493,34.0916
SYM6068,110.02,1906.0981,1.1561,0.211,0.8822,34.2197,2039.42,22.1366
SYM6069,161.74,1685.2092,1.12,0.2712,0.8977,38.3838,1935.8197,29.773
SYM6070,91.97,2067.0826,1.0602,0.0829,0.2151,24.0552,1772.8813,6.3151
SYM6071,80.03,1690.3154,1.153,0.2773,0.8817,38.1587,1951.762,30.6511
SYM6072,112.67,2176.3337,1.2986,0.2548,0.8148,44.4381,1693.4225,27.6065
SYM6073,153.2,1953.6877,1.2141,0.312,0.6807,52.1247,1676.9483,35.6005
SYM6074,134.98,2054.702,1.1719,0.2544,0.7743,45.9767,2150.8132,27.693
SYM6075,100.06,1435.5612,1.1578,0.0833,0.8583,16.804,1697.2393,6.3154
SYM6076,82.53,1640.9821,1.1035,0.1402,0.9334,35.6832,1532.3609,12.259
SYM6077,119.99,1643.3007,1.2906,0.2982,0.8712,47.1678,2377.5763,33.5035
SYM6078,104.98,2113.0989,1.1612,0.1947,0.8287,36.8579,1461.5188,19.7604
SYM6079,98.0,2224.6757,1.1374,0.2595,0.9046,41.2776,1895.5037,27.7737
SYM6080,80.04,1961.1507,1.1815,0.2029,0.8212,34.5196,2157.0494,21.3231
SYM6081,146.1,1021.0301,0.9702,0.2274,0.9561,34.0992,1850.4594,23.7539
SYM6082,178.21,1969.1546,1.2169,0.2005,0.8206,38.3222,1950.6156,21.1393
SYM6083,125.39,1624.0846,1.0664,0.1657,0.8705,29.5546,1700.2902,15.9966
SYM6084,87.64,1863.4793,1.2847,0.2524,0.8413,36.0172,2399.9478,27.7651
SYM6085,172.27,2163.8793,1.2544,0.2341,0.9036,43.584,2231.2028,25.0587
SYM6086,84.08,2150.0858,1.2435,0.2597,0.8272,39.1142,2308.397,28.4655
SYM6087,172.27,1706.2403,1.1922,0.3118,0.8258,53.0098,1913.168,35.562
SYM6088,132.07,1882.3144,1.1127,0.3296,0.767,48.0815,2405.0969,39.1233
SYM6089,84.01,1413.562,1.0483,0.2031,0.9331,35.2887,1595.9211,20.3452
SYM6090,164.22,1909.0438,1.2229,0.2156,0.8874,36.2205,2000.0279,22.6393
SYM6091,172.27,1704.059,1.1916,0.3685,0.6816,53.9999,1883.4588,44.3111
SYM6092,135.13,1890.7524,1.0309,0.247,0.9118,45.5583,1799.0334,25.9899
SYM6093,109.48,1717.238,1.202,0.2633,0.8922,43.5912,1879.7504,29.0858
SYM6094,90.93,2312.5349,1.205,0.23,0.8505,42.1253,1812.3321,24.5799
SYM6095,89.96,2186.5008,1.114,0.2119,0.9005,41.3454,1840.7724,21.4737
SYM6096,129.46,1778.1375,1.0549,0.3244,0.7223,49.8989,1638.6505,37.4958
SYM6097,172.27,2409.3988,1.0883,0.3103,0.8643,52.5804,1700.6683,35.1747
SYM6098,172.27,2219.4252,1.1881,0.1895,0.8333,33.6537,2265.4723,19.746
SYM6099,95.02,2659.0228,1.1471,0.2832,0.8795,48.5277,1823.021,31.3111
SYM6100,150.05,1672.4431,1.0716,0.0353,0.8208,8.3526,1721.869,2.0362
SYM6101,87.45,2244.8476,1.1692,0.1868,0.9012,30.8603,1992.2738,18.8435
SYM6102,89.98,2127.5077,1.0918,0.2334,0.7855,44.7938,1589.4107,25.3751
SYM6103,86.05,1967.6269,1.1418,0.2305,0.8776,45.3073,1998.1674,24.668
SYM6104,139.94,2079.0111,1.1164,0.2073,0.855,42.4895,1633.006,21.2524
SYM6105,140.0,1553.0591,1.2133,0.2439,0.8609,41.3655,2041.5004,26.3871
SYM6106,126.0,1359.8123,0.9589,0.1072,0.7982,17.5337,1815.6131,9.3237
SYM6107,154.75,2741.9737,1.2721,0.213,0.7402,42.0687,1961.6699,22.0716
SYM6108,108.01,2246.0674,1.2274,0.2148,0.9228,36.0569,2319.5597,22.1533
SYM6109,97.99,1847.9585,1.298,0.2601,0.8196,36.1512,2008.763,29.0233
SYM6110,143.9,1311.5998,1.1054,0.2021,0.8754,33.5968,2049.6787,20.8
SYM6111,112.82,1249.8778,1.1684,0.2926,0.8869,42.6341,2534.1667,32.825
SYM6112,94.99,1830.8482,1.1607,0.2894,0.913,44.8611,2318.399,32.407
SYM6113,92.61,1336.2111,1.1246,0.1737,0.9478,34.7925,2190.9811,16.2937
SYM6114,101.97,1240.5278,1.2663,0.3381,0.7966,41.7667,2122.1344,40.3003
SYM6115,91.0,1717.7946,1.4165,0.2511,0.9089,33.6202,1980.423,26.807
SYM6116,124.05,2185.7742,1.2907,0.2024,0.8332,38.1997,2186.2614,21.2108
SYM6117,102.94,2015.9631,1.1878,0.2581,0.8368,44.89,1730.2024,28.3231
SYM6118,100.03,2164.841,1.1328,0.282,0.7896,47.8891,1883.0153,31.8579
SYM6119,79.99,3209.6516,1.121,0.2492,0.8723,49.5922,1816.3584,26.6078
SYM6120,139.97,1288.3754,1.1659,0.2493,0.808,29.5705,2290.3782,27.7951
SYM6121,163.32,1608.1081,1.0351,0.1309,0.897,25.3923,1669.8378,11.21
SYM6122,123.7,1888.1413,1.1732,0.2668,0.8519,44.7758,1929.5468,30.2337
SYM6123,89.99,2767.2062,1.1208,0.273,0.8072,50.0339,1720.3505,30.51
SYM6124,178.21,1498.6194,0.9549,0.2045,0.814,38.6997,1524.2985,21.6402
SYM6125,150.11,1674.8507,1.1772,0.2937,0.8786,46.5717,1692.8846,32.6498
SYM6126,139.89,1737.3045,1.1878,0.1121,0.8514,21.515,2302.7951,9.7114
SYM6127,99.94,1014.2702,1.0423,0.2444,0.9091,36.2959,1972.0349,27.4631
SYM6128,129.81,2208.6031,1.0459,0.2281,0.8808,43.6389,1486.3443,24.4547
SYM6129,154.54,2121.2894,1.1698,0.2992,0.7551,47.0604,1860.4493,34.0916
SYM6130,172.27,1790.9104,1.2009,0.3134,0.7947,48.3577,1679.0802,36.0846
SYM6131,129.46,1778.1375,1.0549,0.3244,0.7223,49.8989,1638.6505,37.4958
SYM6132,95.95,3260.5268,1.1359,0.279,0.7457,51.4343,1639.9046,30.8458
SYM6133,184.57,2380.4852,1.2922,0.1581,0.9125,32.339,1672.5695,14.8812
SYM6134,144.13,1655.3123,1.2155,0.1897,0.8517,17.9979,2171.2288,19.4814
SYM6135,95.04,3088.7426,1.0496,0.2165,0.8104,36.8834,2042.0981,23.1638
SYM6136,129.44,1066.8436,0.9395,0.126,0.307,20.7116,1437.9253,11.3618
SYM6137,178.21,666.8189,1.0975,0.4031,0.9322,40.3916,1521.805,49.391
SYM6138,117.49,1774.0166,1.015,0.046,0.7396,9.6619,1619.2223,2.8685
SYM6139,150.25,1404.399,1.1969,0.1592,0.8779,21.343,2392.1309,16.365
SYM6140,98.94,1621.653,1.2039,0.2197,0.9097,28.064,2120.3258,22.8592
SYM6141,77.98,1587.1467,1.1628,0.2074,0.919,30.0783,1827.2383,21.0405
SYM6142,105.7,1075.4951,1.2009,0.1145,0.9004,16.7775,2010.5518,9.9267
SYM6143,91.76,1043.9959,1.144,0.1989,0.9119,23.6578,1826.3786,20.315
SYM6144,84.83,1463.1227,1.1897,0.2133,0.9312,30.6793,1996.2489,21.6698
SYM6145,138.1,1036.4605,1.2769,0.2636,0.9361,33.0135,2038.3986,28.6994
SYM6146,132.17,1791.4057,1.1182,0.2069,0.8398,34.9072,1679.2737,21.0158
SYM6147,87.99,1279.2932,1.2435,0.1794,0.917,29.8958,2187.9763,17.1779
SYM6148,100.02,1963.6937,1.2019,0.2071,0.829,28.419,1546.9391,21.322
SYM6149,116.51,1074.2388,1.3825,0.2048,0.9226,24.6214,2731.7215,21.1396
SYM6150,95.1,1373.8478,1.0947,0.1143,0.8558,12.987,2177.6222,10.5768
SYM6151,140.03,1212.5937,1.2006,0.1885,0.8913,18.8832,2050.0216,18.7909
SYM6152,119.96,886.1961,1.0793,0.1696,0.953,19.387,2090.6535,17.0412
SYM6153,87.87,1178.9353,1.1736,0.1037,0.899,16.5514,2141.8707,8.395
SYM6154,95.12,1887.7798,1.3797,0.1757,0.8595,21.1374,2191.6376,17.6683
SYM6155,117.79,823.9381,1.309,0.2357,0.94,24.6794,2636.3175,25.7979
SYM6156,150.51,1069.5498,1.1439,0.1724,0.933,24.5515,2340.2017,16.9261
SYM6157,161.91,1179.5312,1.2083,0.1851,0.9295,23.4929,2349.0911,18.9145
SYM6158,98.03,1311.9118,1.1704,0.2201,0.9278,28.3,1954.8969,22.9091
SYM6159,153.74,1406.3748,1.2565,0.209,0.8894,29.4397,2189.4479,21.8778
SYM6160,112.88,1340.5533,1.2544,0.2463,0.9122,29.106,2260.2644,26.8648
SYM6161,109.89,1896.7726,1.23,0.2514,0.8498,37.743,2105.5568,27.5303
SYM6162,94.96,1346.5593,1.2355,0.1201,0.92,17.7716,2021.4179,10.272
SYM6163,115.86,884.2876,1.4315,0.2325,0.9081,24.6424,2565.0472,24.9596
SYM6164,144.94,2679.1778,1.2735,0.215,0.7951,40.7112,2104.2736,22.5848
SYM6165,124.99,1125.6754,1.2854,0.2384,0.924,29.2233,2430.0932,25.9438
SYM6166,154.71,702.5337,1.1649,0.2555,0.9672,33.0987,2690.5769,27.304
SYM6167,92.82,861.625,1.3834,0.2067,0.9605,20.2766,2620.9293,20.8146
SYM6168,85.92,2540.8817,1.2292,0.1752,0.8373,28.7681,2227.0842,17.3831
SYM6169,94.99,2081.4485,1.3554,0.1843,0.7214,17.5771,2013.1226,20.0271
SYM6170,80.86,1674.3893,1.0475,0.1768,0.8809,28.0256,1959.5487,17.4623
SYM6171,105.0,1202.0943,1.0989,0.2846,0.9198,39.845,2052.6239,32.0264
SYM6172,97.99,1697.4692,1.295,0.1916,0.8583,27.4041,2249.8822,19.8608
SYM6173,84.86,1601.9496,1.2323,0.1845,0.9119,26.1782,1875.6823,18.3391
SYM6174,172.27,1974.2619,1.2796,0.2673,0.8989,31.5977,2246.008,29.042
SYM6175,128.53,1059.1705,1.3033,0.2265,0.9323,29.1255,2075.7532,23.8348
SYM6176,91.2,2209.5889,1.2524,0.2176,0.8917,36.0823,1655.4428,22.6231
SYM6177,96.82,654.5651,1.1707,0.1991,0.9312,19.4735,2768.8678,20.6158
SYM6178,122.13,1415.9121,1.1057,0.1849,0.9179,24.8184,2133.2739,18.7726
SYM6179,88.03,1226.6125,1.3915,0.2007,0.9294,17.0384,2198.4768,20.3927
SYM6180,129.58,1935.8525,1.1879,0.2225,0.8905,33.6105,2269.2224,24.1667
SYM6181,103.07,1490.7484,1.205,0.1925,0.7902,24.792,2051.8482,21.1334
SYM6182,88.48,3059.218,1.216,0.0473,0.5368,8.6638,2200.3779,3.4443
SYM6183,106.76,1586.1765,1.2712,0.1986,0.9055,30.922,2048.2298,20.0604
SYM6184,178.21,2069.1493,1.317,0.1188,0.8571,21.4594,2667.9429,10.1386
SYM6185,94.96,924.0249,1.3873,0.1809,0.9246,17.1722,2197.1574,17.6613
SYM6186,131.69,2058.7086,1.2584,0.211,0.865,31.8431,1863.3175,21.4909
SYM6187,109.8,1107.8182,1.2443,0.2465,0.8691,24.5984,2462.0826,26.9789
SYM6188,116.48,827.4642,1.2209,0.2723,0.9351,30.546,2611.6254,30.5742
SYM6189,99.94,3181.8374,1.3212,0.1713,0.8343,33.1031,2171.7044,16.1098
SYM6190,110.03,1257.1788,1.3431,0.279,0.8234,27.4097,2695.8509,31.968
SYM6191,99.94,610.1177,1.1888,0.2647,0.9578,27.188,2429.9401,29.0148
SYM6192,129.89,1133.7841,1.0979,0.1971,0.9322,25.8987,2035.6353,20.0757
SYM6193,89.94,1611.3033,1.2243,0.2351,0.8863,25.8163,2367.5808,25.2325
SYM6194,87.02,1449.3841,1.1599,0.2391,0.8916,31.8383,1764.8187,26.2504
SYM6195,150.35,1284.6599,1.245,0.2173,0.8753,33.9594,2200.0621,22.9923
SYM6196,93.04,2369.0581,1.1172,0.2027,0.8709,36.3576,1995.8221,20.4973
SYM6197,94.03,1041.751,1.3346,0.256,0.9579,25.8278,2527.2274,27.9696
SYM6198,150.34,1519.9235,1.3992,0.2433,0.8488,32.6922,2241.7394,26.703
SYM6199,86.9,1332.0779,1.3707,0.2077,0.9019,23.4952,2733.0589,22.0596
SYM6200,103.0,1730.1793,1.1893,0.1808,0.8905,26.7507,2858.3547,17.8133
SYM6201,122.53,1027.7514,1.1857,0.1209,0.9301,17.0811,2123.2756,10.1794
SYM6202,117.93,1349.2552,1.1212,0.1851,0.9023,29.8519,2303.6348,18.8371
SYM6203,80.02,1619.1381,1.3159,0.2786,0.9224,34.1083,2300.4789,31.2116
SYM6204,98.08,1704.2474,1.2175,0.2746,0.8505,35.2042,2287.1667,31.5609
SYM6205,92.98,2132.1666,1.3447,0.1721,0.8998,28.4852,2320.5625,16.8381
SYM6206,92.03,1466.3344,1.1905,0.1999,0.9233,31.1427,2315.9407,20.2681
SYM6207,91.0,663.1669,1.3357,0.3244,0.9578,30.0307,2346.2919,37.4088
SYM6208,106.89,918.122,1.1736,0.2031,0.9263,26.1458,2624.8011,20.8331
SYM6209,139.96,1161.9861,1.2906,0.2436,0.8511,25.3369,2564.7933,28.0546
SYM6210,164.52,1288.7969,1.2498,0.2408,0.8629,27.753,2556.123,26.3341
SYM6211,89.95,1269.9128,1.2341,0.2441,0.9107,32.524,2561.2718,26.751
SYM6212,120.01,1217.5728,1.1142,0.2366,0.9294,33.8178,2300.0285,25.75
SYM6213,129.88,902.2342,1.3121,0.2582,0.944,31.5354,2580.7492,28.1872
SYM6214,87.89,574.9627,0.993,0.2027,0.9571,19.9777,2398.9486,20.7213
SYM6215,107.0,699.4564,1.2477,0.2286,0.958,20.7143,2187.4244,23.9122
SYM6216,88.06,1585.5649,1.2104,0.2761,0.9428,39.2004,2370.8154,30.5733
SYM6217,94.98,1379.5585,1.3951,0.2696,0.9426,34.9381,1995.7211,29.5566
SYM6218,153.69,1765.6364,1.3798,0.2833,0.891,35.4206,2091.9915,31.8035
SYM6219,117.75,1708.5813,1.273,0.2378,0.8511,35.3618,2413.263,25.8408
SYM6220,78.3,826.1019,0.962,0.1147,0.8496,11.4538,2012.2422,10.4844
SYM6221,97.04,752.9084,1.1644,0.1999,0.9382,19.449,2899.6685,20.5474
SYM6222,91.99,2107.1403,1.367,0.2793,0.8689,37.4118,2299.0567,30.9633
SYM6223,95.83,934.5522,1.2095,0.2821,0.9559,34.1527,1601.4496,31.2162
SYM6224,105.02,1124.4103,1.3254,0.2902,0.9572,37.2158,2102.2854,32.2464
SYM6225,153.95,1882.1381,1.2756,0.2695,0.9037,32.6084,2484.0229,29.9749
SYM6226,135.19,667.176,0.9206,0.2225,0.9596,21.4847,2796.3707,23.5318
SYM6227,114.8,1542.6864,1.2481,0.2279,0.9336,34.4516,2235.2469,23.652
SYM6228,110.05,704.9729,1.2047,0.2314,0.9337,24.9704,2784.8011,24.8275
SYM6229,154.87,1120.7021,1.1212,0.241,0.9307,32.1034,2431.5288,26.0033
SYM6230,172.27,1350.9005,1.271,0.1958,0.8847,26.1818,2227.3612,19.9685
SYM6231,94.97,1756.6262,1.3487,0.2808,0.8963,35.0702,1723.9074,31.2329
SYM6232,96.98,976.7696,1.3705,0.3216,0.9577,31.9512,2273.4918,37.1151
SYM6233,105.81,1183.4617,1.1335,0.2561,0.9129,34.9261,2498.8365,28.7042
SYM6234,79.9,679.425,1.2658,0.2596,0.9468,16.0719,2264.2888,28.7432
SYM6235,143.91,2283.8639,1.2983,0.1712,0.8704,32.5689,2044.0345,16.7095
SYM6236,85.02,1163.5605,1.1277,0.2922,0.931,25.2479,2026.8972,33.3676
SYM6237,89.9,1060.3736,1.2874,0.2981,0.954,30.8073,2297.8749,33.3347
SYM6238,117.75,1662.4071,1.3675,0.2068,0.8591,25.3441,2486.9403,22.0161
SYM6239,120.03,1641.6976,1.174,0.2377,0.943,40.7467,1974.0821,25.4795
SYM6240,178.21,1571.1843,1.5176,0.2748,0.9191,28.8967,2389.8632,30.6016
SYM6241,95.0,1422.587,1.3424,0.3168,0.9332,37.2274,1896.7994,36.2854
SYM6242,101.97,908.6218,1.1924,0.2737,0.9545,35.8712,2490.2304,30.1767
SYM6243,89.97,1254.6605,1.2897,0.1193,0.8573,9.0882,2628.9332,10.5756
SYM6244,97.4,1758.9175,1.0989,0.1972,0.819,24.8872,1691.9938,20.3361
SYM6245,95.02,1543.7796,1.2594,0.0954,0.841,12.6775,2393.0142,7.9981
SYM6246,172.27,767.4483,1.0652,0.2391,0.9463,24.5136,1771.2767,25.4628
SYM6247,94.99,1211.1521,1.1892,0.0921,0.906,11.6273,2296.4483,7.3738
SYM6248,92.99,1484.5603,1.2446,0.0844,0.8137,7.9231,2534.4581,7.2782
SYM6249,89.98,2231.8546,1.1991,0.0862,0.8594,9.0979,2987.0576,7.1272
SYM6250,105.77,1461.101,1.3414,0.1234,0.8835,14.7015,2440.0877,11.2182
SYM6251,90.19,1225.9825,1.4931,0.0994,0.8364,13.4071,2485.1097,8.068
SYM6252,100.8,1935.8941,1.4316,0.1098,0.8539,11.792,2900.4894,9.4482
SYM6253,101.8,1238.5373,1.382,0.0972,0.8608,11.4588,3291.6286,8.3581
SYM6254,154.55,961.4203,1.3608,0.1076,0.8059,12.5702,2325.2904,9.2746
SYM6255,100.02,2194.2353,1.5858,0.227,0.7869,32.7843,2709.8632,24.1749
SYM6256,100.03,2181.2429,1.197,0.2002,0.8669,38.6682,1994.5469,20.3511
SYM6257,152.93,1250.7714,1.2198,0.1161,0.9137,24.143,2052.1736,9.8719
SYM6258,155.37,893.8887,1.1973,0.1293,0.8827,15.6727,2245.1184,11.2863
SYM6259,99.86,944.3657,1.5279,0.0975,0.9035,9.5101,3760.3648,8.1536
SYM6260,145.96,1110.6205,1.3187,0.105,0.9036,15.2282,2506.0869,8.5539
SYM6261,91.81,1084.9498,1.1467,0.1081,0.9311,16.9362,2441.4938,8.9168
SYM6262,96.9,1136.9737,1.3294,0.286,0.876,33.0024,2451.3432,32.789
SYM6263,93.97,2243.013,1.2577,0.0528,0.8642,14.4257,1941.0379,3.4078
SYM6264,118.14,1390.4251,1.345,0.2324,0.9104,33.7866,2415.7187,24.9206
SYM6265,184.57,1123.206,1.3516,0.1878,0.9007,24.1941,2290.5054,18.6444
SYM6266,92.99,1598.2325,1.4298,0.1903,0.9154,27.0732,2277.262,19.2285
SYM6267,92.76,1234.3343,0.9997,0.1081,0.913,19.3291,1949.6575,9.55
SYM6268,84.98,912.7047,1.059,0.1062,0.9313,20.4124,1931.762,8.5381
SYM6269,96.75,1220.2985,1.1489,0.1075,0.9664,20.1873,2505.0079,8.7786
SYM6270,85.04,1072.4711,1.3382,0.1051,0.8426,14.0065,2353.7471,8.5911
SYM6271,95.8,1748.4917,1.2327,0.113,0.9212,24.9958,2314.3658,9.3063
SYM6272,106.8,1700.2435,1.0198,0.1936,0.9277,42.0783,2107.0956,19.6194
SYM6273,82.89,1259.488,1.2433,0.2674,0.9341,28.3238,3343.0706,30.0619
SYM6274,101.86,844.2059,1.4672,0.1611,0.9581,18.053,3553.4091,14.9922
SYM6275,64.19,818.1676,1.2224,0.157,0.9254,20.8526,2603.4986,14.8617
SYM6276,100.75,1720.8047,1.3856,0.0936,0.8761,11.7259,2759.3843,7.5156
SYM6277,102.87,796.3709,1.4225,0.1175,0.9151,11.4416,2818.6859,9.9079
SYM6278,94.54,1296.1651,1.171,0.0889,0.925,17.0291,3431.0827,7.0171
SYM6279,135.1,1060.2216,1.2838,0.099,0.8844,18.3393,2190.6622,8.0464
SYM6280,163.54,1588.5842,1.3159,0.2017,0.8911,28.4454,2194.8397,20.7915
SYM6281,156.13,1331.6696,1.1742,0.2346,0.9401,30.3811,2056.8004,25.9549
SYM6282,101.12,1079.7586,1.4426,0.2207,0.929,25.0205,2795.7941,23.3255
SYM6283,106.52,3903.7412,1.4446,0.0639,0.6486,10.1608,3379.0081,4.9368
SYM6284,96.76,1063.7631,1.2612,0.1081,0.9762,19.8451,2512.8242,8.8301
SYM6285,153.77,2096.0786,1.3081,0.2191,0.8142,35.0612,1920.9376,23.5076
SYM6286,86.94,1570.0893,1.4395,0.1963,0.8688,26.9767,2755.0819,20.245
SYM6287,109.52,1270.2443,1.1883,0.1038,0.8991,21.7118,2294.9825,8.4457
SYM6288,86.61,1088.0344,1.4748,0.1789,0.9202,21.0499,2890.382,18.2276
SYM6289,105.97,2013.0026,1.3156,0.2371,0.8927,45.3863,2058.5752,25.1704
SYM6290,123.57,1312.4889,1.2518,0.1785,0.8936,29.7692,2072.3973,17.5048
SYM6291,114.32,2315.1854,1.3004,0.111,0.8206,23.9045,2293.7344,9.9285
SYM6292,94.95,1529.1451,1.6527,0.2679,0.8765,32.1662,2835.125,29.6456
SYM6293,129.81,1033.2818,1.0866,0.0405,0.8481,5.7983,2961.5391,2.9955
SYM6294,85.8,1057.709,1.218,0.1762,0.9298,24.5707,2302.4373,17.4001
SYM6295,101.71,1231.7331,1.3968,0.2114,0.8834,21.7342,2544.856,22.2935
SYM6296,151.03,1219.3518,1.2209,0.1682,0.8768,21.0365,2592.2769,16.7461
SYM6297,146.55,1290.4716,0.9327,0.0299,0.614,7.4209,1375.6969,1.6409
SYM6298,104.92,1161.1023,1.4711,0.2107,0.9091,27.2485,2766.7384,21.6696
SYM6299,164.01,987.2012,1.4145,0.1337,0.9025,21.6512,2514.3768,11.7481
SYM6300,94.97,1645.0537,1.4413,0.2988,0.8646,40.4486,2350.4314,34.0684
SYM6301,88.11,464.15,1.0409,0.0929,0.9386,8.9609,2748.1708,7.3714
SYM6302,100.83,2286.4908,1.7249,0.1454,0.7937,11.5397,3744.9862,14.4925
SYM6303,104.02,1390.1406,1.3489,0.1108,0.8688,21.2762,2417.258,9.2892
SYM6304,150.1,493.8697,1.1858,0.2323,0.9464,17.4453,2631.0144,24.8015
SYM6305,129.86,768.9999,1.1272,0.2259,0.9444,24.4417,2502.6383,24.2101
SYM6306,95.98,1422.1071,1.2006,0.2511,0.8665,32.8188,1974.2888,27.9006
SYM6307,152.76,1237.7749,1.6201,0.1557,0.8946,18.4152,2805.2237,14.6136
SYM6308,142.85,1130.242,1.1384,0.0995,0.9009,21.6972,2412.8201,8.1334
SYM6309,100.0,1696.3975,1.569,0.2196,0.9003,25.9681,2672.9507,23.1185
SYM6310,110.5,1705.5971,1.3035,0.1962,0.8998,38.0807,2323.0883,19.7282
SYM6311,166.39,1622.4422,1.306,0.2119,0.8321,36.532,1914.501,21.8915
SYM6312,122.82,656.3914,1.1372,0.1927,0.9593,25.5207,2824.5117,19.407
SYM6313,107.97,1109.2692,1.3482,0.0947,0.9445,13.7438,3067.3387,7.4662
SYM6314,135.74,785.1162,1.1338,0.1712,0.2887,17.1023,2584.6593,16.6696
SYM6315,107.89,936.4131,0.9928,0.0685,0.8082,7.9253,1185.3169,4.8328
SYM6316,101.0,614.4506,1.2266,0.1135,0.9447,12.5272,3144.1649,9.6706
SYM6317,86.44,1414.0698,1.2376,0.1191,0.2775,18.2952,2739.6149,9.9598
SYM6318,139.98,775.773,1.0399,0.1015,0.885,13.7956,2707.0362,8.2499
SYM6319,108.0,1006.8266,1.3279,0.1063,0.8712,12.7487,2859.8825,8.8921
SYM6320,118.3,2323.992,1.1634,0.0949,0.8173,16.9696,2190.527,8.07
SYM6321,95.06,1947.4359,1.3525,0.3192,0.8325,43.6161,2424.791,37.4728
SYM6322,129.99,1876.7711,1.2839,0.2642,0.8576,39.8393,2513.6712,29.3676
SYM6323,178.21,1556.8671,1.2076,0.2632,0.9087,32.2401,2406.6356,29.046
SYM6324,139.98,1091.9913,1.2717,0.2075,0.9396,24.9736,2551.7625,21.175
SYM6325,97.06,1949.9846,1.1476,0.1537,0.9211,39.2353,1668.4801,13.8614
SYM6326,178.21,1849.5245,1.2379,0.2245,0.8776,37.4814,2785.0892,24.0275
SYM6327,140.04,2118.8224,1.2984,0.3354,0.7353,47.3249,2025.3989,40.1365
SYM6328,89.91,993.7749,1.1982,0.2456,0.9429,30.7772,2394.7347,26.6331
SYM6329,78.06,1816.7337,1.0524,0.1872,0.9099,22.3517,2046.7962,19.8557
SYM6330,97.89,1202.706,1.205,0.2646,0.8718,28.2472,2305.9353,29.6693
SYM6331,86.05,1331.7109,1.1363,0.2057,0.9112,23.479,2333.6591,21.4906
SYM6332,122.11,1554.9625,1.1711,0.2053,0.8728,25.2553,2440.6491,21.7625
SYM6333,94.01,1246.5485,1.1809,0.2593,0.813,27.1974,2087.1874,28.9139
SYM6334,83.8,1212.0788,1.2377,0.2141,0.874,24.3375,2040.3237,22.4187
SYM6335,100.1,1258.9312,1.2167,0.2313,0.9332,27.9703,2145.2253,24.6706
SYM6336,146.99,1241.2238,1.1713,0.2869,0.9151,35.448,2411.2752,32.3987
SYM6337,100.04,1064.4758,1.265,0.1458,0.9277,14.7138,2646.5466,13.2348
SYM6338,166.3,1517.8983,1.2635,0.2177,0.8156,28.3345,2051.0933,23.3311
SYM6339,104.01,898.2398,1.0936,0.2454,0.9402,25.2664,1926.3741,26.4561
SYM6340,90.01,897.519,1.1907,0.2421,0.9138,23.5602,2042.9371,26.7318
SYM6341,166.59,1568.4927,1.4087,0.2026,0.9127,27.0383,2333.7644,20.4622
SYM6342,93.51,2412.7932,1.2944,0.2819,0.7019,33.2975,2426.0215,32.3537
SYM6343,140.12,1457.309,1.1878,0.1963,0.9152,26.2258,2065.2625,19.6581
SYM6344,91.99,1671.6421,1.3212,0.2474,0.8615,32.5252,1805.3871,27.0599
SYM6345,118.65,913.713,1.054,0.2383,0.927,21.6486,2162.5874,26.3424
SYM6346,95.08,1658.1409,1.1753,0.2246,0.8238,33.0159,1821.6379,23.6848
SYM6347,104.96,1113.3725,1.2017,0.3015,0.8569,29.7328,2294.4947,34.9257
SYM6348,119.96,1513.9265,1.2144,0.2853,0.8742,38.5805,2464.4635,32.4341
SYM6349,163.15,1414.4808,1.1499,0.3309,0.8876,44.1413,2026.0141,38.7667
SYM6350,80.0,3124.7201,1.4407,0.224,0.7562,34.3449,2387.1168,23.9513
SYM6351,83.81,1098.7625,1.1412,0.2968,0.9203,31.6503,1938.598,34.2002
SYM6352,161.69,2101.9636,1.3788,0.3123,0.7666,38.0608,2178.2386,36.0981
SYM6353,163.95,1765.7788,1.2217,0.2397,0.2235,30.3608,2219.2675,26.3445
SYM6354,166.01,1649.4851,1.1673,0.0592,0.8141,10.6287,1859.3783,4.0053
SYM6355,87.96,955.0778,1.2064,0.2458,0.9566,25.5039,2445.9881,26.2804
SYM6356,91.92,1649.2954,1.3068,0.2704,0.7607,29.0105,2723.7767,31.3491
SYM6357,142.64,1000.1482,1.2291,0.2724,0.9165,30.4213,2119.831,30.2339
SYM6358,84.81,1019.4196,1.1389,0.2295,0.8775,23.8196,2610.6925,25.6744
SYM6359,103.98,954.175,1.2837,0.319,0.9028,35.0656,2335.0541,37.1201
SYM6360,87.76,1574.9443,1.1347,0.1554,0.8523,30.0581,1663.0301,14.2087
SYM6361,79.97,1523.6039,1.1615,0.253,0.9086,37.2298,2253.1012,27.5824
SYM6362,100.02,2274.135,1.3098,0.2297,0.8147,38.596,1921.3538,24.131
SYM6363,97.9,2448.0801,1.2252,0.2142,0.783,35.4886,2007.2261,23.0592
SYM6364,83.03,1840.4799,1.3196,0.3134,0.2014,41.5561,2681.4266,36.5899
SYM6365,89.94,1890.4038,1.2813,0.2871,0.8343,40.468,2008.715,32.4264
SYM6366,100.05,1598.1612,1.2924,0.2832,0.8331,41.1469,1922.63,32.0514
SYM6367,161.77,1546.6812,1.2483,0.1981,0.9107,29.6975,2173.9627,19.9426
SYM6368,119.97,1791.5052,1.281,0.2373,0.8068,28.1094,2422.9946,26.202
SYM6369,139.97,2118.2031,1.348,0.2583,0.7712,30.3093,2417.5228,29.9934
SYM6370,161.58,1426.1761,1.2189,0.2503,0.8893,30.4799,2273.3358,27.3026
SYM6371,87.95,2006.7273,1.1851,0.2278,0.8587,37.4522,1899.8495,23.9285
SYM6372,103.76,720.6481,1.2941,0.2903,0.9583,25.922,2286.2299,33.0584
SYM6373,107.19,1987.0497,1.1639,0.1738,0.8755,29.1754,2088.8989,17.4154
SYM6374,152.02,2085.1609,1.3465,0.2539,0.8337,30.1527,2077.2602,27.7036
SYM6375,82.0,1008.3692,1.3976,0.311,0.9175,28.1471,2671.9791,36.3346
SYM6376,90.01,1814.0578,1.244,0.2808,0.8378,39.3208,2066.5987,31.5503
SYM6377,87.98,2711.1896,1.2097,0.245,0.7407,36.037,2212.1255,27.1247
SYM6378,78.01,1322.0726,1.1461,0.2778,0.9451,35.6549,1825.5019,30.5696
SYM6379,99.95,1517.8555,1.2977,0.22,0.9166,30.9187,2302.3121,23.5147
SYM6380,99.72,1757.5167,1.3559,0.2381,0.8997,38.1773,2103.3445,25.365
SYM6381,153.78,1087.9689,1.2874,0.2503,0.8861,28.4092,2410.9589,27.5652
SYM6382,125.98,1316.4485,1.2531,0.2424,0.912,28.6576,2513.6871,26.3996
SYM6383,164.05,1372.2743,1.1002,0.3268,0.8972,41.8371,2008.5732,38.0442
SYM6384,98.01,1360.3895,1.4006,0.279,0.8579,31.786,2640.9668,31.55
SYM6385,99.94,1627.3797,1.1581,0.2865,0.8986,35.2498,2396.9001,32.0866
SYM6386,139.98,1698.403,1.4549,0.2628,0.8724,30.3439,2912.2924,30.135
SYM6387,164.19,1925.9979,1.2477,0.231,0.837,29.445,2073.8841,24.6673
SYM6388,99.03,1780.7927,1.1922,0.2856,0.8956,37.8955,2379.8055,31.885
SYM6389,106.04,1616.8224,1.2307,0.1748,0.9118,29.2459,2123.0423,17.0553
SYM6390,129.97,1866.1573,1.1893,0.2317,0.8522,35.1232,1659.9852,24.6984
SYM6391,161.67,1077.6171,1.2741,0.2795,0.9365,32.194,2145.439,31.31
SYM6392,89.96,1801.8199,1.2635,0.2486,0.8668,31.3635,2184.2712,27.1858
SYM6393,85.98,1279.4492,1.2699,0.2702,0.8698,34.1821,2445.7255,30.0093
SYM6394,119.03,1691.5592,1.2869,0.2439,0.8814,35.0293,2256.9798,26.7117
SYM6395,106.04,1616.8224,1.2307,0.1748,0.9118,29.2459,2123.0423,17.0553
SYM6396,95.0,1800.2313,1.3038,0.2448,0.8784,35.4329,2473.5419,26.3812
SYM6397,91.92,1722.0598,1.2841,0.2422,0.8549,37.3241,2216.7432,25.9992
SYM6398,104.02,1299.7788,1.133,0.1963,0.9277,31.0648,2014.523,19.9372
SYM6399,126.37,2317.1045,1.332,0.1815,0.8526,25.8829,1394.3793,17.4154
SYM6400,162.18,1623.3854,1.1591,0.1987,0.2762,32.4099,1896.1541,19.7268
SYM6401,82.42,1256.7281,1.0972,0.2856,0.9279,36.5258,2210.1477,31.4863
SYM6402,89.96,1869.2073,1.149,0.124,0.8826,26.2903,2082.2665,10.918
SYM6403,87.73,1736.8026,1.2079,0.1622,0.8717,25.4458,1672.4181,15.1913
SYM6404,92.94,1911.183,1.4298,0.0725,0.807,10.8339,2435.8213,5.2306
SYM6405,106.95,1588.7984,1.1139,0.0474,0.1951,8.7704,2488.216,3.0305
SYM6406,79.99,1659.2538,1.1462,0.1759,0.2599,29.6966,2366.4809,17.3849
SYM6407,92.01,1473.327,1.2405,0.2205,0.2317,31.6048,1722.9833,22.784
SYM6408,140.61,945.3371,1.3311,0.2209,0.3236,22.0585,2315.0255,22.9579
SYM6409,152.56,824.2766,1.4002,0.2873,0.2485,28.9863,2456.2796,32.198
SYM6410,128.59,1647.8717,1.3469,0.346,0.8937,38.867,1817.8651,41.3782
SYM6411,150.16,1724.5811,1.0692,0.244,0.8988,34.9606,1331.2754,25.6606
SYM6412,92.97,959.5721,1.455,0.274,0.9472,25.8888,2656.8295,30.5915
SYM6413,79.97,2361.4436,1.2213,0.2501,0.8856,37.5921,2341.8839,26.9082
SYM6414,153.81,1181.533,1.1124,0.2924,0.9633,34.5354,2151.5792,32.7961
SYM6415,109.73,1261.8199,1.0805,0.2459,0.923,35.0886,1647.0755,26.8686
SYM6416,172.27,1480.6349,1.1268,0.2713,0.876,40.0406,2097.0942,29.44
SYM6417,86.72,1152.6606,1.1719,0.2493,0.9621,27.587,2009.1792,26.2563
SYM6418,120.22,1405.4448,1.1085,0.1778,0.3847,25.9416,1719.891,18.2503
SYM6419,172.27,1907.9393,1.139,0.2833,0.8549,35.5809,2044.9526,32.0764
SYM6420,172.27,1619.3759,1.3002,0.0934,0.8366,12.5774,2270.7456,7.5391
SYM6421,90.04,1751.6559,1.2758,0.1903,0.8895,30.1853,2284.6809,18.8291
SYM6422,165.05,1182.3411,1.265,0.2719,0.9145,30.9653,2247.9534,29.9503
SYM6423,93.0,1253.9505,1.2592,0.1284,0.3236,19.7083,2349.0103,10.9792
SYM6424,92.42,1650.0139,1.3178,0.252,0.89,28.6985,2269.5105,27.308
SYM6425,106.5,1188.9864,1.3946,0.293,0.2525,28.8317,1867.6568,33.5684
SYM6426,172.27,1581.2883,1.2357,0.1534,0.9053,22.6997,1571.3272,13.8284
SYM6427,79.21,2009.6845,1.229,0.2746,0.3075,33.7292,2102.6541,30.6697
SYM6428,164.38,1303.976,1.3139,0.2621,0.9059,25.2388,2213.1807,29.9298
SYM6429,109.95,1785.4185,1.4159,0.3247,0.8557,44.1486,2525.2338,37.8481
SYM6430,91.59,1220.453,1.3512,0.2756,0.297,33.2161,2412.9928,30.3792
SYM6431,87.97,1074.7605,1.3348,0.367,0.2989,34.0123,2574.4574,44.3932
SYM6432,86.94,2032.3344,1.2643,0.223,0.8545,35.9226,2156.9912,23.2365
SYM6433,111.89,1568.3368,1.3928,0.2452,0.9041,34.3609,1531.2234,26.0514
SYM6434,163.95,1656.4269,1.1962,0.2389,0.8766,35.31,2246.4945,26.0473
SYM6435,126.78,1297.0274,1.1852,0.2099,0.8997,27.0722,2021.7232,21.9231
SYM6436,114.9,1631.7788,1.2037,0.2978,0.8846,37.6757,2136.2838,33.6723
SYM6437,108.99,1409.3207,1.3774,0.3117,0.9103,33.0549,2882.7782,36.6851
SYM6438,117.73,2058.2321,1.2713,0.3246,0.7399,44.4131,1494.604,38.3421
SYM6439,88.95,1906.7998,1.4388,0.2839,0.8096,34.4268,2638.2886,33.0875
SYM6440,112.56,2030.301,1.3688,0.2873,0.7343,32.4796,2353.4205,33.4587
SYM6441,128.36,1565.8291,1.229,0.2308,0.8604,28.3162,1858.2996,25.1357
SYM6442,129.42,2014.4366,1.4855,0.2566,0.8698,31.1569,2469.1657,28.4173
SYM6443,132.95,1995.4837,1.2422,0.2444,0.8548,39.768,1953.2114,26.9958
SYM6444,119.99,2494.7657,1.2373,0.2152,0.815,32.2893,1731.4123,22.8399
SYM6445,117.08,1345.9786,1.1222,0.2566,0.9128,28.2443,2130.5111,28.7062
SYM6446,115.89,1980.4594,1.2554,0.3131,0.8884,38.3394,2725.8228,36.8122
SYM6447,122.31,1193.9505,1.2255,0.2755,0.8771,30.6613,1915.6092,31.2397
SYM6448,109.84,3137.7784,1.392,0.324,0.7693,37.8561,2636.9684,38.4969
SYM6449,120.02,1265.7234,1.5066,0.2922,0.8666,29.8666,2574.0039,33.3173
SYM6450,92.81,2248.4909,1.2794,0.2437,0.7922,33.3832,2228.7028,26.9437
SYM6451,117.09,2368.399,1.229,0.2345,0.8192,40.6319,2128.9681,25.398
SYM6452,136.74,1843.2866,1.1528,0.2692,0.9013,32.046,2264.466,29.9815
SYM6453,102.03,2818.2028,1.2131,0.229,0.8367,34.2212,1783.2493,24.6518
SYM6454,117.03,2201.5395,1.4341,0.2727,0.8416,27.649,3017.7051,31.1999
SYM6455,119.95,1798.3348,1.1351,0.3008,0.8627,41.3568,1863.6495,33.9433
SYM6456,136.03,1177.5575,1.1735,0.2247,0.8907,26.0202,1967.0806,23.8964
SYM6457,84.9,1987.96,1.1284,0.2139,0.9286,34.8867,1818.9621,21.9438
SYM6458,149.98,3296.2636,1.2285,0.2209,0.7302,36.4437,2203.8786,24.4401
SYM6459,118.44,2222.4788,1.244,0.2723,0.8252,43.6502,1806.469,30.2577
SYM6460,84.88,2320.0136,1.162,0.1917,0.753,25.5491,1875.6062,19.9304
SYM6461,135.96,1195.4689,0.8644,0.1113,0.8728,15.2437,1404.4837,9.6702
SYM6462,123.89,1655.9024,1.5939,0.3432,0.7955,31.6388,2384.6646,43.3727
SYM6463,89.93,1474.4434,1.2352,0.2393,0.8661,34.5034,1620.1164,25.7454
SYM6464,117.0,1799.5064,1.2497,0.2252,0.8512,26.0888,2446.3087,24.7171
SYM6465,85.94,2416.8084,1.2404,0.2865,0.8472,37.5739,2519.9139,33.2944
SYM6466,86.04,1603.7564,1.3204,0.1709,0.8335,17.1486,3049.3211,18.2459
SYM6467,104.78,1604.0317,1.3889,0.2498,0.8744,22.0579,2358.4637,27.9889
SYM6468,150.12,1448.2588,1.123,0.1796,0.9599,30.178,2406.9072,17.7762
SYM6469,99.99,566.8706,1.4984,0.3077,0.9085,20.6029,3373.2923,35.748
SYM6470,135.02,1478.1634,1.5276,0.2538,0.7964,18.4008,2632.2443,29.5398
SYM6471,90.16,1185.4695,1.1871,0.1438,0.9483,16.9961,2209.6863,13.0754
SYM6472,97.64,1596.2473,1.2531,0.1535,0.8368,18.1032,2321.8297,15.5149
SYM6473,114.01,789.8286,1.2175,0.2042,0.9172,15.5763,2747.2447,22.2111
SYM6474,94.26,2005.2597,1.5271,0.2259,0.8598,30.0152,2124.4286,24.0974
SYM6475,136.4,1430.6295,1.3167,0.2123,0.8894,26.2291,2389.2484,22.7582
SYM6476,95.16,1778.0856,1.2705,0.2716,0.8656,36.4442,2173.4345,30.9462
SYM6477,126.97,1701.2164,1.5385,0.2773,0.8912,27.0378,2755.7992,31.6734
SYM6478,122.44,2298.5034,1.3542,0.2255,0.8169,29.9325,1973.2942,24.9431
SYM6479,90.05,1815.0998,1.2646,0.2203,0.842,25.6308,2407.9003,23.8628
SYM6480,139.97,777.9356,1.2202,0.287,0.9408,28.889,2726.8818,32.9461
SYM6481,91.65,1570.1233,1.1937,0.2154,0.9072,27.124,2186.5054,23.05
SYM6482,105.96,2127.1158,1.2648,0.2264,0.794,29.5423,1975.1005,24.5331
SYM6483,98.03,430.9043,1.3711,0.3934,0.9116,20.916,3088.1435,48.4683
SYM6484,132.02,2500.5678,1.3696,0.1591,0.8404,23.6827,2408.6659,15.8468
SYM6485,112.58,1541.5615,1.391,0.2605,0.8821,24.2425,2971.0977,29.2529
SYM6486,162.52,1459.5581,1.0775,0.2292,0.8817,32.0201,1829.8467,24.6664
SYM6487,98.73,1353.6521,1.5096,0.2913,0.8878,25.6238,2853.8276,33.9914
SYM6488,146.35,1292.902,1.1678,0.1713,0.9392,21.2666,1979.4141,16.5437
SYM6489,139.98,1535.035,1.2674,0.2546,0.9188,28.5269,1957.394,28.0398
SYM6490,116.78,587.2755,1.3063,0.3202,0.9129,18.8374,2985.336,38.6754
SYM6491,120.04,1503.6984,1.2435,0.1677,0.8082,11.4766,3056.2179,18.2013
SYM6492,86.95,1958.5291,1.2561,0.2168,0.854,27.075,2078.9882,23.0749
SYM6493,85.9,1155.4494,1.3149,0.3481,0.8658,28.1299,3066.838,43.3589
SYM6494,88.05,1679.778,1.3977,0.2387,0.8441,27.5093,2396.3123,26.375
SYM6495,128.02,782.6857,1.6383,0.3599,0.8863,19.2661,2620.2793,44.2538
SYM6496,143.95,1043.9712,1.5942,0.2666,0.9219,26.6878,2784.5677,29.5063
SYM6497,93.9,1968.4096,1.2893,0.2021,0.8926,31.995,2334.4417,21.2367
SYM6498,130.0,977.6524,1.5715,0.3192,0.8814,20.8902,2627.9019,37.8459
SYM6499,113.97,970.2042,1.1215,0.1896,0.8491,14.9687,2889.8119,21.2698
SYM6500,102.1,1506.974,1.3779,0.2623,0.8923,29.846,2435.2868,29.1714
SYM6501,110.2,1917.2677,1.4713,0.2526,0.8654,26.4108,2353.3995,27.6967
SYM6502,151.31,1847.3918,1.5583,0.2784,0.8653,31.6939,2364.5278,31.9331
SYM6503,143.91,1951.8453,1.207,0.1965,0.9002,25.275,2383.6887,20.0875
SYM6504,125.22,1701.7513,1.3639,0.2358,0.764,16.4191,2516.3084,27.0685
SYM6505,88.58,831.6793,1.3667,0.2947,0.9226,23.7519,2720.7739,33.4663
SYM6506,95.37,1133.6962,1.1546,0.1656,0.8514,22.0214,2423.3335,16.6723
SYM6507,129.93,1077.4593,1.4659,0.2205,0.8666,20.0448,2771.9965,24.5286
SYM6508,139.99,952.9686,1.2809,0.2774,0.9309,26.1146,2825.1568,31.5551
SYM6509,88.19,1386.846,1.3978,0.2783,0.8828,25.349,2466.6878,32.6618
SYM6510,95.89,2345.1731,1.374,0.2685,0.8225,33.4216,2464.9744,31.0282
SYM6511,98.18,1057.7781,1.3529,0.2304,0.9217,18.1911,2919.5235,25.9764
SYM6512,129.83,1101.9519,1.2638,0.187,0.9239,17.8856,2575.0272,19.393
SYM6513,103.03,1255.9242,1.2565,0.1696,0.8673,18.6234,2490.4829,17.5026
SYM6514,129.9,1520.4763,1.286,0.2584,0.9116,25.917,2302.7353,28.9344
SYM6515,120.75,1343.1467,1.4675,0.2871,0.7888,18.8196,2695.6979,34.1664
SYM6516,92.89,1241.8061,1.2686,0.2834,0.9225,29.888,2412.1925,33.0624
SYM6517,131.97,1673.6614,1.393,0.2286,0.8842,29.2553,2698.9662,24.6511
SYM6518,132.03,1029.1479,1.3514,0.2672,0.8783,22.3402,2715.911,31.1599
SYM6519,112.8,700.6815,1.3512,0.265,0.929,17.3624,2889.521,30.3776
SYM6520,90.94,1481.8528,1.2895,0.2992,0.8682,34.3265,2270.3193,34.844
SYM6521,148.02,1248.1602,1.3692,0.3263,0.9071,30.2171,2671.9829,38.4278
SYM6522,99.78,1476.7722,1.3416,0.2472,0.9111,22.3996,2689.7038,27.9942
SYM6523,83.98,1796.2422,1.2123,0.2454,0.8899,34.3028,2351.8324,26.7696
SYM6524,116.86,2313.9108,1.4975,0.3222,0.832,36.66,2635.7785,38.7827
SYM6525,98.04,1850.443,1.4621,0.3021,0.8683,34.0186,2725.9564,35.4547
SYM6526,155.6,1523.7898,1.2576,0.2548,0.9142,35.4099,2281.8201,27.9513
SYM6527,83.97,1434.6803,1.2906,0.285,0.8548,31.7506,2547.4597,32.7961
SYM6528,110.03,1574.2275,1.3442,0.2601,0.8928,28.9178,2035.023,28.4698
SYM6529,97.95,1476.4331,1.4157,0.2633,0.9029,28.2696,2590.9214,30.0568
SYM6530,99.01,2244.477,1.3748,0.2703,0.8549,33.4747,2693.7356,30.5808
SYM6531,89.99,1642.7721,1.2466,0.0425,0.7904,6.2051,2397.0011,2.6522
SYM6532,129.21,3318.0604,1.1895,0.0991,0.7213,13.3298,1969.0068,8.3644
SYM6533,154.88,1543.0971,1.2382,0.2406,0.8872,29.1743,2527.9531,26.2548
SYM6534,87.82,1224.079,1.2099,0.2909,0.906,30.1114,2367.7519,33.2139
SYM6535,100.02,1804.9235,1.6574,0.2216,0.7801,18.4442,2987.732,24.7439
SYM6536,90.94,1427.6251,1.2999,0.2661,0.9018,31.138,2603.8502,30.3186
SYM6537,147.64,1348.5985,1.217,0.269,0.9124,29.7757,2633.058,30.1508
SYM6538,107.9,1716.5884,1.1202,0.243,0.8682,33.0998,2382.735,26.4415
SYM6539,89.84,1893.8568,1.4178,0.1624,0.8686,22.4926,2241.7878,15.7487
SYM6540,150.07,2252.899,1.4943,0.2591,0.7667,28.6164,2722.685,30.0377
SYM6541,89.58,905.007,1.4441,0.2583,0.9248,19.9955,2549.3194,28.5428
SYM6542,99.99,2009.9574,1.3726,0.2407,0.8308,29.4928,2173.3102,26.8335
SYM6543,110.0,1230.1011,1.2389,0.2629,0.8449,30.7008,2244.537,29.2277
SYM6544,119.91,1848.6188,1.3123,0.1377,0.8736,15.4723,2634.5127,13.2344
SYM6545,134.11,663.5568,1.2743,0.3017,0.9219,24.2721,2631.1513,34.8295
SYM6546,129.77,1150.4054,1.2622,0.1893,0.8908,17.8442,2433.4989,19.697
SYM6547,116.86,2313.9108,1.4975,0.3222,0.832,36.66,2635.7785,38.7827
SYM6548,146.57,1102.0788,1.2136,0.3438,0.8547,38.5115,2444.7558,40.556
SYM6549,93.72,1605.6115,1.4469,0.1966,0.9275,23.1215,2652.6783,19.5571
SYM6550,86.07,905.0516,1.2528,0.3224,0.9088,27.2924,2390.8881,37.5136
SYM6551,91.84,2332.4177,1.1354,0.1704,0.8849,36.1667,1501.9937,16.5977
SYM6552,145.0,2046.2081,1.3593,0.3028,0.7383,33.0143,2386.3692,36.3519
SYM6553,140.32,1618.3007,1.368,0.1915,0.8746,28.2166,2047.2032,19.0591
SYM6554,153.7,681.261,1.2523,0.3456,0.8658,20.9899,3305.2829,42.7708
SYM6555,94.92,1826.9907,1.2459,0.1001,0.881,18.5597,2396.5516,8.2045
SYM6556,97.01,513.2563,0.9313,0.1879,0.9676,17.7307,2322.0195,20.106
SYM6557,129.94,2335.7027,1.2581,0.1818,0.6949,23.3846,1772.9774,18.5617
SYM6558,91.7,1247.3251,1.1349,0.0264,0.827,3.349,2117.3043,1.3638
SYM6559,105.98,1095.8439,1.0255,0.0834,0.8607,9.6732,2610.2168,6.7044
SYM6560,129.57,1458.6201,1.1524,0.265,0.91,32.7617,2259.8481,29.4887
SYM6561,93.85,2060.0597,1.1065,0.0866,0.8941,17.2941,2076.2339,6.6838
SYM6562,136.02,1446.5681,1.3245,0.3072,0.8996,34.8754,2443.6825,35.4124
SYM6563,139.89,1737.7449,1.1771,0.27,0.8968,34.8683,2218.635,30.0104
SYM6564,124.98,1441.7172,1.205,0.2809,0.9037,30.9612,2211.5444,31.8847
SYM6565,112.82,1516.1898,1.2843,0.274,0.8726,29.8769,2707.1147,31.0321
SYM6566,139.91,2863.9925,1.2676,0.2452,0.8077,37.1101,1888.8837,26.9123
SYM6567,99.94,2072.1991,1.3716,0.2442,0.8833,29.5394,2167.9831,26.6348
SYM6568,143.73,1655.1579,1.3953,0.292,0.8888,35.2317,2532.2087,33.5772
SYM6569,125.23,1391.7902,1.2207,0.2685,0.9122,28.7506,2296.0477,29.8807
SYM6570,120.17,2902.05,1.3192,0.2641,0.8057,37.7119,2143.6223,29.6218
SYM6571,143.1,1857.6396,1.2076,0.2566,0.8727,28.62,2183.9816,29.0857
SYM6572,81.94,2818.5096,1.3369,0.2191,0.8647,36.4174,2441.4976,23.2422
SYM6573,89.03,1336.5717,1.1585,0.1789,0.9609,29.2368,2290.3967,17.1045
SYM6574,89.69,955.6827,1.1244,0.3062,0.932,32.3729,2377.2896,34.9147
SYM6575,126.95,1571.7108,1.365,0.2638,0.8235,29.1755,2347.7974,29.7104
SYM6576,73.58,1885.8424,1.296,0.2859,0.8785,35.1141,2343.0564,33.2749
SYM6577,93.89,1899.3745,1.2259,0.2752,0.8327,35.7574,2296.5909,30.9295
SYM6578,125.99,1042.5091,1.1957,0.2755,0.9577,32.1493,2207.8738,30.2488
SYM6579,107.17,2377.6616,1.2763,0.2929,0.8715,39.9444,2227.6239,33.2253
SYM6580,95.04,2105.6111,1.1134,0.2069,0.2512,28.5281,2556.9395,22.4353
SYM6581,95.99,1274.2054,1.1415,0.2664,0.9196,32.3188,2231.6108,29.0623
SYM6582,91.03,2008.8624,1.3065,0.2319,0.886,24.8207,2068.1489,25.0652
SYM6583,91.83,2311.2257,1.3326,0.3156,0.8093,40.8187,2525.5348,36.4904
SYM6584,102.0,1587.383,1.2879,0.3207,0.8299,32.8323,2320.9185,37.7218
SYM6585,83.98,2301.9478,1.3263,0.3384,0.8326,37.8298,2303.0028,40.002
SYM6586,84.97,2724.0826,1.4556,0.2539,0.8655,32.8609,2604.6724,27.4798
SYM6587,81.98,2869.1692,1.1326,0.3041,0.8517,42.8892,2139.9028,35.7246
SYM6588,93.04,2845.3513,1.2105,0.3101,0.6933,40.1093,1972.8823,36.1717
SYM6589,133.95,1852.4498,1.2841,0.3139,0.751,34.8057,2222.5056,37.0993
SYM6590,96.99,1298.167,1.5016,0.2686,0.8738,26.2287,2334.1738,29.615
SYM6591,97.68,2045.1675,1.2285,0.2621,0.8881,28.4724,2045.0867,29.3139
SYM6592,85.93,3038.3268,1.225,0.2891,0.8777,42.2543,2092.5118,32.4752
SYM6593,94.02,2618.7883,1.2795,0.3175,0.7151,44.2076,2466.7703,36.8281
SYM6594,109.82,2552.1482,1.4244,0.2541,0.7369,26.1882,2310.2224,28.6428
SYM6595,91.84,2711.1273,1.2998,0.3178,0.8071,33.1246,2283.4922,36.9246
SYM6596,103.88,3335.0776,1.4125,0.2711,0.8094,31.6782,2310.9613,29.9258
SYM6597,91.97,1588.3567,1.2813,0.2817,0.8714,26.9647,1992.692,31.4499
SYM6598,89.51,1704.1774,1.1207,0.107,0.9389,24.6259,1960.3545,8.5651
SYM6599,156.57,2549.804,1.3114,0.3277,0.7927,42.3601,2419.2158,38.3135
SYM6600,96.06,3077.6466,1.4321,0.2647,0.8545,29.368,2817.027,29.9855
SYM6601,85.94,3509.3657,1.2519,0.3042,0.7453,40.6887,1844.2346,34.793
SYM6602,130.0,2050.0082,1.2131,0.2672,0.8612,37.1186,1932.2047,29.1217
SYM6603,95.23,2419.2473,1.0606,0.2164,0.8135,27.6664,2361.3635,24.0293
SYM6604,99.32,1374.8661,1.4062,0.2605,0.8923,28.8357,2422.7096,29.1223
SYM6605,89.97,3490.5098,1.2277,0.2835,0.8416,44.0136,2219.8344,31.792
SYM6606,125.12,1483.4844,1.0682,0.2462,0.882,37.2091,1515.9543,26.2533
SYM6607,149.21,2523.4093,1.2128,0.2284,0.921,28.0962,2588.7676,24.4836
SYM6608,90.01,2436.0659,1.1412,0.25,0.8517,37.9479,2400.3235,26.8416
SYM6609,144.02,1558.3781,1.3012,0.245,0.9152,40.4029,1982.5872,25.9904
SYM6610,89.03,1336.5717,1.1585,0.1789,0.9609,29.2368,2290.3967,17.1045
SYM6611,104.03,2901.4442,1.2397,0.2206,0.8101,34.4734,2194.0879,23.108
SYM6612,88.98,1635.6195,1.0499,0.276,0.8634,44.1974,1686.4956,30.3213
SYM6613,150.18,1544.8911,1.1591,0.2,0.8854,32.3205,1691.8878,19.6096
SYM6614,90.0,2494.354,1.3164,0.2365,0.837,30.8506,2418.1065,24.9001
SYM6615,103.07,1621.1682,1.0796,0.293,0.8794,41.9801,1493.867,33.1005
SYM6616,96.0,3109.0833,1.2919,0.1189,0.8109,13.3007,2036.6595,10.4412
SYM6617,106.0,1521.8481,1.1149,0.157,0.3334,22.0588,2405.855,14.9234
SYM6618,98.04,1901.2033,1.2631,0.1501,0.3581,26.8673,2767.5115,14.2758
SYM6619,97.94,2857.2082,1.5677,0.1049,0.7582,10.545,3723.3517,10.0389
SYM6620,125.1,931.2242,1.2204,0.1856,0.9531,18.9131,2058.0103,18.3163
SYM6621,120.12,1634.9264,1.1096,0.1649,0.9092,26.2714,1501.5015,15.7641
SYM6622,105.23,1396.8991,1.2156,0.2549,0.9242,34.8591,2401.4061,27.4773
SYM6623,101.99,1638.6506,1.3198,0.1619,0.8793,23.421,2808.0928,15.7547
SYM6624,90.01,655.0487,1.1196,0.1834,0.9652,21.7161,2052.0118,17.8899
SYM6625,95.08,1412.5512,1.2737,0.2648,0.8753,32.6648,1708.0239,28.7754
SYM6626,91.68,1339.5834,1.0417,0.2025,0.944,36.4647,1917.8016,20.6487
SYM6627,125.86,1758.8155,1.0152,0.2455,0.7919,37.0147,1707.6703,27.5045
SYM6628,136.05,1608.7128,1.0571,0.2663,0.8504,42.7623,1639.6213,29.3044
SYM6629,94.02,2047.2481,1.3635,0.2345,0.8538,37.4391,1795.159,24.7644
SYM6630,82.96,1584.907,1.2619,0.1441,0.8867,19.174,2356.911,13.6547
SYM6631,86.95,945.6957,1.5114,0.1716,0.2579,15.3393,2995.5142,16.8361
SYM6632,146.09,1406.0791,0.9358,0.2373,0.9343,36.5128,1778.8379,25.3763
SYM6633,97.96,1337.4544,1.294,0.2259,0.8717,21.0116,2751.4531,24.2118
SYM6634,132.07,835.6791,1.0461,0.2459,0.9451,32.6934,2256.1002,26.3987
SYM6635,151.86,1254.3227,0.9165,0.2582,0.8269,37.3279,1541.2196,29.428
SYM6636,95.76,554.1637,1.1432,0.078,0.9732,7.8218,2786.8757,6.0283
SYM6637,151.31,1346.5034,1.0262,0.1534,0.933,21.8133,1546.4831,14.4827
SYM6638,92.43,1841.2033,1.183,0.0535,0.8392,9.1696,1928.5145,3.568
SYM6639,128.29,1408.9301,0.9989,0.2108,0.8095,32.0996,1619.4063,22.2143
SYM6640,87.94,2059.9765,1.3599,0.0742,0.8277,8.6018,2434.8314,5.4496
SYM6641,93.98,1051.165,1.0492,0.2996,0.8611,39.9585,1829.2269,33.818
SYM6642,83.1,1313.0804,1.0994,0.3156,0.8003,45.6763,2073.3784,36.9713
SYM6643,102.28,2810.1945,1.475,0.2367,0.7744,29.5814,2350.3025,26.213
SYM6644,87.86,1930.225,1.3151,0.2624,0.8826,41.6316,1997.4018,28.6258
SYM6645,79.96,1660.8058,1.2762,0.2701,0.8645,32.5052,1959.5626,30.0124
SYM6646,163.19,1476.6066,1.1122,0.0574,0.8486,9.7666,1990.4351,3.9139
SYM6647,150.48,2313.6745,1.1501,0.2217,0.9184,38.587,2074.2649,22.6149
SYM6648,128.0,960.5722,1.0702,0.2409,0.9617,35.4883,2237.4473,25.5911
SYM6649,98.06,1431.3559,1.0999,0.1966,0.9527,30.5528,1544.409,19.8447
SYM6650,124.16,1353.4293,1.1033,0.2466,0.8357,38.676,1921.0834,26.5215
SYM6651,101.96,3655.491,1.1212,0.2435,0.6526,48.9181,1695.1435,25.8284
SYM6652,120.07,1080.9238,1.271,0.2551,0.8493,24.6768,2105.4982,27.908
SYM6653,90.06,989.7134,1.2128,0.0724,0.8666,8.3271,2533.5162,5.5231
SYM6654,97.92,1383.1313,1.2228,0.1432,0.9253,20.9859,2385.6511,13.2123
SYM6655,122.6,2539.6214,1.1074,0.2089,0.7519,37.7684,1132.0726,21.2281
SYM6656,84.91,794.603,0.8512,0.1838,0.9114,20.8718,1759.4571,18.3616
SYM6657,120.06,1732.2958,1.0477,0.2053,0.8933,32.9263,1896.5797,20.9492
SYM6658,91.96,2518.9636,1.3587,0.2277,0.8019,34.341,2201.1688,24.3567
SYM6659,113.5,2561.2377,1.184,0.2299,0.7941,37.4589,2033.5396,24.7365
SYM6660,101.0,751.1161,1.1569,0.2162,0.926,22.4622,2829.8853,22.8328
SYM6661,109.87,2263.4938,1.3306,0.0577,0.779,12.5383,1983.7009,3.8634
SYM6662,94.01,1589.0104,1.096,0.2519,0.9118,43.8978,1820.9384,26.8901
SYM6663,95.8,2268.1751,1.2199,0.2106,0.8372,34.8022,1708.4549,21.8243
SYM6664,97.01,1353.8343,1.2402,0.2651,0.897,36.4025,2151.7026,28.9771
SYM6665,117.9,1323.9977,1.1209,0.1975,0.9349,25.9581,2007.899,19.6353
SYM6666,93.99,1154.2312,1.4956,0.086,0.2544,10.0345,2551.1997,6.8943
SYM6667,99.6,1330.8364,1.0236,0.2035,0.9811,42.8068,1628.7424,20.2197
SYM6668,123.19,1334.0755,0.9731,0.1267,0.921,20.7948,1389.4436,11.0589
SYM6669,122.91,1818.4299,1.0852,0.2143,0.8066,32.721,1774.222,23.0444
SYM6670,75.02,2856.3049,1.0649,0.2067,0.8139,39.2821,1755.6585,21.1292
SYM6671,123.64,2012.0161,1.1357,0.1297,0.9352,29.8225,2259.6498,11.083
SYM6672,99.83,1879.2858,1.3917,0.1874,0.8316,24.0058,2273.3101,19.2608
SYM6673,87.92,1098.2478,1.1208,0.0826,0.8882,11.8011,2133.665,6.5426
SYM6674,116.98,1032.3278,1.3606,0.1767,0.9121,13.4547,3414.7816,17.6112
SYM6675,81.97,2058.427,1.4015,0.2207,0.8321,30.9174,2648.6067,23.3655
SYM6676,100.01,2973.7485,1.2297,0.1933,0.8397,36.1744,1830.6359,19.7466
SYM6677,98.99,1562.8157,1.5993,0.3224,0.8442,29.78,2797.5714,38.3703
SYM6678,90.01,864.5741,1.3013,0.1673,0.9328,15.0272,2839.8673,16.4348
SYM6679,117.77,1085.9063,0.8977,0.0705,0.9073,11.1333,1912.6837,5.0883
SYM6680,117.51,2335.2274,1.3299,0.3174,0.8096,34.9327,2339.1699,37.3857
SYM6681,97.07,1179.0099,1.1401,0.1585,0.8927,17.3953,2725.7318,15.5631
SYM6682,138.08,1095.5932,1.1848,0.2612,0.9052,36.991,2223.4326,28.5216
SYM6683,59.97,1613.845,1.3073,0.0881,0.8845,9.5133,2916.1604,6.9254
SYM6684,108.09,874.4794,1.0083,0.1203,0.8997,12.7789,2575.6128,10.6321
SYM6685,104.0,1062.7741,1.2982,0.3175,0.9024,33.9644,2413.2124,37.0104
SYM6686,94.98,1605.8996,1.3755,0.1934,0.9056,16.9514,3082.772,20.0397
SYM6687,107.0,1137.0435,1.0852,0.215,0.877,35.1842,1738.8708,22.3481
SYM6688,93.03,1845.7039,1.263,0.2468,0.8462,35.2375,2508.2583,27.3042
SYM6689,123.68,1247.713,1.0414,0.249,0.8466,33.9745,1818.1118,27.5702
SYM6690,89.91,514.0098,1.0443,0.1265,0.9552,11.4951,2793.8237,11.1036
SYM6691,89.79,1523.1223,1.4186,0.1134,0.2711,12.7273,2914.3383,10.1542
SYM6692,112.7,2559.5835,1.1961,0.2148,0.8631,42.6726,1778.6656,22.3189
SYM6693,153.88,1365.3474,1.3542,0.2939,0.8641,28.2575,2425.9688,33.7967
SYM6694,119.99,1470.2517,1.1205,0.2597,0.9302,37.5573,2243.0546,28.4578
SYM6695,106.975,1551.01855,1.2571,0.2297,0.88245,27.330849999999998,2241.1574499999997,24.66685
SYM6696,106.975,1551.01855,1.2571,0.2297,0.88245,27.330849999999998,2241.1574499999997,24.66685
SYM6697,106.975,1551.01855,1.2571,0.2297,0.88245,27.330849999999998,2241.1574499999997,24.66685
SYM6698,106.975,1551.01855,1.2571,0.2297,0.88245,27.330849999999998,2241.1574499999997,24.66685
SYM6699,109.99,2389.5465,1.0479,0.1134,0.9027,24.628,2152.6042,9.409
SYM6700,88.03,1352.099,1.0715,0.2164,0.7914,36.5716,1903.2945,22.9079
SYM6701,86.07,1845.5785,1.3153,0.1988,0.2426,27.7758,2606.8651,21.2122
SYM6702,89.96,1124.6619,1.2649,0.0977,0.8936,11.7532,2669.252,8.1133
SYM6703,128.7,2933.788,1.1771,0.1124,0.7815,21.3599,2093.007,9.3544
SYM6704,135.05,1776.8729,1.212,0.2668,0.8793,40.9244,2195.9861,29.1114
SYM6705,87.93,1819.0645,1.335,0.2144,0.874,27.517,2253.149,22.6898
SYM6706,99.99,1012.7525,1.2443,0.3376,0.8753,34.6965,2029.553,39.9996
SYM6707,77.97,1516.8474,1.0382,0.2434,0.907,43.5152,2012.3143,26.0987
SYM6708,129.8,1227.9826,1.0224,0.27,0.8821,37.5802,1652.9386,30.0902
SYM6709,153.98,1311.4341,0.9833,0.3461,0.7979,50.2417,1856.9843,41.0056
SYM6710,87.85,1599.0106,1.1026,0.2681,0.8275,42.5087,2113.2547,29.2815
SYM6711,161.73,2276.5445,1.3872,0.2277,0.8323,34.0691,2061.4762,24.1215
SYM6712,164.05,1050.9711,1.0069,0.251,0.9544,37.7762,1726.4017,27.0567
SYM6713,125.07,2290.2047,1.2455,0.2688,0.8339,43.0173,2508.0298,29.4561
SYM6714,151.98,1364.7763,1.1605,0.2826,0.9032,44.5984,2102.478,31.6289
SYM6715,131.87,2057.1631,1.0456,0.2183,0.9025,36.9078,2055.1051,23.4542
SYM6716,90.01,1511.0949,1.3847,0.2078,0.2227,20.2267,2776.8908,21.6964
SYM6717,109.94,1664.673,1.2263,0.2276,0.9154,33.9607,1866.6826,24.194
SYM6718,94.95,1333.7451,1.435,0.1585,0.9258,15.1191,3211.834,15.5394
SYM6719,93.03,1845.7039,1.263,0.2468,0.8462,35.2375,2508.2583,27.3042
SYM6720,111.89,2752.7757,1.2716,0.2634,0.8378,47.4368,1668.5893,28.7674
SYM6721,128.46,1231.8862,0.9168,0.1077,0.9199,17.8238,1991.1327,9.3564
SYM6722,105.04,1151.5357,1.256,0.1877,0.9076,16.2237,2921.0248,19.0794
SYM6723,91.64,1739.4358,1.1997,0.2348,0.8729,31.0101,2384.2134,25.4519
SYM6724,129.85,971.3479,1.0849,0.1678,0.8846,19.4555,2217.7055,16.6482
SYM6725,117.97,1426.3356,1.0321,0.2752,0.2446,43.9897,2410.0022,30.1833
SYM6726,133.96,2345.2489,1.0237,0.2278,0.9143,47.4977,1941.7405,24.0982
SYM6727,114.62,1238.2587,1.2846,0.1921,0.2587,18.5082,2662.0529,19.8067
SYM6728,106.975,1551.01855,1.2571,0.2297,0.88245,27.330849999999998,2241.1574499999997,24.66685
SYM6729,120.01,1269.319,1.0075,0.1306,0.2847,26.7898,1880.2261,11.1312
SYM6730,125.01,873.4384,1.2189,0.23,0.9229,28.5558,2790.3486,25.2227
SYM6731,126.93,1185.2799,1.1196,0.2682,0.9193,36.6823,2224.5133,29.6432
SYM6732,91.94,2478.1934,1.3588,0.2008,0.8677,33.9079,2405.2834,20.7801
SYM6733,110.0,1398.5054,1.075,0.2793,0.9105,33.8016,2331.4345,31.1047
SYM6734,99.91,2007.7333,1.1426,0.2356,0.9076,43.3438,1957.8014,24.5187
SYM6735,111.98,2164.272,1.4572,0.2566,0.8602,31.6234,2515.693,27.9906
SYM6736,178.21,1281.0436,1.0197,0.1501,0.9113,18.4209,1935.1313,13.9463
SYM6737,136.1,1333.9073,0.9787,0.3212,0.7992,46.3746,1685.7457,37.1911
SYM6738,93.98,1573.5702,1.2356,0.2433,0.897,29.7049,2682.9543,26.5384
SYM6739,139.92,1538.6637,1.1663,0.1153,0.8844,16.9533,2143.3039,9.7258
SYM6740,76.54,972.7738,1.2862,0.1289,0.894,17.6487,2651.5062,11.1706
SYM6741,129.94,866.3357,1.0484,0.2562,0.9177,33.4577,2415.1992,28.147
SYM6742,99.95,2001.3,1.4316,0.2682,0.8874,44.0733,2337.793,29.4176
SYM6743,99.96,1705.2813,1.358,0.2795,0.8642,34.0381,2545.9594,31.9409
SYM6744,95.78,1195.1951,1.1246,0.0822,0.8203,11.3921,2089.3753,6.7373
SYM6745,106.47,2073.0935,1.1075,0.2233,0.8709,43.5813,1603.4343,23.9148
SYM6746,97.5,1051.5797,1.3539,0.1614,0.878,13.7564,2727.3269,15.8874
SYM6747,120.0,999.8015,1.0977,0.2538,0.8487,30.1193,1760.7335,27.3523
SYM6748,161.85,1518.4624,1.2583,0.2179,0.8508,29.3767,2152.6916,22.8635
SYM6749,99.89,1417.8748,1.244,0.2634,0.9379,38.3654,1897.793,28.2034
SYM6750,127.82,975.0978,1.0329,0.2722,0.9364,38.6651,1844.1258,30.3707
SYM6751,104.98,1946.3098,1.3203,0.2428,0.9026,38.9468,2050.4635,25.6889
SYM6752,120.12,1683.2911,1.1964,0.219,0.8827,35.1217,1852.9778,23.0677
SYM6753,97.04,2335.9564,1.2964,0.23,0.8189,33.8906,1967.6507,24.498
SYM6754,103.65,2921.5421,1.2798,0.1928,0.82,40.2208,1930.2692,19.5713
SYM6755,130.99,1579.2632,1.0658,0.2775,0.8532,46.3057,1870.3422,30.6156
SYM6756,147.29,1205.0834,1.0274,0.0652,0.4416,9.899,2069.1304,5.1701
SYM6757,120.04,1200.5856,0.9294,0.1744,0.3544,29.3773,1016.7426,16.1083
SYM6758,128.1,2146.5232,1.1035,0.2605,0.8646,47.4414,1964.583,28.2006
SYM6759,126.07,1796.1596,1.3873,0.2896,0.8851,31.0398,2053.2526,32.708
SYM6760,125.01,873.4384,1.2189,0.23,0.9229,28.5558,2790.3486,25.2227
SYM6761,83.99,1673.7633,1.0692,0.251,0.8798,40.2116,1976.688,27.3429
SYM6762,120.0,1302.3913,1.22,0.1171,0.8292,18.9609,2283.1441,9.8222
SYM6763,119.96,1863.4598,1.0554,0.0701,0.9336,15.9481,1775.7917,4.8518
SYM6764,143.94,1901.1022,1.1228,0.2822,0.8273,49.9548,2101.8529,31.2982
SYM6765,77.96,1145.9718,1.0199,0.249,0.9281,35.8722,1911.5143,26.6949
SYM6766,139.97,1292.1739,0.9594,0.2548,0.8911,41.5444,1827.9523,27.6747
SYM6767,102.95,1173.7254,1.0239,0.2268,0.9506,34.6767,2282.137,23.9773
SYM6768,102.03,2415.4971,1.2248,0.3238,0.818,45.5975,1814.8347,37.5605
SYM6769,111.94,1374.8119,1.0685,0.3045,0.8548,46.6406,2002.8352,35.0965
SYM6770,128.11,1270.9426,1.0754,0.2534,0.9305,40.8501,2025.1602,27.0853
SYM6771,99.99,1178.8068,1.1146,0.2873,0.8733,42.9012,2223.1412,32.2999
SYM6772,84.88,1742.5675,1.1147,0.2275,0.8652,32.4312,1719.1959,24.361
SYM6773,115.85,1976.1362,1.1159,0.2463,0.8644,40.7232,2072.3944,26.4381
SYM6774,98.96,1069.709,1.1109,0.2789,0.8881,39.9161,2419.8435,31.1537
SYM6775,89.92,1659.3872,1.1587,0.2225,0.8704,35.653,1870.4909,23.565
SYM6776,116.51,1906.7311,1.1507,0.2792,0.8578,47.9981,2131.2157,31.1206
SYM6777,107.88,1865.6594,1.0702,0.2078,0.8644,35.9151,1890.2692,21.3517
SYM6778,109.96,1552.7119,1.1287,0.2996,0.8378,46.8113,1949.3329,33.8249
SYM6779,131.94,1469.2755,1.0005,0.2771,0.7927,44.2971,1641.9,31.1599
SYM6780,109.92,994.6944,1.2852,0.2545,0.9326,31.1777,2515.9379,27.6688
SYM6781,166.19,1732.7073,1.0869,0.2625,0.8625,43.0158,2164.43,28.9302
SYM6782,110.02,1426.8592,1.1255,0.245,0.9001,34.9786,2409.1518,26.7253
SYM6783,172.27,1822.4555,1.2662,0.2677,0.8565,37.7928,2049.9137,29.9174
SYM6784,108.99,1281.5892,1.1129,0.2769,0.8809,41.0109,2419.4654,30.5478
SYM6785,128.94,1600.8451,1.0259,0.2212,0.8696,32.5089,2111.9567,23.7487
SYM6786,107.89,1104.2337,1.1784,0.3181,0.8828,39.0405,2348.5394,36.8327
SYM6787,89.99,1731.1503,1.1322,0.2903,0.8369,40.3988,2459.5339,32.6611
SYM6788,139.86,1407.0683,1.3088,0.219,0.8659,23.7649,2346.292,23.3093
SYM6789,139.98,1064.493,1.3497,0.2087,0.8933,16.6995,2977.3026,21.6689
SYM6790,129.85,1109.415,1.2201,0.2666,0.9194,25.5035,2037.6002,29.415
SYM6791,95.91,1601.4407,1.3421,0.1846,0.8674,18.4843,2820.8067,19.383
SYM6792,147.98,1268.7016,1.3773,0.2629,0.9276,24.3849,2327.359,28.9625
SYM6793,99.95,1343.6304,1.2091,0.2453,0.9322,25.2513,1774.8478,26.1487
SYM6794,136.01,2332.7849,1.3602,0.164,0.7377,20.2438,2265.4315,16.6139
SYM6795,129.56,1702.6839,1.3059,0.2475,0.8403,26.5953,2872.1235,28.0835
SYM6796,164.49,1269.1041,1.3241,0.3439,0.8651,31.1934,2700.9536,41.8785
SYM6797,139.96,1051.3119,1.2571,0.2615,0.8554,20.3274,2445.2907,30.7852
SYM6798,118.5,1531.4868,1.5135,0.2689,0.8785,20.6844,2912.8782,31.1297
SYM6799,135.77,1549.1478,1.2,0.282,0.8984,34.2839,1866.7251,31.3519
SYM6800,118.58,1192.1083,1.2196,0.2527,0.9309,26.1191,2070.7293,27.8817
SYM6801,125.23,1473.1396,1.2643,0.1892,0.8715,18.4149,2475.833,20.6041
SYM6802,128.4,1349.98,1.2517,0.2789,0.8,28.5766,2435.1673,32.419
SYM6803,131.89,1077.5311,1.4197,0.2719,0.9434,21.9971,2251.7589,30.7054
SYM6804,110.0,1339.6517,1.2669,0.2329,0.8853,20.8634,2756.7761,25.9667
SYM6805,130.02,2033.723,1.4,0.2061,0.8721,19.5991,2377.2013,21.9212
SYM6806,115.5,1799.6331,1.2365,0.1799,0.8592,22.5742,2043.5638,18.2936
SYM6807,100.05,1055.8455,1.3066,0.2572,0.8806,21.9358,2808.1601,28.9828
SYM6808,140.07,1310.851,1.5251,0.2491,0.9243,18.3859,3013.8598,27.159
SYM6809,98.01,2100.6477,1.4102,0.2073,0.8525,20.766,2631.7819,22.8949
SYM6810,84.03,373.3564,1.289,0.3782,0.9363,19.0556,3040.0129,48.7898
SYM6811,123.77,1776.5391,1.4566,0.2275,0.8505,22.2814,2711.9243,24.7358
SYM6812,116.96,2252.4593,1.4768,0.2595,0.8441,24.8488,2714.8895,29.3747
SYM6813,140.02,1005.5474,1.2863,0.2363,0.9292,19.4239,2814.5947,26.1178
SYM6814,116.47,686.5822,1.1756,0.2256,0.9568,17.6648,2200.9096,23.7043
SYM6815,150.1,1663.839,1.4539,0.2217,0.8408,18.7389,2687.0832,23.8746
SYM6816,98.01,1162.6689,1.3523,0.2479,0.8956,21.3963,2298.0266,27.1989
SYM6817,128.34,1574.0543,1.3513,0.3435,0.8161,30.2737,2004.7785,41.5382
SYM6818,120.07,827.727,1.372,0.3434,0.8889,18.6675,2649.8665,43.0925
SYM6819,95.07,1570.3256,1.2465,0.2758,0.929,30.9651,2276.014,30.3385
SYM6820,105.89,732.9621,1.1934,0.2932,0.9454,23.0257,2729.3949,33.2873
SYM6821,130.03,721.3251,1.3844,0.3666,0.9299,17.8176,3141.7995,45.9084
SYM6822,132.11,834.6381,1.2084,0.259,0.8925,17.2091,2599.0101,29.169
SYM6823,129.82,1705.1309,1.31,0.1855,0.9139,21.0511,2483.6687,19.2733
SYM6824,96.04,1817.1429,1.4094,0.1721,0.8813,18.0953,2992.1367,17.5215
SYM6825,122.01,1065.7628,1.2525,0.2619,0.8828,16.2594,3053.4509,30.8782
SYM6826,122.93,743.7996,1.2253,0.2643,0.9649,22.0597,2240.8214,29.4187
SYM6827,109.96,738.2844,1.3206,0.2882,0.9083,14.6799,3174.786,34.5797
SYM6828,126.06,1856.713,1.399,0.3592,0.8169,22.3242,3326.0406,46.8483
SYM6829,130.0,1756.9027,1.3796,0.2221,0.8392,23.2487,2315.7948,24.4091
SYM6830,140.01,1238.3061,1.3209,0.2469,0.8678,20.1141,2727.7982,27.1934
SYM6831,91.9,1375.1952,1.2369,0.2679,0.8864,34.2423,1938.0344,29.6181
SYM6832,172.27,966.6585,1.1851,0.2967,0.9216,29.6222,2671.2844,34.552
SYM6833,87.96,1142.1152,1.3249,0.2158,0.8893,20.9047,2314.1795,22.8793
SYM6834,120.05,1140.9028,1.3865,0.2445,0.912,15.0779,2869.1492,28.2509
SYM6835,123.7,1818.3755,1.2401,0.2065,0.8026,24.3916,2486.3294,22.2542
SYM6836,139.98,613.3992,1.2978,0.2809,0.9333,22.9334,2499.8775,31.6854
SYM6837,128.83,1749.4052,1.319,0.2427,0.8453,19.2921,2383.5245,28.272
SYM6838,137.58,1369.9433,1.364,0.2551,0.9118,19.651,3140.2401,28.7289
SYM6839,95.89,826.2469,1.3688,0.2548,0.9468,17.6537,2517.2651,28.0806
SYM6840,102.88,1468.7774,1.3915,0.2293,0.8922,16.5876,2972.8691,25.1273
SYM6841,129.89,423.3377,1.265,0.3409,0.9577,16.5043,3357.8943,40.507
SYM6842,134.7,1829.0082,1.4269,0.2235,0.891,21.9384,2451.9411,24.1571
SYM6843,125.07,803.8096,1.3221,0.2539,0.9403,21.7537,3076.3657,28.2601
SYM6844,142.17,1948.2184,1.421,0.2372,0.8973,19.5592,2674.7757,26.6972
SYM6845,119.3,2363.6069,1.4085,0.2052,0.8278,19.6562,2285.5954,21.6113
SYM6846,129.67,1931.9547,1.3829,0.1902,0.8122,19.6376,2414.8435,20.3454
SYM6847,117.86,629.0938,1.0688,0.1175,0.9378,9.7251,2391.2965,10.2264
SYM6848,156.0,1741.2512,1.1828,0.2378,0.8488,22.8124,2549.1045,26.3725
SYM6849,163.84,2031.9943,1.3729,0.1768,0.8608,16.4504,2440.6091,18.4546
SYM6850,119.83,1154.1483,1.2554,0.1278,0.9473,11.0332,2038.5789,11.1714
SYM6851,140.05,1060.1271,1.3149,0.2242,0.9509,19.1889,2702.0528,23.797
SYM6852,148.38,861.5193,1.4442,0.2943,0.9341,22.1229,2570.491,33.919
SYM6853,131.97,1023.568,1.3511,0.2519,0.9133,19.8383,2723.3865,28.4108
SYM6854,117.86,629.0938,1.0688,0.1175,0.9378,9.7251,2391.2965,10.2264
SYM6855,132.07,1739.5383,1.1927,0.2131,0.7771,15.3582,2436.5558,23.5747
SYM6856,75.01,919.5131,1.022,0.1993,0.9718,21.9737,1992.2377,20.3784
SYM6857,123.87,1396.8275,1.1432,0.2216,0.9232,30.3958,2363.3983,23.3402
SYM6858,122.97,1667.9518,1.3075,0.1945,0.8342,14.9206,2743.2619,21.1018
SYM6859,141.95,1172.1817,1.2974,0.2288,0.845,20.3912,2854.0678,25.3538
SYM6860,128.18,1559.4164,1.3521,0.3424,0.8167,29.8962,2020.7405,41.3807
SYM6861,107.02,1745.7945,1.335,0.2347,0.8298,28.8239,2311.03,25.2643
SYM6862,178.21,3741.2784,1.0389,0.201,0.7481,28.8366,2855.0316,21.392
SYM6863,129.93,2404.929,1.1562,0.2,0.7995,31.5752,1635.509,20.3426
SYM6864,142.91,1280.2698,1.0653,0.2022,0.9219,27.9927,1613.5858,20.4211
SYM6865,106.96,2015.1992,1.1354,0.1741,0.8392,29.9157,1568.505,17.1241
SYM6866,100.0,1740.26,1.1505,0.173,0.885,24.7802,1890.4446,16.661
SYM6867,112.92,1596.3005,1.2148,0.1991,0.866,27.577,1995.8897,21.0641
SYM6868,89.02,1678.9134,1.4996,0.2644,0.8648,27.3061,2730.9738,30.4308
SYM6869,79.95,1300.5407,1.1497,0.1932,0.8939,23.577,2214.3306,19.6971
SYM6870,117.32,525.449,0.9611,0.2047,0.9602,14.5297,2065.9174,20.2729
SYM6871,117.72,1256.6844,1.1538,0.2493,0.8414,25.913,1908.9317,27.24
SYM6872,116.24,2039.5008,1.228,0.2297,0.838,35.7496,2199.0478,24.4361
SYM6873,120.06,1904.6699,1.1946,0.2252,0.8119,30.6904,1698.7251,23.4738
SYM6874,99.95,1386.9224,1.176,0.2235,0.8975,25.0633,2026.3773,23.6158
SYM6875,162.76,1659.1594,1.2717,0.2188,0.8813,27.2468,2030.7385,22.8237
SYM6876,115.8,1967.8641,1.3254,0.2459,0.8341,27.0371,2302.6216,27.0735
SYM6877,166.41,1091.796,1.1683,0.2849,0.9033,30.162,1861.5262,32.1931
SYM6878,141.92,1197.146,1.072,0.2251,0.8977,25.0059,2056.8924,24.4919
SYM6879,106.93,2114.7624,1.2262,0.2572,0.791,35.0006,1818.3979,28.6547
SYM6880,101.01,1799.2042,1.215,0.2522,0.795,26.7827,1990.9251,28.0985
SYM6881,119.97,1610.7222,1.2523,0.2437,0.8753,25.2822,1947.1086,26.8533
SYM6882,89.91,1356.6875,1.2112,0.2854,0.8773,29.0898,2649.2094,32.9105
SYM6883,172.27,1248.4501,1.0425,0.1974,0.9017,25.9032,1860.0844,20.1314
SYM6884,93.75,927.0947,1.2406,0.2683,0.9271,28.0181,2276.5015,29.7547
SYM6885,80.01,1583.0141,1.237,0.1791,0.8689,23.2496,2041.4641,17.5397
SYM6886,77.02,1117.496,0.8961,0.2111,0.9167,24.8882,1948.1809,22.1075
SYM6887,99.88,1123.7727,1.1792,0.2771,0.8647,29.0372,1926.4329,31.3572
SYM6888,82.94,2195.5526,1.1492,0.2825,0.6867,39.0893,1679.6848,32.295
SYM6889,130.21,1319.4665,1.2432,0.281,0.8926,34.7983,2206.1487,31.7144
SYM6890,117.35,1418.1715,1.191,0.1934,0.8598,26.3972,1970.8628,20.093
SYM6891,80.02,1093.0215,1.1713,0.2667,0.8761,32.1822,2278.5963,29.3284
SYM6892,78.02,2576.4737,1.2145,0.1989,0.8081,30.7059,2152.8319,20.4315
SYM6893,109.97,1282.7744,1.1625,0.2301,0.8813,28.2893,2198.8169,24.6059
SYM6894,123.89,1919.1844,1.1665,0.2283,0.8721,34.289,1968.114,24.3044
SYM6895,104.98,1105.3328,1.169,0.262,0.9091,25.0243,2611.7521,29.6302
SYM6896,163.92,1329.8852,1.2039,0.2194,0.9002,23.3814,2017.8963,23.1941
SYM6897,80.29,1331.2385,1.1347,0.2687,0.9012,28.7947,1565.4354,29.4766
SYM6898,109.98,1298.7669,1.333,0.2296,0.8313,26.9581,2576.3353,24.8819
SYM6899,91.96,1623.0975,1.1774,0.2844,0.7923,39.9984,1735.7671,32.1486
SYM6900,103.95,1832.7897,1.2066,0.2734,0.8844,34.1032,2115.5434,30.5979
SYM6901,89.79,1048.3823,1.1194,0.2728,0.9015,25.19,2252.7765,30.8325
SYM6902,144.71,1330.3742,1.0223,0.2025,0.9033,23.3998,1779.4457,20.6878
SYM6903,142.04,1277.2681,1.1508,0.2122,0.8812,20.9381,1948.6911,22.3265
SYM6904,136.36,1115.945,1.1078,0.1916,0.8831,23.5643,1804.1369,18.9842
SYM6905,97.02,1398.4734,1.2435,0.2351,0.8014,28.6688,1648.7378,25.2498
SYM6906,82.98,798.8703,0.888,0.1829,0.9507,19.6873,1509.7976,17.9633
SYM6907,93.79,928.1034,1.2219,0.2433,0.8813,21.2103,2319.6878,26.8674
SYM6908,155.91,945.315,0.9227,0.1848,0.9336,22.9298,1583.0888,18.6176
SYM6909,139.85,1364.1875,1.0181,0.2114,0.9132,35.2718,1847.0544,21.9162
SYM6910,89.97,1794.8741,1.1717,0.1895,0.8587,26.2294,2279.1183,19.151
SYM6911,88.11,1785.5249,1.0535,0.1225,0.7855,16.3417,1759.1468,11.045
SYM6912,99.88,1510.026,1.0675,0.1922,0.8649,28.4296,2221.9509,19.6145
SYM6913,88.73,1617.8006,1.079,0.107,0.8185,18.5828,1976.281,8.9472
SYM6914,109.78,595.1109,1.0941,0.126,0.9539,11.6579,2799.7157,10.9713
SYM6915,119.99,1718.2075,1.0895,0.1109,0.8484,24.6893,2287.6175,9.3441
SYM6916,135.2,1099.6117,0.9851,0.17,0.8918,17.3859,1709.2517,16.3989
SYM6917,88.18,721.3289,1.2674,0.3179,0.959,23.4291,1925.566,37.0739
SYM6918,112.89,2031.2988,1.3323,0.1999,0.8368,22.5206,2031.7648,21.0555
SYM6919,161.96,908.6157,1.1242,0.1377,0.9211,11.8189,2667.7163,12.8495
SYM6920,97.08,1623.3896,1.1695,0.3417,0.8805,43.0629,1474.0319,40.1436
SYM6921,90.46,2809.2613,1.1838,0.317,0.7629,45.0683,1568.1883,36.2829
SYM6922,88.73,1617.8006,1.079,0.107,0.8185,18.5828,1976.281,8.9472
SYM6923,115.84,1565.1717,1.3905,0.2418,0.8817,15.0852,3276.5266,29.3319
SYM6924,85.79,3084.3745,1.0709,0.2605,0.7941,36.8125,1772.1769,28.7314
SYM6925,139.99,969.3232,0.9271,0.1274,0.8697,13.6036,2231.3886,12.3088
SYM6926,96.07,2387.1199,1.326,0.2489,0.8195,28.7702,1954.143,28.1411
SYM6927,122.31,1166.3632,1.1324,0.2771,0.2528,38.1498,2173.1179,30.8519
SYM6928,92.99,1553.1988,1.5788,0.343,0.8902,32.4831,2638.1549,41.204
SYM6929,77.5,1867.3474,1.3567,0.3459,0.8482,43.6005,2031.8408,41.0303
SYM6930,152.7,1514.1699,1.101,0.1963,0.9353,33.79,2166.7944,20.2474
SYM6931,122.42,914.1442,0.947,0.0668,0.8161,7.6172,1716.6307,5.0527
SYM6932,119.97,1820.2966,0.9039,0.198,0.9692,35.5022,1193.5186,19.1621
SYM6933,99.9,1819.2716,1.1331,0.1957,0.946,32.4413,1806.9938,19.104
SYM6934,94.91,1136.4428,1.1737,0.1656,0.9454,20.6853,2100.3343,15.5476
SYM6935,84.86,1184.2064,1.1569,0.1821,0.9363,22.4185,2165.4755,18.0661
SYM6936,81.84,1381.9047,1.1101,0.1851,0.9058,26.7991,2129.5505,18.5758
SYM6937,162.12,1239.7088,1.1378,0.1895,0.9171,26.2731,2258.1896,19.2958
SYM6938,104.7,1727.0588,1.1818,0.1969,0.9135,30.2744,2107.2394,19.5343
SYM6939,95.15,2364.1767,1.018,0.1101,0.7976,19.0076,1921.842,9.4593
SYM6940,120.08,1690.4827,1.1232,0.1547,0.9065,26.5833,2031.5635,14.6837
SYM6941,136.09,1014.398,1.0535,0.2391,0.9261,32.213,2251.7171,26.1003
SYM6942,95.05,1522.0183,1.1086,0.2279,0.8935,30.6282,2217.1014,24.1737
SYM6943,109.89,1582.9766,1.1176,0.2057,0.9029,28.1252,1972.6089,21.5537
SYM6944,89.96,1498.3977,1.3059,0.207,0.8887,28.124,2452.3871,20.9878
SYM6945,89.95,1805.3912,1.1267,0.1511,0.8931,27.2408,2052.6522,13.9864
SYM6946,84.96,1330.4064,1.2053,0.1788,0.8725,22.4506,2639.0077,17.6936
SYM6947,110.08,1282.6322,0.9644,0.2057,0.9152,23.4406,1690.8247,21.3119
SYM6948,99.89,2337.5335,1.3098,0.1515,0.8799,29.4945,2188.0904,14.3633
SYM6949,129.77,1420.9732,1.3336,0.2238,0.9012,26.9002,2579.8067,24.3929
SYM6950,95.01,2148.5172,1.1435,0.155,0.9003,29.6967,1527.4072,14.0238
SYM6951,128.42,1174.5511,1.0319,0.2456,0.9243,31.2679,1903.0003,27.1566
SYM6952,153.35,920.0873,1.0617,0.255,0.9425,25.508,2546.4043,27.7074
SYM6953,99.77,1727.2445,1.2005,0.1534,0.8538,21.592,2310.0227,14.7487
SYM6954,99.96,931.8223,1.0899,0.1963,0.9312,20.7802,2379.5182,20.6181
SYM6955,139.83,844.5073,0.9755,0.1977,0.939,24.9732,2319.9109,20.9765
SYM6956,87.05,1121.8906,1.0349,0.2428,0.9492,29.4398,2135.6358,26.5994
SYM6957,143.6,1231.3555,1.0181,0.1471,0.9169,22.1535,1797.1272,14.0858
SYM6958,109.72,1015.7854,1.0749,0.1935,0.9253,24.4997,1970.7329,19.6755
SYM6959,135.48,2013.5521,1.0894,0.2131,0.8108,33.7565,1892.6215,22.5908
SYM6960,161.5,1000.4178,0.9034,0.08,0.831,13.5488,1525.5776,6.0562
SYM6961,90.1,1038.8565,1.1188,0.2042,0.9574,25.5927,2041.2527,20.5976
SYM6962,114.62,1888.5577,1.1375,0.1378,0.871,25.075,1660.8535,12.402
SYM6963,87.88,2289.7613,1.351,0.171,0.8254,21.0106,2336.7779,16.6376
SYM6964,114.8,839.5208,1.1315,0.2199,0.9396,22.3881,2752.1673,23.2906
SYM6965,119.96,1252.6346,1.1009,0.2842,0.8988,32.7661,2012.6094,32.136
SYM6966,92.33,1082.2779,1.0572,0.2035,0.9392,21.7647,2042.7944,20.8884
SYM6967,161.5,1000.4178,0.9034,0.08,0.831,13.5488,1525.5776,6.0562
SYM6968,108.71,574.0918,1.007,0.2038,0.9516,16.1106,2494.2141,20.9285
SYM6969,89.78,1296.6954,1.1572,0.2325,0.9269,27.263,2108.2311,24.8831
SYM6970,154.49,1129.607,1.0459,0.1847,0.9115,21.4899,1904.41,18.662
SYM6971,108.71,574.0918,1.007,0.2038,0.9516,16.1106,2494.2141,20.9285
SYM6972,128.96,786.1385,1.3514,0.2765,0.9346,26.5965,3071.8241,31.199
SYM6973,172.27,1583.7462,1.106,0.2776,0.8801,38.4628,2052.1538,31.2653
SYM6974,153.34,787.5304,1.0897,0.2688,0.9578,26.3254,2525.3111,29.419
SYM6975,119.99,1239.9633,1.1493,0.1986,0.9334,24.6186,2186.2495,20.0453
SYM6976,104.97,1653.927,1.2242,0.1596,0.8742,20.3532,2442.4806,16.07
SYM6977,164.06,1264.7664,1.1978,0.2054,0.9216,26.3613,2313.9125,21.0423
SYM6978,164.06,1264.7664,1.1978,0.2054,0.9216,26.3613,2313.9125,21.0423
SYM6979,114.57,960.4292,0.9501,0.1634,0.9511,23.5317,1787.9787,15.1188
SYM6980,79.99,1502.0854,1.2122,0.1731,0.923,25.1626,2585.6864,16.7361
SYM6981,172.27,962.3776,1.0705,0.1904,0.9206,18.1394,1858.8334,18.7217
SYM6982,86.21,1821.9557,1.1063,0.2462,0.8814,39.887,1438.5616,25.931
SYM6983,89.91,1759.8396,1.213,0.1987,0.9166,26.9344,1763.9803,19.8308
SYM6984,163.14,663.9064,1.0954,0.2089,0.897,16.6081,2560.4905,22.4099
SYM6985,94.02,1155.0903,1.0674,0.267,0.9512,34.0863,1960.1623,29.208
SYM6986,162.72,1310.7322,1.0424,0.1956,0.9299,26.4579,1632.7104,19.3699
SYM6987,155.13,1371.112,1.0806,0.168,0.9013,21.8303,2268.6979,16.3432
SYM6988,150.65,825.1429,1.0235,0.2106,0.9444,20.5053,2037.1489,21.4655
SYM6989,95.07,1209.814,1.0783,0.2002,0.9194,20.5138,2080.2485,20.7104
SYM6990,91.14,1931.7144,1.2454,0.1634,0.7801,24.6479,1857.788,16.4844
SYM6991,81.95,1567.6973,1.2655,0.1438,0.884,19.1855,2320.2706,13.6829
SYM6992,114.73,1273.0554,1.2171,0.2794,0.9047,38.7146,2215.5198,31.279
SYM6993,125.16,784.3208,0.9881,0.2073,0.8923,21.8474,2167.5111,21.7174
SYM6994,156.25,1144.8243,1.1548,0.255,0.9481,37.5603,2431.2001,27.5232
SYM6995,148.5,1256.9843,1.3207,0.0684,0.8761,5.9138,3804.6853,5.2331
SYM6996,90.0,1644.4822,1.2353,0.0835,0.8753,16.8704,1992.2626,6.3793
SYM6997,89.97,1999.1827,1.2157,0.1545,0.7838,23.7586,2517.821,15.0759
SYM6998,101.19,1224.461,0.967,0.0123,0.2757,1.6272,814.3465,0.5082
SYM6999,83.55,2458.4853,1.1357,0.1062,0.8645,34.3307,1852.0225,8.3571
SYM7000,161.5,1000.4178,0.9034,0.08,0.831,13.5488,1525.5776,6.0562
SYM7001,147.97,1319.4576,1.1781,0.2066,0.8577,20.2326,2227.2654,22.0324
SYM7002,136.06,1697.454,1.0842,0.2143,0.8551,27.9929,1964.9189,23.5494
SYM7003,125.99,1340.3823,1.2113,0.1666,0.852,19.7552,2306.3216,16.4651
SYM7004,71.33,1505.6552,1.1816,0.2669,0.8982,29.3703,2248.2042,29.9077
SYM7005,100.03,970.4083,1.2909,0.2511,0.8994,25.9595,2679.5109,28.1574
SYM7006,89.95,922.8376,1.2078,0.2009,0.9056,19.6735,2482.8149,21.2116
SYM7007,102.59,928.8851,1.2765,0.1675,0.9384,18.044,3030.821,16.0715
SYM7008,73.93,948.6411,0.9433,0.1682,0.9022,18.928,1612.0433,16.2585
SYM7009,129.87,1650.7706,1.2525,0.2202,0.8686,31.5954,2101.6109,23.9077
SYM7010,124.01,1510.2206,1.4195,0.2108,0.8353,20.0022,2332.944,22.9185
SYM7011,109.96,1101.3566,1.1379,0.171,0.9424,21.4692,2156.8659,16.7983
SYM7012,138.05,2454.6216,1.5214,0.2104,0.8254,23.4757,2533.0586,22.9575
SYM7013,156.2,880.9408,1.3421,0.3137,0.8218,21.5437,2646.3827,38.2668
SYM7014,129.87,1235.3383,1.2371,0.1988,0.8811,22.8103,2479.9595,20.6224
SYM7015,118.03,1510.3647,1.1249,0.2058,0.8966,26.2967,2145.3078,21.2889
SYM7016,151.93,1124.023,1.0558,0.2092,0.8639,25.0923,2304.816,22.6651
SYM7017,120.65,1528.9848,1.2924,0.2119,0.8794,22.4792,2269.2345,22.8738
SYM7018,119.19,1442.4682,1.2978,0.1792,0.9077,20.6113,2156.3731,17.8227
SYM7019,139.96,1160.3689,1.1293,0.1446,0.8955,18.973,2279.8264,13.3778
SYM7020,117.02,1688.7543,1.2569,0.1715,0.8542,20.5706,2411.5478,17.03
SYM7021,148.82,1155.6968,1.5225,0.281,0.8723,23.9287,2676.713,32.074
SYM7022,92.01,1118.6325,1.2558,0.2362,0.9225,30.3907,2071.9111,24.6245
SYM7023,81.83,1462.0886,1.1862,0.2079,0.8568,29.9319,1629.9923,22.2289
SYM7024,107.99,1480.9976,1.465,0.2041,0.8702,18.8197,2296.8314,21.8939
SYM7025,123.92,1202.4645,1.2143,0.1104,0.9148,15.1566,2099.7261,9.1079
SYM7026,85.04,828.5123,1.1392,0.2165,0.9411,14.5727,3385.302,23.1751
SYM7027,151.03,1037.4487,1.514,0.2007,0.9084,17.5397,2280.6042,20.2028
SYM7028,133.15,1372.82,1.3072,0.2439,0.9014,27.7252,2050.4055,26.4271
SYM7029,135.03,943.981,1.3505,0.1887,0.9012,18.6055,2413.3805,18.8887
SYM7030,155.46,1488.7336,1.3745,0.2112,0.8817,22.5455,2549.6478,22.5531
SYM7031,105.07,1283.326,1.2414,0.2048,0.9454,24.2536,2106.5012,20.7904
SYM7032,109.97,1456.9865,1.2057,0.2913,0.8688,32.228,2379.7101,34.3849
SYM7033,126.1,2393.1313,1.4009,0.2535,0.8609,34.2654,1825.1896,28.1914
SYM7034,129.92,1479.7711,1.2147,0.2193,0.8559,24.0824,2222.6174,23.5462
SYM7035,166.16,1852.7655,1.2917,0.2885,0.8739,36.7331,2552.5729,32.4955
SYM7036,100.96,1554.5688,1.0961,0.1974,0.8793,18.0749,2434.8441,20.5954
SYM7037,104.82,2634.7556,1.5946,0.2009,0.7456,22.0881,2761.1203,22.0543
SYM7038,144.91,1444.2865,1.398,0.2398,0.8195,19.9451,2527.4804,28.3677
SYM7039,146.09,765.0988,1.3277,0.3014,0.8939,23.5025,2663.1382,35.5553
SYM7040,165.82,797.4866,1.2562,0.2619,0.8966,25.8485,2472.1581,28.6797
SYM7041,90.91,849.9122,1.3968,0.2204,0.9522,20.7254,2420.9275,23.5292
SYM7042,90.16,1513.6746,1.2484,0.2386,0.8748,23.5193,2162.1765,26.4461
SYM7043,144.91,1186.5364,1.129,0.2316,0.8881,24.4463,2653.9916,25.0789
SYM7044,105.14,2043.3082,1.3191,0.1509,0.7573,13.6096,2385.195,15.8445
SYM7045,129.91,1246.9073,1.1362,0.2058,0.9453,34.0934,2232.7913,20.7188
SYM7046,126.01,590.4999,1.2904,0.3085,0.9459,20.9877,2745.5919,35.8359
SYM7047,99.94,887.695,1.2192,0.2739,0.9087,25.5927,2679.2335,30.8703
SYM7048,139.99,1197.7215,1.2469,0.2942,0.842,31.6651,1770.6917,33.9157
SYM7049,123.99,916.8112,1.2556,0.2869,0.9317,29.786,2189.4711,31.8824
SYM7050,110.94,1654.1816,1.1115,0.1739,0.7304,20.8662,1737.0222,18.5096
SYM7051,90.94,1744.0539,1.2276,0.1474,0.9345,17.7336,2274.9287,13.3693
SYM7052,103.78,1494.7951,1.2057,0.1577,0.8742,19.1498,2186.9363,15.6581
SYM7053,86.98,2892.459,1.2224,0.2492,0.8423,37.3332,1562.0036,26.6659
SYM7054,146.09,1536.5238,1.3544,0.2431,0.8874,27.8294,2016.8734,26.1842
SYM7055,83.0,772.3236,1.0148,0.1757,0.9339,16.9182,2662.9463,17.2233
SYM7056,97.9,1700.8344,1.4025,0.2672,0.868,22.9103,2469.3859,30.9374
SYM7057,91.07,1661.0148,1.1972,0.2153,0.9262,24.5429,2105.77,22.7123
SYM7058,99.89,970.0701,1.3142,0.2445,0.9159,22.5705,2424.649,26.7923
SYM7059,92.62,2015.2697,1.418,0.2772,0.8842,29.6212,1926.2876,31.1753
SYM7060,140.15,1519.5732,1.3319,0.286,0.7849,31.702,1923.7924,32.5479
SYM7061,144.17,1490.5247,1.3391,0.2431,0.8556,22.6832,2198.8555,26.5865
SYM7062,134.88,1580.6706,1.2847,0.1717,0.8354,20.2327,2013.1721,17.121
SYM7063,147.92,1894.45,1.786,0.261,0.8423,17.2094,3082.8632,29.3804
SYM7064,129.01,1195.1666,1.1694,0.2413,0.9299,25.7604,2148.9604,26.0885
SYM7065,115.96,982.5149,1.2396,0.2769,0.8923,23.3722,2479.6347,31.7861
SYM7066,98.24,1190.2013,1.2237,0.2728,0.896,30.5463,2202.0077,30.7834
SYM7067,128.07,1888.8086,1.0922,0.1942,0.8257,24.1147,1840.3324,20.2818
SYM7068,125.95,1078.1528,1.3128,0.2644,0.903,30.898,2492.3041,29.1356
SYM7069,126.08,1288.8003,1.2752,0.1925,0.9026,20.4202,2046.4534,19.4705
SYM7070,139.95,1215.335,1.3197,0.2669,0.9206,25.4323,2754.8057,30.7785
SYM7071,90.18,1475.0986,1.0437,0.0994,0.8454,12.5054,1785.3928,8.5801
SYM7072,128.43,1757.7321,1.2421,0.2077,0.8493,26.5946,1775.127,22.1373
SYM7073,129.93,787.228,1.3011,0.1947,0.949,18.4462,2774.1761,19.0383
SYM7074,93.85,1388.8498,1.2966,0.1797,0.9524,26.0099,2153.4168,17.3013
SYM7075,101.01,1244.1316,1.2687,0.2545,0.8384,22.1927,2851.8072,29.1429
SYM7076,128.45,1460.0937,1.2967,0.1974,0.8852,21.2654,2359.6768,19.7867
SYM7077,110.98,1125.0585,1.2508,0.2383,0.8708,24.5122,2614.3888,26.9193
SYM7078,120.05,1092.7954,1.1703,0.2941,0.8963,33.9386,2400.0754,33.3695
SYM7079,117.22,1517.5327,1.2672,0.2397,0.9395,28.3679,2128.0779,25.7995
SYM7080,84.82,1120.1025,1.2178,0.2629,0.8999,20.6244,2843.8697,30.8973
SYM7081,144.61,1599.051,1.4951,0.2685,0.9214,18.9685,2546.7779,30.6291
SYM7082,129.89,1443.0609,1.2647,0.2,0.8705,21.2127,2415.1546,21.4096
SYM7083,115.68,1527.0952,1.2595,0.1848,0.8253,15.221,2181.5111,19.5349
SYM7084,142.77,1785.3313,1.6174,0.2616,0.8656,18.0716,2806.2255,30.2945
SYM7085,80.91,615.143,1.2972,0.2979,0.9174,17.1448,2431.4308,34.6442
SYM7086,109.99,1546.8234,1.2216,0.2306,0.8803,24.1488,2489.2892,24.7029
SYM7087,86.98,2892.459,1.2224,0.2492,0.8423,37.3332,1562.0036,26.6659
SYM7088,119.96,3180.5972,1.292,0.2318,0.8603,33.1649,1488.2112,24.2422
SYM7089,150.33,1157.554,1.2268,0.2167,0.8954,20.7578,2246.3408,23.224
SYM7090,72.0,736.9583,1.0926,0.2974,0.9402,31.5667,2640.2443,34.2717
SYM7091,97.93,1265.1845,1.3696,0.236,0.9244,30.2348,2095.4093,25.3735
SYM7092,99.94,652.0654,1.5131,0.31,0.9248,18.2534,3233.9907,35.9047
SYM7093,86.98,1424.2848,1.4116,0.2486,0.86,19.3672,2635.2813,27.4804
SYM7094,117.88,1479.9447,1.2849,0.2136,0.8319,20.3355,2472.3378,23.7384
SYM7095,117.82,1911.0156,1.3405,0.2319,0.8192,24.3933,2170.8708,25.3484
SYM7096,129.94,1395.4162,1.4386,0.2604,0.8496,19.539,2692.7662,30.6967
SYM7097,105.99,1034.7372,1.0574,0.229,0.8806,23.4247,1982.0776,25.945
SYM7098,110.9,1252.5018,1.0059,0.223,0.8528,19.2021,2068.7359,24.9244
SYM7099,139.76,1025.6134,1.1135,0.0402,0.8317,5.5727,2289.4459,2.3967
SYM7100,104.87,1086.7116,1.2655,0.261,0.9076,29.0267,2693.6941,29.8637
SYM7101,82.93,2024.3169,1.2253,0.2732,0.8546,38.5485,1550.6531,30.094
SYM7102,145.25,1305.235,1.1776,0.2784,0.9588,35.7632,1426.502,30.5325
SYM7103,143.82,1986.5541,1.0524,0.1056,0.8338,21.1013,1251.8365,8.7203
SYM7104,122.54,813.9422,1.2652,0.2449,0.9236,21.2589,2817.2348,27.0548
SYM7105,142.21,2405.9834,1.2416,0.2815,0.8777,41.5002,1931.2374,31.2391
SYM7106,132.09,1665.4346,1.2267,0.2353,0.7815,27.8993,2356.1551,26.1436
SYM7107,122.81,1835.2232,1.3872,0.2114,0.858,22.4838,2154.4859,22.4093
SYM7108,132.09,1645.8051,1.2191,0.214,0.8797,22.15,2250.257,22.9733
SYM7109,99.98,1920.8807,1.0906,0.2097,0.8094,25.2125,1554.3622,22.0948
SYM7110,69.99,1242.2443,1.3301,0.2665,0.9217,27.6016,2501.7981,30.071
SYM7111,123.86,1753.3085,1.2508,0.1781,0.8458,24.1631,2054.9424,17.9089
SYM7112,92.95,2033.8154,1.2332,0.2195,0.8543,27.2182,2376.1752,23.8196
SYM7113,131.97,1719.2956,1.1107,0.2699,0.847,28.8919,2360.3521,30.5174
SYM7114,145.71,1548.1181,1.184,0.1667,0.8346,19.2558,2300.0462,16.8249
SYM7115,151.96,1637.4481,1.3086,0.2695,0.8784,25.1403,2890.2165,31.0447
SYM7116,85.82,1224.7921,1.3371,0.2823,0.91,23.2659,2717.244,33.7885
SYM7117,142.22,2167.5366,1.2132,0.2489,0.883,25.1959,2244.7526,27.5995
SYM7118,88.93,1298.3559,1.4013,0.2553,0.8316,22.6441,2400.0936,29.3488
SYM7119,150.22,1228.8984,1.5096,0.2538,0.889,18.735,2713.4826,28.7383
SYM7120,164.91,1547.2552,1.1214,0.1718,0.8624,22.4779,2299.9659,17.559
SYM7121,135.06,1657.0065,1.3096,0.2663,0.9001,36.7335,2191.4941,29.7063
SYM7122,156.16,974.7246,1.1883,0.2792,0.936,27.9223,2168.8884,31.3666
SYM7123,143.77,1410.245,1.244,0.2196,0.9075,29.1939,2291.865,23.4936
SYM7124,150.14,899.115,1.3684,0.3058,0.8993,19.9082,2275.5871,36.6046
SYM7125,95.74,1688.1287,1.2853,0.2078,0.8984,26.3272,1849.4869,21.0169
SYM7126,126.02,2175.7446,1.3227,0.2926,0.8256,41.2568,2425.9844,33.4754
SYM7127,86.99,2396.564,1.2289,0.1772,0.8307,27.1037,2074.946,17.9991
SYM7128,85.97,900.3502,1.2886,0.3056,0.8946,25.642,2503.0477,35.9352
SYM7129,111.97,1867.2003,1.278,0.1713,0.8477,17.0406,2465.0364,17.7454
SYM7130,89.98,1480.9967,1.2295,0.221,0.8851,24.5782,2003.3711,23.3154
SYM7131,136.04,1226.1049,1.3656,0.2158,0.9166,25.2933,2828.33,22.9221
SYM7132,87.93,1017.4565,1.1552,0.2959,0.8484,29.6794,2475.8854,33.8288
SYM7133,123.79,1670.1814,1.2369,0.2158,0.8431,29.4567,2260.3406,22.9572
SYM7134,120.01,846.3543,1.2521,0.3116,0.8008,23.6015,2527.1184,37.0206
SYM7135,110.07,1831.4449,1.3845,0.2154,0.8571,19.3008,2732.6342,24.1272
SYM7136,144.92,1157.8688,1.272,0.2373,0.8708,22.6323,2099.4394,26.3624
SYM7137,115.94,1754.5228,1.3998,0.1823,0.8002,12.7393,2669.5422,18.4819
SYM7138,112.04,1697.6277,1.3299,0.229,0.869,25.3641,2555.9911,24.86
SYM7139,123.94,1321.4394,1.3994,0.19,0.8993,16.7712,2412.8153,20.1918
SYM7140,178.21,1206.2783,1.2562,0.2258,0.8883,23.108,2532.5397,24.2989
SYM7141,129.88,986.268,1.1966,0.2433,0.8923,20.3371,2302.7084,26.9158
SYM7142,128.03,1630.9911,1.2545,0.1459,0.8497,21.9349,2276.6465,13.5494
SYM7143,162.91,1154.0639,1.0658,0.1149,0.9076,16.9983,1812.4281,9.806
SYM7144,105.77,915.0112,0.8601,0.1426,0.9498,20.1998,1447.0629,12.9436
SYM7145,119.92,1600.3755,1.195,0.2433,0.8971,31.6898,2038.2001,26.1575
SYM7146,143.82,2263.8826,1.3136,0.2434,0.833,35.9709,1862.9863,26.9906
SYM7147,135.95,2001.9686,1.4158,0.1763,0.8085,24.1744,2139.1574,17.4398
SYM7148,135.93,736.256,1.1181,0.2679,0.9247,27.6683,2837.8721,29.5511
SYM7149,84.1,2360.6074,1.3443,0.2427,0.8085,33.4708,2135.2554,26.6718
SYM7150,137.44,2222.6167,1.1443,0.0757,0.8955,16.8486,1553.4088,5.4627
SYM7151,117.91,762.3658,1.0333,0.1872,0.9506,26.9524,2082.9746,18.6703
SYM7152,90.88,3029.6494,1.2376,0.2409,0.8442,41.2957,1779.1473,25.7488
SYM7153,144.0,2227.9127,1.3028,0.2596,0.8341,38.9048,2047.4527,29.1131
SYM7154,156.21,1368.7996,1.2261,0.2308,0.8757,25.4489,2067.7103,24.7145
SYM7155,93.59,2363.2239,1.3311,0.1774,0.7694,19.6605,1917.1327,18.0143
SYM7156,132.04,1821.274,1.386,0.218,0.8886,26.511,2221.1133,22.7356
SYM7157,130.0,1349.7157,1.2192,0.2474,0.9103,28.5459,2566.5642,27.2455
SYM7158,138.13,1740.6387,1.4958,0.2469,0.8268,24.232,2637.731,27.7562
SYM7159,127.95,1506.8746,1.3078,0.2325,0.8467,31.8005,2034.3405,25.221
SYM7160,125.89,1220.2577,1.2258,0.2673,0.9043,23.2134,2401.554,30.2763
SYM7161,113.22,1879.7766,1.3982,0.2924,0.8454,37.6964,2300.1082,33.3441
SYM7162,95.49,2037.8156,1.4077,0.2602,0.853,32.6883,1927.4971,28.2146
SYM7163,85.07,1527.744,1.1933,0.2178,0.9111,29.5685,2028.8799,22.3821
SYM7164,110.06,2224.4288,1.2321,0.2603,0.8062,36.4434,1994.8203,29.1004
SYM7165,107.05,1046.7667,1.4157,0.1773,0.8767,20.403,2673.5843,17.492
SYM7166,92.01,1144.3893,1.2662,0.2327,0.8702,26.3877,2507.8067,25.7488
SYM7167,111.15,1394.1749,1.0627,0.2092,0.8919,20.9334,2217.5688,23.2988
SYM7168,81.03,2336.9531,1.3705,0.2478,0.8891,25.0333,2372.1025,27.0294
SYM7169,129.87,1501.6803,1.2574,0.2161,0.8614,25.2862,2026.4338,22.3113
SYM7170,100.02,1157.8542,1.2403,0.2776,0.9169,25.7202,2921.0345,31.099
SYM7171,116.75,1388.2324,1.2137,0.2157,0.8723,20.6824,1992.4831,23.4855
SYM7172,91.45,1546.5702,1.4242,0.1824,0.7987,22.8541,2417.6223,18.2357
SYM7173,132.02,2087.7925,1.228,0.3095,0.8094,44.2442,1941.9875,36.1776
SYM7174,88.95,1936.5929,1.3145,0.2833,0.8672,36.7299,2372.8058,32.4698
SYM7175,92.02,1852.027,1.1993,0.2425,0.8839,36.6838,1695.6135,26.2575
SYM7176,140.56,1200.0794,1.2378,0.1372,0.839,13.1561,2057.8836,12.6833
SYM7177,81.91,1351.8451,1.0864,0.2193,0.8902,33.2666,2191.443,23.0732
SYM7178,142.01,1129.0938,1.3084,0.2775,0.916,27.8834,2443.6103,30.9084
SYM7179,79.74,1772.4818,1.2253,0.2015,0.9068,29.6087,1803.4626,20.2742
SYM7180,80.98,2456.4958,1.4009,0.2118,0.7834,25.8559,2400.6073,22.0999
SYM7181,128.23,1227.3831,1.0153,0.1395,0.9204,18.7146,1983.2339,13.3377
SYM7182,148.32,2317.0282,1.2926,0.3075,0.7427,37.4974,1475.1325,35.8708
SYM7183,115.88,2349.8094,1.2534,0.255,0.869,41.9475,2093.7133,27.3764
SYM7184,136.04,2701.4833,1.4284,0.2575,0.8094,27.231,1858.657,28.7715
SYM7185,151.01,2968.3187,1.2791,0.1459,0.8515,20.4064,2192.1661,13.4656
SYM7186,84.89,2474.7466,1.2265,0.3128,0.812,49.8059,2289.8699,36.6347
SYM7187,87.98,1433.7855,1.2338,0.2819,0.8286,35.5849,2171.0,32.3141
SYM7188,129.96,1279.2762,1.4279,0.2898,0.8559,20.6597,2676.3946,33.6829
SYM7189,101.95,1776.1897,1.192,0.2524,0.9233,34.2001,1753.5998,27.5686
SYM7190,132.77,1021.0589,1.1882,0.2779,0.9392,27.2519,2255.7919,31.0048
SYM7191,128.98,1531.7663,1.0729,0.2313,0.9126,27.2995,2213.9846,24.6134
SYM7192,123.04,1528.4592,1.4228,0.2558,0.8381,24.5153,2659.0103,28.9838
SYM7193,137.11,1602.127,1.2206,0.2723,0.8062,31.2926,2053.6889,30.9891
SYM7194,81.04,1899.2701,1.1808,0.2178,0.858,33.6871,1710.2748,22.5793
SYM7195,120.03,962.8964,1.2814,0.1861,0.9049,17.7035,2958.7808,18.5154
SYM7196,152.01,1758.8511,1.2686,0.1944,0.8833,28.2207,1774.4305,19.4606
SYM7197,123.07,737.2539,1.2366,0.2259,0.9327,18.2811,2941.5297,25.0565
SYM7198,128.09,665.7895,1.2193,0.2343,0.8489,19.9399,2602.9917,25.0305
SYM7199,93.01,2066.2738,1.3471,0.21,0.8904,32.9352,2125.736,21.398
SYM7200,135.02,840.8727,1.1394,0.2423,0.9643,31.7548,2289.0931,25.577
SYM7201,156.08,1926.6431,1.2156,0.2042,0.9065,32.9304,1934.3631,20.8681
SYM7202,90.98,1869.8253,1.1163,0.2229,0.8768,29.6972,1970.0899,23.2713
SYM7203,92.92,1177.0295,1.3696,0.2651,0.8867,23.9347,2252.1035,29.6242
SYM7204,110.0,3219.4079,1.2383,0.2483,0.8752,38.0818,2022.4291,26.5417
SYM7205,162.74,1315.0004,1.1055,0.1995,0.8615,20.6617,2006.0536,21.0185
SYM7206,79.97,1564.9535,1.2794,0.2789,0.8589,22.8179,2144.8166,32.3142
SYM7207,87.75,2027.2589,1.2316,0.2996,0.8181,39.0444,2125.4318,34.6508
SYM7208,162.51,1922.5758,1.3269,0.232,0.8284,21.7552,2125.9081,26.0046
SYM7209,136.89,1229.433,1.1468,0.2039,0.9104,23.4578,2387.9456,21.4408
SYM7210,95.93,787.6619,1.2425,0.286,0.9263,26.0644,2464.2386,32.058
SYM7211,162.05,1429.8705,1.3981,0.1782,0.9039,23.8048,2873.4908,17.7847
SYM7212,144.02,1615.7806,1.1751,0.221,0.8928,24.0133,2155.4414,23.4587
SYM7213,116.69,931.1327,1.1637,0.2497,0.9239,23.9385,2885.6975,26.8418
SYM7214,93.91,1483.7568,1.3522,0.3012,0.9027,26.6997,2462.1326,34.7691
SYM7215,94.85,976.9108,1.1566,0.2515,0.943,21.4093,2321.3331,27.6354
SYM7216,145.04,1319.3829,1.2312,0.2075,0.9702,23.6878,2239.7836,21.1368
SYM7217,123.62,1488.7132,1.3074,0.2497,0.8766,21.6697,2553.4403,28.2536
SYM7218,129.86,1866.0795,1.3283,0.2259,0.9174,29.3108,2108.1263,23.1792
SYM7219,79.91,1501.4733,1.3312,0.2903,0.8964,32.1341,2258.5482,32.6567
SYM7220,143.91,852.3838,1.2319,0.3047,0.9444,25.79,2549.5933,34.8356
SYM7221,131.0,792.5472,1.4192,0.2024,0.8937,17.0555,2736.4263,20.873
SYM7222,109.68,1338.0682,1.1396,0.2236,0.8962,24.0081,2252.8905,23.4296
SYM7223,135.95,2001.9686,1.4158,0.1763,0.8085,24.1744,2139.1574,17.4398
SYM7224,122.3,1044.403,1.1102,0.2119,0.9262,24.804,2461.5491,22.239
SYM7225,162.12,891.0355,1.3068,0.2981,0.9251,26.6734,2901.7005,33.7
SYM7226,92.04,1177.9453,1.3292,0.2484,0.897,17.2602,2412.6211,27.5489
SYM7227,81.11,2588.7142,1.1962,0.2476,0.8783,35.3867,1558.1024,26.9232
SYM7228,119.92,1240.8645,1.1752,0.2592,0.8649,36.3157,1991.0901,28.81
SYM7229,139.9,1754.9948,1.2885,0.2698,0.8608,37.1288,1704.0938,29.8216
SYM7230,140.02,2172.1726,1.3047,0.2379,0.9099,34.349,2284.4916,25.2356
SYM7231,92.57,1331.1732,1.3061,0.1076,0.9272,15.8313,2300.9879,8.6803
SYM7232,140.76,1654.2588,1.2396,0.2745,0.892,36.2015,2082.7217,30.2617
SYM7233,151.1,1706.1332,1.2624,0.2009,0.9445,28.7268,2148.1178,19.7616
SYM7234,163.25,901.1915,1.1576,0.1651,0.9391,20.2118,2099.8552,15.9571
SYM7235,95.9,1925.3627,1.2334,0.2456,0.7751,39.6817,2203.0288,27.3352
SYM7236,156.11,2032.955,1.2709,0.209,0.8273,33.2147,1961.0535,21.8468
SYM7237,81.91,1351.8451,1.0864,0.2193,0.8902,33.2666,2191.443,23.0732
SYM7238,131.95,1433.4588,1.2082,0.2823,0.9207,32.2898,2301.1661,31.2185
SYM7239,153.38,2424.001,1.3376,0.2535,0.8765,34.3567,1667.3269,27.1955
SYM7240,131.99,1912.6147,1.3545,0.1892,0.8144,20.8948,2155.2954,18.8692
SYM7241,129.33,1522.1432,1.3073,0.2692,0.8868,31.4443,2459.0422,30.8929
SYM7242,87.87,3285.3783,1.205,0.2308,0.86,39.9088,1966.4103,23.8782
SYM7243,128.06,949.2055,1.3286,0.2246,0.9078,24.7651,2821.8535,23.0952
SYM7244,153.74,1552.0566,1.2933,0.2445,0.8632,33.274,1890.4327,26.4274
SYM7245,88.05,2130.9636,1.2002,0.241,0.9042,34.9672,1614.2342,25.3559
SYM7246,122.01,1454.6069,1.3702,0.3114,0.855,25.91,2677.5955,37.0301
SYM7247,102.0,793.6147,1.2629,0.3034,0.8935,21.9385,2616.2668,35.6264
SYM7248,90.88,3029.6494,1.2376,0.2409,0.8442,41.2957,1779.1473,25.7488
SYM7249,129.97,2414.3785,1.4588,0.2047,0.859,22.435,2337.9689,20.6635
SYM7250,137.99,2030.6893,1.2223,0.2084,0.8924,33.8744,1728.5879,21.0616
SYM7251,89.93,1312.5487,1.3499,0.2971,0.9117,26.92,2373.2599,34.2961
SYM7252,178.21,1517.7094,1.173,0.2223,0.9395,25.7172,2052.9935,23.0892
SYM7253,130.74,2194.196,1.2936,0.2396,0.8799,34.0055,1819.7091,25.2201
SYM7254,83.98,2357.0336,1.1583,0.276,0.9024,40.423,1750.3838,30.1974
SYM7255,135.29,1779.8142,1.1076,0.094,0.8463,16.4305,1888.9036,7.5617
SYM7256,76.28,2116.4131,1.2974,0.1577,0.8489,24.8765,1780.6104,14.7545
SYM7257,82.38,2009.2801,1.4466,0.3268,0.8324,43.2132,1998.2794,37.5483
SYM7258,162.07,1307.4775,1.3605,0.2923,0.9051,30.3968,2325.6796,33.3948
SYM7259,132.15,1340.1333,1.428,0.2796,0.8381,24.0361,2625.704,32.5128
SYM7260,86.06,1602.821,1.0869,0.2842,0.9529,44.2947,1738.9917,31.2859
SYM7261,84.17,2178.0569,1.2963,0.2174,0.8304,36.5649,1569.6916,22.1915
SYM7262,125.98,1437.6235,1.2266,0.2887,0.8919,27.1663,2472.0332,33.5774
SYM7263,139.98,1760.9049,1.3998,0.2387,0.8572,30.9671,2193.1658,25.7794
SYM7264,92.98,1748.8655,1.4489,0.2838,0.9012,30.6041,2292.0554,31.9588
SYM7265,151.93,1288.9869,1.13,0.2706,0.969,35.9969,1802.0199,29.5686
SYM7266,139.93,1863.354,1.3028,0.3011,0.7965,37.4296,2013.6382,34.5557
SYM7267,136.03,1477.1187,1.4154,0.2661,0.8242,27.1856,2465.1936,30.4092
SYM7268,84.77,2174.1538,1.2001,0.0927,0.8603,21.5172,1741.8821,7.1749
SYM7269,119.84,1558.2823,1.3775,0.2403,0.841,30.6272,2000.2661,26.6456
SYM7270,80.67,2022.0182,1.1551,0.1061,0.9139,18.5881,2100.6067,8.5917
SYM7271,88.86,1385.2551,1.2404,0.2443,0.9434,28.7723,1764.6347,26.2891
SYM7272,103.98,1476.3277,1.1613,0.1627,0.8736,16.3306,2270.8543,16.8224
SYM7273,98.47,1707.2467,1.3176,0.2388,0.9172,23.518,2422.9764,26.2477
SYM7274,84.86,2195.2493,1.2758,0.2706,0.8128,41.2444,1899.3508,30.3801
SYM7275,125.1,1188.4047,1.1449,0.2682,0.9656,32.0505,2080.5126,29.1462
SYM7276,70.01,2380.3082,1.2353,0.2288,0.8593,32.9288,2033.8963,23.8755
SYM7277,90.93,1623.3935,1.0798,0.3012,0.9587,42.5703,1655.7595,33.8082
SYM7278,80.03,1933.9949,1.269,0.255,0.8983,41.1844,2237.6413,27.7973
SYM7279,81.53,2207.9671,1.1638,0.2177,0.8995,32.6788,2248.1262,22.4776
SYM7280,162.87,1189.1164,1.2296,0.2886,0.9288,32.0464,2175.0839,32.185
SYM7281,119.84,1558.2823,1.3775,0.2403,0.841,30.6272,2000.2661,26.6456
SYM7282,78.98,2380.3844,1.3506,0.214,0.8893,28.7709,1849.6122,21.7397
SYM7283,162.13,1713.1352,1.334,0.2884,0.7866,39.0121,1963.6774,32.697
SYM7284,111.15,1932.5698,1.384,0.23,0.8992,25.1635,2306.1411,24.8322
SYM7285,128.17,1795.2389,1.2704,0.2028,0.9091,28.0076,1846.8318,20.6603
SYM7286,82.11,1282.7447,1.345,0.2239,0.8443,20.2048,2335.9064,24.9489
SYM7287,93.1,2419.5085,1.3001,0.2665,0.8683,39.521,2339.5085,29.2355
SYM7288,134.97,2800.1759,1.3051,0.2113,0.8332,28.9211,1936.915,21.5372
SYM7289,97.98,2789.3624,1.1894,0.2407,0.8316,41.6306,1749.8445,25.4798
SYM7290,147.97,1025.8486,1.1979,0.3094,0.95,35.4575,2288.2795,34.9903
SYM7291,107.05,1046.7667,1.4157,0.1773,0.8767,20.403,2673.5843,17.492
SYM7292,140.03,1687.2585,1.1897,0.2956,0.8552,40.9057,2038.8169,33.928
SYM7293,114.93,1558.7428,1.2399,0.2257,0.9031,23.0035,2246.2416,24.2171
SYM7294,133.05,1922.6812,1.3105,0.2262,0.865,25.5632,2273.8247,24.0622
SYM7295,149.85,1743.279,1.3799,0.2441,0.8385,19.0099,2573.973,28.0024
SYM7296,139.94,1965.3186,1.1597,0.2677,0.7842,42.265,1674.0445,30.1294
SYM7297,140.02,2444.8471,1.1373,0.2568,0.8816,40.416,1665.188,28.5011
SYM7298,91.79,1697.48,1.1542,0.0992,0.9187,21.9504,1938.4191,7.7157
SYM7299,110.02,1217.8825,1.305,0.3048,0.9313,35.3765,2136.6961,34.5889
SYM7300,140.0,1616.9393,1.3398,0.2567,0.8325,31.6551,2002.2907,28.6545
SYM7301,89.63,1479.3608,1.1251,0.1582,0.9524,27.1599,1937.3667,14.307
SYM7302,135.05,1875.849,1.33,0.3028,0.8038,35.0953,2127.999,35.0993
SYM7303,154.73,1738.6895,1.1706,0.278,0.9193,37.983,1786.2932,30.6892
SYM7304,89.96,1623.2865,1.271,0.274,0.933,36.9058,1891.6053,29.8745
SYM7305,95.92,1047.7826,1.088,0.3077,0.9693,47.8089,2264.7561,34.6139
SYM7306,152.2,1543.2528,1.5717,0.2087,0.9191,25.7183,2103.2034,21.1343
SYM7307,146.77,1529.8873,1.2775,0.2583,0.8634,32.5534,1780.5356,28.2301
SYM7308,103.11,1250.1749,1.4159,0.2425,0.9418,26.2525,2483.166,25.976
SYM7309,141.03,1562.0631,1.5548,0.2251,0.2741,24.0066,2243.2429,23.8737
SYM7310,99.86,1728.0663,1.1629,0.1325,0.8858,24.1794,1410.9339,11.6833
SYM7311,154.66,699.1946,1.6098,0.3908,0.9174,15.9579,3542.6391,49.2971
SYM7312,88.98,2489.5208,1.4289,0.1924,0.8785,27.3407,2233.1367,19.6906
SYM7313,139.86,1984.8198,1.2114,0.2115,0.8893,29.9426,2084.5766,22.005
SYM7314,150.04,1412.6928,1.2833,0.0817,0.2335,12.6324,2204.3428,6.0379
SYM7315,90.07,2656.6424,1.1045,0.2511,0.8355,41.7722,1713.995,27.1204
SYM7316,77.99,2013.3848,1.1955,0.22,0.8492,32.9763,1824.6752,23.1661
SYM7317,85.18,1910.942,1.1419,0.2731,0.8579,38.0746,1429.9253,30.395
SYM7318,152.2,1543.2528,1.5717,0.2087,0.9191,25.7183,2103.2034,21.1343
SYM7319,128.78,596.641,1.257,0.3703,0.9242,23.4392,2858.215,44.8594
SYM7320,74.04,1627.6205,1.2044,0.2021,0.8976,31.3159,1545.1966,20.5196
SYM7321,106.975,1551.01855,1.2571,0.2297,0.88245,27.330849999999998,2241.1574499999997,24.66685
SYM7322,83.46,652.7145,1.2337,0.2798,0.9396,20.725,2801.2459,32.7568
SYM7323,146.17,2196.1208,1.5506,0.2675,0.8152,28.422,2574.3825,30.0783
SYM7324,133.98,863.1396,1.3345,0.2112,0.9393,17.3814,2365.5723,21.3891
SYM7325,166.51,1281.3223,1.3606,0.3108,0.2311,34.9068,2326.0028,35.7321
SYM7326,139.75,1846.2111,1.2643,0.0219,0.6899,2.6602,2047.6444,1.0894
SYM7327,90.04,2539.8588,1.2401,0.3187,0.1884,44.438,1660.5018,36.9672
SYM7328,140.02,2529.1637,1.1009,0.1667,0.8479,30.957,1820.1394,16.028
SYM7329,140.0,1803.6128,1.3036,0.283,0.8621,38.3678,1873.2837,31.4422
SYM7330,172.27,1322.8729,1.0929,0.1989,0.857,23.0961,1625.5158,21.3656
SYM7331,126.01,1201.1788,1.2865,0.2517,0.9193,23.4323,2518.6308,28.5716
SYM7332,139.99,1503.8127,1.2841,0.2946,0.7932,21.2446,2327.8861,34.8761
SYM7333,105.95,951.2403,1.1022,0.2245,0.9328,20.3999,2132.2836,24.4744
SYM7334,101.98,1001.9003,1.4026,0.3189,0.8994,23.7562,2654.6704,37.6849
SYM7335,151.23,1063.9316,1.0846,0.2325,0.885,17.7011,2041.9253,25.3733
SYM7336,126.0,804.8308,1.2249,0.327,0.8869,24.6705,2910.4721,39.2788
SYM7337,123.61,966.8472,1.145,0.3014,0.941,22.8744,2651.6964,34.2491
SYM7338,161.5,849.3163,1.3852,0.3201,0.8958,23.4865,2421.2145,38.0537
SYM7339,139.84,993.6229,1.3078,0.2956,0.9,29.2642,2925.1837,34.8727
SYM7340,147.97,1255.478,1.2456,0.2971,0.9059,28.2038,2705.0938,34.8758
SYM7341,143.01,1272.9809,1.3202,0.2338,0.8726,22.4082,2207.233,26.0483
SYM7342,144.28,1392.7003,1.5314,0.2962,0.8679,22.9996,2476.8394,34.2106
SYM7343,116.94,527.4657,1.179,0.271,0.8955,17.0814,2505.0107,31.0905
SYM7344,131.99,694.6192,1.4587,0.4113,0.9229,25.1168,2518.3301,51.4886
SYM7345,128.19,1051.1484,1.2637,0.2793,0.9186,29.6214,2375.2834,32.2152
SYM7346,139.92,1468.6183,1.2533,0.2453,0.9134,25.8917,2445.6835,26.8898
SYM7347,137.98,1919.7355,1.2068,0.2164,0.8389,28.8111,2235.9277,23.1855
SYM7348,148.01,735.4018,1.1988,0.2879,0.9272,22.1208,2450.7289,33.1522
SYM7349,142.06,1139.8543,1.1672,0.2316,0.8591,18.8235,2416.5755,25.2127
SYM7350,144.66,942.644,1.1955,0.2657,0.9236,21.847,2756.2745,29.8136
SYM7351,143.08,1670.1055,1.3088,0.2766,0.8555,30.8401,2389.6879,31.8855
SYM7352,153.55,1247.4978,1.3028,0.2802,0.8425,25.4578,2264.2323,32.1631
SYM7353,162.17,580.2352,1.1908,0.3433,0.9053,23.3674,3137.8196,42.2289
SYM7354,88.96,1442.1398,1.5388,0.3744,0.8771,29.2788,2647.076,46.7174
SYM7355,135.06,961.2458,1.3326,0.3234,0.9312,28.8451,2875.196,37.9522
SYM7356,135.5,982.8442,1.3779,0.288,0.8491,24.7542,2664.9135,33.3695
SYM7357,85.69,1458.6818,1.1473,0.2219,0.893,25.2114,2376.5669,24.2342
SYM7358,139.94,1244.7493,1.3173,0.2538,0.8735,23.08,2284.7494,28.1768
SYM7359,130.43,1142.569,1.2292,0.2732,0.8668,26.0485,2167.5888,31.2977
SYM7360,132.01,1197.6328,1.3527,0.2736,0.9304,23.7212,2556.807,31.4642
SYM7361,89.94,977.96,1.3457,0.2902,0.8575,23.622,2400.024,33.5387
SYM7362,97.52,1012.7673,1.4525,0.2788,0.9121,22.6223,2774.0074,31.8784
SYM7363,151.01,1970.2991,1.3428,0.3145,0.8356,34.7587,3042.2315,37.6508
SYM7364,141.94,993.0268,1.3528,0.2726,0.8799,24.1514,2248.1576,31.2416
SYM7365,90.98,1038.8511,1.2007,0.2856,0.9391,23.9008,2567.9555,32.3223
SYM7366,153.25,1017.689,1.2947,0.3418,0.8591,27.8866,2287.8914,42.0597
SYM7367,130.0,1410.2448,1.2366,0.2565,0.8509,24.9845,2304.4933,29.4285
SYM7368,86.54,1540.9154,1.2079,0.2442,0.8816,24.6584,2571.5684,26.9286
SYM7369,152.98,1021.2479,1.3597,0.2798,0.8853,26.1323,2503.0049,32.0062
SYM7370,140.0,1054.851,1.303,0.2416,0.8923,22.3369,2434.8782,26.8763
SYM7371,143.99,943.2442,1.3712,0.2922,0.9618,25.2376,2375.6158,33.3181
SYM7372,143.08,893.5798,1.4582,0.2455,0.9209,14.0249,2334.1613,26.645
SYM7373,125.97,2141.6049,1.2503,0.1046,0.8257,14.8004,2085.9658,8.7515
SYM7374,139.65,2471.8726,1.249,0.1953,0.7837,22.7512,1960.8685,20.6786
SYM7375,117.75,1407.077,1.3281,0.2606,0.8557,22.0133,2552.751,29.6235
SYM7376,85.96,1529.139,1.3463,0.2642,0.9078,28.4504,2534.5198,29.9609
SYM7377,139.99,1061.9037,1.347,0.3454,0.8845,21.7342,2834.6558,42.025
SYM7378,165.21,972.8582,1.085,0.232,0.8835,20.0161,2162.0875,25.3023
SYM7379,95.93,2950.9713,1.5276,0.2932,0.8318,21.8555,2892.175,35.1569
SYM7380,94.96,794.2518,1.222,0.189,0.9501,16.5065,2546.9662,19.3033
SYM7381,83.39,1464.1234,1.2384,0.2356,0.9055,24.9606,2476.1059,26.0577
SYM7382,143.9,1281.2485,1.2071,0.159,0.8597,17.0854,2273.2836,15.6665
SYM7383,132.05,910.1905,1.2589,0.1834,0.9424,17.5915,2092.9781,17.8774
SYM7384,139.96,1979.395,1.3169,0.1976,0.8771,22.8396,2357.8112,20.1121
SYM7385,94.9,944.2218,1.1964,0.2614,0.9299,22.1776,2672.0867,29.8488
SYM7386,164.8,633.1731,1.3788,0.4188,0.9085,26.3141,3400.4929,53.0689
SYM7387,99.45,1651.7453,1.3668,0.2664,0.8975,24.42,2680.6263,31.2733
SYM7388,94.92,2722.9841,1.4334,0.288,0.8174,33.5017,2925.3748,33.1229
SYM7389,134.27,1285.7776,1.1314,0.2182,0.8996,22.9594,2406.2523,23.3393
SYM7390,162.16,1658.7419,1.1978,0.1988,0.7939,24.684,2451.1528,21.0713
SYM7391,161.53,920.1844,1.1544,0.3235,0.8992,27.6735,2871.849,39.0863
SYM7392,128.13,704.6938,1.1809,0.2829,0.9126,31.5207,2550.7911,31.8418
SYM7393,163.75,1571.7453,1.3176,0.1576,0.8567,16.6855,2670.8279,16.5381
SYM7394,140.66,1166.9407,1.1609,0.2845,0.8758,22.5661,2560.4935,34.1613
SYM7395,84.84,1524.253,1.3611,0.2675,0.9067,29.8571,2543.7218,29.4507
SYM7396,146.91,1042.0961,1.2465,0.2711,0.8916,20.9766,2808.3316,32.0871
SYM7397,116.27,686.3054,1.4559,0.3473,0.9085,20.0316,3091.248,42.8876
SYM7398,144.87,2159.3417,1.1928,0.1322,0.8586,15.9537,2615.3425,13.8091
SYM7399,125.08,873.6109,1.2054,0.3059,0.8469,22.2484,2709.561,36.6049
SYM7400,144.25,1332.7256,1.336,0.2212,0.9037,24.416,2345.278,23.8429
SYM7401,94.96,899.7549,1.473,0.3678,0.8912,24.3099,3094.4264,46.3662
SYM7402,94.62,1636.4977,1.201,0.2026,0.8904,26.0422,2586.5461,20.5523
SYM7403,77.53,1145.9332,1.2546,0.2762,0.8409,19.2156,2821.1665,33.2705
SYM7404,87.99,740.3668,1.1833,0.2315,0.9096,18.7744,2537.0915,25.3289
SYM7405,128.13,719.077,1.2469,0.2956,0.9049,18.4874,2934.3851,34.659
SYM7406,129.79,1616.4882,1.2854,0.2804,0.867,33.1432,2533.7356,31.9613
SYM7407,87.81,1752.1693,1.3949,0.2124,0.8488,25.9855,2423.7423,22.1338
SYM7408,139.2,1484.5394,1.1512,0.14,0.9024,17.4854,2218.3173,13.636
SYM7409,135.67,1499.4582,1.2745,0.2416,0.8636,26.0827,2389.823,26.6127
SYM7410,102.78,1988.2184,1.3451,0.1831,0.7108,21.9044,1954.5905,19.1518
SYM7411,97.15,1773.4888,1.2881,0.1689,0.7606,21.1972,2044.2442,16.6034
SYM7412,90.33,1822.4466,1.3425,0.169,0.8737,25.3386,2256.5048,16.8232
SYM7413,178.21,1097.6747,1.1707,0.206,0.8378,19.5585,1931.4116,22.2283
SYM7414,91.79,1610.7635,1.2512,0.2035,0.916,24.1611,1768.8048,21.4502
SYM7415,135.06,922.633,1.1919,0.1228,0.9127,13.1389,2302.8811,11.4406
SYM7416,94.92,1579.3789,1.4634,0.1873,0.8845,21.798,2308.8756,19.344
SYM7417,162.94,1505.1147,1.3169,0.1555,0.9669,16.1971,2199.4933,14.1945
SYM7418,142.1,1979.8555,1.0902,0.1786,0.874,30.9921,1122.5069,17.6394
SYM7419,139.94,1328.9708,1.4422,0.2755,0.9081,24.9812,2526.1114,31.2731
SYM7420,86.06,1223.5275,1.4444,0.3013,0.9121,24.0822,3024.8955,35.3777
SYM7421,79.98,1389.3622,1.2373,0.2274,0.9322,33.8211,2016.626,23.4524
SYM7422,161.92,787.6771,1.0673,0.2834,0.2676,24.4305,2526.3387,32.0361
SYM7423,89.98,1749.9773,1.3684,0.1755,0.8977,23.0778,1749.1841,17.3003
SYM7424,106.975,1551.01855,1.2571,0.2297,0.88245,27.330849999999998,2241.1574499999997,24.66685
SYM7425,116.53,2137.5422,1.291,0.221,0.7492,22.0596,2228.116,24.5809
SYM7426,150.0,1063.9316,1.0846,0.2325,0.885,17.7011,2041.9253,25.3733
SYM7427,101.77,1451.5675,1.2528,0.2012,0.8501,19.8896,1982.6541,21.0937
SYM7428,94.04,1448.6011,1.214,0.1447,0.9045,18.7232,1866.8263,14.0307
SYM7429,153.6,2398.4614,1.3559,0.1546,0.8871,22.037,1982.1763,14.4689
SYM7430,139.98,2716.6246,1.2809,0.2799,0.8372,42.321,2135.5418,32.3073
SYM7431,123.34,2097.8752,1.364,0.3381,0.8466,39.8693,2665.2168,40.2027
SYM7432,143.21,2494.9406,1.2695,0.2347,0.7912,35.717,2016.7294,26.637
SYM7433,129.98,3048.1117,1.5093,0.311,0.7667,33.2546,2699.0419,37.7379
SYM7434,128.12,1729.5591,1.3097,0.3047,0.8156,36.5993,2169.638,36.0041
SYM7435,139.99,2680.9596,1.2247,0.2648,0.8258,42.8002,1875.9209,29.5163
SYM7436,140.03,1718.1638,1.1866,0.2988,0.8876,31.253,2144.7276,34.7274
SYM7437,123.6,2709.72,1.349,0.2229,0.8446,29.6521,1898.4906,24.1297
SYM7438,119.93,1952.9759,1.4466,0.3381,0.8347,43.7801,2849.9251,40.7814
SYM7439,93.92,700.8167,1.1023,0.2133,0.8722,8.5043,3221.4324,22.6126
SYM7440,110.09,1926.2912,1.3066,0.2711,0.8793,35.2669,2103.744,30.1813
SYM7441,135.11,2077.2147,1.2772,0.2736,0.8317,35.1817,2352.7835,31.1558
SYM7442,89.91,2598.2057,1.1787,0.2484,0.8231,38.3064,2163.6708,27.9893
SYM7443,161.76,2315.6867,1.2186,0.2955,0.8511,44.7794,2113.9813,33.8298
SYM7444,109.5,890.8714,1.0515,0.228,0.9322,24.4921,2417.1561,24.4301
SYM7445,70.96,1434.9909,1.3239,0.3239,0.8851,33.5826,2320.4688,37.2851
SYM7446,84.9,1568.8659,1.4531,0.3028,0.8743,29.6637,2427.669,36.6749
SYM7447,107.93,2485.6262,1.4652,0.2886,0.7911,39.0694,2706.2596,33.7063
SYM7448,135.46,1277.1975,1.2771,0.322,0.8993,35.632,2637.3787,38.3745
SYM7449,106.76,1561.1697,1.35,0.2742,0.8972,31.8329,2321.5769,30.8304
SYM7450,151.96,2503.6201,1.0799,0.2497,0.8212,38.3172,2003.2434,28.3695
SYM7451,140.78,1644.7885,1.2533,0.2459,0.225,31.9673,2237.6205,27.3173
SYM7452,108.51,1867.2724,1.185,0.2083,0.8949,28.4064,2056.5423,22.0078
SYM7453,146.21,1632.3974,1.2859,0.2439,0.2133,27.973,2145.3068,26.5743
SYM7454,150.92,2549.5167,1.3292,0.2622,0.8732,34.9196,2308.0995,29.2326
SYM7455,87.96,1681.4733,1.4858,0.3014,0.7688,30.9577,2402.0892,35.1999
SYM7456,87.94,1719.1479,1.332,0.22,0.9006,30.2092,2480.7994,22.6497
SYM7457,83.58,1842.3068,1.2841,0.2618,0.842,42.6518,2194.3022,28.4261
SYM7458,84.89,2315.373,1.3389,0.2454,0.7953,31.914,1977.0701,27.1095
SYM7459,155.48,3004.4236,1.0934,0.2135,0.7134,39.1651,1726.4177,24.0068
SYM7460,114.96,3199.2493,1.3283,0.2391,0.8226,48.0454,1564.777,24.9007
SYM7461,93.0,2149.6382,1.1352,0.2687,0.8785,47.7128,1663.1455,29.2802
SYM7462,151.96,2321.5797,1.4848,0.2263,0.769,34.4316,2418.1189,24.0787
SYM7463,91.38,2795.2701,1.275,0.2477,0.797,43.9875,2082.1307,26.7684
SYM7464,99.88,3113.2063,1.4133,0.2504,0.7592,40.2441,1802.9567,27.0622
SYM7465,89.92,2550.7455,1.4901,0.2573,0.7926,43.5671,1912.6646,28.1272
SYM7466,96.99,2283.0574,1.5027,0.228,0.8788,32.6245,2132.4066,23.8434
SYM7467,85.8,2230.3869,1.1417,0.2851,0.8635,46.1748,1971.2597,32.2091
SYM7468,100.97,2231.7877,1.4588,0.2647,0.8828,41.4754,2591.7852,28.8591
SYM7469,85.79,2313.4739,1.3994,0.2601,0.8604,35.2931,1964.7122,28.3817
SYM7470,90.46,1562.273,1.1746,0.0601,0.7767,9.2123,2784.4062,4.4113
SYM7471,88.98,2515.9831,1.1577,0.1164,0.8416,25.3615,1931.6623,9.8005
SYM7472,96.02,2113.0177,1.4434,0.2907,0.2303,41.2397,2067.4165,32.5126
SYM7473,86.84,3071.7799,1.1141,0.2849,0.846,54.4348,1991.0027,31.8642
SYM7474,95.07,1443.8368,1.2544,0.2854,0.8731,33.8692,2407.8143,33.1459
SYM7475,109.76,3293.7465,1.0684,0.1903,0.7563,37.5769,1579.1156,19.6372
SYM7476,95.96,2619.6365,1.2547,0.2659,0.7972,48.3543,1805.3593,29.3228
SYM7477,139.98,2524.0302,1.246,0.267,0.7999,47.4956,2363.1088,29.2088
SYM7478,110.2,2300.5959,1.3595,0.2985,0.7428,42.7627,2510.2958,34.4887
SYM7479,123.78,373.1659,1.1658,0.3324,0.9705,16.8368,3130.9549,39.1165
SYM7480,99.95,1527.8597,1.3482,0.256,0.867,22.1549,2423.9536,29.4457
SYM7481,125.06,1287.7419,1.2058,0.2645,0.9067,23.835,2391.0628,29.9295
SYM7482,110.01,1491.4011,1.2022,0.2181,0.8984,19.4579,2725.2671,23.7449
SYM7483,97.49,2087.4423,1.3526,0.2873,0.8395,30.1117,2345.0313,32.9706
SYM7484,84.59,986.1937,1.208,0.2409,0.9232,16.9397,2534.5741,26.6701
SYM7485,163.97,930.5702,1.2561,0.2732,0.925,25.6993,3169.5762,30.8594
SYM7486,88.02,1677.1428,1.5064,0.2838,0.8565,27.9919,2542.2245,32.4408
SYM7487,154.79,1069.8353,1.3412,0.2924,0.8713,23.4694,3133.3868,34.2237
SYM7488,151.62,1560.6581,1.2244,0.2961,0.8945,26.5789,2771.5036,35.1386
SYM7489,150.73,938.1856,0.9998,0.2824,0.9359,21.4342,2360.0867,31.832
SYM7490,125.17,2908.7437,1.2224,0.2608,0.8032,30.0969,2218.4388,29.9378
SYM7491,96.99,947.5793,1.3868,0.2837,0.9193,22.2163,2503.4655,32.1206
SYM7492,103.76,1341.3896,1.2714,0.1511,0.8813,16.8661,2008.3306,14.9335
SYM7493,74.07,1102.7204,1.2942,0.2535,0.9481,22.2506,2869.7242,28.2238
SYM7494,128.12,1311.7689,1.2878,0.19,0.9057,14.8843,2562.6648,20.0533
SYM7495,128.42,2482.5901,1.1958,0.3048,0.8244,39.9785,2143.2766,35.8796
SYM7496,90.04,1465.7703,1.2547,0.2856,0.9093,25.4242,2677.7,32.5289
SYM7497,95.91,2100.4091,1.3249,0.2104,0.8566,21.0553,2441.2559,23.0786
SYM7498,74.85,1216.1015,1.0658,0.1973,0.9399,17.9032,2571.4271,20.4117
SYM7499,89.88,2143.6138,1.1979,0.2418,0.8293,24.7374,2153.3969,27.7073
SYM7500,135.45,1894.7188,1.2524,0.2622,0.8839,26.5192,2819.6368,30.5993
SYM7501,135.26,1481.2642,1.264,0.3336,0.8773,33.3361,2748.6215,40.697
SYM7502,97.08,1278.9611,1.2234,0.232,0.9041,19.1975,2704.2354,25.7744
SYM7503,117.24,2790.825,1.0795,0.1444,0.7925,24.954,1961.6997,13.4043
SYM7504,84.98,1197.6142,1.1069,0.2872,0.9156,28.6792,2711.4893,33.1507
SYM7505,94.0,319.9455,1.2043,0.3701,0.9414,16.2027,3030.3157,45.834
SYM7506,128.3,1029.7911,1.0646,0.1725,0.8947,14.6587,2093.5147,17.1571
SYM7507,150.91,1188.807,1.2819,0.2367,0.9155,21.9008,2504.2039,26.5698
SYM7508,150.23,1885.1725,1.3024,0.1746,0.8716,15.0699,2635.5511,17.4608
SYM7509,146.13,1048.8634,1.1781,0.2021,0.9012,18.2723,2357.2516,20.9461
SYM7510,135.95,2724.1771,1.4683,0.2495,0.7868,21.9548,2918.5294,28.4208
SYM7511,155.01,1346.8708,1.3466,0.2218,0.9077,19.4591,2547.0133,24.1279
SYM7512,138.77,1712.4088,1.2465,0.2207,0.8843,20.2212,2305.3069,24.2762
SYM7513,100.77,872.9868,1.2676,0.3224,0.9213,21.5102,2529.9714,37.7782
SYM7514,122.26,2452.2304,1.138,0.2184,0.8446,29.2073,2283.1884,24.1028
SYM7515,86.52,1304.5972,1.3633,0.2741,0.938,27.1837,2008.9432,30.736
SYM7516,90.09,960.5584,1.1882,0.205,0.9071,20.4989,1714.4412,20.9762
SYM7517,89.08,727.1758,1.4004,0.3283,0.9367,16.1367,3284.411,38.7312
SYM7518,124.99,2083.1313,1.4493,0.3059,0.8351,27.8943,2536.7384,36.5411
SYM7519,150.51,132.3839,1.1624,0.4712,0.9729,22.6567,3384.6135,61.5836
SYM7520,101.92,1303.7316,1.4397,0.2346,0.8848,20.4418,2044.5125,24.9025
SYM7521,92.96,1204.5763,1.3608,0.2309,0.8775,20.6443,2435.971,25.5562
SYM7522,144.05,833.0446,1.4476,0.2208,0.9291,14.9069,2869.1019,23.174
SYM7523,90.03,835.3351,1.2693,0.2073,0.9436,18.2523,2994.0041,21.6042
SYM7524,107.52,3075.087,1.263,0.1603,0.849,19.0943,2240.6243,15.4674
SYM7525,139.93,1830.376,1.2392,0.3241,0.8801,25.7252,3011.9517,39.7223
SYM7526,112.58,1021.8651,1.4714,0.2964,0.9379,19.0139,2381.7275,34.0745
SYM7527,122.56,1559.1327,1.3331,0.1655,0.9461,13.7089,2157.0796,15.4616
SYM7528,100.01,420.2929,1.355,0.3551,0.9466,22.4017,3408.0951,42.9041
SYM7529,155.12,792.1234,1.2982,0.2813,0.9307,16.2788,3079.8775,32.6474
SYM7530,87.26,1173.5774,1.3624,0.2509,0.9308,24.4606,2539.061,27.6785
SYM7531,125.1,1545.949,1.3282,0.2379,0.8511,19.9574,2679.1783,27.1112
SYM7532,142.09,425.591,1.2606,0.3941,0.9312,28.4356,3420.8447,49.7594
SYM7533,118.48,1751.1603,1.3021,0.0946,0.7885,9.4402,2603.4223,8.4789
SYM7534,172.27,824.6265,1.3541,0.2326,0.9181,17.1175,2310.9409,24.9507
SYM7535,87.43,971.2854,1.2491,0.2625,0.8892,20.8326,2266.0606,29.8012
SYM7536,80.05,1130.778,1.2208,0.2791,0.8661,18.2769,2985.8631,32.8554
SYM7537,94.99,1250.3731,1.3764,0.2344,0.8806,20.5139,2161.1023,25.8405
SYM7538,144.84,1709.2531,1.4248,0.2749,0.8086,18.7318,3167.1901,32.5455
SYM7539,142.1,1640.2269,1.2744,0.1956,0.8716,25.4042,2124.2116,19.7188
SYM7540,125.11,1673.7083,1.3681,0.2109,0.8601,17.5942,2347.3156,23.3263
SYM7541,98.02,1918.209,1.3089,0.1908,0.8755,21.1247,2466.5925,19.8513
SYM7542,86.39,1229.4993,1.1311,0.2484,0.8448,14.7425,2624.384,28.8467
SYM7543,120.9,1869.4206,1.4015,0.3828,0.8085,32.9437,2647.4599,49.124
SYM7544,84.08,1002.6081,1.2122,0.2393,0.9046,15.3771,2711.7875,26.7713
SYM7545,84.92,790.3864,1.3399,0.1801,0.9633,13.0944,2688.3349,17.6287
SYM7546,143.67,2785.3374,1.3451,0.1848,0.8958,24.3981,2012.8419,17.9737
SYM7547,139.99,228.5769,1.4152,0.5273,0.9129,23.9987,3663.7393,70.659
SYM7548,125.09,1593.9687,1.4159,0.2341,0.8187,16.1497,2591.098,26.9385
SYM7549,123.79,2303.7812,1.3708,0.2165,0.8372,19.2829,2563.9295,23.1236
SYM7550,86.53,3539.7869,1.3182,0.1323,0.8124,21.4525,1774.8241,12.1942
SYM7551,103.95,1243.0139,1.2508,0.3063,0.8852,28.2799,2352.3673,36.8023
SYM7552,86.41,1767.3673,1.1548,0.1134,0.7843,14.53,1857.9457,10.0782
SYM7553,105.0,1177.447,1.274,0.1987,0.8884,18.8986,2339.4986,20.5417
SYM7554,85.0,763.8787,1.3078,0.2203,0.9432,20.6097,2286.1141,22.9561
SYM7555,123.86,1434.7096,1.3759,0.1948,0.838,14.5617,2747.479,21.1439
SYM7556,148.08,1629.1255,1.3065,0.201,0.9216,26.8291,2208.5079,20.556
SYM7557,110.97,1328.9734,1.1779,0.2223,0.9444,28.249,2459.0852,22.9319
SYM7558,137.44,1005.2863,1.405,0.2739,0.9186,20.8509,2322.1685,30.962
SYM7559,125.08,2002.8726,1.481,0.1794,0.7301,14.9463,2566.2229,18.9441
SYM7560,128.97,1666.5322,1.2605,0.2014,0.8734,29.1511,1947.4149,20.4654
SYM7561,140.01,1317.7749,1.3799,0.2392,0.9053,20.3787,2081.0907,26.211
SYM7562,89.87,1230.3347,1.4656,0.2403,0.8844,19.5799,2535.7089,26.06
SYM7563,110.6,2087.6114,1.3884,0.2046,0.8657,21.3722,2699.2092,21.0088
SYM7564,86.88,2135.7492,1.4627,0.1744,0.7968,15.0507,2531.2442,18.0094
SYM7565,172.27,1118.2728,1.2858,0.2665,0.9021,19.8905,2621.1315,31.786
SYM7566,163.24,1362.4373,1.2355,0.2054,0.9057,22.3764,2391.6955,21.6712
SYM7567,110.01,1268.9536,1.2994,0.1924,0.8172,13.4222,2560.1017,20.9739
SYM7568,120.0,1642.6257,1.515,0.2624,0.8624,21.4414,2732.1386,29.6144
SYM7569,129.91,994.0221,1.355,0.2287,0.8929,14.6869,2449.3151,25.4943
SYM7570,131.07,1824.4849,1.3371,0.3812,0.8286,31.9005,2725.3295,48.3029
SYM7571,135.04,871.1237,1.5181,0.2856,0.9206,22.2234,2683.0722,32.3398
SYM7572,148.01,1892.4083,1.4132,0.204,0.8204,22.022,2078.1089,21.4192
SYM7573,103.97,1171.5712,1.3623,0.254,0.9202,20.9619,3081.2401,28.2062
SYM7574,163.92,1819.0707,1.3372,0.263,0.9016,28.2809,2815.5319,29.2212
SYM7575,126.01,1586.578,1.2752,0.2418,0.8326,23.7616,2514.9545,27.2376
SYM7576,161.66,1517.4045,1.318,0.2779,0.8695,24.984,2059.3093,31.8024
SYM7577,130.99,1295.6979,1.5075,0.2291,0.8393,16.1096,2477.9913,25.0194
SYM7578,95.13,1189.9427,1.273,0.2047,0.921,18.6129,2487.6749,21.3899
SYM7579,150.38,1199.8926,1.4348,0.2101,0.9044,14.6271,3031.3874,21.6686
SYM7580,80.81,1102.6059,1.2881,0.2351,0.9331,20.933,2258.3275,25.4135
SYM7581,154.77,1249.4571,1.4116,0.1445,0.9013,12.8145,2515.6274,13.7043
SYM7582,115.74,1020.2726,1.2716,0.2415,0.9157,20.0855,2245.511,26.116
SYM7583,143.93,2246.9748,1.5482,0.2143,0.7706,15.1454,2555.4308,23.3461
SYM7584,152.94,1445.5391,1.4578,0.2503,0.8271,22.5537,2393.7892,27.9545
SYM7585,140.0,2275.285,1.4854,0.2184,0.8002,18.955,2672.3777,24.2956
SYM7586,142.17,2495.678,1.2233,0.1982,0.8197,22.8739,2518.3354,21.7958
SYM7587,152.14,1091.8744,1.4847,0.3496,0.9402,26.0433,3113.206,41.468
SYM7588,161.6,1315.2922,1.2826,0.2359,0.8492,18.5246,2650.4417,25.3413
SYM7589,163.85,1977.0643,1.5357,0.2451,0.8721,26.6571,2120.3025,26.4089
SYM7590,99.91,1213.9008,1.3103,0.2071,0.9038,18.6807,2646.2538,22.5307
SYM7591,140.01,1556.0808,1.4324,0.2859,0.8713,23.3475,2295.8761,33.0293
SYM7592,95.05,1603.2396,1.4673,0.2157,0.8405,18.1242,2625.6191,23.2365
SYM7593,161.67,1426.2484,1.2434,0.1762,0.8934,18.2074,2433.5503,17.9612
SYM7594,83.83,1340.4309,1.2312,0.2349,0.8798,20.8849,2102.5926,25.8465
SYM7595,123.01,741.0031,1.2867,0.3497,0.9184,26.6649,2722.7027,42.3387
SYM7596,154.71,1622.8247,1.4562,0.1279,0.851,8.7879,3101.8685,11.7806
SYM7597,144.64,1474.2272,1.0764,0.1819,0.892,25.9717,2140.5119,18.0713
SYM7598,161.52,784.2798,1.5394,0.3759,0.9254,21.5611,3385.3691,46.4922
SYM7599,125.1,1545.949,1.3282,0.2379,0.8511,19.9574,2679.1783,27.1112
SYM7600,106.95,533.7407,1.1038,0.0717,0.9296,6.16,1943.6434,5.1608
SYM7601,161.75,1667.3919,1.3472,0.202,0.8444,22.5522,2396.938,20.5847
SYM7602,130.0,2466.0037,1.3072,0.2037,0.8839,18.652,2212.7751,22.1285
SYM7603,124.99,2083.1313,1.4493,0.3059,0.8351,27.8943,2536.7384,36.5411
SYM7604,116.87,1197.1115,1.3628,0.1853,0.9068,15.2629,3280.0504,18.1285
SYM7605,72.03,1699.8038,1.1704,0.21,0.8873,22.7608,1944.9125,22.1505
SYM7606,107.97,1198.5329,1.1698,0.16,0.8933,15.463,2282.9559,15.4773
SYM7607,99.77,1124.041,0.9986,0.1335,0.925,15.012,1615.7266,12.4826
SYM7608,113.73,1577.7272,1.2236,0.2379,0.9108,25.1755,2500.8822,25.0152
SYM7609,100.09,1225.6721,1.1443,0.2549,0.9307,34.9843,2202.9216,27.9038
SYM7610,161.96,699.4813,0.859,0.196,0.963,15.6892,1924.4946,19.2056
SYM7611,135.99,1569.8799,1.3262,0.216,0.9289,26.8276,2459.9904,22.2898
SYM7612,83.95,1407.8857,1.3565,0.2232,0.8747,15.7866,2781.5154,25.2025
SYM7613,107.97,1198.5329,1.1698,0.16,0.8933,15.463,2282.9559,15.4773
SYM7614,120.67,2637.5618,1.1461,0.1161,0.6246,22.474,1929.4055,9.8073
SYM7615,107.97,1198.5329,1.1698,0.16,0.8933,15.463,2282.9559,15.4773
SYM7616,120.09,1416.2401,1.1023,0.1104,0.8968,10.8349,1828.864,9.0552
SYM7617,124.99,2083.1313,1.4493,0.3059,0.8351,27.8943,2536.7384,36.5411
SYM7618,135.35,465.789,1.0415,0.0677,0.9265,5.754,2044.6844,4.7203
SYM7619,146.17,981.1797,1.2484,0.2631,0.9088,29.7278,2931.6316,29.0995
SYM7620,118.37,476.475,1.1276,0.2164,0.9703,15.1003,2195.8689,21.8716
SYM7621,129.69,1431.9301,1.4298,0.3015,0.867,35.3855,2667.9056,34.5408
SYM7622,150.23,1885.1725,1.3024,0.1746,0.8716,15.0699,2635.5511,17.4608
SYM7623,123.98,2051.9259,1.1032,0.152,0.5957,21.2472,1063.6757,13.7232
SYM7624,107.97,1198.5329,1.1698,0.16,0.8933,15.463,2282.9559,15.4773
SYM7625,125.09,1018.1512,1.4065,0.2026,0.9421,22.3747,2387.9627,20.2719
SYM7626,114.48,892.7889,0.9804,0.1279,0.9559,14.0135,1836.3685,10.9051
SYM7627,123.11,386.9455,1.1423,0.1613,0.9796,10.8361,2487.7461,14.7832
SYM7628,161.96,1408.2682,1.5821,0.2962,0.8714,23.5305,2667.8789,34.1002
SYM7629,96.99,947.5793,1.3868,0.2837,0.9193,22.2163,2503.4655,32.1206
SYM7630,130.02,2085.4588,1.1111,0.0942,0.8769,15.2063,1633.4302,7.1898
SYM7631,83.6,327.0715,1.0663,0.1883,0.9739,11.4348,2699.6916,18.1381
SYM7632,129.67,1199.8911,1.1339,0.3246,0.8624,30.0313,2376.4394,39.283
SYM7633,123.69,557.87,1.0438,0.0908,0.9469,9.9392,2155.5093,6.9543
SYM7634,144.01,485.935,1.488,0.33,0.8698,16.7887,3411.3149,39.0428
SYM7635,144.14,814.1528,1.0671,0.1292,0.9619,11.9682,2211.2038,11.0209
SYM7636,135.92,1571.6989,1.2852,0.231,0.9072,24.7727,2672.6717,24.5783
SYM7637,67.47,2723.3443,1.2704,0.1019,0.7711,14.864,2301.4169,9.3785
SYM7638,142.3,641.4471,0.9933,0.1407,0.8961,10.2834,1833.5776,13.0533
SYM7639,87.13,1033.9425,1.533,0.278,0.9288,21.884,2454.1854,31.0017
SYM7640,91.04,2337.5665,1.5319,0.1904,0.8925,21.8911,3008.0651,19.2699
SYM7641,83.54,1110.8788,0.9926,0.1286,0.9404,12.9375,1898.5975,11.8575
SYM7642,100.01,420.2929,1.355,0.3551,0.9466,22.4017,3408.0951,42.9041
SYM7643,154.7,1695.0258,1.0863,0.089,0.8616,9.4054,2076.6647,7.0292
SYM7644,130.57,1524.3225,1.4267,0.231,0.8789,22.4176,2679.5865,24.6715
SYM7645,129.64,2093.009,1.2528,0.1925,0.8434,27.2313,2418.3824,19.5909
SYM7646,99.98,2343.648,1.4326,0.2198,0.8006,18.1865,2797.8599,23.4552
SYM7647,100.0,1913.2507,1.4251,0.2555,0.875,25.7422,2243.3469,27.6926
SYM7648,134.66,1220.1,1.4353,0.2613,0.9102,19.3197,2574.4929,29.6358
SYM7649,142.0,1995.2816,1.3193,0.2079,0.8963,26.7098,2037.8715,21.5745
SYM7650,146.12,460.8499,1.0696,0.1653,0.9537,10.5554,1928.3915,15.3045
SYM7651,125.09,3057.3678,1.299,0.1828,0.7668,13.684,3389.3549,21.9164
SYM7652,123.17,1403.2929,1.0967,0.2086,0.8684,21.2255,2115.1921,23.1134
SYM7653,96.51,1932.1616,1.4613,0.3305,0.8327,36.41,2198.0208,38.7847
SYM7654,86.94,1938.5229,1.2163,0.1462,0.8838,24.357,1777.2533,13.7172
SYM7655,99.92,1137.8142,1.3,0.2595,0.861,22.2372,2563.6653,29.3101
SYM7656,123.98,1284.5099,1.2624,0.2271,0.8685,27.3063,1834.2571,24.011
SYM7657,93.76,1778.7332,1.0648,0.1519,0.8776,22.1615,1723.0512,14.8185
SYM7658,99.95,2336.8085,1.196,0.2033,0.8739,32.0612,1745.3703,20.5026
SYM7659,166.29,2212.1105,1.3137,0.3305,0.815,38.7579,1794.373,38.4263
SYM7660,172.27,2088.6317,1.4672,0.2958,0.8017,32.3029,1879.0444,33.3171
SYM7661,98.01,2616.6501,1.5473,0.2501,0.731,35.0867,2269.7324,27.1788
SYM7662,97.84,1438.7923,1.3141,0.2059,0.9284,26.0774,2275.1123,21.3556
SYM7663,90.9,1857.2713,1.3965,0.1568,0.9121,21.7597,2537.9025,15.337
SYM7664,81.43,1524.4962,1.1741,0.1226,0.8529,15.3365,2057.0229,10.5442
SYM7665,99.97,2557.3393,1.2712,0.2477,0.7626,39.1961,2293.6939,27.0134
SYM7666,114.94,1544.3387,1.4431,0.2391,0.8873,27.9136,2248.2317,25.6949
SYM7667,95.9,2126.9754,1.3274,0.2861,0.8133,40.2383,2176.1133,32.6715
SYM7668,92.34,1229.3722,1.1848,0.2214,0.8606,22.8909,1965.3074,23.2796
SYM7669,161.64,2409.685,1.445,0.3266,0.761,40.2581,1855.7514,37.6716
SYM7670,164.1,2231.5118,1.2975,0.18,0.8561,21.3038,2465.6611,18.0017
SYM7671,100.77,2581.6361,1.2667,0.3135,0.7604,36.2018,1890.8603,36.7863
SYM7672,97.97,2425.1253,1.1301,0.223,0.8875,36.0692,2004.53,23.4883
SYM7673,112.83,1599.2502,1.36,0.286,0.9038,42.2973,2402.1824,32.0092
SYM7674,93.96,1723.1058,1.2286,0.131,0.864,15.7214,1441.8405,11.3916
SYM7675,135.96,2151.0421,1.0482,0.1575,0.9313,20.4258,2358.0021,15.0331
SYM7676,98.97,2512.1144,1.4207,0.2759,0.7765,41.2685,1695.9978,30.6156
SYM7677,140.02,1285.0038,1.404,0.2547,0.9186,27.6146,2214.3737,28.0125
SYM7678,99.92,1378.6484,1.2878,0.2241,0.8923,31.186,1688.8377,23.075
SYM7679,102.8,1068.832,1.4908,0.3051,0.8796,22.662,2431.5404,35.3458
SYM7680,113.98,2576.182,1.2065,0.1419,0.8298,29.0597,2127.8549,12.5139
SYM7681,93.01,2174.1848,1.1666,0.2486,0.8393,36.6022,1690.6853,26.942
SYM7682,99.98,2038.7375,1.3136,0.2406,0.9154,36.0574,1838.4714,25.3521
SYM7683,100.0,2718.7926,1.6568,0.2525,0.7555,37.9664,2013.7668,27.3356
SYM7684,90.06,1906.6999,1.3618,0.1183,0.8322,9.8176,3040.7299,10.9031
SYM7685,172.27,2121.2097,1.311,0.2015,0.8604,30.2452,1759.1762,20.22
SYM7686,101.0,1681.1416,1.3349,0.2368,0.8862,30.0824,1670.5134,25.1928
SYM7687,96.66,2130.0545,1.4393,0.2043,0.8595,26.1289,2419.0503,21.3624
SYM7688,86.93,1333.4804,1.119,0.1753,0.9588,25.4113,1755.3066,16.8317
SYM7689,110.0,1484.9675,1.5394,0.2064,0.8695,20.686,3058.5418,21.6257
SYM7690,95.01,1668.9889,1.4075,0.2281,0.3063,28.9613,2243.664,23.8065
SYM7691,153.98,1812.3379,1.2816,0.2408,0.9064,29.9613,2032.9813,25.7605
SYM7692,80.98,1063.5289,1.3163,0.2332,0.9394,23.4159,2188.8349,24.5965
SYM7693,117.87,1417.378,1.2179,0.2498,0.924,32.5375,1855.0466,27.1468
SYM7694,153.85,2552.6587,1.3119,0.3062,0.7639,38.5133,1835.1414,35.051
SYM7695,95.73,1873.8762,1.3325,0.2529,0.846,30.5854,1784.8883,27.5354
SYM7696,80.04,1536.804,1.2672,0.2356,0.9154,29.0669,2797.1979,25.6732
SYM7697,126.05,918.2674,1.2634,0.3099,0.8726,28.6463,2671.4128,35.9597
SYM7698,135.15,1527.9255,1.2822,0.2676,0.8956,29.352,2564.1778,30.3586
SYM7699,155.16,1904.0155,1.1331,0.2307,0.895,31.6966,2139.9737,24.7879
SYM7700,78.93,2263.9083,1.2367,0.2947,0.7752,41.8601,2532.536,33.9736
SYM7701,87.91,1233.7669,1.1101,0.2436,0.8409,28.9954,1842.8592,26.6774
SYM7702,95.0,1418.9636,1.1324,0.1415,0.9375,18.3895,1761.8993,12.852
SYM7703,92.33,1640.4852,1.275,0.2387,0.9244,33.907,2162.5654,25.827
SYM7704,95.17,2137.9503,1.4372,0.2199,0.8632,27.1961,1995.2675,23.8488
SYM7705,86.79,1901.2403,1.219,0.2258,0.8665,27.8147,2034.669,24.7797
SYM7706,93.93,1010.0719,1.2175,0.2621,0.8587,25.7242,2249.9899,29.6262
SYM7707,92.29,813.9351,1.2389,0.3251,0.9475,35.3539,2526.025,37.5931
SYM7708,166.1,1586.383,1.1052,0.2367,0.9023,36.5852,2480.1766,26.1282
SYM7709,87.07,1516.6307,1.1969,0.1958,0.9003,27.0824,2086.6016,20.8651
SYM7710,79.0,1421.1731,1.2235,0.2331,0.9119,30.5441,2212.6637,24.782
SYM7711,84.87,2749.5238,1.1717,0.2703,0.7467,43.0421,1847.6807,30.6302
SYM7712,90.49,1727.6865,1.3014,0.2267,0.8989,28.9623,1921.3574,24.0586
SYM7713,106.14,1902.5043,1.2844,0.2319,0.8152,29.7634,1829.892,24.9351
SYM7714,87.79,1405.5183,1.0806,0.2297,0.9011,28.7713,2121.368,24.9238
SYM7715,90.0,1900.4586,1.2657,0.2237,0.8883,27.6934,2190.7659,23.7646
SYM7716,91.84,2111.665,1.2016,0.2328,0.8068,29.5048,2452.957,25.648
SYM7717,89.91,1264.8906,1.202,0.2863,0.9256,36.7155,2183.1045,32.8394
SYM7718,90.92,1671.5916,1.2469,0.1774,0.9457,28.7075,1963.9158,17.0906
SYM7719,165.01,2859.6892,1.1757,0.0929,0.7336,15.7664,1846.9804,7.9545
SYM7720,72.03,1313.552,1.2199,0.3135,0.8549,37.8182,2454.8585,36.6948
SYM7721,86.0,1682.7573,1.3486,0.2609,0.9135,31.7179,2442.1849,28.745
SYM7722,89.5,2047.7787,1.2435,0.2473,0.8405,34.6599,2159.4433,27.2574
SYM7723,143.13,795.2981,1.2562,0.3295,0.8985,27.528,2603.9699,39.0417
SYM7724,101.06,2323.5381,1.2294,0.1974,0.8995,27.591,2115.2587,20.1714
SYM7725,151.9,1581.4191,1.2,0.2907,0.8469,37.4565,2345.4201,33.4709
SYM7726,87.29,1462.1923,1.2164,0.2166,0.7494,28.5749,1801.5464,23.5051
SYM7727,91.97,1511.6412,1.1863,0.2267,0.8804,35.3425,1469.7572,23.8865
SYM7728,77.83,1663.3337,1.2626,0.2714,0.8585,36.9513,2408.6499,30.2967
SYM7729,150.04,3138.4352,1.2763,0.2676,0.8434,46.1988,1848.6134,29.097
SYM7730,84.99,1317.1702,1.1224,0.2824,0.8565,28.897,2178.5147,32.4756
SYM7731,156.17,1484.1222,1.1822,0.2325,0.9412,36.9841,2307.4457,24.6156
SYM7732,85.01,1315.6088,1.2775,0.2224,0.8787,26.3281,2130.6528,23.9256
SYM7733,96.38,2283.3331,1.3721,0.1973,0.9013,27.7225,1939.8239,20.078
SYM7734,98.0,701.6036,1.3123,0.2296,0.9602,25.7139,2478.8286,23.7435
SYM7735,93.9,607.9039,1.1999,0.2599,0.9129,25.2782,2655.562,28.4645
SYM7736,81.94,1600.4652,1.2982,0.2345,0.8553,24.9492,2688.6444,25.6914
SYM7737,94.1,1119.6889,1.1416,0.2504,0.929,27.6606,2166.6382,27.6642
SYM7738,150.12,1265.4765,1.368,0.2698,0.8304,23.8429,2521.1819,31.1779
SYM7739,99.01,1353.4573,1.3266,0.2674,0.8255,27.0978,2483.3258,30.3079
SYM7740,97.8,1498.8466,1.4056,0.2575,0.7919,22.6463,2487.4803,29.8786
SYM7741,99.87,1633.9313,1.2065,0.3102,0.8205,25.2874,2270.0557,36.8135
SYM7742,112.99,781.4411,1.2213,0.2974,0.9066,24.5166,2950.3484,33.9894
SYM7743,82.98,2083.0916,0.9871,0.2424,0.7816,38.3428,1807.488,28.0783
SYM7744,154.96,1016.4254,1.3781,0.3784,0.8939,30.4027,2706.583,46.6805
SYM7745,82.03,2155.207,1.1181,0.2336,0.9159,41.4632,2263.8817,24.9225
SYM7746,85.99,2089.9039,1.298,0.2401,0.893,32.3697,2371.9422,26.0794
SYM7747,162.46,1987.817,1.1535,0.3573,0.7763,50.8852,2194.3183,42.9314
SYM7748,93.99,2889.9875,1.6822,0.2182,0.7587,25.9515,2780.6823,23.446
SYM7749,78.75,1522.9405,1.2667,0.2473,0.8933,30.1969,2232.5466,27.0828
SYM7750,79.86,1553.6947,1.1887,0.287,0.9112,47.3421,2106.5402,32.3615
SYM7751,92.96,1430.201,1.2693,0.2347,0.9245,28.9666,1982.2328,25.2352
SYM7752,86.99,1698.0347,1.3416,0.2507,0.8696,36.935,1886.7283,27.5698
SYM7753,88.84,1886.534,1.3429,0.2595,0.8401,32.8689,1635.1339,28.4422
SYM7754,172.26,1005.8172,1.3296,0.2767,0.9417,29.1592,2352.8712,31.0569
SYM7755,172.27,1314.7108,1.2592,0.2123,0.9291,28.3713,2326.6356,21.9012
SYM7756,97.96,1426.4278,1.3843,0.2787,0.8467,29.4526,2227.3178,31.9271
SYM7757,95.0,874.443,1.198,0.2808,0.9026,25.2485,2168.5256,32.0923
SYM7758,89.95,1838.756,1.3814,0.2505,0.9468,33.0393,2185.125,27.1147
SYM7759,162.59,2982.9594,1.2628,0.2442,0.8573,41.6536,1988.9193,26.3877
SYM7760,80.98,2273.7633,1.2153,0.2875,0.7379,42.3867,2119.189,33.5522
SYM7761,83.85,2323.7214,1.2355,0.2268,0.8295,32.1243,1896.349,24.9398
SYM7762,133.51,1542.1859,1.1216,0.2584,0.8245,35.8058,2063.7208,28.9128
SYM7763,88.05,1676.5734,1.2048,0.2114,0.932,21.4508,2270.4665,21.7869
SYM7764,139.87,2340.0727,1.3596,0.178,0.8559,22.7974,2728.4533,18.5626
SYM7765,81.03,2383.8989,1.3712,0.2962,0.7858,39.8897,2378.6972,33.9044
SYM7766,163.87,821.1492,1.2385,0.3423,0.8659,34.5608,2338.8383,40.2013
SYM7767,90.0,1999.1689,1.3429,0.2346,0.8981,40.0795,1943.9539,24.628
SYM7768,163.84,1929.5157,1.3286,0.2566,0.8218,30.4297,2258.0923,27.9639
SYM7769,81.94,2529.5314,1.2434,0.2149,0.8361,32.5377,2297.1183,22.9578
SYM7770,153.29,1011.753,1.3294,0.3049,0.9023,27.7773,2625.894,35.676
SYM7771,92.0,1452.6811,1.2125,0.2232,0.9263,27.3134,2195.3069,23.147
SYM7772,147.98,2614.318,1.3589,0.2349,0.9039,36.5798,2449.9075,25.0614
SYM7773,88.98,1853.497,1.24,0.1905,0.9103,21.1356,2401.573,19.2925
SYM7774,172.27,1414.9379,1.3526,0.2473,0.8273,23.6343,2417.7827,28.2243
SYM7775,129.92,1253.3425,1.3516,0.3012,0.8802,35.2575,2180.573,35.084
SYM7776,144.62,1343.4321,1.0903,0.2151,0.8646,18.0744,2493.4537,23.2649
SYM7777,122.46,1142.7286,1.2992,0.2667,0.8575,28.8054,1960.8436,29.6376
SYM7778,83.97,2564.1468,1.1333,0.3279,0.7213,45.3472,2279.3684,38.7247
SYM7779,98.97,1231.0644,1.3925,0.2482,0.9345,28.3976,1896.4981,26.7029
SYM7780,81.92,1253.9969,1.2616,0.2499,0.8537,24.169,2155.3151,28.8113
SYM7781,150.06,1318.9545,1.1785,0.1191,0.9588,16.1818,2386.373,10.0596
SYM7782,95.06,2090.1571,1.2411,0.1916,0.8963,31.6086,2073.9768,19.0244
SYM7783,145.34,2274.4385,1.2883,0.2168,0.8709,37.3978,2129.8712,22.4778
SYM7784,99.8,1103.7363,1.3017,0.1834,0.9383,20.7464,2835.6396,18.1045
SYM7785,161.56,1906.2584,1.2339,0.3531,0.7273,48.7078,2365.5549,42.5402
SYM7786,81.99,1314.2584,1.1914,0.1196,0.913,20.5273,1775.3281,10.0012
SYM7787,153.86,2363.1713,1.3553,0.234,0.8405,37.2051,2094.5655,25.0346
SYM7788,90.89,921.809,1.133,0.2302,0.9516,26.2627,3172.378,24.4575
SYM7789,91.99,1344.9564,1.3657,0.251,0.9146,31.9885,2666.7725,27.161
SYM7790,85.98,1439.0247,1.1694,0.2711,0.8952,38.1329,2488.7555,30.02
SYM7791,84.97,3089.1455,1.1414,0.2901,0.653,41.1217,1852.2347,33.2867
SYM7792,93.9,607.9039,1.1999,0.2599,0.9129,25.2782,2655.562,28.4645
SYM7793,95.02,1936.739,1.3231,0.2635,0.8761,34.1765,2308.7642,29.2756
SYM7794,94.97,2244.9473,1.3148,0.3107,0.7601,40.9771,2279.5233,36.0884
SYM7795,161.8,1579.2017,1.1255,0.275,0.913,44.4678,2347.414,30.4104
SYM7796,89.99,1543.4414,1.244,0.263,0.9373,36.4303,2599.2948,28.5843
SYM7797,87.02,1708.933,1.1964,0.3072,0.7205,46.4631,1839.5926,35.5224
SYM7798,96.56,1428.7584,1.1486,0.2274,0.9458,32.0171,2291.5424,23.6433
SYM7799,166.35,1366.5243,1.2955,0.3456,0.8074,40.8704,2658.0384,41.1659
SYM7800,161.91,1806.5394,1.3137,0.2169,0.904,24.1699,2134.8495,22.6936
SYM7801,94.96,1982.1986,1.2847,0.355,0.7514,50.0621,2316.1598,42.4037
SYM7802,76.31,1781.3951,1.3729,0.1635,0.8745,28.8865,2113.3989,15.5144
SYM7803,87.0,1227.7792,1.4123,0.2741,0.8984,26.3022,2757.5535,30.933
SYM7804,95.98,1820.5801,1.1772,0.2006,0.884,42.0356,1982.6748,21.1347
SYM7805,83.99,1884.1651,1.3331,0.3199,0.8092,37.1628,2351.3686,37.8236
SYM7806,71.19,2539.0667,1.3242,0.2696,0.7663,35.2074,2125.1226,30.9018
SYM7807,88.79,1978.1298,1.3782,0.213,0.8761,22.3139,2397.4958,22.4175
SYM7808,172.27,2179.3104,1.3269,0.1575,0.8716,32.0613,2084.0354,14.7256
SYM7809,95.0,874.443,1.198,0.2808,0.9026,25.2485,2168.5256,32.0923
SYM7810,140.0,2801.3285,1.1985,0.2477,0.8782,42.0161,2084.8886,26.6182
SYM7811,84.77,1390.9944,1.2421,0.1992,0.9155,26.2342,2034.3309,19.913
SYM7812,89.53,1453.1726,1.2284,0.2815,0.9352,23.6482,2995.3497,32.4149
SYM7813,155.89,1724.2026,1.1623,0.2684,0.8435,38.7831,2292.9339,30.3078
SYM7814,161.89,1570.2877,1.2017,0.1811,0.9223,20.8088,2514.9165,18.1277
SYM7815,100.91,1898.0981,1.163,0.2912,0.9204,48.1099,1903.5991,32.8094
SYM7816,87.99,1617.2788,1.1248,0.1819,0.894,31.4294,2030.9564,18.2942
SYM7817,90.49,2080.4746,1.2893,0.1655,0.884,28.8869,2424.3558,15.9547
SYM7818,80.07,2564.2499,1.3081,0.2038,0.8996,29.3684,2186.197,20.2691
SYM7819,91.8,2206.2553,1.4582,0.168,0.9362,19.5552,1949.915,16.3689
SYM7820,84.48,1899.9479,1.1189,0.2153,0.8979,36.5865,1870.3423,21.8753
SYM7821,95.02,1694.4322,1.2072,0.2961,0.8689,36.7671,1817.9002,33.9294
SYM7822,89.04,970.0526,1.1213,0.1902,0.9242,20.7639,2845.1214,19.3289
SYM7823,99.91,1428.4067,1.2792,0.2209,0.9265,23.8416,2326.7902,23.3796
SYM7824,74.96,1713.2528,1.1178,0.1381,0.9518,25.9263,2107.2957,12.0059
SYM7825,76.98,2049.8737,1.2834,0.167,0.8872,29.2911,1912.8101,15.8407
SYM7826,97.46,1047.5824,1.3111,0.2346,0.9561,32.4225,2515.6049,24.3184
SYM7827,86.92,1497.402,1.1035,0.2106,0.9392,20.7856,2276.2532,21.7081
SYM7828,80.09,2175.7976,1.3959,0.1925,0.9161,31.0702,2418.1275,19.1366
SYM7829,95.0,874.443,1.198,0.2808,0.9026,25.2485,2168.5256,32.0923
SYM7830,76.31,1781.3951,1.3729,0.1635,0.8745,28.8865,2113.3989,15.5144
SYM7831,155.58,1125.0584,1.2837,0.2137,0.9482,32.7105,2430.4474,21.5473
SYM7832,152.7,2357.5249,1.1896,0.1349,0.937,27.2461,2029.1311,11.635
SYM7833,97.74,3248.6165,1.6558,0.0577,0.6535,7.3782,2766.7264,4.2249
SYM7834,172.27,2573.3595,1.1237,0.1717,0.8738,44.3932,1968.1642,16.3257
SYM7835,93.76,2119.2234,1.1869,0.1415,0.9365,32.2986,1628.1641,12.4233
SYM7836,166.4,2031.8919,1.2433,0.3129,0.9012,41.0277,1705.3024,36.6603
SYM7837,86.46,1853.6773,1.2635,0.129,0.9327,22.4961,2200.7487,10.9446
SYM7838,172.27,1138.3925,1.3564,0.1809,0.8914,13.4542,3666.5945,18.7025
SYM7839,162.11,3010.296,1.1339,0.2577,0.6776,49.2473,2044.4104,28.4766
SYM7840,78.98,2909.509,1.1182,0.1181,0.8543,28.0097,1749.0606,9.8658
SYM7841,83.95,1505.2684,1.2513,0.193,0.9633,31.018,2376.0535,18.6358
SYM7842,172.27,1306.5275,1.1886,0.1592,0.966,27.3232,2259.2793,14.4512
SYM7843,131.98,580.7782,1.0388,0.2435,0.9369,23.8942,2547.5461,26.5787
SYM7844,107.01,1083.1104,1.3687,0.1965,0.9607,24.0214,2045.0589,19.9195
SYM7845,143.84,1085.7577,1.251,0.2451,0.9653,32.0493,2509.307,25.807
SYM7846,81.15,1863.6431,1.2753,0.1368,0.9327,24.8483,2667.7702,11.9744
SYM7847,78.89,2273.1602,1.2591,0.2626,0.8481,37.0374,2284.3854,29.0568
SYM7848,83.48,1781.2512,1.1673,0.2706,0.9516,42.9165,2337.9634,29.7442
SYM7849,161.53,2513.1008,1.2317,0.2447,0.8549,42.574,1612.2915,25.9104
SYM7850,106.975,1551.01855,1.2571,0.2297,0.88245,27.330849999999998,2241.1574499999997,24.66685
SYM7851,76.4,2601.3557,1.2664,0.1758,0.9092,32.6544,2159.2648,16.6863
SYM7852,89.05,2297.7401,1.2105,0.1939,0.9263,33.5067,2258.2125,19.1187
SYM7853,79.86,1188.8938,1.0957,0.3027,0.9314,30.8995,1584.5334,33.8134
SYM7854,142.15,1600.6893,1.1453,0.216,0.9514,33.0426,2163.3433,21.8883
SYM7855,100.8,938.5017,1.3134,0.2193,0.9623,20.062,2633.51,22.6085
SYM7856,156.24,1259.4409,1.0186,0.1416,0.9476,27.4401,2602.6906,12.3209
SYM7857,81.66,1087.7083,1.3792,0.2554,0.2197,27.5186,2552.7545,27.0693
SYM7858,146.33,1917.5612,1.153,0.2131,0.8187,23.1848,2180.459,23.1824
SYM7859,79.9,1146.8215,1.1939,0.3391,0.306,31.2707,1570.4828,39.3323
SYM7860,172.27,3033.0886,1.2695,0.233,0.8442,43.1381,1513.9752,23.957
SYM7861,91.23,1112.956,0.9333,0.3109,0.9508,40.8018,1195.8254,35.1319
SYM7862,105.91,1498.691,1.5295,0.1478,0.9199,21.9833,2274.2084,13.9328
SYM7863,95.88,650.1277,1.0251,0.2624,0.9875,33.4221,2232.1052,27.8706
SYM7864,80.09,2175.7976,1.3959,0.1925,0.9161,31.0702,2418.1275,19.1366
SYM7865,85.07,1788.8329,1.2316,0.1369,0.8801,30.0821,2099.9222,12.1807
SYM7866,129.66,1746.0974,1.3133,0.2468,0.8707,31.7124,1779.9142,27.2786
SYM7867,80.02,2401.1311,1.337,0.2285,0.8419,33.0359,2519.365,24.8874
SYM7868,153.83,1949.0049,1.5881,0.2924,0.8331,26.5461,2900.9009,34.5908
SYM7869,136.94,1881.542,1.2636,0.2484,0.8828,35.3864,1975.1136,27.2822
SYM7870,123.01,1805.0809,1.3745,0.2235,0.848,27.8589,2085.9,24.1816
SYM7871,147.98,1878.1067,1.4059,0.2861,0.8799,39.1145,2459.118,32.8983
SYM7872,123.27,1073.6535,1.4397,0.2827,0.9478,23.7901,2807.1427,32.4077
SYM7873,99.96,1854.4416,1.5068,0.2712,0.8829,24.2732,2853.1538,31.3942
SYM7874,162.04,1763.0105,1.2557,0.2233,0.8418,26.1247,2292.8138,24.6138
SYM7875,152.95,2781.4686,1.6803,0.2324,0.7943,23.465,3125.2829,26.5522
SYM7876,152.48,1627.2899,1.1766,0.3023,0.9024,36.5599,2506.7507,35.867
SYM7877,144.69,1771.6888,1.2574,0.2646,0.9027,37.6045,2299.1198,29.1409
SYM7878,110.75,3215.8554,1.3404,0.1799,0.8141,26.099,2171.2561,18.2928
SYM7879,150.19,1781.1122,1.3975,0.2154,0.8737,25.8685,2163.6951,22.9481
SYM7880,144.54,1985.9012,1.1569,0.239,0.8531,33.018,2233.0035,26.9678
SYM7881,125.05,2198.7863,1.4103,0.2346,0.8368,25.0517,2733.0901,26.8413
SYM7882,143.07,1338.8203,1.5266,0.2732,0.9015,21.728,2955.7646,31.6275
SYM7883,139.92,1928.4831,1.3291,0.2414,0.7973,24.5184,2751.0019,27.7934
SYM7884,101.36,1620.8975,1.3755,0.2727,0.808,30.338,2358.7794,31.9105
SYM7885,84.77,1581.9241,1.3013,0.2457,0.9081,29.1348,2152.4042,27.102
SYM7886,126.0,1928.2679,1.1634,0.2282,0.8388,28.3897,1987.5676,25.0952
SYM7887,178.21,2769.5863,1.4794,0.2683,0.7497,31.3042,1983.9144,31.0397
SYM7888,143.8,1438.2865,1.2904,0.2549,0.9231,25.6876,2947.5393,29.5248
SYM7889,99.97,1576.3892,1.3874,0.2798,0.8101,39.0766,2614.9703,32.2796
SYM7890,96.08,2709.9836,1.3896,0.2602,0.7166,35.37,2167.593,29.2477
SYM7891,150.06,1505.6531,1.3951,0.3203,0.861,30.0134,2498.4548,37.8734
SYM7892,82.07,1464.6514,1.1627,0.2575,0.92,32.607,2190.0432,28.3428
SYM7893,152.99,1780.5621,1.4597,0.2797,0.8773,29.4474,2126.9288,31.9201
SYM7894,82.97,1797.9918,1.3921,0.2458,0.8807,30.3392,2265.6915,27.5557
SYM7895,84.88,1416.7877,1.2713,0.2609,0.876,24.7038,2443.0133,30.1124
SYM7896,99.94,910.6235,1.3887,0.283,0.9474,21.8383,2846.3639,32.943
SYM7897,153.6,1326.5118,1.3993,0.286,0.8543,23.66,2355.3443,32.9511
SYM7898,89.27,1056.3958,1.2357,0.2919,0.8321,19.1962,2733.4651,36.2687
SYM7899,153.61,1257.0016,1.3645,0.3116,0.8716,31.3603,2557.4475,36.7153
SYM7900,142.82,1900.796,1.2046,0.2239,0.8659,24.8473,1838.3556,24.5231
SYM7901,86.3,2180.422,1.3061,0.2416,0.8622,35.3737,2294.1171,26.2858
SYM7902,85.92,1564.3168,1.2073,0.2444,0.9171,26.6723,1915.5357,26.6927
SYM7903,161.79,1499.6047,1.3063,0.2787,0.8648,32.9185,2474.6074,31.6555
SYM7904,87.41,2876.5742,1.408,0.1668,0.7079,22.0461,2213.1246,17.3234
SYM7905,153.44,1750.4009,1.3517,0.2674,0.8393,30.5509,2037.8731,29.8576
SYM7906,86.06,1764.7418,1.2966,0.2984,0.9016,40.1808,2170.3874,33.8672
SYM7907,86.01,1644.6187,1.1574,0.2392,0.8807,26.4631,1825.6297,26.4991
SYM7908,95.02,3356.0741,1.225,0.1123,0.84,23.6878,1867.7113,9.2439
SYM7909,82.0,1260.0379,1.1532,0.3028,0.8979,36.0893,2211.6544,34.649
SYM7910,86.91,1517.0112,1.2413,0.3621,0.7952,41.4257,1889.8772,43.852
SYM7911,79.75,968.4205,1.302,0.2689,0.9668,28.4251,2399.8345,30.1151
SYM7912,90.94,1562.2483,1.1888,0.3764,0.7457,45.3134,2317.6066,46.2422
SYM7913,79.91,2094.8315,1.262,0.2341,0.847,35.4245,2085.8741,25.3027
SYM7914,155.56,1907.9101,1.22,0.2822,0.8366,36.4833,1983.1745,32.5049
SYM7915,111.97,1611.664,1.2272,0.2816,0.9022,41.3689,1809.8451,31.2308
SYM7916,92.83,2370.5677,1.2532,0.256,0.2979,34.9148,1909.8062,27.9273
SYM7917,126.49,1744.2566,1.203,0.1929,0.8788,32.7953,2095.0514,19.2106
SYM7918,77.45,3104.6623,1.4519,0.3227,0.8812,37.5123,1889.3051,36.7055
SYM7919,83.06,1731.3059,1.3389,0.3117,0.7717,39.2816,2096.0384,36.3156
SYM7920,114.11,1352.0095,1.2241,0.1649,0.9412,27.9028,2399.2329,15.9548
SYM7921,148.05,2397.6081,1.272,0.1446,0.8361,20.9769,2187.3287,13.6925
SYM7922,125.09,2137.4572,1.3559,0.2659,0.7989,40.8938,1733.4266,29.0732
SYM7923,84.49,2467.5659,1.0389,0.2322,0.9237,44.1801,1659.4978,24.4273
SYM7924,153.01,1110.9137,1.4823,0.3451,0.9071,26.1525,2562.1825,41.8064
SYM7925,77.29,1816.7216,1.2554,0.2173,0.2998,25.7164,2524.8553,22.8278
SYM7926,80.93,1675.9002,1.1522,0.3199,0.855,43.7106,2061.9586,37.2475
SYM7927,153.98,1367.8962,1.0969,0.2028,0.9407,26.4621,2408.723,20.5076
SYM7928,78.0,1011.6294,1.3244,0.3224,0.9019,32.9733,2407.9415,37.3739
SYM7929,155.72,1156.6573,1.2941,0.312,0.926,30.583,2116.3483,35.8059
SYM7930,81.8,1955.9187,1.2389,0.2466,0.8941,36.9349,2102.2191,27.4804
SYM7931,94.56,1628.4324,1.3438,0.32,0.9094,37.5897,1610.2669,36.7652
SYM7932,77.0,2757.7521,1.1951,0.2462,0.8377,39.008,1886.7652,26.5555
SYM7933,143.07,1011.5445,1.4221,0.3365,0.9426,28.0193,2397.0477,39.8105
SYM7934,126.91,1300.9195,1.2469,0.236,0.871,26.1408,2017.838,25.4699
SYM7935,90.86,1639.2685,1.3929,0.176,0.9085,22.5929,2178.0008,16.7433
SYM7936,156.16,3081.7836,1.1327,0.1847,0.8501,37.3218,1744.4911,18.3065
SYM7937,81.01,2521.0012,1.2365,0.2508,0.82,40.4108,1911.8369,27.1541
SYM7938,79.48,1105.6094,1.3508,0.3227,0.9581,35.3699,2187.2225,37.5698
SYM7939,140.0,2064.228,1.2571,0.2382,0.8584,31.4247,1811.8209,24.9956
SYM7940,80.93,1675.9002,1.1522,0.3199,0.855,43.7106,2061.9586,37.2475
SYM7941,82.99,2021.2772,1.1669,0.3029,0.8899,41.0745,1744.5731,34.3449
SYM7942,84.92,2706.0713,1.3454,0.2574,0.8124,38.2034,2329.6495,28.093
SYM7943,139.96,1519.5321,1.4591,0.263,0.8964,33.1183,2736.9804,29.0911
SYM7944,91.0,1387.3669,1.1939,0.2274,0.9708,36.2988,2287.2491,23.4168
SYM7945,163.97,1646.9774,1.6355,0.2838,0.9124,29.3787,2598.894,31.9052
SYM7946,80.69,2812.4793,1.1798,0.2381,0.8037,39.2918,2154.2369,25.7108
SYM7947,74.87,1991.5915,1.2104,0.2758,0.9151,42.7552,1940.6339,29.9458
SYM7948,79.98,1089.8125,1.2882,0.2274,0.95,29.3013,2614.5836,23.6244
SYM7949,88.91,1577.2362,1.4114,0.3037,0.9064,35.6213,2560.9369,34.9764
SYM7950,84.96,2225.9096,1.2352,0.2425,0.8863,31.6579,1826.0813,26.3291
SYM7951,161.95,1633.6107,1.3442,0.1672,0.8672,18.4699,2282.9363,15.9048
SYM7952,86.91,1517.0112,1.2413,0.3621,0.7952,41.4257,1889.8772,43.852
SYM7953,82.01,1440.2557,1.2246,0.3371,0.889,36.35,2386.3739,39.7564
SYM7954,84.9,1159.9208,1.139,0.1953,0.948,24.4527,2271.1302,19.8688
SYM7955,150.77,2574.1686,1.3553,0.2704,0.8672,43.8284,1696.5796,29.4204
SYM7956,72.05,2181.0501,1.2165,0.325,0.8516,42.8243,2124.6772,37.8056
SYM7957,145.03,3300.155,1.3313,0.2898,0.7895,36.0365,2261.3466,32.4494
SYM7958,91.27,1369.9237,1.2941,0.3452,0.9153,40.467,2018.9202,40.5197
SYM7959,79.96,1886.7974,1.275,0.1392,0.8198,19.935,2566.1012,12.9014
SYM7960,75.38,1916.7021,1.4152,0.258,0.8312,31.7052,2443.2318,29.7594
SYM7961,155.51,2082.4067,1.3559,0.3386,0.2059,41.6933,1706.4967,39.609
SYM7962,83.99,1725.0916,1.433,0.2986,0.9236,40.5184,2380.4482,33.7032
SYM7963,162.87,1189.1164,1.2296,0.2886,0.9288,32.0464,2175.0839,32.185
SYM7964,154.69,2270.2678,1.3234,0.1631,0.8264,32.6109,1859.9844,15.2016
SYM7965,147.94,1651.4028,1.2233,0.2572,0.9192,34.3951,2239.296,27.6098
SYM7966,162.03,3086.7844,1.2904,0.1475,0.8323,23.0083,2005.1562,13.8762
SYM7967,81.97,2350.0268,1.3855,0.3026,0.88,40.1665,1946.952,34.0631
SYM7968,77.02,1762.8016,1.2069,0.1945,0.2975,27.9703,1938.5966,19.4635
SYM7969,80.02,1827.6641,1.4186,0.2952,0.8518,31.948,2228.8036,33.1966
SYM7970,142.09,1564.9802,1.1423,0.2889,0.2609,40.6728,1915.8245,32.3982
SYM7971,155.24,2332.2667,1.2919,0.2865,0.8126,34.9835,1645.1138,32.1582
SYM7972,90.01,2229.9882,1.268,0.1424,0.8906,24.1853,1922.4129,13.0508
SYM7973,86.87,1817.7087,1.4158,0.2762,0.9273,33.3342,2000.6007,30.1475
SYM7974,89.97,1673.6981,1.3686,0.3064,0.8918,36.2501,1685.2507,34.9008
SYM7975,88.1,2418.6915,1.3972,0.1672,0.8562,23.2541,2093.5301,16.9263
SYM7976,164.1,1671.923,1.1786,0.2473,0.22,41.434,1991.7142,26.1774
SYM7977,83.33,3122.691,1.2393,0.267,0.7881,37.8696,1628.5325,29.1955
SYM7978,89.03,1749.1378,1.5012,0.127,0.8829,14.1435,3259.6706,11.5257
SYM7979,135.97,1388.0453,1.0364,0.222,0.8421,24.3114,1799.7471,23.7644
SYM7980,129.74,908.1185,0.9547,0.241,0.9162,27.7022,1858.4895,25.8252
SYM7981,138.97,1217.4513,1.0807,0.2328,0.8832,25.3785,2171.1539,25.6569
SYM7982,83.06,1479.676,1.0539,0.2042,0.8607,21.6658,1719.277,21.484
SYM7983,142.29,919.4822,1.0446,0.191,0.9026,16.7159,1818.2323,19.6133
SYM7984,80.07,1094.6274,1.0425,0.1784,0.9328,25.0011,2179.1137,17.717
SYM7985,84.03,1479.4813,1.1079,0.236,0.8904,30.599,2160.0599,25.6363
SYM7986,129.81,994.9285,1.0895,0.2238,0.8878,19.7096,1880.1073,25.3484
SYM7987,138.97,1217.4513,1.0807,0.2328,0.8832,25.3785,2171.1539,25.6569
SYM7988,94.13,1630.5312,1.1846,0.2465,0.8857,31.7901,2501.7859,27.6432
SYM7989,128.31,1107.5435,1.1186,0.2008,0.8817,21.3963,2299.7482,21.1572
SYM7990,110.15,1314.6239,1.0708,0.1923,0.8998,24.3294,2020.9273,19.4148
SYM7991,90.05,1684.9925,1.0088,0.2138,0.9318,36.5572,1685.7053,22.0521
SYM7992,114.99,1484.0069,1.1686,0.2669,0.8793,32.0435,2509.676,29.7161
SYM7993,78.75,909.5771,1.1305,0.2802,0.9037,24.7552,2157.7808,31.8011
SYM7994,86.11,1902.9805,1.2745,0.2597,0.8417,29.2195,2647.9945,29.0174
SYM7995,85.96,1173.4929,1.1562,0.2585,0.9092,32.3522,2290.5151,28.2297
SYM7996,105.93,1476.6913,1.1276,0.1939,0.8976,29.0891,1934.8961,19.4869
SYM7997,118.31,1246.4496,0.7696,0.2009,0.9472,24.2851,1513.1956,20.5506
SYM7998,142.21,1020.7811,1.1282,0.2315,0.909,22.4197,2177.8434,24.9035
SYM7999,99.98,1962.8338,1.1688,0.2461,0.9592,36.1151,1911.7149,26.0289
SYM8000,85.08,1274.1353,1.2007,0.1323,0.9292,18.8707,2505.9038,11.6635
SYM8001,76.07,2118.1239,1.1116,0.2569,0.7974,33.4242,1522.2023,28.1282
SYM8002,146.01,729.4168,0.9927,0.2742,0.9285,23.6778,2592.5146,31.2805
SYM8003,155.77,1307.7737,1.0594,0.1862,0.9043,24.1725,1761.8095,18.6408
SYM8004,128.06,1226.6445,0.9373,0.2222,0.923,31.427,1938.0283,23.2436
SYM8005,88.01,1420.1823,1.051,0.198,0.9511,25.5807,2202.5275,20.5573
SYM8006,128.19,1260.7346,0.9712,0.1955,0.894,26.6554,1461.7821,19.962
SYM8007,125.93,965.1969,0.9865,0.1518,0.9125,17.4527,2130.4398,14.6665
SYM8008,103.6,1042.3888,1.0619,0.1795,0.9449,20.0293,2010.7013,18.0714
SYM8009,82.9,1645.6913,1.1431,0.1153,0.8898,20.9826,2537.6144,9.9798
SYM8010,87.95,1154.5912,1.2029,0.2847,0.9284,28.3425,2337.8415,32.5911
SYM8011,86.09,1351.4593,1.2113,0.2602,0.9221,25.929,2310.9298,29.1734
SYM8012,146.03,1583.0882,1.1292,0.2435,0.8643,34.491,1891.1598,26.0165
SYM8013,83.87,1191.0974,1.1112,0.1869,0.9147,23.3788,1893.6691,18.7105
SYM8014,69.98,592.3724,1.0605,0.2429,0.9502,20.5624,2386.7063,25.4936
SYM8015,153.38,1198.5446,0.9946,0.248,0.9127,30.5983,1753.1253,27.1717
SYM8016,123.93,845.1688,1.021,0.2096,0.9322,20.0177,2582.7193,22.0661
SYM8017,144.69,865.6277,0.8492,0.1744,0.9625,20.5618,1624.1142,17.2296
SYM8018,120.01,1459.6892,1.0727,0.188,0.9093,26.0415,2105.727,19.0428
SYM8019,104.83,1458.2544,0.9789,0.222,0.8987,30.3297,1999.8004,23.2529
SYM8020,85.74,2090.203,1.1702,0.1827,0.8883,36.1002,1983.5209,17.61
SYM8021,109.96,1453.444,1.1462,0.2846,0.8848,32.2015,2303.8465,32.2827
SYM8022,103.97,1464.7716,1.1529,0.0823,0.8937,10.8163,2378.5655,6.606
SYM8023,84.58,1127.3822,1.2209,0.1867,0.8585,19.2997,2124.2066,18.8215
SYM8024,117.77,1267.8984,1.2343,0.2186,0.8818,25.1006,2493.7291,23.3083
SYM8025,111.03,1951.935,1.1349,0.1346,0.8662,24.6145,2167.3267,12.3473
SYM8026,80.91,1430.1041,1.0438,0.2568,0.8928,32.7584,1770.8682,28.2367
SYM8027,110.75,589.338,0.9189,0.1132,0.9457,11.0887,1835.2115,9.5724
SYM8028,153.86,2108.2332,1.1686,0.2034,0.9338,38.1085,2209.8268,20.7929
SYM8029,80.09,1363.9214,1.2694,0.2337,0.9368,23.8179,2334.0268,24.7632
SYM8030,110.6,981.1668,0.8966,0.2204,0.9336,22.5526,1333.2169,22.3707
SYM8031,135.92,1183.0095,0.8534,0.1192,0.8652,17.4093,1738.3684,10.5247
SYM8032,128.64,1393.6677,0.9265,0.1256,0.8398,20.0042,1356.5142,10.9972
SYM8033,99.99,1024.938,1.1945,0.3266,0.9348,35.6405,2569.9655,38.2844
SYM8034,85.85,1400.38,1.1316,0.2769,0.8706,33.7975,1979.935,31.5439
SYM8035,89.44,2566.3075,1.1471,0.2265,0.8416,34.2194,2238.5266,24.4565
SYM8036,84.96,1554.3656,1.244,0.3262,0.8821,38.6878,2116.117,38.1488
SYM8037,83.84,1276.0207,1.0633,0.1583,0.9184,17.8044,1907.2639,15.1951
SYM8038,90.04,1556.7283,1.0589,0.3478,0.8541,39.4504,1692.6644,41.4531
SYM8039,110.19,1597.3312,1.1725,0.2386,0.8656,28.8694,2258.6078,26.3991
SYM8040,116.31,2454.3861,1.0458,0.2689,0.9426,49.1225,1815.5711,28.9592
SYM8041,163.97,1601.5125,1.0358,0.1845,0.8991,27.2089,1789.0551,18.4695
SYM8042,87.77,1632.716,1.1901,0.1787,0.9113,22.8918,1993.4675,17.3413
SYM8043,79.98,1113.5787,1.0836,0.2399,0.9236,24.6922,2111.4882,25.8901
SYM8044,137.14,1027.9864,1.0299,0.2444,0.9127,26.2094,2150.8445,26.81
SYM8045,135.01,1546.6876,1.1066,0.1588,0.9038,25.5597,2091.0177,15.1826
SYM8046,119.98,732.1482,1.0791,0.2136,0.8989,16.9061,2477.822,22.6031
SYM8047,90.0,1003.8156,1.0892,0.2331,0.9479,22.6062,1953.0425,24.2827
SYM8048,91.01,1725.6751,1.1717,0.189,0.8793,23.6712,2011.5504,19.4534
SYM8049,184.57,1482.7008,1.2295,0.2264,0.9095,32.46,2939.3208,24.0215
SYM8050,161.62,2087.182,1.1718,0.1923,0.9303,35.9889,2097.8792,18.9526
SYM8051,89.94,1502.7594,1.3865,0.2777,0.8782,25.2768,2402.4238,31.7007
SYM8052,120.06,2000.0882,1.0468,0.2071,0.841,30.1654,2321.4151,21.5686
SYM8053,139.95,2023.1074,1.1388,0.2503,0.9417,42.2796,2225.589,26.6289
SYM8054,139.98,1983.6325,1.1727,0.1624,0.8778,30.516,2383.4456,15.1278
SYM8055,97.02,455.9313,0.9576,0.3009,0.9548,28.741,2412.1234,33.6527
SYM8056,150.12,1261.3994,1.0314,0.2665,0.9113,36.8986,1888.3922,29.6453
SYM8057,117.9,1456.7065,0.97,0.1804,0.924,25.0052,2004.4625,18.1354
SYM8058,146.11,1445.7425,1.2372,0.2166,0.8852,21.4747,2342.5157,23.6476
SYM8059,89.45,1773.9903,1.1432,0.1622,0.9074,26.4756,2059.7563,15.7119
SYM8060,113.27,2364.5033,1.2867,0.3142,0.7329,40.3029,2684.2915,36.4087
SYM8061,120.0,1990.4604,1.0611,0.2112,0.8818,34.6191,2448.5892,22.3056
SYM8062,96.02,1968.8433,1.1422,0.2163,0.8564,32.8599,2032.1865,22.7691
SYM8063,152.7,793.5225,1.1231,0.3069,0.9203,28.9556,2122.8957,35.4756
SYM8064,87.18,536.3279,1.2073,0.2616,0.9256,20.2354,3059.1085,29.3124
SYM8065,89.99,2659.7804,1.2469,0.1592,0.8813,36.9691,2277.476,15.0077
SYM8066,161.78,1738.4957,1.1702,0.2519,0.9151,41.1997,2559.5948,27.6928
SYM8067,142.7,1711.4745,1.1675,0.1061,0.8876,14.5033,2361.1038,8.8667
SYM8068,87.86,1537.1615,1.1066,0.2514,0.8717,26.8998,2071.6506,27.7013
SYM8069,110.0,1655.3574,1.1011,0.219,0.8936,34.3683,2184.0228,22.8447
SYM8070,89.99,1283.8472,1.3835,0.2542,0.9171,29.8918,2214.5665,27.7146
SYM8071,86.01,1627.9063,1.3978,0.2646,0.94,30.2837,3172.1071,29.7409
SYM8072,110.04,1410.2167,1.0621,0.2111,0.8827,29.4067,2047.9922,22.1995
SYM8073,118.5,991.7269,1.1084,0.1329,0.9286,19.0418,2299.2551,11.924
SYM8074,81.96,1962.6732,1.3177,0.1543,0.8795,20.3293,2674.8536,15.0701
SYM8075,87.9,2301.5501,1.1075,0.2265,0.9644,44.3083,1933.6595,22.9853
SYM8076,137.7,1243.7706,1.0005,0.168,0.8458,18.418,1941.2283,16.6896
SYM8077,163.86,1200.8484,1.1878,0.2582,0.9167,26.3695,2190.7187,28.6632
SYM8078,144.78,859.8523,0.8835,0.1092,0.9308,12.279,2341.1768,9.4522
SYM8079,153.72,3159.6425,1.1159,0.1942,0.8893,47.9687,1764.9467,18.6359
SYM8080,153.17,1507.4565,1.1266,0.2021,0.904,22.3583,2486.8864,20.7477
SYM8081,88.22,1637.2103,1.2283,0.1885,0.9023,25.7562,2580.8825,19.1849
SYM8082,147.85,1025.9307,0.9979,0.234,0.9299,27.2812,2143.8003,25.0718
SYM8083,136.83,1111.9723,1.0016,0.0968,0.8806,12.2387,2589.0729,8.5561
SYM8084,163.23,1382.8705,1.3383,0.2846,0.8312,32.2197,2957.506,32.2473
SYM8085,103.6,1042.3888,1.0619,0.1795,0.9449,20.0293,2010.7013,18.0714
SYM8086,97.82,925.6743,1.0815,0.3294,0.9196,35.6685,2695.4379,38.7906
SYM8087,114.8,1908.4082,1.1233,0.2633,0.8768,39.7253,1856.5215,29.0139
SYM8088,84.91,1272.0072,1.1071,0.2303,0.9057,24.9208,2182.6997,25.0491
SYM8089,139.85,1697.1906,1.0325,0.2238,0.9222,36.8119,1898.1163,22.9038
SYM8090,132.96,1284.5924,1.0696,0.2681,0.8759,33.9297,2010.6121,30.0889
SYM8091,79.87,2271.9285,1.2028,0.1118,0.8096,22.1388,2299.4483,9.4967
SYM8092,91.84,2400.5232,1.1409,0.2226,0.3146,40.6024,1939.8081,23.1132
SYM8093,87.93,1597.2551,1.1926,0.2502,0.8725,34.5865,2347.3198,27.1956
SYM8094,89.89,3644.0416,1.146,0.2056,0.8206,39.2939,2137.9285,21.1728
SYM8095,151.07,1545.907,1.0816,0.2765,0.9014,36.8731,2032.0919,30.9939
SYM8096,152.06,1421.9661,1.2258,0.2677,0.9663,32.6629,2667.8958,29.6899
SYM8097,144.01,1915.9268,1.1331,0.2554,0.9505,35.0554,2174.1545,27.4669
SYM8098,88.97,1580.2083,1.0545,0.1419,0.8438,19.4216,1809.6836,13.1947
SYM8099,162.51,1228.0615,0.9239,0.1096,0.8287,16.8439,1387.3985,8.9613
SYM8100,150.22,2543.6806,1.2459,0.3284,0.8661,44.0669,2082.7488,38.286
SYM8101,115.94,1020.3223,1.0296,0.2896,0.9459,26.9896,2300.9526,32.7789
SYM8102,139.74,2410.389,1.352,0.2547,0.9075,38.2006,2434.4318,26.8373
SYM8103,81.96,1962.6732,1.3177,0.1543,0.8795,20.3293,2674.8536,15.0701
SYM8104,162.0,1278.2863,1.103,0.2603,0.8965,34.3019,2164.6879,28.8826
SYM8105,153.72,3159.6425,1.1159,0.1942,0.8893,47.9687,1764.9467,18.6359
SYM8106,162.28,1279.5879,1.0225,0.1735,0.888,18.839,1968.6626,16.9781
SYM8107,129.72,537.6298,0.9077,0.245,0.961,19.4794,2433.7357,25.9327
SYM8108,89.88,2111.0547,1.2395,0.1737,0.8592,27.7086,1852.1652,17.0169
SYM8109,87.85,1170.1135,1.0698,0.1607,0.9152,19.0152,2326.9082,15.2693
SYM8110,84.36,3601.6857,1.2986,0.1796,0.7335,31.2707,2516.6389,17.9472
SYM8111,147.97,997.3813,1.0949,0.323,0.8339,31.331,2319.7113,37.3713
SYM8112,139.95,2225.2905,1.1607,0.204,0.8517,30.3181,2214.3101,21.5099
SYM8113,172.27,1550.3416,1.2821,0.2357,0.9051,28.6359,2504.9239,25.6383
SYM8114,139.99,2023.0456,1.2136,0.2687,0.8516,36.8453,2130.2783,30.3675
SYM8115,93.0,1643.2744,1.2318,0.2591,0.8648,39.0653,2120.1297,28.6732
SYM8116,108.07,1059.059,1.2052,0.269,0.9125,25.4891,2331.2125,30.6622
SYM8117,84.98,1506.4577,1.1257,0.2835,0.8887,33.9587,2173.789,32.1362
SYM8118,99.98,1699.4321,1.257,0.3109,0.8459,37.7531,2403.3354,36.6378
SYM8119,94.01,2267.413,1.1872,0.3063,0.2063,45.9533,2018.2708,34.7176
SYM8120,98.24,1490.457,1.2074,0.1438,0.9095,18.8928,2210.4076,13.1057
SYM8121,129.73,1050.598,1.0213,0.1907,0.8537,13.1615,2346.8755,20.8283
SYM8122,135.05,1470.3063,1.1769,0.1947,0.8567,17.8028,2436.1141,21.0279
SYM8123,109.63,1410.2685,1.2294,0.019,0.6923,3.6587,2076.0296,0.9203
SYM8124,78.46,721.1763,1.0101,0.129,0.3306,13.6679,2162.1501,11.4957
SYM8125,93.85,1762.3991,0.7921,0.0114,0.9094,0.6682,1878.4441,0.4364
SYM8126,90.0,1382.9844,1.2389,0.183,0.9208,26.6314,2394.2361,18.2686
SYM8127,88.77,1028.4985,1.1629,0.1742,0.9173,18.1664,2311.4332,17.291
SYM8128,88.15,953.8059,1.0532,0.2648,0.9384,25.3953,2197.1255,30.5063
SYM8129,139.89,912.996,1.0596,0.1693,0.9076,16.9922,1931.8592,16.5536
SYM8130,94.0,1458.6043,1.2667,0.3123,0.8369,24.6342,2955.2199,37.9027
SYM8131,94.0,1458.6043,1.2667,0.3123,0.8369,24.6342,2955.2199,37.9027
SYM8132,85.95,1721.4762,1.1041,0.1478,0.8866,23.193,2795.1019,14.8161
SYM8133,106.975,1551.01855,1.2571,0.2297,0.88245,27.330849999999998,2241.1574499999997,24.66685
SYM8134,95.94,1337.2683,1.3716,0.2875,0.8873,33.5402,2772.524,32.9363
SYM8135,81.92,2406.9803,0.9649,0.2122,0.8035,21.5466,2021.7245,23.8194
SYM8136,112.89,818.366,0.9774,0.1738,0.9473,21.4347,2255.5433,17.1853
SYM8137,70.11,1218.9511,1.1156,0.2272,0.8898,26.0766,2318.1352,24.1971
SYM8138,100.8,1685.016,1.2353,0.2336,0.8313,26.9727,2294.1299,25.5447
SYM8139,112.92,2912.9526,1.1957,0.1997,0.2093,21.6582,2194.8775,20.6165
SYM8140,70.11,1218.9511,1.1156,0.2272,0.8898,26.0766,2318.1352,24.1971
SYM8141,89.96,1508.3222,1.1997,0.2772,0.8937,31.6966,2490.7616,31.7114
SYM8142,95.02,1246.9862,1.1635,0.1311,0.8703,12.9615,2625.0643,11.8807
SYM8143,79.07,1190.6718,1.0383,0.2109,0.9115,25.3914,2207.1366,22.3682
SYM8144,97.93,1288.883,1.0559,0.1755,0.3525,14.0883,2437.6483,19.1116
SYM8145,93.0,1214.7242,1.0938,0.1809,0.8958,17.1835,2023.4905,18.6366
SYM8146,89.96,1675.7733,1.1046,0.1649,0.688,17.7951,2162.6053,17.5615
SYM8147,97.98,1374.7383,1.2825,0.2204,0.8226,20.0414,2369.718,24.4365
SYM8148,99.88,1104.6763,1.1956,0.1545,0.8767,14.8692,2637.2338,14.8372
SYM8149,120.96,922.5467,1.2076,0.1965,0.9072,13.5768,2907.6973,20.9574
SYM8150,99.02,1253.3754,1.1486,0.1038,0.9004,16.7729,1768.211,8.6123
SYM8151,123.8,572.9417,1.2054,0.1727,0.9066,12.7987,2595.9394,17.7806
SYM8152,147.93,1168.4288,1.4553,0.2496,0.9028,24.6075,2274.5021,27.2972
SYM8153,80.04,1585.8395,1.3994,0.1643,0.8926,20.3305,2505.5338,16.2151
SYM8154,146.99,1284.0032,1.4512,0.2371,0.9198,25.2476,2462.4945,25.5875
SYM8155,151.66,1291.4352,1.2432,0.2377,0.8718,27.8525,2125.8051,26.0211
SYM8156,117.04,1961.069,1.2554,0.138,0.8766,20.1827,2234.1007,12.732
SYM8157,136.04,1526.316,1.2218,0.234,0.8475,27.2625,2152.6491,24.9527
SYM8158,151.1,1116.9031,1.3754,0.2061,0.8625,24.1713,2011.0456,21.2367
SYM8159,112.56,1236.8637,1.2059,0.2149,0.8587,22.8264,2283.6857,22.5668
SYM8160,142.16,1508.2392,1.6845,0.2442,0.812,19.4537,2429.6633,27.1377
SYM8161,129.06,1747.0357,1.4197,0.2562,0.8246,32.871,2122.0619,28.5579
SYM8162,153.75,1712.2544,1.3268,0.184,0.9023,22.2307,1929.2199,18.8496
SYM8163,111.84,2027.6031,1.359,0.2219,0.7582,24.7326,2196.1757,24.3983
SYM8164,139.91,1948.2708,1.5918,0.2963,0.8484,27.7764,2633.3572,34.8163
SYM8165,96.13,1331.1386,1.3289,0.1437,0.9221,17.5129,2530.0437,13.9218
SYM8166,95.45,1391.336,1.3881,0.2447,0.8514,29.3066,2120.9295,26.5066
SYM8167,99.97,1203.2312,1.3351,0.2375,0.8531,23.8296,2044.3591,26.0864
SYM8168,99.84,1598.2025,1.1519,0.2093,0.83,25.9108,1786.3631,22.3409
SYM8169,172.27,1972.7329,1.346,0.2016,0.8729,27.2683,2459.5477,20.9912
SYM8170,133.67,1276.2062,1.3041,0.2086,0.9043,26.9613,2341.7938,21.7923
SYM8171,107.89,1149.6965,1.1508,0.1655,0.8727,18.9278,2434.8419,16.3056
SYM8172,128.99,885.9872,1.2352,0.2582,0.9452,24.9932,2289.1274,27.9974
SYM8173,128.08,2084.7578,1.3211,0.1645,0.8575,27.8756,1880.0357,16.2082
SYM8174,153.81,2399.9523,1.2345,0.1964,0.8151,27.0395,2162.7831,20.4326
SYM8175,162.61,3782.3885,1.1247,0.1844,0.7213,35.2086,1562.3536,18.8685
SYM8176,97.98,1342.2344,1.439,0.2679,0.7734,27.659,2283.4109,30.1937
SYM8177,120.0,1565.6421,1.2737,0.248,0.8826,30.1261,2220.3972,27.4192
SYM8178,153.28,2660.7544,1.2433,0.1771,0.8044,34.3575,1649.0187,17.438
SYM8179,112.79,1502.6577,1.3348,0.1656,0.9095,23.1677,1949.5226,15.996
SYM8180,127.01,1256.7883,1.3967,0.2258,0.8509,23.8863,2083.1182,24.3977
SYM8181,123.92,1362.3463,1.2728,0.2734,0.8139,25.0096,2039.401,30.9541
SYM8182,122.14,2023.8969,1.3994,0.1745,0.7082,23.4601,1598.5142,17.8646
SYM8183,77.96,1588.6767,1.4362,0.2192,0.8396,20.0116,2705.8658,24.2947
SYM8184,130.24,1472.4262,1.5124,0.277,0.8222,23.9278,2329.6679,32.1542
SYM8185,162.19,1643.1587,1.2046,0.2491,0.8656,29.6763,2166.94,28.1714
SYM8186,125.72,1312.1279,1.1969,0.2196,0.8822,25.3474,1755.6513,23.497
SYM8187,89.13,1420.4631,1.303,0.2111,0.9054,25.851,2144.3044,22.238
SYM8188,133.78,1284.3468,1.3148,0.2379,0.7855,26.3105,1708.5127,25.996
SYM8189,89.92,1388.5575,1.1636,0.2262,0.8639,24.892,2004.1093,25.4296
SYM8190,133.0,1117.6155,1.2562,0.2119,0.888,19.4302,2786.6756,23.2467
SYM8191,114.75,1523.1199,1.4492,0.3127,0.8484,35.3819,1961.3822,36.6456
SYM8192,111.9,1366.7285,1.3218,0.2206,0.9033,25.7784,2020.6872,23.1701
SYM8193,91.36,1789.9943,1.4016,0.2702,0.8791,30.2706,2403.5052,30.0714
SYM8194,118.43,863.0012,1.2434,0.2406,0.9314,23.0101,1982.4914,26.5881
SYM8195,156.14,1806.8636,1.2869,0.2151,0.811,25.3427,1876.1873,22.9781
SYM8196,79.93,1680.9678,1.3785,0.2082,0.8668,24.5353,2385.2776,21.8569
SYM8197,124.26,2199.6493,1.3175,0.2168,0.8069,25.1662,1682.785,22.4222
SYM8198,147.91,1829.9756,1.4733,0.1984,0.8125,21.2756,2160.3286,21.1464
SYM8199,84.0,1249.0071,1.3184,0.2109,0.9011,18.6814,2270.2,22.6938
SYM8200,79.25,2119.0424,1.2838,0.2034,0.8007,27.472,1404.2877,20.794
SYM8201,142.0,2805.0048,1.2694,0.3032,0.571,40.7851,2079.614,35.7624
SYM8202,142.12,2461.9146,1.3152,0.2208,0.8465,26.9451,2438.7525,23.3154
SYM8203,104.98,994.7926,1.2826,0.2037,0.929,19.0073,2466.449,21.5372
SYM8204,135.82,1150.027,1.1803,0.2062,0.9147,23.9021,2083.8209,21.8011
SYM8205,95.09,1795.5158,1.4303,0.1879,0.7683,16.5227,2576.6691,20.5191
SYM8206,101.97,1375.026,1.2847,0.2315,0.8931,28.764,2215.3206,24.7598
SYM8207,129.74,3133.3202,1.0857,0.1771,0.7307,35.5533,1185.8605,17.3611
SYM8208,86.04,1708.7636,1.2141,0.1863,0.9118,33.4466,1595.7264,18.0045
SYM8209,130.0,1709.4829,1.3837,0.1882,0.8515,16.154,2493.6453,20.427
SYM8210,116.96,1238.1857,1.4276,0.2811,0.8536,28.099,2115.4947,32.5513
SYM8211,161.94,1671.3255,1.3807,0.2251,0.8459,24.4363,1925.5841,24.5594
SYM8212,150.07,1004.7662,1.2291,0.2453,0.9073,22.5769,2708.3423,26.3347
SYM8213,111.04,1391.657,1.3584,0.2025,0.8429,26.4923,2310.531,21.0552
SYM8214,93.7,2146.5973,1.0511,0.1769,0.8997,34.2487,1269.3885,17.2631
SYM8215,123.85,1966.9644,1.3386,0.249,0.8347,34.7577,2073.8903,26.973
SYM8216,144.79,1207.0632,1.4604,0.2436,0.8763,19.4496,2827.473,26.6792
SYM8217,143.9,2403.9441,1.1282,0.252,0.8272,42.184,1376.492,27.2206
SYM8218,99.97,901.6854,1.3255,0.2641,0.9215,23.359,2715.702,29.1248
SYM8219,93.85,2522.1493,1.3859,0.2168,0.7461,32.0579,1966.008,23.2277
SYM8220,111.0,1621.8675,1.2331,0.2823,0.8832,30.0589,2526.9333,32.1037
SYM8221,84.04,1232.3258,1.3175,0.2103,0.905,18.5784,2308.2806,22.6511
SYM8222,104.96,1732.2075,1.3752,0.2303,0.8855,29.7561,2051.6971,24.1935
SYM8223,143.99,2286.2435,1.2045,0.2127,0.8272,30.8485,2061.709,22.2652
SYM8224,123.01,1517.5383,1.3146,0.2494,0.8772,30.1032,2081.4233,27.3344
SYM8225,123.81,1242.9576,1.1145,0.2005,0.9248,19.6282,2052.8256,21.1841
SYM8226,83.91,1173.2205,1.2511,0.2203,0.9268,17.6891,2290.0473,23.4229
SYM8227,150.12,2096.0761,1.4343,0.2579,0.8195,36.5155,1679.5171,27.6682
SYM8228,150.23,2472.5664,1.1074,0.2616,0.8714,45.9265,1661.6023,28.3202
SYM8229,128.61,1106.5367,1.5542,0.331,0.8806,22.1902,3040.1657,40.262
SYM8230,141.02,1036.7715,1.5411,0.3175,0.9075,21.7854,2945.1281,37.7166
SYM8231,143.18,1680.0161,1.3235,0.2142,0.8377,23.9127,2219.5384,23.1266
SYM8232,122.96,1724.9229,1.3122,0.2008,0.8569,20.5832,2582.9284,21.6619
SYM8233,110.85,1159.7838,1.3496,0.2239,0.8995,22.2369,2520.8874,24.5532
SYM8234,135.97,1564.4917,1.2613,0.2051,0.8704,21.1478,1850.6667,21.7188
SYM8235,109.9,1680.5917,1.3706,0.2164,0.8556,24.8678,2374.0904,22.891
SYM8236,143.23,859.1803,1.3868,0.2488,0.9025,22.7786,2450.9861,27.7499
SYM8237,135.4,1604.546,1.1712,0.2272,0.9221,29.7465,2206.3264,23.9044
SYM8238,154.67,1133.049,1.4144,0.2771,0.9212,25.6218,2651.4359,31.4021
SYM8239,88.0,1950.0078,1.3454,0.2186,0.9033,26.3434,1700.4963,22.5813
SYM8240,88.14,2355.5526,1.3984,0.2122,0.7983,27.2358,1852.0577,22.293
SYM8241,114.81,1377.5592,1.4866,0.262,0.9175,24.8867,2320.7343,29.0734
SYM8242,84.95,2212.9476,1.2983,0.1786,0.8728,19.4133,2086.1324,17.5584
SYM8243,125.96,2256.1142,1.3177,0.1953,0.8139,24.0139,2681.1249,20.617
SYM8244,87.94,1076.3648,1.4531,0.3157,0.8501,25.9501,2328.5471,37.2805
SYM8245,107.0,1230.9175,1.1614,0.194,0.8664,18.6432,2193.195,20.5984
SYM8246,72.02,1756.639,1.1249,0.2291,0.9163,37.8655,2011.4858,23.9153
SYM8247,152.1,2478.1998,1.1989,0.2056,0.7022,30.8696,1864.6461,22.0379
SYM8248,126.44,1653.3949,1.4913,0.2497,0.8843,23.3729,2773.3369,28.018
SYM8249,75.31,1752.1234,1.1974,0.2497,0.8533,32.0602,2119.3132,27.6784
SYM8250,104.92,1195.392,1.2765,0.2546,0.8936,21.1251,2195.0373,28.6171
SYM8251,86.07,1830.0074,1.3579,0.1591,0.8903,26.0036,1879.9189,14.6816
SYM8252,134.97,1282.8904,1.1328,0.2068,0.9103,21.1558,1951.5562,22.3274
SYM8253,133.56,1354.3181,1.2824,0.244,0.8887,18.6727,2342.7858,27.4499
SYM8254,95.94,801.7624,1.478,0.3264,0.8883,19.327,2888.1109,38.9
SYM8255,89.92,1130.2331,1.3936,0.2943,0.8933,20.8745,2643.0284,34.6202
SYM8256,79.94,2408.188,1.2969,0.203,0.8605,30.4742,2221.8398,20.5405
SYM8257,91.42,1490.937,1.3617,0.2677,0.8808,20.6594,2506.6492,30.5941
SYM8258,97.19,2216.0633,1.5024,0.2345,0.8442,26.009,2181.9014,24.4872
SYM8259,96.44,2484.9483,1.462,0.3002,0.692,41.5356,1836.1614,33.7771
SYM8260,165.35,2430.692,1.3074,0.2655,0.8339,38.638,1791.3601,28.6782
SYM8261,88.53,2512.9636,1.3869,0.2894,0.7442,36.2452,1885.2608,32.865
SYM8262,122.23,1254.791,1.4177,0.2733,0.9274,24.865,2357.4402,31.0343
SYM8263,130.04,2377.2368,1.2855,0.2817,0.7696,37.261,1389.898,31.0834
SYM8264,107.9,2181.337,1.3071,0.2648,0.797,39.9138,1238.2377,28.7694
SYM8265,69.98,2757.6761,1.3676,0.2136,0.8488,29.0332,1790.3858,21.7156
SYM8266,140.25,1969.5092,1.3291,0.1855,0.8724,28.1835,1883.673,18.1171
SYM8267,141.01,2705.255,1.4341,0.2741,0.8331,29.3232,2063.4316,29.8382
SYM8268,136.82,1761.1143,1.2499,0.239,0.8782,31.4845,1640.2568,25.4868
SYM8269,134.05,2241.8731,1.5861,0.23,0.8439,20.7732,2879.4961,23.917
SYM8270,153.94,1490.1875,1.1265,0.1809,0.9312,24.9707,2112.9361,17.405
SYM8271,137.43,341.5985,1.1017,0.3265,0.9583,27.7399,2965.6504,37.3071
SYM8272,140.25,1969.5092,1.3291,0.1855,0.8724,28.1835,1883.673,18.1171
SYM8273,83.01,1397.9668,1.1275,0.2832,0.8665,38.2796,2236.2724,31.9467
SYM8274,88.27,1105.4285,1.5681,0.2501,0.9083,20.2838,2298.3582,26.2951
SYM8275,139.95,2856.1187,1.3337,0.2803,0.7677,37.9688,2396.3177,31.0581
SYM8276,86.07,1830.0074,1.3579,0.1591,0.8903,26.0036,1879.9189,14.6816
SYM8277,135.16,1862.8088,1.4592,0.2162,0.8501,22.8433,2213.7638,23.0295
SYM8278,138.12,2600.3723,1.2441,0.1978,0.8522,26.3218,1841.6291,20.2815
SYM8279,118.54,1822.1618,0.9625,0.1351,0.8905,28.1313,1399.445,12.2302
SYM8280,86.15,1688.4789,1.268,0.22,0.8974,32.4971,2097.5579,22.9297
SYM8281,738.27,0.0,0.0,0.0,1.0,0.0,0.0,0.0
SYM8282,90.46,1762.1718,1.2059,0.2404,0.9337,38.0576,1738.6451,25.097
SYM8283,92.0,1146.8972,1.1017,0.221,0.9526,29.276,2223.0522,22.2769
SYM8284,79.43,1919.9478,1.1584,0.1514,0.9237,21.0816,2299.4034,13.8864
SYM8285,84.98,2489.3931,1.2087,0.1359,0.8312,23.5521,2047.5703,12.3258
SYM8286,89.0,1703.1697,1.2562,0.1829,0.9184,24.8771,2258.3072,17.8712
SYM8287,80.99,2798.109,1.1887,0.1415,0.8907,23.0511,2187.2293,12.7665
SYM8288,151.98,2335.6453,1.2941,0.1213,0.7925,22.3686,2389.2844,10.3157
SYM8289,135.28,1397.9918,1.3266,0.1183,0.8813,16.8875,1998.6965,9.9145
SYM8290,84.93,3073.0277,1.2245,0.1258,0.8792,27.3944,1543.2615,10.8492
SYM8291,151.93,1197.8595,1.312,0.1827,0.8947,25.0591,2581.3432,18.5015
SYM8292,90.08,2246.9088,1.1576,0.1472,0.8687,28.9823,1829.3558,13.3253
SYM8293,94.08,1529.7644,1.2758,0.1281,0.9054,18.8672,1908.3606,11.2067
SYM8294,142.22,1470.5637,1.2756,0.2421,0.8916,30.4297,2521.4938,26.9027
SYM8295,129.94,1212.2752,1.4472,0.2389,0.9161,20.9912,2489.612,25.3574
SYM8296,93.85,8635.9542,1.2324,0.0752,0.1841,20.7089,1758.8089,5.4024
SYM8297,143.92,2080.1057,1.1868,0.2526,0.8483,35.4667,1871.9878,28.073
SYM8298,92.97,3146.8931,1.4006,0.2092,0.7862,37.0031,2067.5276,22.0764
SYM8299,87.0,716.7321,1.2252,0.2392,0.9567,23.9735,2151.0942,25.6312
SYM8300,150.03,2107.8109,1.175,0.2016,0.8796,33.8511,1659.8311,20.752
SYM8301,92.61,1862.5682,1.2745,0.1253,0.8707,22.8235,2139.4367,10.8186
SYM8302,88.03,1919.4556,1.3064,0.2379,0.9276,29.0165,2322.9058,25.6003
SYM8303,155.96,6602.6082,1.3077,0.0614,0.2339,18.9959,1928.8552,4.1291
SYM8304,89.92,1957.369,1.2006,0.1546,0.8919,24.9203,1370.5137,14.2136
SYM8305,84.03,1642.8036,1.2606,0.1667,0.9099,21.777,1831.9998,15.4598
SYM8306,95.94,1493.1542,0.9079,0.1058,0.4468,16.9583,1277.7502,9.1769
SYM8307,84.76,1536.8617,1.2831,0.1201,0.8504,15.6005,2145.6654,10.6237
SYM8308,148.19,3721.8082,1.1648,0.2199,0.8303,40.8683,2212.6612,22.5409
SYM8309,163.43,2293.4182,1.2308,0.328,0.9207,44.8476,1944.2377,37.7668
SYM8310,100.06,1336.7816,1.606,0.2479,0.8735,20.8257,2367.9461,27.3243
SYM8311,135.93,1870.6908,1.313,0.2314,0.8429,30.16,2535.2134,25.2362
SYM8312,112.47,1158.6186,1.1491,0.2076,0.8839,22.3138,2278.9752,21.5692
SYM8313,97.17,1808.7419,1.453,0.1226,0.2277,16.0633,2923.1547,10.6738
SYM8314,98.02,2114.447,1.2678,0.1354,0.8893,20.7794,2168.703,11.5848
SYM8315,172.27,570.7303,1.2111,0.1702,0.9469,13.6098,2269.6431,16.5239
SYM8316,161.65,1752.2993,1.2818,0.2512,0.9349,42.4241,2131.4322,26.7123
SYM8317,95.05,2506.6898,1.2703,0.078,0.2088,12.5171,2045.3465,5.58
SYM8318,86.04,1731.62,1.6228,0.2066,0.9008,23.4441,2454.016,21.4355
SYM8319,135.94,1139.9856,1.3995,0.1901,0.9063,22.2694,2210.4422,18.6459
SYM8320,100.06,835.4626,1.6157,0.2661,0.9061,16.5058,2536.8232,29.9962
SYM8321,139.91,2928.7218,1.2152,0.2346,0.8787,41.4389,1612.1282,24.2259
SYM8322,163.5,1407.0394,0.9353,0.1652,0.8383,24.6733,1820.6156,16.2722
SYM8323,110.85,1808.7155,1.214,0.2374,0.8459,31.8665,1770.4017,25.4813
SYM8324,81.82,1248.6429,1.0828,0.2312,0.9113,29.9039,2288.8204,24.9175
SYM8325,141.89,1678.5234,1.0176,0.0835,0.8868,17.1552,1957.59,6.5426
SYM8326,172.27,1852.2059,0.9894,0.215,0.8529,32.3826,1418.4287,22.0667
SYM8327,92.37,1362.0332,1.1087,0.2761,0.9386,45.8417,2341.7394,30.3403
SYM8328,130.01,1182.1629,1.1183,0.3584,0.9338,44.5235,2355.7492,42.4407
SYM8329,136.53,1210.7922,1.1276,0.2727,0.8735,32.5222,2186.4258,31.1723
SYM8330,83.98,2093.5017,0.992,0.2627,0.8542,45.314,1862.1407,29.6138
SYM8331,117.29,1424.6134,0.9749,0.1648,0.9265,24.6799,1932.8798,15.9756
SYM8332,90.08,1982.112,1.1623,0.2605,0.8773,40.5801,2037.0635,29.0294
SYM8333,106.24,2592.2679,1.2449,0.2309,0.8109,32.7282,1850.1359,24.4088
SYM8334,88.99,1265.6125,1.1613,0.2343,0.8372,30.5822,2073.2013,25.3089
SYM8335,103.94,1603.9158,1.0292,0.1602,0.8118,20.4377,1727.9019,16.4219
SYM8336,145.03,1147.3174,0.9351,0.2126,0.9004,26.9001,1664.6152,22.6334
SYM8337,96.93,1966.4265,1.1449,0.2036,0.8592,31.2569,1815.5125,20.9334
SYM8338,83.93,742.6409,1.1131,0.1102,0.9013,10.1716,2847.7314,9.2417
SYM8339,110.93,1500.8128,1.3767,0.2272,0.827,27.2364,2483.9383,24.8416
SYM8340,136.4,1641.9083,1.0018,0.2346,0.9064,39.4853,1746.5372,25.2716
SYM8341,109.89,2408.6025,1.2015,0.2345,0.8,33.9891,2375.637,25.5606
SYM8342,90.01,1625.1159,1.0603,0.2512,0.885,39.6528,2093.7707,27.0862
SYM8343,147.46,2877.1188,1.1571,0.246,0.8399,42.1205,1600.7214,26.3784
SYM8344,145.14,1262.2984,1.0194,0.1913,0.9409,28.9816,1954.2425,18.8865
SYM8345,136.91,1790.8355,1.2914,0.2146,0.8691,28.8012,2134.266,22.1047
SYM8346,126.13,1533.9839,1.0979,0.2369,0.8985,35.7666,2074.1708,25.7084
SYM8347,89.84,1767.3872,1.1931,0.2603,0.8752,40.1094,2353.6084,28.459
SYM8348,129.95,1364.3111,1.0425,0.2657,0.8674,38.1375,1985.51,30.2717
SYM8349,94.48,2358.6978,1.1868,0.2588,0.8816,37.6482,1857.1614,28.1521
SYM8350,136.8,1646.0754,0.9882,0.244,0.7943,38.9847,2186.9519,27.0917
SYM8351,143.5,1089.8162,0.9804,0.2021,0.9049,23.6492,1862.5849,20.8806
SYM8352,128.44,1480.5476,1.0972,0.2297,0.8944,30.5264,1930.9973,24.0726
SYM8353,117.66,997.7996,1.1524,0.2075,0.9325,26.2549,2191.4954,21.3785
SYM8354,92.89,1624.5011,1.301,0.3166,0.8705,38.9954,2273.6683,36.3063
SYM8355,123.97,1020.4064,1.1225,0.2969,0.9051,35.6131,2184.0337,34.0576
SYM8356,139.94,1242.9468,1.2026,0.2332,0.9456,32.1336,2844.9082,24.661
SYM8357,125.92,1356.827,1.1066,0.2422,0.8778,31.3526,1892.9127,26.9596
SYM8358,91.93,1221.1372,1.0361,0.2464,0.9222,29.6434,2112.2471,26.8299
SYM8359,122.34,1636.9586,1.2556,0.2448,0.8298,28.5277,2172.9063,26.7298
SYM8360,139.91,1151.3302,0.963,0.1919,0.937,27.2057,1784.5837,19.6062
SYM8361,129.89,1107.0811,0.9203,0.2591,0.8309,32.9833,1764.1928,28.498
SYM8362,125.02,1263.8805,1.1017,0.2566,0.8431,29.2027,2390.5086,29.3321
SYM8363,144.02,2072.2932,1.2618,0.2336,0.7613,37.5647,1856.9387,24.4056
SYM8364,95.0,2130.6593,1.2302,0.2666,0.869,39.0367,2078.2126,29.5415
SYM8365,85.9,1564.051,1.1898,0.2963,0.8587,38.6172,2674.9182,34.0862
SYM8366,123.46,2374.6009,1.1564,0.2263,0.7886,39.3584,1797.0577,24.1919
SYM8367,84.32,1403.4954,1.0687,0.2758,0.8679,44.5453,2240.1019,31.0746
SYM8368,99.89,1106.1983,1.1181,0.2857,0.8749,33.8383,2110.9845,32.4537
SYM8369,144.0,1798.3688,1.3466,0.2815,0.866,39.3277,2097.7419,31.2332
SYM8370,172.27,1326.2161,1.0566,0.1785,0.9246,26.4065,1965.2776,17.5851
SYM8371,99.94,2739.3133,1.2491,0.2431,0.7605,37.3592,2225.213,26.3829
SYM8372,122.93,1304.2998,0.9746,0.2484,0.9401,38.4448,1577.5705,26.6558
SYM8373,91.88,1565.7361,1.2055,0.2735,0.9135,43.1555,2698.0713,30.3198
SYM8374,106.58,1056.9954,1.012,0.2354,0.9403,35.3329,2576.4213,25.1154
SYM8375,99.82,1458.5411,1.363,0.1624,0.9266,22.5419,2233.9022,15.6339
SYM8376,123.46,2374.6009,1.1564,0.2263,0.7886,39.3584,1797.0577,24.1919
SYM8377,147.85,1025.9307,0.9979,0.234,0.9299,27.2812,2143.8003,25.0718
SYM8378,99.73,2109.9872,1.1756,0.2763,0.7715,33.4311,2231.3893,30.7237
SYM8379,143.87,1170.4835,1.0571,0.196,0.9215,26.2932,2583.6354,20.1995
SYM8380,120.02,1093.8794,1.1395,0.2922,0.9321,34.3275,1937.7799,32.9715
SYM8381,89.93,930.9515,1.0128,0.1939,0.8591,18.9514,2549.2359,21.1125
SYM8382,99.45,2076.2032,1.1693,0.1958,0.9006,34.6747,2434.0813,20.0407
SYM8383,154.94,796.5913,1.0904,0.209,0.9263,16.8868,2909.9815,21.4799
SYM8384,123.85,1643.7863,1.0724,0.2773,0.8531,41.0254,1752.9159,31.0049
SYM8385,92.85,1056.5321,0.9751,0.2016,0.9223,27.0442,1823.4817,20.4304
SYM8386,94.98,863.3608,1.0061,0.2406,0.93,20.7836,2261.5173,25.8789
SYM8387,134.79,1518.645,1.0864,0.253,0.8906,39.5364,1904.4186,27.5749
SYM8388,121.91,1116.4251,1.005,0.2746,0.8937,38.3794,2020.2626,30.9221
SYM8389,117.82,987.5845,0.9732,0.2364,0.9112,31.8909,1850.8926,25.8561
SYM8390,135.83,2938.407,1.1465,0.2159,0.8368,32.1188,1490.2321,22.0553
SYM8391,84.84,1051.9755,1.0269,0.2427,0.9221,33.8107,1924.6011,26.1801
SYM8392,101.94,2132.6062,1.1592,0.2127,0.8386,33.6755,2451.1727,21.902
SYM8393,124.0,2037.0383,1.1866,0.2237,0.8427,37.5673,1723.3573,23.3371
SYM8394,106.72,931.6901,0.9088,0.1889,0.9308,10.2019,3813.9158,18.5957
SYM8395,89.79,1944.4233,0.9345,0.2332,0.8447,36.0984,1565.3609,24.6827
SYM8396,156.16,1377.7793,1.0477,0.2608,0.9249,39.8879,2000.2647,28.6353
SYM8397,93.69,1869.6485,1.0985,0.1984,0.9186,33.6494,2664.8772,20.1668
SYM8398,78.06,1545.6065,1.0441,0.2365,0.8772,34.0734,1895.3758,25.3346
SYM8399,131.38,2039.1284,1.336,0.1798,0.8954,29.6603,2316.9793,17.2897
SYM8400,99.76,1198.2362,1.0539,0.2929,0.8851,40.9935,1923.0775,33.0561
SYM8401,80.01,1270.938,1.1229,0.2434,0.9055,29.4616,2147.8106,26.2824
SYM8402,89.98,1001.0697,1.0347,0.2457,0.9378,28.8055,2469.0572,26.3622
SYM8403,84.61,2635.0343,1.0667,0.2406,0.8854,49.0646,2157.3024,25.4496
SYM8404,109.99,2227.9639,1.2372,0.2261,0.8004,34.4793,2054.8524,24.4388
SYM8405,84.9,2003.2237,1.2343,0.1925,0.8737,25.1734,1665.2304,18.9029
SYM8406,88.94,2225.5127,1.1298,0.195,0.7497,29.755,1793.2206,20.6858
SYM8407,130.65,1656.5419,1.2474,0.2751,0.8453,39.792,2522.4665,31.2301
SYM8408,154.81,1896.7363,1.0758,0.329,0.6989,48.3186,1854.7104,38.1773
SYM8409,104.03,1077.9277,1.1264,0.2531,0.8914,29.0861,2173.0802,28.8505
SYM8410,112.97,1753.1519,1.0756,0.1731,0.8381,30.7651,2040.8457,17.3134
SYM8411,123.48,1100.0203,1.1338,0.2918,0.8883,33.3977,2330.0596,34.1114
SYM8412,166.39,983.8709,0.9591,0.2816,0.9167,38.7841,2337.8957,31.2258
SYM8413,104.61,1230.8454,1.0109,0.1778,0.9529,25.1197,1673.9383,17.0059
SYM8414,82.91,1504.2082,1.2916,0.2008,0.9255,33.946,2441.245,20.2658
SYM8415,139.95,1868.3608,1.1146,0.2113,0.8847,41.0104,2035.7232,22.0614
SYM8416,67.87,1673.6505,1.0481,0.1753,0.8374,24.5069,1715.3121,18.164
SYM8417,129.71,1275.6635,1.1379,0.3196,0.8454,41.3339,2453.6738,37.6465
SYM8418,91.93,2310.4788,1.1413,0.1856,0.8886,28.7661,2190.1895,18.3635
SYM8419,87.91,1696.1433,1.2207,0.218,0.837,25.453,2720.316,23.1198
SYM8420,92.95,1791.9967,1.1094,0.2222,0.8908,40.0918,1775.6838,23.3753
SYM8421,144.83,1564.9981,1.0637,0.2533,0.919,36.2494,1795.2494,27.2776
SYM8422,129.84,1926.5056,1.1406,0.2927,0.8375,43.436,2353.9385,33.1584
SYM8423,81.03,1745.9831,1.2085,0.2181,0.9038,29.197,1898.1843,23.1223
SYM8424,127.93,1061.9735,0.9425,0.2242,0.9268,33.6295,1851.3707,23.3263
SYM8425,122.79,845.1492,1.0226,0.2999,0.9287,36.6258,1860.5498,34.3418
SYM8426,184.57,2440.8294,1.2953,0.1934,0.8609,38.8379,1999.2347,19.2139
SYM8427,142.98,1112.9031,0.9844,0.2338,0.9186,29.0622,1913.0778,25.1738
SYM8428,150.03,1308.2702,1.0337,0.2084,0.8651,26.5877,1716.5296,21.7856
SYM8429,129.76,2603.7205,1.1718,0.188,0.8787,35.9802,1575.8504,18.4731
SYM8430,83.78,1374.7857,1.0644,0.1743,0.9485,32.7792,1714.4266,16.2786
SYM8431,92.03,1404.4355,1.1341,0.2286,0.9158,28.3309,2086.0409,24.0314
SYM8432,86.09,1763.9844,1.0493,0.2628,0.874,39.9535,1987.0298,28.8255
SYM8433,129.66,1009.2911,1.1478,0.2374,0.9286,26.5269,2708.2263,25.8122
SYM8434,123.05,1409.145,0.9382,0.1853,0.8983,28.3958,1819.1481,18.6237
SYM8435,146.42,3125.5985,1.1916,0.2075,0.7912,44.4388,1663.0809,20.9382
SYM8436,129.76,2603.7205,1.1718,0.188,0.8787,35.9802,1575.8504,18.4731
SYM8437,85.5,2302.2242,1.1399,0.2282,0.8301,36.2439,1890.5088,24.3598
SYM8438,126.13,1533.9839,1.0979,0.2369,0.8985,35.7666,2074.1708,25.7084
SYM8439,172.27,2275.8982,1.1334,0.2395,0.8256,40.3608,2321.4644,26.6375
SYM8440,129.67,1370.5204,1.0931,0.1979,0.9574,34.7777,2023.6207,19.5442
SYM8441,117.15,2294.318,1.2333,0.2349,0.8901,43.4521,2157.0887,24.8124
SYM8442,128.05,1102.1403,1.1747,0.2076,0.9632,27.6377,2448.9752,21.4602
SYM8443,172.27,1917.2543,1.2994,0.2426,0.2492,32.611,2445.6565,26.2936
SYM8444,178.21,1167.4869,1.1859,0.2419,0.9338,32.7784,2252.4358,26.0422
SYM8445,129.85,1284.8025,1.0945,0.2036,0.9119,26.8478,1758.4994,20.9093
SYM8446,104.97,1777.6344,1.1781,0.2036,0.8958,30.2815,2441.3211,21.2674
SYM8447,136.13,1547.9829,1.3236,0.2013,0.8871,22.5921,2755.1551,20.8481
SYM8448,87.97,1923.6607,1.3495,0.1797,0.8814,29.9182,2102.4472,17.3387
SYM8449,131.16,2112.515,1.0853,0.2477,0.8382,41.609,1927.6414,26.6594
SYM8450,123.96,1486.4131,1.1714,0.2635,0.8669,31.1757,2400.5697,30.4075
SYM8451,144.53,816.5129,0.9518,0.2541,0.9545,28.5793,2108.2158,27.8744
SYM8452,150.02,1196.5136,1.1718,0.1634,0.9049,21.4813,2861.0256,16.1297
SYM8453,70.11,1079.8072,0.8369,0.1817,0.9309,19.1001,1687.344,17.6356
SYM8454,163.5,1407.0394,0.9353,0.1652,0.8383,24.6733,1820.6156,16.2722
SYM8455,117.92,1417.4429,1.1788,0.2706,0.8344,34.1652,2447.688,30.6393
SYM8456,150.39,2244.04,1.1332,0.2474,0.8848,34.8089,2602.9929,27.2641
SYM8457,150.31,2020.3249,1.1904,0.2246,0.7985,30.6384,2150.2373,24.4303
SYM8458,128.57,2711.0436,1.124,0.173,0.2029,32.7118,2010.3993,16.655
SYM8459,122.54,1427.6014,0.9964,0.1046,0.8922,19.0206,1825.591,8.7447
SYM8460,122.96,1868.5153,1.0362,0.1156,0.865,32.3973,1562.8921,9.637
SYM8461,114.62,854.5996,0.9077,0.2279,0.933,25.3637,1782.7209,24.2296
SYM8462,93.35,1802.6725,1.0806,0.277,0.8852,46.4842,2300.9451,30.7191
SYM8463,83.78,1374.7857,1.0644,0.1743,0.9485,32.7792,1714.4266,16.2786
SYM8464,133.04,1059.6847,1.2455,0.2489,0.8045,22.028,2461.0193,28.3449
SYM8465,135.9,1458.9159,1.0832,0.2067,0.8793,34.258,1946.4669,21.2583
SYM8466,80.1,3795.7504,1.0721,0.176,0.8588,41.4145,1631.8989,16.8829
SYM8467,161.78,2674.7316,1.2697,0.2079,0.9199,37.3199,1801.4206,20.6601
SYM8468,99.5,1189.9888,1.0998,0.1043,0.8945,13.4649,2173.2515,9.0529
SYM8469,132.89,773.5888,0.9903,0.2258,0.9601,25.0282,2498.3614,23.5276
SYM8470,117.66,801.3118,1.1068,0.1059,0.9062,13.3226,2273.6414,8.7812
SYM8471,139.76,1493.6599,1.0084,0.2527,0.8429,35.446,1980.8845,28.3006
SYM8472,129.85,1800.8619,1.1057,0.249,0.87,38.3782,1879.9643,26.7417
SYM8473,103.08,2308.1157,1.095,0.265,0.8985,49.1467,2329.5961,29.1941
SYM8474,87.22,2875.3754,1.2438,0.1929,0.8544,28.3715,2186.0675,19.9353
SYM8475,89.88,657.8596,0.7914,0.1207,0.9504,18.2721,2137.7665,10.6529
SYM8476,117.72,965.1899,1.0041,0.1101,0.8294,14.1335,1942.6211,9.8264
SYM8477,110.14,2886.9277,1.3128,0.2086,0.8415,35.7034,2011.9092,21.1835
SYM8478,80.17,1363.1915,1.1305,0.1889,0.9424,26.1743,2743.9422,18.7459
SYM8479,88.19,1655.4054,0.8094,0.1291,0.8741,26.7863,1054.5274,12.765
SYM8480,125.76,1026.3793,1.0095,0.1117,0.8865,23.11,1964.5879,9.1889
SYM8481,123.77,1170.5954,1.0062,0.2313,0.9175,31.1384,1685.7178,24.9885
SYM8482,80.08,2099.0969,1.1813,0.229,0.8786,34.3206,2132.6512,24.0594
SYM8483,92.22,314.8859,0.8194,0.1381,0.878,6.2531,2982.8138,12.7191
SYM8484,164.3,2477.8831,0.9959,0.1409,0.7905,28.5214,1500.9002,13.2771
SYM8485,120.45,959.3593,1.1263,0.1294,0.9319,12.1474,3020.2722,11.307
SYM8486,93.03,3124.0843,1.1766,0.1926,0.8448,37.0968,1897.5877,19.4334
SYM8487,145.14,1262.2984,1.0194,0.1913,0.9409,28.9816,1954.2425,18.8865
SYM8488,89.45,1660.1087,1.1191,0.0754,0.8151,11.0867,2320.0808,5.9704
SYM8489,127.89,1412.8155,0.8935,0.2039,0.9073,32.6976,1603.6707,21.2254
SYM8490,111.53,1048.2154,1.0873,0.095,0.8769,10.8971,2532.6156,7.8941
SYM8491,161.83,1680.5531,0.9519,0.1268,0.9156,21.8191,1770.6296,12.2007
SYM8492,88.71,1414.0592,1.2032,0.1285,0.8975,19.5624,2474.0452,11.3164
SYM8493,143.91,2352.0131,1.2325,0.1935,0.8535,31.7045,2163.2184,20.1057
SYM8494,117.86,1300.8106,1.102,0.1321,0.8873,14.3247,2504.3554,12.05
SYM8495,135.88,3407.6558,1.2181,0.1424,0.6602,24.628,1991.5124,14.2163
SYM8496,100.01,1613.6938,1.099,0.2197,0.8742,33.2215,2594.8204,23.5541
SYM8497,118.09,1791.7139,1.1024,0.1048,0.8211,11.1969,2605.7103,9.1387
SYM8498,147.99,2457.4034,1.1584,0.2127,0.8965,42.708,2082.1062,21.6608
SYM8499,161.97,2927.1952,1.4076,0.2151,0.761,36.9802,2061.3513,22.0601
SYM8500,122.47,1070.1887,1.0808,0.1381,0.8981,22.0766,1701.2907,12.4342
SYM8501,147.88,1138.9382,1.1041,0.253,0.9102,34.6767,2241.5438,27.8043
SYM8502,75.37,1556.5991,1.3517,0.2822,0.897,33.7537,2342.3891,31.6199
SYM8503,100.34,1239.1022,1.0324,0.2217,0.9363,33.1227,2205.928,23.3238
SYM8504,178.21,2052.7202,1.1807,0.2266,0.7488,30.2166,1754.9169,25.0628
SYM8505,138.33,2851.352,1.0129,0.1641,0.8037,41.6598,1218.1014,15.388
SYM8506,83.88,2727.0257,1.3695,0.1218,0.8096,27.3907,1986.5882,10.5762
SYM8507,89.9,1832.4582,1.3972,0.2465,0.8083,23.3713,2557.3982,27.5478
SYM8508,153.94,1827.6148,1.3668,0.2095,0.8898,31.3043,2519.1181,21.4928
SYM8509,72.97,1725.7056,1.2497,0.2442,0.898,34.862,2377.3774,25.4698
SYM8510,138.21,1637.2227,1.3001,0.2265,0.8662,26.103,2658.1775,23.9925
SYM8511,164.19,2341.4944,1.3129,0.1724,0.8743,35.4988,1665.6891,16.2551
SYM8512,94.42,2482.1211,1.1819,0.2632,0.8594,37.8986,1979.3223,28.8991
SYM8513,103.87,1939.7479,1.3429,0.3059,0.8417,38.4296,2281.3765,35.795
SYM8514,144.64,1833.4727,1.2639,0.2827,0.8928,41.0472,2234.5192,31.8534
SYM8515,161.7,747.4537,1.0978,0.1974,0.9226,17.5524,2369.2463,20.9567
SYM8516,115.78,1402.6037,1.2577,0.3071,0.8698,35.512,2106.7013,35.9031
SYM8517,94.28,1045.4751,1.3337,0.2886,0.9315,27.7581,2202.9739,33.1956
SYM8518,106.9,1210.0283,1.0767,0.3031,0.9261,35.002,2222.2658,34.9823
SYM8519,135.18,1540.4366,1.2683,0.259,0.896,34.506,2219.4308,28.5228
SYM8520,117.79,1232.2157,1.1795,0.2385,0.9087,25.6208,2112.5426,26.5168
SYM8521,147.98,1302.8031,1.1687,0.2626,0.8825,37.0329,2359.3101,29.2189
SYM8522,130.08,1202.4535,1.1564,0.1559,0.8683,18.3986,2200.0166,15.5494
SYM8523,123.2,1414.0137,1.2273,0.2606,0.8887,29.5866,2300.607,29.3359
SYM8524,99.96,833.1017,1.1745,0.2565,0.9524,25.999,2482.3181,28.141
SYM8525,147.82,1169.055,1.1722,0.2525,0.9217,28.8376,2236.853,27.5989
SYM8526,97.86,852.4909,1.1215,0.3004,0.9508,30.2814,2600.518,34.5887
SYM8527,140.0,1334.9835,1.2136,0.2827,0.8781,28.6009,2236.0187,32.2874
SYM8528,82.99,1597.2087,1.2449,0.2379,0.9024,28.6938,2432.9184,26.3361
SYM8529,135.11,1308.3067,1.1553,0.2354,0.8872,23.146,2250.754,26.2759
SYM8530,164.76,1271.4244,1.3,0.2974,0.9404,38.0218,2137.863,33.8749
SYM8531,147.88,1065.9558,0.9877,0.2661,0.9409,32.1127,2030.4891,28.8958
SYM8532,98.04,1508.6031,1.207,0.2592,0.8973,28.3096,2355.5869,28.7512
SYM8533,84.01,1280.6281,1.0946,0.2227,0.9277,27.595,2439.5071,24.1942
SYM8534,163.89,1499.3189,1.226,0.2363,0.881,25.8788,2164.6921,25.8092
SYM8535,94.99,1499.9795,1.1292,0.2804,0.8965,40.1013,2045.8314,31.2041
SYM8536,120.84,1369.3332,1.1617,0.1734,0.8859,23.1106,2143.6043,18.1168
SYM8537,143.84,1082.4161,1.0159,0.225,0.9319,30.9624,1944.7569,24.0133
SYM8538,99.87,1159.5881,1.269,0.3035,0.9487,30.058,2507.0684,35.375
SYM8539,150.15,1483.4856,1.295,0.2455,0.8284,27.953,2198.1413,27.9206
SYM8540,122.04,1784.2159,1.0634,0.1948,0.9345,29.5006,2011.7445,19.4384
SYM8541,129.67,1849.256,1.054,0.1796,0.8893,31.2688,1857.052,18.3198
SYM8542,129.99,1340.3718,1.3364,0.2767,0.8732,27.6868,2587.0369,31.6509
SYM8543,121.74,1170.1243,1.1864,0.2192,0.9011,21.9937,2757.5796,23.877
SYM8544,104.56,930.476,1.2074,0.2968,0.9476,26.5312,2428.5881,33.6212
SYM8545,99.89,1294.572,1.1971,0.2892,0.92,32.5218,2088.2756,32.81
SYM8546,156.26,1478.8617,1.2985,0.2409,0.7975,25.0369,2122.0117,26.3006
SYM8547,156.24,889.1576,1.1028,0.2527,0.886,31.2161,2171.2685,28.6356
SYM8548,87.8,1343.4045,1.2205,0.2416,0.8639,26.9968,2402.6455,26.6789
SYM8549,112.79,1267.3298,1.3194,0.2394,0.9086,23.9605,2444.5825,26.8015
SYM8550,80.03,1024.9152,1.2059,0.2907,0.9442,25.768,2819.5328,33.3865
SYM8551,131.82,1510.8569,1.26,0.3383,0.8481,34.1591,2111.6234,40.3449
SYM8552,136.51,1391.6265,1.2861,0.2615,0.9012,29.5669,2342.3212,29.0487
SYM8553,112.79,1570.864,1.2418,0.2716,0.9158,30.2477,2163.0221,30.7507
SYM8554,72.18,768.5404,1.2597,0.3093,0.9132,24.9159,2650.5122,36.1102
SYM8555,117.98,1348.036,1.3449,0.2582,0.9148,28.1213,2497.5994,29.1872
SYM8556,125.5,1152.292,1.0979,0.2362,0.9258,24.2883,1987.0833,25.6254
SYM8557,75.95,1584.7713,1.4072,0.2411,0.8521,22.5805,2774.5472,27.0228
SYM8558,119.97,1932.6035,1.2809,0.2196,0.8699,27.6184,2289.4968,24.204
SYM8559,92.74,813.201,1.1359,0.2081,0.9719,19.9898,2148.5758,21.073
SYM8560,90.18,1556.9528,1.1888,0.2225,0.8974,23.333,2233.2265,24.203
SYM8561,128.5,913.2427,1.266,0.281,0.9267,26.2519,2418.2902,31.8637
SYM8562,87.97,1270.3456,1.224,0.2932,0.9113,31.5378,2376.822,33.6286
SYM8563,87.99,971.9908,1.0657,0.2996,0.932,33.9212,2419.9353,34.4207
SYM8564,105.01,1255.3334,1.6041,0.27,0.9182,21.8868,2955.883,30.4909
SYM8565,119.99,1213.3495,1.3176,0.2715,0.9353,26.178,2809.8109,30.7325
SYM8566,93.9,1591.3148,1.2981,0.2555,0.8935,32.754,2442.0643,28.3657
SYM8567,152.99,902.7417,1.1071,0.2781,0.8895,29.8204,2242.5663,31.9916
SYM8568,103.01,1762.1507,1.4893,0.2403,0.8927,28.7701,2391.3014,26.0441
SYM8569,102.64,1744.9561,1.2331,0.1534,0.833,18.4821,2060.5552,14.9138
SYM8570,111.0,1339.9772,1.432,0.2762,0.9313,25.8199,2710.1072,31.6281
SYM8571,102.05,1082.2693,1.2032,0.2434,0.8983,25.331,2510.9826,27.0605
SYM8572,132.04,798.5091,1.0781,0.2537,0.912,21.2738,2550.1234,28.8858
SYM8573,111.77,1284.9001,1.1715,0.2817,0.7833,27.423,2138.3956,33.885
SYM8574,122.51,1197.5904,1.2102,0.2587,0.9265,29.2817,2260.1876,28.2423
SYM8575,122.4,1170.1243,1.1864,0.2192,0.9011,21.9937,2757.5796,23.877
SYM8576,95.44,1315.2925,1.0407,0.0809,0.8583,10.9063,2154.8342,6.5026
SYM8577,105.88,1430.1022,1.2238,0.2299,0.8715,28.4476,2150.8505,24.8691
SYM8578,102.88,1415.902,1.2585,0.2665,0.8758,28.4616,2461.2557,30.3982
SYM8579,122.08,1434.2419,1.1262,0.2653,0.883,39.406,2147.7819,30.03
SYM8580,91.88,2003.401,1.1808,0.1901,0.9247,30.3176,2020.7605,18.6847
SYM8581,150.0,1214.0743,1.1016,0.2088,0.9415,24.0377,1961.6224,21.7551
SYM8582,130.0,1175.3645,1.2707,0.2849,0.9187,29.7969,2442.9238,32.9223
SYM8583,93.46,1301.3409,1.3097,0.2664,0.8666,23.6583,2540.9081,30.7289
SYM8584,134.89,1349.276,1.2309,0.2522,0.8638,30.2991,2487.8935,27.989
SYM8585,106.63,1205.9708,1.0444,0.1676,0.9458,19.6771,2154.1532,15.9371
SYM8586,95.58,2030.6695,1.2613,0.1841,0.8992,28.3977,1785.4928,17.7955
SYM8587,97.18,1494.7461,1.2247,0.1613,0.9507,29.2509,1795.8998,14.6627
SYM8588,107.86,1820.7484,1.1553,0.0947,0.8655,22.4686,1734.1665,7.2579
SYM8589,97.92,1665.2553,1.1806,0.2823,0.8435,40.0559,2317.6077,32.635
SYM8590,162.13,1662.7981,1.177,0.2288,0.9044,34.0582,1935.2133,23.9738
SYM8591,99.97,1498.5557,1.3509,0.3088,0.8925,34.4986,2698.4081,35.7888
SYM8592,99.76,1771.9364,1.3177,0.2341,0.8664,29.2549,2399.2363,25.462
SYM8593,95.07,1345.472,1.0955,0.1412,0.8823,20.3063,1873.833,12.7879
SYM8594,114.91,1819.9168,1.3244,0.2493,0.8929,33.6785,2245.3604,27.4748
SYM8595,154.62,780.3068,0.937,0.1919,0.9642,17.1467,2282.6593,18.9367
SYM8596,87.21,1181.7259,1.1962,0.1287,0.9278,11.1805,2515.3773,10.8785
SYM8597,143.89,1661.9132,1.184,0.2366,0.8921,31.8474,1756.407,25.1974
SYM8598,100.07,1562.0405,1.2692,0.2696,0.8414,30.1037,2250.5237,30.3702
SYM8599,114.96,1473.2056,1.4282,0.3286,0.8809,36.2104,2684.0821,39.0353
SYM8600,99.78,1484.4651,1.2663,0.2528,0.8611,32.1207,2174.1832,27.6435
SYM8601,153.88,1447.1713,1.18,0.2045,0.8471,25.4462,2044.7368,21.4586
SYM8602,110.21,1044.8581,1.1481,0.2377,0.904,20.7435,2605.7303,26.997
SYM8603,135.0,1148.2521,1.1343,0.2956,0.8996,42.8344,2087.6306,33.8127
SYM8604,105.03,1161.7879,1.2172,0.2555,0.9129,27.1473,2195.5709,28.1274
SYM8605,110.46,1194.786,1.111,0.1711,0.9183,16.0811,2480.9565,18.8094
SYM8606,125.0,1328.4415,1.3108,0.3431,0.8229,31.8004,2263.6855,41.1406
SYM8607,122.17,1714.9468,1.2678,0.2351,0.9226,30.946,2792.4946,25.5494
SYM8608,86.97,1049.4085,1.1265,0.2573,0.9036,26.9948,2302.8586,28.7764
SYM8609,94.02,1569.0925,1.2559,0.2941,0.8773,36.2034,2147.9089,33.8315
SYM8610,109.87,1649.7536,1.2281,0.3166,0.7988,33.4524,2816.6913,38.3597
SYM8611,128.98,1100.5622,1.1281,0.2784,0.916,30.1477,2617.6343,31.425
SYM8612,84.64,1358.8358,0.984,0.0759,0.8064,8.8744,1984.8729,6.1871
SYM8613,144.64,794.8551,0.954,0.0863,0.8896,8.7749,1996.1494,6.7627
SYM8614,104.04,1194.5474,1.2133,0.1977,0.8596,22.7697,1627.7207,19.9483
SYM8615,150.77,1090.1398,0.9655,0.1813,0.9428,18.286,1759.4461,17.6208
SYM8616,125.06,907.8091,0.959,0.1918,0.9522,21.4454,1788.6486,18.8593
SYM8617,94.01,1436.9582,1.2133,0.2632,0.9334,39.2818,2357.3269,29.1016
SYM8618,143.5,1038.492,0.8952,0.1639,0.9128,13.7548,1872.869,16.0529
SYM8619,164.6,1219.8654,1.1565,0.2477,0.9534,25.7153,1718.5181,26.0838
SYM8620,164.64,1065.0296,1.2528,0.1841,0.9317,18.714,2107.487,18.2362
SYM8621,107.13,979.5502,1.1283,0.2231,0.937,23.2858,2048.9805,23.0518
SYM8622,144.18,789.5351,1.0301,0.1981,0.957,16.2084,1971.8572,19.6769
SYM8623,122.27,1162.5911,0.9869,0.2287,0.9388,18.3119,1979.3609,23.9258
SYM8624,83.91,999.5813,1.0908,0.2124,0.9489,17.5086,2287.4633,21.9047
SYM8625,90.08,705.4043,1.2387,0.239,0.9507,13.2047,2317.0807,25.3424
SYM8626,88.49,838.6816,1.0618,0.248,0.9546,15.3472,2361.9015,26.5275
SYM8627,99.77,1023.8385,1.1419,0.2419,0.9383,19.6218,2061.1762,25.4365
SYM8628,125.41,1212.7598,1.0473,0.2178,0.9334,17.7725,1806.968,22.6126
SYM8629,128.14,1317.7732,1.1652,0.2202,0.918,26.161,2232.3021,23.8244
SYM8630,153.88,1447.1713,1.18,0.2045,0.8471,25.4462,2044.7368,21.4586
SYM8631,80.94,1792.2744,1.1579,0.2509,0.8574,38.088,2285.2678,28.1135
SYM8632,80.85,1375.7024,1.1029,0.2462,0.9186,33.3198,2237.1103,26.9037
SYM8633,80.0,1465.173,1.3782,0.3015,0.8959,37.1591,2854.1497,34.8754
SYM8634,132.06,1637.064,1.1947,0.0385,0.8025,7.4595,2221.8726,2.1845
SYM8635,145.95,1048.3588,1.0579,0.2181,0.9157,26.096,1752.6759,22.7515
SYM8636,156.1,1119.8657,1.2976,0.2876,0.8912,33.558,2549.5971,32.6593
SYM8637,84.74,1312.43,1.2556,0.2508,0.9087,28.606,1881.5428,27.3833
SYM8638,143.94,846.5444,1.1686,0.3081,0.9027,36.8707,2520.7122,35.4948
SYM8639,151.91,999.8629,1.2475,0.3059,0.9203,34.2459,2627.691,35.2259
SYM8640,90.98,1925.3077,1.3005,0.1109,0.8587,21.4825,1941.915,9.2047
SYM8641,79.99,750.7421,1.2048,0.343,0.9093,34.6275,2412.7988,40.6994
SYM8642,92.05,1671.763,1.3139,0.2928,0.8486,41.7744,1994.4732,33.1447
SYM8643,91.0,968.2518,1.2472,0.2759,0.8993,30.3082,2452.3007,30.7547
SYM8644,84.91,757.9052,1.1861,0.2305,0.9284,23.4564,2585.559,25.0185
SYM8645,88.49,1671.3386,1.3072,0.262,0.8968,39.3418,2250.1059,29.0284
SYM8646,89.92,1341.2388,1.2222,0.1157,0.9046,19.3962,2082.9568,9.8623
SYM8647,146.38,1364.3742,1.2176,0.2585,0.8786,38.0806,2039.2468,28.7483
SYM8648,91.98,1077.9001,1.3625,0.0695,0.9209,10.8111,2450.9787,4.9483
SYM8649,95.83,1023.2449,1.3011,0.2686,0.8946,32.6055,2554.2218,30.2223
SYM8650,93.97,1218.8775,1.3771,0.1395,0.9555,17.8809,2138.0171,12.1698
SYM8651,92.0,832.1542,1.276,0.3385,0.9198,34.2881,2677.7601,39.7026
SYM8652,99.98,1290.4116,1.3799,0.2887,0.9475,31.5295,2555.7806,33.6229
SYM8653,88.12,1511.922,1.3832,0.3234,0.9195,39.6056,2575.8297,38.001
SYM8654,90.05,2291.105,1.3304,0.1599,0.936,22.0914,2375.6516,14.8886
SYM8655,85.99,1339.9158,1.1874,0.2359,0.9049,30.1289,2228.7711,24.9389
SYM8656,81.11,1250.3728,1.3158,0.2948,0.8742,28.2512,2657.3093,34.2067
SYM8657,82.99,1236.7239,1.2902,0.3055,0.8901,36.8598,2305.3743,34.8768
SYM8658,89.98,2186.8047,1.2822,0.1069,0.873,24.7397,2123.3762,8.6533
SYM8659,130.02,1933.5621,1.2498,0.2252,0.8598,34.2032,2305.8927,24.346
SYM8660,91.88,2186.2313,1.1833,0.0393,0.7629,6.2491,1925.3523,2.2967
SYM8661,151.89,782.8011,1.1329,0.2796,0.9507,26.9526,2163.5052,31.4501
SYM8662,92.86,1296.5252,1.2189,0.3167,0.9001,42.2757,2057.919,36.6228
SYM8663,87.0,1427.5478,1.3361,0.1905,0.9491,24.0618,2145.6356,18.5478
SYM8664,120.16,1474.8472,1.187,0.2256,0.8508,31.7925,2262.5647,23.8714
SYM8665,82.91,1074.9623,1.1382,0.0934,0.9123,15.7338,2329.1108,7.4578
SYM8666,86.05,1811.7398,1.3681,0.2794,0.8917,35.9906,2059.7856,31.0638
SYM8667,152.0,1135.0641,1.1444,0.242,0.9034,29.5832,2371.1654,26.1161
SYM8668,134.33,1158.0956,1.3074,0.2765,0.9175,31.5299,2249.2624,30.9152
SYM8669,84.96,1087.0836,1.1712,0.2371,0.9344,24.7327,2206.6523,26.1993
SYM8670,120.02,1718.2275,1.3531,0.3013,0.9102,44.2925,2170.6931,34.078
SYM8671,91.94,1999.3524,1.349,0.27,0.84,35.5316,2166.8635,30.1212
SYM8672,86.07,1179.7734,1.3846,0.2735,0.9162,34.5973,2540.513,30.9871
SYM8673,95.97,1609.3048,1.4391,0.2076,0.9055,27.8637,2065.3913,20.8584
SYM8674,89.98,1455.6323,1.2096,0.1997,0.8833,36.5837,1988.4578,20.2647
SYM8675,150.04,1370.0545,1.1609,0.1714,0.88,24.0178,2423.7691,17.2738
SYM8676,110.0,959.9867,1.1173,0.2387,0.8784,29.9037,2055.8846,26.4833
SYM8677,95.0,895.2242,1.2618,0.1005,0.9253,13.8497,2482.9899,8.0633
SYM8678,162.03,1127.102,1.1894,0.2575,0.9166,32.6472,1950.2457,28.3358
SYM8679,95.95,1666.3313,1.3243,0.2901,0.8655,39.6736,1944.2339,32.597
SYM8680,90.89,3036.9808,1.4251,0.1335,0.7886,24.4582,2150.1939,12.0701
SYM8681,101.99,1988.4219,1.4351,0.2621,0.8154,35.7472,2620.6605,28.7982
SYM8682,97.89,2047.5515,1.4654,0.2957,0.808,40.7336,2524.9723,33.8
SYM8683,92.08,2845.3607,1.2663,0.2828,0.8146,45.6529,2193.8026,31.4126
SYM8684,89.03,1347.1477,1.2068,0.2798,0.8929,35.7295,2084.8086,31.1077
SYM8685,94.96,1406.7354,1.3124,0.2573,0.9127,35.02,2163.9723,27.6776
SYM8686,95.92,2181.2301,1.3668,0.112,0.8067,19.7418,2520.6869,10.0793
SYM8687,99.94,1790.1684,1.2881,0.2763,0.8843,38.1436,1811.6475,30.6375
SYM8688,129.78,1318.6329,1.3489,0.2886,0.9074,40.6775,2506.1672,32.784
SYM8689,96.0,1948.3828,1.2647,0.2815,0.9054,41.0741,2678.9087,31.9862
SYM8690,135.97,1352.8125,1.152,0.2153,0.9262,29.825,2223.6085,22.6253
SYM8691,89.98,1847.842,1.2767,0.2314,0.9497,36.4877,2320.4412,23.7912
SYM8692,85.96,1026.3707,1.1438,0.0996,0.9084,17.2119,1902.7416,7.8494
SYM8693,172.27,957.3208,1.195,0.2525,0.9269,25.976,2258.9338,27.5884
SYM8694,172.27,1368.5462,1.1942,0.2756,0.894,34.7241,2122.3652,30.9079
SYM8695,136.83,1034.5157,1.3631,0.2962,0.9076,30.3723,2457.8879,33.9227
SYM8696,91.95,2133.0095,1.4895,0.2519,0.8681,36.142,2398.0758,27.4812
SYM8697,93.98,1694.7852,1.426,0.28,0.8692,37.7754,2147.2044,31.0726
SYM8698,83.98,1748.3129,1.2994,0.2376,0.8705,31.2721,2647.2549,25.9881
SYM8699,151.96,921.9703,1.1602,0.257,0.9548,29.8162,2035.4432,28.1277
SYM8700,92.91,2013.6438,1.4195,0.2066,0.8366,32.2104,2143.8595,21.3189
SYM8701,99.0,1748.0939,1.1729,0.1745,0.8673,19.7792,2591.8335,18.2656
SYM8702,99.99,1389.3281,1.3799,0.2523,0.8825,30.7017,2692.0145,27.8263
SYM8703,92.94,1605.4338,1.5412,0.2232,0.8744,26.3289,2987.7077,23.5057
SYM8704,165.45,1067.6262,1.156,0.2746,0.8965,36.075,2125.7718,30.437
SYM8705,151.06,1636.9813,1.2599,0.2299,0.9092,34.7135,2196.228,24.584
SYM8706,83.02,2329.0878,1.2841,0.2352,0.8287,37.4624,2507.8629,25.3689
SYM8707,88.05,2090.4889,1.3545,0.2707,0.8512,35.5309,2545.5338,29.931
SYM8708,99.68,1696.9302,1.3527,0.2464,0.9019,37.5166,2244.4452,26.8794
SYM8709,154.34,1281.4986,1.1516,0.2674,0.9014,30.1205,1923.6005,30.1167
SYM8710,96.96,1550.6981,1.4622,0.1925,0.8929,25.6403,2805.4178,19.508
SYM8711,88.02,1219.7515,1.1707,0.25,0.8905,30.8316,2174.7101,27.979
SYM8712,93.98,2478.632,1.2608,0.1119,0.6868,19.0237,2192.6199,10.1953
SYM8713,99.5,2454.3948,1.5016,0.242,0.7944,34.232,2468.4343,26.2332
SYM8714,94.25,2258.9171,1.2821,0.1352,0.8196,22.7915,1635.9824,11.9265
SYM8715,102.49,1917.5888,1.4039,0.26,0.8478,37.4504,2341.1453,28.9804
SYM8716,98.87,1151.9041,1.0491,0.173,0.9085,20.9248,2105.0628,17.3664
SYM8717,111.87,930.8263,1.3033,0.2947,0.9093,27.7031,2825.5352,33.8337
SYM8718,89.98,2092.5617,1.459,0.2452,0.7899,32.9263,2155.3908,27.066
SYM8719,91.98,1815.2614,1.4023,0.2231,0.878,30.817,2141.1879,23.4775
SYM8720,87.97,2729.7143,1.2086,0.1094,0.2745,20.2469,2310.9161,9.3474
SYM8721,90.92,1923.5167,1.4273,0.1449,0.822,20.2247,2379.3017,13.8627
SYM8722,155.64,1839.0381,1.3958,0.2786,0.901,42.0391,1820.5124,30.9928
SYM8723,91.99,1412.4286,1.216,0.1295,0.936,17.9553,2325.6395,11.2787
SYM8724,162.17,1710.3532,1.337,0.2296,0.8948,35.6524,2507.6989,24.2852
SYM8725,132.06,1144.1293,1.1854,0.2818,0.9188,34.3646,2203.6,31.6841
SYM8726,93.69,895.4837,1.2528,0.2502,0.9388,24.1147,2794.5393,26.9217
SYM8727,90.02,1946.3033,1.4779,0.1904,0.8507,30.296,2251.2616,19.0452
SYM8728,91.9,1633.6892,1.3585,0.0807,0.8355,10.5841,2748.2329,6.494
SYM8729,97.14,1083.2628,1.346,0.1337,0.2986,18.3279,2383.768,11.5812
SYM8730,91.14,1220.9439,1.26,0.2336,0.9172,32.3005,2458.3316,25.2637
SYM8731,161.8,753.54,1.2088,0.3323,0.9208,33.3352,2470.0132,39.0841
SYM8732,104.97,1500.3629,1.3086,0.1586,0.8767,24.0018,2152.7251,15.3417
SYM8733,86.03,2137.473,1.4316,0.1317,0.8298,16.7034,3026.8766,12.5569
SYM8734,83.98,921.0975,1.3846,0.2052,0.9504,25.4052,2728.0513,20.9818
SYM8735,162.89,1420.3306,1.366,0.309,0.9135,37.2843,2455.0506,36.0985
SYM8736,97.06,1335.8245,1.7115,0.2759,0.8776,27.7182,2633.9632,30.5443
SYM8737,98.31,639.9805,0.9906,0.268,0.95,24.1629,2233.159,29.7362
SYM8738,90.96,1750.2916,1.4036,0.1954,0.9309,31.5536,1576.1433,19.2384
SYM8739,87.97,355.0116,1.2151,0.3056,0.9411,17.0493,3258.6991,34.8524
SYM8740,94.49,2056.4379,1.2455,0.0358,0.2096,6.711,2321.2713,2.4768
SYM8741,84.9,1139.8819,1.217,0.1366,0.9201,16.629,2706.4344,12.1905
SYM8742,96.72,1886.0107,1.371,0.2169,0.905,26.011,2571.9171,22.8192
SYM8743,82.74,2890.2075,1.1072,0.0421,0.2092,6.2601,1418.6186,3.0573
SYM8744,87.94,1386.2216,1.2498,0.1995,0.8717,21.8372,2920.6322,20.2534
SYM8745,79.01,1315.1923,1.4137,0.1992,0.233,24.9005,2163.0435,19.7736
SYM8746,98.77,3111.4222,1.4447,0.1412,0.7929,23.9731,2349.833,12.9672
SYM8747,87.5,2154.4962,1.2282,0.3011,0.2165,31.5514,1504.086,34.1773
SYM8748,90.1,1778.4769,1.3896,0.2482,0.8958,30.1086,2164.8056,26.9661
SYM8749,98.77,3111.4222,1.4447,0.1412,0.7929,23.9731,2349.833,12.9672
SYM8750,106.975,1551.01855,1.2571,0.2297,0.88245,27.330849999999998,2241.1574499999997,24.66685
SYM8751,87.76,2068.1572,1.3148,0.3001,0.8472,42.1529,1770.521,33.7777
SYM8752,129.99,1797.84,1.3172,0.1985,0.8747,29.8582,3367.2419,20.1556
SYM8753,117.56,2124.8786,1.0874,0.0421,0.6569,5.3175,2248.7944,3.2738
SYM8754,81.98,1089.724,1.2111,0.1384,0.9338,14.1837,2702.5223,13.5924
SYM8755,142.57,1409.9533,1.1921,0.2888,0.8626,29.2184,2208.409,32.9695
SYM8756,154.44,2829.4496,1.1086,0.1566,0.9032,39.887,1384.385,14.0748
SYM8757,129.99,1701.1822,1.2335,0.2338,0.8709,31.2991,2004.8451,24.9176
SYM8758,87.76,2068.1572,1.3148,0.3001,0.8472,42.1529,1770.521,33.7777
SYM8759,124.9,1143.7853,1.0614,0.0156,0.464,1.3735,1186.125,0.6884
SYM8760,117.59,1055.9959,1.3256,0.0992,0.8163,8.6953,2604.0192,8.6769
SYM8761,87.5,2154.4962,1.2282,0.3011,0.2165,31.5514,1504.086,34.1773
SYM8762,106.975,1551.01855,1.2571,0.2297,0.88245,27.330849999999998,2241.1574499999997,24.66685
SYM8763,119.73,1650.2196,1.279,0.0608,0.7181,9.741,2201.3671,4.651
SYM8764,103.36,2965.2818,1.2424,0.2819,0.7968,45.492,1456.2932,30.9611
SYM8765,99.98,581.3687,1.3713,0.3734,0.9218,24.3572,3288.5419,46.5642
SYM8766,96.05,2355.6454,1.2908,0.1094,0.8112,15.835,2703.9309,10.1348
SYM8767,117.31,1740.9423,1.3856,0.0873,0.8855,11.7195,2775.342,7.0734
SYM8768,128.11,1133.9992,0.9884,0.1631,0.9183,19.7077,1636.0309,15.8763
SYM8769,122.94,1397.9618,1.4063,0.1586,0.9249,14.8713,2665.8961,14.9405
SYM8770,106.975,1551.01855,1.2571,0.2297,0.88245,27.330849999999998,2241.1574499999997,24.66685
SYM8771,136.17,862.523,0.8522,0.055,0.9514,13.0823,1717.691,3.5713
SYM8772,106.975,1551.01855,1.2571,0.2297,0.88245,27.330849999999998,2241.1574499999997,24.66685
SYM8773,87.76,2068.1572,1.3148,0.3001,0.8472,42.1529,1770.521,33.7777
SYM8774,123.12,934.1695,1.3076,0.059,0.838,5.8099,2690.8478,4.3402
SYM8775,85.9,994.1088,1.064,0.0565,0.3077,5.1058,2260.2677,4.1082
SYM8776,117.48,2458.2827,0.3108,0.0144,0.1094,1.7753,2265.366,1.3025
SYM8777,96.05,2355.6454,1.2908,0.1094,0.8112,15.835,2703.9309,10.1348
SYM8778,103.36,2965.2818,1.2424,0.2819,0.7968,45.492,1456.2932,30.9611
SYM8779,114.03,1122.1781,1.0715,0.159,0.9535,23.5617,1922.418,14.2638
SYM8780,106.975,1551.01855,1.2571,0.2297,0.88245,27.330849999999998,2241.1574499999997,24.66685
SYM8781,143.21,1427.3907,1.0247,0.232,0.9015,30.1195,2862.5467,24.6213
SYM8782,129.8,1541.6212,1.4097,0.0703,0.8328,8.5812,2299.4905,5.2099
SYM8783,98.0,2502.8045,0.9521,0.2596,0.2897,53.5247,1831.5185,28.0352
SYM8784,161.83,1148.8139,1.2787,0.2681,0.9066,28.4671,2529.9265,30.0207
SYM8785,122.49,1105.5074,1.2871,0.0998,0.8464,7.69,3105.0633,9.1456
SYM8786,143.47,1061.5977,1.072,0.1476,0.8988,23.2229,1420.4575,13.4313
SYM8787,106.975,1551.01855,1.2571,0.2297,0.88245,27.330849999999998,2241.1574499999997,24.66685
SYM8788,128.98,1510.8526,1.1917,0.2077,0.9207,26.8913,2358.2389,21.5206
SYM8789,128.11,1133.9992,0.9884,0.1631,0.9183,19.7077,1636.0309,15.8763
SYM8790,104.6,2117.0975,1.372,0.2428,0.2246,31.0701,1980.7749,26.5249
SYM8791,89.93,1762.4764,1.2913,0.1865,0.8167,17.6401,2739.3655,20.3739
SYM8792,106.975,1551.01855,1.2571,0.2297,0.88245,27.330849999999998,2241.1574499999997,24.66685
SYM8793,151.41,2268.2113,1.2265,0.0802,0.7802,8.5381,2175.2853,6.3653
SYM8794,117.41,2058.5837,0.4026,0.0041,0.2207,0.3816,2690.2265,0.203
SYM8795,129.99,1797.84,1.3172,0.1985,0.8747,29.8582,3367.2419,20.1556
SYM8796,129.65,2119.6097,1.121,0.08,0.7344,25.1349,1129.4344,5.8405
SYM8797,90.06,1843.2272,1.6034,0.03,0.8894,4.0214,2674.5635,1.6481
SYM8798,106.975,1551.01855,1.2571,0.2297,0.88245,27.330849999999998,2241.1574499999997,24.66685
SYM8799,103.06,402.5313,1.1738,0.2978,0.9745,31.6954,3022.9388,33.8826
SYM8800,91.86,1391.0968,1.2192,0.3322,0.8321,43.1807,1383.9051,38.0939
SYM8801,106.975,1551.01855,1.2571,0.2297,0.88245,27.330849999999998,2241.1574499999997,24.66685
SYM8802,108.25,3302.3277,1.1979,0.1349,0.8465,24.0997,1508.1855,11.8376
SYM8803,122.94,1397.9618,1.4063,0.1586,0.9249,14.8713,2665.8961,14.9405
SYM8804,99.97,2013.45,1.1455,0.3003,0.9202,49.0974,1671.4103,33.7116
SYM8805,91.48,1746.9287,0.9602,0.1517,0.93,6.9152,3063.02,17.5239
SYM8806,119.65,1919.3778,1.3042,0.0797,0.7934,11.8836,2695.5585,6.2869
SYM8807,106.975,1551.01855,1.2571,0.2297,0.88245,27.330849999999998,2241.1574499999997,24.66685
SYM8808,161.74,1524.9681,1.1239,0.2806,0.2325,33.7635,1946.9288,33.4321
SYM8809,106.975,1551.01855,1.2571,0.2297,0.88245,27.330849999999998,2241.1574499999997,24.66685
SYM8810,106.975,1551.01855,1.2571,0.2297,0.88245,27.330849999999998,2241.1574499999997,24.66685
SYM8811,106.975,1551.01855,1.2571,0.2297,0.88245,27.330849999999998,2241.1574499999997,24.66685
SYM8812,106.975,1551.01855,1.2571,0.2297,0.88245,27.330849999999998,2241.1574499999997,24.66685
SYM8813,90.1,1778.4769,1.3896,0.2482,0.8958,30.1086,2164.8056,26.9661
SYM8814,106.975,1551.01855,1.2571,0.2297,0.88245,27.330849999999998,2241.1574499999997,24.66685
SYM8815,106.975,1551.01855,1.2571,0.2297,0.88245,27.330849999999998,2241.1574499999997,24.66685
SYM8816,98.77,3111.4222,1.4447,0.1412,0.7929,23.9731,2349.833,12.9672
SYM8817,98.77,3111.4222,1.4447,0.1412,0.7929,23.9731,2349.833,12.9672
SYM8818,161.74,1524.9681,1.1239,0.2806,0.2325,33.7635,1946.9288,33.4321
SYM8819,108.36,1006.7348,1.2915,0.0714,0.9068,7.0065,3181.8881,5.3879
SYM8820,89.95,1494.7088,1.1086,0.265,0.9406,48.9836,1788.6785,28.3098
SYM8821,111.39,1264.1472,1.1664,0.0726,0.8246,9.2059,2243.8565,5.6839
SYM8822,119.97,1349.5508,1.3143,0.2099,0.9435,31.6147,2421.9384,21.8241
SYM8823,139.91,1226.3823,1.262,0.2225,0.9328,31.897,2188.412,23.6606
SYM8824,150.41,1434.0082,1.3075,0.2738,0.9195,34.7778,2144.4675,30.8775
SYM8825,109.88,1219.2534,1.2947,0.2692,0.8484,35.7294,1917.023,29.4867
SYM8826,113.68,1612.3753,1.1986,0.2416,0.8978,32.2202,2133.2209,26.777
SYM8827,126.67,1529.8751,1.4042,0.2149,0.8871,33.4122,2211.743,22.947
SYM8828,109.83,1692.4423,1.3268,0.2688,0.9357,37.4866,2390.039,29.8624
SYM8829,99.92,1140.2568,1.1457,0.2582,0.9289,34.1901,2252.3526,29.2923
SYM8830,105.38,2037.9102,1.2095,0.1738,0.8578,25.6295,1734.4905,18.1051
SYM8831,80.0,1166.3914,1.3584,0.2607,0.9088,28.3655,2327.4748,28.9007
SYM8832,150.51,1846.0554,1.5237,0.2786,0.8735,38.5249,2388.0257,31.6713
SYM8833,95.08,1591.2905,1.2003,0.271,0.891,28.0361,2526.9383,30.6464
SYM8834,119.99,1613.6457,1.3796,0.2274,0.9128,31.8056,2367.74,23.8494
SYM8835,129.03,1882.1767,1.3172,0.2818,0.8436,40.7366,2103.0528,31.8103
SYM8836,81.13,1080.876,1.2141,0.232,0.9375,26.945,2317.5643,24.4903
SYM8837,139.58,1212.5209,1.3485,0.2234,0.9321,28.0993,2307.0726,23.8704
SYM8838,162.03,1059.0418,1.3004,0.2309,0.9537,33.1225,2353.272,24.4618
SYM8839,117.64,1512.7511,1.4582,0.3306,0.8696,41.1459,2606.6433,39.3349
SYM8840,84.77,1124.239,1.2064,0.2063,0.9538,30.0959,2232.4648,21.4832
SYM8841,139.22,1601.9459,1.4632,0.2301,0.9252,28.9191,2584.7118,24.3274
SYM8842,91.87,1687.7216,1.2278,0.2789,0.8431,36.1135,1962.41,30.9164
SYM8843,92.81,1121.907,1.078,0.1277,0.8747,18.2819,1759.0481,11.6003
SYM8844,100.68,1880.8493,1.3129,0.2362,0.9032,32.0432,2499.4814,25.2788
SYM8845,128.92,1435.9233,1.333,0.1475,0.9035,18.5117,1792.6593,13.5236
SYM8846,129.83,1080.798,1.3034,0.1359,0.9069,17.9377,2630.1297,12.3886
SYM8847,89.92,1701.8064,1.3119,0.2043,0.8821,29.4547,2221.9096,21.5345
SYM8848,95.94,2563.1535,1.4725,0.2384,0.7866,25.9519,2229.3968,26.1743
SYM8849,150.19,1488.421,1.312,0.2318,0.9216,33.36,2072.9456,24.3994
SYM8850,95.0,1457.1292,1.2451,0.2376,0.921,30.2075,2195.6762,26.088
SYM8851,89.98,906.0333,1.21,0.3382,0.918,32.2301,2824.9192,41.192
SYM8852,150.21,1619.5847,1.3372,0.1436,0.8955,25.737,2192.2326,13.4673
SYM8853,99.83,1480.9156,1.3037,0.2318,0.9255,31.0005,2598.1057,25.0332
SYM8854,128.68,2143.4945,1.3691,0.2554,0.8399,42.7092,2103.1969,28.0497
SYM8855,151.02,1350.7676,1.3795,0.2325,0.8899,29.7672,2284.093,25.1077
SYM8856,117.76,886.61,1.1542,0.2058,0.9283,24.5943,2560.9278,21.3272
SYM8857,125.96,1212.6534,1.4093,0.2488,0.9181,28.2425,2734.9276,26.8108
SYM8858,111.01,1182.5954,1.2688,0.2634,0.9221,28.5186,2530.7732,30.1915
SYM8859,95.76,927.8049,1.202,0.2099,0.9373,26.5267,2254.3458,21.5414
SYM8860,141.94,1109.4291,1.3702,0.2402,0.907,26.5151,2312.4271,26.0539
SYM8861,117.68,1403.6512,1.3182,0.3235,0.8559,34.6105,2108.2559,38.098
SYM8862,103.09,1396.9021,1.404,0.2283,0.9263,32.7686,2377.403,24.0965
SYM8863,97.89,918.5868,1.2334,0.2626,0.9212,32.5787,2210.6518,28.9731
SYM8864,112.53,1266.0762,1.5188,0.2779,0.9337,29.7904,2731.5567,30.8988
SYM8865,95.98,1753.9889,1.3585,0.2923,0.8663,32.5039,2290.2038,33.9032
SYM8866,92.98,1562.6398,1.3783,0.2251,0.897,26.3715,2379.4012,23.4682
SYM8867,88.19,1214.5234,1.2187,0.2609,0.9405,36.1665,2234.402,28.8749
SYM8868,84.77,1620.7878,1.1972,0.1782,0.9178,31.2176,2042.1432,17.7826
SYM8869,139.92,1556.9295,1.1375,0.2239,0.9324,33.9407,1966.0911,23.4219
SYM8870,87.93,1416.9599,1.4851,0.2257,0.9037,19.0864,2623.123,24.3013
SYM8871,106.67,2401.6382,1.4326,0.206,0.8968,30.6521,2634.6472,21.5708
SYM8872,86.97,1672.5394,1.3543,0.2929,0.9005,33.0437,2391.6912,33.5536
SYM8873,84.74,1304.3748,1.1598,0.2293,0.9136,32.6063,2657.5456,24.9742
SYM8874,97.87,1386.2516,1.279,0.2279,0.9083,36.5207,2154.0795,24.4142
SYM8875,129.09,1154.2559,1.3129,0.2483,0.9204,29.4178,2340.2956,27.2441
SYM8876,85.03,1267.2956,1.1264,0.255,0.8095,30.4678,2467.3486,28.6602
SYM8877,85.36,1516.5954,1.3322,0.2976,0.842,40.7165,2526.497,34.3005
SYM8878,116.64,1299.1105,1.3469,0.2792,0.9295,38.274,2115.3638,30.9219
SYM8879,89.97,1500.0865,1.394,0.1914,0.883,24.4586,2172.1474,19.4783
SYM8880,95.04,1927.3626,1.3448,0.2078,0.8967,28.9778,2192.7381,21.6589
SYM8881,94.76,1680.0368,1.172,0.1639,0.904,25.6029,2169.0499,15.8465
SYM8882,107.06,1943.86,1.2874,0.2185,0.9243,38.4773,1903.1633,22.6495
SYM8883,97.89,1887.3363,1.5396,0.1911,0.8772,22.0621,2449.7152,19.4599
SYM8884,95.05,1572.5608,1.2933,0.1764,0.9173,26.154,2240.1573,17.0764
SYM8885,92.8,1689.5691,1.4343,0.1711,0.8961,20.834,2316.6781,16.8011
SYM8886,117.35,1256.2119,1.3908,0.2385,0.8924,30.2943,2166.4752,26.2044
SYM8887,104.0,1612.6826,1.2894,0.0556,0.896,9.504,2452.4668,3.6627
SYM8888,89.96,994.8763,1.3579,0.2435,0.8628,28.1714,2520.2785,26.6824
SYM8889,94.98,1135.1674,1.4632,0.2089,0.9481,29.9133,2547.4248,21.2436
SYM8890,139.86,2206.0881,1.4256,0.2148,0.8761,26.9007,2327.4603,22.9237
SYM8891,117.95,1707.5723,1.1325,0.1569,0.8878,23.3613,2325.887,15.4398
SYM8892,93.99,2987.2708,1.3559,0.2119,0.83,30.9306,2478.026,22.072
SYM8893,172.27,1392.7521,1.2222,0.2284,0.8131,25.4185,2366.0103,25.5576
SYM8894,88.4,2511.3197,1.3243,0.2327,0.8391,38.3602,1839.84,25.2541
SYM8895,99.81,1512.3913,1.1811,0.177,0.9192,26.4047,2193.2025,17.9193
SYM8896,132.09,1251.1785,1.3105,0.2603,0.9275,35.5408,2332.8528,28.7426
SYM8897,178.21,1138.835,1.0656,0.131,0.9217,20.4147,1532.4916,11.8399
SYM8898,80.01,1237.1099,1.3211,0.2485,0.9399,31.8651,2324.9108,27.0349
SYM8899,140.05,1792.7477,1.2068,0.2073,0.9211,36.1325,1952.2201,21.7383
SYM8900,95.02,1263.3083,1.2613,0.2439,0.92,35.6853,2060.0662,26.2551
SYM8901,90.0,1520.3757,1.3282,0.2436,0.9207,38.2095,2019.7908,26.1498
SYM8902,98.22,1549.8584,1.3599,0.2348,0.8868,37.6283,2237.5662,25.2802
SYM8903,94.87,1310.907,1.1422,0.2599,0.8115,33.8166,2729.0683,29.2146
SYM8904,110.15,1737.3388,1.4268,0.2546,0.9024,33.7837,2342.2574,27.6964
SYM8905,89.98,2146.2794,1.2764,0.2069,0.8927,31.9155,2216.3667,21.8472
SYM8906,172.27,1304.0317,1.1763,0.1504,0.8193,21.4928,2151.8373,15.1373
SYM8907,103.23,1533.7225,1.2124,0.1969,0.8832,30.9147,2228.1967,19.8585
SYM8908,90.17,1361.5329,1.0061,0.2053,0.877,29.1878,1782.0328,23.1946
SYM8909,95.94,2205.728,1.3639,0.24,0.8536,31.0649,2069.6556,26.1669
SYM8910,87.01,2665.2025,1.2208,0.1769,0.8558,33.3262,2402.3701,17.3052
SYM8911,163.07,2128.9036,1.2853,0.0314,0.7304,5.054,1963.706,1.7027
SYM8912,110.07,2255.7065,1.3323,0.1176,0.8265,23.6171,2028.738,10.494
SYM8913,93.91,2669.473,1.2572,0.2416,0.8246,36.4223,1452.0165,26.0686
SYM8914,99.91,1940.1318,1.2591,0.3105,0.8387,39.9717,2357.6834,36.3678
SYM8915,89.91,1189.0413,1.2063,0.2207,0.9262,31.919,2082.2221,23.0818
SYM8916,129.81,2123.838,1.3085,0.1218,0.8924,18.9068,2603.3833,10.6814
SYM8917,91.31,1147.5928,1.233,0.1621,0.8634,14.3962,2409.4683,16.2209
SYM8918,102.92,1851.2846,1.1996,0.2087,0.9258,31.7378,2109.0975,22.1697
SYM8919,144.26,2194.5447,1.221,0.2142,0.8704,36.3625,1800.2411,22.513
SYM8920,89.98,2146.2794,1.2764,0.2069,0.8927,31.9155,2216.3667,21.8472
SYM8921,128.91,639.7319,1.2508,0.0979,0.9418,13.6707,2077.5766,7.5247
SYM8922,89.99,2888.7071,1.3318,0.2533,0.7944,47.4222,1621.51,27.5201
SYM8923,94.76,1680.0368,1.172,0.1639,0.904,25.6029,2169.0499,15.8465
SYM8924,101.67,1829.6369,1.2317,0.0921,0.8963,18.1855,2519.1281,7.189
SYM8925,96.89,2484.5354,1.4503,0.2197,0.8169,31.0365,2102.4404,23.3297
SYM8926,93.4,1933.526,1.2708,0.208,0.8634,27.1113,2194.4293,22.704
SYM8927,96.01,2616.5196,1.3392,0.3548,0.8179,46.4158,2111.4783,42.6402
SYM8928,123.0,1421.3429,1.5603,0.1051,0.8745,13.0186,2914.3884,8.7641
SYM8929,151.7,2450.4368,1.3345,0.1594,0.7774,36.7648,2063.4084,15.2327
SYM8930,120.55,883.9147,1.4507,0.2214,0.9545,26.2103,2365.5605,22.8621
SYM8931,93.02,2169.5614,1.3976,0.0447,0.7774,7.4548,2218.0249,2.7517
SYM8932,165.69,1412.3835,1.3622,0.1168,0.9085,19.6977,2401.8117,10.2434
SYM8933,89.99,2888.7071,1.3318,0.2533,0.7944,47.4222,1621.51,27.5201
SYM8934,118.43,932.1493,1.4084,0.0691,0.9209,8.7944,2657.3761,5.1166
SYM8935,99.92,1140.2568,1.1457,0.2582,0.9289,34.1901,2252.3526,29.2923
SYM8936,184.57,1408.6389,1.1705,0.1406,0.8161,19.6006,2503.1604,13.4295
SYM8937,131.39,3964.2719,1.0734,0.1821,0.6444,22.0078,2215.6697,20.1258
SYM8938,152.45,891.4621,1.0455,0.1922,0.9376,22.9547,1645.9686,19.7353
SYM8939,103.05,1532.7251,1.3891,0.1442,0.9303,27.1575,2562.4491,13.1252
SYM8940,152.82,2717.0992,1.2812,0.1997,0.6176,25.7603,2503.1371,21.0369
SYM8941,92.98,1545.6127,1.4242,0.1342,0.8977,20.1684,2743.4962,12.131
SYM8942,123.58,1054.7772,1.2706,0.2407,0.9158,24.3918,2547.6694,26.0344
SYM8943,131.97,2106.2793,1.3298,0.225,0.7812,31.5171,2291.3585,23.7288
SYM8944,123.28,1525.0405,1.2349,0.2166,0.8745,30.0489,2075.5251,22.2253
SYM8945,125.97,1221.4183,1.4066,0.312,0.8823,27.4121,2282.1903,36.4764
SYM8946,119.95,2036.074,1.2201,0.2667,0.8013,21.2825,2349.9955,32.6254
SYM8947,96.01,3008.3489,1.2875,0.114,0.7386,18.681,1912.496,10.027
SYM8948,102.03,1888.8872,1.2619,0.2331,0.8659,29.3724,2224.0763,25.1493
SYM8949,130.09,2085.7953,1.2836,0.2126,0.8329,20.3105,2306.6838,22.4972
SYM8950,130.64,1335.4278,1.2359,0.2389,0.8762,25.1435,2449.8831,26.1326
SYM8951,119.91,1465.6715,1.1637,0.3318,0.8147,28.1978,2376.5369,39.9835
SYM8952,150.1,1029.0506,1.4555,0.3459,0.9349,31.1803,2667.7531,41.5499
SYM8953,116.22,1820.4507,1.1986,0.2494,0.8659,30.7447,1835.5516,26.6852
SYM8954,122.03,1668.1954,1.2094,0.2774,0.86,34.1437,1967.6438,30.6845
SYM8955,79.99,1064.2832,1.1893,0.3176,0.8272,32.7458,2469.0538,38.4388
SYM8956,135.07,1415.956,1.2518,0.2286,0.8582,23.2306,2233.2265,25.2078
SYM8957,126.0,2379.8948,1.332,0.2447,0.8959,34.2103,2597.616,26.5031
SYM8958,91.83,1357.9605,1.3438,0.2521,0.8987,25.2123,2074.1325,28.0049
SYM8959,139.85,1975.7583,1.3357,0.2483,0.8507,29.3535,2173.9584,27.4626
SYM8960,89.97,1882.0658,1.2948,0.2531,0.8787,27.4134,2503.2193,28.5832
SYM8961,129.71,1376.7864,1.1972,0.2649,0.9157,29.1967,2512.2614,29.6163
SYM8962,128.16,968.9578,1.2738,0.2652,0.9303,22.7679,2501.3295,29.3494
SYM8963,122.03,1472.2472,1.2573,0.2376,0.8818,30.322,2038.5193,25.2415
SYM8964,116.62,1750.8542,1.2276,0.2057,0.8517,28.6017,2149.7629,21.0264
SYM8965,99.8,868.5833,1.3883,0.2394,0.9309,22.8343,2560.059,25.2269
SYM8966,137.73,866.1713,1.2123,0.2271,0.9404,22.258,2964.0017,24.295
SYM8967,142.14,1476.5365,1.3613,0.3067,0.884,29.4175,2444.4213,36.0541
SYM8968,133.94,2362.0951,1.4095,0.2439,0.8238,34.1984,2892.2945,26.3441
SYM8969,119.98,1746.1537,1.2719,0.2537,0.8611,33.7445,2440.4553,27.5244
SYM8970,135.02,1300.6279,1.2656,0.3665,0.7816,35.2164,2645.0795,44.9184
SYM8971,92.62,1182.933,1.4625,0.2921,0.8581,21.8692,2889.6684,33.96
SYM8972,131.99,1613.8063,1.2363,0.3041,0.8666,29.8498,2326.6106,35.247
SYM8973,82.94,1415.1997,1.2371,0.3107,0.8511,31.7772,2446.1396,37.3481
SYM8974,134.82,2759.4407,1.1455,0.25,0.9123,35.0779,1886.2716,26.7094
SYM8975,133.98,1016.4063,1.4044,0.2592,0.9145,23.083,3090.5223,28.3564
SYM8976,117.87,1089.1911,1.3624,0.3436,0.865,32.5566,2767.3084,40.9375
SYM8977,140.97,1252.3706,1.2822,0.2493,0.9003,25.6796,3348.2368,27.1126
SYM8978,84.02,1483.4958,1.2775,0.1236,0.8051,11.5528,2502.9463,11.7217
SYM8979,135.96,1251.6255,1.2331,0.296,0.8724,29.9289,2699.5321,33.5203
SYM8980,142.62,1379.2705,1.3175,0.3053,0.8714,30.8643,2360.7693,35.8252
SYM8981,152.93,1511.5639,1.275,0.1566,0.9187,17.619,1960.3237,14.7867
SYM8982,118.62,1959.4665,1.2679,0.2607,0.8396,30.2499,2483.1491,28.5012
SYM8983,144.04,1382.9872,1.3859,0.3058,0.8887,21.4581,2659.7807,36.2255
SYM8984,123.75,1410.7946,1.179,0.2187,0.8751,22.8824,2439.6092,23.12
SYM8985,138.19,992.8304,1.3136,0.3582,0.9091,29.8959,3012.99,44.0149
SYM8986,119.94,3212.3318,1.1192,0.2375,0.7881,36.8848,1499.276,25.2853
SYM8987,124.99,1258.5481,1.3083,0.3619,0.8139,37.8027,2667.9653,43.6409
SYM8988,125.95,2046.3919,1.1642,0.2813,0.7262,35.6816,2431.5966,33.0124
SYM8989,125.77,1227.2652,1.174,0.2473,0.9039,28.4092,2393.6719,27.2095
SYM8990,99.85,1755.7951,1.2869,0.3143,0.7863,39.4521,2455.2603,36.2659
SYM8991,123.95,840.4103,1.2219,0.3068,0.9036,31.926,2331.0733,35.058
SYM8992,146.05,2147.599,1.2259,0.2082,0.8722,32.287,2294.3268,21.8586
SYM8993,125.92,1267.9848,1.2422,0.2924,0.9474,31.5186,2153.4021,33.0679
SYM8994,125.91,1600.2635,1.1395,0.2124,0.8822,23.5862,2503.441,22.2277
SYM8995,122.08,1398.9654,1.3389,0.2571,0.8681,23.8309,2466.0947,28.2696
SYM8996,129.77,2618.5074,1.2926,0.1599,0.864,22.6808,2076.8143,15.2695
SYM8997,103.03,1722.96,1.1848,0.1843,0.815,26.5842,2324.8504,19.4967
SYM8998,119.99,1763.2084,1.1397,0.2279,0.8394,32.5699,1606.6462,24.25
SYM8999,135.99,1471.0301,1.3346,0.2759,0.9167,26.1143,2272.0023,30.3847
SYM9000,119.96,1099.2151,1.2593,0.3586,0.8804,28.8545,2477.1192,43.9628
SYM9001,120.05,1800.4887,1.3804,0.2259,0.8363,25.53,2371.9735,23.8151
SYM9002,107.02,2620.5037,1.1293,0.218,0.8532,38.3744,1963.0978,22.5014
SYM9003,132.03,763.4406,1.2761,0.379,0.9005,27.8124,2613.9433,46.9923
SYM9004,95.91,1860.11,1.3756,0.2753,0.8778,31.4291,2687.0862,31.3367
SYM9005,125.99,2101.1198,1.3154,0.1807,0.7467,20.0259,1826.3226,18.4048
SYM9006,129.76,997.529,1.4373,0.281,0.8997,21.7608,2669.4829,31.0792
SYM9007,90.06,1137.4351,1.3082,0.2818,0.9041,26.4016,2030.4252,31.403
SYM9008,130.59,925.3993,1.2392,0.301,0.9078,27.9598,2552.7179,34.8165
SYM9009,133.06,2016.679,1.1678,0.2315,0.8768,40.3064,1690.9446,24.1113
SYM9010,120.06,1562.6873,1.2643,0.3098,0.8684,44.2928,2298.4785,35.5302
SYM9011,89.98,1895.5883,1.3358,0.2369,0.8498,27.7122,2477.4934,26.5054
SYM9012,128.03,768.3656,1.2488,0.3406,0.9202,21.9697,2739.4328,40.5728
SYM9013,149.61,1915.5925,1.0329,0.1457,0.7938,18.5439,2070.7871,14.8018
SYM9014,125.91,1600.2635,1.1395,0.2124,0.8822,23.5862,2503.441,22.2277
SYM9015,126.0,1470.5665,1.252,0.3697,0.8117,41.842,2615.0409,45.0528
SYM9016,112.84,1362.6662,1.1562,0.2943,0.7652,32.9792,2828.4652,35.2552
SYM9017,132.93,1157.5538,1.2668,0.2286,0.8531,19.0242,2404.8897,24.2036
SYM9018,125.68,2866.1093,1.4205,0.2258,0.8647,29.8224,2266.622,23.2364
SYM9019,128.01,1380.1229,1.396,0.2899,0.9084,29.6559,2543.5418,32.8155
SYM9020,125.19,386.4238,1.178,0.2565,0.9174,19.6582,2998.9815,28.2862
SYM9021,120.05,1906.0574,1.1676,0.2285,0.775,21.5903,2369.4128,25.3742
SYM9022,120.03,2028.7475,1.1974,0.2966,0.8341,38.5645,1776.5214,33.5106
SYM9023,120.01,952.9269,1.4137,0.2886,0.9113,22.331,2287.4545,32.1624
SYM9024,123.96,1087.0193,1.49,0.3715,0.8588,35.296,2479.7126,45.1883
SYM9025,121.97,2087.066,1.0858,0.2355,0.8214,34.4617,1660.1234,25.1355
SYM9026,120.14,1852.6941,1.1844,0.2578,0.8431,34.0302,2324.9051,28.5673
SYM9027,122.98,1064.4403,1.1128,0.2827,0.9115,28.702,1868.2784,31.9408
SYM9028,124.43,2169.0874,1.2725,0.2009,0.825,18.768,2617.8843,20.9896
SYM9029,153.64,1378.4799,1.3819,0.3033,0.8623,30.5478,2815.7709,35.4527
SYM9030,127.03,958.5526,1.3241,0.2957,0.8971,25.8993,2820.0674,33.7107
SYM9031,126.09,1621.99,1.2891,0.2897,0.8498,30.0517,2930.0732,32.9467
SYM9032,124.25,4046.911,1.2324,0.2189,0.7928,35.9011,1977.5116,22.5781
SYM9033,128.51,1637.0392,1.1151,0.193,0.8779,21.4225,2421.8514,19.7864
SYM9034,132.07,1040.3284,1.4086,0.3887,0.8877,35.0797,2706.115,48.2364
SYM9035,138.06,1060.1898,1.3168,0.2579,0.8819,20.451,3214.6796,28.4479
SYM9036,126.77,961.0457,1.1646,0.2104,0.8763,20.0419,2974.7995,22.0589
SYM9037,110.98,5082.3203,1.3416,0.1945,0.6171,25.7391,2273.9661,20.5464
SYM9038,138.97,2734.883,1.2231,0.1516,0.8076,23.1641,2305.8851,15.085
SYM9039,125.0,1098.8151,1.3334,0.3473,0.8391,34.1282,2839.3796,41.3944
SYM9040,140.01,939.4749,1.1579,0.258,0.9329,23.931,2278.702,27.7047
SYM9041,134.89,1641.0993,1.24,0.2555,0.8333,30.0233,2506.3481,28.5509
SYM9042,120.0,1356.1358,1.2844,0.2672,0.8758,31.1516,2524.9222,29.2413
SYM9043,125.99,1796.6724,1.208,0.2865,0.7945,36.7669,2695.7127,33.0485
SYM9044,125.98,965.7011,1.1704,0.3457,0.8636,28.9165,2604.0414,42.2265
SYM9045,151.92,2265.8911,1.1562,0.2397,0.8623,28.2126,2593.4838,25.12
SYM9046,79.95,1002.4552,1.2411,0.2176,0.8488,19.9844,2531.1527,22.4077
SYM9047,129.74,1540.0085,1.2157,0.2328,0.8966,30.773,2536.9265,24.701
SYM9048,135.95,1491.4286,1.188,0.3346,0.8102,42.5161,2426.9568,39.7691
SYM9049,135.01,1182.6637,1.1309,0.3378,0.8041,31.23,2150.951,40.6399
SYM9050,142.79,2188.1552,1.178,0.2765,0.8167,30.7367,1857.1186,30.5485
SYM9051,135.96,683.4832,1.1367,0.2549,0.8759,19.3683,2803.4053,28.2964
SYM9052,96.9,1876.5998,1.3455,0.2514,0.8487,28.6617,2733.2794,28.2881
SYM9053,126.7,1014.0156,1.119,0.2398,0.8993,25.8713,2359.1862,25.9189
SYM9054,117.51,1220.5194,1.2436,0.3422,0.8176,33.0072,2335.8131,40.9644
SYM9055,111.95,2047.0514,1.1257,0.2184,0.7926,28.858,2437.9794,22.9253
SYM9056,135.01,822.0279,1.1535,0.2868,0.9373,35.8087,1614.956,31.7074
SYM9057,143.98,1586.3982,1.4168,0.3012,0.865,25.9199,2852.2611,35.2709
SYM9058,139.95,2239.5462,1.3351,0.1607,0.831,20.8187,1630.0932,15.4487
SYM9059,118.4,1426.5739,1.1252,0.2278,0.8084,19.2895,2804.3611,25.5072
SYM9060,125.1,1228.2193,1.4805,0.3568,0.7967,30.0834,2841.0014,43.9163
SYM9061,126.95,2096.2083,1.2032,0.2375,0.843,26.6881,2423.1584,26.4455
SYM9062,131.04,1186.102,1.2556,0.1781,0.9091,24.5615,2245.5023,17.12
SYM9063,120.18,1609.0273,1.1424,0.2391,0.8459,36.0063,1948.9364,25.2985
SYM9064,84.83,806.9042,1.3786,0.2772,0.9319,20.7621,2473.4076,31.3027
SYM9065,162.59,600.8761,1.2714,0.2088,0.9308,12.7295,2969.1609,21.2619
SYM9066,104.93,1103.0842,1.0452,0.1908,0.2364,17.1081,2517.9747,20.5713
SYM9067,120.09,978.2979,1.0553,0.2954,0.9143,28.7138,2662.5897,33.6014
SYM9068,120.03,1405.4952,1.071,0.2391,0.879,15.6202,3247.038,25.477
SYM9069,141.99,2820.6386,1.2301,0.248,0.7651,29.4486,2505.0352,28.0887
SYM9070,148.23,750.9935,1.2498,0.0876,0.9367,5.5799,2935.8683,6.9093
SYM9071,130.79,662.7083,1.2973,0.3763,0.9171,16.6254,3505.5334,46.3822
SYM9072,106.01,1366.3912,1.1901,0.0837,0.7939,9.1654,2522.7902,6.8024
SYM9073,139.79,2287.9593,1.2976,0.1483,0.8144,20.2374,2304.1537,13.7752
SYM9074,79.98,1345.5161,1.2372,0.2799,0.859,36.3972,2411.9868,31.2914
SYM9075,111.09,1588.3154,1.2728,0.1205,0.8256,17.1768,1846.1906,10.65
SYM9076,119.07,1627.9413,1.3491,0.2034,0.8244,16.9533,1969.1711,21.7619
SYM9077,95.0,1505.1086,1.3623,0.1172,0.9539,21.878,2005.7467,9.6318
SYM9078,102.03,2261.3995,1.2968,0.2122,0.8256,31.6232,1910.4392,22.6981
SYM9079,88.02,944.8086,1.1259,0.2662,0.9353,27.5922,2542.0116,29.067
SYM9080,89.99,1549.1605,1.2436,0.2927,0.9108,38.0328,2075.0833,33.8279
SYM9081,90.98,2390.7433,1.1637,0.2519,0.8692,25.2975,2557.6707,28.0704
SYM9082,94.02,1145.7147,1.1655,0.26,0.9361,25.9067,2713.4657,29.1308
SYM9083,172.27,2510.1883,1.2043,0.2936,0.8013,48.6757,2136.1214,33.5057
SYM9084,87.09,1458.1847,1.1241,0.1628,0.833,21.0629,2193.8926,16.476
SYM9085,83.91,1550.4312,1.1168,0.246,0.9291,26.399,2062.9773,26.3429
SYM9086,96.0,1276.6846,1.1279,0.2163,0.9448,30.0387,2560.3217,22.9572
SYM9087,85.08,1371.2718,1.3359,0.3196,0.9016,38.6657,2428.0336,37.1496
SYM9088,92.81,533.5659,1.1836,0.2343,0.9452,8.1354,3219.1251,26.3253
SYM9089,116.99,1307.6346,1.2268,0.2619,0.8925,25.5669,2616.5559,29.1656
SYM9090,93.99,1197.2315,1.3391,0.2566,0.9122,22.6881,2148.8684,28.4693
SYM9091,87.96,1190.9466,1.4765,0.1761,0.929,19.2274,2558.6629,17.5232
SYM9092,84.94,699.6586,1.0682,0.1984,0.9475,20.2961,2620.8798,20.1292
SYM9093,96.02,1130.9569,1.2475,0.0568,0.8494,9.2386,2607.0102,3.8135
SYM9094,92.37,2467.6698,1.2687,0.2464,0.8839,36.6876,2328.4572,26.7781
SYM9095,87.91,935.8053,1.0005,0.0911,0.9214,14.0951,2175.8819,7.6316
SYM9096,113.06,2330.7497,1.1456,0.2254,0.8767,33.9575,2142.1685,24.5566
SYM9097,103.04,1224.3189,1.395,0.2844,0.9332,27.441,2668.5856,32.7035
SYM9098,113.97,1497.7439,1.0289,0.2088,0.8933,24.2924,2077.8695,22.8433
SYM9099,91.88,941.0734,1.3021,0.2616,0.8917,20.6265,2435.6928,29.2626
SYM9100,164.03,867.6839,0.9638,0.1096,0.8855,7.9967,2486.6039,10.4988
SYM9101,92.97,2000.349,1.2509,0.2654,0.8972,40.492,2508.1522,29.1765
SYM9102,85.02,2110.6861,1.2049,0.2578,0.897,46.2764,2275.8457,27.8584
SYM9103,95.96,2606.7291,1.1877,0.2356,0.8586,37.7605,2199.6035,25.6148
SYM9104,70.04,620.4563,1.011,0.154,0.9645,14.0097,2142.4702,15.0094
SYM9105,96.0,1662.3884,1.2747,0.2393,0.9016,27.1685,2179.7965,26.0993
SYM9106,101.96,853.1475,1.2398,0.2612,0.9484,30.3216,2538.989,28.9287
SYM9107,96.98,1499.8232,1.2323,0.2768,0.9093,32.895,2516.6372,30.7714
SYM9108,90.11,1797.8709,1.3868,0.2196,0.3275,28.8479,2578.891,24.0631
SYM9109,95.01,485.9827,0.9813,0.1128,0.9682,11.4518,2088.9772,10.0493
SYM9110,89.99,1448.6836,1.1659,0.2537,0.9431,29.7011,1876.4379,27.7984
SYM9111,103.91,1825.2117,1.1119,0.2055,0.8494,29.9436,1823.6447,21.9636
SYM9112,161.57,1295.6689,1.2251,0.1421,0.9182,21.3273,2253.0474,13.1561
SYM9113,99.98,900.6224,1.3674,0.3231,0.9431,28.1559,2528.5506,37.3605
SYM9114,162.22,988.4781,1.0846,0.2466,0.8829,33.7391,1801.2735,27.1311
SYM9115,88.08,737.8107,1.1895,0.1999,0.9497,13.2108,2753.7329,21.5968
SYM9116,95.02,1864.7283,1.3068,0.2521,0.8706,29.3078,2402.7647,27.822
SYM9117,91.82,1136.0479,1.1172,0.1409,0.9489,23.4387,1833.1263,13.4173
SYM9118,95.95,597.791,1.2024,0.206,0.9587,22.1204,3001.063,20.5951
SYM9119,89.98,362.7724,0.9177,0.1311,0.9788,9.972,2107.8952,12.3021
SYM9120,100.0,1603.1964,1.3199,0.2733,0.9209,33.37,2285.7073,30.6432
SYM9121,172.27,918.0454,1.098,0.1443,0.9297,17.7669,2558.4015,14.0608
SYM9122,91.95,1131.7853,1.2609,0.3007,0.9524,32.9323,2172.0973,34.3101
SYM9123,85.17,1782.5932,1.5195,0.1102,0.8078,14.6565,2713.2143,9.8978
SYM9124,91.98,1619.6803,1.3389,0.2408,0.912,27.2841,2002.9992,26.0713
SYM9125,85.96,1059.0328,1.3149,0.2195,0.9668,21.0211,2392.4485,22.8564
SYM9126,172.27,1611.4928,1.3787,0.2355,0.9097,32.0804,2536.292,25.2407
SYM9127,89.78,1274.7528,1.0282,0.0916,0.8684,14.6932,1504.7599,7.5054
SYM9128,172.26,1615.2015,1.3707,0.1664,0.9137,23.4967,2404.2242,15.9587
SYM9129,99.01,1794.6641,1.362,0.27,0.9225,26.8845,2080.2538,30.1127
SYM9130,97.02,1357.2627,1.1644,0.2837,0.911,22.9802,2701.0287,32.971
SYM9131,95.26,1447.8484,1.1114,0.1902,0.8711,27.7287,2396.0336,20.4415
SYM9132,108.86,2398.4141,1.2751,0.1411,0.8343,29.5651,2013.3644,12.8951
SYM9133,94.74,1810.8195,1.3868,0.1972,0.9004,31.6651,2843.5104,19.851
SYM9134,106.975,1551.01855,1.2571,0.2297,0.88245,27.330849999999998,2241.1574499999997,24.66685
SYM9135,94.95,1351.5577,1.2042,0.0821,0.2448,18.3439,2207.2308,6.485
SYM9136,161.88,2855.8162,1.2681,0.0725,0.7544,10.5013,2689.7619,6.0979
SYM9137,127.97,1396.951,1.2651,0.2099,0.9512,35.3114,2671.266,21.8177
SYM9138,162.22,988.4781,1.0846,0.2466,0.8829,33.7391,1801.2735,27.1311
SYM9139,88.97,2050.714,1.1489,0.1743,0.9004,27.8123,2200.2095,16.9319
SYM9140,95.0,1505.1086,1.3623,0.1172,0.9539,21.878,2005.7467,9.6318
SYM9141,161.55,2613.4504,1.2641,0.0707,0.7677,9.8277,2639.9455,5.9215
SYM9142,99.04,1010.8065,1.2812,0.2188,0.9222,22.7824,2334.6186,22.6968
SYM9143,94.76,2462.7459,1.2921,0.2043,0.2118,28.2407,2281.4237,21.6546
SYM9144,118.44,1846.3413,1.313,0.1601,0.8753,19.8387,2509.5187,15.6222
SYM9145,133.74,1280.6617,1.1886,0.2598,0.9456,30.4552,2337.6653,28.0576
SYM9146,87.77,2038.645,1.158,0.2378,0.8749,38.1663,2091.2803,25.7375
SYM9147,140.02,1415.1668,1.3182,0.2846,0.9299,35.4798,2546.2929,31.9011
SYM9148,153.85,2123.5663,1.188,0.1148,0.8448,22.6397,1714.2526,9.6039
SYM9149,133.74,1280.6617,1.1886,0.2598,0.9456,30.4552,2337.6653,28.0576
SYM9150,76.04,1406.0933,1.0334,0.1658,0.9351,27.6307,1480.9439,15.5856
SYM9151,153.89,1468.838,1.3057,0.1467,0.8716,21.6634,2269.6146,13.4786
SYM9152,81.25,1266.09,1.1835,0.0767,0.9071,11.2059,2209.5838,5.6811
SYM9153,85.01,1651.6285,1.1995,0.2622,0.934,38.7923,2394.6244,28.5471
SYM9154,97.99,1353.8671,1.2137,0.2126,0.9231,28.6696,2484.71,22.3192
SYM9155,156.11,1307.0501,1.2184,0.2626,0.9107,34.9044,2576.9971,29.0829
SYM9156,85.9,1465.566,1.177,0.2744,0.9199,37.5004,2241.4042,30.4786
SYM9157,97.04,1868.2595,1.2338,0.1609,0.9153,28.7828,2327.9205,14.7934
SYM9158,82.91,1778.3177,1.2547,0.1633,0.8534,27.6285,2145.7592,15.3937
SYM9159,163.73,1511.3992,1.1833,0.2607,0.9182,34.9868,2424.5644,28.4609
SYM9160,86.92,1396.5334,1.2145,0.2171,0.906,26.1219,2273.7231,22.272
SYM9161,92.9,1783.98,1.2414,0.2679,0.8954,38.7464,2334.1448,29.4365
SYM9162,81.65,1856.3904,1.1054,0.2162,0.9026,30.9365,2199.874,22.9012
SYM9163,83.01,1989.472,1.1896,0.2237,0.8959,30.6316,2347.5138,23.4175
SYM9164,155.73,839.1338,1.3225,0.1373,0.9335,15.1447,2708.2094,12.0468
SYM9165,122.24,1458.6809,1.1513,0.2392,0.9134,29.7267,2328.0334,25.8278
SYM9166,83.12,1215.0654,1.1267,0.2297,0.9341,25.5949,2264.4617,23.625
SYM9167,93.99,1904.3945,1.2829,0.1511,0.8876,26.2648,2214.1491,13.7724
SYM9168,140.02,1126.216,1.2343,0.1476,0.9267,19.0111,3082.3999,13.1499
SYM9169,106.84,1735.9424,1.2235,0.2286,0.9265,32.8972,2342.1354,24.1388
SYM9170,148.03,1104.2165,1.1899,0.2226,0.9325,26.7355,2219.8185,22.9496
SYM9171,172.26,1175.9799,1.2775,0.104,0.898,19.5123,1718.5824,8.329
SYM9172,92.97,1089.2135,1.2337,0.1624,0.9499,21.6564,2411.3151,15.0424
SYM9173,81.02,1615.9257,1.18,0.1367,0.8808,23.7296,2270.9469,12.4797
SYM9174,172.26,3046.9256,1.2711,0.1407,0.8674,17.05,2681.4063,12.4572
SYM9175,90.01,1521.7189,1.3154,0.209,0.8593,30.4871,2318.4528,21.2418
SYM9176,164.11,1513.4464,1.2539,0.2119,0.8915,28.773,2360.7739,21.962
SYM9177,95.19,1580.1775,1.483,0.2262,0.8444,31.3864,3489.4892,24.1435
SYM9178,100.45,741.5155,1.2246,0.099,0.9635,11.0036,1880.1288,7.8835
SYM9179,98.95,2053.9119,1.2848,0.1445,0.8355,25.3655,2518.3828,13.851
SYM9180,103.82,2625.5703,1.4341,0.2046,0.8855,40.5685,2528.4873,20.8765
SYM9181,99.04,2284.1207,1.4743,0.1637,0.8146,20.7263,2676.1572,15.7108
SYM9182,100.19,1977.4569,1.3468,0.154,0.7124,25.2341,2205.6439,15.0655
SYM9183,94.91,1533.5891,1.2444,0.2257,0.9047,32.6916,2204.5482,23.9916
SYM9184,63.0,1127.9753,1.2366,0.2225,0.8996,26.8614,2028.5916,23.1512
SYM9185,137.25,1579.0749,1.3291,0.1896,0.8166,28.1706,2042.881,19.294
SYM9186,91.31,1658.8324,1.3019,0.1586,0.892,25.5019,2647.9756,14.9976
SYM9187,120.02,1309.9228,1.272,0.214,0.8806,26.6481,2141.3345,22.4378
SYM9188,93.01,2193.9142,1.5278,0.1751,0.8453,28.3671,2652.6437,17.2892
SYM9189,151.93,1322.9269,1.0288,0.1321,0.3159,24.8317,1570.8887,11.5627
SYM9190,101.06,2429.1619,1.2364,0.0566,0.7926,10.6833,2188.8165,3.9043
SYM9191,84.93,1297.9378,1.117,0.1228,0.9196,21.0024,2612.3064,10.534
SYM9192,87.0,1323.442,1.1981,0.0604,0.8731,10.8926,1925.8369,4.0713
SYM9193,100.19,1855.8871,1.4739,0.1586,0.9067,23.767,2516.0839,14.8875
SYM9194,97.0,1435.1394,1.3603,0.067,0.2164,14.4391,1978.7297,4.641
SYM9195,89.07,2035.6126,1.2829,0.201,0.8003,36.4558,2224.9027,20.6904
SYM9196,105.06,2237.4216,1.3671,0.2183,0.8744,34.4822,2471.6723,22.6681
SYM9197,92.01,2506.7079,1.4281,0.1999,0.8558,37.0499,2683.0928,20.4309
SYM9198,89.05,1624.9416,1.3013,0.159,0.9177,19.8687,2518.6369,14.8858
SYM9199,95.96,1314.0229,1.1871,0.1217,0.9217,20.3989,1915.6122,10.4903
SYM9200,106.64,1135.2997,1.2328,0.0897,0.9088,15.6083,1815.8934,6.9255
SYM9201,122.08,1050.6099,1.1496,0.2494,0.9264,24.6668,1957.3854,26.9838
SYM9202,184.57,1554.128,1.0343,0.1363,0.894,23.9567,1671.3361,12.3598
SYM9203,83.98,1728.5417,1.2349,0.0578,0.851,11.723,2053.9238,3.9412
SYM9204,93.04,1339.4969,1.164,0.2234,0.9435,28.5493,2316.7645,23.2247
SYM9205,94.95,1205.7212,1.3802,0.1481,0.9345,20.689,1980.6419,13.377
SYM9206,95.97,1833.4869,1.2368,0.0614,0.7998,17.5911,1578.7782,4.132
SYM9207,91.09,1259.5197,1.2623,0.1293,0.9231,21.9094,1820.6908,11.2615
SYM9208,137.31,1793.4089,1.1828,0.2055,0.8787,36.8354,2150.8837,21.2886
SYM9209,96.01,2184.5089,1.4556,0.1749,0.8592,30.1598,2095.1281,16.9941
SYM9210,94.05,1994.0532,1.3746,0.1606,0.8881,28.606,2592.7219,15.256
SYM9211,99.93,1910.8534,1.4403,0.2051,0.8603,34.2044,2329.8035,21.0395
SYM9212,99.03,1856.4728,1.3597,0.2428,0.2281,38.5361,2205.6945,25.9596
SYM9213,92.04,2002.6371,1.1338,0.167,0.9328,25.5903,2050.881,15.4792
SYM9214,94.98,1568.6525,1.2451,0.1046,0.8558,16.2083,2325.926,8.9648
SYM9215,75.46,1199.1095,1.1746,0.1111,0.839,12.418,2415.3144,9.4152
SYM9216,90.31,1720.1614,1.434,0.2139,0.8984,39.0444,1708.0497,21.5288
SYM9217,82.9,715.2422,1.1425,0.0798,0.911,10.4032,2040.0221,5.9262
SYM9218,133.74,1280.6617,1.1886,0.2598,0.9456,30.4552,2337.6653,28.0576
SYM9219,153.53,1677.471,1.1372,0.0842,0.9018,15.7499,2063.9789,6.3657
SYM9220,163.33,1108.7672,1.4483,0.2564,0.8917,24.7773,2496.1073,27.9832
SYM9221,88.02,754.4017,1.1916,0.2783,0.9331,34.5824,2853.348,31.1149
SYM9222,89.9,1442.7726,1.1049,0.1482,0.9317,22.0759,1673.9626,13.7396
SYM9223,88.85,2084.8021,1.2923,0.1792,0.8929,30.6313,1938.6608,17.4292
SYM9224,127.88,1549.3184,1.1879,0.2544,0.9426,40.5827,2357.9578,27.4339
SYM9225,111.87,1478.5567,1.0564,0.2248,0.8292,36.9801,2023.9806,24.5803
SYM9226,98.07,1812.4146,1.1901,0.0777,0.8416,14.9956,1933.2733,5.7882
SYM9227,184.57,1507.0545,1.1215,0.2035,0.9548,38.0964,2134.7401,20.7241
SYM9228,79.95,2040.5522,1.1814,0.0773,0.8657,13.4502,2219.6311,5.7386
SYM9229,83.94,2156.4431,1.1992,0.2644,0.7891,42.0365,1864.941,29.0712
SYM9230,116.53,1859.2603,1.2736,0.2294,0.841,29.6624,2247.9043,24.7916
SYM9231,142.02,1614.5895,1.2358,0.2711,0.868,39.8328,2464.4624,30.7115
SYM9232,130.43,1348.3402,1.0998,0.275,0.9329,37.933,2110.8216,30.6376
SYM9233,161.77,1521.5479,1.2227,0.2859,0.913,40.8394,2333.5575,32.2569
SYM9234,148.86,1798.2725,1.3408,0.2353,0.9087,25.1938,2030.2787,25.2524
SYM9235,84.97,1746.444,1.4221,0.2517,0.8816,33.3379,2185.1669,27.3561
SYM9236,84.83,1332.395,1.1835,0.2511,0.9464,39.2166,2246.066,27.4161
SYM9237,163.82,1594.3021,1.4394,0.2069,0.8679,21.549,2673.6076,21.4086
SYM9238,140.02,1790.6238,1.2124,0.2868,0.8992,43.25,2339.664,31.977
SYM9239,178.21,1516.8605,1.1902,0.2005,0.9181,30.8751,2202.3957,20.7836
SYM9240,89.93,1834.9635,1.3089,0.2286,0.8772,31.4863,2159.0257,24.6837
SYM9241,87.9,2276.7523,1.2088,0.2986,0.8727,48.6742,2194.029,34.5136
SYM9242,120.02,1752.973,1.1922,0.2694,0.9083,43.6649,2002.1349,29.6477
SYM9243,128.21,1358.0281,1.1417,0.2481,0.9006,34.5532,2222.513,27.2939
SYM9244,93.94,1832.7512,1.1385,0.1825,0.8991,36.3013,1823.4992,18.3497
SYM9245,136.98,1953.2605,1.1918,0.2701,0.8993,43.1232,2443.3199,29.6368
SYM9246,97.04,1767.6116,1.1066,0.2301,0.8796,35.5595,2198.2237,24.5583
SYM9247,91.85,1826.8207,1.1491,0.2909,0.9288,41.6877,2211.3356,32.6286
SYM9248,120.02,2116.5064,1.164,0.232,0.8948,39.8608,1820.464,24.8966
SYM9249,137.09,1629.6376,1.2256,0.2142,0.858,31.4915,2343.6293,23.1313
SYM9250,120.09,2428.7607,1.215,0.2112,0.8364,32.6891,2287.0222,22.4793
SYM9251,88.0,1576.4285,1.1208,0.1956,0.935,33.7876,2290.7546,19.2026
SYM9252,136.27,1633.9203,1.1399,0.2109,0.8883,38.165,2039.5342,22.2688
SYM9253,172.27,1441.4217,1.2416,0.2516,0.8991,29.1365,2163.3194,27.8978
SYM9254,103.92,1659.695,1.1825,0.2076,0.8939,31.8745,2324.3352,21.8246
SYM9255,97.06,2446.3295,1.4751,0.2527,0.8381,35.8245,2449.4546,27.9762
SYM9256,120.01,2029.9581,1.2406,0.1907,0.8812,26.9667,2712.4489,19.6202
SYM9257,96.98,2405.2219,1.3081,0.2049,0.2268,35.0761,2275.2242,21.8252
SYM9258,106.975,1551.01855,1.2571,0.2297,0.88245,27.330849999999998,2241.1574499999997,24.66685
SYM9259,106.975,1551.01855,1.2571,0.2297,0.88245,27.330849999999998,2241.1574499999997,24.66685
SYM9260,106.975,1551.01855,1.2571,0.2297,0.88245,27.330849999999998,2241.1574499999997,24.66685
SYM9261,106.975,1551.01855,1.2571,0.2297,0.88245,27.330849999999998,2241.1574499999997,24.66685
SYM9262,106.975,1551.01855,1.2571,0.2297,0.88245,27.330849999999998,2241.1574499999997,24.66685
SYM9263,106.975,1551.01855,1.2571,0.2297,0.88245,27.330849999999998,2241.1574499999997,24.66685
SYM9264,106.975,1551.01855,1.2571,0.2297,0.88245,27.330849999999998,2241.1574499999997,24.66685
SYM9265,106.975,1551.01855,1.2571,0.2297,0.88245,27.330849999999998,2241.1574499999997,24.66685
SYM9266,106.975,1551.01855,1.2571,0.2297,0.88245,27.330849999999998,2241.1574499999997,24.66685
SYM9267,106.975,1551.01855,1.2571,0.2297,0.88245,27.330849999999998,2241.1574499999997,24.66685
SYM9268,106.975,1551.01855,1.2571,0.2297,0.88245,27.330849999999998,2241.1574499999997,24.66685
SYM9269,106.975,1551.01855,1.2571,0.2297,0.88245,27.330849999999998,2241.1574499999997,24.66685
SYM9270,106.975,1551.01855,1.2571,0.2297,0.88245,27.330849999999998,2241.1574499999997,24.66685
SYM9271,106.975,1551.01855,1.2571,0.2297,0.88245,27.330849999999998,2241.1574499999997,24.66685
SYM9272,106.975,1551.01855,1.2571,0.2297,0.88245,27.330849999999998,2241.1574499999997,24.66685
SYM9273,120.01,1512.4093,1.6062,0.2844,0.8812,19.2636,2807.6526,32.5828
SYM9274,112.96,1298.1688,1.3521,0.2734,0.89,34.3887,2761.109,31.2446
SYM9275,95.03,2140.4585,1.251,0.2991,0.8451,43.4254,2116.6054,34.1517
SYM9276,116.29,1514.5705,1.3604,0.3318,0.8691,30.901,2204.3702,39.958
SYM9277,129.79,1797.7729,1.3331,0.2862,0.8088,29.8173,2286.8551,33.0122
SYM9278,128.69,2384.8195,1.2571,0.2719,0.8778,36.6027,2269.7665,30.9798
SYM9279,116.53,1493.7565,1.4264,0.3009,0.8673,31.38,2665.0255,34.83
SYM9280,106.95,1224.2854,1.2202,0.2697,0.8908,28.481,2045.3239,29.9511
SYM9281,139.97,2233.33,1.376,0.3352,0.7918,40.4805,2350.6767,40.1639
SYM9282,135.17,1826.3035,1.3946,0.2608,0.8523,27.9633,2430.4544,29.5592
SYM9283,147.88,1253.9246,1.1479,0.3061,0.8795,29.9748,2172.8432,35.9867
SYM9284,104.0,1479.2628,1.1893,0.2768,0.877,24.7343,2218.1004,31.5969
SYM9285,102.04,1568.955,1.3143,0.3114,0.9148,31.9112,2444.9919,36.5416
SYM9286,93.39,1087.7263,1.4799,0.3402,0.8889,25.1793,2599.2969,41.6658
SYM9287,99.95,2255.4863,1.3351,0.2798,0.8457,32.0547,1695.0569,31.6751
SYM9288,92.91,2002.4346,1.3402,0.173,0.8404,24.0184,2267.0591,17.227
SYM9289,151.94,1625.643,1.352,0.3677,0.835,34.6078,2541.4056,44.7064
SYM9290,129.92,1595.1811,1.371,0.2861,0.8654,28.7061,2847.5036,33.1541
SYM9291,117.76,1664.4384,1.4922,0.3038,0.8419,26.2475,2850.57,35.502
SYM9292,104.71,1502.8373,1.3277,0.2904,0.83,40.2402,2035.5094,32.6768
SYM9293,90.91,1255.5849,1.2413,0.2582,0.8467,26.0783,2356.1905,29.3009
SYM9294,128.08,3288.4514,1.2276,0.201,0.7865,32.53,1713.5038,20.7153
SYM9295,129.71,1357.7221,1.2953,0.2966,0.8489,27.7489,2250.0022,34.9213
SYM9296,130.0,1024.6992,1.264,0.3419,0.8763,24.2742,3018.1544,41.958
SYM9297,130.0,1601.0677,1.3779,0.3075,0.8541,28.1262,2331.6238,35.8621
SYM9298,108.76,1698.7758,1.2417,0.2728,0.8059,33.8745,1874.6331,30.9494
SYM9299,114.68,1871.8424,1.3823,0.2878,0.8882,29.6369,2592.2669,33.5121
SYM9300,107.99,2510.3331,1.3849,0.1063,0.8405,16.8038,2338.7174,8.7103
SYM9301,91.96,1127.7983,1.4572,0.3013,0.8713,31.6151,2360.3114,35.0147
SYM9302,139.92,1514.2987,1.281,0.2885,0.8688,29.8457,2038.126,33.2691
SYM9303,135.96,2249.7646,1.4317,0.235,0.8798,30.2938,2590.2652,25.5269
SYM9304,95.98,1962.5971,1.5924,0.2958,0.838,30.6217,2487.2744,34.6792
SYM9305,108.76,1698.7758,1.2417,0.2728,0.8059,33.8745,1874.6331,30.9494
SYM9306,110.52,1257.2887,1.3887,0.3339,0.8019,32.63,2425.0726,41.1071
SYM9307,129.74,751.3248,1.3613,0.4035,0.8956,24.5516,3336.6274,51.7503
SYM9308,125.06,1748.5372,1.4297,0.2603,0.8387,28.4651,2155.1165,28.6785
SYM9309,125.0,1777.0696,1.5162,0.3272,0.8946,34.0926,2702.4508,39.9502
SYM9310,136.9,2402.5812,1.2902,0.1603,0.885,28.7785,1794.367,15.0568
SYM9311,96.78,826.5852,1.2744,0.1973,0.9427,14.8891,2683.3692,20.2848
SYM9312,106.95,1224.2854,1.2202,0.2697,0.8908,28.481,2045.3239,29.9511
SYM9313,83.99,1361.8037,1.5369,0.3352,0.8345,26.8854,2825.4585,40.0355
SYM9314,161.86,1267.7104,1.4606,0.3364,0.8797,25.9319,2908.2351,40.3173
SYM9315,97.97,972.799,1.4633,0.1469,0.8988,11.6702,3199.4216,13.2349
SYM9316,104.85,1303.9426,1.5691,0.2715,0.8581,24.0585,2803.1875,31.1007
SYM9317,100.07,1590.0281,1.6151,0.2726,0.8658,18.3561,3071.0069,32.0143
SYM9318,135.46,2379.645,1.3919,0.2056,0.7585,21.1391,2759.3888,22.9069
SYM9319,119.99,901.7798,1.2242,0.3159,0.9276,29.5125,2480.2952,36.9898
SYM9320,93.96,1214.8281,1.6461,0.3368,0.8578,21.8572,3411.6932,41.1345
SYM9321,97.87,1608.6531,1.6193,0.2658,0.8462,20.7738,3393.7037,30.7746
SYM9322,96.0,317.0745,1.442,0.3276,0.9375,14.1633,3558.6394,38.2612
SYM9323,103.97,1647.3279,1.4137,0.2539,0.8905,28.0253,2568.472,28.593
SYM9324,161.84,1231.4811,1.4085,0.3186,0.8764,31.0559,2540.4052,37.7595
SYM9325,96.99,1668.3199,1.5547,0.3146,0.7853,29.788,2781.4267,37.6749
SYM9326,99.89,2211.8425,1.413,0.2852,0.7863,27.6764,2580.6488,33.4443
SYM9327,99.99,1595.1784,1.6196,0.3128,0.8357,26.8512,2739.8293,37.0272
SYM9328,88.98,851.797,1.3121,0.3314,0.886,21.2237,2997.1813,40.4039
SYM9329,135.07,1472.0932,1.6054,0.3311,0.7963,26.1975,2732.8307,40.1257
SYM9330,91.99,2768.5542,1.5158,0.2533,0.7391,27.6716,3009.8714,29.0663
SYM9331,104.6,1083.4004,1.3701,0.3215,0.8921,24.1835,2500.5798,37.6843
SYM9332,70.02,2020.2408,1.4866,0.2207,0.8328,20.2158,2604.1775,24.1178
SYM9333,172.27,1537.3856,1.4058,0.2941,0.8681,21.9995,2980.8342,35.3184
SYM9334,96.93,1644.8456,1.4528,0.3106,0.8288,30.7656,2903.9711,37.015
SYM9335,143.56,1316.7238,1.4588,0.3024,0.8647,22.9851,2699.4108,35.8577
SYM9336,143.95,1826.9876,1.5375,0.3066,0.797,21.5585,2751.4085,36.1347
SYM9337,99.05,2326.9124,1.5456,0.2181,0.8375,28.9046,2485.6076,23.1536
SYM9338,164.13,1352.0579,1.5418,0.3317,0.8195,28.5469,2820.7796,39.7395
SYM9339,109.0,2409.6742,1.4724,0.2236,0.8004,34.1682,1977.378,23.7779
SYM9340,123.65,884.0297,1.4492,0.3229,0.8595,21.9102,2773.9736,39.1453
SYM9341,94.99,1787.4838,1.3461,0.2085,0.8395,22.5909,2252.0137,22.0809
SYM9342,129.72,1852.6524,1.6204,0.2752,0.8619,30.3975,2900.614,31.1256
SYM9343,92.71,1943.589,1.5263,0.3011,0.8279,29.4175,2711.5033,35.4454
SYM9344,99.05,1121.3698,1.3772,0.3039,0.9243,24.4333,2476.1391,35.4433
SYM9345,126.01,1448.9105,1.4679,0.3017,0.8785,24.1362,3067.7121,35.6281
SYM9346,97.96,2939.197,1.3762,0.2044,0.7362,17.4854,2824.8014,22.9961
SYM9347,99.98,1374.5503,1.449,0.2686,0.8096,23.5816,2687.8211,31.5212
SYM9348,136.1,2139.3999,1.5095,0.2516,0.8356,18.6497,2818.1839,28.7826
SYM9349,98.63,1673.6326,1.4109,0.237,0.8118,16.1042,2887.964,27.3349
SYM9350,92.59,2328.5357,1.3899,0.2566,0.8044,30.615,2251.5897,28.64
SYM9351,95.93,1621.3419,1.5382,0.2556,0.7902,19.9047,2996.2343,29.9571
SYM9352,99.01,1995.4102,1.4483,0.1878,0.8191,16.079,2912.0217,20.0678
SYM9353,129.85,1739.4342,1.3301,0.2372,0.8509,24.6848,2081.9017,26.6638
SYM9354,89.0,4728.125,1.5647,0.1523,0.6266,15.958,3281.2003,15.4471
SYM9355,161.94,937.4826,1.407,0.2514,0.9242,19.3328,2664.8342,27.3987
SYM9356,142.21,1973.7029,1.3138,0.1674,0.7548,18.1548,2251.092,17.351
SYM9357,136.61,2286.1761,1.2505,0.1823,0.7671,18.4057,2288.6761,19.0716
SYM9358,83.12,2025.4138,1.2569,0.1642,0.8369,14.8322,2559.184,17.56
SYM9359,96.0,1851.7561,1.3389,0.192,0.8921,23.0559,2192.863,18.9741
SYM9360,136.1,972.2201,1.4647,0.2803,0.861,14.1469,3137.5033,32.7224
SYM9361,142.03,2640.0374,1.4282,0.2068,0.7729,24.2379,2471.4366,21.5116
SYM9362,161.82,3026.877,1.4439,0.1543,0.7854,15.2414,3190.8948,16.5816
SYM9363,135.08,1792.8234,1.7119,0.2272,0.8178,23.453,3009.8257,24.2809
SYM9364,129.72,1546.5113,1.5408,0.2551,0.8595,20.814,2554.9343,28.1001
SYM9365,123.03,1212.4645,1.3247,0.2184,0.8965,24.0749,2747.4809,23.4109
SYM9366,99.53,2238.1985,1.4504,0.2942,0.7642,28.1783,2455.3377,34.069
SYM9367,95.16,1213.8718,1.3994,0.2439,0.8668,17.3455,2515.4105,26.787
SYM9368,128.08,2201.2315,1.4732,0.1754,0.6961,23.5305,2167.1167,17.6679
SYM9369,111.79,2267.5291,1.3672,0.1417,0.7521,15.1684,2679.3751,13.8149
SYM9370,108.01,2575.1771,1.5556,0.1628,0.8157,22.9109,2427.0569,15.9578
SYM9371,93.56,1833.5794,1.4813,0.1821,0.8302,19.3434,2916.6179,19.0988
SYM9372,104.42,2380.1348,1.446,0.171,0.7388,19.799,2858.7404,17.9249
SYM9373,140.86,1676.9933,1.2715,0.1975,0.8481,23.0954,1867.3963,19.8677
SYM9374,99.93,1538.5331,1.2761,0.1866,0.8881,18.9728,2407.7769,19.0903
SYM9375,129.11,2604.1062,1.4251,0.1291,0.7227,22.4981,2346.8773,11.7817
SYM9376,166.4,1881.6415,1.5423,0.178,0.7549,16.6066,2902.46,18.5122
SYM9377,86.07,1095.9598,1.1952,0.145,0.9324,14.9392,1940.2866,13.3404
SYM9378,129.86,1540.9496,1.4232,0.2335,0.8163,29.6159,2577.1569,25.7956
SYM9379,126.01,1742.9268,1.5689,0.1739,0.7766,15.6631,2916.5122,17.7962
SYM9380,91.99,687.1592,1.1843,0.1763,0.9379,12.3948,2651.3966,17.4368
SYM9381,150.63,1253.2985,1.0242,0.1308,0.88,13.7097,2059.7538,11.4895
SYM9382,133.66,1774.2014,1.6368,0.2947,0.2833,26.6811,2128.4063,34.2748
SYM9383,79.73,681.5052,0.9456,0.15,0.9374,13.2489,1950.9644,13.8734
SYM9384,115.46,1216.5896,1.2511,0.2244,0.8917,27.3043,2210.772,24.4238
SYM9385,86.07,1095.9598,1.1952,0.145,0.9324,14.9392,1940.2866,13.3404
SYM9386,89.95,1735.7683,1.0915,0.2442,0.8649,33.9487,1937.2722,27.1225
SYM9387,79.96,881.324,1.1024,0.1745,0.9181,19.6623,2604.8965,17.5038
SYM9388,119.73,1650.2196,1.279,0.0608,0.7181,9.741,2201.3671,4.651
SYM9389,96.05,2355.6454,1.2908,0.1094,0.8112,15.835,2703.9309,10.1348
SYM9390,80.98,638.5665,1.238,0.2308,0.9675,15.2747,2623.5779,23.758
SYM9391,100.09,2438.2585,1.6555,0.1488,0.7867,24.4894,3132.1135,14.2942
SYM9392,172.27,1370.1992,1.7944,0.24,0.8793,27.3434,2859.9845,25.5132
SYM9393,163.13,1659.1979,1.3399,0.1206,0.8402,14.89,2554.4816,10.7792
SYM9394,109.53,1951.4856,1.87,0.2855,0.7629,26.8651,3299.2724,33.7922
SYM9395,162.32,1491.8235,1.4367,0.2933,0.9284,33.9944,2126.5226,32.8214
SYM9396,91.97,2084.69,1.2724,0.1897,0.8903,16.2704,2764.6502,19.3158
SYM9397,94.89,1003.7312,1.0561,0.209,0.9309,22.3431,2025.1445,21.3666
SYM9398,163.39,1156.638,1.3469,0.2793,0.9293,23.0216,2168.3927,31.3451
SYM9399,123.47,1211.5027,1.4715,0.1742,0.9479,21.9819,2055.7181,16.6075
SYM9400,106.35,1674.8143,1.3846,0.1766,0.8358,15.351,2506.9406,17.6282
SYM9401,99.49,1747.939,1.3999,0.1611,0.8271,13.4387,2927.7626,17.3047
SYM9402,163.15,2026.9638,1.185,0.0726,0.7724,9.8591,1334.2771,5.2337
SYM9403,91.97,2084.69,1.2724,0.1897,0.8903,16.2704,2764.6502,19.3158
SYM9404,129.11,1274.6648,1.4144,0.1869,0.9418,20.8893,2196.2097,18.4299
SYM9405,99.53,2238.1985,1.4504,0.2942,0.7642,28.1783,2455.3377,34.069
SYM9406,91.99,687.1592,1.1843,0.1763,0.9379,12.3948,2651.3966,17.4368
SYM9407,101.01,1654.2275,1.3621,0.3385,0.8247,32.4547,2359.1249,41.6028
SYM9408,146.18,2329.587,1.1554,0.2503,0.8591,34.5281,2320.9692,28.3073
SYM9409,78.5,1466.7605,1.5224,0.2304,0.8669,18.1331,2471.2552,25.6886
SYM9410,84.86,1516.6271,1.1741,0.2985,0.839,32.4462,2219.2703,35.5598
SYM9411,86.02,1761.1831,1.1912,0.2203,0.8354,24.6481,1930.0667,23.8093
SYM9412,88.46,1516.9403,1.4805,0.2392,0.8273,24.042,2301.3333,26.5729
SYM9413,81.52,1954.6285,1.4813,0.2519,0.8502,27.7322,2220.8912,27.9385
SYM9414,126.02,1223.7185,1.2936,0.2527,0.8719,21.0205,2458.1729,27.5262
SYM9415,139.85,1620.5839,1.2736,0.2036,0.861,32.3851,2073.1356,20.9081
SYM9416,142.24,958.3529,1.4069,0.3008,0.9093,25.2877,2615.5296,35.2591
SYM9417,152.83,2388.0391,1.5033,0.2132,0.7938,23.8678,2432.388,23.141
SYM9418,100.02,1702.7195,1.2442,0.2738,0.8435,33.4381,2116.6065,31.3734
SYM9419,74.97,1073.5811,1.14,0.1812,0.8868,20.2009,2436.9252,19.1884
SYM9420,117.14,2086.9083,1.4022,0.2277,0.811,24.9797,2424.997,25.4614
SYM9421,117.87,2171.1772,1.7135,0.3378,0.8589,32.6772,2538.9189,40.2571
SYM9422,162.4,1141.1164,1.2115,0.2377,0.9083,27.2592,1972.0723,25.2149
SYM9423,105.56,1735.6463,1.3489,0.227,0.8818,26.3666,2307.9179,24.1548
SYM9424,137.03,1420.1057,1.1603,0.2017,0.8725,19.0403,2479.6065,21.0304
SYM9425,132.88,1437.6493,1.409,0.2335,0.917,30.2131,2307.8783,25.0469
SYM9426,162.3,1725.3555,1.4126,0.2212,0.8548,28.1035,2469.2979,23.8085
SYM9427,146.17,1098.9166,1.2902,0.2309,0.8843,21.5044,2266.2469,25.1156
SYM9428,142.0,1814.8381,1.2729,0.256,0.8478,31.9635,1763.3982,28.0769
SYM9429,89.91,1684.9983,1.215,0.2187,0.8242,18.6853,2295.2264,23.7312
SYM9430,144.05,2120.3838,1.4113,0.2163,0.8563,31.9094,2204.6617,22.8667
SYM9431,80.89,2228.9398,1.3401,0.228,0.7926,25.7028,2550.925,25.3718
SYM9432,137.03,2703.4988,1.3818,0.1731,0.7971,29.2665,2485.4671,17.1685
SYM9433,144.12,1565.7812,1.2413,0.1915,0.8703,24.2376,2189.0003,19.8953
SYM9434,140.51,2265.6551,1.3534,0.2221,0.8674,39.9107,2247.2785,23.5263
SYM9435,136.07,1478.4332,1.3516,0.2795,0.8385,23.3926,2365.5781,32.522
SYM9436,109.55,1752.9711,1.2872,0.1689,0.8678,22.1302,2255.967,16.6574
SYM9437,88.98,830.1838,1.259,0.2501,0.9466,18.6188,2324.6945,27.2138
SYM9438,152.98,1681.0055,1.2581,0.2447,0.8572,23.1897,2335.6735,27.8887
SYM9439,135.96,1683.9925,1.2577,0.279,0.8506,42.0976,2250.029,31.6099
SYM9440,127.99,1823.2222,1.4451,0.2199,0.8692,27.0617,2422.21,23.2479
SYM9441,123.9,1843.7,1.2402,0.2831,0.8727,26.5942,2074.048,32.3099
SYM9442,150.97,1410.6025,1.2328,0.2457,0.8767,26.5892,2096.6652,26.9727
SYM9443,96.04,1847.0345,1.2746,0.0864,0.8247,11.2907,2390.9588,6.9005
SYM9444,92.06,2230.4921,1.1945,0.1751,0.8311,27.3647,2176.5147,18.3318
SYM9445,161.71,1268.0182,1.2796,0.2428,0.919,26.7108,2268.3106,26.3986
SYM9446,118.35,2957.054,1.2006,0.1424,0.7064,16.6361,2116.4376,14.0472
SYM9447,90.86,2196.3751,1.3391,0.2353,0.8539,29.3038,2112.5055,25.4532
SYM9448,139.98,1728.7483,1.2122,0.2759,0.842,27.5566,2031.0833,31.0595
SYM9449,120.09,1221.4171,1.2098,0.2073,0.868,19.5665,2312.8194,21.9942
SYM9450,123.95,1585.3781,1.5932,0.3323,0.857,26.2857,3107.3156,40.7202
SYM9451,133.8,1936.0732,1.4229,0.28,0.8619,33.5253,2227.2462,31.4584
SYM9452,122.03,1966.6982,1.4583,0.1995,0.8356,28.009,2502.1114,20.9343
SYM9453,116.27,1715.6538,1.3785,0.2044,0.8214,20.8328,2463.9838,21.6936
SYM9454,109.7,1402.3832,1.2761,0.2419,0.9191,27.6676,2432.6466,26.7628
SYM9455,145.01,1472.3943,1.3282,0.2617,0.8182,23.3882,2504.3447,29.6653
SYM9456,129.9,2422.0827,1.3537,0.2211,0.7575,30.513,2534.6955,24.5712
SYM9457,148.88,1593.625,1.3768,0.2538,0.8954,33.808,2533.1613,28.1908
SYM9458,143.03,2906.8906,1.4164,0.2271,0.8319,39.9912,1887.3385,24.0627
SYM9459,86.01,1078.5944,1.0785,0.2629,0.9222,28.8576,1904.3782,28.9803
SYM9460,98.99,1677.6693,1.4604,0.2716,0.8796,28.4397,2520.845,30.9462
SYM9461,140.05,2719.4285,1.3506,0.1958,0.761,24.1675,2342.0217,20.732
SYM9462,143.95,1862.459,1.2077,0.2202,0.8481,33.3512,2389.4816,23.7849
SYM9463,166.02,1903.6481,1.4584,0.2338,0.8348,20.0466,2786.8033,26.0492
SYM9464,163.91,2113.8362,1.3753,0.2649,0.7735,35.2388,2091.3611,29.996
SYM9465,90.95,1636.3229,1.3876,0.3191,0.8701,36.3551,2458.0267,37.2258
SYM9466,70.05,1935.2581,1.2054,0.219,0.7686,28.9473,2223.0066,24.3305
SYM9467,125.79,1641.8593,1.0527,0.1495,0.8776,21.7816,1919.1591,14.1226
SYM9468,136.16,1257.0144,1.1658,0.2372,0.8251,35.5366,2174.4061,26.3201
SYM9469,136.79,2984.6994,1.424,0.2179,0.8761,32.4154,1880.9286,22.2292
SYM9470,126.02,3205.1783,1.3594,0.2205,0.7886,29.1794,1883.519,23.2034
SYM9471,123.42,1994.0735,1.2434,0.1942,0.8357,25.9645,2240.924,20.3349
SYM9472,122.47,1802.9398,1.1366,0.2336,0.889,26.7561,1651.2636,25.3115
SYM9473,136.79,2984.6994,1.424,0.2179,0.8761,32.4154,1880.9286,22.2292
SYM9474,151.94,979.2193,1.1038,0.2512,0.8725,26.3899,2345.6045,27.7018
SYM9475,94.92,1567.9249,1.4589,0.2448,0.8606,27.6152,2876.5861,28.0571
SYM9476,112.8,1951.5619,1.2722,0.2261,0.7636,26.254,2256.6012,25.1726
SYM9477,91.92,1270.5317,1.215,0.2251,0.8913,23.0269,2364.8976,24.7262
SYM9478,86.79,1676.7308,1.5838,0.3102,0.8782,23.1082,3064.1944,37.3137
SYM9479,123.38,1470.1608,1.2967,0.2582,0.8394,23.7066,2234.3726,28.8051
SYM9480,123.94,2950.3012,1.424,0.2929,0.7846,34.3395,2278.0665,33.6196
SYM9481,90.04,1806.8003,1.1459,0.2239,0.8441,28.8453,2182.4386,24.7915
SYM9482,128.99,1139.4036,1.1838,0.2707,0.893,24.461,2426.6414,30.6893
SYM9483,135.98,1285.9313,1.2258,0.2777,0.9199,29.8947,2419.9225,31.8301
SYM9484,143.88,1998.0021,1.3735,0.2552,0.892,36.0957,2393.3793,28.4316
SYM9485,93.01,3690.912,1.4776,0.2862,0.7869,39.0751,1881.7375,31.926
SYM9486,115.3,2724.5148,1.4433,0.2325,0.8043,29.1533,2120.2864,25.2629
SYM9487,90.5,3252.0759,1.5288,0.2962,0.8287,31.5315,2602.4328,34.0546
SYM9488,151.06,1886.694,1.1254,0.1645,0.7422,17.3673,2263.5485,17.0984
SYM9489,87.97,1759.9891,1.3363,0.2326,0.8397,26.3083,2368.0011,25.5247
SYM9490,100.99,1253.7386,1.3734,0.2893,0.8886,24.4127,2547.3246,33.8693
SYM9491,90.91,1900.8933,1.3074,0.2448,0.8768,29.8712,2101.2963,26.9438
SYM9492,101.97,2035.6846,1.2521,0.1874,0.8132,24.9476,2455.316,20.2398
SYM9493,114.92,3177.5456,1.5656,0.2921,0.776,29.8378,2810.0565,34.3733
SYM9494,87.05,2032.3957,1.3755,0.2851,0.848,36.8226,2351.3605,32.5132
SYM9495,150.21,1931.3811,1.2383,0.216,0.8407,37.4525,2296.4527,22.8497
SYM9496,101.8,1906.9467,1.1752,0.1863,0.7996,15.5687,2367.3697,20.2982
SYM9497,73.41,1853.591,1.307,0.2515,0.8266,28.5427,2497.6227,28.2204
SYM9498,86.01,1078.5944,1.0785,0.2629,0.9222,28.8576,1904.3782,28.9803
SYM9499,102.93,1995.7396,1.2128,0.2468,0.823,33.2239,2183.3431,27.5919
SYM9500,148.88,1352.2527,1.1191,0.257,0.9359,31.6922,2314.8383,28.2712
SYM9501,129.25,1600.9468,1.3936,0.2316,0.8243,24.6209,2938.5695,25.8475
SYM9502,129.87,2883.7534,1.4523,0.2592,0.8344,31.1108,2409.3284,30.02
SYM9503,128.02,1263.6719,1.3108,0.2567,0.9023,21.1327,2435.1623,28.5917
SYM9504,128.74,2169.0902,1.4003,0.2523,0.76,26.9946,2589.2043,29.0895
SYM9505,84.95,1738.8929,1.3624,0.2599,0.9011,24.8858,2635.6635,29.4493
SYM9506,131.08,1092.1193,1.1904,0.4487,0.7913,38.6215,3235.345,58.4856
SYM9507,152.0,1476.3725,1.1106,0.1794,0.9776,36.4641,1566.0047,16.9537
SYM9508,136.27,1953.8401,1.3298,0.1952,0.8425,21.8284,2323.9801,21.1112
SYM9509,139.08,1719.0143,1.3143,0.2633,0.8241,23.8196,2528.6885,31.136
SYM9510,128.1,2269.601,1.2678,0.2603,0.8014,31.892,2352.0218,28.8951
SYM9511,137.03,1420.1057,1.1603,0.2017,0.8725,19.0403,2479.6065,21.0304
SYM9512,99.94,1658.3178,1.4512,0.2989,0.8898,25.167,2705.2101,35.0924
SYM9513,136.03,2397.1801,1.2877,0.2782,0.8148,39.4641,2017.9955,31.5042
SYM9514,133.46,1299.9116,1.2154,0.2589,0.912,26.9896,2441.533,28.7036
SYM9515,98.03,3160.5654,1.5905,0.3594,0.7029,37.5622,2650.8227,43.9951
SYM9516,140.03,1811.571,1.1893,0.2128,0.8791,24.161,2231.2312,22.8517
SYM9517,124.0,1564.8604,1.3683,0.3432,0.8871,33.3896,3009.1744,41.4172
SYM9518,97.99,1614.096,1.357,0.2568,0.8985,29.1123,2156.1315,28.7719
SYM9519,152.94,2116.3598,1.3834,0.2445,0.811,24.3989,2627.8096,27.71
SYM9520,135.1,2140.3378,1.141,0.2259,0.8436,28.9201,1967.7922,24.3054
SYM9521,100.5,2221.2925,1.3467,0.2403,0.7889,32.5899,1944.587,26.3591
SYM9522,125.17,1307.4511,1.8439,0.3428,0.8211,26.947,3175.5421,41.9897
SYM9523,126.77,2165.8628,1.361,0.3373,0.8094,32.8154,2040.5723,40.4692
SYM9524,135.99,1615.4582,1.3296,0.2707,0.8593,25.9772,2446.1157,31.4731
SYM9525,119.9,3078.0713,1.2885,0.2732,0.788,39.1543,1794.2806,30.8114
SYM9526,119.95,1099.6243,1.2149,0.3411,0.8612,28.9822,2295.8621,41.775
SYM9527,128.19,1935.6183,1.4234,0.333,0.8003,32.1509,2331.3206,40.7733
SYM9528,93.83,4124.2398,1.4789,0.2651,0.7287,31.5381,2417.1246,29.7708
SYM9529,135.08,1883.9959,1.4202,0.3187,0.8332,31.8302,2630.5359,38.3423
SYM9530,88.98,830.1838,1.259,0.2501,0.9466,18.6188,2324.6945,27.2138
SYM9531,139.62,4109.7926,1.4768,0.2492,0.6925,38.7261,2268.8252,27.6089
SYM9532,123.55,1844.1175,1.2598,0.2061,0.8421,26.0821,2418.3756,21.8454
SYM9533,111.07,1129.5899,1.2002,0.2085,0.913,19.3435,2556.1026,22.2179
SYM9534,114.96,2819.4169,1.5685,0.2666,0.7698,23.7887,2792.4611,31.3562
SYM9535,111.8,2467.3167,1.3331,0.2893,0.7956,27.3664,2505.2958,34.1992
SYM9536,125.73,1598.7854,1.0598,0.2023,0.8844,27.0222,1897.76,21.1118
SYM9537,129.84,1962.7081,1.3391,0.2554,0.7998,29.1727,2636.1203,29.1452
SYM9538,126.02,2353.9119,1.3034,0.2805,0.826,30.9172,2160.1497,32.4316
SYM9539,151.1,1559.1377,1.3067,0.2941,0.8822,29.4799,2547.1321,35.0946
SYM9540,89.91,1684.9983,1.215,0.2187,0.8242,18.6853,2295.2264,23.7312
SYM9541,154.33,1647.0878,1.3308,0.2229,0.8829,31.0245,2518.3081,24.3439
SYM9542,129.93,1698.3284,1.3544,0.3016,0.9027,31.121,2279.4278,34.9966
SYM9543,129.94,1300.0028,1.5698,0.3681,0.8859,31.748,2404.7115,44.9071
SYM9544,119.38,1918.4722,1.6668,0.3196,0.8898,28.6612,2612.247,37.8534
SYM9545,135.99,1956.8404,1.3283,0.2543,0.8117,30.1569,2039.0003,28.9787
SYM9546,127.95,2752.5729,1.2342,0.1728,0.7683,11.5913,2308.5446,17.6885
SYM9547,96.52,1905.9399,1.5534,0.3329,0.8531,29.3509,2906.0673,40.147
SYM9548,156.36,1954.1565,1.216,0.2298,0.8751,30.6174,2317.1252,25.0848
SYM9549,129.93,1447.6213,1.427,0.3213,0.8968,28.5011,2529.2975,38.5006
SYM9550,119.32,1237.3076,1.0206,0.1615,0.8807,34.2357,1417.6859,14.9869
SYM9551,135.77,1537.5663,1.3181,0.2566,0.901,27.2962,2841.077,29.1327
SYM9552,99.95,1949.8066,1.2722,0.213,0.8312,26.9884,2374.6912,22.8136
SYM9553,100.75,2499.5058,1.2557,0.221,0.8457,31.4323,1559.0446,23.2429
SYM9554,92.0,1841.9736,1.2759,0.2754,0.9026,31.8486,2337.8892,31.2919
SYM9555,102.94,1840.6939,1.1245,0.1996,0.8226,27.6802,1998.3451,20.9601
SYM9556,127.95,2752.5729,1.2342,0.1728,0.7683,11.5913,2308.5446,17.6885
SYM9557,76.59,2034.3162,1.2906,0.2797,0.8569,40.2616,2145.4255,31.9187
SYM9558,78.0,1886.0288,1.23,0.1939,0.7484,17.8303,2815.9784,21.38
SYM9559,90.05,1976.2481,1.3947,0.2185,0.8348,20.6369,3134.2364,24.0806
SYM9560,76.41,1535.3074,1.5528,0.2695,0.8855,30.7504,2467.9772,30.1915
SYM9561,123.97,1100.1683,1.0492,0.0802,0.9025,8.6759,2697.5507,6.7157
SYM9562,135.58,1265.4824,1.2479,0.2196,0.9122,18.6122,2702.3479,23.9594
SYM9563,89.88,1854.3834,1.3344,0.1942,0.8921,29.1561,2386.1727,19.9234
SYM9564,118.42,1379.1817,1.372,0.2917,0.8722,31.9243,2646.2739,34.0502
SYM9565,122.47,1479.1249,1.2264,0.1968,0.8695,29.973,2194.1914,20.3928
SYM9566,94.46,2543.627,1.4557,0.3215,0.7717,41.8464,2158.095,37.8769
SYM9567,143.39,2722.6301,1.6182,0.1937,0.73,26.206,2148.4209,19.4982
SYM9568,139.99,805.5073,1.2656,0.2356,0.9364,18.9352,2942.2431,25.58
SYM9569,100.47,1473.9855,1.458,0.3197,0.8723,31.462,2214.4033,38.0091
SYM9570,87.33,2019.0016,1.2781,0.2006,0.8131,25.9218,2089.6491,21.1505
SYM9571,94.91,1553.9407,1.161,0.2584,0.8869,42.1081,2532.2467,27.8367
SYM9572,93.81,1733.3132,1.2339,0.2669,0.9404,39.4523,2254.6538,29.0996
SYM9573,178.21,1528.3973,1.4619,0.2976,0.8838,29.193,2557.0886,35.012
SYM9574,118.48,1680.3331,1.3708,0.2828,0.8246,31.465,2215.4982,33.1803
SYM9575,95.05,1438.0788,1.227,0.2424,0.9164,27.8155,2082.3931,26.6845
SYM9576,124.96,2085.0666,1.4149,0.2885,0.8408,38.2817,2221.7233,33.4548
SYM9577,84.86,1887.0577,1.2906,0.2441,0.8677,32.0447,2093.9102,26.5683
SYM9578,142.22,1508.5375,1.3148,0.2611,0.9049,28.6884,2478.4547,29.2186
SYM9579,94.0,1349.2527,1.4352,0.2875,0.9202,32.567,2489.9373,32.3688
SYM9580,88.51,2315.716,1.3026,0.3005,0.7801,41.5028,2070.6358,35.2572
SYM9581,172.27,941.488,1.3949,0.218,0.914,19.4846,2553.8548,23.3693
SYM9582,151.27,1066.1697,1.2538,0.2367,0.8525,20.9358,2147.2888,26.3935
SYM9583,132.16,1568.3385,1.1925,0.2147,0.8436,27.9558,2284.1021,22.7374
SYM9584,94.05,2145.1052,1.3507,0.1611,0.8646,22.2719,2744.9396,15.894
SYM9585,139.93,1975.273,1.202,0.1838,0.7735,26.7183,1526.1801,18.7672
SYM9586,129.98,2391.9327,1.4358,0.2258,0.8913,31.3349,1985.9362,24.1463
SYM9587,150.12,1573.1187,1.4291,0.2679,0.9074,23.28,2160.4593,30.1903
SYM9588,165.58,1444.1772,1.152,0.1545,0.8989,19.0394,2248.6248,15.6312
SYM9589,114.58,1666.6538,1.2721,0.222,0.8986,20.3375,2042.0662,23.8941
SYM9590,128.01,1591.9849,1.3107,0.2067,0.8935,24.4787,2582.7188,21.84
SYM9591,92.1,1469.357,1.2835,0.27,0.8912,29.8794,2370.2015,30.7172
SYM9592,84.95,900.6077,1.1407,0.1491,0.8721,14.4696,2614.3154,14.7643
SYM9593,97.47,2196.9136,1.4238,0.2678,0.8691,36.1437,2508.0912,30.3663
SYM9594,93.85,2128.0889,1.4152,0.2145,0.8731,24.6696,2393.8196,23.6188
SYM9595,101.04,2040.0418,1.5867,0.2505,0.8635,29.6673,2457.3763,27.5621
SYM9596,150.12,899.5525,1.0323,0.2117,0.9155,20.08,2385.258,22.3112
SYM9597,99.97,1276.9469,1.3872,0.2542,0.914,22.7214,2285.4767,28.1805
SYM9598,125.16,1534.6032,1.379,0.29,0.8315,26.5076,2407.7257,34.0998
SYM9599,95.05,1425.9614,1.5008,0.2928,0.8827,24.8763,2404.5341,34.0864
SYM9600,154.42,1436.9781,1.2945,0.3018,0.8782,35.3953,2364.3589,35.1585
SYM9601,150.07,1051.1267,1.2663,0.3089,0.9438,35.1495,2598.7085,35.9002
SYM9602,100.01,1601.639,1.3623,0.3005,0.8968,32.5354,2573.3795,34.8423
SYM9603,128.01,1591.9849,1.3107,0.2067,0.8935,24.4787,2582.7188,21.84
SYM9604,132.0,958.1133,1.4134,0.3183,0.8826,26.7703,2989.8581,37.456
SYM9605,100.03,2204.2093,1.3099,0.2416,0.8214,42.988,2158.9523,25.8443
SYM9606,129.89,1407.2622,0.8712,0.1135,0.799,14.7288,2467.2036,11.574
SYM9607,93.98,1526.1299,1.3418,0.1403,0.9039,17.2135,3060.6333,13.2615
SYM9608,83.52,2646.4168,1.2286,0.2154,0.7592,33.659,1990.0518,23.1818
SYM9609,161.91,1203.7407,1.1866,0.224,0.8548,26.1272,2302.7901,25.2011
SYM9610,139.97,1301.4698,1.4523,0.2586,0.8947,26.5906,2578.6701,29.4443
SYM9611,166.09,1603.0241,1.3109,0.2916,0.8973,33.4544,2106.9159,33.7267
SYM9612,149.99,1538.9738,1.296,0.2551,0.8392,23.8398,2535.0444,29.0515
SYM9613,99.85,1544.811,1.1544,0.2392,0.8985,30.6355,2171.3904,26.8636
SYM9614,156.12,1872.1294,1.2464,0.2458,0.8586,30.5049,2053.6088,27.1302
SYM9615,120.03,2112.5904,1.3652,0.2503,0.8285,32.669,2468.1444,28.3771
SYM9616,89.88,1921.1481,1.256,0.235,0.7349,25.217,1866.5967,27.0049
SYM9617,161.75,1356.7246,1.3149,0.2815,0.8756,32.6745,2494.3844,32.5503
SYM9618,150.16,1797.4238,1.4205,0.2278,0.8649,31.7587,2191.5792,24.1772
SYM9619,81.01,1933.1345,1.5392,0.2949,0.8487,26.8478,2697.9964,34.6787
SYM9620,118.01,1196.1734,1.3549,0.2705,0.9421,31.3001,2418.7448,30.5682
SYM9621,83.49,2929.7544,1.2081,0.1381,0.7863,25.4366,1843.513,13.0651
SYM9622,178.21,1998.7131,1.3619,0.2147,0.919,27.4853,2389.5425,22.5303
SYM9623,121.98,970.0792,1.3823,0.3119,0.9542,31.2583,2662.9799,36.0401
SYM9624,150.02,1633.6843,1.2964,0.1747,0.8734,23.6003,2275.277,18.072
SYM9625,88.54,1349.1538,1.3184,0.2729,0.8969,27.2897,2595.2023,32.2485
SYM9626,79.07,1222.3597,1.3998,0.3089,0.8475,26.5057,2825.8556,37.0648
SYM9627,85.85,1927.447,1.3375,0.2628,0.8462,30.2545,2378.9923,30.025
SYM9628,139.99,1610.2441,1.1979,0.2515,0.8637,23.8559,2468.5696,28.5728
SYM9629,95.96,1781.2946,1.1962,0.0654,0.6599,8.5033,1847.8464,5.0445
SYM9630,93.95,1407.2874,1.44,0.2257,0.9388,23.3504,2751.4234,24.3561
SYM9631,90.13,1207.7652,1.3112,0.2847,0.912,26.4358,2368.1073,33.105
SYM9632,95.36,2456.4303,1.4919,0.2348,0.8297,35.3522,2230.6149,25.1966
SYM9633,78.05,2287.7046,1.3567,0.2622,0.8865,40.1583,2789.5814,28.2712
SYM9634,93.99,1567.9702,1.0412,0.2573,0.8157,33.7255,1502.9019,30.319
SYM9635,95.82,1693.348,1.3759,0.1968,0.9223,29.4652,2651.6362,20.23
SYM9636,144.99,1486.1624,1.2177,0.3158,0.849,43.7547,2827.5919,36.6483
SYM9637,172.27,1768.6518,1.2078,0.2427,0.8821,28.676,1805.0771,26.3233
SYM9638,94.9,1959.421,1.111,0.2627,0.8169,31.4453,2162.6836,29.5348
SYM9639,94.98,2315.7015,1.3171,0.2281,0.8915,37.7018,2459.5705,24.3906
SYM9640,142.2,1441.5811,1.1938,0.2603,0.9169,32.7631,2364.3475,28.874
SYM9641,144.17,2364.8199,1.2818,0.2361,0.7599,39.7689,1981.2624,25.1212
SYM9642,164.7,2513.6056,1.3165,0.2277,0.8133,41.4497,1839.3349,23.8266
SYM9643,92.93,1529.1365,1.2776,0.2732,0.8898,33.0086,2288.1477,31.6302
SYM9644,97.06,2154.3689,1.3183,0.2503,0.8414,39.5029,2176.3451,27.4208
SYM9645,84.75,2208.732,1.5126,0.2611,0.821,27.8478,2589.4849,29.7361
SYM9646,87.89,1808.7373,1.4805,0.3039,0.8949,27.2784,2718.5331,35.6499
SYM9647,90.01,1686.2796,1.462,0.3171,0.9183,37.1861,2482.3681,36.9252
SYM9648,148.07,1307.7645,1.5241,0.2601,0.9003,22.3627,2834.4185,29.7202
SYM9649,91.3,945.6524,1.1919,0.232,0.8702,19.1993,2159.0538,25.2939
SYM9650,96.47,1433.1548,1.3202,0.2904,0.8984,30.1675,1872.6974,33.7163
SYM9651,78.95,1630.1823,1.175,0.1478,0.9026,25.7637,2068.1679,14.2885
SYM9652,94.92,1956.4023,1.2298,0.2313,0.853,26.5237,2179.4365,26.3419
SYM9653,117.75,2357.044,1.3493,0.2053,0.7758,38.3554,2169.9006,21.1109
SYM9654,92.94,1418.6729,1.2973,0.2387,0.8978,30.3677,2402.577,26.1952
SYM9655,80.11,1635.8224,1.1677,0.1825,0.8917,31.3282,2562.4721,17.6722
SYM9656,162.62,1634.4113,1.1828,0.1452,0.914,18.2163,2325.1505,13.7027
SYM9657,121.08,1788.8574,1.4627,0.2909,0.8388,30.1056,2807.2229,34.3978
SYM9658,95.64,1735.7715,1.1631,0.082,0.8401,15.905,2044.6322,6.2961
SYM9659,94.94,842.2186,1.1275,0.2639,0.8458,33.8553,2754.3381,30.0917
SYM9660,178.21,1197.8737,1.3412,0.2466,0.8844,22.5747,2851.8621,27.923
SYM9661,91.94,2693.2218,1.4096,0.2447,0.7797,29.7991,2751.2551,27.4895
SYM9662,184.57,1601.9125,1.3105,0.2018,0.92,20.1685,2219.629,20.9169
SYM9663,109.83,1249.7749,1.5831,0.3102,0.9159,26.3924,3292.7352,36.5597
SYM9664,81.8,2229.0453,1.4676,0.2271,0.9089,31.3611,2499.6434,24.1629
SYM9665,97.02,1937.4762,1.5381,0.3543,0.868,36.1363,2771.1332,43.3843
SYM9666,162.42,1126.6333,1.1856,0.2694,0.9077,20.9494,2355.8744,30.6092
SYM9667,95.0,1863.2812,1.2741,0.2653,0.9141,37.8435,2401.9656,29.1338
SYM9668,139.94,2763.4882,1.6971,0.2876,0.8073,33.0901,2813.0515,33.0209
SYM9669,128.26,1424.7199,1.2403,0.2652,0.8766,27.5918,2478.533,30.0598
SYM9670,101.89,1414.2037,1.4883,0.3062,0.8869,26.8554,2672.8376,35.8007
SYM9671,95.11,2230.1447,1.2252,0.1632,0.8761,32.6631,1974.0191,15.8301
SYM9672,92.84,2194.8594,1.4851,0.2353,0.8244,28.7126,2474.9881,25.7999
SYM9673,136.57,1985.0502,1.2496,0.1619,0.8606,26.2867,2591.0785,15.1867
SYM9674,139.61,1300.6706,1.1803,0.2066,0.9333,26.6761,1807.1911,20.9405
SYM9675,92.9,1105.4127,1.4444,0.2779,0.8919,19.6461,2817.7468,32.1202
SYM9676,120.03,2270.5825,1.3602,0.2371,0.8379,26.7374,2379.6507,26.072
SYM9677,123.95,2064.0857,1.5204,0.2509,0.8558,22.5012,2531.3457,28.5789
SYM9678,92.83,2334.1598,1.464,0.2652,0.8591,31.6334,2438.2103,30.7813
SYM9679,84.88,1656.3753,1.3898,0.2762,0.8659,29.7776,2530.8765,31.5605
SYM9680,121.07,1232.9226,1.2677,0.3021,0.904,33.0409,2569.0322,35.0145
SYM9681,94.02,1616.7159,1.4705,0.2168,0.9068,32.1731,2572.5784,22.5321
SYM9682,93.0,1581.9242,1.4674,0.2572,0.8821,21.7177,2729.9246,29.4254
SYM9683,102.03,1860.8914,1.3087,0.1976,0.9219,33.2685,2181.8728,19.6953
SYM9684,154.9,1196.6341,1.2371,0.3073,0.8873,42.9773,2616.2012,36.102
SYM9685,88.05,1863.9172,1.2055,0.2135,0.9041,39.7403,2043.0927,22.2424
SYM9686,96.99,1296.2809,1.3686,0.1996,0.9572,23.6887,2828.3987,20.7067
SYM9687,95.98,1361.3318,1.4504,0.1516,0.8878,18.4377,2422.1314,14.9936
SYM9688,91.03,1675.7132,1.3533,0.217,0.937,35.0454,2459.6262,22.5468
SYM9689,125.04,1609.9935,1.3701,0.2516,0.8797,27.2643,2342.704,27.9152
SYM9690,95.99,1355.0239,1.4556,0.156,0.8789,18.6804,2424.1651,15.5744
SYM9691,129.84,1456.5984,1.271,0.2822,0.836,29.5947,2609.887,34.1979
SYM9692,139.98,705.3739,1.1723,0.2176,0.9142,16.8224,2770.2365,23.4101
SYM9693,90.38,1422.3238,1.2685,0.3421,0.8526,42.6888,2876.9043,41.7385
SYM9694,97.17,1582.1658,1.4531,0.207,0.872,25.2974,2795.1764,22.1213
SYM9695,96.0,2787.5097,1.5034,0.1707,0.8109,27.9966,2726.3995,17.2925
SYM9696,155.74,1232.5145,1.0712,0.2103,0.9399,30.7785,2220.0115,21.7628
SYM9697,79.83,1354.0255,1.2253,0.1732,0.9519,22.7147,2515.0496,17.7208
SYM9698,139.79,1361.8016,1.2498,0.2301,0.869,30.0403,2827.0315,25.0171
SYM9699,86.79,1235.1027,0.9332,0.2812,0.7435,21.8874,3421.4537,36.7936
SYM9700,99.94,1504.6981,1.3931,0.214,0.881,26.5525,3183.2468,22.7929
SYM9701,172.27,1220.0571,1.4368,0.1857,0.9355,23.9024,2406.2476,18.3692
SYM9702,90.36,1931.845,1.1971,0.172,0.8463,24.2894,2219.2398,17.7206
SYM9703,99.9,1131.3125,1.3181,0.2428,0.9499,20.3216,3043.5057,27.6559
SYM9704,100.06,1710.816,1.3241,0.234,0.8972,33.1164,2268.7588,25.681
SYM9705,98.0,915.1228,1.5235,0.2442,0.9455,26.0984,2943.1276,26.2931
SYM9706,103.54,1478.5487,1.2276,0.2871,0.8798,40.6566,1951.4574,33.3961
SYM9707,97.97,962.3058,1.3109,0.1915,0.9559,19.7903,2605.6742,20.2842
SYM9708,98.04,1581.4895,1.2773,0.2849,0.8759,34.4931,2281.1053,33.4163
SYM9709,89.8,1653.2343,1.4105,0.1933,0.8651,20.8384,2562.966,20.1404
SYM9710,155.5,2293.8414,1.2385,0.1797,0.8297,30.8899,2491.9671,18.8704
SYM9711,88.51,2315.716,1.3026,0.3005,0.7801,41.5028,2070.6358,35.2572
SYM9712,98.98,1245.2099,1.3998,0.246,0.9404,24.7237,2921.4235,27.8877
SYM9713,98.0,1641.9007,1.5371,0.3751,0.2276,36.2661,2954.6633,47.3292
SYM9714,97.99,1154.9497,1.5152,0.2211,0.928,20.5319,3044.9743,23.7057
SYM9715,93.99,1811.9722,1.4009,0.3454,0.83,31.7954,2320.4309,42.2483
SYM9716,100.04,1022.0157,1.4698,0.2696,0.225,31.7935,3008.7481,30.2734
SYM9717,96.0,2188.3824,1.4063,0.2397,0.2336,33.7951,2355.7729,27.0818
SYM9718,98.03,2574.6584,1.1653,0.2615,0.8754,41.2205,2269.8871,29.8111
SYM9719,97.96,2026.0953,1.3987,0.2398,0.8757,32.7208,2350.5462,26.9328
SYM9720,125.14,1771.7013,1.2614,0.0615,0.849,6.2178,2543.2223,4.5487
SYM9721,119.75,1256.8657,1.1247,0.1405,0.8748,15.1548,2023.6434,13.3689
SYM9722,125.06,2143.3011,1.5477,0.1314,0.8717,21.6238,2417.7982,11.3197
SYM9723,128.81,1013.9461,1.035,0.1934,0.9476,22.6044,2237.8959,19.5889
SYM9724,129.98,1522.974,1.0216,0.1631,0.8838,22.9995,2041.7108,16.1921
SYM9725,136.58,1688.9881,1.1999,0.0433,0.8623,7.7519,2562.5283,2.7782
SYM9726,93.32,1352.5336,1.1257,0.1707,0.8931,18.9795,2069.9141,17.3973
SYM9727,117.78,1070.2464,1.0044,0.1792,0.892,23.1772,1989.2418,18.652
SYM9728,161.99,1304.6498,1.3977,0.2602,0.9158,25.1697,2337.9987,29.054
SYM9729,128.05,1525.5379,1.1959,0.1959,0.9081,23.5276,2597.0404,20.4546
SYM9730,132.11,1673.6827,1.1876,0.1915,0.8877,26.0969,2291.0908,19.8443
SYM9731,97.95,847.2628,1.0435,0.18,0.9192,23.1083,2448.5146,18.5425
SYM9732,129.86,2419.1846,1.3654,0.2271,0.8661,33.8869,1992.4865,23.9811
SYM9733,139.87,1024.3836,0.9489,0.153,0.9029,17.4422,2222.1949,15.0351
SYM9734,89.96,1814.4796,1.3937,0.1987,0.8825,23.2421,3085.6474,20.8127
SYM9735,90.24,1282.9691,1.3528,0.4057,0.2763,43.3777,2268.5623,52.0772
SYM9736,98.2,1205.6467,1.1242,0.2247,0.9289,31.1695,2398.0223,24.9063
SYM9737,94.04,2039.6773,1.2386,0.2227,0.8732,36.4726,2127.9127,23.2442
SYM9738,96.97,1358.2893,1.2503,0.4561,0.2894,47.3109,2187.7896,61.0195
SYM9739,90.1,1424.9883,1.3064,0.3278,0.8127,38.3132,2308.076,39.4871
SYM9740,88.54,1349.1538,1.3184,0.2729,0.8969,27.2897,2595.2023,32.2485
SYM9741,129.98,2391.9327,1.4358,0.2258,0.8913,31.3349,1985.9362,24.1463
SYM9742,99.91,887.1804,1.1863,0.255,0.9167,25.723,2519.2527,29.4373
SYM9743,111.11,1614.852,1.4798,0.326,0.8356,30.1413,2446.4818,38.1595
SYM9744,110.19,1080.958,1.3008,0.3249,0.8838,25.7454,1980.6095,38.4216
SYM9745,123.41,1558.7715,1.0845,0.2802,0.8678,40.0996,2150.2093,31.1036
SYM9746,99.99,2029.5278,1.354,0.1727,0.8895,28.4143,2119.2154,16.9834
SYM9747,112.63,2081.3273,1.2331,0.1906,0.8085,23.0648,1848.8056,20.2114
SYM9748,161.93,1226.4163,1.3126,0.222,0.8464,18.8657,2208.5849,24.0834
SYM9749,133.0,2196.0775,1.5206,0.2214,0.8332,25.6003,2348.8784,24.0649
SYM9750,93.94,1149.4874,1.2783,0.2282,0.9073,23.407,2160.2012,24.0959
SYM9751,124.97,1163.2438,1.2483,0.2041,0.9079,17.9145,2013.3007,21.4498
SYM9752,117.07,1707.9771,1.3725,0.2049,0.7608,24.8445,2129.31,21.5946
SYM9753,122.02,1095.9605,1.2707,0.2802,0.9392,27.2107,2371.9058,31.3659
SYM9754,85.5,994.173,1.156,0.2903,0.9287,31.6498,2500.0504,32.6486
SYM9755,122.93,1086.5863,1.1373,0.2188,0.9182,22.7055,1978.1243,23.2845
SYM9756,178.21,1604.1816,1.1795,0.2606,0.8608,28.4636,2286.4772,29.6639
SYM9757,91.04,2081.7395,1.2371,0.3277,0.8861,32.9441,2123.306,39.0588
SYM9758,155.55,1112.1135,1.2469,0.2262,0.9013,26.2859,1885.2056,24.1487
SYM9759,103.84,1276.9376,1.1647,0.2179,0.8258,21.1359,2027.3947,23.511
SYM9760,152.45,1597.8284,1.1455,0.2271,0.897,27.6536,1994.159,24.2821
SYM9761,120.01,1409.3272,1.1361,0.234,0.8712,30.9799,2092.9703,25.8463
SYM9762,129.01,1631.5207,1.5369,0.2216,0.7955,23.579,2228.0704,23.5129
SYM9763,142.11,1274.2404,1.1884,0.2021,0.8448,21.279,2291.4029,21.3225
SYM9764,111.99,1133.5159,1.2113,0.2058,0.9173,23.4864,2177.7026,21.1734
SYM9765,103.93,1811.5112,1.2762,0.1878,0.8615,25.2607,1809.2205,18.629
SYM9766,107.04,1297.3958,1.1655,0.2377,0.9157,25.004,1938.7998,25.84
SYM9767,112.78,1462.3555,1.2623,0.2586,0.8693,27.159,2175.5873,29.2027
SYM9768,133.69,1673.0303,1.1707,0.2164,0.8454,28.1282,2192.43,23.5625
SYM9769,100.97,1282.4875,1.1354,0.2008,0.9029,24.1927,2333.8286,20.8785
SYM9770,143.09,1208.2924,1.1754,0.2172,0.8666,27.6984,1883.372,23.2236
SYM9771,99.81,1387.1681,0.9644,0.1414,0.8835,19.1225,1978.3061,13.0058
SYM9772,124.97,1163.2438,1.2483,0.2041,0.9079,17.9145,2013.3007,21.4498
SYM9773,89.94,2328.7216,1.1766,0.206,0.8906,38.6978,1921.5728,20.666
SYM9774,120.03,2945.8975,1.2256,0.1015,0.7258,24.0591,1710.189,8.2822
SYM9775,104.81,1409.1063,1.1698,0.2682,0.8758,30.6164,2023.3419,29.9106
SYM9776,120.08,947.9761,1.3364,0.2848,0.9083,22.1155,2476.9564,32.3835
SYM9777,128.31,2422.9535,1.3534,0.1879,0.7501,23.0601,2256.2092,19.8574
SYM9778,95.96,1694.2576,1.2417,0.1864,0.9167,19.3675,1463.0633,18.1623
SYM9779,104.97,1659.6697,1.1525,0.1177,0.9174,23.5913,1933.6702,9.8107
SYM9780,139.6,1850.7824,1.1969,0.2497,0.8917,37.8531,2161.1183,27.0579
SYM9781,99.65,1515.2384,1.2263,0.2156,0.9404,30.6617,2353.2657,22.3436
SYM9782,97.06,1274.8484,1.095,0.0905,0.9345,15.5751,2435.2475,7.0358
SYM9783,97.9,1830.3716,1.2401,0.2357,0.8079,31.427,2230.4797,25.5965
SYM9784,136.5,1254.5348,1.1209,0.2725,0.8761,31.4956,2450.5546,30.8152
SYM9785,101.03,1502.6078,1.2482,0.2804,0.8865,37.2933,2208.5052,31.6508
SYM9786,80.97,1291.7341,1.2609,0.2479,0.9248,28.4696,2497.3722,26.9983
SYM9787,164.06,1916.517,1.1289,0.2597,0.266,48.3424,1955.1701,27.8163
SYM9788,97.92,1655.2229,1.141,0.2349,0.9398,40.9757,2037.423,24.9007
SYM9789,124.21,1839.7906,1.1838,0.2301,0.8641,34.5493,2076.7174,25.1113
SYM9790,156.2,2067.0892,1.2461,0.1311,0.8728,21.0764,2673.8124,11.3152
SYM9791,98.02,2379.6022,1.2537,0.1939,0.8699,30.2698,2185.3784,19.4808
SYM9792,92.33,1935.0033,1.1744,0.252,0.8595,35.1192,1960.8009,28.0643
SYM9793,150.35,1497.5647,1.2314,0.2594,0.8976,30.969,2298.4512,28.8932
SYM9794,87.49,1646.3379,1.2367,0.2588,0.8735,27.9188,1796.3529,28.6299
SYM9795,129.59,1496.5712,1.1948,0.2537,0.9034,30.9627,2272.1824,27.9943
SYM9796,132.03,1765.6319,1.1329,0.2626,0.8888,39.8333,2052.6157,28.9748
SYM9797,93.97,1826.8903,1.1805,0.1203,0.8921,16.3349,2305.6861,10.5898
SYM9798,110.01,1583.1088,1.3488,0.2504,0.9071,25.4327,2163.6544,27.4076
SYM9799,87.96,1738.9732,1.2442,0.205,0.8845,25.489,2250.9571,21.5951
SYM9800,153.89,1468.838,1.3057,0.1467,0.8716,21.6634,2269.6146,13.4786
SYM9801,155.22,1833.5093,1.1941,0.1913,0.8891,25.3954,1718.8618,19.1157
SYM9802,122.49,1492.0529,1.1027,0.1738,0.9133,31.529,2074.1589,17.0855
SYM9803,119.98,2014.2171,1.3269,0.2079,0.8676,33.7386,2628.1405,21.7987
SYM9804,97.73,1223.2408,1.0814,0.4454,0.9307,51.5907,1372.15,58.0158
SYM9805,107.97,4296.5099,1.2071,0.2005,0.7416,38.626,1676.7707,20.3296
SYM9806,95.98,1447.8304,1.263,0.2688,0.9079,33.5451,2219.4211,29.5487
SYM9807,74.08,2032.1473,1.238,0.2008,0.8887,31.4823,2059.5925,21.1008
SYM9808,88.64,1990.3412,1.0855,0.1685,0.892,32.1605,2277.657,16.5356
SYM9809,87.87,2245.5592,1.1974,0.1563,0.2627,23.9651,2001.0476,15.2757
SYM9810,85.04,2978.5424,1.2992,0.165,0.7784,23.4583,2195.8423,17.0072
SYM9811,85.86,2200.5236,1.4066,0.2308,0.7889,30.014,1883.5474,25.027
SYM9812,166.56,1396.5538,1.1745,0.0643,0.9108,10.9387,2174.6175,4.4314
SYM9813,99.95,3084.3546,1.4624,0.2026,0.7954,36.2633,2362.165,20.9775
SYM9814,135.97,1970.9355,1.3839,0.2043,0.8072,22.1024,3099.0665,22.2195
SYM9815,91.97,1930.3551,1.3524,0.204,0.8202,32.9143,2146.6708,20.8353
SYM9816,90.02,1779.5448,1.377,0.1996,0.8646,27.3705,2685.4386,20.2206
SYM9817,137.09,1977.855,1.3816,0.1388,0.8156,14.4178,3440.6624,13.4139
SYM9818,106.9,1812.2382,1.2657,0.1989,0.8973,25.8581,1980.8801,19.7906
SYM9819,150.13,1216.0743,1.1283,0.1973,0.9242,24.9935,2130.0415,19.783
SYM9820,88.97,3438.4589,1.3215,0.1691,0.8162,28.9188,2250.5302,16.7845
SYM9821,96.92,1602.8899,1.1169,0.1708,0.8954,23.552,1962.9775,16.9624
SYM9822,116.4,2171.8877,1.3011,0.2289,0.8374,26.8374,2139.8688,24.5753
SYM9823,150.18,1530.8852,1.0957,0.1687,0.335,23.0897,2248.2185,16.3873
SYM9824,95.93,2359.8107,1.308,0.2456,0.8125,32.9918,2486.7862,27.7612
SYM9825,94.06,1312.6488,1.2447,0.2688,0.8971,20.4202,2928.6522,30.6803
SYM9826,107.79,3507.6354,1.5279,0.1337,0.7706,18.424,2913.6606,12.4661
SYM9827,98.03,1291.3748,1.3926,0.2625,0.8842,25.6239,2353.7077,28.8677
SYM9828,163.99,1484.0487,1.4302,0.212,0.8614,24.668,3434.5336,23.2964
SYM9829,163.83,1756.9424,1.394,0.2462,0.9258,27.8516,2587.3199,26.8759
SYM9830,105.9,1613.5772,1.2059,0.2648,0.8915,31.3622,2375.9482,30.3337
SYM9831,111.97,2630.5343,1.2218,0.1579,0.7887,30.5348,1904.8632,14.8429
SYM9832,83.05,1259.8982,1.2633,0.2421,0.9213,23.9239,2356.4604,26.0976
SYM9833,96.15,1468.6123,1.2535,0.191,0.8412,18.6796,2480.4228,20.0441
SYM9834,154.7,1871.0582,1.2637,0.2422,0.8946,24.7733,2306.9551,26.4483
SYM9835,90.01,2554.2078,1.336,0.2343,0.8093,37.7729,2161.4099,25.2075
SYM9836,130.01,2005.347,1.3355,0.2082,0.8718,24.7526,2501.4787,22.2388
SYM9837,163.89,1659.4784,1.4285,0.2452,0.2679,27.531,2546.3404,26.6908
SYM9838,142.12,2242.582,1.2897,0.2168,0.8294,27.958,2096.9961,22.6022
SYM9839,84.87,2480.749,1.3038,0.2448,0.2185,35.7653,2113.3399,26.0993
SYM9840,118.51,2555.2288,1.2337,0.2202,0.2471,35.8918,1984.1131,22.9751
SYM9841,163.76,1783.502,1.3941,0.2386,0.9229,26.7526,2673.6164,25.95
SYM9842,88.64,2145.1774,1.3382,0.2231,0.7723,33.159,2057.8669,23.5146
SYM9843,91.53,1963.5057,1.1131,0.2373,0.3141,36.1559,1825.1765,25.6697
SYM9844,90.05,1954.2501,1.2797,0.2062,0.9023,34.1724,2279.9114,20.902
SYM9845,107.02,2691.6227,1.4254,0.2046,0.7631,30.1175,2593.2922,21.6292
SYM9846,90.35,3131.3706,1.5448,0.0983,0.6856,9.1995,2473.5741,8.5401
SYM9847,137.09,1977.855,1.3816,0.1388,0.8156,14.4178,3440.6624,13.4139
SYM9848,129.22,1118.7756,1.2308,0.3147,0.9266,36.2672,2707.2094,36.8352
SYM9849,90.89,2115.5144,1.4798,0.1868,0.8017,19.8796,2381.7916,19.9235
SYM9850,172.27,2043.8965,1.3187,0.2589,0.8061,33.0984,1898.0273,29.0429
SYM9851,144.78,1851.7573,1.5556,0.2819,0.8214,34.9255,1895.9846,31.8241
SYM9852,95.08,2458.2084,1.5349,0.2146,0.8136,32.0363,2334.8733,22.8311
SYM9853,129.89,1448.8326,1.5075,0.2089,0.8622,21.8174,2455.9949,22.2596
SYM9854,116.93,1752.4634,1.2952,0.1919,0.8363,25.071,2321.4458,20.0308
SYM9855,112.87,1087.5237,1.3572,0.2875,0.8912,26.9536,2293.527,33.3321
SYM9856,96.44,2212.6622,1.3681,0.2303,0.8858,28.7279,2565.7256,25.1087
SYM9857,152.82,961.4331,1.2836,0.2668,0.9286,20.4826,2654.842,30.575
SYM9858,83.94,1946.4413,1.3754,0.243,0.7775,24.4695,2606.4577,27.3917
SYM9859,120.04,1357.4834,1.2182,0.2768,0.8344,36.5988,2179.1224,31.5447
SYM9860,142.46,605.7678,1.3165,0.2769,0.9521,18.1729,2798.043,31.3216
SYM9861,143.83,983.7979,1.371,0.3311,0.8938,23.769,3032.4072,39.6554
SYM9862,144.69,1367.992,1.4232,0.2321,0.8795,24.3583,2473.4226,25.5927
SYM9863,107.89,1167.8391,1.4301,0.2303,0.9405,21.3633,2266.2566,24.7009
SYM9864,136.72,1696.5354,1.2905,0.1499,0.8945,23.1423,2281.7448,14.95
SYM9865,129.77,1364.6431,1.371,0.1777,0.8797,19.9229,2137.3913,18.7652
SYM9866,128.36,2785.8938,1.174,0.2391,0.7584,42.5119,1724.6037,26.4527
SYM9867,102.96,879.0259,1.593,0.2628,0.9205,20.8961,3110.696,29.1152
SYM9868,125.14,766.2792,1.242,0.2193,0.9179,24.8005,3062.919,22.7416
SYM9869,116.33,1001.5433,1.3906,0.2528,0.9202,21.9222,2803.784,28.3897
SYM9870,88.96,2236.8543,1.3292,0.2286,0.887,34.7241,1892.8839,24.3357
SYM9871,104.98,797.5531,1.3,0.2107,0.9489,27.9883,2402.331,21.9438
SYM9872,172.27,1104.741,1.1387,0.2288,0.8029,22.8298,2508.2778,25.6171
SYM9873,83.97,587.3252,1.4067,0.2633,0.9613,21.6313,3033.8822,29.4831
SYM9874,90.65,2008.3594,1.2327,0.2181,0.8118,30.6497,1727.1343,23.6011
SYM9875,133.42,1092.4276,1.4742,0.3011,0.8942,25.109,2720.8101,35.3436
SYM9876,178.21,2008.5834,1.3669,0.2419,0.8845,30.6368,2387.6365,26.0119
SYM9877,90.11,1486.5183,1.4738,0.2707,0.9019,33.4584,2323.9436,30.5238
SYM9878,89.01,1729.486,1.3122,0.2968,0.8211,39.3039,1820.0436,34.0496
SYM9879,89.94,695.4205,1.1151,0.2714,0.9363,29.6732,2996.7974,30.4595
SYM9880,161.98,1163.3087,1.2975,0.2333,0.889,25.6953,2616.6795,25.8228
SYM9881,89.07,1271.6067,1.3853,0.1956,0.9279,22.7662,2432.2916,20.0965
SYM9882,87.98,2690.8643,1.3762,0.256,0.8325,41.7504,2304.8922,28.2702
SYM9883,120.76,1095.6237,1.499,0.2933,0.9084,27.3135,2770.5014,33.609
SYM9884,80.03,2069.8778,1.3136,0.2552,0.8647,39.6702,1903.7042,28.1847
SYM9885,90.97,762.6229,1.252,0.2141,0.917,25.4118,2299.8081,22.3681
SYM9886,120.77,976.4353,1.3821,0.263,0.91,24.6687,2484.9974,30.522
SYM9887,129.89,1319.5731,1.4514,0.2006,0.8782,21.6434,2705.0222,21.4202
SYM9888,126.9,2008.2682,1.4854,0.2887,0.8221,28.6471,2740.8045,34.6265
SYM9889,99.93,841.4015,1.2109,0.2706,0.9546,26.372,2190.305,30.6067
SYM9890,120.78,999.5583,1.1787,0.2631,0.9374,31.4778,2276.8894,30.3618
SYM9891,125.21,1321.1875,1.5182,0.1661,0.8759,18.6822,2573.0344,16.3508
SYM9892,129.97,1149.195,1.3555,0.2113,0.9201,22.6314,2794.4701,22.1855
SYM9893,89.5,2862.1895,1.5137,0.2489,0.7567,36.9905,2349.9446,28.0
SYM9894,110.01,1318.4622,1.4569,0.2543,0.9093,28.9183,2553.2815,28.5257
SYM9895,90.01,2581.3683,1.2783,0.2559,0.819,43.7396,2132.0916,28.6149
SYM9896,103.04,1276.8612,1.5073,0.2652,0.9088,27.679,3046.4333,30.0422
SYM9897,147.89,1583.252,1.5108,0.1833,0.8675,22.3361,2336.8415,19.0331
SYM9898,91.03,1635.6765,1.2762,0.2546,0.862,28.6481,1808.3381,28.5235
SYM9899,120.93,1087.605,1.5097,0.3271,0.9025,29.3281,2849.0366,39.7069
SYM9900,99.88,545.2572,1.2885,0.2931,0.9668,21.2743,2757.2953,33.2022
SYM9901,151.48,1300.237,1.256,0.2463,0.8834,28.7735,2611.2491,27.8734
SYM9902,139.96,2477.4617,1.2841,0.2341,0.776,37.9161,1986.8143,25.2278
SYM9903,138.21,1829.1946,1.409,0.2084,0.8859,33.0774,2199.7556,21.1967
SYM9904,105.93,2392.4068,1.2346,0.266,0.9116,48.6939,2092.6899,29.0722
SYM9905,90.15,2108.593,1.3111,0.2737,0.7913,42.3373,1869.6388,30.5695
SYM9906,150.09,849.7732,1.3995,0.2513,0.8768,17.2648,3092.6192,29.1316
SYM9907,89.92,1735.4139,1.4859,0.3009,0.885,31.9618,2847.7281,35.6594
SYM9908,95.07,890.4205,1.4821,0.3001,0.9143,30.7854,2901.2386,34.5673
SYM9909,97.54,1537.9148,1.4643,0.3344,0.8971,37.7518,2653.4966,40.1268
SYM9910,86.35,1609.8756,1.371,0.2889,0.8188,34.9454,2579.8295,34.6372
SYM9911,116.73,1300.2775,1.1996,0.256,0.9062,32.8659,2163.5067,28.4899
SYM9912,91.79,1578.0573,1.2716,0.1917,0.9038,22.1007,2087.2756,20.0058
SYM9913,94.98,1215.3578,1.2083,0.2561,0.9006,26.0643,2661.426,29.8877
SYM9914,99.68,1527.9805,1.3514,0.166,0.7836,12.6084,2968.5578,18.5524
SYM9915,144.2,1977.4994,1.4965,0.3234,0.8864,39.3752,2377.2914,37.6967
SYM9916,130.26,1264.5247,1.3268,0.2357,0.8845,26.9563,2609.9894,26.6645
SYM9917,90.01,2847.9708,1.4772,0.3185,0.8168,38.9284,2452.7505,38.1208
SYM9918,142.49,1127.9893,1.2774,0.2773,0.8603,28.524,2608.1532,31.5794
SYM9919,113.77,971.2545,1.1636,0.264,0.9386,33.0901,2777.5244,29.3093
SYM9920,82.03,1554.4865,1.3719,0.3036,0.8407,35.4742,2296.9323,35.1737
SYM9921,115.68,2287.4575,1.3818,0.2487,0.8276,33.6007,2051.1714,27.6841
SYM9922,93.7,2257.7423,1.3728,0.206,0.8629,28.4434,2332.6703,22.1956
SYM9923,122.72,1517.4634,1.2864,0.2656,0.8878,25.5169,2035.1092,29.8162
SYM9924,99.48,1634.7398,1.1896,0.2208,0.8801,30.8125,2184.5581,23.6864
SYM9925,103.24,1824.0589,1.2697,0.2168,0.8627,31.2464,2300.8806,23.2629
SYM9926,134.67,1079.8361,1.4223,0.3109,0.9046,36.669,2541.875,36.5334
SYM9927,77.63,2875.0038,1.5419,0.2242,0.8074,33.0653,2202.0543,24.4895
SYM9928,140.0,2432.5798,1.4721,0.2756,0.8288,29.5529,2741.4135,31.9693
SYM9929,98.09,1953.4612,1.5216,0.3406,0.8489,34.8203,2723.806,41.7792
SYM9930,129.3,1486.2388,1.2271,0.212,0.9099,24.5875,2219.6845,22.1261
SYM9931,97.06,1919.5403,1.2912,0.2641,0.8706,35.0597,1798.2099,29.0668
SYM9932,128.41,1489.4279,1.5927,0.2349,0.8616,22.869,2284.5459,25.1565
SYM9933,128.41,1489.4279,1.5927,0.2349,0.8616,22.869,2284.5459,25.1565
SYM9934,90.89,2115.5144,1.4798,0.1868,0.8017,19.8796,2381.7916,19.9235
SYM9935,102.03,1523.8666,1.4068,0.3478,0.8313,39.2005,2261.6162,42.4097
SYM9936,143.66,1477.5013,1.4961,0.2837,0.9309,32.327,2561.8748,31.8194
SYM9937,178.21,1270.1307,1.1573,0.1111,0.928,12.1574,2028.3838,9.9334
SYM9938,84.05,1954.6521,1.5415,0.3593,0.8199,33.3707,2413.2693,43.6776
SYM9939,130.01,1449.513,1.2543,0.2688,0.8854,27.7305,2816.171,30.6007
SYM9940,129.98,1686.9862,1.4117,0.2538,0.8628,24.8681,2521.9441,29.1316
SYM9941,105.98,1530.8575,1.4028,0.2447,0.8679,25.2458,2196.7979,27.3815
SYM9942,156.2,1211.0842,1.3758,0.268,0.8431,20.6789,1987.6315,30.1131
SYM9943,144.1,1624.7074,1.3968,0.2172,0.8375,21.3517,2375.8352,24.0173
SYM9944,184.57,2276.9274,1.4092,0.2745,0.8539,28.7038,2274.4154,31.24
SYM9945,129.85,1223.2336,1.1484,0.3323,0.856,30.6795,2444.4069,40.2907
SYM9946,139.92,1085.0997,1.37,0.3361,0.839,22.6942,2888.4674,41.3177
SYM9947,86.01,1818.3676,1.3454,0.2557,0.8148,21.7983,2341.8223,28.6862
SYM9948,110.25,1202.8429,1.3883,0.3027,0.8801,27.6495,2082.7329,35.1873
SYM9949,132.97,941.6034,1.2528,0.2724,0.9425,22.5332,2262.0864,30.4467
SYM9950,91.71,2149.9402,1.223,0.209,0.8181,30.828,1748.6885,22.0762
SYM9951,119.93,2014.2453,1.3027,0.2024,0.7959,18.42,2344.5629,22.5702
SYM9952,117.86,1993.5129,1.5024,0.309,0.8302,21.5354,2427.0,37.0496
SYM9953,110.38,1764.8864,1.2214,0.2576,0.7605,28.7017,1451.4191,28.2304
SYM9954,104.92,1387.8189,1.3516,0.2712,0.8247,22.4019,2571.277,32.1037
SYM9955,99.89,1086.848,1.3451,0.2791,0.8903,23.9499,2446.3905,32.285
SYM9956,156.21,1113.5336,1.3746,0.3106,0.9069,16.9218,2500.1395,38.2411
SYM9957,125.24,1860.3934,1.3397,0.2832,0.8199,25.1296,2527.9572,33.2736
SYM9958,184.57,2708.3873,1.2503,0.269,0.6382,38.143,1519.0947,30.3767
SYM9959,150.07,1473.1298,1.209,0.3165,0.8417,28.4754,2152.0667,38.0432
SYM9960,128.58,1066.4862,1.1945,0.267,0.9376,22.5235,2198.4104,30.235
SYM9961,139.8,1741.9806,1.3666,0.2199,0.8748,23.5475,2193.2174,23.7061
SYM9962,129.62,2310.5454,1.2961,0.2761,0.7853,27.972,2210.7407,31.7331
SYM9963,136.53,1174.1843,1.3584,0.352,0.8673,27.8086,2312.1729,43.3133
SYM9964,137.64,2028.4062,1.3148,0.318,0.7944,31.8298,2021.5616,37.7691
SYM9965,172.27,1559.319,1.312,0.3014,0.877,30.2714,2348.6778,35.7089
SYM9966,139.97,1505.4179,1.2105,0.2991,0.8983,26.8052,2364.2914,35.0779
SYM9967,135.03,1113.6262,1.3799,0.3375,0.8849,22.2265,2864.6331,40.883
SYM9968,71.52,1789.6788,1.3797,0.222,0.8701,26.4273,2598.6724,24.9064
SYM9969,162.15,1520.7493,1.3196,0.2343,0.8668,22.7871,2144.026,25.4579
SYM9970,102.92,1284.5816,1.1261,0.2406,0.8633,23.7775,2239.4044,27.3292
SYM9971,140.04,2026.4092,1.4662,0.2527,0.8066,23.0232,2366.9312,29.6824
SYM9972,104.8,788.0425,1.2157,0.3031,0.9087,20.8493,2473.2524,35.5642
SYM9973,142.09,2848.9997,1.5016,0.2416,0.6665,24.627,2477.9188,27.7756
SYM9974,91.95,2381.5348,1.5336,0.1965,0.686,19.2917,2504.5281,21.9438
SYM9975,117.92,1363.4585,1.5936,0.3728,0.8733,26.585,2778.4662,45.5153
SYM9976,94.0,1600.1801,1.5915,0.1855,0.8585,17.7618,2598.5929,18.6358
SYM9977,129.8,2086.9341,1.4092,0.3215,0.8154,33.7112,2494.1374,38.5605
SYM9978,150.11,2052.7348,1.4105,0.1914,0.8276,17.3252,2492.6599,20.5482
SYM9979,129.51,1610.4038,1.3284,0.2769,0.7781,25.4166,2709.7955,32.6766
SYM9980,153.45,1977.5979,1.3358,0.2153,0.7832,22.6463,2102.1962,23.3309
SYM9981,135.1,1458.9093,1.5279,0.3789,0.8281,29.0015,2933.8768,47.3013
SYM9982,150.12,1944.7408,1.2745,0.187,0.7664,24.7786,2203.2116,19.6123
SYM9983,113.89,2399.2047,1.3888,0.1819,0.7727,18.7825,2174.2308,19.4974
SYM9984,95.2,2111.3489,1.2317,0.1493,0.6945,16.6704,2146.7416,15.645
SYM9985,118.0,1533.9467,1.4958,0.3033,0.8438,25.2127,2645.5177,36.5262
SYM9986,135.12,1420.8933,1.4149,0.3,0.8309,24.0727,2812.3069,36.3243
SYM9987,103.9,1478.8921,1.1958,0.2621,0.8629,22.8994,2506.6378,30.1412
SYM9988,129.53,2674.1644,1.3311,0.1647,0.7333,19.2824,1881.5571,17.51
SYM9989,123.52,1048.1466,1.3989,0.353,0.8334,25.5933,2357.5346,44.1913
SYM9990,94.04,1032.2718,1.2878,0.3065,0.891,24.4371,2250.7207,35.9534
SYM9991,142.19,1286.0692,1.2389,0.2755,0.9195,28.7542,2445.0771,31.3389
SYM9992,123.93,1691.9137,1.5017,0.3414,0.8705,25.2556,2779.9461,41.3162
SYM9993,126.88,1597.4593,1.3728,0.3089,0.8451,27.5823,2368.5207,36.7084
SYM9994,129.59,2215.6741,1.265,0.214,0.8179,25.7431,1720.0789,22.7931
SYM9995,120.02,2267.1179,1.5349,0.2782,0.779,22.7972,2587.1161,33.6958
SYM9996,107.05,842.9892,1.1885,0.3247,0.9087,26.5328,2458.7163,38.5702
SYM9997,124.15,1358.0032,1.4182,0.3713,0.8302,27.1519,2699.0402,47.1058
SYM9998,107.96,1574.8829,1.2509,0.257,0.902,28.7512,2166.576,28.0436
SYM9999,83.01,1965.317,1.3634,0.2202,0.7526,16.1943,2639.3574,25.7393
SYM10000,101.57,2568.3936,1.3547,0.2066,0.7405,24.1782,2083.4239,22.3759
SYM10001,126.02,1588.9429,1.5528,0.291,0.8603,25.5025,2813.4304,33.6858
SYM10002,144.68,1337.4562,1.2347,0.2516,0.8774,20.9324,2257.1539,28.2269
SYM10003,89.93,1820.2647,1.3416,0.2413,0.7665,20.7659,2691.5307,27.7652
SYM10004,166.22,1143.2053,1.5855,0.3,0.8498,17.9678,2925.5491,35.5202
SYM10005,90.01,1480.1433,1.386,0.3372,0.8575,31.8875,2453.8287,40.3948
SYM10006,128.99,1054.3076,1.5892,0.4085,0.8511,21.772,3067.3955,53.0192
SYM10007,120.04,1422.2855,1.5099,0.2613,0.8331,16.3649,2863.5671,30.0776
SYM10008,155.6,795.4008,1.1412,0.3822,0.8757,30.8344,2620.6393,47.4145
SYM10009,178.21,2409.0842,1.3529,0.254,0.8413,31.5164,2080.3476,28.387
SYM10010,139.9,1330.0505,1.4923,0.2927,0.8227,21.9287,2799.1793,34.395
SYM10011,120.1,2120.7468,1.19,0.2173,0.7559,28.8012,1666.2909,23.2876
SYM10012,142.45,1748.0039,1.3032,0.2314,0.8299,22.4287,2197.049,25.774
SYM10013,89.88,1606.0968,1.3845,0.2181,0.8697,23.0639,2088.1318,23.098
SYM10014,153.46,1862.3861,1.1778,0.3228,0.703,41.8412,1837.8934,38.0116
SYM10015,97.12,1536.9201,1.5366,0.2912,0.847,23.4751,2654.9959,34.6252
SYM10016,97.91,1862.552,1.4936,0.2751,0.7626,23.0878,2351.4014,33.065
SYM10017,139.66,2318.6701,1.3756,0.2132,0.8301,22.068,2486.4701,23.3423
SYM10018,92.52,2139.7386,1.3335,0.2212,0.835,24.4933,1909.1592,24.0058
SYM10019,151.22,1334.5036,1.452,0.4221,0.8496,25.8585,2452.0551,54.2572
SYM10020,89.96,2445.1231,1.4794,0.178,0.7494,14.2783,2342.8762,19.0788
SYM10021,128.81,947.5812,1.259,0.3095,0.9394,30.1978,2568.7623,35.6219
SYM10022,99.78,1246.9744,1.1832,0.2983,0.861,28.0527,2232.3603,34.9421
SYM10023,135.16,2396.5899,1.2196,0.177,0.8078,22.2536,2103.9776,18.8444
SYM10024,118.0,1533.9467,1.4958,0.3033,0.8438,25.2127,2645.5177,36.5262
SYM10025,126.93,1197.5741,1.3123,0.2371,0.8801,25.1523,2405.6473,26.1626
SYM10026,178.21,1715.2246,1.5221,0.282,0.8083,23.0504,1914.4113,33.1049
SYM10027,109.94,1202.7999,1.2052,0.2927,0.8567,22.7424,2290.8599,34.9311
SYM10028,117.16,1660.985,1.545,0.4132,0.7948,28.8567,2847.7324,52.9829
SYM10029,97.99,1105.4824,1.1517,0.2775,0.8604,23.5453,2567.9534,32.2811
SYM10030,118.3,1597.9759,0.8034,0.1002,0.5365,14.6959,1348.8858,8.6512
SYM10031,94.96,936.2794,1.1252,0.2841,0.871,27.7687,2507.3536,33.1386
SYM10032,162.18,1400.2669,1.2828,0.2861,0.9111,31.7276,1963.3288,32.4315
SYM10033,153.01,1591.5135,1.2194,0.1871,0.9486,23.0725,1740.7896,18.0415
SYM10034,172.27,1255.0391,1.1838,0.1966,0.9068,21.0265,2032.2377,20.2894
SYM10035,118.12,1663.7865,1.3314,0.1887,0.8257,18.6827,2162.0652,19.5092
SYM10036,93.72,1770.3716,1.3349,0.2024,0.881,20.7334,2243.0801,21.3213
SYM10037,122.16,2171.1692,1.3141,0.2304,0.7754,19.9052,2439.6758,26.3182
SYM10038,128.47,1137.6079,1.2802,0.3787,0.8696,29.3151,2616.251,46.8337
SYM10039,96.9,2828.2013,1.2657,0.2899,0.7181,40.1989,1885.7955,34.0618
SYM10040,178.21,2160.0451,1.5773,0.2219,0.7824,18.1881,2236.7852,24.6961
SYM10041,94.98,691.3625,1.2659,0.3114,0.9107,20.459,2501.1866,37.28
SYM10042,106.96,920.4108,1.2926,0.2956,0.9226,20.308,2939.7665,35.4328
SYM10043,91.87,1578.8707,1.3585,0.2743,0.8572,30.0864,2573.4896,31.3513
SYM10044,104.77,1851.8577,1.1331,0.1991,0.7448,20.9339,2089.479,21.2172
SYM10045,140.02,992.4167,1.4045,0.3489,0.8875,20.3971,3245.5811,42.7849
SYM10046,143.67,1937.6224,1.4275,0.1896,0.8141,19.2807,2151.029,20.0945
SYM10047,92.99,2937.8459,1.4154,0.2522,0.7046,27.0763,2484.934,28.794
SYM10048,130.06,2001.2591,1.3912,0.2062,0.8007,17.8859,2617.4844,23.1942
SYM10049,107.02,1297.5853,1.0827,0.2422,0.6972,18.2702,2327.9071,29.839
SYM10050,162.01,937.7219,1.2309,0.2259,0.9226,20.4486,2327.5058,24.9478
SYM10051,172.27,2510.8603,1.3642,0.2045,0.8197,25.1236,2107.5171,21.2303
SYM10052,86.99,1527.7439,1.1473,0.3942,0.7722,44.9628,1693.6347,50.0725
SYM10053,94.93,2478.386,1.4446,0.2179,0.8046,24.3296,2165.9313,23.6615
SYM10054,100.26,1941.1513,1.5676,0.1848,0.859,23.3881,2034.2575,18.3896
SYM10055,84.95,1387.1339,1.1597,0.3069,0.8867,38.0946,2271.0945,35.3045
SYM10056,87.81,1440.1148,1.5633,0.2923,0.8635,19.715,2755.964,34.8246
SYM10057,129.95,1084.2447,1.3863,0.3269,0.7653,18.3677,3117.5298,41.0452
SYM10058,144.1,1624.7074,1.3968,0.2172,0.8375,21.3517,2375.8352,24.0173
SYM10059,120.05,2096.655,1.3314,0.2188,0.8361,20.104,2405.2025,24.1886
SYM10060,142.48,1113.0445,1.3097,0.299,0.9331,18.099,2534.283,36.0053
SYM10061,162.1,958.3689,1.2193,0.3644,0.9166,34.7362,2630.2844,43.558
SYM10062,162.67,1941.3992,1.1631,0.3056,0.8469,39.3608,2014.6891,35.3242
SYM10063,83.02,1804.7702,1.3118,0.2737,0.9197,27.9699,1873.5147,30.7605
SYM10064,112.64,1928.2974,1.1314,0.2864,0.8068,32.1114,1718.7541,33.2712
SYM10065,89.73,2767.7043,1.2161,0.3161,0.5628,48.4557,1486.3569,36.4042
SYM10066,117.05,2588.3598,1.3346,0.1222,0.8793,15.1605,2203.5093,10.9168
SYM10067,162.13,2185.9803,1.2447,0.3452,0.8271,48.3858,2296.6573,41.1914
SYM10068,125.03,1272.6832,1.1079,0.3889,0.9324,39.9179,1949.5224,47.4701
SYM10069,139.97,1505.4179,1.2105,0.2991,0.8983,26.8052,2364.2914,35.0779
SYM10070,94.87,1307.9966,1.1358,0.2229,0.9023,28.6597,2068.0902,23.2923
SYM10071,156.14,1516.3584,1.2949,0.2922,0.8676,36.2477,1939.4351,34.1361
SYM10072,128.81,947.5812,1.259,0.3095,0.9394,30.1978,2568.7623,35.6219
SYM10073,96.05,738.2219,1.2666,0.2281,0.9662,19.4925,1531.0713,23.5444
SYM10074,146.08,983.9878,1.4407,0.3692,0.8867,23.6338,3226.8254,45.0905
SYM10075,117.05,2588.3598,1.3346,0.1222,0.8793,15.1605,2203.5093,10.9168
SYM10076,105.9,1576.4077,1.3212,0.2222,0.8697,21.7326,2398.0316,24.2354
SYM10077,126.0,1731.4549,1.4648,0.26,0.8598,23.9956,2658.7457,29.0146
SYM10078,112.87,976.6683,1.2797,0.1646,0.9485,22.8076,2419.842,15.0885
SYM10079,79.96,753.7185,1.3036,0.3043,0.9502,19.4809,2784.0313,35.4479
SYM10080,96.86,1281.1457,1.492,0.2475,0.883,20.1454,2700.7703,27.2138
SYM10081,118.0,1533.9467,1.4958,0.3033,0.8438,25.2127,2645.5177,36.5262
SYM10082,144.57,1267.1687,1.2453,0.1975,0.9611,22.9926,1788.8839,19.6647
SYM10083,142.36,2136.2821,1.5375,0.2802,0.8221,28.87,2118.5194,31.4398
SYM10084,96.7,454.0322,1.4711,0.2089,0.9433,12.6127,3445.9245,20.5614
SYM10085,142.09,2848.9997,1.5016,0.2416,0.6665,24.627,2477.9188,27.7756
SYM10086,136.14,1970.8755,1.3588,0.1419,0.7954,22.8788,1488.553,12.9268
SYM10087,92.93,1953.9735,1.3492,0.1575,0.8473,19.1692,1879.152,15.2156
SYM10088,139.44,2222.2544,1.267,0.1039,0.9191,13.5791,1980.9816,8.2417
SYM10089,89.94,2112.85,1.1822,0.2858,0.8559,32.0506,1992.9159,32.0495
SYM10090,161.63,1391.6843,1.3915,0.1736,0.9025,15.2198,1968.5503,17.4328
SYM10091,92.82,809.3891,1.254,0.24,0.9398,22.4529,1775.5211,26.1922
SYM10092,89.95,2618.8582,1.1933,0.2409,0.8045,34.7412,1460.3208,26.8299
SYM10093,92.96,3808.1336,0.9758,0.1022,0.8771,21.368,1380.0331,8.0407
SYM10094,144.48,1468.357,1.465,0.1775,0.9317,19.6873,1834.5049,16.984
SYM10095,147.16,294.8014,0.9867,0.3988,0.9731,15.6694,2339.7819,49.6866
SYM10096,161.92,1840.3786,1.1078,0.3024,0.8838,41.4884,1295.6535,34.9899
SYM10097,98.74,1017.1036,1.3248,0.208,0.8853,18.8948,3051.1746,20.8252
SYM10098,89.64,1044.349,1.1047,0.0497,0.7374,6.7993,1609.4297,3.2656
SYM10099,82.21,1420.3826,1.286,0.2472,0.925,33.4125,2088.8653,26.2675
SYM10100,125.05,682.4037,0.9301,0.1628,0.8544,11.0307,2931.028,17.4968
SYM10101,79.99,775.9372,1.2199,0.2107,0.8341,15.7071,2488.5528,22.2634
SYM10102,127.97,1084.8595,1.0004,0.0985,0.8674,13.1473,1410.5432,7.7669
SYM10103,135.06,2064.4577,1.1565,0.1074,0.8599,18.7339,1550.4587,8.6654
SYM10104,154.73,1587.0166,1.2138,0.2884,0.8776,29.4445,1991.1792,32.9511
SYM10105,129.98,1686.9862,1.4117,0.2538,0.8628,24.8681,2521.9441,29.1316
SYM10106,139.94,1081.2463,1.4929,0.162,0.8437,13.7385,2935.3856,15.7705
SYM10107,138.21,2076.6964,1.1863,0.3109,0.8294,46.3525,2011.4758,35.7448
SYM10108,129.97,916.3826,1.2163,0.2494,0.8979,26.7664,3105.3526,28.1656
SYM10109,161.74,770.1599,1.253,0.2408,0.9076,20.1088,2415.1387,26.2656
SYM10110,117.09,2009.6677,1.1854,0.1763,0.8274,29.2279,1928.5833,17.7603
SYM10111,143.16,1856.0614,1.1774,0.2699,0.9003,39.8605,2124.6479,30.1572
SYM10112,129.92,1059.9837,1.2521,0.2544,0.9177,28.7932,2336.4603,28.0804
SYM10113,94.98,1483.9774,1.15,0.2074,0.9086,34.4532,2057.713,21.2579
SYM10114,128.05,1832.3358,1.0415,0.2146,0.9184,38.0786,1876.2584,22.0155
SYM10115,114.96,2532.0526,1.1007,0.1889,0.8819,35.6251,1678.879,18.5011
SYM10116,119.84,1273.7721,1.0086,0.2318,0.8812,28.4675,1744.3863,24.7744
SYM10117,153.16,1398.7109,1.0376,0.1032,0.9142,16.5739,1570.8304,8.3803
SYM10118,119.86,1608.4996,1.0564,0.1597,0.9375,30.2272,1820.1414,14.8288
SYM10119,79.88,1913.5251,1.1593,0.2587,0.8332,30.1501,1830.0113,28.6785
SYM10120,120.04,1245.9724,1.1188,0.2702,0.8965,40.3852,2233.5508,30.0949
SYM10121,74.95,3580.7034,1.1677,0.1522,0.8468,29.7281,2100.7694,14.5806
SYM10122,162.64,1840.4479,1.0898,0.2944,0.8869,39.5433,2362.9875,34.039
SYM10123,79.9,2115.1596,1.2522,0.2165,0.8423,28.1953,2382.7974,23.8651
SYM10124,81.67,1455.7946,1.0146,0.1315,0.8922,21.6732,1655.2762,11.6362
SYM10125,143.9,1705.0292,1.0963,0.2177,0.9258,33.7421,1772.4522,22.5495
SYM10126,143.88,2141.5499,1.1525,0.1616,0.9059,31.4602,1492.5214,15.0384
SYM10127,132.07,1024.3644,1.0475,0.1943,0.8913,23.7242,2105.7796,20.3942
SYM10128,129.59,1101.6713,1.1485,0.2276,0.9189,24.0984,2505.0997,25.6929
SYM10129,67.5,2533.8574,1.135,0.2527,0.8174,43.0361,1992.0548,27.7075
SYM10130,140.11,1388.9161,1.1624,0.1067,0.8627,12.507,2496.4324,9.4817
SYM10131,109.81,1234.2979,0.9344,0.3142,0.9362,39.0574,2389.7643,36.9802
SYM10132,91.8,1121.7574,1.0248,0.1291,0.9193,22.2801,1706.3764,11.3713
SYM10133,120.14,947.2309,1.0217,0.0975,0.9118,12.0243,1913.4588,8.0941
SYM10134,129.82,1040.1964,1.0311,0.1998,0.9409,22.9108,2128.2066,20.1711
SYM10135,121.94,1446.7947,1.1888,0.2506,0.8863,38.2836,2537.1273,27.8249
SYM10136,144.76,1939.7588,1.0559,0.2314,0.9216,43.698,1989.3306,24.5452
SYM10137,111.08,1525.0013,1.0644,0.2359,0.8963,41.3267,1676.2977,24.7209
SYM10138,129.18,990.4371,1.2035,0.3064,0.84,38.5972,2047.7072,35.6359
SYM10139,129.9,1313.108,1.0018,0.0759,0.9041,14.8569,1953.6606,5.7668
SYM10140,172.27,1727.6501,1.122,0.1777,0.8637,30.838,1905.9732,17.8105
SYM10141,89.76,1502.6956,1.2031,0.2656,0.9072,40.947,2338.179,29.0148
SYM10142,83.95,1629.3321,1.2869,0.1901,0.9378,24.9493,2144.5945,18.6505
SYM10143,145.17,1884.3617,1.0408,0.2466,0.856,32.5448,1691.9881,27.1823
SYM10144,143.7,1385.7919,1.0855,0.1248,0.8985,18.0947,1889.8631,10.8368
SYM10145,84.99,1615.346,1.0928,0.2295,0.8912,39.3336,2041.5854,24.9489
SYM10146,119.93,1993.9299,1.2147,0.1683,0.847,26.3026,1690.6493,16.6549
SYM10147,118.36,1543.3169,1.1536,0.1994,0.9312,32.6309,2137.3926,20.4671
SYM10148,136.91,1858.9266,1.0807,0.2864,0.8324,45.6987,2209.7853,32.5209
SYM10149,142.1,1408.6673,1.0456,0.1364,0.8943,16.5029,2083.2838,12.8709
SYM10150,139.97,2412.9541,1.17,0.2725,0.8368,50.031,2133.893,30.3054
SYM10151,150.21,1742.7583,1.1252,0.2536,0.9329,41.2216,1931.62,26.9922
SYM10152,138.85,2676.563,1.1558,0.2513,0.8329,45.0405,2185.675,27.4698
SYM10153,130.02,1593.9875,1.1373,0.2043,0.807,32.9737,1768.0861,21.2329
SYM10154,140.02,3335.0805,1.2372,0.2324,0.8093,40.5187,1765.4134,24.5983
SYM10155,109.34,1169.5334,0.9499,0.0999,0.9051,17.5025,1484.6866,8.0468
SYM10156,119.96,2916.8919,1.2385,0.3473,0.6514,38.3489,2111.1054,41.8248
SYM10157,94.95,1197.4967,1.1858,0.2345,0.9009,28.6346,2207.0816,24.9426
SYM10158,112.78,1986.707,1.0845,0.1888,0.9017,37.4296,1620.6724,18.7006
SYM10159,95.13,1614.932,1.3005,0.1735,0.9299,32.5112,2097.9971,17.1925
SYM10160,78.33,2161.9695,1.2084,0.2382,0.903,44.8292,1646.23,24.8794
SYM10161,84.89,2060.236,1.1858,0.2477,0.8282,41.946,1954.6488,27.0549
SYM10162,129.42,2041.8245,1.1888,0.2575,0.8824,37.5806,2469.798,27.5839
SYM10163,150.38,1371.5515,1.0561,0.249,0.9477,31.4317,2535.1932,26.6604
SYM10164,120.08,1287.9247,1.1061,0.2752,0.892,44.7955,2327.1626,30.4989
SYM10165,97.94,2765.4218,1.1942,0.1559,0.8395,35.84,2270.341,14.5423
SYM10166,123.41,1995.5565,1.1084,0.2183,0.8402,33.1163,1950.8284,23.4842
SYM10167,150.85,2675.6007,1.2166,0.1725,0.8682,27.5329,1665.8028,16.5096
SYM10168,79.9,2115.1596,1.2522,0.2165,0.8423,28.1953,2382.7974,23.8651
SYM10169,117.66,2967.8181,1.2852,0.278,0.6799,46.5393,1385.2681,30.5811
SYM10170,87.83,902.2952,1.16,0.1874,0.9661,21.9151,2520.9478,18.1392
SYM10171,79.99,2272.0383,1.1737,0.1335,0.8808,27.1394,2470.4767,11.8439
SYM10172,146.14,2382.4301,1.0529,0.2232,0.9061,39.7124,1786.0303,23.7059
SYM10173,129.95,1225.9707,1.2237,0.2543,0.9207,33.926,2471.8302,28.4353
SYM10174,91.62,2093.2354,1.2584,0.2524,0.8741,37.0143,2138.1558,27.5859
SYM10175,150.44,2277.5034,1.2045,0.3016,0.7798,46.517,1932.4822,34.3583
SYM10176,87.78,2252.9144,1.3022,0.2574,0.8846,34.9772,2458.047,28.4752
SYM10177,87.9,1624.7796,1.104,0.1944,0.9498,30.6383,1795.9051,19.5206
SYM10178,92.02,1837.2968,1.3303,0.258,0.2108,34.3469,2222.6754,28.7729
SYM10179,97.05,2193.5503,1.2515,0.2818,0.858,36.5728,2292.4418,32.0803
SYM10180,69.77,1978.7887,1.0784,0.2667,0.2068,38.999,2212.9998,29.4728
SYM10181,148.61,1016.7174,1.0729,0.1899,0.339,25.4396,1721.3355,18.9575
SYM10182,108.65,1216.7089,1.0975,0.2234,0.9014,24.8446,2214.8327,24.2104
SYM10183,178.21,1059.0298,1.0908,0.1943,0.257,23.8504,1746.3063,19.2229
SYM10184,120.01,2031.0952,1.185,0.2219,0.9166,36.7331,1902.7514,22.751
SYM10185,87.99,1149.7163,0.9678,0.0789,0.9399,13.8359,1879.5585,6.1948
SYM10186,119.97,1667.8651,1.207,0.2488,0.8569,41.0013,2299.5424,27.0425
SYM10187,129.34,2166.363,1.3164,0.2706,0.8913,36.1883,2178.7417,29.4208
SYM10188,133.81,2156.0528,1.1772,0.2834,0.8685,38.8654,1933.2921,32.2011
SYM10189,110.08,1161.4514,1.0287,0.1628,0.9473,21.9879,1932.5126,15.4462
SYM10190,152.0,3114.0835,1.2915,0.1863,0.8727,44.4455,1784.8806,17.8718
SYM10191,93.67,1235.8952,1.181,0.2806,0.2295,32.9947,1864.1327,31.6641
SYM10192,99.99,1651.8593,0.9989,0.2295,0.848,38.972,1923.6264,25.3019
SYM10193,89.91,1765.3744,1.0697,0.1736,0.8602,31.9664,1764.4754,17.0824
SYM10194,165.31,1803.1744,1.1022,0.1819,0.8663,34.9533,1959.8298,18.2005
SYM10195,100.14,1402.1932,1.1534,0.2168,0.9446,34.5249,2107.7673,22.8783
SYM10196,90.0,1996.1929,1.2091,0.173,0.9406,32.7423,1982.9223,16.3711
SYM10197,164.41,3265.6234,1.1025,0.1683,0.6047,40.1806,1143.3646,16.9429
SYM10198,89.02,2837.7516,1.4439,0.2493,0.8568,41.1965,1913.5872,26.3779
SYM10199,107.24,1524.7918,1.0165,0.1386,0.9248,25.8832,2131.3422,12.3267
SYM10200,139.81,875.7893,1.0666,0.2523,0.974,36.2803,2503.497,26.7002
SYM10201,144.82,844.4755,0.9923,0.3075,0.8585,43.7051,2311.9982,35.1336
SYM10202,172.27,2411.5978,1.108,0.1693,0.8978,42.3473,1675.225,16.1196
SYM10203,68.97,1772.9799,1.3635,0.2252,0.9352,36.4099,2289.4451,23.4496
SYM10204,106.98,1427.4473,1.1847,0.2281,0.9189,37.816,2127.247,23.965
SYM10205,120.02,1711.1729,0.998,0.2821,0.9204,44.3416,1772.8122,31.2324
SYM10206,94.99,1423.8452,1.086,0.2302,0.8848,27.3742,1799.5982,24.4744
SYM10207,126.85,1061.8697,1.023,0.1375,0.9099,20.7272,1592.5363,12.1274
SYM10208,80.0,1622.1323,1.3014,0.1855,0.2338,19.3301,2597.0881,19.5431
SYM10209,68.97,1772.9799,1.3635,0.2252,0.9352,36.4099,2289.4451,23.4496
SYM10210,120.07,1919.6882,1.2945,0.2006,0.8922,36.5488,2218.1044,20.4015
SYM10211,128.09,1219.0536,1.3167,0.2092,0.8997,23.2554,2369.4338,22.2101
SYM10212,142.27,3138.4233,1.2303,0.2314,0.8429,41.555,1373.1425,23.9874
SYM10213,150.48,1815.859,1.275,0.2643,0.8379,33.0816,2581.44,29.974
SYM10214,172.27,1245.569,0.9958,0.1621,0.9452,29.7105,1568.4718,15.0078
SYM10215,139.96,1772.8008,1.1641,0.2672,0.9107,42.2129,2062.9811,28.7721
SYM10216,147.96,1831.4688,1.1604,0.3038,0.2146,45.4645,1882.6006,34.3116
SYM10217,88.09,2143.9267,1.133,0.1335,0.919,28.1347,2099.8369,11.7774
SYM10218,143.36,1945.2359,1.3696,0.1957,0.8918,28.2005,2562.2957,20.0936
SYM10219,122.79,2519.0585,0.8743,0.1796,0.2325,26.0206,1514.232,18.4528
SYM10220,89.86,1240.4069,0.9569,0.2491,0.3137,41.2448,1490.7869,27.521
SYM10221,122.84,979.9374,0.8681,0.0456,0.8902,7.8539,1693.0889,2.9303
SYM10222,95.94,1705.9977,1.4018,0.2854,0.8475,40.6623,2077.3539,31.628
SYM10223,75.01,2371.5766,1.4565,0.2462,0.9206,42.7224,2486.1422,26.7073
SYM10224,154.78,1249.075,1.0708,0.3687,0.7656,46.6943,1828.0285,44.3437
SYM10225,96.04,1719.0506,1.2339,0.1431,0.9132,19.4089,2771.8909,13.2692
SYM10226,151.78,969.9964,1.165,0.2299,0.9612,32.9263,1933.8953,24.0316
SYM10227,134.98,989.4206,1.3321,0.2594,0.9205,23.6351,2190.5478,29.1778
SYM10228,140.01,986.6018,1.2279,0.2874,0.2501,27.7652,3104.0619,32.7607
SYM10229,84.99,1866.5675,1.1266,0.21,0.8807,30.2366,1419.084,21.5026
SYM10230,94.21,2163.4529,1.2328,0.2271,0.8146,33.3898,2160.4968,24.1833
SYM10231,92.76,1203.4016,1.1249,0.3163,0.8045,43.6857,1897.491,36.6438
SYM10232,80.13,2566.9427,0.9859,0.1294,0.9279,31.9104,1864.1037,11.2373
SYM10233,136.14,2693.7849,1.1069,0.1499,0.9171,37.6622,1459.5509,13.3491
SYM10234,92.02,2200.998,1.4062,0.0968,0.2634,17.282,2661.0194,8.1747
SYM10235,73.53,1836.8869,1.1654,0.1949,0.875,36.6624,1713.2673,19.566
SYM10236,162.29,2085.8411,1.1391,0.265,0.8456,41.9651,1907.9509,29.1651
SYM10237,89.08,1310.1021,1.0003,0.2111,0.4743,29.9508,1876.8142,21.6646
SYM10238,139.92,2746.8098,1.591,0.0895,0.7068,11.3794,2658.2117,7.4799
SYM10239,143.44,2795.4702,1.2821,0.2096,0.8698,39.3648,2154.7342,20.7924
SYM10240,86.02,2485.1382,1.2103,0.2082,0.8232,39.2954,2109.5941,21.601
SYM10241,89.84,1059.5745,1.0663,0.1879,0.9552,23.395,1708.5922,18.6359
SYM10242,81.61,1868.597,1.2097,0.2967,0.8994,44.2437,1967.593,33.5565
SYM10243,135.66,1139.2059,1.0196,0.1697,0.9342,25.2022,1575.1052,15.9458
SYM10244,85.96,3454.8677,1.2942,0.204,0.7917,49.5917,1517.4798,20.1155
SYM10245,87.94,1008.5258,1.199,0.2409,0.9364,27.6347,2124.3664,26.0321
SYM10246,134.98,989.4206,1.3321,0.2594,0.9205,23.6351,2190.5478,29.1778
SYM10247,84.97,1395.6319,1.3839,0.2921,0.8584,26.66,2497.5605,34.3969
SYM10248,94.93,1975.611,1.4348,0.2858,0.8572,27.6439,2859.611,33.9303
SYM10249,129.87,1260.7082,1.2255,0.2379,0.8514,27.0286,3190.8721,26.6829
SYM10250,93.85,2284.0713,1.1362,0.1684,0.9271,39.6502,1727.373,15.8395
SYM10251,138.21,2076.6964,1.1863,0.3109,0.8294,46.3525,2011.4758,35.7448
SYM10252,152.03,2442.6474,1.1947,0.2081,0.9341,45.5598,2098.2047,20.552
SYM10253,116.87,2196.6725,1.1466,0.2308,0.3278,46.2075,1495.4742,24.2653
SYM10254,142.92,2180.2045,1.0635,0.1992,0.9184,33.5685,2000.9006,19.9972
SYM10255,143.33,1909.0415,1.0877,0.144,0.9628,28.8247,1999.6187,12.7613
SYM10256,140.35,2537.9559,1.2561,0.1905,0.9288,38.3886,1607.4928,18.2809
SYM10257,144.7,3456.2613,1.1502,0.2049,0.8781,50.1542,1680.0543,19.9167
SYM10258,162.64,1840.4479,1.0898,0.2944,0.8869,39.5433,2362.9875,34.039
SYM10259,150.29,2163.8249,1.2073,0.2404,0.1929,39.753,2119.332,25.7007
SYM10260,117.75,1559.8364,1.2558,0.061,0.8991,10.031,2334.6897,4.1254
SYM10261,150.11,1223.7539,1.2819,0.2646,0.8405,23.0721,3285.8604,31.2962
SYM10262,89.85,927.5021,1.1389,0.2903,0.9374,36.5512,2219.8681,32.6719
SYM10263,101.89,2939.8741,1.1755,0.2012,0.9116,46.1072,1421.6784,19.6998
SYM10264,147.93,1622.5475,1.0192,0.0634,0.9159,9.9072,1973.5441,4.2571
SYM10265,146.23,731.4116,1.2412,0.1537,0.9116,15.7522,2650.7393,14.1426
SYM10266,154.39,2028.9268,1.0228,0.2895,0.9621,48.2955,1601.4436,32.3735
SYM10267,97.76,2371.0029,1.1962,0.1771,0.8367,28.6259,1658.6149,17.7651
SYM10268,120.59,1415.9463,0.8246,0.0525,0.8663,14.3776,1238.1147,3.5214
SYM10269,144.07,2452.4801,0.9298,0.2468,0.9224,49.4188,1051.3296,26.3508
SYM10270,89.81,1150.6872,1.1889,0.1584,0.9176,22.5357,2281.3694,14.5768
SYM10271,114.61,1275.8594,1.0259,0.1399,0.9208,22.4714,1579.4306,12.6053
SYM10272,74.39,1132.8941,1.3063,0.2508,0.3227,30.599,2250.8025,26.7531
SYM10273,99.93,1022.8569,1.0544,0.2383,0.9095,33.2085,2112.9564,26.162
SYM10274,139.99,2610.7017,1.3611,0.2124,0.888,33.9603,1832.1045,21.7161
SYM10275,104.44,2244.9208,1.0845,0.1548,0.9134,32.6306,1380.8404,14.2331
SYM10276,144.94,1512.8484,1.3244,0.1471,0.8808,20.6515,2900.9716,14.8991
SYM10277,111.32,1891.2741,1.0175,0.0863,0.2802,14.3761,1779.3437,7.3779
SYM10278,94.7,2172.811,0.9567,0.1498,0.8043,40.4249,1020.813,13.7067
SYM10279,123.04,1478.7756,1.2371,0.2936,0.23,40.872,1751.0959,32.6066
SYM10280,132.57,3172.4694,0.8764,0.2026,0.8181,33.3313,1212.9794,21.3313
SYM10281,140.01,1983.9718,1.3248,0.2346,0.8965,37.0991,1778.8905,24.685
SYM10282,81.6,1770.0695,1.0428,0.3001,0.3111,50.0394,1395.8668,34.1455
SYM10283,140.02,3335.0805,1.2372,0.2324,0.8093,40.5187,1765.4134,24.5983
SYM10284,83.22,2359.1185,0.9639,0.1933,0.2914,38.5325,1521.6495,19.7378
SYM10285,132.92,1454.1426,1.1557,0.2503,0.8697,41.2378,1861.9419,27.0822
SYM10286,124.98,648.7484,1.3129,0.3183,0.951,26.9934,2459.3272,36.8787
SYM10287,93.95,2002.3442,1.3429,0.1708,0.8847,21.479,2443.0146,17.1142
SYM10288,84.67,1490.4695,1.2086,0.1677,0.9214,28.7986,2122.2515,16.5499
SYM10289,93.77,2025.7573,1.1931,0.2063,0.9109,32.7653,1998.9202,21.6742
SYM10290,101.99,1687.7761,1.3439,0.1169,0.8349,19.1935,2752.0189,10.1272
SYM10291,91.96,1226.5869,1.2609,0.1985,0.9388,26.5124,2301.5,19.8827
SYM10292,91.94,1981.9117,1.2395,0.139,0.8913,22.6159,2062.4004,12.6792
SYM10293,79.99,1644.8708,1.2855,0.1818,0.9116,21.2794,2607.1764,18.4803
SYM10294,75.01,1281.9234,1.178,0.1609,0.9161,18.4622,3004.2578,15.415
SYM10295,142.67,2132.6705,1.4113,0.1579,0.8836,21.3638,2653.2644,15.0933
SYM10296,99.99,1605.4082,1.1812,0.0635,0.7162,11.591,2058.3517,4.6178
SYM10297,151.99,1716.9403,1.3544,0.1706,0.8618,18.8234,2335.5781,17.1856
SYM10298,89.28,1544.2154,1.1603,0.1525,0.8931,26.349,1897.0216,14.7538
SYM10299,86.02,1596.5236,1.425,0.1434,0.8429,20.9522,2618.1966,13.6855
SYM10300,129.62,1613.6911,1.2248,0.2003,0.8708,25.0309,2518.9302,20.902
SYM10301,82.54,1130.6394,1.2929,0.2026,0.8985,24.143,2409.7323,21.178
SYM10302,114.86,1470.7519,1.2935,0.1815,0.9073,24.683,2259.3657,18.0623
SYM10303,153.64,1888.5418,1.1135,0.166,0.9028,29.0276,2178.0016,16.3201
SYM10304,100.94,1440.2442,1.168,0.2235,0.9127,32.6692,1967.5803,23.6398
SYM10305,90.06,1600.9909,1.361,0.203,0.9406,29.3666,2233.9823,20.7263
SYM10306,99.95,1539.1489,1.303,0.1348,0.8392,14.6506,2167.2388,12.3894
SYM10307,82.48,1880.2669,1.2583,0.206,0.9265,30.4996,2290.5699,21.1945
SYM10308,76.96,2363.9377,1.2901,0.2208,0.8595,27.7408,2304.8264,23.3655
SYM10309,107.62,1538.4349,1.2675,0.1588,0.8843,24.536,2251.0289,15.2934
SYM10310,92.73,2115.9963,1.3813,0.2439,0.9109,31.429,2241.6786,26.0461
SYM10311,80.05,967.7688,1.1379,0.2163,0.88,24.7623,2580.6412,23.2356
SYM10312,91.99,1696.0614,1.2101,0.1922,0.9007,29.4161,1850.8976,19.1727
SYM10313,93.97,2102.1922,1.1829,0.2365,0.8307,38.8578,1753.4826,25.6125
SYM10314,82.46,3056.0184,1.243,0.2151,0.8195,30.8962,1764.0305,22.9525
SYM10315,84.93,1658.9601,1.0473,0.1147,0.9003,19.5845,1783.2999,9.9578
SYM10316,97.34,1234.5493,1.3053,0.2087,0.9226,25.4597,2609.2056,21.8763
SYM10317,91.72,1422.7686,1.2706,0.2241,0.9291,29.8713,2175.7235,23.4846
SYM10318,155.85,1548.0888,1.3377,0.1622,0.9161,22.2743,2209.5894,15.3127
SYM10319,90.64,1495.5522,1.2687,0.164,0.8816,22.9584,2453.6929,15.7814
SYM10320,99.85,2224.4559,1.1934,0.2147,0.8179,30.2309,1854.1825,22.3777
SYM10321,111.91,1425.8063,1.2556,0.062,0.8678,9.8732,2019.1831,4.1425
SYM10322,81.88,1853.3332,1.4278,0.2515,0.8599,31.6346,2396.825,27.9254
SYM10323,153.77,930.0734,1.168,0.181,0.8892,21.0546,2400.9886,18.1209
SYM10324,140.0,2281.9126,1.3337,0.2735,0.7405,36.8481,2079.0685,30.482
SYM10325,172.27,1704.9931,1.1827,0.21,0.8863,33.3595,1816.1425,21.8087
SYM10326,123.12,2340.6988,1.2856,0.1805,0.8235,25.1497,2077.0721,18.0293
SYM10327,80.97,2607.4579,1.2167,0.2237,0.8174,32.4134,1952.2097,23.5439
SYM10328,87.02,2117.9182,1.29,0.1984,0.8521,32.2605,2389.1869,20.428
SYM10329,164.66,1757.0966,1.2816,0.1423,0.9098,19.6744,1684.1067,12.5571
SYM10330,123.58,1332.2305,1.2626,0.1743,0.9292,23.6672,2089.5744,17.0835
SYM10331,150.19,2470.4145,1.2276,0.2003,0.8381,26.8178,2225.3822,20.6494
SYM10332,95.1,1624.7332,1.2921,0.229,0.8796,31.4104,2051.2897,24.3633
SYM10333,82.7,1778.9193,1.2679,0.1893,0.9411,32.4894,2210.0848,18.7248
SYM10334,164.02,1463.8325,1.1849,0.1742,0.878,26.5463,2230.3699,17.6607
SYM10335,79.92,1601.1936,1.1236,0.0646,0.8752,10.0208,2303.7686,4.7345
SYM10336,91.95,1459.3468,1.3391,0.2444,0.8623,25.1591,3129.6137,26.644
SYM10337,150.53,1320.0125,1.4968,0.1887,0.9222,21.1782,2703.0373,18.9415
SYM10338,82.97,1033.5701,1.2466,0.2562,0.9088,30.1395,2473.9618,28.6484
SYM10339,100.01,1489.2304,1.1757,0.2169,0.9392,30.1925,2250.0272,22.2795
SYM10340,102.13,1190.8971,1.2995,0.2338,0.9138,27.1506,2940.5171,24.7375
SYM10341,83.98,830.3313,1.3112,0.2057,0.9241,23.2207,2754.3679,20.9664
SYM10342,111.87,2038.9816,1.2393,0.0491,0.8127,11.5184,1500.1793,3.0476
SYM10343,155.32,1273.2918,1.4389,0.2531,0.9006,27.6496,2832.2835,27.2422
SYM10344,82.96,1630.6006,1.2405,0.2137,0.9179,29.6574,2444.874,22.2071
SYM10345,94.96,1424.6819,1.2143,0.1839,0.833,22.8423,2432.5564,18.7004
SYM10346,81.31,1572.4319,1.1946,0.1748,0.92,27.2866,2180.7426,17.6355
SYM10347,139.99,2462.0866,1.5207,0.2073,0.8378,29.3194,2306.9053,21.3481
SYM10348,86.99,1991.9986,1.3538,0.1891,0.8633,23.0443,2742.4959,19.7598
SYM10349,142.98,2046.3153,1.2185,0.2347,0.8431,34.7202,1822.6373,24.7788
SYM10350,98.5,1633.0333,1.2806,0.2426,0.8944,36.5326,2012.6407,25.6926
SYM10351,91.96,1655.2971,1.188,0.2244,0.8992,35.4246,1787.1444,23.0901
SYM10352,102.11,2151.6718,1.2002,0.2419,0.9188,38.6019,2141.4185,26.0217
SYM10353,87.52,1122.1263,1.3014,0.1898,0.9593,25.6688,2551.7179,19.0468
SYM10354,129.87,1608.7535,1.4476,0.2951,0.8261,32.6931,2778.1413,33.8941
SYM10355,122.07,1575.1116,1.2241,0.1988,0.9215,31.035,2220.3615,20.2796
SYM10356,140.76,1184.9663,1.2022,0.1949,0.9622,27.3295,2680.2546,19.9465
SYM10357,86.08,1326.9152,1.194,0.2549,0.9185,35.5791,2162.2195,27.6613
SYM10358,99.95,1804.3502,1.403,0.2052,0.8061,22.2592,3029.3166,22.2421
SYM10359,83.98,2267.8856,1.3096,0.2132,0.8274,28.7283,2034.6743,22.5168
SYM10360,153.87,1919.4365,1.2658,0.1964,0.916,27.7552,2742.2295,20.2237
SYM10361,178.21,1737.9285,1.3094,0.1369,0.9212,22.5729,2921.3399,12.1224
SYM10362,139.68,762.7494,1.2328,0.1381,0.953,12.023,2476.6484,12.5385
SYM10363,113.98,1823.4792,1.3344,0.1845,0.8287,21.6523,2515.3227,18.7831
SYM10364,135.95,1586.213,1.1906,0.2591,0.8779,37.8799,2336.1949,28.4662
SYM10365,84.9,1340.3252,1.2733,0.1414,0.8853,20.8116,2136.4129,12.9799
SYM10366,129.02,1422.0058,1.2561,0.2398,0.8963,31.121,1858.5342,25.6372
SYM10367,86.88,2322.3707,1.3668,0.2394,0.8071,34.4349,2226.1638,26.1095
SYM10368,151.1,2782.6021,1.6619,0.221,0.8322,23.1202,2449.6278,23.3389
SYM10369,88.07,1947.361,1.1463,0.2301,0.8673,32.445,1571.7792,24.7043
SYM10370,154.96,2348.1085,1.2186,0.2402,0.8039,38.8935,1708.1144,25.4773
SYM10371,76.96,2337.2034,1.2902,0.2087,0.8449,25.9913,2378.627,22.5953
SYM10372,126.07,1699.745,1.2708,0.2052,0.8666,26.9238,2331.0317,20.8947
SYM10373,83.93,1350.0716,1.4362,0.1826,0.9016,15.4611,3142.4934,18.9961
SYM10374,112.89,1477.8941,1.1556,0.287,0.8608,38.7132,1914.5367,32.0053
SYM10375,92.98,1978.2501,1.3703,0.2318,0.8651,20.3199,3061.8196,25.3195
SYM10376,163.99,1238.7772,1.3423,0.1968,0.9261,22.5753,2610.2433,20.0181
SYM10377,135.94,1199.2457,1.2088,0.2082,0.9502,26.5578,2459.3486,21.2188
SYM10378,96.04,931.5312,1.0946,0.1471,0.9481,15.4461,2217.3571,13.258
SYM10379,83.2,2007.5683,1.2223,0.15,0.8623,22.522,2204.4215,14.4942
SYM10380,152.9,2286.6316,1.3352,0.2074,0.7888,31.7784,2020.3002,21.6102
SYM10381,94.11,1473.3683,1.521,0.2441,0.8995,23.6004,2889.1787,26.7024
SYM10382,94.98,1973.9543,1.396,0.1802,0.8647,26.455,2542.3861,17.9903
SYM10383,83.03,2396.7771,1.2597,0.2542,0.8761,39.1128,1997.3199,27.5893
SYM10384,93.56,3592.6214,1.1068,0.1716,0.8553,48.5136,1425.1905,16.1008
SYM10385,123.75,2275.1888,1.3247,0.237,0.8573,32.8334,2000.6984,25.4791
SYM10386,178.21,1160.6136,0.88,0.1561,0.8914,20.0551,1577.4794,16.6777
SYM10387,93.9,1928.0683,1.2065,0.2302,0.8516,29.0962,1964.6974,25.5364
SYM10388,95.99,1351.2456,1.1893,0.2282,0.9018,33.8814,2066.8394,24.2991
SYM10389,146.05,1780.4524,1.2266,0.1854,0.87,24.1099,2371.7626,19.4678
SYM10390,129.94,717.8954,1.2111,0.1882,0.9197,17.0956,2655.1372,18.8746
SYM10391,77.97,2058.863,1.2745,0.1528,0.844,23.8647,1836.0703,14.1938
SYM10392,86.47,2440.6311,1.3821,0.2292,0.8324,37.1543,2076.1499,24.0246
SYM10393,163.82,1910.7833,1.1898,0.2242,0.8558,36.6356,2117.5667,24.0213
SYM10394,84.97,2024.2331,1.1755,0.2012,0.8979,36.2211,1708.4169,20.1224
SYM10395,117.04,1356.3242,1.0489,0.2034,0.9053,28.5128,1649.6956,21.0072
SYM10396,143.97,2337.5795,1.482,0.2315,0.7902,32.7382,2428.9678,25.2139
SYM10397,87.89,1656.3728,1.3126,0.2077,0.9242,24.4257,2512.3381,22.183
SYM10398,80.97,2032.5453,1.2455,0.2085,0.8605,28.9282,2329.952,21.8539
SYM10399,113.98,1650.6206,1.2657,0.187,0.8846,27.4183,2921.8874,18.6828
SYM10400,110.23,785.8009,1.3579,0.2096,0.9168,14.9431,2612.4688,21.5248
SYM10401,84.96,1619.9358,1.5097,0.1666,0.9057,17.3621,2709.5626,16.3891
SYM10402,97.95,2186.1577,1.1457,0.1724,0.6923,29.011,1876.5097,17.6756
SYM10403,99.03,1641.8636,1.2722,0.1656,0.9098,27.7251,2380.1051,16.1303
SYM10404,96.98,1543.8495,1.2745,0.183,0.8948,22.4699,2727.5784,18.6264
SYM10405,108.96,2232.5781,1.384,0.2834,0.7723,37.4405,1612.9913,31.5235
SYM10406,123.01,1522.791,1.1903,0.2393,0.8853,28.5275,2142.3634,26.1778
SYM10407,97.92,1629.7812,1.3358,0.2054,0.8479,29.4204,2368.254,21.2021
SYM10408,120.02,785.3094,1.3763,0.2365,0.9673,27.0833,2854.3079,24.8961
SYM10409,126.05,2685.9989,1.1467,0.1724,0.8561,34.4244,1728.4458,16.6561
SYM10410,98.95,2174.0046,1.4714,0.1618,0.7953,23.4304,2932.9791,16.0727
SYM10411,77.94,1391.0938,1.2251,0.2135,0.9414,25.7785,2375.0023,22.7994
SYM10412,83.02,1164.0407,1.3541,0.2021,0.9233,24.289,2320.8087,20.3002
SYM10413,106.13,1922.1086,1.573,0.1906,0.8419,20.0154,2905.9524,19.3059
SYM10414,80.99,1099.7703,1.3369,0.2745,0.9134,26.5149,2877.3728,31.0456
SYM10415,135.98,2020.6552,1.2131,0.1629,0.8743,22.9639,2300.7396,15.7572
SYM10416,100.53,1789.0497,1.2716,0.2154,0.8692,27.9617,1906.1994,22.9771
SYM10417,87.07,1242.5365,1.2663,0.206,0.9371,24.9105,2843.388,21.7476
SYM10418,84.94,885.1976,1.2121,0.2883,0.9211,28.1759,3293.6097,32.186
SYM10419,86.04,3186.9698,1.3716,0.1562,0.8239,26.1187,2427.1762,15.0077
SYM10420,137.07,1908.2565,1.2709,0.2221,0.8839,34.1496,2188.9341,23.2689
SYM10421,92.76,1187.2753,1.208,0.2199,0.931,28.2612,1873.4518,22.7586
SYM10422,97.49,1519.8461,1.251,0.2231,0.9198,28.3116,2056.3785,23.2822
SYM10423,84.88,985.85,1.3594,0.2118,0.9518,23.9149,2787.8492,22.1593
SYM10424,83.0,1207.3993,1.2273,0.1862,0.9236,16.5482,2762.0686,19.2057
SYM10425,93.05,2805.0394,1.1597,0.1454,0.8502,27.3319,2076.1364,13.3918
SYM10426,137.33,1048.1884,1.0379,0.2194,0.9469,24.582,1875.18,22.6864
SYM10427,135.92,2251.9071,1.1677,0.0863,0.7758,21.8558,1536.5459,6.7007
SYM10428,80.93,1621.4753,1.2567,0.1754,0.8885,29.4237,2011.5491,17.5159
SYM10429,161.68,2602.9799,1.2482,0.2121,0.8165,34.9799,1975.353,22.0829
SYM10430,91.99,2127.4188,1.267,0.1944,0.8261,28.7346,2524.1046,20.2728
SYM10431,114.75,1211.896,1.1737,0.234,0.933,33.1634,1986.0597,24.5357
SYM10432,99.47,1050.4569,1.243,0.2183,0.9232,22.0786,2591.6565,22.5327
SYM10433,144.78,1723.7478,1.3566,0.2052,0.9061,25.502,2368.1613,21.0876
SYM10434,95.06,2588.06,1.4521,0.1643,0.8762,29.9086,2458.0708,15.7837
SYM10435,89.05,1123.2192,1.1164,0.1774,0.9134,20.7486,1823.0426,17.4369
SYM10436,94.0,1187.0135,1.3976,0.2386,0.946,29.0876,2618.3604,24.9469
SYM10437,88.26,1922.8535,1.2181,0.1335,0.8779,24.4675,1970.6134,11.9497
SYM10438,123.92,1742.1275,1.2567,0.1277,0.8624,19.5,2285.6269,11.2773
SYM10439,156.38,1286.7091,1.2396,0.2518,0.9254,24.875,1938.7685,27.1947
SYM10440,89.95,1874.7463,1.1253,0.2299,0.8776,39.7559,2010.062,24.2835
SYM10441,129.13,2052.8989,1.5112,0.1573,0.8233,16.6239,2580.2237,15.2696
SYM10442,94.95,1722.5394,1.455,0.1712,0.86,18.8339,2927.8086,16.5562
SYM10443,88.12,1477.7843,1.3,0.159,0.8728,21.0305,2271.8319,15.3803
SYM10444,136.0,2632.093,1.1506,0.2387,0.7925,40.8303,1772.0109,25.5261
SYM10445,80.94,1756.0944,1.246,0.1684,0.8455,23.4293,2209.032,16.4642
SYM10446,93.89,2782.524,1.4626,0.1395,0.841,23.5884,2261.5065,12.4501
SYM10447,73.01,1345.3296,1.3413,0.1671,0.8937,21.1388,2825.8091,16.502
SYM10448,94.02,1471.2521,1.2789,0.1553,0.8943,27.736,2178.7653,14.6503
SYM10449,135.91,2018.411,1.2221,0.1595,0.8653,22.9253,2015.1849,15.2076
SYM10450,107.21,2411.014,1.3283,0.1829,0.8379,33.5403,1886.6777,17.9522
SYM10451,91.0,1523.0437,1.4311,0.147,0.8469,15.6612,2889.5287,14.02
SYM10452,82.43,1612.5462,1.3023,0.2522,0.8737,27.1546,2238.7933,28.6139
SYM10453,106.975,1551.01855,1.2571,0.2297,0.88245,27.330849999999998,2241.1574499999997,24.66685
SYM10454,118.37,1624.6864,1.4003,0.1917,0.9006,21.9712,2386.8214,19.3355
SYM10455,103.98,1979.3654,1.2208,0.1481,0.8598,24.7633,2278.7348,13.652
SYM10456,96.71,2516.9931,1.3098,0.1534,0.803,24.422,1988.2872,14.4723
SYM10457,91.9,3134.6869,1.3079,0.1652,0.7788,35.2628,1755.0452,15.7713
SYM10458,150.53,1320.0125,1.4968,0.1887,0.9222,21.1782,2703.0373,18.9415
SYM10459,89.99,1160.0756,1.2083,0.2712,0.9201,33.8812,3135.5432,30.0324
SYM10460,96.93,1560.55,1.3683,0.2436,0.8822,32.7687,2439.2848,26.0564
SYM10461,100.01,1620.3617,1.3056,0.2561,0.9444,27.05,2362.9816,27.9401
SYM10462,79.91,2419.4946,1.3137,0.1211,0.8175,17.8728,2231.8651,10.8688
SYM10463,83.93,1794.5464,1.4313,0.2669,0.9023,35.2196,2417.5857,29.5898
SYM10464,94.99,1392.3058,1.2886,0.2215,0.9079,24.3975,2788.7546,23.5542
SYM10465,90.54,2891.5741,1.0989,0.1954,0.8005,39.9166,1401.9178,20.283
SYM10466,148.03,1790.1236,1.3802,0.24,0.8713,28.5549,2699.5416,27.0554
SYM10467,122.17,2973.2127,1.3298,0.1388,0.752,23.7825,2138.0317,12.6518
SYM10468,128.39,2210.6149,1.3834,0.2534,0.8762,37.1654,2199.1115,27.5805
SYM10469,131.14,2645.034,1.0812,0.0817,0.7929,20.6511,1852.6381,6.1004
SYM10470,91.13,1815.058,1.2762,0.0879,0.836,14.9737,2296.5828,7.1501
SYM10471,99.95,1804.3502,1.403,0.2052,0.8061,22.2592,3029.3166,22.2421
SYM10472,143.7,2903.2541,1.3588,0.1647,0.8164,25.1524,2125.0151,15.9651
SYM10473,91.8,1786.6543,1.2432,0.2205,0.8987,32.4091,1961.798,22.7325
SYM10474,154.34,1177.8731,1.2897,0.2671,0.9534,29.3795,2392.0215,29.3249
SYM10475,86.0,1488.4313,1.2588,0.304,0.9088,33.9678,3080.4826,35.3673
SYM10476,119.98,2475.1411,1.31,0.1103,0.9482,13.0172,2600.8205,9.3134
SYM10477,79.94,2093.1886,1.2658,0.2574,0.8445,22.4519,2224.4131,29.8099
SYM10478,107.96,1272.3775,1.2282,0.1624,0.9247,21.4744,2427.2013,15.6674
SYM10479,85.6,1154.1346,1.1762,0.1959,0.9039,24.305,2048.7625,19.8477
SYM10480,92.79,1939.8424,1.2653,0.1669,0.9342,29.3392,2103.6023,15.733
SYM10481,89.03,2151.2926,1.3216,0.2072,0.8255,31.4878,2350.3544,21.5802
SYM10482,79.01,3353.6438,1.265,0.177,0.7749,32.1939,1867.2483,17.2701
SYM10483,102.98,2437.5757,1.2431,0.2202,0.8751,39.905,1840.2746,22.3999
SYM10484,147.87,2306.3484,1.1219,0.1973,0.8519,38.3989,1986.5456,19.6757
SYM10485,164.04,1008.7566,1.3305,0.3063,0.9273,33.1567,3142.3224,35.1566
SYM10486,98.99,1868.641,1.2804,0.1748,0.8573,24.4839,2097.5431,17.6348
SYM10487,95.05,1709.7799,1.2214,0.1768,0.8872,34.5844,2258.7575,17.1987
SYM10488,172.27,1158.7426,1.2103,0.1707,0.9402,28.5249,2123.4239,15.9223
SYM10489,90.24,1406.4493,1.375,0.181,0.9156,22.6465,2711.2426,18.5942
SYM10490,95.45,1710.2595,1.2589,0.1294,0.8781,14.5265,2814.0155,11.6381
SYM10491,74.99,1872.5153,1.1653,0.1545,0.8831,23.6802,2357.7833,14.4347
SYM10492,103.98,2326.7788,1.3624,0.1567,0.8615,24.3954,2701.1293,14.9932
SYM10493,90.14,2044.8304,1.3232,0.1187,0.8637,21.5105,2466.246,10.65
SYM10494,84.98,1218.0971,1.394,0.2067,0.8882,16.1455,2529.4639,21.7017
SYM10495,102.08,1629.3421,1.1528,0.1589,0.8784,25.9591,1824.8436,15.1566
SYM10496,96.0,2202.6847,1.317,0.2436,0.884,36.5777,2154.0935,26.0328
SYM10497,79.95,1919.8234,1.2264,0.2331,0.8902,35.4876,2080.115,24.4976
SYM10498,128.35,2736.6108,1.2672,0.1127,0.7953,20.4105,2080.1886,9.8321
SYM10499,88.26,2797.286,1.3025,0.2235,0.81,33.2403,2109.182,23.8527
SYM10500,155.59,1631.1346,1.2798,0.1464,0.8738,20.7146,2316.9815,13.7268
SYM10501,84.94,1245.8305,1.3544,0.1696,0.9359,23.7102,2431.4792,15.6745
SYM10502,95.97,1765.0525,1.2928,0.2134,0.8784,30.5165,2506.5019,22.6301
SYM10503,111.97,1914.0782,1.1784,0.1371,0.8911,19.893,2533.5567,12.9215
SYM10504,70.02,2607.5039,1.2004,0.1324,0.7588,24.4164,1861.8067,12.1595
SYM10505,162.21,1980.2668,1.241,0.0904,0.9535,12.7574,2527.3244,7.173
SYM10506,139.93,2200.5993,1.3115,0.2218,0.8441,25.919,2039.1853,23.584
SYM10507,88.98,1919.8134,1.293,0.1749,0.8379,25.7859,2293.4238,17.0917
SYM10508,108.01,1756.1533,1.5734,0.105,0.8286,13.4252,2855.3455,8.811
SYM10509,156.4,1111.3354,1.3095,0.185,0.944,18.6114,2462.6881,18.4108
SYM10510,76.35,2132.8272,1.1758,0.218,0.8743,35.5246,1878.9723,22.2363
SYM10511,92.78,1782.7818,1.2075,0.095,0.8798,16.2273,2095.0829,7.7496
SYM10512,91.04,1193.7795,1.3071,0.1571,0.9432,21.9632,2543.0529,14.7322
SYM10513,106.975,1551.01855,1.2571,0.2297,0.88245,27.330849999999998,2241.1574499999997,24.66685
SYM10514,163.93,1524.0789,1.3402,0.1526,0.902,23.0441,2244.4187,13.8027
SYM10515,137.07,1891.7319,1.1291,0.0441,0.8925,8.0226,1997.2697,2.5951
SYM10516,152.0,3767.4126,1.3066,0.1645,0.8858,28.075,2084.3685,15.2566
SYM10517,119.98,1578.9344,1.1858,0.2742,0.8842,34.5826,1923.5123,30.6667
SYM10518,129.22,809.254,1.0252,0.0918,0.9006,8.6171,2781.021,7.6441
SYM10519,88.5,598.3651,1.3431,0.1967,0.9747,12.6965,3134.4949,19.4298
SYM10520,129.67,2073.7584,1.2288,0.1934,0.8376,33.9655,2085.183,20.1468
SYM10521,125.57,1494.4068,1.0933,0.1289,0.8532,23.038,1503.7926,11.3193
SYM10522,154.34,1177.8731,1.2897,0.2671,0.9534,29.3795,2392.0215,29.3249
SYM10523,85.95,2667.9653,1.3159,0.1617,0.8497,23.1028,2330.6031,15.738
SYM10524,89.96,1710.404,1.3057,0.1831,0.8398,17.7163,2832.907,18.8606
SYM10525,102.96,1800.3225,1.3536,0.3085,0.7806,40.4108,2467.8292,36.5933
SYM10526,111.91,1425.8063,1.2556,0.062,0.8678,9.8732,2019.1831,4.1425
SYM10527,96.86,2175.3203,1.2256,0.2622,0.8809,42.3733,2013.3933,28.2013
SYM10528,84.67,1192.0479,1.1965,0.2765,0.9089,34.5047,2387.1684,30.9035
SYM10529,84.03,2103.7198,1.4641,0.1736,0.8156,19.7665,3045.8421,17.5493
SYM10530,79.98,1559.2123,1.3555,0.1905,0.8617,21.1557,2619.5656,20.0826
SYM10531,101.2,1707.1721,1.256,0.1575,0.8441,19.2406,2585.8015,14.7696
SYM10532,93.58,1807.3772,1.2201,0.1355,0.9079,26.5441,1944.1675,11.9122
SYM10533,72.49,1690.0077,1.3288,0.1894,0.8862,31.2048,2120.881,19.0991
SYM10534,80.08,2841.0622,1.0711,0.1557,0.9103,29.5587,1975.0814,14.7547
SYM10535,90.11,3277.2246,1.1406,0.2745,0.8094,41.4544,2175.2704,31.0026
SYM10536,97.99,1464.5606,1.2727,0.179,0.8736,22.7413,2181.8104,17.9422
SYM10537,166.48,2497.8054,1.2088,0.0968,0.8422,21.895,1560.2868,7.6453
SYM10538,98.98,1722.116,1.2782,0.132,0.889,25.8791,2090.8555,11.4302
SYM10539,144.88,2479.9135,1.1361,0.0949,0.9004,24.4905,1545.4608,7.4039
SYM10540,89.84,2095.7525,1.2643,0.1751,0.8619,21.9648,2367.5023,17.7372
SYM10541,72.96,1498.5863,1.3741,0.0631,0.921,4.9209,3263.1038,4.5876
SYM10542,129.59,1318.837,1.122,0.1806,0.8912,25.2788,2359.9414,18.0393
SYM10543,96.04,1506.1908,1.1224,0.0911,0.8814,19.015,1772.7596,7.087
SYM10544,87.04,3325.0322,1.3485,0.2163,0.7911,36.244,2091.0311,22.4239
SYM10545,92.95,963.3821,1.0934,0.2322,0.9542,29.5741,1976.4763,24.4486
SYM10546,80.01,3022.1208,1.3256,0.1154,0.9447,15.0183,2161.762,9.7231
SYM10547,104.01,3328.2915,1.2734,0.1503,0.8279,30.2498,1961.7419,13.6819
SYM10548,161.52,798.4617,1.1402,0.1791,0.9339,15.0558,1831.6351,17.7674
SYM10549,98.11,1531.8683,1.2954,0.2089,0.8803,23.4796,2491.8659,22.7904
SYM10550,94.96,1424.6819,1.2143,0.1839,0.833,22.8423,2432.5564,18.7004
SYM10551,84.95,1177.9554,1.1421,0.1761,0.9312,23.3139,1978.504,17.6062
SYM10552,73.98,1551.0487,1.2931,0.2054,0.9078,24.1109,2721.9153,22.1692
SYM10553,103.7,2171.4354,1.3248,0.1997,0.8729,24.6614,2328.1317,20.6983
SYM10554,106.01,1409.4357,1.2856,0.1988,0.8791,23.3514,2516.7748,20.526
SYM10555,82.93,2095.5613,1.2248,0.1658,0.8797,25.5065,2280.1665,15.7485
SYM10556,153.87,2595.9063,1.1255,0.1993,0.3098,41.9566,2374.8238,19.948
SYM10557,150.16,2364.4418,1.2067,0.1088,0.8112,25.0644,1688.9782,8.8017
SYM10558,100.01,661.3939,1.2668,0.1774,0.3441,19.8285,2653.1878,17.017
SYM10559,98.48,1839.7159,1.2582,0.1515,0.8999,26.7585,2043.4045,13.9509
SYM10560,96.41,2733.4165,1.2897,0.1186,0.8136,17.2069,2026.0109,10.3764
SYM10561,94.95,2495.331,1.3559,0.1318,0.7732,21.5957,1975.7954,12.033
SYM10562,102.01,2152.3905,1.2323,0.2705,0.8368,31.7487,2440.0257,31.2861
SYM10563,153.91,1735.1948,1.1016,0.1113,0.8611,13.2648,2721.9048,10.0085
SYM10564,99.03,1641.8636,1.2722,0.1656,0.9098,27.7251,2380.1051,16.1303
SYM10565,94.01,1905.7454,1.1587,0.1348,0.8796,22.6883,1658.3791,11.8783
SYM10566,97.16,1351.3419,0.5954,0.1027,0.9324,21.1485,1006.4606,10.6518
SYM10567,95.1,1624.7332,1.2921,0.229,0.8796,31.4104,2051.2897,24.3633
SYM10568,129.52,2165.8407,1.0848,0.0772,0.7187,23.5724,1635.3272,5.8306
SYM10569,87.55,2381.337,1.4097,0.1425,0.8859,14.5771,2695.6332,12.8798
SYM10570,83.98,830.3313,1.3112,0.2057,0.9241,23.2207,2754.3679,20.9664
SYM10571,95.23,1198.5502,1.3106,0.1568,0.8785,18.3959,1914.4168,14.6901
SYM10572,89.97,1646.0245,1.3001,0.141,0.8635,17.1211,2514.5271,13.3234
SYM10573,93.95,2002.3442,1.3429,0.1708,0.8847,21.479,2443.0146,17.1142
SYM10574,91.02,2063.4788,1.3261,0.2087,0.8575,23.6409,3065.491,23.1244
SYM10575,166.36,1984.0736,1.358,0.138,0.2665,25.0463,1872.0344,12.4263
SYM10576,102.06,1539.7774,1.3237,0.2069,0.871,27.2052,1956.3126,21.1849
SYM10577,103.81,1510.5229,1.4269,0.2686,0.8907,19.5103,2833.2914,30.5079
SYM10578,83.54,1870.9099,1.0723,0.1282,0.9069,29.8912,1997.5704,11.075
SYM10579,91.55,1594.8345,1.1444,0.1096,0.8924,19.7576,1901.4016,9.351
SYM10580,77.92,1908.1514,1.1208,0.0748,0.8587,16.6951,1683.0683,5.3815
SYM10581,87.09,1277.7628,1.2538,0.1509,0.9329,20.8058,2374.0917,14.0542
SYM10582,82.51,2717.0875,1.1281,0.1655,0.8102,31.2744,1676.2938,16.2459
SYM10583,108.01,1831.3726,1.1771,0.2303,0.861,36.3193,1925.4573,24.6776
SYM10584,74.98,1647.9725,1.1464,0.1512,0.8974,21.9377,2209.6991,14.2957
SYM10585,106.975,1551.01855,1.2571,0.2297,0.88245,27.330849999999998,2241.1574499999997,24.66685
SYM10586,81.97,2049.0904,1.1921,0.2426,0.9109,38.1051,1777.1886,25.9805
SYM10587,80.8,1659.2872,1.3222,0.1667,0.9158,18.1394,2830.2739,16.907
SYM10588,111.97,1914.0782,1.1784,0.1371,0.8911,19.893,2533.5567,12.9215
SYM10589,112.68,1462.1153,1.2034,0.1544,0.8181,19.77,2069.4247,14.9864
SYM10590,78.84,2019.3817,1.1735,0.1376,0.911,20.6544,1939.6645,12.2443
SYM10591,172.27,1757.4252,1.1551,0.1114,0.8716,19.3294,1939.8172,9.4267
SYM10592,93.48,2147.6492,1.1944,0.0103,0.6606,1.2338,2236.6807,0.4179
SYM10593,90.68,1535.5405,1.1621,0.0783,0.8366,13.9458,1782.7445,5.7802
SYM10594,76.97,980.6112,0.9445,0.1022,0.9271,13.5497,2258.6834,8.9066
SYM10595,137.52,2384.8727,1.1712,0.1537,0.8244,26.0778,2113.3973,15.3151
SYM10596,178.21,886.9903,1.0158,0.1208,0.3136,17.6982,2488.5721,10.2608
SYM10597,107.96,1628.6585,1.3056,0.0678,0.2428,8.9396,2566.824,4.8584
SYM10598,89.94,1717.8559,1.2672,0.1947,0.912,23.9514,2063.7818,19.7097
SYM10599,132.02,2207.2374,1.2803,0.1596,0.8427,21.2487,2005.3996,16.0128
SYM10600,161.68,2602.9799,1.2482,0.2121,0.8165,34.9799,1975.353,22.0829
SYM10601,99.99,1665.7197,1.3357,0.2327,0.2336,28.8476,1959.8218,24.6139
SYM10602,97.95,1591.9756,1.2163,0.0639,0.8412,10.3458,1724.8894,4.4041
SYM10603,83.01,1717.5059,1.4123,0.2234,0.8942,28.715,2013.7372,23.216
SYM10604,142.98,2046.3153,1.2185,0.2347,0.8431,34.7202,1822.6373,24.7788
SYM10605,128.04,1236.0427,1.1126,0.197,0.8753,21.3306,2231.215,20.1381
SYM10606,86.11,2174.7459,1.2557,0.166,0.2582,28.2007,1695.0934,15.5064
SYM10607,86.91,1376.6673,1.1801,0.1237,0.3087,16.3985,2590.6492,11.0475
SYM10608,126.0,2501.6631,1.321,0.274,0.7637,39.8737,2853.8461,31.2163
SYM10609,142.37,2835.1312,1.1313,0.0833,0.8269,21.5931,1505.8216,6.2444
SYM10610,95.09,1734.3574,1.183,0.1436,0.8889,24.5262,2337.6929,12.9925
SYM10611,88.93,1867.3245,1.1475,0.059,0.84,10.7605,1976.3061,3.9069
SYM10612,102.96,2608.478,1.2056,0.0917,0.823,19.8951,2193.3013,7.4504
SYM10613,82.55,908.3818,1.3493,0.265,0.2645,24.5426,2740.5377,29.5274
SYM10614,82.12,2105.2212,1.249,0.1555,0.916,23.9682,2297.0533,14.7102
SYM10615,151.02,2109.8438,1.251,0.1607,0.91,27.4577,2284.8889,15.1353
SYM10616,80.31,1044.4307,1.2135,0.1614,0.9413,22.1665,2171.97,15.4154
SYM10617,92.94,866.0191,0.985,0.1107,0.92,15.278,2557.2734,9.4058
SYM10618,93.9,1928.0683,1.2065,0.2302,0.8516,29.0962,1964.6974,25.5364
SYM10619,136.28,1662.3107,0.852,0.1747,0.8986,21.0552,2255.9263,16.9756
SYM10620,113.94,1781.6531,1.2187,0.1812,0.8543,21.9087,2481.922,18.4679
SYM10621,107.03,2148.0511,1.1436,0.0452,0.6335,12.9087,1841.2607,2.9522
SYM10622,86.02,2388.3849,1.2836,0.1731,0.2331,16.1884,2330.7997,17.7657
SYM10623,93.95,2009.1275,1.3768,0.2609,0.2126,19.8855,3411.6142,30.0322
SYM10624,109.98,1764.9234,1.2678,0.1175,0.8907,19.2869,2331.5604,10.1259
SYM10625,101.04,1585.1637,1.3568,0.1455,0.2895,19.448,2384.4438,13.4172
SYM10626,78.18,1409.9556,0.9378,0.1876,0.901,22.0278,2549.4786,19.0481
SYM10627,94.96,1424.6819,1.2143,0.1839,0.833,22.8423,2432.5564,18.7004
SYM10628,106.975,1551.01855,1.2571,0.2297,0.88245,27.330849999999998,2241.1574499999997,24.66685
SYM10629,97.96,1471.5909,1.3553,0.2685,0.9011,29.9835,2195.339,29.7823
SYM10630,165.43,1370.6384,1.247,0.1794,0.9551,28.3368,1890.1582,17.1721
SYM10631,89.11,1485.184,1.2684,0.174,0.222,26.1446,2734.3801,17.1485
SYM10632,123.94,1845.5373,1.3907,0.2234,0.7908,28.9201,2357.2541,23.7112
SYM10633,89.89,2259.9805,1.2454,0.2273,0.8418,34.8372,2014.56,24.1062
SYM10634,151.37,941.8221,1.0506,0.1627,0.2474,22.8951,1928.6435,15.217
SYM10635,123.81,1244.9918,1.1219,0.1967,0.8928,24.8877,2237.6096,20.4303
SYM10636,147.97,2154.8212,1.3535,0.1345,0.7964,22.9485,2133.7706,11.9437
SYM10637,135.93,1480.7758,0.9742,0.2059,0.8742,29.7415,2006.0546,21.483
SYM10638,85.0,1295.7036,1.1855,0.2177,0.9285,30.7679,2461.8251,23.1159
SYM10639,105.9,923.1558,1.1855,0.1952,0.9319,22.3224,2793.5926,19.7806
SYM10640,88.07,2128.4444,1.278,0.3001,0.7288,30.8491,1856.3675,35.0599
SYM10641,125.02,1799.2003,1.2793,0.3196,0.7425,39.5308,2366.0569,37.3852
SYM10642,172.27,2201.6876,1.3112,0.2805,0.7494,35.0949,2214.4299,31.6293
SYM10643,129.46,1820.4733,1.5061,0.1554,0.8159,21.5649,2148.6837,14.62
SYM10644,100.0,1908.6148,1.2688,0.2086,0.8309,29.3111,2013.6412,21.9662
SYM10645,123.93,1851.7641,1.3549,0.2365,0.7985,30.1759,2101.8251,25.3463
SYM10646,99.93,1332.15,1.1094,0.2224,0.9323,29.3427,2164.9553,23.0171
SYM10647,96.0,2262.9428,1.4121,0.2689,0.7908,29.1756,2510.4605,31.0358
SYM10648,142.39,1938.0787,1.4514,0.1121,0.8374,17.4731,2238.0317,9.3999
SYM10649,102.89,1305.7291,1.1349,0.2595,0.8906,27.7775,2227.8535,28.6302
SYM10650,119.03,859.7633,1.3802,0.2275,0.9213,15.7016,2689.7186,25.1303
SYM10651,69.13,1579.3416,1.1721,0.2168,0.9284,34.4209,1737.6877,22.2276
SYM10652,172.27,1263.6593,1.1307,0.1735,0.9412,24.2155,1594.1353,16.4656
SYM10653,83.94,1472.5317,1.3085,0.2654,0.8939,24.0747,2187.5576,29.462
SYM10654,94.03,1842.0227,1.1988,0.2428,0.8127,33.969,1910.9545,26.7118
SYM10655,119.96,1994.9339,1.2908,0.119,0.7782,15.1171,2023.8577,10.5531
SYM10656,138.2,1900.7994,1.5756,0.112,0.8382,17.7515,2474.1965,9.3393
SYM10657,93.84,941.0273,1.1541,0.1921,0.8476,16.4586,2130.4702,20.1536
SYM10658,99.99,924.822,1.3069,0.3299,0.845,33.7822,2862.906,38.7643
SYM10659,110.09,1679.7113,1.1225,0.2672,0.8016,26.5074,2424.1751,30.6408
SYM10660,122.44,2197.9483,1.2214,0.185,0.6078,28.6735,1413.0096,18.3177
SYM10661,79.94,850.064,1.1385,0.2588,0.9396,32.5864,2675.7398,27.9807
SYM10662,84.92,1201.6951,1.2531,0.278,0.9122,33.9324,2374.0356,31.3453
SYM10663,99.89,1853.6825,1.2534,0.2977,0.7769,33.3251,1914.4709,34.5072
SYM10664,163.93,2262.3309,1.2385,0.1328,0.7739,20.8431,1984.1579,12.1183
SYM10665,118.6,1321.2665,1.3322,0.2876,0.8808,32.3362,2287.2923,32.9305
SYM10666,125.93,1048.4024,1.1958,0.6219,0.5047,42.3073,2302.9707,69.7137
SYM10667,94.98,1431.9817,1.3651,0.2931,0.7601,29.3705,2432.5891,34.1799
SYM10668,155.12,1574.6452,1.1773,0.2722,0.8687,30.5908,1963.7503,30.8061
SYM10669,124.27,2453.1078,1.2259,0.2341,0.7855,32.226,1635.7328,25.0509
SYM10670,90.03,1537.4235,1.2889,0.2764,0.8551,27.0332,2337.4375,31.0435
SYM10671,125.96,1716.1743,1.3245,0.2055,0.8228,28.8437,2101.7684,21.6475
SYM10672,147.87,1925.4415,1.1412,0.2182,0.8465,22.3356,2204.8491,23.4917
SYM10673,132.91,1843.5168,1.5637,0.2812,0.7305,33.716,2317.8123,32.2429
SYM10674,128.55,2189.5859,1.2267,0.2713,0.7535,38.4737,1991.1246,30.1241
SYM10675,123.68,2508.4197,1.3935,0.2404,0.6975,31.065,1918.2268,26.6598
SYM10676,126.03,1762.6611,1.3029,0.2473,0.8712,32.8645,2110.0041,26.4029
SYM10677,150.11,1583.1779,1.0639,0.2463,0.9098,40.8594,1967.3852,26.9472
SYM10678,92.92,1133.5691,1.3291,0.2142,0.8967,19.7417,2330.2,22.5668
SYM10679,110.09,1333.3837,1.2372,0.3177,0.8409,29.582,2413.7815,37.5864
SYM10680,139.88,2353.7102,1.3946,0.2062,0.7688,20.1483,3104.8419,22.2076
SYM10681,123.16,1875.3287,1.4707,0.2576,0.7964,28.6979,2578.6887,28.8785
SYM10682,123.27,584.0574,1.3188,0.2921,0.9426,25.7698,3010.2107,32.9855
SYM10683,140.02,1968.4244,1.3113,0.2456,0.7531,29.7333,1782.7132,26.7467
SYM10684,102.94,1694.6917,1.4983,0.249,0.8103,25.3973,2459.3276,27.1982
SYM10685,130.47,911.8986,1.12,0.2463,0.9443,25.7991,2073.8498,26.7833
SYM10686,129.81,1760.1382,1.3279,0.2025,0.8192,26.3668,2150.5915,20.7932
SYM10687,123.61,1796.0099,1.3042,0.2486,0.781,25.0699,2429.0696,27.7626
SYM10688,112.53,1749.4367,1.4023,0.25,0.8716,26.5739,2869.4092,28.0636
SYM10689,92.68,1279.939,1.2657,0.1952,0.8771,20.412,2334.1582,20.024
SYM10690,102.75,871.6481,1.0374,0.236,0.9323,19.82,2149.1616,25.3035
SYM10691,163.25,1244.0457,1.1887,0.2163,0.8298,22.9451,1814.0901,23.5199
SYM10692,135.03,1401.8312,1.3004,0.2887,0.8588,33.156,2115.7673,33.0486
SYM10693,120.03,2200.7461,1.437,0.2324,0.8208,32.3757,1820.5914,24.9817
SYM10694,88.09,1506.3592,1.2608,0.264,0.7989,28.9339,2113.6999,29.9513
SYM10695,119.99,1361.5009,1.2048,0.2557,0.8711,26.8708,2103.3109,27.921
SYM10696,126.65,2051.8797,1.1538,0.1172,0.7875,17.4358,1534.8108,10.2837
SYM10697,133.03,2118.4081,1.2753,0.254,0.8539,29.2115,2153.6843,27.8303
SYM10698,140.0,1211.7176,1.2431,0.2713,0.8944,29.263,2821.5478,30.5033
SYM10699,95.08,1005.0914,1.1787,0.2766,0.8382,24.3328,2243.4484,31.9311
SYM10700,98.03,1099.3716,1.2948,0.2616,0.9266,33.7802,2288.0143,28.4313
SYM10701,146.29,1680.9776,1.0287,0.2747,0.8505,34.0778,2121.0672,31.8459
SYM10702,142.38,2171.3006,1.1303,0.3086,0.7913,49.8482,2013.7447,35.89
SYM10703,99.72,1187.5743,1.1798,0.1575,0.8844,21.0247,2213.0887,15.442
SYM10704,94.96,1638.3789,1.1579,0.2804,0.7803,36.5012,2022.8421,31.2011
SYM10705,94.07,2444.4218,1.2708,0.2019,0.7908,22.0408,2457.9906,21.6754
SYM10706,140.1,1365.7363,1.0433,0.24,0.8778,30.5057,1951.7389,26.2138
SYM10707,96.9,1277.6389,1.2835,0.2566,0.9134,33.3972,2516.1982,27.975
SYM10708,86.92,1216.5591,1.1783,0.3137,0.9193,43.2272,2233.772,35.9647
SYM10709,77.91,2624.7923,1.415,0.297,0.7874,39.0196,2351.5903,34.1605
SYM10710,94.98,1704.6624,1.3431,0.2937,0.7348,32.7749,2032.5978,33.8194
SYM10711,129.94,2183.2814,1.3527,0.2414,0.8659,31.5322,2200.2218,26.0806
SYM10712,123.17,1647.4864,1.2076,0.1038,0.2567,18.6125,1534.3642,8.5241
SYM10713,89.97,1518.7219,1.3434,0.2657,0.8486,28.6889,2146.3689,29.3818
SYM10714,89.0,1364.6123,1.2462,0.2121,0.8793,27.1772,2172.3575,21.9525
SYM10715,153.87,1253.0996,1.2699,0.2422,0.9178,26.9584,2388.6633,26.206
SYM10716,129.03,818.092,1.2433,0.283,0.8872,34.26,2628.541,31.6537
SYM10717,124.97,2720.2351,1.1964,0.186,0.8417,29.6164,1715.708,18.9715
SYM10718,87.1,1636.8886,1.3736,0.226,0.8705,25.1086,2169.4564,24.1812
SYM10719,89.65,1443.3245,1.0951,0.2396,0.8111,26.8318,1866.9771,26.6762
SYM10720,95.0,2202.6261,1.1338,0.2492,0.859,39.732,2176.9593,27.2603
SYM10721,172.27,1504.5345,1.3295,0.1949,0.8441,22.6307,2344.0666,20.3217
SYM10722,129.89,558.4825,1.1532,0.3228,0.9312,37.8691,2802.9752,36.9201
SYM10723,89.97,1481.0796,1.3011,0.2229,0.8118,21.9668,2102.547,24.567
SYM10724,121.91,1073.6405,1.1333,0.1965,0.9469,28.0369,2502.7592,20.1072
SYM10725,95.08,1005.0914,1.1787,0.2766,0.8382,24.3328,2243.4484,31.9311
SYM10726,163.9,1092.0558,1.3146,0.199,0.8914,23.3256,2308.2071,20.928
SYM10727,129.81,1760.1382,1.3279,0.2025,0.8192,26.3668,2150.5915,20.7932
SYM10728,89.09,1483.5786,1.145,0.2692,0.8828,41.0489,1844.9782,30.0193
SYM10729,84.81,1688.7449,1.3181,0.1729,0.8028,20.5063,1940.4393,17.0741
SYM10730,84.92,1028.732,1.13,0.2217,0.8717,18.9884,2387.3237,24.1182
SYM10731,142.55,1697.914,1.311,0.2654,0.8878,32.1671,2541.0017,30.1226
SYM10732,156.5,1683.3471,1.2532,0.2291,0.9038,38.1811,2161.0877,23.9098
SYM10733,153.48,1565.0302,1.1139,0.2523,0.8904,43.5637,1811.5418,27.1852
SYM10734,142.12,3431.6294,1.2833,0.2694,0.7095,45.6237,1822.3998,29.7479
SYM10735,83.94,1538.4788,1.1744,0.2662,0.9041,36.4548,2344.6645,29.3879
SYM10736,122.82,2255.4294,1.2963,0.0581,0.6418,9.7015,2292.5401,4.0735
SYM10737,123.09,2135.6346,1.4208,0.0478,0.7472,6.8158,2351.9218,3.0883
SYM10738,154.78,1764.7541,1.2548,0.2474,0.8672,34.3221,2168.6247,26.439
SYM10739,109.97,1007.1043,1.4083,0.308,0.8709,26.5874,2815.8729,36.3828
SYM10740,94.01,2344.381,1.3574,0.2578,0.8493,32.5676,2224.4004,28.3871
SYM10741,136.46,976.1921,1.388,0.1713,0.889,17.8673,2673.9019,16.7338
SYM10742,135.25,1258.1126,1.2014,0.251,0.9247,26.6443,2368.1904,27.2745
SYM10743,149.23,1494.5244,1.0688,0.2998,0.864,42.3726,1916.518,34.2157
SYM10744,103.95,1627.7525,1.2935,0.2582,0.8963,34.3905,2785.9985,29.3937
SYM10745,97.88,1510.4949,1.2213,0.2344,0.9151,34.6537,2270.3315,24.9856
SYM10746,144.66,3373.7396,1.4333,0.1991,0.8065,28.3973,2137.7194,20.0385
SYM10747,131.82,927.4491,1.034,0.2106,0.9458,22.4133,2021.069,22.0003
SYM10748,139.9,1380.5226,1.2699,0.2132,0.9227,25.8556,2315.8174,22.0317
SYM10749,91.99,1805.4435,1.2734,0.2872,0.8589,37.7823,2260.5873,32.6622
SYM10750,118.43,1126.7865,1.2199,0.2919,0.9266,35.1641,2058.3954,32.9403
SYM10751,140.84,1550.658,1.1879,0.2969,0.9261,32.7704,2213.5867,33.8699
SYM10752,133.84,1424.9996,1.1633,0.2611,0.9346,34.7119,2026.5022,28.4305
SYM10753,125.09,1476.1858,1.2425,0.2293,0.8863,24.6045,2110.2513,24.1597
SYM10754,90.72,1105.5105,1.2182,0.2683,0.9273,30.9893,1920.9139,30.08
SYM10755,144.58,1568.129,1.204,0.2624,0.8703,36.6502,1918.2083,29.3825
SYM10756,123.78,1841.6877,1.4872,0.2218,0.8343,22.6257,2964.3275,25.3935
SYM10757,87.9,2561.6993,1.2626,0.2123,0.8066,32.8371,2288.5093,22.8247
SYM10758,89.98,1603.7773,1.226,0.3199,0.8657,40.3945,2168.8242,37.8203
SYM10759,120.13,2134.074,1.1977,0.2143,0.8654,33.634,2227.3087,22.6358
SYM10760,153.75,1233.0763,1.1412,0.226,0.8549,26.451,1797.1693,24.6486
SYM10761,128.87,2615.65,1.4373,0.2987,0.865,41.6758,2714.5236,34.1201
SYM10762,94.5,1313.5517,1.1114,0.2364,0.9432,30.568,2103.1589,25.6633
SYM10763,109.87,780.9974,1.236,0.3012,0.9279,28.3733,2556.4981,34.6524
SYM10764,92.1,1148.9215,1.0526,0.2397,0.9242,27.6932,1996.7244,26.2129
SYM10765,94.99,1965.1647,1.4346,0.2489,0.8533,28.2031,2404.6506,28.1142
SYM10766,140.05,1027.5238,1.0696,0.1469,0.9398,18.7707,2227.5215,13.7042
SYM10767,126.88,2501.1776,1.3154,0.2902,0.6997,44.5796,2137.4189,33.3405
SYM10768,142.4,2164.7238,1.1325,0.2738,0.781,38.5585,1697.5398,31.3679
SYM10769,124.98,1364.4132,1.2491,0.307,0.9105,35.4856,1836.1097,35.2222
SYM10770,139.47,1712.7485,1.2152,0.2942,0.8227,33.8851,1839.3661,34.0061
SYM10771,104.94,2409.0571,1.3356,0.2284,0.8659,34.9753,2218.9688,24.0101
SYM10772,103.07,2074.7717,1.2475,0.1756,0.8973,29.1645,1697.679,16.9072
SYM10773,80.95,1462.5148,0.9509,0.1569,0.8765,22.043,1935.475,16.5833
SYM10774,123.02,2342.972,1.2299,0.2837,0.8028,43.1758,1782.2126,31.9745
SYM10775,88.12,1541.7594,1.3253,0.1799,0.9023,29.1791,2204.5592,17.7978
SYM10776,128.45,1521.0987,1.1685,0.2917,0.7804,38.6996,1640.4257,33.6108
SYM10777,80.09,1512.4144,1.1048,0.2834,0.9222,35.1461,1990.084,31.7881
SYM10778,89.91,1976.3708,1.3103,0.2778,0.8883,26.4544,2251.478,31.749
SYM10779,84.77,1110.6808,1.1105,0.2508,0.9384,27.2915,1930.6887,27.3288
SYM10780,122.58,1526.8338,1.2826,0.3154,0.8748,34.6859,1993.4421,36.4574
SYM10781,129.85,1838.009,1.3671,0.277,0.8583,29.5563,2426.0821,31.7423
SYM10782,162.11,1564.3838,1.2922,0.2131,0.8469,30.1111,2016.9757,23.0019
SYM10783,93.01,1120.0642,1.1494,0.326,0.919,45.93,2178.9891,37.7925
SYM10784,152.05,1266.7124,1.2141,0.3315,0.8166,31.3541,2303.2755,39.5191
SYM10785,128.2,1898.7676,1.1405,0.2849,0.7463,42.6797,1733.4509,32.6718
SYM10786,132.07,1209.5533,1.0456,0.2325,0.922,32.4609,2038.7198,24.8383
SYM10787,178.21,1627.4308,1.2769,0.213,0.7852,31.2941,1992.1093,23.0567
SYM10788,120.02,1823.1145,1.1224,0.1975,0.8685,28.4819,2205.2226,20.4561
SYM10789,88.02,1761.3915,1.3029,0.2514,0.8786,34.8864,2087.1222,27.2929
SYM10790,107.01,880.7556,1.2349,0.3009,0.9568,30.6122,2280.473,34.1677
SYM10791,95.83,1548.231,1.661,0.2446,0.9278,28.3648,3145.5063,26.2662
SYM10792,142.3,3162.049,1.1498,0.238,0.7748,42.4939,1653.646,25.2485
SYM10793,79.85,1876.1212,1.2425,0.2688,0.8484,35.4979,2273.9453,30.1316
SYM10794,128.45,2018.2862,1.3346,0.3377,0.719,44.7492,2478.7713,40.8755
SYM10795,129.95,1760.9271,1.2812,0.2863,0.8659,39.5885,1851.7943,32.4012
SYM10796,143.51,1551.6078,1.1352,0.2813,0.8914,39.2901,2238.3253,31.5764
SYM10797,139.69,1625.6166,1.2069,0.2691,0.843,30.815,2166.5674,30.1665
SYM10798,153.39,1867.1729,1.0832,0.2448,0.8447,29.6763,1795.9329,26.992
SYM10799,120.04,1861.9752,1.114,0.2619,0.9129,40.4691,1482.9955,28.7036
SYM10800,107.01,1115.6901,1.0794,0.2394,0.8987,30.595,2027.4878,26.2318
SYM10801,162.67,1317.2232,1.2346,0.2964,0.9261,38.0997,2742.4638,34.0344
SYM10802,89.31,3123.1485,1.2493,0.3014,0.8021,49.6734,1779.7742,34.2584
SYM10803,130.03,2118.7276,1.1792,0.3217,0.8614,44.6722,2147.3648,37.4018
SYM10804,143.82,773.0633,1.0347,0.2757,0.9018,33.5387,1982.7229,30.7452
SYM10805,90.92,1170.8456,1.1656,0.3056,0.8067,32.1032,2007.5383,34.9366
SYM10806,80.01,1520.4394,1.1504,0.25,0.9201,34.1251,1949.8916,26.9635
SYM10807,99.47,1720.4618,1.2047,0.2285,0.8955,31.876,1821.3879,24.1289
SYM10808,150.1,1954.3772,1.1252,0.2871,0.7992,46.6172,2219.2246,32.1429
SYM10809,162.18,1363.2166,0.948,0.1363,0.91,16.8881,1946.1232,12.5323
SYM10810,161.6,1164.5312,1.127,0.3512,0.7763,41.683,2338.3223,43.0058
SYM10811,82.0,1274.346,1.3532,0.2645,0.9181,27.7578,2165.4004,29.1275
SYM10812,125.11,1779.4662,1.1932,0.2517,0.8966,31.8257,2249.5348,27.4798
SYM10813,137.79,1889.9986,1.3496,0.2759,0.8544,35.0705,3003.3286,30.8636
SYM10814,143.92,1376.1684,1.0667,0.2453,0.9227,30.9858,2398.5989,26.595
SYM10815,101.83,1201.4008,1.2261,0.3126,0.9456,34.7578,2429.4951,35.7814
SYM10816,99.99,1203.4899,1.2647,0.2205,0.8831,23.3368,2273.0415,23.1289
SYM10817,86.05,829.6134,1.0918,0.2998,0.8943,27.7285,2625.9387,35.3028
SYM10818,123.95,2280.379,1.1842,0.2995,0.6892,42.0884,1920.3841,34.5165
SYM10819,104.95,1488.1382,1.3298,0.2421,0.9057,26.9907,2415.6617,26.2781
SYM10820,126.95,1757.9903,1.2865,0.2942,0.8976,42.9501,2558.7561,33.0405
SYM10821,90.03,835.3644,1.3565,0.2237,0.9323,19.7488,2734.9113,23.8979
SYM10822,94.96,1404.5681,1.3468,0.2301,0.9409,30.0771,2381.4257,24.1517
SYM10823,128.0,1914.5584,1.1831,0.2949,0.8699,39.7443,2241.63,33.8529
SYM10824,172.27,1417.7111,1.1338,0.229,0.9353,31.637,2177.3571,24.3903
SYM10825,136.69,2065.2593,1.1867,0.2544,0.8656,42.9586,1929.7486,27.5283
SYM10826,104.9,1368.8046,1.4124,0.3529,0.8922,39.5431,2490.1859,42.2064
SYM10827,128.05,2671.0507,1.2285,0.2719,0.7641,45.6225,2091.4634,30.2274
SYM10828,111.98,1365.3266,1.2232,0.2894,0.8603,38.4077,2213.4272,32.9246
SYM10829,101.96,944.183,1.2841,0.2157,0.9471,25.5107,2107.8615,21.9518
SYM10830,89.95,2016.4563,1.1904,0.2275,0.8754,37.37,2072.4635,23.8344
SYM10831,123.43,1430.5601,1.1706,0.2239,0.9403,25.4939,2194.5893,23.2124
SYM10832,172.27,1814.8211,1.0637,0.1347,0.9326,28.6643,2098.4533,12.0524
SYM10833,95.99,1575.645,1.1648,0.2226,0.9063,34.0025,2074.2528,23.8405
SYM10834,107.76,886.5902,0.9966,0.2521,0.9623,37.5691,2009.8484,27.1114
SYM10835,95.02,1556.0982,1.1643,0.1909,0.8878,25.3297,2209.4713,19.9017
SYM10836,150.63,1154.4572,1.1904,0.3169,0.8563,42.6606,2289.2315,36.7093
SYM10837,110.8,3000.4428,1.2921,0.2717,0.7565,40.8022,2315.905,30.4174
SYM10838,103.04,2737.779,1.2616,0.283,0.8101,42.7144,2115.0931,31.9382
SYM10839,88.15,1982.6487,1.2432,0.2077,0.8909,33.4951,1785.9097,21.3572
SYM10840,123.0,3019.556,1.3355,0.2345,0.7997,39.423,2191.0104,24.7813
SYM10841,97.98,2015.4699,1.2194,0.2867,0.8575,40.4742,1825.2679,32.4132
SYM10842,122.57,1943.4018,1.5746,0.2364,0.8681,33.1007,2494.4809,25.3838
SYM10843,101.88,1149.3719,1.167,0.2548,0.9264,30.453,1986.3119,27.7938
SYM10844,98.03,2237.8377,1.2515,0.283,0.8814,46.8382,1688.4539,31.2549
SYM10845,72.06,1791.1207,1.2635,0.2706,0.9016,35.9357,2673.797,29.7537
SYM10846,88.04,2061.2554,1.1764,0.2461,0.9176,42.8714,1868.4341,26.5768
SYM10847,90.98,2940.3172,1.1924,0.2115,0.8363,40.4827,1885.9925,21.6947
SYM10848,91.94,1216.4398,1.1766,0.195,0.8632,24.3887,2611.3989,20.5981
SYM10849,120.8,2631.9399,1.281,0.288,0.722,36.0783,2287.8971,32.724
SYM10850,91.78,1412.2373,1.4312,0.204,0.9073,22.5739,2343.4147,20.5701
SYM10851,139.99,1983.7895,1.2092,0.244,0.8637,34.0811,1534.6203,25.8272
SYM10852,103.08,1606.9754,1.0213,0.0568,0.5956,17.3073,2509.4553,3.8796
SYM10853,86.95,1109.6446,1.2024,0.2809,0.943,32.6155,2437.8718,31.3166
SYM10854,120.16,2066.9224,1.179,0.2561,0.9361,53.999,1686.1562,27.0151
SYM10855,87.98,884.8676,1.3454,0.2418,0.9321,27.2585,2389.0422,25.4517
SYM10856,129.96,1882.1024,1.1099,0.313,0.8139,42.0711,1926.6799,36.5914
SYM10857,84.02,1715.2717,1.2827,0.1017,0.8739,18.9783,2060.2546,8.1588
SYM10858,89.98,1274.4333,1.2811,0.2175,0.9043,20.5604,2318.283,23.2078
SYM10859,140.0,1769.1374,1.207,0.2858,0.8521,38.682,1951.9817,32.3932
SYM10860,90.94,1916.5274,1.0806,0.2375,0.8509,37.8161,1884.7456,25.6821
SYM10861,172.27,1779.4613,1.0943,0.2912,0.8063,46.3005,1847.397,32.8101
SYM10862,133.9,1939.1537,1.2279,0.2773,0.8606,38.5636,2167.0368,31.4406
SYM10863,99.44,1006.9349,1.3268,0.1511,0.8913,13.6097,2145.8462,14.8975
SYM10864,153.51,1594.5999,1.3372,0.3622,0.9069,37.7105,2606.0992,43.1071
SYM10865,89.96,1341.6471,1.2949,0.1045,0.9114,16.6548,1957.7684,8.528
SYM10866,99.71,2247.6099,1.3478,0.3028,0.9009,38.315,2617.726,34.1585
SYM10867,128.12,3191.5299,1.2256,0.3238,0.6888,48.7265,1536.7895,37.3807
SYM10868,84.0,1939.3292,1.2149,0.2681,0.8701,35.9792,2256.9846,30.3108
SYM10869,165.43,2126.0329,1.1404,0.2738,0.8935,43.9751,2103.8597,30.4177
SYM10870,108.99,2482.8726,1.0835,0.2926,0.8508,51.0564,1590.8572,32.9356
SYM10871,128.49,2939.3739,1.2628,0.1979,0.8616,37.0826,1835.3029,20.3017
SYM10872,118.58,2521.4099,1.1472,0.2977,0.854,47.0764,1906.7305,33.7825
SYM10873,128.02,2536.7538,1.1078,0.2733,0.8512,44.2574,2052.9631,30.4536
SYM10874,125.97,1602.6622,1.4407,0.2952,0.8507,34.384,2560.3979,33.7192
SYM10875,87.1,1557.2099,1.1625,0.3012,0.9464,45.1808,2846.7561,33.377
SYM10876,90.75,1757.8633,1.2808,0.2932,0.8388,34.5532,1724.7343,33.5676
SYM10877,156.11,1940.4243,1.0959,0.2278,0.957,41.8383,2203.7709,23.6712
SYM10878,161.96,1628.1636,1.3028,0.2943,0.8687,40.177,2074.3474,33.2118
SYM10879,89.94,2857.991,1.3651,0.2401,0.7664,37.6055,2652.5642,25.8599
SYM10880,86.07,3648.0024,1.2924,0.2898,0.722,45.1124,1649.886,32.5204
SYM10881,90.18,1778.4091,1.2417,0.2679,0.3414,37.3415,1973.7216,29.4073
SYM10882,108.08,1683.3702,1.2365,0.0905,0.833,10.0694,2708.4483,7.7482
SYM10883,87.99,1487.3144,0.9964,0.1046,0.8954,15.043,2266.349,9.4107
SYM10884,122.5,2259.9026,1.3177,0.2529,0.333,42.6359,2273.9695,27.6315
SYM10885,89.92,1489.281,1.0753,0.1215,0.8987,19.1845,1769.3894,10.5915
SYM10886,92.84,1557.1318,1.2758,0.3208,0.9284,34.5086,2589.6842,36.6499
SYM10887,150.07,1796.5114,1.2908,0.2868,0.9068,36.8267,2150.3437,31.7765
SYM10888,155.61,2379.566,1.3187,0.2853,0.91,34.3182,2073.6198,31.6581
SYM10889,103.98,1460.0626,1.1829,0.2193,0.9611,28.6658,2103.8745,22.452
SYM10890,91.76,1039.6994,1.0972,0.3101,0.9768,37.4694,2200.2692,35.3073
SYM10891,81.97,1670.6269,1.377,0.2993,0.8609,36.4954,2279.2366,34.2007
SYM10892,150.12,1771.402,1.2299,0.2967,0.8603,40.053,2392.1542,33.81
SYM10893,94.95,1245.6225,1.0923,0.1192,0.9307,16.4033,2321.4888,10.4047
SYM10894,133.6,1791.089,1.1407,0.2801,0.9438,36.8696,2178.8973,30.4484
SYM10895,100.48,1928.0717,1.2269,0.1124,0.2319,15.8095,2298.2032,9.8016
SYM10896,89.96,1396.1741,1.2618,0.119,0.9172,16.6285,2485.1105,10.3796
SYM10897,100.1,1591.0648,1.4296,0.3038,0.9102,28.8045,2678.0749,34.7386
SYM10898,87.57,746.5031,1.5513,0.3735,0.2538,18.604,2569.6789,44.905
SYM10899,89.94,2297.0913,1.2499,0.0093,0.1707,0.3083,2564.227,0.339
SYM10900,93.84,2452.3718,1.2807,0.0106,0.1764,0.9473,1950.0905,0.398
SYM10901,81.87,838.265,1.0444,0.1998,0.9659,24.4301,2086.0498,20.2776
SYM10902,95.89,2440.8745,1.2359,0.1765,0.2626,30.2659,1849.6779,16.7823
SYM10903,156.28,1933.6554,1.3138,0.1299,0.911,23.1599,2113.8631,11.1235
SYM10904,135.94,2326.0764,1.2885,0.0345,0.7849,6.1681,1795.5694,1.9371
SYM10905,150.32,969.992,1.102,0.2308,0.9363,29.6336,2067.9929,24.7847
SYM10906,119.96,720.936,0.9834,0.1033,0.9742,14.2783,2094.5001,8.3801
SYM10907,94.09,2064.4097,1.1738,0.1085,0.8452,17.3281,2486.445,9.4975
SYM10908,96.1,1026.0187,1.1083,0.2488,0.9553,32.9594,1985.4565,26.7388
SYM10909,90.96,1299.8017,1.0397,0.1166,0.9252,18.4686,2090.7687,10.1454
SYM10910,97.01,1245.4093,1.2102,0.1219,0.9381,17.0585,2217.2603,10.5381
SYM10911,92.03,1542.912,1.0166,0.1015,0.8798,16.4324,2282.6653,8.9139
SYM10912,91.86,994.4516,1.1075,0.1242,0.9338,20.0332,2473.4918,10.7599
SYM10913,115.91,1146.0908,1.3792,0.3382,0.7907,37.1718,2580.8225,41.171
SYM10914,140.88,1332.6805,1.1297,0.2747,0.8959,29.6216,2203.2961,31.5433
SYM10915,110.0,980.0496,1.1694,0.2431,0.9328,22.1446,2288.3512,26.5477
SYM10916,162.07,1459.6815,1.1498,0.2914,0.8788,34.0537,1799.1675,33.5073
SYM10917,105.64,1537.3719,1.3796,0.2796,0.8793,30.4188,2258.2671,31.7608
SYM10918,130.0,1354.9976,1.283,0.2898,0.8907,29.2262,2234.7051,33.704
SYM10919,107.96,808.5807,0.9553,0.229,0.9565,26.0439,2381.4459,24.1457
SYM10920,88.99,1491.7226,1.3497,0.3114,0.9034,31.3939,2462.5361,36.3173
SYM10921,125.32,1265.5155,1.4816,0.3274,0.9003,33.0179,2240.9365,38.9206
SYM10922,161.82,1119.5238,1.2616,0.3017,0.9304,28.756,2467.6798,34.8694
SYM10923,95.02,1020.2787,1.0948,0.2916,0.9156,30.148,1988.0832,33.3039
SYM10924,124.97,1049.9968,1.2484,0.3282,0.8947,28.8465,2705.2946,39.4323
SYM10925,128.44,1045.7907,1.3677,0.2983,0.914,25.4269,2164.3401,34.0545
SYM10926,92.96,1026.4807,1.2952,0.2431,0.9506,17.7044,2489.7167,26.9398
SYM10927,109.94,1163.9197,1.2287,0.2401,0.9221,27.2937,2179.1962,26.457
SYM10928,124.37,1325.6255,1.4854,0.3043,0.9111,29.6982,2377.4402,35.7963
SYM10929,117.72,1238.9427,1.1189,0.2627,0.8927,30.2594,2081.4172,29.4997
SYM10930,73.51,1421.0326,1.469,0.2703,0.934,33.1994,2755.5926,30.0402
SYM10931,93.87,941.0164,1.229,0.2141,0.9172,15.5615,2298.8078,22.5641
SYM10932,91.72,973.7073,1.35,0.2951,0.9431,20.4128,2468.1198,34.8383
SYM10933,130.47,1379.7688,1.3556,0.2802,0.839,25.3993,2206.4453,32.6411
SYM10934,128.78,1386.7993,1.2091,0.2809,0.8764,34.3516,2235.7278,32.5956
SYM10935,166.18,1018.3475,1.3938,0.3326,0.9085,25.1767,2679.9087,39.3287
SYM10936,120.06,821.1802,1.1151,0.263,0.9422,23.1432,2238.4101,29.4075
SYM10937,116.63,965.4935,1.2313,0.3302,0.9085,32.5176,2551.0565,38.7428
SYM10938,129.69,866.088,1.0809,0.31,0.9105,22.9215,2258.753,37.148
SYM10939,123.66,1410.5137,1.2463,0.276,0.9303,36.6043,2600.5298,30.5483
SYM10940,128.66,1716.1514,1.2096,0.2454,0.9356,34.614,1756.2484,26.293
SYM10941,79.63,2060.2375,1.4233,0.2886,0.7928,30.6149,2166.105,34.1138
SYM10942,114.9,1826.8031,1.2643,0.2763,0.9142,37.2974,2046.0423,30.645
SYM10943,105.98,1090.54,1.3743,0.2804,0.8975,27.0438,2617.2427,32.0836
SYM10944,93.95,1502.7346,1.1122,0.2682,0.9041,38.6738,1923.0574,30.0093
SYM10945,129.95,1531.0281,1.2554,0.2484,0.811,22.6526,2347.9942,27.7904
SYM10946,118.41,905.7116,1.1935,0.331,0.9163,26.6309,2663.0422,39.6733
SYM10947,122.9,808.008,1.0602,0.2554,0.9388,25.0563,2281.8135,29.274
SYM10948,82.96,1292.9026,1.1555,0.2658,0.8879,36.0656,2174.2382,29.4635
SYM10949,131.26,1528.0297,1.2033,0.2271,0.8595,26.3515,2166.5143,24.6289
SYM10950,91.96,1464.0635,1.2525,0.2832,0.8689,34.9108,2247.9503,31.772
SYM10951,110.02,1444.002,1.3437,0.326,0.8646,36.2649,2436.2276,39.0793
SYM10952,105.87,1283.5528,1.1881,0.248,0.9012,22.8425,2267.1586,27.7189
SYM10953,94.97,1339.5565,1.2027,0.2752,0.905,35.0796,2464.3647,30.7239
SYM10954,91.95,1486.6502,1.152,0.182,0.9193,27.0114,2359.8965,17.8739
SYM10955,135.09,1098.5689,1.5255,0.3413,0.8809,28.1432,2439.1204,41.2604
SYM10956,109.95,1179.8111,1.3402,0.3122,0.9257,33.0637,2583.2485,36.4678
SYM10957,163.95,1612.4389,1.4048,0.2822,0.8443,30.5907,2855.2156,32.0635
SYM10958,142.08,1540.4489,1.2291,0.3213,0.7648,43.3535,1783.3378,37.3538
SYM10959,117.98,1745.5063,1.2774,0.2652,0.8964,27.9095,2564.7197,29.9606
SYM10960,104.99,1264.5943,1.0685,0.2808,0.9314,32.8108,2308.4565,32.4051
SYM10961,135.19,1245.3631,1.3618,0.2585,0.8724,24.2384,2551.4394,29.2829
SYM10962,147.87,1021.0782,1.131,0.2613,0.9381,23.7655,2192.5859,29.2542
SYM10963,95.88,1079.9495,1.2681,0.3594,0.9062,36.4222,2626.2873,43.3094
SYM10964,100.0,1670.3103,1.2292,0.2646,0.8337,29.6856,2438.6021,30.0997
SYM10965,152.06,690.7393,1.0249,0.2396,0.924,20.8597,2138.8597,26.6694
SYM10966,101.13,2272.2059,1.202,0.2065,0.8575,32.743,1915.9015,21.5781
SYM10967,113.89,1057.8775,1.275,0.3172,0.8926,30.0631,2395.1775,37.3737
SYM10968,128.43,1753.6081,1.2433,0.2743,0.8182,38.1983,2282.1325,30.5098
SYM10969,90.02,1267.6028,1.266,0.2709,0.8805,26.6968,2740.9601,30.4352
SYM10970,135.94,1122.2268,1.3478,0.2657,0.8692,25.0272,2608.928,29.7181
SYM10971,133.33,1562.9846,1.2984,0.2652,0.9199,36.7883,2249.7342,29.1985
SYM10972,80.96,1552.6431,1.249,0.2425,0.8978,27.834,2509.4235,26.2715
SYM10973,107.94,809.3228,1.2252,0.282,0.9185,21.5007,2655.0238,33.0652
SYM10974,117.87,1337.0254,1.214,0.2909,0.9357,43.3511,2191.0079,32.6915
SYM10975,139.93,1529.7564,1.2488,0.2593,0.8899,23.7025,2130.4776,29.8039
SYM10976,131.14,1376.9256,1.2462,0.2997,0.8807,28.9087,2204.0264,35.1701
SYM10977,172.27,1722.6281,1.2591,0.259,0.8791,36.8176,2303.8041,28.7486
SYM10978,82.97,1411.1939,1.2782,0.2631,0.9258,32.9971,2653.5717,29.093
SYM10979,84.79,2262.2206,1.1774,0.2935,0.9309,39.9411,2091.9163,32.9365
SYM10980,156.07,1267.6287,1.2284,0.3145,0.8239,26.44,2672.2434,38.8127
SYM10981,87.0,1954.9219,1.2757,0.2479,0.8322,29.8934,2619.5406,27.3097
SYM10982,128.46,1372.1461,1.2384,0.2746,0.9045,30.5837,2175.1298,30.7516
SYM10983,80.93,2103.081,1.3501,0.2176,0.8068,26.893,2561.0202,23.7526
SYM10984,84.95,1535.514,1.3651,0.2046,0.9485,23.0121,2526.3499,21.298
SYM10985,129.64,1249.1096,1.1221,0.249,0.9103,29.9285,2075.1952,27.1805
SYM10986,85.82,1197.6053,1.077,0.1966,0.9384,29.7004,2124.3199,20.0493
SYM10987,119.95,1273.3,1.4327,0.3459,0.8771,34.8606,2797.2042,41.5698
SYM10988,95.99,1936.7669,1.339,0.0669,0.8736,12.3701,2187.3689,4.6602
SYM10989,96.92,1917.7067,1.1731,0.2099,0.9222,36.59,2373.155,21.6108
SYM10990,136.04,1475.8987,1.2617,0.3075,0.8625,40.9053,2330.0717,35.1802
SYM10991,99.91,1789.3655,1.2226,0.31,0.813,44.4688,1820.7026,36.1587
SYM10992,83.96,1733.9977,1.2261,0.1502,0.8671,16.3202,2486.2278,14.6637
SYM10993,115.23,1177.9024,1.0481,0.1606,0.8859,21.4947,1921.1098,16.6648
SYM10994,96.91,887.0103,1.1514,0.3354,0.8968,33.3287,2260.2836,39.657
SYM10995,110.12,2193.2223,1.2126,0.2455,0.7737,37.3645,1856.4698,26.8399
SYM10996,91.47,2691.5894,1.2923,0.0405,0.7305,6.0334,2274.0227,2.4376
SYM10997,162.02,1934.8845,1.1278,0.1857,0.8572,38.1541,1231.9554,18.2206
SYM10998,120.06,1943.2996,1.3006,0.2312,0.8076,25.0258,2155.7992,25.4319
SYM10999,83.73,852.6594,1.0937,0.2515,0.9691,23.1965,2378.4537,28.1933
SYM11000,99.0,1766.2209,1.2656,0.3686,0.8159,40.8058,1963.8429,44.6676
SYM11001,128.31,1295.219,1.0535,0.2739,0.9204,35.6796,2030.1154,30.304
SYM11002,87.92,1417.8098,1.1391,0.259,0.9065,35.5922,2221.6277,28.4432
SYM11003,139.89,956.9015,1.4065,0.2821,0.9572,29.5981,2453.7326,31.6912
SYM11004,162.09,1151.5211,1.186,0.3105,0.8947,36.1663,2189.1675,36.2752
SYM11005,97.42,1204.4242,1.1089,0.3082,0.9206,44.2382,2167.3947,35.4842
SYM11006,83.98,1975.7982,1.2595,0.2668,0.8929,36.1911,2427.5869,29.3616
SYM11007,103.96,2057.5471,1.4823,0.2585,0.8956,31.2779,2442.2098,28.2993
SYM11008,75.93,1323.2551,1.1906,0.0643,0.8841,8.7652,2090.6174,4.4786
SYM11009,172.27,1621.7804,1.2135,0.274,0.8766,37.203,2242.8011,30.4667
SYM11010,139.86,2068.9082,1.2348,0.2065,0.9,34.9267,2052.8603,21.3496
SYM11011,88.04,725.2597,1.0603,0.2147,0.9545,21.2223,2265.0739,22.6911
SYM11012,100.01,2477.763,1.3567,0.2472,0.8055,38.4991,1902.688,26.5904
SYM11013,128.12,1733.251,1.2782,0.282,0.8193,39.136,2265.8338,31.5481
SYM11014,128.21,987.9012,1.2541,0.2884,0.9001,26.8879,2563.8502,32.7118
SYM11015,99.09,2170.8912,1.2336,0.2352,0.7589,31.6877,2065.657,25.4468
SYM11016,87.96,1349.5227,1.2533,0.183,0.9043,25.8485,2261.2278,17.8598
SYM11017,150.11,1732.6584,1.246,0.2599,0.8156,27.8563,2923.0761,29.2194
SYM11018,152.04,1257.3875,1.2381,0.2828,0.9213,32.9663,2369.7715,32.1744
SYM11019,87.96,1349.5227,1.2533,0.183,0.9043,25.8485,2261.2278,17.8598
SYM11020,91.99,954.231,1.1842,0.3077,0.9008,35.3041,2321.4751,35.3987
SYM11021,89.99,1446.008,1.307,0.289,0.8581,26.0532,2781.0773,33.0446
SYM11022,153.95,1863.912,1.2749,0.2695,0.8404,32.8466,2296.503,30.4744
SYM11023,108.17,1348.2931,1.2308,0.308,0.9059,37.5926,3054.1899,35.4649
SYM11024,120.0,1409.7522,1.4149,0.2879,0.8813,29.0221,2548.2612,33.4529
SYM11025,103.0,1818.8776,1.3727,0.0847,0.8404,14.6525,2297.7839,6.4707
SYM11026,88.99,2118.2729,1.3958,0.2749,0.8592,31.3703,2259.6899,30.9938
SYM11027,84.01,2403.2529,1.2747,0.2727,0.8296,35.9671,2393.7051,30.2187
SYM11028,89.92,2709.4776,1.2882,0.2847,0.798,38.7802,2522.2209,32.2883
SYM11029,108.01,1633.4911,1.4181,0.3259,0.8042,34.3361,2279.2816,38.3891
SYM11030,82.03,2642.4742,1.3008,0.2747,0.8522,32.5316,2647.2694,30.7105
SYM11031,96.0,2130.3222,1.4097,0.2425,0.8387,23.3124,2640.4732,26.2997
SYM11032,98.91,625.3129,1.3174,0.316,0.9479,33.1768,2411.4234,36.2184
SYM11033,139.78,2544.0694,1.1976,0.337,0.6322,47.9074,1858.4358,40.5934
SYM11034,143.94,1900.4606,1.3774,0.3061,0.7815,33.55,2359.1959,36.7224
SYM11035,91.95,1625.3022,1.3489,0.2933,0.8483,32.2638,2575.3162,33.3316
SYM11036,75.96,1431.5225,1.319,0.2773,0.8305,33.8941,2318.2994,30.8476
SYM11037,163.17,1936.7128,1.3233,0.2503,0.8048,31.7656,2644.7635,27.8419
SYM11038,163.92,1962.136,1.3568,0.2577,0.7641,26.8685,2409.1751,28.5021
SYM11039,79.01,1398.7916,1.2667,0.3201,0.8758,37.6689,1946.7435,37.03
SYM11040,111.0,2883.2321,1.3547,0.2189,0.8545,35.3103,2236.3967,23.2816
SYM11041,141.97,2200.5417,1.2815,0.2469,0.8371,34.8243,2140.7775,26.9918
SYM11042,129.72,2074.0358,1.4497,0.1707,0.8581,23.6267,2409.2953,16.5305
SYM11043,104.94,1537.0876,1.1741,0.0914,0.871,15.773,2085.1643,7.4838
SYM11044,91.95,1715.0726,1.2206,0.2809,0.9124,33.576,2648.0804,31.7819
SYM11045,84.81,1223.3278,1.1351,0.2609,0.9427,37.3502,2147.1465,29.0319
SYM11046,87.39,2592.8522,1.3584,0.2558,0.7893,29.3448,2379.6129,28.3487
SYM11047,80.99,1230.7189,1.3839,0.2833,0.8593,29.0933,2715.4251,32.2318
SYM11048,143.98,1362.1961,1.2394,0.2713,0.8539,34.0056,1980.6243,31.1596
SYM11049,135.09,1630.4858,1.3063,0.2209,0.8609,22.9599,1972.8935,24.075
SYM11050,87.01,1706.471,1.3995,0.3177,0.8148,32.9051,2436.4634,36.373
SYM11051,150.09,1703.0628,1.2396,0.2091,0.8552,30.7227,1611.4363,21.7101
SYM11052,107.98,1314.1323,1.1766,0.1165,0.9476,21.6348,1711.659,9.9229
SYM11053,82.51,1781.1906,1.2151,0.3094,0.7989,38.276,2044.7343,36.4303
SYM11054,136.92,2599.9005,1.419,0.3199,0.6855,36.2514,2581.7073,39.0042
SYM11055,94.36,1260.2522,1.3866,0.3652,0.8982,33.0432,2547.6271,44.7861
SYM11056,99.0,1766.2209,1.2656,0.3686,0.8159,40.8058,1963.8429,44.6676
SYM11057,86.1,1759.3606,1.2746,0.3221,0.8424,33.7316,2124.4823,37.415
SYM11058,105.01,2033.0324,1.3412,0.2667,0.817,35.0368,2246.7499,29.4365
SYM11059,162.35,1923.963,1.3659,0.1578,0.8444,24.9343,2679.5525,15.4303
SYM11060,125.98,1924.0293,1.2629,0.3218,0.6309,46.1923,1807.5617,37.724
SYM11061,172.27,2484.4662,1.3236,0.2765,0.7594,43.2055,2124.7397,31.1025
SYM11062,166.31,2000.8822,1.3419,0.2663,0.8166,33.4821,2506.5856,29.5952
SYM11063,88.17,1284.3598,1.2729,0.2388,0.9011,23.5174,2412.8074,26.4889
SYM11064,99.0,1766.2209,1.2656,0.3686,0.8159,40.8058,1963.8429,44.6676
SYM11065,94.53,1158.8669,1.313,0.2794,0.903,28.849,2452.601,32.4231
SYM11066,93.95,1502.7346,1.1122,0.2682,0.9041,38.6738,1923.0574,30.0093
SYM11067,89.92,2467.95,1.2123,0.229,0.791,32.3027,1781.1641,24.2766
SYM11068,87.49,2985.4954,1.1822,0.3023,0.7435,45.635,1703.5071,34.6119
SYM11069,146.99,2268.0385,1.2995,0.2579,0.7904,35.2276,1914.9801,28.1378
SYM11070,129.63,854.8972,1.324,0.1136,0.9328,9.2347,2756.3793,9.6939
SYM11071,139.83,2172.0432,1.1868,0.0408,0.7854,4.2616,2405.1954,2.4926
SYM11072,172.27,2069.4705,1.2911,0.2395,0.8137,32.4851,2020.4374,25.808
SYM11073,93.06,2048.8099,1.3886,0.2954,0.8678,35.9345,2439.2457,33.5345
SYM11074,93.92,2678.4077,1.2952,0.3303,0.8248,43.6366,1963.0359,38.2893
SYM11075,85.92,1268.0274,1.2705,0.3497,0.9328,37.3877,2470.3663,41.9014
SYM11076,147.1,1402.7646,1.2999,0.2592,0.9076,24.9485,3043.5164,29.5891
SYM11077,163.29,2454.8644,1.2239,0.2563,0.8357,36.5873,2052.0065,28.4218
SYM11078,117.66,2337.3814,1.4327,0.205,0.7953,22.5775,2435.7977,22.2902
SYM11079,109.01,648.3476,1.1674,0.0989,0.9381,9.092,2109.8482,8.0874
SYM11080,123.6,2335.2813,1.2338,0.2276,0.8721,35.2689,1954.1672,23.8534
SYM11081,99.0,2044.6294,1.2753,0.3655,0.7953,46.7087,1825.3098,44.2578
SYM11082,84.79,2262.2206,1.1774,0.2935,0.9309,39.9411,2091.9163,32.9365
SYM11083,129.72,2074.0358,1.4497,0.1707,0.8581,23.6267,2409.2953,16.5305
SYM11084,110.15,588.6836,0.9108,0.0408,0.8104,4.1677,1949.7866,2.7723
SYM11085,108.89,2997.2869,1.1838,0.1217,0.8982,31.8913,2073.2315,10.2964
SYM11086,111.24,1001.0705,1.115,0.0678,0.8634,7.8911,1871.3785,5.1993
SYM11087,108.0,984.3038,1.2193,0.3131,0.9283,33.0093,2913.4473,36.2754
SYM11088,112.46,1579.3339,0.972,0.1183,0.8513,26.9888,1382.8082,9.9628
SYM11089,123.78,1140.5174,1.4162,0.2364,0.9118,20.976,3067.5304,26.344
SYM11090,172.27,1588.1965,1.1842,0.296,0.9159,41.3077,2537.0837,33.5024
SYM11091,123.82,1130.7621,1.4001,0.2298,0.8892,21.4218,3071.3804,25.4605
SYM11092,86.99,1495.6718,1.2661,0.2901,0.9404,26.19,2754.6887,32.5964
SYM11093,85.95,1765.2159,1.1685,0.1509,0.8698,19.0376,2577.8192,14.3847
