TextCodePK,n_sentences,n_tokens,Is_Explicit,N_Swear_Words_IT,N_Swear_Words_EN
TXT0001,102.0,911.0,,,
TXT0002,56.0,675.0,,,
TXT0003,88.0,758.0,,,
TXT0004,37.0,382.0,,,
TXT0005,48.0,429.0,,,
TXT0006,62.0,387.0,,,
TXT0007,82.0,680.0,,,
TXT0008,82.0,657.0,,,
TXT0009,82.0,584.0,,,
TXT0010,50.0,589.0,,,
TXT0011,54.0,487.0,,,
TXT0012,51.0,497.0,,,
TXT0013,57.0,332.0,,,
TXT0014,47.0,455.0,,,
TXT0015,48.0,441.0,,,
TXT0016,28.0,253.0,,,
TXT0017,48.0,422.0,,,
TXT0018,47.0,357.0,,,
TXT0019,50.0,406.0,,,
TXT0020,74.0,812.0,,,
TXT0021,83.0,870.0,,,
TXT0022,72.0,556.0,,,
TXT0023,16.0,118.0,,,
TXT0024,71.0,337.0,,,
TXT0025,28.0,236.0,,,
TXT0026,41.0,461.0,,,
TXT0027,25.0,236.0,,,
TXT0028,50.0,492.0,,,
TXT0029,18.0,118.0,,,
TXT0030,47.0,497.0,,,
TXT0031,35.0,267.0,,,
TXT0032,54.0,719.0,,,
TXT0033,90.0,392.0,,,
TXT0034,61.0,461.0,,,
TXT0035,37.0,401.0,,,
TXT0036,53.0,559.0,,,
TXT0037,123.0,1139.0,,,
TXT0038,66.0,450.0,,,
TXT0039,84.0,455.0,,,
TXT0040,51.0,536.0,,,
TXT0041,32.0,327.0,,,
TXT0042,51.0,410.0,,,
TXT0043,24.0,214.0,,,
TXT0044,55.0,458.0,,,
TXT0045,93.0,850.0,,,
TXT0046,92.0,561.0,,,
TXT0047,51.0,537.0,,,
TXT0048,17.0,104.0,,,
TXT0049,62.0,630.0,,,
TXT0050,25.0,189.0,,,
TXT0051,27.0,241.0,,,
TXT0052,43.0,521.0,,,
TXT0053,23.0,130.0,,,
TXT0054,40.0,365.0,,,
TXT0055,51.0,187.0,,,
TXT0056,20.0,178.0,,,
TXT0057,34.0,294.0,,,
TXT0058,83.0,677.0,,,
TXT0059,1.0,4.0,,,
TXT0060,59.0,616.0,,,
TXT0061,44.0,438.0,,,
TXT0062,1.0,6.0,,,
TXT0063,87.0,805.0,,,
TXT0064,88.0,878.0,,,
TXT0065,76.0,604.0,,,
TXT0066,2.0,5.0,,,
TXT0067,176.0,1506.0,,,
TXT0068,72.0,671.0,,,
TXT0069,1.0,7.0,,,
TXT0070,30.0,278.0,,,
TXT0071,55.0,492.0,,,
TXT0072,20.0,146.0,,,
TXT0073,55.0,523.0,,,
TXT0074,69.0,690.0,,,
TXT0075,42.0,323.0,,,
TXT0076,72.0,584.0,,,
TXT0077,47.0,397.0,,,
TXT0078,75.0,712.0,,,
TXT0079,46.0,367.0,,,
TXT0080,44.0,469.0,,,
TXT0081,49.0,544.0,,,
TXT0082,27.0,178.0,,,
TXT0083,50.0,333.0,,,
TXT0084,38.0,270.0,,,
TXT0085,50.0,376.0,,,
TXT0086,21.0,208.0,,,
TXT0087,43.0,422.0,,,
TXT0088,78.0,536.0,,,
TXT0089,55.0,462.0,,,
TXT0090,93.0,628.0,,,
TXT0091,53.0,433.0,,,
TXT0092,47.0,417.0,,,
TXT0093,67.0,535.0,,,
TXT0094,47.0,400.0,,,
TXT0095,68.0,517.0,,,
TXT0096,58.0,541.0,,,
TXT0097,70.0,359.0,,,
TXT0098,64.0,505.0,,,
TXT0099,50.0,353.0,,,
TXT0100,40.0,315.0,,,
TXT0101,57.0,405.0,,,
TXT0102,53.0,357.0,,,
TXT0103,51.0,496.0,,,
TXT0104,20.0,174.0,,,
TXT0105,51.0,422.0,,,
TXT0106,56.0,384.0,,,
TXT0107,71.0,504.0,,,
TXT0108,55.0,502.0,,,
TXT0109,74.0,491.0,,,
TXT0110,65.0,428.0,,,
TXT0111,21.0,134.0,,,
TXT0112,78.0,470.0,,,
TXT0113,44.0,356.0,,,
TXT0114,49.0,396.0,,,
TXT0115,19.0,142.0,,,
TXT0116,48.0,410.0,,,
TXT0117,68.0,524.0,,,
TXT0118,99.0,859.0,,,
TXT0119,56.0,359.0,,,
TXT0120,53.0,464.0,,,
TXT0121,68.0,505.0,,,
TXT0122,44.0,403.0,,,
TXT0123,20.0,168.0,,,
TXT0124,38.0,364.0,,,
TXT0125,81.0,601.0,,,
TXT0126,58.0,387.0,,,
TXT0127,43.0,448.0,,,
TXT0128,47.0,426.0,,,
TXT0129,79.0,762.0,,,
TXT0130,57.0,505.0,,,
TXT0131,65.0,565.0,,,
TXT0132,31.0,322.0,,,
TXT0133,42.0,400.0,,,
TXT0134,44.0,394.0,,,
TXT0135,50.0,459.0,,,
TXT0136,76.0,500.0,,,
TXT0137,53.0,412.0,,,
TXT0138,54.0,499.0,,,
TXT0139,72.0,505.0,,,
TXT0140,49.0,420.0,,,
TXT0141,63.0,420.0,,,
TXT0142,69.0,512.0,,,
TXT0143,75.0,538.0,,,
TXT0144,36.0,306.0,,,
TXT0145,51.0,340.0,,,
TXT0146,53.0,334.0,,,
TXT0147,36.0,347.0,,,
TXT0148,33.0,341.0,,,
TXT0149,28.0,252.0,,,
TXT0150,60.0,416.0,,,
TXT0151,43.0,415.0,,,
TXT0152,24.0,211.0,,,
TXT0153,62.0,507.0,,,
TXT0154,35.0,386.0,,,
TXT0155,79.0,472.0,,,
TXT0156,42.0,359.0,,,
TXT0157,29.0,235.0,,,
TXT0158,31.0,231.0,,,
TXT0159,38.0,380.0,,,
TXT0160,51.0,347.0,,,
TXT0161,61.0,439.0,,,
TXT0162,72.0,525.0,,,
TXT0163,37.0,269.0,,,
TXT0164,29.0,259.0,,,
TXT0165,47.0,296.0,,,
TXT0166,35.0,284.0,,,
TXT0167,40.0,382.0,,,
TXT0168,6.0,45.0,,,
TXT0169,29.0,240.0,,,
TXT0170,38.0,364.0,,,
TXT0171,24.0,119.0,,,
TXT0172,33.0,280.0,,,
TXT0173,59.0,350.0,,,
TXT0174,42.0,397.0,,,
TXT0175,22.0,154.0,,,
TXT0176,52.0,407.0,,,
TXT0177,24.0,219.0,,,
TXT0178,44.0,359.0,,,
TXT0179,19.0,161.0,,,
TXT0180,64.0,567.0,,,
TXT0181,20.0,162.0,,,
TXT0182,16.0,145.0,,,
TXT0183,26.0,252.0,,,
TXT0184,79.0,443.0,,,
TXT0185,79.0,612.0,,,
TXT0186,45.0,401.0,,,
TXT0187,43.0,307.0,,,
TXT0188,46.0,222.0,,,
TXT0189,46.0,456.0,,,
TXT0190,69.0,461.0,,,
TXT0191,50.0,304.0,,,
TXT0192,70.0,241.0,,,
TXT0193,71.0,501.0,,,
TXT0194,67.0,546.0,,,
TXT0195,26.0,292.0,,,
TXT0196,28.0,127.0,,,
TXT0197,56.0,472.0,,,
TXT0198,23.0,212.0,,,
TXT0199,43.0,482.0,,,
TXT0200,81.0,726.0,,,
TXT0201,65.0,683.0,,,
TXT0202,59.0,510.0,,,
TXT0203,64.0,535.0,,,
TXT0204,54.0,662.0,,,
TXT0205,60.0,498.0,,,
TXT0206,86.0,824.0,,,
TXT0207,66.0,553.0,,,
TXT0208,79.0,844.0,,,
TXT0209,48.0,414.0,,,
TXT0210,73.0,719.0,,,
TXT0211,47.0,503.0,,,
TXT0212,35.0,255.0,,,
TXT0213,57.0,567.0,,,
TXT0214,51.0,476.0,,,
TXT0215,38.0,323.0,,,
TXT0216,73.0,640.0,,,
TXT0217,29.0,262.0,,,
TXT0218,29.0,351.0,,,
TXT0219,46.0,383.0,,,
TXT0220,104.0,939.0,,,
TXT0221,61.0,454.0,,,
TXT0222,20.0,227.0,,,
TXT0223,60.0,484.0,,,
TXT0224,53.0,465.0,,,
TXT0225,68.0,713.0,,,
TXT0226,40.0,372.0,,,
TXT0227,64.0,479.0,,,
TXT0228,59.0,485.0,,,
TXT0229,82.0,753.0,,,
TXT0230,49.0,426.0,,,
TXT0231,59.0,667.0,,,
TXT0232,34.0,404.0,,,
TXT0233,40.0,354.0,,,
TXT0234,36.0,313.0,,,
TXT0235,75.0,565.0,,,
TXT0236,45.0,511.0,,,
TXT0237,62.0,572.0,,,
TXT0238,44.0,324.0,,,
TXT0239,53.0,468.0,,,
TXT0240,50.0,587.0,,,
TXT0241,38.0,308.0,,,
TXT0242,47.0,329.0,,,
TXT0243,81.0,504.0,,,
TXT0244,51.0,496.0,,,
TXT0245,41.0,327.0,,,
TXT0246,48.0,380.0,,,
TXT0247,45.0,339.0,,,
TXT0248,54.0,562.0,,,
TXT0249,27.0,159.0,,,
TXT0250,36.0,316.0,,,
TXT0251,53.0,499.0,,,
TXT0252,34.0,243.0,,,
TXT0253,35.0,323.0,,,
TXT0254,63.0,449.0,,,
TXT0255,29.0,181.0,,,
TXT0256,57.0,563.0,,,
TXT0257,12.0,126.0,,,
TXT0258,61.0,657.0,,,
TXT0259,35.0,283.0,,,
TXT0260,22.0,163.0,,,
TXT0261,21.0,243.0,,,
TXT0262,20.0,174.0,,,
TXT0263,16.0,130.0,,,
TXT0264,40.0,310.0,,,
TXT0265,2.0,28.0,,,
TXT0266,31.0,266.0,,,
TXT0267,24.0,185.0,,,
TXT0268,43.0,414.0,,,
TXT0269,81.0,611.0,,,
TXT0270,12.0,112.0,,,
TXT0271,50.0,408.0,,,
TXT0272,24.0,209.0,,,
TXT0273,1.0,20.0,,,
TXT0274,33.0,244.0,,,
TXT0275,29.0,193.0,,,
TXT0276,18.0,104.0,,,
TXT0277,25.0,390.0,,,
TXT0278,1.0,27.0,,,
TXT0279,31.0,142.0,,,
TXT0280,1.0,4.0,,,
TXT0281,21.0,94.0,,,
TXT0282,6.0,57.0,,,
TXT0283,80.0,705.0,,,
TXT0284,12.0,106.0,,,
TXT0285,45.0,467.0,,,
TXT0286,1.0,18.0,,,
TXT0287,43.0,446.0,,,
TXT0288,1.0,25.0,,,
TXT0289,1.0,18.0,,,
TXT0290,29.0,286.0,,,
TXT0291,3.0,34.0,,,
TXT0292,15.0,113.0,,,
TXT0293,51.0,576.0,,,
TXT0294,26.0,226.0,,,
TXT0295,30.0,332.0,,,
TXT0296,1.0,19.0,,,
TXT0297,39.0,407.0,,,
TXT0298,15.0,105.0,,,
TXT0299,31.0,217.0,,,
TXT0300,36.0,235.0,,,
TXT0301,9.0,46.0,,,
TXT0302,14.0,141.0,,,
TXT0303,13.0,109.0,,,
TXT0304,12.0,59.0,,,
TXT0305,53.0,704.0,,,
TXT0306,60.0,536.0,,,
TXT0307,47.0,485.0,,,
TXT0308,37.0,271.0,,,
TXT0309,55.0,573.0,,,
TXT0310,59.0,630.0,,,
TXT0311,53.0,650.0,,,
TXT0312,49.0,573.0,,,
TXT0313,60.0,578.0,,,
TXT0314,53.0,500.0,,,
TXT0315,52.0,534.0,,,
TXT0316,45.0,421.0,,,
TXT0317,58.0,561.0,,,
TXT0318,52.0,460.0,,,
TXT0319,50.0,523.0,,,
TXT0320,49.0,617.0,,,
TXT0321,63.0,730.0,,,
TXT0322,47.0,470.0,,,
TXT0323,28.0,286.0,,,
TXT0324,52.0,495.0,,,
TXT0325,44.0,671.0,,,
TXT0326,56.0,467.0,,,
TXT0327,61.0,551.0,,,
TXT0328,52.0,398.0,,,
TXT0329,47.0,527.0,,,
TXT0330,70.0,685.0,,,
TXT0331,51.0,548.0,,,
TXT0332,76.0,539.0,,,
TXT0333,67.0,684.0,,,
TXT0334,64.0,619.0,,,
TXT0335,60.0,647.0,,,
TXT0336,67.0,594.0,,,
TXT0337,59.0,611.0,,,
TXT0338,57.0,520.0,,,
TXT0339,62.0,613.0,,,
TXT0340,68.0,680.0,,,
TXT0341,66.0,745.0,,,
TXT0342,53.0,420.0,,,
TXT0343,44.0,444.0,,,
TXT0344,59.0,519.0,,,
TXT0345,91.0,654.0,,,
TXT0346,58.0,500.0,,,
TXT0347,56.0,593.0,,,
TXT0348,91.0,825.0,,,
TXT0349,36.0,405.0,,,
TXT0350,53.0,488.0,,,
TXT0351,55.0,540.0,,,
TXT0352,59.0,615.0,,,
TXT0353,72.0,784.0,,,
TXT0354,53.0,412.0,,,
TXT0355,56.0,537.0,,,
TXT0356,67.0,654.0,,,
TXT0357,74.0,636.0,,,
TXT0358,80.0,528.0,,,
TXT0359,49.0,546.0,,,
TXT0360,63.0,699.0,,,
TXT0361,60.0,453.0,,,
TXT0362,55.0,453.0,,,
TXT0363,68.0,378.0,,,
TXT0364,53.0,472.0,,,
TXT0365,67.0,926.0,,,
TXT0366,44.0,410.0,,,
TXT0367,63.0,593.0,,,
TXT0368,55.0,499.0,,,
TXT0369,62.0,512.0,,,
TXT0370,54.0,403.0,,,
TXT0371,56.0,578.0,,,
TXT0372,49.0,532.0,,,
TXT0373,52.0,477.0,,,
TXT0374,61.0,612.0,,,
TXT0375,73.0,692.0,,,
TXT0376,74.0,548.0,,,
TXT0377,52.0,502.0,,,
TXT0378,58.0,452.0,,,
TXT0379,70.0,471.0,,,
TXT0380,45.0,408.0,,,
TXT0381,87.0,660.0,,,
TXT0382,55.0,622.0,,,
TXT0383,80.0,520.0,,,
TXT0384,60.0,540.0,,,
TXT0385,42.0,450.0,,,
TXT0386,66.0,541.0,,,
TXT0387,34.0,320.0,,,
TXT0388,59.0,554.0,,,
TXT0389,90.0,491.0,,,
TXT0390,65.0,734.0,,,
TXT0391,52.0,500.0,,,
TXT0392,71.0,533.0,,,
TXT0393,53.0,505.0,,,
TXT0394,44.0,370.0,,,
TXT0395,49.0,361.0,,,
TXT0396,63.0,465.0,,,
TXT0397,69.0,752.0,,,
TXT0398,69.0,685.0,,,
TXT0399,50.0,397.0,,,
TXT0400,46.0,381.0,,,
TXT0401,78.0,654.0,,,
TXT0402,52.0,562.0,,,
TXT0403,76.0,686.0,,,
TXT0404,49.0,539.0,,,
TXT0405,59.0,444.0,,,
TXT0406,59.0,529.0,,,
TXT0407,60.0,511.0,,,
TXT0408,59.0,646.0,,,
TXT0409,69.0,854.0,,,
TXT0410,63.0,655.0,,,
TXT0411,61.0,470.0,,,
TXT0412,94.0,633.0,,,
TXT0413,55.0,308.0,,,
TXT0414,75.0,747.0,,,
TXT0415,61.0,509.0,,,
TXT0416,47.0,435.0,,,
TXT0417,72.0,726.0,,,
TXT0418,55.0,592.0,,,
TXT0419,39.0,352.0,,,
TXT0420,61.0,514.0,,,
TXT0421,32.0,237.0,,,
TXT0422,54.0,617.0,,,
TXT0423,65.0,523.0,,,
TXT0424,32.0,350.0,,,
TXT0425,41.0,408.0,,,
TXT0426,26.0,271.0,,,
TXT0427,49.0,414.0,,,
TXT0428,46.0,404.0,,,
TXT0429,57.0,363.0,,,
TXT0430,51.0,481.0,,,
TXT0431,37.0,392.0,,,
TXT0432,43.0,437.0,,,
TXT0433,61.0,647.0,,,
TXT0434,59.0,453.0,,,
TXT0435,49.0,445.0,,,
TXT0436,15.0,179.0,,,
TXT0437,85.0,975.0,,,
TXT0438,40.0,441.0,,,
TXT0439,58.0,456.0,,,
TXT0440,80.0,487.0,,,
TXT0441,49.0,360.0,,,
TXT0442,32.0,322.0,,,
TXT0443,65.0,663.0,,,
TXT0444,71.0,693.0,,,
TXT0445,52.0,481.0,,,
TXT0446,55.0,492.0,,,
TXT0447,12.0,105.0,,,
TXT0448,68.0,575.0,,,
TXT0449,40.0,227.0,,,
TXT0450,19.0,179.0,,,
TXT0451,40.0,372.0,,,
TXT0452,50.0,386.0,,,
TXT0453,63.0,434.0,,,
TXT0454,51.0,422.0,,,
TXT0455,76.0,617.0,,,
TXT0456,46.0,378.0,,,
TXT0457,78.0,568.0,,,
TXT0458,45.0,471.0,,,
TXT0459,47.0,336.0,,,
TXT0460,63.0,477.0,,,
TXT0461,52.0,474.0,,,
TXT0462,25.0,231.0,,,
TXT0463,70.0,553.0,,,
TXT0464,34.0,297.0,,,
TXT0465,27.0,205.0,,,
TXT0466,46.0,409.0,,,
TXT0467,64.0,473.0,,,
TXT0468,18.0,139.0,,,
TXT0469,31.0,282.0,,,
TXT0470,27.0,284.0,,,
TXT0471,49.0,355.0,,,
TXT0472,77.0,742.0,,,
TXT0473,42.0,368.0,,,
TXT0474,58.0,462.0,,,
TXT0475,59.0,581.0,,,
TXT0476,28.0,230.0,,,
TXT0477,110.0,790.0,,,
TXT0478,12.0,165.0,,,
TXT0479,45.0,428.0,,,
TXT0480,45.0,403.0,,,
TXT0481,54.0,434.0,,,
TXT0482,57.0,540.0,,,
TXT0483,17.0,137.0,,,
TXT0484,60.0,477.0,,,
TXT0485,66.0,496.0,,,
TXT0486,31.0,265.0,,,
TXT0487,63.0,609.0,,,
TXT0488,46.0,420.0,,,
TXT0489,28.0,260.0,,,
TXT0490,16.0,184.0,,,
TXT0491,45.0,389.0,,,
TXT0492,77.0,556.0,,,
TXT0493,35.0,356.0,,,
TXT0494,55.0,427.0,,,
TXT0495,61.0,502.0,,,
TXT0496,37.0,406.0,,,
TXT0497,57.0,616.0,,,
TXT0498,1.0,16.0,,,
TXT0499,60.0,463.0,,,
TXT0500,55.0,499.0,,,
TXT0501,60.0,540.0,,,
TXT0502,44.0,425.0,,,
TXT0503,52.0,562.0,,,
TXT0504,61.0,612.0,,,
TXT0505,67.0,926.0,,,
TXT0506,60.0,647.0,,,
TXT0507,59.0,529.0,,,
TXT0508,44.0,410.0,,,
TXT0509,53.0,420.0,,,
TXT0510,74.0,638.0,,,
TXT0511,49.0,468.0,,,
TXT0512,55.0,499.0,,,
TXT0513,1.0,7.0,,,
TXT0514,116.0,896.0,,,
TXT0515,94.0,1056.0,,,
TXT0516,84.0,695.0,,,
TXT0517,64.0,500.0,,,
TXT0518,73.0,802.0,,,
TXT0519,62.0,602.0,,,
TXT0520,67.0,720.0,,,
TXT0521,70.0,693.0,,,
TXT0522,50.0,467.0,,,
TXT0523,119.0,1068.0,,,
TXT0524,99.0,882.0,,,
TXT0525,82.0,881.0,,,
TXT0526,46.0,578.0,,,
TXT0527,71.0,723.0,,,
TXT0528,66.0,630.0,,,
TXT0529,81.0,862.0,,,
TXT0530,69.0,563.0,,,
TXT0531,68.0,598.0,,,
TXT0532,55.0,510.0,,,
TXT0533,50.0,596.0,,,
TXT0534,62.0,456.0,,,
TXT0535,88.0,618.0,,,
TXT0536,66.0,770.0,,,
TXT0537,66.0,657.0,,,
TXT0538,71.0,641.0,,,
TXT0539,72.0,584.0,,,
TXT0540,55.0,465.0,,,
TXT0541,66.0,669.0,,,
TXT0542,57.0,475.0,,,
TXT0543,65.0,710.0,,,
TXT0544,59.0,530.0,,,
TXT0545,54.0,479.0,,,
TXT0546,71.0,685.0,,,
TXT0547,47.0,469.0,,,
TXT0548,60.0,459.0,,,
TXT0549,69.0,712.0,,,
TXT0550,57.0,545.0,,,
TXT0551,51.0,559.0,,,
TXT0552,76.0,579.0,,,
TXT0553,79.0,803.0,,,
TXT0554,92.0,853.0,,,
TXT0555,40.0,385.0,,,
TXT0556,51.0,371.0,,,
TXT0557,60.0,553.0,,,
TXT0558,74.0,581.0,,,
TXT0559,58.0,619.0,,,
TXT0560,75.0,690.0,,,
TXT0561,113.0,880.0,,,
TXT0562,65.0,552.0,,,
TXT0563,47.0,492.0,,,
TXT0564,73.0,592.0,,,
TXT0565,49.0,438.0,,,
TXT0566,62.0,626.0,,,
TXT0567,60.0,581.0,,,
TXT0568,77.0,749.0,,,
TXT0569,46.0,521.0,,,
TXT0570,61.0,465.0,,,
TXT0571,66.0,517.0,,,
TXT0572,84.0,613.0,,,
TXT0573,59.0,523.0,,,
TXT0574,65.0,578.0,,,
TXT0575,78.0,489.0,,,
TXT0576,48.0,426.0,,,
TXT0577,66.0,672.0,,,
TXT0578,63.0,535.0,,,
TXT0579,106.0,697.0,,,
TXT0580,82.0,459.0,,,
TXT0581,48.0,480.0,,,
TXT0582,52.0,559.0,,,
TXT0583,39.0,365.0,,,
TXT0584,64.0,605.0,,,
TXT0585,64.0,498.0,,,
TXT0586,48.0,512.0,,,
TXT0587,60.0,529.0,,,
TXT0588,56.0,578.0,,,
TXT0589,79.0,684.0,,,
TXT0590,88.0,723.0,,,
TXT0591,56.0,535.0,,,
TXT0592,42.0,397.0,,,
TXT0593,69.0,814.0,,,
TXT0594,38.0,365.0,,,
TXT0595,75.0,574.0,,,
TXT0596,73.0,575.0,,,
TXT0597,58.0,460.0,,,
TXT0598,55.0,481.0,,,
TXT0599,84.0,622.0,,,
TXT0600,81.0,823.0,,,
TXT0601,50.0,477.0,,,
TXT0602,84.0,781.0,,,
TXT0603,58.0,533.0,,,
TXT0604,51.0,434.0,,,
TXT0605,55.0,583.0,,,
TXT0606,107.0,770.0,,,
TXT0607,73.0,576.0,,,
TXT0608,50.0,517.0,,,
TXT0609,36.0,292.0,,,
TXT0610,75.0,786.0,,,
TXT0611,117.0,744.0,,,
TXT0612,78.0,554.0,,,
TXT0613,64.0,594.0,,,
TXT0614,57.0,542.0,,,
TXT0615,27.0,217.0,,,
TXT0616,62.0,563.0,,,
TXT0617,67.0,652.0,,,
TXT0618,76.0,501.0,,,
TXT0619,35.0,341.0,,,
TXT0620,49.0,483.0,,,
TXT0621,63.0,652.0,,,
TXT0622,60.0,555.0,,,
TXT0623,61.0,557.0,,,
TXT0624,71.0,632.0,,,
TXT0625,84.0,735.0,,,
TXT0626,122.0,890.0,,,
TXT0627,60.0,594.0,,,
TXT0628,99.0,422.0,,,
TXT0629,45.0,418.0,,,
TXT0630,79.0,588.0,,,
TXT0631,74.0,830.0,,,
TXT0632,58.0,525.0,,,
TXT0633,68.0,687.0,,,
TXT0634,60.0,533.0,,,
TXT0635,64.0,568.0,,,
TXT0636,61.0,683.0,,,
TXT0637,50.0,470.0,,,
TXT0638,70.0,405.0,,,
TXT0639,60.0,524.0,,,
TXT0640,58.0,557.0,,,
TXT0641,60.0,507.0,,,
TXT0642,1.0,8.0,,,
TXT0643,97.0,879.0,,,
TXT0644,40.0,380.0,,,
TXT0645,40.0,368.0,,,
TXT0646,1.0,4.0,,,
TXT0647,42.0,355.0,,,
TXT0648,47.0,485.0,,,
TXT0649,55.0,549.0,,,
TXT0650,41.0,367.0,,,
TXT0651,43.0,367.0,,,
TXT0652,66.0,516.0,,,
TXT0653,29.0,256.0,,,
TXT0654,34.0,319.0,,,
TXT0655,63.0,614.0,,,
TXT0656,51.0,475.0,,,
TXT0657,65.0,690.0,,,
TXT0658,44.0,389.0,,,
TXT0659,68.0,542.0,,,
TXT0660,42.0,369.0,,,
TXT0661,57.0,323.0,,,
TXT0662,39.0,389.0,,,
TXT0663,36.0,342.0,,,
TXT0664,35.0,313.0,,,
TXT0665,25.0,243.0,,,
TXT0666,43.0,434.0,,,
TXT0667,18.0,170.0,,,
TXT0668,38.0,331.0,,,
TXT0669,79.0,402.0,,,
TXT0670,49.0,454.0,,,
TXT0671,55.0,239.0,,,
TXT0672,24.0,185.0,,,
TXT0673,41.0,231.0,,,
TXT0674,79.0,384.0,,,
TXT0675,39.0,363.0,,,
TXT0676,33.0,310.0,,,
TXT0677,19.0,182.0,,,
TXT0678,38.0,363.0,,,
TXT0679,43.0,348.0,,,
TXT0680,20.0,198.0,,,
TXT0681,28.0,262.0,,,
TXT0682,33.0,231.0,,,
TXT0683,31.0,260.0,,,
TXT0684,223.0,1768.0,,,
TXT0685,16.0,250.0,,,
TXT0686,69.0,533.0,,,
TXT0687,34.0,465.0,,,
TXT0688,79.0,532.0,,,
TXT0689,70.0,611.0,,,
TXT0690,97.0,536.0,,,
TXT0691,18.0,535.0,,,
TXT0692,58.0,317.0,,,
TXT0693,55.0,292.0,,,
TXT0694,55.0,365.0,,,
TXT0695,22.0,242.0,,,
TXT0696,65.0,380.0,,,
TXT0697,126.0,613.0,,,
TXT0698,84.0,481.0,,,
TXT0699,49.0,408.0,,,
TXT0700,55.0,460.0,,,
TXT0701,83.0,705.0,,,
TXT0702,65.0,528.0,,,
TXT0703,29.0,227.0,,,
TXT0704,55.0,455.0,,,
TXT0705,79.0,536.0,,,
TXT0706,69.0,448.0,,,
TXT0707,45.0,339.0,,,
TXT0708,36.0,271.0,,,
TXT0709,47.0,325.0,,,
TXT0710,31.0,261.0,,,
TXT0711,75.0,789.0,,,
TXT0712,11.0,323.0,,,
TXT0713,26.0,382.0,,,
TXT0714,51.0,306.0,,,
TXT0715,40.0,371.0,,,
TXT0716,49.0,335.0,,,
TXT0717,47.0,448.0,,,
TXT0718,33.0,221.0,,,
TXT0719,8.0,195.0,,,
TXT0720,33.0,220.0,,,
TXT0721,53.0,324.0,,,
TXT0722,37.0,264.0,,,
TXT0723,76.0,491.0,,,
TXT0724,79.0,555.0,,,
TXT0725,13.0,264.0,,,
TXT0726,19.0,151.0,,,
TXT0727,19.0,252.0,,,
TXT0728,1.0,8.0,,,
TXT0729,39.0,342.0,,,
TXT0730,47.0,442.0,,,
TXT0731,58.0,442.0,,,
TXT0732,42.0,432.0,,,
TXT0733,13.0,272.0,,,
TXT0734,73.0,572.0,,,
TXT0735,73.0,520.0,,,
TXT0736,83.0,722.0,,,
TXT0737,47.0,293.0,,,
TXT0738,63.0,401.0,,,
TXT0739,52.0,406.0,,,
TXT0740,15.0,222.0,,,
TXT0741,65.0,314.0,,,
TXT0742,105.0,530.0,,,
TXT0743,23.0,265.0,,,
TXT0744,69.0,578.0,,,
TXT0745,51.0,348.0,,,
TXT0746,57.0,337.0,,,
TXT0747,42.0,303.0,,,
TXT0748,27.0,303.0,,,
TXT0749,68.0,506.0,,,
TXT0750,80.0,570.0,,,
TXT0751,50.0,367.0,,,
TXT0752,57.0,299.0,,,
TXT0753,52.0,388.0,,,
TXT0754,48.0,410.0,,,
TXT0755,28.0,235.0,,,
TXT0756,45.0,328.0,,,
TXT0757,45.0,354.0,,,
TXT0758,65.0,483.0,,,
TXT0759,3.0,5.0,,,
TXT0760,49.0,378.0,,,
TXT0761,43.0,352.0,,,
TXT0762,52.0,368.0,,,
TXT0763,70.0,552.0,,,
TXT0764,41.0,375.0,,,
TXT0765,99.0,992.0,,,
TXT0766,65.0,664.0,,,
TXT0767,40.0,447.0,,,
TXT0768,52.0,663.0,,,
TXT0769,49.0,502.0,,,
TXT0770,55.0,561.0,,,
TXT0771,53.0,609.0,,,
TXT0772,54.0,503.0,,,
TXT0773,59.0,763.0,,,
TXT0774,57.0,481.0,,,
TXT0775,67.0,671.0,,,
TXT0776,55.0,543.0,,,
TXT0777,56.0,528.0,,,
TXT0778,38.0,507.0,,,
TXT0779,75.0,626.0,,,
TXT0780,45.0,476.0,,,
TXT0781,51.0,482.0,,,
TXT0782,35.0,481.0,,,
TXT0783,37.0,322.0,,,
TXT0784,63.0,705.0,,,
TXT0785,58.0,595.0,,,
TXT0786,55.0,693.0,,,
TXT0787,62.0,435.0,,,
TXT0788,45.0,321.0,,,
TXT0789,36.0,301.0,,,
TXT0790,67.0,545.0,,,
TXT0791,53.0,477.0,,,
TXT0792,40.0,416.0,,,
TXT0793,56.0,714.0,,,
TXT0794,8.0,101.0,,,
TXT0795,54.0,522.0,,,
TXT0796,51.0,540.0,,,
TXT0797,59.0,567.0,,,
TXT0798,70.0,699.0,,,
TXT0799,50.0,543.0,,,
TXT0800,72.0,756.0,,,
TXT0801,61.0,648.0,,,
TXT0802,46.0,526.0,,,
TXT0803,69.0,549.0,,,
TXT0804,72.0,696.0,,,
TXT0805,78.0,620.0,,,
TXT0806,54.0,676.0,,,
TXT0807,64.0,581.0,,,
TXT0808,78.0,586.0,,,
TXT0809,79.0,683.0,,,
TXT0810,52.0,589.0,,,
TXT0811,66.0,479.0,,,
TXT0812,68.0,712.0,,,
TXT0813,85.0,599.0,,,
TXT0814,61.0,521.0,,,
TXT0815,64.0,540.0,,,
TXT0816,77.0,572.0,,,
TXT0817,56.0,496.0,,,
TXT0818,93.0,755.0,,,
TXT0819,68.0,619.0,,,
TXT0820,48.0,429.0,,,
TXT0821,56.0,397.0,,,
TXT0822,76.0,660.0,,,
TXT0823,80.0,847.0,,,
TXT0824,72.0,690.0,,,
TXT0825,90.0,833.0,,,
TXT0826,44.0,429.0,,,
TXT0827,60.0,652.0,,,
TXT0828,60.0,605.0,,,
TXT0829,66.0,539.0,,,
TXT0830,87.0,746.0,,,
TXT0831,69.0,668.0,,,
TXT0832,51.0,490.0,,,
TXT0833,50.0,489.0,,,
TXT0834,59.0,509.0,,,
TXT0835,53.0,442.0,,,
TXT0836,74.0,559.0,,,
TXT0837,65.0,500.0,,,
TXT0838,66.0,608.0,,,
TXT0839,59.0,568.0,,,
TXT0840,56.0,500.0,,,
TXT0841,58.0,564.0,,,
TXT0842,90.0,770.0,,,
TXT0843,55.0,443.0,,,
TXT0844,41.0,463.0,,,
TXT0845,80.0,515.0,,,
TXT0846,55.0,474.0,,,
TXT0847,56.0,423.0,,,
TXT0848,60.0,576.0,,,
TXT0849,52.0,645.0,,,
TXT0850,43.0,499.0,,,
TXT0851,43.0,399.0,,,
TXT0852,59.0,536.0,,,
TXT0853,60.0,621.0,,,
TXT0854,67.0,570.0,,,
TXT0855,84.0,879.0,,,
TXT0856,52.0,426.0,,,
TXT0857,40.0,397.0,,,
TXT0858,61.0,647.0,,,
TXT0859,59.0,431.0,,,
TXT0860,75.0,529.0,,,
TXT0861,67.0,541.0,,,
TXT0862,68.0,628.0,,,
TXT0863,75.0,786.0,,,
TXT0864,81.0,793.0,,,
TXT0865,67.0,495.0,,,
TXT0866,75.0,669.0,,,
TXT0867,63.0,512.0,,,
TXT0868,76.0,697.0,,,
TXT0869,60.0,575.0,,,
TXT0870,76.0,815.0,,,
TXT0871,72.0,557.0,,,
TXT0872,68.0,631.0,,,
TXT0873,56.0,451.0,,,
TXT0874,35.0,285.0,,,
TXT0875,73.0,682.0,,,
TXT0876,72.0,591.0,,,
TXT0877,73.0,590.0,,,
TXT0878,59.0,680.0,,,
TXT0879,50.0,526.0,,,
TXT0880,60.0,547.0,,,
TXT0881,81.0,707.0,,,
TXT0882,55.0,556.0,,,
TXT0883,52.0,515.0,,,
TXT0884,47.0,503.0,,,
TXT0885,51.0,447.0,,,
TXT0886,62.0,521.0,,,
TXT0887,52.0,457.0,,,
TXT0888,75.0,595.0,,,
TXT0889,50.0,474.0,,,
TXT0890,58.0,440.0,,,
TXT0891,58.0,604.0,,,
TXT0892,54.0,384.0,,,
TXT0893,61.0,442.0,,,
TXT0894,45.0,422.0,,,
TXT0895,55.0,484.0,,,
TXT0896,69.0,562.0,,,
TXT0897,76.0,515.0,,,
TXT0898,63.0,522.0,,,
TXT0899,40.0,329.0,,,
TXT0900,78.0,594.0,,,
TXT0901,63.0,534.0,,,
TXT0902,46.0,422.0,,,
TXT0903,80.0,514.0,,,
TXT0904,49.0,454.0,,,
TXT0905,71.0,620.0,,,
TXT0906,77.0,748.0,,,
TXT0907,61.0,605.0,,,
TXT0908,59.0,593.0,,,
TXT0909,59.0,599.0,,,
TXT0910,59.0,471.0,,,
TXT0911,46.0,412.0,,,
TXT0912,58.0,492.0,,,
TXT0913,60.0,457.0,,,
TXT0914,35.0,309.0,,,
TXT0915,46.0,412.0,,,
TXT0916,64.0,764.0,,,
TXT0917,75.0,639.0,,,
TXT0918,84.0,638.0,,,
TXT0919,63.0,593.0,,,
TXT0920,12.0,249.0,,,
TXT0921,69.0,851.0,,,
TXT0922,53.0,612.0,,,
TXT0923,79.0,538.0,,,
TXT0924,60.0,476.0,,,
TXT0925,62.0,538.0,,,
TXT0926,66.0,670.0,,,
TXT0927,59.0,537.0,,,
TXT0928,75.0,620.0,,,
TXT0929,50.0,471.0,,,
TXT0930,79.0,652.0,,,
TXT0931,111.0,937.0,,,
TXT0932,63.0,509.0,,,
TXT0933,48.0,440.0,,,
TXT0934,85.0,793.0,,,
TXT0935,53.0,583.0,,,
TXT0936,50.0,408.0,,,
TXT0937,72.0,591.0,,,
TXT0938,50.0,420.0,,,
TXT0939,69.0,336.0,,,
TXT0940,51.0,471.0,,,
TXT0941,58.0,553.0,,,
TXT0942,54.0,543.0,,,
TXT0943,32.0,314.0,,,
TXT0944,88.0,807.0,,,
TXT0945,72.0,541.0,,,
TXT0946,55.0,573.0,,,
TXT0947,66.0,497.0,,,
TXT0948,75.0,662.0,,,
TXT0949,113.0,980.0,,,
TXT0950,62.0,425.0,,,
TXT0951,65.0,483.0,,,
TXT0952,61.0,502.0,,,
TXT0953,73.0,661.0,,,
TXT0954,71.0,412.0,,,
TXT0955,85.0,627.0,,,
TXT0956,48.0,429.0,,,
TXT0957,77.0,663.0,,,
TXT0958,82.0,746.0,,,
TXT0959,65.0,602.0,,,
TXT0960,49.0,411.0,,,
TXT0961,62.0,455.0,,,
TXT0962,53.0,415.0,,,
TXT0963,68.0,549.0,,,
TXT0964,76.0,664.0,,,
TXT0965,4.0,27.0,,,
TXT0966,68.0,587.0,,,
TXT0967,83.0,567.0,,,
TXT0968,15.0,82.0,,,
TXT0969,70.0,689.0,,,
TXT0970,75.0,691.0,,,
TXT0971,95.0,707.0,,,
TXT0972,47.0,428.0,,,
TXT0973,56.0,504.0,,,
TXT0974,65.0,490.0,,,
TXT0975,69.0,622.0,,,
TXT0976,52.0,487.0,,,
TXT0977,86.0,890.0,,,
TXT0978,97.0,625.0,,,
TXT0979,49.0,382.0,,,
TXT0980,65.0,556.0,,,
TXT0981,62.0,566.0,,,
TXT0982,55.0,758.0,,,
TXT0983,79.0,671.0,,,
TXT0984,65.0,530.0,,,
TXT0985,66.0,768.0,,,
TXT0986,90.0,790.0,,,
TXT0987,65.0,847.0,,,
TXT0988,113.0,945.0,,,
TXT0989,70.0,622.0,,,
TXT0990,70.0,567.0,,,
TXT0991,68.0,678.0,,,
TXT0992,69.0,530.0,,,
TXT0993,60.0,654.0,,,
TXT0994,62.0,626.0,,,
TXT0995,82.0,768.0,,,
TXT0996,26.0,196.0,,,
TXT0997,71.0,424.0,,,
TXT0998,76.0,608.0,,,
TXT0999,84.0,605.0,,,
TXT1000,77.0,664.0,,,
TXT1001,78.0,785.0,,,
TXT1002,65.0,579.0,,,
TXT1003,68.0,567.0,,,
TXT1004,67.0,649.0,,,
TXT1005,47.0,316.0,,,
TXT1006,88.0,679.0,,,
TXT1007,36.0,343.0,,,
TXT1008,89.0,788.0,,,
TXT1009,53.0,425.0,,,
TXT1010,48.0,459.0,,,
TXT1011,44.0,437.0,,,
TXT1012,50.0,496.0,,,
TXT1013,133.0,959.0,,,
TXT1014,63.0,528.0,,,
TXT1015,67.0,740.0,,,
TXT1016,33.0,301.0,,,
TXT1017,43.0,349.0,,,
TXT1018,25.0,215.0,,,
TXT1019,56.0,492.0,,,
TXT1020,73.0,605.0,,,
TXT1021,80.0,695.0,,,
TXT1022,54.0,369.0,,,
TXT1023,57.0,571.0,,,
TXT1024,53.0,370.0,,,
TXT1025,99.0,830.0,,,
TXT1026,62.0,609.0,,,
TXT1027,74.0,718.0,,,
TXT1028,48.0,468.0,,,
TXT1029,33.0,237.0,,,
TXT1030,59.0,595.0,,,
TXT1031,48.0,422.0,,,
TXT1032,69.0,696.0,,,
TXT1033,25.0,213.0,,,
TXT1034,50.0,543.0,,,
TXT1035,77.0,634.0,,,
TXT1036,69.0,454.0,,,
TXT1037,62.0,476.0,,,
TXT1038,51.0,502.0,,,
TXT1039,68.0,529.0,,,
TXT1040,64.0,582.0,,,
TXT1041,44.0,320.0,,,
TXT1042,48.0,496.0,,,
TXT1043,42.0,375.0,,,
TXT1044,44.0,348.0,,,
TXT1045,85.0,780.0,,,
TXT1046,57.0,443.0,,,
TXT1047,61.0,479.0,,,
TXT1048,45.0,380.0,,,
TXT1049,78.0,594.0,,,
TXT1050,61.0,474.0,,,
TXT1051,64.0,553.0,,,
TXT1052,59.0,588.0,,,
TXT1053,32.0,216.0,,,
TXT1054,57.0,525.0,,,
TXT1055,24.0,180.0,,,
TXT1056,73.0,661.0,,,
TXT1057,75.0,560.0,,,
TXT1058,16.0,162.0,,,
TXT1059,52.0,386.0,,,
TXT1060,42.0,294.0,,,
TXT1061,72.0,590.0,,,
TXT1062,68.0,568.0,,,
TXT1063,42.0,397.0,,,
TXT1064,75.0,611.0,,,
TXT1065,36.0,334.0,,,
TXT1066,60.0,580.0,,,
TXT1067,76.0,508.0,,,
TXT1068,65.0,593.0,,,
TXT1069,65.0,660.0,,,
TXT1070,2.0,74.0,,,
TXT1071,84.0,752.0,,,
TXT1072,16.0,134.0,,,
TXT1073,55.0,482.0,,,
TXT1074,37.0,259.0,,,
TXT1075,18.0,165.0,,,
TXT1076,53.0,455.0,,,
TXT1077,22.0,189.0,,,
TXT1078,9.0,49.0,,,
TXT1079,69.0,542.0,,,
TXT1080,72.0,631.0,,,
TXT1081,37.0,304.0,,,
TXT1082,63.0,448.0,,,
TXT1083,47.0,368.0,,,
TXT1084,17.0,139.0,,,
TXT1085,18.0,131.0,,,
TXT1086,16.0,151.0,,,
TXT1087,14.0,130.0,,,
TXT1088,14.0,153.0,,,
TXT1089,19.0,158.0,,,
TXT1090,34.0,346.0,,,
TXT1091,16.0,142.0,,,
TXT1092,21.0,224.0,,,
TXT1093,15.0,160.0,,,
TXT1094,20.0,176.0,,,
TXT1095,73.0,438.0,,,
TXT1096,30.0,261.0,,,
TXT1097,18.0,145.0,,,
TXT1098,60.0,411.0,,,
TXT1099,18.0,132.0,,,
TXT1100,22.0,204.0,,,
TXT1101,30.0,302.0,,,
TXT1102,31.0,241.0,,,
TXT1103,17.0,151.0,,,
TXT1104,26.0,246.0,,,
TXT1105,65.0,556.0,,,
TXT1106,58.0,453.0,,,
TXT1107,40.0,313.0,,,
TXT1108,24.0,219.0,,,
TXT1109,17.0,147.0,,,
TXT1110,22.0,164.0,,,
TXT1111,18.0,202.0,,,
TXT1112,20.0,146.0,,,
TXT1113,20.0,144.0,,,
TXT1114,30.0,252.0,,,
TXT1115,26.0,248.0,,,
TXT1116,54.0,493.0,,,
TXT1117,20.0,163.0,,,
TXT1118,15.0,147.0,,,
TXT1119,22.0,181.0,,,
TXT1120,16.0,129.0,,,
TXT1121,16.0,134.0,,,
TXT1122,16.0,144.0,,,
TXT1123,24.0,156.0,,,
TXT1124,23.0,154.0,,,
TXT1125,19.0,151.0,,,
TXT1126,57.0,441.0,,,
TXT1127,15.0,142.0,,,
TXT1128,36.0,211.0,,,
TXT1129,46.0,465.0,,,
TXT1130,72.0,471.0,,,
TXT1131,43.0,389.0,,,
TXT1132,48.0,567.0,,,
TXT1133,60.0,644.0,,,
TXT1134,83.0,553.0,,,
TXT1135,52.0,522.0,,,
TXT1136,88.0,689.0,,,
TXT1137,47.0,357.0,,,
TXT1138,38.0,459.0,,,
TXT1139,51.0,495.0,,,
TXT1140,117.0,620.0,,,
TXT1141,52.0,420.0,,,
TXT1142,72.0,707.0,,,
TXT1143,29.0,254.0,,,
TXT1144,42.0,437.0,,,
TXT1145,62.0,459.0,,,
TXT1146,44.0,359.0,,,
TXT1147,93.0,712.0,,,
TXT1148,38.0,309.0,,,
TXT1149,73.0,538.0,,,
TXT1150,31.0,279.0,,,
TXT1151,87.0,547.0,,,
TXT1152,72.0,388.0,,,
TXT1153,48.0,567.0,,,
TXT1154,32.0,186.0,,,
TXT1155,64.0,435.0,,,
TXT1156,17.0,122.0,,,
TXT1157,60.0,429.0,,,
TXT1158,66.0,475.0,,,
TXT1159,48.0,312.0,,,
TXT1160,76.0,532.0,,,
TXT1161,48.0,340.0,,,
TXT1162,41.0,271.0,,,
TXT1163,78.0,382.0,,,
TXT1164,59.0,345.0,,,
TXT1165,75.0,377.0,,,
TXT1166,47.0,315.0,,,
TXT1167,52.0,454.0,,,
TXT1168,42.0,249.0,,,
TXT1169,61.0,410.0,,,
TXT1170,33.0,247.0,,,
TXT1171,29.0,216.0,,,
TXT1172,52.0,411.0,,,
TXT1173,44.0,191.0,,,
TXT1174,54.0,375.0,,,
TXT1175,69.0,367.0,,,
TXT1176,52.0,384.0,,,
TXT1177,48.0,402.0,,,
TXT1178,61.0,478.0,,,
TXT1179,66.0,491.0,,,
TXT1180,42.0,375.0,,,
TXT1181,59.0,381.0,,,
TXT1182,54.0,370.0,,,
TXT1183,46.0,401.0,,,
TXT1184,55.0,403.0,,,
TXT1185,44.0,334.0,,,
TXT1186,76.0,652.0,,,
TXT1187,40.0,242.0,,,
TXT1188,33.0,272.0,,,
TXT1189,28.0,180.0,,,
TXT1190,40.0,279.0,,,
TXT1191,35.0,302.0,,,
TXT1192,29.0,237.0,,,
TXT1193,84.0,793.0,,,
TXT1194,33.0,214.0,,,
TXT1195,56.0,468.0,,,
TXT1196,37.0,265.0,,,
TXT1197,51.0,422.0,,,
TXT1198,83.0,558.0,,,
TXT1199,40.0,391.0,,,
TXT1200,58.0,537.0,,,
TXT1201,84.0,717.0,,,
TXT1202,75.0,618.0,,,
TXT1203,37.0,382.0,,,
TXT1204,69.0,603.0,,,
TXT1205,62.0,529.0,,,
TXT1206,75.0,580.0,,,
TXT1207,68.0,523.0,,,
TXT1208,46.0,455.0,,,
TXT1209,53.0,569.0,,,
TXT1210,73.0,555.0,,,
TXT1211,65.0,562.0,,,
TXT1212,86.0,666.0,,,
TXT1213,60.0,570.0,,,
TXT1214,41.0,370.0,,,
TXT1215,62.0,515.0,,,
TXT1216,70.0,930.0,,,
TXT1217,90.0,846.0,,,
TXT1218,85.0,711.0,,,
TXT1219,74.0,589.0,,,
TXT1220,48.0,418.0,,,
TXT1221,104.0,745.0,,,
TXT1222,77.0,783.0,,,
TXT1223,53.0,431.0,,,
TXT1224,63.0,725.0,,,
TXT1225,97.0,600.0,,,
TXT1226,65.0,582.0,,,
TXT1227,63.0,506.0,,,
TXT1228,74.0,609.0,,,
TXT1229,58.0,587.0,,,
TXT1230,59.0,652.0,,,
TXT1231,25.0,178.0,,,
TXT1232,25.0,305.0,,,
TXT1233,56.0,617.0,,,
TXT1234,33.0,182.0,,,
TXT1235,46.0,368.0,,,
TXT1236,55.0,525.0,,,
TXT1237,46.0,422.0,,,
TXT1238,62.0,632.0,,,
TXT1239,69.0,754.0,,,
TXT1240,66.0,568.0,,,
TXT1241,58.0,662.0,,,
TXT1242,58.0,535.0,,,
TXT1243,48.0,522.0,,,
TXT1244,60.0,613.0,,,
TXT1245,60.0,551.0,,,
TXT1246,65.0,788.0,,,
TXT1247,44.0,489.0,,,
TXT1248,75.0,641.0,,,
TXT1249,44.0,396.0,,,
TXT1250,49.0,543.0,,,
TXT1251,89.0,708.0,,,
TXT1252,77.0,504.0,,,
TXT1253,56.0,559.0,,,
TXT1254,70.0,456.0,,,
TXT1255,44.0,499.0,,,
TXT1256,42.0,422.0,,,
TXT1257,76.0,778.0,,,
TXT1258,84.0,653.0,,,
TXT1259,83.0,735.0,,,
TXT1260,51.0,483.0,,,
TXT1261,47.0,439.0,,,
TXT1262,52.0,547.0,,,
TXT1263,43.0,450.0,,,
TXT1264,59.0,602.0,,,
TXT1265,25.0,240.0,,,
TXT1266,64.0,549.0,,,
TXT1267,50.0,350.0,,,
TXT1268,60.0,576.0,,,
TXT1269,29.0,267.0,,,
TXT1270,69.0,536.0,,,
TXT1271,54.0,492.0,,,
TXT1272,75.0,778.0,,,
TXT1273,62.0,572.0,,,
TXT1274,68.0,592.0,,,
TXT1275,62.0,588.0,,,
TXT1276,53.0,483.0,,,
TXT1277,59.0,462.0,,,
TXT1278,70.0,621.0,,,
TXT1279,91.0,585.0,,,
TXT1280,94.0,676.0,,,
TXT1281,52.0,531.0,,,
TXT1282,47.0,512.0,,,
TXT1283,46.0,578.0,,,
TXT1284,59.0,553.0,,,
TXT1285,62.0,746.0,,,
TXT1286,68.0,665.0,,,
TXT1287,76.0,1002.0,,,
TXT1288,35.0,391.0,,,
TXT1289,70.0,830.0,,,
TXT1290,48.0,659.0,,,
TXT1291,31.0,334.0,,,
TXT1292,59.0,515.0,,,
TXT1293,55.0,456.0,,,
TXT1294,62.0,577.0,,,
TXT1295,54.0,477.0,,,
TXT1296,107.0,711.0,,,
TXT1297,70.0,618.0,,,
TXT1298,74.0,481.0,,,
TXT1299,32.0,226.0,,,
TXT1300,65.0,708.0,,,
TXT1301,26.0,221.0,,,
TXT1302,22.0,157.0,,,
TXT1303,65.0,579.0,,,
TXT1304,80.0,778.0,,,
TXT1305,3.0,16.0,,,
TXT1306,14.0,193.0,,,
TXT1307,6.0,34.0,,,
TXT1308,88.0,841.0,,,
TXT1309,4.0,26.0,,,
TXT1310,27.0,184.0,,,
TXT1311,69.0,419.0,,,
TXT1312,83.0,610.0,,,
TXT1313,64.0,677.0,,,
TXT1314,67.0,733.0,,,
TXT1315,56.0,571.0,,,
TXT1316,46.0,426.0,,,
TXT1317,83.0,698.0,,,
TXT1318,65.0,493.0,,,
TXT1319,72.0,613.0,,,
TXT1320,44.0,507.0,,,
TXT1321,67.0,648.0,,,
TXT1322,64.0,560.0,,,
TXT1323,49.0,549.0,,,
TXT1324,78.0,679.0,,,
TXT1325,65.0,588.0,,,
TXT1326,31.0,327.0,,,
TXT1327,54.0,449.0,,,
TXT1328,45.0,363.0,,,
TXT1329,72.0,641.0,,,
TXT1330,62.0,688.0,,,
TXT1331,59.0,432.0,,,
TXT1332,48.0,419.0,,,
TXT1333,65.0,590.0,,,
TXT1334,83.0,670.0,,,
TXT1335,40.0,387.0,,,
TXT1336,68.0,520.0,,,
TXT1337,63.0,665.0,,,
TXT1338,57.0,454.0,,,
TXT1339,36.0,360.0,,,
TXT1340,66.0,516.0,,,
TXT1341,44.0,434.0,,,
TXT1342,89.0,775.0,,,
TXT1343,52.0,422.0,,,
TXT1344,51.0,503.0,,,
TXT1345,64.0,599.0,,,
TXT1346,40.0,345.0,,,
TXT1347,35.0,364.0,,,
TXT1348,57.0,484.0,,,
TXT1349,58.0,504.0,,,
TXT1350,47.0,437.0,,,
TXT1351,42.0,396.0,,,
TXT1352,48.0,414.0,,,
TXT1353,43.0,374.0,,,
TXT1354,83.0,750.0,,,
TXT1355,65.0,670.0,,,
TXT1356,47.0,459.0,,,
TXT1357,59.0,530.0,,,
TXT1358,62.0,498.0,,,
TXT1359,39.0,365.0,,,
TXT1360,38.0,371.0,,,
TXT1361,64.0,707.0,,,
TXT1362,44.0,430.0,,,
TXT1363,70.0,676.0,,,
TXT1364,58.0,437.0,,,
TXT1365,37.0,318.0,,,
TXT1366,18.0,162.0,,,
TXT1367,52.0,381.0,,,
TXT1368,66.0,459.0,,,
TXT1369,33.0,243.0,,,
TXT1370,25.0,266.0,,,
TXT1371,64.0,599.0,,,
TXT1372,85.0,542.0,,,
TXT1373,93.0,721.0,,,
TXT1374,29.0,234.0,,,
TXT1375,72.0,555.0,,,
TXT1376,47.0,452.0,,,
TXT1377,49.0,549.0,,,
TXT1378,24.0,185.0,,,
TXT1379,24.0,282.0,,,
TXT1380,37.0,426.0,,,
TXT1381,76.0,591.0,,,
TXT1382,40.0,385.0,,,
TXT1383,58.0,494.0,,,
TXT1384,62.0,585.0,,,
TXT1385,78.0,694.0,,,
TXT1386,104.0,830.0,,,
TXT1387,60.0,452.0,,,
TXT1388,58.0,301.0,,,
TXT1389,42.0,300.0,,,
TXT1390,45.0,308.0,,,
TXT1391,51.0,446.0,,,
TXT1392,21.0,212.0,,,
TXT1393,45.0,379.0,,,
TXT1394,52.0,430.0,,,
TXT1395,27.0,228.0,,,
TXT1396,74.0,594.0,,,
TXT1397,52.0,321.0,,,
TXT1398,60.0,464.0,,,
TXT1399,53.0,414.0,,,
TXT1400,93.0,839.0,,,
TXT1401,42.0,329.0,,,
TXT1402,46.0,324.0,,,
TXT1403,26.0,213.0,,,
TXT1404,35.0,296.0,,,
TXT1405,52.0,327.0,,,
TXT1406,48.0,251.0,,,
TXT1407,45.0,388.0,,,
TXT1408,37.0,336.0,,,
TXT1409,34.0,261.0,,,
TXT1410,67.0,400.0,,,
TXT1411,50.0,425.0,,,
TXT1412,50.0,410.0,,,
TXT1413,30.0,267.0,,,
TXT1414,41.0,301.0,,,
TXT1415,52.0,419.0,,,
TXT1416,49.0,438.0,,,
TXT1417,46.0,340.0,,,
TXT1418,40.0,275.0,,,
TXT1419,73.0,526.0,,,
TXT1420,55.0,598.0,,,
TXT1421,21.0,178.0,,,
TXT1422,42.0,347.0,,,
TXT1423,52.0,460.0,,,
TXT1424,79.0,708.0,,,
TXT1425,50.0,344.0,,,
TXT1426,54.0,384.0,,,
TXT1427,53.0,426.0,,,
TXT1428,62.0,579.0,,,
TXT1429,30.0,243.0,,,
TXT1430,47.0,488.0,,,
TXT1431,50.0,526.0,,,
TXT1432,47.0,388.0,,,
TXT1433,4.0,19.0,,,
TXT1434,42.0,425.0,,,
TXT1435,51.0,398.0,,,
TXT1436,27.0,383.0,,,
TXT1437,36.0,283.0,,,
TXT1438,48.0,420.0,,,
TXT1439,41.0,396.0,,,
TXT1440,24.0,220.0,,,
TXT1441,40.0,342.0,,,
TXT1442,34.0,341.0,,,
TXT1443,23.0,287.0,,,
TXT1444,36.0,398.0,,,
TXT1445,45.0,410.0,,,
TXT1446,44.0,412.0,,,
TXT1447,34.0,267.0,,,
TXT1448,34.0,282.0,,,
TXT1449,22.0,152.0,,,
TXT1450,56.0,350.0,,,
TXT1451,48.0,401.0,,,
TXT1452,44.0,576.0,,,
TXT1453,32.0,234.0,,,
TXT1454,46.0,430.0,,,
TXT1455,53.0,495.0,,,
TXT1456,45.0,334.0,,,
TXT1457,38.0,273.0,,,
TXT1458,51.0,472.0,,,
TXT1459,37.0,376.0,,,
TXT1460,57.0,412.0,,,
TXT1461,46.0,342.0,,,
TXT1462,60.0,528.0,,,
TXT1463,54.0,352.0,,,
TXT1464,39.0,270.0,,,
TXT1465,63.0,551.0,,,
TXT1466,69.0,553.0,,,
TXT1467,30.0,162.0,,,
TXT1468,49.0,363.0,,,
TXT1469,55.0,429.0,,,
TXT1470,41.0,413.0,,,
TXT1471,28.0,206.0,,,
TXT1472,53.0,526.0,,,
TXT1473,41.0,407.0,,,
TXT1474,75.0,438.0,,,
TXT1475,41.0,326.0,,,
TXT1476,52.0,349.0,,,
TXT1477,55.0,419.0,,,
TXT1478,76.0,548.0,,,
TXT1479,67.0,521.0,,,
TXT1480,53.0,369.0,,,
TXT1481,38.0,253.0,,,
TXT1482,47.0,294.0,,,
TXT1483,37.0,286.0,,,
TXT1484,62.0,544.0,,,
TXT1485,53.0,355.0,,,
TXT1486,57.0,375.0,,,
TXT1487,54.0,394.0,,,
TXT1488,64.0,345.0,,,
TXT1489,65.0,471.0,,,
TXT1490,44.0,395.0,,,
TXT1491,62.0,546.0,,,
TXT1492,40.0,298.0,,,
TXT1493,51.0,413.0,,,
TXT1494,54.0,347.0,,,
TXT1495,50.0,390.0,,,
TXT1496,45.0,323.0,,,
TXT1497,72.0,553.0,,,
TXT1498,49.0,460.0,,,
TXT1499,59.0,308.0,,,
TXT1500,46.0,353.0,,,
TXT1501,43.0,243.0,,,
TXT1502,69.0,351.0,,,
TXT1503,65.0,353.0,,,
TXT1504,61.0,390.0,,,
TXT1505,65.0,578.0,,,
TXT1506,37.0,311.0,,,
TXT1507,43.0,302.0,,,
TXT1508,56.0,311.0,,,
TXT1509,46.0,289.0,,,
TXT1510,42.0,328.0,,,
TXT1511,52.0,390.0,,,
TXT1512,26.0,131.0,,,
TXT1513,31.0,280.0,,,
TXT1514,61.0,528.0,,,
TXT1515,76.0,477.0,,,
TXT1516,60.0,245.0,,,
TXT1517,23.0,181.0,,,
TXT1518,51.0,300.0,,,
TXT1519,34.0,271.0,,,
TXT1520,52.0,409.0,,,
TXT1521,27.0,152.0,,,
TXT1522,24.0,255.0,,,
TXT1523,75.0,390.0,,,
TXT1524,27.0,161.0,,,
TXT1525,52.0,289.0,,,
TXT1526,56.0,392.0,,,
TXT1527,45.0,355.0,,,
TXT1528,55.0,420.0,,,
TXT1529,18.0,121.0,,,
TXT1530,54.0,373.0,,,
TXT1531,46.0,219.0,,,
TXT1532,68.0,562.0,,,
TXT1533,89.0,627.0,,,
TXT1534,62.0,391.0,,,
TXT1535,79.0,606.0,,,
TXT1536,59.0,385.0,,,
TXT1537,51.0,380.0,,,
TXT1538,113.0,638.0,,,
TXT1539,56.0,435.0,,,
TXT1540,119.0,605.0,,,
TXT1541,72.0,485.0,,,
TXT1542,46.0,247.0,,,
TXT1543,83.0,602.0,,,
TXT1544,37.0,354.0,,,
TXT1545,64.0,422.0,,,
TXT1546,1.0,6.0,,,
TXT1547,56.0,438.0,,,
TXT1548,60.0,491.0,,,
TXT1549,73.0,553.0,,,
TXT1550,95.0,589.0,,,
TXT1551,41.0,428.0,,,
TXT1552,91.0,764.0,,,
TXT1553,46.0,293.0,,,
TXT1554,54.0,427.0,,,
TXT1555,56.0,550.0,,,
TXT1556,113.0,750.0,,,
TXT1557,51.0,531.0,,,
TXT1558,39.0,336.0,,,
TXT1559,60.0,442.0,,,
TXT1560,56.0,483.0,,,
TXT1561,63.0,451.0,,,
TXT1562,53.0,523.0,,,
TXT1563,57.0,504.0,,,
TXT1564,57.0,471.0,,,
TXT1565,56.0,452.0,,,
TXT1566,72.0,620.0,,,
TXT1567,90.0,739.0,,,
TXT1568,82.0,635.0,,,
TXT1569,55.0,473.0,,,
TXT1570,85.0,494.0,,,
TXT1571,69.0,488.0,,,
TXT1572,70.0,481.0,,,
TXT1573,54.0,397.0,,,
TXT1574,35.0,314.0,,,
TXT1575,56.0,487.0,,,
TXT1576,1.0,3.0,,,
TXT1577,70.0,526.0,,,
TXT1578,64.0,405.0,,,
TXT1579,58.0,566.0,,,
TXT1580,68.0,478.0,,,
TXT1581,62.0,543.0,,,
TXT1582,61.0,335.0,,,
TXT1583,41.0,324.0,,,
TXT1584,40.0,277.0,,,
TXT1585,29.0,235.0,,,
TXT1586,43.0,359.0,,,
TXT1587,16.0,114.0,,,
TXT1588,73.0,421.0,,,
TXT1589,55.0,324.0,,,
TXT1590,40.0,251.0,,,
TXT1591,79.0,496.0,,,
TXT1592,64.0,550.0,,,
TXT1593,81.0,638.0,,,
TXT1594,40.0,243.0,,,
TXT1595,67.0,575.0,,,
TXT1596,78.0,449.0,,,
TXT1597,33.0,284.0,,,
TXT1598,45.0,460.0,,,
TXT1599,50.0,468.0,,,
TXT1600,99.0,848.0,,,
TXT1601,45.0,393.0,,,
TXT1602,55.0,404.0,,,
TXT1603,31.0,239.0,,,
TXT1604,29.0,186.0,,,
TXT1605,26.0,124.0,,,
TXT1606,87.0,657.0,,,
TXT1607,99.0,974.0,,,
TXT1608,51.0,417.0,,,
TXT1609,99.0,846.0,,,
TXT1610,14.0,110.0,,,
TXT1611,53.0,415.0,,,
TXT1612,96.0,515.0,,,
TXT1613,30.0,194.0,,,
TXT1614,51.0,346.0,,,
TXT1615,36.0,251.0,,,
TXT1616,68.0,498.0,,,
TXT1617,80.0,598.0,,,
TXT1618,52.0,357.0,,,
TXT1619,69.0,649.0,,,
TXT1620,19.0,103.0,,,
TXT1621,66.0,408.0,,,
TXT1622,66.0,489.0,,,
TXT1623,50.0,345.0,,,
TXT1624,1.0,9.0,,,
TXT1625,57.0,376.0,,,
TXT1626,48.0,368.0,,,
TXT1627,1.0,10.0,,,
TXT1628,39.0,281.0,,,
TXT1629,41.0,288.0,,,
TXT1630,70.0,453.0,,,
TXT1631,28.0,264.0,,,
TXT1632,63.0,492.0,,,
TXT1633,73.0,631.0,,,
TXT1634,62.0,431.0,,,
TXT1635,82.0,653.0,,,
TXT1636,63.0,430.0,,,
TXT1637,60.0,378.0,,,
TXT1638,71.0,476.0,,,
TXT1639,56.0,510.0,,,
TXT1640,49.0,367.0,,,
TXT1641,50.0,338.0,,,
TXT1642,38.0,328.0,,,
TXT1643,56.0,440.0,,,
TXT1644,58.0,462.0,,,
TXT1645,53.0,379.0,,,
TXT1646,55.0,407.0,,,
TXT1647,36.0,375.0,,,
TXT1648,53.0,256.0,,,
TXT1649,48.0,296.0,,,
TXT1650,28.0,192.0,,,
TXT1651,41.0,312.0,,,
TXT1652,46.0,377.0,,,
TXT1653,47.0,404.0,,,
TXT1654,18.0,133.0,,,
TXT1655,13.0,65.0,,,
TXT1656,88.0,664.0,,,
TXT1657,144.0,1188.0,,,
TXT1658,65.0,347.0,,,
TXT1659,103.0,714.0,,,
TXT1660,55.0,400.0,,,
TXT1661,188.0,1193.0,,,
TXT1662,134.0,775.0,,,
TXT1663,84.0,888.0,,,
TXT1664,88.0,764.0,,,
TXT1665,92.0,871.0,,,
TXT1666,53.0,419.0,,,
TXT1667,80.0,576.0,,,
TXT1668,51.0,411.0,,,
TXT1669,85.0,532.0,,,
TXT1670,60.0,541.0,,,
TXT1671,79.0,484.0,,,
TXT1672,106.0,722.0,,,
TXT1673,111.0,605.0,,,
TXT1674,92.0,751.0,,,
TXT1675,82.0,708.0,,,
TXT1676,53.0,544.0,,,
TXT1677,58.0,373.0,,,
TXT1678,69.0,620.0,,,
TXT1679,67.0,624.0,,,
TXT1680,49.0,376.0,,,
TXT1681,57.0,420.0,,,
TXT1682,81.0,636.0,,,
TXT1683,68.0,572.0,,,
TXT1684,90.0,507.0,,,
TXT1685,75.0,472.0,,,
TXT1686,80.0,675.0,,,
TXT1687,97.0,724.0,,,
TXT1688,87.0,609.0,,,
TXT1689,67.0,649.0,,,
TXT1690,89.0,635.0,,,
TXT1691,46.0,377.0,,,
TXT1692,60.0,724.0,,,
TXT1693,50.0,655.0,,,
TXT1694,76.0,720.0,,,
TXT1695,89.0,682.0,,,
TXT1696,92.0,723.0,,,
TXT1697,90.0,817.0,,,
TXT1698,77.0,769.0,,,
TXT1699,68.0,581.0,,,
TXT1700,46.0,450.0,,,
TXT1701,81.0,751.0,,,
TXT1702,98.0,654.0,,,
TXT1703,89.0,568.0,,,
TXT1704,92.0,692.0,,,
TXT1705,69.0,570.0,,,
TXT1706,55.0,499.0,,,
TXT1707,51.0,508.0,,,
TXT1708,69.0,691.0,,,
TXT1709,48.0,413.0,,,
TXT1710,65.0,790.0,,,
TXT1711,79.0,709.0,,,
TXT1712,140.0,825.0,,,
TXT1713,94.0,779.0,,,
TXT1714,74.0,585.0,,,
TXT1715,124.0,651.0,,,
TXT1716,51.0,459.0,,,
TXT1717,68.0,690.0,,,
TXT1718,83.0,696.0,,,
TXT1719,46.0,386.0,,,
TXT1720,43.0,473.0,,,
TXT1721,128.0,1149.0,,,
TXT1722,83.0,738.0,,,
TXT1723,73.0,572.0,,,
TXT1724,120.0,925.0,,,
TXT1725,59.0,376.0,,,
TXT1726,64.0,660.0,,,
TXT1727,28.0,347.0,,,
TXT1728,138.0,1401.0,,,
TXT1729,87.0,592.0,,,
TXT1730,79.0,514.0,,,
TXT1731,61.0,447.0,,,
TXT1732,48.0,393.0,,,
TXT1733,69.0,623.0,,,
TXT1734,66.0,591.0,,,
TXT1735,69.0,502.0,,,
TXT1736,63.0,588.0,,,
TXT1737,75.0,636.0,,,
TXT1738,57.0,486.0,,,
TXT1739,83.0,574.0,,,
TXT1740,92.0,753.0,,,
TXT1741,72.0,463.0,,,
TXT1742,82.0,717.0,,,
TXT1743,55.0,413.0,,,
TXT1744,62.0,521.0,,,
TXT1745,100.0,618.0,,,
TXT1746,72.0,552.0,,,
TXT1747,93.0,509.0,,,
TXT1748,44.0,516.0,,,
TXT1749,58.0,659.0,,,
TXT1750,89.0,443.0,,,
TXT1751,66.0,576.0,,,
TXT1752,52.0,449.0,,,
TXT1753,115.0,507.0,,,
TXT1754,52.0,451.0,,,
TXT1755,63.0,519.0,,,
TXT1756,80.0,376.0,,,
TXT1757,57.0,398.0,,,
TXT1758,56.0,484.0,,,
TXT1759,71.0,619.0,,,
TXT1760,39.0,369.0,,,
TXT1761,30.0,405.0,,,
TXT1762,76.0,766.0,,,
TXT1763,104.0,736.0,,,
TXT1764,77.0,523.0,,,
TXT1765,65.0,582.0,,,
TXT1766,43.0,330.0,,,
TXT1767,62.0,510.0,,,
TXT1768,61.0,543.0,,,
TXT1769,48.0,361.0,,,
TXT1770,46.0,389.0,,,
TXT1771,103.0,813.0,,,
TXT1772,38.0,400.0,,,
TXT1773,69.0,556.0,,,
TXT1774,70.0,638.0,,,
TXT1775,82.0,752.0,,,
TXT1776,81.0,673.0,,,
TXT1777,3.0,135.0,,,
TXT1778,66.0,516.0,,,
TXT1779,91.0,665.0,,,
TXT1780,49.0,510.0,,,
TXT1781,79.0,482.0,,,
TXT1782,50.0,304.0,,,
TXT1783,124.0,621.0,,,
TXT1784,63.0,469.0,,,
TXT1785,85.0,835.0,,,
TXT1786,14.0,262.0,,,
TXT1787,90.0,685.0,,,
TXT1788,55.0,371.0,,,
TXT1789,66.0,276.0,,,
TXT1790,23.0,113.0,,,
TXT1791,15.0,98.0,,,
TXT1792,38.0,285.0,,,
TXT1793,47.0,244.0,,,
TXT1794,131.0,939.0,,,
TXT1795,28.0,278.0,,,
TXT1796,16.0,47.0,,,
TXT1797,26.0,469.0,,,
TXT1798,33.0,236.0,,,
TXT1799,72.0,724.0,,,
TXT1800,36.0,703.0,,,
TXT1801,34.0,525.0,,,
TXT1802,26.0,235.0,,,
TXT1803,81.0,605.0,,,
TXT1804,104.0,533.0,,,
TXT1805,94.0,561.0,,,
TXT1806,84.0,800.0,,,
TXT1807,79.0,748.0,,,
TXT1808,97.0,677.0,,,
TXT1809,92.0,714.0,,,
TXT1810,82.0,747.0,,,
TXT1811,109.0,883.0,,,
TXT1812,84.0,565.0,,,
TXT1813,67.0,743.0,,,
TXT1814,84.0,704.0,,,
TXT1815,77.0,862.0,,,
TXT1816,56.0,502.0,,,
TXT1817,63.0,632.0,,,
TXT1818,63.0,689.0,,,
TXT1819,76.0,541.0,,,
TXT1820,52.0,541.0,,,
TXT1821,62.0,580.0,,,
TXT1822,86.0,778.0,,,
TXT1823,88.0,706.0,,,
TXT1824,104.0,810.0,,,
TXT1825,64.0,687.0,,,
TXT1826,57.0,608.0,,,
TXT1827,78.0,746.0,,,
TXT1828,126.0,1033.0,,,
TXT1829,88.0,891.0,,,
TXT1830,56.0,600.0,,,
TXT1831,89.0,700.0,,,
TXT1832,57.0,562.0,,,
TXT1833,97.0,862.0,,,
TXT1834,95.0,707.0,,,
TXT1835,84.0,722.0,,,
TXT1836,97.0,919.0,,,
TXT1837,48.0,428.0,,,
TXT1838,75.0,644.0,,,
TXT1839,82.0,649.0,,,
TXT1840,82.0,1007.0,,,
TXT1841,66.0,656.0,,,
TXT1842,71.0,668.0,,,
TXT1843,45.0,453.0,,,
TXT1844,82.0,816.0,,,
TXT1845,69.0,637.0,,,
TXT1846,69.0,611.0,,,
TXT1847,93.0,833.0,,,
TXT1848,69.0,597.0,,,
TXT1849,57.0,586.0,,,
TXT1850,86.0,724.0,,,
TXT1851,50.0,477.0,,,
TXT1852,50.0,531.0,,,
TXT1853,74.0,677.0,,,
TXT1854,58.0,659.0,,,
TXT1855,69.0,604.0,,,
TXT1856,78.0,554.0,,,
TXT1857,115.0,952.0,,,
TXT1858,89.0,724.0,,,
TXT1859,77.0,672.0,,,
TXT1860,83.0,902.0,,,
TXT1861,70.0,729.0,,,
TXT1862,80.0,880.0,,,
TXT1863,85.0,708.0,,,
TXT1864,68.0,627.0,,,
TXT1865,104.0,1048.0,,,
TXT1866,82.0,659.0,,,
TXT1867,79.0,676.0,,,
TXT1868,21.0,96.0,,,
TXT1869,87.0,865.0,,,
TXT1870,73.0,754.0,,,
TXT1871,73.0,689.0,,,
TXT1872,100.0,931.0,,,
TXT1873,75.0,522.0,,,
TXT1874,81.0,861.0,,,
TXT1875,65.0,583.0,,,
TXT1876,85.0,651.0,,,
TXT1877,101.0,877.0,,,
TXT1878,62.0,580.0,,,
TXT1879,74.0,623.0,,,
TXT1880,59.0,529.0,,,
TXT1881,60.0,486.0,,,
TXT1882,69.0,669.0,,,
TXT1883,44.0,406.0,,,
TXT1884,69.0,671.0,,,
TXT1885,65.0,503.0,,,
TXT1886,75.0,567.0,,,
TXT1887,53.0,496.0,,,
TXT1888,108.0,857.0,,,
TXT1889,65.0,714.0,,,
TXT1890,89.0,836.0,,,
TXT1891,82.0,697.0,,,
TXT1892,34.0,348.0,,,
TXT1893,67.0,673.0,,,
TXT1894,73.0,644.0,,,
TXT1895,79.0,809.0,,,
TXT1896,81.0,809.0,,,
TXT1897,83.0,947.0,,,
TXT1898,76.0,719.0,,,
TXT1899,99.0,732.0,,,
TXT1900,64.0,686.0,,,
TXT1901,58.0,589.0,,,
TXT1902,72.0,665.0,,,
TXT1903,82.0,699.0,,,
TXT1904,64.0,477.0,,,
TXT1905,54.0,589.0,,,
TXT1906,73.0,649.0,,,
TXT1907,66.0,539.0,,,
TXT1908,51.0,560.0,,,
TXT1909,75.0,693.0,,,
TXT1910,90.0,686.0,,,
TXT1911,66.0,537.0,,,
TXT1912,60.0,520.0,,,
TXT1913,91.0,756.0,,,
TXT1914,50.0,399.0,,,
TXT1915,93.0,756.0,,,
TXT1916,104.0,914.0,,,
TXT1917,89.0,669.0,,,
TXT1918,60.0,555.0,,,
TXT1919,81.0,587.0,,,
TXT1920,61.0,561.0,,,
TXT1921,47.0,481.0,,,
TXT1922,77.0,601.0,,,
TXT1923,57.0,551.0,,,
TXT1924,62.0,611.0,,,
TXT1925,8.0,133.0,,,
TXT1926,56.0,464.0,,,
TXT1927,6.0,30.0,,,
TXT1928,66.0,628.0,,,
TXT1929,8.0,106.0,,,
TXT1930,58.0,506.0,,,
TXT1931,64.0,589.0,,,
TXT1932,92.0,894.0,,,
TXT1933,123.0,990.0,,,
TXT1934,1.0,12.0,,,
TXT1935,46.0,607.0,,,
TXT1936,109.0,856.0,,,
TXT1937,51.0,428.0,,,
TXT1938,58.0,513.0,,,
TXT1939,54.0,435.0,,,
TXT1940,60.0,561.0,,,
TXT1941,52.0,422.0,,,
TXT1942,83.0,844.0,,,
TXT1943,72.0,623.0,,,
TXT1944,68.0,491.0,,,
TXT1945,84.0,907.0,,,
TXT1946,72.0,641.0,,,
TXT1947,86.0,683.0,,,
TXT1948,70.0,646.0,,,
TXT1949,46.0,518.0,,,
TXT1950,45.0,359.0,,,
TXT1951,96.0,1021.0,,,
TXT1952,70.0,589.0,,,
TXT1953,97.0,956.0,,,
TXT1954,81.0,690.0,,,
TXT1955,11.0,437.0,,,
TXT1956,73.0,691.0,,,
TXT1957,89.0,763.0,,,
TXT1958,50.0,522.0,,,
TXT1959,91.0,903.0,,,
TXT1960,90.0,722.0,,,
TXT1961,40.0,480.0,,,
TXT1962,89.0,819.0,,,
TXT1963,29.0,306.0,,,
TXT1964,80.0,674.0,,,
TXT1965,37.0,404.0,,,
TXT1966,72.0,658.0,,,
TXT1967,77.0,646.0,,,
TXT1968,1.0,283.0,,,
TXT1969,7.0,386.0,,,
TXT1970,7.0,250.0,,,
TXT1971,80.0,679.0,,,
TXT1972,84.0,785.0,,,
TXT1973,82.0,672.0,,,
TXT1974,14.0,301.0,,,
TXT1975,3.0,446.0,,,
TXT1976,9.0,358.0,,,
TXT1977,10.0,349.0,,,
TXT1978,6.0,317.0,,,
TXT1979,10.0,349.0,,,
TXT1980,21.0,305.0,,,
TXT1981,69.0,698.0,,,
TXT1982,8.0,12.0,,,
TXT1983,51.0,422.0,,,
TXT1984,48.0,359.0,,,
TXT1985,63.0,351.0,,,
TXT1986,76.0,560.0,,,
TXT1987,87.0,942.0,,,
TXT1988,95.0,932.0,,,
TXT1989,88.0,684.0,,,
TXT1990,83.0,768.0,,,
TXT1991,85.0,777.0,,,
TXT1992,69.0,476.0,,,
TXT1993,114.0,759.0,,,
TXT1994,110.0,956.0,,,
TXT1995,99.0,749.0,,,
TXT1996,262.0,1900.0,,,
TXT1997,78.0,439.0,,,
TXT1998,75.0,657.0,,,
TXT1999,118.0,1124.0,,,
TXT2000,84.0,754.0,,,
TXT2001,56.0,485.0,,,
TXT2002,74.0,639.0,,,
TXT2003,73.0,487.0,,,
TXT2004,88.0,731.0,,,
TXT2005,41.0,300.0,,,
TXT2006,72.0,567.0,,,
TXT2007,197.0,1752.0,,,
TXT2008,53.0,470.0,,,
TXT2009,99.0,769.0,,,
TXT2010,110.0,759.0,,,
TXT2011,95.0,873.0,,,
TXT2012,80.0,657.0,,,
TXT2013,99.0,855.0,,,
TXT2014,87.0,729.0,,,
TXT2015,78.0,789.0,,,
TXT2016,117.0,1003.0,,,
TXT2017,64.0,578.0,,,
TXT2018,81.0,730.0,,,
TXT2019,77.0,659.0,,,
TXT2020,66.0,476.0,,,
TXT2021,89.0,814.0,,,
TXT2022,146.0,992.0,,,
TXT2023,128.0,1033.0,,,
TXT2024,89.0,687.0,,,
TXT2025,91.0,746.0,,,
TXT2026,110.0,858.0,,,
TXT2027,69.0,580.0,,,
TXT2028,118.0,959.0,,,
TXT2029,24.0,186.0,,,
TXT2030,52.0,419.0,,,
TXT2031,83.0,654.0,,,
TXT2032,163.0,1068.0,,,
TXT2033,106.0,838.0,,,
TXT2034,83.0,711.0,,,
TXT2035,77.0,653.0,,,
TXT2036,84.0,834.0,,,
TXT2037,41.0,343.0,,,
TXT2038,78.0,553.0,,,
TXT2039,44.0,434.0,,,
TXT2040,106.0,803.0,,,
TXT2041,69.0,560.0,,,
TXT2042,50.0,449.0,,,
TXT2043,89.0,703.0,,,
TXT2044,117.0,758.0,,,
TXT2045,57.0,544.0,,,
TXT2046,51.0,519.0,,,
TXT2047,92.0,853.0,,,
TXT2048,70.0,555.0,,,
TXT2049,71.0,545.0,,,
TXT2050,59.0,336.0,,,
TXT2051,70.0,718.0,,,
TXT2052,83.0,757.0,,,
TXT2053,80.0,638.0,,,
TXT2054,68.0,670.0,,,
TXT2055,66.0,509.0,,,
TXT2056,101.0,698.0,,,
TXT2057,118.0,919.0,,,
TXT2058,66.0,601.0,,,
TXT2059,84.0,568.0,,,
TXT2060,82.0,695.0,,,
TXT2061,65.0,592.0,,,
TXT2062,69.0,597.0,,,
TXT2063,60.0,379.0,,,
TXT2064,75.0,684.0,,,
TXT2065,61.0,575.0,,,
TXT2066,76.0,623.0,,,
TXT2067,89.0,652.0,,,
TXT2068,47.0,418.0,,,
TXT2069,92.0,619.0,,,
TXT2070,121.0,849.0,,,
TXT2071,128.0,740.0,,,
TXT2072,79.0,698.0,,,
TXT2073,108.0,579.0,,,
TXT2074,75.0,574.0,,,
TXT2075,51.0,336.0,,,
TXT2076,48.0,381.0,,,
TXT2077,51.0,346.0,,,
TXT2078,78.0,738.0,,,
TXT2079,66.0,684.0,,,
TXT2080,42.0,366.0,,,
TXT2081,88.0,745.0,,,
TXT2082,102.0,633.0,,,
TXT2083,78.0,655.0,,,
TXT2084,76.0,596.0,,,
TXT2085,49.0,457.0,,,
TXT2086,65.0,520.0,,,
TXT2087,98.0,776.0,,,
TXT2088,63.0,465.0,,,
TXT2089,60.0,523.0,,,
TXT2090,85.0,762.0,,,
TXT2091,129.0,960.0,,,
TXT2092,55.0,395.0,,,
TXT2093,61.0,517.0,,,
TXT2094,145.0,1058.0,,,
TXT2095,60.0,549.0,,,
TXT2096,104.0,766.0,,,
TXT2097,78.0,684.0,,,
TXT2098,54.0,309.0,,,
TXT2099,103.0,724.0,,,
TXT2100,110.0,884.0,,,
TXT2101,45.0,250.0,,,
TXT2102,73.0,535.0,,,
TXT2103,131.0,945.0,,,
TXT2104,82.0,603.0,,,
TXT2105,77.0,454.0,,,
TXT2106,48.0,405.0,,,
TXT2107,58.0,437.0,,,
TXT2108,86.0,631.0,,,
TXT2109,80.0,482.0,,,
TXT2110,80.0,648.0,,,
TXT2111,90.0,559.0,,,
TXT2112,74.0,581.0,,,
TXT2113,82.0,694.0,,,
TXT2114,100.0,817.0,,,
TXT2115,84.0,580.0,,,
TXT2116,56.0,386.0,,,
TXT2117,74.0,430.0,,,
TXT2118,73.0,601.0,,,
TXT2119,87.0,806.0,,,
TXT2120,61.0,418.0,,,
TXT2121,58.0,526.0,,,
TXT2122,113.0,568.0,,,
TXT2123,65.0,514.0,,,
TXT2124,88.0,713.0,,,
TXT2125,83.0,1350.0,,,
TXT2126,54.0,370.0,,,
TXT2127,82.0,809.0,,,
TXT2128,84.0,652.0,,,
TXT2129,124.0,715.0,,,
TXT2130,62.0,532.0,,,
TXT2131,87.0,682.0,,,
TXT2132,85.0,783.0,,,
TXT2133,79.0,530.0,,,
TXT2134,103.0,809.0,,,
TXT2135,163.0,1078.0,,,
TXT2136,66.0,456.0,,,
TXT2137,105.0,737.0,,,
TXT2138,86.0,557.0,,,
TXT2139,64.0,425.0,,,
TXT2140,78.0,665.0,,,
TXT2141,51.0,434.0,,,
TXT2142,95.0,535.0,,,
TXT2143,86.0,581.0,,,
TXT2144,36.0,357.0,,,
TXT2145,89.0,643.0,,,
TXT2146,82.0,701.0,,,
TXT2147,84.0,600.0,,,
TXT2148,83.0,614.0,,,
TXT2149,83.0,616.0,,,
TXT2150,93.0,729.0,,,
TXT2151,77.0,527.0,,,
TXT2152,87.0,653.0,,,
TXT2153,82.0,525.0,,,
TXT2154,63.0,483.0,,,
TXT2155,79.0,684.0,,,
TXT2156,90.0,525.0,,,
TXT2157,75.0,659.0,,,
TXT2158,68.0,295.0,,,
TXT2159,64.0,524.0,,,
TXT2160,45.0,320.0,,,
TXT2161,76.0,527.0,,,
TXT2162,68.0,558.0,,,
TXT2163,86.0,357.0,,,
TXT2164,77.0,610.0,,,
TXT2165,67.0,449.0,,,
TXT2166,134.0,955.0,,,
TXT2167,91.0,658.0,,,
TXT2168,90.0,823.0,,,
TXT2169,60.0,338.0,,,
TXT2170,49.0,375.0,,,
TXT2171,65.0,378.0,,,
TXT2172,54.0,482.0,,,
TXT2173,129.0,808.0,,,
TXT2174,66.0,936.0,,,
TXT2175,56.0,597.0,,,
TXT2176,76.0,768.0,,,
TXT2177,86.0,500.0,,,
TXT2178,54.0,397.0,,,
TXT2179,72.0,596.0,,,
TXT2180,81.0,768.0,,,
TXT2181,89.0,601.0,,,
TXT2182,60.0,463.0,,,
TXT2183,43.0,316.0,,,
TXT2184,56.0,400.0,,,
TXT2185,83.0,727.0,,,
TXT2186,76.0,512.0,,,
TXT2187,81.0,605.0,,,
TXT2188,102.0,808.0,,,
TXT2189,46.0,322.0,,,
TXT2190,75.0,542.0,,,
TXT2191,65.0,509.0,,,
TXT2192,59.0,447.0,,,
TXT2193,50.0,351.0,,,
TXT2194,95.0,502.0,,,
TXT2195,84.0,567.0,,,
TXT2196,61.0,487.0,,,
TXT2197,164.0,1245.0,,,
TXT2198,51.0,343.0,,,
TXT2199,84.0,632.0,,,
TXT2200,94.0,677.0,,,
TXT2201,76.0,504.0,,,
TXT2202,101.0,809.0,,,
TXT2203,80.0,588.0,,,
TXT2204,77.0,543.0,,,
TXT2205,86.0,535.0,,,
TXT2206,88.0,668.0,,,
TXT2207,88.0,912.0,,,
TXT2208,78.0,621.0,,,
TXT2209,77.0,604.0,,,
TXT2210,66.0,423.0,,,
TXT2211,45.0,346.0,,,
TXT2212,91.0,640.0,,,
TXT2213,56.0,447.0,,,
TXT2214,60.0,543.0,,,
TXT2215,1.0,6.0,,,
TXT2216,61.0,491.0,,,
TXT2217,20.0,252.0,,,
TXT2218,64.0,551.0,,,
TXT2219,80.0,504.0,,,
TXT2220,84.0,379.0,,,
TXT2221,78.0,607.0,,,
TXT2222,139.0,1198.0,,,
TXT2223,47.0,215.0,,,
TXT2224,68.0,478.0,,,
TXT2225,60.0,476.0,,,
TXT2226,87.0,678.0,,,
TXT2227,55.0,405.0,,,
TXT2228,72.0,654.0,,,
TXT2229,71.0,609.0,,,
TXT2230,55.0,452.0,,,
TXT2231,20.0,178.0,,,
TXT2232,24.0,200.0,,,
TXT2233,71.0,564.0,,,
TXT2234,41.0,349.0,,,
TXT2235,52.0,391.0,,,
TXT2236,28.0,205.0,,,
TXT2237,61.0,559.0,,,
TXT2238,64.0,538.0,,,
TXT2239,66.0,504.0,,,
TXT2240,64.0,521.0,,,
TXT2241,42.0,331.0,,,
TXT2242,72.0,543.0,,,
TXT2243,11.0,213.0,,,
TXT2244,56.0,404.0,,,
TXT2245,25.0,163.0,,,
TXT2246,57.0,415.0,,,
TXT2247,128.0,1069.0,,,
TXT2248,63.0,583.0,,,
TXT2249,46.0,330.0,,,
TXT2250,56.0,581.0,,,
TXT2251,12.0,46.0,,,
TXT2252,54.0,382.0,,,
TXT2253,42.0,359.0,,,
TXT2254,37.0,307.0,,,
TXT2255,47.0,436.0,,,
TXT2256,52.0,419.0,,,
TXT2257,40.0,308.0,,,
TXT2258,64.0,487.0,,,
TXT2259,46.0,322.0,,,
TXT2260,57.0,445.0,,,
TXT2261,64.0,485.0,,,
TXT2262,46.0,434.0,,,
TXT2263,59.0,430.0,,,
TXT2264,60.0,448.0,,,
TXT2265,69.0,732.0,,,
TXT2266,78.0,678.0,,,
TXT2267,90.0,955.0,,,
TXT2268,73.0,695.0,,,
TXT2269,64.0,434.0,,,
TXT2270,100.0,1186.0,,,
TXT2271,64.0,643.0,,,
TXT2272,59.0,469.0,,,
TXT2273,68.0,742.0,,,
TXT2274,40.0,421.0,,,
TXT2275,76.0,765.0,,,
TXT2276,100.0,855.0,,,
TXT2277,82.0,801.0,,,
TXT2278,53.0,461.0,,,
TXT2279,55.0,496.0,,,
TXT2280,50.0,384.0,,,
TXT2281,72.0,548.0,,,
TXT2282,58.0,413.0,,,
TXT2283,49.0,357.0,,,
TXT2284,55.0,528.0,,,
TXT2285,73.0,606.0,,,
TXT2286,61.0,497.0,,,
TXT2287,76.0,639.0,,,
TXT2288,73.0,525.0,,,
TXT2289,56.0,544.0,,,
TXT2290,69.0,553.0,,,
TXT2291,83.0,680.0,,,
TXT2292,67.0,565.0,,,
TXT2293,61.0,503.0,,,
TXT2294,77.0,646.0,,,
TXT2295,94.0,572.0,,,
TXT2296,79.0,658.0,,,
TXT2297,59.0,554.0,,,
TXT2298,105.0,899.0,,,
TXT2299,77.0,522.0,,,
TXT2300,62.0,605.0,,,
TXT2301,61.0,542.0,,,
TXT2302,58.0,418.0,,,
TXT2303,32.0,295.0,,,
TXT2304,49.0,487.0,,,
TXT2305,60.0,640.0,,,
TXT2306,55.0,534.0,,,
TXT2307,56.0,341.0,,,
TXT2308,45.0,433.0,,,
TXT2309,69.0,521.0,,,
TXT2310,62.0,438.0,,,
TXT2311,70.0,507.0,,,
TXT2312,108.0,931.0,,,
TXT2313,44.0,412.0,,,
TXT2314,55.0,425.0,,,
TXT2315,44.0,421.0,,,
TXT2316,72.0,514.0,,,
TXT2317,111.0,945.0,,,
TXT2318,49.0,426.0,,,
TXT2319,76.0,522.0,,,
TXT2320,48.0,459.0,,,
TXT2321,52.0,367.0,,,
TXT2322,52.0,495.0,,,
TXT2323,70.0,551.0,,,
TXT2324,78.0,691.0,,,
TXT2325,12.0,115.0,,,
TXT2326,102.0,807.0,,,
TXT2327,47.0,658.0,,,
TXT2328,68.0,513.0,,,
TXT2329,52.0,503.0,,,
TXT2330,65.0,516.0,,,
TXT2331,93.0,768.0,,,
TXT2332,56.0,539.0,,,
TXT2333,62.0,556.0,,,
TXT2334,83.0,582.0,,,
TXT2335,43.0,397.0,,,
TXT2336,61.0,424.0,,,
TXT2337,92.0,969.0,,,
TXT2338,54.0,559.0,,,
TXT2339,52.0,598.0,,,
TXT2340,51.0,509.0,,,
TXT2341,49.0,464.0,,,
TXT2342,89.0,656.0,,,
TXT2343,73.0,560.0,,,
TXT2344,105.0,591.0,,,
TXT2345,65.0,429.0,,,
TXT2346,60.0,465.0,,,
TXT2347,79.0,773.0,,,
TXT2348,51.0,483.0,,,
TXT2349,55.0,386.0,,,
TXT2350,73.0,514.0,,,
TXT2351,43.0,357.0,,,
TXT2352,73.0,688.0,,,
TXT2353,33.0,293.0,,,
TXT2354,53.0,476.0,,,
TXT2355,60.0,542.0,,,
TXT2356,63.0,489.0,,,
TXT2357,85.0,584.0,,,
TXT2358,63.0,453.0,,,
TXT2359,68.0,583.0,,,
TXT2360,14.0,546.0,,,
TXT2361,13.0,456.0,,,
TXT2362,63.0,628.0,,,
TXT2363,61.0,519.0,,,
TXT2364,62.0,533.0,,,
TXT2365,53.0,354.0,,,
TXT2366,26.0,307.0,,,
TXT2367,53.0,374.0,,,
TXT2368,53.0,333.0,,,
TXT2369,48.0,360.0,,,
TXT2370,70.0,591.0,,,
TXT2371,58.0,549.0,,,
TXT2372,50.0,335.0,,,
TXT2373,59.0,417.0,,,
TXT2374,42.0,470.0,,,
TXT2375,84.0,615.0,,,
TXT2376,61.0,606.0,,,
TXT2377,55.0,415.0,,,
TXT2378,41.0,390.0,,,
TXT2379,46.0,560.0,,,
TXT2380,90.0,534.0,,,
TXT2381,36.0,270.0,,,
TXT2382,83.0,651.0,,,
TXT2383,75.0,628.0,,,
TXT2384,109.0,670.0,,,
TXT2385,66.0,574.0,,,
TXT2386,74.0,462.0,,,
TXT2387,52.0,473.0,,,
TXT2388,41.0,402.0,,,
TXT2389,83.0,799.0,,,
TXT2390,46.0,402.0,,,
TXT2391,21.0,200.0,,,
TXT2392,22.0,191.0,,,
TXT2393,44.0,402.0,,,
TXT2394,65.0,546.0,,,
TXT2395,54.0,472.0,,,
TXT2396,17.0,144.0,,,
TXT2397,62.0,669.0,,,
TXT2398,55.0,505.0,,,
TXT2399,50.0,519.0,,,
TXT2400,204.0,1759.0,,,
TXT2401,75.0,408.0,,,
TXT2402,88.0,741.0,,,
TXT2403,103.0,680.0,,,
TXT2404,97.0,680.0,,,
TXT2405,72.0,547.0,,,
TXT2406,88.0,575.0,,,
TXT2407,108.0,1044.0,,,
TXT2408,100.0,853.0,,,
TXT2409,33.0,236.0,,,
TXT2410,38.0,329.0,,,
TXT2411,32.0,312.0,,,
TXT2412,64.0,638.0,,,
TXT2413,61.0,548.0,,,
TXT2414,67.0,511.0,,,
TXT2415,70.0,693.0,,,
TXT2416,106.0,994.0,,,
TXT2417,62.0,540.0,,,
TXT2418,50.0,503.0,,,
TXT2419,87.0,594.0,,,
TXT2420,76.0,729.0,,,
TXT2421,69.0,687.0,,,
TXT2422,47.0,473.0,,,
TXT2423,58.0,497.0,,,
TXT2424,81.0,604.0,,,
TXT2425,79.0,697.0,,,
TXT2426,94.0,660.0,,,
TXT2427,77.0,613.0,,,
TXT2428,24.0,149.0,,,
TXT2429,57.0,559.0,,,
TXT2430,51.0,505.0,,,
TXT2431,60.0,512.0,,,
TXT2432,57.0,454.0,,,
TXT2433,62.0,516.0,,,
TXT2434,74.0,698.0,,,
TXT2435,67.0,585.0,,,
TXT2436,32.0,314.0,,,
TXT2437,55.0,581.0,,,
TXT2438,70.0,538.0,,,
TXT2439,62.0,563.0,,,
TXT2440,52.0,444.0,,,
TXT2441,70.0,700.0,,,
TXT2442,63.0,504.0,,,
TXT2443,84.0,712.0,,,
TXT2444,66.0,607.0,,,
TXT2445,56.0,542.0,,,
TXT2446,45.0,422.0,,,
TXT2447,55.0,465.0,,,
TXT2448,64.0,525.0,,,
TXT2449,55.0,500.0,,,
TXT2450,77.0,594.0,,,
TXT2451,137.0,1256.0,,,
TXT2452,63.0,519.0,,,
TXT2453,93.0,898.0,,,
TXT2454,66.0,577.0,,,
TXT2455,30.0,278.0,,,
TXT2456,78.0,712.0,,,
TXT2457,70.0,647.0,,,
TXT2458,66.0,592.0,,,
TXT2459,75.0,627.0,,,
TXT2460,73.0,578.0,,,
TXT2461,77.0,509.0,,,
TXT2462,63.0,580.0,,,
TXT2463,98.0,798.0,,,
TXT2464,68.0,766.0,,,
TXT2465,47.0,324.0,,,
TXT2466,25.0,233.0,,,
TXT2467,59.0,519.0,,,
TXT2468,38.0,377.0,,,
TXT2469,54.0,503.0,,,
TXT2470,73.0,649.0,,,
TXT2471,60.0,468.0,,,
TXT2472,43.0,531.0,,,
TXT2473,82.0,721.0,,,
TXT2474,48.0,308.0,,,
TXT2475,59.0,519.0,,,
TXT2476,76.0,590.0,,,
TXT2477,22.0,211.0,,,
TXT2478,80.0,632.0,,,
TXT2479,62.0,413.0,,,
TXT2480,32.0,292.0,,,
TXT2481,20.0,219.0,,,
TXT2482,35.0,302.0,,,
TXT2483,19.0,132.0,,,
TXT2484,69.0,636.0,,,
TXT2485,61.0,546.0,,,
TXT2486,68.0,602.0,,,
TXT2487,29.0,269.0,,,
TXT2488,69.0,533.0,,,
TXT2489,22.0,172.0,,,
TXT2490,62.0,576.0,,,
TXT2491,64.0,531.0,,,
TXT2492,57.0,426.0,,,
TXT2493,64.0,618.0,,,
TXT2494,41.0,385.0,,,
TXT2495,92.0,598.0,,,
TXT2496,55.0,429.0,,,
TXT2497,68.0,599.0,,,
TXT2498,52.0,447.0,,,
TXT2499,45.0,371.0,,,
TXT2500,56.0,396.0,,,
TXT2501,50.0,434.0,,,
TXT2502,86.0,715.0,,,
TXT2503,67.0,620.0,,,
TXT2504,53.0,395.0,,,
TXT2505,109.0,854.0,,,
TXT2506,5.0,27.0,,,
TXT2507,12.0,133.0,,,
TXT2508,16.0,107.0,,,
TXT2509,78.0,702.0,,,
TXT2510,64.0,560.0,,,
TXT2511,77.0,670.0,,,
TXT2512,91.0,745.0,,,
TXT2513,69.0,630.0,,,
TXT2514,61.0,540.0,,,
TXT2515,73.0,702.0,,,
TXT2516,67.0,589.0,,,
TXT2517,76.0,682.0,,,
TXT2518,93.0,1337.0,,,
TXT2519,71.0,641.0,,,
TXT2520,67.0,439.0,,,
TXT2521,59.0,569.0,,,
TXT2522,67.0,517.0,,,
TXT2523,89.0,948.0,,,
TXT2524,98.0,517.0,,,
TXT2525,41.0,329.0,,,
TXT2526,51.0,427.0,,,
TXT2527,67.0,621.0,,,
TXT2528,61.0,638.0,,,
TXT2529,41.0,452.0,,,
TXT2530,111.0,1070.0,,,
TXT2531,104.0,662.0,,,
TXT2532,50.0,298.0,,,
TXT2533,50.0,355.0,,,
TXT2534,98.0,798.0,,,
TXT2535,64.0,598.0,,,
TXT2536,87.0,647.0,,,
TXT2537,71.0,493.0,,,
TXT2538,75.0,635.0,,,
TXT2539,92.0,1020.0,,,
TXT2540,52.0,442.0,,,
TXT2541,56.0,418.0,,,
TXT2542,139.0,1053.0,,,
TXT2543,78.0,848.0,,,
TXT2544,44.0,376.0,,,
TXT2545,17.0,154.0,,,
TXT2546,47.0,411.0,,,
TXT2547,80.0,557.0,,,
TXT2548,83.0,692.0,,,
TXT2549,64.0,381.0,,,
TXT2550,114.0,1018.0,,,
TXT2551,71.0,664.0,,,
TXT2552,51.0,360.0,,,
TXT2553,81.0,756.0,,,
TXT2554,39.0,265.0,,,
TXT2555,96.0,864.0,,,
TXT2556,63.0,523.0,,,
TXT2557,136.0,1263.0,,,
TXT2558,72.0,426.0,,,
TXT2559,132.0,952.0,,,
TXT2560,68.0,637.0,,,
TXT2561,101.0,810.0,,,
TXT2562,97.0,747.0,,,
TXT2563,101.0,839.0,,,
TXT2564,57.0,495.0,,,
TXT2565,55.0,508.0,,,
TXT2566,56.0,651.0,,,
TXT2567,62.0,520.0,,,
TXT2568,121.0,1035.0,,,
TXT2569,107.0,918.0,,,
TXT2570,74.0,583.0,,,
TXT2571,113.0,925.0,,,
TXT2572,55.0,527.0,,,
TXT2573,78.0,618.0,,,
TXT2574,54.0,441.0,,,
TXT2575,64.0,590.0,,,
TXT2576,83.0,780.0,,,
TXT2577,60.0,567.0,,,
TXT2578,45.0,355.0,,,
TXT2579,91.0,741.0,,,
TXT2580,51.0,421.0,,,
TXT2581,79.0,699.0,,,
TXT2582,55.0,456.0,,,
TXT2583,21.0,137.0,,,
TXT2584,51.0,571.0,,,
TXT2585,64.0,650.0,,,
TXT2586,83.0,769.0,,,
TXT2587,59.0,485.0,,,
TXT2588,68.0,524.0,,,
TXT2589,71.0,506.0,,,
TXT2590,70.0,789.0,,,
TXT2591,81.0,707.0,,,
TXT2592,46.0,377.0,,,
TXT2593,80.0,713.0,,,
TXT2594,86.0,736.0,,,
TXT2595,66.0,493.0,,,
TXT2596,29.0,239.0,,,
TXT2597,87.0,776.0,,,
TXT2598,52.0,430.0,,,
TXT2599,81.0,599.0,,,
TXT2600,54.0,487.0,,,
TXT2601,65.0,493.0,,,
TXT2602,77.0,650.0,,,
TXT2603,53.0,382.0,,,
TXT2604,48.0,426.0,,,
TXT2605,65.0,585.0,,,
TXT2606,79.0,669.0,,,
TXT2607,69.0,584.0,,,
TXT2608,80.0,646.0,,,
TXT2609,92.0,704.0,,,
TXT2610,93.0,780.0,,,
TXT2611,75.0,578.0,,,
TXT2612,72.0,512.0,,,
TXT2613,101.0,1007.0,,,
TXT2614,37.0,287.0,,,
TXT2615,57.0,420.0,,,
TXT2616,43.0,341.0,,,
TXT2617,98.0,1064.0,,,
TXT2618,70.0,606.0,,,
TXT2619,70.0,575.0,,,
TXT2620,60.0,490.0,,,
TXT2621,53.0,428.0,,,
TXT2622,38.0,410.0,,,
TXT2623,44.0,493.0,,,
TXT2624,37.0,330.0,,,
TXT2625,76.0,555.0,,,
TXT2626,102.0,873.0,,,
TXT2627,15.0,116.0,,,
TXT2628,67.0,591.0,,,
TXT2629,54.0,430.0,,,
TXT2630,36.0,271.0,,,
TXT2631,85.0,550.0,,,
TXT2632,81.0,603.0,,,
TXT2633,43.0,329.0,,,
TXT2634,25.0,226.0,,,
TXT2635,64.0,567.0,,,
TXT2636,50.0,436.0,,,
TXT2637,74.0,471.0,,,
TXT2638,23.0,228.0,,,
TXT2639,30.0,239.0,,,
TXT2640,61.0,515.0,,,
TXT2641,96.0,754.0,,,
TXT2642,79.0,691.0,,,
TXT2643,38.0,311.0,,,
TXT2644,28.0,190.0,,,
TXT2645,36.0,244.0,,,
TXT2646,47.0,433.0,,,
TXT2647,100.0,786.0,,,
TXT2648,41.0,318.0,,,
TXT2649,90.0,520.0,,,
TXT2650,76.0,617.0,,,
TXT2651,57.0,677.0,,,
TXT2652,51.0,377.0,,,
TXT2653,18.0,171.0,,,
TXT2654,68.0,597.0,,,
TXT2655,50.0,441.0,,,
TXT2656,53.0,477.0,,,
TXT2657,55.0,489.0,,,
TXT2658,105.0,850.0,,,
TXT2659,36.0,235.0,,,
TXT2660,76.0,508.0,,,
TXT2661,20.0,158.0,,,
TXT2662,52.0,414.0,,,
TXT2663,51.0,418.0,,,
TXT2664,75.0,679.0,,,
TXT2665,51.0,418.0,,,
TXT2666,104.0,912.0,,,
TXT2667,84.0,652.0,,,
TXT2668,2.0,4.0,,,
TXT2669,15.0,133.0,,,
TXT2670,92.0,752.0,,,
TXT2671,62.0,509.0,,,
TXT2672,57.0,539.0,,,
TXT2673,56.0,510.0,,,
TXT2674,55.0,393.0,,,
TXT2675,68.0,408.0,,,
TXT2676,10.0,61.0,,,
TXT2677,72.0,312.0,,,
TXT2678,87.0,709.0,,,
TXT2679,61.0,573.0,,,
TXT2680,107.0,650.0,,,
TXT2681,103.0,723.0,,,
TXT2682,99.0,475.0,,,
TXT2683,21.0,216.0,,,
TXT2684,136.0,476.0,,,
TXT2685,172.0,666.0,,,
TXT2686,100.0,492.0,,,
TXT2687,109.0,455.0,,,
TXT2688,65.0,551.0,,,
TXT2689,151.0,613.0,,,
TXT2690,138.0,490.0,,,
TXT2691,84.0,386.0,,,
TXT2692,61.0,449.0,,,
TXT2693,62.0,556.0,,,
TXT2694,1.0,5.0,,,
TXT2695,70.0,573.0,,,
TXT2696,70.0,431.0,,,
TXT2697,105.0,1014.0,,,
TXT2698,47.0,425.0,,,
TXT2699,106.0,842.0,,,
TXT2700,52.0,540.0,,,
TXT2701,72.0,733.0,,,
TXT2702,53.0,561.0,,,
TXT2703,75.0,773.0,,,
TXT2704,73.0,608.0,,,
TXT2705,68.0,752.0,,,
TXT2706,90.0,911.0,,,
TXT2707,79.0,800.0,,,
TXT2708,55.0,372.0,,,
TXT2709,56.0,637.0,,,
TXT2710,44.0,417.0,,,
TXT2711,83.0,853.0,,,
TXT2712,58.0,592.0,,,
TXT2713,56.0,433.0,,,
TXT2714,51.0,525.0,,,
TXT2715,70.0,704.0,,,
TXT2716,79.0,528.0,,,
TXT2717,52.0,542.0,,,
TXT2718,96.0,738.0,,,
TXT2719,33.0,358.0,,,
TXT2720,55.0,630.0,,,
TXT2721,46.0,486.0,,,
TXT2722,53.0,487.0,,,
TXT2723,50.0,528.0,,,
TXT2724,53.0,600.0,,,
TXT2725,67.0,573.0,,,
TXT2726,88.0,719.0,,,
TXT2727,50.0,540.0,,,
TXT2728,55.0,525.0,,,
TXT2729,52.0,574.0,,,
TXT2730,39.0,399.0,,,
TXT2731,56.0,570.0,,,
TXT2732,31.0,264.0,,,
TXT2733,69.0,811.0,,,
TXT2734,63.0,637.0,,,
TXT2735,66.0,619.0,,,
TXT2736,57.0,572.0,,,
TXT2737,76.0,737.0,,,
TXT2738,53.0,423.0,,,
TXT2739,66.0,667.0,,,
TXT2740,77.0,529.0,,,
TXT2741,74.0,772.0,,,
TXT2742,38.0,347.0,,,
TXT2743,60.0,595.0,,,
TXT2744,63.0,450.0,,,
TXT2745,84.0,753.0,,,
TXT2746,67.0,355.0,,,
TXT2747,78.0,666.0,,,
TXT2748,73.0,463.0,,,
TXT2749,55.0,453.0,,,
TXT2750,64.0,491.0,,,
TXT2751,61.0,523.0,,,
TXT2752,83.0,719.0,,,
TXT2753,44.0,310.0,,,
TXT2754,70.0,773.0,,,
TXT2755,76.0,646.0,,,
TXT2756,72.0,646.0,,,
TXT2757,44.0,491.0,,,
TXT2758,46.0,402.0,,,
TXT2759,70.0,768.0,,,
TXT2760,47.0,464.0,,,
TXT2761,187.0,1253.0,,,
TXT2762,43.0,489.0,,,
TXT2763,43.0,392.0,,,
TXT2764,52.0,519.0,,,
TXT2765,59.0,412.0,,,
TXT2766,95.0,581.0,,,
TXT2767,49.0,311.0,,,
TXT2768,50.0,393.0,,,
TXT2769,62.0,404.0,,,
TXT2770,40.0,300.0,,,
TXT2771,41.0,285.0,,,
TXT2772,54.0,251.0,,,
TXT2773,49.0,243.0,,,
TXT2774,65.0,656.0,,,
TXT2775,42.0,310.0,,,
TXT2776,74.0,382.0,,,
TXT2777,38.0,360.0,,,
TXT2778,39.0,220.0,,,
TXT2779,67.0,336.0,,,
TXT2780,37.0,216.0,,,
TXT2781,68.0,402.0,,,
TXT2782,45.0,390.0,,,
TXT2783,38.0,285.0,,,
TXT2784,56.0,370.0,,,
TXT2785,41.0,281.0,,,
TXT2786,62.0,687.0,,,
TXT2787,42.0,430.0,,,
TXT2788,70.0,364.0,,,
TXT2789,51.0,444.0,,,
TXT2790,43.0,274.0,,,
TXT2791,39.0,381.0,,,
TXT2792,78.0,456.0,,,
TXT2793,96.0,408.0,,,
TXT2794,44.0,435.0,,,
TXT2795,63.0,572.0,,,
TXT2796,47.0,368.0,,,
TXT2797,47.0,356.0,,,
TXT2798,64.0,562.0,,,
TXT2799,63.0,488.0,,,
TXT2800,34.0,360.0,,,
TXT2801,58.0,625.0,,,
TXT2802,36.0,224.0,,,
TXT2803,51.0,293.0,,,
TXT2804,49.0,280.0,,,
TXT2805,45.0,299.0,,,
TXT2806,53.0,315.0,,,
TXT2807,66.0,587.0,,,
TXT2808,115.0,846.0,,,
TXT2809,76.0,585.0,,,
TXT2810,69.0,542.0,,,
TXT2811,125.0,931.0,,,
TXT2812,76.0,561.0,,,
TXT2813,94.0,578.0,,,
TXT2814,46.0,431.0,,,
TXT2815,116.0,801.0,,,
TXT2816,67.0,770.0,,,
TXT2817,65.0,466.0,,,
TXT2818,45.0,392.0,,,
TXT2819,93.0,808.0,,,
TXT2820,48.0,507.0,,,
TXT2821,40.0,403.0,,,
TXT2822,58.0,213.0,,,
TXT2823,71.0,578.0,,,
TXT2824,70.0,598.0,,,
TXT2825,84.0,491.0,,,
TXT2826,71.0,664.0,,,
TXT2827,106.0,791.0,,,
TXT2828,60.0,426.0,,,
TXT2829,50.0,370.0,,,
TXT2830,64.0,543.0,,,
TXT2831,80.0,763.0,,,
TXT2832,48.0,297.0,,,
TXT2833,52.0,472.0,,,
TXT2834,46.0,406.0,,,
TXT2835,74.0,315.0,,,
TXT2836,54.0,502.0,,,
TXT2837,41.0,371.0,,,
TXT2838,83.0,598.0,,,
TXT2839,51.0,525.0,,,
TXT2840,65.0,599.0,,,
TXT2841,51.0,496.0,,,
TXT2842,110.0,691.0,,,
TXT2843,38.0,358.0,,,
TXT2844,89.0,458.0,,,
TXT2845,106.0,776.0,,,
TXT2846,103.0,780.0,,,
TXT2847,83.0,629.0,,,
TXT2848,71.0,603.0,,,
TXT2849,61.0,539.0,,,
TXT2850,38.0,264.0,,,
TXT2851,61.0,588.0,,,
TXT2852,49.0,505.0,,,
TXT2853,41.0,428.0,,,
TXT2854,51.0,437.0,,,
TXT2855,62.0,549.0,,,
TXT2856,40.0,394.0,,,
TXT2857,45.0,425.0,,,
TXT2858,71.0,571.0,,,
TXT2859,57.0,500.0,,,
TXT2860,48.0,411.0,,,
TXT2861,45.0,481.0,,,
TXT2862,62.0,361.0,,,
TXT2863,74.0,622.0,,,
TXT2864,55.0,314.0,,,
TXT2865,54.0,508.0,,,
TXT2866,43.0,322.0,,,
TXT2867,51.0,592.0,,,
TXT2868,61.0,528.0,,,
TXT2869,66.0,602.0,,,
TXT2870,32.0,275.0,,,
TXT2871,57.0,420.0,,,
TXT2872,49.0,451.0,,,
TXT2873,57.0,442.0,,,
TXT2874,49.0,412.0,,,
TXT2875,109.0,708.0,,,
TXT2876,48.0,367.0,,,
TXT2877,45.0,353.0,,,
TXT2878,43.0,350.0,,,
TXT2879,48.0,449.0,,,
TXT2880,36.0,364.0,,,
TXT2881,52.0,414.0,,,
TXT2882,58.0,413.0,,,
TXT2883,77.0,650.0,,,
TXT2884,61.0,472.0,,,
TXT2885,84.0,682.0,,,
TXT2886,47.0,331.0,,,
TXT2887,39.0,451.0,,,
TXT2888,53.0,419.0,,,
TXT2889,52.0,489.0,,,
TXT2890,23.0,228.0,,,
TXT2891,26.0,257.0,,,
TXT2892,61.0,462.0,,,
TXT2893,48.0,414.0,,,
TXT2894,31.0,303.0,,,
TXT2895,43.0,365.0,,,
TXT2896,45.0,380.0,,,
TXT2897,51.0,389.0,,,
TXT2898,52.0,412.0,,,
TXT2899,57.0,368.0,,,
TXT2900,48.0,442.0,,,
TXT2901,50.0,596.0,,,
TXT2902,60.0,518.0,,,
TXT2903,75.0,478.0,,,
TXT2904,63.0,442.0,,,
TXT2905,45.0,413.0,,,
TXT2906,52.0,388.0,,,
TXT2907,43.0,344.0,,,
TXT2908,57.0,351.0,,,
TXT2909,61.0,431.0,,,
TXT2910,51.0,414.0,,,
TXT2911,67.0,525.0,,,
TXT2912,61.0,485.0,,,
TXT2913,47.0,283.0,,,
TXT2914,31.0,298.0,,,
TXT2915,43.0,398.0,,,
TXT2916,43.0,413.0,,,
TXT2917,44.0,340.0,,,
TXT2918,51.0,348.0,,,
TXT2919,39.0,256.0,,,
TXT2920,41.0,440.0,,,
TXT2921,33.0,243.0,,,
TXT2922,38.0,393.0,,,
TXT2923,59.0,406.0,,,
TXT2924,21.0,209.0,,,
TXT2925,60.0,401.0,,,
TXT2926,75.0,550.0,,,
TXT2927,44.0,215.0,,,
TXT2928,65.0,350.0,,,
TXT2929,40.0,247.0,,,
TXT2930,56.0,547.0,,,
TXT2931,50.0,338.0,,,
TXT2932,41.0,307.0,,,
TXT2933,48.0,306.0,,,
TXT2934,38.0,269.0,,,
TXT2935,56.0,511.0,,,
TXT2936,45.0,462.0,,,
TXT2937,54.0,284.0,,,
TXT2938,45.0,332.0,,,
TXT2939,54.0,365.0,,,
TXT2940,52.0,423.0,,,
TXT2941,36.0,267.0,,,
TXT2942,49.0,400.0,,,
TXT2943,66.0,485.0,,,
TXT2944,46.0,310.0,,,
TXT2945,41.0,345.0,,,
TXT2946,49.0,440.0,,,
TXT2947,43.0,297.0,,,
TXT2948,60.0,453.0,,,
TXT2949,49.0,428.0,,,
TXT2950,32.0,257.0,,,
TXT2951,75.0,450.0,,,
TXT2952,77.0,575.0,,,
TXT2953,24.0,193.0,,,
TXT2954,51.0,318.0,,,
TXT2955,45.0,406.0,,,
TXT2956,92.0,749.0,,,
TXT2957,59.0,530.0,,,
TXT2958,70.0,665.0,,,
TXT2959,61.0,677.0,,,
TXT2960,45.0,420.0,,,
TXT2961,66.0,498.0,,,
TXT2962,61.0,480.0,,,
TXT2963,75.0,796.0,,,
TXT2964,45.0,422.0,,,
TXT2965,54.0,453.0,,,
TXT2966,43.0,419.0,,,
TXT2967,53.0,558.0,,,
TXT2968,46.0,402.0,,,
TXT2969,64.0,677.0,,,
TXT2970,54.0,451.0,,,
TXT2971,47.0,380.0,,,
TXT2972,54.0,519.0,,,
TXT2973,95.0,756.0,,,
TXT2974,64.0,556.0,,,
TXT2975,65.0,485.0,,,
TXT2976,48.0,401.0,,,
TXT2977,65.0,625.0,,,
TXT2978,62.0,689.0,,,
TXT2979,56.0,466.0,,,
TXT2980,68.0,541.0,,,
TXT2981,59.0,732.0,,,
TXT2982,53.0,493.0,,,
TXT2983,49.0,466.0,,,
TXT2984,53.0,571.0,,,
TXT2985,45.0,352.0,,,
TXT2986,38.0,346.0,,,
TXT2987,91.0,992.0,,,
TXT2988,55.0,450.0,,,
TXT2989,58.0,422.0,,,
TXT2990,69.0,788.0,,,
TXT2991,58.0,616.0,,,
TXT2992,58.0,701.0,,,
TXT2993,53.0,583.0,,,
TXT2994,55.0,663.0,,,
TXT2995,78.0,879.0,,,
TXT2996,39.0,430.0,,,
TXT2997,73.0,568.0,,,
TXT2998,52.0,505.0,,,
TXT2999,54.0,508.0,,,
TXT3000,67.0,737.0,,,
TXT3001,54.0,445.0,,,
TXT3002,45.0,395.0,,,
TXT3003,42.0,458.0,,,
TXT3004,51.0,563.0,,,
TXT3005,61.0,627.0,,,
TXT3006,134.0,1165.0,,,
TXT3007,55.0,675.0,,,
TXT3008,52.0,386.0,,,
TXT3009,52.0,492.0,,,
TXT3010,63.0,516.0,,,
TXT3011,52.0,575.0,,,
TXT3012,59.0,596.0,,,
TXT3013,43.0,338.0,,,
TXT3014,61.0,626.0,,,
TXT3015,13.0,63.0,,,
TXT3016,48.0,347.0,,,
TXT3017,37.0,279.0,,,
TXT3018,152.0,1647.0,,,
TXT3019,54.0,621.0,,,
TXT3020,57.0,649.0,,,
TXT3021,36.0,366.0,,,
TXT3022,52.0,508.0,,,
TXT3023,63.0,630.0,,,
TXT3024,44.0,327.0,,,
TXT3025,48.0,422.0,,,
TXT3026,28.0,152.0,,,
TXT3027,61.0,636.0,,,
TXT3028,53.0,546.0,,,
TXT3029,42.0,405.0,,,
TXT3030,43.0,432.0,,,
TXT3031,22.0,242.0,,,
TXT3032,50.0,403.0,,,
TXT3033,36.0,323.0,,,
TXT3034,50.0,517.0,,,
TXT3035,38.0,272.0,,,
TXT3036,36.0,281.0,,,
TXT3037,23.0,170.0,,,
TXT3038,51.0,682.0,,,
TXT3039,11.0,104.0,,,
TXT3040,8.0,90.0,,,
TXT3041,70.0,572.0,,,
TXT3042,80.0,656.0,,,
TXT3043,64.0,558.0,,,
TXT3044,59.0,449.0,,,
TXT3045,56.0,414.0,,,
TXT3046,82.0,659.0,,,
TXT3047,76.0,532.0,,,
TXT3048,48.0,402.0,,,
TXT3049,62.0,521.0,,,
TXT3050,63.0,511.0,,,
TXT3051,53.0,545.0,,,
TXT3052,84.0,845.0,,,
TXT3053,75.0,716.0,,,
TXT3054,48.0,422.0,,,
TXT3055,55.0,572.0,,,
TXT3056,65.0,670.0,,,
TXT3057,54.0,459.0,,,
TXT3058,53.0,686.0,,,
TXT3059,87.0,731.0,,,
TXT3060,59.0,677.0,,,
TXT3061,31.0,327.0,,,
TXT3062,36.0,391.0,,,
TXT3063,80.0,816.0,,,
TXT3064,50.0,601.0,,,
TXT3065,98.0,919.0,,,
TXT3066,61.0,671.0,,,
TXT3067,65.0,611.0,,,
TXT3068,70.0,660.0,,,
TXT3069,55.0,476.0,,,
TXT3070,47.0,596.0,,,
TXT3071,43.0,308.0,,,
TXT3072,46.0,394.0,,,
TXT3073,63.0,554.0,,,
TXT3074,59.0,662.0,,,
TXT3075,56.0,532.0,,,
TXT3076,59.0,693.0,,,
TXT3077,76.0,632.0,,,
TXT3078,62.0,700.0,,,
TXT3079,72.0,742.0,,,
TXT3080,57.0,396.0,,,
TXT3081,82.0,828.0,,,
TXT3082,51.0,448.0,,,
TXT3083,48.0,347.0,,,
TXT3084,52.0,384.0,,,
TXT3085,52.0,433.0,,,
TXT3086,77.0,471.0,,,
TXT3087,38.0,277.0,,,
TXT3088,121.0,1190.0,,,
TXT3089,83.0,562.0,,,
TXT3090,75.0,712.0,,,
TXT3091,51.0,593.0,,,
TXT3092,62.0,800.0,,,
TXT3093,60.0,621.0,,,
TXT3094,56.0,466.0,,,
TXT3095,54.0,465.0,,,
TXT3096,53.0,562.0,,,
TXT3097,55.0,509.0,,,
TXT3098,67.0,769.0,,,
TXT3099,65.0,918.0,,,
TXT3100,63.0,926.0,,,
TXT3101,59.0,368.0,,,
TXT3102,48.0,443.0,,,
TXT3103,50.0,474.0,,,
TXT3104,23.0,183.0,,,
TXT3105,52.0,390.0,,,
TXT3106,45.0,599.0,,,
TXT3107,52.0,589.0,,,
TXT3108,53.0,565.0,,,
TXT3109,54.0,556.0,,,
TXT3110,76.0,611.0,,,
TXT3111,51.0,471.0,,,
TXT3112,29.0,368.0,,,
TXT3113,90.0,965.0,,,
TXT3114,92.0,856.0,,,
TXT3115,53.0,419.0,,,
TXT3116,54.0,606.0,,,
TXT3117,56.0,539.0,,,
TXT3118,61.0,561.0,,,
TXT3119,42.0,362.0,,,
TXT3120,49.0,516.0,,,
TXT3121,55.0,591.0,,,
TXT3122,47.0,446.0,,,
TXT3123,25.0,368.0,,,
TXT3124,84.0,776.0,,,
TXT3125,79.0,586.0,,,
TXT3126,55.0,557.0,,,
TXT3127,65.0,583.0,,,
TXT3128,63.0,458.0,,,
TXT3129,70.0,686.0,,,
TXT3130,70.0,425.0,,,
TXT3131,60.0,367.0,,,
TXT3132,40.0,370.0,,,
TXT3133,45.0,636.0,,,
TXT3134,35.0,262.0,,,
TXT3135,55.0,495.0,,,
TXT3136,41.0,485.0,,,
TXT3137,62.0,530.0,,,
TXT3138,109.0,678.0,,,
TXT3139,91.0,760.0,,,
TXT3140,55.0,544.0,,,
TXT3141,22.0,139.0,,,
TXT3142,34.0,334.0,,,
TXT3143,27.0,187.0,,,
TXT3144,56.0,465.0,,,
TXT3145,49.0,321.0,,,
TXT3146,64.0,575.0,,,
TXT3147,50.0,436.0,,,
TXT3148,47.0,433.0,,,
TXT3149,27.0,276.0,,,
TXT3150,67.0,518.0,,,
TXT3151,46.0,419.0,,,
TXT3152,18.0,81.0,,,
TXT3153,58.0,574.0,,,
TXT3154,6.0,22.0,,,
TXT3155,47.0,392.0,,,
TXT3156,91.0,551.0,,,
TXT3157,53.0,461.0,,,
TXT3158,55.0,483.0,,,
TXT3159,4.0,28.0,,,
TXT3160,69.0,506.0,,,
TXT3161,35.0,367.0,,,
TXT3162,63.0,655.0,,,
TXT3163,77.0,689.0,,,
TXT3164,8.0,81.0,,,
TXT3165,53.0,611.0,,,
TXT3166,110.0,771.0,,,
TXT3167,2.0,8.0,,,
TXT3168,63.0,401.0,,,
TXT3169,53.0,450.0,,,
TXT3170,66.0,568.0,,,
TXT3171,65.0,613.0,,,
TXT3172,2.0,13.0,,,
TXT3173,2.0,21.0,,,
TXT3174,2.0,41.0,,,
TXT3175,4.0,26.0,,,
TXT3176,48.0,435.0,,,
TXT3177,45.0,306.0,,,
TXT3178,54.0,436.0,,,
TXT3179,37.0,255.0,,,
TXT3180,58.0,388.0,,,
TXT3181,53.0,365.0,,,
TXT3182,49.0,241.0,,,
TXT3183,51.0,465.0,,,
TXT3184,54.0,416.0,,,
TXT3185,49.0,451.0,,,
TXT3186,53.0,313.0,,,
TXT3187,57.0,499.0,,,
TXT3188,52.0,267.0,,,
TXT3189,59.0,490.0,,,
TXT3190,76.0,662.0,,,
TXT3191,73.0,648.0,,,
TXT3192,42.0,357.0,,,
TXT3193,64.0,681.0,,,
TXT3194,72.0,466.0,,,
TXT3195,48.0,302.0,,,
TXT3196,87.0,695.0,,,
TXT3197,43.0,205.0,,,
TXT3198,56.0,363.0,,,
TXT3199,63.0,411.0,,,
TXT3200,30.0,171.0,,,
TXT3201,63.0,458.0,,,
TXT3202,43.0,374.0,,,
TXT3203,49.0,560.0,,,
TXT3204,62.0,448.0,,,
TXT3205,58.0,569.0,,,
TXT3206,59.0,411.0,,,
TXT3207,73.0,552.0,,,
TXT3208,40.0,327.0,,,
TXT3209,54.0,488.0,,,
TXT3210,51.0,423.0,,,
TXT3211,65.0,513.0,,,
TXT3212,30.0,210.0,,,
TXT3213,66.0,537.0,,,
TXT3214,62.0,425.0,,,
TXT3215,53.0,384.0,,,
TXT3216,73.0,503.0,,,
TXT3217,69.0,616.0,,,
TXT3218,56.0,309.0,,,
TXT3219,73.0,513.0,,,
TXT3220,56.0,533.0,,,
TXT3221,57.0,411.0,,,
TXT3222,45.0,397.0,,,
TXT3223,58.0,413.0,,,
TXT3224,59.0,539.0,,,
TXT3225,45.0,433.0,,,
TXT3226,62.0,515.0,,,
TXT3227,68.0,521.0,,,
TXT3228,50.0,410.0,,,
TXT3229,62.0,395.0,,,
TXT3230,25.0,183.0,,,
TXT3231,60.0,497.0,,,
TXT3232,69.0,539.0,,,
TXT3233,56.0,359.0,,,
TXT3234,54.0,472.0,,,
TXT3235,47.0,435.0,,,
TXT3236,35.0,265.0,,,
TXT3237,49.0,441.0,,,
TXT3238,68.0,652.0,,,
TXT3239,38.0,439.0,,,
TXT3240,54.0,317.0,,,
TXT3241,36.0,346.0,,,
TXT3242,58.0,556.0,,,
TXT3243,44.0,274.0,,,
TXT3244,77.0,656.0,,,
TXT3245,33.0,202.0,,,
TXT3246,42.0,279.0,,,
TXT3247,67.0,551.0,,,
TXT3248,49.0,393.0,,,
TXT3249,22.0,195.0,,,
TXT3250,59.0,466.0,,,
TXT3251,90.0,671.0,,,
TXT3252,48.0,455.0,,,
TXT3253,43.0,399.0,,,
TXT3254,50.0,501.0,,,
TXT3255,61.0,614.0,,,
TXT3256,82.0,619.0,,,
TXT3257,75.0,555.0,,,
TXT3258,41.0,603.0,,,
TXT3259,61.0,345.0,,,
TXT3260,50.0,353.0,,,
TXT3261,71.0,595.0,,,
TXT3262,43.0,276.0,,,
TXT3263,43.0,391.0,,,
TXT3264,40.0,324.0,,,
TXT3265,39.0,336.0,,,
TXT3266,45.0,424.0,,,
TXT3267,60.0,557.0,,,
TXT3268,78.0,809.0,,,
TXT3269,13.0,125.0,,,
TXT3270,108.0,1039.0,,,
TXT3271,55.0,379.0,,,
TXT3272,66.0,499.0,,,
TXT3273,56.0,451.0,,,
TXT3274,44.0,428.0,,,
TXT3275,57.0,419.0,,,
TXT3276,47.0,409.0,,,
TXT3277,65.0,528.0,,,
TXT3278,93.0,695.0,,,
TXT3279,33.0,231.0,,,
TXT3280,68.0,564.0,,,
TXT3281,64.0,586.0,,,
TXT3282,62.0,485.0,,,
TXT3283,12.0,92.0,,,
TXT3284,58.0,531.0,,,
TXT3285,63.0,539.0,,,
TXT3286,57.0,386.0,,,
TXT3287,44.0,386.0,,,
TXT3288,52.0,472.0,,,
TXT3289,20.0,108.0,,,
TXT3290,64.0,734.0,,,
TXT3291,72.0,557.0,,,
TXT3292,53.0,410.0,,,
TXT3293,49.0,479.0,,,
TXT3294,39.0,348.0,,,
TXT3295,58.0,448.0,,,
TXT3296,91.0,663.0,,,
TXT3297,52.0,421.0,,,
TXT3298,51.0,490.0,,,
TXT3299,9.0,60.0,,,
TXT3300,60.0,536.0,,,
TXT3301,74.0,511.0,,,
TXT3302,25.0,161.0,,,
TXT3303,45.0,414.0,,,
TXT3304,75.0,604.0,,,
TXT3305,110.0,803.0,,,
TXT3306,55.0,377.0,,,
TXT3307,60.0,415.0,,,
TXT3308,60.0,555.0,,,
TXT3309,80.0,655.0,,,
TXT3310,31.0,216.0,,,
TXT3311,46.0,385.0,,,
TXT3312,50.0,458.0,,,
TXT3313,53.0,433.0,,,
TXT3314,78.0,632.0,,,
TXT3315,67.0,666.0,,,
TXT3316,50.0,410.0,,,
TXT3317,48.0,390.0,,,
TXT3318,36.0,328.0,,,
TXT3319,24.0,169.0,,,
TXT3320,93.0,841.0,,,
TXT3321,56.0,644.0,,,
TXT3322,53.0,357.0,,,
TXT3323,95.0,544.0,,,
TXT3324,68.0,518.0,,,
TXT3325,85.0,715.0,,,
TXT3326,44.0,264.0,,,
TXT3327,6.0,26.0,,,
TXT3328,50.0,276.0,,,
TXT3329,62.0,296.0,,,
TXT3330,67.0,533.0,,,
TXT3331,77.0,627.0,,,
TXT3332,79.0,590.0,,,
TXT3333,71.0,212.0,,,
TXT3334,19.0,415.0,,,
TXT3335,40.0,1079.0,,,
TXT3336,28.0,414.0,,,
TXT3337,12.0,372.0,,,
TXT3338,39.0,1084.0,,,
TXT3339,19.0,397.0,,,
TXT3340,37.0,993.0,,,
TXT3341,55.0,986.0,,,
TXT3342,44.0,1083.0,,,
TXT3343,36.0,834.0,,,
TXT3344,38.0,633.0,,,
TXT3345,17.0,324.0,,,
TXT3346,20.0,316.0,,,
TXT3347,31.0,965.0,,,
TXT3348,28.0,652.0,,,
TXT3349,21.0,743.0,,,
TXT3350,45.0,867.0,,,
TXT3351,48.0,919.0,,,
TXT3352,19.0,477.0,,,
TXT3353,31.0,726.0,,,
TXT3354,35.0,892.0,,,
TXT3355,82.0,809.0,,,
TXT3356,48.0,420.0,,,
TXT3357,78.0,643.0,,,
TXT3358,130.0,870.0,,,
TXT3359,60.0,391.0,,,
TXT3360,80.0,521.0,,,
TXT3361,94.0,830.0,,,
TXT3362,80.0,606.0,,,
TXT3363,87.0,761.0,,,
TXT3364,69.0,375.0,,,
TXT3365,88.0,560.0,,,
TXT3366,79.0,743.0,,,
TXT3367,59.0,446.0,,,
TXT3368,50.0,308.0,,,
TXT3369,96.0,743.0,,,
TXT3370,63.0,549.0,,,
TXT3371,82.0,748.0,,,
TXT3372,92.0,790.0,,,
TXT3373,67.0,450.0,,,
TXT3374,50.0,404.0,,,
TXT3375,50.0,458.0,,,
TXT3376,58.0,486.0,,,
TXT3377,80.0,383.0,,,
TXT3378,100.0,910.0,,,
TXT3379,101.0,767.0,,,
TXT3380,71.0,506.0,,,
TXT3381,83.0,710.0,,,
TXT3382,94.0,789.0,,,
TXT3383,54.0,519.0,,,
TXT3384,92.0,670.0,,,
TXT3385,64.0,527.0,,,
TXT3386,93.0,663.0,,,
TXT3387,76.0,606.0,,,
TXT3388,49.0,481.0,,,
TXT3389,92.0,817.0,,,
TXT3390,58.0,391.0,,,
TXT3391,59.0,493.0,,,
TXT3392,94.0,715.0,,,
TXT3393,53.0,543.0,,,
TXT3394,72.0,666.0,,,
TXT3395,54.0,371.0,,,
TXT3396,72.0,624.0,,,
TXT3397,93.0,745.0,,,
TXT3398,71.0,649.0,,,
TXT3399,65.0,606.0,,,
TXT3400,61.0,512.0,,,
TXT3401,60.0,541.0,,,
TXT3402,108.0,849.0,,,
TXT3403,97.0,970.0,,,
TXT3404,88.0,703.0,,,
TXT3405,79.0,594.0,,,
TXT3406,57.0,719.0,,,
TXT3407,83.0,655.0,,,
TXT3408,63.0,412.0,,,
TXT3409,91.0,865.0,,,
TXT3410,141.0,1255.0,,,
TXT3411,96.0,576.0,,,
TXT3412,37.0,396.0,,,
TXT3413,66.0,548.0,,,
TXT3414,114.0,856.0,,,
TXT3415,73.0,746.0,,,
TXT3416,91.0,652.0,,,
TXT3417,152.0,1354.0,,,
TXT3418,48.0,347.0,,,
TXT3419,109.0,924.0,,,
TXT3420,63.0,577.0,,,
TXT3421,95.0,1092.0,,,
TXT3422,96.0,690.0,,,
TXT3423,89.0,731.0,,,
TXT3424,64.0,593.0,,,
TXT3425,98.0,737.0,,,
TXT3426,69.0,587.0,,,
TXT3427,95.0,836.0,,,
TXT3428,96.0,878.0,,,
TXT3429,78.0,505.0,,,
TXT3430,101.0,870.0,,,
TXT3431,64.0,389.0,,,
TXT3432,82.0,539.0,,,
TXT3433,98.0,908.0,,,
TXT3434,77.0,748.0,,,
TXT3435,80.0,626.0,,,
TXT3436,40.0,665.0,,,
TXT3437,69.0,609.0,,,
TXT3438,66.0,454.0,,,
TXT3439,161.0,1126.0,,,
TXT3440,93.0,692.0,,,
TXT3441,44.0,260.0,,,
TXT3442,56.0,418.0,,,
TXT3443,89.0,726.0,,,
TXT3444,58.0,384.0,,,
TXT3445,57.0,611.0,,,
TXT3446,127.0,929.0,,,
TXT3447,56.0,390.0,,,
TXT3448,60.0,455.0,,,
TXT3449,63.0,733.0,,,
TXT3450,36.0,399.0,,,
TXT3451,60.0,607.0,,,
TXT3452,65.0,588.0,,,
TXT3453,64.0,855.0,,,
TXT3454,97.0,863.0,,,
TXT3455,60.0,672.0,,,
TXT3456,63.0,551.0,,,
TXT3457,47.0,214.0,,,
TXT3458,21.0,182.0,,,
TXT3459,74.0,676.0,,,
TXT3460,72.0,584.0,,,
TXT3461,50.0,844.0,,,
TXT3462,128.0,1019.0,,,
TXT3463,37.0,270.0,,,
TXT3464,34.0,190.0,,,
TXT3465,119.0,956.0,,,
TXT3466,56.0,586.0,,,
TXT3467,65.0,531.0,,,
TXT3468,1.0,13.0,,,
TXT3469,77.0,694.0,,,
TXT3470,23.0,151.0,,,
TXT3471,42.0,328.0,,,
TXT3472,118.0,1014.0,,,
TXT3473,140.0,933.0,,,
TXT3474,30.0,144.0,,,
TXT3475,84.0,629.0,,,
TXT3476,54.0,494.0,,,
TXT3477,8.0,47.0,,,
TXT3478,77.0,486.0,,,
TXT3479,7.0,14.0,,,
TXT3480,26.0,211.0,,,
TXT3481,72.0,680.0,,,
TXT3482,20.0,88.0,,,
TXT3483,51.0,575.0,,,
TXT3484,25.0,97.0,,,
TXT3485,11.0,63.0,,,
TXT3486,64.0,624.0,,,
TXT3487,104.0,882.0,,,
TXT3488,18.0,132.0,,,
TXT3489,17.0,178.0,,,
TXT3490,89.0,798.0,,,
TXT3491,6.0,155.0,,,
TXT3492,12.0,76.0,,,
TXT3493,39.0,368.0,,,
TXT3494,12.0,144.0,,,
TXT3495,17.0,174.0,,,
TXT3496,20.0,183.0,,,
TXT3497,7.0,77.0,,,
TXT3498,7.0,71.0,,,
TXT3499,24.0,265.0,,,
TXT3500,27.0,123.0,,,
TXT3501,10.0,44.0,,,
TXT3502,18.0,206.0,,,
TXT3503,1.0,5.0,,,
TXT3504,96.0,743.0,,,
TXT3505,1.0,9.0,,,
TXT3506,1.0,7.0,,,
TXT3507,53.0,297.0,,,
TXT3508,12.0,168.0,,,
TXT3509,1.0,12.0,,,
TXT3510,1.0,8.0,,,
TXT3511,1.0,11.0,,,
TXT3512,1.0,13.0,,,
TXT3513,14.0,42.0,,,
TXT3514,71.0,716.0,,,
TXT3515,83.0,893.0,,,
TXT3516,126.0,1123.0,,,
TXT3517,95.0,549.0,,,
TXT3518,171.0,1493.0,,,
TXT3519,96.0,806.0,,,
TXT3520,79.0,902.0,,,
TXT3521,51.0,331.0,,,
TXT3522,68.0,420.0,,,
TXT3523,30.0,287.0,,,
TXT3524,31.0,248.0,,,
TXT3525,62.0,548.0,,,
TXT3526,110.0,1084.0,,,
TXT3527,61.0,485.0,,,
TXT3528,50.0,445.0,,,
TXT3529,42.0,449.0,,,
TXT3530,53.0,283.0,,,
TXT3531,44.0,405.0,,,
TXT3532,45.0,384.0,,,
TXT3533,52.0,525.0,,,
TXT3534,98.0,813.0,,,
TXT3535,46.0,463.0,,,
TXT3536,83.0,721.0,,,
TXT3537,100.0,779.0,,,
TXT3538,52.0,228.0,,,
TXT3539,25.0,215.0,,,
TXT3540,55.0,411.0,,,
TXT3541,56.0,366.0,,,
TXT3542,79.0,586.0,,,
TXT3543,55.0,538.0,,,
TXT3544,37.0,344.0,,,
TXT3545,109.0,920.0,,,
TXT3546,40.0,367.0,,,
TXT3547,101.0,682.0,,,
TXT3548,69.0,617.0,,,
TXT3549,40.0,366.0,,,
TXT3550,54.0,509.0,,,
TXT3551,75.0,461.0,,,
TXT3552,92.0,582.0,,,
TXT3553,63.0,626.0,,,
TXT3554,42.0,250.0,,,
TXT3555,76.0,486.0,,,
TXT3556,88.0,740.0,,,
TXT3557,53.0,514.0,,,
TXT3558,14.0,100.0,,,
TXT3559,89.0,783.0,,,
TXT3560,106.0,625.0,,,
TXT3561,60.0,329.0,,,
TXT3562,90.0,838.0,,,
TXT3563,24.0,184.0,,,
TXT3564,56.0,471.0,,,
TXT3565,37.0,199.0,,,
TXT3566,50.0,432.0,,,
TXT3567,55.0,311.0,,,
TXT3568,38.0,285.0,,,
TXT3569,1.0,4.0,,,
TXT3570,35.0,277.0,,,
TXT3571,41.0,293.0,,,
TXT3572,44.0,234.0,,,
TXT3573,23.0,177.0,,,
TXT3574,20.0,252.0,,,
TXT3575,59.0,444.0,,,
TXT3576,28.0,164.0,,,
TXT3577,36.0,190.0,,,
TXT3578,18.0,216.0,,,
TXT3579,28.0,231.0,,,
TXT3580,1.0,7.0,,,
TXT3581,5.0,9.0,,,
TXT3582,34.0,363.0,,,
TXT3583,24.0,180.0,,,
TXT3584,77.0,681.0,,,
TXT3585,16.0,135.0,,,
TXT3586,33.0,151.0,,,
TXT3587,54.0,232.0,,,
TXT3588,62.0,390.0,,,
TXT3589,33.0,110.0,,,
TXT3590,21.0,120.0,,,
TXT3591,30.0,266.0,,,
TXT3592,25.0,203.0,,,
TXT3593,46.0,192.0,,,
TXT3594,24.0,209.0,,,
TXT3595,25.0,176.0,,,
TXT3596,30.0,155.0,,,
TXT3597,46.0,321.0,,,
TXT3598,1.0,5.0,,,
TXT3599,35.0,196.0,,,
TXT3600,18.0,101.0,,,
TXT3601,22.0,122.0,,,
TXT3602,43.0,246.0,,,
TXT3603,20.0,187.0,,,
TXT3604,39.0,250.0,,,
TXT3605,32.0,264.0,,,
TXT3606,53.0,335.0,,,
TXT3607,32.0,174.0,,,
TXT3608,35.0,213.0,,,
TXT3609,33.0,184.0,,,
TXT3610,42.0,259.0,,,
TXT3611,29.0,156.0,,,
TXT3612,36.0,272.0,,,
TXT3613,54.0,308.0,,,
TXT3614,32.0,252.0,,,
TXT3615,24.0,134.0,,,
TXT3616,34.0,206.0,,,
TXT3617,26.0,140.0,,,
TXT3618,49.0,189.0,,,
TXT3619,15.0,80.0,,,
TXT3620,24.0,146.0,,,
TXT3621,39.0,223.0,,,
TXT3622,22.0,131.0,,,
TXT3623,20.0,192.0,,,
TXT3624,47.0,302.0,,,
TXT3625,1.0,3.0,,,
TXT3626,27.0,160.0,,,
TXT3627,31.0,158.0,,,
TXT3628,24.0,150.0,,,
TXT3629,28.0,142.0,,,
TXT3630,24.0,149.0,,,
TXT3631,8.0,60.0,,,
TXT3632,42.0,158.0,,,
TXT3633,1.0,108.0,,,
TXT3634,20.0,134.0,,,
TXT3635,1.0,10.0,,,
TXT3636,18.0,167.0,,,
TXT3637,27.0,166.0,,,
TXT3638,23.0,183.0,,,
TXT3639,22.0,125.0,,,
TXT3640,30.0,277.0,,,
TXT3641,41.0,207.0,,,
TXT3642,33.0,205.0,,,
TXT3643,22.0,130.0,,,
TXT3644,24.0,186.0,,,
TXT3645,13.0,72.0,,,
TXT3646,28.0,217.0,,,
TXT3647,99.0,706.0,,,
TXT3648,31.0,344.0,,,
TXT3649,26.0,141.0,,,
TXT3650,23.0,141.0,,,
TXT3651,24.0,149.0,,,
TXT3652,31.0,220.0,,,
TXT3653,29.0,238.0,,,
TXT3654,19.0,107.0,,,
TXT3655,32.0,191.0,,,
TXT3656,1.0,3.0,,,
TXT3657,1.0,4.0,,,
TXT3658,1.0,6.0,,,
TXT3659,23.0,107.0,,,
TXT3660,1.0,3.0,,,
TXT3661,58.0,491.0,,,
TXT3662,58.0,491.0,,,
TXT3663,58.0,491.0,,,
TXT3664,58.0,491.0,,,
TXT3665,58.0,491.0,,,
TXT3666,58.0,491.0,,,
TXT3667,58.0,491.0,,,
TXT3668,58.0,491.0,,,
TXT3669,58.0,491.0,,,
TXT3670,58.0,491.0,,,
TXT3671,58.0,491.0,,,
TXT3672,58.0,491.0,,,
TXT3673,58.0,491.0,,,
TXT3674,58.0,491.0,,,
TXT3675,58.0,491.0,,,
TXT3676,58.0,491.0,,,
TXT3677,58.0,491.0,,,
TXT3678,58.0,491.0,,,
TXT3679,58.0,491.0,,,
TXT3680,58.0,491.0,,,
TXT3681,58.0,491.0,,,
TXT3682,58.0,491.0,,,
TXT3683,58.0,491.0,,,
TXT3684,58.0,491.0,,,
TXT3685,58.0,491.0,,,
TXT3686,58.0,491.0,,,
TXT3687,58.0,491.0,,,
TXT3688,58.0,491.0,,,
TXT3689,58.0,491.0,,,
TXT3690,58.0,491.0,,,
TXT3691,58.0,491.0,,,
TXT3692,58.0,491.0,,,
TXT3693,58.0,491.0,,,
TXT3694,58.0,491.0,,,
TXT3695,58.0,491.0,,,
TXT3696,58.0,491.0,,,
TXT3697,58.0,491.0,,,
TXT3698,58.0,491.0,,,
TXT3699,58.0,491.0,,,
TXT3700,58.0,491.0,,,
TXT3701,58.0,491.0,,,
TXT3702,58.0,491.0,,,
TXT3703,58.0,491.0,,,
TXT3704,58.0,491.0,,,
TXT3705,58.0,491.0,,,
TXT3706,58.0,491.0,,,
TXT3707,58.0,491.0,,,
TXT3708,58.0,491.0,,,
TXT3709,58.0,491.0,,,
TXT3710,58.0,491.0,,,
TXT3711,58.0,491.0,,,
TXT3712,58.0,491.0,,,
TXT3713,58.0,491.0,,,
TXT3714,58.0,491.0,,,
TXT3715,58.0,491.0,,,
TXT3716,58.0,491.0,,,
TXT3717,58.0,491.0,,,
TXT3718,58.0,491.0,,,
TXT3719,58.0,491.0,,,
TXT3720,58.0,491.0,,,
TXT3721,58.0,491.0,,,
TXT3722,58.0,491.0,,,
TXT3723,58.0,491.0,,,
TXT3724,58.0,491.0,,,
TXT3725,58.0,491.0,,,
TXT3726,58.0,491.0,,,
TXT3727,58.0,491.0,,,
TXT3728,58.0,491.0,,,
TXT3729,58.0,491.0,,,
TXT3730,58.0,491.0,,,
TXT3731,58.0,491.0,,,
TXT3732,58.0,491.0,,,
TXT3733,58.0,491.0,,,
TXT3734,74.0,598.0,,,
TXT3735,59.0,495.0,,,
TXT3736,51.0,389.0,,,
TXT3737,47.0,460.0,,,
TXT3738,43.0,425.0,,,
TXT3739,49.0,475.0,,,
TXT3740,60.0,669.0,,,
TXT3741,58.0,541.0,,,
TXT3742,59.0,575.0,,,
TXT3743,55.0,439.0,,,
TXT3744,61.0,425.0,,,
TXT3745,62.0,629.0,,,
TXT3746,59.0,572.0,,,
TXT3747,81.0,805.0,,,
TXT3748,53.0,632.0,,,
TXT3749,49.0,408.0,,,
TXT3750,74.0,637.0,,,
TXT3751,49.0,389.0,,,
TXT3752,65.0,485.0,,,
TXT3753,73.0,438.0,,,
TXT3754,70.0,641.0,,,
TXT3755,60.0,521.0,,,
TXT3756,66.0,530.0,,,
TXT3757,80.0,734.0,,,
TXT3758,92.0,794.0,,,
TXT3759,140.0,1363.0,,,
TXT3760,47.0,517.0,,,
TXT3761,66.0,536.0,,,
TXT3762,59.0,485.0,,,
TXT3763,61.0,528.0,,,
TXT3764,70.0,495.0,,,
TXT3765,47.0,493.0,,,
TXT3766,50.0,553.0,,,
TXT3767,58.0,587.0,,,
TXT3768,45.0,469.0,,,
TXT3769,52.0,620.0,,,
TXT3770,55.0,403.0,,,
TXT3771,76.0,504.0,,,
TXT3772,47.0,442.0,,,
TXT3773,45.0,288.0,,,
TXT3774,78.0,732.0,,,
TXT3775,47.0,502.0,,,
TXT3776,62.0,643.0,,,
TXT3777,80.0,547.0,,,
TXT3778,93.0,596.0,,,
TXT3779,111.0,816.0,,,
TXT3780,61.0,587.0,,,
TXT3781,82.0,538.0,,,
TXT3782,57.0,451.0,,,
TXT3783,95.0,627.0,,,
TXT3784,30.0,297.0,,,
TXT3785,38.0,336.0,,,
TXT3786,70.0,446.0,,,
TXT3787,102.0,611.0,,,
TXT3788,102.0,1006.0,,,
TXT3789,68.0,484.0,,,
TXT3790,41.0,376.0,,,
TXT3791,81.0,595.0,,,
TXT3792,40.0,307.0,,,
TXT3793,47.0,387.0,,,
TXT3794,66.0,659.0,,,
TXT3795,56.0,474.0,,,
TXT3796,61.0,475.0,,,
TXT3797,54.0,564.0,,,
TXT3798,74.0,693.0,,,
TXT3799,57.0,593.0,,,
TXT3800,99.0,826.0,,,
TXT3801,38.0,381.0,,,
TXT3802,52.0,583.0,,,
TXT3803,82.0,696.0,,,
TXT3804,88.0,808.0,,,
TXT3805,37.0,349.0,,,
TXT3806,73.0,563.0,,,
TXT3807,67.0,700.0,,,
TXT3808,85.0,693.0,,,
TXT3809,39.0,460.0,,,
TXT3810,70.0,566.0,,,
TXT3811,76.0,570.0,,,
TXT3812,29.0,319.0,,,
TXT3813,117.0,703.0,,,
TXT3814,83.0,752.0,,,
TXT3815,38.0,401.0,,,
TXT3816,36.0,402.0,,,
TXT3817,36.0,354.0,,,
TXT3818,54.0,612.0,,,
TXT3819,45.0,393.0,,,
TXT3820,63.0,518.0,,,
TXT3821,38.0,375.0,,,
TXT3822,117.0,701.0,,,
TXT3823,52.0,470.0,,,
TXT3824,46.0,421.0,,,
TXT3825,77.0,514.0,,,
TXT3826,47.0,491.0,,,
TXT3827,15.0,176.0,,,
TXT3828,17.0,200.0,,,
TXT3829,27.0,284.0,,,
TXT3830,108.0,780.0,,,
TXT3831,55.0,401.0,,,
TXT3832,68.0,425.0,,,
TXT3833,51.0,345.0,,,
TXT3834,75.0,567.0,,,
TXT3835,22.0,210.0,,,
TXT3836,32.0,274.0,,,
TXT3837,54.0,481.0,,,
TXT3838,33.0,297.0,,,
TXT3839,77.0,612.0,,,
TXT3840,87.0,553.0,,,
TXT3841,82.0,598.0,,,
TXT3842,67.0,473.0,,,
TXT3843,57.0,452.0,,,
TXT3844,75.0,583.0,,,
TXT3845,97.0,810.0,,,
TXT3846,38.0,301.0,,,
TXT3847,84.0,595.0,,,
TXT3848,82.0,687.0,,,
TXT3849,45.0,188.0,,,
TXT3850,26.0,191.0,,,
TXT3851,63.0,515.0,,,
TXT3852,54.0,485.0,,,
TXT3853,126.0,710.0,,,
TXT3854,94.0,780.0,,,
TXT3855,103.0,636.0,,,
TXT3856,51.0,222.0,,,
TXT3857,96.0,647.0,,,
TXT3858,27.0,236.0,,,
TXT3859,115.0,679.0,,,
TXT3860,32.0,249.0,,,
TXT3861,33.0,332.0,,,
TXT3862,39.0,828.0,,,
TXT3863,17.0,169.0,,,
TXT3864,17.0,168.0,,,
TXT3865,25.0,142.0,,,
TXT3866,4.0,24.0,,,
TXT3867,18.0,160.0,,,
TXT3868,16.0,119.0,,,
TXT3869,71.0,515.0,,,
TXT3870,68.0,404.0,,,
TXT3871,70.0,584.0,,,
TXT3872,119.0,718.0,,,
TXT3873,58.0,624.0,,,
TXT3874,66.0,560.0,,,
TXT3875,82.0,586.0,,,
TXT3876,78.0,511.0,,,
TXT3877,89.0,680.0,,,
TXT3878,61.0,481.0,,,
TXT3879,103.0,684.0,,,
TXT3880,61.0,558.0,,,
TXT3881,85.0,564.0,,,
TXT3882,76.0,532.0,,,
TXT3883,97.0,726.0,,,
TXT3884,73.0,702.0,,,
TXT3885,78.0,679.0,,,
TXT3886,65.0,644.0,,,
TXT3887,86.0,558.0,,,
TXT3888,76.0,451.0,,,
TXT3889,51.0,447.0,,,
TXT3890,75.0,597.0,,,
TXT3891,73.0,522.0,,,
TXT3892,53.0,491.0,,,
TXT3893,80.0,669.0,,,
TXT3894,91.0,539.0,,,
TXT3895,65.0,531.0,,,
TXT3896,67.0,550.0,,,
TXT3897,49.0,455.0,,,
TXT3898,88.0,855.0,,,
TXT3899,80.0,734.0,,,
TXT3900,67.0,560.0,,,
TXT3901,76.0,557.0,,,
TXT3902,86.0,603.0,,,
TXT3903,93.0,686.0,,,
TXT3904,73.0,502.0,,,
TXT3905,75.0,728.0,,,
TXT3906,62.0,580.0,,,
TXT3907,79.0,609.0,,,
TXT3908,83.0,484.0,,,
TXT3909,67.0,646.0,,,
TXT3910,71.0,662.0,,,
TXT3911,68.0,476.0,,,
TXT3912,91.0,848.0,,,
TXT3913,50.0,466.0,,,
TXT3914,76.0,710.0,,,
TXT3915,72.0,592.0,,,
TXT3916,98.0,643.0,,,
TXT3917,93.0,686.0,,,
TXT3918,91.0,638.0,,,
TXT3919,68.0,449.0,,,
TXT3920,67.0,447.0,,,
TXT3921,73.0,593.0,,,
TXT3922,78.0,515.0,,,
TXT3923,80.0,586.0,,,
TXT3924,78.0,631.0,,,
TXT3925,78.0,658.0,,,
TXT3926,71.0,453.0,,,
TXT3927,83.0,500.0,,,
TXT3928,91.0,758.0,,,
TXT3929,26.0,235.0,,,
TXT3930,59.0,428.0,,,
TXT3931,119.0,667.0,,,
TXT3932,60.0,453.0,,,
TXT3933,85.0,608.0,,,
TXT3934,92.0,522.0,,,
TXT3935,97.0,597.0,,,
TXT3936,100.0,663.0,,,
TXT3937,55.0,432.0,,,
TXT3938,95.0,603.0,,,
TXT3939,62.0,599.0,,,
TXT3940,84.0,619.0,,,
TXT3941,83.0,729.0,,,
TXT3942,32.0,168.0,,,
TXT3943,117.0,792.0,,,
TXT3944,75.0,540.0,,,
TXT3945,57.0,331.0,,,
TXT3946,56.0,561.0,,,
TXT3947,41.0,335.0,,,
TXT3948,87.0,594.0,,,
TXT3949,68.0,521.0,,,
TXT3950,93.0,730.0,,,
TXT3951,44.0,418.0,,,
TXT3952,56.0,440.0,,,
TXT3953,75.0,627.0,,,
TXT3954,76.0,492.0,,,
TXT3955,100.0,753.0,,,
TXT3956,56.0,560.0,,,
TXT3957,76.0,720.0,,,
TXT3958,83.0,598.0,,,
TXT3959,72.0,443.0,,,
TXT3960,71.0,552.0,,,
TXT3961,60.0,415.0,,,
TXT3962,44.0,432.0,,,
TXT3963,100.0,880.0,,,
TXT3964,87.0,597.0,,,
TXT3965,78.0,556.0,,,
TXT3966,72.0,554.0,,,
TXT3967,69.0,551.0,,,
TXT3968,36.0,257.0,,,
TXT3969,84.0,521.0,,,
TXT3970,79.0,677.0,,,
TXT3971,95.0,652.0,,,
TXT3972,53.0,458.0,,,
TXT3973,42.0,347.0,,,
TXT3974,62.0,507.0,,,
TXT3975,85.0,761.0,,,
TXT3976,72.0,425.0,,,
TXT3977,73.0,557.0,,,
TXT3978,66.0,594.0,,,
TXT3979,90.0,548.0,,,
TXT3980,90.0,669.0,,,
TXT3981,108.0,771.0,,,
TXT3982,93.0,697.0,,,
TXT3983,79.0,640.0,,,
TXT3984,78.0,644.0,,,
TXT3985,78.0,700.0,,,
TXT3986,97.0,688.0,,,
TXT3987,71.0,739.0,,,
TXT3988,24.0,118.0,,,
TXT3989,101.0,628.0,,,
TXT3990,3.0,15.0,,,
TXT3991,11.0,18.0,,,
TXT3992,22.0,107.0,,,
TXT3993,5.0,62.0,,,
TXT3994,75.0,581.0,,,
TXT3995,72.0,560.0,,,
TXT3996,77.0,677.0,,,
TXT3997,95.0,763.0,,,
TXT3998,1.0,31.0,,,
TXT3999,106.0,750.0,,,
TXT4000,67.0,530.0,,,
TXT4001,80.0,597.0,,,
TXT4002,80.0,924.0,,,
TXT4003,56.0,556.0,,,
TXT4004,71.0,475.0,,,
TXT4005,5.0,32.0,,,
TXT4006,109.0,795.0,,,
TXT4007,58.0,394.0,,,
TXT4008,145.0,1076.0,,,
TXT4009,60.0,620.0,,,
TXT4010,62.0,606.0,,,
TXT4011,59.0,580.0,,,
TXT4012,118.0,760.0,,,
TXT4013,83.0,682.0,,,
TXT4014,92.0,483.0,,,
TXT4015,89.0,344.0,,,
TXT4016,75.0,600.0,,,
TXT4017,76.0,727.0,,,
TXT4018,75.0,588.0,,,
TXT4019,40.0,264.0,,,
TXT4020,88.0,775.0,,,
TXT4021,140.0,788.0,,,
TXT4022,45.0,329.0,,,
TXT4023,10.0,78.0,,,
TXT4024,58.0,481.0,,,
TXT4025,43.0,345.0,,,
TXT4026,72.0,603.0,,,
TXT4027,65.0,578.0,,,
TXT4028,26.0,223.0,,,
TXT4029,91.0,661.0,,,
TXT4030,75.0,660.0,,,
TXT4031,9.0,80.0,,,
TXT4032,56.0,483.0,,,
TXT4033,43.0,429.0,,,
TXT4034,56.0,555.0,,,
TXT4035,2.0,25.0,,,
TXT4036,74.0,503.0,,,
TXT4037,64.0,568.0,,,
TXT4038,2.0,22.0,,,
TXT4039,60.0,508.0,,,
TXT4040,72.0,510.0,,,
TXT4041,79.0,712.0,,,
TXT4042,37.0,398.0,,,
TXT4043,35.0,253.0,,,
TXT4044,70.0,446.0,,,
TXT4045,91.0,768.0,,,
TXT4046,29.0,287.0,,,
TXT4047,80.0,520.0,,,
TXT4048,61.0,546.0,,,
TXT4049,55.0,519.0,,,
TXT4050,82.0,757.0,,,
TXT4051,84.0,659.0,,,
TXT4052,61.0,535.0,,,
TXT4053,46.0,596.0,,,
TXT4054,47.0,337.0,,,
TXT4055,43.0,473.0,,,
TXT4056,52.0,488.0,,,
TXT4057,63.0,590.0,,,
TXT4058,59.0,549.0,,,
TXT4059,53.0,631.0,,,
TXT4060,78.0,559.0,,,
TXT4061,43.0,435.0,,,
TXT4062,59.0,593.0,,,
TXT4063,60.0,462.0,,,
TXT4064,45.0,427.0,,,
TXT4065,47.0,309.0,,,
TXT4066,56.0,433.0,,,
TXT4067,37.0,330.0,,,
TXT4068,47.0,506.0,,,
TXT4069,52.0,378.0,,,
TXT4070,48.0,331.0,,,
TXT4071,49.0,433.0,,,
TXT4072,39.0,466.0,,,
TXT4073,51.0,513.0,,,
TXT4074,51.0,569.0,,,
TXT4075,55.0,457.0,,,
TXT4076,61.0,656.0,,,
TXT4077,53.0,618.0,,,
TXT4078,48.0,400.0,,,
TXT4079,53.0,337.0,,,
TXT4080,47.0,453.0,,,
TXT4081,33.0,382.0,,,
TXT4082,47.0,362.0,,,
TXT4083,48.0,607.0,,,
TXT4084,57.0,445.0,,,
TXT4085,52.0,575.0,,,
TXT4086,43.0,366.0,,,
TXT4087,64.0,685.0,,,
TXT4088,67.0,467.0,,,
TXT4089,96.0,774.0,,,
TXT4090,80.0,662.0,,,
TXT4091,86.0,812.0,,,
TXT4092,80.0,675.0,,,
TXT4093,126.0,1104.0,,,
TXT4094,105.0,585.0,,,
TXT4095,112.0,947.0,,,
TXT4096,50.0,474.0,,,
TXT4097,111.0,792.0,,,
TXT4098,73.0,563.0,,,
TXT4099,91.0,665.0,,,
TXT4100,79.0,694.0,,,
TXT4101,73.0,845.0,,,
TXT4102,78.0,695.0,,,
TXT4103,85.0,656.0,,,
TXT4104,49.0,426.0,,,
TXT4105,61.0,512.0,,,
TXT4106,59.0,596.0,,,
TXT4107,64.0,474.0,,,
TXT4108,60.0,658.0,,,
TXT4109,90.0,891.0,,,
TXT4110,49.0,415.0,,,
TXT4111,82.0,687.0,,,
TXT4112,64.0,575.0,,,
TXT4113,97.0,751.0,,,
TXT4114,53.0,536.0,,,
TXT4115,67.0,494.0,,,
TXT4116,81.0,737.0,,,
TXT4117,86.0,749.0,,,
TXT4118,92.0,834.0,,,
TXT4119,27.0,328.0,,,
TXT4120,79.0,732.0,,,
TXT4121,56.0,555.0,,,
TXT4122,69.0,592.0,,,
TXT4123,84.0,644.0,,,
TXT4124,60.0,499.0,,,
TXT4125,52.0,440.0,,,
TXT4126,70.0,645.0,,,
TXT4127,42.0,392.0,,,
TXT4128,45.0,343.0,,,
TXT4129,83.0,592.0,,,
TXT4130,65.0,572.0,,,
TXT4131,83.0,550.0,,,
TXT4132,103.0,865.0,,,
TXT4133,41.0,369.0,,,
TXT4134,47.0,459.0,,,
TXT4135,99.0,765.0,,,
TXT4136,71.0,599.0,,,
TXT4137,34.0,330.0,,,
TXT4138,85.0,581.0,,,
TXT4139,81.0,645.0,,,
TXT4140,49.0,460.0,,,
TXT4141,82.0,595.0,,,
TXT4142,79.0,634.0,,,
TXT4143,57.0,496.0,,,
TXT4144,100.0,806.0,,,
TXT4145,40.0,406.0,,,
TXT4146,87.0,681.0,,,
TXT4147,107.0,703.0,,,
TXT4148,72.0,624.0,,,
TXT4149,70.0,580.0,,,
TXT4150,71.0,516.0,,,
TXT4151,56.0,451.0,,,
TXT4152,80.0,678.0,,,
TXT4153,97.0,764.0,,,
TXT4154,81.0,635.0,,,
TXT4155,63.0,560.0,,,
TXT4156,62.0,620.0,,,
TXT4157,47.0,385.0,,,
TXT4158,83.0,738.0,,,
TXT4159,1.0,6.0,,,
TXT4160,51.0,498.0,,,
TXT4161,63.0,362.0,,,
TXT4162,1.0,4.0,,,
TXT4163,85.0,714.0,,,
TXT4164,1.0,3.0,,,
TXT4165,62.0,522.0,,,
TXT4166,87.0,690.0,,,
TXT4167,93.0,762.0,,,
TXT4168,123.0,823.0,,,
TXT4169,75.0,670.0,,,
TXT4170,80.0,709.0,,,
TXT4171,47.0,419.0,,,
TXT4172,113.0,762.0,,,
TXT4173,102.0,872.0,,,
TXT4174,96.0,693.0,,,
TXT4175,84.0,706.0,,,
TXT4176,22.0,146.0,,,
TXT4177,61.0,444.0,,,
TXT4178,48.0,334.0,,,
TXT4179,78.0,685.0,,,
TXT4180,84.0,796.0,,,
TXT4181,71.0,565.0,,,
TXT4182,51.0,398.0,,,
TXT4183,58.0,573.0,,,
TXT4184,68.0,558.0,,,
TXT4185,52.0,419.0,,,
TXT4186,65.0,535.0,,,
TXT4187,80.0,596.0,,,
TXT4188,70.0,536.0,,,
TXT4189,112.0,735.0,,,
TXT4190,51.0,553.0,,,
TXT4191,67.0,739.0,,,
TXT4192,67.0,640.0,,,
TXT4193,82.0,669.0,,,
TXT4194,119.0,965.0,,,
TXT4195,76.0,571.0,,,
TXT4196,84.0,711.0,,,
TXT4197,37.0,331.0,,,
TXT4198,98.0,913.0,,,
TXT4199,78.0,604.0,,,
TXT4200,63.0,474.0,,,
TXT4201,72.0,692.0,,,
TXT4202,74.0,628.0,,,
TXT4203,53.0,439.0,,,
TXT4204,60.0,422.0,,,
TXT4205,68.0,606.0,,,
TXT4206,70.0,507.0,,,
TXT4207,67.0,546.0,,,
TXT4208,86.0,874.0,,,
TXT4209,43.0,392.0,,,
TXT4210,92.0,731.0,,,
TXT4211,98.0,856.0,,,
TXT4212,100.0,891.0,,,
TXT4213,74.0,627.0,,,
TXT4214,36.0,348.0,,,
TXT4215,93.0,744.0,,,
TXT4216,55.0,522.0,,,
TXT4217,57.0,524.0,,,
TXT4218,93.0,699.0,,,
TXT4219,83.0,644.0,,,
TXT4220,48.0,427.0,,,
TXT4221,71.0,634.0,,,
TXT4222,104.0,886.0,,,
TXT4223,57.0,571.0,,,
TXT4224,91.0,741.0,,,
TXT4225,69.0,596.0,,,
TXT4226,72.0,703.0,,,
TXT4227,113.0,882.0,,,
TXT4228,79.0,749.0,,,
TXT4229,67.0,399.0,,,
TXT4230,65.0,574.0,,,
TXT4231,67.0,610.0,,,
TXT4232,90.0,629.0,,,
TXT4233,63.0,545.0,,,
TXT4234,47.0,350.0,,,
TXT4235,75.0,725.0,,,
TXT4236,42.0,345.0,,,
TXT4237,69.0,687.0,,,
TXT4238,81.0,599.0,,,
TXT4239,47.0,424.0,,,
TXT4240,32.0,263.0,,,
TXT4241,48.0,384.0,,,
TXT4242,53.0,533.0,,,
TXT4243,97.0,685.0,,,
TXT4244,59.0,469.0,,,
TXT4245,91.0,631.0,,,
TXT4246,58.0,641.0,,,
TXT4247,84.0,655.0,,,
TXT4248,68.0,621.0,,,
TXT4249,65.0,467.0,,,
TXT4250,50.0,485.0,,,
TXT4251,81.0,679.0,,,
TXT4252,45.0,315.0,,,
TXT4253,56.0,518.0,,,
TXT4254,72.0,421.0,,,
TXT4255,102.0,595.0,,,
TXT4256,91.0,546.0,,,
TXT4257,93.0,557.0,,,
TXT4258,91.0,722.0,,,
TXT4259,46.0,403.0,,,
TXT4260,1.0,5.0,,,
TXT4261,68.0,450.0,,,
TXT4262,55.0,497.0,,,
TXT4263,54.0,530.0,,,
TXT4264,77.0,509.0,,,
TXT4265,41.0,352.0,,,
TXT4266,36.0,360.0,,,
TXT4267,68.0,647.0,,,
TXT4268,87.0,623.0,,,
TXT4269,1.0,9.0,,,
TXT4270,82.0,729.0,,,
TXT4271,1.0,29.0,,,
TXT4272,7.0,28.0,,,
TXT4273,67.0,467.0,,,
TXT4274,82.0,628.0,,,
TXT4275,10.0,52.0,,,
TXT4276,78.0,562.0,,,
TXT4277,65.0,603.0,,,
TXT4278,44.0,414.0,,,
TXT4279,1.0,7.0,,,
TXT4280,78.0,674.0,,,
TXT4281,85.0,753.0,,,
TXT4282,92.0,723.0,,,
TXT4283,87.0,827.0,,,
TXT4284,46.0,311.0,,,
TXT4285,63.0,593.0,,,
TXT4286,93.0,771.0,,,
TXT4287,40.0,371.0,,,
TXT4288,65.0,645.0,,,
TXT4289,42.0,354.0,,,
TXT4290,69.0,478.0,,,
TXT4291,27.0,192.0,,,
TXT4292,90.0,650.0,,,
TXT4293,71.0,545.0,,,
TXT4294,59.0,569.0,,,
TXT4295,78.0,626.0,,,
TXT4296,20.0,197.0,,,
TXT4297,61.0,585.0,,,
TXT4298,67.0,375.0,,,
TXT4299,72.0,717.0,,,
TXT4300,54.0,479.0,,,
TXT4301,84.0,814.0,,,
TXT4302,90.0,748.0,,,
TXT4303,8.0,519.0,,,
TXT4304,74.0,779.0,,,
TXT4305,101.0,686.0,,,
TXT4306,53.0,351.0,,,
TXT4307,63.0,689.0,,,
TXT4308,82.0,587.0,,,
TXT4309,46.0,414.0,,,
TXT4310,67.0,623.0,,,
TXT4311,57.0,405.0,,,
TXT4312,64.0,461.0,,,
TXT4313,53.0,327.0,,,
TXT4314,44.0,273.0,,,
TXT4315,13.0,94.0,,,
TXT4316,67.0,438.0,,,
TXT4317,65.0,496.0,,,
TXT4318,87.0,651.0,,,
TXT4319,37.0,242.0,,,
TXT4320,90.0,525.0,,,
TXT4321,2.0,4.0,,,
TXT4322,65.0,579.0,,,
TXT4323,28.0,160.0,,,
TXT4324,95.0,792.0,,,
TXT4325,45.0,438.0,,,
TXT4326,52.0,450.0,,,
TXT4327,73.0,726.0,,,
TXT4328,34.0,304.0,,,
TXT4329,62.0,655.0,,,
TXT4330,40.0,302.0,,,
TXT4331,59.0,523.0,,,
TXT4332,1.0,4.0,,,
TXT4333,10.0,82.0,,,
TXT4334,26.0,273.0,,,
TXT4335,72.0,680.0,,,
TXT4336,41.0,434.0,,,
TXT4337,1.0,3.0,,,
TXT4338,52.0,457.0,,,
TXT4339,71.0,525.0,,,
TXT4340,48.0,470.0,,,
TXT4341,1.0,7.0,,,
TXT4342,80.0,862.0,,,
TXT4343,1.0,3.0,,,
TXT4344,1.0,4.0,,,
TXT4345,26.0,266.0,,,
TXT4346,71.0,616.0,,,
TXT4347,4.0,21.0,,,
TXT4348,62.0,636.0,,,
TXT4349,1.0,5.0,,,
TXT4350,48.0,446.0,,,
TXT4351,26.0,189.0,,,
TXT4352,101.0,729.0,,,
TXT4353,70.0,650.0,,,
TXT4354,48.0,452.0,,,
TXT4355,54.0,480.0,,,
TXT4356,87.0,778.0,,,
TXT4357,37.0,282.0,,,
TXT4358,35.0,271.0,,,
TXT4359,23.0,248.0,,,
TXT4360,61.0,570.0,,,
TXT4361,15.0,165.0,,,
TXT4362,1.0,5.0,,,
TXT4363,11.0,41.0,,,
TXT4364,87.0,577.0,,,
TXT4365,74.0,773.0,,,
TXT4366,76.0,656.0,,,
TXT4367,50.0,341.0,,,
TXT4368,71.0,555.0,,,
TXT4369,90.0,722.0,,,
TXT4370,67.0,444.0,,,
TXT4371,63.0,469.0,,,
TXT4372,53.0,450.0,,,
TXT4373,74.0,619.0,,,
TXT4374,62.0,436.0,,,
TXT4375,80.0,565.0,,,
TXT4376,54.0,417.0,,,
TXT4377,54.0,440.0,,,
TXT4378,82.0,706.0,,,
TXT4379,67.0,597.0,,,
TXT4380,41.0,377.0,,,
TXT4381,64.0,349.0,,,
TXT4382,62.0,489.0,,,
TXT4383,53.0,455.0,,,
TXT4384,59.0,480.0,,,
TXT4385,70.0,528.0,,,
TXT4386,38.0,503.0,,,
TXT4387,61.0,585.0,,,
TXT4388,48.0,307.0,,,
TXT4389,61.0,446.0,,,
TXT4390,75.0,514.0,,,
TXT4391,60.0,354.0,,,
TXT4392,84.0,573.0,,,
TXT4393,47.0,340.0,,,
TXT4394,63.0,530.0,,,
TXT4395,44.0,390.0,,,
TXT4396,50.0,400.0,,,
TXT4397,46.0,354.0,,,
TXT4398,54.0,414.0,,,
TXT4399,38.0,298.0,,,
TXT4400,30.0,186.0,,,
TXT4401,51.0,370.0,,,
TXT4402,72.0,510.0,,,
TXT4403,64.0,400.0,,,
TXT4404,53.0,445.0,,,
TXT4405,53.0,409.0,,,
TXT4406,63.0,402.0,,,
TXT4407,37.0,303.0,,,
TXT4408,57.0,472.0,,,
TXT4409,71.0,527.0,,,
TXT4410,30.0,201.0,,,
TXT4411,66.0,536.0,,,
TXT4412,45.0,503.0,,,
TXT4413,58.0,377.0,,,
TXT4414,43.0,355.0,,,
TXT4415,49.0,315.0,,,
TXT4416,43.0,391.0,,,
TXT4417,78.0,763.0,,,
TXT4418,47.0,355.0,,,
TXT4419,52.0,482.0,,,
TXT4420,48.0,353.0,,,
TXT4421,16.0,152.0,,,
TXT4422,73.0,674.0,,,
TXT4423,81.0,349.0,,,
TXT4424,31.0,300.0,,,
TXT4425,46.0,323.0,,,
TXT4426,6.0,41.0,,,
TXT4427,56.0,419.0,,,
TXT4428,77.0,561.0,,,
TXT4429,52.0,320.0,,,
TXT4430,42.0,431.0,,,
TXT4431,37.0,295.0,,,
TXT4432,66.0,407.0,,,
TXT4433,79.0,455.0,,,
TXT4434,30.0,287.0,,,
TXT4435,38.0,261.0,,,
TXT4436,31.0,323.0,,,
TXT4437,46.0,238.0,,,
TXT4438,49.0,384.0,,,
TXT4439,51.0,421.0,,,
TXT4440,40.0,551.0,,,
TXT4441,51.0,425.0,,,
TXT4442,22.0,243.0,,,
TXT4443,15.0,113.0,,,
TXT4444,26.0,224.0,,,
TXT4445,40.0,397.0,,,
TXT4446,22.0,171.0,,,
TXT4447,62.0,336.0,,,
TXT4448,28.0,243.0,,,
TXT4449,48.0,314.0,,,
TXT4450,68.0,534.0,,,
TXT4451,40.0,246.0,,,
TXT4452,44.0,371.0,,,
TXT4453,28.0,299.0,,,
TXT4454,54.0,449.0,,,
TXT4455,53.0,396.0,,,
TXT4456,47.0,273.0,,,
TXT4457,52.0,600.0,,,
TXT4458,32.0,189.0,,,
TXT4459,33.0,316.0,,,
TXT4460,102.0,485.0,,,
TXT4461,55.0,437.0,,,
TXT4462,81.0,503.0,,,
TXT4463,61.0,403.0,,,
TXT4464,36.0,278.0,,,
TXT4465,55.0,369.0,,,
TXT4466,31.0,196.0,,,
TXT4467,13.0,81.0,,,
TXT4468,8.0,72.0,,,
TXT4469,11.0,68.0,,,
TXT4470,16.0,103.0,,,
TXT4471,15.0,75.0,,,
TXT4472,1.0,3.0,,,
TXT4473,9.0,78.0,,,
TXT4474,11.0,57.0,,,
TXT4475,6.0,40.0,,,
TXT4476,81.0,774.0,,,
TXT4477,66.0,593.0,,,
TXT4478,98.0,710.0,,,
TXT4479,53.0,427.0,,,
TXT4480,42.0,500.0,,,
TXT4481,67.0,605.0,,,
TXT4482,79.0,739.0,,,
TXT4483,52.0,636.0,,,
TXT4484,61.0,464.0,,,
TXT4485,68.0,583.0,,,
TXT4486,70.0,542.0,,,
TXT4487,64.0,535.0,,,
TXT4488,46.0,345.0,,,
TXT4489,53.0,523.0,,,
TXT4490,59.0,474.0,,,
TXT4491,46.0,297.0,,,
TXT4492,85.0,850.0,,,
TXT4493,47.0,441.0,,,
TXT4494,62.0,522.0,,,
TXT4495,60.0,607.0,,,
TXT4496,52.0,469.0,,,
TXT4497,31.0,289.0,,,
TXT4498,70.0,607.0,,,
TXT4499,98.0,741.0,,,
TXT4500,69.0,563.0,,,
TXT4501,86.0,647.0,,,
TXT4502,94.0,706.0,,,
TXT4503,72.0,483.0,,,
TXT4504,56.0,493.0,,,
TXT4505,73.0,587.0,,,
TXT4506,66.0,545.0,,,
TXT4507,61.0,659.0,,,
TXT4508,61.0,487.0,,,
TXT4509,217.0,1794.0,,,
TXT4510,38.0,355.0,,,
TXT4511,51.0,461.0,,,
TXT4512,66.0,666.0,,,
TXT4513,71.0,603.0,,,
TXT4514,30.0,324.0,,,
TXT4515,59.0,457.0,,,
TXT4516,25.0,291.0,,,
TXT4517,93.0,878.0,,,
TXT4518,73.0,767.0,,,
TXT4519,68.0,529.0,,,
TXT4520,74.0,780.0,,,
TXT4521,55.0,590.0,,,
TXT4522,70.0,665.0,,,
TXT4523,52.0,420.0,,,
TXT4524,45.0,382.0,,,
TXT4525,59.0,717.0,,,
TXT4526,77.0,601.0,,,
TXT4527,71.0,617.0,,,
TXT4528,57.0,424.0,,,
TXT4529,69.0,645.0,,,
TXT4530,69.0,607.0,,,
TXT4531,66.0,722.0,,,
TXT4532,53.0,459.0,,,
TXT4533,34.0,324.0,,,
TXT4534,56.0,393.0,,,
TXT4535,52.0,444.0,,,
TXT4536,88.0,724.0,,,
TXT4537,56.0,395.0,,,
TXT4538,73.0,623.0,,,
TXT4539,61.0,538.0,,,
TXT4540,68.0,653.0,,,
TXT4541,60.0,746.0,,,
TXT4542,58.0,558.0,,,
TXT4543,60.0,421.0,,,
TXT4544,89.0,650.0,,,
TXT4545,51.0,460.0,,,
TXT4546,59.0,546.0,,,
TXT4547,59.0,500.0,,,
TXT4548,71.0,481.0,,,
TXT4549,76.0,666.0,,,
TXT4550,42.0,402.0,,,
TXT4551,72.0,566.0,,,
TXT4552,51.0,406.0,,,
TXT4553,56.0,514.0,,,
TXT4554,83.0,746.0,,,
TXT4555,65.0,505.0,,,
TXT4556,93.0,755.0,,,
TXT4557,51.0,437.0,,,
TXT4558,70.0,644.0,,,
TXT4559,61.0,531.0,,,
TXT4560,78.0,601.0,,,
TXT4561,72.0,625.0,,,
TXT4562,83.0,732.0,,,
TXT4563,69.0,654.0,,,
TXT4564,59.0,558.0,,,
TXT4565,21.0,190.0,,,
TXT4566,84.0,777.0,,,
TXT4567,96.0,692.0,,,
TXT4568,52.0,464.0,,,
TXT4569,64.0,472.0,,,
TXT4570,72.0,557.0,,,
TXT4571,80.0,677.0,,,
TXT4572,71.0,684.0,,,
TXT4573,61.0,520.0,,,
TXT4574,64.0,558.0,,,
TXT4575,43.0,356.0,,,
TXT4576,59.0,557.0,,,
TXT4577,64.0,509.0,,,
TXT4578,78.0,664.0,,,
TXT4579,94.0,625.0,,,
TXT4580,54.0,459.0,,,
TXT4581,81.0,597.0,,,
TXT4582,52.0,484.0,,,
TXT4583,48.0,403.0,,,
TXT4584,53.0,362.0,,,
TXT4585,76.0,688.0,,,
TXT4586,92.0,774.0,,,
TXT4587,16.0,147.0,,,
TXT4588,20.0,153.0,,,
TXT4589,75.0,681.0,,,
TXT4590,21.0,199.0,,,
TXT4591,59.0,596.0,,,
TXT4592,69.0,651.0,,,
TXT4593,85.0,660.0,,,
TXT4594,86.0,864.0,,,
TXT4595,73.0,581.0,,,
TXT4596,53.0,469.0,,,
TXT4597,28.0,268.0,,,
TXT4598,82.0,487.0,,,
TXT4599,63.0,673.0,,,
TXT4600,77.0,722.0,,,
TXT4601,82.0,744.0,,,
TXT4602,46.0,426.0,,,
TXT4603,22.0,175.0,,,
TXT4604,25.0,154.0,,,
TXT4605,28.0,282.0,,,
TXT4606,32.0,207.0,,,
TXT4607,73.0,538.0,,,
TXT4608,55.0,452.0,,,
TXT4609,32.0,262.0,,,
TXT4610,43.0,403.0,,,
TXT4611,49.0,472.0,,,
TXT4612,51.0,361.0,,,
TXT4613,79.0,527.0,,,
TXT4614,68.0,629.0,,,
TXT4615,61.0,324.0,,,
TXT4616,47.0,268.0,,,
TXT4617,57.0,381.0,,,
TXT4618,56.0,403.0,,,
TXT4619,66.0,513.0,,,
TXT4620,56.0,545.0,,,
TXT4621,52.0,545.0,,,
TXT4622,53.0,447.0,,,
TXT4623,54.0,360.0,,,
TXT4624,67.0,419.0,,,
TXT4625,72.0,455.0,,,
TXT4626,70.0,463.0,,,
TXT4627,43.0,366.0,,,
TXT4628,59.0,503.0,,,
TXT4629,45.0,365.0,,,
TXT4630,44.0,335.0,,,
TXT4631,48.0,409.0,,,
TXT4632,54.0,435.0,,,
TXT4633,73.0,562.0,,,
TXT4634,54.0,297.0,,,
TXT4635,70.0,532.0,,,
TXT4636,50.0,290.0,,,
TXT4637,49.0,377.0,,,
TXT4638,50.0,401.0,,,
TXT4639,33.0,152.0,,,
TXT4640,44.0,340.0,,,
TXT4641,48.0,381.0,,,
TXT4642,36.0,347.0,,,
TXT4643,56.0,320.0,,,
TXT4644,37.0,324.0,,,
TXT4645,45.0,270.0,,,
TXT4646,61.0,386.0,,,
TXT4647,47.0,406.0,,,
TXT4648,62.0,596.0,,,
TXT4649,82.0,412.0,,,
TXT4650,47.0,461.0,,,
TXT4651,54.0,346.0,,,
TXT4652,39.0,305.0,,,
TXT4653,23.0,174.0,,,
TXT4654,32.0,200.0,,,
TXT4655,16.0,147.0,,,
TXT4656,19.0,149.0,,,
TXT4657,32.0,307.0,,,
TXT4658,38.0,259.0,,,
TXT4659,21.0,147.0,,,
TXT4660,16.0,146.0,,,
TXT4661,53.0,433.0,,,
TXT4662,81.0,527.0,,,
TXT4663,96.0,883.0,,,
TXT4664,91.0,638.0,,,
TXT4665,83.0,707.0,,,
TXT4666,121.0,1443.0,,,
TXT4667,96.0,875.0,,,
TXT4668,90.0,812.0,,,
TXT4669,69.0,564.0,,,
TXT4670,52.0,595.0,,,
TXT4671,58.0,624.0,,,
TXT4672,90.0,692.0,,,
TXT4673,67.0,490.0,,,
TXT4674,107.0,715.0,,,
TXT4675,47.0,494.0,,,
TXT4676,102.0,505.0,,,
TXT4677,63.0,721.0,,,
TXT4678,106.0,812.0,,,
TXT4679,62.0,798.0,,,
TXT4680,100.0,1156.0,,,
TXT4681,107.0,649.0,,,
TXT4682,92.0,673.0,,,
TXT4683,82.0,605.0,,,
TXT4684,61.0,609.0,,,
TXT4685,64.0,627.0,,,
TXT4686,39.0,386.0,,,
TXT4687,53.0,496.0,,,
TXT4688,77.0,839.0,,,
TXT4689,71.0,701.0,,,
TXT4690,38.0,477.0,,,
TXT4691,51.0,578.0,,,
TXT4692,59.0,584.0,,,
TXT4693,49.0,464.0,,,
TXT4694,79.0,688.0,,,
TXT4695,72.0,688.0,,,
TXT4696,100.0,680.0,,,
TXT4697,115.0,836.0,,,
TXT4698,97.0,580.0,,,
TXT4699,51.0,553.0,,,
TXT4700,71.0,512.0,,,
TXT4701,66.0,503.0,,,
TXT4702,41.0,535.0,,,
TXT4703,49.0,442.0,,,
TXT4704,63.0,606.0,,,
TXT4705,69.0,846.0,,,
TXT4706,60.0,597.0,,,
TXT4707,88.0,748.0,,,
TXT4708,52.0,456.0,,,
TXT4709,76.0,636.0,,,
TXT4710,64.0,607.0,,,
TXT4711,71.0,701.0,,,
TXT4712,71.0,726.0,,,
TXT4713,77.0,569.0,,,
TXT4714,80.0,677.0,,,
TXT4715,78.0,638.0,,,
TXT4716,64.0,533.0,,,
TXT4717,84.0,547.0,,,
TXT4718,50.0,550.0,,,
TXT4719,91.0,649.0,,,
TXT4720,69.0,505.0,,,
TXT4721,66.0,705.0,,,
TXT4722,81.0,854.0,,,
TXT4723,48.0,521.0,,,
TXT4724,88.0,605.0,,,
TXT4725,59.0,601.0,,,
TXT4726,62.0,638.0,,,
TXT4727,61.0,513.0,,,
TXT4728,63.0,401.0,,,
TXT4729,47.0,426.0,,,
TXT4730,66.0,509.0,,,
TXT4731,53.0,646.0,,,
TXT4732,67.0,367.0,,,
TXT4733,67.0,700.0,,,
TXT4734,79.0,682.0,,,
TXT4735,59.0,491.0,,,
TXT4736,67.0,663.0,,,
TXT4737,68.0,548.0,,,
TXT4738,64.0,596.0,,,
TXT4739,69.0,736.0,,,
TXT4740,57.0,554.0,,,
TXT4741,58.0,412.0,,,
TXT4742,61.0,638.0,,,
TXT4743,83.0,815.0,,,
TXT4744,55.0,457.0,,,
TXT4745,79.0,729.0,,,
TXT4746,57.0,445.0,,,
TXT4747,70.0,667.0,,,
TXT4748,70.0,604.0,,,
TXT4749,56.0,618.0,,,
TXT4750,56.0,350.0,,,
TXT4751,61.0,588.0,,,
TXT4752,44.0,452.0,,,
TXT4753,55.0,573.0,,,
TXT4754,58.0,641.0,,,
TXT4755,65.0,491.0,,,
TXT4756,67.0,568.0,,,
TXT4757,66.0,505.0,,,
TXT4758,47.0,603.0,,,
TXT4759,50.0,419.0,,,
TXT4760,59.0,525.0,,,
TXT4761,61.0,791.0,,,
TXT4762,53.0,535.0,,,
TXT4763,68.0,716.0,,,
TXT4764,49.0,518.0,,,
TXT4765,64.0,590.0,,,
TXT4766,70.0,612.0,,,
TXT4767,53.0,455.0,,,
TXT4768,59.0,528.0,,,
TXT4769,57.0,551.0,,,
TXT4770,85.0,598.0,,,
TXT4771,65.0,640.0,,,
TXT4772,43.0,593.0,,,
TXT4773,33.0,312.0,,,
TXT4774,84.0,616.0,,,
TXT4775,60.0,591.0,,,
TXT4776,87.0,575.0,,,
TXT4777,55.0,563.0,,,
TXT4778,53.0,549.0,,,
TXT4779,81.0,676.0,,,
TXT4780,66.0,469.0,,,
TXT4781,64.0,607.0,,,
TXT4782,66.0,619.0,,,
TXT4783,45.0,578.0,,,
TXT4784,99.0,671.0,,,
TXT4785,64.0,504.0,,,
TXT4786,51.0,518.0,,,
TXT4787,38.0,519.0,,,
TXT4788,42.0,496.0,,,
TXT4789,102.0,757.0,,,
TXT4790,52.0,475.0,,,
TXT4791,69.0,599.0,,,
TXT4792,40.0,295.0,,,
TXT4793,80.0,816.0,,,
TXT4794,70.0,559.0,,,
TXT4795,77.0,569.0,,,
TXT4796,61.0,540.0,,,
TXT4797,55.0,515.0,,,
TXT4798,46.0,305.0,,,
TXT4799,56.0,581.0,,,
TXT4800,66.0,591.0,,,
TXT4801,52.0,483.0,,,
TXT4802,65.0,520.0,,,
TXT4803,39.0,343.0,,,
TXT4804,60.0,624.0,,,
TXT4805,88.0,666.0,,,
TXT4806,54.0,524.0,,,
TXT4807,72.0,622.0,,,
TXT4808,56.0,595.0,,,
TXT4809,43.0,454.0,,,
TXT4810,73.0,519.0,,,
TXT4811,55.0,515.0,,,
TXT4812,40.0,307.0,,,
TXT4813,72.0,647.0,,,
TXT4814,52.0,542.0,,,
TXT4815,87.0,771.0,,,
TXT4816,47.0,416.0,,,
TXT4817,71.0,832.0,,,
TXT4818,59.0,459.0,,,
TXT4819,53.0,400.0,,,
TXT4820,65.0,769.0,,,
TXT4821,51.0,376.0,,,
TXT4822,63.0,555.0,,,
TXT4823,79.0,770.0,,,
TXT4824,40.0,420.0,,,
TXT4825,51.0,543.0,,,
TXT4826,65.0,573.0,,,
TXT4827,73.0,594.0,,,
TXT4828,34.0,365.0,,,
TXT4829,76.0,548.0,,,
TXT4830,72.0,708.0,,,
TXT4831,82.0,588.0,,,
TXT4832,55.0,510.0,,,
TXT4833,50.0,392.0,,,
TXT4834,26.0,326.0,,,
TXT4835,63.0,457.0,,,
TXT4836,67.0,454.0,,,
TXT4837,56.0,526.0,,,
TXT4838,95.0,745.0,,,
TXT4839,66.0,698.0,,,
TXT4840,69.0,509.0,,,
TXT4841,53.0,691.0,,,
TXT4842,76.0,562.0,,,
TXT4843,54.0,558.0,,,
TXT4844,83.0,601.0,,,
TXT4845,66.0,838.0,,,
TXT4846,57.0,609.0,,,
TXT4847,72.0,693.0,,,
TXT4848,47.0,389.0,,,
TXT4849,48.0,415.0,,,
TXT4850,64.0,573.0,,,
TXT4851,52.0,444.0,,,
TXT4852,86.0,917.0,,,
TXT4853,70.0,646.0,,,
TXT4854,86.0,507.0,,,
TXT4855,58.0,546.0,,,
TXT4856,52.0,473.0,,,
TXT4857,64.0,514.0,,,
TXT4858,70.0,486.0,,,
TXT4859,87.0,801.0,,,
TXT4860,101.0,909.0,,,
TXT4861,40.0,380.0,,,
TXT4862,52.0,689.0,,,
TXT4863,58.0,592.0,,,
TXT4864,58.0,521.0,,,
TXT4865,56.0,443.0,,,
TXT4866,79.0,724.0,,,
TXT4867,50.0,452.0,,,
TXT4868,89.0,739.0,,,
TXT4869,56.0,440.0,,,
TXT4870,24.0,205.0,,,
TXT4871,84.0,490.0,,,
TXT4872,45.0,402.0,,,
TXT4873,47.0,437.0,,,
TXT4874,51.0,320.0,,,
TXT4875,69.0,641.0,,,
TXT4876,7.0,177.0,,,
TXT4877,55.0,414.0,,,
TXT4878,51.0,571.0,,,
TXT4879,39.0,259.0,,,
TXT4880,87.0,696.0,,,
TXT4881,60.0,568.0,,,
TXT4882,41.0,356.0,,,
TXT4883,43.0,372.0,,,
TXT4884,52.0,504.0,,,
TXT4885,75.0,656.0,,,
TXT4886,79.0,773.0,,,
TXT4887,165.0,728.0,,,
TXT4888,20.0,386.0,,,
TXT4889,63.0,621.0,,,
TXT4890,38.0,336.0,,,
TXT4891,64.0,652.0,,,
TXT4892,46.0,487.0,,,
TXT4893,41.0,397.0,,,
TXT4894,37.0,333.0,,,
TXT4895,66.0,598.0,,,
TXT4896,69.0,594.0,,,
TXT4897,64.0,557.0,,,
TXT4898,46.0,510.0,,,
TXT4899,64.0,557.0,,,
TXT4900,50.0,480.0,,,
TXT4901,89.0,754.0,,,
TXT4902,67.0,518.0,,,
TXT4903,75.0,624.0,,,
TXT4904,61.0,463.0,,,
TXT4905,93.0,1014.0,,,
TXT4906,58.0,510.0,,,
TXT4907,7.0,129.0,,,
TXT4908,83.0,540.0,,,
TXT4909,49.0,347.0,,,
TXT4910,71.0,739.0,,,
TXT4911,55.0,462.0,,,
TXT4912,66.0,414.0,,,
TXT4913,74.0,787.0,,,
TXT4914,106.0,787.0,,,
TXT4915,76.0,554.0,,,
TXT4916,106.0,1143.0,,,
TXT4917,80.0,834.0,,,
TXT4918,67.0,719.0,,,
TXT4919,67.0,414.0,,,
TXT4920,87.0,546.0,,,
TXT4921,64.0,491.0,,,
TXT4922,125.0,592.0,,,
TXT4923,42.0,465.0,,,
TXT4924,141.0,705.0,,,
TXT4925,100.0,470.0,,,
TXT4926,64.0,468.0,,,
TXT4927,31.0,253.0,,,
TXT4928,72.0,457.0,,,
TXT4929,77.0,492.0,,,
TXT4930,81.0,590.0,,,
TXT4931,87.0,593.0,,,
TXT4932,60.0,531.0,,,
TXT4933,71.0,588.0,,,
TXT4934,11.0,41.0,,,
TXT4935,39.0,362.0,,,
TXT4936,30.0,227.0,,,
TXT4937,96.0,711.0,,,
TXT4938,71.0,621.0,,,
TXT4939,90.0,935.0,,,
TXT4940,74.0,590.0,,,
TXT4941,104.0,754.0,,,
TXT4942,82.0,622.0,,,
TXT4943,62.0,557.0,,,
TXT4944,73.0,600.0,,,
TXT4945,44.0,346.0,,,
TXT4946,78.0,536.0,,,
TXT4947,53.0,434.0,,,
TXT4948,72.0,474.0,,,
TXT4949,86.0,714.0,,,
TXT4950,63.0,575.0,,,
TXT4951,63.0,519.0,,,
TXT4952,63.0,796.0,,,
TXT4953,68.0,630.0,,,
TXT4954,66.0,522.0,,,
TXT4955,80.0,651.0,,,
TXT4956,61.0,618.0,,,
TXT4957,31.0,288.0,,,
TXT4958,40.0,347.0,,,
TXT4959,60.0,523.0,,,
TXT4960,74.0,569.0,,,
TXT4961,84.0,590.0,,,
TXT4962,34.0,325.0,,,
TXT4963,55.0,475.0,,,
TXT4964,22.0,236.0,,,
TXT4965,78.0,636.0,,,
TXT4966,58.0,588.0,,,
TXT4967,45.0,496.0,,,
TXT4968,40.0,302.0,,,
TXT4969,97.0,836.0,,,
TXT4970,54.0,634.0,,,
TXT4971,55.0,475.0,,,
TXT4972,46.0,423.0,,,
TXT4973,56.0,464.0,,,
TXT4974,70.0,588.0,,,
TXT4975,66.0,666.0,,,
TXT4976,49.0,469.0,,,
TXT4977,57.0,545.0,,,
TXT4978,51.0,383.0,,,
TXT4979,45.0,388.0,,,
TXT4980,35.0,341.0,,,
TXT4981,39.0,364.0,,,
TXT4982,52.0,346.0,,,
TXT4983,78.0,740.0,,,
TXT4984,40.0,489.0,,,
TXT4985,50.0,436.0,,,
TXT4986,63.0,605.0,,,
TXT4987,48.0,353.0,,,
TXT4988,66.0,538.0,,,
TXT4989,34.0,241.0,,,
TXT4990,100.0,557.0,,,
TXT4991,86.0,840.0,,,
TXT4992,37.0,243.0,,,
TXT4993,68.0,725.0,,,
TXT4994,46.0,391.0,,,
TXT4995,53.0,650.0,,,
TXT4996,68.0,524.0,,,
TXT4997,50.0,385.0,,,
TXT4998,40.0,339.0,,,
TXT4999,54.0,431.0,,,
TXT5000,60.0,571.0,,,
TXT5001,44.0,403.0,,,
TXT5002,66.0,518.0,,,
TXT5003,37.0,493.0,,,
TXT5004,32.0,278.0,,,
TXT5005,57.0,491.0,,,
TXT5006,104.0,718.0,,,
TXT5007,50.0,417.0,,,
TXT5008,71.0,572.0,,,
TXT5009,69.0,549.0,,,
TXT5010,21.0,135.0,,,
TXT5011,55.0,524.0,,,
TXT5012,46.0,417.0,,,
TXT5013,50.0,499.0,,,
TXT5014,67.0,686.0,,,
TXT5015,37.0,430.0,,,
TXT5016,64.0,622.0,,,
TXT5017,37.0,457.0,,,
TXT5018,53.0,438.0,,,
TXT5019,56.0,454.0,,,
TXT5020,46.0,508.0,,,
TXT5021,43.0,345.0,,,
TXT5022,55.0,481.0,,,
TXT5023,64.0,689.0,,,
TXT5024,25.0,229.0,,,
TXT5025,87.0,795.0,,,
TXT5026,63.0,572.0,,,
TXT5027,60.0,463.0,,,
TXT5028,32.0,350.0,,,
TXT5029,67.0,668.0,,,
TXT5030,20.0,171.0,,,
TXT5031,24.0,263.0,,,
TXT5032,71.0,699.0,,,
TXT5033,56.0,519.0,,,
TXT5034,56.0,504.0,,,
TXT5035,44.0,454.0,,,
TXT5036,60.0,498.0,,,
TXT5037,1.0,9.0,,,
TXT5038,75.0,519.0,,,
TXT5039,53.0,471.0,,,
TXT5040,55.0,491.0,,,
TXT5041,116.0,633.0,,,
TXT5042,67.0,473.0,,,
TXT5043,54.0,464.0,,,
TXT5044,60.0,440.0,,,
TXT5045,58.0,492.0,,,
TXT5046,51.0,383.0,,,
TXT5047,21.0,169.0,,,
TXT5048,72.0,609.0,,,
TXT5049,91.0,489.0,,,
TXT5050,62.0,316.0,,,
TXT5051,66.0,404.0,,,
TXT5052,60.0,259.0,,,
TXT5053,60.0,303.0,,,
TXT5054,178.0,667.0,,,
TXT5055,126.0,470.0,,,
TXT5056,66.0,547.0,,,
TXT5057,51.0,221.0,,,
TXT5058,79.0,501.0,,,
TXT5059,55.0,348.0,,,
TXT5060,59.0,212.0,,,
TXT5061,56.0,490.0,,,
TXT5062,53.0,253.0,,,
TXT5063,53.0,226.0,,,
TXT5064,62.0,496.0,,,
TXT5065,78.0,551.0,,,
TXT5066,60.0,443.0,,,
TXT5067,60.0,459.0,,,
TXT5068,57.0,327.0,,,
TXT5069,46.0,189.0,,,
TXT5070,55.0,180.0,,,
TXT5071,45.0,298.0,,,
TXT5072,49.0,389.0,,,
TXT5073,48.0,300.0,,,
TXT5074,63.0,380.0,,,
TXT5075,49.0,333.0,,,
TXT5076,72.0,385.0,,,
TXT5077,72.0,498.0,,,
TXT5078,83.0,297.0,,,
TXT5079,40.0,148.0,,,
TXT5080,35.0,204.0,,,
TXT5081,115.0,360.0,,,
TXT5082,49.0,410.0,,,
TXT5083,41.0,230.0,,,
TXT5084,47.0,297.0,,,
TXT5085,35.0,151.0,,,
TXT5086,10.0,62.0,,,
TXT5087,59.0,296.0,,,
TXT5088,47.0,306.0,,,
TXT5089,31.0,127.0,,,
TXT5090,57.0,302.0,,,
TXT5091,38.0,263.0,,,
TXT5092,48.0,325.0,,,
TXT5093,84.0,268.0,,,
TXT5094,62.0,244.0,,,
TXT5095,38.0,368.0,,,
TXT5096,29.0,92.0,,,
TXT5097,62.0,316.0,,,
TXT5098,48.0,297.0,,,
TXT5099,53.0,364.0,,,
TXT5100,30.0,132.0,,,
TXT5101,5.0,23.0,,,
TXT5102,64.0,303.0,,,
TXT5103,45.0,219.0,,,
TXT5104,43.0,199.0,,,
TXT5105,50.0,503.0,,,
TXT5106,54.0,271.0,,,
TXT5107,51.0,265.0,,,
TXT5108,52.0,243.0,,,
TXT5109,43.0,236.0,,,
TXT5110,48.0,235.0,,,
TXT5111,47.0,241.0,,,
TXT5112,38.0,172.0,,,
TXT5113,76.0,649.0,,,
TXT5114,99.0,657.0,,,
TXT5115,8.0,38.0,,,
TXT5116,47.0,443.0,,,
TXT5117,36.0,198.0,,,
TXT5118,50.0,258.0,,,
TXT5119,39.0,200.0,,,
TXT5120,58.0,239.0,,,
TXT5121,40.0,261.0,,,
TXT5122,48.0,314.0,,,
TXT5123,40.0,209.0,,,
TXT5124,35.0,188.0,,,
TXT5125,48.0,265.0,,,
TXT5126,41.0,181.0,,,
TXT5127,75.0,412.0,,,
TXT5128,52.0,507.0,,,
TXT5129,66.0,364.0,,,
TXT5130,1.0,3.0,,,
TXT5131,15.0,91.0,,,
TXT5132,9.0,30.0,,,
TXT5133,4.0,18.0,,,
TXT5134,36.0,222.0,,,
TXT5135,31.0,162.0,,,
TXT5136,64.0,311.0,,,
TXT5137,50.0,339.0,,,
TXT5138,47.0,185.0,,,
TXT5139,13.0,68.0,,,
TXT5140,33.0,174.0,,,
TXT5141,11.0,110.0,,,
TXT5142,25.0,268.0,,,
TXT5143,45.0,427.0,,,
TXT5144,89.0,862.0,,,
TXT5145,72.0,615.0,,,
TXT5146,64.0,718.0,,,
TXT5147,69.0,732.0,,,
TXT5148,64.0,503.0,,,
TXT5149,97.0,752.0,,,
TXT5150,90.0,775.0,,,
TXT5151,49.0,373.0,,,
TXT5152,66.0,640.0,,,
TXT5153,131.0,1188.0,,,
TXT5154,55.0,480.0,,,
TXT5155,37.0,401.0,,,
TXT5156,93.0,762.0,,,
TXT5157,96.0,614.0,,,
TXT5158,68.0,431.0,,,
TXT5159,74.0,559.0,,,
TXT5160,74.0,614.0,,,
TXT5161,87.0,607.0,,,
TXT5162,58.0,444.0,,,
TXT5163,70.0,556.0,,,
TXT5164,63.0,683.0,,,
TXT5165,84.0,511.0,,,
TXT5166,54.0,402.0,,,
TXT5167,62.0,538.0,,,
TXT5168,58.0,459.0,,,
TXT5169,45.0,473.0,,,
TXT5170,84.0,803.0,,,
TXT5171,76.0,824.0,,,
TXT5172,49.0,400.0,,,
TXT5173,112.0,889.0,,,
TXT5174,52.0,546.0,,,
TXT5175,102.0,988.0,,,
TXT5176,76.0,1034.0,,,
TXT5177,65.0,604.0,,,
TXT5178,47.0,404.0,,,
TXT5179,65.0,611.0,,,
TXT5180,120.0,894.0,,,
TXT5181,56.0,553.0,,,
TXT5182,86.0,808.0,,,
TXT5183,73.0,725.0,,,
TXT5184,52.0,413.0,,,
TXT5185,77.0,893.0,,,
TXT5186,66.0,611.0,,,
TXT5187,57.0,486.0,,,
TXT5188,102.0,708.0,,,
TXT5189,92.0,936.0,,,
TXT5190,80.0,470.0,,,
TXT5191,73.0,388.0,,,
TXT5192,67.0,758.0,,,
TXT5193,51.0,497.0,,,
TXT5194,80.0,814.0,,,
TXT5195,93.0,853.0,,,
TXT5196,63.0,501.0,,,
TXT5197,49.0,435.0,,,
TXT5198,66.0,517.0,,,
TXT5199,70.0,897.0,,,
TXT5200,73.0,410.0,,,
TXT5201,60.0,721.0,,,
TXT5202,47.0,389.0,,,
TXT5203,27.0,210.0,,,
TXT5204,68.0,743.0,,,
TXT5205,63.0,686.0,,,
TXT5206,52.0,387.0,,,
TXT5207,56.0,582.0,,,
TXT5208,53.0,613.0,,,
TXT5209,85.0,639.0,,,
TXT5210,76.0,571.0,,,
TXT5211,78.0,851.0,,,
TXT5212,58.0,671.0,,,
TXT5213,65.0,540.0,,,
TXT5214,84.0,710.0,,,
TXT5215,71.0,773.0,,,
TXT5216,67.0,666.0,,,
TXT5217,61.0,429.0,,,
TXT5218,80.0,789.0,,,
TXT5219,45.0,404.0,,,
TXT5220,141.0,834.0,,,
TXT5221,73.0,399.0,,,
TXT5222,39.0,292.0,,,
TXT5223,65.0,423.0,,,
TXT5224,73.0,778.0,,,
TXT5225,90.0,639.0,,,
TXT5226,1.0,25.0,,,
TXT5227,58.0,538.0,,,
TXT5228,73.0,620.0,,,
TXT5229,74.0,604.0,,,
TXT5230,58.0,608.0,,,
TXT5231,48.0,414.0,,,
TXT5232,74.0,507.0,,,
TXT5233,88.0,746.0,,,
TXT5234,54.0,502.0,,,
TXT5235,61.0,493.0,,,
TXT5236,59.0,588.0,,,
TXT5237,44.0,332.0,,,
TXT5238,45.0,496.0,,,
TXT5239,103.0,801.0,,,
TXT5240,60.0,533.0,,,
TXT5241,81.0,788.0,,,
TXT5242,87.0,733.0,,,
TXT5243,59.0,625.0,,,
TXT5244,17.0,175.0,,,
TXT5245,47.0,606.0,,,
TXT5246,41.0,285.0,,,
TXT5247,58.0,589.0,,,
TXT5248,63.0,803.0,,,
TXT5249,52.0,635.0,,,
TXT5250,72.0,615.0,,,
TXT5251,29.0,257.0,,,
TXT5252,50.0,430.0,,,
TXT5253,75.0,460.0,,,
TXT5254,58.0,345.0,,,
TXT5255,52.0,319.0,,,
TXT5256,52.0,424.0,,,
TXT5257,64.0,512.0,,,
TXT5258,43.0,418.0,,,
TXT5259,69.0,433.0,,,
TXT5260,56.0,399.0,,,
TXT5261,54.0,431.0,,,
TXT5262,69.0,411.0,,,
TXT5263,73.0,574.0,,,
TXT5264,53.0,369.0,,,
TXT5265,46.0,399.0,,,
TXT5266,53.0,411.0,,,
TXT5267,116.0,520.0,,,
TXT5268,48.0,265.0,,,
TXT5269,87.0,503.0,,,
TXT5270,34.0,366.0,,,
TXT5271,66.0,474.0,,,
TXT5272,64.0,467.0,,,
TXT5273,53.0,458.0,,,
TXT5274,74.0,506.0,,,
TXT5275,34.0,392.0,,,
TXT5276,56.0,365.0,,,
TXT5277,73.0,386.0,,,
TXT5278,83.0,406.0,,,
TXT5279,62.0,427.0,,,
TXT5280,55.0,440.0,,,
TXT5281,47.0,375.0,,,
TXT5282,79.0,600.0,,,
TXT5283,78.0,387.0,,,
TXT5284,58.0,474.0,,,
TXT5285,46.0,353.0,,,
TXT5286,68.0,425.0,,,
TXT5287,38.0,417.0,,,
TXT5288,62.0,482.0,,,
TXT5289,45.0,356.0,,,
TXT5290,64.0,554.0,,,
TXT5291,73.0,469.0,,,
TXT5292,74.0,439.0,,,
TXT5293,53.0,301.0,,,
TXT5294,93.0,535.0,,,
TXT5295,47.0,392.0,,,
TXT5296,31.0,352.0,,,
TXT5297,38.0,297.0,,,
TXT5298,60.0,284.0,,,
TXT5299,32.0,274.0,,,
TXT5300,47.0,335.0,,,
TXT5301,55.0,384.0,,,
TXT5302,78.0,416.0,,,
TXT5303,76.0,535.0,,,
TXT5304,75.0,546.0,,,
TXT5305,56.0,311.0,,,
TXT5306,36.0,279.0,,,
TXT5307,11.0,180.0,,,
TXT5308,67.0,480.0,,,
TXT5309,70.0,397.0,,,
TXT5310,66.0,372.0,,,
TXT5311,82.0,453.0,,,
TXT5312,81.0,391.0,,,
TXT5313,91.0,489.0,,,
TXT5314,101.0,557.0,,,
TXT5315,67.0,381.0,,,
TXT5316,44.0,385.0,,,
TXT5317,52.0,342.0,,,
TXT5318,82.0,586.0,,,
TXT5319,108.0,762.0,,,
TXT5320,77.0,317.0,,,
TXT5321,26.0,262.0,,,
TXT5322,48.0,371.0,,,
TXT5323,60.0,412.0,,,
TXT5324,66.0,343.0,,,
TXT5325,71.0,356.0,,,
TXT5326,67.0,510.0,,,
TXT5327,18.0,237.0,,,
TXT5328,1.0,5.0,,,
TXT5329,50.0,341.0,,,
TXT5330,53.0,335.0,,,
TXT5331,66.0,841.0,,,
TXT5332,40.0,258.0,,,
TXT5333,100.0,823.0,,,
TXT5334,73.0,510.0,,,
TXT5335,437.0,3089.0,,,
TXT5336,46.0,443.0,,,
TXT5337,94.0,838.0,,,
TXT5338,50.0,356.0,,,
TXT5339,51.0,406.0,,,
TXT5340,54.0,422.0,,,
TXT5341,72.0,573.0,,,
TXT5342,77.0,535.0,,,
TXT5343,62.0,385.0,,,
TXT5344,37.0,320.0,,,
TXT5345,82.0,516.0,,,
TXT5346,75.0,534.0,,,
TXT5347,72.0,686.0,,,
TXT5348,328.0,2918.0,,,
TXT5349,76.0,610.0,,,
TXT5350,53.0,478.0,,,
TXT5351,40.0,352.0,,,
TXT5352,44.0,566.0,,,
TXT5353,67.0,479.0,,,
TXT5354,76.0,571.0,,,
TXT5355,59.0,436.0,,,
TXT5356,70.0,599.0,,,
TXT5357,62.0,671.0,,,
TXT5358,75.0,632.0,,,
TXT5359,50.0,369.0,,,
TXT5360,21.0,248.0,,,
TXT5361,89.0,685.0,,,
TXT5362,18.0,212.0,,,
TXT5363,65.0,562.0,,,
TXT5364,42.0,303.0,,,
TXT5365,62.0,461.0,,,
TXT5366,43.0,340.0,,,
TXT5367,63.0,563.0,,,
TXT5368,89.0,736.0,,,
TXT5369,69.0,554.0,,,
TXT5370,74.0,633.0,,,
TXT5371,52.0,452.0,,,
TXT5372,75.0,608.0,,,
TXT5373,70.0,502.0,,,
TXT5374,63.0,520.0,,,
TXT5375,49.0,367.0,,,
TXT5376,53.0,421.0,,,
TXT5377,44.0,319.0,,,
TXT5378,75.0,656.0,,,
TXT5379,54.0,398.0,,,
TXT5380,45.0,450.0,,,
TXT5381,56.0,428.0,,,
TXT5382,93.0,861.0,,,
TXT5383,18.0,211.0,,,
TXT5384,80.0,700.0,,,
TXT5385,38.0,315.0,,,
TXT5386,68.0,517.0,,,
TXT5387,47.0,423.0,,,
TXT5388,20.0,210.0,,,
TXT5389,48.0,416.0,,,
TXT5390,74.0,723.0,,,
TXT5391,295.0,2187.0,,,
TXT5392,59.0,368.0,,,
TXT5393,90.0,617.0,,,
TXT5394,51.0,406.0,,,
TXT5395,55.0,450.0,,,
TXT5396,63.0,269.0,,,
TXT5397,46.0,413.0,,,
TXT5398,90.0,837.0,,,
TXT5399,50.0,453.0,,,
TXT5400,83.0,824.0,,,
TXT5401,37.0,383.0,,,
TXT5402,50.0,364.0,,,
TXT5403,80.0,663.0,,,
TXT5404,52.0,408.0,,,
TXT5405,109.0,872.0,,,
TXT5406,54.0,627.0,,,
TXT5407,81.0,533.0,,,
TXT5408,46.0,373.0,,,
TXT5409,66.0,595.0,,,
TXT5410,50.0,437.0,,,
TXT5411,81.0,1130.0,,,
TXT5412,103.0,834.0,,,
TXT5413,86.0,642.0,,,
TXT5414,51.0,447.0,,,
TXT5415,33.0,236.0,,,
TXT5416,42.0,309.0,,,
TXT5417,58.0,441.0,,,
TXT5418,61.0,480.0,,,
TXT5419,50.0,406.0,,,
TXT5420,62.0,590.0,,,
TXT5421,56.0,440.0,,,
TXT5422,73.0,674.0,,,
TXT5423,62.0,492.0,,,
TXT5424,62.0,537.0,,,
TXT5425,36.0,299.0,,,
TXT5426,57.0,391.0,,,
TXT5427,79.0,630.0,,,
TXT5428,34.0,356.0,,,
TXT5429,58.0,507.0,,,
TXT5430,69.0,374.0,,,
TXT5431,84.0,694.0,,,
TXT5432,73.0,557.0,,,
TXT5433,63.0,439.0,,,
TXT5434,32.0,337.0,,,
TXT5435,70.0,591.0,,,
TXT5436,71.0,561.0,,,
TXT5437,47.0,419.0,,,
TXT5438,57.0,541.0,,,
TXT5439,52.0,535.0,,,
TXT5440,33.0,374.0,,,
TXT5441,62.0,493.0,,,
TXT5442,45.0,467.0,,,
TXT5443,48.0,379.0,,,
TXT5444,84.0,774.0,,,
TXT5445,59.0,499.0,,,
TXT5446,68.0,525.0,,,
TXT5447,20.0,120.0,,,
TXT5448,103.0,732.0,,,
TXT5449,56.0,337.0,,,
TXT5450,87.0,662.0,,,
TXT5451,50.0,544.0,,,
TXT5452,30.0,194.0,,,
TXT5453,66.0,595.0,,,
TXT5454,38.0,339.0,,,
TXT5455,71.0,593.0,,,
TXT5456,20.0,143.0,,,
TXT5457,58.0,519.0,,,
TXT5458,42.0,388.0,,,
TXT5459,72.0,626.0,,,
TXT5460,90.0,688.0,,,
TXT5461,49.0,410.0,,,
TXT5462,51.0,481.0,,,
TXT5463,52.0,570.0,,,
TXT5464,50.0,443.0,,,
TXT5465,27.0,252.0,,,
TXT5466,57.0,405.0,,,
TXT5467,48.0,315.0,,,
TXT5468,89.0,715.0,,,
TXT5469,42.0,325.0,,,
TXT5470,47.0,465.0,,,
TXT5471,50.0,180.0,,,
TXT5472,68.0,566.0,,,
TXT5473,64.0,612.0,,,
TXT5474,77.0,596.0,,,
TXT5475,34.0,90.0,,,
TXT5476,41.0,344.0,,,
TXT5477,35.0,323.0,,,
TXT5478,49.0,1788.0,,,
TXT5479,57.0,450.0,,,
TXT5480,35.0,289.0,,,
TXT5481,57.0,451.0,,,
TXT5482,26.0,142.0,,,
TXT5483,57.0,517.0,,,
TXT5484,42.0,441.0,,,
TXT5485,46.0,307.0,,,
TXT5486,47.0,361.0,,,
TXT5487,14.0,110.0,,,
TXT5488,81.0,647.0,,,
TXT5489,38.0,284.0,,,
TXT5490,64.0,477.0,,,
TXT5491,36.0,376.0,,,
TXT5492,20.0,171.0,,,
TXT5493,24.0,200.0,,,
TXT5494,1.0,5.0,,,
TXT5495,48.0,336.0,,,
TXT5496,15.0,168.0,,,
TXT5497,30.0,198.0,,,
TXT5498,58.0,504.0,,,
TXT5499,31.0,380.0,,,
TXT5500,8.0,125.0,,,
TXT5501,20.0,181.0,,,
TXT5502,45.0,374.0,,,
TXT5503,1.0,9.0,,,
TXT5504,1.0,8.0,,,
TXT5505,1.0,7.0,,,
TXT5506,20.0,142.0,,,
TXT5507,1.0,4.0,,,
TXT5508,40.0,363.0,,,
TXT5509,1.0,7.0,,,
TXT5510,56.0,626.0,,,
TXT5511,27.0,156.0,,,
TXT5512,70.0,585.0,,,
TXT5513,116.0,805.0,,,
TXT5514,64.0,377.0,,,
TXT5515,1.0,5.0,,,
TXT5516,430.0,3076.0,,,
TXT5517,46.0,377.0,,,
TXT5518,59.0,351.0,,,
TXT5519,51.0,400.0,,,
TXT5520,68.0,442.0,,,
TXT5521,54.0,342.0,,,
TXT5522,52.0,358.0,,,
TXT5523,44.0,359.0,,,
TXT5524,42.0,316.0,,,
TXT5525,31.0,216.0,,,
TXT5526,51.0,400.0,,,
TXT5527,64.0,552.0,,,
TXT5528,40.0,321.0,,,
TXT5529,52.0,416.0,,,
TXT5530,45.0,403.0,,,
TXT5531,63.0,423.0,,,
TXT5532,80.0,515.0,,,
TXT5533,72.0,603.0,,,
TXT5534,53.0,511.0,,,
TXT5535,64.0,544.0,,,
TXT5536,59.0,593.0,,,
TXT5537,57.0,581.0,,,
TXT5538,56.0,539.0,,,
TXT5539,50.0,509.0,,,
TXT5540,58.0,514.0,,,
TXT5541,64.0,642.0,,,
TXT5542,41.0,365.0,,,
TXT5543,49.0,413.0,,,
TXT5544,66.0,870.0,,,
TXT5545,52.0,550.0,,,
TXT5546,48.0,476.0,,,
TXT5547,49.0,466.0,,,
TXT5548,68.0,571.0,,,
TXT5549,44.0,440.0,,,
TXT5550,43.0,390.0,,,
TXT5551,62.0,450.0,,,
TXT5552,61.0,542.0,,,
TXT5553,58.0,511.0,,,
TXT5554,53.0,545.0,,,
TXT5555,56.0,517.0,,,
TXT5556,50.0,402.0,,,
TXT5557,74.0,587.0,,,
TXT5558,99.0,623.0,,,
TXT5559,53.0,521.0,,,
TXT5560,42.0,450.0,,,
TXT5561,97.0,834.0,,,
TXT5562,46.0,421.0,,,
TXT5563,41.0,411.0,,,
TXT5564,56.0,529.0,,,
TXT5565,50.0,503.0,,,
TXT5566,51.0,494.0,,,
TXT5567,30.0,313.0,,,
TXT5568,58.0,529.0,,,
TXT5569,60.0,558.0,,,
TXT5570,45.0,427.0,,,
TXT5571,57.0,565.0,,,
TXT5572,43.0,433.0,,,
TXT5573,44.0,408.0,,,
TXT5574,60.0,488.0,,,
TXT5575,57.0,458.0,,,
TXT5576,66.0,579.0,,,
TXT5577,99.0,825.0,,,
TXT5578,47.0,456.0,,,
TXT5579,65.0,679.0,,,
TXT5580,48.0,544.0,,,
TXT5581,57.0,499.0,,,
TXT5582,57.0,495.0,,,
TXT5583,50.0,467.0,,,
TXT5584,51.0,453.0,,,
TXT5585,52.0,533.0,,,
TXT5586,63.0,609.0,,,
TXT5587,52.0,523.0,,,
TXT5588,73.0,524.0,,,
TXT5589,43.0,450.0,,,
TXT5590,49.0,434.0,,,
TXT5591,45.0,501.0,,,
TXT5592,45.0,439.0,,,
TXT5593,44.0,379.0,,,
TXT5594,47.0,493.0,,,
TXT5595,33.0,474.0,,,
TXT5596,62.0,575.0,,,
TXT5597,66.0,535.0,,,
TXT5598,43.0,375.0,,,
TXT5599,61.0,633.0,,,
TXT5600,58.0,487.0,,,
TXT5601,86.0,922.0,,,
TXT5602,49.0,497.0,,,
TXT5603,52.0,411.0,,,
TXT5604,47.0,433.0,,,
TXT5605,51.0,518.0,,,
TXT5606,53.0,607.0,,,
TXT5607,70.0,560.0,,,
TXT5608,88.0,629.0,,,
TXT5609,40.0,343.0,,,
TXT5610,69.0,600.0,,,
TXT5611,56.0,540.0,,,
TXT5612,74.0,762.0,,,
TXT5613,63.0,580.0,,,
TXT5614,72.0,619.0,,,
TXT5615,55.0,575.0,,,
TXT5616,47.0,416.0,,,
TXT5617,87.0,632.0,,,
TXT5618,63.0,551.0,,,
TXT5619,47.0,426.0,,,
TXT5620,43.0,418.0,,,
TXT5621,110.0,1064.0,,,
TXT5622,42.0,380.0,,,
TXT5623,26.0,152.0,,,
TXT5624,30.0,608.0,,,
TXT5625,20.0,211.0,,,
TXT5626,46.0,299.0,,,
TXT5627,20.0,159.0,,,
TXT5628,55.0,454.0,,,
TXT5629,19.0,131.0,,,
TXT5630,73.0,782.0,,,
TXT5631,55.0,447.0,,,
TXT5632,13.0,74.0,,,
TXT5633,91.0,593.0,,,
TXT5634,42.0,310.0,,,
TXT5635,20.0,133.0,,,
TXT5636,28.0,247.0,,,
TXT5637,100.0,629.0,,,
TXT5638,28.0,236.0,,,
TXT5639,2.0,7.0,,,
TXT5640,62.0,479.0,,,
TXT5641,102.0,605.0,,,
TXT5642,58.0,433.0,,,
TXT5643,69.0,536.0,,,
TXT5644,58.0,491.0,,,
TXT5645,46.0,411.0,,,
TXT5646,36.0,270.0,,,
TXT5647,40.0,395.0,,,
TXT5648,71.0,577.0,,,
TXT5649,60.0,437.0,,,
TXT5650,71.0,572.0,,,
TXT5651,45.0,378.0,,,
TXT5652,58.0,437.0,,,
TXT5653,50.0,458.0,,,
TXT5654,89.0,799.0,,,
TXT5655,62.0,628.0,,,
TXT5656,55.0,461.0,,,
TXT5657,52.0,438.0,,,
TXT5658,109.0,921.0,,,
TXT5659,49.0,430.0,,,
TXT5660,64.0,556.0,,,
TXT5661,32.0,265.0,,,
TXT5662,58.0,494.0,,,
TXT5663,54.0,442.0,,,
TXT5664,61.0,393.0,,,
TXT5665,65.0,528.0,,,
TXT5666,44.0,401.0,,,
TXT5667,77.0,570.0,,,
TXT5668,37.0,305.0,,,
TXT5669,53.0,523.0,,,
TXT5670,73.0,576.0,,,
TXT5671,64.0,426.0,,,
TXT5672,46.0,351.0,,,
TXT5673,54.0,483.0,,,
TXT5674,71.0,500.0,,,
TXT5675,78.0,434.0,,,
TXT5676,65.0,621.0,,,
TXT5677,70.0,470.0,,,
TXT5678,78.0,635.0,,,
TXT5679,37.0,347.0,,,
TXT5680,45.0,351.0,,,
TXT5681,59.0,580.0,,,
TXT5682,72.0,476.0,,,
TXT5683,81.0,659.0,,,
TXT5684,79.0,634.0,,,
TXT5685,37.0,352.0,,,
TXT5686,44.0,306.0,,,
TXT5687,66.0,534.0,,,
TXT5688,61.0,554.0,,,
TXT5689,36.0,306.0,,,
TXT5690,52.0,348.0,,,
TXT5691,57.0,304.0,,,
TXT5692,45.0,441.0,,,
TXT5693,56.0,421.0,,,
TXT5694,61.0,486.0,,,
TXT5695,73.0,543.0,,,
TXT5696,70.0,541.0,,,
TXT5697,58.0,526.0,,,
TXT5698,47.0,420.0,,,
TXT5699,72.0,743.0,,,
TXT5700,68.0,573.0,,,
TXT5701,48.0,351.0,,,
TXT5702,52.0,404.0,,,
TXT5703,44.0,381.0,,,
TXT5704,67.0,504.0,,,
TXT5705,37.0,302.0,,,
TXT5706,38.0,292.0,,,
TXT5707,38.0,312.0,,,
TXT5708,89.0,568.0,,,
TXT5709,54.0,442.0,,,
TXT5710,64.0,697.0,,,
TXT5711,33.0,285.0,,,
TXT5712,33.0,341.0,,,
TXT5713,30.0,264.0,,,
TXT5714,44.0,325.0,,,
TXT5715,44.0,416.0,,,
TXT5716,28.0,240.0,,,
TXT5717,42.0,318.0,,,
TXT5718,37.0,309.0,,,
TXT5719,40.0,311.0,,,
TXT5720,34.0,253.0,,,
TXT5721,24.0,215.0,,,
TXT5722,29.0,257.0,,,
TXT5723,30.0,272.0,,,
TXT5724,1.0,11.0,,,
TXT5725,20.0,142.0,,,
TXT5726,13.0,206.0,,,
TXT5727,39.0,321.0,,,
TXT5728,21.0,208.0,,,
TXT5729,32.0,238.0,,,
TXT5730,37.0,278.0,,,
TXT5731,31.0,231.0,,,
TXT5732,32.0,359.0,,,
TXT5733,30.0,268.0,,,
TXT5734,25.0,221.0,,,
TXT5735,26.0,219.0,,,
TXT5736,26.0,188.0,,,
TXT5737,39.0,260.0,,,
TXT5738,1.0,3.0,,,
TXT5739,49.0,516.0,,,
TXT5740,40.0,505.0,,,
TXT5741,39.0,218.0,,,
TXT5742,22.0,200.0,,,
TXT5743,68.0,612.0,,,
TXT5744,51.0,471.0,,,
TXT5745,61.0,666.0,,,
TXT5746,77.0,719.0,,,
TXT5747,59.0,627.0,,,
TXT5748,41.0,476.0,,,
TXT5749,57.0,720.0,,,
TXT5750,96.0,819.0,,,
TXT5751,60.0,577.0,,,
TXT5752,121.0,930.0,,,
TXT5753,69.0,744.0,,,
TXT5754,59.0,598.0,,,
TXT5755,75.0,700.0,,,
TXT5756,57.0,570.0,,,
TXT5757,65.0,621.0,,,
TXT5758,69.0,606.0,,,
TXT5759,43.0,379.0,,,
TXT5760,74.0,598.0,,,
TXT5761,72.0,675.0,,,
TXT5762,61.0,637.0,,,
TXT5763,52.0,431.0,,,
TXT5764,65.0,580.0,,,
TXT5765,64.0,418.0,,,
TXT5766,78.0,829.0,,,
TXT5767,58.0,575.0,,,
TXT5768,72.0,620.0,,,
TXT5769,112.0,977.0,,,
TXT5770,68.0,655.0,,,
TXT5771,73.0,647.0,,,
TXT5772,65.0,673.0,,,
TXT5773,54.0,569.0,,,
TXT5774,59.0,543.0,,,
TXT5775,85.0,798.0,,,
TXT5776,42.0,553.0,,,
TXT5777,59.0,701.0,,,
TXT5778,90.0,669.0,,,
TXT5779,55.0,621.0,,,
TXT5780,70.0,717.0,,,
TXT5781,59.0,540.0,,,
TXT5782,62.0,749.0,,,
TXT5783,68.0,617.0,,,
TXT5784,64.0,660.0,,,
TXT5785,65.0,638.0,,,
TXT5786,73.0,615.0,,,
TXT5787,71.0,632.0,,,
TXT5788,45.0,451.0,,,
TXT5789,51.0,568.0,,,
TXT5790,61.0,495.0,,,
TXT5791,63.0,512.0,,,
TXT5792,69.0,739.0,,,
TXT5793,73.0,511.0,,,
TXT5794,60.0,525.0,,,
TXT5795,81.0,617.0,,,
TXT5796,93.0,630.0,,,
TXT5797,55.0,553.0,,,
TXT5798,48.0,458.0,,,
TXT5799,61.0,455.0,,,
TXT5800,61.0,573.0,,,
TXT5801,52.0,419.0,,,
TXT5802,47.0,525.0,,,
TXT5803,47.0,519.0,,,
TXT5804,63.0,557.0,,,
TXT5805,62.0,484.0,,,
TXT5806,46.0,432.0,,,
TXT5807,80.0,585.0,,,
TXT5808,58.0,530.0,,,
TXT5809,49.0,520.0,,,
TXT5810,85.0,820.0,,,
TXT5811,80.0,686.0,,,
TXT5812,70.0,600.0,,,
TXT5813,50.0,402.0,,,
TXT5814,60.0,619.0,,,
TXT5815,78.0,562.0,,,
TXT5816,54.0,479.0,,,
TXT5817,48.0,568.0,,,
TXT5818,78.0,640.0,,,
TXT5819,66.0,618.0,,,
TXT5820,80.0,473.0,,,
TXT5821,50.0,454.0,,,
TXT5822,77.0,719.0,,,
TXT5823,71.0,790.0,,,
TXT5824,102.0,830.0,,,
TXT5825,67.0,711.0,,,
TXT5826,37.0,433.0,,,
TXT5827,89.0,661.0,,,
TXT5828,30.0,346.0,,,
TXT5829,49.0,561.0,,,
TXT5830,74.0,731.0,,,
TXT5831,82.0,707.0,,,
TXT5832,57.0,532.0,,,
TXT5833,71.0,574.0,,,
TXT5834,46.0,533.0,,,
TXT5835,62.0,535.0,,,
TXT5836,29.0,294.0,,,
TXT5837,26.0,250.0,,,
TXT5838,63.0,679.0,,,
TXT5839,81.0,520.0,,,
TXT5840,68.0,518.0,,,
TXT5841,42.0,334.0,,,
TXT5842,48.0,456.0,,,
TXT5843,59.0,509.0,,,
TXT5844,51.0,431.0,,,
TXT5845,72.0,648.0,,,
TXT5846,118.0,664.0,,,
TXT5847,46.0,452.0,,,
TXT5848,54.0,601.0,,,
TXT5849,70.0,639.0,,,
TXT5850,65.0,757.0,,,
TXT5851,78.0,605.0,,,
TXT5852,61.0,692.0,,,
TXT5853,49.0,470.0,,,
TXT5854,80.0,686.0,,,
TXT5855,64.0,658.0,,,
TXT5856,82.0,701.0,,,
TXT5857,75.0,545.0,,,
TXT5858,50.0,508.0,,,
TXT5859,68.0,533.0,,,
TXT5860,74.0,770.0,,,
TXT5861,73.0,635.0,,,
TXT5862,61.0,555.0,,,
TXT5863,75.0,597.0,,,
TXT5864,58.0,521.0,,,
TXT5865,53.0,441.0,,,
TXT5866,87.0,657.0,,,
TXT5867,56.0,637.0,,,
TXT5868,30.0,266.0,,,
TXT5869,87.0,802.0,,,
TXT5870,55.0,566.0,,,
TXT5871,58.0,633.0,,,
TXT5872,67.0,660.0,,,
TXT5873,58.0,583.0,,,
TXT5874,49.0,543.0,,,
TXT5875,85.0,798.0,,,
TXT5876,30.0,356.0,,,
TXT5877,61.0,669.0,,,
TXT5878,48.0,534.0,,,
TXT5879,62.0,583.0,,,
TXT5880,73.0,734.0,,,
TXT5881,65.0,677.0,,,
TXT5882,81.0,707.0,,,
TXT5883,61.0,556.0,,,
TXT5884,67.0,521.0,,,
TXT5885,74.0,603.0,,,
TXT5886,82.0,849.0,,,
TXT5887,85.0,719.0,,,
TXT5888,68.0,701.0,,,
TXT5889,83.0,776.0,,,
TXT5890,73.0,532.0,,,
TXT5891,87.0,762.0,,,
TXT5892,74.0,662.0,,,
TXT5893,63.0,600.0,,,
TXT5894,71.0,746.0,,,
TXT5895,56.0,529.0,,,
TXT5896,79.0,601.0,,,
TXT5897,53.0,499.0,,,
TXT5898,80.0,511.0,,,
TXT5899,79.0,601.0,,,
TXT5900,53.0,534.0,,,
TXT5901,40.0,296.0,,,
TXT5902,57.0,458.0,,,
TXT5903,56.0,567.0,,,
TXT5904,77.0,682.0,,,
TXT5905,69.0,501.0,,,
TXT5906,24.0,266.0,,,
TXT5907,58.0,626.0,,,
TXT5908,40.0,465.0,,,
TXT5909,50.0,525.0,,,
TXT5910,75.0,620.0,,,
TXT5911,49.0,519.0,,,
TXT5912,56.0,545.0,,,
TXT5913,86.0,589.0,,,
TXT5914,61.0,424.0,,,
TXT5915,96.0,916.0,,,
TXT5916,78.0,801.0,,,
TXT5917,53.0,476.0,,,
TXT5918,51.0,518.0,,,
TXT5919,55.0,480.0,,,
TXT5920,72.0,667.0,,,
TXT5921,59.0,350.0,,,
TXT5922,65.0,631.0,,,
TXT5923,71.0,471.0,,,
TXT5924,53.0,471.0,,,
TXT5925,81.0,598.0,,,
TXT5926,37.0,561.0,,,
TXT5927,75.0,664.0,,,
TXT5928,54.0,484.0,,,
TXT5929,60.0,495.0,,,
TXT5930,65.0,476.0,,,
TXT5931,68.0,462.0,,,
TXT5932,59.0,580.0,,,
TXT5933,48.0,432.0,,,
TXT5934,53.0,493.0,,,
TXT5935,41.0,396.0,,,
TXT5936,83.0,780.0,,,
TXT5937,67.0,617.0,,,
TXT5938,68.0,625.0,,,
TXT5939,57.0,544.0,,,
TXT5940,39.0,380.0,,,
TXT5941,54.0,516.0,,,
TXT5942,55.0,506.0,,,
TXT5943,57.0,474.0,,,
TXT5944,65.0,577.0,,,
TXT5945,54.0,455.0,,,
TXT5946,43.0,318.0,,,
TXT5947,78.0,608.0,,,
TXT5948,58.0,569.0,,,
TXT5949,56.0,565.0,,,
TXT5950,51.0,505.0,,,
TXT5951,47.0,481.0,,,
TXT5952,70.0,665.0,,,
TXT5953,29.0,260.0,,,
TXT5954,43.0,405.0,,,
TXT5955,20.0,210.0,,,
TXT5956,22.0,210.0,,,
TXT5957,17.0,172.0,,,
TXT5958,62.0,574.0,,,
TXT5959,24.0,207.0,,,
TXT5960,60.0,628.0,,,
TXT5961,32.0,316.0,,,
TXT5962,69.0,492.0,,,
TXT5963,68.0,639.0,,,
TXT5964,43.0,413.0,,,
TXT5965,51.0,471.0,,,
TXT5966,27.0,221.0,,,
TXT5967,42.0,411.0,,,
TXT5968,37.0,235.0,,,
TXT5969,48.0,391.0,,,
TXT5970,31.0,307.0,,,
TXT5971,65.0,411.0,,,
TXT5972,43.0,322.0,,,
TXT5973,60.0,535.0,,,
TXT5974,76.0,544.0,,,
TXT5975,31.0,316.0,,,
TXT5976,36.0,233.0,,,
TXT5977,19.0,202.0,,,
TXT5978,53.0,488.0,,,
TXT5979,83.0,509.0,,,
TXT5980,57.0,400.0,,,
TXT5981,51.0,435.0,,,
TXT5982,59.0,384.0,,,
TXT5983,53.0,373.0,,,
TXT5984,88.0,469.0,,,
TXT5985,59.0,397.0,,,
TXT5986,56.0,407.0,,,
TXT5987,59.0,396.0,,,
TXT5988,39.0,219.0,,,
TXT5989,69.0,394.0,,,
TXT5990,50.0,304.0,,,
TXT5991,68.0,503.0,,,
TXT5992,68.0,456.0,,,
TXT5993,62.0,580.0,,,
TXT5994,52.0,452.0,,,
TXT5995,39.0,288.0,,,
TXT5996,59.0,413.0,,,
TXT5997,64.0,579.0,,,
TXT5998,86.0,590.0,,,
TXT5999,51.0,409.0,,,
TXT6000,92.0,761.0,,,
TXT6001,52.0,356.0,,,
TXT6002,63.0,469.0,,,
TXT6003,65.0,434.0,,,
TXT6004,69.0,530.0,,,
TXT6005,65.0,426.0,,,
TXT6006,57.0,514.0,,,
TXT6007,50.0,456.0,,,
TXT6008,80.0,802.0,,,
TXT6009,54.0,494.0,,,
TXT6010,70.0,531.0,,,
TXT6011,62.0,513.0,,,
TXT6012,67.0,576.0,,,
TXT6013,86.0,600.0,,,
TXT6014,58.0,494.0,,,
TXT6015,90.0,541.0,,,
TXT6016,58.0,396.0,,,
TXT6017,67.0,551.0,,,
TXT6018,60.0,584.0,,,
TXT6019,85.0,829.0,,,
TXT6020,61.0,418.0,,,
TXT6021,69.0,493.0,,,
TXT6022,74.0,613.0,,,
TXT6023,83.0,642.0,,,
TXT6024,60.0,440.0,,,
TXT6025,54.0,588.0,,,
TXT6026,53.0,302.0,,,
TXT6027,85.0,754.0,,,
TXT6028,114.0,1060.0,,,
TXT6029,65.0,423.0,,,
TXT6030,96.0,695.0,,,
TXT6031,64.0,506.0,,,
TXT6032,61.0,558.0,,,
TXT6033,70.0,534.0,,,
TXT6034,72.0,696.0,,,
TXT6035,90.0,629.0,,,
TXT6036,54.0,421.0,,,
TXT6037,91.0,708.0,,,
TXT6038,100.0,566.0,,,
TXT6039,75.0,695.0,,,
TXT6040,63.0,498.0,,,
TXT6041,93.0,802.0,,,
TXT6042,68.0,528.0,,,
TXT6043,76.0,627.0,,,
TXT6044,69.0,587.0,,,
TXT6045,80.0,669.0,,,
TXT6046,51.0,363.0,,,
TXT6047,67.0,452.0,,,
TXT6048,72.0,444.0,,,
TXT6049,72.0,563.0,,,
TXT6050,63.0,437.0,,,
TXT6051,47.0,412.0,,,
TXT6052,83.0,742.0,,,
TXT6053,62.0,574.0,,,
TXT6054,65.0,516.0,,,
TXT6055,64.0,429.0,,,
TXT6056,30.0,272.0,,,
TXT6057,45.0,467.0,,,
TXT6058,63.0,445.0,,,
TXT6059,72.0,481.0,,,
TXT6060,81.0,612.0,,,
TXT6061,58.0,449.0,,,
TXT6062,84.0,590.0,,,
TXT6063,63.0,489.0,,,
TXT6064,64.0,691.0,,,
TXT6065,77.0,626.0,,,
TXT6066,82.0,724.0,,,
TXT6067,53.0,403.0,,,
TXT6068,61.0,509.0,,,
TXT6069,58.0,570.0,,,
TXT6070,74.0,607.0,,,
TXT6071,68.0,358.0,,,
TXT6072,82.0,622.0,,,
TXT6073,71.0,625.0,,,
TXT6074,67.0,413.0,,,
TXT6075,88.0,576.0,,,
TXT6076,90.0,651.0,,,
TXT6077,60.0,543.0,,,
TXT6078,88.0,672.0,,,
TXT6079,75.0,498.0,,,
TXT6080,79.0,744.0,,,
TXT6081,59.0,314.0,,,
TXT6082,76.0,547.0,,,
TXT6083,70.0,573.0,,,
TXT6084,66.0,541.0,,,
TXT6085,49.0,447.0,,,
TXT6086,51.0,451.0,,,
TXT6087,83.0,710.0,,,
TXT6088,55.0,467.0,,,
TXT6089,28.0,189.0,,,
TXT6090,69.0,636.0,,,
TXT6091,52.0,475.0,,,
TXT6092,47.0,384.0,,,
TXT6093,60.0,594.0,,,
TXT6094,66.0,537.0,,,
TXT6095,65.0,460.0,,,
TXT6096,76.0,423.0,,,
TXT6097,75.0,550.0,,,
TXT6098,84.0,573.0,,,
TXT6099,43.0,256.0,,,
TXT6100,62.0,471.0,,,
TXT6101,93.0,678.0,,,
TXT6102,75.0,505.0,,,
TXT6103,64.0,545.0,,,
TXT6104,81.0,396.0,,,
TXT6105,74.0,516.0,,,
TXT6106,48.0,389.0,,,
TXT6107,75.0,576.0,,,
TXT6108,82.0,653.0,,,
TXT6109,76.0,661.0,,,
TXT6110,56.0,492.0,,,
TXT6111,62.0,462.0,,,
TXT6112,68.0,519.0,,,
TXT6113,94.0,450.0,,,
TXT6114,64.0,543.0,,,
TXT6115,70.0,637.0,,,
TXT6116,81.0,582.0,,,
TXT6117,83.0,591.0,,,
TXT6118,92.0,517.0,,,
TXT6119,76.0,350.0,,,
TXT6120,47.0,394.0,,,
TXT6121,55.0,348.0,,,
TXT6122,50.0,455.0,,,
TXT6123,36.0,241.0,,,
TXT6124,58.0,396.0,,,
TXT6125,68.0,337.0,,,
TXT6126,50.0,320.0,,,
TXT6127,86.0,608.0,,,
TXT6128,48.0,256.0,,,
TXT6129,56.0,397.0,,,
TXT6130,71.0,644.0,,,
TXT6131,59.0,435.0,,,
TXT6132,47.0,214.0,,,
TXT6133,16.0,183.0,,,
TXT6134,53.0,356.0,,,
TXT6135,49.0,414.0,,,
TXT6136,73.0,723.0,,,
TXT6137,39.0,340.0,,,
TXT6138,49.0,402.0,,,
TXT6139,57.0,537.0,,,
TXT6140,76.0,644.0,,,
TXT6141,72.0,519.0,,,
TXT6142,45.0,447.0,,,
TXT6143,68.0,553.0,,,
TXT6144,70.0,602.0,,,
TXT6145,71.0,644.0,,,
TXT6146,54.0,504.0,,,
TXT6147,71.0,654.0,,,
TXT6148,63.0,581.0,,,
TXT6149,91.0,656.0,,,
TXT6150,64.0,573.0,,,
TXT6151,61.0,550.0,,,
TXT6152,93.0,660.0,,,
TXT6153,69.0,548.0,,,
TXT6154,62.0,529.0,,,
TXT6155,61.0,430.0,,,
TXT6156,47.0,397.0,,,
TXT6157,41.0,417.0,,,
TXT6158,48.0,415.0,,,
TXT6159,63.0,632.0,,,
TXT6160,76.0,642.0,,,
TXT6161,95.0,734.0,,,
TXT6162,105.0,1024.0,,,
TXT6163,54.0,434.0,,,
TXT6164,86.0,587.0,,,
TXT6165,61.0,418.0,,,
TXT6166,57.0,393.0,,,
TXT6167,65.0,505.0,,,
TXT6168,66.0,569.0,,,
TXT6169,52.0,501.0,,,
TXT6170,37.0,329.0,,,
TXT6171,54.0,434.0,,,
TXT6172,50.0,450.0,,,
TXT6173,88.0,816.0,,,
TXT6174,38.0,400.0,,,
TXT6175,102.0,740.0,,,
TXT6176,53.0,430.0,,,
TXT6177,42.0,406.0,,,
TXT6178,87.0,588.0,,,
TXT6179,64.0,488.0,,,
TXT6180,83.0,591.0,,,
TXT6181,85.0,589.0,,,
TXT6182,17.0,153.0,,,
TXT6183,67.0,561.0,,,
TXT6184,35.0,335.0,,,
TXT6185,57.0,509.0,,,
TXT6186,74.0,569.0,,,
TXT6187,72.0,589.0,,,
TXT6188,54.0,514.0,,,
TXT6189,58.0,444.0,,,
TXT6190,68.0,455.0,,,
TXT6191,75.0,499.0,,,
TXT6192,57.0,366.0,,,
TXT6193,57.0,500.0,,,
TXT6194,105.0,805.0,,,
TXT6195,78.0,664.0,,,
TXT6196,54.0,429.0,,,
TXT6197,76.0,617.0,,,
TXT6198,70.0,500.0,,,
TXT6199,43.0,393.0,,,
TXT6200,34.0,273.0,,,
TXT6201,60.0,371.0,,,
TXT6202,72.0,636.0,,,
TXT6203,89.0,561.0,,,
TXT6204,62.0,617.0,,,
TXT6205,37.0,325.0,,,
TXT6206,63.0,627.0,,,
TXT6207,66.0,586.0,,,
TXT6208,60.0,436.0,,,
TXT6209,76.0,635.0,,,
TXT6210,34.0,309.0,,,
TXT6211,70.0,453.0,,,
TXT6212,62.0,374.0,,,
TXT6213,67.0,579.0,,,
TXT6214,38.0,309.0,,,
TXT6215,50.0,360.0,,,
TXT6216,57.0,565.0,,,
TXT6217,74.0,625.0,,,
TXT6218,80.0,540.0,,,
TXT6219,63.0,672.0,,,
TXT6220,5.0,95.0,,,
TXT6221,46.0,393.0,,,
TXT6222,86.0,790.0,,,
TXT6223,64.0,532.0,,,
TXT6224,99.0,699.0,,,
TXT6225,66.0,580.0,,,
TXT6226,56.0,249.0,,,
TXT6227,72.0,445.0,,,
TXT6228,40.0,300.0,,,
TXT6229,54.0,468.0,,,
TXT6230,44.0,364.0,,,
TXT6231,54.0,457.0,,,
TXT6232,67.0,578.0,,,
TXT6233,55.0,375.0,,,
TXT6234,27.0,213.0,,,
TXT6235,76.0,458.0,,,
TXT6236,35.0,244.0,,,
TXT6237,77.0,599.0,,,
TXT6238,57.0,503.0,,,
TXT6239,69.0,374.0,,,
TXT6240,49.0,442.0,,,
TXT6241,89.0,720.0,,,
TXT6242,61.0,714.0,,,
TXT6243,56.0,528.0,,,
TXT6244,46.0,378.0,,,
TXT6245,38.0,328.0,,,
TXT6246,37.0,255.0,,,
TXT6247,84.0,767.0,,,
TXT6248,80.0,754.0,,,
TXT6249,45.0,334.0,,,
TXT6250,48.0,412.0,,,
TXT6251,107.0,842.0,,,
TXT6252,107.0,816.0,,,
TXT6253,105.0,851.0,,,
TXT6254,76.0,506.0,,,
TXT6255,80.0,733.0,,,
TXT6256,99.0,745.0,,,
TXT6257,128.0,941.0,,,
TXT6258,136.0,1021.0,,,
TXT6259,137.0,881.0,,,
TXT6260,59.0,339.0,,,
TXT6261,60.0,498.0,,,
TXT6262,61.0,529.0,,,
TXT6263,79.0,533.0,,,
TXT6264,88.0,599.0,,,
TXT6265,116.0,730.0,,,
TXT6266,80.0,495.0,,,
TXT6267,108.0,802.0,,,
TXT6268,115.0,1031.0,,,
TXT6269,109.0,860.0,,,
TXT6270,69.0,438.0,,,
TXT6271,74.0,610.0,,,
TXT6272,70.0,490.0,,,
TXT6273,66.0,585.0,,,
TXT6274,101.0,645.0,,,
TXT6275,89.0,745.0,,,
TXT6276,18.0,313.0,,,
TXT6277,105.0,737.0,,,
TXT6278,20.0,271.0,,,
TXT6279,69.0,400.0,,,
TXT6280,90.0,693.0,,,
TXT6281,73.0,508.0,,,
TXT6282,242.0,1668.0,,,
TXT6283,19.0,193.0,,,
TXT6284,99.0,685.0,,,
TXT6285,82.0,646.0,,,
TXT6286,139.0,775.0,,,
TXT6287,57.0,450.0,,,
TXT6288,90.0,641.0,,,
TXT6289,57.0,476.0,,,
TXT6290,51.0,491.0,,,
TXT6291,64.0,432.0,,,
TXT6292,71.0,381.0,,,
TXT6293,6.0,32.0,,,
TXT6294,118.0,770.0,,,
TXT6295,89.0,710.0,,,
TXT6296,38.0,308.0,,,
TXT6297,9.0,62.0,,,
TXT6298,75.0,436.0,,,
TXT6299,79.0,688.0,,,
TXT6300,97.0,882.0,,,
TXT6301,45.0,274.0,,,
TXT6302,135.0,1036.0,,,
TXT6303,103.0,618.0,,,
TXT6304,56.0,401.0,,,
TXT6305,90.0,557.0,,,
TXT6306,74.0,561.0,,,
TXT6307,88.0,888.0,,,
TXT6308,98.0,528.0,,,
TXT6309,58.0,501.0,,,
TXT6310,120.0,971.0,,,
TXT6311,69.0,485.0,,,
TXT6312,76.0,719.0,,,
TXT6313,83.0,642.0,,,
TXT6314,75.0,507.0,,,
TXT6315,4.0,39.0,,,
TXT6316,57.0,358.0,,,
TXT6317,67.0,383.0,,,
TXT6318,98.0,568.0,,,
TXT6319,42.0,441.0,,,
TXT6320,17.0,140.0,,,
TXT6321,79.0,577.0,,,
TXT6322,60.0,403.0,,,
TXT6323,67.0,363.0,,,
TXT6324,34.0,433.0,,,
TXT6325,41.0,316.0,,,
TXT6326,58.0,517.0,,,
TXT6327,98.0,652.0,,,
TXT6328,37.0,330.0,,,
TXT6329,13.0,256.0,,,
TXT6330,83.0,677.0,,,
TXT6331,47.0,379.0,,,
TXT6332,64.0,391.0,,,
TXT6333,47.0,369.0,,,
TXT6334,68.0,546.0,,,
TXT6335,57.0,527.0,,,
TXT6336,29.0,404.0,,,
TXT6337,56.0,368.0,,,
TXT6338,40.0,373.0,,,
TXT6339,64.0,524.0,,,
TXT6340,58.0,446.0,,,
TXT6341,78.0,604.0,,,
TXT6342,44.0,326.0,,,
TXT6343,55.0,480.0,,,
TXT6344,61.0,526.0,,,
TXT6345,33.0,247.0,,,
TXT6346,53.0,387.0,,,
TXT6347,49.0,292.0,,,
TXT6348,54.0,345.0,,,
TXT6349,26.0,152.0,,,
TXT6350,85.0,766.0,,,
TXT6351,63.0,478.0,,,
TXT6352,57.0,455.0,,,
TXT6353,51.0,436.0,,,
TXT6354,62.0,546.0,,,
TXT6355,108.0,568.0,,,
TXT6356,41.0,256.0,,,
TXT6357,38.0,245.0,,,
TXT6358,39.0,268.0,,,
TXT6359,66.0,793.0,,,
TXT6360,25.0,417.0,,,
TXT6361,55.0,291.0,,,
TXT6362,74.0,381.0,,,
TXT6363,58.0,550.0,,,
TXT6364,55.0,431.0,,,
TXT6365,60.0,483.0,,,
TXT6366,67.0,454.0,,,
TXT6367,85.0,634.0,,,
TXT6368,49.0,297.0,,,
TXT6369,74.0,622.0,,,
TXT6370,51.0,400.0,,,
TXT6371,84.0,615.0,,,
TXT6372,58.0,395.0,,,
TXT6373,50.0,273.0,,,
TXT6374,50.0,463.0,,,
TXT6375,52.0,366.0,,,
TXT6376,75.0,572.0,,,
TXT6377,56.0,418.0,,,
TXT6378,8.0,251.0,,,
TXT6379,56.0,454.0,,,
TXT6380,102.0,567.0,,,
TXT6381,46.0,344.0,,,
TXT6382,47.0,423.0,,,
TXT6383,28.0,214.0,,,
TXT6384,78.0,717.0,,,
TXT6385,79.0,398.0,,,
TXT6386,37.0,273.0,,,
TXT6387,71.0,673.0,,,
TXT6388,49.0,384.0,,,
TXT6389,101.0,564.0,,,
TXT6390,53.0,470.0,,,
TXT6391,66.0,500.0,,,
TXT6392,61.0,578.0,,,
TXT6393,67.0,615.0,,,
TXT6394,57.0,611.0,,,
TXT6395,50.0,397.0,,,
TXT6396,64.0,350.0,,,
TXT6397,63.0,458.0,,,
TXT6398,44.0,451.0,,,
TXT6399,49.0,453.0,,,
TXT6400,89.0,466.0,,,
TXT6401,80.0,442.0,,,
TXT6402,39.0,338.0,,,
TXT6403,68.0,446.0,,,
TXT6404,69.0,538.0,,,
TXT6405,56.0,402.0,,,
TXT6406,79.0,494.0,,,
TXT6407,74.0,447.0,,,
TXT6408,34.0,278.0,,,
TXT6409,59.0,392.0,,,
TXT6410,59.0,421.0,,,
TXT6411,55.0,239.0,,,
TXT6412,49.0,477.0,,,
TXT6413,66.0,419.0,,,
TXT6414,55.0,401.0,,,
TXT6415,47.0,305.0,,,
TXT6416,52.0,473.0,,,
TXT6417,37.0,217.0,,,
TXT6418,34.0,217.0,,,
TXT6419,50.0,310.0,,,
TXT6420,35.0,193.0,,,
TXT6421,41.0,379.0,,,
TXT6422,25.0,189.0,,,
TXT6423,58.0,505.0,,,
TXT6424,54.0,352.0,,,
TXT6425,48.0,411.0,,,
TXT6426,39.0,312.0,,,
TXT6427,30.0,217.0,,,
TXT6428,68.0,360.0,,,
TXT6429,91.0,381.0,,,
TXT6430,74.0,443.0,,,
TXT6431,96.0,310.0,,,
TXT6432,65.0,434.0,,,
TXT6433,25.0,383.0,,,
TXT6434,71.0,289.0,,,
TXT6435,55.0,393.0,,,
TXT6436,72.0,604.0,,,
TXT6437,64.0,664.0,,,
TXT6438,68.0,581.0,,,
TXT6439,50.0,446.0,,,
TXT6440,55.0,353.0,,,
TXT6441,66.0,453.0,,,
TXT6442,49.0,387.0,,,
TXT6443,99.0,744.0,,,
TXT6444,52.0,517.0,,,
TXT6445,59.0,452.0,,,
TXT6446,60.0,457.0,,,
TXT6447,56.0,423.0,,,
TXT6448,61.0,662.0,,,
TXT6449,63.0,536.0,,,
TXT6450,39.0,488.0,,,
TXT6451,63.0,445.0,,,
TXT6452,54.0,431.0,,,
TXT6453,65.0,397.0,,,
TXT6454,55.0,466.0,,,
TXT6455,51.0,324.0,,,
TXT6456,52.0,398.0,,,
TXT6457,53.0,522.0,,,
TXT6458,52.0,319.0,,,
TXT6459,70.0,479.0,,,
TXT6460,57.0,489.0,,,
TXT6461,51.0,385.0,,,
TXT6462,13.0,148.0,,,
TXT6463,47.0,381.0,,,
TXT6464,58.0,422.0,,,
TXT6465,78.0,815.0,,,
TXT6466,55.0,501.0,,,
TXT6467,58.0,587.0,,,
TXT6468,51.0,416.0,,,
TXT6469,72.0,746.0,,,
TXT6470,60.0,600.0,,,
TXT6471,62.0,574.0,,,
TXT6472,77.0,767.0,,,
TXT6473,75.0,475.0,,,
TXT6474,81.0,878.0,,,
TXT6475,86.0,683.0,,,
TXT6476,63.0,559.0,,,
TXT6477,84.0,700.0,,,
TXT6478,46.0,386.0,,,
TXT6479,78.0,791.0,,,
TXT6480,86.0,667.0,,,
TXT6481,58.0,476.0,,,
TXT6482,94.0,772.0,,,
TXT6483,72.0,616.0,,,
TXT6484,100.0,736.0,,,
TXT6485,75.0,561.0,,,
TXT6486,47.0,410.0,,,
TXT6487,50.0,452.0,,,
TXT6488,68.0,568.0,,,
TXT6489,95.0,654.0,,,
TXT6490,53.0,421.0,,,
TXT6491,68.0,470.0,,,
TXT6492,69.0,634.0,,,
TXT6493,62.0,592.0,,,
TXT6494,49.0,516.0,,,
TXT6495,84.0,556.0,,,
TXT6496,94.0,862.0,,,
TXT6497,58.0,406.0,,,
TXT6498,63.0,629.0,,,
TXT6499,58.0,360.0,,,
TXT6500,74.0,673.0,,,
TXT6501,52.0,458.0,,,
TXT6502,84.0,749.0,,,
TXT6503,63.0,481.0,,,
TXT6504,71.0,592.0,,,
TXT6505,77.0,639.0,,,
TXT6506,67.0,500.0,,,
TXT6507,74.0,522.0,,,
TXT6508,77.0,568.0,,,
TXT6509,59.0,501.0,,,
TXT6510,93.0,748.0,,,
TXT6511,60.0,524.0,,,
TXT6512,77.0,521.0,,,
TXT6513,64.0,589.0,,,
TXT6514,69.0,556.0,,,
TXT6515,61.0,507.0,,,
TXT6516,66.0,559.0,,,
TXT6517,62.0,652.0,,,
TXT6518,82.0,541.0,,,
TXT6519,59.0,302.0,,,
TXT6520,65.0,560.0,,,
TXT6521,51.0,513.0,,,
TXT6522,62.0,490.0,,,
TXT6523,60.0,419.0,,,
TXT6524,88.0,745.0,,,
TXT6525,65.0,633.0,,,
TXT6526,64.0,574.0,,,
TXT6527,62.0,575.0,,,
TXT6528,78.0,734.0,,,
TXT6529,57.0,558.0,,,
TXT6530,61.0,518.0,,,
TXT6531,48.0,411.0,,,
TXT6532,9.0,105.0,,,
TXT6533,48.0,495.0,,,
TXT6534,59.0,488.0,,,
TXT6535,55.0,491.0,,,
TXT6536,57.0,635.0,,,
TXT6537,48.0,442.0,,,
TXT6538,47.0,311.0,,,
TXT6539,58.0,564.0,,,
TXT6540,63.0,676.0,,,
TXT6541,19.0,200.0,,,
TXT6542,39.0,302.0,,,
TXT6543,67.0,502.0,,,
TXT6544,57.0,726.0,,,
TXT6545,38.0,247.0,,,
TXT6546,45.0,428.0,,,
TXT6547,30.0,312.0,,,
TXT6548,47.0,376.0,,,
TXT6549,20.0,169.0,,,
TXT6550,59.0,535.0,,,
TXT6551,39.0,436.0,,,
TXT6552,54.0,412.0,,,
TXT6553,80.0,508.0,,,
TXT6554,21.0,167.0,,,
TXT6555,50.0,408.0,,,
TXT6556,34.0,309.0,,,
TXT6557,74.0,329.0,,,
TXT6558,55.0,477.0,,,
TXT6559,14.0,96.0,,,
TXT6560,59.0,514.0,,,
TXT6561,92.0,888.0,,,
TXT6562,63.0,580.0,,,
TXT6563,43.0,381.0,,,
TXT6564,53.0,454.0,,,
TXT6565,79.0,608.0,,,
TXT6566,77.0,635.0,,,
TXT6567,53.0,505.0,,,
TXT6568,77.0,814.0,,,
TXT6569,64.0,454.0,,,
TXT6570,83.0,751.0,,,
TXT6571,58.0,514.0,,,
TXT6572,64.0,604.0,,,
TXT6573,51.0,518.0,,,
TXT6574,57.0,497.0,,,
TXT6575,52.0,466.0,,,
TXT6576,51.0,524.0,,,
TXT6577,56.0,592.0,,,
TXT6578,72.0,576.0,,,
TXT6579,60.0,512.0,,,
TXT6580,44.0,448.0,,,
TXT6581,51.0,454.0,,,
TXT6582,74.0,679.0,,,
TXT6583,62.0,539.0,,,
TXT6584,70.0,630.0,,,
TXT6585,76.0,797.0,,,
TXT6586,60.0,551.0,,,
TXT6587,65.0,633.0,,,
TXT6588,53.0,447.0,,,
TXT6589,45.0,348.0,,,
TXT6590,89.0,680.0,,,
TXT6591,55.0,654.0,,,
TXT6592,69.0,716.0,,,
TXT6593,72.0,694.0,,,
TXT6594,43.0,557.0,,,
TXT6595,54.0,573.0,,,
TXT6596,63.0,645.0,,,
TXT6597,36.0,385.0,,,
TXT6598,43.0,346.0,,,
TXT6599,76.0,719.0,,,
TXT6600,46.0,488.0,,,
TXT6601,90.0,784.0,,,
TXT6602,82.0,586.0,,,
TXT6603,12.0,60.0,,,
TXT6604,39.0,433.0,,,
TXT6605,97.0,892.0,,,
TXT6606,61.0,251.0,,,
TXT6607,53.0,608.0,,,
TXT6608,74.0,445.0,,,
TXT6609,88.0,590.0,,,
TXT6610,55.0,453.0,,,
TXT6611,48.0,347.0,,,
TXT6612,46.0,213.0,,,
TXT6613,30.0,196.0,,,
TXT6614,28.0,194.0,,,
TXT6615,36.0,171.0,,,
TXT6616,37.0,353.0,,,
TXT6617,39.0,299.0,,,
TXT6618,99.0,968.0,,,
TXT6619,1.0,11.0,,,
TXT6620,58.0,449.0,,,
TXT6621,49.0,459.0,,,
TXT6622,70.0,455.0,,,
TXT6623,96.0,830.0,,,
TXT6624,54.0,494.0,,,
TXT6625,52.0,506.0,,,
TXT6626,65.0,444.0,,,
TXT6627,43.0,299.0,,,
TXT6628,85.0,410.0,,,
TXT6629,150.0,907.0,,,
TXT6630,72.0,621.0,,,
TXT6631,104.0,842.0,,,
TXT6632,50.0,427.0,,,
TXT6633,58.0,492.0,,,
TXT6634,58.0,409.0,,,
TXT6635,59.0,256.0,,,
TXT6636,37.0,546.0,,,
TXT6637,48.0,343.0,,,
TXT6638,51.0,474.0,,,
TXT6639,48.0,390.0,,,
TXT6640,57.0,453.0,,,
TXT6641,41.0,268.0,,,
TXT6642,38.0,352.0,,,
TXT6643,60.0,482.0,,,
TXT6644,75.0,731.0,,,
TXT6645,54.0,447.0,,,
TXT6646,42.0,354.0,,,
TXT6647,45.0,398.0,,,
TXT6648,65.0,416.0,,,
TXT6649,36.0,287.0,,,
TXT6650,63.0,438.0,,,
TXT6651,52.0,414.0,,,
TXT6652,47.0,411.0,,,
TXT6653,62.0,557.0,,,
TXT6654,58.0,563.0,,,
TXT6655,53.0,422.0,,,
TXT6656,18.0,70.0,,,
TXT6657,44.0,342.0,,,
TXT6658,54.0,505.0,,,
TXT6659,84.0,642.0,,,
TXT6660,63.0,538.0,,,
TXT6661,60.0,477.0,,,
TXT6662,97.0,506.0,,,
TXT6663,52.0,505.0,,,
TXT6664,63.0,431.0,,,
TXT6665,68.0,466.0,,,
TXT6666,67.0,519.0,,,
TXT6667,26.0,270.0,,,
TXT6668,32.0,253.0,,,
TXT6669,47.0,268.0,,,
TXT6670,42.0,387.0,,,
TXT6671,34.0,271.0,,,
TXT6672,46.0,466.0,,,
TXT6673,79.0,666.0,,,
TXT6674,56.0,468.0,,,
TXT6675,52.0,500.0,,,
TXT6676,64.0,587.0,,,
TXT6677,47.0,374.0,,,
TXT6678,59.0,451.0,,,
TXT6679,25.0,299.0,,,
TXT6680,97.0,795.0,,,
TXT6681,66.0,564.0,,,
TXT6682,76.0,409.0,,,
TXT6683,54.0,425.0,,,
TXT6684,48.0,388.0,,,
TXT6685,20.0,393.0,,,
TXT6686,47.0,394.0,,,
TXT6687,48.0,275.0,,,
TXT6688,88.0,559.0,,,
TXT6689,46.0,289.0,,,
TXT6690,50.0,393.0,,,
TXT6691,59.0,516.0,,,
TXT6692,57.0,324.0,,,
TXT6693,80.0,672.0,,,
TXT6694,32.0,352.0,,,
TXT6695,57.0,507.0,,,
TXT6696,45.0,507.0,,,
TXT6697,65.0,281.0,,,
TXT6698,51.0,514.0,,,
TXT6699,54.0,422.0,,,
TXT6700,52.0,244.0,,,
TXT6701,114.0,568.0,,,
TXT6702,57.0,527.0,,,
TXT6703,68.0,318.0,,,
TXT6704,44.0,382.0,,,
TXT6705,56.0,529.0,,,
TXT6706,70.0,588.0,,,
TXT6707,82.0,346.0,,,
TXT6708,46.0,271.0,,,
TXT6709,58.0,310.0,,,
TXT6710,54.0,359.0,,,
TXT6711,83.0,407.0,,,
TXT6712,32.0,227.0,,,
TXT6713,87.0,422.0,,,
TXT6714,81.0,536.0,,,
TXT6715,45.0,324.0,,,
TXT6716,48.0,384.0,,,
TXT6717,46.0,497.0,,,
TXT6718,71.0,633.0,,,
TXT6719,71.0,539.0,,,
TXT6720,55.0,470.0,,,
TXT6721,50.0,408.0,,,
TXT6722,50.0,426.0,,,
TXT6723,9.0,464.0,,,
TXT6724,27.0,287.0,,,
TXT6725,16.0,126.0,,,
TXT6726,40.0,218.0,,,
TXT6727,48.0,306.0,,,
TXT6728,65.0,364.0,,,
TXT6729,30.0,315.0,,,
TXT6730,83.0,470.0,,,
TXT6731,54.0,310.0,,,
TXT6732,41.0,376.0,,,
TXT6733,59.0,238.0,,,
TXT6734,57.0,439.0,,,
TXT6735,56.0,416.0,,,
TXT6736,21.0,90.0,,,
TXT6737,45.0,255.0,,,
TXT6738,30.0,573.0,,,
TXT6739,44.0,380.0,,,
TXT6740,89.0,425.0,,,
TXT6741,52.0,214.0,,,
TXT6742,73.0,570.0,,,
TXT6743,111.0,665.0,,,
TXT6744,34.0,329.0,,,
TXT6745,74.0,430.0,,,
TXT6746,47.0,442.0,,,
TXT6747,64.0,303.0,,,
TXT6748,25.0,197.0,,,
TXT6749,49.0,383.0,,,
TXT6750,53.0,321.0,,,
TXT6751,55.0,440.0,,,
TXT6752,63.0,319.0,,,
TXT6753,70.0,568.0,,,
TXT6754,34.0,437.0,,,
TXT6755,63.0,246.0,,,
TXT6756,21.0,182.0,,,
TXT6757,35.0,229.0,,,
TXT6758,32.0,301.0,,,
TXT6759,103.0,615.0,,,
TXT6760,11.0,47.0,,,
TXT6761,65.0,422.0,,,
TXT6762,27.0,373.0,,,
TXT6763,36.0,310.0,,,
TXT6764,37.0,235.0,,,
TXT6765,39.0,333.0,,,
TXT6766,102.0,279.0,,,
TXT6767,57.0,383.0,,,
TXT6768,28.0,333.0,,,
TXT6769,80.0,474.0,,,
TXT6770,63.0,397.0,,,
TXT6771,48.0,460.0,,,
TXT6772,54.0,308.0,,,
TXT6773,105.0,591.0,,,
TXT6774,39.0,379.0,,,
TXT6775,50.0,250.0,,,
TXT6776,80.0,367.0,,,
TXT6777,76.0,337.0,,,
TXT6778,59.0,366.0,,,
TXT6779,60.0,376.0,,,
TXT6780,81.0,558.0,,,
TXT6781,49.0,332.0,,,
TXT6782,44.0,362.0,,,
TXT6783,58.0,419.0,,,
TXT6784,63.0,318.0,,,
TXT6785,44.0,292.0,,,
TXT6786,31.0,279.0,,,
TXT6787,48.0,390.0,,,
TXT6788,63.0,508.0,,,
TXT6789,85.0,665.0,,,
TXT6790,109.0,738.0,,,
TXT6791,47.0,614.0,,,
TXT6792,99.0,919.0,,,
TXT6793,108.0,798.0,,,
TXT6794,80.0,747.0,,,
TXT6795,96.0,839.0,,,
TXT6796,59.0,730.0,,,
TXT6797,58.0,460.0,,,
TXT6798,85.0,1029.0,,,
TXT6799,95.0,837.0,,,
TXT6800,64.0,506.0,,,
TXT6801,71.0,536.0,,,
TXT6802,57.0,492.0,,,
TXT6803,76.0,721.0,,,
TXT6804,53.0,435.0,,,
TXT6805,60.0,531.0,,,
TXT6806,67.0,548.0,,,
TXT6807,62.0,407.0,,,
TXT6808,91.0,802.0,,,
TXT6809,60.0,736.0,,,
TXT6810,54.0,464.0,,,
TXT6811,83.0,780.0,,,
TXT6812,56.0,608.0,,,
TXT6813,92.0,762.0,,,
TXT6814,55.0,425.0,,,
TXT6815,107.0,666.0,,,
TXT6816,89.0,880.0,,,
TXT6817,59.0,581.0,,,
TXT6818,92.0,908.0,,,
TXT6819,65.0,456.0,,,
TXT6820,52.0,456.0,,,
TXT6821,95.0,985.0,,,
TXT6822,58.0,547.0,,,
TXT6823,113.0,799.0,,,
TXT6824,49.0,581.0,,,
TXT6825,40.0,363.0,,,
TXT6826,43.0,442.0,,,
TXT6827,60.0,597.0,,,
TXT6828,68.0,636.0,,,
TXT6829,68.0,710.0,,,
TXT6830,67.0,569.0,,,
TXT6831,53.0,405.0,,,
TXT6832,45.0,381.0,,,
TXT6833,63.0,555.0,,,
TXT6834,53.0,540.0,,,
TXT6835,91.0,724.0,,,
TXT6836,102.0,683.0,,,
TXT6837,64.0,541.0,,,
TXT6838,53.0,506.0,,,
TXT6839,65.0,533.0,,,
TXT6840,51.0,562.0,,,
TXT6841,35.0,308.0,,,
TXT6842,80.0,581.0,,,
TXT6843,50.0,364.0,,,
TXT6844,91.0,745.0,,,
TXT6845,89.0,790.0,,,
TXT6846,45.0,395.0,,,
TXT6847,25.0,212.0,,,
TXT6848,73.0,647.0,,,
TXT6849,42.0,387.0,,,
TXT6850,31.0,233.0,,,
TXT6851,55.0,682.0,,,
TXT6852,60.0,477.0,,,
TXT6853,52.0,553.0,,,
TXT6854,26.0,178.0,,,
TXT6855,36.0,419.0,,,
TXT6856,47.0,558.0,,,
TXT6857,16.0,109.0,,,
TXT6858,61.0,526.0,,,
TXT6859,68.0,601.0,,,
TXT6860,11.0,180.0,,,
TXT6861,56.0,616.0,,,
TXT6862,51.0,408.0,,,
TXT6863,51.0,477.0,,,
TXT6864,49.0,332.0,,,
TXT6865,50.0,479.0,,,
TXT6866,26.0,236.0,,,
TXT6867,39.0,340.0,,,
TXT6868,67.0,607.0,,,
TXT6869,32.0,250.0,,,
TXT6870,25.0,196.0,,,
TXT6871,80.0,590.0,,,
TXT6872,54.0,547.0,,,
TXT6873,38.0,470.0,,,
TXT6874,40.0,407.0,,,
TXT6875,54.0,439.0,,,
TXT6876,49.0,496.0,,,
TXT6877,41.0,391.0,,,
TXT6878,34.0,297.0,,,
TXT6879,56.0,400.0,,,
TXT6880,24.0,200.0,,,
TXT6881,50.0,394.0,,,
TXT6882,54.0,508.0,,,
TXT6883,45.0,345.0,,,
TXT6884,68.0,531.0,,,
TXT6885,27.0,308.0,,,
TXT6886,29.0,208.0,,,
TXT6887,38.0,334.0,,,
TXT6888,46.0,409.0,,,
TXT6889,63.0,370.0,,,
TXT6890,25.0,180.0,,,
TXT6891,32.0,162.0,,,
TXT6892,59.0,480.0,,,
TXT6893,40.0,399.0,,,
TXT6894,50.0,355.0,,,
TXT6895,42.0,310.0,,,
TXT6896,48.0,305.0,,,
TXT6897,29.0,246.0,,,
TXT6898,40.0,409.0,,,
TXT6899,38.0,323.0,,,
TXT6900,38.0,290.0,,,
TXT6901,31.0,235.0,,,
TXT6902,52.0,357.0,,,
TXT6903,38.0,353.0,,,
TXT6904,45.0,387.0,,,
TXT6905,39.0,403.0,,,
TXT6906,9.0,74.0,,,
TXT6907,37.0,268.0,,,
TXT6908,41.0,370.0,,,
TXT6909,35.0,411.0,,,
TXT6910,59.0,336.0,,,
TXT6911,9.0,82.0,,,
TXT6912,24.0,249.0,,,
TXT6913,25.0,260.0,,,
TXT6914,42.0,324.0,,,
TXT6915,26.0,267.0,,,
TXT6916,23.0,173.0,,,
TXT6917,44.0,408.0,,,
TXT6918,26.0,208.0,,,
TXT6919,34.0,346.0,,,
TXT6920,57.0,481.0,,,
TXT6921,75.0,573.0,,,
TXT6922,2.0,36.0,,,
TXT6923,58.0,491.0,,,
TXT6924,66.0,655.0,,,
TXT6925,58.0,491.0,,,
TXT6926,66.0,585.0,,,
TXT6927,20.0,192.0,,,
TXT6928,39.0,330.0,,,
TXT6929,51.0,429.0,,,
TXT6930,1.0,4.0,,,
TXT6931,34.0,314.0,,,
TXT6932,33.0,193.0,,,
TXT6933,41.0,370.0,,,
TXT6934,43.0,364.0,,,
TXT6935,49.0,426.0,,,
TXT6936,38.0,306.0,,,
TXT6937,54.0,391.0,,,
TXT6938,41.0,351.0,,,
TXT6939,49.0,412.0,,,
TXT6940,35.0,305.0,,,
TXT6941,50.0,367.0,,,
TXT6942,57.0,482.0,,,
TXT6943,58.0,374.0,,,
TXT6944,53.0,428.0,,,
TXT6945,49.0,496.0,,,
TXT6946,61.0,495.0,,,
TXT6947,29.0,265.0,,,
TXT6948,59.0,514.0,,,
TXT6949,37.0,307.0,,,
TXT6950,50.0,420.0,,,
TXT6951,47.0,437.0,,,
TXT6952,45.0,349.0,,,
TXT6953,69.0,463.0,,,
TXT6954,53.0,440.0,,,
TXT6955,36.0,301.0,,,
TXT6956,44.0,384.0,,,
TXT6957,51.0,371.0,,,
TXT6958,52.0,426.0,,,
TXT6959,52.0,385.0,,,
TXT6960,3.0,23.0,,,
TXT6961,40.0,286.0,,,
TXT6962,53.0,466.0,,,
TXT6963,54.0,521.0,,,
TXT6964,33.0,249.0,,,
TXT6965,41.0,315.0,,,
TXT6966,54.0,353.0,,,
TXT6967,1.0,6.0,,,
TXT6968,1.0,31.0,,,
TXT6969,45.0,408.0,,,
TXT6970,44.0,303.0,,,
TXT6971,51.0,321.0,,,
TXT6972,49.0,367.0,,,
TXT6973,29.0,192.0,,,
TXT6974,1.0,400.0,,,
TXT6975,47.0,462.0,,,
TXT6976,50.0,451.0,,,
TXT6977,51.0,312.0,,,
TXT6978,48.0,310.0,,,
TXT6979,23.0,214.0,,,
TXT6980,49.0,346.0,,,
TXT6981,44.0,307.0,,,
TXT6982,46.0,315.0,,,
TXT6983,49.0,457.0,,,
TXT6984,40.0,280.0,,,
TXT6985,34.0,302.0,,,
TXT6986,36.0,291.0,,,
TXT6987,22.0,171.0,,,
TXT6988,42.0,341.0,,,
TXT6989,40.0,277.0,,,
TXT6990,53.0,461.0,,,
TXT6991,73.0,572.0,,,
TXT6992,73.0,463.0,,,
TXT6993,30.0,127.0,,,
TXT6994,36.0,261.0,,,
TXT6995,53.0,365.0,,,
TXT6996,47.0,422.0,,,
TXT6997,68.0,473.0,,,
TXT6998,1.0,7.0,,,
TXT6999,68.0,477.0,,,
TXT7000,1.0,6.0,,,
TXT7001,58.0,500.0,,,
TXT7002,69.0,555.0,,,
TXT7003,63.0,530.0,,,
TXT7004,45.0,455.0,,,
TXT7005,73.0,609.0,,,
TXT7006,63.0,537.0,,,
TXT7007,58.0,485.0,,,
TXT7008,35.0,321.0,,,
TXT7009,65.0,575.0,,,
TXT7010,76.0,613.0,,,
TXT7011,93.0,751.0,,,
TXT7012,89.0,782.0,,,
TXT7013,45.0,391.0,,,
TXT7014,55.0,408.0,,,
TXT7015,53.0,575.0,,,
TXT7016,58.0,473.0,,,
TXT7017,59.0,542.0,,,
TXT7018,85.0,840.0,,,
TXT7019,67.0,411.0,,,
TXT7020,50.0,406.0,,,
TXT7021,67.0,625.0,,,
TXT7022,61.0,598.0,,,
TXT7023,80.0,623.0,,,
TXT7024,78.0,880.0,,,
TXT7025,97.0,799.0,,,
TXT7026,35.0,266.0,,,
TXT7027,56.0,675.0,,,
TXT7028,65.0,554.0,,,
TXT7029,93.0,671.0,,,
TXT7030,55.0,532.0,,,
TXT7031,68.0,540.0,,,
TXT7032,56.0,454.0,,,
TXT7033,74.0,733.0,,,
TXT7034,56.0,530.0,,,
TXT7035,87.0,718.0,,,
TXT7036,53.0,322.0,,,
TXT7037,60.0,585.0,,,
TXT7038,66.0,598.0,,,
TXT7039,86.0,660.0,,,
TXT7040,97.0,844.0,,,
TXT7041,86.0,774.0,,,
TXT7042,61.0,530.0,,,
TXT7043,63.0,422.0,,,
TXT7044,40.0,346.0,,,
TXT7045,132.0,1260.0,,,
TXT7046,96.0,747.0,,,
TXT7047,51.0,484.0,,,
TXT7048,77.0,654.0,,,
TXT7049,79.0,566.0,,,
TXT7050,86.0,622.0,,,
TXT7051,79.0,625.0,,,
TXT7052,66.0,564.0,,,
TXT7053,70.0,537.0,,,
TXT7054,68.0,627.0,,,
TXT7055,41.0,296.0,,,
TXT7056,52.0,476.0,,,
TXT7057,54.0,571.0,,,
TXT7058,58.0,490.0,,,
TXT7059,44.0,440.0,,,
TXT7060,74.0,739.0,,,
TXT7061,69.0,703.0,,,
TXT7062,42.0,528.0,,,
TXT7063,36.0,336.0,,,
TXT7064,60.0,619.0,,,
TXT7065,75.0,723.0,,,
TXT7066,78.0,673.0,,,
TXT7067,57.0,418.0,,,
TXT7068,65.0,499.0,,,
TXT7069,91.0,731.0,,,
TXT7070,103.0,872.0,,,
TXT7071,41.0,330.0,,,
TXT7072,82.0,786.0,,,
TXT7073,76.0,677.0,,,
TXT7074,70.0,650.0,,,
TXT7075,51.0,465.0,,,
TXT7076,80.0,644.0,,,
TXT7077,58.0,428.0,,,
TXT7078,103.0,1079.0,,,
TXT7079,50.0,472.0,,,
TXT7080,44.0,315.0,,,
TXT7081,113.0,949.0,,,
TXT7082,77.0,751.0,,,
TXT7083,47.0,489.0,,,
TXT7084,53.0,433.0,,,
TXT7085,54.0,507.0,,,
TXT7086,63.0,620.0,,,
TXT7087,62.0,587.0,,,
TXT7088,49.0,497.0,,,
TXT7089,37.0,414.0,,,
TXT7090,58.0,468.0,,,
TXT7091,77.0,678.0,,,
TXT7092,48.0,414.0,,,
TXT7093,65.0,582.0,,,
TXT7094,60.0,429.0,,,
TXT7095,71.0,743.0,,,
TXT7096,59.0,462.0,,,
TXT7097,44.0,302.0,,,
TXT7098,35.0,306.0,,,
TXT7099,61.0,568.0,,,
TXT7100,80.0,639.0,,,
TXT7101,57.0,547.0,,,
TXT7102,66.0,793.0,,,
TXT7103,90.0,751.0,,,
TXT7104,53.0,460.0,,,
TXT7105,69.0,553.0,,,
TXT7106,70.0,597.0,,,
TXT7107,62.0,514.0,,,
TXT7108,63.0,601.0,,,
TXT7109,44.0,289.0,,,
TXT7110,78.0,707.0,,,
TXT7111,62.0,592.0,,,
TXT7112,52.0,405.0,,,
TXT7113,47.0,393.0,,,
TXT7114,58.0,553.0,,,
TXT7115,54.0,463.0,,,
TXT7116,52.0,408.0,,,
TXT7117,57.0,618.0,,,
TXT7118,47.0,548.0,,,
TXT7119,58.0,535.0,,,
TXT7120,52.0,322.0,,,
TXT7121,78.0,566.0,,,
TXT7122,75.0,432.0,,,
TXT7123,79.0,748.0,,,
TXT7124,43.0,424.0,,,
TXT7125,154.0,1348.0,,,
TXT7126,120.0,1289.0,,,
TXT7127,56.0,476.0,,,
TXT7128,67.0,570.0,,,
TXT7129,27.0,281.0,,,
TXT7130,59.0,517.0,,,
TXT7131,60.0,482.0,,,
TXT7132,52.0,527.0,,,
TXT7133,61.0,589.0,,,
TXT7134,59.0,777.0,,,
TXT7135,62.0,407.0,,,
TXT7136,81.0,768.0,,,
TXT7137,62.0,595.0,,,
TXT7138,50.0,457.0,,,
TXT7139,60.0,644.0,,,
TXT7140,52.0,579.0,,,
TXT7141,54.0,534.0,,,
TXT7142,81.0,780.0,,,
TXT7143,41.0,336.0,,,
TXT7144,16.0,121.0,,,
TXT7145,69.0,542.0,,,
TXT7146,67.0,511.0,,,
TXT7147,35.0,409.0,,,
TXT7148,52.0,369.0,,,
TXT7149,60.0,455.0,,,
TXT7150,74.0,649.0,,,
TXT7151,67.0,425.0,,,
TXT7152,76.0,720.0,,,
TXT7153,73.0,633.0,,,
TXT7154,72.0,653.0,,,
TXT7155,53.0,381.0,,,
TXT7156,56.0,543.0,,,
TXT7157,92.0,759.0,,,
TXT7158,92.0,737.0,,,
TXT7159,57.0,468.0,,,
TXT7160,63.0,586.0,,,
TXT7161,96.0,695.0,,,
TXT7162,58.0,534.0,,,
TXT7163,68.0,603.0,,,
TXT7164,86.0,727.0,,,
TXT7165,79.0,775.0,,,
TXT7166,45.0,351.0,,,
TXT7167,41.0,279.0,,,
TXT7168,56.0,490.0,,,
TXT7169,63.0,642.0,,,
TXT7170,72.0,551.0,,,
TXT7171,50.0,337.0,,,
TXT7172,63.0,620.0,,,
TXT7173,66.0,606.0,,,
TXT7174,92.0,895.0,,,
TXT7175,61.0,565.0,,,
TXT7176,64.0,633.0,,,
TXT7177,58.0,579.0,,,
TXT7178,59.0,698.0,,,
TXT7179,89.0,988.0,,,
TXT7180,51.0,539.0,,,
TXT7181,40.0,284.0,,,
TXT7182,53.0,562.0,,,
TXT7183,72.0,639.0,,,
TXT7184,60.0,564.0,,,
TXT7185,72.0,603.0,,,
TXT7186,49.0,551.0,,,
TXT7187,67.0,554.0,,,
TXT7188,40.0,390.0,,,
TXT7189,69.0,578.0,,,
TXT7190,62.0,662.0,,,
TXT7191,44.0,296.0,,,
TXT7192,61.0,560.0,,,
TXT7193,57.0,523.0,,,
TXT7194,71.0,519.0,,,
TXT7195,65.0,598.0,,,
TXT7196,56.0,569.0,,,
TXT7197,47.0,550.0,,,
TXT7198,46.0,535.0,,,
TXT7199,54.0,474.0,,,
TXT7200,55.0,493.0,,,
TXT7201,45.0,473.0,,,
TXT7202,61.0,514.0,,,
TXT7203,57.0,517.0,,,
TXT7204,71.0,587.0,,,
TXT7205,51.0,449.0,,,
TXT7206,53.0,536.0,,,
TXT7207,52.0,432.0,,,
TXT7208,35.0,375.0,,,
TXT7209,75.0,667.0,,,
TXT7210,49.0,341.0,,,
TXT7211,73.0,518.0,,,
TXT7212,55.0,476.0,,,
TXT7213,64.0,477.0,,,
TXT7214,66.0,764.0,,,
TXT7215,43.0,382.0,,,
TXT7216,46.0,507.0,,,
TXT7217,55.0,567.0,,,
TXT7218,76.0,696.0,,,
TXT7219,91.0,854.0,,,
TXT7220,72.0,754.0,,,
TXT7221,33.0,356.0,,,
TXT7222,46.0,343.0,,,
TXT7223,65.0,530.0,,,
TXT7224,43.0,346.0,,,
TXT7225,56.0,478.0,,,
TXT7226,50.0,464.0,,,
TXT7227,59.0,464.0,,,
TXT7228,62.0,484.0,,,
TXT7229,58.0,576.0,,,
TXT7230,111.0,924.0,,,
TXT7231,66.0,833.0,,,
TXT7232,73.0,551.0,,,
TXT7233,45.0,418.0,,,
TXT7234,57.0,503.0,,,
TXT7235,67.0,567.0,,,
TXT7236,52.0,513.0,,,
TXT7237,64.0,517.0,,,
TXT7238,88.0,704.0,,,
TXT7239,83.0,766.0,,,
TXT7240,96.0,826.0,,,
TXT7241,45.0,380.0,,,
TXT7242,76.0,586.0,,,
TXT7243,90.0,724.0,,,
TXT7244,45.0,432.0,,,
TXT7245,74.0,624.0,,,
TXT7246,90.0,814.0,,,
TXT7247,40.0,374.0,,,
TXT7248,56.0,604.0,,,
TXT7249,80.0,1021.0,,,
TXT7250,98.0,917.0,,,
TXT7251,51.0,609.0,,,
TXT7252,40.0,332.0,,,
TXT7253,62.0,442.0,,,
TXT7254,45.0,366.0,,,
TXT7255,102.0,816.0,,,
TXT7256,49.0,849.0,,,
TXT7257,97.0,690.0,,,
TXT7258,51.0,549.0,,,
TXT7259,53.0,581.0,,,
TXT7260,61.0,663.0,,,
TXT7261,68.0,661.0,,,
TXT7262,60.0,481.0,,,
TXT7263,66.0,655.0,,,
TXT7264,44.0,508.0,,,
TXT7265,81.0,790.0,,,
TXT7266,74.0,629.0,,,
TXT7267,68.0,555.0,,,
TXT7268,76.0,755.0,,,
TXT7269,31.0,246.0,,,
TXT7270,71.0,596.0,,,
TXT7271,50.0,472.0,,,
TXT7272,55.0,540.0,,,
TXT7273,45.0,417.0,,,
TXT7274,47.0,491.0,,,
TXT7275,83.0,777.0,,,
TXT7276,42.0,389.0,,,
TXT7277,88.0,714.0,,,
TXT7278,40.0,360.0,,,
TXT7279,80.0,694.0,,,
TXT7280,89.0,760.0,,,
TXT7281,38.0,307.0,,,
TXT7282,49.0,443.0,,,
TXT7283,74.0,843.0,,,
TXT7284,72.0,530.0,,,
TXT7285,74.0,554.0,,,
TXT7286,46.0,450.0,,,
TXT7287,58.0,514.0,,,
TXT7288,95.0,908.0,,,
TXT7289,56.0,473.0,,,
TXT7290,85.0,807.0,,,
TXT7291,61.0,431.0,,,
TXT7292,71.0,473.0,,,
TXT7293,68.0,560.0,,,
TXT7294,104.0,942.0,,,
TXT7295,35.0,388.0,,,
TXT7296,46.0,355.0,,,
TXT7297,68.0,684.0,,,
TXT7298,53.0,598.0,,,
TXT7299,56.0,494.0,,,
TXT7300,78.0,706.0,,,
TXT7301,62.0,511.0,,,
TXT7302,66.0,650.0,,,
TXT7303,57.0,684.0,,,
TXT7304,117.0,791.0,,,
TXT7305,89.0,825.0,,,
TXT7306,61.0,482.0,,,
TXT7307,77.0,675.0,,,
TXT7308,77.0,664.0,,,
TXT7309,58.0,625.0,,,
TXT7310,62.0,610.0,,,
TXT7311,29.0,234.0,,,
TXT7312,46.0,490.0,,,
TXT7313,38.0,297.0,,,
TXT7314,73.0,707.0,,,
TXT7315,19.0,160.0,,,
TXT7316,71.0,654.0,,,
TXT7317,68.0,517.0,,,
TXT7318,61.0,495.0,,,
TXT7319,43.0,373.0,,,
TXT7320,63.0,554.0,,,
TXT7321,35.0,267.0,,,
TXT7322,69.0,574.0,,,
TXT7323,59.0,700.0,,,
TXT7324,25.0,186.0,,,
TXT7325,99.0,824.0,,,
TXT7326,50.0,458.0,,,
TXT7327,71.0,459.0,,,
TXT7328,64.0,457.0,,,
TXT7329,68.0,595.0,,,
TXT7330,33.0,263.0,,,
TXT7331,74.0,598.0,,,
TXT7332,43.0,318.0,,,
TXT7333,51.0,558.0,,,
TXT7334,83.0,663.0,,,
TXT7335,33.0,268.0,,,
TXT7336,66.0,564.0,,,
TXT7337,47.0,547.0,,,
TXT7338,43.0,523.0,,,
TXT7339,78.0,571.0,,,
TXT7340,62.0,615.0,,,
TXT7341,66.0,522.0,,,
TXT7342,55.0,699.0,,,
TXT7343,48.0,404.0,,,
TXT7344,41.0,540.0,,,
TXT7345,64.0,375.0,,,
TXT7346,73.0,584.0,,,
TXT7347,60.0,467.0,,,
TXT7348,51.0,563.0,,,
TXT7349,51.0,544.0,,,
TXT7350,45.0,427.0,,,
TXT7351,58.0,442.0,,,
TXT7352,45.0,510.0,,,
TXT7353,52.0,444.0,,,
TXT7354,36.0,323.0,,,
TXT7355,48.0,482.0,,,
TXT7356,59.0,421.0,,,
TXT7357,35.0,320.0,,,
TXT7358,67.0,507.0,,,
TXT7359,82.0,582.0,,,
TXT7360,67.0,559.0,,,
TXT7361,34.0,324.0,,,
TXT7362,32.0,332.0,,,
TXT7363,56.0,591.0,,,
TXT7364,66.0,466.0,,,
TXT7365,44.0,462.0,,,
TXT7366,55.0,361.0,,,
TXT7367,50.0,386.0,,,
TXT7368,43.0,363.0,,,
TXT7369,61.0,483.0,,,
TXT7370,62.0,295.0,,,
TXT7371,40.0,231.0,,,
TXT7372,51.0,614.0,,,
TXT7373,58.0,394.0,,,
TXT7374,49.0,451.0,,,
TXT7375,52.0,482.0,,,
TXT7376,63.0,642.0,,,
TXT7377,49.0,439.0,,,
TXT7378,32.0,300.0,,,
TXT7379,54.0,523.0,,,
TXT7380,76.0,729.0,,,
TXT7381,57.0,563.0,,,
TXT7382,28.0,159.0,,,
TXT7383,36.0,226.0,,,
TXT7384,56.0,304.0,,,
TXT7385,47.0,459.0,,,
TXT7386,46.0,397.0,,,
TXT7387,44.0,488.0,,,
TXT7388,50.0,464.0,,,
TXT7389,34.0,393.0,,,
TXT7390,33.0,200.0,,,
TXT7391,42.0,326.0,,,
TXT7392,49.0,335.0,,,
TXT7393,47.0,522.0,,,
TXT7394,75.0,716.0,,,
TXT7395,37.0,472.0,,,
TXT7396,68.0,639.0,,,
TXT7397,72.0,599.0,,,
TXT7398,51.0,500.0,,,
TXT7399,33.0,285.0,,,
TXT7400,43.0,638.0,,,
TXT7401,31.0,249.0,,,
TXT7402,35.0,194.0,,,
TXT7403,30.0,395.0,,,
TXT7404,54.0,336.0,,,
TXT7405,11.0,30.0,,,
TXT7406,51.0,651.0,,,
TXT7407,51.0,301.0,,,
TXT7408,54.0,364.0,,,
TXT7409,1.0,4.0,,,
TXT7410,43.0,308.0,,,
TXT7411,20.0,177.0,,,
TXT7412,19.0,125.0,,,
TXT7413,17.0,206.0,,,
TXT7414,18.0,245.0,,,
TXT7415,14.0,92.0,,,
TXT7416,68.0,360.0,,,
TXT7417,52.0,573.0,,,
TXT7418,13.0,146.0,,,
TXT7419,54.0,378.0,,,
TXT7420,35.0,380.0,,,
TXT7421,46.0,589.0,,,
TXT7422,37.0,385.0,,,
TXT7423,1.0,3.0,,,
TXT7424,15.0,146.0,,,
TXT7425,55.0,454.0,,,
TXT7426,54.0,615.0,,,
TXT7427,39.0,225.0,,,
TXT7428,28.0,275.0,,,
TXT7429,30.0,249.0,,,
TXT7430,129.0,1307.0,,,
TXT7431,65.0,671.0,,,
TXT7432,65.0,393.0,,,
TXT7433,76.0,679.0,,,
TXT7434,82.0,562.0,,,
TXT7435,32.0,257.0,,,
TXT7436,58.0,386.0,,,
TXT7437,76.0,652.0,,,
TXT7438,69.0,669.0,,,
TXT7439,76.0,728.0,,,
TXT7440,79.0,668.0,,,
TXT7441,69.0,535.0,,,
TXT7442,51.0,348.0,,,
TXT7443,47.0,471.0,,,
TXT7444,76.0,653.0,,,
TXT7445,46.0,551.0,,,
TXT7446,47.0,444.0,,,
TXT7447,59.0,448.0,,,
TXT7448,45.0,397.0,,,
TXT7449,64.0,608.0,,,
TXT7450,46.0,443.0,,,
TXT7451,73.0,676.0,,,
TXT7452,74.0,605.0,,,
TXT7453,34.0,291.0,,,
TXT7454,49.0,445.0,,,
TXT7455,52.0,465.0,,,
TXT7456,58.0,448.0,,,
TXT7457,75.0,563.0,,,
TXT7458,42.0,365.0,,,
TXT7459,44.0,262.0,,,
TXT7460,32.0,290.0,,,
TXT7461,47.0,412.0,,,
TXT7462,44.0,412.0,,,
TXT7463,58.0,418.0,,,
TXT7464,34.0,294.0,,,
TXT7465,19.0,193.0,,,
TXT7466,21.0,174.0,,,
TXT7467,7.0,21.0,,,
TXT7468,33.0,308.0,,,
TXT7469,26.0,154.0,,,
TXT7470,25.0,173.0,,,
TXT7471,17.0,149.0,,,
TXT7472,30.0,238.0,,,
TXT7473,24.0,228.0,,,
TXT7474,40.0,327.0,,,
TXT7475,20.0,157.0,,,
TXT7476,55.0,394.0,,,
TXT7477,1.0,8.0,,,
TXT7478,1.0,7.0,,,
TXT7479,44.0,355.0,,,
TXT7480,65.0,725.0,,,
TXT7481,53.0,403.0,,,
TXT7482,34.0,399.0,,,
TXT7483,51.0,493.0,,,
TXT7484,63.0,682.0,,,
TXT7485,50.0,485.0,,,
TXT7486,45.0,444.0,,,
TXT7487,83.0,694.0,,,
TXT7488,71.0,499.0,,,
TXT7489,38.0,408.0,,,
TXT7490,63.0,560.0,,,
TXT7491,61.0,556.0,,,
TXT7492,55.0,558.0,,,
TXT7493,59.0,554.0,,,
TXT7494,42.0,578.0,,,
TXT7495,59.0,556.0,,,
TXT7496,56.0,469.0,,,
TXT7497,63.0,562.0,,,
TXT7498,36.0,284.0,,,
TXT7499,59.0,642.0,,,
TXT7500,58.0,466.0,,,
TXT7501,59.0,673.0,,,
TXT7502,56.0,448.0,,,
TXT7503,39.0,323.0,,,
TXT7504,57.0,479.0,,,
TXT7505,58.0,506.0,,,
TXT7506,44.0,411.0,,,
TXT7507,60.0,615.0,,,
TXT7508,36.0,397.0,,,
TXT7509,75.0,612.0,,,
TXT7510,75.0,748.0,,,
TXT7511,55.0,468.0,,,
TXT7512,48.0,516.0,,,
TXT7513,68.0,576.0,,,
TXT7514,50.0,419.0,,,
TXT7515,36.0,349.0,,,
TXT7516,51.0,541.0,,,
TXT7517,64.0,554.0,,,
TXT7518,68.0,687.0,,,
TXT7519,28.0,242.0,,,
TXT7520,75.0,647.0,,,
TXT7521,57.0,553.0,,,
TXT7522,61.0,694.0,,,
TXT7523,63.0,746.0,,,
TXT7524,41.0,342.0,,,
TXT7525,42.0,376.0,,,
TXT7526,66.0,611.0,,,
TXT7527,26.0,240.0,,,
TXT7528,58.0,622.0,,,
TXT7529,64.0,536.0,,,
TXT7530,35.0,347.0,,,
TXT7531,80.0,685.0,,,
TXT7532,67.0,487.0,,,
TXT7533,77.0,701.0,,,
TXT7534,54.0,502.0,,,
TXT7535,52.0,369.0,,,
TXT7536,39.0,415.0,,,
TXT7537,47.0,474.0,,,
TXT7538,43.0,423.0,,,
TXT7539,93.0,596.0,,,
TXT7540,61.0,549.0,,,
TXT7541,58.0,591.0,,,
TXT7542,43.0,426.0,,,
TXT7543,56.0,488.0,,,
TXT7544,48.0,419.0,,,
TXT7545,63.0,561.0,,,
TXT7546,42.0,512.0,,,
TXT7547,47.0,511.0,,,
TXT7548,65.0,578.0,,,
TXT7549,46.0,429.0,,,
TXT7550,36.0,362.0,,,
TXT7551,58.0,571.0,,,
TXT7552,42.0,401.0,,,
TXT7553,62.0,512.0,,,
TXT7554,38.0,393.0,,,
TXT7555,74.0,652.0,,,
TXT7556,92.0,633.0,,,
TXT7557,73.0,536.0,,,
TXT7558,55.0,373.0,,,
TXT7559,78.0,712.0,,,
TXT7560,85.0,653.0,,,
TXT7561,68.0,616.0,,,
TXT7562,61.0,622.0,,,
TXT7563,61.0,529.0,,,
TXT7564,53.0,556.0,,,
TXT7565,59.0,618.0,,,
TXT7566,55.0,541.0,,,
TXT7567,60.0,494.0,,,
TXT7568,65.0,657.0,,,
TXT7569,78.0,590.0,,,
TXT7570,76.0,712.0,,,
TXT7571,92.0,767.0,,,
TXT7572,61.0,648.0,,,
TXT7573,54.0,470.0,,,
TXT7574,56.0,568.0,,,
TXT7575,47.0,427.0,,,
TXT7576,50.0,555.0,,,
TXT7577,84.0,732.0,,,
TXT7578,52.0,499.0,,,
TXT7579,34.0,287.0,,,
TXT7580,56.0,560.0,,,
TXT7581,55.0,483.0,,,
TXT7582,80.0,683.0,,,
TXT7583,60.0,440.0,,,
TXT7584,49.0,408.0,,,
TXT7585,54.0,391.0,,,
TXT7586,41.0,471.0,,,
TXT7587,53.0,493.0,,,
TXT7588,47.0,432.0,,,
TXT7589,36.0,352.0,,,
TXT7590,66.0,555.0,,,
TXT7591,38.0,433.0,,,
TXT7592,70.0,595.0,,,
TXT7593,53.0,549.0,,,
TXT7594,41.0,368.0,,,
TXT7595,56.0,516.0,,,
TXT7596,91.0,576.0,,,
TXT7597,12.0,122.0,,,
TXT7598,75.0,660.0,,,
TXT7599,63.0,492.0,,,
TXT7600,37.0,389.0,,,
TXT7601,86.0,539.0,,,
TXT7602,46.0,330.0,,,
TXT7603,44.0,329.0,,,
TXT7604,55.0,408.0,,,
TXT7605,38.0,450.0,,,
TXT7606,61.0,545.0,,,
TXT7607,22.0,169.0,,,
TXT7608,67.0,425.0,,,
TXT7609,57.0,409.0,,,
TXT7610,33.0,360.0,,,
TXT7611,76.0,472.0,,,
TXT7612,39.0,431.0,,,
TXT7613,31.0,249.0,,,
TXT7614,16.0,147.0,,,
TXT7615,27.0,169.0,,,
TXT7616,5.0,37.0,,,
TXT7617,32.0,248.0,,,
TXT7618,65.0,482.0,,,
TXT7619,81.0,490.0,,,
TXT7620,17.0,114.0,,,
TXT7621,63.0,472.0,,,
TXT7622,44.0,312.0,,,
TXT7623,7.0,55.0,,,
TXT7624,15.0,177.0,,,
TXT7625,125.0,1192.0,,,
TXT7626,19.0,182.0,,,
TXT7627,33.0,261.0,,,
TXT7628,28.0,235.0,,,
TXT7629,20.0,127.0,,,
TXT7630,36.0,293.0,,,
TXT7631,53.0,476.0,,,
TXT7632,4.0,71.0,,,
TXT7633,13.0,106.0,,,
TXT7634,90.0,704.0,,,
TXT7635,27.0,177.0,,,
TXT7636,53.0,403.0,,,
TXT7637,17.0,183.0,,,
TXT7638,25.0,148.0,,,
TXT7639,76.0,710.0,,,
TXT7640,84.0,804.0,,,
TXT7641,19.0,158.0,,,
TXT7642,82.0,825.0,,,
TXT7643,31.0,261.0,,,
TXT7644,77.0,724.0,,,
TXT7645,58.0,586.0,,,
TXT7646,44.0,477.0,,,
TXT7647,65.0,649.0,,,
TXT7648,59.0,593.0,,,
TXT7649,76.0,659.0,,,
TXT7650,9.0,96.0,,,
TXT7651,14.0,114.0,,,
TXT7652,14.0,117.0,,,
TXT7653,68.0,567.0,,,
TXT7654,36.0,474.0,,,
TXT7655,63.0,362.0,,,
TXT7656,64.0,430.0,,,
TXT7657,53.0,663.0,,,
TXT7658,81.0,399.0,,,
TXT7659,34.0,327.0,,,
TXT7660,33.0,676.0,,,
TXT7661,72.0,431.0,,,
TXT7662,55.0,538.0,,,
TXT7663,54.0,671.0,,,
TXT7664,39.0,367.0,,,
TXT7665,17.0,537.0,,,
TXT7666,82.0,569.0,,,
TXT7667,70.0,580.0,,,
TXT7668,54.0,385.0,,,
TXT7669,38.0,457.0,,,
TXT7670,82.0,419.0,,,
TXT7671,22.0,196.0,,,
TXT7672,50.0,428.0,,,
TXT7673,70.0,684.0,,,
TXT7674,39.0,435.0,,,
TXT7675,47.0,266.0,,,
TXT7676,10.0,256.0,,,
TXT7677,48.0,474.0,,,
TXT7678,63.0,451.0,,,
TXT7679,53.0,398.0,,,
TXT7680,39.0,398.0,,,
TXT7681,32.0,285.0,,,
TXT7682,53.0,482.0,,,
TXT7683,88.0,711.0,,,
TXT7684,38.0,356.0,,,
TXT7685,41.0,300.0,,,
TXT7686,44.0,355.0,,,
TXT7687,25.0,360.0,,,
TXT7688,41.0,259.0,,,
TXT7689,78.0,521.0,,,
TXT7690,119.0,560.0,,,
TXT7691,51.0,362.0,,,
TXT7692,58.0,517.0,,,
TXT7693,28.0,198.0,,,
TXT7694,42.0,419.0,,,
TXT7695,56.0,426.0,,,
TXT7696,65.0,746.0,,,
TXT7697,117.0,903.0,,,
TXT7698,63.0,523.0,,,
TXT7699,69.0,554.0,,,
TXT7700,70.0,646.0,,,
TXT7701,54.0,513.0,,,
TXT7702,77.0,696.0,,,
TXT7703,98.0,933.0,,,
TXT7704,91.0,779.0,,,
TXT7705,58.0,513.0,,,
TXT7706,58.0,453.0,,,
TXT7707,86.0,624.0,,,
TXT7708,69.0,612.0,,,
TXT7709,55.0,503.0,,,
TXT7710,62.0,593.0,,,
TXT7711,57.0,587.0,,,
TXT7712,79.0,588.0,,,
TXT7713,73.0,582.0,,,
TXT7714,77.0,662.0,,,
TXT7715,62.0,572.0,,,
TXT7716,46.0,457.0,,,
TXT7717,82.0,803.0,,,
TXT7718,79.0,635.0,,,
TXT7719,38.0,328.0,,,
TXT7720,43.0,461.0,,,
TXT7721,84.0,717.0,,,
TXT7722,59.0,483.0,,,
TXT7723,82.0,589.0,,,
TXT7724,84.0,652.0,,,
TXT7725,63.0,543.0,,,
TXT7726,48.0,376.0,,,
TXT7727,56.0,431.0,,,
TXT7728,50.0,490.0,,,
TXT7729,64.0,617.0,,,
TXT7730,62.0,567.0,,,
TXT7731,53.0,475.0,,,
TXT7732,48.0,393.0,,,
TXT7733,80.0,719.0,,,
TXT7734,94.0,721.0,,,
TXT7735,58.0,622.0,,,
TXT7736,44.0,402.0,,,
TXT7737,52.0,466.0,,,
TXT7738,47.0,521.0,,,
TXT7739,60.0,497.0,,,
TXT7740,43.0,477.0,,,
TXT7741,72.0,554.0,,,
TXT7742,79.0,500.0,,,
TXT7743,56.0,466.0,,,
TXT7744,72.0,634.0,,,
TXT7745,56.0,466.0,,,
TXT7746,58.0,510.0,,,
TXT7747,66.0,551.0,,,
TXT7748,92.0,819.0,,,
TXT7749,74.0,694.0,,,
TXT7750,81.0,490.0,,,
TXT7751,87.0,695.0,,,
TXT7752,67.0,542.0,,,
TXT7753,92.0,709.0,,,
TXT7754,84.0,844.0,,,
TXT7755,56.0,507.0,,,
TXT7756,70.0,667.0,,,
TXT7757,46.0,374.0,,,
TXT7758,108.0,912.0,,,
TXT7759,69.0,598.0,,,
TXT7760,51.0,528.0,,,
TXT7761,56.0,483.0,,,
TXT7762,28.0,281.0,,,
TXT7763,56.0,482.0,,,
TXT7764,34.0,290.0,,,
TXT7765,58.0,521.0,,,
TXT7766,82.0,690.0,,,
TXT7767,50.0,424.0,,,
TXT7768,75.0,537.0,,,
TXT7769,64.0,534.0,,,
TXT7770,63.0,644.0,,,
TXT7771,49.0,408.0,,,
TXT7772,64.0,659.0,,,
TXT7773,58.0,447.0,,,
TXT7774,46.0,487.0,,,
TXT7775,72.0,586.0,,,
TXT7776,23.0,200.0,,,
TXT7777,51.0,619.0,,,
TXT7778,62.0,472.0,,,
TXT7779,93.0,813.0,,,
TXT7780,53.0,550.0,,,
TXT7781,39.0,342.0,,,
TXT7782,74.0,579.0,,,
TXT7783,70.0,583.0,,,
TXT7784,56.0,541.0,,,
TXT7785,42.0,391.0,,,
TXT7786,63.0,491.0,,,
TXT7787,47.0,419.0,,,
TXT7788,39.0,337.0,,,
TXT7789,57.0,538.0,,,
TXT7790,35.0,325.0,,,
TXT7791,66.0,566.0,,,
TXT7792,47.0,480.0,,,
TXT7793,100.0,589.0,,,
TXT7794,71.0,698.0,,,
TXT7795,49.0,485.0,,,
TXT7796,79.0,728.0,,,
TXT7797,47.0,433.0,,,
TXT7798,72.0,600.0,,,
TXT7799,41.0,410.0,,,
TXT7800,60.0,459.0,,,
TXT7801,87.0,620.0,,,
TXT7802,47.0,319.0,,,
TXT7803,66.0,668.0,,,
TXT7804,33.0,305.0,,,
TXT7805,51.0,551.0,,,
TXT7806,56.0,636.0,,,
TXT7807,71.0,550.0,,,
TXT7808,92.0,937.0,,,
TXT7809,26.0,249.0,,,
TXT7810,66.0,566.0,,,
TXT7811,45.0,395.0,,,
TXT7812,48.0,434.0,,,
TXT7813,109.0,758.0,,,
TXT7814,32.0,294.0,,,
TXT7815,48.0,404.0,,,
TXT7816,25.0,97.0,,,
TXT7817,43.0,337.0,,,
TXT7818,64.0,498.0,,,
TXT7819,60.0,672.0,,,
TXT7820,48.0,323.0,,,
TXT7821,58.0,475.0,,,
TXT7822,61.0,536.0,,,
TXT7823,53.0,414.0,,,
TXT7824,52.0,410.0,,,
TXT7825,59.0,505.0,,,
TXT7826,55.0,447.0,,,
TXT7827,51.0,397.0,,,
TXT7828,49.0,358.0,,,
TXT7829,11.0,94.0,,,
TXT7830,55.0,434.0,,,
TXT7831,65.0,388.0,,,
TXT7832,50.0,447.0,,,
TXT7833,5.0,32.0,,,
TXT7834,37.0,297.0,,,
TXT7835,33.0,231.0,,,
TXT7836,36.0,349.0,,,
TXT7837,73.0,626.0,,,
TXT7838,48.0,395.0,,,
TXT7839,98.0,455.0,,,
TXT7840,58.0,404.0,,,
TXT7841,67.0,651.0,,,
TXT7842,34.0,323.0,,,
TXT7843,1.0,3.0,,,
TXT7844,18.0,164.0,,,
TXT7845,54.0,542.0,,,
TXT7846,24.0,391.0,,,
TXT7847,74.0,534.0,,,
TXT7848,51.0,301.0,,,
TXT7849,76.0,800.0,,,
TXT7850,7.0,56.0,,,
TXT7851,84.0,622.0,,,
TXT7852,72.0,681.0,,,
TXT7853,34.0,332.0,,,
TXT7854,4.0,353.0,,,
TXT7855,29.0,188.0,,,
TXT7856,46.0,391.0,,,
TXT7857,56.0,441.0,,,
TXT7858,17.0,197.0,,,
TXT7859,26.0,194.0,,,
TXT7860,15.0,138.0,,,
TXT7861,11.0,71.0,,,
TXT7862,18.0,116.0,,,
TXT7863,1.0,19.0,,,
TXT7864,1.0,4.0,,,
TXT7865,13.0,54.0,,,
TXT7866,110.0,1015.0,,,
TXT7867,74.0,570.0,,,
TXT7868,55.0,716.0,,,
TXT7869,74.0,598.0,,,
TXT7870,68.0,571.0,,,
TXT7871,68.0,617.0,,,
TXT7872,138.0,1137.0,,,
TXT7873,67.0,554.0,,,
TXT7874,37.0,334.0,,,
TXT7875,74.0,581.0,,,
TXT7876,59.0,445.0,,,
TXT7877,75.0,665.0,,,
TXT7878,55.0,497.0,,,
TXT7879,87.0,770.0,,,
TXT7880,53.0,430.0,,,
TXT7881,76.0,733.0,,,
TXT7882,66.0,658.0,,,
TXT7883,76.0,645.0,,,
TXT7884,38.0,383.0,,,
TXT7885,73.0,557.0,,,
TXT7886,55.0,456.0,,,
TXT7887,78.0,763.0,,,
TXT7888,49.0,387.0,,,
TXT7889,68.0,574.0,,,
TXT7890,74.0,620.0,,,
TXT7891,64.0,660.0,,,
TXT7892,49.0,411.0,,,
TXT7893,56.0,644.0,,,
TXT7894,66.0,634.0,,,
TXT7895,62.0,516.0,,,
TXT7896,44.0,473.0,,,
TXT7897,48.0,469.0,,,
TXT7898,45.0,396.0,,,
TXT7899,60.0,701.0,,,
TXT7900,69.0,564.0,,,
TXT7901,57.0,422.0,,,
TXT7902,58.0,565.0,,,
TXT7903,58.0,458.0,,,
TXT7904,43.0,420.0,,,
TXT7905,61.0,576.0,,,
TXT7906,48.0,490.0,,,
TXT7907,37.0,320.0,,,
TXT7908,83.0,676.0,,,
TXT7909,64.0,537.0,,,
TXT7910,80.0,553.0,,,
TXT7911,23.0,231.0,,,
TXT7912,58.0,515.0,,,
TXT7913,56.0,514.0,,,
TXT7914,63.0,576.0,,,
TXT7915,43.0,399.0,,,
TXT7916,32.0,265.0,,,
TXT7917,48.0,383.0,,,
TXT7918,32.0,266.0,,,
TXT7919,51.0,438.0,,,
TXT7920,95.0,690.0,,,
TXT7921,47.0,416.0,,,
TXT7922,32.0,245.0,,,
TXT7923,67.0,630.0,,,
TXT7924,26.0,218.0,,,
TXT7925,69.0,566.0,,,
TXT7926,89.0,712.0,,,
TXT7927,86.0,750.0,,,
TXT7928,72.0,648.0,,,
TXT7929,21.0,223.0,,,
TXT7930,57.0,550.0,,,
TXT7931,52.0,417.0,,,
TXT7932,73.0,715.0,,,
TXT7933,27.0,256.0,,,
TXT7934,69.0,589.0,,,
TXT7935,75.0,625.0,,,
TXT7936,48.0,489.0,,,
TXT7937,69.0,597.0,,,
TXT7938,22.0,208.0,,,
TXT7939,51.0,455.0,,,
TXT7940,105.0,867.0,,,
TXT7941,64.0,576.0,,,
TXT7942,85.0,744.0,,,
TXT7943,49.0,375.0,,,
TXT7944,82.0,784.0,,,
TXT7945,42.0,414.0,,,
TXT7946,57.0,505.0,,,
TXT7947,23.0,198.0,,,
TXT7948,64.0,633.0,,,
TXT7949,36.0,341.0,,,
TXT7950,75.0,612.0,,,
TXT7951,63.0,531.0,,,
TXT7952,87.0,538.0,,,
TXT7953,81.0,690.0,,,
TXT7954,47.0,378.0,,,
TXT7955,38.0,350.0,,,
TXT7956,41.0,431.0,,,
TXT7957,47.0,519.0,,,
TXT7958,30.0,241.0,,,
TXT7959,48.0,427.0,,,
TXT7960,10.0,43.0,,,
TXT7961,18.0,153.0,,,
TXT7962,56.0,475.0,,,
TXT7963,16.0,148.0,,,
TXT7964,32.0,315.0,,,
TXT7965,58.0,593.0,,,
TXT7966,27.0,188.0,,,
TXT7967,32.0,284.0,,,
TXT7968,67.0,501.0,,,
TXT7969,38.0,370.0,,,
TXT7970,44.0,371.0,,,
TXT7971,23.0,174.0,,,
TXT7972,54.0,432.0,,,
TXT7973,16.0,150.0,,,
TXT7974,55.0,443.0,,,
TXT7975,38.0,304.0,,,
TXT7976,69.0,581.0,,,
TXT7977,20.0,177.0,,,
TXT7978,39.0,348.0,,,
TXT7979,40.0,339.0,,,
TXT7980,34.0,241.0,,,
TXT7981,38.0,327.0,,,
TXT7982,59.0,358.0,,,
TXT7983,51.0,467.0,,,
TXT7984,52.0,371.0,,,
TXT7985,61.0,551.0,,,
TXT7986,56.0,390.0,,,
TXT7987,53.0,490.0,,,
TXT7988,68.0,572.0,,,
TXT7989,54.0,340.0,,,
TXT7990,46.0,335.0,,,
TXT7991,51.0,294.0,,,
TXT7992,37.0,336.0,,,
TXT7993,66.0,601.0,,,
TXT7994,62.0,535.0,,,
TXT7995,46.0,371.0,,,
TXT7996,51.0,298.0,,,
TXT7997,20.0,160.0,,,
TXT7998,59.0,327.0,,,
TXT7999,41.0,391.0,,,
TXT8000,74.0,772.0,,,
TXT8001,72.0,549.0,,,
TXT8002,36.0,294.0,,,
TXT8003,46.0,323.0,,,
TXT8004,46.0,351.0,,,
TXT8005,56.0,488.0,,,
TXT8006,55.0,329.0,,,
TXT8007,30.0,201.0,,,
TXT8008,73.0,350.0,,,
TXT8009,77.0,847.0,,,
TXT8010,44.0,298.0,,,
TXT8011,56.0,527.0,,,
TXT8012,62.0,396.0,,,
TXT8013,45.0,365.0,,,
TXT8014,47.0,273.0,,,
TXT8015,32.0,289.0,,,
TXT8016,38.0,277.0,,,
TXT8017,34.0,217.0,,,
TXT8018,34.0,171.0,,,
TXT8019,42.0,236.0,,,
TXT8020,60.0,541.0,,,
TXT8021,67.0,494.0,,,
TXT8022,88.0,588.0,,,
TXT8023,38.0,355.0,,,
TXT8024,44.0,352.0,,,
TXT8025,50.0,367.0,,,
TXT8026,39.0,338.0,,,
TXT8027,32.0,248.0,,,
TXT8028,58.0,427.0,,,
TXT8029,57.0,484.0,,,
TXT8030,22.0,128.0,,,
TXT8031,18.0,81.0,,,
TXT8032,51.0,275.0,,,
TXT8033,64.0,578.0,,,
TXT8034,57.0,423.0,,,
TXT8035,50.0,502.0,,,
TXT8036,84.0,684.0,,,
TXT8037,49.0,389.0,,,
TXT8038,58.0,307.0,,,
TXT8039,61.0,446.0,,,
TXT8040,47.0,320.0,,,
TXT8041,37.0,284.0,,,
TXT8042,44.0,393.0,,,
TXT8043,50.0,414.0,,,
TXT8044,40.0,325.0,,,
TXT8045,42.0,238.0,,,
TXT8046,27.0,223.0,,,
TXT8047,42.0,296.0,,,
TXT8048,45.0,373.0,,,
TXT8049,51.0,407.0,,,
TXT8050,45.0,385.0,,,
TXT8051,44.0,350.0,,,
TXT8052,30.0,205.0,,,
TXT8053,56.0,494.0,,,
TXT8054,69.0,535.0,,,
TXT8055,58.0,272.0,,,
TXT8056,33.0,305.0,,,
TXT8057,57.0,310.0,,,
TXT8058,40.0,366.0,,,
TXT8059,49.0,544.0,,,
TXT8060,64.0,449.0,,,
TXT8061,45.0,257.0,,,
TXT8062,55.0,306.0,,,
TXT8063,62.0,397.0,,,
TXT8064,44.0,329.0,,,
TXT8065,75.0,788.0,,,
TXT8066,74.0,766.0,,,
TXT8067,63.0,489.0,,,
TXT8068,55.0,383.0,,,
TXT8069,51.0,377.0,,,
TXT8070,107.0,1013.0,,,
TXT8071,57.0,508.0,,,
TXT8072,47.0,393.0,,,
TXT8073,42.0,241.0,,,
TXT8074,69.0,472.0,,,
TXT8075,56.0,488.0,,,
TXT8076,26.0,213.0,,,
TXT8077,58.0,390.0,,,
TXT8078,50.0,300.0,,,
TXT8079,31.0,301.0,,,
TXT8080,50.0,438.0,,,
TXT8081,57.0,450.0,,,
TXT8082,35.0,195.0,,,
TXT8083,60.0,328.0,,,
TXT8084,67.0,542.0,,,
TXT8085,73.0,344.0,,,
TXT8086,32.0,226.0,,,
TXT8087,46.0,359.0,,,
TXT8088,39.0,324.0,,,
TXT8089,48.0,408.0,,,
TXT8090,42.0,300.0,,,
TXT8091,71.0,742.0,,,
TXT8092,76.0,575.0,,,
TXT8093,65.0,425.0,,,
TXT8094,51.0,396.0,,,
TXT8095,44.0,368.0,,,
TXT8096,51.0,425.0,,,
TXT8097,59.0,333.0,,,
TXT8098,42.0,275.0,,,
TXT8099,33.0,216.0,,,
TXT8100,40.0,276.0,,,
TXT8101,33.0,264.0,,,
TXT8102,49.0,399.0,,,
TXT8103,29.0,240.0,,,
TXT8104,30.0,203.0,,,
TXT8105,7.0,97.0,,,
TXT8106,47.0,339.0,,,
TXT8107,34.0,237.0,,,
TXT8108,36.0,312.0,,,
TXT8109,54.0,360.0,,,
TXT8110,48.0,367.0,,,
TXT8111,55.0,329.0,,,
TXT8112,57.0,618.0,,,
TXT8113,58.0,520.0,,,
TXT8114,55.0,530.0,,,
TXT8115,54.0,503.0,,,
TXT8116,46.0,392.0,,,
TXT8117,52.0,521.0,,,
TXT8118,65.0,666.0,,,
TXT8119,96.0,802.0,,,
TXT8120,88.0,664.0,,,
TXT8121,1.0,16.0,,,
TXT8122,32.0,311.0,,,
TXT8123,9.0,78.0,,,
TXT8124,47.0,376.0,,,
TXT8125,1.0,5.0,,,
TXT8126,9.0,27.0,,,
TXT8127,1.0,6.0,,,
TXT8128,1.0,7.0,,,
TXT8129,1.0,5.0,,,
TXT8130,1.0,6.0,,,
TXT8131,1.0,5.0,,,
TXT8132,1.0,7.0,,,
TXT8133,40.0,415.0,,,
TXT8134,1.0,4.0,,,
TXT8135,1.0,5.0,,,
TXT8136,1.0,4.0,,,
TXT8137,1.0,6.0,,,
TXT8138,1.0,6.0,,,
TXT8139,1.0,7.0,,,
TXT8140,1.0,5.0,,,
TXT8141,1.0,5.0,,,
TXT8142,1.0,4.0,,,
TXT8143,1.0,7.0,,,
TXT8144,1.0,4.0,,,
TXT8145,1.0,4.0,,,
TXT8146,1.0,4.0,,,
TXT8147,1.0,5.0,,,
TXT8148,1.0,4.0,,,
TXT8149,1.0,8.0,,,
TXT8150,1.0,7.0,,,
TXT8151,45.0,523.0,,,
TXT8152,120.0,1069.0,,,
TXT8153,71.0,624.0,,,
TXT8154,96.0,684.0,,,
TXT8155,58.0,532.0,,,
TXT8156,58.0,503.0,,,
TXT8157,62.0,630.0,,,
TXT8158,107.0,1009.0,,,
TXT8159,86.0,739.0,,,
TXT8160,108.0,1115.0,,,
TXT8161,87.0,879.0,,,
TXT8162,43.0,403.0,,,
TXT8163,61.0,592.0,,,
TXT8164,70.0,532.0,,,
TXT8165,59.0,556.0,,,
TXT8166,83.0,615.0,,,
TXT8167,55.0,436.0,,,
TXT8168,76.0,649.0,,,
TXT8169,91.0,824.0,,,
TXT8170,93.0,862.0,,,
TXT8171,54.0,375.0,,,
TXT8172,61.0,534.0,,,
TXT8173,62.0,504.0,,,
TXT8174,59.0,542.0,,,
TXT8175,55.0,483.0,,,
TXT8176,68.0,608.0,,,
TXT8177,67.0,592.0,,,
TXT8178,59.0,502.0,,,
TXT8179,65.0,624.0,,,
TXT8180,71.0,638.0,,,
TXT8181,61.0,536.0,,,
TXT8182,54.0,418.0,,,
TXT8183,39.0,432.0,,,
TXT8184,73.0,531.0,,,
TXT8185,63.0,583.0,,,
TXT8186,44.0,451.0,,,
TXT8187,61.0,542.0,,,
TXT8188,68.0,662.0,,,
TXT8189,44.0,315.0,,,
TXT8190,38.0,349.0,,,
TXT8191,57.0,514.0,,,
TXT8192,77.0,572.0,,,
TXT8193,77.0,827.0,,,
TXT8194,36.0,364.0,,,
TXT8195,42.0,396.0,,,
TXT8196,77.0,820.0,,,
TXT8197,127.0,1199.0,,,
TXT8198,51.0,564.0,,,
TXT8199,50.0,437.0,,,
TXT8200,62.0,659.0,,,
TXT8201,66.0,357.0,,,
TXT8202,58.0,601.0,,,
TXT8203,56.0,486.0,,,
TXT8204,52.0,454.0,,,
TXT8205,46.0,459.0,,,
TXT8206,65.0,657.0,,,
TXT8207,61.0,614.0,,,
TXT8208,45.0,472.0,,,
TXT8209,29.0,346.0,,,
TXT8210,64.0,549.0,,,
TXT8211,57.0,532.0,,,
TXT8212,27.0,288.0,,,
TXT8213,86.0,579.0,,,
TXT8214,55.0,466.0,,,
TXT8215,76.0,708.0,,,
TXT8216,56.0,597.0,,,
TXT8217,88.0,774.0,,,
TXT8218,61.0,756.0,,,
TXT8219,64.0,440.0,,,
TXT8220,73.0,760.0,,,
TXT8221,50.0,447.0,,,
TXT8222,81.0,912.0,,,
TXT8223,72.0,705.0,,,
TXT8224,72.0,624.0,,,
TXT8225,47.0,393.0,,,
TXT8226,39.0,361.0,,,
TXT8227,62.0,426.0,,,
TXT8228,49.0,541.0,,,
TXT8229,75.0,779.0,,,
TXT8230,77.0,697.0,,,
TXT8231,38.0,500.0,,,
TXT8232,46.0,579.0,,,
TXT8233,42.0,416.0,,,
TXT8234,59.0,761.0,,,
TXT8235,48.0,542.0,,,
TXT8236,84.0,631.0,,,
TXT8237,95.0,699.0,,,
TXT8238,39.0,414.0,,,
TXT8239,55.0,583.0,,,
TXT8240,66.0,565.0,,,
TXT8241,276.0,2365.0,,,
TXT8242,57.0,451.0,,,
TXT8243,34.0,356.0,,,
TXT8244,46.0,509.0,,,
TXT8245,46.0,419.0,,,
TXT8246,51.0,445.0,,,
TXT8247,25.0,207.0,,,
TXT8248,76.0,712.0,,,
TXT8249,62.0,531.0,,,
TXT8250,65.0,609.0,,,
TXT8251,205.0,1532.0,,,
TXT8252,36.0,407.0,,,
TXT8253,50.0,437.0,,,
TXT8254,47.0,539.0,,,
TXT8255,56.0,628.0,,,
TXT8256,67.0,620.0,,,
TXT8257,57.0,641.0,,,
TXT8258,75.0,573.0,,,
TXT8259,40.0,288.0,,,
TXT8260,57.0,486.0,,,
TXT8261,55.0,488.0,,,
TXT8262,81.0,839.0,,,
TXT8263,83.0,666.0,,,
TXT8264,66.0,555.0,,,
TXT8265,87.0,634.0,,,
TXT8266,326.0,2949.0,,,
TXT8267,93.0,605.0,,,
TXT8268,82.0,563.0,,,
TXT8269,62.0,548.0,,,
TXT8270,62.0,649.0,,,
TXT8271,66.0,621.0,,,
TXT8272,234.0,2245.0,,,
TXT8273,46.0,341.0,,,
TXT8274,59.0,490.0,,,
TXT8275,71.0,416.0,,,
TXT8276,234.0,2232.0,,,
TXT8277,55.0,504.0,,,
TXT8278,79.0,717.0,,,
TXT8279,67.0,400.0,,,
TXT8280,53.0,503.0,,,
TXT8281,178.0,1677.0,,,
TXT8282,43.0,437.0,,,
TXT8283,57.0,577.0,,,
TXT8284,59.0,598.0,,,
TXT8285,65.0,507.0,,,
TXT8286,77.0,682.0,,,
TXT8287,104.0,1095.0,,,
TXT8288,34.0,337.0,,,
TXT8289,156.0,1365.0,,,
TXT8290,51.0,457.0,,,
TXT8291,37.0,213.0,,,
TXT8292,51.0,519.0,,,
TXT8293,76.0,611.0,,,
TXT8294,36.0,304.0,,,
TXT8295,137.0,1154.0,,,
TXT8296,106.0,941.0,,,
TXT8297,76.0,708.0,,,
TXT8298,34.0,300.0,,,
TXT8299,82.0,491.0,,,
TXT8300,50.0,542.0,,,
TXT8301,34.0,304.0,,,
TXT8302,92.0,694.0,,,
TXT8303,105.0,777.0,,,
TXT8304,47.0,392.0,,,
TXT8305,84.0,660.0,,,
TXT8306,99.0,783.0,,,
TXT8307,17.0,145.0,,,
TXT8308,55.0,387.0,,,
TXT8309,72.0,684.0,,,
TXT8310,43.0,372.0,,,
TXT8311,55.0,547.0,,,
TXT8312,29.0,287.0,,,
TXT8313,70.0,622.0,,,
TXT8314,82.0,501.0,,,
TXT8315,21.0,145.0,,,
TXT8316,48.0,403.0,,,
TXT8317,45.0,315.0,,,
TXT8318,46.0,359.0,,,
TXT8319,24.0,176.0,,,
TXT8320,53.0,389.0,,,
TXT8321,59.0,660.0,,,
TXT8322,78.0,508.0,,,
TXT8323,78.0,1055.0,,,
TXT8324,116.0,589.0,,,
TXT8325,51.0,363.0,,,
TXT8326,72.0,466.0,,,
TXT8327,109.0,723.0,,,
TXT8328,84.0,1052.0,,,
TXT8329,61.0,433.0,,,
TXT8330,83.0,651.0,,,
TXT8331,66.0,537.0,,,
TXT8332,77.0,827.0,,,
TXT8333,129.0,824.0,,,
TXT8334,62.0,628.0,,,
TXT8335,44.0,303.0,,,
TXT8336,48.0,302.0,,,
TXT8337,65.0,430.0,,,
TXT8338,118.0,812.0,,,
TXT8339,85.0,647.0,,,
TXT8340,52.0,465.0,,,
TXT8341,73.0,608.0,,,
TXT8342,66.0,464.0,,,
TXT8343,103.0,795.0,,,
TXT8344,58.0,401.0,,,
TXT8345,86.0,490.0,,,
TXT8346,70.0,662.0,,,
TXT8347,73.0,520.0,,,
TXT8348,66.0,534.0,,,
TXT8349,76.0,539.0,,,
TXT8350,71.0,435.0,,,
TXT8351,50.0,446.0,,,
TXT8352,44.0,447.0,,,
TXT8353,48.0,286.0,,,
TXT8354,79.0,654.0,,,
TXT8355,70.0,680.0,,,
TXT8356,122.0,743.0,,,
TXT8357,90.0,702.0,,,
TXT8358,63.0,534.0,,,
TXT8359,78.0,577.0,,,
TXT8360,38.0,272.0,,,
TXT8361,55.0,336.0,,,
TXT8362,56.0,273.0,,,
TXT8363,81.0,392.0,,,
TXT8364,91.0,742.0,,,
TXT8365,133.0,734.0,,,
TXT8366,60.0,422.0,,,
TXT8367,71.0,534.0,,,
TXT8368,62.0,496.0,,,
TXT8369,98.0,822.0,,,
TXT8370,78.0,504.0,,,
TXT8371,56.0,333.0,,,
TXT8372,54.0,327.0,,,
TXT8373,78.0,753.0,,,
TXT8374,55.0,361.0,,,
TXT8375,93.0,637.0,,,
TXT8376,96.0,557.0,,,
TXT8377,59.0,401.0,,,
TXT8378,28.0,274.0,,,
TXT8379,84.0,515.0,,,
TXT8380,60.0,486.0,,,
TXT8381,54.0,410.0,,,
TXT8382,106.0,643.0,,,
TXT8383,24.0,185.0,,,
TXT8384,59.0,532.0,,,
TXT8385,58.0,392.0,,,
TXT8386,55.0,328.0,,,
TXT8387,59.0,404.0,,,
TXT8388,46.0,456.0,,,
TXT8389,76.0,480.0,,,
TXT8390,24.0,281.0,,,
TXT8391,59.0,284.0,,,
TXT8392,91.0,648.0,,,
TXT8393,54.0,367.0,,,
TXT8394,4.0,23.0,,,
TXT8395,56.0,449.0,,,
TXT8396,52.0,323.0,,,
TXT8397,57.0,444.0,,,
TXT8398,122.0,567.0,,,
TXT8399,58.0,505.0,,,
TXT8400,45.0,204.0,,,
TXT8401,88.0,631.0,,,
TXT8402,62.0,329.0,,,
TXT8403,41.0,296.0,,,
TXT8404,67.0,603.0,,,
TXT8405,43.0,429.0,,,
TXT8406,69.0,483.0,,,
TXT8407,53.0,268.0,,,
TXT8408,53.0,472.0,,,
TXT8409,92.0,764.0,,,
TXT8410,29.0,205.0,,,
TXT8411,40.0,358.0,,,
TXT8412,73.0,405.0,,,
TXT8413,81.0,652.0,,,
TXT8414,69.0,655.0,,,
TXT8415,54.0,318.0,,,
TXT8416,13.0,149.0,,,
TXT8417,48.0,282.0,,,
TXT8418,55.0,570.0,,,
TXT8419,69.0,490.0,,,
TXT8420,73.0,564.0,,,
TXT8421,64.0,543.0,,,
TXT8422,46.0,377.0,,,
TXT8423,74.0,563.0,,,
TXT8424,46.0,255.0,,,
TXT8425,54.0,327.0,,,
TXT8426,86.0,635.0,,,
TXT8427,56.0,356.0,,,
TXT8428,45.0,306.0,,,
TXT8429,55.0,395.0,,,
TXT8430,70.0,471.0,,,
TXT8431,58.0,329.0,,,
TXT8432,60.0,401.0,,,
TXT8433,53.0,330.0,,,
TXT8434,49.0,379.0,,,
TXT8435,57.0,609.0,,,
TXT8436,16.0,139.0,,,
TXT8437,46.0,436.0,,,
TXT8438,39.0,302.0,,,
TXT8439,26.0,245.0,,,
TXT8440,46.0,336.0,,,
TXT8441,68.0,453.0,,,
TXT8442,29.0,225.0,,,
TXT8443,60.0,409.0,,,
TXT8444,68.0,548.0,,,
TXT8445,70.0,461.0,,,
TXT8446,55.0,411.0,,,
TXT8447,46.0,342.0,,,
TXT8448,69.0,521.0,,,
TXT8449,53.0,279.0,,,
TXT8450,49.0,314.0,,,
TXT8451,45.0,348.0,,,
TXT8452,36.0,260.0,,,
TXT8453,6.0,33.0,,,
TXT8454,98.0,487.0,,,
TXT8455,72.0,333.0,,,
TXT8456,69.0,545.0,,,
TXT8457,72.0,456.0,,,
TXT8458,94.0,706.0,,,
TXT8459,9.0,116.0,,,
TXT8460,3.0,64.0,,,
TXT8461,38.0,166.0,,,
TXT8462,52.0,202.0,,,
TXT8463,77.0,494.0,,,
TXT8464,45.0,370.0,,,
TXT8465,56.0,436.0,,,
TXT8466,34.0,226.0,,,
TXT8467,74.0,630.0,,,
TXT8468,6.0,119.0,,,
TXT8469,52.0,299.0,,,
TXT8470,11.0,316.0,,,
TXT8471,49.0,328.0,,,
TXT8472,34.0,315.0,,,
TXT8473,54.0,524.0,,,
TXT8474,103.0,777.0,,,
TXT8475,4.0,32.0,,,
TXT8476,3.0,64.0,,,
TXT8477,68.0,636.0,,,
TXT8478,45.0,407.0,,,
TXT8479,84.0,557.0,,,
TXT8480,8.0,48.0,,,
TXT8481,50.0,360.0,,,
TXT8482,54.0,461.0,,,
TXT8483,4.0,26.0,,,
TXT8484,58.0,447.0,,,
TXT8485,10.0,134.0,,,
TXT8486,42.0,282.0,,,
TXT8487,55.0,382.0,,,
TXT8488,8.0,104.0,,,
TXT8489,47.0,314.0,,,
TXT8490,7.0,85.0,,,
TXT8491,17.0,64.0,,,
TXT8492,9.0,101.0,,,
TXT8493,31.0,203.0,,,
TXT8494,8.0,126.0,,,
TXT8495,35.0,213.0,,,
TXT8496,57.0,370.0,,,
TXT8497,9.0,127.0,,,
TXT8498,39.0,272.0,,,
TXT8499,99.0,887.0,,,
TXT8500,22.0,125.0,,,
TXT8501,54.0,351.0,,,
TXT8502,58.0,486.0,,,
TXT8503,40.0,249.0,,,
TXT8504,43.0,362.0,,,
TXT8505,13.0,83.0,,,
TXT8506,39.0,281.0,,,
TXT8507,51.0,396.0,,,
TXT8508,36.0,280.0,,,
TXT8509,36.0,354.0,,,
TXT8510,39.0,327.0,,,
TXT8511,41.0,369.0,,,
TXT8512,59.0,414.0,,,
TXT8513,105.0,840.0,,,
TXT8514,39.0,228.0,,,
TXT8515,62.0,576.0,,,
TXT8516,110.0,942.0,,,
TXT8517,77.0,595.0,,,
TXT8518,74.0,628.0,,,
TXT8519,98.0,901.0,,,
TXT8520,74.0,654.0,,,
TXT8521,77.0,542.0,,,
TXT8522,86.0,646.0,,,
TXT8523,75.0,711.0,,,
TXT8524,79.0,506.0,,,
TXT8525,77.0,574.0,,,
TXT8526,55.0,334.0,,,
TXT8527,82.0,555.0,,,
TXT8528,58.0,528.0,,,
TXT8529,72.0,497.0,,,
TXT8530,53.0,494.0,,,
TXT8531,31.0,264.0,,,
TXT8532,64.0,471.0,,,
TXT8533,60.0,407.0,,,
TXT8534,64.0,493.0,,,
TXT8535,61.0,525.0,,,
TXT8536,59.0,594.0,,,
TXT8537,25.0,203.0,,,
TXT8538,67.0,483.0,,,
TXT8539,108.0,930.0,,,
TXT8540,34.0,364.0,,,
TXT8541,47.0,303.0,,,
TXT8542,70.0,600.0,,,
TXT8543,46.0,426.0,,,
TXT8544,46.0,471.0,,,
TXT8545,52.0,390.0,,,
TXT8546,79.0,442.0,,,
TXT8547,52.0,424.0,,,
TXT8548,63.0,389.0,,,
TXT8549,61.0,392.0,,,
TXT8550,47.0,261.0,,,
TXT8551,79.0,654.0,,,
TXT8552,47.0,401.0,,,
TXT8553,64.0,492.0,,,
TXT8554,56.0,514.0,,,
TXT8555,62.0,425.0,,,
TXT8556,42.0,330.0,,,
TXT8557,71.0,531.0,,,
TXT8558,62.0,505.0,,,
TXT8559,64.0,505.0,,,
TXT8560,55.0,433.0,,,
TXT8561,90.0,668.0,,,
TXT8562,56.0,443.0,,,
TXT8563,38.0,309.0,,,
TXT8564,99.0,535.0,,,
TXT8565,72.0,412.0,,,
TXT8566,76.0,488.0,,,
TXT8567,54.0,361.0,,,
TXT8568,60.0,571.0,,,
TXT8569,58.0,536.0,,,
TXT8570,58.0,494.0,,,
TXT8571,28.0,249.0,,,
TXT8572,23.0,235.0,,,
TXT8573,89.0,466.0,,,
TXT8574,56.0,319.0,,,
TXT8575,46.0,430.0,,,
TXT8576,9.0,140.0,,,
TXT8577,41.0,417.0,,,
TXT8578,58.0,541.0,,,
TXT8579,51.0,285.0,,,
TXT8580,87.0,676.0,,,
TXT8581,45.0,353.0,,,
TXT8582,67.0,561.0,,,
TXT8583,47.0,411.0,,,
TXT8584,63.0,534.0,,,
TXT8585,42.0,393.0,,,
TXT8586,62.0,501.0,,,
TXT8587,68.0,623.0,,,
TXT8588,57.0,597.0,,,
TXT8589,64.0,414.0,,,
TXT8590,49.0,459.0,,,
TXT8591,59.0,391.0,,,
TXT8592,63.0,484.0,,,
TXT8593,61.0,484.0,,,
TXT8594,56.0,404.0,,,
TXT8595,30.0,185.0,,,
TXT8596,61.0,401.0,,,
TXT8597,44.0,354.0,,,
TXT8598,48.0,367.0,,,
TXT8599,45.0,363.0,,,
TXT8600,54.0,439.0,,,
TXT8601,47.0,378.0,,,
TXT8602,29.0,236.0,,,
TXT8603,51.0,527.0,,,
TXT8604,55.0,429.0,,,
TXT8605,25.0,147.0,,,
TXT8606,65.0,428.0,,,
TXT8607,23.0,180.0,,,
TXT8608,42.0,374.0,,,
TXT8609,61.0,486.0,,,
TXT8610,15.0,114.0,,,
TXT8611,124.0,739.0,,,
TXT8612,13.0,89.0,,,
TXT8613,52.0,429.0,,,
TXT8614,33.0,306.0,,,
TXT8615,31.0,269.0,,,
TXT8616,29.0,185.0,,,
TXT8617,46.0,385.0,,,
TXT8618,25.0,203.0,,,
TXT8619,52.0,493.0,,,
TXT8620,58.0,528.0,,,
TXT8621,68.0,431.0,,,
TXT8622,38.0,311.0,,,
TXT8623,34.0,358.0,,,
TXT8624,60.0,418.0,,,
TXT8625,42.0,310.0,,,
TXT8626,38.0,309.0,,,
TXT8627,52.0,390.0,,,
TXT8628,42.0,330.0,,,
TXT8629,57.0,300.0,,,
TXT8630,38.0,406.0,,,
TXT8631,66.0,664.0,,,
TXT8632,78.0,678.0,,,
TXT8633,81.0,767.0,,,
TXT8634,24.0,251.0,,,
TXT8635,60.0,478.0,,,
TXT8636,65.0,576.0,,,
TXT8637,57.0,533.0,,,
TXT8638,95.0,617.0,,,
TXT8639,84.0,646.0,,,
TXT8640,73.0,580.0,,,
TXT8641,55.0,525.0,,,
TXT8642,88.0,823.0,,,
TXT8643,29.0,242.0,,,
TXT8644,83.0,614.0,,,
TXT8645,78.0,742.0,,,
TXT8646,50.0,551.0,,,
TXT8647,62.0,497.0,,,
TXT8648,99.0,816.0,,,
TXT8649,75.0,591.0,,,
TXT8650,88.0,586.0,,,
TXT8651,95.0,874.0,,,
TXT8652,84.0,661.0,,,
TXT8653,99.0,882.0,,,
TXT8654,69.0,555.0,,,
TXT8655,30.0,302.0,,,
TXT8656,61.0,585.0,,,
TXT8657,55.0,533.0,,,
TXT8658,70.0,634.0,,,
TXT8659,54.0,459.0,,,
TXT8660,67.0,498.0,,,
TXT8661,44.0,368.0,,,
TXT8662,70.0,547.0,,,
TXT8663,107.0,921.0,,,
TXT8664,35.0,279.0,,,
TXT8665,55.0,527.0,,,
TXT8666,55.0,520.0,,,
TXT8667,27.0,239.0,,,
TXT8668,83.0,696.0,,,
TXT8669,62.0,468.0,,,
TXT8670,67.0,479.0,,,
TXT8671,83.0,736.0,,,
TXT8672,60.0,522.0,,,
TXT8673,59.0,450.0,,,
TXT8674,43.0,359.0,,,
TXT8675,84.0,581.0,,,
TXT8676,53.0,347.0,,,
TXT8677,83.0,591.0,,,
TXT8678,56.0,332.0,,,
TXT8679,58.0,485.0,,,
TXT8680,90.0,680.0,,,
TXT8681,85.0,592.0,,,
TXT8682,63.0,577.0,,,
TXT8683,88.0,683.0,,,
TXT8684,34.0,312.0,,,
TXT8685,81.0,682.0,,,
TXT8686,100.0,726.0,,,
TXT8687,71.0,494.0,,,
TXT8688,53.0,642.0,,,
TXT8689,99.0,672.0,,,
TXT8690,40.0,444.0,,,
TXT8691,54.0,444.0,,,
TXT8692,59.0,489.0,,,
TXT8693,60.0,427.0,,,
TXT8694,48.0,375.0,,,
TXT8695,101.0,903.0,,,
TXT8696,79.0,662.0,,,
TXT8697,80.0,638.0,,,
TXT8698,53.0,372.0,,,
TXT8699,55.0,450.0,,,
TXT8700,79.0,642.0,,,
TXT8701,107.0,793.0,,,
TXT8702,74.0,642.0,,,
TXT8703,72.0,631.0,,,
TXT8704,50.0,341.0,,,
TXT8705,72.0,488.0,,,
TXT8706,61.0,408.0,,,
TXT8707,84.0,796.0,,,
TXT8708,46.0,397.0,,,
TXT8709,56.0,488.0,,,
TXT8710,64.0,473.0,,,
TXT8711,57.0,380.0,,,
TXT8712,81.0,694.0,,,
TXT8713,75.0,481.0,,,
TXT8714,50.0,390.0,,,
TXT8715,61.0,521.0,,,
TXT8716,33.0,222.0,,,
TXT8717,89.0,572.0,,,
TXT8718,44.0,399.0,,,
TXT8719,79.0,646.0,,,
TXT8720,86.0,741.0,,,
TXT8721,81.0,692.0,,,
TXT8722,31.0,275.0,,,
TXT8723,69.0,596.0,,,
TXT8724,68.0,563.0,,,
TXT8725,43.0,371.0,,,
TXT8726,49.0,399.0,,,
TXT8727,55.0,482.0,,,
TXT8728,67.0,595.0,,,
TXT8729,92.0,634.0,,,
TXT8730,89.0,554.0,,,
TXT8731,66.0,553.0,,,
TXT8732,42.0,328.0,,,
TXT8733,72.0,700.0,,,
TXT8734,61.0,542.0,,,
TXT8735,80.0,681.0,,,
TXT8736,15.0,72.0,,,
TXT8737,32.0,265.0,,,
TXT8738,93.0,695.0,,,
TXT8739,59.0,367.0,,,
TXT8740,1.0,8.0,,,
TXT8741,47.0,365.0,,,
TXT8742,79.0,629.0,,,
TXT8743,1.0,7.0,,,
TXT8744,53.0,485.0,,,
TXT8745,27.0,253.0,,,
TXT8746,66.0,442.0,,,
TXT8747,88.0,792.0,,,
TXT8748,53.0,433.0,,,
TXT8749,49.0,350.0,,,
TXT8750,66.0,613.0,,,
TXT8751,57.0,440.0,,,
TXT8752,38.0,246.0,,,
TXT8753,57.0,507.0,,,
TXT8754,46.0,382.0,,,
TXT8755,57.0,389.0,,,
TXT8756,46.0,459.0,,,
TXT8757,64.0,416.0,,,
TXT8758,60.0,561.0,,,
TXT8759,69.0,479.0,,,
TXT8760,58.0,357.0,,,
TXT8761,54.0,386.0,,,
TXT8762,57.0,380.0,,,
TXT8763,56.0,371.0,,,
TXT8764,57.0,379.0,,,
TXT8765,51.0,400.0,,,
TXT8766,55.0,398.0,,,
TXT8767,108.0,930.0,,,
TXT8768,42.0,359.0,,,
TXT8769,60.0,488.0,,,
TXT8770,67.0,424.0,,,
TXT8771,43.0,400.0,,,
TXT8772,59.0,432.0,,,
TXT8773,51.0,304.0,,,
TXT8774,67.0,448.0,,,
TXT8775,76.0,536.0,,,
TXT8776,50.0,489.0,,,
TXT8777,62.0,388.0,,,
TXT8778,48.0,465.0,,,
TXT8779,47.0,386.0,,,
TXT8780,49.0,377.0,,,
TXT8781,63.0,298.0,,,
TXT8782,61.0,462.0,,,
TXT8783,48.0,389.0,,,
TXT8784,51.0,552.0,,,
TXT8785,62.0,342.0,,,
TXT8786,63.0,510.0,,,
TXT8787,45.0,404.0,,,
TXT8788,30.0,173.0,,,
TXT8789,50.0,602.0,,,
TXT8790,47.0,464.0,,,
TXT8791,35.0,229.0,,,
TXT8792,50.0,444.0,,,
TXT8793,59.0,520.0,,,
TXT8794,46.0,452.0,,,
TXT8795,32.0,223.0,,,
TXT8796,49.0,374.0,,,
TXT8797,67.0,323.0,,,
TXT8798,46.0,335.0,,,
TXT8799,73.0,556.0,,,
TXT8800,43.0,429.0,,,
TXT8801,94.0,725.0,,,
TXT8802,53.0,463.0,,,
TXT8803,47.0,468.0,,,
TXT8804,66.0,637.0,,,
TXT8805,13.0,79.0,,,
TXT8806,65.0,462.0,,,
TXT8807,41.0,270.0,,,
TXT8808,20.0,213.0,,,
TXT8809,47.0,269.0,,,
TXT8810,44.0,297.0,,,
TXT8811,64.0,459.0,,,
TXT8812,62.0,486.0,,,
TXT8813,18.0,446.0,,,
TXT8814,1.0,3.0,,,
TXT8815,47.0,252.0,,,
TXT8816,40.0,302.0,,,
TXT8817,11.0,412.0,,,
TXT8818,43.0,400.0,,,
TXT8819,35.0,558.0,,,
TXT8820,22.0,642.0,,,
TXT8821,43.0,452.0,,,
TXT8822,150.0,1216.0,,,
TXT8823,91.0,1243.0,,,
TXT8824,107.0,1075.0,,,
TXT8825,87.0,689.0,,,
TXT8826,110.0,899.0,,,
TXT8827,118.0,979.0,,,
TXT8828,127.0,878.0,,,
TXT8829,80.0,691.0,,,
TXT8830,67.0,634.0,,,
TXT8831,103.0,824.0,,,
TXT8832,120.0,997.0,,,
TXT8833,72.0,637.0,,,
TXT8834,89.0,634.0,,,
TXT8835,107.0,903.0,,,
TXT8836,74.0,653.0,,,
TXT8837,80.0,863.0,,,
TXT8838,149.0,893.0,,,
TXT8839,116.0,859.0,,,
TXT8840,95.0,742.0,,,
TXT8841,82.0,670.0,,,
TXT8842,64.0,483.0,,,
TXT8843,87.0,673.0,,,
TXT8844,90.0,761.0,,,
TXT8845,46.0,317.0,,,
TXT8846,105.0,815.0,,,
TXT8847,102.0,841.0,,,
TXT8848,77.0,727.0,,,
TXT8849,104.0,780.0,,,
TXT8850,93.0,848.0,,,
TXT8851,99.0,907.0,,,
TXT8852,79.0,646.0,,,
TXT8853,54.0,576.0,,,
TXT8854,68.0,576.0,,,
TXT8855,123.0,848.0,,,
TXT8856,77.0,551.0,,,
TXT8857,102.0,722.0,,,
TXT8858,99.0,948.0,,,
TXT8859,69.0,619.0,,,
TXT8860,107.0,755.0,,,
TXT8861,71.0,590.0,,,
TXT8862,81.0,655.0,,,
TXT8863,63.0,602.0,,,
TXT8864,80.0,667.0,,,
TXT8865,90.0,765.0,,,
TXT8866,85.0,708.0,,,
TXT8867,70.0,694.0,,,
TXT8868,85.0,802.0,,,
TXT8869,95.0,742.0,,,
TXT8870,113.0,1055.0,,,
TXT8871,69.0,603.0,,,
TXT8872,89.0,699.0,,,
TXT8873,75.0,713.0,,,
TXT8874,112.0,879.0,,,
TXT8875,70.0,607.0,,,
TXT8876,45.0,329.0,,,
TXT8877,85.0,693.0,,,
TXT8878,121.0,925.0,,,
TXT8879,80.0,697.0,,,
TXT8880,83.0,569.0,,,
TXT8881,38.0,365.0,,,
TXT8882,77.0,757.0,,,
TXT8883,78.0,667.0,,,
TXT8884,98.0,883.0,,,
TXT8885,89.0,794.0,,,
TXT8886,92.0,756.0,,,
TXT8887,72.0,606.0,,,
TXT8888,80.0,852.0,,,
TXT8889,88.0,572.0,,,
TXT8890,82.0,668.0,,,
TXT8891,74.0,530.0,,,
TXT8892,80.0,483.0,,,
TXT8893,85.0,662.0,,,
TXT8894,88.0,631.0,,,
TXT8895,65.0,609.0,,,
TXT8896,85.0,627.0,,,
TXT8897,68.0,592.0,,,
TXT8898,101.0,885.0,,,
TXT8899,110.0,603.0,,,
TXT8900,88.0,747.0,,,
TXT8901,91.0,740.0,,,
TXT8902,95.0,826.0,,,
TXT8903,53.0,386.0,,,
TXT8904,123.0,736.0,,,
TXT8905,94.0,737.0,,,
TXT8906,66.0,384.0,,,
TXT8907,114.0,765.0,,,
TXT8908,12.0,211.0,,,
TXT8909,86.0,693.0,,,
TXT8910,88.0,758.0,,,
TXT8911,62.0,585.0,,,
TXT8912,27.0,154.0,,,
TXT8913,79.0,572.0,,,
TXT8914,67.0,598.0,,,
TXT8915,64.0,569.0,,,
TXT8916,45.0,351.0,,,
TXT8917,39.0,313.0,,,
TXT8918,64.0,585.0,,,
TXT8919,87.0,777.0,,,
TXT8920,78.0,613.0,,,
TXT8921,17.0,98.0,,,
TXT8922,68.0,573.0,,,
TXT8923,38.0,386.0,,,
TXT8924,88.0,718.0,,,
TXT8925,93.0,789.0,,,
TXT8926,76.0,496.0,,,
TXT8927,71.0,587.0,,,
TXT8928,22.0,154.0,,,
TXT8929,51.0,438.0,,,
TXT8930,34.0,281.0,,,
TXT8931,48.0,298.0,,,
TXT8932,30.0,255.0,,,
TXT8933,25.0,260.0,,,
TXT8934,26.0,153.0,,,
TXT8935,74.0,469.0,,,
TXT8936,20.0,185.0,,,
TXT8937,31.0,163.0,,,
TXT8938,19.0,182.0,,,
TXT8939,21.0,147.0,,,
TXT8940,17.0,164.0,,,
TXT8941,90.0,795.0,,,
TXT8942,83.0,1154.0,,,
TXT8943,52.0,413.0,,,
TXT8944,63.0,523.0,,,
TXT8945,67.0,636.0,,,
TXT8946,49.0,421.0,,,
TXT8947,81.0,688.0,,,
TXT8948,49.0,478.0,,,
TXT8949,55.0,586.0,,,
TXT8950,33.0,350.0,,,
TXT8951,33.0,316.0,,,
TXT8952,52.0,672.0,,,
TXT8953,44.0,516.0,,,
TXT8954,60.0,502.0,,,
TXT8955,68.0,646.0,,,
TXT8956,53.0,507.0,,,
TXT8957,73.0,759.0,,,
TXT8958,54.0,601.0,,,
TXT8959,50.0,628.0,,,
TXT8960,49.0,557.0,,,
TXT8961,50.0,527.0,,,
TXT8962,50.0,413.0,,,
TXT8963,65.0,637.0,,,
TXT8964,78.0,574.0,,,
TXT8965,66.0,618.0,,,
TXT8966,41.0,293.0,,,
TXT8967,55.0,669.0,,,
TXT8968,62.0,503.0,,,
TXT8969,63.0,534.0,,,
TXT8970,82.0,610.0,,,
TXT8971,60.0,557.0,,,
TXT8972,56.0,496.0,,,
TXT8973,35.0,397.0,,,
TXT8974,29.0,309.0,,,
TXT8975,65.0,430.0,,,
TXT8976,64.0,592.0,,,
TXT8977,49.0,548.0,,,
TXT8978,37.0,296.0,,,
TXT8979,41.0,381.0,,,
TXT8980,34.0,413.0,,,
TXT8981,73.0,638.0,,,
TXT8982,52.0,425.0,,,
TXT8983,74.0,757.0,,,
TXT8984,51.0,425.0,,,
TXT8985,48.0,488.0,,,
TXT8986,48.0,363.0,,,
TXT8987,80.0,574.0,,,
TXT8988,64.0,407.0,,,
TXT8989,95.0,765.0,,,
TXT8990,71.0,471.0,,,
TXT8991,42.0,296.0,,,
TXT8992,51.0,412.0,,,
TXT8993,34.0,285.0,,,
TXT8994,23.0,247.0,,,
TXT8995,57.0,527.0,,,
TXT8996,24.0,238.0,,,
TXT8997,44.0,305.0,,,
TXT8998,34.0,273.0,,,
TXT8999,21.0,276.0,,,
TXT9000,34.0,393.0,,,
TXT9001,26.0,260.0,,,
TXT9002,50.0,395.0,,,
TXT9003,45.0,472.0,,,
TXT9004,56.0,542.0,,,
TXT9005,31.0,294.0,,,
TXT9006,57.0,426.0,,,
TXT9007,47.0,428.0,,,
TXT9008,46.0,412.0,,,
TXT9009,62.0,399.0,,,
TXT9010,81.0,775.0,,,
TXT9011,58.0,592.0,,,
TXT9012,50.0,469.0,,,
TXT9013,18.0,182.0,,,
TXT9014,44.0,397.0,,,
TXT9015,88.0,626.0,,,
TXT9016,34.0,312.0,,,
TXT9017,52.0,379.0,,,
TXT9018,47.0,358.0,,,
TXT9019,18.0,166.0,,,
TXT9020,49.0,361.0,,,
TXT9021,39.0,271.0,,,
TXT9022,21.0,279.0,,,
TXT9023,54.0,669.0,,,
TXT9024,75.0,436.0,,,
TXT9025,21.0,177.0,,,
TXT9026,38.0,341.0,,,
TXT9027,32.0,280.0,,,
TXT9028,48.0,370.0,,,
TXT9029,31.0,331.0,,,
TXT9030,47.0,402.0,,,
TXT9031,28.0,254.0,,,
TXT9032,41.0,353.0,,,
TXT9033,16.0,167.0,,,
TXT9034,35.0,315.0,,,
TXT9035,30.0,307.0,,,
TXT9036,25.0,125.0,,,
TXT9037,66.0,569.0,,,
TXT9038,19.0,165.0,,,
TXT9039,101.0,729.0,,,
TXT9040,44.0,494.0,,,
TXT9041,29.0,247.0,,,
TXT9042,63.0,575.0,,,
TXT9043,107.0,821.0,,,
TXT9044,65.0,543.0,,,
TXT9045,57.0,475.0,,,
TXT9046,48.0,494.0,,,
TXT9047,51.0,390.0,,,
TXT9048,53.0,456.0,,,
TXT9049,44.0,378.0,,,
TXT9050,26.0,177.0,,,
TXT9051,25.0,204.0,,,
TXT9052,52.0,623.0,,,
TXT9053,36.0,254.0,,,
TXT9054,63.0,456.0,,,
TXT9055,14.0,116.0,,,
TXT9056,62.0,478.0,,,
TXT9057,83.0,797.0,,,
TXT9058,77.0,563.0,,,
TXT9059,24.0,190.0,,,
TXT9060,33.0,165.0,,,
TXT9061,42.0,353.0,,,
TXT9062,37.0,331.0,,,
TXT9063,31.0,213.0,,,
TXT9064,44.0,405.0,,,
TXT9065,46.0,559.0,,,
TXT9066,18.0,155.0,,,
TXT9067,29.0,253.0,,,
TXT9068,27.0,200.0,,,
TXT9069,22.0,167.0,,,
TXT9070,38.0,346.0,,,
TXT9071,25.0,257.0,,,
TXT9072,62.0,487.0,,,
TXT9073,44.0,288.0,,,
TXT9074,60.0,574.0,,,
TXT9075,66.0,569.0,,,
TXT9076,50.0,445.0,,,
TXT9077,89.0,725.0,,,
TXT9078,88.0,754.0,,,
TXT9079,76.0,644.0,,,
TXT9080,91.0,808.0,,,
TXT9081,94.0,647.0,,,
TXT9082,101.0,841.0,,,
TXT9083,82.0,742.0,,,
TXT9084,60.0,542.0,,,
TXT9085,72.0,664.0,,,
TXT9086,78.0,613.0,,,
TXT9087,60.0,576.0,,,
TXT9088,73.0,691.0,,,
TXT9089,111.0,783.0,,,
TXT9090,86.0,700.0,,,
TXT9091,95.0,822.0,,,
TXT9092,111.0,945.0,,,
TXT9093,116.0,893.0,,,
TXT9094,72.0,649.0,,,
TXT9095,81.0,832.0,,,
TXT9096,61.0,471.0,,,
TXT9097,106.0,929.0,,,
TXT9098,40.0,360.0,,,
TXT9099,61.0,483.0,,,
TXT9100,63.0,518.0,,,
TXT9101,84.0,637.0,,,
TXT9102,74.0,715.0,,,
TXT9103,76.0,610.0,,,
TXT9104,99.0,1113.0,,,
TXT9105,100.0,847.0,,,
TXT9106,98.0,671.0,,,
TXT9107,63.0,489.0,,,
TXT9108,128.0,1115.0,,,
TXT9109,82.0,828.0,,,
TXT9110,95.0,737.0,,,
TXT9111,56.0,394.0,,,
TXT9112,108.0,849.0,,,
TXT9113,102.0,694.0,,,
TXT9114,36.0,354.0,,,
TXT9115,25.0,251.0,,,
TXT9116,95.0,744.0,,,
TXT9117,100.0,862.0,,,
TXT9118,95.0,896.0,,,
TXT9119,82.0,804.0,,,
TXT9120,123.0,755.0,,,
TXT9121,87.0,703.0,,,
TXT9122,68.0,415.0,,,
TXT9123,79.0,709.0,,,
TXT9124,71.0,728.0,,,
TXT9125,83.0,715.0,,,
TXT9126,104.0,957.0,,,
TXT9127,8.0,136.0,,,
TXT9128,101.0,853.0,,,
TXT9129,98.0,624.0,,,
TXT9130,33.0,260.0,,,
TXT9131,28.0,239.0,,,
TXT9132,103.0,871.0,,,
TXT9133,46.0,380.0,,,
TXT9134,101.0,754.0,,,
TXT9135,11.0,24.0,,,
TXT9136,6.0,64.0,,,
TXT9137,1.0,5.0,,,
TXT9138,1.0,3.0,,,
TXT9139,57.0,475.0,,,
TXT9140,5.0,67.0,,,
TXT9141,1.0,8.0,,,
TXT9142,114.0,725.0,,,
TXT9143,47.0,404.0,,,
TXT9144,61.0,498.0,,,
TXT9145,91.0,858.0,,,
TXT9146,56.0,413.0,,,
TXT9147,91.0,777.0,,,
TXT9148,46.0,414.0,,,
TXT9149,57.0,435.0,,,
TXT9150,50.0,446.0,,,
TXT9151,78.0,601.0,,,
TXT9152,58.0,599.0,,,
TXT9153,79.0,659.0,,,
TXT9154,63.0,420.0,,,
TXT9155,83.0,532.0,,,
TXT9156,58.0,556.0,,,
TXT9157,67.0,537.0,,,
TXT9158,102.0,849.0,,,
TXT9159,62.0,622.0,,,
TXT9160,76.0,514.0,,,
TXT9161,60.0,502.0,,,
TXT9162,31.0,272.0,,,
TXT9163,55.0,426.0,,,
TXT9164,76.0,632.0,,,
TXT9165,64.0,456.0,,,
TXT9166,55.0,427.0,,,
TXT9167,69.0,609.0,,,
TXT9168,72.0,566.0,,,
TXT9169,65.0,485.0,,,
TXT9170,50.0,456.0,,,
TXT9171,73.0,580.0,,,
TXT9172,77.0,513.0,,,
TXT9173,9.0,426.0,,,
TXT9174,60.0,448.0,,,
TXT9175,15.0,137.0,,,
TXT9176,15.0,580.0,,,
TXT9177,134.0,1130.0,,,
TXT9178,90.0,562.0,,,
TXT9179,28.0,415.0,,,
TXT9180,54.0,465.0,,,
TXT9181,5.0,370.0,,,
TXT9182,15.0,432.0,,,
TXT9183,48.0,369.0,,,
TXT9184,11.0,415.0,,,
TXT9185,90.0,698.0,,,
TXT9186,24.0,542.0,,,
TXT9187,53.0,697.0,,,
TXT9188,6.0,346.0,,,
TXT9189,20.0,519.0,,,
TXT9190,34.0,290.0,,,
TXT9191,84.0,706.0,,,
TXT9192,27.0,609.0,,,
TXT9193,9.0,638.0,,,
TXT9194,59.0,844.0,,,
TXT9195,57.0,468.0,,,
TXT9196,10.0,481.0,,,
TXT9197,6.0,379.0,,,
TXT9198,10.0,345.0,,,
TXT9199,80.0,774.0,,,
TXT9200,53.0,393.0,,,
TXT9201,71.0,527.0,,,
TXT9202,63.0,420.0,,,
TXT9203,52.0,705.0,,,
TXT9204,50.0,401.0,,,
TXT9205,22.0,641.0,,,
TXT9206,54.0,764.0,,,
TXT9207,16.0,339.0,,,
TXT9208,31.0,227.0,,,
TXT9209,7.0,245.0,,,
TXT9210,16.0,649.0,,,
TXT9211,26.0,472.0,,,
TXT9212,62.0,466.0,,,
TXT9213,40.0,625.0,,,
TXT9214,43.0,327.0,,,
TXT9215,89.0,577.0,,,
TXT9216,60.0,488.0,,,
TXT9217,32.0,221.0,,,
TXT9218,70.0,618.0,,,
TXT9219,98.0,811.0,,,
TXT9220,73.0,736.0,,,
TXT9221,66.0,491.0,,,
TXT9222,86.0,586.0,,,
TXT9223,75.0,662.0,,,
TXT9224,68.0,675.0,,,
TXT9225,64.0,407.0,,,
TXT9226,119.0,1048.0,,,
TXT9227,53.0,543.0,,,
TXT9228,87.0,640.0,,,
TXT9229,60.0,398.0,,,
TXT9230,151.0,894.0,,,
TXT9231,73.0,568.0,,,
TXT9232,68.0,382.0,,,
TXT9233,57.0,370.0,,,
TXT9234,57.0,549.0,,,
TXT9235,50.0,501.0,,,
TXT9236,78.0,477.0,,,
TXT9237,56.0,603.0,,,
TXT9238,74.0,460.0,,,
TXT9239,53.0,390.0,,,
TXT9240,83.0,664.0,,,
TXT9241,73.0,620.0,,,
TXT9242,67.0,428.0,,,
TXT9243,65.0,438.0,,,
TXT9244,84.0,711.0,,,
TXT9245,55.0,398.0,,,
TXT9246,42.0,340.0,,,
TXT9247,57.0,477.0,,,
TXT9248,58.0,432.0,,,
TXT9249,52.0,326.0,,,
TXT9250,60.0,490.0,,,
TXT9251,70.0,473.0,,,
TXT9252,49.0,355.0,,,
TXT9253,67.0,464.0,,,
TXT9254,64.0,443.0,,,
TXT9255,90.0,715.0,,,
TXT9256,37.0,412.0,,,
TXT9257,89.0,588.0,,,
TXT9258,90.0,491.0,,,
TXT9259,65.0,508.0,,,
TXT9260,71.0,621.0,,,
TXT9261,76.0,475.0,,,
TXT9262,46.0,374.0,,,
TXT9263,57.0,550.0,,,
TXT9264,60.0,454.0,,,
TXT9265,53.0,470.0,,,
TXT9266,58.0,602.0,,,
TXT9267,52.0,484.0,,,
TXT9268,82.0,467.0,,,
TXT9269,72.0,597.0,,,
TXT9270,63.0,565.0,,,
TXT9271,84.0,535.0,,,
TXT9272,1.0,10.0,,,
TXT9273,74.0,583.0,,,
TXT9274,66.0,580.0,,,
TXT9275,73.0,743.0,,,
TXT9276,86.0,741.0,,,
TXT9277,54.0,445.0,,,
TXT9278,66.0,765.0,,,
TXT9279,54.0,441.0,,,
TXT9280,68.0,700.0,,,
TXT9281,41.0,384.0,,,
TXT9282,41.0,325.0,,,
TXT9283,43.0,403.0,,,
TXT9284,56.0,553.0,,,
TXT9285,52.0,502.0,,,
TXT9286,45.0,482.0,,,
TXT9287,80.0,628.0,,,
TXT9288,75.0,535.0,,,
TXT9289,39.0,543.0,,,
TXT9290,54.0,606.0,,,
TXT9291,64.0,615.0,,,
TXT9292,58.0,508.0,,,
TXT9293,41.0,416.0,,,
TXT9294,66.0,638.0,,,
TXT9295,60.0,531.0,,,
TXT9296,80.0,647.0,,,
TXT9297,60.0,363.0,,,
TXT9298,57.0,448.0,,,
TXT9299,65.0,559.0,,,
TXT9300,32.0,319.0,,,
TXT9301,69.0,728.0,,,
TXT9302,38.0,404.0,,,
TXT9303,63.0,503.0,,,
TXT9304,75.0,621.0,,,
TXT9305,64.0,616.0,,,
TXT9306,36.0,316.0,,,
TXT9307,46.0,367.0,,,
TXT9308,54.0,471.0,,,
TXT9309,54.0,572.0,,,
TXT9310,39.0,449.0,,,
TXT9311,20.0,203.0,,,
TXT9312,9.0,64.0,,,
TXT9313,66.0,810.0,,,
TXT9314,58.0,669.0,,,
TXT9315,50.0,488.0,,,
TXT9316,57.0,520.0,,,
TXT9317,51.0,549.0,,,
TXT9318,80.0,644.0,,,
TXT9319,50.0,385.0,,,
TXT9320,77.0,810.0,,,
TXT9321,52.0,426.0,,,
TXT9322,34.0,332.0,,,
TXT9323,56.0,604.0,,,
TXT9324,39.0,445.0,,,
TXT9325,54.0,564.0,,,
TXT9326,48.0,448.0,,,
TXT9327,77.0,992.0,,,
TXT9328,56.0,701.0,,,
TXT9329,67.0,516.0,,,
TXT9330,49.0,501.0,,,
TXT9331,50.0,547.0,,,
TXT9332,61.0,486.0,,,
TXT9333,40.0,441.0,,,
TXT9334,52.0,456.0,,,
TXT9335,40.0,524.0,,,
TXT9336,38.0,457.0,,,
TXT9337,61.0,648.0,,,
TXT9338,46.0,525.0,,,
TXT9339,67.0,554.0,,,
TXT9340,66.0,543.0,,,
TXT9341,41.0,491.0,,,
TXT9342,64.0,546.0,,,
TXT9343,54.0,554.0,,,
TXT9344,62.0,662.0,,,
TXT9345,81.0,616.0,,,
TXT9346,58.0,559.0,,,
TXT9347,34.0,341.0,,,
TXT9348,63.0,507.0,,,
TXT9349,52.0,458.0,,,
TXT9350,58.0,646.0,,,
TXT9351,55.0,562.0,,,
TXT9352,37.0,418.0,,,
TXT9353,49.0,422.0,,,
TXT9354,47.0,491.0,,,
TXT9355,34.0,447.0,,,
TXT9356,48.0,400.0,,,
TXT9357,51.0,429.0,,,
TXT9358,21.0,230.0,,,
TXT9359,64.0,547.0,,,
TXT9360,43.0,403.0,,,
TXT9361,22.0,275.0,,,
TXT9362,35.0,351.0,,,
TXT9363,28.0,262.0,,,
TXT9364,47.0,420.0,,,
TXT9365,48.0,330.0,,,
TXT9366,48.0,381.0,,,
TXT9367,52.0,360.0,,,
TXT9368,23.0,176.0,,,
TXT9369,59.0,445.0,,,
TXT9370,67.0,439.0,,,
TXT9371,65.0,431.0,,,
TXT9372,49.0,365.0,,,
TXT9373,15.0,128.0,,,
TXT9374,49.0,356.0,,,
TXT9375,18.0,175.0,,,
TXT9376,59.0,492.0,,,
TXT9377,46.0,311.0,,,
TXT9378,26.0,191.0,,,
TXT9379,57.0,369.0,,,
TXT9380,24.0,217.0,,,
TXT9381,25.0,178.0,,,
TXT9382,21.0,122.0,,,
TXT9383,51.0,317.0,,,
TXT9384,70.0,402.0,,,
TXT9385,46.0,317.0,,,
TXT9386,41.0,240.0,,,
TXT9387,57.0,394.0,,,
TXT9388,20.0,145.0,,,
TXT9389,54.0,393.0,,,
TXT9390,47.0,405.0,,,
TXT9391,44.0,412.0,,,
TXT9392,25.0,239.0,,,
TXT9393,41.0,374.0,,,
TXT9394,50.0,472.0,,,
TXT9395,27.0,219.0,,,
TXT9396,1.0,3.0,,,
TXT9397,36.0,203.0,,,
TXT9398,26.0,174.0,,,
TXT9399,27.0,256.0,,,
TXT9400,42.0,345.0,,,
TXT9401,50.0,291.0,,,
TXT9402,26.0,198.0,,,
TXT9403,57.0,432.0,,,
TXT9404,41.0,285.0,,,
TXT9405,15.0,218.0,,,
TXT9406,28.0,198.0,,,
TXT9407,92.0,855.0,,,
TXT9408,59.0,355.0,,,
TXT9409,67.0,683.0,,,
TXT9410,63.0,554.0,,,
TXT9411,63.0,594.0,,,
TXT9412,50.0,614.0,,,
TXT9413,73.0,722.0,,,
TXT9414,67.0,524.0,,,
TXT9415,79.0,469.0,,,
TXT9416,82.0,632.0,,,
TXT9417,52.0,502.0,,,
TXT9418,66.0,588.0,,,
TXT9419,66.0,513.0,,,
TXT9420,51.0,431.0,,,
TXT9421,103.0,1089.0,,,
TXT9422,76.0,485.0,,,
TXT9423,60.0,515.0,,,
TXT9424,56.0,417.0,,,
TXT9425,74.0,726.0,,,
TXT9426,62.0,507.0,,,
TXT9427,62.0,446.0,,,
TXT9428,57.0,436.0,,,
TXT9429,34.0,267.0,,,
TXT9430,90.0,667.0,,,
TXT9431,58.0,550.0,,,
TXT9432,71.0,482.0,,,
TXT9433,36.0,353.0,,,
TXT9434,106.0,824.0,,,
TXT9435,47.0,455.0,,,
TXT9436,82.0,637.0,,,
TXT9437,59.0,423.0,,,
TXT9438,48.0,334.0,,,
TXT9439,101.0,787.0,,,
TXT9440,73.0,650.0,,,
TXT9441,47.0,401.0,,,
TXT9442,50.0,491.0,,,
TXT9443,14.0,213.0,,,
TXT9444,69.0,607.0,,,
TXT9445,54.0,445.0,,,
TXT9446,59.0,453.0,,,
TXT9447,50.0,423.0,,,
TXT9448,40.0,457.0,,,
TXT9449,82.0,539.0,,,
TXT9450,43.0,548.0,,,
TXT9451,94.0,735.0,,,
TXT9452,77.0,428.0,,,
TXT9453,65.0,549.0,,,
TXT9454,68.0,596.0,,,
TXT9455,37.0,269.0,,,
TXT9456,59.0,493.0,,,
TXT9457,57.0,549.0,,,
TXT9458,79.0,727.0,,,
TXT9459,39.0,402.0,,,
TXT9460,63.0,564.0,,,
TXT9461,69.0,520.0,,,
TXT9462,57.0,394.0,,,
TXT9463,63.0,546.0,,,
TXT9464,76.0,642.0,,,
TXT9465,49.0,564.0,,,
TXT9466,43.0,360.0,,,
TXT9467,55.0,402.0,,,
TXT9468,53.0,392.0,,,
TXT9469,41.0,337.0,,,
TXT9470,72.0,681.0,,,
TXT9471,65.0,425.0,,,
TXT9472,66.0,543.0,,,
TXT9473,45.0,500.0,,,
TXT9474,53.0,496.0,,,
TXT9475,43.0,469.0,,,
TXT9476,73.0,526.0,,,
TXT9477,41.0,334.0,,,
TXT9478,55.0,642.0,,,
TXT9479,63.0,506.0,,,
TXT9480,65.0,566.0,,,
TXT9481,24.0,143.0,,,
TXT9482,68.0,584.0,,,
TXT9483,48.0,424.0,,,
TXT9484,37.0,221.0,,,
TXT9485,56.0,507.0,,,
TXT9486,74.0,734.0,,,
TXT9487,55.0,550.0,,,
TXT9488,35.0,222.0,,,
TXT9489,39.0,290.0,,,
TXT9490,72.0,584.0,,,
TXT9491,49.0,541.0,,,
TXT9492,39.0,346.0,,,
TXT9493,64.0,563.0,,,
TXT9494,52.0,515.0,,,
TXT9495,73.0,529.0,,,
TXT9496,35.0,211.0,,,
TXT9497,77.0,551.0,,,
TXT9498,51.0,374.0,,,
TXT9499,61.0,472.0,,,
TXT9500,34.0,352.0,,,
TXT9501,51.0,596.0,,,
TXT9502,55.0,526.0,,,
TXT9503,51.0,400.0,,,
TXT9504,51.0,517.0,,,
TXT9505,30.0,282.0,,,
TXT9506,70.0,687.0,,,
TXT9507,59.0,428.0,,,
TXT9508,79.0,665.0,,,
TXT9509,45.0,403.0,,,
TXT9510,67.0,422.0,,,
TXT9511,67.0,473.0,,,
TXT9512,67.0,662.0,,,
TXT9513,60.0,502.0,,,
TXT9514,57.0,500.0,,,
TXT9515,67.0,610.0,,,
TXT9516,51.0,495.0,,,
TXT9517,56.0,605.0,,,
TXT9518,62.0,561.0,,,
TXT9519,63.0,549.0,,,
TXT9520,58.0,484.0,,,
TXT9521,56.0,499.0,,,
TXT9522,75.0,691.0,,,
TXT9523,68.0,613.0,,,
TXT9524,79.0,624.0,,,
TXT9525,62.0,557.0,,,
TXT9526,74.0,648.0,,,
TXT9527,70.0,547.0,,,
TXT9528,32.0,301.0,,,
TXT9529,55.0,568.0,,,
TXT9530,62.0,410.0,,,
TXT9531,44.0,422.0,,,
TXT9532,49.0,272.0,,,
TXT9533,43.0,401.0,,,
TXT9534,86.0,803.0,,,
TXT9535,36.0,382.0,,,
TXT9536,79.0,457.0,,,
TXT9537,68.0,560.0,,,
TXT9538,40.0,477.0,,,
TXT9539,69.0,559.0,,,
TXT9540,21.0,171.0,,,
TXT9541,34.0,369.0,,,
TXT9542,51.0,410.0,,,
TXT9543,53.0,599.0,,,
TXT9544,36.0,347.0,,,
TXT9545,68.0,546.0,,,
TXT9546,49.0,395.0,,,
TXT9547,52.0,640.0,,,
TXT9548,58.0,489.0,,,
TXT9549,50.0,438.0,,,
TXT9550,21.0,52.0,,,
TXT9551,45.0,359.0,,,
TXT9552,49.0,449.0,,,
TXT9553,37.0,285.0,,,
TXT9554,56.0,461.0,,,
TXT9555,52.0,394.0,,,
TXT9556,64.0,481.0,,,
TXT9557,19.0,127.0,,,
TXT9558,23.0,144.0,,,
TXT9559,34.0,294.0,,,
TXT9560,83.0,634.0,,,
TXT9561,74.0,623.0,,,
TXT9562,66.0,533.0,,,
TXT9563,84.0,771.0,,,
TXT9564,69.0,1025.0,,,
TXT9565,83.0,535.0,,,
TXT9566,78.0,879.0,,,
TXT9567,117.0,1144.0,,,
TXT9568,45.0,384.0,,,
TXT9569,93.0,833.0,,,
TXT9570,78.0,744.0,,,
TXT9571,70.0,587.0,,,
TXT9572,93.0,932.0,,,
TXT9573,69.0,710.0,,,
TXT9574,71.0,654.0,,,
TXT9575,74.0,593.0,,,
TXT9576,110.0,992.0,,,
TXT9577,65.0,486.0,,,
TXT9578,42.0,492.0,,,
TXT9579,64.0,596.0,,,
TXT9580,87.0,808.0,,,
TXT9581,93.0,737.0,,,
TXT9582,55.0,441.0,,,
TXT9583,89.0,651.0,,,
TXT9584,49.0,491.0,,,
TXT9585,51.0,379.0,,,
TXT9586,87.0,769.0,,,
TXT9587,34.0,379.0,,,
TXT9588,70.0,626.0,,,
TXT9589,50.0,456.0,,,
TXT9590,47.0,393.0,,,
TXT9591,61.0,686.0,,,
TXT9592,52.0,460.0,,,
TXT9593,61.0,541.0,,,
TXT9594,48.0,444.0,,,
TXT9595,49.0,465.0,,,
TXT9596,45.0,317.0,,,
TXT9597,59.0,526.0,,,
TXT9598,70.0,460.0,,,
TXT9599,69.0,682.0,,,
TXT9600,50.0,499.0,,,
TXT9601,61.0,511.0,,,
TXT9602,74.0,631.0,,,
TXT9603,72.0,423.0,,,
TXT9604,75.0,692.0,,,
TXT9605,65.0,498.0,,,
TXT9606,96.0,687.0,,,
TXT9607,91.0,689.0,,,
TXT9608,65.0,592.0,,,
TXT9609,55.0,397.0,,,
TXT9610,85.0,725.0,,,
TXT9611,49.0,471.0,,,
TXT9612,40.0,346.0,,,
TXT9613,32.0,365.0,,,
TXT9614,57.0,509.0,,,
TXT9615,58.0,607.0,,,
TXT9616,50.0,449.0,,,
TXT9617,37.0,254.0,,,
TXT9618,45.0,391.0,,,
TXT9619,49.0,520.0,,,
TXT9620,60.0,489.0,,,
TXT9621,57.0,442.0,,,
TXT9622,59.0,507.0,,,
TXT9623,72.0,463.0,,,
TXT9624,30.0,287.0,,,
TXT9625,57.0,494.0,,,
TXT9626,64.0,528.0,,,
TXT9627,63.0,588.0,,,
TXT9628,27.0,274.0,,,
TXT9629,53.0,283.0,,,
TXT9630,71.0,686.0,,,
TXT9631,51.0,397.0,,,
TXT9632,63.0,665.0,,,
TXT9633,67.0,536.0,,,
TXT9634,88.0,702.0,,,
TXT9635,64.0,514.0,,,
TXT9636,51.0,332.0,,,
TXT9637,61.0,580.0,,,
TXT9638,41.0,314.0,,,
TXT9639,59.0,522.0,,,
TXT9640,43.0,406.0,,,
TXT9641,42.0,354.0,,,
TXT9642,98.0,687.0,,,
TXT9643,63.0,643.0,,,
TXT9644,61.0,561.0,,,
TXT9645,51.0,543.0,,,
TXT9646,71.0,611.0,,,
TXT9647,71.0,593.0,,,
TXT9648,62.0,568.0,,,
TXT9649,41.0,490.0,,,
TXT9650,156.0,1505.0,,,
TXT9651,78.0,603.0,,,
TXT9652,42.0,363.0,,,
TXT9653,53.0,344.0,,,
TXT9654,65.0,478.0,,,
TXT9655,39.0,403.0,,,
TXT9656,29.0,264.0,,,
TXT9657,68.0,582.0,,,
TXT9658,62.0,576.0,,,
TXT9659,8.0,39.0,,,
TXT9660,46.0,431.0,,,
TXT9661,85.0,834.0,,,
TXT9662,52.0,481.0,,,
TXT9663,45.0,417.0,,,
TXT9664,29.0,278.0,,,
TXT9665,43.0,368.0,,,
TXT9666,37.0,340.0,,,
TXT9667,80.0,716.0,,,
TXT9668,57.0,604.0,,,
TXT9669,72.0,617.0,,,
TXT9670,57.0,409.0,,,
TXT9671,47.0,367.0,,,
TXT9672,55.0,421.0,,,
TXT9673,40.0,315.0,,,
TXT9674,40.0,356.0,,,
TXT9675,50.0,443.0,,,
TXT9676,66.0,658.0,,,
TXT9677,77.0,650.0,,,
TXT9678,39.0,321.0,,,
TXT9679,61.0,537.0,,,
TXT9680,82.0,664.0,,,
TXT9681,50.0,485.0,,,
TXT9682,54.0,600.0,,,
TXT9683,53.0,487.0,,,
TXT9684,40.0,424.0,,,
TXT9685,49.0,329.0,,,
TXT9686,92.0,716.0,,,
TXT9687,96.0,867.0,,,
TXT9688,50.0,580.0,,,
TXT9689,59.0,558.0,,,
TXT9690,92.0,789.0,,,
TXT9691,55.0,422.0,,,
TXT9692,29.0,313.0,,,
TXT9693,25.0,210.0,,,
TXT9694,80.0,756.0,,,
TXT9695,84.0,761.0,,,
TXT9696,74.0,559.0,,,
TXT9697,117.0,870.0,,,
TXT9698,28.0,266.0,,,
TXT9699,1.0,7.0,,,
TXT9700,96.0,861.0,,,
TXT9701,1.0,4.0,,,
TXT9702,10.0,190.0,,,
TXT9703,121.0,1004.0,,,
TXT9704,81.0,644.0,,,
TXT9705,97.0,850.0,,,
TXT9706,40.0,301.0,,,
TXT9707,88.0,771.0,,,
TXT9708,83.0,729.0,,,
TXT9709,39.0,360.0,,,
TXT9710,14.0,38.0,,,
TXT9711,53.0,460.0,,,
TXT9712,99.0,867.0,,,
TXT9713,73.0,664.0,,,
TXT9714,100.0,580.0,,,
TXT9715,79.0,611.0,,,
TXT9716,91.0,790.0,,,
TXT9717,80.0,739.0,,,
TXT9718,60.0,473.0,,,
TXT9719,88.0,567.0,,,
TXT9720,27.0,336.0,,,
TXT9721,73.0,613.0,,,
TXT9722,29.0,281.0,,,
TXT9723,62.0,465.0,,,
TXT9724,51.0,419.0,,,
TXT9725,58.0,491.0,,,
TXT9726,50.0,476.0,,,
TXT9727,81.0,483.0,,,
TXT9728,41.0,357.0,,,
TXT9729,61.0,410.0,,,
TXT9730,72.0,599.0,,,
TXT9731,31.0,341.0,,,
TXT9732,14.0,83.0,,,
TXT9733,37.0,252.0,,,
TXT9734,69.0,698.0,,,
TXT9735,42.0,296.0,,,
TXT9736,59.0,497.0,,,
TXT9737,103.0,1047.0,,,
TXT9738,76.0,696.0,,,
TXT9739,41.0,271.0,,,
TXT9740,1.0,7.0,,,
TXT9741,83.0,673.0,,,
TXT9742,72.0,376.0,,,
TXT9743,56.0,480.0,,,
TXT9744,61.0,565.0,,,
TXT9745,75.0,544.0,,,
TXT9746,32.0,346.0,,,
TXT9747,57.0,396.0,,,
TXT9748,80.0,469.0,,,
TXT9749,56.0,455.0,,,
TXT9750,58.0,462.0,,,
TXT9751,77.0,491.0,,,
TXT9752,70.0,613.0,,,
TXT9753,68.0,363.0,,,
TXT9754,62.0,345.0,,,
TXT9755,73.0,571.0,,,
TXT9756,63.0,540.0,,,
TXT9757,59.0,472.0,,,
TXT9758,57.0,471.0,,,
TXT9759,27.0,178.0,,,
TXT9760,69.0,400.0,,,
TXT9761,48.0,407.0,,,
TXT9762,75.0,463.0,,,
TXT9763,36.0,324.0,,,
TXT9764,55.0,404.0,,,
TXT9765,56.0,370.0,,,
TXT9766,21.0,153.0,,,
TXT9767,74.0,445.0,,,
TXT9768,45.0,277.0,,,
TXT9769,48.0,301.0,,,
TXT9770,49.0,325.0,,,
TXT9771,24.0,271.0,,,
TXT9772,67.0,513.0,,,
TXT9773,57.0,495.0,,,
TXT9774,64.0,462.0,,,
TXT9775,44.0,439.0,,,
TXT9776,68.0,498.0,,,
TXT9777,29.0,283.0,,,
TXT9778,49.0,354.0,,,
TXT9779,75.0,437.0,,,
TXT9780,60.0,469.0,,,
TXT9781,97.0,688.0,,,
TXT9782,47.0,444.0,,,
TXT9783,61.0,373.0,,,
TXT9784,50.0,375.0,,,
TXT9785,73.0,617.0,,,
TXT9786,59.0,430.0,,,
TXT9787,70.0,601.0,,,
TXT9788,60.0,389.0,,,
TXT9789,50.0,409.0,,,
TXT9790,88.0,793.0,,,
TXT9791,60.0,418.0,,,
TXT9792,63.0,490.0,,,
TXT9793,49.0,304.0,,,
TXT9794,57.0,380.0,,,
TXT9795,46.0,312.0,,,
TXT9796,65.0,370.0,,,
TXT9797,71.0,662.0,,,
TXT9798,60.0,373.0,,,
TXT9799,64.0,523.0,,,
TXT9800,67.0,503.0,,,
TXT9801,43.0,339.0,,,
TXT9802,55.0,349.0,,,
TXT9803,76.0,599.0,,,
TXT9804,70.0,359.0,,,
TXT9805,50.0,457.0,,,
TXT9806,105.0,635.0,,,
TXT9807,49.0,358.0,,,
TXT9808,32.0,394.0,,,
TXT9809,77.0,504.0,,,
TXT9810,30.0,251.0,,,
TXT9811,77.0,405.0,,,
TXT9812,77.0,405.0,,,
TXT9813,47.0,421.0,,,
TXT9814,38.0,365.0,,,
TXT9815,65.0,405.0,,,
TXT9816,56.0,422.0,,,
TXT9817,64.0,393.0,,,
TXT9818,60.0,422.0,,,
TXT9819,54.0,269.0,,,
TXT9820,42.0,346.0,,,
TXT9821,52.0,327.0,,,
TXT9822,28.0,265.0,,,
TXT9823,5.0,300.0,,,
TXT9824,48.0,417.0,,,
TXT9825,40.0,289.0,,,
TXT9826,44.0,352.0,,,
TXT9827,106.0,622.0,,,
TXT9828,23.0,189.0,,,
TXT9829,23.0,173.0,,,
TXT9830,48.0,348.0,,,
TXT9831,48.0,356.0,,,
TXT9832,42.0,362.0,,,
TXT9833,51.0,320.0,,,
TXT9834,31.0,247.0,,,
TXT9835,47.0,381.0,,,
TXT9836,45.0,396.0,,,
TXT9837,18.0,144.0,,,
TXT9838,122.0,738.0,,,
TXT9839,73.0,465.0,,,
TXT9840,86.0,544.0,,,
TXT9841,22.0,169.0,,,
TXT9842,101.0,546.0,,,
TXT9843,88.0,476.0,,,
TXT9844,114.0,645.0,,,
TXT9845,73.0,407.0,,,
TXT9846,64.0,393.0,,,
TXT9847,1.0,10.0,,,
TXT9848,117.0,1016.0,,,
TXT9849,99.0,861.0,,,
TXT9850,100.0,672.0,,,
TXT9851,64.0,527.0,,,
TXT9852,82.0,827.0,,,
TXT9853,94.0,818.0,,,
TXT9854,89.0,674.0,,,
TXT9855,79.0,637.0,,,
TXT9856,72.0,673.0,,,
TXT9857,39.0,334.0,,,
TXT9858,48.0,454.0,,,
TXT9859,77.0,592.0,,,
TXT9860,43.0,348.0,,,
TXT9861,85.0,643.0,,,
TXT9862,87.0,736.0,,,
TXT9863,90.0,790.0,,,
TXT9864,41.0,317.0,,,
TXT9865,82.0,680.0,,,
TXT9866,58.0,561.0,,,
TXT9867,94.0,842.0,,,
TXT9868,51.0,520.0,,,
TXT9869,122.0,830.0,,,
TXT9870,88.0,777.0,,,
TXT9871,62.0,520.0,,,
TXT9872,52.0,426.0,,,
TXT9873,68.0,578.0,,,
TXT9874,44.0,449.0,,,
TXT9875,98.0,715.0,,,
TXT9876,71.0,622.0,,,
TXT9877,80.0,803.0,,,
TXT9878,64.0,557.0,,,
TXT9879,46.0,326.0,,,
TXT9880,78.0,828.0,,,
TXT9881,62.0,544.0,,,
TXT9882,107.0,979.0,,,
TXT9883,83.0,640.0,,,
TXT9884,74.0,753.0,,,
TXT9885,57.0,503.0,,,
TXT9886,79.0,726.0,,,
TXT9887,92.0,788.0,,,
TXT9888,105.0,850.0,,,
TXT9889,70.0,568.0,,,
TXT9890,48.0,449.0,,,
TXT9891,74.0,504.0,,,
TXT9892,51.0,418.0,,,
TXT9893,90.0,768.0,,,
TXT9894,72.0,588.0,,,
TXT9895,79.0,735.0,,,
TXT9896,67.0,670.0,,,
TXT9897,50.0,378.0,,,
TXT9898,71.0,634.0,,,
TXT9899,82.0,808.0,,,
TXT9900,64.0,563.0,,,
TXT9901,53.0,456.0,,,
TXT9902,89.0,545.0,,,
TXT9903,106.0,809.0,,,
TXT9904,67.0,560.0,,,
TXT9905,67.0,627.0,,,
TXT9906,71.0,596.0,,,
TXT9907,56.0,476.0,,,
TXT9908,80.0,776.0,,,
TXT9909,37.0,331.0,,,
TXT9910,52.0,467.0,,,
TXT9911,50.0,397.0,,,
TXT9912,53.0,478.0,,,
TXT9913,41.0,374.0,,,
TXT9914,72.0,582.0,,,
TXT9915,71.0,618.0,,,
TXT9916,60.0,637.0,,,
TXT9917,65.0,575.0,,,
TXT9918,57.0,490.0,,,
TXT9919,62.0,533.0,,,
TXT9920,54.0,570.0,,,
TXT9921,50.0,484.0,,,
TXT9922,57.0,572.0,,,
TXT9923,58.0,510.0,,,
TXT9924,41.0,372.0,,,
TXT9925,64.0,364.0,,,
TXT9926,60.0,579.0,,,
TXT9927,60.0,500.0,,,
TXT9928,54.0,455.0,,,
TXT9929,75.0,704.0,,,
TXT9930,57.0,449.0,,,
TXT9931,62.0,501.0,,,
TXT9932,38.0,314.0,,,
TXT9933,44.0,414.0,,,
TXT9934,6.0,56.0,,,
TXT9935,17.0,172.0,,,
TXT9936,27.0,288.0,,,
TXT9937,17.0,176.0,,,
TXT9938,79.0,862.0,,,
TXT9939,62.0,610.0,,,
TXT9940,79.0,771.0,,,
TXT9941,103.0,789.0,,,
TXT9942,56.0,614.0,,,
TXT9943,68.0,678.0,,,
TXT9944,69.0,687.0,,,
TXT9945,46.0,460.0,,,
TXT9946,59.0,718.0,,,
TXT9947,61.0,665.0,,,
TXT9948,49.0,641.0,,,
TXT9949,50.0,527.0,,,
TXT9950,59.0,620.0,,,
TXT9951,71.0,739.0,,,
TXT9952,69.0,654.0,,,
TXT9953,56.0,587.0,,,
TXT9954,66.0,643.0,,,
TXT9955,62.0,681.0,,,
TXT9956,62.0,752.0,,,
TXT9957,90.0,765.0,,,
TXT9958,41.0,398.0,,,
TXT9959,57.0,718.0,,,
TXT9960,70.0,623.0,,,
TXT9961,55.0,722.0,,,
TXT9962,49.0,518.0,,,
TXT9963,51.0,507.0,,,
TXT9964,53.0,600.0,,,
TXT9965,65.0,685.0,,,
TXT9966,67.0,672.0,,,
TXT9967,76.0,822.0,,,
TXT9968,57.0,784.0,,,
TXT9969,61.0,513.0,,,
TXT9970,55.0,526.0,,,
TXT9971,43.0,718.0,,,
TXT9972,59.0,494.0,,,
TXT9973,54.0,740.0,,,
TXT9974,53.0,638.0,,,
TXT9975,77.0,964.0,,,
TXT9976,25.0,248.0,,,
TXT9977,49.0,549.0,,,
TXT9978,74.0,489.0,,,
TXT9979,55.0,699.0,,,
TXT9980,53.0,448.0,,,
TXT9981,48.0,730.0,,,
TXT9982,44.0,453.0,,,
TXT9983,56.0,594.0,,,
TXT9984,78.0,684.0,,,
TXT9985,24.0,296.0,,,
TXT9986,82.0,668.0,,,
TXT9987,44.0,351.0,,,
TXT9988,57.0,438.0,,,
TXT9989,72.0,786.0,,,
TXT9990,80.0,911.0,,,
TXT9991,69.0,626.0,,,
TXT9992,93.0,811.0,,,
TXT9993,60.0,541.0,,,
TXT9994,60.0,621.0,,,
TXT9995,75.0,639.0,,,
TXT9996,52.0,565.0,,,
TXT9997,70.0,887.0,,,
TXT9998,63.0,604.0,,,
TXT9999,59.0,576.0,,,
TXT10000,70.0,765.0,,,
TXT10001,72.0,703.0,,,
TXT10002,54.0,505.0,,,
TXT10003,46.0,411.0,,,
TXT10004,69.0,570.0,,,
TXT10005,82.0,888.0,,,
TXT10006,80.0,899.0,,,
TXT10007,87.0,838.0,,,
TXT10008,56.0,629.0,,,
TXT10009,65.0,623.0,,,
TXT10010,78.0,684.0,,,
TXT10011,62.0,658.0,,,
TXT10012,61.0,646.0,,,
TXT10013,66.0,612.0,,,
TXT10014,73.0,464.0,,,
TXT10015,107.0,1146.0,,,
TXT10016,52.0,661.0,,,
TXT10017,75.0,718.0,,,
TXT10018,59.0,501.0,,,
TXT10019,52.0,640.0,,,
TXT10020,61.0,577.0,,,
TXT10021,84.0,699.0,,,
TXT10022,65.0,674.0,,,
TXT10023,81.0,535.0,,,
TXT10024,76.0,817.0,,,
TXT10025,108.0,864.0,,,
TXT10026,46.0,458.0,,,
TXT10027,63.0,541.0,,,
TXT10028,57.0,572.0,,,
TXT10029,63.0,784.0,,,
TXT10030,23.0,169.0,,,
TXT10031,59.0,555.0,,,
TXT10032,51.0,484.0,,,
TXT10033,86.0,953.0,,,
TXT10034,80.0,737.0,,,
TXT10035,77.0,615.0,,,
TXT10036,76.0,631.0,,,
TXT10037,67.0,551.0,,,
TXT10038,54.0,635.0,,,
TXT10039,43.0,459.0,,,
TXT10040,52.0,482.0,,,
TXT10041,53.0,412.0,,,
TXT10042,66.0,688.0,,,
TXT10043,55.0,543.0,,,
TXT10044,67.0,590.0,,,
TXT10045,60.0,671.0,,,
TXT10046,76.0,720.0,,,
TXT10047,55.0,509.0,,,
TXT10048,86.0,825.0,,,
TXT10049,32.0,387.0,,,
TXT10050,39.0,481.0,,,
TXT10051,37.0,437.0,,,
TXT10052,64.0,584.0,,,
TXT10053,58.0,459.0,,,
TXT10054,24.0,239.0,,,
TXT10055,84.0,620.0,,,
TXT10056,45.0,379.0,,,
TXT10057,35.0,315.0,,,
TXT10058,38.0,357.0,,,
TXT10059,102.0,971.0,,,
TXT10060,60.0,801.0,,,
TXT10061,84.0,651.0,,,
TXT10062,86.0,697.0,,,
TXT10063,100.0,699.0,,,
TXT10064,93.0,633.0,,,
TXT10065,58.0,489.0,,,
TXT10066,54.0,415.0,,,
TXT10067,51.0,380.0,,,
TXT10068,49.0,558.0,,,
TXT10069,47.0,365.0,,,
TXT10070,87.0,793.0,,,
TXT10071,51.0,394.0,,,
TXT10072,55.0,609.0,,,
TXT10073,48.0,512.0,,,
TXT10074,40.0,318.0,,,
TXT10075,46.0,553.0,,,
TXT10076,35.0,214.0,,,
TXT10077,101.0,920.0,,,
TXT10078,42.0,454.0,,,
TXT10079,53.0,688.0,,,
TXT10080,25.0,221.0,,,
TXT10081,63.0,470.0,,,
TXT10082,70.0,443.0,,,
TXT10083,19.0,195.0,,,
TXT10084,32.0,227.0,,,
TXT10085,23.0,158.0,,,
TXT10086,73.0,624.0,,,
TXT10087,46.0,294.0,,,
TXT10088,26.0,278.0,,,
TXT10089,66.0,549.0,,,
TXT10090,79.0,475.0,,,
TXT10091,59.0,391.0,,,
TXT10092,40.0,309.0,,,
TXT10093,12.0,98.0,,,
TXT10094,17.0,149.0,,,
TXT10095,11.0,107.0,,,
TXT10096,31.0,228.0,,,
TXT10097,25.0,220.0,,,
TXT10098,36.0,259.0,,,
TXT10099,74.0,508.0,,,
TXT10100,39.0,308.0,,,
TXT10101,37.0,410.0,,,
TXT10102,20.0,246.0,,,
TXT10103,11.0,64.0,,,
TXT10104,12.0,97.0,,,
TXT10105,23.0,200.0,,,
TXT10106,77.0,614.0,,,
TXT10107,187.0,1111.0,,,
TXT10108,60.0,360.0,,,
TXT10109,49.0,353.0,,,
TXT10110,35.0,399.0,,,
TXT10111,85.0,594.0,,,
TXT10112,68.0,501.0,,,
TXT10113,68.0,489.0,,,
TXT10114,47.0,443.0,,,
TXT10115,44.0,286.0,,,
TXT10116,66.0,330.0,,,
TXT10117,29.0,287.0,,,
TXT10118,32.0,218.0,,,
TXT10119,58.0,379.0,,,
TXT10120,45.0,414.0,,,
TXT10121,62.0,359.0,,,
TXT10122,83.0,561.0,,,
TXT10123,44.0,311.0,,,
TXT10124,53.0,404.0,,,
TXT10125,53.0,326.0,,,
TXT10126,69.0,393.0,,,
TXT10127,62.0,254.0,,,
TXT10128,78.0,628.0,,,
TXT10129,52.0,495.0,,,
TXT10130,59.0,324.0,,,
TXT10131,44.0,291.0,,,
TXT10132,41.0,267.0,,,
TXT10133,29.0,323.0,,,
TXT10134,26.0,194.0,,,
TXT10135,78.0,373.0,,,
TXT10136,65.0,512.0,,,
TXT10137,57.0,355.0,,,
TXT10138,61.0,325.0,,,
TXT10139,59.0,476.0,,,
TXT10140,57.0,497.0,,,
TXT10141,66.0,342.0,,,
TXT10142,48.0,430.0,,,
TXT10143,49.0,277.0,,,
TXT10144,47.0,360.0,,,
TXT10145,60.0,359.0,,,
TXT10146,34.0,306.0,,,
TXT10147,58.0,479.0,,,
TXT10148,46.0,343.0,,,
TXT10149,29.0,246.0,,,
TXT10150,57.0,296.0,,,
TXT10151,74.0,557.0,,,
TXT10152,68.0,441.0,,,
TXT10153,70.0,423.0,,,
TXT10154,58.0,493.0,,,
TXT10155,28.0,242.0,,,
TXT10156,81.0,397.0,,,
TXT10157,84.0,651.0,,,
TXT10158,27.0,174.0,,,
TXT10159,92.0,619.0,,,
TXT10160,59.0,526.0,,,
TXT10161,48.0,298.0,,,
TXT10162,68.0,441.0,,,
TXT10163,73.0,382.0,,,
TXT10164,73.0,327.0,,,
TXT10165,84.0,498.0,,,
TXT10166,96.0,382.0,,,
TXT10167,57.0,424.0,,,
TXT10168,52.0,321.0,,,
TXT10169,40.0,285.0,,,
TXT10170,55.0,454.0,,,
TXT10171,55.0,513.0,,,
TXT10172,58.0,490.0,,,
TXT10173,53.0,354.0,,,
TXT10174,59.0,340.0,,,
TXT10175,44.0,297.0,,,
TXT10176,67.0,543.0,,,
TXT10177,65.0,444.0,,,
TXT10178,35.0,245.0,,,
TXT10179,84.0,478.0,,,
TXT10180,40.0,500.0,,,
TXT10181,20.0,147.0,,,
TXT10182,50.0,490.0,,,
TXT10183,32.0,164.0,,,
TXT10184,44.0,279.0,,,
TXT10185,72.0,455.0,,,
TXT10186,49.0,373.0,,,
TXT10187,52.0,353.0,,,
TXT10188,62.0,482.0,,,
TXT10189,75.0,484.0,,,
TXT10190,90.0,602.0,,,
TXT10191,50.0,414.0,,,
TXT10192,78.0,491.0,,,
TXT10193,44.0,419.0,,,
TXT10194,32.0,247.0,,,
TXT10195,57.0,274.0,,,
TXT10196,60.0,503.0,,,
TXT10197,66.0,362.0,,,
TXT10198,61.0,330.0,,,
TXT10199,57.0,353.0,,,
TXT10200,51.0,440.0,,,
TXT10201,40.0,210.0,,,
TXT10202,40.0,210.0,,,
TXT10203,56.0,506.0,,,
TXT10204,40.0,223.0,,,
TXT10205,50.0,307.0,,,
TXT10206,52.0,427.0,,,
TXT10207,40.0,205.0,,,
TXT10208,46.0,305.0,,,
TXT10209,54.0,449.0,,,
TXT10210,73.0,374.0,,,
TXT10211,113.0,655.0,,,
TXT10212,48.0,380.0,,,
TXT10213,70.0,361.0,,,
TXT10214,46.0,234.0,,,
TXT10215,50.0,429.0,,,
TXT10216,57.0,377.0,,,
TXT10217,55.0,419.0,,,
TXT10218,55.0,504.0,,,
TXT10219,14.0,97.0,,,
TXT10220,67.0,411.0,,,
TXT10221,31.0,161.0,,,
TXT10222,60.0,495.0,,,
TXT10223,58.0,326.0,,,
TXT10224,71.0,538.0,,,
TXT10225,53.0,387.0,,,
TXT10226,54.0,366.0,,,
TXT10227,51.0,472.0,,,
TXT10228,58.0,210.0,,,
TXT10229,78.0,453.0,,,
TXT10230,49.0,400.0,,,
TXT10231,61.0,397.0,,,
TXT10232,12.0,103.0,,,
TXT10233,72.0,495.0,,,
TXT10234,38.0,298.0,,,
TXT10235,47.0,262.0,,,
TXT10236,58.0,313.0,,,
TXT10237,60.0,357.0,,,
TXT10238,50.0,343.0,,,
TXT10239,42.0,378.0,,,
TXT10240,51.0,384.0,,,
TXT10241,13.0,92.0,,,
TXT10242,57.0,351.0,,,
TXT10243,53.0,329.0,,,
TXT10244,72.0,399.0,,,
TXT10245,60.0,443.0,,,
TXT10246,30.0,141.0,,,
TXT10247,54.0,405.0,,,
TXT10248,40.0,308.0,,,
TXT10249,41.0,262.0,,,
TXT10250,21.0,109.0,,,
TXT10251,59.0,402.0,,,
TXT10252,38.0,281.0,,,
TXT10253,42.0,351.0,,,
TXT10254,39.0,221.0,,,
TXT10255,22.0,151.0,,,
TXT10256,59.0,375.0,,,
TXT10257,48.0,273.0,,,
TXT10258,46.0,333.0,,,
TXT10259,50.0,279.0,,,
TXT10260,24.0,618.0,,,
TXT10261,41.0,247.0,,,
TXT10262,52.0,353.0,,,
TXT10263,35.0,147.0,,,
TXT10264,44.0,349.0,,,
TXT10265,53.0,291.0,,,
TXT10266,51.0,400.0,,,
TXT10267,112.0,789.0,,,
TXT10268,1.0,7.0,,,
TXT10269,31.0,166.0,,,
TXT10270,54.0,491.0,,,
TXT10271,28.0,245.0,,,
TXT10272,40.0,404.0,,,
TXT10273,47.0,250.0,,,
TXT10274,103.0,476.0,,,
TXT10275,62.0,402.0,,,
TXT10276,28.0,191.0,,,
TXT10277,28.0,169.0,,,
TXT10278,1.0,5.0,,,
TXT10279,32.0,246.0,,,
TXT10280,22.0,132.0,,,
TXT10281,76.0,417.0,,,
TXT10282,60.0,320.0,,,
TXT10283,91.0,522.0,,,
TXT10284,45.0,249.0,,,
TXT10285,59.0,291.0,,,
TXT10286,54.0,221.0,,,
TXT10287,97.0,769.0,,,
TXT10288,90.0,733.0,,,
TXT10289,82.0,666.0,,,
TXT10290,97.0,885.0,,,
TXT10291,79.0,657.0,,,
TXT10292,89.0,783.0,,,
TXT10293,69.0,606.0,,,
TXT10294,61.0,590.0,,,
TXT10295,94.0,1100.0,,,
TXT10296,90.0,793.0,,,
TXT10297,79.0,719.0,,,
TXT10298,50.0,537.0,,,
TXT10299,76.0,643.0,,,
TXT10300,73.0,808.0,,,
TXT10301,56.0,473.0,,,
TXT10302,109.0,838.0,,,
TXT10303,72.0,658.0,,,
TXT10304,63.0,529.0,,,
TXT10305,116.0,1007.0,,,
TXT10306,78.0,637.0,,,
TXT10307,87.0,725.0,,,
TXT10308,67.0,523.0,,,
TXT10309,114.0,1099.0,,,
TXT10310,68.0,523.0,,,
TXT10311,66.0,533.0,,,
TXT10312,67.0,551.0,,,
TXT10313,99.0,815.0,,,
TXT10314,73.0,716.0,,,
TXT10315,58.0,549.0,,,
TXT10316,111.0,864.0,,,
TXT10317,91.0,824.0,,,
TXT10318,54.0,611.0,,,
TXT10319,47.0,465.0,,,
TXT10320,54.0,395.0,,,
TXT10321,95.0,545.0,,,
TXT10322,78.0,607.0,,,
TXT10323,44.0,418.0,,,
TXT10324,95.0,853.0,,,
TXT10325,80.0,666.0,,,
TXT10326,92.0,833.0,,,
TXT10327,70.0,623.0,,,
TXT10328,86.0,664.0,,,
TXT10329,54.0,594.0,,,
TXT10330,58.0,482.0,,,
TXT10331,75.0,684.0,,,
TXT10332,64.0,659.0,,,
TXT10333,75.0,760.0,,,
TXT10334,99.0,656.0,,,
TXT10335,101.0,920.0,,,
TXT10336,75.0,681.0,,,
TXT10337,60.0,694.0,,,
TXT10338,47.0,372.0,,,
TXT10339,62.0,475.0,,,
TXT10340,96.0,694.0,,,
TXT10341,92.0,757.0,,,
TXT10342,94.0,875.0,,,
TXT10343,85.0,816.0,,,
TXT10344,92.0,879.0,,,
TXT10345,68.0,556.0,,,
TXT10346,58.0,544.0,,,
TXT10347,57.0,821.0,,,
TXT10348,105.0,687.0,,,
TXT10349,73.0,525.0,,,
TXT10350,65.0,535.0,,,
TXT10351,47.0,400.0,,,
TXT10352,82.0,640.0,,,
TXT10353,66.0,555.0,,,
TXT10354,83.0,540.0,,,
TXT10355,49.0,613.0,,,
TXT10356,77.0,701.0,,,
TXT10357,36.0,348.0,,,
TXT10358,98.0,688.0,,,
TXT10359,78.0,609.0,,,
TXT10360,80.0,518.0,,,
TXT10361,96.0,774.0,,,
TXT10362,91.0,780.0,,,
TXT10363,74.0,661.0,,,
TXT10364,71.0,628.0,,,
TXT10365,80.0,589.0,,,
TXT10366,79.0,476.0,,,
TXT10367,66.0,566.0,,,
TXT10368,88.0,792.0,,,
TXT10369,71.0,637.0,,,
TXT10370,38.0,405.0,,,
TXT10371,115.0,1001.0,,,
TXT10372,49.0,440.0,,,
TXT10373,52.0,496.0,,,
TXT10374,72.0,583.0,,,
TXT10375,69.0,595.0,,,
TXT10376,69.0,630.0,,,
TXT10377,59.0,535.0,,,
TXT10378,51.0,498.0,,,
TXT10379,62.0,582.0,,,
TXT10380,80.0,648.0,,,
TXT10381,45.0,503.0,,,
TXT10382,87.0,753.0,,,
TXT10383,71.0,556.0,,,
TXT10384,94.0,767.0,,,
TXT10385,89.0,795.0,,,
TXT10386,94.0,802.0,,,
TXT10387,55.0,475.0,,,
TXT10388,47.0,417.0,,,
TXT10389,65.0,657.0,,,
TXT10390,46.0,550.0,,,
TXT10391,76.0,748.0,,,
TXT10392,62.0,476.0,,,
TXT10393,43.0,349.0,,,
TXT10394,88.0,857.0,,,
TXT10395,46.0,330.0,,,
TXT10396,90.0,567.0,,,
TXT10397,91.0,921.0,,,
TXT10398,80.0,615.0,,,
TXT10399,88.0,674.0,,,
TXT10400,63.0,559.0,,,
TXT10401,92.0,824.0,,,
TXT10402,79.0,753.0,,,
TXT10403,103.0,959.0,,,
TXT10404,67.0,591.0,,,
TXT10405,87.0,742.0,,,
TXT10406,29.0,376.0,,,
TXT10407,76.0,583.0,,,
TXT10408,87.0,739.0,,,
TXT10409,106.0,718.0,,,
TXT10410,79.0,596.0,,,
TXT10411,26.0,240.0,,,
TXT10412,61.0,583.0,,,
TXT10413,71.0,758.0,,,
TXT10414,90.0,823.0,,,
TXT10415,72.0,744.0,,,
TXT10416,57.0,455.0,,,
TXT10417,47.0,542.0,,,
TXT10418,89.0,824.0,,,
TXT10419,84.0,857.0,,,
TXT10420,78.0,726.0,,,
TXT10421,56.0,401.0,,,
TXT10422,36.0,398.0,,,
TXT10423,63.0,585.0,,,
TXT10424,44.0,371.0,,,
TXT10425,33.0,247.0,,,
TXT10426,38.0,336.0,,,
TXT10427,72.0,582.0,,,
TXT10428,73.0,643.0,,,
TXT10429,85.0,809.0,,,
TXT10430,97.0,870.0,,,
TXT10431,57.0,455.0,,,
TXT10432,81.0,692.0,,,
TXT10433,47.0,543.0,,,
TXT10434,97.0,827.0,,,
TXT10435,38.0,337.0,,,
TXT10436,80.0,703.0,,,
TXT10437,19.0,150.0,,,
TXT10438,45.0,476.0,,,
TXT10439,45.0,438.0,,,
TXT10440,64.0,576.0,,,
TXT10441,30.0,307.0,,,
TXT10442,87.0,844.0,,,
TXT10443,55.0,501.0,,,
TXT10444,68.0,524.0,,,
TXT10445,115.0,597.0,,,
TXT10446,83.0,776.0,,,
TXT10447,70.0,671.0,,,
TXT10448,75.0,734.0,,,
TXT10449,76.0,622.0,,,
TXT10450,74.0,494.0,,,
TXT10451,59.0,491.0,,,
TXT10452,46.0,415.0,,,
TXT10453,41.0,484.0,,,
TXT10454,58.0,470.0,,,
TXT10455,110.0,685.0,,,
TXT10456,35.0,281.0,,,
TXT10457,52.0,326.0,,,
TXT10458,29.0,320.0,,,
TXT10459,93.0,862.0,,,
TXT10460,52.0,336.0,,,
TXT10461,47.0,430.0,,,
TXT10462,57.0,587.0,,,
TXT10463,112.0,1051.0,,,
TXT10464,70.0,519.0,,,
TXT10465,35.0,280.0,,,
TXT10466,73.0,569.0,,,
TXT10467,87.0,598.0,,,
TXT10468,76.0,587.0,,,
TXT10469,76.0,549.0,,,
TXT10470,65.0,646.0,,,
TXT10471,6.0,15.0,,,
TXT10472,52.0,547.0,,,
TXT10473,60.0,473.0,,,
TXT10474,59.0,517.0,,,
TXT10475,93.0,1004.0,,,
TXT10476,93.0,902.0,,,
TXT10477,97.0,902.0,,,
TXT10478,84.0,781.0,,,
TXT10479,75.0,501.0,,,
TXT10480,97.0,965.0,,,
TXT10481,99.0,754.0,,,
TXT10482,99.0,847.0,,,
TXT10483,75.0,589.0,,,
TXT10484,97.0,645.0,,,
TXT10485,73.0,693.0,,,
TXT10486,78.0,461.0,,,
TXT10487,74.0,571.0,,,
TXT10488,81.0,741.0,,,
TXT10489,29.0,267.0,,,
TXT10490,50.0,416.0,,,
TXT10491,102.0,840.0,,,
TXT10492,127.0,930.0,,,
TXT10493,40.0,350.0,,,
TXT10494,78.0,680.0,,,
TXT10495,67.0,556.0,,,
TXT10496,81.0,769.0,,,
TXT10497,68.0,527.0,,,
TXT10498,105.0,853.0,,,
TXT10499,94.0,960.0,,,
TXT10500,60.0,508.0,,,
TXT10501,66.0,692.0,,,
TXT10502,95.0,866.0,,,
TXT10503,82.0,490.0,,,
TXT10504,109.0,762.0,,,
TXT10505,87.0,802.0,,,
TXT10506,60.0,494.0,,,
TXT10507,77.0,654.0,,,
TXT10508,62.0,481.0,,,
TXT10509,129.0,991.0,,,
TXT10510,60.0,459.0,,,
TXT10511,106.0,694.0,,,
TXT10512,78.0,665.0,,,
TXT10513,76.0,754.0,,,
TXT10514,73.0,650.0,,,
TXT10515,104.0,551.0,,,
TXT10516,63.0,505.0,,,
TXT10517,74.0,451.0,,,
TXT10518,115.0,918.0,,,
TXT10519,132.0,1155.0,,,
TXT10520,98.0,626.0,,,
TXT10521,61.0,462.0,,,
TXT10522,80.0,547.0,,,
TXT10523,122.0,1020.0,,,
TXT10524,124.0,800.0,,,
TXT10525,94.0,774.0,,,
TXT10526,65.0,423.0,,,
TXT10527,34.0,315.0,,,
TXT10528,64.0,501.0,,,
TXT10529,70.0,677.0,,,
TXT10530,98.0,699.0,,,
TXT10531,54.0,436.0,,,
TXT10532,35.0,315.0,,,
TXT10533,77.0,615.0,,,
TXT10534,116.0,942.0,,,
TXT10535,80.0,657.0,,,
TXT10536,89.0,725.0,,,
TXT10537,77.0,566.0,,,
TXT10538,90.0,720.0,,,
TXT10539,35.0,347.0,,,
TXT10540,72.0,553.0,,,
TXT10541,105.0,815.0,,,
TXT10542,61.0,419.0,,,
TXT10543,15.0,133.0,,,
TXT10544,62.0,582.0,,,
TXT10545,42.0,235.0,,,
TXT10546,135.0,1315.0,,,
TXT10547,91.0,640.0,,,
TXT10548,121.0,1126.0,,,
TXT10549,142.0,764.0,,,
TXT10550,110.0,943.0,,,
TXT10551,59.0,479.0,,,
TXT10552,15.0,152.0,,,
TXT10553,49.0,454.0,,,
TXT10554,81.0,527.0,,,
TXT10555,93.0,822.0,,,
TXT10556,63.0,507.0,,,
TXT10557,85.0,710.0,,,
TXT10558,101.0,948.0,,,
TXT10559,45.0,383.0,,,
TXT10560,43.0,297.0,,,
TXT10561,92.0,686.0,,,
TXT10562,65.0,480.0,,,
TXT10563,71.0,580.0,,,
TXT10564,3.0,7.0,,,
TXT10565,52.0,464.0,,,
TXT10566,120.0,1057.0,,,
TXT10567,79.0,542.0,,,
TXT10568,20.0,138.0,,,
TXT10569,67.0,453.0,,,
TXT10570,85.0,687.0,,,
TXT10571,61.0,539.0,,,
TXT10572,43.0,342.0,,,
TXT10573,94.0,795.0,,,
TXT10574,75.0,614.0,,,
TXT10575,40.0,360.0,,,
TXT10576,93.0,750.0,,,
TXT10577,33.0,261.0,,,
TXT10578,53.0,389.0,,,
TXT10579,17.0,154.0,,,
TXT10580,98.0,762.0,,,
TXT10581,68.0,738.0,,,
TXT10582,39.0,341.0,,,
TXT10583,91.0,592.0,,,
TXT10584,54.0,499.0,,,
TXT10585,1.0,4.0,,,
TXT10586,37.0,332.0,,,
TXT10587,60.0,503.0,,,
TXT10588,58.0,544.0,,,
TXT10589,1.0,7.0,,,
TXT10590,59.0,566.0,,,
TXT10591,45.0,368.0,,,
TXT10592,64.0,467.0,,,
TXT10593,106.0,895.0,,,
TXT10594,68.0,523.0,,,
TXT10595,75.0,490.0,,,
TXT10596,14.0,85.0,,,
TXT10597,122.0,982.0,,,
TXT10598,76.0,654.0,,,
TXT10599,104.0,616.0,,,
TXT10600,91.0,656.0,,,
TXT10601,26.0,244.0,,,
TXT10602,67.0,505.0,,,
TXT10603,108.0,861.0,,,
TXT10604,54.0,568.0,,,
TXT10605,57.0,553.0,,,
TXT10606,46.0,355.0,,,
TXT10607,65.0,558.0,,,
TXT10608,97.0,923.0,,,
TXT10609,38.0,273.0,,,
TXT10610,26.0,251.0,,,
TXT10611,60.0,465.0,,,
TXT10612,85.0,574.0,,,
TXT10613,74.0,639.0,,,
TXT10614,115.0,1001.0,,,
TXT10615,76.0,697.0,,,
TXT10616,22.0,171.0,,,
TXT10617,78.0,616.0,,,
TXT10618,27.0,276.0,,,
TXT10619,1.0,4.0,,,
TXT10620,76.0,760.0,,,
TXT10621,15.0,78.0,,,
TXT10622,20.0,146.0,,,
TXT10623,91.0,825.0,,,
TXT10624,38.0,260.0,,,
TXT10625,31.0,209.0,,,
TXT10626,1.0,4.0,,,
TXT10627,39.0,352.0,,,
TXT10628,65.0,552.0,,,
TXT10629,103.0,790.0,,,
TXT10630,40.0,344.0,,,
TXT10631,63.0,407.0,,,
TXT10632,63.0,396.0,,,
TXT10633,58.0,368.0,,,
TXT10634,34.0,308.0,,,
TXT10635,62.0,465.0,,,
TXT10636,63.0,591.0,,,
TXT10637,39.0,368.0,,,
TXT10638,72.0,486.0,,,
TXT10639,52.0,372.0,,,
TXT10640,51.0,485.0,,,
TXT10641,46.0,429.0,,,
TXT10642,70.0,489.0,,,
TXT10643,40.0,309.0,,,
TXT10644,52.0,318.0,,,
TXT10645,61.0,389.0,,,
TXT10646,76.0,554.0,,,
TXT10647,77.0,730.0,,,
TXT10648,23.0,206.0,,,
TXT10649,77.0,403.0,,,
TXT10650,35.0,268.0,,,
TXT10651,49.0,384.0,,,
TXT10652,80.0,568.0,,,
TXT10653,78.0,505.0,,,
TXT10654,61.0,426.0,,,
TXT10655,31.0,241.0,,,
TXT10656,25.0,237.0,,,
TXT10657,76.0,365.0,,,
TXT10658,54.0,429.0,,,
TXT10659,36.0,268.0,,,
TXT10660,24.0,238.0,,,
TXT10661,51.0,403.0,,,
TXT10662,52.0,415.0,,,
TXT10663,42.0,399.0,,,
TXT10664,30.0,269.0,,,
TXT10665,44.0,314.0,,,
TXT10666,50.0,352.0,,,
TXT10667,66.0,406.0,,,
TXT10668,48.0,432.0,,,
TXT10669,60.0,377.0,,,
TXT10670,61.0,427.0,,,
TXT10671,46.0,301.0,,,
TXT10672,22.0,148.0,,,
TXT10673,41.0,361.0,,,
TXT10674,57.0,384.0,,,
TXT10675,49.0,383.0,,,
TXT10676,62.0,450.0,,,
TXT10677,62.0,559.0,,,
TXT10678,64.0,557.0,,,
TXT10679,55.0,426.0,,,
TXT10680,40.0,316.0,,,
TXT10681,42.0,363.0,,,
TXT10682,44.0,271.0,,,
TXT10683,43.0,445.0,,,
TXT10684,58.0,459.0,,,
TXT10685,44.0,327.0,,,
TXT10686,40.0,288.0,,,
TXT10687,70.0,405.0,,,
TXT10688,50.0,468.0,,,
TXT10689,48.0,368.0,,,
TXT10690,52.0,405.0,,,
TXT10691,49.0,307.0,,,
TXT10692,67.0,461.0,,,
TXT10693,40.0,294.0,,,
TXT10694,60.0,408.0,,,
TXT10695,58.0,491.0,,,
TXT10696,21.0,225.0,,,
TXT10697,58.0,402.0,,,
TXT10698,58.0,510.0,,,
TXT10699,39.0,265.0,,,
TXT10700,48.0,370.0,,,
TXT10701,35.0,314.0,,,
TXT10702,45.0,431.0,,,
TXT10703,44.0,375.0,,,
TXT10704,56.0,391.0,,,
TXT10705,52.0,328.0,,,
TXT10706,43.0,407.0,,,
TXT10707,65.0,494.0,,,
TXT10708,41.0,343.0,,,
TXT10709,59.0,500.0,,,
TXT10710,51.0,414.0,,,
TXT10711,52.0,413.0,,,
TXT10712,30.0,293.0,,,
TXT10713,45.0,318.0,,,
TXT10714,45.0,348.0,,,
TXT10715,43.0,362.0,,,
TXT10716,89.0,479.0,,,
TXT10717,10.0,68.0,,,
TXT10718,47.0,356.0,,,
TXT10719,31.0,275.0,,,
TXT10720,53.0,494.0,,,
TXT10721,57.0,455.0,,,
TXT10722,52.0,408.0,,,
TXT10723,53.0,375.0,,,
TXT10724,59.0,381.0,,,
TXT10725,25.0,160.0,,,
TXT10726,30.0,250.0,,,
TXT10727,33.0,302.0,,,
TXT10728,58.0,487.0,,,
TXT10729,53.0,390.0,,,
TXT10730,36.0,231.0,,,
TXT10731,52.0,436.0,,,
TXT10732,40.0,360.0,,,
TXT10733,52.0,508.0,,,
TXT10734,31.0,254.0,,,
TXT10735,51.0,425.0,,,
TXT10736,16.0,141.0,,,
TXT10737,15.0,153.0,,,
TXT10738,56.0,427.0,,,
TXT10739,72.0,565.0,,,
TXT10740,116.0,988.0,,,
TXT10741,83.0,633.0,,,
TXT10742,55.0,391.0,,,
TXT10743,56.0,397.0,,,
TXT10744,61.0,677.0,,,
TXT10745,63.0,434.0,,,
TXT10746,95.0,905.0,,,
TXT10747,47.0,351.0,,,
TXT10748,79.0,542.0,,,
TXT10749,53.0,417.0,,,
TXT10750,42.0,329.0,,,
TXT10751,76.0,432.0,,,
TXT10752,57.0,424.0,,,
TXT10753,56.0,376.0,,,
TXT10754,52.0,490.0,,,
TXT10755,42.0,332.0,,,
TXT10756,57.0,537.0,,,
TXT10757,88.0,931.0,,,
TXT10758,62.0,631.0,,,
TXT10759,50.0,442.0,,,
TXT10760,47.0,397.0,,,
TXT10761,51.0,438.0,,,
TXT10762,57.0,525.0,,,
TXT10763,64.0,500.0,,,
TXT10764,58.0,437.0,,,
TXT10765,53.0,467.0,,,
TXT10766,55.0,370.0,,,
TXT10767,68.0,547.0,,,
TXT10768,57.0,415.0,,,
TXT10769,43.0,376.0,,,
TXT10770,50.0,511.0,,,
TXT10771,65.0,567.0,,,
TXT10772,85.0,651.0,,,
TXT10773,73.0,651.0,,,
TXT10774,51.0,375.0,,,
TXT10775,57.0,490.0,,,
TXT10776,63.0,660.0,,,
TXT10777,51.0,361.0,,,
TXT10778,54.0,338.0,,,
TXT10779,51.0,428.0,,,
TXT10780,88.0,621.0,,,
TXT10781,46.0,520.0,,,
TXT10782,51.0,461.0,,,
TXT10783,61.0,480.0,,,
TXT10784,55.0,409.0,,,
TXT10785,62.0,383.0,,,
TXT10786,39.0,364.0,,,
TXT10787,70.0,526.0,,,
TXT10788,72.0,549.0,,,
TXT10789,61.0,514.0,,,
TXT10790,47.0,305.0,,,
TXT10791,21.0,181.0,,,
TXT10792,55.0,351.0,,,
TXT10793,48.0,474.0,,,
TXT10794,74.0,499.0,,,
TXT10795,71.0,436.0,,,
TXT10796,41.0,308.0,,,
TXT10797,45.0,373.0,,,
TXT10798,60.0,396.0,,,
TXT10799,79.0,662.0,,,
TXT10800,36.0,302.0,,,
TXT10801,58.0,434.0,,,
TXT10802,41.0,350.0,,,
TXT10803,80.0,591.0,,,
TXT10804,49.0,334.0,,,
TXT10805,52.0,268.0,,,
TXT10806,66.0,442.0,,,
TXT10807,29.0,267.0,,,
TXT10808,69.0,646.0,,,
TXT10809,26.0,179.0,,,
TXT10810,52.0,305.0,,,
TXT10811,44.0,516.0,,,
TXT10812,84.0,684.0,,,
TXT10813,71.0,669.0,,,
TXT10814,45.0,292.0,,,
TXT10815,46.0,466.0,,,
TXT10816,50.0,378.0,,,
TXT10817,28.0,206.0,,,
TXT10818,60.0,486.0,,,
TXT10819,50.0,448.0,,,
TXT10820,56.0,412.0,,,
TXT10821,28.0,268.0,,,
TXT10822,73.0,744.0,,,
TXT10823,64.0,413.0,,,
TXT10824,48.0,372.0,,,
TXT10825,60.0,628.0,,,
TXT10826,60.0,428.0,,,
TXT10827,61.0,572.0,,,
TXT10828,63.0,520.0,,,
TXT10829,58.0,549.0,,,
TXT10830,54.0,423.0,,,
TXT10831,45.0,466.0,,,
TXT10832,46.0,406.0,,,
TXT10833,53.0,458.0,,,
TXT10834,5.0,50.0,,,
TXT10835,51.0,428.0,,,
TXT10836,59.0,475.0,,,
TXT10837,65.0,598.0,,,
TXT10838,54.0,555.0,,,
TXT10839,53.0,470.0,,,
TXT10840,50.0,484.0,,,
TXT10841,75.0,467.0,,,
TXT10842,50.0,366.0,,,
TXT10843,51.0,428.0,,,
TXT10844,70.0,620.0,,,
TXT10845,38.0,321.0,,,
TXT10846,59.0,527.0,,,
TXT10847,68.0,567.0,,,
TXT10848,65.0,581.0,,,
TXT10849,83.0,588.0,,,
TXT10850,45.0,430.0,,,
TXT10851,47.0,445.0,,,
TXT10852,20.0,185.0,,,
TXT10853,63.0,485.0,,,
TXT10854,55.0,397.0,,,
TXT10855,56.0,539.0,,,
TXT10856,62.0,562.0,,,
TXT10857,51.0,484.0,,,
TXT10858,62.0,468.0,,,
TXT10859,54.0,483.0,,,
TXT10860,45.0,393.0,,,
TXT10861,58.0,440.0,,,
TXT10862,34.0,267.0,,,
TXT10863,51.0,453.0,,,
TXT10864,77.0,658.0,,,
TXT10865,70.0,550.0,,,
TXT10866,60.0,556.0,,,
TXT10867,67.0,571.0,,,
TXT10868,21.0,210.0,,,
TXT10869,54.0,514.0,,,
TXT10870,56.0,505.0,,,
TXT10871,40.0,455.0,,,
TXT10872,55.0,416.0,,,
TXT10873,54.0,484.0,,,
TXT10874,85.0,789.0,,,
TXT10875,80.0,474.0,,,
TXT10876,48.0,443.0,,,
TXT10877,99.0,877.0,,,
TXT10878,54.0,603.0,,,
TXT10879,48.0,340.0,,,
TXT10880,40.0,315.0,,,
TXT10881,29.0,263.0,,,
TXT10882,46.0,435.0,,,
TXT10883,28.0,220.0,,,
TXT10884,47.0,340.0,,,
TXT10885,53.0,468.0,,,
TXT10886,79.0,535.0,,,
TXT10887,65.0,541.0,,,
TXT10888,43.0,413.0,,,
TXT10889,50.0,431.0,,,
TXT10890,55.0,432.0,,,
TXT10891,79.0,694.0,,,
TXT10892,52.0,473.0,,,
TXT10893,119.0,857.0,,,
TXT10894,48.0,401.0,,,
TXT10895,54.0,444.0,,,
TXT10896,69.0,533.0,,,
TXT10897,60.0,383.0,,,
TXT10898,33.0,274.0,,,
TXT10899,62.0,627.0,,,
TXT10900,74.0,706.0,,,
TXT10901,59.0,429.0,,,
TXT10902,43.0,289.0,,,
TXT10903,62.0,536.0,,,
TXT10904,41.0,432.0,,,
TXT10905,21.0,167.0,,,
TXT10906,53.0,380.0,,,
TXT10907,79.0,697.0,,,
TXT10908,69.0,665.0,,,
TXT10909,55.0,465.0,,,
TXT10910,62.0,497.0,,,
TXT10911,76.0,537.0,,,
TXT10912,51.0,448.0,,,
TXT10913,47.0,397.0,,,
TXT10914,61.0,581.0,,,
TXT10915,55.0,638.0,,,
TXT10916,63.0,704.0,,,
TXT10917,51.0,574.0,,,
TXT10918,68.0,730.0,,,
TXT10919,47.0,394.0,,,
TXT10920,67.0,575.0,,,
TXT10921,122.0,1256.0,,,
TXT10922,68.0,665.0,,,
TXT10923,57.0,532.0,,,
TXT10924,79.0,686.0,,,
TXT10925,91.0,672.0,,,
TXT10926,82.0,679.0,,,
TXT10927,70.0,567.0,,,
TXT10928,75.0,811.0,,,
TXT10929,62.0,462.0,,,
TXT10930,115.0,784.0,,,
TXT10931,88.0,709.0,,,
TXT10932,70.0,662.0,,,
TXT10933,51.0,611.0,,,
TXT10934,50.0,531.0,,,
TXT10935,69.0,535.0,,,
TXT10936,49.0,475.0,,,
TXT10937,71.0,460.0,,,
TXT10938,62.0,510.0,,,
TXT10939,110.0,945.0,,,
TXT10940,89.0,921.0,,,
TXT10941,75.0,650.0,,,
TXT10942,103.0,809.0,,,
TXT10943,74.0,592.0,,,
TXT10944,66.0,541.0,,,
TXT10945,66.0,514.0,,,
TXT10946,60.0,488.0,,,
TXT10947,59.0,482.0,,,
TXT10948,66.0,576.0,,,
TXT10949,49.0,535.0,,,
TXT10950,85.0,562.0,,,
TXT10951,79.0,634.0,,,
TXT10952,52.0,435.0,,,
TXT10953,95.0,865.0,,,
TXT10954,71.0,548.0,,,
TXT10955,66.0,479.0,,,
TXT10956,66.0,489.0,,,
TXT10957,83.0,646.0,,,
TXT10958,71.0,553.0,,,
TXT10959,117.0,977.0,,,
TXT10960,55.0,380.0,,,
TXT10961,62.0,476.0,,,
TXT10962,56.0,361.0,,,
TXT10963,76.0,608.0,,,
TXT10964,64.0,582.0,,,
TXT10965,51.0,382.0,,,
TXT10966,75.0,596.0,,,
TXT10967,67.0,512.0,,,
TXT10968,71.0,539.0,,,
TXT10969,83.0,637.0,,,
TXT10970,69.0,789.0,,,
TXT10971,81.0,789.0,,,
TXT10972,86.0,792.0,,,
TXT10973,78.0,541.0,,,
TXT10974,77.0,622.0,,,
TXT10975,77.0,464.0,,,
TXT10976,70.0,586.0,,,
TXT10977,94.0,881.0,,,
TXT10978,73.0,621.0,,,
TXT10979,75.0,620.0,,,
TXT10980,48.0,375.0,,,
TXT10981,90.0,730.0,,,
TXT10982,74.0,511.0,,,
TXT10983,75.0,618.0,,,
TXT10984,65.0,560.0,,,
TXT10985,55.0,475.0,,,
TXT10986,83.0,797.0,,,
TXT10987,68.0,414.0,,,
TXT10988,76.0,690.0,,,
TXT10989,126.0,875.0,,,
TXT10990,56.0,569.0,,,
TXT10991,100.0,873.0,,,
TXT10992,54.0,528.0,,,
TXT10993,59.0,544.0,,,
TXT10994,60.0,545.0,,,
TXT10995,74.0,526.0,,,
TXT10996,85.0,855.0,,,
TXT10997,8.0,92.0,,,
TXT10998,56.0,459.0,,,
TXT10999,31.0,284.0,,,
TXT11000,85.0,724.0,,,
TXT11001,55.0,513.0,,,
TXT11002,66.0,592.0,,,
TXT11003,87.0,532.0,,,
TXT11004,77.0,749.0,,,
TXT11005,81.0,727.0,,,
TXT11006,72.0,736.0,,,
TXT11007,97.0,782.0,,,
TXT11008,74.0,720.0,,,
TXT11009,68.0,465.0,,,
TXT11010,52.0,533.0,,,
TXT11011,46.0,411.0,,,
TXT11012,84.0,727.0,,,
TXT11013,90.0,684.0,,,
TXT11014,105.0,705.0,,,
TXT11015,65.0,542.0,,,
TXT11016,73.0,710.0,,,
TXT11017,54.0,472.0,,,
TXT11018,91.0,875.0,,,
TXT11019,74.0,623.0,,,
TXT11020,78.0,627.0,,,
TXT11021,112.0,841.0,,,
TXT11022,59.0,647.0,,,
TXT11023,95.0,674.0,,,
TXT11024,77.0,597.0,,,
TXT11025,99.0,977.0,,,
TXT11026,74.0,720.0,,,
TXT11027,85.0,793.0,,,
TXT11028,55.0,448.0,,,
TXT11029,76.0,809.0,,,
TXT11030,88.0,850.0,,,
TXT11031,78.0,722.0,,,
TXT11032,93.0,657.0,,,
TXT11033,65.0,574.0,,,
TXT11034,109.0,758.0,,,
TXT11035,100.0,724.0,,,
TXT11036,96.0,842.0,,,
TXT11037,67.0,614.0,,,
TXT11038,67.0,564.0,,,
TXT11039,80.0,679.0,,,
TXT11040,79.0,702.0,,,
TXT11041,61.0,545.0,,,
TXT11042,57.0,507.0,,,
TXT11043,106.0,767.0,,,
TXT11044,61.0,627.0,,,
TXT11045,66.0,484.0,,,
TXT11046,76.0,691.0,,,
TXT11047,64.0,506.0,,,
TXT11048,61.0,526.0,,,
TXT11049,21.0,174.0,,,
TXT11050,60.0,586.0,,,
TXT11051,64.0,547.0,,,
TXT11052,53.0,437.0,,,
TXT11053,83.0,642.0,,,
TXT11054,66.0,755.0,,,
TXT11055,65.0,503.0,,,
TXT11056,89.0,747.0,,,
TXT11057,85.0,831.0,,,
TXT11058,75.0,657.0,,,
TXT11059,60.0,587.0,,,
TXT11060,74.0,658.0,,,
TXT11061,83.0,608.0,,,
TXT11062,51.0,492.0,,,
TXT11063,76.0,649.0,,,
TXT11064,90.0,859.0,,,
TXT11065,60.0,469.0,,,
TXT11066,100.0,624.0,,,
TXT11067,55.0,519.0,,,
TXT11068,117.0,948.0,,,
TXT11069,79.0,684.0,,,
TXT11070,12.0,182.0,,,
TXT11071,17.0,95.0,,,
TXT11072,75.0,646.0,,,
TXT11073,147.0,1252.0,,,
TXT11074,91.0,746.0,,,
TXT11075,69.0,662.0,,,
TXT11076,66.0,380.0,,,
TXT11077,62.0,468.0,,,
TXT11078,117.0,686.0,,,
TXT11079,7.0,66.0,,,
TXT11080,122.0,873.0,,,
TXT11081,81.0,663.0,,,
TXT11082,67.0,518.0,,,
TXT11083,34.0,345.0,,,
TXT11084,2.0,21.0,,,
TXT11085,18.0,192.0,,,
TXT11086,3.0,64.0,,,
TXT11087,82.0,536.0,,,
TXT11088,22.0,122.0,,,
TXT11089,75.0,624.0,,,
TXT11090,76.0,602.0,,,
TXT11091,74.0,570.0,,,
TXT11092,32.0,304.0,,,
TXT11093,45.0,338.0,,,
