PublishedSong_Fact_PK,Track_ID_Natural,Title,Duration,Streams_1month,Popularity,Category,ArtistCodeFK,AlbumCodeFK,DateCodeFK,SymphonyCodeFK,TextCodeFK,GroupFK
1,TR934808,​polka 2 :-/,207761.0,186522.0,46.0,Melodic,84,1,1,1,1,1
2,TR760029,POLKA,207761.0,194313.0,46.0,Hype,84,1,2,2,2,2
3,TR916821,​britney ;-),193544.0,63750.0,39.0,Warm Bangers,84,1,3,3,3,3
4,TR480968,CEO,169000.0,41473.0,47.0,Melodic,84,2,4,4,4,4
5,TR585039,LONDRA,194779.0,30553.0,41.0,Hype,84,3,5,5,5,5
6,TR550335,BOHEME,200329.0,29687.0,29.0,Slow Dark,84,3,6,6,6,6
7,TR170793,LOBBY WAY,171230.0,24103.0,23.0,Fast-Flow,84,3,7,7,7,7
8,TR627195,SLATT,168513.0,30838.0,24.0,Hype,84,3,5,8,8,8
9,TR628871,MADE IN ITALY,178080.0,20522.0,50.0,Hype,84,4,8,9,9,9
10,TR700756,ROSE & ROVI,188534.0,20741.0,27.0,Fast-Flow,84,3,5,10,10,10
11,TR570242,POLKA 3,160645.0,14401.0,40.0,Slow Dark,84,5,9,11,11,11
12,TR483404,COSANOSTRA,136737.0,17799.0,25.0,Hype,84,3,5,12,12,12
13,TR497808,NUOVI GAY,210369.0,16490.0,21.0,Warm Bangers,84,3,5,13,13,13
14,TR355495,OCCHIO E CROCE,134437.0,11654.0,23.0,Hype,84,3,5,14,14,14
15,TR736423,​life :-(,129560.0,11083.0,26.0,Hype,84,1,1,15,15,15
16,TR718221,RAF SIMONS,61922.0,10994.0,21.0,Hype,84,3,5,16,16,16
17,TR181361,SLIME,159809.0,11572.0,22.0,Fast-Flow,84,3,5,17,17,17
18,TR950471,TU MI FAI,167729.0,11741.0,23.0,Slow Dark,84,3,5,18,18,18
19,TR562453,PARADISO,140210.0,10864.0,21.0,Hype,84,3,5,19,19,19
20,TR851752,​no love :-),190500.0,9540.0,23.0,Fast-Flow,84,1,1,20,20,20
21,TR387150,​fantasmi ;-(,206550.0,10107.0,25.0,Slow Dark,84,1,1,21,21,21
22,TR968851,Facciamolo,141706.0,7237.0,21.0,Melodic,84,6,10,22,22,22
23,TR634516,Freestyle #redbullnext #essemagazine,169000.0,6825.0,47.0,Fast-Flow,84,2,11,23,23,23
24,TR292151,Scolapasta,138560.0,4798.0,48.0,Melodic,84,7,12,24,24,24
25,TR709513,#IORESTOACASA Freestyle,138560.0,4926.0,48.0,Hype,84,7,13,25,25,25
26,TR804827,Fatass,152343.0,5585.0,11.0,Melodic,84,8,14,26,26,26
27,TR889630,Ok ok pih roh toh toh !,111541.0,4409.0,17.0,Melodic,84,9,4,27,27,27
28,TR701720,Exodia / 1tot,156933.0,5044.0,19.0,Fast-Flow,84,9,4,28,28,28
29,TR933222,Ramoscelli,96595.0,5197.0,17.0,Melodic,84,9,4,29,29,29
30,TR242610,Sono Io !!,144000.0,4104.0,19.0,Slow Dark,84,9,4,30,30,30
31,TR383343,Rovesciata,101333.0,5228.0,18.0,Melodic,84,9,15,31,31,31
32,TR127960,ceo 2,169000.0,4354.0,47.0,Hype,84,2,16,32,32,32
33,TR792261,Lil Peep,97593.0,4140.0,21.0,Fast-Flow,84,10,17,33,33,33
34,TR692137,ABC,138560.0,5915.0,48.0,Hype,84,7,18,34,34,34
35,TR344681,ALIENO,111966.0,5947.0,10.0,Melodic,84,11,19,35,35,35
36,TR945862,Teschio,179277.0,5630.0,14.0,Melodic,84,9,4,36,36,36
37,TR266736,Mattonelle*,138560.0,4623.0,48.0,Hype,84,7,20,37,37,37
38,TR972244,BELLU GUAGLIONE,174545.0,4207.0,41.0,Fast-Flow,84,12,21,38,38,38
39,TR998208,Acqua Panna,155178.0,5383.0,0.0,Minimal,84,13,17,39,39,39
40,TR628388,AIDS FREESTYLE,138560.0,4893.0,48.0,Slow Dark,84,7,22,40,40,40
41,TR885356,0.25X,107532.0,4255.0,41.0,Hype,84,2,16,41,41,41
42,TR614930,3SOME,122076.0,5003.0,31.0,Hype,84,14,23,42,42,42
43,TR227001,A te e famiglia Freestyle,169263.0,4080.0,70.0,Slow Dark,84,15,24,43,43,43
44,TR715264,​non è normale,188761.0,5836.0,27.0,Slow Dark,84,16,25,44,44,44
45,TR281299,TECKTONiiK,181960.0,4531.0,44.0,Fast-Flow,84,2,16,45,45,45
46,TR219098,Rosa Chemical,149196.0,5339.0,51.0,Melodic,84,17,17,46,46,46
47,TR553749,bRAtZz,187397.0,4636.0,37.0,Fast-Flow,84,2,16,47,47,47
48,TR573924,Akureyri RMX,138560.0,5054.0,48.0,Fast-Flow,84,7,26,48,48,48
49,TR225367,TIPO DI N,169000.0,5108.0,36.0,Hype,84,2,16,49,49,49
50,TR618229,#ERAMEGLIOSEINGOIAVA Freestyle,138560.0,4381.0,48.0,Fast-Flow,84,7,27,50,50,50
51,TR792145,Blackout,157941.0,5955.0,21.0,Fast-Flow,84,18,28,51,51,51
52,TR578432,X&V,143389.0,5565.0,34.0,Hype,84,2,16,52,52,52
53,TR353097,PANTONE 17-3930,162406.0,5896.0,47.0,Minimal,84,19,29,53,53,53
54,TR904495,Dovreicomprarmiunacollanacomeimigos,138560.0,5807.0,48.0,Minimal,84,7,30,54,54,54
55,TR990916,Kournikova,99692.0,5207.0,6.0,Minimal,84,20,31,55,55,55
56,TR600518,BRITISH PROV 2014,170760.0,5860.0,38.0,Clean,84,21,32,56,56,56
57,TR127605,Dissing Eminem,138560.0,4188.0,48.0,Minimal,84,7,33,57,57,57
58,TR292829,I’m dead,255518.0,4405.0,44.0,Slow Dark,84,22,34,58,58,58
59,TR440692,LATTE +,138560.0,4103.0,48.0,Minimal,84,7,35,59,59,59
60,TR141416,I need some sleep (Intro),1304000.0,4664.0,5.0,Minimal,84,23,34,60,60,60
61,TR697931,esse Type beat,139888.0,4791.0,61.0,Hype,84,24,36,61,61,61
62,TR406572,Punk ’a Piana,168513.0,4555.0,24.0,Melodic,84,3,17,62,62,62
63,TR738305,Ritratti dell’odio,138560.0,5675.0,48.0,Minimal,84,7,37,63,63,63
64,TR842844,Keep on driving,336960.0,4727.0,34.0,Minimal,84,25,38,64,64,64
65,TR828673,Alone rhapsody,138560.0,4576.0,48.0,Minimal,84,7,39,65,65,65
66,TR568257,C. A. S.,170760.0,5100.0,38.0,Melodic,84,21,40,66,66,66
67,TR264304,One Take FM Free Mic,212573.0,4294.0,2.0,Hype,84,26,41,67,67,67
68,TR928912,Nel male,198949.0,5622.0,23.0,Hype,84,27,42,68,68,68
69,TR418448,Luciano Pavarotty // Glock,186000.0,4161.0,40.0,Melodic,84,28,30,69,69,69
70,TR756639,RASTAFARI_freestyle,149196.0,5991.0,51.0,Hype,84,17,43,70,70,70
71,TR639324,Groupie,161357.0,26270.0,36.0,Fast-Flow,9,29,44,71,71,71
72,TR990354,PLAIN JANE Freestyle,263013.0,17723.0,58.0,Warm Bangers,9,30,45,72,72,72
73,TR301160,Male o Bene,175047.0,14967.0,33.0,Slow Dark,9,31,46,73,73,73
74,TR957619,WIMBLEDON (64 Bars),185777.0,20603.0,37.0,Melodic,9,32,47,74,74,74
75,TR334229,Grizzly,128390.0,18546.0,22.0,Minimal,9,33,48,75,75,75
76,TR610853,Morosita,161250.0,17466.0,30.0,Hype,9,34,49,76,76,76
77,TR418321,3ND,134482.0,15735.0,25.0,Warm Bangers,9,35,50,77,77,77
78,TR598542,Chiara,188017.0,11748.0,37.0,Slow Dark,9,36,51,78,78,78
79,TR604553,Vaniglia,136585.0,13318.0,19.0,Fast-Flow,9,37,52,79,79,79
80,TR402240,1 2 3,118453.0,9595.0,37.0,Melodic,9,38,53,80,80,80
81,TR762108,TONICA,120050.0,12481.0,31.0,Melodic,9,39,54,81,81,81
82,TR513758,BUM BUM TAM TAM Freestyle,171118.0,11338.0,1.0,Melodic,9,40,55,82,82,82
83,TR694274,Chicas,144666.0,6848.0,17.0,Slow Dark,9,41,56,83,83,83
84,TR740353,BANDA,86000.0,5785.0,18.0,Warm Bangers,9,42,57,84,84,84
85,TR158456,Fenty,147038.0,6435.0,17.0,Slow Dark,9,43,58,85,85,85
86,TR414877,Dip Freestyle,140000.0,6104.0,15.0,Minimal,9,44,59,86,86,86
87,TR716390,Fya,174500.0,5473.0,21.0,Slow Dark,9,36,51,87,87,87
88,TR175544,Narciso,207428.0,5291.0,28.0,Hype,9,36,60,88,88,88
89,TR410236,Comunque Ciao,170465.0,5791.0,23.0,Slow Dark,9,36,51,89,89,89
90,TR393223,AIRBNB,144222.0,4955.0,20.0,Warm Bangers,9,45,61,90,90,90
91,TR953299,Roberta,143095.0,4251.0,23.0,Hype,9,46,62,91,91,91
92,TR932620,Cringe,136470.0,5442.0,23.0,Hype,9,47,63,92,92,92
93,TR109484,SUPERSEX,148888.0,5537.0,32.0,Melodic,9,48,64,93,93,93
94,TR206218,Stupida,159513.0,5136.0,16.0,Slow Dark,9,36,51,94,94,94
95,TR499439,Meno Male,174985.0,5558.0,24.0,Melodic,9,36,65,95,95,95
96,TR931906,Monica Bellucci,158577.0,5001.0,17.0,Fast-Flow,9,36,51,96,96,96
97,TR247496,Crisalide,188017.0,5059.0,37.0,Warm Bangers,9,36,51,97,97,97
98,TR332893,Lesbo Chic,161939.0,4866.0,16.0,Warm Bangers,9,36,51,98,98,98
99,TR412109,Ragazza Ladra,159406.0,4061.0,14.0,Melodic,9,36,51,99,99,99
100,TR862027,Regole,142080.0,4226.0,22.0,Hype,9,49,66,100,100,100
101,TR978323,Real Talk Freestyle 1,149333.0,4075.0,2.0,Melodic,9,50,12,101,101,101
102,TR986603,Démodé,144175.0,5286.0,19.0,Warm Bangers,9,36,51,102,102,102
103,TR981336,Contro Tutti,183250.0,4640.0,12.0,Slow Dark,9,36,51,103,103,103
104,TR882413,COVID19 FREESTYLE,186566.0,5031.0,5.0,Minimal,9,51,67,104,104,104
105,TR865293,Fili Del Tram,172445.0,5830.0,14.0,Fast-Flow,9,36,51,105,105,105
106,TR161081,Bambola,158258.0,4511.0,15.0,Melodic,9,36,51,106,106,106
107,TR849919,Dentro di me,157050.0,4835.0,25.0,Melodic,9,52,68,107,107,107
108,TR248283,Come Le Storie,181176.0,5527.0,19.0,Hype,9,53,69,108,108,108
109,TR583467,Intro,163520.0,4471.0,13.0,Melodic,9,54,70,109,109,109
110,TR880811,Memento,192611.0,4168.0,59.0,Melodic,9,55,70,110,110,110
111,TR760728,MAGA Freestyle,356317.0,4593.0,40.0,Melodic,9,56,71,111,111,111
112,TR818256,Missed Call,242293.0,4336.0,55.0,Minimal,9,57,70,112,112,112
113,TR753802,La prima volta,126857.0,5875.0,30.0,Fast-Flow,9,58,72,113,113,113
114,TR700625,Mood Blu,135277.0,5631.0,25.0,Fast-Flow,9,59,73,114,114,114
115,TR572871,Warzone Freestyle,150315.0,5281.0,5.0,Warm Bangers,9,60,74,115,115,115
116,TR968680,Rolling Papers,122448.0,5757.0,36.0,Hype,9,61,75,116,116,116
117,TR649979,Mantra,263274.0,5621.0,0.0,Melodic,9,62,70,117,117,117
118,TR165253,Creep,216521.0,4388.0,32.0,Hype,9,63,70,118,118,118
119,TR292193,Fotta Torinese,166120.0,5801.0,56.0,Melodic,9,64,70,119,119,119
120,TR473749,Anima su tela,169531.0,5094.0,11.0,Fast-Flow,9,65,70,120,120,120
121,TR976686,Ibridi,198260.0,5632.0,66.0,Minimal,9,66,70,121,121,121
122,TR714214,Murder,186008.0,5810.0,63.0,Slow Dark,9,67,70,122,122,122
123,TR559676,COVID Freestyle,186566.0,4648.0,5.0,Minimal,9,51,67,123,123,123
124,TR475374,Limonare,137714.0,4230.0,17.0,Warm Bangers,9,68,76,124,124,124
125,TR435397,Fear and Loathing,367520.0,4469.0,47.0,Minimal,9,69,70,125,125,125
126,TR710367,il filo rosso,187403.0,91830.0,68.0,Slow Dark,3,70,77,126,126,126
127,TR808461,Cin Cin,180094.0,74091.0,68.0,Fast-Flow,3,71,46,127,127,127
128,TR262231,"TesTa TrA Le NuVoLE, pT. 2",180000.0,33175.0,57.0,Slow Dark,3,72,6,128,128,128
129,TR829366,Chiara Ferragni,209552.0,21717.0,71.0,Melodic,3,73,78,129,129,129
130,TR281032,a me mi piace,140816.0,25356.0,75.0,Hype,3,74,79,130,130,130
131,TR133325,"Sogna, ragazzo, sogna",269850.0,21558.0,61.0,Fast-Flow,3,75,80,131,131,131
132,TR503086,"Testa tra le nuvole, Pt. 1",143399.0,17348.0,57.0,Minimal,3,71,81,132,132,132
133,TR620919,SuL Più BeLLo (Out Of My League),164999.0,13083.0,52.0,Hype,3,72,82,133,133,133
134,TR676249,sofia,175411.0,11366.0,52.0,Hype,3,76,83,134,134,134
135,TR221376,​bellissimissima,157031.0,14168.0,70.0,Hype,3,77,84,135,135,135
136,TR919426,Prima O Poi,222738.0,8371.0,36.0,Fast-Flow,3,78,85,136,136,136
137,TR662919,Wanderlust!,203076.0,8531.0,49.0,Slow Dark,3,71,86,137,137,137
138,TR206262,BeVo TuTTa La NoTTe,168426.0,8837.0,53.0,Fast-Flow,3,72,87,138,138,138
139,TR705644,SnoB,170760.0,7205.0,38.0,Slow Dark,3,72,88,139,139,139
140,TR150283,vai!,156923.0,7238.0,68.0,Hype,3,76,89,140,140,140
141,TR436647,Il Giro Del Mondo,213560.0,6948.0,48.0,Minimal,3,71,90,141,141,141
142,TR230274,SaN LoREnZo,202990.0,5053.0,58.0,Slow Dark,3,72,61,142,142,142
143,TR219425,Dove sei?,257142.0,5413.0,47.0,Minimal,3,71,91,143,143,143
144,TR696636,"Testa tra le nuvole, Pt. 0",172975.0,4614.0,38.0,Minimal,3,71,62,144,144,144
145,TR745117,anna,181570.0,4583.0,63.0,Slow Dark,3,79,92,145,145,145
146,TR366281,tante mila volte,198320.0,4085.0,56.0,Hype,3,79,92,146,146,146
147,TR135965,ma so che era innamorato,140816.0,5235.0,73.0,Hype,3,79,93,147,147,147
148,TR597783,Temporale (24 marzo),201286.0,5020.0,34.0,Minimal,3,71,62,148,148,148
149,TR658447,frida (Interlude),93414.0,4115.0,46.0,Hype,3,76,93,149,149,149
150,TR964144,Mica Male (2017),223009.0,4570.0,75.0,Minimal,3,80,94,150,150,150
151,TR985469,Disegno,172000.0,5833.0,42.0,Minimal,3,71,95,151,151,151
152,TR571032,SNOB FREESTYLE,216322.0,4492.0,5.0,Slow Dark,3,81,96,152,152,152
153,TR116485,vabbè ciao,160268.0,4303.0,64.0,Hype,3,76,93,153,153,153
154,TR273220,CI SARÒ,180714.0,4994.0,62.0,Slow Dark,3,82,97,154,154,154
155,TR649186,Tempo al Tempo,155629.0,5990.0,73.0,Minimal,3,83,98,155,155,155
156,TR922267,NoN La AsCoLTare,150360.0,4496.0,43.0,Fast-Flow,3,72,87,156,156,156
157,TR594999,PARIGI,159125.0,5360.0,46.0,Minimal,3,84,99,157,157,157
158,TR615864,Confusi,424565.0,5539.0,0.0,Minimal,3,85,100,158,158,158
159,TR405125,PARIGI RMX,175489.0,4487.0,41.0,Melodic,3,86,101,159,159,159
160,TR531651,Serenata - From “Forever Out of My League”,138500.0,5472.0,42.0,Hype,3,87,102,160,160,160
161,TR724566,NoRd,202990.0,4750.0,58.0,Slow Dark,3,72,87,161,161,161
162,TR178424,Le Cose in Comune,151624.0,5280.0,59.0,Fast-Flow,3,88,103,162,162,162
163,TR403917,You Make Me So Happy,142062.0,5282.0,50.0,Hype,3,89,104,163,163,163
164,TR362368,nei tuoi occhi cosa c’è,146823.0,5086.0,49.0,Fast-Flow,3,76,93,164,164,164
165,TR378408,come il sole,134985.0,4192.0,56.0,Fast-Flow,3,79,92,165,165,165
166,TR557926,5 MINUTI,167162.0,5687.0,55.0,Fast-Flow,3,90,105,166,166,166
167,TR738175,SoLd OuT,138320.0,4654.0,29.0,Fast-Flow,3,72,87,167,167,167
168,TR628261,non so chi ha creato il mondo,187403.0,4387.0,71.0,Hype,3,76,93,168,168,168
169,TR338658,StuPefaCenTe,143653.0,4092.0,42.0,Minimal,3,72,87,169,169,169
170,TR810734,il mio colore preferito,188311.0,5197.0,44.0,Hype,3,76,93,170,170,170
171,TR152109,dormono tutti,73762.0,5370.0,50.0,Minimal,3,79,92,171,171,171
172,TR453559,ma tu come stai,180446.0,4045.0,42.0,Slow Dark,3,76,93,172,172,172
173,TR128271,NoN RicORdo il NOmE,147720.0,5038.0,30.0,Slow Dark,3,72,87,173,173,173
174,TR439223,Disegno (Piano E Voce),153163.0,4465.0,31.0,Minimal,3,71,62,174,174,174
175,TR723224,metti a posto:,112795.0,5305.0,42.0,Slow Dark,3,79,93,175,175,175
176,TR708813,Wanderlust! (Piano E Voce),191501.0,4361.0,31.0,Minimal,3,71,62,176,176,176
177,TR611871,WNDLST Freestyle,216322.0,5398.0,5.0,Melodic,3,81,106,177,177,177
178,TR805380,Alfa (Intro),109000.0,4786.0,45.0,Warm Bangers,3,91,94,178,178,178
179,TR417231,Mica Male,219794.0,5892.0,17.0,Fast-Flow,3,92,107,179,179,179
180,TR621300,Supernova,208947.0,4288.0,27.0,Hype,3,93,108,180,180,180
181,TR940611,105 Mi Casa Mashup: Alfa con Cin Cin su Davide,187403.0,4695.0,68.0,Minimal,3,70,109,181,181,181
182,TR191602,COVID19 FREESTYLE,216322.0,4237.0,5.0,Slow Dark,3,81,110,182,182,182
183,TR305190,Cerco un posto,99674.0,5866.0,37.0,Hype,3,94,111,183,183,183
184,TR386205,Il mondo immobile,140816.0,5773.0,75.0,Slow Dark,3,74,112,184,184,184
185,TR467224,Stelle,174000.0,4530.0,0.0,Minimal,3,95,113,185,185,185
186,TR791800,Tanti auguri mario.mp3,211360.0,5334.0,69.0,Slow Dark,3,96,114,186,186,186
187,TR289284,Via,569260.0,5651.0,56.0,Hype,3,97,115,187,187,187
188,TR679064,Wndrlst Freestyle,216322.0,5123.0,5.0,Slow Dark,3,81,116,188,188,188
189,TR839898,Jet lag,194355.0,5074.0,13.0,Minimal,3,98,108,189,189,189
190,TR711443,Papillon,170077.0,4498.0,5.0,Minimal,3,99,94,190,190,190
191,TR435903,AM Freestyle,242480.0,4198.0,13.0,Slow Dark,3,100,117,191,191,191
192,TR950311,Okk Freestyle,216322.0,5808.0,5.0,Warm Bangers,3,81,118,192,192,192
193,TR747206,Vivo Così,154229.0,5818.0,46.0,Fast-Flow,3,101,94,193,193,193
194,TR454956,M’ama,232986.0,5283.0,38.0,Minimal,3,102,94,194,194,194
195,TR369830,ACUSTICA CI SARÒ,290426.0,4692.0,2.0,Slow Dark,3,103,119,195,195,195
196,TR494201,Ti scorderai,172654.0,4713.0,66.0,Minimal,3,104,120,196,196,196
197,TR968269,Omega (Outro),68000.0,5467.0,1.0,Fast-Flow,3,105,94,197,197,197
198,TR450760,Ubriachi fanno cose freestyle,221204.0,5810.0,56.0,Melodic,3,106,121,198,198,198
199,TR420842,​blun7 a swishland,167760.0,524979.0,56.0,Melodic,97,107,122,199,199,199
200,TR898853,​oh 9od,204467.0,365488.0,57.0,Melodic,97,107,123,200,200,200
201,TR450958,​fuck 3x,161266.0,203090.0,59.0,Fast-Flow,97,107,124,201,201,201
202,TR388875,​sw1n6o,184037.0,131551.0,51.0,Fast-Flow,97,107,124,202,202,202
203,TR207006,​ch1 5ei te,183762.0,123287.0,56.0,Hype,97,107,124,203,203,203
204,TR372798,​m12ano,188426.0,162655.0,50.0,Hype,97,107,124,204,204,204
205,TR553511,​occh1 purpl3,187821.0,140663.0,47.0,Hype,97,107,124,205,205,205
206,TR907857,0ffline,201094.0,99141.0,58.0,Warm Bangers,97,107,125,206,206,206
207,TR304202,​no14,176440.0,97863.0,49.0,Melodic,97,107,124,207,207,207
208,TR157424,​pers0na2,251511.0,122860.0,47.0,Fast-Flow,97,107,124,208,208,208
209,TR870865,​m8nstar,164825.0,92137.0,51.0,Slow Dark,97,107,126,209,209,209
210,TR512282,​scuol4,169588.0,85276.0,52.0,Minimal,97,107,127,210,210,210
211,TR996368,5olo,123039.0,100508.0,45.0,Hype,97,107,128,211,211,211
212,TR101689,​come fa1,128774.0,102308.0,49.0,Fast-Flow,97,107,124,212,212,212
213,TR324938,​gua10,177223.0,96119.0,46.0,Fast-Flow,97,107,124,213,213,213
214,TR441659,2ollipop,149305.0,77089.0,47.0,Melodic,97,107,124,214,214,214
215,TR206084,6itch,150753.0,68247.0,47.0,Hype,97,107,129,215,215,215
216,TR387722,​s!r!,237701.0,53347.0,58.0,Fast-Flow,97,108,130,216,216,216
217,TR995900,​molecole (interlude),125089.0,54999.0,52.0,Minimal,97,108,131,217,217,217
218,TR211441,7rapper ma1,86666.0,62019.0,41.0,Fast-Flow,97,107,124,218,218,218
219,TR157006,​parano1a k1d,144098.0,59318.0,44.0,Hype,97,107,124,219,219,219
220,TR324713,​c!ao,212920.0,63543.0,55.0,Warm Bangers,97,108,131,220,220,220
221,TR828958,8rosk1,171733.0,59144.0,44.0,Hype,97,107,124,221,221,221
222,TR457949,​bubb1e 9um,118717.0,56735.0,43.0,Melodic,97,107,124,222,222,222
223,TR565019,​m%n,112430.0,38264.0,51.0,Melodic,97,109,51,223,223,223
224,TR811171,EGLI È IL RE,177433.0,39861.0,48.0,Hype,97,110,132,224,224,224
225,TR953250,Dimmi Che C’è,182078.0,33218.0,60.0,Fast-Flow,97,108,133,225,225,225
226,TR822203,POSTO MIO,200842.0,32275.0,57.0,Hype,97,110,132,226,226,226
227,TR744938,!ly,206494.0,42146.0,59.0,Fast-Flow,97,108,131,227,227,227
228,TR397308,​r()t()nda,159592.0,31497.0,50.0,Fast-Flow,97,108,131,228,228,228
229,TR694598,Loooser,182078.0,34583.0,60.0,Fast-Flow,97,108,134,229,229,229
230,TR667342,​mi @mi o è f@ke,128266.0,31057.0,55.0,Fast-Flow,97,108,131,230,230,230
231,TR673689,​l%p,176290.0,30349.0,49.0,Melodic,97,108,131,231,231,231
232,TR212338,SO CHE CI SEI,172343.0,27055.0,52.0,Fast-Flow,97,110,132,232,232,232
233,TR743707,​mar+e,177433.0,27371.0,48.0,Slow Dark,97,110,131,233,233,233
234,TR612337,​come t! vorre!,197786.0,26109.0,46.0,Slow Dark,97,108,131,234,234,234
235,TR994495,​sci@ll@,184786.0,22819.0,48.0,Warm Bangers,97,108,131,235,235,235
236,TR372774,BLESS SU BLESS,160285.0,27955.0,51.0,Hype,97,110,132,236,236,236
237,TR257728,​rock & rolla,177106.0,23203.0,49.0,Hype,97,108,131,237,237,237
238,TR488821,​okk@pp@,142373.0,19575.0,48.0,Slow Dark,97,108,135,238,238,238
239,TR993112,ONE KING,151508.0,25318.0,49.0,Warm Bangers,97,110,132,239,239,239
240,TR341799,_bilico_,143746.0,18214.0,46.0,Hype,97,108,131,240,240,240
241,TR394875,Annabelle,161266.0,23681.0,59.0,Warm Bangers,97,107,136,241,241,241
242,TR444969,COME POLVERE,194275.0,22996.0,46.0,Fast-Flow,97,110,132,242,242,242
243,TR827502,​ye@h,156616.0,22268.0,48.0,Melodic,97,108,131,243,243,243
244,TR674291,​cas!no nella m!a testa,147106.0,17988.0,51.0,Melodic,97,108,131,244,244,244
245,TR479694,OCCHI MIEI,154163.0,14566.0,45.0,Slow Dark,97,110,132,245,245,245
246,TR690670,​r!va,170343.0,20942.0,49.0,Slow Dark,97,108,131,246,246,246
247,TR652752,BACK TO BACK,137608.0,15769.0,46.0,Warm Bangers,97,110,132,247,247,247
248,TR708360,​w()ah,163540.0,17957.0,47.0,Hype,97,108,131,248,248,248
249,TR584013,Gumball Freestyle,167760.0,15917.0,56.0,Fast-Flow,97,107,10,249,249,249
250,TR125573,​b@by nel bed,120440.0,14498.0,43.0,Fast-Flow,97,108,131,250,250,250
251,TR241944,Rockstar*,183762.0,10923.0,56.0,Minimal,97,107,137,251,251,251
252,TR753977,+ bla se c’è bling,114408.0,11280.0,42.0,Hype,97,108,131,252,252,252
253,TR807338,6 1 akkollino freestyle,138558.0,11986.0,21.0,Warm Bangers,97,111,138,253,253,253
254,TR202937,URAGANO DAMN,202357.0,9214.0,45.0,Hype,97,112,139,254,254,254
255,TR106485,COVID-19 Freestyle,186566.0,7665.0,5.0,Clean,97,113,140,255,255,255
256,TR210154,6itch 2,150753.0,8994.0,47.0,Warm Bangers,97,107,141,256,256,256
257,TR348646,FVCK GO551P Freestyle,176170.0,8990.0,31.0,Warm Bangers,97,114,142,257,257,257
258,TR460325,​no chance mai (no champagne rmx),180833.0,7279.0,29.0,Warm Bangers,97,115,143,258,258,258
259,TR557093,Thalloween,167760.0,5662.0,56.0,Warm Bangers,97,107,144,259,259,259
260,TR937881,Purple,44575.0,4205.0,32.0,Melodic,97,116,145,260,260,260
261,TR743448,Particolare,161266.0,5243.0,59.0,Warm Bangers,97,107,146,261,261,261
262,TR432428,Veri Fra*,192096.0,5994.0,72.0,Warm Bangers,97,117,147,262,262,262
263,TR480687,Blunt*,167760.0,4292.0,56.0,Melodic,97,107,132,263,263,263
264,TR372255,Buon N***** - RMX,177545.0,5049.0,65.0,Warm Bangers,97,118,148,264,264,264
265,TR440199,Bugs Bunny,152440.0,5770.0,53.0,Melodic,97,119,149,265,265,265
266,TR121015,Coraline In Love,186964.0,5494.0,97.0,Warm Bangers,97,120,150,266,266,266
267,TR865487,Skkkkkrrrrtttttttt,161266.0,5409.0,59.0,Melodic,97,107,151,267,267,267
268,TR725416,Drilluminazione acu,167760.0,5420.0,56.0,Melodic,97,107,152,268,268,268
269,TR481273,I.B.F.M. rmx,161266.0,4733.0,59.0,Hype,97,107,153,269,269,269
270,TR732986,Cazzeggio Nella BV3 House,161266.0,4600.0,59.0,Hype,97,107,154,270,270,270
271,TR120883,Roba illegale/Coro*,173000.0,5633.0,16.0,Minimal,97,121,132,271,271,271
272,TR511380,Non ti interessa*,206896.0,5637.0,69.0,Minimal,97,122,155,272,272,272
273,TR350878,No Sleep,200040.0,5750.0,91.0,Melodic,97,123,156,273,273,273
274,TR926861,​coltellata versione per fatte salì la pezza,176146.0,5842.0,55.0,Fast-Flow,97,124,157,274,274,274
275,TR834217,Quasi le tre*,207346.0,5037.0,68.0,Minimal,97,125,158,275,275,275
276,TR264646,M8nstar Acustica,166281.0,5017.0,11.0,Minimal,97,126,159,276,276,276
277,TR663153,​ao,212920.0,5612.0,55.0,Warm Bangers,97,108,160,277,277,277
278,TR525648,Dulcis in Fundo,231480.0,5314.0,39.0,Minimal,97,127,161,278,278,278
279,TR815514,No Champagne,142615.0,5419.0,69.0,Warm Bangers,97,128,162,279,279,279
280,TR735016,Night Cherry,203161.0,5607.0,2.0,Melodic,97,129,163,280,280,280
281,TR819317,Fuori dai guai,210400.0,5796.0,48.0,Fast-Flow,97,130,164,281,281,281
282,TR114966,Ice Gelato*,201845.0,4690.0,66.0,Melodic,97,131,165,282,282,282
283,TR720005,​baby dopo che uno sconosciuto t’ha venduto una caramella,176999.0,4764.0,74.0,Warm Bangers,97,132,166,283,283,283
284,TR993674,Ch1 5ei te presammale,207092.0,4199.0,2.0,Slow Dark,97,133,167,284,284,284
285,TR847020,Fuck 3x dalla traphouse a youtube,182245.0,5172.0,76.0,Hype,97,117,168,285,285,285
286,TR514907,Circus,183762.0,4084.0,56.0,Melodic,97,107,169,286,286,286
287,TR416240,Among sus,110153.0,4943.0,29.0,Fast-Flow,97,134,102,287,287,287
288,TR358391,Lil Trapboy,207202.0,5098.0,26.0,Melodic,97,135,170,288,288,288
289,TR731743,Moonrise,174360.0,4584.0,47.0,Melodic,97,108,171,289,289,289
290,TR936795,Sbsm try not to cry challenge version,2749933.0,5194.0,23.0,Slow Dark,97,136,172,290,290,290
291,TR466375,I Don’t Give a Fück,191999.0,4071.0,70.0,Minimal,97,128,173,291,291,291
292,TR975063,Swaggavamo a scuola,84088.0,4085.0,23.0,Melodic,97,137,174,292,292,292
293,TR907194,X 1 mex sgravata impazzita col beatbox,174746.0,5659.0,49.0,Warm Bangers,97,138,175,293,293,293
294,TR611312,Trap house,179545.0,4731.0,64.0,Melodic,97,139,176,294,294,294
295,TR972668,Fuck*,161266.0,4266.0,59.0,Fast-Flow,97,107,124,295,295,295
296,TR416283,Wickedboi,161266.0,5058.0,59.0,Melodic,97,107,177,296,296,296
297,TR745980,Uh x6 yah,195750.0,5555.0,61.0,Fast-Flow,97,122,102,297,297,297
298,TR890034,Whats poppin freestyle,97804.0,4443.0,24.0,Melodic,97,140,178,298,298,298
299,TR676899,Chu9ju9,167760.0,5261.0,56.0,Slow Dark,97,107,179,299,299,299
300,TR266226,Dove Sto*,183520.0,4182.0,73.0,Warm Bangers,97,141,180,300,300,300
301,TR238386,Nuova Car,190825.0,4114.0,49.0,Slow Dark,97,142,181,301,301,301
302,TR601663,Mad world con le righe delle lacrime sulle guance,156180.0,5074.0,1.0,Slow Dark,97,143,166,302,302,302
303,TR461343,2ombie*,161266.0,5096.0,59.0,Fast-Flow,97,107,124,303,303,303
304,TR375560,via da te,226906.0,5289.0,82.0,Minimal,97,117,182,304,304,304
305,TR737119,Shawty,184931.0,8844.0,53.0,Fast-Flow,104,144,183,305,305,305
306,TR121673,Kiss You (F**k You),207400.0,6352.0,60.0,Warm Bangers,104,144,184,306,306,306
307,TR497292,Primm Ca M N Vac,147906.0,5047.0,25.0,Slow Dark,104,144,184,307,307,307
308,TR864686,Ma Xké A Me?,156226.0,4657.0,28.0,Warm Bangers,104,145,76,308,308,308
309,TR594886,Sincer,221204.0,5604.0,38.0,Slow Dark,104,146,185,309,309,309
310,TR986430,Ngopp ’A Di,182240.0,4553.0,23.0,Warm Bangers,104,144,184,310,310,310
311,TR230593,ATM,154653.0,4890.0,27.0,Warm Bangers,104,144,184,311,311,311
312,TR654230,Tutto L’Oro,181960.0,4167.0,24.0,Fast-Flow,104,144,184,312,312,312
313,TR192580,Money Cash,146480.0,4061.0,29.0,Warm Bangers,104,144,184,313,313,313
314,TR153838,Champagne Problems,155120.0,5941.0,35.0,Warm Bangers,104,144,184,314,314,314
315,TR187151,Basti Tu,178200.0,5688.0,28.0,Slow Dark,104,144,184,315,315,315
316,TR327917,Thanks,138106.0,5407.0,25.0,Slow Dark,104,144,184,316,316,316
317,TR973655,Baby U,159000.0,4831.0,28.0,Warm Bangers,104,147,186,317,317,317
318,TR758411,Marijuana,174600.0,4358.0,33.0,Slow Dark,104,148,23,318,318,318
319,TR627041,Solo,180626.0,4324.0,26.0,Slow Dark,104,144,184,319,319,319
320,TR865433,Matchy Matchy,150508.0,4511.0,26.0,Warm Bangers,104,147,186,320,320,320
321,TR694732,Montana,207400.0,5112.0,60.0,Fast-Flow,104,144,187,321,321,321
322,TR629470,Justin Bieber,172137.0,5442.0,23.0,Fast-Flow,104,147,186,322,322,322
323,TR640824,Fuck that Bitch #1,135226.0,5336.0,54.0,Minimal,104,149,188,323,323,323
324,TR143161,Teng Sul A Te,147443.0,4572.0,26.0,Warm Bangers,104,147,186,324,324,324
325,TR446988,Verde,150769.0,5926.0,25.0,Melodic,104,147,186,325,325,325
326,TR374285,Club Paradiso,145920.0,5490.0,22.0,Warm Bangers,104,147,186,326,326,326
327,TR678543,CANZONE D’ODIO,162969.0,215342.0,69.0,Fast-Flow,54,150,189,327,327,327
328,TR501409,Morto mai,145640.0,193276.0,65.0,Fast-Flow,54,151,190,328,328,328
329,TR907775,100 MESSAGGI,318492.0,177929.0,57.0,Fast-Flow,54,152,191,329,329,329
330,TR113434,MOB,213613.0,164321.0,54.0,Melodic,54,153,192,330,330,330
331,TR946838,J,145121.0,142974.0,55.0,Fast-Flow,54,154,193,331,331,331
332,TR932036,MEZZE VERITÀ,226424.0,146535.0,59.0,Hype,54,152,189,332,332,332
333,TR812690,Ouver2re,185930.0,104463.0,48.0,Melodic,54,155,194,333,333,333
334,TR255598,SLIME,208233.0,109310.0,57.0,Slow Dark,54,154,193,334,334,334
335,TR830773,ZERI IN PIÙ (LOCURA),255666.0,100972.0,54.0,Slow Dark,54,156,195,335,335,335
336,TR930078,Catrame,200146.0,97837.0,56.0,Fast-Flow,54,151,190,336,336,336
337,TR963090,ALYX,183027.0,134533.0,60.0,Warm Bangers,54,154,193,337,337,337
338,TR578122,2 TIRI,162982.0,116873.0,54.0,Fast-Flow,54,154,193,338,338,338
339,TR933715,Gigolò,164301.0,106336.0,60.0,Melodic,54,155,196,339,339,339
340,TR694879,Ouverture,213573.0,86039.0,43.0,Melodic,54,153,197,340,340,340
341,TR721579,Lario,190186.0,102118.0,47.0,Melodic,54,153,198,341,341,341
342,TR580342,FENTANYL,188081.0,93048.0,66.0,Fast-Flow,54,150,189,342,342,342
343,TR786668,Re Mida,145640.0,81209.0,65.0,Slow Dark,54,151,190,343,343,343
344,TR678962,Netflix,153826.0,89979.0,51.0,Slow Dark,54,151,199,344,344,344
345,TR208409,Porto Cervo,233680.0,87245.0,54.0,Melodic,54,151,200,345,345,345
346,TR949520,Iside,152733.0,94957.0,52.0,Slow Dark,54,151,190,346,346,346
347,TR398315,LIMBO,159154.0,95404.0,52.0,Warm Bangers,54,154,193,347,347,347
348,TR635953,Gucci Ski Mask,205640.0,72575.0,55.0,Hype,54,151,59,348,348,348
349,TR142384,ABITUDINE,254266.0,83948.0,58.0,Fast-Flow,54,152,189,349,349,349
350,TR772603,PIOVE,155862.0,91215.0,63.0,Fast-Flow,54,157,174,350,350,350
351,TR230478,DDA,165920.0,86858.0,44.0,Slow Dark,54,153,201,351,351,351
352,TR520250,OUV3RTURE,172862.0,97125.0,51.0,Melodic,54,157,202,352,352,352
353,TR198630,MONCLER,177746.0,81579.0,46.0,Warm Bangers,54,154,193,353,353,353
354,TR319135,BUIO DAVANTI,189642.0,65938.0,75.0,Fast-Flow,54,150,189,354,354,354
355,TR343382,FRIEND,148403.0,60164.0,51.0,Hype,54,154,193,355,355,355
356,TR253376,Cazal,185720.0,76468.0,47.0,Fast-Flow,54,151,190,356,356,356
357,TR318541,GHETTO SUPERSTAR,242808.0,57364.0,53.0,Warm Bangers,54,156,189,357,357,357
358,TR936261,Diablo,173658.0,72579.0,37.0,Warm Bangers,54,158,203,358,358,358
359,TR891506,L’ERBA VOGLIO (Geordie),153173.0,81975.0,48.0,Fast-Flow,54,154,193,359,359,359
360,TR534083,24H,215826.0,65182.0,47.0,Melodic,54,151,190,360,360,360
361,TR765270,MON AMOUR,153680.0,59830.0,52.0,Hype,54,154,193,361,361,361
362,TR936150,USCITO DI GALERA,172654.0,64940.0,66.0,Fast-Flow,54,157,174,362,362,362
363,TR863566,CENERE,208323.0,60393.0,66.0,Slow Dark,54,157,8,363,363,363
364,TR388378,CLEAN,143533.0,61311.0,49.0,Warm Bangers,54,154,193,364,364,364
365,TR566076,HOT,249773.0,70824.0,55.0,Hype,54,156,189,365,365,365
366,TR609656,-3 (PERDERE IL VOLO),184846.0,56445.0,57.0,Minimal,54,152,189,366,366,366
367,TR213067,MEZZO SPORT (64 Bars),132428.0,70008.0,49.0,Hype,54,159,204,367,367,367
368,TR587870,CERTE COSE,207989.0,67953.0,57.0,Slow Dark,54,152,189,368,368,368
369,TR270089,Silenzio,213346.0,50010.0,41.0,Warm Bangers,54,153,198,369,369,369
370,TR663447,VERDI NEI VIOLA,183132.0,46856.0,57.0,Hype,54,150,189,370,370,370
371,TR248150,Superman,175293.0,45293.0,46.0,Fast-Flow,54,151,190,371,371,371
372,TR859902,NESSUNO,148452.0,42706.0,60.0,Melodic,54,157,174,372,372,372
373,TR278430,ALIBI,178051.0,44082.0,52.0,Hype,54,157,174,373,373,373
374,TR960797,DOLCEVITA,204803.0,55152.0,54.0,Slow Dark,54,156,189,374,374,374
375,TR843415,TOPBOY,206493.0,41813.0,53.0,Warm Bangers,54,157,174,375,375,375
376,TR288384,Maleducati,230106.0,46010.0,39.0,Warm Bangers,54,153,205,376,376,376
377,TR216323,Million Dollar,190862.0,53959.0,48.0,Warm Bangers,54,155,196,377,377,377
378,TR525338,Box Logo,133853.0,36826.0,46.0,Warm Bangers,54,151,190,378,378,378
379,TR878274,Per sempre,143200.0,49818.0,43.0,Slow Dark,54,151,190,379,379,379
380,TR440214,SOGNI D’ORO,157467.0,39135.0,57.0,Fast-Flow,54,157,174,380,380,380
381,TR685574,Povero te,193040.0,36321.0,41.0,Fast-Flow,54,151,206,381,381,381
382,TR245117,NULLA DI,178937.0,43275.0,49.0,Fast-Flow,54,157,174,382,382,382
383,TR862177,MNM,230040.0,40485.0,40.0,Slow Dark,54,153,198,383,383,383
384,TR994099,CASANOVA,173760.0,44269.0,55.0,Warm Bangers,54,156,189,384,384,384
385,TR138549,Dry: La mia ora,124714.0,41464.0,42.0,Fast-Flow,54,155,196,385,385,385
386,TR307970,ESTRANEO,202222.0,42420.0,54.0,Hype,54,150,189,386,386,386
387,TR376023,Bisturi Freestyle,205660.0,34188.0,35.0,Warm Bangers,54,160,207,387,387,387
388,TR680065,Desperado,158213.0,32341.0,43.0,Fast-Flow,54,151,190,388,388,388
389,TR472894,Zzala,213613.0,40600.0,54.0,Warm Bangers,54,153,198,389,389,389
390,TR538180,PUTO,173142.0,39913.0,47.0,Warm Bangers,54,157,174,390,390,390
391,TR469953,CINEMA,201139.0,42368.0,52.0,Slow Dark,54,157,174,391,391,391
392,TR801615,Lario RMX,193676.0,33824.0,43.0,Melodic,54,161,208,392,392,392
393,TR791489,GIORNO DA CANI,176213.0,33064.0,56.0,Warm Bangers,54,152,189,393,393,393
394,TR817962,MALE DA VENDERE,186190.0,38558.0,55.0,Warm Bangers,54,150,189,394,394,394
395,TR971533,PANICO,188564.0,32496.0,66.0,Fast-Flow,54,157,174,395,395,395
396,TR910973,SENZA RUMORE,229147.0,40496.0,55.0,Minimal,54,157,174,396,396,396
397,TR337843,BUGIA,204226.0,39303.0,50.0,Slow Dark,54,157,174,397,397,397
398,TR454186,JEFE,195393.0,33304.0,45.0,Fast-Flow,54,157,174,398,398,398
399,TR855044,MOLOTOV,160204.0,37012.0,58.0,Fast-Flow,54,157,101,399,399,399
400,TR686116,Morto Mai (Piano Solo),160374.0,37051.0,59.0,Minimal,54,162,196,400,400,400
401,TR251021,No Selfie,167840.0,26863.0,41.0,Warm Bangers,54,151,190,401,401,401
402,TR281060,OuverFOURe,179619.0,36762.0,54.0,Melodic,54,156,209,402,402,402
403,TR770458,Take Away,193106.0,31425.0,38.0,Melodic,54,153,198,403,403,403
404,TR624333,Frio,129062.0,35192.0,44.0,Melodic,54,155,196,404,404,404
405,TR145430,Origami,150226.0,28517.0,39.0,Warm Bangers,54,153,198,405,405,405
406,TR528672,SAFARI,187034.0,34408.0,54.0,Fast-Flow,54,156,189,406,406,406
407,TR890122,2 Cellulari,160053.0,27999.0,46.0,Fast-Flow,54,151,190,407,407,407
408,TR200936,3 PALI,192827.0,21628.0,47.0,Fast-Flow,54,157,174,408,408,408
409,TR115744,ZONDA,217190.0,28327.0,49.0,Warm Bangers,54,163,210,409,409,409
410,TR814815,REPLAY,191406.0,19005.0,47.0,Warm Bangers,54,157,174,410,410,410
411,TR349937,PIOVE (Concertos),171025.0,20826.0,45.0,Minimal,54,164,211,411,411,411
412,TR525771,430,213600.0,25948.0,35.0,Fast-Flow,54,153,198,412,412,412
413,TR412129,Fuego,123523.0,24591.0,29.0,Warm Bangers,54,165,212,413,413,413
414,TR289233,Come Le Sirene,214285.0,21034.0,74.0,Fast-Flow,54,166,213,414,414,414
415,TR945750,Catrame (Piano Solo),218000.0,19275.0,48.0,Minimal,54,162,196,415,415,415
416,TR791377,NESSUNO (Concertos),178920.0,17534.0,46.0,Slow Dark,54,164,211,416,416,416
417,TR606950,I.B.F.M.,183471.0,16025.0,28.0,Warm Bangers,54,167,214,417,417,417
418,TR155914,Poteva Andarti Peggio,215133.0,15251.0,39.0,Slow Dark,54,168,213,418,418,418
419,TR521587,Wall Street Freestyle,110400.0,17364.0,35.0,Fast-Flow,54,169,215,419,419,419
420,TR293124,N70,267360.0,17817.0,0.0,Fast-Flow,54,170,48,420,420,420
421,TR661605,Jolly Freestyle,120360.0,14134.0,42.0,Fast-Flow,54,171,216,421,421,421
422,TR660076,24H (Piano Solo),199852.0,13314.0,40.0,Minimal,54,162,196,422,422,422
423,TR214362,Replica,191406.0,9236.0,47.0,Slow Dark,54,157,213,423,423,423
424,TR369777,Super Santos Freestyle,107727.0,10933.0,34.0,Fast-Flow,54,172,217,424,424,424
425,TR236358,Re Mida (Piano Solo),160374.0,8948.0,59.0,Minimal,54,162,196,425,425,425
426,TR606025,MI ANTHEM,129408.0,10336.0,43.0,Melodic,54,173,218,426,426,426
427,TR740132,Netflix (Piano Solo),157286.0,9588.0,42.0,Minimal,54,162,196,427,427,427
428,TR466976,Non Sei L’Unica,166366.0,11301.0,72.0,Slow Dark,54,174,213,428,428,428
429,TR446701,Sto Magazine Freestyle #8,197853.0,8771.0,24.0,Warm Bangers,54,175,219,429,429,429
430,TR420178,Superman (Piano Solo),176000.0,7862.0,40.0,Minimal,54,162,196,430,430,430
431,TR540787,Ouver2re (Piano Solo),113000.0,6787.0,38.0,Melodic,54,162,196,431,431,431
432,TR266237,NESSUNO (Demo),207346.0,8717.0,68.0,Minimal,54,176,178,432,432,432
433,TR892361,PIANO 20,167782.0,8081.0,0.0,Hype,54,177,220,433,433,433
434,TR309027,SENZA RUMORE (Concertos),236448.0,4917.0,50.0,Minimal,54,164,211,434,434,434
435,TR368629,Desperado (Piano Solo),168416.0,4759.0,40.0,Minimal,54,162,196,435,435,435
436,TR826767,LIMBO FREESTYLE,159154.0,5722.0,52.0,Warm Bangers,54,154,221,436,436,436
437,TR505501,The Exchange,334743.0,4156.0,84.0,Melodic,54,178,222,437,437,437
438,TR199770,BSMNT 105 Freestyle,169411.0,5658.0,63.0,Melodic,54,179,223,438,438,438
439,TR145619,Cerotti,207989.0,5429.0,57.0,Fast-Flow,54,152,224,439,439,439
440,TR472675,Beyblade,198260.0,4175.0,66.0,Clean,54,180,225,440,440,440
441,TR990546,PANICO (Concertos),186986.0,4181.0,46.0,Minimal,54,164,211,441,441,441
442,TR235108,BIG Freestyle,157659.0,5990.0,6.0,Slow Dark,54,181,226,442,442,442
443,TR720383,#NSSAUC,172654.0,4762.0,66.0,Warm Bangers,54,157,213,443,443,443
444,TR423080,È Vero,362506.0,4756.0,0.0,Fast-Flow,54,182,213,444,444,444
445,TR702473,ALIBI (Concertos),199308.0,5641.0,44.0,Minimal,54,164,211,445,445,445
446,TR180163,NULLA DI (Concertos),187759.0,5911.0,43.0,Minimal,54,164,211,446,446,446
447,TR606841,Tempo*,159872.0,5989.0,8.0,Minimal,54,183,227,447,447,447
448,TR677289,In Tilt,226041.0,5525.0,68.0,Slow Dark,54,184,213,448,448,448
449,TR381191,Tommy Jeans,223786.0,4763.0,65.0,Warm Bangers,54,185,228,449,449,449
450,TR897851,COVID FREESTYLE,206281.0,4177.0,0.0,Melodic,54,186,13,450,450,450
451,TR624317,INFINITY 333,293439.0,5569.0,31.0,Minimal,54,187,229,451,451,451
452,TR709785,MOLOTOV (Concertos),169450.0,5131.0,45.0,Minimal,54,164,211,452,452,452
453,TR348515,Maradona,79106.0,4862.0,0.0,Fast-Flow,54,188,213,453,453,453
454,TR575528,USCITO DI GALERA (Concertos),161819.0,5828.0,43.0,Fast-Flow,54,164,211,454,454,454
455,TR745650,Da Un Po’,187973.0,4235.0,2.0,Hype,54,189,213,455,455,455
456,TR843067,22 (Freestyle),151337.0,4998.0,20.0,Slow Dark,54,190,230,456,456,456
457,TR486985,A Me,132428.0,4035.0,49.0,Hype,54,159,213,457,457,457
458,TR235741,Ayrton Senna,217493.0,4952.0,15.0,Slow Dark,54,191,231,458,458,458
459,TR169398,Sulla Luna Freestyle,213280.0,4124.0,35.0,Hype,54,192,213,459,459,459
460,TR175046,PIOVE (Demo),173142.0,4251.0,47.0,Fast-Flow,54,157,120,460,460,460
461,TR674810,Montana,173142.0,4247.0,47.0,Warm Bangers,54,157,213,461,461,461
462,TR434190,Goin’ Up (Freestyle),218637.0,5314.0,38.0,Melodic,54,193,213,462,462,462
463,TR353123,May Day,181739.0,5509.0,13.0,Melodic,54,194,232,463,463,463
464,TR300396,Nasty Girl,178775.0,5181.0,94.0,Warm Bangers,54,195,213,464,464,464
465,TR686352,Può Accompagnare Solo (Freestyle),229253.0,5943.0,64.0,Hype,54,196,213,465,465,465
466,TR250749,Outro,259031.0,4763.0,0.0,Slow Dark,54,197,213,466,466,466
467,TR489812,Candida,189642.0,4586.0,75.0,Hype,54,150,233,467,467,467
468,TR880012,MOB (DJM),167840.0,5752.0,41.0,Melodic,54,151,228,468,468,468
469,TR199593,LAST BARS,290892.0,4459.0,0.0,Hype,54,198,234,469,469,469
470,TR969235,Intro,150588.0,5943.0,3.0,Melodic,54,199,233,470,470,470
471,TR159777,Sofisticato,189642.0,4037.0,75.0,Minimal,54,150,235,471,471,471
472,TR338808,Come Si Fa,405160.0,5957.0,0.0,Minimal,54,200,236,472,472,472
473,TR335051,Vince Carter Freestyle,217840.0,4097.0,6.0,Minimal,54,201,237,473,473,473
474,TR968331,Putas,198260.0,5799.0,66.0,Melodic,54,180,238,474,474,474
475,TR877622,Non Ho Idea,200146.0,5070.0,56.0,Fast-Flow,54,151,233,475,475,475
476,TR608701,105 Mi Casa Mashup: Lazza con Gucci Ski Mask su Xanax!,189642.0,6000.0,75.0,Melodic,54,150,239,476,476,476
477,TR906945,Destiny,120600.0,4160.0,0.0,Hype,54,202,233,477,477,477
478,TR874534,Free 12 bars,207352.0,5123.0,14.0,Minimal,54,203,240,478,478,478
479,TR342901,Sto Bene,135911.0,5957.0,19.0,Fast-Flow,54,204,233,479,479,479
480,TR219939,Deja-Vù,208879.0,5060.0,0.0,Warm Bangers,54,205,233,480,480,480
481,TR156888,Stai Giù,42440.0,5272.0,0.0,Warm Bangers,54,206,233,481,481,481
482,TR721078,Outro (Destiny Mixtape),142040.0,5408.0,6.0,Hype,54,207,233,482,482,482
483,TR764006,Lazzarrata,189642.0,4922.0,75.0,Warm Bangers,54,150,233,483,483,483
484,TR600237,Complesso,217143.0,5271.0,0.0,Hype,54,208,233,484,484,484
485,TR122231,Why Not,216880.0,5185.0,92.0,Hype,54,209,233,485,485,485
486,TR867407,Fresh Freestyle,205660.0,5820.0,35.0,Hype,54,160,233,486,486,486
487,TR235284,Senti Che Botta,195234.0,4104.0,62.0,Hype,54,210,233,487,487,487
488,TR172949,Non Ci Serve,200146.0,4576.0,56.0,Hype,54,151,233,488,488,488
489,TR972680,Silence,381818.0,5918.0,1.0,Slow Dark,54,211,233,489,489,489
490,TR735612,Real Freestyle,205660.0,5796.0,35.0,Warm Bangers,54,160,233,490,490,490
491,TR408444,Triplè,189642.0,4926.0,75.0,Fast-Flow,54,150,233,491,491,491
492,TR829574,MEZZE VERITÀ (Jam),226424.0,5255.0,59.0,Minimal,54,152,241,492,492,492
493,TR202956,Freestyle Grezzo,205660.0,4568.0,35.0,Slow Dark,54,160,233,493,493,493
494,TR761369,BUIO DAVANTI (Jam),189166.0,4389.0,60.0,Minimal,54,152,241,494,494,494
495,TR626180,GIORNO DA CANI (Jam),176213.0,4942.0,56.0,Slow Dark,54,152,241,495,495,495
496,TR118050,ABITUDINE (Jam),254266.0,4719.0,58.0,Minimal,54,152,241,496,496,496
497,TR955852,100 MESSAGGI (Jam + Opera),318492.0,5182.0,57.0,Minimal,54,152,241,497,497,497
498,TR868282,Come Me,218709.0,4166.0,0.0,Melodic,54,212,242,498,498,498
499,TR821300,Not The Same,193043.0,5969.0,67.0,Hype,54,196,243,499,499,499
500,TR882665,CERTE COSE (Jam),207989.0,5990.0,57.0,Slow Dark,54,152,241,500,500,500
501,TR981574,CASANOVA (Opera),173760.0,5413.0,55.0,Hype,54,156,241,501,501,501
502,TR502500,-3 (PERDERE IL VOLO) (Jam),184846.0,5088.0,57.0,Slow Dark,54,152,241,502,502,502
503,TR789566,OuverFOURe  (Opera),179619.0,4633.0,54.0,Fast-Flow,54,156,241,503,503,503
504,TR328160,DOLCEVITA (Opera),204803.0,5644.0,54.0,Slow Dark,54,156,241,504,504,504
505,TR361371,HOT (Opera),249773.0,5386.0,55.0,Fast-Flow,54,156,241,505,505,505
506,TR213686,ZERI IN PIÙ (LOCURA) (Opera),255666.0,4339.0,54.0,Hype,54,156,241,506,506,506
507,TR293998,SAFARI (Opera),187034.0,5839.0,54.0,Fast-Flow,54,156,241,507,507,507
508,TR387698,-3 (PERDERE IL VOLO) (Opera),181038.0,5663.0,54.0,Slow Dark,54,156,241,508,508,508
509,TR483602,FENTANYL (Opera),189666.0,5917.0,55.0,Fast-Flow,54,156,241,509,509,509
510,TR850374,GHETTO SUPERSTAR (Opera),242808.0,5468.0,53.0,Fast-Flow,54,156,241,510,510,510
511,TR324280,Christian Rap RMX (Freestyle),205660.0,5244.0,35.0,Hype,54,160,244,511,511,511
512,TR880184,CERTE COSE (Opera),219225.0,4850.0,53.0,Slow Dark,54,156,241,512,512,512
513,TR750777,Intro (Destiny Mixtape),155715.0,5883.0,5.0,Hype,54,213,233,513,513,513
514,TR615664,Papparapa’,246400.0,156965.0,46.0,Warm Bangers,71,214,245,514,514,514
515,TR116342,Non so più chi sei,299999.0,91612.0,36.0,Hype,71,214,246,515,515,515
516,TR160281,La miaccade llade scacru,220695.0,28694.0,16.0,Hype,71,214,246,516,516,516
517,TR260830,Mezza siga,166015.0,33626.0,52.0,Minimal,71,215,247,517,517,517
518,TR462970,Bataclan,185280.0,36904.0,39.0,Melodic,71,216,248,518,518,518
519,TR312583,Emme I,175483.0,38823.0,41.0,Slow Dark,71,217,249,519,519,519
520,TR359770,By Myself,260800.0,20672.0,31.0,Fast-Flow,71,214,246,520,520,520
521,TR435296,Più forte di me,202142.0,24767.0,40.0,Slow Dark,71,217,250,521,521,521
522,TR441529,Lasciami solo,160574.0,19640.0,39.0,Slow Dark,71,218,251,522,522,522
523,TR924314,A me non sembra,240000.0,20103.0,16.0,Fast-Flow,71,219,252,523,523,523
524,TR508083,Nessuno,216206.0,18496.0,22.0,Hype,71,214,246,524,524,524
525,TR174246,Madunina,200000.0,15116.0,31.0,Hype,71,216,253,525,525,525
526,TR390260,Vivo (Intro),180000.0,12424.0,29.0,Hype,71,216,253,526,526,526
527,TR930049,Avengers,182500.0,11706.0,31.0,Slow Dark,71,215,247,527,527,527
528,TR669513,Un sec,152941.0,10996.0,32.0,Warm Bangers,71,216,254,528,528,528
529,TR332147,Six pack,210960.0,9426.0,43.0,Hype,71,220,255,529,529,529
530,TR424505,Sul serio,207407.0,11719.0,27.0,Slow Dark,71,215,247,530,530,530
531,TR599912,"La miaccade Llade Scacru, Pt. 2",233221.0,11482.0,10.0,Warm Bangers,71,221,256,531,531,531
532,TR352863,Oh Yes (freestyle),140000.0,11605.0,34.0,Warm Bangers,71,216,257,532,532,532
533,TR885477,R2R,152903.0,11328.0,45.0,Hype,71,220,255,533,533,533
534,TR230197,Gemini,166015.0,9255.0,52.0,Hype,71,215,247,534,534,534
535,TR613529,Canne,190588.0,9774.0,31.0,Minimal,71,215,247,535,535,535
536,TR654832,Madafacca,171958.0,9783.0,27.0,Warm Bangers,71,216,253,536,536,536
537,TR846842,Come un boss,204255.0,9308.0,30.0,Slow Dark,71,215,247,537,537,537
538,TR918719,La Bamba,181384.0,7325.0,22.0,Fast-Flow,71,222,258,538,538,538
539,TR629680,Comodo,155141.0,7907.0,17.0,Warm Bangers,71,223,259,539,539,539
540,TR651064,Sale,162666.0,6630.0,18.0,Warm Bangers,71,214,246,540,540,540
541,TR476769,Fahrenheit,224191.0,8977.0,18.0,Melodic,71,219,252,541,541,541
542,TR203953,Basta,213818.0,7842.0,16.0,Slow Dark,71,214,246,542,542,542
543,TR634970,King Kong vs. Godzilla,164820.0,6650.0,43.0,Slow Dark,71,220,260,543,543,543
544,TR603559,Vieni da me,184791.0,7589.0,22.0,Melodic,71,215,247,544,544,544
545,TR774517,Ben fatto,125346.0,7417.0,26.0,Melodic,71,216,253,545,545,545
546,TR648772,Radici,198688.0,6507.0,24.0,Hype,71,216,261,546,546,546
547,TR362754,Old man,122487.0,5600.0,35.0,Melodic,71,216,253,547,547,547
548,TR311504,Tre Goal,153038.0,7033.0,22.0,Warm Bangers,71,215,262,548,548,548
549,TR200538,Costolette,192666.0,6640.0,57.0,Warm Bangers,71,224,180,549,549,549
550,TR253362,Party boys,165473.0,7153.0,26.0,Melodic,71,216,253,550,550,550
551,TR242222,Cemento,142666.0,5994.0,39.0,Slow Dark,71,220,255,551,551,551
552,TR708193,DM,158571.0,6725.0,16.0,Warm Bangers,71,225,263,552,552,552
553,TR736370,Domino,205200.0,5942.0,37.0,Hype,71,220,255,553,553,553
554,TR590421,Posso,207272.0,5958.0,22.0,Fast-Flow,71,216,253,554,554,554
555,TR937829,SICARIO,124674.0,6672.0,36.0,Warm Bangers,71,226,218,555,555,555
556,TR313217,Hooligans,142040.0,5487.0,29.0,Melodic,71,215,247,556,556,556
557,TR790379,Hyp3r,141714.0,4820.0,22.0,Hype,71,222,258,557,557,557
558,TR377582,Lo sanno,134475.0,4568.0,18.0,Hype,71,214,246,558,558,558
559,TR168818,Non è cosa,147381.0,6196.0,36.0,Melodic,71,220,255,559,559,559
560,TR205707,Sembra ieri,254823.0,5826.0,15.0,Hype,71,214,246,560,560,560
561,TR251649,Back2Back,226829.0,5938.0,22.0,Melodic,71,222,258,561,561,561
562,TR826075,Oh Shit!,136800.0,4773.0,27.0,Melodic,71,215,247,562,562,562
563,TR391277,Tagli come Sorrisi,157500.0,4460.0,41.0,Slow Dark,71,220,255,563,563,563
564,TR497887,Savage,181237.0,4183.0,26.0,Slow Dark,71,216,253,564,564,564
565,TR333971,Pop pop,141761.0,4876.0,17.0,Hype,71,214,246,565,565,565
566,TR152555,East Side,186153.0,5241.0,23.0,Warm Bangers,71,216,253,566,566,566
567,TR307629,Hasta la vista,141030.0,4798.0,22.0,Hype,71,216,253,567,567,567
568,TR169358,S.O.S. nel mare,192755.0,4889.0,24.0,Hype,71,216,253,568,568,568
569,TR807540,HH level up,123789.0,5822.0,26.0,Melodic,71,216,253,569,569,569
570,TR291683,Zibby,177297.0,4710.0,15.0,Slow Dark,71,217,127,570,570,570
571,TR219268,Enne e,152967.0,5043.0,29.0,Warm Bangers,71,222,11,571,571,571
572,TR885258,Comodi,177735.0,5582.0,13.0,Warm Bangers,71,214,246,572,572,572
573,TR980421,Un minuto,147175.0,4807.0,30.0,Melodic,71,220,255,573,573,573
574,TR616238,Muñeca,178500.0,5259.0,20.0,Slow Dark,71,216,253,574,574,574
575,TR870662,Mollalo Nerone,192295.0,5743.0,14.0,Hype,71,214,246,575,575,575
576,TR477762,Mi sono innamorato di una stronza,164307.0,5914.0,16.0,Warm Bangers,71,217,127,576,576,576
577,TR230529,Very good / Back to basic,229925.0,4307.0,31.0,Fast-Flow,71,220,255,577,577,577
578,TR581468,Oggi no,211636.0,5868.0,19.0,Warm Bangers,71,217,127,578,578,578
579,TR430094,Uno fisso,204800.0,4997.0,22.0,Fast-Flow,71,215,247,579,579,579
580,TR984085,"Piacere, Max!",134000.0,4529.0,24.0,Warm Bangers,71,215,247,580,580,580
581,TR256730,Seconda mano,147555.0,4933.0,15.0,Hype,71,214,246,581,581,581
582,TR985127,Nei casini ci vado io,160500.0,5976.0,24.0,Fast-Flow,71,216,253,582,582,582
583,TR136090,Il Genio,105560.0,5000.0,23.0,Hype,71,223,259,583,583,583
584,TR913661,Foschi Al Zzoca,161797.0,4670.0,13.0,Warm Bangers,71,225,263,584,584,584
585,TR954666,Entertainer,175483.0,5283.0,41.0,Fast-Flow,71,217,127,585,585,585
586,TR627327,Quando nessuno guarda,162901.0,4492.0,31.0,Slow Dark,71,220,255,586,586,586
587,TR472127,Hey Mama,172920.0,4164.0,31.0,Slow Dark,71,220,264,587,587,587
588,TR514062,State Of Mind,172173.0,4271.0,10.0,Warm Bangers,71,219,252,588,588,588
589,TR332566,Beh Ok,166000.0,4268.0,54.0,Hype,71,224,180,589,589,589
590,TR343818,Jackie Chan,199927.0,4317.0,13.0,Fast-Flow,71,222,258,590,590,590
591,TR399565,Street Food,190874.0,4289.0,18.0,Fast-Flow,71,222,258,591,591,591
592,TR641854,Eroe,145711.0,5297.0,17.0,Hype,71,218,265,592,592,592
593,TR309044,Cuban Link,194070.0,4375.0,30.0,Slow Dark,71,220,255,593,593,593
594,TR887819,Sweet Sixteen,130909.0,4703.0,14.0,Warm Bangers,71,221,256,594,594,594
595,TR629047,Tic Toc,175200.0,5809.0,16.0,Warm Bangers,71,217,127,595,595,595
596,TR579101,Niente è gratis,192000.0,4961.0,17.0,Melodic,71,215,247,596,596,596
597,TR253080,Contronatura,174000.0,5352.0,51.0,Slow Dark,71,224,180,597,597,597
598,TR610553,Pazzo,142800.0,4357.0,11.0,Melodic,71,227,266,598,598,598
599,TR570715,Pronto,230857.0,4398.0,14.0,Melodic,71,217,127,599,599,599
600,TR596415,Terza media,190775.0,4093.0,13.0,Hype,71,222,258,600,600,600
601,TR502290,Ci penso da me,153488.0,4351.0,14.0,Hype,71,221,256,601,601,601
602,TR976328,Danè,208140.0,4569.0,15.0,Fast-Flow,71,217,127,602,602,602
603,TR425526,Emmei 2,200869.0,4367.0,52.0,Slow Dark,71,224,180,603,603,603
604,TR157124,Penkiller,163278.0,4188.0,51.0,Warm Bangers,71,224,180,604,604,604
605,TR516579,Big Show,138750.0,4253.0,53.0,Hype,71,224,180,605,605,605
606,TR210856,Bandolero RMX,174857.0,4935.0,36.0,Warm Bangers,71,228,256,606,606,606
607,TR443902,Karembeu,164885.0,4425.0,9.0,Hype,71,219,252,607,607,607
608,TR980497,Andiamo,196040.0,4742.0,10.0,Melodic,71,227,266,608,608,608
609,TR279695,Lebron James,101877.0,5020.0,14.0,Melodic,71,223,259,609,609,609
610,TR168460,"1,2,3",213626.0,5396.0,30.0,Warm Bangers,71,229,64,610,610,610
611,TR587721,David Fincher,196388.0,4090.0,11.0,Fast-Flow,71,223,259,611,611,611
612,TR551149,Il più grosso,151153.0,5614.0,53.0,Warm Bangers,71,224,41,612,612,612
613,TR457411,Sei tutto fatto,205333.0,5270.0,10.0,Warm Bangers,71,221,256,613,613,613
614,TR282769,Loser,194086.0,4176.0,52.0,Melodic,71,224,180,614,614,614
615,TR860226,Sto Magazine Freestyle #12,197853.0,5764.0,24.0,Hype,71,230,267,615,615,615
616,TR833459,Il Nome,167314.0,5858.0,11.0,Warm Bangers,71,221,256,616,616,616
617,TR232110,Leon,240822.0,4135.0,11.0,Hype,71,218,265,617,617,617
618,TR814937,Monstah,208000.0,4566.0,12.0,Warm Bangers,71,217,127,618,618,618
619,TR685706,100k,130586.0,5629.0,12.0,Hype,71,223,259,619,619,619
620,TR798988,Il cielo è NeroBlu,139591.0,5510.0,29.0,Warm Bangers,71,216,268,620,620,620
621,TR858129,Money Booty,172903.0,4383.0,9.0,Hype,71,221,256,621,621,621
622,TR641073,Non Dirmi,212000.0,4432.0,4.0,Minimal,71,219,252,622,622,622
623,TR817897,Numero Zero,160574.0,4755.0,39.0,Fast-Flow,71,218,265,623,623,623
624,TR142333,Che Palle,174915.0,4983.0,52.0,Melodic,71,224,180,624,624,624
625,TR570962,Ci sta,204662.0,5251.0,14.0,Fast-Flow,71,221,256,625,625,625
626,TR167458,Quanti soldi hai,211200.0,4752.0,10.0,Fast-Flow,71,222,258,626,626,626
627,TR828210,Rosso Fuoco,227520.0,4938.0,32.0,Melodic,71,229,269,627,627,627
628,TR761374,R9,132675.0,5510.0,10.0,Warm Bangers,71,223,259,628,628,628
629,TR273271,Brambo Freestyle,100440.0,4084.0,16.0,Fast-Flow,71,223,157,629,629,629
630,TR164505,Sì ciao,167266.0,4518.0,9.0,Melodic,71,227,266,630,630,630
631,TR239033,Coreo,191523.0,5442.0,30.0,Melodic,71,229,64,631,631,631
632,TR930622,Il Cantastorie,163073.0,5808.0,63.0,Fast-Flow,71,231,265,632,632,632
633,TR654363,Il sole non passa di qua,202285.0,5037.0,10.0,Fast-Flow,71,222,258,633,633,633
634,TR642387,B.U.F.,176774.0,5077.0,22.0,Warm Bangers,71,232,270,634,634,634
635,TR721581,Whatsapp Audio,167040.0,4226.0,48.0,Melodic,71,224,180,635,635,635
636,TR592577,Project,162947.0,4909.0,31.0,Hype,71,229,64,636,636,636
637,TR342089,Domani,152941.0,5079.0,48.0,Warm Bangers,71,224,180,637,637,637
638,TR753814,Zip Fast Rider,109844.0,4499.0,11.0,Hype,71,223,259,638,638,638
639,TR845273,I Top Negri,200254.0,4552.0,8.0,Warm Bangers,71,218,265,639,639,639
640,TR170640,Mi Tieni,155887.0,4767.0,49.0,Warm Bangers,71,224,180,640,640,640
641,TR524458,Pezzi di noi,186666.0,4052.0,50.0,Melodic,71,224,180,641,641,641
642,TR646149,Escamotage,62118.0,4657.0,9.0,Hype,71,217,127,642,642,642
643,TR813942,TNFG pt.2,219558.0,4436.0,12.0,Slow Dark,71,225,263,643,643,643
644,TR854840,Brava Gente,152903.0,4668.0,45.0,Slow Dark,71,220,64,644,644,644
645,TR379580,BYG-MCF,131419.0,4250.0,7.0,Melodic,71,221,256,645,645,645
646,TR546120,2P solo,58461.0,5796.0,10.0,Minimal,71,217,127,646,646,646
647,TR196840,Street Banger RMX,101407.0,5200.0,12.0,Warm Bangers,71,223,259,647,647,647
648,TR600833,Workout,146222.0,5372.0,28.0,Warm Bangers,71,229,64,648,648,648
649,TR664272,Non serve,191020.0,5593.0,48.0,Melodic,71,224,180,649,649,649
650,TR841253,Sangue Amaro,100440.0,5010.0,16.0,Melodic,71,223,259,650,650,650
651,TR773384,Parlano,91115.0,4184.0,10.0,Warm Bangers,71,223,259,651,651,651
652,TR361077,Swipe,135384.0,5088.0,11.0,Slow Dark,71,225,263,652,652,652
653,TR316709,Mayweather,166015.0,5190.0,52.0,Hype,71,215,259,653,653,653
654,TR987058,Real Madrid Freestyle,107650.0,5506.0,11.0,Minimal,71,218,271,654,654,654
655,TR588660,Non Ho Chiesto,168929.0,4876.0,10.0,Warm Bangers,71,225,263,655,655,655
656,TR363999,Mai più,180133.0,4269.0,10.0,Melodic,71,227,266,656,656,656
657,TR629246,Succede,165128.0,4581.0,28.0,Melodic,71,220,272,657,657,657
658,TR556899,Acufene,155480.0,4738.0,45.0,Warm Bangers,71,224,180,658,658,658
659,TR977676,Give Me The Watch,124580.0,5307.0,9.0,Fast-Flow,71,225,263,659,659,659
660,TR540322,Igno-Swing pt. 2,150648.0,5155.0,6.0,Hype,71,218,265,660,660,660
661,TR445503,Da Noi,204000.0,4726.0,41.0,Hype,71,233,259,661,661,661
662,TR890233,Non Vi Capisco,133459.0,5990.0,10.0,Hype,71,223,259,662,662,662
663,TR278404,La Piazza È Mia,107520.0,5226.0,10.0,Hype,71,223,259,663,663,663
664,TR627235,Mustafà,96313.0,4487.0,5.0,Clean,71,234,273,664,664,664
665,TR477378,Tre Mani Di Donna,69015.0,4215.0,9.0,Warm Bangers,71,223,259,665,665,665
666,TR213701,Mcf Kingdom,135280.0,4318.0,6.0,Melodic,71,227,266,666,666,666
667,TR634614,Intro,180000.0,4506.0,29.0,Hype,71,216,259,667,667,667
668,TR494544,Las Vegas Freestyle,134857.0,4333.0,44.0,Warm Bangers,71,235,274,668,668,668
669,TR991112,Another Day My Blocco,210373.0,4388.0,100.0,Minimal,71,236,259,669,669,669
670,TR830575,"Reebok, Blunt & flow",185946.0,4582.0,5.0,Melodic,71,227,266,670,670,670
671,TR971575,Au Chante,261545.0,4358.0,5.0,Fast-Flow,71,237,259,671,671,671
672,TR490627,Il Mio Ambiente Fantastico,182245.0,5810.0,76.0,Clean,71,238,275,672,672,672
673,TR328380,T.P.N.C.,174915.0,4172.0,52.0,Fast-Flow,71,224,259,673,673,673
674,TR640823,Mister X / Gargoyle,187615.0,5064.0,45.0,Fast-Flow,71,239,259,674,674,674
675,TR929854,Picchia Forte,159910.0,4835.0,55.0,Hype,71,231,259,675,675,675
676,TR522299,Marco,131080.0,5982.0,3.0,Hype,71,240,259,676,676,676
677,TR883076,Spliff E Bong,158573.0,4236.0,26.0,Warm Bangers,71,230,259,677,677,677
678,TR742368,Luke Cage Freestyle,256134.0,4810.0,5.0,Hype,71,241,276,678,678,678
679,TR784129,Cheddar Fuso,144976.0,5956.0,54.0,Hype,71,242,277,679,679,679
680,TR216683,Vai Con Dios,164820.0,5749.0,43.0,Hype,71,220,255,680,680,680
681,TR770137,Cazzo Ti Guardi,185280.0,5652.0,39.0,Hype,71,216,259,681,681,681
682,TR761888,ATTO II,343573.0,4530.0,14.0,Clean,71,243,278,682,682,682
683,TR458543,Maxtape Soprano,152558.0,4353.0,60.0,Slow Dark,71,244,279,683,683,683
684,TR323076,One Take FM Free Mic,215594.0,5353.0,64.0,Warm Bangers,71,245,280,684,684,684
685,TR458139,Pizza con piña,114224.0,5875.0,22.0,Minimal,71,246,281,685,685,685
686,TR894419,La Coca,214813.0,18416.0,48.0,Hype,6,247,282,686,686,686
687,TR743674,Ganja Friend,176091.0,7403.0,51.0,Melodic,6,248,283,687,687,687
688,TR724440,Lei,176000.0,5910.0,53.0,Melodic,6,249,284,688,688,688
689,TR574185,Il Vizio (Dedicato a chi rolla),189101.0,5556.0,40.0,Melodic,6,250,285,689,689,689
690,TR800445,L’Ho Vista,212200.0,4387.0,50.0,Fast-Flow,6,247,282,690,690,690
691,TR192834,Principessa,266147.0,4661.0,42.0,Minimal,6,248,283,691,691,691
692,TR283611,Ganja,176091.0,4866.0,51.0,Slow Dark,6,248,282,692,692,692
693,TR169033,I’&I’,148666.0,5029.0,43.0,Slow Dark,6,247,282,693,693,693
694,TR544478,Babilonia,188824.0,4499.0,39.0,Melodic,6,248,283,694,694,694
695,TR527101,Classici,226000.0,4240.0,28.0,Warm Bangers,6,251,286,695,695,695
696,TR202541,Tentan Di Fermarmi,155360.0,5236.0,42.0,Melodic,6,252,287,696,696,696
697,TR607983,La Mia Queen,198500.0,4591.0,41.0,Slow Dark,6,251,288,697,697,697
698,TR140970,Bomboclat,187213.0,5177.0,38.0,Minimal,6,247,282,698,698,698
699,TR437053,Non È Solo Religione,175081.0,4320.0,33.0,Melodic,6,248,283,699,699,699
700,TR581473,Joka Smoka,120120.0,4977.0,9.0,Hype,6,253,289,700,700,700
701,TR862349,Trendy Gal,264576.0,5080.0,35.0,Melodic,6,248,283,701,701,701
702,TR145722,Come una rapina,180000.0,4115.0,29.0,Warm Bangers,6,251,290,702,702,702
703,TR186918,Mi Yerba,171874.0,4686.0,28.0,Warm Bangers,6,252,287,703,703,703
704,TR988853,Canto Nyabinghi,256069.0,4280.0,25.0,Slow Dark,6,248,283,704,704,704
705,TR869675,Forse Mi Giudichi,229102.0,4139.0,25.0,Melodic,6,248,283,705,705,705
706,TR754884,Guerrieri Del Microfono,236466.0,5997.0,17.0,Slow Dark,6,252,287,706,706,706
707,TR892697,Lo Riconosci L’aroma,153901.0,4658.0,29.0,Melodic,6,248,283,707,707,707
708,TR490897,È solo una pianta,141500.0,5635.0,27.0,Warm Bangers,6,251,290,708,708,708
709,TR934807,La Massa Rimbalza,180047.0,4522.0,27.0,Melodic,6,248,283,709,709,709
710,TR152578,Sound Bwoy’z Killa,188653.0,5379.0,20.0,Slow Dark,6,248,283,710,710,710
711,TR823340,Glielo Leggi In Faccia,217263.0,5537.0,36.0,Hype,6,254,291,711,711,711
712,TR517220,Fyah,193293.0,5205.0,26.0,Melodic,6,252,287,712,712,712
713,TR210904,Dovevi essere mia,226906.0,4957.0,82.0,Warm Bangers,6,255,292,713,713,713
714,TR900732,Periferia,161840.0,4837.0,25.0,Melodic,6,252,287,714,714,714
715,TR255803,Lo muove a tempo,128500.0,4709.0,35.0,Warm Bangers,6,251,290,715,715,715
716,TR565835,Ma Ormai...,214645.0,5875.0,21.0,Melodic,6,248,283,716,716,716
717,TR987844,Chi Troppo Chi Niente,238515.0,5678.0,21.0,Melodic,6,248,283,717,717,717
718,TR406031,Rise To The Top,158960.0,5949.0,9.0,Slow Dark,6,252,287,718,718,718
719,TR928768,Cosa Sarà,192933.0,4261.0,24.0,Fast-Flow,6,252,287,719,719,719
720,TR505184,Rende libere le masse,185000.0,5475.0,14.0,Warm Bangers,6,251,290,720,720,720
721,TR109319,Stile Selvaggio,166184.0,5893.0,20.0,Warm Bangers,6,248,283,721,721,721
722,TR603906,Lo Sanno,134333.0,4374.0,9.0,Slow Dark,6,252,287,722,722,722
723,TR151906,Rastafari I Me Sa,211426.0,4146.0,7.0,Warm Bangers,6,256,293,723,723,723
724,TR339271,Le bimbe,189133.0,5499.0,25.0,Melodic,6,256,293,724,724,724
725,TR775710,Ossessionato Dalle Liriche,212480.0,5162.0,15.0,Fast-Flow,6,252,287,725,725,725
726,TR910692,Un minuto in più,201133.0,5700.0,26.0,Slow Dark,6,257,294,726,726,726
727,TR404432,Bad Man,175120.0,4290.0,15.0,Warm Bangers,6,252,287,727,727,727
728,TR502373,Intro (come un uragano),52091.0,5603.0,14.0,Warm Bangers,6,248,283,728,728,728
729,TR221159,First Love,256000.0,4417.0,95.0,Fast-Flow,6,258,295,729,729,729
730,TR712954,Istinto Animale,190946.0,4339.0,20.0,Warm Bangers,6,247,282,730,730,730
731,TR306781,Rise Again,239200.0,4340.0,22.0,Warm Bangers,6,247,282,731,731,731
732,TR798663,Uno spliff a testa,206186.0,5646.0,27.0,Fast-Flow,6,257,161,732,732,732
733,TR913667,La Bestia,147186.0,5344.0,26.0,Warm Bangers,6,252,287,733,733,733
734,TR465783,Original Musician,232888.0,5061.0,24.0,Slow Dark,6,251,296,734,734,734
735,TR964558,Credere nei sogni,206386.0,4733.0,29.0,Hype,6,257,161,735,735,735
736,TR531963,Trandy Gal - Radio Edit,226059.0,5771.0,21.0,Melodic,6,248,283,736,736,736
737,TR638115,Come Un Cane,211346.0,4799.0,9.0,Melodic,6,252,287,737,737,737
738,TR195257,Mondo Oscuro,172066.0,5651.0,18.0,Fast-Flow,6,247,282,738,738,738
739,TR780163,La realtà,208266.0,4893.0,15.0,Fast-Flow,6,256,297,739,739,739
740,TR837894,Sua Volontà,192173.0,4767.0,11.0,Melodic,6,252,287,740,740,740
741,TR216088,Spero Che Non Succeda Mai,175546.0,4940.0,30.0,Slow Dark,6,247,282,741,741,741
742,TR557502,Raggae Party,128500.0,4616.0,35.0,Warm Bangers,6,251,282,742,742,742
743,TR614284,Vibrazioni Positive,206386.0,5511.0,29.0,Fast-Flow,6,257,161,743,743,743
744,TR931831,Con me,179533.0,5021.0,21.0,Warm Bangers,6,247,282,744,744,744
745,TR919537,La Donna Perfetta,158253.0,4476.0,24.0,Hype,6,247,282,745,745,745
746,TR981253,Dem a Babylon,185640.0,5816.0,23.0,Fast-Flow,6,257,298,746,746,746
747,TR982574,Chatty Bwoy Dem,182465.0,4782.0,3.0,Hype,6,259,289,747,747,747
748,TR350319,Il tempo non conta,188986.0,5101.0,20.0,Warm Bangers,6,247,282,748,748,748
749,TR507534,Non Sono Solo,187800.0,5831.0,12.0,Melodic,6,256,293,749,749,749
750,TR670351,Notte,179253.0,5264.0,9.0,Melodic,6,256,293,750,750,750
751,TR491076,Jabbering,220880.0,4244.0,16.0,Warm Bangers,6,247,282,751,751,751
752,TR225731,Bellissima Giornata,163693.0,5897.0,22.0,Slow Dark,6,257,161,752,752,752
753,TR657289,Si Aprano Le Danze,159400.0,5270.0,18.0,Warm Bangers,6,247,282,753,753,753
754,TR434419,La Gatta,244026.0,4683.0,10.0,Melodic,6,260,293,754,754,754
755,TR991855,Must Affi Survive,236253.0,4292.0,10.0,Melodic,6,256,293,755,755,755
756,TR268955,Dritto,193893.0,5605.0,7.0,Hype,6,256,293,756,756,756
757,TR713835,Non puoi nasconderlo a me,175880.0,5255.0,24.0,Fast-Flow,6,257,299,757,757,757
758,TR838933,Riddim Maniac,180047.0,5083.0,27.0,Hype,6,248,283,758,758,758
759,TR341732,Intro (Dinamite),32439.0,5805.0,4.0,Clean,6,252,300,759,759,759
760,TR678706,Dice il vero,161080.0,5595.0,9.0,Hype,6,257,298,760,760,760
761,TR785394,Comprare il talento,134826.0,4316.0,7.0,Warm Bangers,6,257,161,761,761,761
762,TR359803,Se scende Babaman,197040.0,4638.0,10.0,Hype,6,257,161,762,762,762
763,TR155230,No Man Curse,251066.0,4509.0,11.0,Warm Bangers,6,256,293,763,763,763
764,TR651585,Io Lo So,176000.0,5504.0,53.0,Hype,6,249,301,764,764,764
765,TR403582,BUFU FREESTYLE,234000.0,39150.0,41.0,Warm Bangers,73,261,302,765,765,765
766,TR590926,UFFA,215999.0,25001.0,56.0,Warm Bangers,73,262,303,766,766,766
767,TR379064,ZITELLA,147199.0,24544.0,52.0,Fast-Flow,73,262,303,767,767,767
768,TR856566,TEKKEN,174461.0,18565.0,54.0,Hype,73,263,68,768,768,768
769,TR293961,WAO,149464.0,12975.0,58.0,Melodic,73,264,304,769,769,769
770,TR700146,YAMAMAY,162499.0,13953.0,55.0,Melodic,73,265,305,770,770,770
771,TR561890,NO EX,147599.0,8683.0,52.0,Melodic,73,266,269,771,771,771
772,TR676953,BLA,137684.0,8423.0,47.0,Warm Bangers,73,267,306,772,772,772
773,TR578471,KIKI,182857.0,5509.0,49.0,Warm Bangers,73,268,186,773,773,773
774,TR893244,COLPA MIA,149999.0,4878.0,49.0,Warm Bangers,73,269,307,774,774,774
775,TR741788,SENZA FARE POP,151174.0,5609.0,46.0,Warm Bangers,73,268,186,775,775,775
776,TR128408,SPOILER 2,141459.0,4312.0,59.0,Warm Bangers,73,270,308,776,776,776
777,TR131806,Spoiler,141459.0,4471.0,59.0,Minimal,73,270,211,777,777,777
778,TR420668,FIUM FIUM,152999.0,5458.0,44.0,Warm Bangers,73,266,269,778,778,778
779,TR932992,PSYDUCK,162461.0,5455.0,59.0,Hype,73,271,36,779,779,779
780,TR917526,WARANZA,118199.0,5297.0,44.0,Melodic,73,272,309,780,780,780
781,TR506331,FASHION,149684.0,5402.0,40.0,Hype,73,273,310,781,781,781
782,TR887754,WABBUO,119999.0,5098.0,40.0,Melodic,73,268,186,782,782,782
783,TR214987,Bahoa,141781.0,4517.0,38.0,Hype,73,274,311,783,783,783
784,TR816603,Gx5,195083.0,4703.0,39.0,Warm Bangers,73,266,269,784,784,784
785,TR970389,esse Type Beat,209454.0,4372.0,2.0,Warm Bangers,73,275,312,785,785,785
786,TR786644,TE LA COMPRO NUOWA,181999.0,5830.0,38.0,Warm Bangers,73,262,303,786,786,786
787,TR275513,Wawa,153986.0,5181.0,36.0,Fast-Flow,73,276,313,787,787,787
788,TR778705,Da Solo*,234000.0,4817.0,41.0,Minimal,73,261,314,788,788,788
789,TR474045,Alaska,113877.0,4937.0,38.0,Melodic,73,277,111,789,789,789
790,TR818948,Trust No One,187340.0,5911.0,40.0,Slow Dark,73,278,315,790,790,790
791,TR688855,My Baby,153402.0,4319.0,35.0,Slow Dark,73,279,174,791,791,791
792,TR273041,Ghost,234000.0,5187.0,41.0,Fast-Flow,73,261,157,792,792,792
793,TR688209,Oro Addosso*,169263.0,5025.0,70.0,Warm Bangers,73,280,316,793,793,793
794,TR667334,Rottweiler*,234000.0,5237.0,41.0,Fast-Flow,73,261,314,794,794,794
795,TR985794,Stupida*,234000.0,4049.0,41.0,Melodic,73,261,314,795,795,795
796,TR317207,Lamborghini,218400.0,227542.0,58.0,Melodic,43,281,317,796,796,796
797,TR446826,Ti levo le collane,176000.0,203981.0,56.0,Hype,43,282,318,797,797,797
798,TR228275,Brivido,227693.0,178105.0,69.0,Melodic,43,283,319,798,798,798
799,TR697556,Smith & Wesson Freestyle,130434.0,187146.0,58.0,Melodic,43,284,320,799,799,799
800,TR391415,Alex,208571.0,171675.0,52.0,Hype,43,284,320,800,800,800
801,TR112894,Chico,201931.0,149153.0,66.0,Fast-Flow,43,282,318,801,801,801
802,TR550101,Lifestyle,129625.0,110260.0,55.0,Warm Bangers,43,284,320,802,802,802
803,TR365201,Eravamo re,182232.0,127149.0,62.0,Fast-Flow,43,285,321,803,803,803
804,TR893852,Medellin,195820.0,120274.0,52.0,Hype,43,282,318,804,804,804
805,TR129622,Cookies N’ Cream,201845.0,105612.0,66.0,Warm Bangers,43,286,165,805,805,805
806,TR263196,Cyborg,205928.0,113306.0,51.0,Melodic,43,282,318,806,806,806
807,TR569651,Bling Bling (Oro),208506.0,119270.0,67.0,Warm Bangers,43,287,322,807,807,807
808,TR101183,Mollami,155133.0,116959.0,55.0,Melodic,43,286,321,808,808,808
809,TR732277,Il ragazzo d’oro,271426.0,97439.0,47.0,Melodic,43,288,323,809,809,809
810,TR302217,2%,211840.0,83945.0,66.0,Fast-Flow,43,287,322,810,810,810
811,TR407190,Veleno,194106.0,118179.0,59.0,Warm Bangers,43,289,324,811,811,811
812,TR963985,Modalità Aereo,190480.0,110681.0,51.0,Warm Bangers,43,287,322,812,812,812
813,TR160501,Relaxxx,208293.0,79242.0,47.0,Warm Bangers,43,281,317,813,813,813
814,TR353058,Equilibrio,263200.0,104028.0,44.0,Warm Bangers,43,285,321,814,814,814
815,TR244037,Saigon,218666.0,102094.0,51.0,Slow Dark,43,282,318,815,815,815
816,TR376800,Vero,182232.0,87275.0,62.0,Warm Bangers,43,285,321,816,816,816
817,TR597910,Fuori orario,199253.0,88181.0,49.0,Slow Dark,43,285,321,817,817,817
818,TR933656,Tu non sai,222000.0,81154.0,39.0,Warm Bangers,43,285,321,818,818,818
819,TR816986,Ti ricordi?,203571.0,67973.0,49.0,Warm Bangers,43,282,318,819,819,819
820,TR969020,Immortale,200514.0,75805.0,61.0,Warm Bangers,43,282,318,820,820,820
821,TR541784,Punto su di te,208626.0,89182.0,56.0,Warm Bangers,43,281,317,821,821,821
822,TR913090,Tuta di Felpa,220870.0,63452.0,40.0,Hype,43,290,325,822,822,822
823,TR228873,Champagne 4 The Pain,226285.0,72394.0,52.0,Fast-Flow,43,284,320,823,823,823
824,TR646941,Voodoo,205346.0,72181.0,60.0,Warm Bangers,43,285,321,824,824,824
825,TR980903,Trap Phone,200533.0,75734.0,56.0,Warm Bangers,43,287,326,825,825,825
826,TR773009,Stanza 106,193421.0,85712.0,45.0,Fast-Flow,43,282,318,826,826,826
827,TR777250,Lamborghini (RMX),248708.0,68435.0,51.0,Melodic,43,291,327,827,827,827
828,TR423453,Wagyu,154285.0,67896.0,49.0,Warm Bangers,43,284,320,828,828,828
829,TR478239,Futura Ex,190666.0,79057.0,55.0,Warm Bangers,43,289,324,829,829,829
830,TR278846,Blitz!,180266.0,70671.0,55.0,Warm Bangers,43,289,324,830,830,830
831,TR619144,L’amico degli amici,179368.0,63649.0,41.0,Hype,43,282,318,831,831,831
832,TR582832,Fast Life,164000.0,69575.0,56.0,Melodic,43,284,320,832,832,832
833,TR898308,Marco da Tropoja,137931.0,60729.0,45.0,Slow Dark,43,284,320,833,833,833
834,TR290414,Bastardi Senza Gloria,156720.0,61226.0,55.0,Warm Bangers,43,287,322,834,834,834
835,TR476300,Trinità,206853.0,70055.0,44.0,Slow Dark,43,281,328,835,835,835
836,TR260670,Tardissimo,197676.0,67226.0,52.0,Hype,43,282,318,836,836,836
837,TR596933,Oro giallo,219906.0,80921.0,49.0,Warm Bangers,43,281,317,837,837,837
838,TR124504,Scarafaggio,197333.0,63389.0,49.0,Warm Bangers,43,281,317,838,838,838
839,TR522698,Italian Hustler,163214.0,66025.0,54.0,Hype,43,284,320,839,839,839
840,TR198571,Vibe,151586.0,64906.0,71.0,Warm Bangers,43,292,329,840,840,840
841,TR130964,Prefissi,195662.0,49242.0,50.0,Fast-Flow,43,286,165,841,841,841
842,TR754903,Montenapo,188253.0,64998.0,44.0,Warm Bangers,43,293,330,842,842,842
843,TR489583,Oro e diamanti,220493.0,52765.0,45.0,Fast-Flow,43,285,321,843,843,843
844,TR825655,VENEZUELA (64 Bars),137142.0,71168.0,47.0,Warm Bangers,43,294,331,844,844,844
845,TR402842,Daytona,162666.0,51635.0,45.0,Warm Bangers,43,289,324,845,845,845
846,TR903963,Il tipo,158000.0,57521.0,43.0,Warm Bangers,43,282,318,846,846,846
847,TR139128,Piango Sulla Lambo,201749.0,49347.0,52.0,Fast-Flow,43,289,324,847,847,847
848,TR597234,Gangster Of Love,165243.0,66425.0,52.0,Slow Dark,43,289,324,848,848,848
849,TR328844,Denim Giappo,145301.0,55335.0,42.0,Hype,43,284,320,849,849,849
850,TR140226,La G La U La E pt.2,145433.0,57383.0,46.0,Hype,43,289,324,850,850,850
851,TR558297,"Fredda, Triste, Pericolosa",171080.0,45612.0,49.0,Fast-Flow,43,289,324,851,851,851
852,TR908583,Le bimbe piangono,224760.0,60151.0,48.0,Fast-Flow,43,285,332,852,852,852
853,TR179816,Guersace,194000.0,48316.0,63.0,Hype,43,281,317,853,853,853
854,TR340468,Rose Nere,272973.0,63331.0,53.0,Slow Dark,43,283,333,854,854,854
855,TR609224,Lunedì Blu,241287.0,47490.0,51.0,Warm Bangers,43,289,324,855,855,855
856,TR291948,25 ore,185379.0,45889.0,46.0,Fast-Flow,43,282,318,856,856,856
857,TR560473,CO$¥MON€¥,108510.0,42150.0,43.0,Slow Dark,43,284,320,857,857,857
858,TR220750,Domai,178253.0,50002.0,52.0,Warm Bangers,43,289,324,858,858,858
859,TR241225,Trentuno giorni,197800.0,50955.0,60.0,Slow Dark,43,281,317,859,859,859
860,TR563387,Bosseggiando,200800.0,40965.0,41.0,Warm Bangers,43,285,321,860,860,860
861,TR258835,Giacomo,203076.0,54602.0,41.0,Warm Bangers,43,282,318,861,861,861
862,TR100174,Scappati Di Casa,240400.0,47756.0,48.0,Fast-Flow,43,283,319,862,862,862
863,TR930889,Borsello,202826.0,48830.0,58.0,Warm Bangers,43,287,322,863,863,863
864,TR112259,Fuori,281080.0,46843.0,57.0,Minimal,43,283,319,864,864,864
865,TR263207,Need U 2Nite,161506.0,45512.0,52.0,Warm Bangers,43,286,165,865,865,865
866,TR773042,Oh Mamma Mia,168240.0,48078.0,75.0,Warm Bangers,43,292,329,866,866,866
867,TR469109,Mercy on Me (In sbatti),184186.0,40202.0,39.0,Slow Dark,43,282,318,867,867,867
868,TR562505,Milionario,201400.0,39889.0,47.0,Hype,43,281,317,868,868,868
869,TR363510,Non Lo So,174673.0,52304.0,62.0,Slow Dark,43,292,329,869,869,869
870,TR659688,Tuta Maphia,212145.0,53640.0,49.0,Slow Dark,43,286,165,870,870,870
871,TR809387,Babysitter,209840.0,42826.0,57.0,Warm Bangers,43,287,322,871,871,871
872,TR366289,Akrapovič,172714.0,40791.0,69.0,Warm Bangers,43,292,329,872,872,872
873,TR761185,Parte di me,172312.0,46892.0,45.0,Slow Dark,43,282,318,873,873,873
874,TR850050,Vita Veloce Freestyle,97297.0,42501.0,42.0,Hype,43,284,334,874,874,874
875,TR355675,Babyma,207142.0,35059.0,48.0,Warm Bangers,43,284,320,875,875,875
876,TR221394,T’apposto,194586.0,37295.0,37.0,Warm Bangers,43,281,335,876,876,876
877,TR912221,Mi Hai Capito O No?,173415.0,45820.0,46.0,Warm Bangers,43,286,165,877,877,877
878,TR589213,Mimmo flow,222146.0,44175.0,38.0,Warm Bangers,43,281,317,878,878,878
879,TR961600,Pain Is Love,175227.0,33237.0,55.0,Slow Dark,43,292,329,879,879,879
880,TR473965,Squalo,229213.0,36400.0,47.0,Slow Dark,43,285,336,880,880,880
881,TR669364,Occhi Su Di Me,259990.0,35889.0,35.0,Fast-Flow,43,290,321,881,881,881
882,TR495708,Claro,126946.0,42467.0,46.0,Warm Bangers,43,287,322,882,882,882
883,TR957588,Niente Photo,158920.0,31928.0,36.0,Warm Bangers,43,293,337,883,883,883
884,TR449642,Me & My B,148831.0,33152.0,42.0,Fast-Flow,43,284,320,884,884,884
885,TR735916,Meravigliosa,168266.0,43973.0,68.0,Slow Dark,43,292,329,885,885,885
886,TR309212,Nessuno,195549.0,33827.0,46.0,Warm Bangers,43,289,324,886,886,886
887,TR721099,Dem Fake,179577.0,39747.0,34.0,Fast-Flow,43,282,318,887,887,887
888,TR357440,La malaeducazione,238666.0,33455.0,36.0,Melodic,43,281,317,888,888,888
889,TR182314,Pequeno,194000.0,30850.0,63.0,Warm Bangers,43,281,321,889,889,889
890,TR613819,Te Quiero,239256.0,32942.0,27.0,Minimal,43,291,317,890,890,890
891,TR142062,Free,218507.0,39970.0,60.0,Warm Bangers,43,295,165,891,891,891
892,TR644659,Chiudi Gli Occhi,182153.0,40605.0,46.0,Slow Dark,43,286,165,892,892,892
893,TR794265,No Security,195960.0,38290.0,34.0,Melodic,43,282,318,893,893,893
894,TR484176,Senza Sogni,175946.0,32274.0,43.0,Fast-Flow,43,289,324,894,894,894
895,TR647710,Mollami Pt.2,155133.0,35480.0,55.0,Warm Bangers,43,286,165,895,895,895
896,TR614575,Ultimi Giorni,183440.0,29173.0,44.0,Minimal,43,288,338,896,896,896
897,TR526883,Nouveau Riche,191106.0,29720.0,34.0,Fast-Flow,43,285,321,897,897,897
898,TR554368,Miserabile,183053.0,37341.0,40.0,Warm Bangers,43,285,321,898,898,898
899,TR762968,Non ci sei tu,189040.0,25518.0,37.0,Slow Dark,43,281,335,899,899,899
900,TR239987,Interstellar,220186.0,26137.0,42.0,Slow Dark,43,285,339,900,900,900
901,TR241223,Sponsor,125527.0,27511.0,39.0,Warm Bangers,43,289,324,901,901,901
902,TR721821,Movie,178709.0,25227.0,59.0,Warm Bangers,43,292,329,902,902,902
903,TR922856,Hotel,227320.0,26908.0,49.0,Warm Bangers,43,287,322,903,903,903
904,TR480881,Io non ho paura,155386.0,31581.0,32.0,Fast-Flow,43,291,317,904,904,904
905,TR298433,Il Blues Del Perdente (6 Gradi Di Separazione),185120.0,29524.0,40.0,Warm Bangers,43,288,338,905,905,905
906,TR617205,Nicolas Cage,181428.0,34890.0,36.0,Fast-Flow,43,289,324,906,906,906
907,TR502252,Too Old To Die Young,202855.0,33982.0,43.0,Slow Dark,43,289,340,907,907,907
908,TR900638,"Un Altro Giorno, Un Altro Euro",206013.0,28147.0,35.0,Warm Bangers,43,291,317,908,908,908
909,TR524391,Léon (The Professional),162519.0,26996.0,39.0,Warm Bangers,43,286,165,909,909,909
910,TR516718,Pappone,209920.0,26960.0,38.0,Warm Bangers,43,285,341,910,910,910
911,TR841644,Tornare Indietro,214986.0,29237.0,39.0,Minimal,43,283,319,911,911,911
912,TR803730,Il viola,222440.0,25180.0,35.0,Fast-Flow,43,281,317,912,912,912
913,TR225416,Lontano Dai Guai,220813.0,28818.0,44.0,Slow Dark,43,286,165,913,913,913
914,TR188319,Hugh Guefner,79786.0,26362.0,39.0,Warm Bangers,43,287,322,914,914,914
915,TR479850,LOCO,137514.0,25781.0,48.0,Fast-Flow,43,296,218,915,915,915
916,TR624032,Da 1k In Su,205186.0,24434.0,39.0,Fast-Flow,43,286,165,916,916,916
917,TR278549,Da 0 a 100,197714.0,22699.0,57.0,Warm Bangers,43,292,329,917,917,917
918,TR541162,In Orbita,262186.0,28585.0,43.0,Minimal,43,283,319,918,918,918
919,TR616250,Giù Il Soffitto,200640.0,26572.0,45.0,Fast-Flow,43,288,342,919,919,919
920,TR609719,Disclaimer,93562.0,20079.0,33.0,Melodic,43,284,320,920,920,920
921,TR256934,Uno Come Me,210720.0,26539.0,46.0,Melodic,43,283,319,921,921,921
922,TR460194,Le Tipe,161640.0,22143.0,56.0,Warm Bangers,43,292,329,922,922,922
923,TR254009,Doppio Whisky,203531.0,25290.0,41.0,Warm Bangers,43,287,343,923,923,923
924,TR488418,Maledetto,200189.0,24235.0,49.0,Warm Bangers,43,297,337,924,924,924
925,TR824938,Conta Su Di Me,220040.0,20641.0,34.0,Minimal,43,288,338,925,925,925
926,TR432394,President Rolly,182693.0,17076.0,30.0,Warm Bangers,43,293,337,926,926,926
927,TR554191,Capa Tosta,193108.0,19013.0,41.0,Slow Dark,43,286,165,927,927,927
928,TR554264,Come Me (Comm’a Me),203062.0,21006.0,33.0,Slow Dark,43,290,344,928,928,928
929,TR797776,SARAGO (Red Bull 64 Bars),143414.0,21172.0,49.0,Melodic,43,298,188,929,929,929
930,TR582034,Bam Bam,215453.0,17749.0,36.0,Fast-Flow,43,287,322,930,930,930
931,TR562617,Mattoni,387264.0,16669.0,48.0,Melodic,43,299,345,931,931,931
932,TR742694,Business,217760.0,21656.0,42.0,Fast-Flow,43,283,346,932,932,932
933,TR308214,Gazelle,150769.0,22558.0,56.0,Warm Bangers,43,292,329,933,933,933
934,TR542219,Big!,234840.0,18791.0,34.0,Hype,43,288,338,934,934,934
935,TR983581,Non Mi Crederai,216320.0,15835.0,29.0,Hype,43,288,338,935,935,935
936,TR807159,Sobrio,155600.0,16461.0,41.0,Slow Dark,43,287,322,936,936,936
937,TR125331,La G La U La E,162373.0,14301.0,52.0,Warm Bangers,43,292,338,937,937,937
938,TR863199,25 ore RMX,183724.0,20525.0,45.0,Fast-Flow,43,282,347,938,938,938
939,TR580176,Lungomare Latino,185280.0,14801.0,32.0,Hype,43,300,348,939,939,939
940,TR348171,Dichiarazione,156800.0,17991.0,36.0,Melodic,43,288,338,940,940,940
941,TR938544,Hey Baby,183813.0,15522.0,38.0,Melodic,43,283,319,941,941,941
942,TR802113,Come Se Fosse Normale,175542.0,17139.0,30.0,Fast-Flow,43,301,349,942,942,942
943,TR265696,Astronauta,151177.0,17575.0,50.0,Slow Dark,43,292,329,943,943,943
944,TR967662,Guersace (RMX),255306.0,18711.0,31.0,Hype,43,302,350,944,944,944
945,TR933903,Millioneuro Boy,206324.0,14369.0,21.0,Warm Bangers,43,290,321,945,945,945
946,TR335755,Nei Tuoi Skinny,187764.0,12960.0,53.0,Slow Dark,43,292,329,946,946,946
947,TR125386,La Mia Ragazza È Gangsta,205493.0,13752.0,50.0,Hype,43,283,319,947,947,947
948,TR268658,Sempre In Giro,307245.0,18423.0,42.0,Slow Dark,43,303,351,948,948,948
949,TR791246,"XXX, Pt. 2 (Hardcore)",269613.0,17784.0,36.0,Fast-Flow,43,288,338,949,949,949
950,TR583962,La G La U La E Pt.3,162373.0,16060.0,52.0,Warm Bangers,43,292,329,950,950,950
951,TR124434,Figlio Di Dio,177666.0,15960.0,38.0,Slow Dark,43,288,338,951,951,951
952,TR218997,"XXX, Pt. 1 (Softcore)",192826.0,15913.0,34.0,Melodic,43,288,338,952,952,952
953,TR944932,Non lo spegnere,196400.0,12620.0,36.0,Slow Dark,43,288,352,953,953,953
954,TR293657,Musical Mafia (Sinatra),161624.0,16420.0,37.0,Slow Dark,43,287,353,954,954,954
955,TR790229,Il Drink & La Jolla,230546.0,13406.0,37.0,Fast-Flow,43,283,319,955,955,955
956,TR218912,Amore/Odio,142236.0,12895.0,37.0,Slow Dark,43,304,354,956,956,956
957,TR873662,Diventare Grande,230117.0,13269.0,35.0,Hype,43,305,338,957,957,957
958,TR136720,Forza Campione,242250.0,10672.0,13.0,Fast-Flow,43,306,238,958,958,958
959,TR254911,Kalispera,192520.0,11139.0,51.0,Warm Bangers,43,292,329,959,959,959
960,TR424668,Bamba,137853.0,13670.0,33.0,Melodic,43,293,337,960,960,960
961,TR921543,La mia collana,210360.0,10391.0,32.0,Melodic,43,281,317,961,961,961
962,TR530901,Indelebile (Inchiostro),230440.0,12796.0,33.0,Minimal,43,283,319,962,962,962
963,TR120740,Bravo Ragazzo,227693.0,10713.0,69.0,Slow Dark,43,283,355,963,963,963
964,TR986935,Quei Bravi Ragazzi,241703.0,11309.0,35.0,Warm Bangers,43,283,356,964,964,964
965,TR514260,Cose Non Sane (Interlude),44589.0,10753.0,33.0,Minimal,43,289,324,965,965,965
966,TR973118,Nei DM,216000.0,10480.0,49.0,Warm Bangers,43,292,329,966,966,966
967,TR353260,Puoi Toccarmi,231133.0,11751.0,37.0,Melodic,43,283,319,967,967,967
968,TR318534,Guè Pequeno imparanoiato per il vento in maniera insensata,211840.0,9533.0,66.0,Minimal,43,287,357,968,968,968
969,TR193317,Pillole,221733.0,10638.0,28.0,Melodic,43,288,338,969,969,969
970,TR299448,Dedicated,236000.0,10268.0,65.0,Warm Bangers,43,295,92,970,970,970
971,TR528812,Easy Boy,238000.0,10849.0,34.0,Melodic,43,283,319,971,971,971
972,TR963623,Ruggine E Ossa,205720.0,11873.0,35.0,Minimal,43,283,319,972,972,972
973,TR725789,#Bosslife (Bosseggiando pt.2),210322.0,10808.0,19.0,Melodic,43,307,344,973,973,973
974,TR939819,Amore O Soldi,194220.0,8749.0,4.0,Fast-Flow,43,308,238,974,974,974
975,TR223685,Barbie Vs Marley,214720.0,7859.0,32.0,Fast-Flow,43,283,319,975,975,975
976,TR206776,L’Idea Sbagliata,218400.0,8750.0,58.0,Slow Dark,43,281,238,976,976,976
977,TR521466,Grezzo,281546.0,9644.0,28.0,Fast-Flow,43,288,338,977,977,977
978,TR319879,Sul Tetto Del Mondo,216093.0,7391.0,38.0,Melodic,43,283,319,978,978,978
979,TR513866,Merda in testa,171502.0,8591.0,15.0,Warm Bangers,43,309,238,979,979,979
980,TR583699,Stiamo Fuori,164000.0,8222.0,56.0,Slow Dark,43,284,345,980,980,980
981,TR777316,Duemilatre,178775.0,6671.0,59.0,Warm Bangers,43,295,92,981,981,981
982,TR853786,Il contatto,213269.0,7257.0,60.0,Warm Bangers,43,295,92,982,982,982
983,TR432902,Lamborghini (German RMX),248931.0,5359.0,17.0,Melodic,43,310,358,983,983,983
984,TR706576,We Run The Town,189000.0,5164.0,21.0,Slow Dark,43,307,344,984,984,984
985,TR522271,Supermarket,195291.0,6664.0,61.0,Warm Bangers,43,295,92,985,985,985
986,TR649101,Che Nessuno Si Muova,240719.0,6023.0,26.0,Hype,43,311,354,986,986,986
987,TR114652,KG Anthem,247111.0,6308.0,58.0,Warm Bangers,43,295,92,987,987,987
988,TR794558,Come Mai (Itaglia),242400.0,5584.0,29.0,Minimal,43,283,319,988,988,988
989,TR876119,Signora,215520.0,5140.0,23.0,Warm Bangers,43,307,321,989,989,989
990,TR400695,Si Sboccia,216704.0,6447.0,37.0,Melodic,43,283,319,990,990,990
991,TR163092,Rimango free,218507.0,6016.0,60.0,Warm Bangers,43,295,92,991,991,991
992,TR477970,Champion Sound (AI29 Anthem),189027.0,5620.0,22.0,Hype,43,307,344,992,992,992
993,TR761094,Crhyme Pays,168143.0,4758.0,59.0,Warm Bangers,43,295,359,993,993,993
994,TR752180,Non sei con me,196679.0,5380.0,60.0,Warm Bangers,43,295,92,994,994,994
995,TR624479,Rap Stallions,218400.0,4898.0,58.0,Melodic,43,281,351,995,995,995
996,TR930466,My Girl,137514.0,4219.0,48.0,Warm Bangers,43,296,360,996,996,996
997,TR827090,Fiumi Di Champagne - Tratto Dal film “Natale Col Boss”,177149.0,5850.0,29.0,Warm Bangers,43,307,361,997,997,997
998,TR767130,XXX Pt.3,182256.0,4287.0,37.0,Hype,43,312,238,998,998,998
999,TR918527,Follow Me,236466.0,5918.0,17.0,Fast-Flow,43,313,238,999,999,999
1000,TR438282,Diventare Grande (Lazza RMX),230117.0,4906.0,35.0,Hype,43,305,253,1000,1000,1000
1001,TR323420,Scrocchia-Rapper,218400.0,4385.0,58.0,Fast-Flow,43,281,238,1001,1001,1001
1002,TR816419,Oh Mio Dio!,198646.0,5099.0,25.0,Fast-Flow,43,283,362,1002,1002,1002
1003,TR287981,Bulletproof,187242.0,5760.0,56.0,Warm Bangers,43,295,92,1003,1003,1003
1004,TR164901,Connor,186511.0,5479.0,58.0,Warm Bangers,43,295,92,1004,1004,1004
1005,TR397794,Gueddafi,218400.0,5627.0,58.0,Melodic,43,281,238,1005,1005,1005
1006,TR847376,Mollami RMX,190451.0,5334.0,18.0,Melodic,43,290,339,1006,1006,1006
1007,TR490311,Dogofiero,218400.0,5401.0,58.0,Hype,43,281,352,1007,1007,1007
1008,TR704708,Seconda Famiglia,137514.0,5716.0,48.0,Fast-Flow,43,296,345,1008,1008,1008
1009,TR321989,Nell’Uragano,218400.0,4513.0,58.0,Melodic,43,281,345,1009,1009,1009
1010,TR834470,Mind Your Bizness,233769.0,4994.0,21.0,Slow Dark,43,314,351,1010,1010,1010
1011,TR903244,Per Chi Mi Hai Preso,165633.0,4455.0,8.0,Slow Dark,43,315,363,1011,1011,1011
1012,TR137501,Middle Finger (XL & Rock IT Dissing),248866.0,5993.0,10.0,Slow Dark,43,316,351,1012,1012,1012
1013,TR499413,Boss!,200800.0,5905.0,41.0,Hype,43,285,354,1013,1013,1013
1014,TR687977,Trafficanti Di Sogni,188473.0,4092.0,31.0,Melodic,43,304,354,1014,1014,1014
1015,TR767308,After Hourz (3 am),166000.0,5426.0,58.0,Warm Bangers,43,295,92,1015,1015,1015
1016,TR994787,Classe Violenta,234083.0,5865.0,18.0,Melodic,43,304,345,1016,1016,1016
1017,TR262429,Power Guè (Big In Milano),247111.0,4375.0,58.0,Slow Dark,43,295,351,1017,1017,1017
1018,TR120889,Rompiossa,218400.0,5150.0,58.0,Warm Bangers,43,281,345,1018,1018,1018
1019,TR236676,Dichiarazione (Young Miles RMX),138750.0,5848.0,26.0,Hype,43,305,253,1019,1019,1019
1020,TR817794,Piombo a Tempo,234032.0,4079.0,20.0,Melodic,43,311,354,1020,1020,1020
1021,TR137880,Il Ragazzo D’Oro (Charlie Charles RMX),251351.0,5409.0,23.0,Warm Bangers,43,305,253,1021,1021,1021
1022,TR647101,Fresh Come Una Rosa,198480.0,4608.0,23.0,Slow Dark,43,317,238,1022,1022,1022
1023,TR940582,Grazie a Me,171502.0,5868.0,15.0,Clean,43,309,238,1023,1023,1023
1024,TR123335,Oh Signore,218400.0,5961.0,58.0,Fast-Flow,43,281,238,1024,1024,1024
1025,TR646778,Bumaye,171502.0,5907.0,15.0,Melodic,43,309,345,1025,1025,1025
1026,TR176901,Io Non Ballo,247111.0,4965.0,58.0,Hype,43,295,351,1026,1026,1026
1027,TR904470,Smokin’ Combo,159248.0,5741.0,23.0,Melodic,43,318,345,1027,1027,1027
1028,TR160759,Non Confonderti,218400.0,5706.0,58.0,Warm Bangers,43,281,364,1028,1028,1028
1029,TR204974,Dogologia,236226.0,4653.0,25.0,Slow Dark,43,319,360,1029,1029,1029
1030,TR556991,Non ci puoi avere,168618.0,5673.0,54.0,Warm Bangers,43,295,92,1030,1030,1030
1031,TR577588,Mixtape King,171502.0,4087.0,15.0,Hype,43,309,238,1031,1031,1031
1032,TR991898,Brivido - Soundtrack Version - The Opening,247767.0,5208.0,27.0,Fast-Flow,43,283,356,1032,1032,1032
1033,TR616549,Rap Quotables,218400.0,4474.0,58.0,Clean,43,281,345,1033,1033,1033
1034,TR936433,Fai Il Bravo,186731.0,4255.0,20.0,Clean,43,283,238,1034,1034,1034
1035,TR962058,Ultimi Giorni (Shablo RMX),205445.0,4167.0,28.0,Hype,43,305,253,1035,1035,1035
1036,TR391199,Lamborghini (Swiss RMX),185806.0,5405.0,18.0,Melodic,43,320,365,1036,1036,1036
1037,TR167825,Figlio Di Dio (Gemitaiz RMX),162666.0,4693.0,28.0,Warm Bangers,43,305,253,1037,1037,1037
1038,TR649360,Giù Il Soffitto (2nd Roof RMX),164380.0,5464.0,25.0,Hype,43,305,253,1038,1038,1038
1039,TR224974,R.E.B,227693.0,4143.0,69.0,Minimal,43,283,366,1039,1039,1039
1040,TR817689,Partito D.O.G.O.,219386.0,4645.0,11.0,Hype,43,321,351,1040,1040,1040
1041,TR839122,Come Piace a Me,198480.0,5095.0,23.0,Clean,43,317,238,1041,1041,1041
1042,TR727577,Voglio Lei,290280.0,5598.0,37.0,Fast-Flow,43,322,351,1042,1042,1042
1043,TR453783,Più Pesante Del Cielo,273777.0,4651.0,27.0,Slow Dark,43,305,345,1043,1043,1043
1044,TR940221,Vite Veloci,218400.0,5267.0,58.0,Fast-Flow,43,281,351,1044,1044,1044
1045,TR546696,Big! (Drillionaire RMX),218972.0,5788.0,27.0,Warm Bangers,43,305,253,1045,1045,1045
1046,TR772974,Nella City,292261.0,5248.0,5.0,Melodic,43,323,360,1046,1046,1046
1047,TR369509,Seconda Pelle,137514.0,4480.0,48.0,Fast-Flow,43,296,351,1047,1047,1047
1048,TR597620,Amore-Odio,142236.0,4060.0,37.0,Slow Dark,43,304,360,1048,1048,1048
1049,TR528565,New Pussy,203493.0,5758.0,33.0,Minimal,43,324,351,1049,1049,1049
1050,TR702417,Droga Rap Uncut,242746.0,4056.0,26.0,Hype,43,325,351,1050,1050,1050
1051,TR695938,Bomberz,218400.0,5768.0,58.0,Hype,43,281,238,1051,1051,1051
1052,TR407477,Il Blues Del Perdente (6 Gradi di Separazione) [DJ Harsh RMX],199148.0,5072.0,24.0,Slow Dark,43,305,253,1052,1052,1052
1053,TR675917,Trema Il Palazzo,283626.0,5896.0,41.0,Slow Dark,43,326,351,1053,1053,1053
1054,TR922105,Castigo,218400.0,5616.0,58.0,Hype,43,281,367,1054,1054,1054
1055,TR840393,Luce,219904.0,6015.0,45.0,Hype,43,297,360,1055,1055,1055
1056,TR711782,Non Lo Spegnere (Junior K RMX),226428.0,4715.0,20.0,Hype,43,305,253,1056,1056,1056
1057,TR495490,Sgrilla Loverz,195506.0,5552.0,40.0,Hype,43,327,345,1057,1057,1057
1058,TR655499,Il Sesto Senso,170724.0,4819.0,6.0,Hype,43,328,360,1058,1058,1058
1059,TR932236,Sangue,269154.0,4975.0,25.0,Fast-Flow,43,329,345,1059,1059,1059
1060,TR774326,Colpisco&Sparisco,292261.0,5271.0,5.0,Slow Dark,43,323,238,1060,1060,1060
1061,TR276207,La G La U La E (Don Joe RMX),169756.0,5763.0,19.0,Hype,43,305,253,1061,1061,1061
1062,TR467937,Street Cinema,164000.0,5989.0,56.0,Clean,43,284,352,1062,1062,1062
1063,TR351355,Traffico,176146.0,5553.0,0.0,Melodic,43,330,345,1063,1063,1063
1064,TR867158,Pizza Connection,171502.0,4851.0,15.0,Slow Dark,43,309,345,1064,1064,1064
1065,TR483016,Giudizio Di Dio,183306.0,4857.0,14.0,Slow Dark,43,331,360,1065,1065,1065
1066,TR113983,Rivelazioni,218400.0,5492.0,58.0,Melodic,43,281,345,1066,1066,1066
1067,TR789022,D.O.G.O. Meets Prestigio Click,171502.0,4491.0,15.0,Melodic,43,309,345,1067,1067,1067
1068,TR739709,La Fetta,218400.0,4234.0,58.0,Slow Dark,43,281,345,1068,1068,1068
1069,TR916084,Pillole (Night Skinny RMX),195348.0,4722.0,18.0,Hype,43,305,253,1069,1069,1069
1070,TR410200,A’ Vita Veloce,164000.0,4589.0,56.0,Hype,43,284,351,1070,1070,1070
1071,TR906035,The Infimous Dogo Gang,183306.0,4605.0,14.0,Melodic,43,331,345,1071,1071,1071
1072,TR277780,Figli Di P.,177666.0,4480.0,38.0,Hype,43,288,360,1072,1072,1072
1073,TR738385,Fuori Orario - Acoustic Jam Session,223326.0,4095.0,23.0,Fast-Flow,43,290,37,1073,1073,1073
1074,TR251170,Sinfonia N. 7,248708.0,4048.0,51.0,Hype,43,291,368,1074,1074,1074
1075,TR853747,Rap Roba Fresh,188630.0,5993.0,19.0,Melodic,43,332,360,1075,1075,1075
1076,TR343548,Dopeman,218400.0,4871.0,58.0,Slow Dark,43,281,351,1076,1076,1076
1077,TR971606,Fattore Wow!,195506.0,4782.0,40.0,Hype,43,327,360,1077,1077,1077
1078,TR669406,Monster Weed Intro,200640.0,5375.0,45.0,Minimal,43,288,345,1078,1078,1078
1079,TR290155,Rose Nere - Soundtrack Version - The End,232000.0,4450.0,26.0,Minimal,43,283,356,1079,1079,1079
1080,TR440724,(S)compensi,218400.0,5919.0,58.0,Slow Dark,43,281,345,1080,1080,1080
1081,TR285073,Inedito (1999),218400.0,5589.0,58.0,Minimal,43,281,369,1081,1081,1081
1082,TR842497,Dammi I Tuoi Milioni,180137.0,4192.0,75.0,Minimal,43,333,351,1082,1082,1082
1083,TR256891,Strade Di Fuoco,208293.0,4849.0,47.0,Slow Dark,43,281,351,1083,1083,1083
1084,TR836701,Angeli E Santi,253413.0,5776.0,8.0,Slow Dark,43,334,360,1084,1084,1084
1085,TR679925,Cartier,218400.0,5908.0,58.0,Hype,43,281,360,1085,1085,1085
1086,TR692716,Snob Reloaded,218400.0,4949.0,58.0,Fast-Flow,43,281,360,1086,1086,1086
1087,TR966930,NBA PROMO ITALIA,203493.0,5242.0,33.0,Minimal,43,324,370,1087,1087,1087
1088,TR202440,24/7,240053.0,4347.0,13.0,Hype,43,335,360,1088,1088,1088
1089,TR857342,Milano-Roma,247111.0,5999.0,58.0,Melodic,43,295,360,1089,1089,1089
1090,TR972151,Grand Royal,292261.0,4477.0,5.0,Clean,43,323,351,1090,1090,1090
1091,TR270849,Killer Verse,196400.0,5901.0,36.0,Melodic,43,288,364,1091,1091,1091
1092,TR781750,La Bella Italia,284386.0,5315.0,28.0,Hype,43,336,360,1092,1092,1092
1093,TR489110,Tutta Roba Mia,247111.0,5232.0,58.0,Melodic,43,295,360,1093,1093,1093
1094,TR235755,Catrame,218400.0,5041.0,58.0,Hype,43,281,360,1094,1094,1094
1095,TR938005,Menomati,218400.0,4476.0,58.0,Slow Dark,43,281,238,1095,1095,1095
1096,TR165364,Megalopoli Suono,179513.0,4366.0,51.0,Slow Dark,43,337,360,1096,1096,1096
1097,TR810550,Life-Stories,164000.0,4454.0,56.0,Slow Dark,43,284,360,1097,1097,1097
1098,TR631349,La Bomba,183306.0,4385.0,14.0,Minimal,43,331,360,1098,1098,1098
1099,TR184316,Senza Censura,164000.0,5575.0,56.0,Slow Dark,43,284,360,1099,1099,1099
1100,TR179203,MM & Guè Pequeno,216320.0,4713.0,29.0,Minimal,43,288,360,1100,1100,1100
1101,TR290792,Lontano Outro,179513.0,4128.0,51.0,Minimal,43,337,351,1101,1101,1101
1102,TR889981,Immobile,276546.0,5956.0,9.0,Minimal,43,338,360,1102,1102,1102
1103,TR344247,Role Models,230160.0,5784.0,32.0,Hype,43,339,360,1103,1103,1103
1104,TR281029,Chi Ci Ferma,219386.0,5873.0,11.0,Hype,43,321,360,1104,1104,1104
1105,TR199535,Tutti I Giorni,206393.0,6007.0,20.0,Slow Dark,43,340,360,1105,1105,1105
1106,TR400723,Cookies N’ Cream RMX,201845.0,4359.0,66.0,Warm Bangers,43,286,371,1106,1106,1106
1107,TR497982,Frangetta VS Club Dogo,219386.0,4806.0,11.0,Minimal,43,321,360,1107,1107,1107
1108,TR581219,Fanno Ridere,198480.0,5533.0,23.0,Slow Dark,43,317,360,1108,1108,1108
1109,TR523924,Criminal Minded,285658.0,5407.0,7.0,Hype,43,341,360,1109,1109,1109
1110,TR106286,Musica Narcotica,179513.0,4320.0,51.0,Fast-Flow,43,337,360,1110,1110,1110
1111,TR378457,Nun Ce Provà,165000.0,5647.0,0.0,Clean,43,342,360,1111,1111,1111
1112,TR978718,Sinfonia Numero 7,248708.0,4463.0,51.0,Hype,43,291,360,1112,1112,1112
1113,TR480652,Rendez-Vous Col Delirio,260413.0,4461.0,42.0,Hype,43,343,360,1113,1113,1113
1114,TR401188,Capo Status,168133.0,5088.0,28.0,Warm Bangers,43,344,360,1114,1114,1114
1115,TR453592,You Know NA-MI,164000.0,5202.0,56.0,Hype,43,284,360,1115,1115,1115
1116,TR577756,Squalo - Acoustic Jam Session,215798.0,5174.0,14.0,Fast-Flow,43,290,344,1116,1116,1116
1117,TR386472,Fuck Tomorrow,137514.0,4195.0,48.0,Minimal,43,296,360,1117,1117,1117
1118,TR890798,Amen,218400.0,5772.0,58.0,Melodic,43,281,360,1118,1118,1118
1119,TR397374,Dangerous,218400.0,4545.0,58.0,Melodic,43,281,360,1119,1119,1119
1120,TR843246,Lavaggio Del Cervello,283626.0,4271.0,41.0,Slow Dark,43,326,360,1120,1120,1120
1121,TR594083,Real TV,155373.0,5794.0,30.0,Slow Dark,43,345,360,1121,1121,1121
1122,TR643227,Red Carpet,220040.0,5929.0,34.0,Slow Dark,43,288,360,1122,1122,1122
1123,TR552246,In Alto,241554.0,5740.0,8.0,Fast-Flow,43,346,360,1123,1123,1123
1124,TR703454,Fai Quello Che Vuoi,224835.0,5634.0,7.0,Fast-Flow,43,347,360,1124,1124,1124
1125,TR225508,Scambi Di Materiale,183306.0,5324.0,14.0,Melodic,43,331,360,1125,1125,1125
1126,TR839204,Eravamo Re - Acoustic Jam Session,161615.0,5115.0,13.0,Slow Dark,43,290,344,1126,1126,1126
1127,TR922726,Stop That Train,249600.0,4185.0,89.0,Slow Dark,43,348,360,1127,1127,1127
1128,TR464787,Guerrieri Del Microfono,236466.0,4830.0,17.0,Slow Dark,43,313,360,1128,1128,1128
1129,TR420065,Supercalifrigida,130285.0,48320.0,37.0,Warm Bangers,69,349,372,1129,1129,1129
1130,TR870911,Il Mago,187623.0,33560.0,41.0,Hype,69,350,373,1130,1130,1130
1131,TR990886,Schifo,274025.0,12943.0,23.0,Warm Bangers,69,351,374,1131,1131,1131
1132,TR923956,Risatatà,221323.0,5119.0,24.0,Fast-Flow,69,351,375,1132,1132,1132
1133,TR184858,Amnesia,220754.0,4177.0,30.0,Hype,69,351,375,1133,1133,1133
1134,TR926024,Tipi da club,199728.0,4454.0,17.0,Fast-Flow,69,351,215,1134,1134,1134
1135,TR296598,Empatia,235350.0,5382.0,17.0,Hype,69,351,375,1135,1135,1135
1136,TR444175,Donne,253639.0,4164.0,16.0,Melodic,69,351,375,1136,1136,1136
1137,TR318448,Scimmia,201015.0,5718.0,29.0,Warm Bangers,69,351,375,1137,1137,1137
1138,TR884562,Giostre,275587.0,5003.0,13.0,Slow Dark,69,351,375,1138,1138,1138
1139,TR407592,AMEMÌ,194833.0,4977.0,19.0,Hype,69,352,376,1139,1139,1139
1140,TR619959,Ballo,196568.0,5200.0,27.0,Fast-Flow,69,353,377,1140,1140,1140
1141,TR991710,SBA,140725.0,5662.0,21.0,Warm Bangers,69,351,375,1141,1141,1141
1142,TR543720,Chi,547121.0,4709.0,12.0,Fast-Flow,69,351,375,1142,1142,1142
1143,TR757852,Erbavoglio,247000.0,5371.0,15.0,Fast-Flow,69,354,378,1143,1143,1143
1144,TR627858,Pistolero,212062.0,5146.0,14.0,Warm Bangers,69,355,379,1144,1144,1144
1145,TR936569,Tachicardia,237600.0,4546.0,22.0,Warm Bangers,69,351,375,1145,1145,1145
1146,TR806387,Missili,206133.0,5775.0,13.0,Hype,69,356,380,1146,1146,1146
1147,TR863698,Parlami,214749.0,5610.0,30.0,Melodic,69,353,381,1147,1147,1147
1148,TR275424,Senso,182160.0,5331.0,12.0,Warm Bangers,69,356,380,1148,1148,1148
1149,TR380567,N°1,203546.0,5715.0,32.0,Warm Bangers,69,353,381,1149,1149,1149
1150,TR941826,Vaderetro,130253.0,5750.0,14.0,Warm Bangers,69,356,380,1150,1150,1150
1151,TR928270,Je suis désolé,192835.0,5431.0,27.0,Melodic,69,353,382,1151,1151,1151
1152,TR570747,El Matador,169712.0,5689.0,30.0,Melodic,69,353,383,1152,1152,1152
1153,TR701217,Risatatà RMX,221323.0,5411.0,24.0,Fast-Flow,69,351,384,1153,1153,1153
1154,TR496743,Tutto,236725.0,5373.0,7.0,Warm Bangers,69,351,375,1154,1154,1154
1155,TR308464,AH,145090.0,5252.0,31.0,Melodic,69,357,133,1155,1155,1155
1156,TR296193,Balb & Tando,207626.0,5521.0,13.0,Hype,69,356,380,1156,1156,1156
1157,TR993481,Ba...ba...baciami piccina,160769.0,4328.0,17.0,Melodic,69,358,385,1157,1157,1157
1158,TR310141,Lalala-Lalala-Lalalala-Lalala,182241.0,5779.0,16.0,Fast-Flow,69,353,381,1158,1158,1158
1159,TR509238,Ovvio,236133.0,5759.0,15.0,Warm Bangers,69,356,380,1159,1159,1159
1160,TR918860,Fred Astaire,182880.0,4070.0,22.0,Warm Bangers,69,353,381,1160,1160,1160
1161,TR266672,O.M.P.,194564.0,5665.0,16.0,Warm Bangers,69,353,386,1161,1161,1161
1162,TR496841,Karate,143316.0,4269.0,24.0,Melodic,69,359,387,1162,1162,1162
1163,TR936297,Dinamite,144444.0,4684.0,26.0,Fast-Flow,69,360,388,1163,1163,1163
1164,TR963179,Paura,199626.0,5502.0,23.0,Melodic,69,361,389,1164,1164,1164
1165,TR937285,Sparirò,206896.0,4333.0,26.0,Slow Dark,69,362,390,1165,1165,1165
1166,TR945011,Mon Ami•e,174545.0,5649.0,17.0,Melodic,69,363,391,1166,1166,1166
1167,TR740042,AMEMÌ (New Edit),194833.0,5681.0,19.0,Hype,69,352,392,1167,1167,1167
1168,TR605959,Mandibola,191000.0,5027.0,18.0,Warm Bangers,69,364,84,1168,1168,1168
1169,TR337156,Macho,202105.0,4024.0,23.0,Slow Dark,69,365,393,1169,1169,1169
1170,TR369259,Lararì,164262.0,4585.0,20.0,Minimal,69,366,68,1170,1170,1170
1171,TR871241,Brucia,129032.0,5247.0,20.0,Melodic,69,367,394,1171,1171,1171
1172,TR232773,Lev 26:6-8,133421.0,5977.0,17.0,Warm Bangers,69,368,395,1172,1172,1172
1173,TR205774,Attimo,177600.0,5278.0,17.0,Slow Dark,69,369,269,1173,1173,1173
1174,TR680468,Banana,111114.0,4533.0,15.0,Slow Dark,69,370,64,1174,1174,1174
1175,TR395370,Sir Cavalier,192000.0,5283.0,17.0,Slow Dark,69,371,396,1175,1175,1175
1176,TR521639,Tutti Frutty,138352.0,11905.0,21.0,Slow Dark,86,372,397,1176,1176,1176
1177,TR113838,​rosa naturale,183870.0,9841.0,27.0,Hype,86,373,398,1177,1177,1177
1178,TR492218,MAMA,171144.0,4873.0,36.0,Slow Dark,86,374,278,1178,1178,1178
1179,TR514818,"Ti amo, ti odio",197714.0,5869.0,26.0,Hype,86,375,268,1179,1179,1179
1180,TR467193,What U Do To Me,186466.0,5096.0,24.0,Fast-Flow,86,376,399,1180,1180,1180
1181,TR162849,00:23,137445.0,5941.0,18.0,Fast-Flow,86,377,400,1181,1181,1181
1182,TR840548,Drink,190013.0,4695.0,16.0,Slow Dark,86,378,401,1182,1182,1182
1183,TR297247,Body Adi,210633.0,5278.0,13.0,Fast-Flow,86,379,402,1183,1183,1183
1184,TR968763,7 Giorni,168568.0,5879.0,16.0,Warm Bangers,86,380,61,1184,1184,1184
1185,TR224539,Caffè e Lacrime,219930.0,4215.0,22.0,Minimal,86,381,403,1185,1185,1185
1186,TR275829,Doo Wop,233346.0,5893.0,10.0,Hype,86,376,399,1186,1186,1186
1187,TR521889,Rusinè,162666.0,5389.0,15.0,Minimal,86,382,404,1187,1187,1187
1188,TR578938,Nella tana del mostro,181343.0,4147.0,13.0,Slow Dark,86,383,405,1188,1188,1188
1189,TR156492,SETA,165394.0,4614.0,14.0,Minimal,86,382,404,1189,1189,1189
1190,TR132417,Melancholia,184784.0,5431.0,17.0,Minimal,86,384,406,1190,1190,1190
1191,TR620222,PHONE CALLS,174600.0,4145.0,8.0,Minimal,86,382,404,1191,1191,1191
1192,TR871104,4L,193903.0,5178.0,13.0,Minimal,86,382,404,1192,1192,1192
1193,TR168006,Animal,223813.0,4704.0,17.0,Warm Bangers,86,376,399,1193,1193,1193
1194,TR343469,Down On Earth,180107.0,5254.0,5.0,Minimal,86,382,404,1194,1194,1194
1195,TR203645,Confetti,239146.0,4103.0,8.0,Slow Dark,86,376,399,1195,1195,1195
1196,TR842754,Cold Water,192933.0,5758.0,9.0,Fast-Flow,86,376,399,1196,1196,1196
1197,TR944854,Heavy Dirty Soul,201546.0,5964.0,9.0,Hype,86,376,399,1197,1197,1197
1198,TR658481,Giovane fuoriclasse,221973.0,569687.0,60.0,Fast-Flow,15,385,407,1198,1198,1198
1199,TR971842,Allenamento #2,151421.0,450099.0,61.0,Minimal,15,386,408,1199,1199,1199
1200,TR451951,Tesla,185146.0,311583.0,67.0,Fast-Flow,15,385,409,1200,1200,1200
1201,TR550803,Ne è valsa la pena,234600.0,266408.0,61.0,Warm Bangers,15,385,409,1201,1201,1201
1202,TR501637,Nisida,236000.0,193848.0,60.0,Minimal,15,387,410,1202,1202,1202
1203,TR759449,Allenamento #3,166404.0,166421.0,56.0,Fast-Flow,15,388,411,1203,1203,1203
1204,TR457725,Uno squillo,208813.0,183130.0,65.0,Warm Bangers,15,385,409,1204,1204,1204
1205,TR852165,Forte e chiaro,219173.0,140498.0,61.0,Fast-Flow,15,385,409,1205,1205,1205
1206,TR243801,Non cambierò mai,208920.0,132844.0,52.0,Warm Bangers,15,385,349,1206,1206,1206
1207,TR155120,Allenamento #4,170078.0,121939.0,57.0,Warm Bangers,15,389,412,1207,1207,1207
1208,TR261042,Allenamento #1,151389.0,109130.0,50.0,Slow Dark,15,390,413,1208,1208,1208
1209,TR945250,Vabbene,195613.0,82370.0,56.0,Fast-Flow,15,385,409,1209,1209,1209
1210,TR276673,Giù da me,180653.0,100810.0,50.0,Fast-Flow,15,385,409,1210,1210,1210
1211,TR617699,Come me,197253.0,81004.0,50.0,Warm Bangers,15,385,409,1211,1211,1211
1212,TR148423,Billets,198536.0,71947.0,55.0,Hype,15,391,123,1212,1212,1212
1213,TR728880,20,241800.0,60026.0,51.0,Fast-Flow,15,385,409,1213,1213,1213
1214,TR500474,Interlude (Ora è la mia ora),135506.0,63073.0,49.0,Warm Bangers,15,385,409,1214,1214,1214
1215,TR391833,Non Fare Così,192786.0,60274.0,64.0,Slow Dark,15,389,414,1215,1215,1215
1216,TR416576,Non si ferma,217573.0,47903.0,41.0,Minimal,15,392,415,1216,1216,1216
1217,TR764099,VVS,184320.0,40810.0,52.0,Warm Bangers,15,389,414,1217,1217,1217
1218,TR121372,No Stress,180871.0,39755.0,51.0,Warm Bangers,15,389,414,1218,1218,1218
1219,TR407387,Plaza,214588.0,39216.0,67.0,Fast-Flow,15,393,414,1219,1219,1219
1220,TR252969,Nike Boy,146413.0,33300.0,41.0,Warm Bangers,15,385,409,1220,1220,1220
1221,TR954000,Richard Mille,226233.0,40249.0,42.0,Fast-Flow,15,389,414,1221,1221,1221
1222,TR530063,OMG,196969.0,29103.0,51.0,Melodic,15,389,414,1222,1222,1222
1223,TR500883,Money Rain,156674.0,32726.0,58.0,Slow Dark,15,394,416,1223,1223,1223
1224,TR578367,So cosa fare,175068.0,38675.0,46.0,Warm Bangers,15,395,417,1224,1224,1224
1225,TR281623,Fiamme Alte,208276.0,29957.0,46.0,Fast-Flow,15,389,414,1225,1225,1225
1226,TR890439,Street,242600.0,32178.0,52.0,Warm Bangers,15,396,414,1226,1226,1226
1227,TR836974,Coupé,176585.0,28872.0,54.0,Warm Bangers,15,391,123,1227,1227,1227
1228,TR912599,Demonio,190666.0,27137.0,57.0,Slow Dark,15,389,414,1228,1228,1228
1229,TR351356,I Miss U,183439.0,35454.0,61.0,Slow Dark,15,394,416,1229,1229,1229
1230,TR454733,Soldi Arrotolati,151515.0,28377.0,67.0,Melodic,15,394,416,1230,1230,1230
1231,TR123931,El Chapo JR,202546.0,33637.0,33.0,Minimal,15,397,418,1231,1231,1231
1232,TR290819,Sto Magazine Freestyle #2,193044.0,25402.0,27.0,Minimal,15,398,419,1232,1232,1232
1233,TR209162,Nuovo Inizio,171125.0,25134.0,62.0,Warm Bangers,15,399,420,1233,1233,1233
1234,TR794850,Mai come vogliono (Freestyle),195651.0,22094.0,8.0,Minimal,15,400,421,1234,1234,1234
1235,TR573459,Track 1,133193.0,28801.0,40.0,Warm Bangers,15,389,414,1235,1235,1235
1236,TR699396,J$ JP,208346.0,25677.0,41.0,Melodic,15,385,409,1236,1236,1236
1237,TR780016,Ancora Qua,164177.0,29681.0,59.0,Fast-Flow,15,394,416,1237,1237,1237
1238,TR879265,Sottovuoto,167999.0,25223.0,69.0,Warm Bangers,15,394,416,1238,1238,1238
1239,TR186927,RATATA,214603.0,28694.0,57.0,Hype,15,391,123,1239,1239,1239
1240,TR891458,Nato Per Questo,167076.0,20324.0,47.0,Fast-Flow,15,394,422,1240,1240,1240
1241,TR365759,Ferrari,185379.0,25482.0,37.0,Warm Bangers,15,389,414,1241,1241,1241
1242,TR716732,Ferite,181565.0,24597.0,70.0,Fast-Flow,15,399,416,1242,1242,1242
1243,TR166938,New Jeans,125893.0,24205.0,32.0,Hype,15,401,423,1243,1243,1243
1244,TR490655,Acqua Passata,189120.0,24691.0,62.0,Fast-Flow,15,394,424,1244,1244,1244
1245,TR561498,Capri Sun,199680.0,22496.0,69.0,Hype,15,402,9,1245,1245,1245
1246,TR252126,Lo So Che,181565.0,21112.0,70.0,Slow Dark,15,399,420,1246,1246,1246
1247,TR821033,La Ca$$a,207789.0,16428.0,63.0,Fast-Flow,15,403,416,1247,1247,1247
1248,TR433062,Ultimo Banco,177575.0,15335.0,44.0,Slow Dark,15,389,414,1248,1248,1248
1249,TR781243,Memories,156183.0,21158.0,53.0,Slow Dark,15,394,416,1249,1249,1249
1250,TR667327,Borse Hermès,160509.0,18163.0,61.0,Hype,15,394,396,1250,1250,1250
1251,TR712692,Oh Amore,225132.0,19268.0,52.0,Slow Dark,15,394,416,1251,1251,1251
1252,TR997318,Dal Quartiere,171315.0,16947.0,25.0,Hype,15,404,425,1252,1252,1252
1253,TR464821,Taxi,194386.0,14453.0,39.0,Warm Bangers,15,385,409,1253,1253,1253
1254,TR804864,Tutto Passa,163673.0,13771.0,31.0,Hype,15,404,426,1254,1254,1254
1255,TR434971,Baby Girl,137399.0,17376.0,53.0,Hype,15,394,416,1255,1255,1255
1256,TR319401,Tevez,138000.0,15707.0,37.0,Melodic,15,389,414,1256,1256,1256
1257,TR768715,Mi Riempi Di Chiamate,192196.0,14151.0,56.0,Melodic,15,394,416,1257,1257,1257
1258,TR551566,Envidioso,196758.0,15998.0,52.0,Warm Bangers,15,389,427,1258,1258,1258
1259,TR688043,Pochette,169846.0,12348.0,41.0,Fast-Flow,15,389,414,1259,1259,1259
1260,TR913180,Ho fatto strada,172500.0,14836.0,43.0,Fast-Flow,15,405,428,1260,1260,1260
1261,TR452137,In gamba*,151421.0,12871.0,61.0,Slow Dark,15,386,58,1261,1261,1261
1262,TR869438,Busy,160235.0,15624.0,49.0,Hype,15,394,416,1262,1262,1262
1263,TR501030,X FAVORE,358413.0,12645.0,56.0,Minimal,15,406,429,1263,1263,1263
1264,TR424795,Successo,185847.0,11348.0,35.0,Warm Bangers,15,389,414,1264,1264,1264
1265,TR880243,Nun Me Fid’,221654.0,8811.0,21.0,Warm Bangers,15,404,426,1265,1265,1265
1266,TR464052,I Soldi Parlano,194711.0,8948.0,44.0,Warm Bangers,15,407,430,1266,1266,1266
1267,TR364397,No Drama,177637.0,9843.0,47.0,Fast-Flow,15,394,416,1267,1267,1267
1268,TR665989,Non Basta Mai,144512.0,10309.0,67.0,Slow Dark,15,408,431,1268,1268,1268
1269,TR844634,Freddy Krueger Freestyle,99327.0,10366.0,44.0,Slow Dark,15,409,83,1269,1269,1269
1270,TR414992,Goyard,164087.0,8861.0,48.0,Warm Bangers,15,402,432,1270,1270,1270
1271,TR163694,Tutta La Night,167999.0,10388.0,49.0,Fast-Flow,15,394,416,1271,1271,1271
1272,TR900024,Panama,172988.0,9937.0,46.0,Melodic,15,407,430,1272,1272,1272
1273,TR312149,RapStar,167234.0,9480.0,49.0,Hype,15,402,9,1273,1273,1273
1274,TR337564,Stone Island,177230.0,6785.0,47.0,Warm Bangers,15,402,9,1274,1274,1274
1275,TR434595,Solo Un’Ora,177599.0,8168.0,46.0,Fast-Flow,15,394,416,1275,1275,1275
1276,TR568161,Giro coi miei (Freestyle),152163.0,6787.0,24.0,Melodic,15,410,433,1276,1276,1276
1277,TR282575,Non C’è Love,167102.0,6839.0,48.0,Fast-Flow,15,394,416,1277,1277,1277
1278,TR653824,Sto giù,193044.0,8942.0,27.0,Slow Dark,15,398,434,1278,1278,1278
1279,TR232548,Loro che ne sanno,201684.0,6098.0,26.0,Hype,15,404,426,1279,1279,1279
1280,TR934329,Hustle,199680.0,7054.0,69.0,Hype,15,402,9,1280,1280,1280
1281,TR954998,Dolce E Amara,183356.0,7244.0,54.0,Fast-Flow,15,399,420,1281,1281,1281
1282,TR179468,Nati Bastardi,151090.0,7318.0,55.0,Hype,15,399,420,1282,1282,1282
1283,TR977191,Fino All’Alba,157168.0,6719.0,58.0,Melodic,15,394,23,1283,1283,1283
1284,TR174822,Tutti i Giorni,222981.0,4821.0,29.0,Fast-Flow,15,411,435,1284,1284,1284
1285,TR973220,Nuovo Canada,184601.0,5421.0,43.0,Warm Bangers,15,407,430,1285,1285,1285
1286,TR523711,Pronto,199333.0,5765.0,36.0,Warm Bangers,15,407,430,1286,1286,1286
1287,TR177807,Everyday Everynight,244536.0,4756.0,41.0,Warm Bangers,15,402,9,1287,1287,1287
1288,TR909962,Money Time Freestyle,109213.0,4951.0,50.0,Warm Bangers,15,402,9,1288,1288,1288
1289,TR606984,Paranoie (BIT),233239.0,4137.0,41.0,Warm Bangers,15,402,9,1289,1289,1289
1290,TR596069,Air Force,176223.0,4167.0,40.0,Warm Bangers,15,402,9,1290,1290,1290
1291,TR432939,Nonstop RMX,181668.0,4805.0,58.0,Warm Bangers,15,412,436,1291,1291,1291
1292,TR607522,Hennessy,148333.0,4277.0,43.0,Warm Bangers,15,402,9,1292,1292,1292
1293,TR680539,No Game,159947.0,5151.0,20.0,Hype,15,404,437,1293,1293,1293
1294,TR937536,Non Bastano Mai,165957.0,5393.0,42.0,Warm Bangers,15,402,9,1294,1294,1294
1295,TR276675,Giungla,140010.0,5617.0,51.0,Slow Dark,15,402,9,1295,1295,1295
1296,TR724192,Bad Boy,160591.0,4414.0,63.0,Warm Bangers,15,413,438,1296,1296,1296
1297,TR898332,Dimmi Tu,194549.0,4347.0,47.0,Warm Bangers,15,399,420,1297,1297,1297
1298,TR917685,For Pecché,122553.0,4221.0,0.0,Warm Bangers,15,414,426,1298,1298,1298
1299,TR396719,Mayweather Freestyle,1106572.0,5285.0,13.0,Clean,15,415,439,1299,1299,1299
1300,TR622666,Forse sbaglio*,180137.0,5429.0,75.0,Slow Dark,15,416,396,1300,1300,1300
1301,TR621066,105 Mi Casa Mashup: Capo Plaza con New Jeans su Totiana,181565.0,4074.0,70.0,Melodic,15,399,440,1301,1301,1301
1302,TR821710,Trap Take Radio 105 (2021),1106572.0,5890.0,13.0,Slow Dark,15,415,441,1302,1302,1302
1303,TR499764,Sulamente Nuje,205834.0,4116.0,31.0,Fast-Flow,15,404,442,1303,1303,1303
1304,TR607845,Capiti Male,228411.0,5097.0,18.0,Warm Bangers,15,404,426,1304,1304,1304
1305,TR711471,Abu Dhabi*,157206.0,5433.0,34.0,Warm Bangers,15,417,443,1305,1305,1305
1306,TR958236,Il Nuovo Album,152163.0,5756.0,24.0,Warm Bangers,15,410,444,1306,1306,1306
1307,TR615923,Poco Amichevole*,181668.0,5444.0,58.0,Minimal,15,412,165,1307,1307,1307
1308,TR540640,Don’t Panic*,147714.0,5621.0,1.0,Minimal,15,418,314,1308,1308,1308
1309,TR406756,Vari Conti*,222981.0,4692.0,29.0,Fast-Flow,15,411,435,1309,1309,1309
1310,TR859994,Trap Take Radio 105,1106572.0,5646.0,13.0,Slow Dark,15,415,445,1310,1310,1310
1311,TR114701,7 miliardi,167089.0,182235.0,53.0,Hype,61,419,446,1311,1311,1311
1312,TR603122,Amici,180950.0,206161.0,58.0,Fast-Flow,61,419,447,1312,1312,1312
1313,TR721640,Ansia,216000.0,118226.0,43.0,Hype,61,419,423,1313,1313,1313
1314,TR555721,Sabbie d’oro,232000.0,117747.0,51.0,Slow Dark,61,419,448,1314,1314,1314
1315,TR770826,STUPIDO,187431.0,93264.0,60.0,Slow Dark,61,420,253,1315,1315,1315
1316,TR943427,Miss,197585.0,97011.0,53.0,Minimal,61,421,449,1316,1316,1316
1317,TR424103,CAZZO CULO,233865.0,90869.0,42.0,Fast-Flow,61,420,253,1317,1317,1317
1318,TR368269,Scialla semper,180950.0,89750.0,58.0,Slow Dark,61,419,447,1318,1318,1318
1319,TR987615,Polo Nord,249303.0,64575.0,53.0,Warm Bangers,61,421,137,1319,1319,1319
1320,TR854571,Moneylove,172538.0,62861.0,62.0,Warm Bangers,61,422,393,1320,1320,1320
1321,TR440235,AIRFORCE,220235.0,68409.0,58.0,Slow Dark,61,420,253,1321,1321,1321
1322,TR944859,BUGIE,229343.0,55467.0,44.0,Slow Dark,61,420,3,1322,1322,1322
1323,TR219846,X3,140592.0,72843.0,45.0,Melodic,61,419,450,1323,1323,1323
1324,TR758708,Totoro,195452.0,54678.0,45.0,Minimal,61,421,451,1324,1324,1324
1325,TR715928,Cella senza cesso [CSC],156969.0,71260.0,45.0,Melodic,61,421,452,1325,1325,1325
1326,TR839502,Ramen girl,146043.0,50145.0,48.0,Fast-Flow,61,419,447,1326,1326,1326
1327,TR412912,Cocco,164756.0,44468.0,48.0,Slow Dark,61,419,447,1327,1327,1327
1328,TR218409,Soldati,147577.0,51446.0,37.0,Warm Bangers,61,419,447,1328,1328,1328
1329,TR494257,TROIA,214785.0,44825.0,48.0,Fast-Flow,61,420,253,1329,1329,1329
1330,TR789415,FUMO,230600.0,41491.0,39.0,Fast-Flow,61,420,253,1330,1330,1330
1331,TR964140,CASA NUOVA,184234.0,42049.0,45.0,Slow Dark,61,420,253,1331,1331,1331
1332,TR157361,DEBITI,144370.0,39765.0,41.0,Hype,61,420,253,1332,1332,1332
1333,TR470471,G,161506.0,30843.0,52.0,Fast-Flow,61,423,253,1333,1333,1333
1334,TR175000,Criminali,241134.0,37429.0,32.0,Fast-Flow,61,424,453,1334,1334,1334
1335,TR555208,Polo Nord (Emodrill version 2019),188891.0,36776.0,36.0,Warm Bangers,61,421,194,1335,1335,1335
1336,TR819095,BREBBIA 2012,168605.0,28838.0,54.0,Warm Bangers,61,420,253,1336,1336,1336
1337,TR798937,Non Parlarmi (Outro),211258.0,23344.0,45.0,Minimal,61,422,454,1337,1337,1337
1338,TR628773,SAI SOLO SCOPARE!,187419.0,28309.0,38.0,Hype,61,420,253,1338,1338,1338
1339,TR495476,BANG BANG,141540.0,21542.0,35.0,Fast-Flow,61,420,253,1339,1339,1339
1340,TR558373,Straniero,176343.0,19276.0,57.0,Slow Dark,61,422,393,1340,1340,1340
1341,TR281798,Miss (Emodrill version 2019),197585.0,21238.0,53.0,Fast-Flow,61,421,194,1341,1341,1341
1342,TR322778,Doppietta Freestyle,176343.0,22520.0,57.0,Melodic,61,422,455,1342,1342,1342
1343,TR550943,Polo Nord (C+N Progressive Mix),249303.0,25077.0,53.0,Warm Bangers,61,421,194,1343,1343,1343
1344,TR835589,BERETTA,162040.0,23568.0,39.0,Slow Dark,61,420,193,1344,1344,1344
1345,TR949598,100K,210784.0,22616.0,35.0,Fast-Flow,61,420,253,1345,1345,1345
1346,TR117960,Baklava,176343.0,19550.0,57.0,Minimal,61,422,456,1346,1346,1346
1347,TR299277,Diluvio,192072.0,16554.0,44.0,Slow Dark,61,422,393,1347,1347,1347
1348,TR252252,Totoro 2,195452.0,15870.0,45.0,Fast-Flow,61,421,393,1348,1348,1348
1349,TR613855,Le Cose Cambiano (Lcc),174586.0,19410.0,42.0,Slow Dark,61,422,393,1349,1349,1349
1350,TR336933,SOLO SEX,176055.0,13099.0,35.0,Hype,61,420,253,1350,1350,1350
1351,TR371451,Senza Di Me,150693.0,18180.0,48.0,Slow Dark,61,422,393,1351,1351,1351
1352,TR322512,Massimo Pericolo (Intro),190464.0,16010.0,34.0,Hype,61,422,393,1352,1352,1352
1353,TR145492,Tu Tu Tu,195419.0,13854.0,55.0,Slow Dark,61,425,457,1353,1353,1353
1354,TR880876,Fils De Pute,205885.0,15319.0,38.0,Warm Bangers,61,422,393,1354,1354,1354
1355,TR123143,Totoro (Emodrill version 2019),195452.0,12387.0,45.0,Minimal,61,421,194,1355,1355,1355
1356,TR759823,Insieme,155248.0,13820.0,41.0,Warm Bangers,61,422,393,1356,1356,1356
1357,TR637567,Di Persona,153048.0,13141.0,39.0,Melodic,61,422,393,1357,1357,1357
1358,TR331638,Come Aria,195887.0,10088.0,41.0,Slow Dark,61,422,393,1358,1358,1358
1359,TR740085,Ciao Frate,141146.0,8948.0,43.0,Fast-Flow,61,422,393,1359,1359,1359
1360,TR283646,Povero Stronzo,192141.0,8129.0,34.0,Slow Dark,61,422,393,1360,1360,1360
1361,TR174934,Sarabamba,241368.0,9116.0,30.0,Warm Bangers,61,426,458,1361,1361,1361
1362,TR208626,Ancora Qua,168263.0,6004.0,35.0,Fast-Flow,61,422,393,1362,1362,1362
1363,TR204445,Ivan Zucco (Red Bull 64 Bars),182937.0,5872.0,34.0,Hype,61,427,459,1363,1363,1363
1364,TR247855,Tony Montana,195000.0,5277.0,40.0,Fast-Flow,61,428,460,1364,1364,1364
1365,TR302784,Punto 3,191489.0,5480.0,2.0,Melodic,61,429,461,1365,1365,1365
1366,TR398426,Punto 4,173717.0,4275.0,25.0,Minimal,61,430,462,1366,1366,1366
1367,TR397361,Punto 6,191489.0,5449.0,2.0,Hype,61,429,463,1367,1367,1367
1368,TR753719,Gavirate,202591.0,5834.0,35.0,Fast-Flow,61,428,460,1368,1368,1368
1369,TR910672,Elimini,124543.0,4370.0,35.0,Fast-Flow,61,428,460,1369,1369,1369
1370,TR172228,Punto 1,211258.0,4489.0,45.0,Minimal,61,422,464,1370,1370,1370
1371,TR506017,Paparazzi,176343.0,5961.0,57.0,Slow Dark,61,422,465,1371,1371,1371
1372,TR467786,Mood,157590.0,4374.0,34.0,Warm Bangers,61,428,460,1372,1372,1372
1373,TR829384,Straniero RMX,236910.0,5727.0,40.0,Slow Dark,61,431,466,1373,1373,1373
1374,TR191962,Punto 2,212331.0,4999.0,0.0,Minimal,61,432,467,1374,1374,1374
1375,TR581514,Punto 5,173717.0,4507.0,25.0,Fast-Flow,61,430,468,1375,1375,1375
1376,TR532393,Red Bull Paga (Red Bull 64 Bars),194500.0,5757.0,33.0,Fast-Flow,61,433,469,1376,1376,1376
1377,TR608151,X3 (Versione 2024),153078.0,4904.0,0.0,Melodic,61,434,470,1377,1377,1377
1378,TR263915,MACHETE CONTEST #jointhecrew2014,208621.0,5045.0,51.0,Hype,61,435,471,1378,1378,1378
1379,TR524688,Non sono cambiato*,176343.0,4732.0,57.0,Warm Bangers,61,422,393,1379,1379,1379
1380,TR881442,Yolandi,194374.0,164761.0,49.0,Minimal,93,436,472,1380,1380,1380
1381,TR118045,Benji & Fede,211000.0,38547.0,29.0,Clean,93,437,473,1381,1381,1381
1382,TR133842,Suicide Squad,219213.0,40569.0,52.0,Minimal,93,438,474,1382,1382,1382
1383,TR198801,All’indenno,200280.0,41791.0,26.0,Minimal,93,439,475,1383,1383,1383
1384,TR178401,Un pò un pino,170413.0,27855.0,30.0,Melodic,93,439,475,1384,1384,1384
1385,TR910256,Psicopatico,205013.0,28117.0,63.0,Melodic,93,440,476,1385,1385,1385
1386,TR824678,Tourette,243916.0,24508.0,25.0,Minimal,93,441,477,1386,1386,1386
1387,TR878071,Parlerò di te,249800.0,24183.0,32.0,Minimal,93,441,477,1387,1387,1387
1388,TR292416,Succhiamy,194374.0,13721.0,49.0,Melodic,93,436,478,1388,1388,1388
1389,TR730690,Te Puzza Freestyle,153373.0,11884.0,20.0,Minimal,93,439,479,1389,1389,1389
1390,TR861679,Porca ma donna,226906.0,9532.0,82.0,Melodic,93,442,472,1390,1390,1390
1391,TR343336,Luna,174190.0,8487.0,22.0,Minimal,93,441,258,1391,1391,1391
1392,TR894748,Benjamin,249800.0,6935.0,32.0,Minimal,93,441,477,1392,1392,1392
1393,TR125666,Magnate la merda,192626.0,7219.0,19.0,Melodic,93,439,475,1393,1393,1393
1394,TR455673,Hallelujah,156000.0,7597.0,35.0,Minimal,93,443,480,1394,1394,1394
1395,TR351965,Le pagine della nostra vita,215333.0,7027.0,20.0,Minimal,93,444,86,1395,1395,1395
1396,TR812625,Anna,181570.0,8348.0,63.0,Minimal,93,445,472,1396,1396,1396
1397,TR852880,Questo mio caffè,183321.0,6848.0,58.0,Minimal,93,446,472,1397,1397,1397
1398,TR369589,Fuoco,212500.0,6128.0,19.0,Minimal,93,441,477,1398,1398,1398
1399,TR798864,King Del Trash,198788.0,6971.0,22.0,Minimal,93,447,481,1399,1399,1399
1400,TR294458,Black Ops,172519.0,7190.0,53.0,Melodic,93,448,482,1400,1400,1400
1401,TR708160,In fondo al bar,121411.0,5495.0,24.0,Slow Dark,93,449,483,1401,1401,1401
1402,TR357080,Charles Manson,246410.0,5479.0,11.0,Minimal,93,441,477,1402,1402,1402
1403,TR294207,Cancer,218720.0,5018.0,13.0,Minimal,93,441,477,1403,1403,1403
1404,TR319480,Esmeralda,206193.0,6648.0,23.0,Minimal,93,441,477,1404,1404,1404
1405,TR673830,Zitta e baciami,180137.0,6153.0,75.0,Slow Dark,93,450,484,1405,1405,1405
1406,TR339574,10 Gennaio,490730.0,5675.0,1.0,Minimal,93,451,485,1406,1406,1406
1407,TR574901,Intro (Jolly Mixtape),155715.0,6427.0,5.0,Hype,93,452,472,1407,1407,1407
1408,TR316222,Yes Sir,168461.0,5900.0,13.0,Minimal,93,441,486,1408,1408,1408
1409,TR816438,Intro,46000.0,5434.0,5.0,Hype,93,439,475,1409,1409,1409
1410,TR709582,Paranoya,201054.0,6002.0,48.0,Fast-Flow,93,453,472,1410,1410,1410
1411,TR750367,Stupido iphone,209074.0,4424.0,13.0,Minimal,93,441,477,1411,1411,1411
1412,TR470196,Killer,185946.0,4236.0,26.0,Minimal,93,454,487,1412,1412,1412
1413,TR972864,Ballare,146162.0,4552.0,23.0,Melodic,93,441,477,1413,1413,1413
1414,TR128885,Ma sciushhh,166133.0,4125.0,55.0,Fast-Flow,93,455,472,1414,1414,1414
1415,TR801607,A.A.A.,200280.0,5077.0,26.0,Slow Dark,93,439,472,1415,1415,1415
1416,TR883325,Penz,139115.0,5887.0,10.0,Melodic,93,441,477,1416,1416,1416
1417,TR569567,Andale,172384.0,4089.0,10.0,Minimal,93,441,477,1417,1417,1417
1418,TR452263,Noi,170840.0,4256.0,64.0,Slow Dark,93,456,472,1418,1418,1418
1419,TR530346,Benvenuto al sud,140816.0,4919.0,75.0,Fast-Flow,93,457,472,1419,1419,1419
1420,TR638893,Fin A Massera,173842.0,5885.0,72.0,Fast-Flow,93,458,488,1420,1420,1420
1421,TR184563,Jolly Freestyle #1 🍌,397013.0,4646.0,21.0,Minimal,93,459,489,1421,1421,1421
1422,TR963486,Gli occhi dell’albero,189624.0,5028.0,14.0,Minimal,93,460,490,1422,1422,1422
1423,TR966701,Valium,130061.0,4095.0,36.0,Minimal,93,461,472,1423,1423,1423
1424,TR895749,Non dormo più,221403.0,4310.0,72.0,Fast-Flow,93,462,472,1424,1424,1424
1425,TR149136,Scrivere Ridere Vivere,156923.0,5989.0,68.0,Minimal,93,463,472,1425,1425,1425
1426,TR855101,Respirare,238597.0,5946.0,21.0,Minimal,93,464,491,1426,1426,1426
1427,TR247905,Jolly Walter,186626.0,4022.0,51.0,Slow Dark,93,465,492,1427,1427,1427
1428,TR610659,Chi vuole un po’ di hip-hop soul?,380000.0,5920.0,23.0,Minimal,93,466,472,1428,1428,1428
1429,TR307829,Alice,138750.0,5293.0,13.0,Minimal,93,460,320,1429,1429,1429
1430,TR135510,Oh Freh,166133.0,5750.0,55.0,Melodic,93,455,472,1430,1430,1430
1431,TR970205,Silent Hill,190755.0,4923.0,11.0,Fast-Flow,93,467,493,1431,1431,1431
1432,TR502197,Ti vorrò ancora,170874.0,5045.0,12.0,Minimal,93,460,320,1432,1432,1432
1433,TR385831,Ma vaffanculo,186284.0,4991.0,12.0,Fast-Flow,93,468,193,1433,1433,1433
1434,TR991971,Tt. ok,159713.0,5347.0,11.0,Melodic,93,439,494,1434,1434,1434
1435,TR805985,Je t’aime,162500.0,4292.0,19.0,Minimal,93,460,320,1435,1435,1435
1436,TR236025,Dick Tok,123823.0,4070.0,14.0,Melodic,93,439,494,1436,1436,1436
1437,TR364953,Il vento più caldo,234125.0,4628.0,9.0,Minimal,93,460,320,1437,1437,1437
1438,TR557094,Con una sega,189194.0,5422.0,10.0,Warm Bangers,93,439,494,1438,1438,1438
1439,TR935490,Miele,190318.0,4416.0,12.0,Minimal,93,469,25,1439,1439,1439
1440,TR570554,Paow,74271.0,5359.0,10.0,Warm Bangers,93,439,494,1440,1440,1440
1441,TR728410,Al cielo di Roma,212375.0,5956.0,11.0,Minimal,93,460,320,1441,1441,1441
1442,TR716725,Povero,137472.0,4200.0,12.0,Melodic,93,439,494,1442,1442,1442
1443,TR544749,Jolly Freestyle #2,87318.0,5359.0,14.0,Melodic,93,439,494,1443,1443,1443
1444,TR351559,C parl a fa,135872.0,4900.0,10.0,Melodic,93,439,494,1444,1444,1444
1445,TR454333,Sombrero,135322.0,5753.0,12.0,Minimal,93,439,494,1445,1445,1445
1446,TR124016,Sto fort,136495.0,4365.0,10.0,Melodic,93,439,494,1446,1446,1446
1447,TR320572,Preghiera #1,166133.0,5400.0,55.0,Minimal,93,455,495,1447,1447,1447
1448,TR540311,Parlerò di te “Unplugged”,196261.0,5690.0,12.0,Minimal,93,470,440,1448,1448,1448
1449,TR849506,Benjamin Freestyle,211903.0,5906.0,12.0,Minimal,93,471,477,1449,1449,1449
1450,TR148175,Domenica sera,203000.0,5381.0,6.0,Minimal,93,460,320,1450,1450,1450
1451,TR278268,Quant’è bello far l’amore,179790.0,5009.0,8.0,Minimal,93,472,496,1451,1451,1451
1452,TR347034,Belfast,181846.0,5250.0,16.0,Minimal,93,472,496,1452,1452,1452
1453,TR212530,Sgeladu,129031.0,5751.0,14.0,Warm Bangers,93,439,494,1453,1453,1453
1454,TR741952,La gente mi fa schifo,185000.0,5155.0,9.0,Slow Dark,93,472,496,1454,1454,1454
1455,TR542499,Galassie,201676.0,4072.0,13.0,Minimal,93,472,496,1455,1455,1455
1456,TR813513,SARAH,190059.0,5878.0,17.0,Slow Dark,93,473,497,1456,1456,1456
1457,TR483551,Ti ho sognata tutta la notte,177303.0,5395.0,9.0,Melodic,93,474,498,1457,1457,1457
1458,TR407225,Faje chell che vuó,171371.0,5368.0,13.0,Minimal,93,472,496,1458,1458,1458
1459,TR361147,Sei bellissima così,226906.0,4443.0,82.0,Minimal,93,442,444,1459,1459,1459
1460,TR531103,Oslo,181898.0,5333.0,15.0,Minimal,93,472,496,1460,1460,1460
1461,TR623204,L’unica cosa che ho,185620.0,4800.0,10.0,Fast-Flow,93,472,496,1461,1461,1461
1462,TR193854,Nike,191334.0,5318.0,8.0,Minimal,93,472,496,1462,1462,1462
1463,TR853538,Simona,154500.0,4225.0,13.0,Minimal,93,475,499,1463,1463,1463
1464,TR275455,Dondola,151548.0,5330.0,11.0,Minimal,93,472,496,1464,1464,1464
1465,TR283717,Je T’Amo Ancora,206871.0,6016.0,13.0,Minimal,93,476,500,1465,1465,1465
1466,TR197383,Lucciole,137299.0,4110.0,50.0,Minimal,93,477,501,1466,1466,1466
1467,TR111184,Aime-moi avant la fin du mond,223367.0,5969.0,1.0,Minimal,93,478,502,1467,1467,1467
1468,TR558396,Sugar,145975.0,4827.0,7.0,Minimal,93,472,496,1468,1468,1468
1469,TR312445,Due gocce nel mare,164531.0,5758.0,8.0,Slow Dark,93,472,496,1469,1469,1469
1470,TR277818,Non posso dire un c**** Freestyle,226906.0,5581.0,82.0,Melodic,93,442,503,1470,1470,1470
1471,TR888025,Notte stellata,206242.0,5147.0,58.0,Minimal,93,479,504,1471,1471,1471
1472,TR686461,03:33 Freestyle,240107.0,5494.0,3.0,Hype,93,480,505,1472,1472,1472
1473,TR282974,TUTA GOLD,178467.0,282135.0,63.0,Slow Dark,58,481,89,1473,1473,1473
1474,TR613679,Soldi,195133.0,211297.0,67.0,Slow Dark,58,482,506,1474,1474,1474
1475,TR909540,Barrio,165245.0,91830.0,59.0,Slow Dark,58,483,278,1475,1475,1475
1476,TR561159,Brividi,199146.0,76362.0,64.0,Fast-Flow,58,484,507,1476,1476,1476
1477,TR458611,Rapide,243624.0,61674.0,53.0,Slow Dark,58,485,508,1477,1477,1477
1478,TR584196,Moonlight popolare,215708.0,54876.0,44.0,Warm Bangers,58,486,509,1478,1478,1478
1479,TR198535,Dorado,178302.0,47475.0,54.0,Slow Dark,58,485,248,1479,1479,1479
1480,TR151304,Inuyasha,234274.0,28862.0,49.0,Minimal,58,487,510,1480,1480,1480
1481,TR253881,Gioventù Bruciata,197760.0,30805.0,47.0,Slow Dark,58,482,123,1481,1481,1481
1482,TR753733,Uramaki,176640.0,20177.0,44.0,Hype,58,482,256,1482,1482,1482
1483,TR496624,T’Amo,272916.0,22399.0,38.0,Slow Dark,58,485,493,1483,1483,1483
1484,TR365327,Klan,179076.0,17283.0,48.0,Slow Dark,58,485,87,1484,1484,1484
1485,TR663345,Milano Good Vibes,178373.0,16283.0,45.0,Slow Dark,58,482,511,1485,1485,1485
1486,TR444265,Asia Occidente,229466.0,16471.0,40.0,Slow Dark,58,482,481,1486,1486,1486
1487,TR512487,RA TA TA,152383.0,16602.0,61.0,Slow Dark,58,488,64,1487,1487,1487
1488,TR322364,SEMPRE / JAMAIS,192991.0,17244.0,51.0,Slow Dark,58,488,424,1488,1488,1488
1489,TR445390,Talata (٣),188496.0,14699.0,44.0,Melodic,58,485,493,1489,1489,1489
1490,TR799592,Il Nilo Nel Naviglio,187053.0,15063.0,48.0,Slow Dark,58,482,512,1490,1490,1490
1491,TR204035,Rubini,228362.0,13396.0,53.0,Fast-Flow,58,485,493,1491,1491,1491
1492,TR143926,NEI LETTI DEGLI ALTRI,152383.0,13570.0,61.0,Fast-Flow,58,488,93,1492,1492,1492
1493,TR322889,Anni 90,197466.0,12395.0,36.0,Hype,58,482,481,1493,1493,1493
1494,TR904643,NEL TUO MARE,208956.0,9586.0,39.0,Minimal,58,488,93,1494,1494,1494
1495,TR581355,STELLA CADENTE,215469.0,11959.0,40.0,Fast-Flow,58,488,93,1495,1495,1495
1496,TR413256,Mai Figlio Unico,178973.0,12036.0,35.0,Slow Dark,58,482,481,1496,1496,1496
1497,TR278505,Zero,259489.0,10905.0,39.0,Slow Dark,58,485,513,1497,1497,1497
1498,TR620441,PARADISO,182786.0,10095.0,43.0,Slow Dark,58,488,93,1498,1498,1498
1499,TR383349,COCKTAIL D’AMORE,204590.0,9748.0,46.0,Slow Dark,58,489,514,1499,1499,1499
1500,TR837400,SOTTOMARINI,173558.0,11274.0,54.0,Slow Dark,58,490,497,1500,1500,1500
1501,TR721125,BAKUGO,168241.0,9605.0,39.0,Slow Dark,58,488,93,1501,1501,1501
1502,TR537222,Remo,188080.0,9155.0,42.0,Slow Dark,58,482,512,1502,1502,1502
1503,TR945584,Kobra,180340.0,7457.0,46.0,Warm Bangers,58,485,493,1503,1503,1503
1504,TR207504,Ghettolimpo,228362.0,8551.0,53.0,Warm Bangers,58,485,493,1504,1504,1504
1505,TR855807,NEVE SULLE JORDAN,180969.0,8585.0,44.0,Warm Bangers,58,488,93,1505,1505,1505
1506,TR495499,Karma,213538.0,8034.0,38.0,Slow Dark,58,485,493,1506,1506,1506
1507,TR489135,PERSONALE,153609.0,8323.0,57.0,Slow Dark,58,488,424,1507,1507,1507
1508,TR752251,TUTTI CONTRO TUTTI,185080.0,7976.0,38.0,Fast-Flow,58,488,93,1508,1508,1508
1509,TR646942,Sabbie Mobili,190733.0,6814.0,36.0,Slow Dark,58,482,512,1509,1509,1509
1510,TR736249,Baci Dalla Tunisia,240816.0,6937.0,34.0,Fast-Flow,58,485,493,1510,1510,1510
1511,TR798826,Icaro È Libero,175431.0,6927.0,33.0,Slow Dark,58,485,493,1511,1511,1511
1512,TR875675,Dei,143392.0,6312.0,35.0,Slow Dark,58,485,493,1512,1512,1512
1513,TR978874,NLDA INTRO,90228.0,6576.0,35.0,Fast-Flow,58,488,93,1513,1513,1513
1514,TR438997,Klan (Spanish Version),179077.0,4046.0,29.0,Warm Bangers,58,485,493,1514,1514,1514
1515,TR258249,Soldi (Bonus Track),299061.0,4404.0,63.0,Slow Dark,58,491,512,1515,1515,1515
1516,TR838330,Dimentica,201251.0,4025.0,38.0,Fast-Flow,58,492,515,1516,1516,1516
1517,TR818686,OVERDOSE,126439.0,5310.0,43.0,Slow Dark,58,488,424,1517,1517,1517
1518,TR830536,Pesos,181333.0,5813.0,36.0,Hype,58,493,516,1518,1518,1518
1519,TR691362,Eternatena,228362.0,4500.0,53.0,Minimal,58,485,440,1519,1519,1519
1520,TR301746,In fondo al mar,184946.0,5871.0,30.0,Minimal,58,494,21,1520,1520,1520
1521,TR349463,Redemption Song,160179.0,4131.0,23.0,Minimal,58,495,517,1521,1521,1521
1522,TR754425,Luna Fortuna,231426.0,5884.0,23.0,Slow Dark,58,496,518,1522,1522,1522
1523,TR127118,Dorado (Solo version),485407.0,4716.0,24.0,Minimal,58,497,519,1523,1523,1523
1524,TR941919,Piramidi,178467.0,4215.0,59.0,Slow Dark,58,488,520,1524,1524,1524
1525,TR627426,Calipso (Acoustic),228362.0,4987.0,53.0,Slow Dark,58,485,519,1525,1525,1525
1526,TR234041,Inuyasha (Versione video),90228.0,4526.0,35.0,Minimal,58,488,510,1526,1526,1526
1527,TR973674,Africa,231000.0,4581.0,36.0,Fast-Flow,58,498,142,1527,1527,1527
1528,TR302581,Rapide (Acoustic),243624.0,4627.0,25.0,Minimal,58,499,521,1528,1528,1528
1529,TR534288,Zero (Demo),192779.0,5620.0,20.0,Slow Dark,58,500,522,1529,1529,1529
1530,TR351617,Inuyasha (Acoustic),234274.0,5092.0,49.0,Minimal,58,487,519,1530,1530,1530
1531,TR591590,Baciala,196586.0,4634.0,23.0,Minimal,58,494,21,1531,1531,1531
1532,TR776314,7 Vizi Capitale,197857.0,20069.0,37.0,Slow Dark,78,501,523,1532,1532,1532
1533,TR513366,Supercafone,230133.0,7914.0,52.0,Minimal,78,502,369,1533,1533,1533
1534,TR894319,Cuore Nero,237633.0,6302.0,28.0,Slow Dark,78,503,524,1534,1534,1534
1535,TR331896,S.u.b.u.r.r.a.,259586.0,4839.0,26.0,Slow Dark,78,503,524,1535,1535,1535
1536,TR835111,La grande onda,192080.0,4257.0,52.0,Fast-Flow,78,504,525,1536,1536,1536
1537,TR451344,È ora di andare,213498.0,4374.0,25.0,Slow Dark,78,503,524,1537,1537,1537
1538,TR614137,Roma Calling,217893.0,5380.0,20.0,Hype,78,505,243,1538,1538,1538
1539,TR668556,Scivola via,256043.0,4375.0,19.0,Slow Dark,78,503,524,1539,1539,1539
1540,TR799289,Troppo Avanti,218253.0,5066.0,40.0,Minimal,78,506,526,1540,1540,1540
1541,TR496967,Spingo io,208266.0,5435.0,30.0,Melodic,78,502,527,1541,1541,1541
1542,TR429281,Fiore dell’infame,190191.0,4225.0,20.0,Slow Dark,78,503,524,1542,1542,1542
1543,TR233722,Un’estate ed è finito,250880.0,5151.0,22.0,Melodic,78,504,528,1543,1543,1543
1544,TR245467,Di noi,185320.0,4526.0,6.0,Slow Dark,78,507,161,1544,1544,1544
1545,TR695720,La giostra,201700.0,5942.0,18.0,Slow Dark,78,503,529,1545,1545,1545
1546,TR875471,S.u.b.u.r.r.a. theme song,58402.0,4980.0,20.0,Slow Dark,78,503,524,1546,1546,1546
1547,TR142465,Solo per noi,218373.0,5627.0,13.0,Minimal,78,507,481,1547,1547,1547
1548,TR216909,7 Vizi Capitale (Spanish Version),304973.0,5114.0,3.0,Warm Bangers,78,508,524,1548,1548,1548
1549,TR592019,Supercafone (1996),230133.0,4100.0,52.0,Slow Dark,78,502,530,1549,1549,1549
1550,TR854897,La mossa del giaguaro,229200.0,5283.0,39.0,Melodic,78,509,531,1550,1550,1550
1551,TR629195,Piotta è morto,180920.0,5921.0,26.0,Slow Dark,78,505,532,1551,1551,1551
1552,TR501039,La Forza Che Scorre (Taverna VIII Colle 1996),250054.0,5218.0,10.0,Melodic,78,510,533,1552,1552,1552
1553,TR248486,Roma 2000 International,254173.0,5654.0,14.0,Melodic,78,502,527,1553,1553,1553
1554,TR463632,7 Vizi Capitale [Suburra Radio Edit],197857.0,5784.0,37.0,Minimal,78,501,108,1554,1554,1554
1555,TR864281,Lella...e poi,202485.0,4468.0,16.0,Minimal,78,511,534,1555,1555,1555
1556,TR793789,Ma quando!?,312800.0,4437.0,13.0,Melodic,78,502,535,1556,1556,1556
1557,TR255867,Lode a Dio,181348.0,5235.0,23.0,Minimal,78,511,28,1557,1557,1557
1558,TR134896,A cena dar Trucido,89266.0,4835.0,6.0,Clean,78,502,530,1558,1558,1558
1559,TR630996,Dimmi Qual’è Il Nome,191333.0,5699.0,28.0,Minimal,78,502,527,1559,1559,1559
1560,TR156095,Ciclico,230600.0,5817.0,26.0,Melodic,78,502,536,1560,1560,1560
1561,TR301319,Su di me (Outtake),223834.0,4720.0,79.0,Fast-Flow,78,512,524,1561,1561,1561
1562,TR207340,Ma la vita,181720.0,4486.0,6.0,Slow Dark,78,507,481,1562,1562,1562
1563,TR452783,Tequila il mambo del Giubileo,213226.0,5577.0,32.0,Minimal,78,509,531,1563,1563,1563
1564,TR162241,La Valigia,257693.0,4564.0,18.0,Melodic,78,502,527,1564,1564,1564
1565,TR788408,Odio gli Indifferenti,180920.0,5664.0,26.0,Melodic,78,505,537,1565,1565,1565
1566,TR512281,"Sotto, Sotto",248173.0,4862.0,9.0,Melodic,78,502,535,1566,1566,1566
1567,TR680118,Comunque vada...,230133.0,5352.0,52.0,Melodic,78,502,535,1567,1567,1567
1568,TR158362,’na notte infame,225405.0,4203.0,22.0,Slow Dark,78,511,28,1568,1568,1568
1569,TR234831,Maledetti quegli Anni 90,199560.0,5264.0,9.0,Minimal,78,507,481,1569,1569,1569
1570,TR387465,Professore,100080.0,4918.0,17.0,Slow Dark,78,513,28,1570,1570,1570
1571,TR190585,Serpico,192994.0,5187.0,21.0,Slow Dark,78,511,28,1571,1571,1571
1572,TR574898,Barbara,204040.0,4349.0,26.0,Slow Dark,78,514,538,1572,1572,1572
1573,TR717699,È ora di andare (ff rmx),196764.0,5489.0,18.0,Slow Dark,78,503,524,1573,1573,1573
1574,TR813121,"Piazzale Lagosta, 1",169400.0,5741.0,2.0,Fast-Flow,78,505,539,1574,1574,1574
1575,TR648159,Incompatibile [Originale],204933.0,4447.0,4.0,Melodic,78,515,530,1575,1575,1575
1576,TR425349,Overture,134633.0,4202.0,16.0,Minimal,78,503,524,1576,1576,1576
1577,TR651217,Il tempo ritrovato,199040.0,4059.0,4.0,Melodic,78,507,481,1577,1577,1577
1578,TR716171,Hai mai,212693.0,5297.0,4.0,Fast-Flow,78,507,481,1578,1578,1578
1579,TR784080,Il meglio,264826.0,5230.0,11.0,Slow Dark,78,502,535,1579,1579,1579
1580,TR936329,Bbw,187000.0,5107.0,7.0,Warm Bangers,78,514,538,1580,1580,1580
1581,TR316717,Troppo poco,206586.0,4477.0,3.0,Warm Bangers,78,505,537,1581,1581,1581
1582,TR570673,Eurocontanti,189080.0,4795.0,26.0,Minimal,78,516,540,1582,1582,1582
1583,TR673431,Goccia Dopo Goccia,211466.0,5205.0,3.0,Slow Dark,78,505,539,1583,1583,1583
1584,TR167184,Freak Mama,211306.0,5009.0,20.0,Slow Dark,78,504,525,1584,1584,1584
1585,TR421859,Diario di bordo,240866.0,5994.0,8.0,Slow Dark,78,504,525,1585,1585,1585
1586,TR828250,Sempre là,206333.0,4286.0,22.0,Minimal,78,504,525,1586,1586,1586
1587,TR221244,7 Vizi Capitale [Strumentale],241592.0,5405.0,6.0,Minimal,78,501,108,1587,1587,1587
1588,TR820681,"Sì, sì (Un pezzo maschio col fischio)",214333.0,4824.0,8.0,Melodic,78,502,535,1588,1588,1588
1589,TR588709,INPS (In Nome del Popolo Sovrano),240320.0,4869.0,4.0,Warm Bangers,78,505,537,1589,1589,1589
1590,TR659700,Single,205706.0,5451.0,17.0,Melodic,78,504,525,1590,1590,1590
1591,TR569254,Se se se se,206333.0,5402.0,22.0,Slow Dark,78,504,28,1591,1591,1591
1592,TR292964,L’Amore cos’è?,269775.0,6000.0,11.0,Fast-Flow,78,511,28,1592,1592,1592
1593,TR512461,Ladro di te,216933.0,4269.0,22.0,Slow Dark,78,517,285,1593,1593,1593
1594,TR361636,Casablanca Beat,192840.0,4220.0,5.0,Slow Dark,78,504,541,1594,1594,1594
1595,TR963182,Bella,216293.0,5463.0,4.0,Warm Bangers,78,514,538,1595,1595,1595
1596,TR137510,Le facce nascoste,194480.0,5171.0,5.0,Slow Dark,78,507,481,1596,1596,1596
1597,TR341999,Io non rido,164600.0,4561.0,2.0,Fast-Flow,78,505,537,1597,1597,1597
1598,TR388396,Ode romana,172073.0,4170.0,12.0,Minimal,78,511,28,1598,1598,1598
1599,TR484725,Io non ho paura,202575.0,4182.0,13.0,Fast-Flow,78,511,28,1599,1599,1599
1600,TR341024,Ognuno con un sè (2024 vrs),243074.0,5805.0,11.0,Hype,78,511,28,1600,1600,1600
1601,TR203888,Figli di un temporale,198636.0,4396.0,12.0,Slow Dark,78,511,28,1601,1601,1601
1602,TR479385,Chi non lavora non fa l’amore,183826.0,4661.0,3.0,Slow Dark,78,517,285,1602,1602,1602
1603,TR430821,Il Domatore,158973.0,4465.0,2.0,Fast-Flow,78,505,537,1603,1603,1603
1604,TR686680,Mai Mai Mai,133386.0,4725.0,4.0,Minimal,78,505,537,1604,1604,1604
1605,TR637694,PS2,182773.0,4151.0,7.0,Slow Dark,78,504,525,1605,1605,1605
1606,TR962552,Giovani d’oggi,188946.0,5054.0,10.0,Melodic,78,506,542,1606,1606,1606
1607,TR882708,Tutto mio,272000.0,4146.0,0.0,Warm Bangers,78,518,543,1607,1607,1607
1608,TR636905,Pazzo di te,177986.0,5618.0,2.0,Hype,78,506,526,1608,1608,1608
1609,TR515747,Ognuno con un sé,243074.0,4481.0,11.0,Melodic,78,511,28,1609,1609,1609
1610,TR192608,Multi Culti,218253.0,5094.0,40.0,Warm Bangers,78,506,526,1610,1610,1610
1611,TR734178,Hey,195466.0,5779.0,6.0,Clean,78,506,526,1611,1611,1611
1612,TR796350,Questa è la tua notte,234813.0,5318.0,2.0,Clean,78,506,542,1612,1612,1612
1613,TR638964,Ragga,172773.0,5082.0,6.0,Hype,78,504,525,1613,1613,1613
1614,TR691549,Ciao Stellina,103640.0,4662.0,1.0,Melodic,78,506,526,1614,1614,1614
1615,TR638043,BossaRoma,184133.0,4679.0,14.0,Melodic,78,504,541,1615,1615,1615
1616,TR277364,Antipopstar,269306.0,5356.0,1.0,Melodic,78,517,285,1616,1616,1616
1617,TR891867,L’antagonista,245426.0,6007.0,3.0,Slow Dark,78,517,285,1617,1617,1617
1618,TR488828,Anime in bilico,215306.0,5339.0,7.0,Slow Dark,78,517,285,1618,1618,1618
1619,TR557828,Riflessi,338693.0,5130.0,1.0,Melodic,78,517,285,1619,1619,1619
1620,TR526693,Ridateci la Piotta,67093.0,5477.0,2.0,Hype,78,506,526,1620,1620,1620
1621,TR551332,Pago le tasse (e che c___o sto comprando_),174893.0,4946.0,2.0,Slow Dark,78,517,285,1621,1621,1621
1622,TR932469,A misura d’uomo,189760.0,4133.0,2.0,Fast-Flow,78,517,285,1622,1622,1622
1623,TR923135,Fly away,227200.0,5138.0,1.0,Melodic,78,517,285,1623,1623,1623
1624,TR660409,Incompatibile - Strumentale,204800.0,5934.0,0.0,Minimal,78,515,527,1624,1624,1624
1625,TR832792,Non fermateci,206546.0,4364.0,2.0,Slow Dark,78,506,526,1625,1625,1625
1626,TR671575,Tu parli,272640.0,5397.0,0.0,Hype,78,517,285,1626,1626,1626
1627,TR338378,La Valigia - Strumentale,264133.0,4415.0,0.0,Melodic,78,515,527,1627,1627,1627
1628,TR403499,Non ti lascia,209733.0,5085.0,6.0,Warm Bangers,78,517,285,1628,1628,1628
1629,TR382831,Chi non lavora non fa l’amore (Bad boy version),185520.0,4206.0,0.0,Slow Dark,78,517,285,1629,1629,1629
1630,TR140307,Fumo bianco,251830.0,163924.0,48.0,Fast-Flow,16,519,127,1630,1630,1630
1631,TR182371,Sciacquati la bocca*,224210.0,86493.0,47.0,Melodic,16,520,348,1631,1631,1631
1632,TR944761,Dale,199322.0,31278.0,45.0,Warm Bangers,16,521,409,1632,1632,1632
1633,TR849251,Bitch 2.0,224210.0,28789.0,47.0,Fast-Flow,16,520,544,1633,1633,1633
1634,TR214480,Sister (Pastiglie),227200.0,24026.0,43.0,Fast-Flow,16,522,545,1634,1634,1634
1635,TR277928,3G,209900.0,17360.0,44.0,Melodic,16,523,546,1635,1635,1635
1636,TR822632,Bella Così,228247.0,9731.0,43.0,Slow Dark,16,524,547,1636,1636,1636
1637,TR692998,Sarebbe comodo,192857.0,10417.0,38.0,Fast-Flow,16,525,548,1637,1637,1637
1638,TR308497,Mangiauomini,156923.0,4489.0,46.0,Warm Bangers,16,526,196,1638,1638,1638
1639,TR278228,Coca Cola,195598.0,5996.0,24.0,Warm Bangers,16,527,337,1639,1639,1639
1640,TR718332,Nel Prime,118800.0,5871.0,51.0,Hype,16,528,16,1640,1640,1640
1641,TR545730,La Voce di Chadia,150500.0,5093.0,27.0,Minimal,16,529,549,1641,1641,1641
1642,TR505977,Bitch 3.0,130145.0,5699.0,27.0,Fast-Flow,16,530,550,1642,1642,1642
1643,TR271331,Le regole della bitch,126500.0,5058.0,28.0,Melodic,16,531,269,1643,1643,1643
1644,TR519202,Donne che odiano le donne,219360.0,5261.0,24.0,Fast-Flow,16,532,551,1644,1644,1644
1645,TR233437,Non mi uccidere,214500.0,4189.0,21.0,Fast-Flow,16,533,427,1645,1645,1645
1646,TR741364,Criminale,162580.0,5528.0,26.0,Slow Dark,16,534,210,1646,1646,1646
1647,TR193890,Figli del deserto,127036.0,4265.0,22.0,Warm Bangers,16,535,139,1647,1647,1647
1648,TR758604,Tutt* stran*,175206.0,5666.0,19.0,Warm Bangers,16,536,324,1648,1648,1648
1649,TR929659,Griselda,117600.0,5579.0,33.0,Warm Bangers,16,537,75,1649,1649,1649
1650,TR835724,JEFA I FREESTYLE,336993.0,5432.0,8.0,Fast-Flow,16,538,552,1650,1650,1650
1651,TR282034,Bondage – la gola,181343.0,4082.0,20.0,Warm Bangers,16,539,553,1651,1651,1651
1652,TR368950,Filo spinato - la superbia,198521.0,4619.0,21.0,Slow Dark,16,540,424,1652,1652,1652
1653,TR774446,Sugar Daddy,113814.0,4538.0,30.0,Warm Bangers,16,541,554,1653,1653,1653
1654,TR342202,Bitchcoin Freestyle,189125.0,4734.0,25.0,Fast-Flow,16,542,555,1654,1654,1654
1655,TR630140,Gangshit,199200.0,4186.0,52.0,Fast-Flow,16,543,556,1655,1655,1655
1656,TR467494,La Cosa Più Bella Che Ho,250840.0,85292.0,47.0,Hype,17,544,375,1656,1656,1656
1657,TR153127,Hola!,245666.0,51990.0,41.0,Warm Bangers,17,545,447,1657,1657,1657
1658,TR337973,Un Giorno All’Improvviso,180863.0,36882.0,76.0,Fast-Flow,17,546,557,1658,1658,1658
1659,TR712116,Joint,268706.0,30020.0,36.0,Warm Bangers,17,544,375,1659,1659,1659
1660,TR831391,Gandhi,102800.0,30262.0,36.0,Warm Bangers,17,545,4,1660,1660,1660
1661,TR777371,Dio Rap,245800.0,27473.0,29.0,Hype,17,547,558,1661,1661,1661
1662,TR514322,Come Fa?,195725.0,21772.0,28.0,Warm Bangers,17,548,559,1662,1662,1662
1663,TR614287,Cos Cos Cos,233022.0,21561.0,48.0,Melodic,17,549,560,1663,1663,1663
1664,TR721842,Alleluia,230053.0,17390.0,27.0,Warm Bangers,17,545,126,1664,1664,1664
1665,TR354355,A Capa Sotto,246106.0,20787.0,20.0,Hype,17,544,375,1665,1665,1665
1666,TR979460,Guardando la luna (Napoli RMX),198522.0,18993.0,52.0,Fast-Flow,17,550,133,1666,1666,1666
1667,TR485797,Cenere,240946.0,14589.0,33.0,Slow Dark,17,544,561,1667,1667,1667
1668,TR512266,Mare Di Notte,168933.0,18136.0,41.0,Slow Dark,17,545,126,1668,1668,1668
1669,TR629023,Un Palmo Dal Cielo,222426.0,12126.0,30.0,Warm Bangers,17,545,562,1669,1669,1669
1670,TR273525,Smoke Bong,158573.0,15404.0,26.0,Melodic,17,545,126,1670,1670,1670
1671,TR962595,Babylon,187373.0,12203.0,32.0,Fast-Flow,17,545,126,1671,1671,1671
1672,TR397469,Tarantelle (Che Ne Sarà Di Me),219653.0,14313.0,35.0,Fast-Flow,17,545,126,1672,1672,1672
1673,TR301142,Tutti Scienziati,234266.0,14052.0,29.0,Slow Dark,17,544,375,1673,1673,1673
1674,TR875449,Uè Ammo,234706.0,13717.0,20.0,Warm Bangers,17,544,563,1674,1674,1674
1675,TR282165,Voceanima,251491.0,13292.0,27.0,Slow Dark,17,549,560,1675,1675,1675
1676,TR224610,Quando Sono Lontano,208573.0,10358.0,43.0,Slow Dark,17,551,564,1676,1676,1676
1677,TR221882,Versi Di Te,221386.0,9240.0,33.0,Warm Bangers,17,545,126,1677,1677,1677
1678,TR254967,Diario Di Bordo,197853.0,10110.0,24.0,Slow Dark,17,545,126,1678,1678,1678
1679,TR722062,Fumo,267069.0,9120.0,39.0,Slow Dark,17,549,560,1679,1679,1679
1680,TR202859,Freddo,167773.0,10061.0,31.0,Warm Bangers,17,545,126,1680,1680,1680
1681,TR282724,Chi Vuole Essere Milionario?,166120.0,8756.0,35.0,Fast-Flow,17,545,565,1681,1681,1681
1682,TR723534,O’ Vient,245479.0,10962.0,43.0,Slow Dark,17,552,566,1682,1682,1682
1683,TR777985,La Mia Follia,213786.0,8937.0,28.0,Fast-Flow,17,545,126,1683,1683,1683
1684,TR825992,Spartanapoli,189053.0,9551.0,17.0,Warm Bangers,17,544,375,1684,1684,1684
1685,TR930172,Luna,198522.0,6843.0,52.0,Slow Dark,17,550,560,1685,1685,1685
1686,TR649283,La mia musica,243933.0,8292.0,24.0,Minimal,17,553,567,1686,1686,1686
1687,TR715078,Oracolo del Sud,275833.0,8301.0,35.0,Warm Bangers,17,549,560,1687,1687,1687
1688,TR684361,Keep Calm E Sientete A Clementino,236120.0,6934.0,24.0,Hype,17,544,375,1688,1688,1688
1689,TR430307,Crazy shit (VM18),184605.0,7230.0,28.0,Melodic,17,554,568,1689,1689,1689
1690,TR590819,ATM,182939.0,7664.0,32.0,Melodic,17,554,174,1690,1690,1690
1691,TR460836,Toxico,211160.0,5929.0,34.0,Minimal,17,553,569,1691,1691,1691
1692,TR445249,Stamm Ccà,223240.0,6770.0,17.0,Warm Bangers,17,544,375,1692,1692,1692
1693,TR354248,Capate storte,149092.0,6456.0,26.0,Warm Bangers,17,554,568,1693,1693,1693
1694,TR886925,Top Player,227382.0,5600.0,33.0,Warm Bangers,17,549,570,1694,1694,1694
1695,TR425153,Desaparecidos,192146.0,6045.0,42.0,Melodic,17,554,568,1695,1695,1695
1696,TR622852,Sempreverde,217760.0,5241.0,25.0,Warm Bangers,17,545,126,1696,1696,1696
1697,TR120443,Emirates,204735.0,5113.0,40.0,Warm Bangers,17,554,568,1697,1697,1697
1698,TR726634,Eclissi,194162.0,5380.0,28.0,Warm Bangers,17,554,568,1698,1698,1698
1699,TR483528,Revenge,189100.0,7103.0,32.0,Slow Dark,17,554,568,1699,1699,1699
1700,TR835866,Ragazzi Fuori,202480.0,5645.0,28.0,Slow Dark,17,544,571,1700,1700,1700
1701,TR745567,Paolo Sorrentino,241480.0,6225.0,17.0,Warm Bangers,17,544,375,1701,1701,1701
1702,TR486156,Boom,241309.0,5091.0,28.0,Warm Bangers,17,549,560,1702,1702,1702
1703,TR833101,Don Raffaè,207386.0,4662.0,38.0,Fast-Flow,17,551,564,1703,1703,1703
1704,TR609916,Lo Strano Caso Di Iena White,236682.0,5028.0,30.0,Hype,17,549,560,1704,1704,1704
1705,TR715264,Amore lo-fi,199493.0,4893.0,35.0,Slow Dark,17,554,568,44,44,1705
1706,TR482798,Pianoforte A Vela,247486.0,4223.0,30.0,Slow Dark,17,552,572,1705,1705,1706
1707,TR668982,Univers,221988.0,5297.0,33.0,Hype,17,555,568,1706,1706,1707
1708,TR945181,The dark side of Iena White,137546.0,4444.0,27.0,Warm Bangers,17,554,568,1707,1707,1708
1709,TR262271,Dedicato A Pino Daniele,202813.0,5255.0,34.0,Hype,17,551,573,1708,1708,1709
1710,TR186500,Black Pulcinella,192146.0,5315.0,42.0,Melodic,17,554,568,1709,1709,1710
1711,TR869136,Electro Cage,212986.0,4316.0,20.0,Warm Bangers,17,549,570,1710,1710,1711
1712,TR850800,Sound of Napoli,195866.0,4135.0,27.0,Warm Bangers,17,554,568,1711,1711,1712
1713,TR103381,Dalle Palazzine,292266.0,5578.0,25.0,Fast-Flow,17,552,574,1712,1712,1713
1714,TR714758,MKCNF8,184741.0,4933.0,25.0,Warm Bangers,17,554,568,1713,1713,1714
1715,TR531697,Amsterdam,217692.0,4129.0,21.0,Slow Dark,17,552,572,1714,1714,1715
1716,TR440648,Giungla,213252.0,6008.0,33.0,Minimal,17,552,572,1715,1715,1716
1717,TR638637,Non passa mai,167398.0,4126.0,34.0,Slow Dark,17,554,568,1716,1716,1717
1718,TR807064,L’età ré Tass,190746.0,5406.0,25.0,Warm Bangers,17,556,575,1717,1717,1718
1719,TR697601,Profumo Di Strada,274437.0,5986.0,21.0,Slow Dark,17,549,560,1718,1718,1719
1720,TR950946,Coffeeshop,183520.0,4490.0,19.0,Slow Dark,17,544,375,1719,1719,1720
1721,TR365467,Deserto,190853.0,4296.0,15.0,Fast-Flow,17,544,375,1720,1720,1721
1722,TR400042,Messaggeri del Vesuvio,398613.0,4255.0,14.0,Melodic,17,549,572,1721,1721,1722
1723,TR568386,Obbe,285680.0,4619.0,14.0,Warm Bangers,17,549,560,1722,1722,1723
1724,TR839331,Strade Superstar,208338.0,4214.0,27.0,Minimal,17,549,560,1723,1723,1724
1725,TR849346,Dal centro all’hinterland,275147.0,5400.0,18.0,Fast-Flow,17,549,560,1724,1724,1725
1726,TR567504,Sotto Le Stelle,212704.0,4136.0,30.0,Fast-Flow,17,549,576,1725,1725,1726
1727,TR474232,Spiriti & Show,223290.0,5033.0,21.0,Warm Bangers,17,549,560,1726,1726,1727
1728,TR894590,La belva umana,100608.0,6008.0,26.0,Fast-Flow,17,554,568,1727,1727,1728
1729,TR801120,Messaggeri del Vesuvio II,398613.0,5643.0,14.0,Warm Bangers,17,549,560,1728,1728,1729
1730,TR234814,Rovine,232906.0,5247.0,25.0,Melodic,17,553,569,1729,1729,1730
1731,TR527056,Partenope,186583.0,4627.0,27.0,Slow Dark,17,557,577,1730,1730,1731
1732,TR304229,Da Che Parte Stai?,199980.0,5265.0,34.0,Slow Dark,17,549,578,1731,1731,1732
1733,TR389501,Notte,225320.0,5069.0,52.0,Fast-Flow,17,558,560,1732,1732,1733
1734,TR316449,Woodstock,191133.0,4866.0,20.0,Hype,17,549,560,1733,1733,1734
1735,TR128899,Senza Pensieri,296560.0,4275.0,26.0,Fast-Flow,17,552,579,1734,1734,1735
1736,TR560774,Questa Volta,268991.0,5791.0,18.0,Hype,17,552,572,1735,1735,1736
1737,TR444711,Ghiacciai,207297.0,4914.0,21.0,Slow Dark,17,549,560,1736,1736,1737
1738,TR847067,E’ tritolo,232122.0,4402.0,16.0,Warm Bangers,17,549,560,1737,1737,1738
1739,TR361105,El Señor,256557.0,4750.0,20.0,Melodic,17,549,560,1738,1738,1739
1740,TR568289,Aquila Reale,201960.0,4843.0,22.0,Slow Dark,17,552,572,1739,1739,1740
1741,TR588070,O’ Cazone Largo,224813.0,5672.0,21.0,Slow Dark,17,556,575,1740,1740,1741
1742,TR522087,Finale Di Fuoco,235480.0,5482.0,13.0,Melodic,17,553,569,1741,1741,1742
1743,TR951262,Mea Culpa,245479.0,5556.0,43.0,Hype,17,552,572,1742,1742,1743
1744,TR279200,Al Tramonto,194560.0,4034.0,14.0,Slow Dark,17,551,580,1743,1743,1744
1745,TR920780,Solo Un Giorno Nel Quartiere,231667.0,4847.0,20.0,Slow Dark,17,549,560,1744,1744,1745
1746,TR422841,Funk Allucinazioni,210240.0,4977.0,17.0,Slow Dark,17,556,575,1745,1745,1746
1747,TR705636,La Vita Del Palo,219466.0,4050.0,15.0,Melodic,17,553,569,1746,1746,1747
1748,TR941084,Buenos Aires/Napoli,236574.0,4534.0,25.0,Hype,17,552,572,1747,1747,1748
1749,TR913780,Hannibal rapper,189826.0,5536.0,12.0,Minimal,17,553,569,1748,1748,1749
1750,TR466647,Lettera al Telefono,181906.0,4287.0,11.0,Melodic,17,556,575,1749,1749,1750
1751,TR425315,Senza Controll,142605.0,5085.0,0.0,Slow Dark,17,559,581,1750,1750,1751
1752,TR571589,Spari Di Parole,272506.0,4442.0,13.0,Warm Bangers,17,549,560,1751,1751,1752
1753,TR219331,Sorridi e vuoi fumare,156754.0,4034.0,45.0,Minimal,17,560,316,1752,1752,1753
1754,TR503043,Sei Come Sei,216768.0,4495.0,28.0,Hype,17,552,572,1753,1753,1754
1755,TR990291,Passano Gli Anni,178346.0,5969.0,17.0,Melodic,17,556,575,1754,1754,1755
1756,TR665386,Inchiostro,239182.0,5621.0,17.0,Slow Dark,17,549,560,1755,1755,1756
1757,TR454203,Fratello,170237.0,5936.0,22.0,Hype,17,552,582,1756,1756,1757
1758,TR353927,Señorita,171063.0,4990.0,42.0,Warm Bangers,17,561,583,1757,1757,1758
1759,TR147594,Butterfly Effect,188906.0,4232.0,10.0,Hype,17,553,569,1758,1758,1759
1760,TR484257,Giordano Bruno,265826.0,5111.0,11.0,Slow Dark,17,549,584,1759,1759,1760
1761,TR299406,Infamous,233022.0,4920.0,48.0,Warm Bangers,17,549,585,1760,1760,1761
1762,TR254487,Animals,187466.0,5703.0,12.0,Minimal,17,553,569,1761,1761,1762
1763,TR379807,Mutagenics,254466.0,4209.0,11.0,Melodic,17,556,575,1762,1762,1763
1764,TR479035,Tekken 3,277447.0,4992.0,10.0,Hype,17,552,572,1763,1763,1764
1765,TR134423,Il Re Lucertola,237264.0,4313.0,11.0,Hype,17,552,572,1764,1764,1765
1766,TR592836,Risata Di Una I.E.N.A.,205866.0,4663.0,12.0,Minimal,17,553,569,1765,1765,1766
1767,TR315007,Selvaggi,190066.0,5487.0,16.0,Warm Bangers,17,549,560,1766,1766,1767
1768,TR319492,E Continuo A Camminare,196706.0,4967.0,15.0,Hype,17,556,575,1767,1767,1768
1769,TR328568,L’Oro Di Napoli,201429.0,4766.0,13.0,Melodic,17,549,560,1768,1768,1769
1770,TR563672,Real Talk Extra - Clementino (Tributo a Neffa),194723.0,4803.0,11.0,Hype,17,562,275,1769,1769,1770
1771,TR136564,Funk e Therivati,180493.0,4932.0,16.0,Melodic,17,553,569,1770,1770,1771
1772,TR155138,RIDO,291606.0,5584.0,8.0,Warm Bangers,17,563,586,1771,1771,1772
1773,TR378259,Pregiudizi Universali,208893.0,5800.0,10.0,Slow Dark,17,556,575,1772,1772,1773
1774,TR934606,L’Aroma Da’ Loma,178346.0,5928.0,17.0,Melodic,17,556,587,1773,1773,1774
1775,TR949901,Chi Vedo?,227760.0,5590.0,12.0,Slow Dark,17,556,575,1774,1774,1775
1776,TR287085,No Problem,243986.0,4644.0,10.0,Melodic,17,556,575,1775,1775,1776
1777,TR346537,Sipario Chiuso,254016.0,5393.0,41.0,Melodic,17,564,588,1776,1776,1777
1778,TR372521,Intro (Napolimanicomio),80173.0,4889.0,8.0,Minimal,17,556,575,1777,1777,1778
1779,TR730501,In mezzo ai mastini,243346.0,4522.0,13.0,Slow Dark,17,556,575,1778,1778,1779
1780,TR474661,3maFlussoKappa,152558.0,5699.0,60.0,Melodic,17,565,589,1779,1779,1780
1781,TR290228,Va Bene Così,244127.0,4089.0,11.0,Hype,17,552,572,1780,1780,1781
1782,TR714514,Sotto Lo Stesso Cielo,244866.0,5822.0,17.0,Slow Dark,17,551,298,1781,1781,1782
1783,TR406251,Check Check,219357.0,4936.0,78.0,Minimal,17,566,590,1782,1782,1783
1784,TR124186,Che Hit,233748.0,5289.0,11.0,Hype,17,552,572,1783,1783,1784
1785,TR182560,Lettera Alla Musica,191506.0,5334.0,15.0,Slow Dark,17,551,580,1784,1784,1785
1786,TR195783,Sipario Chiuso (Napoli RMX),178346.0,5806.0,17.0,Clean,17,556,587,1785,1785,1786
1787,TR318049,Outro (Cibo Per Il Cervello),82760.0,5287.0,6.0,Melodic,17,556,575,1786,1786,1787
1788,TR939485,Vai Vai,209371.0,5243.0,0.0,Melodic,17,567,591,1787,1787,1788
1789,TR614188,Riflesso,195732.0,4145.0,50.0,Slow Dark,17,568,387,1788,1788,1789
1790,TR332134,Clementonik,206750.0,5051.0,12.0,Hype,17,552,572,1789,1789,1790
1791,TR589876,Deliri Anonimi,233022.0,4311.0,48.0,Minimal,17,549,560,1790,1790,1791
1792,TR549310,Futrà,250840.0,5492.0,47.0,Minimal,17,544,375,1791,1791,1792
1793,TR592604,Made in italy,98682.0,5037.0,12.0,Hype,17,552,592,1792,1792,1793
1794,TR265866,IenaFlexFun,198522.0,5376.0,52.0,Slow Dark,17,550,593,1793,1793,1794
1795,TR286432,Fantasy 3666,290413.0,4096.0,11.0,Melodic,17,556,575,1794,1794,1795
1796,TR970958,La legge dei più,125826.0,4182.0,9.0,Slow Dark,17,556,575,1795,1795,1796
1797,TR554501,Intro,80173.0,5448.0,8.0,Minimal,17,556,587,1796,1796,1797
1798,TR839097,Stai senza cartucce,171146.0,4154.0,9.0,Melodic,17,556,575,1797,1797,1798
1799,TR766084,Napoli Zoo Safari,189069.0,4154.0,12.0,Slow Dark,17,552,592,1798,1798,1799
1800,TR261723,Musica Suona,229613.0,4036.0,16.0,Hype,17,551,580,1799,1799,1800
1801,TR715318,Chernobyl,278000.0,5930.0,8.0,Hype,17,552,592,1800,1800,1801
1802,TR488982,Se Ne Cade,212480.0,5490.0,15.0,Melodic,17,553,569,1801,1801,1802
1803,TR103858,Bad Pulcinella Freestyle,234706.0,4718.0,20.0,Melodic,17,544,594,1802,1802,1803
1804,TR820569,O’ Vient (Unplugged),226226.0,4607.0,45.0,Minimal,17,569,108,1803,1803,1804
1805,TR149109,Pianoforte A Vela (Unplugged),174773.0,4714.0,22.0,Slow Dark,17,547,537,1804,1804,1805
1806,TR161888,Aquila Reale (Unplugged),225626.0,5567.0,11.0,Slow Dark,17,570,595,1805,1805,1806
1807,TR523644,Puro Bogotà,264213.0,111836.0,53.0,Slow Dark,18,571,596,1806,1806,1807
1808,TR108968,Nato Per Questo,226732.0,61925.0,62.0,Fast-Flow,18,572,496,1807,1807,1808
1809,TR523926,Note Killer,264689.0,51588.0,55.0,Melodic,18,573,597,1808,1808,1809
1810,TR707070,Hardboiled (Sabotatori),185586.0,48355.0,57.0,Hype,18,572,597,1809,1809,1810
1811,TR471430,All’Ultimo Respiro,269386.0,59819.0,58.0,Minimal,18,574,598,1810,1810,1811
1812,TR528559,La Stanza Dei Fantasmi,248903.0,56849.0,41.0,Melodic,18,573,597,1811,1811,1812
1813,TR503606,Tana 2000,209032.0,46008.0,32.0,Melodic,18,573,597,1812,1812,1813
1814,TR613101,C’era Una Volta In Italia,185168.0,39785.0,55.0,Warm Bangers,18,572,496,1813,1813,1814
1815,TR611895,Cocaina,249893.0,36049.0,41.0,Fast-Flow,18,574,598,1814,1814,1815
1816,TR135009,King Of The Jungle,200643.0,51296.0,58.0,Warm Bangers,18,572,496,1815,1815,1816
1817,TR418157,Lisa,205188.0,39010.0,58.0,Fast-Flow,18,575,599,1816,1816,1817
1818,TR807924,Mafia Del Boom Bap,185586.0,46717.0,57.0,Warm Bangers,18,572,496,1817,1817,1818
1819,TR788642,Milly,185041.0,44166.0,58.0,Warm Bangers,18,572,496,1818,1818,1819
1820,TR500800,Cronache Di Resistenza (Hard To Do),221806.0,39480.0,45.0,Melodic,18,573,597,1819,1819,1820
1821,TR582202,Malafede,168130.0,31687.0,51.0,Warm Bangers,18,572,496,1820,1820,1821
1822,TR350170,Indelebili,198946.0,24303.0,45.0,Fast-Flow,18,572,496,1821,1821,1822
1823,TR668190,Ciao proprio,245880.0,29699.0,45.0,Fast-Flow,18,574,598,1822,1822,1823
1824,TR940339,Rap Soprano,226451.0,31042.0,41.0,Melodic,18,573,597,1823,1823,1824
1825,TR965746,Vida Loca,194322.0,29305.0,41.0,Melodic,18,573,597,1824,1824,1825
1826,TR629686,Tu Non Sei Lei,179879.0,27431.0,45.0,Warm Bangers,18,572,496,1825,1825,1826
1827,TR858406,Soli A Milano,230841.0,22134.0,56.0,Slow Dark,18,572,496,1826,1826,1827
1828,TR438714,Phra (Outro),228387.0,31765.0,33.0,Slow Dark,18,573,597,1827,1827,1828
1829,TR838529,Selezione All’Ingresso,318835.0,27728.0,33.0,Melodic,18,573,597,1828,1828,1829
1830,TR355021,"Il Mio Mondo, Le Mie Regole",215026.0,22601.0,49.0,Minimal,18,576,600,1829,1829,1830
1831,TR472287,In Sbatti,169453.0,28024.0,51.0,Warm Bangers,18,572,496,1830,1830,1831
1832,TR742024,P.E.S.,228906.0,24468.0,60.0,Minimal,18,577,601,1831,1831,1832
1833,TR247518,Una volta sola,202885.0,23855.0,45.0,Melodic,18,578,602,1832,1832,1833
1834,TR372707,Kyobo Ni Tsuki,243096.0,22455.0,34.0,Hype,18,573,597,1833,1833,1834
1835,TR336072,D.O.G.O.,224526.0,21866.0,40.0,Minimal,18,578,602,1834,1834,1835
1836,TR774768,Brucia ancora,251133.0,20447.0,47.0,Minimal,18,576,600,1835,1835,1836
1837,TR722697,Noi siamo il club,228906.0,15352.0,60.0,Warm Bangers,18,577,603,1836,1836,1837
1838,TR828288,No more sorrow,252958.0,16067.0,31.0,Melodic,18,578,602,1837,1837,1838
1839,TR392894,Briatori,195020.0,19988.0,39.0,Melodic,18,578,602,1838,1838,1839
1840,TR631053,Sangue E Filigrana,182709.0,14940.0,30.0,Slow Dark,18,573,597,1839,1839,1840
1841,TR838495,Ragazzo della piazza,296853.0,15885.0,39.0,Hype,18,577,601,1840,1840,1841
1842,TR426713,Se tu fossi me,242360.0,16062.0,30.0,Fast-Flow,18,577,601,1841,1841,1842
1843,TR529985,Dolce Paranoia,209386.0,15418.0,37.0,Slow Dark,18,571,596,1842,1842,1843
1844,TR568430,Fragili,265050.0,16180.0,48.0,Fast-Flow,18,575,604,1843,1843,1844
1845,TR470259,Meglio che morto,242080.0,18197.0,40.0,Slow Dark,18,576,600,1844,1844,1845
1846,TR714037,Soldi,269660.0,13564.0,39.0,Fast-Flow,18,575,599,1845,1845,1846
1847,TR984550,Spacco Tutto,225320.0,12095.0,42.0,Minimal,18,574,605,1846,1846,1847
1848,TR222042,LLCD (Ladies Love Club Dogo),264689.0,12101.0,38.0,Melodic,18,573,597,1847,1847,1848
1849,TR608417,Il sole e la luna,212853.0,15290.0,35.0,Warm Bangers,18,574,598,1848,1848,1849
1850,TR294228,La testa gira,195250.0,13914.0,37.0,Hype,18,578,602,1849,1849,1850
1851,TR193436,Falsi leader,220449.0,11861.0,30.0,Melodic,18,578,602,1850,1850,1851
1852,TR664122,Frate,163621.0,14232.0,44.0,Warm Bangers,18,572,496,1851,1851,1852
1853,TR819932,Ora Che Ci Penso,191960.0,13974.0,30.0,Melodic,18,571,596,1852,1852,1853
1854,TR974952,M-I Bastard,193053.0,13880.0,39.0,Hype,18,571,596,1853,1853,1854
1855,TR262772,Amore infame,228560.0,14078.0,36.0,Slow Dark,18,576,600,1854,1854,1855
1856,TR989385,Voi Non Siete Come Noi,204826.0,10473.0,37.0,Minimal,18,574,606,1855,1855,1856
1857,TR411326,Qualcosa In Mente,225677.0,12719.0,34.0,Hype,18,573,597,1856,1856,1857
1858,TR157987,Indecifrabili-Dangerous!,293957.0,11143.0,31.0,Hype,18,573,597,1857,1857,1858
1859,TR749608,Per la gente,219266.0,12332.0,38.0,Minimal,18,574,607,1858,1858,1859
1860,TR655245,Weekend,221237.0,11768.0,48.0,Warm Bangers,18,575,608,1859,1859,1860
1861,TR240454,Nuove Nike,246106.0,11753.0,27.0,Warm Bangers,18,574,598,1860,1860,1861
1862,TR216551,Chissenefrega (in discoteca),196706.0,11036.0,37.0,Minimal,18,577,609,1861,1861,1862
1863,TR741169,Notte prima degli esami,254000.0,8942.0,29.0,Slow Dark,18,574,598,1862,1862,1863
1864,TR943397,Tornerò Da Re,246200.0,10277.0,42.0,Slow Dark,18,571,596,1863,1863,1864
1865,TR893269,Incubo Italiano,216400.0,12046.0,36.0,Hype,18,571,596,1864,1864,1865
1866,TR664641,Tutto il mondo,260413.0,11758.0,42.0,Warm Bangers,18,579,364,1865,1865,1866
1867,TR639326,Confessioni Di Una Banconota,239893.0,8043.0,31.0,Melodic,18,571,596,1866,1866,1867
1868,TR951257,Sai zio,196510.0,8244.0,45.0,Melodic,18,575,599,1867,1867,1868
1869,TR483879,Intro (Mi Fist),82064.0,7971.0,26.0,Clean,18,573,597,1868,1868,1869
1870,TR490800,Butta via tutto,245040.0,10006.0,32.0,Minimal,18,578,602,1869,1869,1870
1871,TR742231,Cani sciolti 2006,218406.0,10323.0,36.0,Melodic,18,578,602,1870,1870,1871
1872,TR636622,Droga rap,207000.0,7892.0,31.0,Warm Bangers,18,576,600,1871,1871,1872
1873,TR567021,Non sto in cerca di una sposa,234453.0,8669.0,28.0,Melodic,18,578,602,1872,1872,1873
1874,TR711819,Ragazzi fuori,214893.0,9740.0,31.0,Hype,18,576,600,1873,1873,1874
1875,TR837383,Anni Zero,226586.0,9107.0,32.0,Warm Bangers,18,574,598,1874,1874,1875
1876,TR327415,Sayonara,167424.0,8383.0,36.0,Slow Dark,18,575,599,1875,1875,1876
1877,TR378129,Erba del diavolo,230706.0,8458.0,34.0,Hype,18,577,601,1876,1876,1877
1878,TR512835,You Know NA-MI,202500.0,8099.0,1.0,Hype,18,580,367,1877,1877,1878
1879,TR363416,Tutto ciò che ho,219213.0,7144.0,33.0,Slow Dark,18,577,601,1878,1878,1879
1880,TR602458,Mi Hanno Detto Che,198826.0,7953.0,35.0,Minimal,18,571,596,1879,1879,1880
1881,TR314312,Don’t test,237653.0,8280.0,28.0,Melodic,18,578,602,1880,1880,1881
1882,TR867359,Due modi,206435.0,8759.0,26.0,Melodic,18,578,602,1881,1881,1882
1883,TR802478,La notte che rovesciammo l’ordine,172802.0,7950.0,35.0,Melodic,18,578,602,1882,1882,1883
1884,TR617124,Ignoranz Verse Pusherz 2K,127354.0,8308.0,33.0,Melodic,18,573,597,1883,1883,1884
1885,TR840811,Spaghetti Western,199040.0,6466.0,25.0,Warm Bangers,18,571,596,1884,1884,1885
1886,TR598847,Tornerò Da Re - Pt.2,202853.0,7226.0,11.0,Slow Dark,18,581,596,1885,1885,1886
1887,TR672649,Minchia boh,209080.0,5687.0,39.0,Minimal,18,577,610,1886,1886,1887
1888,TR901388,Se non mi trovi,182266.0,6270.0,24.0,Fast-Flow,18,577,601,1887,1887,1888
1889,TR138270,02 Massive,280786.0,7543.0,27.0,Warm Bangers,18,573,597,1888,1888,1889
1890,TR836799,La Verità,239413.0,8103.0,28.0,Hype,18,571,596,1889,1889,1890
1891,TR681501,"Sangue, strass, paillettes",222706.0,5279.0,28.0,Warm Bangers,18,576,600,1890,1890,1891
1892,TR416102,Sangue blu,235080.0,6034.0,37.0,Hype,18,577,601,1891,1891,1892
1893,TR990496,Niente per niente,99711.0,6934.0,29.0,Melodic,18,578,602,1892,1892,1893
1894,TR358725,Cattivi esempi,216400.0,5441.0,27.0,Minimal,18,577,611,1893,1893,1894
1895,TR386868,Collassato,251080.0,6265.0,29.0,Minimal,18,577,601,1894,1894,1895
1896,TR652896,Giù con la testa,233626.0,6635.0,30.0,Fast-Flow,18,574,598,1895,1895,1896
1897,TR790549,Sgrilla!!,222253.0,6342.0,27.0,Minimal,18,576,612,1896,1896,1897
1898,TR872869,C.D.,185168.0,5237.0,55.0,Melodic,18,572,596,1897,1897,1898
1899,TR216351,Giovane E Pazzo,210333.0,5619.0,30.0,Hype,18,571,613,1898,1898,1899
1900,TR548976,Tanta Roba,242746.0,6418.0,26.0,Melodic,18,576,600,1899,1899,1900
1901,TR602471,Fino Alla Fine,185160.0,5884.0,30.0,Minimal,18,574,598,1900,1900,1901
1902,TR775350,Saluta i king,208958.0,4609.0,32.0,Slow Dark,18,575,599,1901,1901,1902
1903,TR856666,Un’altra via non c’è,274041.0,6207.0,25.0,Fast-Flow,18,575,599,1902,1902,1903
1904,TR932111,All’inferno,221080.0,4518.0,27.0,Warm Bangers,18,576,600,1903,1903,1904
1905,TR530840,Cattivi e buoni,182090.0,5965.0,28.0,Melodic,18,578,602,1904,1904,1905
1906,TR593609,Dogozilla,181120.0,4580.0,31.0,Hype,18,571,596,1905,1905,1906
1907,TR876868,Zarro!,264437.0,6015.0,27.0,Slow Dark,18,575,599,1906,1906,1907
1908,TR872955,Gunz from Italy,211306.0,4802.0,27.0,Hype,18,576,600,1907,1907,1908
1909,TR548014,Dieci anni fa,218527.0,4668.0,29.0,Fast-Flow,18,575,599,1908,1908,1909
1910,TR957302,Richiamami domani,221560.0,4311.0,28.0,Melodic,18,576,600,1909,1909,1910
1911,TR199041,Siamo nati qua,242142.0,4625.0,28.0,Fast-Flow,18,575,599,1910,1910,1911
1912,TR948776,D.D.D,226732.0,5771.0,62.0,Minimal,18,572,598,1911,1911,1912
1913,TR184510,JCVD,182760.0,6010.0,27.0,Melodic,18,574,598,1912,1912,1913
1914,TR604757,Boing,222480.0,4750.0,29.0,Fast-Flow,18,576,600,1913,1913,1914
1915,TR619414,La Chiave,198453.0,4911.0,24.0,Melodic,18,571,596,1914,1914,1915
1916,TR111939,Qualcuno pagherà,248053.0,5461.0,25.0,Hype,18,574,598,1915,1915,1916
1917,TR861652,Infamous Gang,260959.0,5789.0,23.0,Hype,18,576,600,1916,1916,1917
1918,TR221221,"Nè fama, nè soldi",228426.0,5202.0,25.0,Fast-Flow,18,576,600,1917,1917,1918
1919,TR961080,La Triade,185586.0,4797.0,57.0,Melodic,18,572,364,1918,1918,1919
1920,TR710212,Dicono di noi,231575.0,4840.0,27.0,Hype,18,575,599,1919,1919,1920
1921,TR215015,Ciao ciao,245880.0,5409.0,45.0,Hype,18,574,601,1920,1920,1921
1922,TR961915,Start It over,195811.0,4017.0,28.0,Fast-Flow,18,575,599,1921,1921,1922
1923,TR906053,Niente è impossibile,221986.0,5255.0,24.0,Fast-Flow,18,577,601,1922,1922,1923
1924,TR672645,Tutto quello,174948.0,4725.0,25.0,Melodic,18,578,602,1923,1923,1924
1925,TR437757,Quando tornerò,212361.0,5606.0,28.0,Slow Dark,18,575,599,1924,1924,1925
1926,TR319144,Meno felici ma più furbi,31400.0,4197.0,19.0,Minimal,18,577,601,1925,1925,1926
1927,TR233289,Hc Lover Click,185586.0,5192.0,57.0,Minimal,18,572,364,1926,1926,1927
1928,TR248876,Interlude 1 (Mi Fist),34064.0,4975.0,23.0,Minimal,18,573,597,1927,1927,1928
1929,TR513495,Ruff Combo,260413.0,5300.0,42.0,Melodic,18,579,364,1928,1928,1929
1930,TR652825,Totòlude,32515.0,4141.0,23.0,Minimal,18,573,597,1929,1929,1930
1931,TR446094,La fine del mondo,189626.0,5175.0,22.0,Hype,18,577,601,1930,1930,1931
1932,TR370336,Tutto ciò che ho 2,226906.0,5140.0,82.0,Slow Dark,18,582,614,1931,1931,1932
1933,TR418970,Ciao ciao 2,196672.5,5135.0,32.0,Fast-Flow,18,583,614,1932,1932,1933
1934,TR122619,Lontano dallo stress,228906.0,5223.0,60.0,Minimal,18,577,601,1933,1933,1934
1935,TR480925,Interlude 2 (Mi Fist),34064.0,5367.0,23.0,Minimal,18,573,597,1934,1934,1935
1936,TR158936,Minchia boh (colonna sonora ”I 2 soliti idioti”),209080.0,5627.0,39.0,Minimal,18,577,537,1935,1935,1936
1937,TR821230,La Stanza Dei Fantasmi (Rmx 2K4),249939.0,4554.0,22.0,Melodic,18,584,615,1936,1936,1937
1938,TR274787,"Scopa, Bocce & Scala",251697.0,5665.0,10.0,Minimal,18,585,616,1937,1937,1938
1939,TR264450,Spacco Tutto (Green Edition),209080.0,5011.0,39.0,Minimal,18,577,617,1938,1938,1939
1940,TR135771,In Mezzo Al Banco,223120.0,4167.0,37.0,Hype,18,586,618,1939,1939,1940
1941,TR901844,Zona Di Comfort,147000.0,4131.0,41.0,Minimal,18,587,619,1940,1940,1941
1942,TR492229,Bikini,201653.0,4683.0,22.0,Minimal,18,588,620,1941,1941,1942
1943,TR137868,Butta via tutto Reloaded,245040.0,5588.0,32.0,Clean,18,578,284,1942,1942,1943
1944,TR722594,Mi Hanno Detto Che - Redrum Version,200906.0,5430.0,8.0,Warm Bangers,18,581,246,1943,1943,1944
1945,TR122909,Tornerò da Re Pt.2 - Redrum Version,255306.0,5595.0,31.0,Slow Dark,18,589,246,1944,1944,1945
1946,TR528178,C.D. - Redrum Version,255093.0,5049.0,8.0,Melodic,18,581,246,1945,1945,1946
1947,TR977481,Mi Hanno Detto Che - Censored Version,198640.0,4895.0,7.0,Warm Bangers,18,581,246,1946,1946,1947
1948,TR192351,Tornerò Da Re - Redrum Version,244226.0,4307.0,9.0,Warm Bangers,18,581,246,1947,1947,1948
1949,TR114467,Dolce Paranoia - Redrum Version,208400.0,4670.0,9.0,Warm Bangers,18,581,246,1948,1948,1949
1950,TR403058,Ora Che Ci Penso - Redrum Version,203920.0,4883.0,8.0,Hype,18,581,246,1949,1949,1950
1951,TR418306,La Chiave - Redrum Version,200893.0,4188.0,8.0,Warm Bangers,18,581,246,1950,1950,1951
1952,TR234003,Le Mie Amiche,256666.0,4455.0,23.0,Clean,53,590,621,1951,1951,1952
1953,TR307954,Parla Piano,269973.0,5212.0,21.0,Slow Dark,53,591,535,1952,1952,1953
1954,TR719949,A Testa Alta,292600.0,5487.0,17.0,Melodic,53,591,622,1953,1953,1954
1955,TR759192,Questa Fly,275973.0,6015.0,9.0,Minimal,53,591,536,1954,1954,1955
1956,TR194183,Dammi Ancora,225933.0,5881.0,10.0,Fast-Flow,53,592,531,1955,1955,1956
1957,TR415008,In Media Ci Sto Dentro...,257839.0,5300.0,13.0,Minimal,53,591,623,1956,1956,1957
1958,TR994543,Fly Pina,228826.0,4857.0,11.0,Minimal,53,590,624,1957,1957,1958
1959,TR691555,Piovono Angeli,313093.0,5288.0,13.0,Minimal,53,591,622,1958,1958,1959
1960,TR702794,Stessa Gente,281493.0,5588.0,5.0,Minimal,53,591,622,1959,1959,1960
1961,TR266724,Io Non Ti Ascolto,225160.0,4249.0,12.0,Warm Bangers,53,590,621,1960,1960,1961
1962,TR348279,Scegli Me,266200.0,4834.0,9.0,Melodic,53,591,622,1961,1961,1962
1963,TR675508,Niente Per Niente,262106.0,5696.0,5.0,Melodic,53,591,527,1962,1962,1963
1964,TR204122,Rocco,318933.0,4781.0,7.0,Melodic,53,591,622,1963,1963,1964
1965,TR205076,Sveglia,252000.0,5159.0,5.0,Minimal,53,590,621,1964,1964,1965
1966,TR828721,Mezza Luna,229493.0,5190.0,6.0,Slow Dark,53,591,622,1965,1965,1966
1967,TR791917,Che Caldo,242462.0,4382.0,7.0,Melodic,53,590,621,1966,1966,1967
1968,TR759395,Costa Caro,217333.0,4738.0,5.0,Melodic,53,590,621,1967,1967,1968
1969,TR415938,Cin Cin,233440.0,4683.0,2.0,Hype,53,592,625,1968,1968,1969
1970,TR305135,Tu Sei Cosa Mia,277880.0,4062.0,4.0,Fast-Flow,53,592,625,1969,1969,1970
1971,TR123802,Mi Guarda La Tua Bocca,238520.0,4059.0,4.0,Melodic,53,593,531,1970,1970,1971
1972,TR292808,Ed È Così,224666.0,5680.0,4.0,Melodic,53,590,621,1971,1971,1972
1973,TR726446,Entra Aria,576160.0,4558.0,2.0,Melodic,53,590,621,1972,1972,1973
1974,TR836131,Da Nessuna Parte,277666.0,5051.0,3.0,Melodic,53,590,621,1973,1973,1974
1975,TR902735,Tu Non Hai Mai,219760.0,4611.0,1.0,Melodic,53,592,625,1974,1974,1975
1976,TR109916,Pronte A Tutto,211013.0,5899.0,0.0,Warm Bangers,53,592,625,1975,1975,1976
1977,TR389978,Io Ci Sarò,285626.0,4532.0,1.0,Melodic,53,592,625,1976,1976,1977
1978,TR342543,Non Dimentico Più,261440.0,4872.0,1.0,Melodic,53,592,531,1977,1977,1978
1979,TR132327,Come Ti Senti?,282640.0,5762.0,3.0,Slow Dark,53,592,625,1978,1978,1979
1980,TR350840,Warriors Don’t Cry,277880.0,5700.0,2.0,Melodic,53,592,531,1979,1979,1980
1981,TR901707,Intro (2017),179920.0,4384.0,23.0,Minimal,53,594,245,1980,1980,1981
1982,TR746831,Ghost Track,686968.0,5620.0,15.0,Minimal,53,595,621,1981,1981,1982
1983,TR476528,Intro,69933.0,4931.0,3.0,Minimal,53,590,624,1982,1982,1983
1984,TR290887,Cocco,155271.0,4979.0,11.0,Melodic,45,596,626,1983,1983,1984
1985,TR285437,Buio,145620.0,4279.0,6.0,Minimal,45,597,627,1984,1984,1985
1986,TR763624,In The Jungle,174705.0,4172.0,8.0,Warm Bangers,45,598,628,1985,1985,1986
1987,TR434327,Stavo pensando a te,264573.0,426000.0,69.0,Slow Dark,33,599,192,1986,1986,1987
1988,TR443742,Momenti no,259666.0,174076.0,50.0,Warm Bangers,33,600,629,1987,1987,1988
1989,TR252912,Gonfio così,219986.0,100714.0,48.0,Warm Bangers,33,600,629,1988,1988,1989
1990,TR316896,Vip In Trip,236253.0,108506.0,60.0,Slow Dark,33,601,630,1989,1989,1990
1991,TR466521,Venerdì diciassette,215240.0,100534.0,48.0,Warm Bangers,33,600,629,1990,1990,1991
1992,TR863568,Il Rap Nel Mio Paese,276124.0,71942.0,40.0,Warm Bangers,33,602,631,1991,1991,1992
1993,TR539926,Caos,179653.0,85127.0,52.0,Hype,33,603,632,1992,1992,1993
1994,TR550536,Non fare la puttana,194213.0,64728.0,53.0,Warm Bangers,33,600,629,1993,1993,1994
1995,TR564816,Mr. Simpatia,303160.0,82046.0,45.0,Warm Bangers,33,600,629,1994,1994,1995
1996,TR204867,Io non ti invidio,228826.0,78107.0,46.0,Melodic,33,600,633,1995,1995,1996
1997,TR589489,Niente Di Personale,283200.0,85874.0,31.0,Warm Bangers,33,604,634,1996,1996,1997
1998,TR799409,Pamplona,224133.0,59935.0,67.0,Slow Dark,33,599,192,1997,1997,1998
1999,TR935622,L’uomo nel mirino,196493.0,56485.0,49.0,Warm Bangers,33,600,629,1998,1998,1999
2000,TR591369,Non crollo,282720.0,57282.0,47.0,Melodic,33,600,629,1999,1999,2000
2001,TR772758,Rap in vena,227573.0,56027.0,55.0,Hype,33,600,629,2000,2000,2001
2002,TR998998,Come Mai,206920.0,54681.0,44.0,Warm Bangers,33,605,86,2001,2001,2002
2003,TR801490,Noia,284253.0,70297.0,42.0,Warm Bangers,33,603,632,2002,2002,2003
2004,TR143367,Fenomeno,199533.0,53170.0,62.0,Melodic,33,599,563,2003,2003,2004
2005,TR884950,GoodFellas,216426.0,51303.0,41.0,Warm Bangers,33,603,632,2004,2004,2005
2006,TR991289,Intro (Cielo),144520.0,61492.0,44.0,Slow Dark,33,603,632,2005,2005,2006
2007,TR960740,Voglio farti un regalo,249573.0,54372.0,44.0,Slow Dark,33,600,629,2006,2006,2007
2008,TR239743,Fatti Da Parte,201653.0,59147.0,22.0,Fast-Flow,33,606,635,2007,2007,2008
2009,TR203999,Cocaine,185666.0,43488.0,46.0,Slow Dark,33,603,632,2008,2008,2009
2010,TR842852,Se Non Dai Il Meglio (Non Io),270120.0,52157.0,31.0,Slow Dark,33,607,636,2009,2009,2010
2011,TR866727,Tranne Te,239960.0,42636.0,60.0,Fast-Flow,33,601,637,2010,2010,2011
2012,TR278311,Panico,253360.0,42678.0,60.0,Warm Bangers,33,608,638,2011,2011,2012
2013,TR632060,La Pula Bussò,244160.0,58937.0,54.0,Fast-Flow,33,609,639,2012,2012,2013
2014,TR497858,Niente male,249173.0,43280.0,42.0,Warm Bangers,33,600,629,2013,2013,2014
2015,TR613459,Applausi Per Fibra,294093.0,51172.0,54.0,Minimal,33,609,640,2014,2014,2015
2016,TR232256,Solo una botta,226280.0,46958.0,43.0,Warm Bangers,33,600,629,2015,2015,2016
2017,TR234697,Scattano Le Indagini,230360.0,43458.0,49.0,Melodic,33,610,641,2016,2016,2017
2018,TR172746,Playboy,269227.0,51010.0,35.0,Warm Bangers,33,602,631,2017,2017,2018
2019,TR591366,Luna Piena,233973.0,34763.0,47.0,Warm Bangers,33,610,636,2018,2018,2019
2020,TR150455,Demo Nello Stereo,192560.0,45254.0,41.0,Hype,33,603,632,2019,2019,2020
2021,TR444433,Propaganda,213506.0,48076.0,54.0,Melodic,33,603,632,2020,2020,2021
2022,TR307915,A Me Di Te,247013.0,41425.0,41.0,Hype,33,608,638,2021,2021,2022
2023,TR838304,CVDM,324000.0,46697.0,36.0,Slow Dark,33,611,642,2022,2022,2023
2024,TR177789,Cuore Di Latta,302720.0,31341.0,38.0,Warm Bangers,33,609,639,2023,2023,2024
2025,TR136811,Come Te,304146.0,36918.0,45.0,Slow Dark,33,610,641,2024,2024,2025
2026,TR403288,Dexter,331001.0,34416.0,44.0,Fast-Flow,33,602,631,2025,2025,2026
2027,TR105364,Mal Di Stomaco,225720.0,41334.0,49.0,Minimal,33,609,345,2026,2026,2027
2028,TR224256,Outro (Senti),265293.0,44331.0,39.0,Melodic,33,603,632,2027,2027,2028
2029,TR503521,E Tu Ci Convivi,351250.0,33500.0,35.0,Warm Bangers,33,602,631,2028,2028,2029
2030,TR525576,Come Vasco,155000.0,38264.0,34.0,Melodic,33,602,631,2029,2029,2030
2031,TR871111,Dalla A Alla Zeta,167040.0,31681.0,44.0,Melodic,33,610,636,2030,2030,2031
2032,TR122922,Vaffanculo Scemo,191266.0,36341.0,50.0,Melodic,33,609,639,2031,2031,2032
2033,TR446619,Andiamo,293400.0,34840.0,43.0,Warm Bangers,33,600,629,2032,2032,2033
2034,TR674795,Per Averti Qui,202306.0,41648.0,39.0,Melodic,33,610,636,2033,2033,2034
2035,TR392741,Idee Stupide,287640.0,36052.0,42.0,Minimal,33,609,639,2034,2034,2035
2036,TR438358,Ringrazio,292026.0,31959.0,32.0,Warm Bangers,33,599,192,2035,2035,2036
2037,TR811753,Rap In Guerra,200893.0,28005.0,39.0,Hype,33,609,639,2036,2036,2037
2038,TR943143,Nessuno,197906.0,27565.0,41.0,Slow Dark,33,603,632,2037,2037,2038
2039,TR251094,Troie in Porsche,246000.0,28191.0,31.0,Fast-Flow,33,602,631,2038,2038,2039
2040,TR178473,Stelle,186106.0,27743.0,43.0,Warm Bangers,33,603,632,2039,2039,2040
2041,TR324941,Bugiardo,245986.0,34876.0,46.0,Minimal,33,612,643,2040,2040,2041
2042,TR733092,Non me ne frega un cazzo,209361.0,31265.0,48.0,Melodic,33,613,631,2041,2041,2042
2043,TR481276,Brutto Figlio Di,158786.0,30633.0,39.0,Warm Bangers,33,603,632,2042,2042,2043
2044,TR111715,Nessun aiuto,276093.0,25651.0,33.0,Fast-Flow,33,599,192,2043,2043,2044
2045,TR709616,Palle piene,222773.0,34374.0,40.0,Warm Bangers,33,600,629,2044,2044,2045
2046,TR412854,Pronti Al Peggio,204973.0,32271.0,40.0,Fast-Flow,33,603,632,2045,2045,2046
2047,TR167740,Dipinto di blu,198626.0,24409.0,34.0,Fast-Flow,33,599,192,2046,2046,2047
2048,TR148805,Su Le Mani,234213.0,31728.0,40.0,Minimal,33,609,639,2047,2047,2048
2049,TR744298,Cronico,217200.0,29591.0,40.0,Hype,33,599,375,2048,2048,2049
2050,TR344080,Lascia stare,195493.0,23147.0,41.0,Hype,33,599,192,2049,2049,2050
2051,TR237380,Alieno,180500.0,27188.0,39.0,Melodic,33,602,631,2050,2050,2051
2052,TR813706,Nuovi Stili D’Insonnia,241773.0,27214.0,38.0,Slow Dark,33,610,636,2051,2051,2052
2053,TR878128,Potevi Essere Tu,231440.0,23077.0,34.0,Hype,33,612,644,2052,2052,2053
2054,TR108446,In Italia 2024,245292.0,31252.0,61.0,Fast-Flow,33,614,68,2053,2053,2054
2055,TR901455,Sulla Giostra,205026.0,30201.0,39.0,Warm Bangers,33,603,632,2054,2054,2055
2056,TR518927,Liberi,242680.0,27854.0,38.0,Fast-Flow,33,603,632,2055,2055,2056
2057,TR672131,Amnesia,301250.0,25594.0,29.0,Hype,33,602,631,2056,2056,2057
2058,TR482736,Da questo locale,258093.0,24551.0,41.0,Melodic,33,600,629,2057,2057,2058
2059,TR990945,Qualcuno Normale,200706.0,26773.0,44.0,Warm Bangers,33,601,637,2058,2058,2059
2060,TR609770,Money For Dope 2017,261493.0,25358.0,40.0,Slow Dark,33,599,192,2059,2059,2060
2061,TR472380,Faccio sul serio,178773.0,20105.0,40.0,Warm Bangers,33,600,629,2060,2060,2061
2062,TR382463,Le Donne,241546.0,24292.0,55.0,Hype,33,601,645,2061,2061,2062
2063,TR448308,Lascia Un Segno,159440.0,27124.0,37.0,Warm Bangers,33,605,646,2062,2062,2063
2064,TR931663,Bisogna Scrivere,183000.0,23753.0,38.0,Slow Dark,33,608,638,2063,2063,2064
2065,TR345528,Un’Altra Chance,313093.0,19712.0,35.0,Fast-Flow,33,612,644,2064,2064,2065
2066,TR933884,Fumo Erba,165226.0,26345.0,38.0,Hype,33,603,632,2065,2065,2066
2067,TR121405,Lo Sto Facendo,213225.0,20768.0,19.0,Hype,33,615,647,2066,2066,2067
2068,TR770488,Equilibrio,256666.0,21166.0,37.0,Melodic,33,599,192,2067,2067,2068
2069,TR775377,La Pula Bussò 2016,151746.0,20285.0,45.0,Fast-Flow,33,616,648,2068,2068,2069
2070,TR316521,Ogni giorno,311360.0,21252.0,34.0,Hype,33,599,192,2069,2069,2070
2071,TR686371,La Soluzione,237960.0,24430.0,49.0,Minimal,33,612,644,2070,2070,2071
2072,TR935336,Dove Fuggi?,188773.0,21734.0,42.0,Melodic,33,610,525,2071,2071,2072
2073,TR300576,Bonus track,205053.0,18869.0,38.0,Slow Dark,33,600,629,2072,2072,2073
2074,TR290267,"Pronti, Partenza, Via!",222400.0,23986.0,44.0,Hype,33,608,649,2073,2073,2074
2075,TR218393,Che fine hai fatto Fibra? (64 Bars),380000.0,23559.0,23.0,Melodic,33,617,650,2074,2074,2075
2076,TR508264,Amici O Nemici,152666.0,23476.0,37.0,Warm Bangers,33,603,632,2075,2075,2076
2077,TR176424,Squallor,331001.0,17984.0,44.0,Slow Dark,33,602,631,2076,2076,2077
2078,TR962108,El Diablo,151426.0,19638.0,35.0,Warm Bangers,33,603,632,2077,2077,2078
2079,TR274115,Di Fretta,220000.0,22775.0,46.0,Melodic,33,610,636,2078,2078,2079
2080,TR895785,Mi Stai Sul Cazzo,214920.0,20851.0,39.0,Slow Dark,33,610,636,2079,2079,2080
2081,TR273414,Invece no,243120.0,15210.0,32.0,Warm Bangers,33,599,192,2080,2080,2081
2082,TR291776,Trainspotting,379013.0,14774.0,23.0,Fast-Flow,33,602,631,2081,2081,2082
2083,TR724796,Il Tempo Vola (Original Extended),199906.0,17319.0,35.0,Slow Dark,33,618,651,2082,2082,2083
2084,TR844218,A Volte,236000.0,20378.0,29.0,Fast-Flow,33,602,631,2083,2083,2084
2085,TR312732,Red Carpet,215946.0,17563.0,36.0,Hype,33,599,192,2084,2084,2085
2086,TR168277,Incomprensioni,263453.0,17130.0,34.0,Minimal,33,619,652,2085,2085,2086
2087,TR988738,Escort,230440.0,14420.0,37.0,Warm Bangers,33,601,637,2086,2086,2087
2088,TR932768,+ -,183520.0,18046.0,73.0,Minimal,33,620,637,2087,2087,2088
2089,TR349321,Tienila su,142520.0,18544.0,38.0,Warm Bangers,33,600,629,2088,2088,2089
2090,TR848166,Coccole,208066.0,15549.0,37.0,Warm Bangers,33,609,639,2089,2089,2090
2091,TR762452,Insensibile,259453.0,17797.0,34.0,Clean,33,601,637,2090,2090,2091
2092,TR407335,Andiamo A Sanremo,313920.0,18360.0,33.0,Fast-Flow,33,612,644,2091,2091,2092
2093,TR248802,6791,191013.0,13650.0,31.0,Minimal,33,601,637,2092,2092,2093
2094,TR877490,Rock That Shit,242000.0,15383.0,28.0,Melodic,33,602,631,2093,2093,2094
2095,TR978195,Tutti Matti,315226.0,13917.0,33.0,Melodic,33,609,639,2094,2094,2095
2096,TR705159,A Casa,264843.0,16568.0,28.0,Melodic,33,602,631,2095,2095,2096
2097,TR162052,Di Noi,266093.0,15099.0,33.0,Slow Dark,33,610,636,2096,2096,2097
2098,TR370663,Controcultura,236253.0,15336.0,60.0,Slow Dark,33,601,637,2097,2097,2098
2099,TR597065,Luna,233973.0,15995.0,47.0,Fast-Flow,33,610,653,2098,2098,2099
2100,TR580051,Dagli Sbagli Si Impara,279306.0,13489.0,31.0,Fast-Flow,33,608,638,2099,2099,2100
2101,TR484857,Ogni Donna,278120.0,16184.0,36.0,Melodic,33,609,639,2100,2100,2101
2102,TR198241,Le vacanze,285026.0,13801.0,30.0,Slow Dark,33,599,192,2101,2101,2102
2103,TR646735,Guerra E Pace,253360.0,11595.0,60.0,Minimal,33,608,638,2102,2102,2103
2104,TR831827,Cento Modi Per Morire,315560.0,14381.0,37.0,Hype,33,612,644,2103,2103,2104
2105,TR249890,Lamborghini / Rime Sul Beat,327124.0,14503.0,25.0,Hype,33,602,631,2104,2104,2105
2106,TR565958,Sento le Sirene,245449.0,11986.0,26.0,Fast-Flow,33,602,631,2105,2105,2106
2107,TR385951,Dio C’è,236360.0,14762.0,23.0,Fast-Flow,33,602,631,2106,2106,2107
2108,TR857398,Ma Che Persona,178386.0,14985.0,34.0,Melodic,33,610,525,2107,2107,2108
2109,TR120106,Felice Per Me,215053.0,11281.0,27.0,Hype,33,621,654,2108,2108,2109
2110,TR368909,Sempre Io,221413.0,14780.0,32.0,Slow Dark,33,612,644,2109,2109,2110
2111,TR588523,Cane Mangia Cane,237066.0,10125.0,20.0,Fast-Flow,33,605,646,2110,2110,2111
2112,TR693043,Voglio Sapere,292187.0,10368.0,25.0,Fast-Flow,33,602,631,2111,2111,2112
2113,TR554964,In Italia,245292.0,10263.0,61.0,Fast-Flow,33,614,644,2112,2112,2113
2114,TR220174,Spara Al Diavolo,222533.0,13534.0,32.0,Hype,33,601,637,2113,2113,2114
2115,TR903036,Speak English,237906.0,12271.0,31.0,Minimal,33,619,655,2114,2114,2115
2116,TR260784,≠ (Diverso),270293.0,9921.0,45.0,Warm Bangers,33,622,637,2115,2115,2116
2117,TR997195,La Solitudine Dei Numeri Uno,224106.0,11196.0,30.0,Fast-Flow,33,608,638,2116,2116,2117
2118,TR167063,Che Culo! Che Figa!,238000.0,11914.0,41.0,Slow Dark,33,609,656,2117,2117,2118
2119,TR492188,Fuori Norma,240666.0,9423.0,35.0,Melodic,33,610,525,2118,2118,2119
2120,TR994546,Sono Un Soldato,250773.0,13018.0,32.0,Hype,33,609,639,2119,2119,2120
2121,TR835623,Quentin Tarantino,166506.0,12525.0,25.0,Warm Bangers,33,605,646,2120,2120,2121
2122,TR870721,Cattiverie,193333.0,11154.0,35.0,Fast-Flow,33,612,644,2121,2121,2122
2123,TR917955,Cosa Avevi Capito?,199625.0,12943.0,24.0,Fast-Flow,33,602,631,2122,2122,2123
2124,TR420224,Brut,158786.0,10216.0,39.0,Fast-Flow,33,603,651,2123,2123,2124
2125,TR671007,Il Triangolo Sì,228333.0,12314.0,36.0,Warm Bangers,33,609,345,2124,2124,2125
2126,TR983233,Idee Stupide 2016,178773.0,10999.0,40.0,Melodic,33,600,426,2125,2125,2126
2127,TR445086,Ci Penso Dopo,144626.0,10832.0,36.0,Melodic,33,610,525,2126,2126,2127
2128,TR736278,La Posta Di Fibra,300826.0,8829.0,33.0,Fast-Flow,33,612,644,2127,2127,2128
2129,TR233630,E.U.R.O,246942.0,11637.0,28.0,Slow Dark,33,602,631,2128,2128,2129
2130,TR942520,Che Cazzata,240053.0,9519.0,49.0,Hype,33,609,345,2129,2129,2130
2131,TR388921,Che Gusto C’è,183520.0,8438.0,73.0,Minimal,33,620,180,2130,2130,2131
2132,TR220790,Non Potete Capire,192973.0,7210.0,33.0,Warm Bangers,33,601,637,2131,2131,2132
2133,TR958743,Nel Mio Disco,237960.0,8924.0,49.0,Fast-Flow,33,612,657,2132,2132,2133
2134,TR975112,Rompiti Il Collo 2016,149386.0,8782.0,32.0,Hype,33,609,658,2133,2133,2134
2135,TR957680,Le Ragazze,261466.0,9203.0,32.0,Warm Bangers,33,612,644,2134,2134,2135
2136,TR895644,Fai Come Noi,293266.0,9449.0,33.0,Melodic,33,609,639,2135,2135,2136
2137,TR877889,Quorum,208746.0,6665.0,27.0,Fast-Flow,33,623,657,2136,2136,2137
2138,TR115652,Troppi Limiti,270106.0,8659.0,30.0,Slow Dark,33,609,656,2137,2137,2138
2139,TR537942,Che Tempi,276040.0,6931.0,30.0,Hype,33,608,638,2138,2138,2139
2140,TR700280,Tony Hawk,174733.0,9043.0,19.0,Warm Bangers,33,624,197,2139,2139,2140
2141,TR888500,Non Ditelo,238000.0,8659.0,41.0,Melodic,33,609,657,2140,2140,2141
2142,TR904420,Double Trouble,194040.0,7698.0,32.0,Hype,33,601,659,2141,2141,2142
2143,TR920592,Pensa Per Te,233253.0,8195.0,17.0,Warm Bangers,33,624,651,2142,2142,2143
2144,TR455665,Personaggi Di Passaggio,214440.0,6887.0,32.0,Melodic,33,610,636,2143,2143,2144
2145,TR224027,Intro (Fenomeno),125226.0,7072.0,29.0,Minimal,33,599,192,2144,2144,2145
2146,TR114955,Voce,245960.0,7984.0,32.0,Warm Bangers,33,608,660,2145,2145,2146
2147,TR803061,Alla Fine Di Tutto Questo,267386.0,6941.0,27.0,Hype,33,619,655,2146,2146,2147
2148,TR561056,Non C’è Tempo,240186.0,6514.0,28.0,Slow Dark,33,612,644,2147,2147,2148
2149,TR690143,Mai Smesso,229013.0,6883.0,20.0,Hype,33,605,646,2148,2148,2149
2150,TR532822,3 Parole,262280.0,7758.0,30.0,Slow Dark,33,601,637,2149,2149,2150
2151,TR340036,Il Tappo,248506.0,6392.0,33.0,Slow Dark,33,609,656,2150,2150,2151
2152,TR633813,Frank Sinatra,243333.0,5907.0,26.0,Fast-Flow,33,608,638,2151,2151,2152
2153,TR519371,In Testa,232506.0,7367.0,32.0,Hype,33,619,655,2152,2152,2153
2154,TR581440,Prima Che Sia Domani,309560.0,7623.0,18.0,Slow Dark,33,605,661,2153,2153,2154
2155,TR754276,Chi C’è,166120.0,5466.0,35.0,Melodic,33,625,636,2154,2154,2155
2156,TR778894,Hip Hop,244666.0,5828.0,28.0,Hype,33,626,662,2155,2155,2156
2157,TR137864,Strani Pensieri,224840.0,5526.0,30.0,Melodic,33,609,656,2156,2156,2157
2158,TR428096,Questo È Il Nuovo Singolo,206693.0,6017.0,29.0,Hype,33,612,663,2157,2157,2158
2159,TR600057,Meglio Me Che Te,168680.0,6262.0,16.0,Warm Bangers,33,624,651,2158,2158,2159
2160,TR607550,In Alto,244013.0,6968.0,33.0,Warm Bangers,33,601,637,2159,2159,2160
2161,TR156022,Adorazione,197705.0,6697.0,40.0,Fast-Flow,33,627,664,2160,2160,2161
2162,TR255665,Ring Ring,194253.0,6612.0,33.0,Minimal,33,608,665,2161,2161,2162
2163,TR793808,In Quanti?,194013.0,5820.0,33.0,Slow Dark,33,610,636,2162,2162,2163
2164,TR561901,Ah Yeah Mr. Simpatia,178146.0,6963.0,31.0,Melodic,33,609,656,2163,2163,2164
2165,TR724010,Rivelazione,226213.0,6030.0,32.0,Melodic,33,601,637,2164,2164,2165
2166,TR418852,Fenomeno (Early Demo),164906.0,6988.0,22.0,Warm Bangers,33,605,646,2165,2165,2166
2167,TR751110,Tranne Te e Te,241026.0,6148.0,9.0,Minimal,33,628,666,2166,2166,2167
2168,TR844036,Via Vai,259399.0,4866.0,25.0,Warm Bangers,33,619,655,2167,2167,2168
2169,TR593858,Non Provo Più Niente,193613.0,6059.0,25.0,Hype,33,612,644,2168,2168,2169
2170,TR591050,In Italia (English Version),237906.0,5220.0,31.0,Fast-Flow,33,619,662,2169,2169,2170
2171,TR409731,Non Correre,244826.0,5605.0,30.0,Hype,33,608,638,2170,2170,2171
2172,TR887990,Rompiti Il Collo,149386.0,4208.0,32.0,Hype,33,609,639,2171,2171,2172
2173,TR961564,Nel Bene O Nel Male,181229.0,4411.0,18.0,Warm Bangers,33,605,646,2172,2172,2173
2174,TR597348,Qualche Limite,241546.0,5761.0,55.0,Slow Dark,33,601,667,2173,2173,2174
2175,TR837586,Su Le Mani 2016,239960.0,4490.0,60.0,Slow Dark,33,601,421,2174,2174,2175
2176,TR351380,Tutto In Un Giorno,252693.0,5699.0,25.0,Hype,33,608,638,2175,2175,2176
2177,TR479793,Questa Vita,208773.0,4573.0,26.0,Hype,33,612,644,2176,2176,2177
2178,TR957389,Donna Famosa,261026.0,5303.0,26.0,Hype,33,619,655,2177,2177,2178
2179,TR709968,Nemico Pubblico,180933.0,5403.0,25.0,Fast-Flow,33,608,638,2178,2178,2179
2180,TR910855,Il Più Pazzo,198293.0,5041.0,28.0,Hype,33,612,644,2179,2179,2180
2181,TR484122,Nella Scena,322893.0,4625.0,29.0,Melodic,33,609,656,2180,2180,2181
2182,TR941156,Parole In Fumo,237266.0,4439.0,20.0,Hype,33,621,654,2181,2181,2182
2183,TR424045,Nessuno Lo Dice,200920.0,4077.0,19.0,Warm Bangers,33,621,654,2182,2182,2183
2184,TR512155,Intro,144520.0,4620.0,44.0,Slow Dark,33,603,421,2183,2183,2184
2185,TR703446,Freestyle,256666.0,5323.0,37.0,Fast-Flow,33,599,657,2184,2184,2185
2186,TR166646,Chi Vuole Essere Fabri Fibra?,166120.0,5895.0,35.0,Hype,33,625,655,2185,2185,2186
2187,TR285089,Non Credo Ai Media,182106.0,5759.0,24.0,Warm Bangers,33,608,638,2186,2186,2187
2188,TR307833,Stupidi,185160.0,5548.0,60.0,Minimal,33,629,431,2187,2187,2188
2189,TR735029,Tu Così Bella Non Ce L’Hai,261893.0,5594.0,32.0,Slow Dark,33,612,644,2188,2188,2189
2190,TR420459,Bonus Track (Turbe Giovanili),255893.0,5347.0,34.0,Slow Dark,33,610,668,2189,2189,2190
2191,TR872232,Teoria E Pratica,228373.0,4535.0,18.0,Hype,33,621,654,2190,2190,2191
2192,TR981948,Che Casino,171573.0,5831.0,28.0,Melodic,33,609,656,2191,2191,2192
2193,TR696046,Tipe Come Te,152720.0,5358.0,28.0,Melodic,33,609,656,2192,2192,2193
2194,TR100524,Alta Vendita,175746.0,5133.0,27.0,Warm Bangers,33,608,669,2193,2193,2194
2195,TR975085,Tutti In Campana,167560.0,4235.0,32.0,Hype,33,609,639,2194,2194,2195
2196,TR251966,Raggi Laser,245560.0,4909.0,24.0,Warm Bangers,33,608,638,2195,2195,2196
2197,TR506768,Troppo Famoso,182573.0,4936.0,29.0,Hype,33,601,637,2196,2196,2197
2198,TR517220,In Quel Posto,235893.0,5746.0,22.0,Fast-Flow,33,619,655,712,712,2198
2199,TR845575,Tranne Te Megamix,239960.0,5109.0,60.0,Hype,33,601,661,2197,2197,2199
2200,TR231480,Centoquindici,239600.0,4775.0,23.0,Hype,33,608,638,2198,2198,2200
2201,TR547400,La Fretta,250840.0,5973.0,28.0,Hype,33,601,637,2199,2199,2201
2202,TR250056,A Questo Show,209306.0,4235.0,28.0,Slow Dark,33,609,656,2200,2200,2202
2203,TR873026,Commerciale,293266.0,4861.0,33.0,Slow Dark,33,609,657,2201,2201,2203
2204,TR672561,Questo Pezzo,239960.0,4097.0,60.0,Slow Dark,33,601,657,2202,2202,2204
2205,TR539870,Come Totti,235586.0,5498.0,19.0,Hype,33,621,537,2203,2203,2205
2206,TR904041,Arrivano,246826.0,5853.0,24.0,Warm Bangers,33,612,662,2204,2204,2206
2207,TR247713,Extralarge,223093.0,4575.0,21.0,Hype,33,619,655,2205,2205,2207
2208,TR977799,Dieci Euro In Tasca,247200.0,5736.0,24.0,Hype,33,619,352,2206,2206,2208
2209,TR451705,Zelensky (Red Bull 64 Bars),289819.0,4597.0,50.0,Fast-Flow,33,630,670,2207,2207,2209
2210,TR855293,Scappa!,288493.0,5840.0,23.0,Slow Dark,33,631,345,2208,2208,2210
2211,TR219103,Mille Domande,186947.0,5525.0,55.0,Slow Dark,33,632,657,2209,2209,2211
2212,TR955916,Il Mio Amico Arnold,214133.0,5627.0,17.0,Hype,33,621,654,2210,2210,2212
2213,TR282407,Fabri Fibra A Spit 2011,239960.0,4048.0,60.0,Clean,33,601,671,2211,2211,2213
2214,TR397401,Teoria E Pratica RMX,243946.0,5944.0,42.0,Slow Dark,33,633,654,2212,2212,2214
2215,TR731271,Mani Pulite,174880.0,5469.0,18.0,Warm Bangers,33,621,537,2213,2213,2215
2216,TR376662,Certe Cose Si Sanno,186947.0,4625.0,55.0,Clean,33,632,657,2214,2214,2216
2217,TR408042,2031 (Intro),34613.0,5674.0,24.0,Minimal,33,608,638,2215,2215,2217
2218,TR466354,Un Calmante,236253.0,4577.0,60.0,Melodic,33,601,657,2216,2216,2218
2219,TR245679,Outro PDF,236253.0,5763.0,60.0,Minimal,33,601,657,2217,2217,2219
2220,TR946363,Vado Via,230360.0,4238.0,49.0,Fast-Flow,33,610,654,2218,2218,2220
2221,TR456894,Stavo Pensando A Te (Re-Edit),223834.0,5425.0,79.0,Slow Dark,33,634,672,2219,2219,2221
2222,TR742051,Stile Libero Futuristico,239960.0,5095.0,60.0,Warm Bangers,33,601,654,2220,2220,2222
2223,TR588490,Quelle Radio,276124.0,4204.0,40.0,Melodic,33,602,661,2221,2221,2223
2224,TR800085,Collezione Megamix,603160.0,4498.0,4.0,Fast-Flow,33,635,661,2222,2222,2224
2225,TR605119,Non siamo in America,276124.0,4035.0,40.0,Fast-Flow,33,602,673,2223,2223,2225
2226,TR336834,Capito Tutto,164106.0,4953.0,27.0,Slow Dark,33,609,656,2224,2224,2226
2227,TR765677,Freestyle Solido,256666.0,4618.0,37.0,Hype,33,599,661,2225,2225,2227
2228,TR414333,Troppo Di Tutto (Guerra E Pace Deluxe Edition Bonus Track),264573.0,5213.0,69.0,Hype,33,599,638,2226,2226,2228
2229,TR866344,L’italiano balla,230773.0,4608.0,26.0,Hype,33,636,674,2227,2227,2229
2230,TR676171,Denaro Contante,224440.0,4613.0,19.0,Warm Bangers,33,621,654,2228,2228,2230
2231,TR704705,Non Faccio Male,237960.0,5505.0,49.0,Hype,33,612,675,2229,2229,2231
2232,TR435845,Intro Casus Belli,267386.0,4108.0,27.0,Slow Dark,33,619,654,2230,2230,2232
2233,TR868123,Grandi Viaggi,49826.0,5823.0,27.0,Melodic,33,609,656,2231,2231,2233
2234,TR547354,Tutti In Quarantena (Coronavirus Freestyle),256666.0,5719.0,37.0,Melodic,33,599,676,2232,2232,2234
2235,TR895378,Numero Uno,267386.0,5352.0,27.0,Melodic,33,619,661,2233,2233,2235
2236,TR219883,Stile Libero Passato,215240.0,5202.0,48.0,Hype,33,600,654,2234,2234,2236
2237,TR540123,Freestyle Gasato,256666.0,5803.0,37.0,Slow Dark,33,599,661,2235,2235,2237
2238,TR373448,Stile Libero Presente,330768.0,4383.0,36.0,Melodic,33,637,654,2236,2236,2238
2239,TR363564,Freestyle Liquido,256666.0,4172.0,37.0,Slow Dark,33,599,661,2237,2237,2239
2240,TR475897,Sono Hip Hop,291840.0,4492.0,12.0,Melodic,33,638,661,2238,2238,2240
2241,TR940609,Sotto Shock,236253.0,5607.0,60.0,Melodic,33,601,661,2239,2239,2241
2242,TR751225,Tradimento Freestyle,237960.0,4082.0,49.0,Fast-Flow,33,612,345,2240,2240,2242
2243,TR296960,RIN Freestyle,256666.0,5181.0,37.0,Warm Bangers,33,599,677,2241,2241,2243
2244,TR375955,Bugiardo Megamix,245986.0,6011.0,46.0,Clean,33,612,661,2242,2242,2244
2245,TR737536,Intro Quorum,275880.0,5727.0,37.0,Fast-Flow,33,601,657,2243,2243,2245
2246,TR553134,Still Dre freestyle,256666.0,5060.0,37.0,Minimal,33,599,192,2244,2244,2246
2247,TR192986,Freestyle (2004),144520.0,4139.0,44.0,Slow Dark,33,603,285,2245,2245,2247
2248,TR739987,Freestyle a Radio Deejay,197853.0,5678.0,24.0,Melodic,33,625,542,2246,2246,2248
2249,TR188259,Sanremo Megamix,169506.0,5213.0,5.0,Fast-Flow,33,639,284,2247,2247,2249
2250,TR219347,Saddam Freestyle,256666.0,4244.0,37.0,Minimal,33,599,667,2248,2248,2250
2251,TR264422,Parodia (MTV Day 2006),144520.0,4200.0,44.0,Slow Dark,33,603,678,2249,2249,2251
2252,TR483704,È Un Tuo Problema,227573.0,5839.0,55.0,Minimal,33,600,284,2250,2250,2252
2253,TR709016,Intro (Rima Dopo Rima),230360.0,5352.0,49.0,Melodic,33,610,679,2251,2251,2253
2254,TR402241,Rap Natalistico,239960.0,5675.0,60.0,Clean,33,601,680,2252,2252,2254
2255,TR267048,Streetstyle Intro,236253.0,5775.0,60.0,Slow Dark,33,601,367,2253,2253,2255
2256,TR234738,L’accoppiaggio,236253.0,5160.0,60.0,Minimal,33,601,536,2254,2254,2256
2257,TR618043,Freestyle Nuova Scena 2,209552.0,5049.0,71.0,Minimal,33,640,277,2255,2255,2257
2258,TR174989,Dalla A alla Zeta (Remaster 2010),144520.0,4874.0,44.0,Melodic,33,603,668,2256,2256,2258
2259,TR628557,Qui Dentro,240053.0,4648.0,49.0,Hype,33,609,681,2257,2257,2259
2260,TR344030,Ma Che Persona (Remaster 2010),294093.0,4885.0,54.0,Melodic,33,609,668,2258,2258,2260
2261,TR160920,Bonus Track (Turbe Giovanili Remaster 2010),255893.0,5565.0,34.0,Slow Dark,33,610,668,2259,2259,2261
2262,TR675623,Stu core t’apparten,149909.0,69824.0,51.0,Fast-Flow,82,641,682,2260,2260,2262
2263,TR605683,Ti volevo dedicare,208133.0,55939.0,66.0,Warm Bangers,82,641,278,2261,2261,2263
2264,TR617350,Nisciun’,144133.0,41967.0,59.0,Slow Dark,82,641,278,2262,2262,2264
2265,TR338511,Buonanotte amò,162133.0,42110.0,53.0,Slow Dark,82,641,278,2263,2263,2265
2266,TR412298,O’ posto mio,171400.0,39721.0,44.0,Slow Dark,82,642,683,2264,2264,2266
2267,TR572499,O’ mar ‘e o’ sole,220053.0,32989.0,42.0,Melodic,82,643,684,2265,2265,2267
2268,TR737484,Kevvuo’,206315.0,24222.0,28.0,Hype,82,644,245,2266,2266,2268
2269,TR648356,L’Ammore Overo,241880.0,19434.0,53.0,Minimal,82,645,685,2267,2267,2269
2270,TR997555,Mario Merola Flow,218000.0,21727.0,4.0,Slow Dark,82,646,48,2268,2268,2270
2271,TR597365,Se tornerai,221386.0,16471.0,46.0,Slow Dark,82,641,278,2269,2269,2271
2272,TR331921,Fa’ o’ brav’,227184.0,18284.0,41.0,Minimal,82,647,686,2270,2270,2272
2273,TR894311,Nu juorno buono,194133.0,15712.0,53.0,Slow Dark,82,648,687,2271,2271,2273
2274,TR868629,Mai più,200000.0,16697.0,29.0,Slow Dark,82,641,278,2272,2272,2274
2275,TR574573,Capocannonieri,257746.0,17778.0,41.0,Melodic,82,645,688,2273,2273,2275
2276,TR737044,Ngopp’ a luna,134573.0,15424.0,54.0,Slow Dark,82,641,446,2274,2274,2276
2277,TR984521,Nu brutto suonno,240413.0,14466.0,35.0,Fast-Flow,82,642,683,2275,2275,2277
2278,TR734615,Cuore rotto (Nfam’ Version),183186.0,12712.0,23.0,Hype,82,641,689,2276,2276,2278
2279,TR416131,Cuore rotto,184819.0,13292.0,24.0,Hype,82,649,690,2277,2277,2279
2280,TR797239,Tutto resta,161080.0,10232.0,48.0,Hype,82,648,691,2278,2278,2280
2281,TR397702,Invece No,155172.0,10548.0,22.0,Melodic,82,650,692,2279,2279,2281
2282,TR676076,A un passo dalla luna,167313.0,11052.0,59.0,Fast-Flow,82,651,377,2280,2280,2282
2283,TR310359,Se mi chiami,233026.0,10529.0,50.0,Hype,82,642,683,2281,2281,2283
2284,TR278514,Nun me vuò bene cchiù,152506.0,8144.0,26.0,Slow Dark,82,641,278,2282,2282,2284
2285,TR340091,A Un Paso De La Luna,169677.0,7976.0,58.0,Fast-Flow,82,652,693,2283,2283,2285
2286,TR783842,Nun se ne va,189040.0,8464.0,40.0,Slow Dark,82,641,278,2284,2284,2286
2287,TR891269,Niente Da Bere,229264.0,10135.0,19.0,Slow Dark,82,653,402,2285,2285,2287
2288,TR972346,Che me chiamme a fa?,161783.0,7760.0,54.0,Slow Dark,82,647,3,2286,2286,2288
2289,TR583703,Libertà,208133.0,8040.0,66.0,Slow Dark,82,641,278,2287,2287,2289
2290,TR291889,Grande bugia,198906.0,7086.0,27.0,Slow Dark,82,641,278,2288,2288,2290
2291,TR823777,L’urdemo vase,188216.0,7813.0,46.0,Fast-Flow,82,647,686,2289,2289,2291
2292,TR423129,Solido,171425.0,6620.0,29.0,Slow Dark,82,647,686,2290,2290,2292
2293,TR628164,Nun è giusto,203653.0,6281.0,24.0,Warm Bangers,82,641,278,2291,2291,2293
2294,TR375832,Street Life,196186.0,7122.0,21.0,Warm Bangers,82,641,278,2292,2292,2294
2295,TR611098,Discofunk,196813.0,5340.0,32.0,Slow Dark,82,641,278,2293,2293,2295
2296,TR160510,Maledetto Sud,225560.0,5163.0,28.0,Slow Dark,82,641,278,2294,2294,2296
2297,TR175075,Benvenuti in Italy,196373.0,5599.0,43.0,Slow Dark,82,641,262,2295,2295,2297
2298,TR903919,Tutte ’e parole,200100.0,4973.0,32.0,Slow Dark,82,654,423,2296,2296,2298
2299,TR402879,Ho scelto me,215106.0,5143.0,46.0,Slow Dark,82,655,694,2297,2297,2299
2300,TR874566,The Show,225560.0,5584.0,26.0,Hype,82,648,691,2298,2298,2300
2301,TR420592,Fammi scendere,212653.0,6501.0,31.0,Slow Dark,82,656,481,2299,2299,2301
2302,TR984458,Rivoluzione,168034.0,5916.0,57.0,Melodic,82,647,686,2300,2300,2302
2303,TR273257,Vene e vvà,194986.0,5633.0,40.0,Slow Dark,82,642,695,2301,2301,2303
2304,TR328613,Caramello,197760.0,5011.0,54.0,Fast-Flow,82,647,313,2302,2302,2304
2305,TR909775,Santa Margherita 104 Freestyle,196672.5,6291.0,32.0,Minimal,82,583,696,2303,2303,2305
2306,TR300646,Vada come vada,168034.0,4889.0,57.0,Slow Dark,82,647,686,2304,2304,2306
2307,TR712571,Regole da infrangere,181348.0,4186.0,34.0,Slow Dark,82,647,686,2305,2305,2307
2308,TR361123,Na vota ancora,192840.0,5249.0,33.0,Fast-Flow,82,648,691,2306,2306,2308
2309,TR123175,Un bacio all’improvviso,171194.0,4240.0,58.0,Fast-Flow,82,657,697,2307,2307,2309
2310,TR827390,Te penso ancora,148875.0,4703.0,47.0,Minimal,82,647,686,2308,2308,2310
2311,TR736632,Arrivano i prof,179996.0,5029.0,43.0,Melodic,82,658,409,2309,2309,2311
2312,TR393441,Vieni con me,216946.0,5767.0,42.0,Melodic,82,648,691,2310,2310,2312
2313,TR233963,Nun c’ sta paragon’,184000.0,5003.0,29.0,Minimal,82,659,684,2311,2311,2313
2314,TR678953,Ce magnamm,296813.0,5420.0,26.0,Warm Bangers,82,648,691,2312,2312,2314
2315,TR736749,Sultant’ a mia,150400.0,6002.0,38.0,Minimal,82,647,698,2313,2313,2315
2316,TR559203,Caffelatte,174791.0,4274.0,29.0,Fast-Flow,82,647,686,2314,2314,2316
2317,TR425722,Giovane disorientato,162426.0,4564.0,27.0,Hype,82,648,634,2315,2315,2317
2318,TR943962,Sto Bene Così,196813.0,4805.0,37.0,Hype,82,660,699,2316,2316,2318
2319,TR427818,O’ reggae de guagliune,309626.0,4858.0,23.0,Fast-Flow,82,660,683,2317,2317,2319
2320,TR970003,GIURA,163300.0,4835.0,52.0,Fast-Flow,82,661,700,2318,2318,2320
2321,TR988497,Stella Cadente,238693.0,5833.0,41.0,Fast-Flow,82,660,701,2319,2319,2321
2322,TR261934,Replay,204133.0,5445.0,30.0,Slow Dark,82,648,691,2320,2320,2322
2323,TR913632,Fantastica,187612.0,5231.0,45.0,Slow Dark,82,647,702,2321,2321,2323
2324,TR990943,Fiocco azzurro,161333.0,4632.0,37.0,Slow Dark,82,647,686,2322,2322,2324
2325,TR183878,Una moneta e un sogno,179960.0,5665.0,22.0,Hype,82,642,683,2323,2323,2325
2326,TR753166,Il sole tra i palazzi,195906.0,5927.0,27.0,Slow Dark,82,655,703,2324,2324,2326
2327,TR411238,‎Nel percorso (Lele Adani Intro) -,39924.0,5657.0,23.0,Minimal,82,647,704,2325,2325,2327
2328,TR281544,’A Verità,194133.0,4015.0,53.0,Fast-Flow,82,648,691,2326,2326,2328
2329,TR249038,Non rimpiango niente,193520.0,5287.0,26.0,Warm Bangers,82,648,634,2327,2327,2329
2330,TR702413,Maletiempo,192733.0,4115.0,21.0,Hype,82,642,683,2328,2328,2330
2331,TR520264,Wake Up,166946.0,4528.0,32.0,Hype,82,660,705,2329,2329,2331
2332,TR880392,COSA TI AMO A FARE?,202352.0,4131.0,51.0,Warm Bangers,82,661,700,2330,2330,2332
2333,TR195065,SignorHunt,233026.0,5225.0,50.0,Melodic,82,642,706,2331,2331,2333
2334,TR410821,Devo parlare,194933.0,5390.0,28.0,Hype,82,648,691,2332,2332,2334
2335,TR571867,Tengo voglia ’e sunnà,172120.0,4242.0,18.0,Hype,82,642,683,2333,2333,2335
2336,TR145926,MILLE VOTE ANCORA,192712.0,4781.0,65.0,Warm Bangers,82,662,707,2334,2334,2336
2337,TR824652,Happy meal,176386.0,4927.0,26.0,Slow Dark,82,645,688,2335,2335,2337
2338,TR436070,Non litighiamo più,180444.0,4752.0,61.0,Hype,82,663,210,2336,2336,2338
2339,TR295040,Pane e Rap,253373.0,4255.0,16.0,Slow Dark,82,655,708,2337,2337,2339
2340,TR569842,FRATMO,190246.0,4851.0,47.0,Warm Bangers,82,661,700,2338,2338,2340
2341,TR219841,Pe’ vula’ nata vota,181276.0,5517.0,32.0,Slow Dark,82,664,709,2339,2339,2341
2342,TR787229,RAGAZZO DI GIÙ,192712.0,4153.0,61.0,Warm Bangers,82,661,700,2340,2340,2342
2343,TR535595,PUSH!,152250.0,4172.0,34.0,Fast-Flow,82,665,710,2341,2341,2343
2344,TR281334,Fammi vivere,246413.0,4724.0,20.0,Slow Dark,82,645,688,2342,2342,2344
2345,TR773022,Qualcosa di strano,240066.0,5902.0,16.0,Hype,82,642,683,2343,2343,2345
2346,TR995120,Nun è fernut’,221413.0,5353.0,20.0,Hype,82,648,634,2344,2344,2346
2347,TR782772,Come una cometa,202106.0,5374.0,35.0,Slow Dark,82,648,634,2345,2345,2347
2348,TR384111,Io posso,194600.0,4738.0,21.0,Slow Dark,82,645,688,2346,2346,2348
2349,TR594428,Marcos,249493.0,5203.0,14.0,Hype,82,642,683,2347,2347,2349
2350,TR715255,Eco del mare,209706.0,4031.0,18.0,Fast-Flow,82,642,683,2348,2348,2350
2351,TR427811,Spiraglio Di Periferia,222000.0,5288.0,39.0,Slow Dark,82,659,581,2349,2349,2351
2352,TR235567,Una lacrima,224946.0,5844.0,19.0,Slow Dark,82,660,298,2350,2350,2352
2353,TR707094,DOMANI CHISSÀ,160975.0,5239.0,45.0,Fast-Flow,82,661,700,2351,2351,2353
2354,TR552278,L’occhio del massone,214346.0,5764.0,20.0,Melodic,82,645,688,2352,2352,2354
2355,TR100109,Haranzullah Flow,253373.0,5463.0,16.0,Minimal,82,655,711,2353,2353,2355
2356,TR419369,’A voce de guagliune,189093.0,4253.0,18.0,Hype,82,648,691,2354,2354,2356
2357,TR886366,Senza chances,218800.0,5823.0,20.0,Hype,82,648,691,2355,2355,2357
2358,TR538332,Allora no!,194373.0,4145.0,15.0,Slow Dark,82,642,683,2356,2356,2358
2359,TR883861,’Na stanza nostra,225826.0,5084.0,38.0,Slow Dark,82,642,701,2357,2357,2359
2360,TR857306,Credi,217866.0,4297.0,32.0,Fast-Flow,82,648,691,2358,2358,2360
2361,TR197659,Die young,225600.0,4036.0,17.0,Slow Dark,82,648,691,2359,2359,2361
2362,TR462868,’Na sposa creatura,188906.0,4858.0,22.0,Slow Dark,82,655,694,2360,2360,2362
2363,TR247437,Le due storie,178000.0,4603.0,27.0,Melodic,82,659,243,2361,2361,2363
2364,TR497227,Back in the days,237666.0,4987.0,14.0,Slow Dark,82,642,683,2362,2362,2364
2365,TR345819,RH Positivo,162000.0,5170.0,24.0,Hype,82,659,712,2363,2363,2365
2366,TR492881,Quanto Darei,182306.0,4100.0,18.0,Slow Dark,82,645,688,2364,2364,2366
2367,TR356558,Tu vuò fà l’americano,173693.0,4258.0,23.0,Hype,82,660,701,2365,2365,2367
2368,TR413569,Sul p mmè stess,240413.0,5132.0,35.0,Clean,82,642,667,2366,2366,2368
2369,TR754008,Giovane disorientato 2,164573.0,4701.0,22.0,Fast-Flow,82,655,694,2367,2367,2369
2370,TR927894,Sul pe me stess pt. 2,132360.0,5474.0,12.0,Slow Dark,82,655,694,2368,2368,2370
2371,TR625086,Un beso de improviso,171194.0,5319.0,54.0,Fast-Flow,82,666,430,2369,2369,2371
2372,TR263459,Altri 100 anni,354200.0,5709.0,10.0,Hype,82,642,683,2370,2370,2372
2373,TR241959,Io ci sarò,221146.0,5402.0,17.0,Slow Dark,82,645,688,2371,2371,2373
2374,TR449511,Musica Italiana,183461.0,4873.0,55.0,Fast-Flow,82,667,73,2372,2372,2374
2375,TR393450,A’ vita senz’ e te (Me fa paura),142798.0,5360.0,41.0,Slow Dark,82,668,25,2373,2373,2375
2376,TR641189,CCHIÙ BENE ’E ME,153000.0,4564.0,59.0,Slow Dark,82,661,700,2374,2374,2376
2377,TR107054,Non parlarmi,253973.0,4627.0,14.0,Slow Dark,82,660,701,2375,2375,2377
2378,TR366953,Quante cose,196000.0,5594.0,26.0,Fast-Flow,82,659,243,2376,2376,2378
2379,TR324991,Atleti,170253.0,4908.0,17.0,Melodic,82,645,688,2377,2377,2379
2380,TR693299,Come hanno fatto tutti,216813.0,5612.0,12.0,Minimal,82,655,713,2378,2378,2380
2381,TR873021,Fatti non parole,245386.0,5662.0,13.0,Slow Dark,82,645,688,2379,2379,2381
2382,TR674129,Nu juorno buono - Sanremo version,197746.0,5733.0,16.0,Slow Dark,82,669,687,2380,2380,2382
2383,TR489426,"Ninna nanna, ninna oh",120306.0,5849.0,13.0,Fast-Flow,82,660,701,2381,2381,2383
2384,TR311325,Senza peccat’,194000.0,4875.0,21.0,Warm Bangers,82,659,243,2382,2382,2384
2385,TR820547,Girare il mondo,196293.0,4651.0,12.0,Warm Bangers,82,660,701,2383,2383,2385
2386,TR936760,Sfizio personale,233693.0,5180.0,15.0,Melodic,82,645,688,2384,2384,2386
2387,TR370680,Senza musica,293426.0,4757.0,10.0,Fast-Flow,82,655,691,2385,2385,2387
2388,TR728866,Solo quiero dedicarte,192000.0,5218.0,39.0,Fast-Flow,82,670,174,2386,2386,2388
2389,TR125665,Ultimo viaggio,183520.0,5427.0,19.0,Hype,82,645,688,2387,2387,2389
2390,TR798239,HipHopcrisia,175946.0,5391.0,13.0,Fast-Flow,82,660,701,2388,2388,2390
2391,TR685368,RH Staff,210360.0,4764.0,17.0,Hype,82,648,691,2389,2389,2391
2392,TR667173,SPERO CHE DIO NON ME LA PORTI VIA,181445.0,4345.0,46.0,Fast-Flow,82,661,700,2390,2390,2392
2393,TR685295,ARIA NOVA,86524.0,4873.0,42.0,Fast-Flow,82,661,700,2391,2391,2393
2394,TR809212,Rint ’a Merd,237666.0,4298.0,14.0,Hype,82,642,683,2392,2392,2394
2395,TR625175,SULO (TONIGHT),164124.0,5796.0,46.0,Warm Bangers,82,661,700,2393,2393,2395
2396,TR158341,New Life (Freestyle),227184.0,4704.0,41.0,Minimal,82,647,714,2394,2394,2396
2397,TR353662,DEMONE SANTO,143157.0,4321.0,44.0,Hype,82,661,700,2395,2395,2397
2398,TR827034,Pillola 2,210360.0,4063.0,17.0,Clean,82,648,634,2396,2396,2398
2399,TR669332,’A NOTTE,171136.0,5306.0,43.0,Warm Bangers,82,661,700,2397,2397,2399
2400,TR983470,BONAFORTUNA,167962.0,5289.0,48.0,Fast-Flow,82,661,700,2398,2398,2400
2401,TR255172,PRIMM’ DE 30,146379.0,4693.0,42.0,Warm Bangers,82,661,700,2399,2399,2401
2402,TR121106,One Take FM Free Mic,193170.0,4155.0,1.0,Melodic,82,671,715,2400,2400,2402
2403,TR495592,Caramelo,197727.0,4833.0,41.0,Fast-Flow,82,672,716,2401,2401,2403
2404,TR451888,Ciao Fibra,201653.0,4638.0,22.0,Minimal,64,673,717,2402,2402,2404
2405,TR404719,Lo Faccio Apposta,129211.0,5371.0,16.0,Slow Dark,64,674,92,2403,2403,2405
2406,TR218969,Dimmi Come Va,263014.0,5227.0,4.0,Minimal,64,675,718,2404,2404,2406
2407,TR559646,Che Farai,211653.0,18319.0,31.0,Slow Dark,65,676,285,2405,2405,2407
2408,TR939970,Parole,229560.0,12240.0,28.0,Slow Dark,65,676,719,2406,2406,2408
2409,TR929666,Centouno barre,303440.0,14367.0,16.0,Hype,65,677,720,2407,2407,2409
2410,TR638929,Apocalypse Yao,311464.0,6762.0,12.0,Fast-Flow,65,678,721,2408,2408,2410
2411,TR908529,M.I.S.T.A.M.A.N.,119906.0,7257.0,23.0,Minimal,65,679,722,2409,2409,2411
2412,TR416217,(x²+y²-1)³-x²y³=0,136240.0,5498.0,18.0,Fast-Flow,65,677,723,2410,2410,2412
2413,TR657342,IRR€V€R$IBIL€,103026.0,5495.0,25.0,Slow Dark,65,677,723,2411,2411,2413
2414,TR887276,Si salvi chi può,247760.0,4312.0,26.0,Slow Dark,65,677,724,2412,2412,2414
2415,TR897620,Indelebile,197466.0,5110.0,10.0,Slow Dark,65,678,725,2413,2413,2415
2416,TR357182,A100,211786.0,5947.0,21.0,Slow Dark,65,677,726,2414,2414,2416
2417,TR461758,Vite A Metà,290586.0,4783.0,16.0,Slow Dark,65,676,719,2415,2415,2417
2418,TR483459,100 Barre,276026.0,4091.0,19.0,Hype,65,679,722,2416,2416,2418
2419,TR405220,Noi,217291.0,4074.0,25.0,Fast-Flow,65,680,721,2417,2417,2419
2420,TR844214,Successo,196906.0,4791.0,11.0,Hype,65,677,726,2418,2418,2420
2421,TR233886,Chi Sei?,208613.0,4334.0,26.0,Slow Dark,65,679,722,2419,2419,2421
2422,TR713029,Se Solo Avessi...,272386.0,4059.0,22.0,Slow Dark,65,679,722,2420,2420,2422
2423,TR342353,Slow Mo,230440.0,5530.0,24.0,Slow Dark,65,676,719,2421,2421,2423
2424,TR909684,Se Se Se,218097.0,4932.0,31.0,Slow Dark,65,681,719,2422,2422,2424
2425,TR385017,So Che Ci Sei,185440.0,4593.0,14.0,Slow Dark,65,679,722,2423,2423,2425
2426,TR724468,Hiphopcrisia,267672.0,5819.0,8.0,Slow Dark,65,678,721,2424,2424,2426
2427,TR153713,Che C’è Di Vero?,324026.0,4246.0,11.0,Melodic,65,676,719,2425,2425,2427
2428,TR896844,Musica Vera,239546.0,5930.0,20.0,Slow Dark,65,676,719,2426,2426,2428
2429,TR113651,Lascia stare,229746.0,4643.0,12.0,Hype,65,677,723,2427,2427,2429
2430,TR973931,M.I.S.T.A. 2.0,113421.0,5794.0,5.0,Fast-Flow,65,678,721,2428,2428,2430
2431,TR515505,Non C’è Domani,214277.0,5222.0,10.0,Slow Dark,65,678,48,2429,2429,2431
2432,TR757723,Ti ammazzo,162053.0,5671.0,13.0,Fast-Flow,65,677,726,2430,2430,2432
2433,TR456655,Hey Ladies,183346.0,5985.0,12.0,Slow Dark,65,676,719,2431,2431,2433
2434,TR765073,Realtà aumentata,169420.0,4591.0,5.0,Slow Dark,65,678,721,2432,2432,2434
2435,TR238862,Se Non Ti Piaccio,214093.0,5941.0,5.0,Fast-Flow,65,678,721,2433,2433,2435
2436,TR853687,↑↑↓↓←→←→ B A SELECT START,224186.0,4794.0,8.0,Slow Dark,65,677,723,2434,2434,2436
2437,TR761814,Il Mondo Al Contrario,197266.0,4786.0,14.0,Slow Dark,65,682,727,2435,2435,2437
2438,TR681105,Con tutte le ragazze,112960.0,4694.0,9.0,Slow Dark,65,677,723,2436,2436,2438
2439,TR473631,In Fuoco,203011.0,5099.0,7.0,Hype,65,678,721,2437,2437,2439
2440,TR176784,Operazione Nostalgia,236079.0,4322.0,6.0,Hype,65,678,721,2438,2438,2440
2441,TR412121,Basta,200905.0,5124.0,6.0,Hype,65,678,721,2439,2439,2441
2442,TR795453,Mista McFly,167912.0,5099.0,7.0,Hype,65,678,721,2440,2440,2442
2443,TR577535,L’amore ai tempi del New Era,242946.0,5542.0,9.0,Hype,65,677,726,2441,2441,2443
2444,TR902031,Se parlassi con te,260200.0,5686.0,7.0,Hype,65,677,723,2442,2442,2444
2445,TR989133,Più che rap,220840.0,4898.0,8.0,Hype,65,677,726,2443,2443,2445
2446,TR618193,Mille Richiami,232160.0,4619.0,11.0,Hype,65,679,722,2444,2444,2446
2447,TR420349,La Mia Musica,234613.0,4532.0,15.0,Slow Dark,65,679,722,2445,2445,2447
2448,TR888990,Interrogatorio - N.O.A.H. Parte 4,176106.0,4401.0,6.0,Melodic,65,676,719,2446,2446,2448
2449,TR647184,Mai,185005.0,4126.0,16.0,Slow Dark,65,683,447,2447,2447,2449
2450,TR994891,I Got Soul,237386.0,4698.0,18.0,Melodic,65,676,719,2448,2448,2450
2451,TR393747,Lost in Translation,177333.0,4555.0,5.0,Slow Dark,65,678,721,2449,2449,2451
2452,TR735359,Real Classic Shit,230246.0,5953.0,12.0,Hype,65,682,728,2450,2450,2452
2453,TR316279,128 Barre,341057.0,5130.0,12.0,Hype,65,684,729,2451,2451,2453
2454,TR930294,Traccia uno,176788.0,4708.0,14.0,Slow Dark,65,685,730,2452,2452,2454
2455,TR451883,Quello Che Non Fai,254466.0,5178.0,8.0,Clean,65,679,722,2453,2453,2455
2456,TR245683,Lo Sai Chi Siamo,202626.0,4291.0,13.0,Melodic,65,676,719,2454,2454,2456
2457,TR626172,Io non so chi cazzo sei,105830.0,4899.0,10.0,Minimal,65,683,447,2455,2455,2457
2458,TR487546,Can’t Take This,232253.0,5268.0,6.0,Melodic,65,676,719,2456,2456,2458
2459,TR589803,Ora Che La Musica Non C’è,262338.0,4993.0,18.0,Hype,65,684,731,2457,2457,2459
2460,TR674667,Sempre In Piedi,262548.0,4817.0,12.0,Slow Dark,65,684,732,2458,2458,2460
2461,TR573940,Cazzo Stiamo A Farci,215253.0,6006.0,7.0,Melodic,65,676,719,2459,2459,2461
2462,TR326139,Il giorno in cui ci siamo svegliati,229440.0,5780.0,8.0,Hype,65,677,723,2460,2460,2462
2463,TR571183,Ghost Track,222640.0,5264.0,91.0,Melodic,65,686,540,2461,2461,2463
2464,TR448926,Codice rosso,176240.0,5155.0,9.0,Hype,65,677,723,2462,2462,2464
2465,TR106934,Escalation,261346.0,5258.0,8.0,Hype,65,679,722,2463,2463,2465
2466,TR396451,Luce Nell’Ombra,235722.0,4415.0,11.0,Hype,65,684,135,2464,2464,2466
2467,TR482300,Winter Sadness,204453.0,4803.0,7.0,Slow Dark,65,676,719,2465,2465,2467
2468,TR393765,Usciamo Dallo Studio - N.O.A.H. Part 1,101741.0,4090.0,6.0,Melodic,65,676,719,2466,2466,2468
2469,TR924604,Adesso Lo So RMX,212626.0,4966.0,5.0,Melodic,65,676,719,2467,2467,2469
2470,TR122082,Algorhythm and Blues,197782.0,5099.0,7.0,Minimal,65,683,447,2468,2468,2470
2471,TR651339,Cosa C’è Che Non Va?,208093.0,4468.0,8.0,Slow Dark,65,679,722,2469,2469,2471
2472,TR971470,Secondo a Nessuno,201449.0,5945.0,9.0,Hype,65,682,727,2470,2470,2472
2473,TR450922,Tu no,184426.0,5837.0,9.0,Hype,65,677,723,2471,2471,2473
2474,TR113475,La city corre,194243.0,5460.0,8.0,Fast-Flow,65,683,447,2472,2472,2474
2475,TR980497,Te-le-co-man-do,215373.0,5081.0,7.0,Hype,65,679,722,608,608,2475
2476,TR163591,Siamo Qui,223226.0,5758.0,5.0,Melodic,65,676,719,2473,2473,2476
2477,TR294787,Dio Denaro,121549.0,4273.0,5.0,Melodic,65,683,447,2474,2474,2477
2478,TR281122,Non Ci Butti Giù,156640.0,5598.0,9.0,Hype,65,679,722,2475,2475,2478
2479,TR888527,Vero,236580.0,4263.0,12.0,Slow Dark,65,682,727,2476,2476,2479
2480,TR901922,La Scatola Nera,78909.0,5605.0,5.0,Slow Dark,65,682,727,2477,2477,2480
2481,TR981030,100%,276026.0,4566.0,19.0,Hype,65,679,727,2478,2478,2481
2482,TR852704,Superfunkycrazyfuturisticpsycojoint,440350.0,5772.0,50.0,Slow Dark,65,687,722,2479,2479,2482
2483,TR293075,Intro ft. Dj Rockdrive,88906.0,5905.0,7.0,Hype,65,679,722,2480,2480,2483
2484,TR629034,"Mumble, No. 5",105250.0,4310.0,5.0,Minimal,65,683,447,2481,2481,2484
2485,TR530415,Fuga - N.O.A.H. Part 3,111413.0,4939.0,6.0,Melodic,65,676,719,2482,2482,2485
2486,TR696576,Torniamo Allo Studio - N.O.A.H. Part 2,36293.0,5979.0,6.0,Melodic,65,676,719,2483,2483,2486
2487,TR888249,Troppo e poco,228898.0,4982.0,4.0,Hype,65,682,727,2484,2484,2487
2488,TR700784,Colpi In Aria,327605.0,5745.0,58.0,Slow Dark,65,688,540,2485,2485,2488
2489,TR692683,Stagioni,218491.0,5194.0,6.0,Slow Dark,65,682,733,2486,2486,2489
2490,TR381756,Autotune,137505.0,4763.0,4.0,Minimal,65,683,447,2487,2487,2490
2491,TR992688,Mc,228745.0,4584.0,5.0,Melodic,65,682,727,2488,2488,2491
2492,TR720275,Intro,74765.0,4418.0,8.0,Hype,65,684,729,2489,2489,2492
2493,TR656065,Check 1 2,206915.0,5540.0,11.0,Hype,65,684,729,2490,2490,2493
2494,TR918231,La Terza Guerra Mondiale,222069.0,4788.0,5.0,Hype,65,682,727,2491,2491,2494
2495,TR774058,Io Non Capisco,195082.0,5037.0,8.0,Hype,65,684,729,2492,2492,2495
2496,TR777950,Devo Uscire Dal Loop,189309.0,4999.0,11.0,Hype,65,684,729,2493,2493,2496
2497,TR521864,667,138582.0,5168.0,8.0,Hype,65,684,729,2494,2494,2497
2498,TR852101,Non Importa,214802.0,5748.0,8.0,Fast-Flow,65,684,729,2495,2495,2498
2499,TR914703,M.I.S.T.A.,119906.0,5979.0,23.0,Fast-Flow,65,679,540,2496,2496,2499
2500,TR423976,La Città È Nostra,170383.0,4831.0,66.0,Slow Dark,65,689,540,2497,2497,2500
2501,TR388413,Stai Con Me,178555.0,5672.0,9.0,Warm Bangers,65,684,729,2498,2498,2501
2502,TR110355,Luciana,188212.0,5546.0,26.0,Minimal,65,690,540,2499,2499,2502
2503,TR280741,Si Sa,247760.0,5164.0,26.0,Slow Dark,65,677,540,2500,2500,2503
2504,TR120687,Nuova Era,188154.0,5928.0,7.0,Hype,65,684,729,2501,2501,2504
2505,TR100322,Arrivo Massivo,223226.0,4415.0,5.0,Hype,65,676,540,2502,2502,2505
2506,TR754624,Lo Faccio Marcio,176000.0,4232.0,78.0,Melodic,65,691,540,2503,2503,2506
2507,TR791890,Vorrei Pt. 2,141791.0,5726.0,2.0,Hype,65,692,367,2504,2504,2507
2508,TR701970,Ci Si Chiama,202849.0,4893.0,16.0,Clean,65,693,525,2505,2505,2508
2509,TR976307,The Banfator,202626.0,5708.0,13.0,Clean,65,676,540,2506,2506,2509
2510,TR169451,Butta Un Ciclo (Intro),166842.0,5802.0,2.0,Melodic,65,694,540,2507,2507,2510
2511,TR349647,Slow Mo (Intro),56453.0,4136.0,7.0,Minimal,65,676,719,2508,2508,2511
2512,TR183052,Non Mi Avrete Mai,232986.0,55353.0,45.0,Melodic,47,695,734,2509,2509,2512
2513,TR383266,WILDPIRATA,197000.0,42475.0,38.0,Slow Dark,47,696,735,2510,2510,2513
2514,TR410219,Bolo by Night RMX,219707.0,36684.0,16.0,Slow Dark,47,697,734,2511,2511,2514
2515,TR632992,VETERANO,233386.0,15731.0,27.0,Warm Bangers,47,696,735,2512,2512,2515
2516,TR226338,Basso Profilo,208000.0,15239.0,28.0,Fast-Flow,47,698,736,2513,2513,2516
2517,TR454904,‎Il mio paese se ne frega,224399.0,10232.0,34.0,Minimal,47,699,737,2514,2514,2517
2518,TR780519,Pagine Bianche,268346.0,8209.0,30.0,Melodic,47,695,734,2515,2515,2518
2519,TR125373,DUOMO,196500.0,8363.0,21.0,Warm Bangers,47,700,735,2516,2516,2519
2520,TR556717,Sentimento Reciproco,216399.0,8407.0,27.0,Minimal,47,699,737,2517,2517,2520
2521,TR188603,CAZZOMINOMINI,283768.0,8130.0,24.0,Melodic,47,701,738,2518,2518,2521
2522,TR636800,Ripartire da Zero,248089.0,6241.0,34.0,Melodic,47,698,734,2519,2519,2522
2523,TR304766,ISPIRAZIONE,216493.0,6505.0,27.0,Slow Dark,47,696,735,2520,2520,2523
2524,TR249299,UNDERGROUND,134120.0,6647.0,29.0,Melodic,47,696,735,2521,2521,2524
2525,TR505059,MEDIOEGO,188444.0,7090.0,28.0,Melodic,47,698,735,2522,2522,2525
2526,TR364099,MILANO BY NIGHT,219053.0,5725.0,36.0,Hype,47,702,739,2523,2523,2526
2527,TR270343,Preso Bene,181894.0,5422.0,31.0,Hype,47,698,736,2524,2524,2527
2528,TR560564,Nuova Leva,169453.0,7090.0,33.0,Melodic,47,695,734,2525,2525,2528
2529,TR330018,HYPE,125613.0,4360.0,16.0,Melodic,47,696,735,2526,2526,2529
2530,TR233503,MANI,226626.0,6498.0,22.0,Melodic,47,696,735,2527,2527,2530
2531,TR542367,NOMADE,196786.0,5750.0,15.0,Warm Bangers,47,696,509,2528,2528,2531
2532,TR119972,100 S,170382.0,5739.0,24.0,Slow Dark,47,700,740,2529,2529,2532
2533,TR113185,Baciami il culo (Polifemo diss),234000.0,4603.0,41.0,Minimal,47,703,741,2530,2530,2533
2534,TR718104,MUTI,195920.0,4039.0,12.0,Melodic,47,696,735,2531,2531,2534
2535,TR166536,FUCKOFF,130132.0,5491.0,15.0,Melodic,47,696,735,2532,2532,2535
2536,TR675222,SCHIAVI,202186.0,5683.0,16.0,Melodic,47,696,735,2533,2533,2536
2537,TR325631,I.N.O.K.I. (Out For The Glory),241626.0,5497.0,24.0,Melodic,47,695,734,2534,2534,2537
2538,TR103881,SILENZIO,184626.0,4297.0,17.0,Warm Bangers,47,696,735,2535,2535,2538
2539,TR861735,ONESTO,173555.0,5523.0,24.0,Melodic,47,700,735,2536,2536,2539
2540,TR779699,TREMA,199053.0,5552.0,11.0,Warm Bangers,47,696,13,2537,2537,2540
2541,TR693432,Ho Visto,282000.0,5334.0,32.0,Melodic,47,698,734,2538,2538,2541
2542,TR996426,Vecchio Quartiere,246000.0,5547.0,31.0,Warm Bangers,47,698,742,2539,2539,2542
2543,TR379006,We Going On,177354.0,5710.0,10.0,Slow Dark,47,704,736,2540,2540,2543
2544,TR389984,IMMORTALI,219512.0,5242.0,29.0,Melodic,47,698,735,2541,2541,2544
2545,TR126996,Rom Connection,321782.0,4190.0,23.0,Warm Bangers,47,697,345,2542,2542,2545
2546,TR569914,DUOMO RMX,168493.0,4987.0,18.0,Warm Bangers,47,696,743,2543,2543,2546
2547,TR469418,Quando qualcuno se ne va,151693.0,4168.0,17.0,Minimal,47,695,734,2544,2544,2547
2548,TR818473,Parola di Faliero,75933.0,4828.0,5.0,Fast-Flow,47,699,744,2545,2545,2548
2549,TR520274,Senti Lei,124644.0,4827.0,16.0,Melodic,47,705,745,2546,2546,2549
2550,TR420905,ONESTO RMX,202000.0,4143.0,3.0,Melodic,47,700,743,2547,2547,2550
2551,TR770576,Cash Dreamin’ RMX,232986.0,4712.0,45.0,Slow Dark,47,695,734,2548,2548,2551
2552,TR774641,STANCO,171880.0,4232.0,11.0,Melodic,47,696,735,2549,2549,2552
2553,TR644679,Nuovi Re (New Kingz Anthem),306480.0,5634.0,21.0,Melodic,47,695,734,2550,2550,2553
2554,TR865489,Soltanto Tu,206186.0,5914.0,20.0,Melodic,47,695,734,2551,2551,2554
2555,TR842542,It’s War,162052.0,4157.0,7.0,Melodic,47,704,736,2552,2552,2555
2556,TR482772,DETOX,220213.0,5926.0,25.0,Warm Bangers,47,702,739,2553,2553,2556
2557,TR564628,BANDIERA,135373.0,5059.0,9.0,Melodic,47,696,735,2554,2554,2557
2558,TR497042,Tutto Il Mondo,285094.0,4612.0,18.0,Warm Bangers,47,706,540,2555,2555,2558
2559,TR527773,L’Antidoto,276173.0,4167.0,14.0,Melodic,47,707,746,2556,2556,2559
2560,TR492196,Parla Chiaro,132237.0,5015.0,4.0,Minimal,47,697,747,2557,2557,2560
2561,TR617698,Lirico Alchimista,171549.0,5605.0,16.0,Hype,47,706,540,2558,2558,2561
2562,TR292783,Mezzo Metro di Cannone,326519.0,5430.0,12.0,Warm Bangers,47,706,540,2559,2559,2562
2563,TR888144,Freestyle (NewKingzTape),171502.0,4114.0,15.0,Melodic,47,697,748,2560,2560,2563
2564,TR557033,La Regina del Party,270746.0,4159.0,17.0,Melodic,47,695,734,2561,2561,2564
2565,TR948650,Giorno e notte (Original),180863.0,4822.0,76.0,Melodic,47,708,527,2562,2562,2565
2566,TR347932,Le Mucche Fanno Mùùù (Vaccagare),192600.0,4605.0,1.0,Fast-Flow,47,709,749,2563,2563,2566
2567,TR511439,È Un Gran Viaggio,194960.0,4478.0,20.0,Melodic,47,695,734,2564,2564,2567
2568,TR351570,COV Milano,159613.0,4575.0,9.0,Slow Dark,47,704,750,2565,2565,2568
2569,TR909283,Parli Parli,184666.0,5623.0,8.0,Warm Bangers,47,699,744,2566,2566,2569
2570,TR764513,EZÉRCITO,205373.0,5874.0,20.0,Melodic,47,702,739,2567,2567,2570
2571,TR901322,Con Orgoglio,285799.0,4825.0,10.0,Warm Bangers,47,699,751,2568,2568,2571
2572,TR833299,Ti Sei Mai Fatto di Rap RMX,256134.0,5830.0,5.0,Hype,47,710,736,2569,2569,2572
2573,TR664408,Cronache Di Resistenza,168000.0,4656.0,1.0,Melodic,47,711,364,2570,2570,2573
2574,TR928285,Med Connection,379666.0,4967.0,16.0,Warm Bangers,47,695,734,2571,2571,2574
2575,TR540503,Nel Ghetto,190055.0,4465.0,8.0,Melodic,47,704,736,2572,2572,2575
2576,TR214893,Polvere Di Strada,224000.0,5297.0,31.0,Warm Bangers,47,698,540,2573,2573,2576
2577,TR365643,Benvenuti,178050.0,5975.0,7.0,Melodic,47,704,736,2574,2574,2577
2578,TR814405,SPUNTABLU,191213.0,5220.0,24.0,Warm Bangers,47,702,739,2575,2575,2578
2579,TR498532,Bolo by Night RMX (NewKingzTape),219707.0,4730.0,16.0,Warm Bangers,47,697,748,2576,2576,2579
2580,TR434401,Majiko,239573.0,5311.0,64.0,Warm Bangers,47,712,751,2577,2577,2580
2581,TR486925,Io Vorrei,226371.0,4257.0,11.0,Melodic,47,705,745,2578,2578,2581
2582,TR162769,Perdersi,240799.0,5794.0,13.0,Warm Bangers,47,699,751,2579,2579,2582
2583,TR939303,Immagina,167821.0,5022.0,40.0,Slow Dark,47,713,748,2580,2580,2583
2584,TR454921,In Volo,224351.0,4913.0,13.0,Warm Bangers,47,706,540,2581,2581,2584
2585,TR957360,Il Sole Su Di Noi,211765.0,5186.0,8.0,Minimal,47,705,745,2582,2582,2585
2586,TR524477,Intro,90640.0,5264.0,15.0,Melodic,47,695,734,2583,2583,2586
2587,TR119304,STO STRONG,185611.0,4154.0,15.0,Warm Bangers,47,700,743,2584,2584,2587
2588,TR431736,La Pace È La Risposta,205724.0,5381.0,20.0,Fast-Flow,47,714,93,2585,2585,2588
2589,TR921983,SORELLE,247632.0,4497.0,22.0,Slow Dark,47,702,739,2586,2586,2589
2590,TR372011,IMMORTALI RMX,200514.0,5444.0,61.0,Melodic,47,715,743,2587,2587,2590
2591,TR194707,Since 95,193399.0,5663.0,14.0,Hype,47,706,540,2588,2588,2591
2592,TR456946,Coriandoli,180744.0,5624.0,9.0,Melodic,47,705,745,2589,2589,2592
2593,TR325554,4LIRE,215506.0,5119.0,18.0,Warm Bangers,47,702,739,2590,2590,2593
2594,TR431009,Street Requiem Rmx,233786.0,5056.0,39.0,Melodic,47,716,736,2591,2591,2594
2595,TR625144,CERCO (STILL BROKE),172307.0,4297.0,13.0,Slow Dark,47,700,743,2592,2592,2595
2596,TR398922,Ho Fatto Pratica,235798.0,5568.0,12.0,Warm Bangers,47,706,540,2593,2593,2596
2597,TR300770,House Party,226146.0,4557.0,19.0,Hype,47,695,734,2594,2594,2597
2598,TR182353,Se Mi Vedi,219826.0,5009.0,11.0,Warm Bangers,47,699,751,2595,2595,2598
2599,TR169263,07 Agosto 2005,86633.0,4581.0,8.0,Slow Dark,47,697,748,2596,2596,2599
2600,TR937793,Prendi Questo,247129.0,4281.0,5.0,Melodic,47,705,745,2597,2597,2600
2601,TR248349,Bolo by Night (NewKingz RMX),219707.0,5274.0,16.0,Warm Bangers,47,697,748,2598,2598,2601
2602,TR288478,Ogni Sera,222933.0,4120.0,13.0,Warm Bangers,47,699,751,2599,2599,2602
2603,TR318814,Calabria Bella Sto’,164211.0,5513.0,12.0,Melodic,47,697,748,2600,2600,2603
2604,TR596200,Ancora Vivo,168158.0,4649.0,6.0,Melodic,47,705,745,2601,2601,2604
2605,TR944903,Vieni Di Qua,248151.0,4013.0,6.0,Melodic,47,705,745,2602,2602,2605
2606,TR993950,Cielo Terso,286000.0,5038.0,7.0,Slow Dark,47,707,752,2603,2603,2606
2607,TR245367,Grandine,137694.0,4105.0,9.0,Warm Bangers,47,697,748,2604,2604,2607
2608,TR785490,Ogni Giorno,224351.0,4565.0,13.0,Melodic,47,706,535,2605,2605,2608
2609,TR276892,Fuori Dai Parametri,244399.0,5430.0,8.0,Warm Bangers,47,699,744,2606,2606,2609
2610,TR781460,A&F,232986.0,4137.0,45.0,Hype,47,695,739,2607,2607,2610
2611,TR394156,Free Pass,223799.0,5696.0,10.0,Hype,47,699,751,2608,2608,2611
2612,TR595249,Business Su Business,227810.0,4018.0,8.0,Warm Bangers,47,706,742,2609,2609,2612
2613,TR193950,Nuovi Re pt. 2,152574.0,4507.0,4.0,Warm Bangers,47,717,744,2610,2610,2613
2614,TR224020,Com’è La Vista,230504.0,5499.0,8.0,Hype,47,706,540,2611,2611,2614
2615,TR177719,La Verità,244482.0,4647.0,9.0,Warm Bangers,47,706,742,2612,2612,2615
2616,TR277249,Perle Ai Porci,284908.0,4217.0,10.0,Hype,47,697,748,2613,2613,2616
2617,TR765173,Freestyle,171502.0,4734.0,15.0,Slow Dark,47,697,364,2614,2614,2617
2618,TR652749,A Pancia Piena,184041.0,4554.0,5.0,Slow Dark,47,704,736,2615,2615,2618
2619,TR591971,Love Boat 2016,159056.0,5702.0,5.0,Hype,47,704,736,2616,2616,2619
2620,TR824944,"MALAVITA, Pt. 2 / HeadShot, Vol. 3",296264.0,4641.0,20.0,Hype,47,718,753,2617,2617,2620
2621,TR818353,Mai schiavo,316360.0,5595.0,10.0,Melodic,47,707,592,2618,2618,2621
2622,TR427068,Pole Pole,229320.0,5802.0,7.0,Warm Bangers,47,706,742,2619,2619,2622
2623,TR448421,Guerra Fra I Poveri,190443.0,4883.0,32.0,Minimal,47,719,527,2620,2620,2623
2624,TR251805,Aquì No Pasa Nada,192795.0,5835.0,4.0,Minimal,47,720,754,2621,2621,2624
2625,TR504503,Mi Sento Vivo,245373.0,4768.0,7.0,Melodic,47,707,752,2622,2622,2625
2626,TR718090,VEROVIRUS,166859.0,5944.0,42.0,Hype,47,721,263,2623,2623,2626
2627,TR747981,Intro (NewKingzTape),150418.0,4191.0,7.0,Slow Dark,47,697,748,2624,2624,2627
2628,TR898853,Freestyle ft. Bassi Maestro (NewKingzTape),110434.0,5390.0,9.0,Melodic,47,697,748,200,200,2628
2629,TR558083,Sete Di Rivolta,206066.0,5002.0,8.0,Hype,47,699,744,2625,2625,2629
2630,TR280635,Va Sconfitto,339760.0,4790.0,4.0,Melodic,47,707,752,2626,2626,2630
2631,TR769443,Giorno E Notte,39682.0,5280.0,26.0,Melodic,47,697,367,2627,2627,2631
2632,TR720449,È un Gran Viaggio RMX,210187.0,5423.0,9.0,Melodic,47,697,748,2628,2628,2632
2633,TR488409,Cambiamento,210279.0,4020.0,3.0,Minimal,47,704,736,2629,2629,2633
2634,TR231328,Freestyle (5° Dan),94807.0,4346.0,8.0,Warm Bangers,47,706,742,2630,2630,2634
2635,TR138164,Leggenda da Bar,184615.0,5441.0,17.0,Melodic,47,722,139,2631,2631,2635
2636,TR545783,Il Tempo,234000.0,5349.0,41.0,Warm Bangers,47,703,748,2632,2632,2636
2637,TR436692,Siamo Uno,309840.0,5949.0,3.0,Melodic,47,707,755,2633,2633,2637
2638,TR917291,Freestyle 17.06.2004,175101.0,5538.0,7.0,Hype,47,697,748,2634,2634,2638
2639,TR587882,Per Un Bis,177679.0,5920.0,11.0,Hype,47,697,748,2635,2635,2639
2640,TR224447,Le Tue Bugie,220720.0,5422.0,3.0,Slow Dark,47,707,756,2636,2636,2640
2641,TR557733,Freestyle (Demolizione Pt.1),206309.0,4611.0,13.0,Slow Dark,47,706,527,2637,2637,2641
2642,TR582411,Outro,120120.0,4223.0,12.0,Minimal,47,695,734,2638,2638,2642
2643,TR742846,Barona by Night (Red Bull Culture Clash dubplate),603984.0,5580.0,31.0,Slow Dark,47,723,411,2639,2639,2643
2644,TR852974,Il Mio Paese Se Ne Frega 2025,235666.0,5303.0,32.0,Minimal,47,698,75,2640,2640,2644
2645,TR967853,Anni Fa,280125.0,4109.0,4.0,Minimal,47,705,745,2641,2641,2645
2646,TR614751,Lo Facciamo Così,216433.0,4735.0,8.0,Slow Dark,47,697,748,2642,2642,2646
2647,TR443940,Battaglia Quotidiana,184615.0,5931.0,17.0,Slow Dark,47,722,368,2643,2643,2647
2648,TR817208,Io non T.V.B.,226906.0,5015.0,82.0,Melodic,47,708,745,2644,2644,2648
2649,TR453932,Suona Forte,116122.0,4879.0,7.0,Minimal,47,705,745,2645,2645,2649
2650,TR326275,Ve Famo Sta’ Zitti,246480.0,4932.0,10.0,Clean,47,724,748,2646,2646,2650
2651,TR261539,Gioventù Bruciata,197760.0,4432.0,47.0,Hype,47,725,530,2647,2647,2651
2652,TR422083,Il Mazz,180626.0,4751.0,13.0,Slow Dark,47,726,748,2648,2648,2652
2653,TR364379,Non Passa Giorno,177679.0,4754.0,11.0,Minimal,47,697,745,2649,2649,2653
2654,TR281444,Neurodeliri,176470.0,4116.0,10.0,Melodic,47,727,745,2650,2650,2654
2655,TR260357,ATTIMO DI VERITÀ,168240.0,5550.0,75.0,Warm Bangers,47,728,757,2651,2651,2655
2656,TR332272,Worldwide,170155.0,4846.0,4.0,Melodic,47,705,745,2652,2652,2656
2657,TR711913,Bolo Stand Up,54311.0,5659.0,5.0,Slow Dark,47,697,748,2653,2653,2657
2658,TR761195,Una Via,227369.0,5720.0,4.0,Hype,47,707,752,2654,2654,2658
2659,TR837817,Troppo Vero,132237.0,4438.0,4.0,Hype,47,697,748,2655,2655,2659
2660,TR741248,Cosa Ci Aspetta,225080.0,5331.0,2.0,Slow Dark,47,707,746,2656,2656,2660
2661,TR500954,Vogliono Farci del Male,129149.0,4960.0,3.0,Hype,47,697,748,2657,2657,2661
2662,TR971741,Casa Dolce Casa,254946.0,5778.0,3.0,Melodic,47,707,752,2658,2658,2662
2663,TR895787,Demolizione,141200.0,4444.0,7.0,Slow Dark,47,729,535,2659,2659,2663
2664,TR152637,Karatecnics,182973.0,5372.0,4.0,Hype,47,697,748,2660,2660,2664
2665,TR346332,Piatto Prelibato,57190.0,5230.0,3.0,Melodic,47,705,745,2661,2661,2665
2666,TR403619,MERCENARI,232000.0,4603.0,55.0,Melodic,47,730,757,2662,2662,2666
2667,TR342370,CONTINUO (RMX),110434.0,4285.0,9.0,Slow Dark,47,697,757,2663,2663,2667
2668,TR484906,Vecchio Quartiere 2025,246000.0,5318.0,31.0,Melodic,47,698,700,2664,2664,2668
2669,TR595069,CONTINUO (CLASSIC),110434.0,5491.0,9.0,Melodic,47,697,757,2665,2665,2669
2670,TR950275,Cerchi Noi,342424.0,4646.0,9.0,Hype,47,697,748,2666,2666,2670
2671,TR206410,ROSSO,255840.0,5303.0,31.0,Warm Bangers,47,731,757,2667,2667,2671
2672,TR128736,Nobiltà Di Strada (Intro),55826.0,4803.0,6.0,Slow Dark,47,699,751,2668,2668,2672
2673,TR290825,Mama Africa,96339.0,5441.0,4.0,Slow Dark,47,697,748,2669,2669,2673
2674,TR977539,Mandaci In Classifica,226673.0,4412.0,4.0,Hype,47,697,748,2670,2670,2674
2675,TR982484,Polvere Di Strada 2025,224000.0,5797.0,31.0,Melodic,47,698,16,2671,2671,2675
2676,TR507057,Effe,42352.0,4587.0,19.0,Melodic,47,732,758,2672,2672,2676
2677,TR929544,Ripartire Da Zero 2025,248089.0,4748.0,34.0,Melodic,47,698,16,2673,2673,2677
2678,TR231932,Immortali 2025,219512.0,4128.0,29.0,Minimal,47,698,16,2674,2674,2678
2679,TR580853,Preso Bene 2025,181894.0,4235.0,31.0,Minimal,47,698,16,2675,2675,2679
2680,TR190959,Cosa Sta Succedendo A Inoki?,32438.0,5045.0,3.0,Melodic,47,697,748,2676,2676,2680
2681,TR591293,Medioego 2025,188444.0,4547.0,28.0,Melodic,47,698,16,2677,2677,2681
2682,TR503441,Ho Visto 2025,282000.0,5687.0,32.0,Minimal,47,698,16,2678,2678,2682
2683,TR552211,Basso Profilo 2025,208000.0,4041.0,28.0,Melodic,47,698,16,2679,2679,2683
2684,TR779722,Rap Game,190819.0,5556.0,5.0,Melodic,32,733,759,2680,2680,2684
2685,TR122045,Non Sai Un Cazzo,182245.0,4688.0,76.0,Melodic,32,734,760,2681,2681,2685
2686,TR168014,Shallallà,192923.0,4050.0,3.0,Fast-Flow,32,733,128,2682,2682,2686
2687,TR489662,Intimo,145465.0,4260.0,1.0,Minimal,32,733,30,2683,2683,2687
2688,TR867921,Brutta E Brutale,145465.0,4840.0,1.0,Minimal,32,733,761,2684,2684,2688
2689,TR427782,Reality,143701.0,5001.0,48.0,Minimal,32,735,761,2685,2685,2689
2690,TR443655,Aggressiva,181333.0,4823.0,8.0,Warm Bangers,32,733,762,2686,2686,2690
2691,TR392289,La Stronza & Il Fallito,145465.0,5076.0,1.0,Melodic,32,733,761,2687,2687,2691
2692,TR285284,Daddy Come Puff,167235.0,5203.0,3.0,Melodic,32,733,762,2688,2688,2692
2693,TR293661,Disstacco,145465.0,4031.0,1.0,Minimal,32,733,761,2689,2689,2693
2694,TR639014,Anestetizzante,190819.0,4941.0,5.0,Melodic,32,733,761,2690,2690,2694
2695,TR924722,Trés Chic,195200.0,5941.0,2.0,Warm Bangers,32,733,762,2691,2691,2695
2696,TR688225,L’Amore non è un Hobby,177600.0,5053.0,1.0,Hype,32,736,51,2692,2692,2696
2697,TR941836,Ramm’ Semp’ ’N Faccia,282790.0,5369.0,15.0,Fast-Flow,76,737,763,2693,2693,2697
2698,TR865167,Giuanne Palestina,306960.0,4637.0,14.0,Minimal,76,738,764,2694,2694,2698
2699,TR463505,El Party,211417.0,113512.0,63.0,Fast-Flow,50,739,765,2695,2695,2699
2700,TR385845,Amore tossico,191706.0,82245.0,39.0,Fast-Flow,50,740,766,2696,2696,2700
2701,TR306216,Serpi,185586.0,35822.0,57.0,Slow Dark,50,741,367,2697,2697,2701
2702,TR908019,M.S.O.M.,172592.0,29906.0,57.0,Slow Dark,50,742,218,2698,2698,2702
2703,TR394661,Ali E Radici,317492.0,20839.0,34.0,Fast-Flow,50,743,767,2699,2699,2703
2704,TR781601,Gli Anni D’Oro,201328.0,19282.0,49.0,Fast-Flow,50,744,768,2700,2700,2704
2705,TR599799,I soldi e la droga,201875.0,23162.0,54.0,Fast-Flow,50,745,313,2701,2701,2705
2706,TR205294,Viagra,142582.0,23034.0,60.0,Warm Bangers,50,742,295,2702,2702,2706
2707,TR470088,L’amore e la violenza,246000.0,16702.0,46.0,Warm Bangers,50,745,104,2703,2703,2707
2708,TR636815,Ho Trovato Te,258200.0,17189.0,32.0,Fast-Flow,50,743,769,2704,2704,2708
2709,TR861477,64 no brand,189628.0,13379.0,51.0,Warm Bangers,50,742,770,2705,2705,2709
2710,TR332128,Esercizio Di Stile,219683.0,13970.0,34.0,Melodic,50,744,771,2706,2706,2710
2711,TR414415,El Chapo,251801.0,16368.0,37.0,Warm Bangers,50,743,772,2707,2707,2711
2712,TR138806,Bandita,204516.0,14359.0,50.0,Slow Dark,50,746,773,2708,2708,2712
2713,TR909588,Danza della pioggia,193953.0,12001.0,47.0,Slow Dark,50,742,295,2709,2709,2713
2714,TR844270,Diego Armando,152333.0,11751.0,49.0,Slow Dark,50,742,295,2710,2710,2714
2715,TR567215,Testa O Croce,277821.0,9459.0,31.0,Fast-Flow,50,743,774,2711,2711,2715
2716,TR641915,Money on my mind,172592.0,10841.0,57.0,Slow Dark,50,742,295,2712,2712,2716
2717,TR832877,Non So Dire No,213629.0,12475.0,40.0,Fast-Flow,50,743,769,2713,2713,2717
2718,TR166825,L’ultimo giorno del mondo,151546.0,14004.0,51.0,Slow Dark,50,742,295,2714,2714,2718
2719,TR871925,Cocco24,177272.0,13055.0,52.0,Warm Bangers,50,742,295,2715,2715,2719
2720,TR502899,Inno Nazionale,205958.0,8967.0,32.0,Hype,50,744,771,2716,2716,2720
2721,TR560031,Ambition,199390.0,12688.0,50.0,Slow Dark,50,742,295,2717,2717,2721
2722,TR192351,Musica Commerciale,163517.0,11900.0,39.0,Fast-Flow,50,744,771,1947,1947,2722
2723,TR211418,Mandami Fuori,280369.0,11271.0,29.0,Warm Bangers,50,743,769,2718,2718,2723
2724,TR993322,Back Like Cooked Crack,127674.0,9740.0,50.0,Slow Dark,50,742,295,2719,2719,2724
2725,TR747523,La cosa giusta,166859.0,9133.0,42.0,Warm Bangers,50,745,313,2720,2720,2725
2726,TR227116,Generazioni,164127.0,8410.0,51.0,Slow Dark,50,742,295,2721,2721,2726
2727,TR792870,Con uno sguardo,151333.0,7319.0,53.0,Slow Dark,50,742,295,2722,2722,2727
2728,TR930570,Milano Bloody Money,147272.0,7823.0,47.0,Melodic,50,742,295,2723,2723,2728
2729,TR951520,Yeah,130593.0,7358.0,36.0,Warm Bangers,50,745,313,2724,2724,2729
2730,TR493403,Qualcuno,233163.0,7823.0,33.0,Fast-Flow,50,743,769,2725,2725,2730
2731,TR971092,Indiani e cowboy,194104.0,8641.0,36.0,Melodic,50,745,313,2726,2726,2731
2732,TR422785,Cucchiaino,159093.0,6952.0,49.0,Warm Bangers,50,742,295,2727,2727,2732
2733,TR107583,Senza niente da dire,190930.0,5541.0,33.0,Fast-Flow,50,745,313,2728,2728,2733
2734,TR924898,Caramelle da uno sconosciuto,143892.0,7838.0,32.0,Hype,50,745,313,2729,2729,2734
2735,TR331751,Me Gusta,194074.0,7705.0,40.0,Warm Bangers,50,743,769,2730,2730,2735
2736,TR560054,Trips!,149800.0,7210.0,31.0,Warm Bangers,50,745,313,2731,2731,2736
2737,TR792749,20 Primavere,77554.0,7688.0,29.0,Melodic,50,745,313,2732,2732,2737
2738,TR529046,Ninna Nanna,328147.0,6482.0,23.0,Warm Bangers,50,744,775,2733,2733,2738
2739,TR284568,Fino A Sanguinare,206207.0,7402.0,28.0,Slow Dark,50,744,771,2734,2734,2739
2740,TR719708,Jumpman,195958.0,5112.0,32.0,Warm Bangers,50,745,313,2735,2735,2740
2741,TR165899,Se Avessi Un Cuore,196286.0,5659.0,31.0,Fast-Flow,50,744,771,2736,2736,2741
2742,TR896289,Vivo O Morto,223325.0,5316.0,29.0,Hype,50,744,771,2737,2737,2742
2743,TR107295,Più Forte,202142.0,5238.0,40.0,Hype,50,747,771,2738,2738,2743
2744,TR460079,Un altro weekend,201666.0,4618.0,33.0,Slow Dark,50,745,313,2739,2739,2744
2745,TR580218,MMMH,205636.0,5550.0,27.0,Slow Dark,50,748,365,2740,2740,2745
2746,TR491816,Brutte Abitudini,220212.0,5580.0,29.0,Hype,50,744,771,2741,2741,2746
2747,TR839157,Andiamo al mare,140166.0,5170.0,43.0,Slow Dark,50,742,295,2742,2742,2747
2748,TR982684,Proprio come lei,248147.0,4308.0,28.0,Hype,50,744,776,2743,2743,2748
2749,TR331328,Fuori Da Qui,197482.0,5639.0,29.0,Slow Dark,50,743,777,2744,2744,2749
2750,TR697800,Bla Bla Bla,238759.0,5288.0,26.0,Fast-Flow,50,744,771,2745,2745,2750
2751,TR578635,6 del mattino,178124.0,4789.0,47.0,Fast-Flow,50,749,778,2746,2746,2751
2752,TR661180,Reality,227168.0,5365.0,22.0,Warm Bangers,50,743,769,2747,2747,2752
2753,TR659920,Non sentiamoci più,252963.0,4533.0,31.0,Slow Dark,50,750,779,2748,2748,2753
2754,TR348740,Come un serpente,222983.0,4703.0,20.0,Warm Bangers,50,744,771,2749,2749,2754
2755,TR729753,Zombie,178774.0,5851.0,23.0,Warm Bangers,50,743,769,2750,2750,2755
2756,TR462551,La Vita È Così,211645.0,4596.0,22.0,Hype,50,743,769,2751,2751,2756
2757,TR240808,Teddy Boy,234557.0,4954.0,23.0,Warm Bangers,50,744,771,2752,2752,2757
2758,TR579261,Notte In Città,212910.0,5797.0,23.0,Slow Dark,50,743,769,2753,2753,2758
2759,TR692101,Bella Vita (Falla Finita),258934.0,5433.0,27.0,Hype,50,744,771,2754,2754,2759
2760,TR953514,Bello,209375.0,4138.0,22.0,Hype,50,743,769,2755,2755,2760
2761,TR585084,Plaza Music,239186.0,4307.0,9.0,Melodic,50,751,364,2756,2756,2761
2762,TR227599,Non Affondiamo Mai,185586.0,4028.0,57.0,Fast-Flow,50,741,771,2757,2757,2762
2763,TR667515,Il Suono Dei Nemici,230160.0,5277.0,32.0,Melodic,50,752,364,2758,2758,2763
2764,TR426786,Girls,185586.0,4912.0,57.0,Hype,50,741,579,2759,2759,2764
2765,TR460611,Problemi Nella Testa,222040.0,4282.0,1.0,Fast-Flow,50,753,579,2760,2760,2765
2766,TR692488,Vida Loca Pt2,194322.0,5933.0,41.0,Minimal,50,754,364,2761,2761,2766
2767,TR450142,La lingua,197866.0,5074.0,19.0,Hype,50,755,771,2762,2762,2767
2768,TR400694,Stop That Train,331054.0,4497.0,19.0,Slow Dark,50,756,367,2763,2763,2768
2769,TR512388,Gli Anni D’Oro (Orchestral Version),194322.0,5017.0,41.0,Minimal,50,754,780,2764,2764,2769
2770,TR309855,Metempsicosi,158571.0,5785.0,9.0,Warm Bangers,25,757,781,2765,2765,2770
2771,TR176514,Que Pasa,212727.0,4163.0,4.0,Warm Bangers,25,758,586,2766,2766,2771
2772,TR598033,Tokyo,366239.0,4560.0,2.0,Warm Bangers,25,757,781,2767,2767,2772
2773,TR351439,Orologi,170599.0,5629.0,10.0,Minimal,25,759,782,2768,2768,2773
2774,TR264261,Sulle Nuvole,142334.0,4934.0,8.0,Fast-Flow,25,760,508,2769,2769,2774
2775,TR203806,Karma,135976.0,5108.0,1.0,Melodic,25,757,781,2770,2770,2775
2776,TR739275,La Mia Parte Migliore,208119.0,4880.0,3.0,Slow Dark,25,761,783,2771,2771,2776
2777,TR826415,187,113626.0,4097.0,1.0,Warm Bangers,25,762,784,2772,2772,2777
2778,TR142881,Via Da Qui,175833.0,4344.0,1.0,Slow Dark,25,757,781,2773,2773,2778
2779,TR306828,Molly,180556.0,4904.0,9.0,Melodic,25,763,517,2774,2774,2779
2780,TR656528,Green Kiss,164852.0,4431.0,2.0,Melodic,25,761,783,2775,2775,2780
2781,TR679586,Sempre,213670.0,4113.0,1.0,Hype,25,761,783,2776,2776,2781
2782,TR125521,Parole,156888.0,5700.0,22.0,Warm Bangers,25,764,785,2777,2777,2782
2783,TR540283,Grand Notorious,208923.0,5976.0,1.0,Warm Bangers,25,765,348,2778,2778,2783
2784,TR920364,Pretesti,181153.0,5605.0,1.0,Melodic,25,761,783,2779,2779,2784
2785,TR702642,SFTS,144288.0,5724.0,1.0,Warm Bangers,25,761,783,2780,2780,2785
2786,TR265497,Parole Per Dirti,219683.0,4498.0,1.0,Hype,25,761,783,2781,2781,2786
2787,TR464791,Guardami Negli Occhi,153865.0,5937.0,4.0,Slow Dark,25,766,786,2782,2782,2787
2788,TR798946,I Got Love,203351.0,4407.0,1.0,Fast-Flow,25,761,783,2783,2783,2788
2789,TR920831,Fly Girl Dope,183077.0,5920.0,1.0,Slow Dark,25,761,783,2784,2784,2789
2790,TR663421,New Generation,201914.0,6007.0,1.0,Hype,25,761,783,2785,2785,2790
2791,TR749759,Medusa,195268.0,5437.0,2.0,Warm Bangers,25,766,786,2786,2786,2791
2792,TR809354,Trust Nobody,154981.0,5978.0,3.0,Slow Dark,25,766,786,2787,2787,2792
2793,TR111451,S#it,230280.0,5155.0,1.0,Hype,25,767,783,2788,2788,2793
2794,TR519117,No Love,157199.0,4532.0,1.0,Slow Dark,25,766,786,2789,2789,2794
2795,TR355490,Oh my doll,158571.0,4888.0,9.0,Slow Dark,25,757,108,2790,2790,2795
2796,TR334044,100 Giga,145000.0,5199.0,6.0,Warm Bangers,25,768,420,2791,2791,2796
2797,TR131697,Opaca,150361.0,4157.0,28.0,Warm Bangers,25,769,277,2792,2792,2797
2798,TR109608,G,152195.0,5259.0,39.0,Fast-Flow,25,770,92,2793,2793,2798
2799,TR138599,Nena,153251.0,39776.0,55.0,Fast-Flow,103,771,787,2794,2794,2799
2800,TR645311,Barrio,197742.0,23874.0,50.0,Minimal,103,772,788,2795,2795,2800
2801,TR832589,Love Is Not Hard to Find,147967.0,11542.0,45.0,Fast-Flow,103,773,279,2796,2796,2801
2802,TR133830,Mascarade,155549.0,10624.0,42.0,Minimal,103,774,789,2797,2797,2802
2803,TR835413,KI-KI,141335.0,7545.0,48.0,Melodic,103,775,790,2798,2798,2803
2804,TR857686,Se Acabó,186216.0,5936.0,33.0,Warm Bangers,103,776,551,2799,2799,2804
2805,TR733391,You,213502.0,5055.0,40.0,Melodic,103,777,791,2800,2800,2805
2806,TR315204,Instinto,228586.0,5970.0,41.0,Warm Bangers,103,778,792,2801,2801,2806
2807,TR577214,Herrera,157268.0,5530.0,42.0,Minimal,103,779,793,2802,2802,2807
2808,TR551232,El Diablo,169523.0,4334.0,40.0,Minimal,103,780,524,2803,2803,2808
2809,TR837813,Ya,175029.0,4967.0,35.0,Slow Dark,103,781,47,2804,2804,2809
2810,TR316192,La Puerta,214789.0,5451.0,31.0,Fast-Flow,103,782,21,2805,2805,2810
2811,TR490797,Clessidra,162680.0,10063.0,22.0,Minimal,52,783,794,2806,2806,2811
2812,TR963289,Retrogame (Zisa 3:00),216426.0,10917.0,28.0,Melodic,52,783,795,2807,2807,2812
2813,TR272593,24H,316520.0,9954.0,23.0,Melodic,52,783,795,2808,2808,2813
2814,TR621222,"La pioggia, gli applausi",245826.0,7924.0,25.0,Minimal,52,783,392,2809,2809,2814
2815,TR886666,L’amore causa,260866.0,7733.0,22.0,Melodic,52,783,795,2810,2810,2815
2816,TR876043,O.L.G.A.,268626.0,7051.0,18.0,Melodic,52,783,795,2811,2811,2816
2817,TR985363,Slot1,236520.0,5434.0,21.0,Slow Dark,52,783,795,2812,2812,2817
2818,TR754294,Passione,232000.0,4035.0,21.0,Slow Dark,52,783,795,2813,2813,2818
2819,TR865985,Storie,224506.0,4028.0,16.0,Minimal,52,783,796,2814,2814,2819
2820,TR756531,64 Bars,138064.0,4725.0,24.0,Warm Bangers,52,784,797,2815,2815,2820
2821,TR855184,Anestetico,228706.0,5869.0,31.0,Slow Dark,52,785,798,2816,2816,2821
2822,TR451011,Tempi d’oro,205080.0,4468.0,21.0,Melodic,52,783,795,2817,2817,2822
2823,TR926707,5 Agosto,129880.0,5284.0,27.0,Slow Dark,52,785,798,2818,2818,2823
2824,TR250222,Odio/Amo,254613.0,4455.0,26.0,Melodic,52,785,798,2819,2819,2824
2825,TR999337,Prime,130373.0,4656.0,27.0,Melodic,52,785,798,2820,2820,2825
2826,TR369933,Ultimo tiro,144680.0,5710.0,23.0,Minimal,52,785,387,2821,2821,2826
2827,TR712311,Memory Interlude,102613.0,5471.0,15.0,Slow Dark,52,783,795,2822,2822,2827
2828,TR113113,Fantastica illusione,213031.0,4204.0,18.0,Fast-Flow,52,786,799,2823,2823,2828
2829,TR856634,Mare d’inverno,212893.0,4871.0,25.0,Slow Dark,52,785,798,2824,2824,2829
2830,TR528222,Fammi il prezzo (Bonus),177240.0,4068.0,17.0,Melodic,52,783,795,2825,2825,2830
2831,TR151801,Hakeem,200506.0,4974.0,25.0,Melodic,52,785,798,2826,2826,2831
2832,TR418905,Fan,213031.0,5338.0,18.0,Warm Bangers,52,786,795,2827,2827,2832
2833,TR501095,Che dici ah?!,216426.0,4249.0,28.0,Fast-Flow,52,783,800,2828,2828,2833
2834,TR427275,Colpe,163440.0,4590.0,23.0,Slow Dark,52,785,798,2829,2829,2834
2835,TR105403,A8,248160.0,4810.0,22.0,Slow Dark,52,785,798,2830,2830,2835
2836,TR528961,Conversazioni,228053.0,5855.0,20.0,Melodic,52,785,798,2831,2831,2836
2837,TR252754,1/2,132382.0,6003.0,19.0,Melodic,52,787,801,2832,2832,2837
2838,TR603875,Via da qua,195720.0,4101.0,21.0,Slow Dark,52,785,798,2833,2833,2838
2839,TR498405,Freddo,176360.0,5537.0,23.0,Slow Dark,52,785,798,2834,2834,2839
2840,TR281742,Dovrei,145840.0,4756.0,27.0,Slow Dark,52,785,798,2835,2835,2840
2841,TR540591,Fuori Piove,206982.0,4799.0,13.0,Fast-Flow,52,786,799,2836,2836,2841
2842,TR871375,L’ultimo liricista,190148.0,5526.0,20.0,Slow Dark,52,786,799,2837,2837,2842
2843,TR665670,Jeff,258092.0,5853.0,20.0,Minimal,52,785,798,2838,2838,2843
2844,TR630832,Titoli,172733.0,5916.0,21.0,Warm Bangers,52,785,798,2839,2839,2844
2845,TR677792,Dreams,258298.0,5170.0,20.0,Slow Dark,52,786,799,2840,2840,2845
2846,TR816838,Orgoglio,227191.0,4729.0,14.0,Slow Dark,52,787,801,2841,2841,2846
2847,TR931334,Non è un movie,214346.0,5589.0,20.0,Melodic,52,785,798,2842,2842,2847
2848,TR808361,Orgoglio Pt.3,227191.0,4515.0,14.0,Slow Dark,52,787,801,2843,2843,2848
2849,TR370536,Bars #2 (Outdoor),216000.0,5142.0,10.0,Minimal,52,787,468,2844,2844,2849
2850,TR947835,73/Indoor,385562.0,4732.0,8.0,Slow Dark,52,786,592,2845,2845,2850
2851,TR384445,Bars #3 (Home),651568.0,5329.0,25.0,Minimal,52,788,802,2846,2846,2851
2852,TR275557,Chi Sei Per Giudicarmi,248778.0,4496.0,12.0,Melodic,52,786,592,2847,2847,2852
2853,TR760065,Cosa c’è,198876.0,4397.0,10.0,Melodic,52,787,801,2848,2848,2853
2854,TR984145,Beat & Flow,203337.0,5855.0,10.0,Fast-Flow,52,786,799,2849,2849,2854
2855,TR923118,Bars #1 (Indoor),132382.0,4215.0,19.0,Minimal,52,787,803,2850,2850,2855
2856,TR316439,Impazzisco/Killer Negli Speakers,256500.0,5027.0,8.0,Melodic,52,786,799,2851,2851,2856
2857,TR794418,Popolazione,239760.0,4455.0,19.0,Melodic,52,789,804,2852,2852,2857
2858,TR243817,Tutte le volte,209943.0,4090.0,9.0,Fast-Flow,52,786,799,2853,2853,2858
2859,TR743448,Angelo In Terra,186293.0,4085.0,15.0,Melodic,52,786,592,261,261,2859
2860,TR771129,Qualcuno Qua,199227.0,4362.0,8.0,Fast-Flow,52,786,592,2854,2854,2860
2861,TR117592,Everyday,262354.0,5751.0,7.0,Slow Dark,52,787,801,2855,2855,2861
2862,TR965738,Io No,138054.0,4579.0,8.0,Hype,52,786,799,2856,2856,2862
2863,TR399230,Inchiostro nero,255466.0,5918.0,13.0,Slow Dark,52,787,801,2857,2857,2863
2864,TR213881,Senza gravità,214500.0,5179.0,10.0,Slow Dark,52,787,801,2858,2858,2864
2865,TR631201,Boom,165418.0,4886.0,9.0,Warm Bangers,52,786,799,2859,2859,2865
2866,TR961239,Voci,208421.0,5175.0,11.0,Fast-Flow,52,787,801,2860,2860,2866
2867,TR791364,Nella mia città,202134.0,5049.0,9.0,Hype,52,787,801,2861,2861,2867
2868,TR732317,Ancora (I still pt.2),226500.0,5535.0,6.0,Slow Dark,52,787,537,2862,2862,2868
2869,TR736033,Tutto apposto,179500.0,4579.0,6.0,Melodic,52,787,801,2863,2863,2869
2870,TR131553,Michael Joint,216000.0,4720.0,10.0,Melodic,52,787,801,2864,2864,2870
2871,TR965898,Loro dicono,232000.0,5806.0,6.0,Hype,52,787,801,2865,2865,2871
2872,TR171773,Siamo,201647.0,5909.0,5.0,Hype,52,787,805,2866,2866,2872
2873,TR518875,Questo sono io,270000.0,5802.0,6.0,Minimal,52,787,801,2867,2867,2873
2874,TR877733,Killer Negli Speakers,229482.0,4854.0,4.0,Melodic,52,786,592,2868,2868,2874
2875,TR727632,Non È,214346.0,5578.0,20.0,Hype,52,785,806,2869,2869,2875
2876,TR743528,Intro [Sentire Non È Ascoltare],596186.0,4967.0,1.0,Melodic,52,790,806,2870,2870,2876
2877,TR773667,Donna,110561.0,5011.0,4.0,Clean,52,791,806,2871,2871,2877
2878,TR883129,Radiografia,239760.0,4422.0,19.0,Slow Dark,52,789,807,2872,2872,2878
2879,TR607595,Se mai,180137.0,5197.0,75.0,Warm Bangers,52,792,806,2873,2873,2879
2880,TR629436,Ciò Che Vuoi,194571.0,4387.0,57.0,Clean,52,793,806,2874,2874,2880
2881,TR686630,Domani no,122500.0,4677.0,1.0,Hype,52,794,806,2875,2875,2881
2882,TR206970,Solo noi,239760.0,5728.0,19.0,Clean,52,789,806,2876,2876,2882
2883,TR718275,Giovani,239760.0,4427.0,19.0,Clean,52,789,806,2877,2877,2883
2884,TR864854,Sugar Baby,167586.0,4155.0,14.0,Clean,52,795,806,2878,2878,2884
2885,TR433128,Luce,239760.0,4150.0,19.0,Fast-Flow,52,789,806,2879,2879,2885
2886,TR233848,Tutto Qui,239760.0,5898.0,19.0,Hype,52,789,806,2880,2880,2886
2887,TR765858,Avvicinati,216000.0,5027.0,10.0,Melodic,52,787,807,2881,2881,2887
2888,TR769559,I Still,226500.0,4834.0,6.0,Slow Dark,52,787,807,2882,2882,2888
2889,TR262120,Zero,298421.0,5639.0,25.0,Hype,52,796,806,2883,2883,2889
2890,TR395554,Amore Per La Musica,572813.0,5688.0,35.0,Clean,52,797,807,2884,2884,2890
2891,TR408052,Vetro & Ferro,178346.0,4678.0,17.0,Clean,52,798,807,2885,2885,2891
2892,TR765318,Intro,239760.0,5403.0,19.0,Hype,52,789,807,2886,2886,2892
2893,TR623857,Pensare,239760.0,5558.0,19.0,Hype,52,789,808,2887,2887,2893
2894,TR397871,La City,110561.0,5325.0,4.0,Slow Dark,52,791,809,2888,2888,2894
2895,TR139554,T-Flashy,164828.0,4316.0,62.0,Warm Bangers,52,799,806,2889,2889,2895
2896,TR110395,Jazzlude #1,132382.0,5769.0,19.0,Clean,52,787,807,2890,2890,2896
2897,TR434590,Oh No,490266.0,5094.0,37.0,Melodic,52,800,807,2891,2891,2897
2898,TR324818,One Joint,216000.0,4578.0,10.0,Warm Bangers,52,787,807,2892,2892,2898
2899,TR198513,Vivo Il Mio Mondo,212218.0,4865.0,52.0,Slow Dark,52,801,810,2893,2893,2899
2900,TR571175,Jazzlude #2,216000.0,4088.0,10.0,Clean,52,787,807,2894,2894,2900
2901,TR986147,Jazzlude #3,110561.0,4266.0,4.0,Slow Dark,52,791,807,2895,2895,2901
2902,TR929889,Maestro,110561.0,5548.0,4.0,Hype,52,791,811,2896,2896,2902
2903,TR448667,COME UN TUONO,175293.0,31364.0,69.0,Fast-Flow,85,802,424,2897,2897,2903
2904,TR708641,Fantasmi,133266.0,23505.0,64.0,Slow Dark,85,803,812,2898,2898,2904
2905,TR350315,fuorilegge,221403.0,19250.0,72.0,Fast-Flow,85,804,707,2899,2899,2905
2906,TR556383,ancora,188041.0,15134.0,67.0,Slow Dark,85,805,589,2900,2900,2906
2907,TR325861,no vabbè,160000.0,18151.0,63.0,Fast-Flow,85,805,589,2901,2901,2907
2908,TR208984,Michelle Pfeiffer,180774.0,10767.0,54.0,Warm Bangers,85,803,432,2902,2902,2908
2909,TR482747,Elvis,172784.0,10586.0,49.0,Warm Bangers,85,803,813,2903,2903,2909
2910,TR692813,CLICK BOOM!,225561.0,9957.0,64.0,Fast-Flow,85,802,89,2904,2904,2910
2911,TR902868,Due facce,154186.0,9176.0,50.0,Fast-Flow,85,803,812,2905,2905,2911
2912,TR810856,STAN,149320.0,8194.0,47.0,Slow Dark,85,802,424,2906,2906,2912
2913,TR399628,BRUTTI PENSIERI,187201.0,10780.0,48.0,Fast-Flow,85,802,424,2907,2907,2913
2914,TR314110,HATTORI HANZO,166574.0,11650.0,45.0,Fast-Flow,85,802,424,2908,2908,2914
2915,TR903748,"IO, ME ED ALTRI GUAI",177208.0,7777.0,51.0,Fast-Flow,85,802,814,2909,2909,2915
2916,TR937516,Lamette,149493.0,9163.0,54.0,Slow Dark,85,803,815,2910,2910,2916
2917,TR792524,GRAFFITI,167785.0,8169.0,54.0,Hype,85,802,424,2911,2911,2917
2918,TR621869,bop,153053.0,7667.0,63.0,Warm Bangers,85,805,589,2912,2912,2918
2919,TR484229,TRASPARENTE,151952.0,6326.0,44.0,Fast-Flow,85,802,424,2913,2913,2919
2920,TR546369,il bacio del serpente,132307.0,5914.0,49.0,Slow Dark,85,805,589,2914,2914,2920
2921,TR925727,SAD! (XXXTentacion),215088.0,5877.0,17.0,Melodic,85,806,816,2915,2915,2921
2922,TR417961,Gotham,133266.0,5928.0,64.0,Slow Dark,85,803,812,2916,2916,2922
2923,TR812512,MILANO ALMENO TU,172750.0,5914.0,41.0,Fast-Flow,85,802,424,2917,2917,2923
2924,TR657462,Monet,197706.0,4498.0,39.0,Fast-Flow,85,803,812,2918,2918,2924
2925,TR307424,Cartoni Animati,164623.0,4755.0,45.0,Slow Dark,85,803,812,2919,2919,2925
2926,TR602241,Yakuza,163346.0,5821.0,34.0,Fast-Flow,85,803,812,2920,2920,2926
2927,TR444405,smith & wesson,196636.0,5629.0,45.0,Slow Dark,85,805,589,2921,2921,2927
2928,TR877428,Dalle Ombre,156920.0,5985.0,35.0,Warm Bangers,85,803,812,2922,2922,2928
2929,TR148280,Moonlight,150442.0,5526.0,36.0,Slow Dark,85,803,812,2923,2923,2929
2930,TR416914,tu sai,182133.0,4799.0,44.0,Fast-Flow,85,805,589,2924,2924,2930
2931,TR899952,Geisha,171154.0,5195.0,16.0,Fast-Flow,85,807,817,2925,2925,2931
2932,TR267393,Rehab,192034.0,5339.0,36.0,Slow Dark,85,803,812,2926,2926,2932
2933,TR530803,HAI MAI VISTO PIANGERE UN COWBOY?,149240.0,4169.0,37.0,Fast-Flow,85,802,424,2927,2927,2933
2934,TR932820,HUH?,124561.0,5101.0,35.0,Warm Bangers,85,802,424,2928,2928,2934
2935,TR584975,patrick bateman,142627.0,5432.0,45.0,Warm Bangers,85,805,589,2929,2929,2935
2936,TR458604,GANGSTA LOVE,176625.0,4347.0,28.0,Hype,85,808,743,2930,2930,2936
2937,TR385547,Non Sono Felice Per Te,159440.0,5576.0,32.0,Slow Dark,85,803,812,2931,2931,2937
2938,TR545009,millionaire,149386.0,5180.0,49.0,Fast-Flow,85,805,589,2932,2932,2938
2939,TR491043,l’amore è un serial killer,150666.0,5919.0,42.0,Warm Bangers,85,805,589,2933,2933,2939
2940,TR979381,lacrimogeni,210119.0,4096.0,52.0,Slow Dark,85,805,589,2934,2934,2940
2941,TR773327,Rari,168190.0,4544.0,38.0,Fast-Flow,85,803,111,2935,2935,2941
2942,TR124813,wtf,178328.0,5217.0,42.0,Fast-Flow,85,805,589,2936,2936,2942
2943,TR936556,IL MIO FUNERALE,155641.0,4605.0,38.0,Fast-Flow,85,802,424,2937,2937,2943
2944,TR723576,GOODBYE,145115.0,5442.0,25.0,Fast-Flow,85,809,63,2938,2938,2944
2945,TR233192,Il Diavolo Piange,154864.0,5533.0,35.0,Fast-Flow,85,810,818,2939,2939,2945
2946,TR719644,Funeral Party,168240.0,4217.0,75.0,Slow Dark,85,811,544,2940,2940,2946
2947,TR328002,musica per dimenticare,166736.0,5041.0,49.0,Slow Dark,85,805,589,2941,2941,2947
2948,TR132847,COMO UN TRUENO,174869.0,5030.0,41.0,Minimal,85,812,819,2942,2942,2948
2949,TR789099,Kitty Kitty,175908.0,4750.0,13.0,Slow Dark,85,813,237,2943,2943,2949
2950,TR717071,Get The Fuck Out Of My Pool,139467.0,5881.0,16.0,Fast-Flow,85,814,820,2944,2944,2950
2951,TR718602,"It’s Snowing, Motherfucker",197648.0,5670.0,16.0,Minimal,85,468,821,2945,2945,2951
2952,TR574634,Don’t Call the Po-Po,209142.0,5408.0,20.0,Fast-Flow,85,815,822,2946,2946,2952
2953,TR785396,Bundy,107768.0,5442.0,23.0,Fast-Flow,85,816,221,2947,2947,2953
2954,TR843100,IRON MAIDEN,242694.0,4938.0,13.0,Fast-Flow,85,817,823,2948,2948,2954
2955,TR513321,victoria’s secret,194222.0,5857.0,66.0,Warm Bangers,85,818,92,2949,2949,2955
2956,TR884911,Tarantino,153053.0,5402.0,63.0,Warm Bangers,85,805,824,2950,2950,2956
2957,TR132614,SWOOP!,189840.0,5471.0,18.0,Warm Bangers,85,819,825,2951,2951,2957
2958,TR583094,Sneakers,179362.0,5738.0,15.0,Fast-Flow,85,820,826,2952,2952,2958
2959,TR631144,Tyson Freestyle,306960.0,4559.0,13.0,Warm Bangers,85,821,827,2953,2953,2959
2960,TR538194,"Fiori rosa, fiori di pesco",226341.0,5630.0,15.0,Fast-Flow,85,822,828,2954,2954,2960
2961,TR999922,Collaborazioni Rose Villain,130548.0,4401.0,47.0,Warm Bangers,85,823,829,2955,2955,2961
2962,TR595216,SLATT,217443.0,165434.0,59.0,Warm Bangers,83,824,830,2956,2956,2962
2963,TR515395,Face To Face (Exposing Me RMX),206346.0,128121.0,46.0,Fast-Flow,83,825,831,2957,2957,2963
2964,TR664204,MOVIE,195744.0,83781.0,50.0,Fast-Flow,83,826,254,2958,2958,2964
2965,TR232498,Dubai,201847.0,64550.0,51.0,Minimal,83,827,832,2959,2959,2965
2966,TR574666,GIOVANE RONDO,217443.0,43304.0,59.0,Fast-Flow,83,824,830,2960,2960,2966
2967,TR605233,SHAWTY,153881.0,43244.0,48.0,Hype,83,828,833,2961,2961,2967
2968,TR445948,OGNI VOLTA,424750.0,38561.0,11.0,Minimal,83,829,119,2962,2962,2968
2969,TR656966,STURDY,237632.0,43807.0,45.0,Hype,83,830,568,2963,2963,2969
2970,TR244255,BABY,189677.0,34353.0,50.0,Fast-Flow,83,824,830,2964,2964,2970
2971,TR559785,BIRKIN,181621.0,32687.0,42.0,Slow Dark,83,831,101,2965,2965,2971
2972,TR413812,YOUNGSHIT,141660.0,24832.0,52.0,Fast-Flow,83,824,830,2966,2966,2972
2973,TR547447,CHINGA,184246.0,31348.0,49.0,Hype,83,832,834,2967,2967,2973
2974,TR142582,Free Samy,173538.0,25348.0,44.0,Minimal,83,833,398,2968,2968,2974
2975,TR101919,[Rondodasosa] Plugged In Freestyle,361346.0,20453.0,5.0,Minimal,83,834,835,2969,2969,2975
2976,TR247450,Leggenda,231686.0,14207.0,48.0,Slow Dark,83,835,836,2970,2970,2976
2977,TR333436,DOLORE,196800.0,19840.0,38.0,Minimal,83,824,830,2971,2971,2977
2978,TR652419,TRENCHES BABY,208785.0,13396.0,42.0,Fast-Flow,83,836,25,2972,2972,2978
2979,TR373707,NEW YORK,197142.0,17665.0,45.0,Fast-Flow,83,837,405,2973,2973,2979
2980,TR957443,SOUTHSIDE,139130.0,18630.0,41.0,Warm Bangers,83,824,830,2974,2974,2980
2981,TR426213,BLUE CHEESE,191422.0,13577.0,51.0,Slow Dark,83,836,25,2975,2975,2981
2982,TR368292,TRAP,203042.0,11725.0,38.0,Slow Dark,83,824,830,2976,2976,2982
2983,TR580691,TOKYO,202127.0,14048.0,45.0,Hype,83,836,25,2977,2977,2983
2984,TR772702,MANDANTE,214000.0,12441.0,38.0,Slow Dark,83,838,837,2978,2978,2984
2985,TR172345,DRILLMOON,210000.0,11235.0,46.0,Fast-Flow,83,836,25,2979,2979,2985
2986,TR337598,Show No Love Freestyle,579293.0,12361.0,67.0,Slow Dark,83,839,96,2980,2980,2986
2987,TR382336,BABA,155789.0,8164.0,51.0,Fast-Flow,83,840,838,2981,2981,2987
2988,TR371387,SIN CARA,134652.0,9693.0,44.0,Hype,83,836,25,2982,2982,2988
2989,TR304026,SOLO/ALONE,237755.0,10472.0,38.0,Minimal,83,841,839,2983,2983,2989
2990,TR372564,MY LIFE,186964.0,9820.0,97.0,Slow Dark,83,842,840,2984,2984,2990
2991,TR225697,CHIARA,174379.0,7335.0,46.0,Minimal,83,843,841,2985,2985,2991
2992,TR952777,PLAYA,137910.0,9366.0,47.0,Fast-Flow,83,836,25,2986,2986,2992
2993,TR413834,WE ON EM,192558.0,8335.0,41.0,Fast-Flow,83,844,842,2987,2987,2993
2994,TR137788,FASHION NOVA,142741.0,7543.0,46.0,Slow Dark,83,836,25,2988,2988,2994
2995,TR148262,AUTOSTOP,189132.0,6686.0,44.0,Slow Dark,83,836,786,2989,2989,2995
2996,TR789568,KILLY DEMON,165245.0,8908.0,42.0,Hype,83,836,25,2990,2990,2996
2997,TR686820,ADDERALL,165004.0,6688.0,49.0,Minimal,83,845,843,2991,2991,2997
2998,TR778463,Face to face 2,193725.0,6564.0,48.0,Fast-Flow,83,846,844,2992,2992,2998
2999,TR761194,READY 4 WAR,168275.0,6097.0,45.0,Warm Bangers,83,847,845,2993,2993,2999
3000,TR183819,GHETTO,161332.0,7047.0,50.0,Hype,83,848,846,2994,2994,3000
3001,TR572337,NO LUV,256000.0,6416.0,42.0,Fast-Flow,83,836,25,2995,2995,3001
3002,TR502272,OUTSIDE,147000.0,6653.0,43.0,Warm Bangers,83,836,25,2996,2996,3002
3003,TR344878,TONIGHT,184501.0,5137.0,41.0,Fast-Flow,83,836,25,2997,2997,3003
3004,TR764856,2016,167973.0,5739.0,50.0,Slow Dark,83,845,73,2998,2998,3004
3005,TR239723,CELL,181394.0,5481.0,40.0,Slow Dark,83,836,25,2999,2999,3005
3006,TR596420,PACK A PUNCH FREESTYLE,229031.0,5802.0,43.0,Melodic,83,849,847,3000,3000,3006
3007,TR585393,DOLORE 2,181404.0,5833.0,38.0,Minimal,83,836,25,3001,3001,3007
3008,TR583353,GOOD DAY FOR KILL SOMEBODY,143892.0,4035.0,46.0,Fast-Flow,83,845,73,3002,3002,3008
3009,TR542044,YAMAHA,187941.0,5363.0,45.0,Fast-Flow,83,836,25,3003,3003,3009
3010,TR754738,SRT,142468.0,4116.0,45.0,Warm Bangers,83,845,73,3004,3004,3010
3011,TR467976,DOPPIO TAGLIO,219772.0,5113.0,51.0,Melodic,83,845,73,3005,3005,3011
3012,TR975972,DROGA,202600.0,4589.0,60.0,Clean,83,850,848,3006,3006,3012
3013,TR520128,SSG,177433.0,4625.0,38.0,Fast-Flow,83,851,310,3007,3007,3013
3014,TR996422,SCUSA,187138.0,4720.0,37.0,Slow Dark,83,836,25,3008,3008,3014
3015,TR516774,TIMBERLAND BLUE,165660.0,5258.0,43.0,Fast-Flow,83,845,73,3009,3009,3015
3016,TR726762,2+2,127429.0,4683.0,46.0,Hype,83,845,73,3010,3010,3016
3017,TR722945,TOWN,167624.0,5482.0,47.0,Slow Dark,83,845,849,3011,3011,3017
3018,TR839302,MOTIVATION,162500.0,4823.0,59.0,Minimal,83,852,849,3012,3012,3018
3019,TR374959,My Brain*,223253.0,4149.0,2.0,Minimal,83,853,850,3013,3013,3019
3020,TR149652,GANGSTA LIFE,158169.0,5585.0,46.0,Minimal,83,845,73,3014,3014,3020
3021,TR427150,Curry*,212920.0,4585.0,55.0,Minimal,83,854,131,3015,3015,3021
3022,TR214129,DON’T CRY,147535.0,4879.0,44.0,Warm Bangers,83,845,73,3016,3016,3022
3023,TR297714,BabyGoat Freestyle,202600.0,5385.0,60.0,Minimal,83,850,851,3017,3017,3023
3024,TR102674,On The Radar Freestyle,431671.0,4679.0,27.0,Slow Dark,83,855,852,3018,3018,3024
3025,TR544001,GET BACK,223745.0,4126.0,40.0,Minimal,83,845,73,3019,3019,3025
3026,TR624941,HUSTLER,172500.0,4763.0,42.0,Minimal,83,845,73,3020,3020,3026
3027,TR213172,BIG DRIP RMX*,168760.0,5904.0,54.0,Minimal,83,856,853,3021,3021,3027
3028,TR646871,PRETTY GANGSTA,182152.0,5297.0,45.0,Fast-Flow,83,857,828,3022,3022,3028
3029,TR370464,ADDERALL V2,215725.0,5360.0,11.0,Melodic,83,858,854,3023,3023,3029
3030,TR873238,SOSA*,212920.0,5279.0,55.0,Warm Bangers,83,854,131,3024,3024,3030
3031,TR216316,BUSINESS CLASS*,231026.0,4411.0,31.0,Minimal,83,859,855,3025,3025,3031
3032,TR500693,Mi Sono Perso Qua*,178709.0,4852.0,73.0,Minimal,83,860,856,3026,3026,3032
3033,TR539308,Another One,168500.0,5519.0,39.0,Minimal,83,861,857,3027,3027,3033
3034,TR139595,Ragazzi Di Strada,183997.0,4215.0,43.0,Fast-Flow,83,861,852,3028,3028,3034
3035,TR112774,Verità Freestyle,195535.0,4568.0,51.0,Slow Dark,83,862,858,3029,3029,3035
3036,TR624899,GHOST*,202600.0,4567.0,60.0,Fast-Flow,83,850,499,3030,3030,3036
3037,TR227957,Big check*,165000.0,4875.0,0.0,Melodic,83,863,859,3031,3031,3037
3038,TR851740,All On Me*,176965.0,5976.0,94.0,Melodic,83,864,72,3032,3032,3038
3039,TR176124,Tiffany Calver Freestyle,169014.0,4146.0,28.0,Minimal,83,865,860,3033,3033,3039
3040,TR294526,The World Is Yours*,181661.0,5051.0,69.0,Minimal,83,866,773,3034,3034,3040
3041,TR482146,Junkie*,212920.0,4372.0,55.0,Melodic,83,854,131,3035,3035,3041
3042,TR843076,Lemon Pepper Freestyle,203606.0,5955.0,1.0,Minimal,83,867,861,3036,3036,3042
3043,TR269908,I come straight from Italy*,243776.0,4240.0,69.0,Melodic,83,868,862,3037,3037,3043
3044,TR444478,LIMITER,202600.0,4820.0,60.0,Melodic,83,850,182,3038,3038,3044
3045,TR932217,Switches*,202600.0,5493.0,60.0,Minimal,83,850,499,3039,3039,3045
3046,TR729748,Money on my head*,204640.0,5425.0,86.0,Hype,83,869,863,3040,3040,3046
3047,TR375734,Cupido,210106.0,615694.0,63.0,Warm Bangers,89,870,864,3041,3041,3047
3048,TR347049,Tran Tran,219733.0,460876.0,67.0,Fast-Flow,89,870,402,3042,3042,3048
3049,TR763689,Sciroppo,205013.0,439824.0,63.0,Fast-Flow,89,870,864,3043,3043,3049
3050,TR526748,Rockstar,195946.0,382802.0,64.0,Warm Bangers,89,870,864,3044,3044,3050
3051,TR220191,Serpenti A Sonagli,194173.0,316091.0,67.0,Fast-Flow,89,870,864,3045,3045,3051
3052,TR101698,Ricchi x Sempre,223786.0,297709.0,65.0,Slow Dark,89,870,864,3046,3046,3052
3053,TR398127,BRNBQ,224120.0,238320.0,65.0,Slow Dark,89,871,484,3047,3047,3053
3054,TR540259,Bang Bang,149893.0,209249.0,69.0,Minimal,89,871,865,3048,3048,3054
3055,TR986287,Visiera A Becco,187573.0,209630.0,71.0,Fast-Flow,89,871,865,3049,3049,3055
3056,TR655928,Uber,187253.0,219634.0,58.0,Slow Dark,89,870,864,3050,3050,3056
3057,TR696286,XNX,143693.0,190863.0,50.0,Warm Bangers,89,870,864,3051,3051,3057
3058,TR374577,Tik Tok,310624.0,139798.0,59.0,Fast-Flow,89,872,866,3052,3052,3058
3059,TR954458,Figli Di Papà,205480.0,137145.0,60.0,Warm Bangers,89,871,867,3053,3053,3059
3060,TR299525,Bottiglie Privè,189867.0,193540.0,63.0,Minimal,89,872,868,3054,3054,3060
3061,TR941998,NEON,226906.0,141809.0,82.0,Fast-Flow,89,873,277,3055,3055,3061
3062,TR470591,Calcolatrici,205524.0,128662.0,69.0,Warm Bangers,89,874,155,3056,3056,3062
3063,TR620661,Ciny,166346.0,149606.0,62.0,Slow Dark,89,875,869,3057,3057,3063
3064,TR885564,Abracadabra,192964.0,145936.0,47.0,Warm Bangers,89,872,866,3058,3058,3064
3065,TR516733,XDVRMX,202445.0,135241.0,54.0,Warm Bangers,89,875,870,3059,3059,3065
3066,TR784141,15 Piani,206896.0,111527.0,69.0,Slow Dark,89,874,155,3060,3060,3066
3067,TR339275,20 Collane,128933.0,97142.0,56.0,Warm Bangers,89,870,864,3061,3061,3067
3068,TR296439,Notti,170840.0,142922.0,64.0,Fast-Flow,89,871,865,3062,3062,3068
3069,TR898138,Mercedes Nero,232000.0,108215.0,55.0,Fast-Flow,89,875,871,3063,3063,3069
3070,TR216375,Panette,195691.0,127203.0,57.0,Warm Bangers,89,875,872,3064,3064,3070
3071,TR470247,G63,229253.0,124485.0,64.0,Fast-Flow,89,874,155,3065,3065,3071
3072,TR167786,Leggenda,189986.0,119312.0,54.0,Slow Dark,89,870,864,3066,3066,3072
3073,TR606466,Brutti Sogni,195121.0,105117.0,52.0,Fast-Flow,89,875,873,3067,3067,3073
3074,TR624359,$€ Freestyle,164468.0,99494.0,50.0,Melodic,89,872,866,3068,3068,3074
3075,TR126989,Macarena,158043.0,113562.0,45.0,Warm Bangers,89,872,866,3069,3069,3075
3076,TR962127,Balenciaga,169280.0,124740.0,47.0,Warm Bangers,89,871,865,3070,3070,3076
3077,TR745907,Dexter,155769.0,125891.0,53.0,Warm Bangers,89,876,561,3071,3071,3077
3078,TR518823,Hollywood,191869.0,86888.0,57.0,Fast-Flow,89,872,866,3072,3072,3078
3079,TR828715,Bancomat,188706.0,88264.0,57.0,Warm Bangers,89,870,864,3073,3073,3079
3080,TR574957,Equilibrio,185800.0,107174.0,52.0,Hype,89,871,865,3074,3074,3080
3081,TR357563,Baby,193554.0,98952.0,63.0,Warm Bangers,89,872,866,3075,3075,3081
3082,TR786619,VDLC,198260.0,102287.0,62.0,Slow Dark,89,874,155,3076,3076,3082
3083,TR741501,Blunt & Sprite,168193.0,77910.0,50.0,Fast-Flow,89,877,874,3077,3077,3083
3084,TR731398,Ciao Bella,186666.0,86666.0,59.0,Warm Bangers,89,874,155,3078,3078,3084
3085,TR174541,Più Forte,231043.0,88660.0,50.0,Warm Bangers,89,875,875,3079,3079,3085
3086,TR310123,Anche Stasera,217500.0,87433.0,72.0,Fast-Flow,89,874,155,3080,3080,3086
3087,TR875393,NON METTERCI BECCO,182245.0,72661.0,76.0,Warm Bangers,89,873,277,3081,3081,3087
3088,TR305952,VVS CARTIER,180863.0,59833.0,76.0,Warm Bangers,89,873,277,3082,3082,3088
3089,TR629091,Giovani Re,168342.0,74717.0,55.0,Warm Bangers,89,872,866,3083,3083,3089
3090,TR709512,Happy Birthday,170706.0,64957.0,59.0,Warm Bangers,89,878,123,3084,3084,3090
3091,TR974036,Male,161873.0,67389.0,62.0,Fast-Flow,89,872,866,3085,3085,3091
3092,TR783144,Gelosi,183526.0,80775.0,50.0,Fast-Flow,89,872,866,3086,3086,3092
3093,TR674940,Salam Alaikum,149968.0,65393.0,43.0,Warm Bangers,89,872,866,3087,3087,3093
3094,TR458975,Tik Tok (RMX),310624.0,74543.0,59.0,Fast-Flow,89,872,876,3088,3088,3094
3095,TR894366,BHMG,161066.0,55756.0,58.0,Warm Bangers,89,871,865,3089,3089,3095
3096,TR148522,Marshmallow,244705.0,67658.0,48.0,Fast-Flow,89,875,875,3090,3090,3096
3097,TR544505,3uphon,195750.0,71620.0,61.0,Fast-Flow,89,874,155,3091,3091,3097
3098,TR967870,Gol,217538.0,50184.0,57.0,Warm Bangers,89,874,155,3092,3092,3098
3099,TR879978,Gangang,171078.0,46289.0,44.0,Warm Bangers,89,872,866,3093,3093,3099
3100,TR458945,Quello Che Non Va,194413.0,53673.0,52.0,Warm Bangers,89,871,865,3094,3094,3100
3101,TR709966,SEI PERSA,178709.0,45365.0,73.0,Hype,89,873,277,3095,3095,3101
3102,TR777489,Momenti No,192611.0,59477.0,59.0,Slow Dark,89,874,155,3096,3096,3102
3103,TR173013,Complicato,193043.0,62084.0,67.0,Slow Dark,89,874,155,3097,3097,3103
3104,TR799066,SNTMNG,192096.0,51251.0,72.0,Warm Bangers,89,873,277,3098,3098,3104
3105,TR538309,OVER (demo),209552.0,47362.0,71.0,Warm Bangers,89,873,277,3099,3099,3105
3106,TR407821,D&G,232676.0,49411.0,70.0,Warm Bangers,89,873,277,3100,3100,3106
3107,TR999926,OGNT,113454.0,53141.0,50.0,Hype,89,879,877,3101,3101,3107
3108,TR156309,Mademoiselle,189344.0,38325.0,58.0,Fast-Flow,89,880,878,3102,3102,3108
3109,TR724104,Tutti Scemi,210713.0,46924.0,45.0,Slow Dark,89,875,875,3103,3103,3109
3110,TR237947,XDVR,202445.0,47277.0,54.0,Warm Bangers,89,875,879,3104,3104,3110
3111,TR972480,6 AM,188782.0,46289.0,46.0,Fast-Flow,89,872,866,3105,3105,3111
3112,TR787970,MOLECOLE SPRITE,174193.0,38283.0,73.0,Fast-Flow,89,873,277,3106,3106,3112
3113,TR885144,MAYBACH,163314.0,44950.0,71.0,Warm Bangers,89,873,277,3107,3107,3113
3114,TR992464,No Champagne,178348.0,34376.0,50.0,Slow Dark,89,875,875,3108,3108,3114
3115,TR228884,Rapina,174705.0,36000.0,49.0,Warm Bangers,89,875,875,3109,3109,3115
3116,TR145577,Cupido (RMX),211920.0,45467.0,44.0,Fast-Flow,89,878,880,3110,3110,3116
3117,TR977345,Popstar,183306.0,42933.0,52.0,Warm Bangers,89,878,880,3111,3111,3117
3118,TR895346,Fragile,146165.0,30851.0,55.0,Fast-Flow,89,874,155,3112,3112,3118
3119,TR967838,Trap Kings,240005.0,34418.0,47.0,Warm Bangers,89,875,870,3113,3113,3119
3120,TR366391,No No,182245.0,33834.0,76.0,Warm Bangers,89,873,865,3114,3114,3120
3121,TR905589,SG4M1,153441.0,32737.0,47.0,Hype,89,875,875,3115,3115,3121
3122,TR524750,COME SE NON FOSSI NEI GUAI,209962.0,31933.0,71.0,Warm Bangers,89,873,277,3116,3116,3122
3123,TR997454,Uber (feat. Miami Yacine),190000.0,28094.0,32.0,Minimal,89,878,864,3117,3117,3123
3124,TR590832,UHLALA,189124.0,33359.0,59.0,Warm Bangers,89,872,494,3118,3118,3124
3125,TR573549,Parigi*,232676.0,35731.0,70.0,Warm Bangers,89,873,247,3119,3119,3125
3126,TR426438,20 Collane (International Version),160000.0,32553.0,36.0,Warm Bangers,89,881,864,3120,3120,3126
3127,TR269346,Milano Bene,162061.0,33263.0,52.0,Warm Bangers,89,874,155,3121,3121,3127
3128,TR515675,Troppo Tardi Per Noi,192611.0,25457.0,59.0,Minimal,89,874,881,3122,3122,3128
3129,TR845424,Te Lo Do,152346.0,34180.0,44.0,Warm Bangers,89,875,875,3123,3123,3129
3130,TR267156,Ragazzi del blocco,182245.0,32784.0,76.0,Warm Bangers,89,873,882,3124,3124,3130
3131,TR538535,Maleducati,232676.0,30521.0,70.0,Warm Bangers,89,873,339,3125,3125,3131
3132,TR115275,Zero,198688.0,29976.0,44.0,Warm Bangers,89,875,883,3126,3126,3132
3133,TR852256,Orange,198026.0,30752.0,63.0,Fast-Flow,89,882,390,3127,3127,3133
3134,TR374638,Uh Ah Hey,176186.0,26300.0,46.0,Warm Bangers,89,878,880,3128,3128,3134
3135,TR262296,PARANOIA,226041.0,22290.0,68.0,Warm Bangers,89,873,277,3129,3129,3135
3136,TR554067,Hey Tipa,224888.0,24705.0,54.0,Fast-Flow,89,883,884,3130,3130,3136
3137,TR292097,Orologi,232676.0,25021.0,70.0,Minimal,89,873,681,3131,3131,3137
3138,TR223076,MNGSNT,156483.0,24970.0,67.0,Warm Bangers,89,873,277,3132,3132,3138
3139,TR502678,XNX (French RMX),166346.0,22265.0,62.0,Warm Bangers,89,875,880,3133,3133,3139
3140,TR678697,Famoso,189867.0,15285.0,63.0,Fast-Flow,89,872,885,3134,3134,3140
3141,TR948467,Bancomat (International Version),178000.0,15442.0,39.0,Minimal,89,881,864,3135,3135,3141
3142,TR616930,Triste,202125.0,17783.0,55.0,Slow Dark,89,872,494,3136,3136,3142
3143,TR171471,Solo per te,232676.0,15473.0,70.0,Fast-Flow,89,873,884,3137,3137,3143
3144,TR436364,Tran Tran (International Version),252000.0,15041.0,36.0,Fast-Flow,89,881,864,3138,3138,3144
3145,TR629861,Nagasaki,232676.0,11181.0,70.0,Hype,89,873,886,3139,3139,3145
3146,TR735293,XNX (RMX),151133.0,10678.0,38.0,Warm Bangers,89,878,880,3140,3140,3146
3147,TR124496,Radio 105 Freestyle,182988.0,12571.0,7.0,Melodic,89,884,880,3141,3141,3147
3148,TR695604,90' Anthem,186666.0,9243.0,59.0,Slow Dark,89,874,884,3142,3142,3148
3149,TR980951,Bangkok*,232676.0,8297.0,70.0,Minimal,89,873,681,3143,3143,3149
3150,TR523962,#Cheffigo,232676.0,7115.0,70.0,Melodic,89,873,884,3144,3144,3150
3151,TR630141,Serpenti A Sonagli (RMX),194160.0,6412.0,32.0,Fast-Flow,89,878,880,3145,3145,3151
3152,TR354188,Still Fly,232676.0,4509.0,70.0,Warm Bangers,89,873,887,3146,3146,3152
3153,TR191906,Tasche Piene,161066.0,5427.0,58.0,Fast-Flow,89,871,886,3147,3147,3153
3154,TR187725,Siamo In 23,182245.0,4870.0,76.0,Fast-Flow,89,873,886,3148,3148,3154
3155,TR884968,Meglio Se Smetti Freestyle (Intro),182988.0,4897.0,7.0,Warm Bangers,89,884,884,3149,3149,3155
3156,TR694245,Sulle Mie Spalle,186666.0,5316.0,59.0,Fast-Flow,89,874,884,3150,3150,3156
3157,TR272836,Super Lemon Haze pt2,147213.0,5890.0,54.0,Melodic,89,885,884,3151,3151,3157
3158,TR400898,Double Tap*,232676.0,4138.0,70.0,Minimal,89,873,147,3152,3152,3158
3159,TR579276,Non Ci Siamo,186666.0,5667.0,59.0,Melodic,89,874,884,3153,3153,3159
3160,TR485347,Squali*,232676.0,4598.0,70.0,Minimal,89,873,147,3154,3154,3160
3161,TR749006,Levati Dal Cazzo,182245.0,4903.0,76.0,Hype,89,873,884,3155,3155,3161
3162,TR719433,Iniorap,232676.0,4057.0,70.0,Slow Dark,89,873,542,3156,3156,3162
3163,TR733821,Crack Music,251653.0,4614.0,60.0,Slow Dark,89,886,884,3157,3157,3163
3164,TR736330,Holy Water Freestyle,182988.0,5020.0,7.0,Slow Dark,89,884,884,3158,3158,3164
3165,TR643399,NANANA*,160000.0,4123.0,1.0,Fast-Flow,89,887,888,3159,3159,3165
3166,TR597247,Sotto Controllo,168648.0,4997.0,2.0,Warm Bangers,89,888,884,3160,3160,3166
3167,TR758361,King Kong Freestyle (Bonus Track),493714.0,5868.0,15.0,Melodic,89,889,884,3161,3161,3167
3168,TR485585,NPAC,232676.0,4225.0,70.0,Fast-Flow,89,873,884,3162,3162,3168
3169,TR358920,Fanculo Al Tuo Finto Swag,201500.0,5544.0,8.0,Warm Bangers,89,890,884,3163,3163,3169
3170,TR805047,A Tempo,291413.0,4834.0,46.0,Hype,89,891,889,3164,3164,3170
3171,TR544949,Suca,493714.0,5327.0,15.0,Fast-Flow,89,889,884,3165,3165,3171
3172,TR289476,CHANCE,232676.0,4534.0,70.0,Hype,89,873,890,3166,3166,3172
3173,TR270467,K.O. Freestyle,182988.0,4331.0,7.0,Minimal,89,884,537,3167,3167,3173
3174,TR844538,NO S3SS,232676.0,4335.0,70.0,Hype,89,873,284,3168,3168,3174
3175,TR490838,Sempre Vera,201500.0,4154.0,4.0,Hype,89,890,884,3169,3169,3175
3176,TR760205,Tony Montana Freestyle,182988.0,4382.0,7.0,Melodic,89,884,884,3170,3170,3176
3177,TR226953,Ice Cream,182245.0,5346.0,76.0,Hype,89,873,884,3171,3171,3177
3178,TR833403,Murderflow,232676.0,5781.0,70.0,Hype,89,873,581,3172,3172,3178
3179,TR438113,FUCK THA FAKES,200357.0,5644.0,55.0,Warm Bangers,89,892,352,3173,3173,3179
3180,TR107983,La S la F la E (Unreleased),219733.0,5385.0,67.0,Melodic,89,870,864,3174,3174,3180
3181,TR229272,Star*,161066.0,4232.0,58.0,Warm Bangers,89,871,865,3175,3175,3181
3182,TR869463,Palazzine Palazzoni *,182245.0,4593.0,76.0,Minimal,89,873,856,3176,3176,3182
3183,TR527872,Un Temporale,248893.0,35450.0,39.0,Fast-Flow,41,893,439,3177,3177,3183
3184,TR336955,Adesso sono qui,246066.0,12830.0,40.0,Fast-Flow,41,894,891,3178,3178,3184
3185,TR749725,Magia Nera,251146.0,13155.0,28.0,Fast-Flow,41,893,327,3179,3179,3185
3186,TR627743,Cose Che Non Ho Saputo Dire,223680.0,11839.0,24.0,Slow Dark,41,893,327,3180,3180,3186
3187,TR651800,Mezzanotte,248893.0,10875.0,39.0,Minimal,41,893,327,3181,3181,3187
3188,TR768854,Rose viola,193279.0,9948.0,39.0,Fast-Flow,41,895,506,3182,3182,3188
3189,TR496656,"Fantasmi, Pt. 2",210840.0,11789.0,21.0,Minimal,41,896,892,3183,3183,3189
3190,TR476060,Bellissimo,194733.0,11537.0,25.0,Fast-Flow,41,893,327,3184,3184,3190
3191,TR754038,Da lei (Con lo scudo e la spada),215333.0,9531.0,25.0,Fast-Flow,41,894,893,3185,3185,3191
3192,TR181096,Dopo La Medicina,260333.0,11502.0,21.0,Slow Dark,41,893,327,3186,3186,3192
3193,TR458685,Impossibile,256920.0,10911.0,20.0,Fast-Flow,41,893,327,3187,3187,3193
3194,TR992238,Quassù,236560.0,8053.0,26.0,Fast-Flow,41,893,327,3188,3188,3194
3195,TR287512,Non Spegnermi,156620.0,7999.0,61.0,Slow Dark,41,897,894,3189,3189,3195
3196,TR618864,Grande,275920.0,8415.0,26.0,Slow Dark,41,898,895,3190,3190,3196
3197,TR646039,64 Bars,131777.0,9649.0,56.0,Fast-Flow,41,899,896,3191,3191,3197
3198,TR679972,Fuoriluogo ovunque,233360.0,9216.0,23.0,Slow Dark,41,894,897,3192,3192,3198
3199,TR274925,Un giorno in più dell’eternità,253773.0,6305.0,21.0,Minimal,41,896,892,3193,3193,3199
3200,TR135764,Nessuno vale quanto te,238773.0,6875.0,26.0,Slow Dark,41,894,893,3194,3194,3200
3201,TR209942,A Casa Mia,212640.0,6296.0,19.0,Slow Dark,41,893,327,3195,3195,3201
3202,TR263495,Parte di me,207853.0,5978.0,23.0,Melodic,41,896,892,3196,3196,3202
3203,TR786291,Non Voglio Morire Qui,196000.0,5173.0,21.0,Fast-Flow,41,893,327,3197,3197,3203
3204,TR319313,Siero Buono,240653.0,6616.0,19.0,Fast-Flow,41,893,327,3198,3198,3204
3205,TR845571,TPS,205125.0,6071.0,58.0,Slow Dark,41,900,898,3199,3199,3205
3206,TR992097,Dentro Le Pieghe,312386.0,6392.0,16.0,Clean,41,893,327,3200,3200,3206
3207,TR774677,Questioni di principio,234960.0,6144.0,16.0,Slow Dark,41,901,682,3201,3201,3207
3208,TR677107,Kintsugi,231493.0,5836.0,14.0,Slow Dark,41,893,327,3202,3202,3208
3209,TR426500,"Fantasmi, Pt. 1",202213.0,4894.0,16.0,Hype,41,896,899,3203,3203,3209
3210,TR592898,In un certo qual modo,215973.0,5236.0,26.0,Slow Dark,41,901,900,3204,3204,3210
3211,TR244785,Traccia #2,94153.0,4333.0,0.0,Clean,41,902,901,3205,3205,3211
3212,TR368597,Niente Di Più,237200.0,5362.0,17.0,Slow Dark,41,893,327,3206,3206,3212
3213,TR839680,Qualcosa per te,228200.0,4372.0,19.0,Slow Dark,41,896,892,3207,3207,3213
3214,TR208744,Buona stella,249586.0,5402.0,16.0,Slow Dark,41,901,440,3208,3208,3214
3215,TR870935,Il mostro,240386.0,4471.0,18.0,Warm Bangers,41,894,886,3209,3209,3215
3216,TR381627,Quando tutto cade,198226.0,4247.0,14.0,Slow Dark,41,896,892,3210,3210,3216
3217,TR232809,La verità (non abita più qua),262693.0,4343.0,24.0,Slow Dark,41,896,892,3211,3211,3217
3218,TR837198,Inguaribile e romantico,196331.0,4014.0,25.0,Slow Dark,41,901,902,3212,3212,3218
3219,TR227572,Penso a te,232880.0,5453.0,13.0,Minimal,41,898,895,3213,3213,3219
3220,TR383445,Scusa,246598.0,5482.0,48.0,Slow Dark,41,903,903,3214,3214,3220
3221,TR186081,Criminale emozionale,223565.0,5043.0,18.0,Slow Dark,41,904,17,3215,3215,3221
3222,TR473366,Quando imparerò,206293.0,4336.0,27.0,Slow Dark,41,894,893,3216,3216,3222
3223,TR483411,L’Amore,240000.0,4181.0,26.0,Melodic,41,905,895,3217,3217,3223
3224,TR578301,Rose Viola Pt. 2,210666.0,4049.0,27.0,Minimal,41,906,512,3218,3218,3224
3225,TR420313,Siccome Pioveva,155862.0,4345.0,63.0,Minimal,41,907,904,3219,3219,3225
3226,TR640362,Piccole Cose,222120.0,5799.0,16.0,Minimal,41,898,895,3220,3220,3226
3227,TR359221,Momento Perfetto,191557.0,4496.0,33.0,Fast-Flow,41,908,905,3221,3221,3227
3228,TR558613,Crimine,245840.0,4722.0,24.0,Warm Bangers,41,894,886,3222,3222,3228
3229,TR775675,Champagne,187053.0,4222.0,20.0,Slow Dark,41,901,902,3223,3223,3229
3230,TR382866,Smisurata preghiera,239972.0,4458.0,17.0,Fast-Flow,41,909,906,3224,3224,3230
3231,TR275443,Splende In Eterno,212316.0,5053.0,58.0,Minimal,41,910,907,3225,3225,3231
3232,TR623727,Trompe-L’œil,221311.0,5231.0,19.0,Slow Dark,41,908,908,3226,3226,3232
3233,TR754788,La Rivincita Dei Buoni,205053.0,4505.0,14.0,Hype,41,898,895,3227,3227,3233
3234,TR609064,Sparire,219996.0,4126.0,14.0,Fast-Flow,41,908,909,3228,3228,3234
3235,TR360515,Ogni benedetto giorno,197853.0,4797.0,16.0,Clean,41,894,886,3229,3229,3235
3236,TR360953,Un’anima,198946.0,4480.0,11.0,Slow Dark,41,901,902,3230,3230,3236
3237,TR846383,Tutto sbagliato,240080.0,4452.0,16.0,Slow Dark,41,894,897,3231,3231,3237
3238,TR947013,Uomo d’acqua dolce,185600.0,5937.0,14.0,Slow Dark,41,896,892,3232,3232,3238
3239,TR137460,Piccoli Brividi,210245.0,5247.0,15.0,Slow Dark,41,908,908,3233,3233,3239
3240,TR610064,Cosa resta di noi,215266.0,5128.0,11.0,Fast-Flow,41,901,902,3234,3234,3240
3241,TR601405,Io e te,143880.0,4846.0,12.0,Warm Bangers,41,901,902,3235,3235,3241
3242,TR504967,Pomeriggi svogliati,184920.0,4872.0,20.0,Slow Dark,41,894,897,3236,3236,3242
3243,TR944321,K.O.,211706.0,5096.0,8.0,Slow Dark,41,901,902,3237,3237,3243
3244,TR840496,Ogni parte di te,193520.0,5410.0,12.0,Melodic,41,898,895,3238,3238,3244
3245,TR976198,Due settimane,188680.0,5419.0,11.0,Slow Dark,41,901,902,3239,3239,3245
3246,TR386162,Smetti di parlare,224080.0,4355.0,17.0,Fast-Flow,41,894,897,3240,3240,3246
3247,TR840992,Infinito,195387.0,5014.0,15.0,Slow Dark,41,908,908,3241,3241,3247
3248,TR820243,Confessioni di una mente meticolosa,202813.0,4839.0,10.0,Slow Dark,41,896,892,3242,3242,3248
3249,TR656050,SINDROME DI STOCCOLMA,279287.0,5757.0,20.0,Slow Dark,41,911,132,3243,3243,3249
3250,TR642806,"Pts, Pt. 2",256493.0,5279.0,10.0,Slow Dark,41,896,892,3244,3244,3250
3251,TR594550,Veleno,189453.0,5079.0,18.0,Fast-Flow,41,894,897,3245,3245,3251
3252,TR553934,Difficile,212459.0,4242.0,17.0,Fast-Flow,41,908,908,3246,3246,3252
3253,TR465096,Mai voltarsi / Idee chiare,259613.0,5228.0,11.0,Slow Dark,41,896,892,3247,3247,3253
3254,TR705460,Tanto Per Non Cambiare,190081.0,4246.0,19.0,Slow Dark,41,908,908,3248,3248,3254
3255,TR352143,Un vero miracolo,87146.0,4686.0,8.0,Slow Dark,41,901,902,3249,3249,3255
3256,TR677994,Se Il Problema Fossi Io,194080.0,4298.0,8.0,Minimal,41,898,895,3250,3250,3256
3257,TR496713,Bugiardo (A parole),140816.0,5401.0,75.0,Melodic,41,912,894,3251,3251,3257
3258,TR643415,POV,164448.0,4424.0,21.0,Minimal,41,913,396,3252,3252,3258
3259,TR460967,L’ultima linea,198880.0,4799.0,14.0,Clean,41,894,886,3253,3253,3259
3260,TR982039,La Luce (Bonus Track),191432.0,5811.0,53.0,Clean,41,914,899,3254,3254,3260
3261,TR116118,U.A.O. ! (Un’autentica ovazione),164409.0,4422.0,47.0,Slow Dark,41,915,894,3255,3255,3261
3262,TR474153,Testa a posto,208733.0,5031.0,11.0,Hype,41,916,894,3256,3256,3262
3263,TR732440,Nessuno è perfetto,219693.0,4854.0,10.0,Slow Dark,41,896,892,3257,3257,3263
3264,TR630082,Amare... O Lasciare Andare,202320.0,4048.0,9.0,Hype,41,898,895,3258,3258,3264
3265,TR953976,Non Posso Salvarti,188718.0,5602.0,16.0,Slow Dark,41,908,908,3259,3259,3265
3266,TR369931,Grey Goose Blues,178493.0,4150.0,31.0,Fast-Flow,41,917,910,3260,3260,3266
3267,TR553104,Dico bene,202466.0,4964.0,9.0,Slow Dark,41,896,892,3261,3261,3267
3268,TR696450,Nel Mio Elemento,176803.0,5135.0,14.0,Slow Dark,41,908,908,3262,3262,3268
3269,TR408178,Ti Muovi Nella Mia Vita,176999.0,5274.0,74.0,Slow Dark,41,918,911,3263,3263,3269
3270,TR269843,La Tigre,210491.0,5391.0,14.0,Slow Dark,41,908,908,3264,3264,3270
3271,TR182594,Come la notte col sole,269433.0,4520.0,13.0,Slow Dark,41,919,912,3265,3265,3271
3272,TR224443,Telepatia,106736.0,4032.0,57.0,Minimal,41,920,345,3266,3266,3272
3273,TR281121,Ho Incontrato L’Amore Ma...,223834.0,5465.0,79.0,Hype,41,921,894,3267,3267,3273
3274,TR980429,Il Pezzo Rap,303906.0,5087.0,8.0,Melodic,41,922,913,3268,3268,3274
3275,TR425384,Vissero Feriti E Contenti,191557.0,5688.0,33.0,Melodic,41,908,908,3269,3269,3275
3276,TR422359,G.H.E.M.O.N.,248893.0,5660.0,39.0,Clean,41,893,901,3270,3270,3276
3277,TR563285,Puoi Fidarti Di Me,217868.0,5702.0,12.0,Slow Dark,41,908,908,3271,3271,3277
3278,TR505148,Ancora,208960.0,4986.0,15.0,Slow Dark,41,898,895,3272,3272,3278
3279,TR794489,Fuori Dal Finestrino,150989.0,4682.0,59.0,Melodic,41,923,895,3273,3273,3279
3280,TR202792,Paraphernalia,154880.0,5598.0,12.0,Warm Bangers,41,896,892,3274,3274,3280
3281,TR592717,Io Non Ho Paura,256493.0,4918.0,10.0,Slow Dark,41,896,899,3275,3275,3281
3282,TR333951,Nato Il Primo Aprile,128557.0,4379.0,3.0,Hype,41,924,913,3276,3276,3282
3283,TR454150,Tutto si risolverà,228000.0,5729.0,79.0,Slow Dark,41,921,894,3277,3277,3283
3284,TR698280,Chiamami,247133.0,5783.0,9.0,Melodic,41,898,895,3278,3278,3284
3285,TR845539,Outro,304653.0,4948.0,7.0,Minimal,41,898,895,3279,3279,3285
3286,TR721270,Fino A Qui (Tutto Bene),252146.0,4165.0,8.0,Clean,41,898,895,3280,3280,3286
3287,TR171180,PTS (PoiTiSpiego/PostTraumaticStress),196672.5,4789.0,32.0,Minimal,41,583,907,3281,3281,3287
3288,TR235126,"Devo dire no, cazzo!",132671.0,5626.0,1.0,Clean,41,925,907,3282,3282,3288
3289,TR440795,Illusione Ottica (Interlude),39003.0,5818.0,7.0,Minimal,41,908,908,3283,3283,3289
3290,TR798026,Voglio Essere Libero,230493.0,4421.0,8.0,Minimal,41,898,895,3284,3284,3290
3291,TR657382,Via Da Qui,280819.0,4147.0,34.0,Minimal,41,926,907,3285,3285,3291
3292,TR791475,Salto Nel Vuoto,219733.0,5771.0,67.0,Slow Dark,41,927,894,3286,3286,3292
3293,TR277887,Una vita nel giorno di Ghemon,231586.0,4793.0,19.0,Minimal,41,898,895,3287,3287,3293
3294,TR767405,Qualcuno riderà,274626.0,5100.0,48.0,Hype,41,928,579,3288,3288,3294
3295,TR407507,Lucido (Interlude),84593.0,5952.0,10.0,Slow Dark,41,908,908,3289,3289,3295
3296,TR933898,Avrei Bisogno Di Un Divano,207733.0,4145.0,9.0,Slow Dark,41,898,895,3290,3290,3296
3297,TR959397,La politica del tempo (Johnny),200746.0,5312.0,9.0,Melodic,41,898,895,3291,3291,3297
3298,TR306545,Cobra (Tovalieri),180340.0,4160.0,46.0,Slow Dark,41,929,914,3292,3292,3298
3299,TR551037,Piano di lavoro,251840.0,4766.0,9.0,Slow Dark,41,896,892,3293,3293,3299
3300,TR210886,Voci Nella Testa (Stentoree),192712.0,5624.0,65.0,Slow Dark,41,930,907,3294,3294,3300
3301,TR832681,La soluzione,197909.0,4883.0,66.0,Hype,41,931,912,3295,3295,3301
3302,TR751448,Pace,182745.0,6013.0,61.0,Warm Bangers,41,932,911,3296,3296,3302
3303,TR187249,Vola Alto,225986.0,5133.0,9.0,Slow Dark,41,933,915,3297,3297,3303
3304,TR813730,Su e giù,207386.0,4657.0,9.0,Slow Dark,41,898,895,3298,3298,3304
3305,TR304105,Titoli Di Coda (Outro),43526.0,4452.0,8.0,Minimal,41,908,908,3299,3299,3305
3306,TR808632,Dritto al Cuore,211093.0,4716.0,62.0,Slow Dark,41,934,894,3300,3300,3306
3307,TR201620,Condor (Agostini),198995.0,4761.0,52.0,Slow Dark,41,935,894,3301,3301,3307
3308,TR289320,"Lavorare, con lentezza",233872.0,4149.0,0.0,Minimal,41,936,907,3302,3302,3308
3309,TR844219,Bugie,200235.0,4754.0,61.0,Slow Dark,41,937,345,3303,3303,3309
3310,TR846542,Qualcosa di Diverso,349560.0,4945.0,62.0,Hype,41,938,916,3304,3304,3310
3311,TR937164,Che flash,246986.0,5463.0,8.0,Hype,41,898,895,3305,3305,3311
3312,TR484750,Fattore Inatteso,171520.0,5328.0,7.0,Melodic,41,898,917,3306,3306,3312
3313,TR848588,Il Regno È Qui,203093.0,5434.0,27.0,Slow Dark,41,939,907,3307,3307,3313
3314,TR502398,La Gente Non Lo Sa,228613.0,4029.0,9.0,Melodic,41,916,367,3308,3308,3314
3315,TR859529,Qualcosa Cambierà pt. III,228287.0,4450.0,65.0,Slow Dark,41,940,913,3309,3309,3315
3316,TR990892,Inguaribile e romantico (feat. Malika Ayane),196331.0,5337.0,25.0,Slow Dark,41,901,381,3310,3310,3316
3317,TR765769,PATTO COL DIAVOLO,284093.0,4982.0,21.0,Slow Dark,41,911,329,3311,3311,3317
3318,TR848447,Solo Per Me,213453.0,4022.0,6.0,Slow Dark,41,941,298,3312,3312,3318
3319,TR866993,Va Così,202500.0,5626.0,6.0,Slow Dark,41,942,918,3313,3313,3319
3320,TR445120,Sig. Rossi,330276.0,5564.0,23.0,Minimal,41,943,911,3314,3314,3320
3321,TR395040,Qualcosa Cambierà pt. ll,228287.0,5114.0,65.0,Minimal,41,940,913,3315,3315,3321
3322,TR947816,Fate finta che Scienz non ci sia più,180137.0,4146.0,75.0,Minimal,41,944,913,3316,3316,3322
3323,TR611034,Quando ascolto i dischi,225400.0,5550.0,36.0,Minimal,41,945,913,3317,3317,3323
3324,TR464376,Qualcosa Cambierà Pt. l,241477.0,5183.0,2.0,Hype,41,946,913,3318,3318,3324
3325,TR529315,Se non lo sai,283853.0,5581.0,28.0,Hype,41,947,890,3319,3319,3325
3326,TR939512,Mass Hysteria,266106.0,5522.0,0.0,Hype,41,948,537,3320,3320,3326
3327,TR266893,Ufficio Immaginazione,213506.0,5623.0,54.0,Melodic,41,949,911,3321,3321,3327
3328,TR946356,È il momento,276720.0,5050.0,21.0,Minimal,41,950,913,3322,3322,3328
3329,TR769262,Paolo Odia Le Donne,190464.0,4293.0,34.0,Slow Dark,41,951,368,3323,3323,3329
3330,TR713502,Correre Via,182769.0,5359.0,66.0,Minimal,41,952,919,3324,3324,3330
3331,TR462336,Sulle Batterie 3,276720.0,5256.0,21.0,Minimal,41,950,542,3325,3325,3331
3332,TR591168,LA FINE,226720.0,5499.0,15.0,Fast-Flow,41,911,329,3326,3326,3332
3333,TR890254,Chiamiamolo Intro,170904.0,4353.0,54.0,Slow Dark,41,953,920,3327,3327,3333
3334,TR445699,LUNGO IL TUNNEL,206586.0,4403.0,18.0,Slow Dark,41,911,329,3328,3328,3334
3335,TR196345,Intro [Strumentale],130666.0,5798.0,3.0,Minimal,41,954,913,3329,3329,3335
3336,TR720455,Lavoro Sporco,204181.0,5518.0,68.0,Minimal,41,921,913,3330,3330,3336
3337,TR896706,Un Altro Ticket,226906.0,5835.0,82.0,Minimal,41,955,913,3331,3331,3337
3338,TR103370,Ups & Downs,211760.0,5536.0,75.0,Clean,41,956,921,3332,3332,3338
3339,TR899760,Outro (Qualcosa Cambierà Mixtape),118810.0,5209.0,1.0,Clean,41,957,913,3333,3333,3339
3340,TR867908,mi presento,119813.0,5323.0,9.0,Minimal,41,911,329,3334,3334,3340
3341,TR582930,un attimo prima,306720.0,5793.0,9.0,Minimal,41,911,329,3335,3335,3341
3342,TR603669,intro,123066.0,5172.0,10.0,Minimal,41,911,329,3336,3336,3342
3343,TR565534,salute mentale,116733.0,5279.0,7.0,Minimal,41,911,329,3337,3337,3343
3344,TR765241,aspettative,351026.0,4325.0,6.0,Minimal,41,911,329,3338,3338,3344
3345,TR481001,viaggio nei sentimenti,160253.0,4961.0,6.0,Minimal,41,911,329,3339,3339,3345
3346,TR904949,testacoda,282160.0,5449.0,6.0,Minimal,41,911,329,3340,3340,3346
3347,TR166677,l’amore rende ciechi,280093.0,4555.0,5.0,Minimal,41,911,329,3341,3341,3347
3348,TR491107,cragk,314600.0,4417.0,8.0,Minimal,41,911,329,3342,3342,3348
3349,TR837415,ciro,269546.0,4641.0,6.0,Minimal,41,911,329,3343,3343,3349
3350,TR406304,"...run, pippa, run!",204573.0,4495.0,5.0,Minimal,41,911,329,3344,3344,3350
3351,TR339521,tonino,94586.0,4442.0,6.0,Minimal,41,911,329,3345,3345,3351
3352,TR648658,quarant’anni,92560.0,4862.0,7.0,Minimal,41,911,329,3346,3346,3352
3353,TR682976,aa meeting,305226.0,5831.0,7.0,Minimal,41,911,329,3347,3347,3353
3354,TR946669,londra,181480.0,5028.0,5.0,Minimal,41,911,329,3348,3348,3354
3355,TR277099,salviamo i panda,209333.0,4388.0,7.0,Minimal,41,911,329,3349,3349,3355
3356,TR691321,ny,225613.0,4166.0,5.0,Minimal,41,911,329,3350,3350,3356
3357,TR656460,fan club,261133.0,5408.0,6.0,Minimal,41,911,329,3351,3351,3357
3358,TR624319,giulia vegan warrior,133440.0,4778.0,7.0,Minimal,41,911,329,3352,3352,3358
3359,TR224608,prima non era così,187986.0,5659.0,5.0,Minimal,41,911,329,3353,3353,3359
3360,TR774514,cena vegana con delitto,300960.0,5334.0,6.0,Minimal,41,911,329,3354,3354,3360
3361,TR502973,Gente che spera,248546.0,22525.0,55.0,Hype,5,958,922,3355,3355,3361
3362,TR666846,SCUSI MAESTRA,176200.0,11794.0,43.0,Fast-Flow,5,959,53,3356,3356,3362
3363,TR752562,Maria Maria,260600.0,9884.0,43.0,Slow Dark,5,960,923,3357,3357,3363
3364,TR900883,Tocca Qui,261839.0,7011.0,37.0,Slow Dark,5,961,924,3358,3358,3364
3365,TR664946,Domani smetto,157640.0,8883.0,55.0,Minimal,5,958,925,3359,3359,3365
3366,TR902052,Spirale ovale,232186.0,7966.0,53.0,Hype,5,958,525,3360,3360,3366
3367,TR567383,Domani,157640.0,6989.0,55.0,Minimal,5,958,926,3361,3361,3367
3368,TR408306,L’Italiano medio,195840.0,6801.0,50.0,Hype,5,962,927,3362,3362,3368
3369,TR425291,Noi no,297600.0,5757.0,38.0,Hype,5,958,922,3363,3363,3369
3370,TR448850,La mia ragazza mena,195840.0,6045.0,50.0,Minimal,5,962,927,3364,3364,3370
3371,TR974603,Tranqi Funky,203026.0,4761.0,54.0,Minimal,5,963,928,3365,3365,3371
3372,TR323384,Due su due,279653.0,5348.0,40.0,Hype,5,958,922,3366,3366,3372
3373,TR356108,PEYOTE,178060.0,4583.0,51.0,Slow Dark,5,959,53,3367,3367,3373
3374,TR572038,Non è un film,251400.0,5339.0,45.0,Minimal,5,958,525,3368,3368,3374
3375,TR254626,Il funkytarro,290093.0,5647.0,43.0,Minimal,5,963,928,3369,3369,3375
3376,TR727691,ELITE,154800.0,5572.0,20.0,Hype,5,959,53,3370,3370,3376
3377,TR822379,2030,285000.0,5539.0,38.0,Melodic,5,963,928,3371,3371,3377
3378,TR857471,Non C’è Rimedio,299573.0,4388.0,26.0,Melodic,5,963,926,3372,3372,3378
3379,TR215097,UN BEL VIAGGIO,218395.0,4189.0,42.0,Fast-Flow,5,964,305,3373,3373,3379
3380,TR103013,Milano Milano,197480.0,5414.0,27.0,Hype,5,958,929,3374,3374,3380
3381,TR379186,A pugni col mondo,237520.0,4751.0,38.0,Fast-Flow,5,962,927,3375,3375,3381
3382,TR654742,Fuck You,253000.0,4880.0,44.0,Slow Dark,5,958,922,3376,3376,3382
3383,TR379787,Senza dubbio,267386.0,4075.0,46.0,Fast-Flow,5,962,927,3377,3377,3383
3384,TR136753,Voglio una lurida,242000.0,4534.0,38.0,Slow Dark,5,960,923,3378,3378,3384
3385,TR722203,L’impresa Eccezionale,284240.0,4080.0,35.0,Melodic,5,963,926,3379,3379,3385
3386,TR415254,NON FINISCE MAI (LA SCUOLA),183533.0,5776.0,35.0,Hype,5,959,53,3380,3380,3386
3387,TR500622,La fidanzata,233240.0,4500.0,40.0,Minimal,5,965,930,3381,3381,3387
3388,TR698475,Così E Cosà,256359.0,5131.0,36.0,Melodic,5,963,536,3382,3382,3388
3389,TR974461,Sputate al re,200254.0,4091.0,30.0,Fast-Flow,5,962,927,3383,3383,3389
3390,TR368517,Nato Per Rappare,288333.0,5349.0,15.0,Melodic,5,961,931,3384,3384,3390
3391,TR325758,Cara mia ex,252360.0,4660.0,32.0,Minimal,5,962,927,3385,3385,3391
3392,TR327271,SoldiSoldiSoldi,296560.0,5815.0,27.0,Hype,5,958,929,3386,3386,3392
3393,TR695879,Un’altra Cosa Che Ho Perso,228533.0,5794.0,34.0,Slow Dark,5,960,923,3387,3387,3393
3394,TR354852,INTRO (SPETTIVI),154960.0,4662.0,24.0,Warm Bangers,5,959,53,3388,3388,3394
3395,TR231911,Così Com’è,203026.0,5820.0,54.0,Melodic,5,963,926,3389,3389,3395
3396,TR937172,I consigli di un pirla,214848.0,6011.0,42.0,Fast-Flow,5,962,927,3390,3390,3396
3397,TR463966,COME GODO,132986.0,5665.0,26.0,Warm Bangers,5,959,53,3391,3391,3397
3398,TR284353,Solo Per Te,366666.0,5706.0,23.0,Melodic,5,961,932,3392,3392,3398
3399,TR348136,VAFFANC*LO PAPÀ,160866.0,4510.0,23.0,Hype,5,959,53,3393,3393,3399
3400,TR786152,Aria,235666.0,5167.0,32.0,Melodic,5,965,933,3394,3394,3400
3401,TR794725,L’ultima bomba in città,210786.0,4146.0,36.0,Hype,5,958,934,3395,3395,3401
3402,TR927155,CLASSICO,165142.0,4202.0,35.0,Hype,5,966,388,3396,3396,3402
3403,TR985857,Gigugin,257533.0,6016.0,28.0,Melodic,5,963,926,3397,3397,3403
3404,TR937876,Fatti Un Giro,222333.0,4667.0,25.0,Slow Dark,5,963,926,3398,3398,3404
3405,TR445842,BLAH! (x5),175322.0,5511.0,28.0,Warm Bangers,5,967,935,3399,3399,3405
3406,TR171437,NEL DRINK,147280.0,5630.0,27.0,Hype,5,959,53,3400,3400,3406
3407,TR551110,LIBERTARIO SURF,183120.0,5733.0,21.0,Hype,5,959,53,3401,3401,3407
3408,TR851942,Sono l’M.C.,297933.0,6014.0,21.0,Melodic,5,963,928,3402,3402,3408
3409,TR508763,La rinascita,334160.0,4495.0,22.0,Minimal,5,965,936,3403,3403,3409
3410,TR605465,Strada Di Città,336666.0,4094.0,20.0,Minimal,5,968,932,3404,3404,3410
3411,TR283307,Guapa loca,335373.0,4837.0,34.0,Slow Dark,5,968,937,3405,3405,3411
3412,TR978015,Senza regole,247706.0,4273.0,34.0,Melodic,5,968,938,3406,3406,3412
3413,TR972778,Bestie mutanti,222066.0,4058.0,31.0,Hype,5,962,927,3407,3407,3413
3414,TR423812,LA FIERA DEL CRINGE,164186.0,4735.0,37.0,Hype,5,959,53,3408,3408,3414
3415,TR885449,Ti Sto Parlando,279000.0,5586.0,18.0,Slow Dark,5,961,939,3409,3409,3415
3416,TR593055,Il mio consiglio,344333.0,5149.0,29.0,Minimal,5,968,937,3410,3410,3416
3417,TR510680,Volume,275306.0,4640.0,40.0,Hype,5,969,940,3411,3411,3417
3418,TR882368,CONTRABBANDO,164920.0,5324.0,28.0,Warm Bangers,5,959,53,3412,3412,3418
3419,TR982072,Io zak e la tromba,227000.0,4478.0,22.0,Melodic,5,960,923,3413,3413,3419
3420,TR158793,Fotti La Censura,277066.0,4041.0,17.0,Melodic,5,961,932,3414,3414,3420
3421,TR804246,Mollami,237626.0,5546.0,13.0,Hype,5,960,923,3415,3415,3421
3422,TR386841,Un Urlo,230933.0,5265.0,26.0,Melodic,5,963,926,3416,3416,3422
3423,TR748980,Così mi tieni,426133.0,5541.0,14.0,Melodic,5,969,536,3417,3417,3423
3424,TR664788,Pere,184413.0,4090.0,34.0,Hype,5,958,922,3418,3418,3424
3425,TR847692,Nessuno,233240.0,5691.0,40.0,Melodic,5,965,933,3419,3419,3425
3426,TR125643,CHI SE NE FREGA DI NOI,163066.0,5254.0,22.0,Hype,5,959,53,3420,3420,3426
3427,TR552465,Cattivo gusto,300560.0,5143.0,18.0,Melodic,5,968,937,3421,3421,3427
3428,TR719912,Come una pietra scalciata,250666.0,5264.0,27.0,Melodic,5,965,936,3422,3422,3428
3429,TR876190,Tu mi fai cantare,260733.0,5746.0,33.0,Minimal,5,968,937,3423,3423,3429
3430,TR972804,Una Per I Miei Fratelli,285000.0,5189.0,12.0,Slow Dark,5,960,923,3424,3424,3430
3431,TR595234,Pifferaio Magico,313333.0,5179.0,28.0,Melodic,5,961,939,3425,3425,3431
3432,TR691181,L’altra metà,281866.0,6000.0,33.0,Fast-Flow,5,958,929,3426,3426,3432
3433,TR283474,Buon sangue non mente,243360.0,5531.0,22.0,Melodic,5,965,535,3427,3427,3433
3434,TR988233,Perché sì!,247706.0,4898.0,34.0,Melodic,5,968,937,3428,3428,3434
3435,TR324410,Nato Sbagliato,222613.0,5432.0,32.0,Hype,5,970,941,3429,3429,3435
3436,TR359755,Questo È Il Nostro Stile,294333.0,4792.0,12.0,Melodic,5,961,932,3430,3430,3436
3437,TR491993,La canzone del dito,194120.0,4472.0,34.0,Fast-Flow,5,962,927,3431,3431,3437
3438,TR893693,CONTADINO,199773.0,5208.0,21.0,Warm Bangers,5,959,53,3432,3432,3438
3439,TR352777,Passa il funk,314466.0,5875.0,21.0,Hype,5,958,929,3433,3433,3439
3440,TR636283,Latin Lover,253800.0,5878.0,25.0,Melodic,5,963,926,3434,3434,3440
3441,TR444923,Adriano Vacci Piano,286000.0,4699.0,15.0,Hype,5,960,942,3435,3435,3441
3442,TR136199,Dall’altra parte della strada,247200.0,5070.0,18.0,Slow Dark,5,965,933,3436,3436,3442
3443,TR365029,Non so cos’è,222466.0,4436.0,18.0,Melodic,5,965,933,3437,3437,3443
3444,TR434027,UNA COSA BENE,170056.0,6009.0,38.0,Slow Dark,5,959,943,3438,3438,3444
3445,TR316424,Messa di Vespiri,260600.0,5982.0,43.0,Hype,5,960,923,3439,3439,3445
3446,TR764899,Vai bello,208800.0,5315.0,20.0,Slow Dark,5,965,936,3440,3440,3446
3447,TR786972,Commodore 64 vs PC,156014.0,5625.0,25.0,Hype,5,962,927,3441,3441,3447
3448,TR850080,NON HO VOGLIA (DISCO PARTY),168026.0,5446.0,21.0,Hype,5,959,53,3442,3442,3448
3449,TR537587,Strada di città 2000,336666.0,5203.0,20.0,Minimal,5,968,937,3443,3443,3449
3450,TR999898,RARRA,153640.0,4119.0,16.0,Hype,5,959,53,3444,3444,3450
3451,TR672026,È Natale (ma io non ci sto dentro),263000.0,4925.0,15.0,Hype,5,969,940,3445,3445,3451
3452,TR308788,Con Le Buone,289560.0,5365.0,25.0,Melodic,5,963,926,3446,3446,3452
3453,TR591192,IO MI ROMPO,180271.0,5371.0,21.0,Hype,5,971,53,3447,3447,3453
3454,TR542786,Barbecue,182000.0,4761.0,28.0,Minimal,5,970,941,3448,3448,3454
3455,TR304282,Sono Fuori,241506.0,5902.0,23.0,Melodic,5,963,926,3449,3449,3455
3456,TR114174,144/0031,143000.0,4347.0,12.0,Minimal,5,960,923,3450,3450,3456
3457,TR444213,Venerdì,278426.0,5016.0,28.0,Melodic,5,965,527,3451,3451,3457
3458,TR275810,FILOSOFIA DEL FUCK-OFF,180271.0,5396.0,21.0,Melodic,5,971,944,3452,3452,3458
3459,TR358321,Ouh!,226466.0,5410.0,16.0,Melodic,5,968,937,3453,3453,3459
3460,TR991966,Luna park mentale,242600.0,5313.0,22.0,Melodic,5,968,937,3454,3454,3460
3461,TR156869,Sulla stessa corsia,279960.0,4564.0,13.0,Minimal,5,968,937,3455,3455,3461
3462,TR591881,Legge Del Taglione,223666.0,4325.0,14.0,Slow Dark,5,961,939,3456,3456,3462
3463,TR916089,1972,173348.0,5287.0,27.0,Fast-Flow,5,962,945,3457,3457,3463
3464,TR530675,La bocca della verità,50573.0,5213.0,10.0,Minimal,5,968,937,3458,3458,3464
3465,TR673318,Come uno su mille,250266.0,4371.0,17.0,Melodic,5,965,933,3459,3459,3465
3466,TR176967,Fino in fondo,250266.0,5427.0,20.0,Slow Dark,5,968,937,3460,3460,3466
3467,TR423436,Il mondo dove vivo,229493.0,4925.0,14.0,Melodic,5,965,933,3461,3461,3467
3468,TR937665,Cavalieri senza Re,231973.0,5351.0,21.0,Melodic,5,972,928,3462,3462,3468
3469,TR393877,La finestra,339800.0,5690.0,22.0,Minimal,5,962,927,3463,3463,3469
3470,TR701196,Caravita,180493.0,4352.0,27.0,Fast-Flow,5,962,927,3464,3464,3470
3471,TR457962,Ti Tiro Scemo,286000.0,4051.0,15.0,Slow Dark,5,960,923,3465,3465,3471
3472,TR821180,Il Mio Fuoco,233666.0,5574.0,14.0,Melodic,5,960,923,3466,3466,3472
3473,TR650109,Non c’è sveglia,188306.0,5234.0,26.0,Melodic,5,965,933,3467,3467,3473
3474,TR700254,Fatti In Là,204000.0,5415.0,20.0,Melodic,5,963,926,3468,3468,3474
3475,TR244186,Tocca A Me,259640.0,5693.0,22.0,Slow Dark,5,963,926,3469,3469,3475
3476,TR925824,La Ballata Di Johnny Cannuccia,233240.0,5622.0,40.0,Fast-Flow,5,965,929,3470,3470,3476
3477,TR461800,Manate,121986.0,5938.0,26.0,Hype,5,962,927,3471,3471,3477
3478,TR520782,Mr. Gilet Di Pelle,275666.0,5089.0,18.0,Slow Dark,5,960,923,3472,3472,3478
3479,TR903275,D.J. Jad,311493.0,4992.0,11.0,Melodic,5,961,932,3473,3473,3479
3480,TR436272,The Banana Splits,115026.0,4818.0,19.0,Hype,5,958,934,3474,3474,3480
3481,TR212790,Donna facile,236626.0,4321.0,16.0,Slow Dark,5,968,937,3475,3475,3481
3482,TR346272,Stella sola,307666.0,5159.0,14.0,Minimal,5,968,937,3476,3476,3482
3483,TR844211,Intro,154960.0,4565.0,24.0,Warm Bangers,5,959,932,3477,3477,3483
3484,TR459600,La nuova stella del pop (numero 1 in Italia),219858.0,5862.0,25.0,Slow Dark,5,962,946,3478,3478,3484
3485,TR894937,Cantico Errante Di Due D.J. Notturni,169333.0,5181.0,12.0,Melodic,5,961,932,3479,3479,3485
3486,TR819873,Posso Entrare?,102826.0,5200.0,11.0,Minimal,5,960,923,3480,3480,3486
3487,TR899240,Il motivo,290293.0,4723.0,14.0,Minimal,5,968,937,3481,3481,3487
3488,TR510976,Prima qualità,116826.0,4115.0,20.0,Melodic,5,962,927,3482,3482,3488
3489,TR818382,Davanti alla tv,221000.0,4075.0,15.0,Melodic,5,965,933,3483,3483,3489
3490,TR772482,Il parto,40240.0,4860.0,10.0,Minimal,5,965,936,3484,3484,3490
3491,TR747538,Lega... L...,284240.0,4182.0,13.0,Hype,5,973,923,3485,3485,3491
3492,TR245362,Capodanno Danno,221106.0,5231.0,4.0,Hype,5,974,932,3486,3486,3492
3493,TR556661,Se ti muovi,262306.0,5780.0,15.0,Slow Dark,5,968,937,3487,3487,3493
3494,TR716382,Andiamo A Lavorare,100800.0,5781.0,10.0,Minimal,5,960,923,3488,3488,3494
3495,TR513688,Libero Stile Uno,71333.0,5332.0,12.0,Fast-Flow,5,960,923,3489,3489,3495
3496,TR301588,Così e cosà (RMX ’97),280600.0,4436.0,3.0,Slow Dark,5,975,947,3490,3490,3496
3497,TR263841,Per Sabino,76106.0,5742.0,12.0,Minimal,5,965,933,3491,3491,3497
3498,TR329324,Da Un Nastro,36840.0,5788.0,19.0,Clean,5,963,926,3492,3492,3498
3499,TR332748,La frase,118133.0,4404.0,11.0,Minimal,5,965,933,3493,3493,3499
3500,TR274886,Scacco matto,51933.0,5489.0,12.0,Melodic,5,965,933,3494,3494,3500
3501,TR433393,Lasciami Fare,71333.0,4586.0,9.0,Melodic,5,960,923,3495,3495,3501
3502,TR540919,Libero Stile Due,74373.0,5620.0,11.0,Fast-Flow,5,960,923,3496,3496,3502
3503,TR933909,Non Ce La Fai,32000.0,6013.0,32.0,Minimal,5,960,923,3497,3497,3503
3504,TR321374,Dammi Retta,22000.0,4072.0,0.0,Minimal,5,960,942,3498,3498,3504
3505,TR887543,L’irruzione,93773.0,5810.0,10.0,Minimal,5,968,937,3499,3499,3505
3506,TR178689,È Già Storia,160333.0,5260.0,11.0,Melodic,5,960,942,3500,3500,3506
3507,TR697838,Meus Queridos Fas,20333.0,5964.0,0.0,Clean,5,960,948,3501,3501,3507
3508,TR248974,Raptuz rock,187000.0,4942.0,11.0,Melodic,5,968,937,3502,3502,3508
3509,TR292128,Il mio viaggio,239114.0,5711.0,17.0,Minimal,5,962,949,3503,3503,3509
3510,TR983804,Funkytarro (Versione acustica),290400.0,4137.0,10.0,Fast-Flow,5,973,928,3504,3504,3510
3511,TR421131,Spaghetti Funk (Versione Shakerata Strumentale),368333.0,4684.0,1.0,Melodic,5,976,928,3505,3505,3511
3512,TR208132,Spaghetti Funk (Strumentale),375373.0,4146.0,1.0,Melodic,5,976,928,3506,3506,3512
3513,TR859656,Capodanno Danno (Strumentale),224066.0,5968.0,0.0,Hype,5,974,932,3507,3507,3513
3514,TR599386,È Natale (Ma Io Non Ci Sto Dentro) (Strumentale),224066.0,5649.0,0.0,Slow Dark,5,974,950,3508,3508,3514
3515,TR863562,Così mi tieni (Strumentale),426520.0,5721.0,1.0,Melodic,5,975,536,3509,3509,3515
3516,TR501665,Beat Box (Per Improvvisare),123466.0,5893.0,0.0,Melodic,5,974,932,3510,3510,3516
3517,TR329724,Funkytarro (Versione strumentale),290533.0,4182.0,2.0,Slow Dark,5,977,928,3511,3511,3517
3518,TR514068,Cavalieri senza Re (Versione strumentale),398626.0,4784.0,1.0,Melodic,5,977,928,3512,3512,3518
3519,TR142400,Così e cosà (RMX ’97 Strumentale),279733.0,4153.0,1.0,Melodic,5,975,536,3513,3513,3519
3520,TR518279,Aspettando il sole,312000.0,40889.0,57.0,Minimal,70,978,928,3514,3514,3520
3521,TR996180,In Linea,281333.0,16582.0,44.0,Slow Dark,70,978,928,3515,3515,3521
3522,TR395546,I Messaggeri Pt. 1,309506.0,16180.0,35.0,Melodic,70,978,928,3516,3516,3522
3523,TR721669,L’incognita,222186.0,14858.0,36.0,Melodic,70,979,369,3517,3517,3523
3524,TR578728,I Messaggeri Pt. 2,309506.0,11563.0,35.0,Melodic,70,978,928,3518,3518,3524
3525,TR625294,Strategie dell’universo,294973.0,11023.0,26.0,Melodic,70,980,951,3519,3519,3525
3526,TR861964,Guerra e pace,253360.0,10862.0,60.0,Melodic,70,981,951,3520,3520,3526
3527,TR966887,Il mondo nuovo,238560.0,13358.0,49.0,Fast-Flow,70,982,345,3521,3521,3527
3528,TR235538,Aggio Perzo ’o Suonno,182977.0,11811.0,43.0,Slow Dark,70,983,876,3522,3522,3528
3529,TR967856,La mia signorina,202613.0,11923.0,54.0,Minimal,70,984,952,3523,3523,3529
3530,TR412488,Lontano Dal Tuo Sole,220973.0,9651.0,50.0,Slow Dark,70,985,953,3524,3524,3530
3531,TR151040,Dove sei,239946.0,8817.0,53.0,Hype,70,986,890,3525,3525,3531
3532,TR729807,La Ballotta,320493.0,10391.0,40.0,Fast-Flow,70,978,954,3526,3526,3532
3533,TR468877,Gran finesse,232693.0,7406.0,33.0,Slow Dark,70,979,369,3527,3527,3533
3534,TR749625,TROPPAweed,165000.0,7292.0,55.0,Fast-Flow,70,987,274,3528,3528,3534
3535,TR752381,Cuoreapezzi,157331.0,7054.0,53.0,Fast-Flow,70,987,274,3529,3529,3535
3536,TR535086,Cambierà,249533.0,6171.0,49.0,Minimal,70,982,955,3530,3530,3536
3537,TR925952,FoglieMorte,177333.0,6463.0,52.0,Slow Dark,70,988,470,3531,3531,3537
3538,TR960201,Carcere a vita,135426.0,5882.0,31.0,Slow Dark,70,980,951,3532,3532,3538
3539,TR652049,Canerandagio,189216.0,6440.0,49.0,Slow Dark,70,987,75,3533,3533,3539
3540,TR219874,Puoi Sentire Il Funk,249506.0,4755.0,33.0,Hype,70,978,928,3534,3534,3540
3541,TR966683,Miraggio,171307.0,4800.0,53.0,Warm Bangers,70,987,274,3535,3535,3541
3542,TR519010,Solo Un Altro Giorno,314266.0,6022.0,39.0,Slow Dark,70,978,926,3536,3536,3542
3543,TR548126,Funk-A-Un,226973.0,4572.0,31.0,Melodic,70,979,369,3537,3537,3543
3544,TR419301,Prima di andare via,231093.0,4917.0,56.0,Minimal,70,989,956,3538,3538,3544
3545,TR455097,Sigarette,184013.0,5872.0,45.0,Slow Dark,70,990,957,3539,3539,3545
3546,TR539448,Hype (nuoveindagini),177888.0,4322.0,53.0,Melodic,70,987,274,3540,3540,3546
3547,TR485812,Non tradire mai,277946.0,4178.0,28.0,Minimal,70,980,951,3541,3541,3547
3548,TR860324,Navigherò la notte,298493.0,4985.0,31.0,Slow Dark,70,980,951,3542,3542,3548
3549,TR599026,Tuttelestelle,182065.0,4618.0,50.0,Slow Dark,70,987,274,3543,3543,3549
3550,TR880884,Bufera,150000.0,5141.0,54.0,Slow Dark,70,987,274,3544,3544,3550
3551,TR491025,Solo fumo,269973.0,5625.0,25.0,Melodic,70,980,951,3545,3545,3551
3552,TR991077,Perdersi&ritorno,168488.0,4287.0,49.0,Slow Dark,70,987,274,3546,3546,3552
3553,TR279791,Freaky Funk Flow,261320.0,5176.0,26.0,Melodic,70,980,951,3547,3547,3553
3554,TR517096,To The Death,272026.0,5024.0,27.0,Melodic,70,978,928,3548,3548,3554
3555,TR267751,Littlefunkyintro,89382.0,4300.0,49.0,Melodic,70,987,316,3549,3549,3555
3556,TR263508,I Fieri Bboyz,254106.0,5263.0,34.0,Minimal,70,991,926,3550,3550,3556
3557,TR252498,Stare al mondo,217333.0,4562.0,25.0,Fast-Flow,70,979,369,3551,3551,3557
3558,TR807996,Dove Sei (RMX),226906.0,4992.0,82.0,Minimal,70,992,958,3552,3552,3558
3559,TR727867,Vento freddo,213000.0,4177.0,25.0,Slow Dark,70,980,951,3553,3553,3559
3560,TR415787,Quando sorridi,211786.0,4934.0,43.0,Hype,70,986,959,3554,3554,3560
3561,TR841445,XYZ,255920.0,4628.0,18.0,Melodic,70,979,369,3555,3555,3561
3562,TR701626,Suona Ancora,285200.0,5662.0,26.0,Melodic,70,980,951,3556,3556,3562
3563,TR355098,Lo Spirito Della Dopa,283000.0,4126.0,28.0,Fast-Flow,70,978,926,3557,3557,3563
3564,TR768941,Dopamina,101000.0,4850.0,29.0,Minimal,70,978,928,3558,3558,3564
3565,TR963213,El Chico Loco,279333.0,4931.0,25.0,Minimal,70,978,928,3559,3559,3565
3566,TR363488,Tutto può succedere,262106.0,5468.0,25.0,Hype,70,980,951,3560,3560,3566
3567,TR604152,Molto calmo,239946.0,5166.0,53.0,Slow Dark,70,986,960,3561,3561,3567
3568,TR801011,Nella pioggia,276693.0,5350.0,22.0,Minimal,70,980,930,3562,3562,3568
3569,TR435691,Il resto è nella mente,86373.0,5568.0,22.0,Melodic,70,980,951,3563,3563,3569
3570,TR682520,Argiento,167155.0,5741.0,46.0,Slow Dark,70,987,274,3564,3564,3570
3571,TR517834,Aldilà del blu,157600.0,4640.0,18.0,Hype,70,980,951,3565,3565,3571
3572,TR233861,Elementi,293160.0,5091.0,39.0,Melodic,70,980,951,3566,3566,3572
3573,TR212753,AmarAmmore,182465.0,5696.0,36.0,Minimal,70,993,1,3567,3567,3573
3574,TR508620,Parole liquide,122000.0,5996.0,17.0,Minimal,70,980,951,3568,3568,3574
3575,TR834246,Wicked Man,116000.0,5795.0,29.0,Minimal,70,978,926,3569,3569,3575
3576,TR333551,Nessuno,221960.0,4757.0,37.0,Minimal,70,985,961,3570,3570,3576
3577,TR789078,Mistiche vibre,268040.0,4403.0,30.0,Fast-Flow,70,984,962,3571,3571,3577
3578,TR781060,L’anima,131826.0,4993.0,13.0,Melodic,70,986,890,3572,3572,3578
3579,TR292480,Boogie Loogie Bpm,86760.0,5497.0,26.0,Melodic,70,980,951,3573,3573,3579
3580,TR930012,Un piccolo ricordo di Maria,222800.0,5000.0,15.0,Slow Dark,70,990,339,3574,3574,3580
3581,TR999778,Nn’è Cagnato Niente,209631.0,4982.0,18.0,Slow Dark,70,993,1,3575,3575,3581
3582,TR682877,Le Ore Piccole,135026.0,5693.0,40.0,Minimal,70,994,285,3576,3576,3582
3583,TR454967,Passione,230200.0,4736.0,42.0,Minimal,70,995,963,3577,3577,3583
3584,TR732784,Ragazzina illusa,340386.0,5736.0,20.0,Fast-Flow,70,989,964,3578,3578,3584
3585,TR587652,Sogni e nostalgia,185520.0,4828.0,30.0,Slow Dark,70,990,564,3579,3579,3585
3586,TR950263,Il Funk Dopo La Morte,33933.0,4669.0,23.0,Minimal,70,978,928,3580,3580,3586
3587,TR219490,Crociera,36866.0,4921.0,24.0,Minimal,70,978,926,3581,3581,3587
3588,TR379950,Picceré,177582.0,5539.0,18.0,Fast-Flow,70,993,1,3582,3582,3588
3589,TR273712,Distante,227773.0,4264.0,20.0,Hype,70,985,961,3583,3583,3589
3590,TR238511,Pressure (Ak Nine Prophecy),266906.0,4406.0,16.0,Melodic,70,980,951,3584,3584,3590
3591,TR879709,Scordati di me,368853.0,5920.0,15.0,Slow Dark,70,984,962,3585,3585,3591
3592,TR732563,Tutto il tempo,333000.0,4363.0,14.0,Minimal,70,984,962,3586,3586,3592
3593,TR266859,T’Aggia Verè,225963.0,5150.0,16.0,Slow Dark,70,993,1,3587,3587,3593
3594,TR304841,Fujevo,173732.0,5174.0,17.0,Fast-Flow,70,993,1,3588,3588,3594
3595,TR540972,Come mai,220933.0,4994.0,35.0,Minimal,70,989,285,3589,3589,3595
3596,TR296139,Alla fermata,269480.0,5305.0,15.0,Hype,70,984,962,3590,3590,3596
3597,TR322321,La mia stella,255280.0,4472.0,13.0,Slow Dark,70,985,961,3591,3591,3597
3598,TR408802,Quando finisce così,228106.0,5120.0,33.0,Slow Dark,70,989,964,3592,3592,3598
3599,TR621119,Ti perderò,221773.0,4757.0,16.0,Slow Dark,70,984,962,3593,3593,3599
3600,TR316942,Colpisci,181386.0,5339.0,20.0,Fast-Flow,70,990,339,3594,3594,3600
3601,TR716382,Storie che non esistono,183226.0,4295.0,15.0,Fast-Flow,70,986,890,3488,3488,3601
3602,TR549036,Sopra le nuvole,221484.0,5156.0,14.0,Minimal,70,986,890,3595,3595,3602
3603,TR784203,Guardo il cielo,177906.0,4382.0,15.0,Slow Dark,70,989,964,3596,3596,3603
3604,TR613224,Catene,194997.0,4570.0,12.0,Fast-Flow,70,993,1,3597,3597,3604
3605,TR975356,Arrivi e partenze,202613.0,4450.0,54.0,Slow Dark,70,984,962,3598,3598,3605
3606,TR975801,Resistenza,184013.0,4378.0,45.0,Slow Dark,70,990,339,3599,3599,3606
3607,TR321464,Andare avanti,254213.0,5667.0,11.0,Slow Dark,70,984,962,3600,3600,3607
3608,TR149394,N’Abbraccio,98626.0,4583.0,16.0,Minimal,70,993,1,3601,3601,3608
3609,TR749499,Mi manchi tu,196920.0,5871.0,16.0,Fast-Flow,70,982,963,3602,3602,3609
3610,TR181555,La Notte,214293.0,5957.0,33.0,Slow Dark,70,982,965,3603,3603,3610
3611,TR188431,Lady,198853.0,5156.0,32.0,Melodic,70,989,964,3604,3604,3611
3612,TR406699,Qualcosa di più,287786.0,4298.0,20.0,Slow Dark,70,985,961,3605,3605,3612
3613,TR657929,Affianc’a Te,169591.0,4763.0,14.0,Minimal,70,993,1,3606,3606,3613
3614,TR465077,Per sognare ancora,194573.0,5613.0,24.0,Fast-Flow,70,986,894,3607,3607,3614
3615,TR193746,Sano e salvo,225533.0,4749.0,16.0,Slow Dark,70,984,962,3608,3608,3615
3616,TR796688,Le ragazze sole,228053.0,4186.0,14.0,Hype,70,989,964,3609,3609,3616
3617,TR305204,’O Sarracino,170080.0,5128.0,29.0,Fast-Flow,70,990,339,3610,3610,3617
3618,TR241630,Tempo che se ne va,195893.0,5707.0,18.0,Fast-Flow,70,986,894,3611,3611,3618
3619,TR525507,Neffa,253360.0,5608.0,60.0,Minimal,70,981,928,3612,3612,3619
3620,TR664736,Si Me Salve Tu,177754.0,4363.0,13.0,Slow Dark,70,993,1,3613,3613,3620
3621,TR106804,Tu Non Mi Manchi,196920.0,5361.0,16.0,Fast-Flow,70,982,963,3614,3614,3621
3622,TR699575,Bellissima,259226.0,4454.0,12.0,Slow Dark,70,985,961,3615,3615,3622
3623,TR136575,La nostra verità,310013.0,4449.0,16.0,Slow Dark,70,989,964,3616,3616,3623
3624,TR832044,Disperato,293000.0,5766.0,18.0,Hype,70,989,964,3617,3617,3624
3625,TR297767,Speranza,218851.0,4511.0,11.0,Slow Dark,70,993,966,3618,3618,3625
3626,TR882212,Non tornerò,129613.0,4539.0,16.0,Fast-Flow,70,989,964,3619,3619,3626
3627,TR742153,Giorni d’estate,228360.0,4013.0,12.0,Fast-Flow,70,985,961,3620,3620,3627
3628,TR585659,Saccio Ca Putesse,202568.0,5757.0,11.0,Slow Dark,70,993,1,3621,3621,3628
3629,TR771139,Luna Nuova,329106.0,5601.0,16.0,Slow Dark,70,982,963,3622,3622,3629
3630,TR683909,Satellite,215093.0,5270.0,11.0,Slow Dark,70,985,961,3623,3623,3630
3631,TR447083,Vieni con me,316600.0,5518.0,17.0,Melodic,70,989,964,3624,3624,3631
3632,TR138637,Tentazioni,86373.0,4316.0,10.0,Minimal,70,984,962,3625,3625,3632
3633,TR308085,Ancora non lo so,205440.0,4930.0,14.0,Fast-Flow,70,989,964,3626,3626,3633
3634,TR596538,Blu,170080.0,4717.0,29.0,Slow Dark,70,990,339,3627,3627,3634
3635,TR303101,Per fortuna c’è il mare,198440.0,4200.0,12.0,Fast-Flow,70,990,339,3628,3628,3635
3636,TR128819,In un sogno,258398.0,4987.0,12.0,Slow Dark,70,985,967,3629,3629,3636
3637,TR943681,La strada facile,242226.0,5859.0,17.0,Slow Dark,70,986,958,3630,3630,3637
3638,TR590881,Allaccia la cintura,75933.0,4090.0,14.0,Warm Bangers,70,986,894,3631,3631,3638
3639,TR586983,Tanta Luce,230653.0,4596.0,20.0,Slow Dark,70,982,965,3632,3632,3639
3640,TR865520,0 tempo e 0 vento,483532.0,4429.0,21.0,Hype,70,996,964,3633,3633,3640
3641,TR254090,Sunshiny Day,145693.0,4488.0,13.0,Slow Dark,70,989,964,3634,3634,3641
3642,TR658102,Funky mirandola,282840.0,5833.0,15.0,Slow Dark,70,984,962,3635,3635,3642
3643,TR895238,"Dubai (Why, Oh Why)",186333.0,4950.0,11.0,Minimal,70,990,339,3636,3636,3643
3644,TR920497,Twit,202253.0,4947.0,11.0,Slow Dark,70,990,339,3637,3637,3644
3645,TR936960,Senza Ali,288160.0,5537.0,20.0,Fast-Flow,70,982,965,3638,3638,3645
3646,TR167355,Che Sarà Sarà,212626.0,4321.0,17.0,Minimal,70,982,963,3639,3639,3646
3647,TR260929,Solo così,252666.0,4989.0,13.0,Hype,70,985,961,3640,3640,3647
3648,TR508800,Vieni Appena Puoi,259933.0,4873.0,16.0,Slow Dark,70,982,963,3641,3641,3648
3649,TR584738,Occhi chiusi,166800.0,5209.0,9.0,Fast-Flow,70,990,695,3642,3642,3649
3650,TR706885,Tutto Tu,262106.0,6017.0,25.0,Fast-Flow,70,980,535,3643,3643,3650
3651,TR932816,Venere,173160.0,5555.0,14.0,Slow Dark,70,982,963,3644,3644,3651
3652,TR810076,Giorni e giorni,228360.0,4810.0,12.0,Fast-Flow,70,985,695,3645,3645,3652
3653,TR529741,Ma jolie,174320.0,5672.0,10.0,Slow Dark,70,990,339,3646,3646,3653
3654,TR941819,Già da un po’,269973.0,4354.0,25.0,Melodic,70,980,345,3647,3647,3654
3655,TR416509,Catalogo,188680.0,4073.0,10.0,Slow Dark,70,990,339,3648,3648,3655
3656,TR347592,Mostro,231306.0,4423.0,12.0,Hype,70,986,890,3649,3649,3656
3657,TR237970,Realtà,182186.0,4694.0,9.0,Slow Dark,70,990,578,3650,3650,3657
3658,TR233383,Lampadine,190746.0,5035.0,8.0,Slow Dark,70,990,695,3651,3651,3658
3659,TR757999,L’epicentro del funk,281333.0,5245.0,44.0,Minimal,70,978,536,3652,3652,3659
3660,TR321383,Luce oro,231920.0,5836.0,13.0,Warm Bangers,70,986,894,3653,3653,3660
3661,TR410952,The Hill,261000.0,5034.0,8.0,Fast-Flow,70,985,961,3654,3654,3661
3662,TR362904,Passione - new version,190112.0,5016.0,3.0,Minimal,70,997,83,3655,3655,3662
3663,TR968335,Laura,241120.0,4111.0,14.0,Warm Bangers,70,984,962,3656,3656,3663
3664,TR219707,Alpha 2000,288626.0,4081.0,10.0,Slow Dark,70,984,962,3657,3657,3664
3665,TR125935,Ebby & Nike Pt.2,377426.0,5116.0,20.0,Minimal,70,998,536,3658,3658,3665
3666,TR731604,Summertime,265306.0,4890.0,7.0,Minimal,70,985,961,3659,3659,3666
3667,TR887843,Intro,26026.0,5694.0,0.0,Melodic,70,989,964,3660,3660,3667
3668,TR_408376,Quelli che benpensano,196672.5,65152.0,32.0,Slow Dark,36,583,536,3661,3661,3668
3669,TR_519170,Autodafè,196672.5,4061.0,32.0,Melodic,36,583,968,3662,3662,3669
3670,TR_771768,Fight da faida,196672.5,4912.0,32.0,Slow Dark,36,583,969,3663,3663,3670
3671,TR_881302,Giù le mani da Caino,196672.5,4486.0,32.0,Melodic,36,583,536,3664,3664,3671
3672,TR_122537,Pedala,196672.5,4110.0,32.0,Warm Bangers,36,583,970,3665,3665,3672
3673,TR_754398,Accendimi...,196672.5,5463.0,32.0,Melodic,36,583,536,3666,3666,3673
3674,TR_503941,Fili,196672.5,4235.0,32.0,Slow Dark,36,583,536,3667,3667,3674
3675,TR_705072,Rap Lamento,196672.5,5231.0,32.0,Melodic,36,583,971,3668,3668,3675
3676,TR_423656,Cali di tensione,196672.5,4575.0,32.0,Slow Dark,36,583,621,3669,3669,3676
3677,TR_255439,Cubetti tricolori,196672.5,4357.0,32.0,Melodic,36,583,536,3670,3670,3677
3678,TR_197468,Faccio la mia cosa,196672.5,4772.0,32.0,Minimal,36,583,932,3671,3671,3678
3679,TR_178115,Libri Di Sangue,196672.5,5618.0,32.0,Melodic,36,583,932,3672,3672,3679
3680,TR_123558,Potere Alla Parola,196672.5,4797.0,32.0,Minimal,36,583,932,3673,3673,3680
3681,TR_120588,Nuvole,196672.5,5514.0,32.0,Warm Bangers,36,583,502,3674,3674,3681
3682,TR_670088,Il beat come anestetico,196672.5,4262.0,32.0,Melodic,36,583,536,3675,3675,3682
3683,TR_813952,Disconnetti Il Potere,196672.5,5562.0,32.0,Melodic,36,583,932,3676,3676,3683
3684,TR_693169,La cattura,196672.5,4486.0,32.0,Melodic,36,583,536,3677,3677,3684
3685,TR_985675,Chiedi Chiedi,196672.5,5370.0,32.0,Minimal,36,583,964,3678,3678,3685
3686,TR_223826,Incipit,196672.5,5144.0,32.0,Melodic,36,583,536,3679,3679,3686
3687,TR_348044,"Omaggio, Tributo, Riconoscimento",196672.5,5874.0,32.0,Melodic,36,583,932,3680,3680,3687
3688,TR_947566,L’ovvio,196672.5,4787.0,32.0,Warm Bangers,36,583,970,3681,3681,3688
3689,TR_577946,Manovra a tenaglia,196672.5,4143.0,32.0,Melodic,36,583,968,3682,3682,3689
3690,TR_216004,Entro,196672.5,4048.0,32.0,Melodic,36,583,932,3683,3683,3690
3691,TR_847605,Il Bianco E Il Nero,196672.5,5669.0,32.0,Minimal,36,583,932,3684,3684,3691
3692,TR_537310,Rivoluzione,196672.5,5063.0,32.0,Minimal,36,583,972,3685,3685,3692
3693,TR_363278,Combatto La Tua Idea,196672.5,5567.0,32.0,Minimal,36,583,932,3686,3686,3693
3694,TR_649772,Gli Accontentabili,196672.5,4481.0,32.0,Warm Bangers,36,583,973,3687,3687,3694
3695,TR_688414,L’inutile,196672.5,4704.0,32.0,Melodic,36,583,973,3688,3688,3695
3696,TR_955925,Storia Di Molti,196672.5,4071.0,32.0,Minimal,36,583,932,3689,3689,3696
3697,TR_670292,Calma... Calma...,196672.5,5938.0,32.0,Melodic,36,583,932,3690,3690,3697
3698,TR_268445,Area 51,196672.5,5349.0,32.0,Minimal,36,583,968,3691,3691,3698
3699,TR_465192,Etna,196672.5,5882.0,32.0,Melodic,36,583,932,3692,3692,3699
3700,TR_669006,Passaporto Per Resistere,196672.5,4543.0,32.0,Melodic,36,583,588,3693,3693,3700
3701,TR_891224,Essere umani,196672.5,5238.0,32.0,Hype,36,583,970,3694,3694,3701
3702,TR_379799,Pugni in tasca,196672.5,5373.0,32.0,Minimal,36,583,974,3695,3695,3702
3703,TR_555224,Note psichedeliche d’ambiente,196672.5,4648.0,32.0,Minimal,36,583,968,3696,3696,3703
3704,TR_530978,Sana e robusta,196672.5,5713.0,32.0,Slow Dark,36,583,973,3697,3697,3704
3705,TR_529965,Dimmi Dimmi Tu,196672.5,5910.0,32.0,Melodic,36,583,681,3698,3698,3705
3706,TR_832454,Pace E Guerra,196672.5,5787.0,32.0,Minimal,36,583,932,3699,3699,3706
3707,TR_669336,Libri Di Sangue (Radio Mix),196672.5,5493.0,32.0,Melodic,36,583,932,3700,3700,3707
3708,TR_707154,Generazione Di Mostri,196672.5,4567.0,32.0,Melodic,36,583,973,3701,3701,3708
3709,TR_593750,Animanera,196672.5,4576.0,32.0,Melodic,36,583,973,3702,3702,3709
3710,TR_209885,Precariato,196672.5,5944.0,32.0,Hype,36,583,974,3703,3703,3710
3711,TR_857820,Virus,196672.5,4031.0,32.0,Melodic,36,583,971,3704,3704,3711
3712,TR_451898,Il Sonno Della Ragione,196672.5,5447.0,32.0,Clean,36,583,531,3705,3705,3712
3713,TR_714723,Direttore,196672.5,5428.0,32.0,Hype,36,583,974,3706,3706,3713
3714,TR_810654,I Trafficati,196672.5,5260.0,32.0,Warm Bangers,36,583,973,3707,3707,3714
3715,TR_178795,Chicco e Spillo,196672.5,5996.0,32.0,Slow Dark,36,583,974,3708,3708,3715
3716,TR_418296,Outcipit,196672.5,4636.0,32.0,Minimal,36,583,968,3709,3709,3716
3717,TR_563139,Voci di Piazza,196672.5,4693.0,32.0,Fast-Flow,36,583,973,3710,3710,3717
3718,TR_521479,Cane Inane,196672.5,4169.0,32.0,Melodic,36,583,973,3711,3711,3718
3719,TR_158645,Zero a zero,196672.5,4898.0,32.0,Melodic,36,583,973,3712,3712,3719
3720,TR_504327,Potere Alla Parola (Release 2.1),196672.5,4534.0,32.0,Minimal,36,583,975,3713,3713,3720
3721,TR_251708,Un uomo è vivo,196672.5,4699.0,32.0,Slow Dark,36,583,970,3714,3714,3721
3722,TR_672575,O Tempora O Mores,196672.5,5683.0,32.0,Melodic,36,583,973,3715,3715,3722
3723,TR_799732,Morsi E Rimorsi,196672.5,5886.0,32.0,Melodic,36,583,973,3716,3716,3723
3724,TR_916832,Esco,196672.5,4384.0,32.0,Minimal,36,583,932,3717,3717,3724
3725,TR_751449,Anoniman,196672.5,4759.0,32.0,Slow Dark,36,583,974,3718,3718,3725
3726,TR_265640,Le Perdute Ali dell’Olecrano,196672.5,5872.0,32.0,Fast-Flow,36,583,973,3719,3719,3726
3727,TR_906700,Quelli che benpensano (Versione 2005),196672.5,4135.0,32.0,Slow Dark,36,583,368,3720,3720,3727
3728,TR_391190,Il Giocattolo,196672.5,4194.0,32.0,Warm Bangers,36,583,974,3721,3721,3728
3729,TR_306993,Prima,196672.5,4338.0,32.0,Minimal,36,583,973,3722,3722,3729
3730,TR_476491,Call-Center,196672.5,5203.0,32.0,Melodic,36,583,974,3723,3723,3730
3731,TR_532342,Atteso imprevedibile,196672.5,4312.0,32.0,Warm Bangers,36,583,970,3724,3724,3731
3732,TR_674616,Dopo,196672.5,5953.0,32.0,Minimal,36,583,973,3725,3725,3732
3733,TR_973011,Potere Alla Parola (Versione 2005),196672.5,4906.0,32.0,Warm Bangers,36,583,368,3726,3726,3733
3734,TR_821623,Cortesie,196672.5,5016.0,32.0,Warm Bangers,36,583,681,3727,3727,3734
3735,TR_439025,Estate 2020,196672.5,4504.0,32.0,Warm Bangers,36,583,976,3728,3728,3735
3736,TR_648713,Squarto Uomo,196672.5,4954.0,32.0,Warm Bangers,36,583,974,3729,3729,3736
3737,TR_440518,Elefante,196672.5,5337.0,32.0,Warm Bangers,36,583,681,3730,3730,3737
3738,TR_502103,Mattatoy,196672.5,5517.0,32.0,Melodic,36,583,974,3731,3731,3738
3739,TR_912356,School Rocks!,196672.5,5523.0,32.0,Warm Bangers,36,583,977,3732,3732,3739
3740,TR_388067,Nuvole e vento (Africa),196672.5,5171.0,32.0,Minimal,36,583,583,3733,3733,3740
3741,TR891491,La legge del più forte,187053.0,529347.0,46.0,Fast-Flow,96,999,651,3734,3734,3741
3742,TR652606,Vertigini,203040.0,421261.0,58.0,Fast-Flow,96,999,978,3735,3735,3742
3743,TR957836,Wasabi 2.0,170000.0,396509.0,52.0,Slow Dark,96,1000,246,3736,3736,3743
3744,TR807542,Lingerie,198026.0,252637.0,63.0,Warm Bangers,96,1001,979,3737,3737,3744
3745,TR418134,Wasabi Freestyle,104120.0,214251.0,47.0,Fast-Flow,96,1001,980,3738,3738,3745
3746,TR633898,Sangue misto,172640.0,211205.0,49.0,Fast-Flow,96,999,978,3739,3739,3746
3747,TR557745,Manhattan,190999.0,220157.0,46.0,Fast-Flow,96,1002,981,3740,3740,3747
3748,TR410035,Pugile,198173.0,195102.0,45.0,Slow Dark,96,1001,201,3741,3741,3748
3749,TR945379,Polvere,252991.0,183503.0,56.0,Warm Bangers,96,1002,981,3742,3742,3749
3750,TR902095,Acqua (Malpensandoti),261360.0,213030.0,48.0,Warm Bangers,96,999,978,3743,3743,3750
3751,TR932430,Buste della spesa,194133.0,192213.0,51.0,Warm Bangers,96,1001,982,3744,3744,3751
3752,TR867441,Paradiso Artificiale,162411.0,170834.0,68.0,Melodic,96,1003,255,3745,3745,3752
3753,TR995294,Purple,190121.0,134876.0,49.0,Fast-Flow,96,1002,981,3746,3746,3753
3754,TR677007,Party HH,211500.0,154892.0,49.0,Hype,96,1002,981,3747,3747,3754
3755,TR319877,Lo sai,201344.0,125365.0,55.0,Warm Bangers,96,1002,981,3748,3748,3755
3756,TR776706,OC (California),158093.0,118464.0,52.0,Fast-Flow,96,1001,982,3749,3749,3756
3757,TR174614,Lo-fi Wuhan,176600.0,115938.0,40.0,Fast-Flow,96,1002,981,3750,3750,3757
3758,TR885147,Intro Orange County,158093.0,120492.0,52.0,Fast-Flow,96,1001,983,3751,3751,3758
3759,TR439556,Il fabbricante di chiavi,189533.0,123064.0,50.0,Fast-Flow,96,999,978,3752,3752,3759
3760,TR712897,Fifty Fifty,178120.0,142899.0,48.0,Warm Bangers,96,1001,982,3753,3753,3760
3761,TR921757,Colori,233102.0,106445.0,44.0,Melodic,96,1002,981,3754,3754,3761
3762,TR956741,Pensa se piove RMX,214146.0,135377.0,47.0,Fast-Flow,96,1001,984,3755,3755,3762
3763,TR462294,3 Chances (Dilla tutta),211200.0,121975.0,43.0,Slow Dark,96,999,978,3756,3756,3763
3764,TR154838,Sailor Moon,235000.0,108693.0,47.0,Melodic,96,1004,985,3757,3757,3764
3765,TR542712,Lo-fi For U,203489.0,118414.0,50.0,Fast-Flow,96,1003,986,3758,3758,3765
3766,TR464818,Revolver Freestyle,292080.0,110921.0,45.0,Fast-Flow,96,1001,984,3759,3759,3766
3767,TR165458,Burnout,178160.0,118960.0,35.0,Fast-Flow,96,999,987,3760,3760,3767
3768,TR267026,Hoe,137098.0,110355.0,64.0,Melodic,96,1003,255,3761,3761,3768
3769,TR127507,Mare mosso,233215.0,97690.0,45.0,Fast-Flow,96,1002,981,3762,3762,3769
3770,TR399960,Elisir,174492.0,94397.0,44.0,Warm Bangers,96,1005,10,3763,3763,3770
3771,TR750334,Step By Step,194160.0,111514.0,54.0,Minimal,96,1001,982,3764,3764,3771
3772,TR618308,Vita vera,201344.0,126411.0,55.0,Warm Bangers,96,1002,981,3765,3765,3772
3773,TR886247,Lezione,176133.0,99331.0,43.0,Fast-Flow,96,1001,988,3766,3766,3773
3774,TR324618,Intro La Divina Commedia,161583.0,115070.0,51.0,Fast-Flow,96,1003,989,3767,3767,3774
3775,TR172785,Rari,133963.0,101830.0,47.0,Warm Bangers,96,1004,985,3768,3768,3775
3776,TR984393,2020 Freestyle,289186.0,111966.0,16.0,Minimal,96,1006,990,3769,3769,3776
3777,TR196938,Malamente,181875.0,107035.0,60.0,Fast-Flow,96,1003,255,3770,3770,3777
3778,TR505182,Al lupo al lupo,199200.0,93028.0,38.0,Fast-Flow,96,999,978,3771,3771,3778
3779,TR279448,Bro II,136306.0,94525.0,41.0,Slow Dark,96,1002,981,3772,3772,3779
3780,TR847682,Circonvalley,150626.0,102700.0,48.0,Minimal,96,1001,982,3773,3773,3780
3781,TR962625,Pour toujours,240939.0,79235.0,46.0,Melodic,96,1002,981,3774,3774,3781
3782,TR494325,Motivo,113103.0,73051.0,42.0,Warm Bangers,96,1002,981,3775,3775,3782
3783,TR757765,La story infinita,170700.0,62430.0,41.0,Slow Dark,96,1004,985,3776,3776,3783
3784,TR574159,Jungle,206386.0,87326.0,33.0,Melodic,96,999,978,3777,3777,3784
3785,TR994297,Natura,200106.0,86524.0,35.0,Slow Dark,96,999,978,3778,3778,3785
3786,TR119234,Ombrello per la Pace,180863.0,64246.0,76.0,Slow Dark,96,1007,991,3779,3779,3786
3787,TR506031,Rital,203413.0,77704.0,33.0,Melodic,96,999,978,3780,3780,3787
3788,TR472221,In Eterno,90853.0,73878.0,33.0,Fast-Flow,96,1008,991,3781,3781,3788
3789,TR958425,Fashion Week,192000.0,63236.0,35.0,Fast-Flow,96,999,978,3782,3782,3789
3790,TR240632,Cucciolo D’Uomo,223933.0,87508.0,35.0,Slow Dark,96,999,978,3783,3783,3790
3791,TR516171,Red Light,167880.0,64944.0,62.0,Fast-Flow,96,1003,255,3784,3784,3791
3792,TR968793,Mare Calmo,147241.0,57736.0,58.0,Fast-Flow,96,1009,992,3785,3785,3792
3793,TR428708,Dune,217480.0,71764.0,33.0,Fast-Flow,96,999,978,3786,3786,3793
3794,TR264558,Bandar-log,176746.0,74733.0,1.0,Warm Bangers,96,1010,993,3787,3787,3794
3795,TR615866,Outro Purgatorio,284250.0,54540.0,49.0,Melodic,96,1003,255,3788,3788,3795
3796,TR948209,Beatrice,183500.0,71234.0,67.0,Slow Dark,96,1009,992,3789,3789,3796
3797,TR679460,Angelo Custode,185032.0,65185.0,52.0,Minimal,96,1009,992,3790,3790,3797
3798,TR370418,Clone,149270.0,53485.0,40.0,Warm Bangers,96,1004,985,3791,3791,3798
3799,TR433251,Pegaso,148053.0,54993.0,42.0,Fast-Flow,96,1001,984,3792,3792,3799
3800,TR662585,Lo-fi tu,147000.0,64392.0,41.0,Fast-Flow,96,1004,985,3793,3793,3800
3801,TR639941,Diluvio A Luglio,202201.0,57359.0,53.0,Slow Dark,96,1003,255,3794,3794,3801
3802,TR282839,Telefonate,178093.0,73266.0,44.0,Fast-Flow,96,1001,984,3795,3795,3802
3803,TR426670,Bagagli (Improvvisazione),195535.0,70037.0,51.0,Minimal,96,1003,255,3796,3796,3803
3804,TR613429,Rap City,152700.0,73862.0,36.0,Melodic,96,1004,985,3797,3797,3804
3805,TR229688,Figghiò,220800.0,55698.0,33.0,Slow Dark,96,1004,985,3798,3798,3805
3806,TR403260,Scala Di Milano,175737.0,72252.0,50.0,Slow Dark,96,1003,255,3799,3799,3806
3807,TR740057,Sbandati,240055.0,57536.0,30.0,Fast-Flow,96,1011,994,3800,3800,3807
3808,TR852886,Lo-fi Drill,102000.0,54561.0,43.0,Melodic,96,1008,995,3801,3801,3808
3809,TR895573,La Verità,177939.0,46304.0,47.0,Fast-Flow,96,1003,255,3802,3802,3809
3810,TR771985,Jolly Roger,244281.0,45723.0,56.0,Slow Dark,96,1009,992,3803,3803,3810
3811,TR247701,Outro Orange County,158093.0,56971.0,52.0,Slow Dark,96,1001,982,3804,3804,3811
3812,TR564128,Paradiso II,163124.0,51344.0,51.0,Slow Dark,96,1009,992,3805,3805,3812
3813,TR601891,Ci vuole poco,259972.0,46366.0,41.0,Warm Bangers,96,1001,984,3806,3806,3813
3814,TR755939,Mancanze Affettive,231296.0,52269.0,56.0,Fast-Flow,96,1003,255,3807,3807,3814
3815,TR187689,Perdono Valore,192611.0,43743.0,59.0,Slow Dark,96,1012,991,3808,3808,3815
3816,TR529418,Angelo All’Inferno,173222.0,49656.0,48.0,Slow Dark,96,1003,255,3809,3809,3816
3817,TR467301,Per le tue,160496.0,44952.0,66.0,Fast-Flow,96,1013,996,3810,3810,3817
3818,TR170159,Party Privato,140800.0,53166.0,59.0,Fast-Flow,96,1014,993,3811,3811,3818
3819,TR782237,No Snitch Freestyle,122106.0,52759.0,40.0,Hype,96,1001,982,3812,3812,3819
3820,TR624183,Da Dove Provieni,226906.0,44805.0,82.0,Slow Dark,96,1007,991,3813,3813,3820
3821,TR591541,Parole Vuote (La Solitudine),251320.0,42163.0,61.0,Melodic,96,1009,997,3814,3814,3821
3822,TR487165,Al limite,147366.0,41837.0,56.0,Slow Dark,96,1009,992,3815,3815,3822
3823,TR808057,Kill Bill,136956.0,47371.0,54.0,Slow Dark,96,1009,992,3816,3816,3823
3824,TR492233,Inferno,109158.0,38543.0,36.0,Slow Dark,96,1008,995,3817,3817,3824
3825,TR837117,Amico,158000.0,35655.0,36.0,Warm Bangers,96,1004,985,3818,3818,3825
3826,TR296505,Anime Libere,173770.0,33410.0,56.0,Slow Dark,96,1003,255,3819,3819,3826
3827,TR820391,Fashion Week Rmx,192000.0,39202.0,35.0,Fast-Flow,96,999,773,3820,3820,3827
3828,TR964632,Volgare,148367.0,38832.0,55.0,Fast-Flow,96,1003,255,3821,3821,3828
3829,TR159831,Drill Dream Squad,338641.0,43755.0,20.0,Hype,96,1015,998,3822,3822,3829
3830,TR118137,Soffierà,202500.0,33100.0,50.0,Fast-Flow,96,1003,255,3823,3823,3830
3831,TR549816,Pass,158710.0,34084.0,38.0,Fast-Flow,96,1004,985,3824,3824,3831
3832,TR283843,Chino,158972.0,39053.0,72.0,Hype,96,1016,982,3825,3825,3832
3833,TR901690,2 pezzi,144000.0,34748.0,35.0,Fast-Flow,96,1004,985,3826,3826,3833
3834,TR485934,Badman,74378.0,29169.0,35.0,Minimal,96,1008,995,3827,3827,3834
3835,TR463662,Paris,87531.0,28663.0,33.0,Minimal,96,1008,995,3828,3828,3835
3836,TR431505,Gironi,90853.0,24602.0,33.0,Melodic,96,1008,995,3829,3829,3836
3837,TR297746,Non mi va,153139.0,30890.0,62.0,Fast-Flow,96,1017,982,3830,3830,3837
3838,TR915680,Mi Piace,284250.0,21985.0,49.0,Hype,96,1003,982,3831,3831,3838
3839,TR227853,La Lavatrice,150626.0,30270.0,48.0,Slow Dark,96,1001,982,3832,3832,3839
3840,TR608524,Scarpe Coi Freni Freestyle,261360.0,26973.0,48.0,Warm Bangers,96,999,982,3833,3833,3840
3841,TR295256,Quando Cillo,160496.0,24210.0,66.0,Hype,96,1013,991,3834,3834,3841
3842,TR123739,Corvi,85919.0,19334.0,33.0,Melodic,96,1008,995,3835,3835,3842
3843,TR346766,Urla,107124.0,23459.0,34.0,Melodic,96,1008,995,3836,3836,3843
3844,TR352702,I Ragazzi della Zona,136956.0,21396.0,54.0,Fast-Flow,96,1009,991,3837,3837,3844
3845,TR993789,Forte Come Non L’Avresti Detto Mai,284250.0,18799.0,49.0,Fast-Flow,96,1003,991,3838,3838,3845
3846,TR973458,Pensa Se Piove,214146.0,21388.0,47.0,Fast-Flow,96,1001,999,3839,3839,3846
3847,TR334822,Non Posso Comprarti,226906.0,23869.0,82.0,Fast-Flow,96,1007,991,3840,3840,3847
3848,TR285713,Sangue,172640.0,18875.0,49.0,Hype,96,999,982,3841,3841,3848
3849,TR518220,Orizzonte Al Contrario,170000.0,19871.0,52.0,Hype,96,1000,991,3842,3842,3849
3850,TR754784,Chi In Skate Chi Sui Peg,217500.0,14273.0,72.0,Hype,96,1012,991,3843,3843,3850
3851,TR964895,Ufficio Misteri,169411.0,16588.0,2.0,Fast-Flow,96,1018,991,3844,3844,3851
3852,TR968549,Male di Me,160496.0,14241.0,66.0,Hype,96,1013,991,3845,3845,3852
3853,TR424996,Rolex Daytona Freestyle,162411.0,17424.0,68.0,Hype,96,1003,1000,3846,3846,3853
3854,TR159341,Sono Su (Si Alternano),176000.0,17592.0,78.0,Fast-Flow,96,1019,991,3847,3847,3854
3855,TR314992,Mai Più,162411.0,15536.0,68.0,Fast-Flow,96,1003,991,3848,3848,3855
3856,TR437427,Fre Corri Corri Freestyle,201344.0,11776.0,55.0,Fast-Flow,96,1002,982,3849,3849,3856
3857,TR220057,Calci Dalla Celere,176133.0,13144.0,43.0,Slow Dark,96,1001,991,3850,3850,3857
3858,TR589284,Come L’Antartide,74378.0,12683.0,35.0,Fast-Flow,96,1008,1001,3851,3851,3858
3859,TR409308,Prendo Tutto e Vengo Anch’io,349560.0,11312.0,62.0,Hype,96,1020,991,3852,3852,3859
3860,TR935050,Like A Boy Soldier,262933.0,12388.0,29.0,Slow Dark,96,1021,1002,3853,3853,3860
3861,TR270583,Emersi a Galla,284250.0,10953.0,49.0,Hype,96,1003,991,3854,3854,3861
3862,TR402326,Vita di Società,155532.0,9306.0,79.0,Hype,96,1022,991,3855,3855,3862
3863,TR695735,Mhiraq Freestyle,195535.0,8006.0,51.0,Hype,96,1003,991,3856,3856,3863
3864,TR637591,Bolza-Leto,158972.0,7404.0,72.0,Hype,96,1016,991,3857,3857,3864
3865,TR412627,Il sole bacia i ribelli,176000.0,6702.0,78.0,Minimal,96,1019,1003,3858,3858,3865
3866,TR280089,Skid Row,195626.0,5761.0,42.0,Fast-Flow,96,1023,1004,3859,3859,3866
3867,TR905411,RipXXX Freestyle,195535.0,5278.0,51.0,Minimal,96,1003,1005,3860,3860,3867
3868,TR646929,COVID-19 Freestyle 2020,214000.0,5365.0,27.0,Minimal,96,1024,67,3861,3861,3868
3869,TR700155,Vita Vera - Story,170700.0,5329.0,41.0,Melodic,96,1004,763,3862,3862,3869
3870,TR104869,Nostalgia Freestyle,195535.0,4151.0,51.0,Minimal,96,1003,1006,3863,3863,3870
3871,TR573032,Ryan,158972.0,4804.0,72.0,Minimal,96,1016,241,3864,3864,3871
3872,TR864005,Tik-Tok Freestyle,216000.0,4374.0,12.0,Minimal,96,1025,1007,3865,3865,3872
3873,TR423455,Flashback* 21/2/24,462781.0,4327.0,11.0,Slow Dark,96,1026,409,3866,3866,3873
3874,TR442170,PDF UNITED SHOW Freestyle,165760.0,5669.0,6.0,Melodic,96,1027,1008,3867,3867,3874
3875,TR731836,MILAN FREESTYLE*,195535.0,4096.0,51.0,Melodic,96,1003,255,3868,3868,3875
3876,TR592461,Una Chiave,245613.0,112674.0,51.0,Hype,14,1028,1009,3869,3869,3876
3877,TR793611,Canthology,229116.0,97931.0,38.0,Slow Dark,14,1029,1010,3870,3870,3877
3878,TR542769,Prisoner 709,250893.0,123555.0,58.0,Hype,14,1028,557,3871,3871,3878
3879,TR909373,Campione Dei Novanta,271018.0,103423.0,45.0,Fast-Flow,14,1029,1010,3872,3872,3879
3880,TR766443,Ti Fa Stare Bene,250893.0,85175.0,58.0,Hype,14,1028,1009,3873,3873,3880
3881,TR234801,La Scelta,275270.0,88961.0,49.0,Melodic,14,1029,427,3874,3874,3881
3882,TR615053,Prosopagnosia,225400.0,89754.0,36.0,Minimal,14,1028,1009,3875,3875,3882
3883,TR384230,El Sendero,229302.0,92941.0,52.0,Fast-Flow,14,1029,1010,3876,3876,3883
3884,TR603257,Confusianesimo,267720.0,66800.0,41.0,Slow Dark,14,1028,1009,3877,3877,3884
3885,TR685898,Exuvia,229302.0,84529.0,52.0,Fast-Flow,14,1029,1011,3878,3878,3885
3886,TR978628,Avrai ragione tu (Ritratto),263706.0,85479.0,51.0,Slow Dark,14,1030,726,3879,3879,3886
3887,TR167552,Fuori dal tunnel,310266.0,84373.0,55.0,Minimal,14,1031,1012,3880,3880,3887
3888,TR813819,La Certa,220908.0,75002.0,43.0,Minimal,14,1029,1010,3881,3881,3888
3889,TR534364,Il Mondo Dopo Lewis Carroll,208003.0,74071.0,41.0,Hype,14,1029,1010,3882,3882,3889
3890,TR194395,Fugadà,223098.0,64849.0,42.0,Fast-Flow,14,1029,1010,3883,3883,3890
3891,TR161342,La Caduta Di Atlante,266266.0,69169.0,36.0,Slow Dark,14,1028,1009,3884,3884,3891
3892,TR461697,Migliora La Tua Memoria Con Un Click,285626.0,60820.0,41.0,Melodic,14,1028,1009,3885,3885,3892
3893,TR350177,Vieni A Ballare In Puglia,240533.0,61930.0,58.0,Minimal,14,1032,1013,3886,3886,3893
3894,TR481633,Eterno Paradosso,271156.0,52135.0,38.0,Slow Dark,14,1029,1010,3887,3887,3894
3895,TR161146,Contronatura,236006.0,58538.0,37.0,Warm Bangers,14,1029,1010,3888,3888,3895
3896,TR264144,Jodellavitanonhocapitouncazzo,250706.0,59850.0,54.0,Minimal,14,1031,1012,3889,3889,3896
3897,TR925883,Vengo dalla luna,254680.0,45405.0,59.0,Warm Bangers,14,1031,1012,3890,3890,3897
3898,TR632441,Eyes Wide Shut,309557.0,58604.0,36.0,Slow Dark,14,1029,1010,3891,3891,3898
3899,TR401536,Come Pripyat,261752.0,52101.0,37.0,Warm Bangers,14,1029,1010,3892,3892,3899
3900,TR708413,Azzera Pace,246443.0,57546.0,37.0,Melodic,14,1029,1010,3893,3893,3900
3901,TR919280,La mia parte intollerante,262853.0,48852.0,54.0,Melodic,14,1033,1014,3894,3894,3901
3902,TR349974,Forever Jung,261800.0,44674.0,32.0,Fast-Flow,14,1028,1009,3895,3895,3902
3903,TR845320,Larsen,260106.0,54253.0,42.0,Minimal,14,1028,1009,3896,3896,3903
3904,TR920735,Zeit!,228754.0,41117.0,36.0,Fast-Flow,14,1029,1010,3897,3897,3904
3905,TR344823,Legalize the Premier,263106.0,51006.0,47.0,Hype,14,1034,1015,3898,3898,3905
3906,TR935155,Il Testo Che Avrei Voluto Scrivere,272746.0,43684.0,34.0,Hype,14,1028,1009,3899,3899,3906
3907,TR278661,Sogno Di Potere,242373.0,43249.0,35.0,Melodic,14,1028,1009,3900,3900,3907
3908,TR366613,Kevin Spacey,223760.0,39581.0,43.0,Minimal,14,1034,1015,3901,3901,3908
3909,TR948872,Abiura Di Me,251413.0,43757.0,50.0,Minimal,14,1032,1013,3902,3902,3909
3910,TR999510,Argenti vive,279520.0,38764.0,41.0,Fast-Flow,14,1030,726,3903,3903,3910
3911,TR138450,Cover,310506.0,33432.0,35.0,Slow Dark,14,1030,1016,3904,3904,3911
3912,TR713293,Il secondo secondo me,254680.0,36390.0,47.0,Minimal,14,1031,1017,3905,3905,3912
3913,TR885079,China Town,235186.0,29183.0,49.0,Fast-Flow,14,1030,726,3906,3906,3913
3914,TR258741,Mica van Gogh,235853.0,42928.0,52.0,Minimal,14,1030,726,3907,3907,3914
3915,TR389612,Sono Il Tuo Sogno Eretico,234933.0,41449.0,46.0,Minimal,14,1034,1015,3908,3908,3915
3916,TR968771,Eroe (Storia di Luigi Delle Bicocche),247493.0,30615.0,50.0,Minimal,14,1032,1013,3909,3909,3916
3917,TR133264,L’Infinto,255293.0,34530.0,32.0,Fast-Flow,14,1028,1009,3910,3910,3917
3918,TR139837,L’Uomo Che Premette,200480.0,29573.0,33.0,Hype,14,1028,1009,3911,3911,3918
3919,TR741689,Felici ma trimoni,293426.0,31322.0,41.0,Hype,14,1033,1018,3912,3912,3919
3920,TR881498,Autoipnotica,310253.0,32264.0,31.0,Slow Dark,14,1028,1009,3913,3913,3920
3921,TR928874,Non Mettere Le Mani In Tasca,273000.0,31233.0,35.0,Fast-Flow,14,1032,1013,3914,3914,3921
3922,TR451278,Non Siete Stato Voi,283013.0,23194.0,44.0,Fast-Flow,14,1034,1015,3915,3915,3922
3923,TR605147,La Rivoluzione Del Sessintutto,300706.0,25970.0,35.0,Hype,14,1032,1013,3916,3916,3923
3924,TR776757,Il Dito Medio Di Galileo,362106.0,20628.0,37.0,Warm Bangers,14,1034,1015,3917,3917,3924
3925,TR591276,Pimpami La Storia,254106.0,27137.0,34.0,Melodic,14,1032,1013,3918,3918,3925
3926,TR302064,Torna catalessi,237826.0,18196.0,41.0,Minimal,14,1033,1018,3919,3919,3926
3927,TR199399,Comunque dada,187226.0,22856.0,43.0,Melodic,14,1030,726,3920,3920,3927
3928,TR199607,Io Diventerò Qualcuno,218000.0,23169.0,42.0,Minimal,14,1032,1013,3921,3921,3928
3929,TR686987,Goodbye Malinconia,289440.0,23388.0,45.0,Minimal,14,1034,1015,3922,3922,3929
3930,TR786191,Nessuna razza,249693.0,18446.0,44.0,Warm Bangers,14,1031,1012,3923,3923,3930
3931,TR852292,Gli insetti del podere,238733.0,25209.0,40.0,Melodic,14,1033,1018,3924,3924,3931
3932,TR690498,Giotto beat,212986.0,18664.0,36.0,Melodic,14,1030,726,3925,3925,3932
3933,TR286357,Ilaria Condizionata,224053.0,20922.0,41.0,Fast-Flow,14,1032,1013,3926,3926,3933
3934,TR784642,Non me lo posso permettere,226373.0,17662.0,48.0,Fast-Flow,14,1030,1019,3927,3927,3934
3935,TR186262,Chi Se Ne Frega Della Musica,294106.0,18153.0,38.0,Minimal,14,1034,1015,3928,3928,3935
3936,TR414991,Minimoog,105066.0,19729.0,29.0,Melodic,14,1028,1009,3929,3929,3936
3937,TR421597,Teste di modì,226066.0,18463.0,43.0,Melodic,14,1030,726,3930,3930,3937
3938,TR263743,Troppo politico,215813.0,16261.0,39.0,Melodic,14,1030,726,3931,3931,3938
3939,TR194905,Fai da tela,239386.0,16063.0,35.0,Slow Dark,14,1030,726,3932,3932,3939
3940,TR419372,Limiti,277666.0,17876.0,37.0,Warm Bangers,14,1031,1012,3933,3933,3940
3941,TR464305,Compro horror,242053.0,19935.0,38.0,Minimal,14,1030,726,3934,3934,3941
3942,TR421407,Inno verdano,229786.0,20876.0,35.0,Hype,14,1033,1018,3935,3935,3942
3943,TR663292,La Marchetta Di Popolino,270906.0,15010.0,33.0,Fast-Flow,14,1034,1015,3936,3936,3943
3944,TR440781,Kitaro,185026.0,17091.0,34.0,Hype,14,1030,726,3937,3937,3944
3945,TR714054,La Ghigliottina,306626.0,14990.0,34.0,Fast-Flow,14,1034,1015,3938,3938,3945
3946,TR484330,Annunciatemi al pubblico,247849.0,14212.0,42.0,Hype,14,1033,1018,3939,3939,3946
3947,TR820999,Cose Che Non Capisco,191480.0,18677.0,34.0,Warm Bangers,14,1034,1015,3940,3940,3947
3948,TR998750,La legge dell’ortica,230093.0,17890.0,45.0,Melodic,14,1031,1012,3941,3941,3948
3949,TR427135,Prosopagno Sia! (Prisoner 709),261493.0,14834.0,29.0,Slow Dark,14,1028,1009,3942,3942,3949
3950,TR901362,Ninna nanna di mazzarò,281054.0,15197.0,35.0,Hype,14,1033,1018,3943,3943,3950
3951,TR286241,Habemus Capa,262853.0,13636.0,54.0,Hype,14,1033,1018,3944,3944,3951
3952,TR149633,Canzone all’entrata,122293.0,18918.0,33.0,Melodic,14,1030,726,3945,3945,3952
3953,TR155833,La fitta sassaiola dell’ingiuria,248506.0,19642.0,34.0,Minimal,14,1035,1020,3946,3946,3953
3954,TR943852,Ti Sorrido Mentre Affogo,185000.0,13750.0,35.0,Slow Dark,14,1034,1015,3947,3947,3954
3955,TR344428,La Grande Opera,291720.0,14198.0,39.0,Hype,14,1032,1013,3948,3948,3955
3956,TR226234,Dagli all’untore,237666.0,18043.0,38.0,Warm Bangers,14,1031,1012,3949,3949,3956
3957,TR500763,Dalla parte del toro,239000.0,18272.0,44.0,Hype,14,1033,1018,3950,3950,3957
3958,TR131073,Figli d’arte,218066.0,14248.0,43.0,Fast-Flow,14,1030,726,3951,3951,3958
3959,TR884772,La Fine Di Gaia,280853.0,11926.0,41.0,Minimal,14,1034,1015,3952,3952,3959
3960,TR471517,Il silenzio dei colpevoli,248106.0,11672.0,34.0,Hype,14,1033,1018,3953,3953,3960
3961,TR720803,Follie preferenziali,252546.0,14488.0,36.0,Warm Bangers,14,1031,1012,3954,3954,3961
3962,TR245143,Giuda me,208746.0,12809.0,37.0,Hype,14,1031,1012,3955,3955,3962
3963,TR364767,Cacca Nello Spazio,267880.0,10824.0,35.0,Fast-Flow,14,1032,1013,3956,3956,3963
3964,TR863095,Nel paese dei balordi,232866.0,13492.0,37.0,Warm Bangers,14,1031,1012,3957,3957,3964
3965,TR125685,The auditels family,247280.0,10441.0,35.0,Melodic,14,1033,1018,3958,3958,3965
3966,TR543715,Ulisse (You Listen),241813.0,14337.0,33.0,Slow Dark,14,1032,1013,3959,3959,3966
3967,TR321576,Messa In Moto,288946.0,11107.0,31.0,Warm Bangers,14,1034,1015,3960,3960,3967
3968,TR784888,Canzone a metà,203226.0,9736.0,34.0,Fast-Flow,14,1030,726,3961,3961,3968
3969,TR907890,Stango e sbronzo,227013.0,12349.0,37.0,Fast-Flow,14,1031,1012,3962,3962,3969
3970,TR434556,È tardi,274040.0,11318.0,36.0,Minimal,14,1030,726,3963,3963,3970
3971,TR767464,House Credibility,242693.0,13746.0,32.0,Hype,14,1034,1015,3964,3964,3971
3972,TR439748,Sfogati,215653.0,11634.0,34.0,Hype,14,1030,726,3965,3965,3972
3973,TR421563,Tutto ciò che c’è,173333.0,10179.0,31.0,Minimal,14,1035,531,3966,3966,3973
3974,TR201199,L’età dei figuranti,232226.0,11615.0,36.0,Hype,14,1031,1012,3967,3967,3974
3975,TR748876,Canzone all’uscita,114506.0,9503.0,30.0,Melodic,14,1030,726,3968,3968,3975
3976,TR895238,Il Circo Delle Pantegane,228666.0,11366.0,31.0,Melodic,14,1032,1013,3636,3636,3976
3977,TR256472,"L’Ottavo, Capitolo",214443.0,9227.0,29.0,Warm Bangers,14,1036,1015,3969,3969,3977
3978,TR481303,La gente originale,231573.0,9682.0,32.0,Melodic,14,1035,1020,3970,3970,3978
3979,TR495889,Sono troppo stitico,238666.0,7767.0,32.0,Hype,14,1033,1018,3971,3971,3979
3980,TR712240,Dualismi,231346.0,8750.0,36.0,Hype,14,1031,1012,3972,3972,3980
3981,TR445597,Bonobo Power,199813.0,9971.0,33.0,Hype,14,1032,1013,3973,3973,3981
3982,TR411420,Mea culpa,244493.0,9829.0,27.0,Slow Dark,14,1035,1020,3974,3974,3982
3983,TR671266,Mammamiamamma,227400.0,7708.0,28.0,Slow Dark,14,1035,1020,3975,3975,3983
3984,TR444637,Mi è impossibile,238040.0,7700.0,29.0,Melodic,14,1035,1020,3976,3976,3984
3985,TR891424,Un Vero Uomo Dovrebbe Lavare I Piatti,237133.0,9655.0,34.0,Hype,14,1032,1013,3977,3977,3985
3986,TR990298,Cammina solo,266040.0,10018.0,25.0,Fast-Flow,14,1035,1020,3978,3978,3986
3987,TR516738,Titoli,235746.0,6939.0,30.0,Hype,14,1033,1018,3979,3979,3987
3988,TR124722,Dindalè dindalò,421933.0,7899.0,24.0,Minimal,14,1035,1020,3980,3980,3988
3989,TR280717,Chi c*zzo me lo,243826.0,7517.0,31.0,Melodic,14,1035,1020,3981,3981,3989
3990,TR591782,Epocalisse,234880.0,8884.0,33.0,Hype,14,1033,1018,3982,3982,3990
3991,TR846770,Ti giri,221653.0,6023.0,32.0,Hype,14,1033,1018,3983,3983,3991
3992,TR239282,Uomini di molta fede,259626.0,5609.0,24.0,Fast-Flow,14,1035,1020,3984,3984,3992
3993,TR754298,Il conflitto,237026.0,6872.0,26.0,Warm Bangers,14,1035,1020,3985,3985,3993
3994,TR780423,La sindrome di Lorena,245853.0,5013.0,75.0,Melodic,14,1037,588,3986,3986,3994
3995,TR947220,Ti clonerò,258133.0,5566.0,27.0,Melodic,14,1035,1020,3987,3987,3995
3996,TR371302,Tutti Dormano,123386.0,4898.0,28.0,Minimal,14,1034,1015,3988,3988,3996
3997,TR400318,Fuck the Violenza,217866.0,4682.0,26.0,Melodic,14,1035,1020,3989,3989,3997
3998,TR263488,Mors mea tacci tua,26306.0,4803.0,1.0,Clean,14,1033,1018,3990,3990,3998
3999,TR164597,Sssaasss,22453.0,5073.0,1.0,Minimal,14,1033,1018,3991,3991,3999
4000,TR347366,Profilo psichico,35213.0,4336.0,27.0,Minimal,14,1033,1018,3992,3992,4000
4001,TR294890,Intro,80400.0,5156.0,22.0,Melodic,14,1035,1020,3993,3993,4001
4002,TR443420,Tutto ciò che c’è (Demo),173333.0,5627.0,31.0,Minimal,14,1035,527,3994,3994,4002
4003,TR854892,Alita gli ani,310266.0,5537.0,55.0,Hype,14,1031,1021,3995,3995,4003
4004,TR561447,Tutta Flava E Famiglia,421933.0,4320.0,24.0,Minimal,14,1035,527,3996,3996,4004
4005,TR738768,Nel paese dei balordi (Demo),190344.0,4313.0,52.0,Warm Bangers,14,1038,527,3997,3997,4005
4006,TR221903,Tii-Yan,24373.0,4549.0,0.0,Minimal,14,1033,1018,3998,3998,4006
4007,TR926703,La tua maledizione,140816.0,4735.0,75.0,Minimal,14,1039,527,3999,3999,4007
4008,TR498945,Mea culpa (Demo),244493.0,4832.0,27.0,Slow Dark,14,1035,527,4000,4000,4008
4009,TR713703,Altruicelebrazione,263706.0,5377.0,51.0,Minimal,14,1030,527,4001,4001,4009
4010,TR203277,La zappa sui piedi,128807.0,4126.0,10.0,Minimal,14,1040,527,4002,4002,4010
4011,TR776930,La fitta sassaiola dell’ingiuria (Demo),306040.0,4082.0,40.0,Minimal,14,1041,369,4003,4003,4011
4012,TR976696,Dannata giornata di pioggia,248764.0,4798.0,12.0,Minimal,14,1042,527,4004,4004,4012
4013,TR654101,Prologo,250893.0,5410.0,58.0,Minimal,14,1028,527,4005,4005,4013
4014,TR380082,Chi C*zzo Me Lo Fa Fare,200470.0,4399.0,4.0,Melodic,14,1043,527,4006,4006,4014
4015,TR242206,Amen,250893.0,5298.0,58.0,Minimal,14,1028,527,4007,4007,4015
4016,TR774220,Le Prove Del Mio Caos (Scene Tagliate Dal Fonoromanzo),245800.0,4533.0,29.0,Minimal,14,1044,537,4008,4008,4016
4017,TR961238,Telemonnezza,250893.0,5790.0,58.0,Melodic,14,1028,527,4009,4009,4017
4018,TR207328,L’Avvoltoio,250706.0,5811.0,54.0,Minimal,14,1031,369,4010,4010,4018
4019,TR545712,Fuori Dal Tunnel (Radio Edit),310266.0,4609.0,55.0,Hype,14,1031,1022,4011,4011,4019
4020,TR464487,Spina nel fianco,189177.0,4475.0,56.0,Clean,14,1045,527,4012,4012,4020
4021,TR697782,Con i calli sulle mani,154545.0,4838.0,65.0,Minimal,14,1046,527,4013,4013,4021
4022,TR283197,Mi è impossibile (Demo),206693.0,4494.0,29.0,Melodic,14,1047,527,4014,4014,4022
4023,TR553352,Portate altro vino,310266.0,5361.0,55.0,Minimal,14,1031,527,4015,4015,4023
4024,TR591274,Vengo Dalla Luna (Clean Radio Edit),232813.0,5669.0,17.0,Minimal,14,1048,285,4016,4016,4024
4025,TR358197,La Gente Originale (Demo),194213.0,5363.0,53.0,Melodic,14,1049,527,4017,4017,4025
4026,TR921640,Vivo in inquietudine,215813.0,5665.0,39.0,Melodic,14,1030,527,4018,4018,4026
4027,TR427789,Avrai Ragione Tu (Ritratto) (Demo),599980.0,4809.0,18.0,Minimal,14,1050,862,4019,4019,4027
4028,TR365418,Mammamiamammà (Demo),194213.0,4325.0,53.0,Minimal,14,1049,527,4020,4020,4028
4029,TR190457,Freestyle,152558.0,5494.0,60.0,Slow Dark,14,1051,527,4021,4021,4029
4030,TR974148,Al Pranzo Di Gala Di Babbo Natale,153120.0,4735.0,5.0,Hype,14,1052,284,4022,4022,4030
4031,TR102995,Checcevò?,256506.0,5358.0,59.0,Clean,14,1053,527,4023,4023,4031
4032,TR895109,Ti clonerò (Demo),194213.0,4555.0,53.0,Melodic,14,1049,527,4024,4024,4032
4033,TR280133,Dindalè dindalò (Demo),421933.0,4174.0,24.0,Minimal,14,1035,527,4025,4025,4033
4034,TR716447,Ma domani uou hou,167485.0,6004.0,72.0,Melodic,14,1054,527,4026,4026,4034
4035,TR476447,Eroe (storia di Luigi Delle Bicocche) [Radio Edit],247493.0,4327.0,50.0,Minimal,14,1032,284,4027,4027,4035
4036,TR167438,Epilogo,250893.0,5993.0,58.0,Minimal,14,1028,527,4028,4028,4036
4037,TR546105,Fuck the violenza (Demo),191484.0,5973.0,59.0,Minimal,14,1037,527,4029,4029,4037
4038,TR975852,Il Secondo Secondo Me Rivela Il Suo Contrario RMX,254680.0,5605.0,47.0,Clean,14,1031,285,4030,4030,4038
4039,TR702285,Intro (Con Caparezza... Nella monnezza),231346.0,5334.0,36.0,Melodic,14,1031,369,4031,4031,4039
4040,TR638271,Uomini di molta fede (Demo),259626.0,5171.0,24.0,Minimal,14,1035,527,4032,4032,4040
4041,TR120534,China Town (Demo),235186.0,5749.0,49.0,Fast-Flow,14,1030,592,4033,4033,4041
4042,TR592445,La Fitta Sassaiola Dell’Ingiuria (Radio Edit),306040.0,4592.0,40.0,Melodic,14,1041,531,4034,4034,4042
4043,TR202843,Niente Paura (Outro),180137.0,4949.0,75.0,Minimal,14,1055,527,4035,4035,4043
4044,TR355103,Tutto Ciò Che C’è (Radio Version),173333.0,5255.0,31.0,Minimal,14,1035,625,4036,4036,4044
4045,TR363086,Fuori Dal Tunnel CapaRMX,310266.0,4838.0,55.0,Slow Dark,14,1031,677,4037,4037,4045
4046,TR989203,The duck with pantapony,312820.0,4870.0,86.0,Clean,14,1056,369,4038,4038,4046
4047,TR952319,Teste Di Modì (Demo 1),561856.0,4676.0,4.0,Minimal,14,1057,1023,4039,4039,4047
4048,TR748412,Teste Di Modì (Demo 2),561856.0,5145.0,4.0,Minimal,14,1057,1023,4040,4040,4048
4049,TR780819,Il secondo secondo me (skaramuffin version),264573.0,5720.0,69.0,Melodic,14,1058,192,4041,4041,4049
4050,TR317469,"Sciabola al fianco, pistola alla mano",291218.0,4416.0,43.0,Slow Dark,14,1059,1024,4042,4042,4050
4051,TR732197,Prologo Di Un Fonoromanzo,194213.0,5884.0,53.0,Minimal,14,1049,284,4043,4043,4051
4052,TR123914,Torna Catalessi (Microspasmi Rmx),180261.0,5394.0,60.0,Melodic,14,1060,388,4044,4044,4052
4053,TR948350,Tutto Ciò Che C’è Musical Egg Era (Nocca Nite RMX),204421.0,5665.0,55.0,Minimal,14,1061,531,4045,4045,4053
4054,TR219461,My Generation,243000.0,5127.0,0.0,Minimal,14,1062,1025,4046,4046,4054
4055,TR550201,Follie Preferenziali Yemenite RMX,152558.0,5577.0,60.0,Slow Dark,14,1051,589,4047,4047,4055
4056,TR966156,CHIARA,149473.0,116571.0,51.0,Warm Bangers,99,1063,1026,4048,4048,4056
4057,TR828581,Effe,144512.0,78621.0,67.0,Hype,99,1064,697,4049,4049,4057
4058,TR938316,64 BARRE DI VERITÀ (Red Bull 64 Bars),230965.0,53263.0,55.0,Hype,99,1065,302,4050,4050,4058
4059,TR804109,Escort Lover RMX*,179640.0,70896.0,60.0,Minimal,99,1066,519,4051,4051,4059
4060,TR383948,DOPO LE 4,182906.0,72691.0,67.0,Warm Bangers,99,1067,1027,4052,4052,4060
4061,TR667910,Ke  Lo Ke,141560.0,42469.0,49.0,Fast-Flow,99,1066,697,4053,4053,4061
4062,TR798074,MIU MIU,147498.0,40697.0,65.0,Warm Bangers,99,1067,1027,4054,4054,4062
4063,TR283069,BOSS,144930.0,45171.0,55.0,Warm Bangers,99,1068,855,4055,4055,4063
4064,TR216758,PEZZI DA 100,159200.0,36403.0,63.0,Warm Bangers,99,1067,1028,4056,4056,4064
4065,TR768689,Luce A Roma,173293.0,35833.0,44.0,Warm Bangers,99,1066,697,4057,4057,4065
4066,TR346341,HONEY,164847.0,25297.0,62.0,Warm Bangers,99,1067,1027,4058,4058,4066
4067,TR836284,Tony Montana,207666.0,25041.0,40.0,Fast-Flow,99,1066,697,4059,4059,4067
4068,TR821091,CARRARA,189778.0,34543.0,61.0,Warm Bangers,99,1067,1027,4060,4060,4068
4069,TR238389,PILLOLE,147426.0,29263.0,61.0,Hype,99,1067,1027,4061,4061,4069
4070,TR964176,Romolo e Remo,173493.0,28836.0,46.0,Melodic,99,1066,697,4062,4062,4070
4071,TR977096,Escort Lover,179640.0,23408.0,60.0,Slow Dark,99,1066,697,4063,4063,4071
4072,TR865248,Lacrime,182413.0,26810.0,44.0,Minimal,99,1066,697,4064,4064,4072
4073,TR857007,ICON,128759.0,25925.0,64.0,Warm Bangers,99,1067,1027,4065,4065,4073
4074,TR123863,Colpevole RMX,158015.0,24081.0,51.0,Fast-Flow,99,1066,1029,4066,4066,4074
4075,TR650387,Colpevole,158015.0,24770.0,51.0,Slow Dark,99,1066,697,4067,4067,4075
4076,TR446135,È Trap,140869.0,23084.0,65.0,Melodic,99,1069,697,4068,4068,4076
4077,TR589177,SESSO E SAMBA,167263.0,21421.0,68.0,Hype,99,1067,1030,4069,4069,4077
4078,TR817878,DAMME ’NA MANO,178571.0,19617.0,63.0,Minimal,99,1070,707,4070,4070,4078
4079,TR669679,SORRY,142324.0,19818.0,54.0,Warm Bangers,99,1067,1027,4071,4071,4079
4080,TR153205,Bassotto,118400.0,15454.0,41.0,Warm Bangers,99,1071,1031,4072,4072,4080
4081,TR465519,VERO TONY VERO SOSA,164192.0,18574.0,52.0,Warm Bangers,99,1067,1027,4073,4073,4081
4082,TR678481,Mi Piace,158971.0,13282.0,59.0,Slow Dark,99,1066,1032,4074,4074,4082
4083,TR758902,PARTICOLARI SPORCHI,167740.0,14661.0,53.0,Warm Bangers,99,1067,1027,4075,4075,4083
4084,TR740659,LAP DANCE,163841.0,14818.0,51.0,Warm Bangers,99,1067,1027,4076,4076,4084
4085,TR737728,Balaclava,187550.0,11724.0,52.0,Fast-Flow,99,1066,1033,4077,4077,4085
4086,TR141924,Skyline,148186.0,9918.0,39.0,Fast-Flow,99,1066,697,4078,4078,4086
4087,TR679806,Diverso,168200.0,9790.0,39.0,Slow Dark,99,1066,697,4079,4079,4087
4088,TR936070,Piazza,156200.0,11341.0,38.0,Fast-Flow,99,1066,697,4080,4080,4088
4089,TR219491,Oh Cazzo,101013.0,12343.0,41.0,Melodic,99,1066,697,4081,4081,4089
4090,TR898795,BALENCIAGA,162252.0,8136.0,51.0,Fast-Flow,99,1067,1027,4082,4082,4090
4091,TR416132,DEMON TIME,181840.0,10849.0,47.0,Fast-Flow,99,1067,1027,4083,4083,4091
4092,TR440186,GTA,128796.0,9100.0,48.0,Warm Bangers,99,1067,1027,4084,4084,4092
4093,TR162623,P,147540.0,7196.0,62.0,Warm Bangers,99,1072,1027,4085,4085,4093
4094,TR914334,TAXI SULLA LUNA,143506.0,6929.0,62.0,Melodic,99,1067,387,4086,4086,4094
4095,TR821541,MAISON,181026.0,4755.0,42.0,Warm Bangers,99,1067,1027,4087,4087,4095
4096,TR740380,Foto di gruppo,211788.0,103045.0,55.0,Slow Dark,8,1073,1034,4088,4088,4096
4097,TR335621,S.A.I.C.,248859.0,41120.0,48.0,Slow Dark,8,1074,285,4089,4089,4097
4098,TR832136,Giorni Matti,222000.0,40091.0,46.0,Slow Dark,8,1075,588,4090,4090,4098
4099,TR291030,WLKM2MI,238685.0,36229.0,31.0,Slow Dark,8,1076,384,4091,4091,4099
4100,TR536955,Poco cash,177120.0,17521.0,24.0,Melodic,8,1077,237,4092,4092,4100
4101,TR163198,Benvenuti a Milano,333226.0,19471.0,24.0,Melodic,8,1077,237,4093,4093,4101
4102,TR532421,Pokoflow,206451.0,12179.0,18.0,Melodic,8,1078,358,4094,4094,4102
4103,TR702768,S.I.C.,248859.0,12262.0,48.0,Melodic,8,1074,525,4095,4095,4103
4104,TR467233,Non muovono il collo,193493.0,8918.0,38.0,Slow Dark,8,1077,237,4096,4096,4104
4105,TR530691,Prendi tutto,231280.0,8606.0,24.0,Fast-Flow,8,1077,237,4097,4097,4105
4106,TR231640,Solo un altro inverno,185480.0,7793.0,25.0,Melodic,8,1077,237,4098,4098,4106
4107,TR652790,Metà rapper metà uomo,242733.0,8607.0,32.0,Warm Bangers,8,1077,1035,4099,4099,4107
4108,TR857525,Guarda in cielo,297993.0,5761.0,20.0,Slow Dark,8,1079,1036,4100,4100,4108
4109,TR356579,Il tipo di persona,219800.0,8065.0,40.0,Melodic,8,1073,1034,4101,4101,4109
4110,TR979765,L’amore dov’è?,240000.0,6436.0,26.0,Slow Dark,8,1080,1037,4102,4102,4110
4111,TR722814,Capirai,202000.0,6380.0,36.0,Slow Dark,8,1081,1038,4103,4103,4111
4112,TR254586,Spiegare un’attitudine,178674.0,5749.0,25.0,Minimal,8,1082,1039,4104,4104,4112
4113,TR611393,Cosa resterà (Il tempo che è trascorso),283374.0,4752.0,45.0,Slow Dark,8,1083,527,4105,4105,4113
4114,TR501131,Ad occhi aperti,251186.0,4555.0,27.0,Slow Dark,8,1084,928,4106,4106,4114
4115,TR113376,$$$,211788.0,5327.0,55.0,Melodic,8,1073,1040,4107,4107,4115
4116,TR949321,Ho un Amico,237506.0,4697.0,14.0,Slow Dark,8,1085,1041,4108,4108,4116
4117,TR301437,Ridefinizione,285586.0,5849.0,16.0,Fast-Flow,8,1077,237,4109,4109,4117
4118,TR469749,Fottuto O.G.,262973.0,4826.0,14.0,Fast-Flow,8,1077,237,4110,4110,4118
4119,TR235739,Poi dopo cosa?,202472.0,4299.0,15.0,Melodic,8,1086,17,4111,4111,4119
4120,TR737141,Fuori Dal Pattume,208480.0,5445.0,31.0,Slow Dark,8,1079,1036,4112,4112,4120
4121,TR734513,Fuori Dal Coro,246000.0,4601.0,33.0,Melodic,8,1081,1038,4113,4113,4121
4122,TR255298,Hai sbagliato artista,177333.0,5067.0,40.0,Slow Dark,8,1087,1042,4114,4114,4122
4123,TR220784,Bella Bassi,249053.0,5412.0,28.0,Slow Dark,8,1084,928,4115,4115,4123
4124,TR266033,Everyday,228186.0,5817.0,26.0,Minimal,8,1088,525,4116,4116,4124
4125,TR638292,Family & Business,230202.0,5602.0,25.0,Minimal,8,1073,527,4117,4117,4125
4126,TR877170,Piccolo Bassi,304173.0,5368.0,26.0,Melodic,8,1084,928,4118,4118,4126
4127,TR334659,Gesù Cristo,172333.0,5373.0,13.0,Slow Dark,8,1077,237,4119,4119,4127
4128,TR248109,Ancora in giro,241666.0,5909.0,18.0,Melodic,8,1077,237,4120,4120,4128
4129,TR346346,Niente amore,291880.0,4604.0,19.0,Melodic,8,1084,928,4121,4121,4129
4130,TR222783,1-2-3,178226.0,4015.0,33.0,Melodic,8,1088,525,4122,4122,4130
4131,TR281255,MC generico,266657.0,4558.0,30.0,Warm Bangers,8,1073,1034,4123,4123,4131
4132,TR695912,Nessuno può togliermi quello che ho,281066.0,4449.0,15.0,Minimal,8,1077,237,4124,4124,4132
4133,TR854452,One More Chance,162876.0,5340.0,20.0,Hype,8,1079,1036,4125,4125,4133
4134,TR967756,Non Mi Fido Di Voi,245388.0,5283.0,11.0,Slow Dark,8,1076,1009,4126,4126,4134
4135,TR730658,Sorry,139040.0,5200.0,17.0,Slow Dark,8,1077,237,4127,4127,4135
4136,TR501788,L.B.D.L.,240000.0,4044.0,26.0,Slow Dark,8,1080,237,4128,4128,4136
4137,TR118822,Rapper Italiano,205226.0,5475.0,32.0,Clean,8,1089,540,4129,4129,4137
4138,TR791566,Dal tramonto all’alba,219707.0,4661.0,26.0,Clean,8,1073,527,4130,4130,4138
4139,TR621203,Lettera A Me Stesso 2013,181951.0,5346.0,9.0,Melodic,8,1079,1036,4131,4131,4139
4140,TR433695,Dangerous,279000.0,5129.0,21.0,Melodic,8,1081,1038,4132,4132,4140
4141,TR111777,P.R.S. (Press Rewind Shit),176140.0,4697.0,24.0,Warm Bangers,8,1073,527,4133,4133,4141
4142,TR727165,Dedicated,193906.0,4281.0,19.0,Slow Dark,8,1090,367,4134,4134,4142
4143,TR373486,Suckers,244749.0,4202.0,17.0,Hype,8,1079,1036,4135,4135,4143
4144,TR891225,La terra trema,259600.0,5682.0,14.0,Slow Dark,8,1088,525,4136,4136,4144
4145,TR597782,Un’altra specie,132786.0,5853.0,12.0,Slow Dark,8,1077,237,4137,4137,4145
4146,TR859512,Se morissi lunedi,255478.0,5317.0,34.0,Hype,8,1091,1043,4138,4138,4146
4147,TR693927,2 Di Notte,197813.0,4219.0,20.0,Warm Bangers,8,1091,285,4139,4139,4147
4148,TR845724,Restiamo un attimo,212307.0,4817.0,8.0,Slow Dark,8,1076,327,4140,4140,4148
4149,TR588721,Il Viaggio Di Biancaneve,198635.0,5475.0,13.0,Minimal,8,1092,1044,4141,4141,4149
4150,TR519327,Senza di te,231680.0,5576.0,26.0,Slow Dark,8,1088,525,4142,4142,4150
4151,TR172063,Senti La Pressione,199999.0,4248.0,8.0,Warm Bangers,8,1076,1045,4143,4143,4151
4152,TR933335,Conosci il mio steelo,250682.0,4013.0,19.0,Clean,8,1073,527,4144,4144,4152
4153,TR109530,Shhh!,133746.0,5440.0,5.0,Melodic,8,1093,563,4145,4145,4153
4154,TR730847,1-2-3 Pt.2,183493.0,4728.0,20.0,Melodic,8,1075,588,4146,4146,4154
4155,TR516842,Background,304066.0,4523.0,43.0,Minimal,8,1088,525,4147,4147,4155
4156,TR349835,Il Suono Originale,191942.0,4038.0,10.0,Slow Dark,8,1080,1037,4148,4148,4156
4157,TR499923,Meglio Riconoscere,259693.0,5095.0,17.0,Melodic,8,1084,928,4149,4149,4157
4158,TR596395,Emcee,281913.0,5720.0,21.0,Melodic,8,1073,527,4150,4150,4158
4159,TR771886,Lirico terrorista,188779.0,5934.0,17.0,Melodic,8,1087,1042,4151,4151,4159
4160,TR320285,A male,287161.0,5147.0,18.0,Melodic,8,1073,527,4152,4152,4160
4161,TR604441,Sano what?!,261687.0,5043.0,18.0,Melodic,8,1073,527,4153,4153,4161
4162,TR189925,L’Ingranaggio,179000.0,4183.0,22.0,Slow Dark,8,1081,1038,4154,4154,4162
4163,TR831613,Come sospeso nel tempo,209231.0,5114.0,22.0,Melodic,8,1087,1042,4155,4155,4163
4164,TR117557,Tempo di cazzeggio,249986.0,4775.0,17.0,Slow Dark,8,1084,928,4156,4156,4164
4165,TR453057,Rock On (Bonus Track),303533.0,5229.0,23.0,Melodic,8,1094,1046,4157,4157,4165
4166,TR715960,Sopranos pt.III,283374.0,4790.0,45.0,Melodic,8,1083,1047,4158,4158,4166
4167,TR558637,Una sera a Basiano,74857.0,4494.0,15.0,Clean,8,1073,1034,4159,4159,4167
4168,TR667726,Mettiti A Sedere,191853.0,4201.0,15.0,Melodic,8,1084,928,4160,4160,4168
4169,TR746284,Davvero Non Posso,173313.0,4643.0,9.0,Slow Dark,8,1079,958,4161,4161,4169
4170,TR992676,Buoni propositi,197299.0,4205.0,14.0,Minimal,8,1073,527,4162,4162,4170
4171,TR983017,Classe 73,222000.0,4367.0,46.0,Fast-Flow,8,1075,588,4163,4163,4171
4172,TR464479,Click,48675.0,5993.0,16.0,Clean,8,1073,527,4164,4164,4172
4173,TR473781,Vinco io,196760.0,4904.0,17.0,Melodic,8,1075,946,4165,4165,4173
4174,TR372433,Non chiamatelo un ritorno,244573.0,5079.0,23.0,Melodic,8,1088,525,4166,4166,4174
4175,TR661287,Bionic Skillz,239560.0,5765.0,16.0,Melodic,8,1073,527,4167,4167,4175
4176,TR430143,Rappresento per il fine settimana,268400.0,6009.0,20.0,Melodic,8,1084,1048,4168,4168,4176
4177,TR691728,You,295080.0,5181.0,10.0,Slow Dark,8,1090,367,4169,4169,4177
4178,TR341615,Nella Notte,251697.0,5644.0,10.0,Hype,8,1091,345,4170,4170,4178
4179,TR589465,Sopra la cintura,134075.0,4668.0,10.0,Melodic,8,1082,1049,4171,4171,4179
4180,TR210133,Come Ai Vecchi Tempi,318466.0,4627.0,13.0,Clean,8,1089,540,4172,4172,4180
4181,TR807315,Classico,260359.0,4819.0,11.0,Minimal,8,1095,531,4173,4173,4181
4182,TR949559,Cosa Succede?!,228106.0,5362.0,15.0,Clean,8,1075,588,4174,4174,4182
4183,TR533207,Non è questione,262923.0,5380.0,13.0,Melodic,8,1082,569,4175,4175,4183
4184,TR604026,Gli estimatori (Intro),99333.0,4643.0,12.0,Minimal,8,1084,928,4176,4176,4184
4185,TR635683,Prendi In Mano Quella Penna E Scrivi!,216061.0,4280.0,7.0,Hype,8,1079,1036,4177,4177,4185
4186,TR979582,Bugie,180593.0,5281.0,9.0,Hype,8,1079,1050,4178,4178,4186
4187,TR521216,B.Y.H. (Bang Ya Head),215880.0,4269.0,14.0,Minimal,8,1090,367,4179,4179,4187
4188,TR187319,Parli Di,222529.0,5173.0,16.0,Melodic,8,1074,285,4180,4180,4188
4189,TR788344,Tu Lo Sai,191000.0,5404.0,15.0,Melodic,8,1075,588,4181,4181,4189
4190,TR811367,Crazy,198119.0,5417.0,9.0,Minimal,8,1082,1051,4182,4182,4190
4191,TR987615,Django Muzik,245394.0,5524.0,16.0,Fast-Flow,8,1096,1036,1319,1319,4191
4192,TR256533,Wake Up!,203046.0,5762.0,9.0,Warm Bangers,8,1080,1037,4183,4183,4192
4193,TR402256,Ogni giorno,210666.0,5015.0,11.0,Slow Dark,8,1087,1042,4184,4184,4193
4194,TR725450,Ansia-ansia,239739.0,5476.0,21.0,Slow Dark,8,1087,1042,4185,4185,4194
4195,TR976686,Passo e chiudo,217706.0,5255.0,13.0,Melodic,8,1088,525,121,121,4195
4196,TR474469,Figli Di Puttana,162493.0,4387.0,11.0,Melodic,8,1081,1038,4186,4186,4196
4197,TR341142,The Incredible Cock Dee,192500.0,4064.0,9.0,Melodic,8,1074,285,4187,4187,4197
4198,TR316763,Goditi La Vita,189000.0,4584.0,13.0,Fast-Flow,8,1075,588,4188,4188,4198
4199,TR211210,Non fermi questo show,243800.0,4901.0,7.0,Melodic,8,1082,569,4189,4189,4199
4200,TR545556,Hate,193906.0,5250.0,19.0,Minimal,8,1090,367,4190,4190,4200
4201,TR620113,Tutti a casa,178674.0,5718.0,25.0,Melodic,8,1082,569,4191,4191,4201
4202,TR193767,Get Retarded,225255.0,4405.0,8.0,Melodic,8,1082,569,4192,4192,4202
4203,TR537753,Smiling Faces,244000.0,4266.0,12.0,Clean,8,1075,588,4193,4193,4203
4204,TR161226,Come un treno,225255.0,5945.0,8.0,Minimal,8,1082,1044,4194,4194,4204
4205,TR498675,Merda Cruda Per Tutti,206657.0,4230.0,6.0,Slow Dark,8,1079,1036,4195,4195,4205
4206,TR976705,The Crib,187600.0,4971.0,11.0,Melodic,8,1090,367,4196,4196,4206
4207,TR771194,“V” come...,318466.0,5187.0,13.0,Minimal,8,1089,1052,4197,4197,4207
4208,TR733996,Puoi Sentirlo,230560.0,5096.0,13.0,Warm Bangers,8,1084,1048,4198,4198,4208
4209,TR652357,Eight Bars,191893.0,4184.0,8.0,Melodic,8,1089,540,4199,4199,4209
4210,TR841206,Musica Che Non Si Tocca,240000.0,4127.0,26.0,Hype,8,1080,1037,4200,4200,4210
4211,TR241534,Riflessioni,239292.0,4224.0,8.0,Minimal,8,1082,569,4201,4201,4211
4212,TR770453,Dal minimo al massimo,241440.0,5186.0,9.0,Melodic,8,1082,569,4202,4202,4212
4213,TR511580,Quello che non siamo,226500.0,5103.0,8.0,Slow Dark,8,1087,1042,4203,4203,4213
4214,TR404465,Vivo rap,138786.0,4480.0,10.0,Melodic,8,1088,525,4204,4204,4214
4215,TR594237,Rap schietto,252000.0,5292.0,14.0,Slow Dark,8,1087,1042,4205,4205,4215
4216,TR301224,Musical Mafia,205934.0,5657.0,9.0,Slow Dark,8,1074,194,4206,4206,4216
4217,TR784611,Keep Ya Head Up,183093.0,4096.0,9.0,Melodic,8,1090,367,4207,4207,4217
4218,TR529732,Sono Io,264000.0,5012.0,13.0,Slow Dark,8,1081,1038,4208,4208,4218
4219,TR321247,Glory and Frustration,169746.0,5394.0,13.0,Melodic,8,1075,588,4209,4209,4219
4220,TR511737,The Shit Dropper,258600.0,4518.0,8.0,Melodic,8,1089,540,4210,4210,4220
4221,TR903723,Yeah,217000.0,4629.0,12.0,Melodic,8,1081,1038,4211,4211,4221
4222,TR432221,La gente del rap,353117.0,5241.0,13.0,Minimal,8,1074,194,4212,4212,4222
4223,TR918496,Questa gente,215806.0,5814.0,8.0,Hype,8,1074,345,4213,4213,4223
4224,TR446267,Solo tu (e tu),239804.0,5636.0,7.0,Slow Dark,8,1087,1042,4214,4214,4224
4225,TR954607,L’hip-hop è la mia vita,250493.0,5181.0,9.0,Minimal,8,1095,531,4215,4215,4225
4226,TR337138,Ho bisogno d’amore (original version),320066.0,5474.0,25.0,Minimal,8,1097,194,4216,4216,4226
4227,TR693717,Dammi indietro,165333.0,4744.0,9.0,Hype,8,1087,1042,4217,4217,4227
4228,TR211219,Nel Mix,213893.0,5297.0,9.0,Minimal,8,1095,531,4218,4218,4228
4229,TR155318,Conosci il mio steelo (Rmx),260996.0,4948.0,27.0,Slow Dark,8,1098,527,4219,4219,4229
4230,TR126928,The Cognac Sipper,146760.0,4393.0,12.0,Melodic,8,1075,588,4220,4220,4230
4231,TR398494,Il mondo dei pazzi,189866.0,5419.0,7.0,Melodic,8,1095,531,4221,4221,4231
4232,TR210449,Problemi Pt. 2,228466.0,5129.0,6.0,Clean,8,1089,540,4222,4222,4232
4233,TR457607,Il Segreto,175906.0,4731.0,12.0,Melodic,8,1075,588,4223,4223,4233
4234,TR176338,Non sappiamo,255093.0,5840.0,10.0,Melodic,8,1088,525,4224,4224,4234
4235,TR701364,Runaway,195562.0,4054.0,7.0,Fast-Flow,8,1082,569,4225,4225,4235
4236,TR902974,The Lyrics,193146.0,4646.0,5.0,Clean,8,1090,367,4226,4226,4236
4237,TR270928,È così che va,243320.0,4126.0,7.0,Minimal,8,1095,531,4227,4227,4237
4238,TR788949,Vi siete accorti,221946.0,5550.0,26.0,Melodic,8,1099,285,4228,4228,4238
4239,TR151373,Lo Capisci O No?!,162200.0,5421.0,8.0,Melodic,8,1089,540,4229,4229,4239
4240,TR279898,Non cambio mai,186444.0,4677.0,11.0,Melodic,8,1074,345,4230,4230,4240
4241,TR108862,Sushi Bar,215461.0,5367.0,6.0,Melodic,8,1085,1041,4231,4231,4241
4242,TR173296,Meritano Questo,230933.0,4806.0,8.0,Melodic,8,1089,540,4232,4232,4242
4243,TR797240,Troubles,189933.0,5530.0,11.0,Melodic,8,1090,367,4233,4233,4243
4244,TR240173,Com’era,283374.0,4923.0,45.0,Minimal,8,1083,1053,4234,4234,4244
4245,TR928171,What I Am,242586.0,4839.0,10.0,Slow Dark,8,1090,367,4235,4235,4245
4246,TR330141,Hip hop derelicts,139133.0,5887.0,11.0,Melodic,8,1088,525,4236,4236,4246
4247,TR788822,Giuda (The Bad Seed),214000.0,4515.0,9.0,Clean,8,1075,588,4237,4237,4247
4248,TR135597,La Vita È Maledetta,182000.0,4254.0,9.0,Clean,8,1075,588,4238,4238,4248
4249,TR175360,Mr. U R Nobody,157881.0,5185.0,5.0,Slow Dark,8,1082,569,4239,4239,4249
4250,TR183798,(Take it) Easy,222111.0,5956.0,7.0,Melodic,8,1087,1042,4240,4240,4250
4251,TR669759,Dramma,151413.0,4769.0,8.0,Clean,8,1095,531,4241,4241,4251
4252,TR990772,Beiootchh,283374.0,4137.0,45.0,Melodic,8,1083,285,4242,4242,4252
4253,TR956159,Mostra Un Po’ D’Amore,251506.0,4692.0,9.0,Melodic,8,1081,1038,4243,4243,4253
4254,TR147400,I’m Nice (On The Mic),266162.0,5026.0,4.0,Slow Dark,8,1082,671,4244,4244,4254
4255,TR505983,Per I Miei Gorilla,218440.0,4337.0,10.0,Melodic,8,1089,540,4245,4245,4255
4256,TR194762,La Verità,218678.0,5332.0,6.0,Fast-Flow,8,1085,1041,4246,4246,4256
4257,TR475849,Pop Music,231920.0,6014.0,6.0,Slow Dark,8,1090,367,4247,4247,4257
4258,TR828593,The B / The K,516786.0,4919.0,53.0,Melodic,8,1100,569,4248,4248,4258
4259,TR728990,Rezpekt,283374.0,4724.0,45.0,Melodic,8,1083,285,4249,4249,4259
4260,TR834122,Knock ’em Out,225880.0,4816.0,7.0,Slow Dark,8,1090,367,4250,4250,4260
4261,TR440478,Lo Stesso Posto,234000.0,4244.0,11.0,Clean,8,1081,1038,4251,4251,4261
4262,TR755658,Bassi Maestro,211788.0,5785.0,55.0,Melodic,8,1073,527,4252,4252,4262
4263,TR125607,La Bomba,193120.0,4844.0,7.0,Clean,8,1095,531,4253,4253,4263
4264,TR549717,R.I.P. (Resto in posa),255210.0,4787.0,11.0,Melodic,8,1074,194,4254,4254,4264
4265,TR337126,Fonzie,250186.0,5336.0,13.0,Slow Dark,8,1081,1038,4255,4255,4265
4266,TR234218,La Sigla (Sano Business),208000.0,4899.0,10.0,Melodic,8,1081,540,4256,4256,4266
4267,TR234362,Troppe cazzate,225200.0,5313.0,22.0,Melodic,8,1101,1044,4257,4257,4267
4268,TR444358,Lo sanno,263440.0,4135.0,5.0,Minimal,8,1095,531,4258,4258,4268
4269,TR755209,Fai memoria,149472.0,5646.0,37.0,Clean,8,1102,1044,4259,4259,4269
4270,TR182873,Musica Da Camera,47733.0,5898.0,11.0,Clean,8,1084,928,4260,4260,4270
4271,TR568979,Pluristellato,229197.0,5314.0,8.0,Slow Dark,8,1087,243,4261,4261,4271
4272,TR210927,Nasty Bars,207162.0,5926.0,7.0,Melodic,8,1074,911,4262,4262,4272
4273,TR658142,Sa No Biz,209760.0,4315.0,9.0,Melodic,8,1088,525,4263,4263,4273
4274,TR466501,Intro,80541.0,4968.0,16.0,Melodic,8,1103,285,4264,4264,4274
4275,TR149705,Bye Bye,263106.0,5219.0,47.0,Warm Bangers,8,1104,1043,4265,4265,4275
4276,TR126642,Dicembre 1999,188813.0,5178.0,10.0,Melodic,8,1095,531,4266,4266,4276
4277,TR922537,Ahah-Aahhhh!!!,193425.0,4817.0,6.0,Hype,8,1091,646,4267,4267,4277
4278,TR520880,2h10' (Da Dentro),235733.0,4690.0,6.0,Melodic,8,1089,540,4268,4268,4278
4279,TR467395,It’s Like That Y’All,44640.0,4265.0,9.0,Warm Bangers,8,1084,928,4269,4269,4279
4280,TR573758,Wack Rappaz (Pupazzi...),233426.0,4797.0,5.0,Minimal,8,1095,531,4270,4270,4280
4281,TR200563,Sagittario 2,53000.0,4334.0,7.0,Warm Bangers,8,1084,1054,4271,4271,4281
4282,TR303033,Potete entrare,76973.0,5482.0,5.0,Minimal,8,1095,531,4272,4272,4282
4283,TR924708,Casino Royale,181672.0,4430.0,6.0,Warm Bangers,8,1079,1036,4273,4273,4283
4284,TR411242,"4, 3, 2, 1",251506.0,4130.0,9.0,Hype,8,1081,345,4274,4274,4284
4285,TR983817,Gli estimatori (Outro),99453.0,5120.0,6.0,Clean,8,1084,928,4275,4275,4285
4286,TR736253,The show Off (Bonus Track),210680.0,5206.0,6.0,Melodic,8,1075,588,4276,4276,4286
4287,TR926090,Per Me,208733.0,5761.0,11.0,Slow Dark,8,1105,1038,4277,4277,4287
4288,TR789242,Status,122093.0,5169.0,9.0,Clean,8,1088,525,4278,4278,4288
4289,TR340268,La Spremuta Col Caffé,56920.0,4704.0,14.0,Minimal,8,1084,928,4279,4279,4289
4290,TR104167,Rap Phenomenon,215053.0,5623.0,6.0,Melodic,8,1090,367,4280,4280,4290
4291,TR249004,Bassi è il nome,242177.0,5095.0,12.0,Slow Dark,8,1106,1044,4281,4281,4291
4292,TR183501,Jeep Music,211973.0,4171.0,10.0,Melodic,8,1089,540,4282,4282,4292
4293,TR201959,Ragazzi Seri,229728.0,5148.0,6.0,Melodic,8,1085,1041,4283,4283,4293
4294,TR615417,Bus diggy,143200.0,5832.0,6.0,Melodic,8,1089,540,4284,4284,4294
4295,TR260616,Ah-ah-aahh!!,193425.0,4808.0,6.0,Hype,8,1091,345,4285,4285,4295
4296,TR551113,Parla tu!,289186.0,4605.0,6.0,Melodic,8,1095,531,4286,4286,4296
4297,TR554837,Gyal Dem A Go Mad,172546.0,4298.0,19.0,Warm Bangers,8,1107,1043,4287,4287,4297
4298,TR210826,Are You Ready?,238685.0,4317.0,31.0,Hype,8,1076,345,4288,4288,4298
4299,TR251264,Cockdiesel,203491.0,4879.0,5.0,Slow Dark,8,1085,1041,4289,4289,4299
4300,TR713442,Vivi e lascia morire,339786.0,5209.0,1.0,Hype,8,1108,345,4290,4290,4300
4301,TR734556,Ricordami,93213.0,4172.0,13.0,Clean,8,1088,525,4291,4291,4301
4302,TR151128,Non Importa,215626.0,5897.0,7.0,Clean,8,1081,1038,4292,4292,4302
4303,TR347563,Gli Ultimi Testimoni,236000.0,5527.0,65.0,Slow Dark,8,1109,285,4293,4293,4303
4304,TR542154,La Mia Posse è Troppo Larga,77829.0,5189.0,8.0,Clean,8,1110,285,4294,4294,4304
4305,TR683505,Cosa Ti Aspettavi?,214759.0,5676.0,4.0,Slow Dark,8,1085,1041,4295,4295,4305
4306,TR597980,La confessione,83533.0,4172.0,2.0,Clean,8,1095,531,4296,4296,4306
4307,TR355878,Pass The Mic,158360.0,4968.0,5.0,Melodic,8,1090,367,4297,4297,4307
4308,TR994651,Musica Gratis,283374.0,5278.0,45.0,Hype,8,1083,1036,4298,4298,4308
4309,TR460342,Tu Smetti,225255.0,5675.0,8.0,Fast-Flow,8,1082,345,4299,4299,4309
4310,TR228033,Keep Comin’ Back,182409.0,5585.0,5.0,Hype,8,1091,345,4300,4300,4310
4311,TR936212,FibraSupa&Cock (Exclusive),252000.0,4566.0,14.0,Melodic,8,1087,367,4301,4301,4311
4312,TR788426,Per La Vita,275454.0,5900.0,6.0,Slow Dark,8,1080,1055,4302,4302,4312
4313,TR318521,20 anni (tutto cambia tranne Bax),248992.0,4260.0,4.0,Warm Bangers,8,1111,1056,4303,4303,4313
4314,TR843243,The Fish,213000.0,5767.0,7.0,Warm Bangers,8,1081,1038,4304,4304,4314
4315,TR144528,Pompa la folla,251506.0,5960.0,9.0,Clean,8,1081,1044,4305,4305,4315
4316,TR825797,Tu Non Puoi,196597.0,4367.0,3.0,Melodic,8,1111,668,4306,4306,4316
4317,TR591841,Vecchio,227973.0,5461.0,5.0,Melodic,8,1091,284,4307,4307,4317
4318,TR895125,Cultura grigia ’93,204944.0,4093.0,19.0,Clean,8,1112,1044,4308,4308,4318
4319,TR289625,Outside,178282.0,4825.0,3.0,Slow Dark,8,1111,668,4309,4309,4319
4320,TR687674,Così Vero,196363.0,5048.0,8.0,Slow Dark,8,1080,899,4310,4310,4320
4321,TR534488,Lontano Da Qui,209124.0,5177.0,5.0,Slow Dark,8,1113,345,4311,4311,4321
4322,TR461502,100%,251506.0,5889.0,9.0,Slow Dark,8,1081,1057,4312,4312,4322
4323,TR916965,The Hard Way,211039.0,5361.0,3.0,Clean,8,1111,668,4313,4313,4323
4324,TR808861,Vivo e Vero,163308.0,4978.0,6.0,Clean,8,1111,1056,4314,4314,4324
4325,TR422879,Stanno tutti bene prelude #1,52638.0,5635.0,3.0,Minimal,8,1082,569,4315,4315,4325
4326,TR827127,Tempo Di Svacco,194560.0,5918.0,22.0,Melodic,8,1114,1044,4316,4316,4326
4327,TR152144,The Real Moneymaker,218000.0,4057.0,4.0,Hype,8,1115,345,4317,4317,4327
4328,TR559299,"Faglielo sapere, Busdeez!",189493.0,5982.0,6.0,Minimal,8,1095,531,4318,4318,4328
4329,TR438992,Time’s Up,303206.0,4183.0,20.0,Slow Dark,8,1116,285,4319,4319,4329
4330,TR619191,South-O-Biz,204944.0,5647.0,19.0,Hype,8,1112,285,4320,4320,4330
4331,TR473083,Why?,46866.0,4573.0,4.0,Melodic,8,1090,367,4321,4321,4331
4332,TR755855,Come schiavi,207584.0,4277.0,4.0,Fast-Flow,8,1082,569,4322,4322,4332
4333,TR556920,Intro (Background),67893.0,4894.0,7.0,Hype,8,1088,525,4323,4323,4333
4334,TR537656,Siamo un mito,208000.0,5303.0,10.0,Warm Bangers,8,1081,284,4324,4324,4334
4335,TR715156,Nel frattempo,126236.0,4774.0,4.0,Melodic,8,1091,646,4325,4325,4335
4336,TR380039,"Yo, Hey",147333.0,4121.0,4.0,Clean,8,1095,531,4326,4326,4336
4337,TR533539,Pumpin’ the blood,223451.0,5214.0,5.0,Slow Dark,8,1091,646,4327,4327,4337
4338,TR175019,Cock ‘n’ Smizzle Pt. 1,252000.0,5821.0,14.0,Slow Dark,8,1087,1057,4328,4328,4338
4339,TR597674,"Vengo, Vedo, Vinco",209124.0,4781.0,5.0,Slow Dark,8,1113,284,4329,4329,4339
4340,TR743711,I Am Back,176027.0,4444.0,3.0,Melodic,8,1111,668,4330,4330,4340
4341,TR855854,Reggie Hammond,204619.0,4901.0,3.0,Minimal,8,1082,569,4331,4331,4341
4342,TR293430,L’Incidente,37826.0,4108.0,3.0,Clean,8,1095,625,4332,4332,4342
4343,TR919302,Stanno Tutti Bene Prelude #2,47776.0,5657.0,2.0,Minimal,8,1082,569,4333,4333,4343
4344,TR351557,Radio Sucker,66133.0,5669.0,4.0,Melodic,8,1090,367,4334,4334,4344
4345,TR841403,In Confronto,235800.0,5191.0,4.0,Minimal,8,1095,531,4335,4335,4345
4346,TR199400,Il mio modo,153430.0,4719.0,3.0,Hype,8,1091,646,4336,4336,4346
4347,TR577274,2xcheck,34226.0,5616.0,5.0,Clean,8,1090,367,4337,4337,4347
4348,TR453228,Vorresti Averci,225255.0,5125.0,8.0,Clean,8,1082,345,4338,4338,4348
4349,TR151249,Fuori Dal Coro (Short version),161538.0,5671.0,36.0,Hype,8,1117,285,4339,4339,4349
4350,TR716132,Non lo so,201408.0,5277.0,3.0,Warm Bangers,8,1091,646,4340,4340,4350
4351,TR160608,Tutti Stanno Bene Prelude #3,65411.0,5585.0,2.0,Minimal,8,1082,569,4341,4341,4351
4352,TR353199,To The Top,224840.0,5213.0,19.0,Slow Dark,8,1118,345,4342,4342,4352
4353,TR425289,Slang,100613.0,4842.0,4.0,Minimal,8,1095,531,4343,4343,4353
4354,TR299943,Constatazione Servile,100333.0,5933.0,3.0,Minimal,8,1095,625,4344,4344,4354
4355,TR328539,Braggin ‘n’ boastin’,52240.0,5096.0,3.0,Clean,8,1090,367,4345,4345,4355
4356,TR123652,Piove merda,283374.0,5226.0,45.0,Melodic,8,1083,932,4346,4346,4356
4357,TR866344,Hip Hop Market,67000.0,4452.0,3.0,Minimal,8,1090,367,2227,2227,4357
4358,TR486465,Dovete Andarvene,17026.0,5267.0,0.0,Minimal,8,1095,625,4347,4347,4358
4359,TR189900,Soulista,283374.0,5159.0,45.0,Melodic,8,1083,932,4348,4348,4359
4360,TR605285,Call It That,32693.0,4382.0,3.0,Clean,8,1090,367,4349,4349,4360
4361,TR507409,Grosso!,255093.0,4131.0,10.0,Warm Bangers,8,1088,367,4350,4350,4361
4362,TR237861,Intro (Monkee Bizniz Vol. 3),238685.0,5222.0,31.0,Melodic,8,1076,542,4351,4351,4362
4363,TR888306,Munito di microfono (il Maestro è ritornato),283374.0,5543.0,45.0,Slow Dark,8,1083,932,4352,4352,4363
4364,TR787734,Divertissement,283374.0,5061.0,45.0,Melodic,8,1083,932,4353,4353,4364
4365,TR534917,Cock ‘n’ Smizzle Pt.4,252946.0,4468.0,47.0,Melodic,8,1119,345,4354,4354,4365
4366,TR126308,Sono e vado,255093.0,5349.0,10.0,Slow Dark,8,1088,932,4355,4355,4366
4367,TR643300,Ad Ogni Costo (Rap-Or-Die),270048.0,4173.0,7.0,Hype,8,1120,352,4356,4356,4367
4368,TR920238,L’attesa (Balla coi loop),142000.0,4898.0,58.0,Minimal,8,1121,932,4357,4357,4368
4369,TR733751,Cock ‘n’ Smizzle Pt.3,238685.0,4340.0,31.0,Melodic,8,1076,1058,4358,4358,4369
4370,TR251871,Cock ‘n’ Smizzle Pt.2,252000.0,4382.0,14.0,Hype,8,1087,1042,4359,4359,4370
4371,TR108760,(Damaneasera) La lingualleno,251506.0,4416.0,9.0,Melodic,8,1081,932,4360,4360,4371
4372,TR608048,Outro,51320.0,4784.0,3.0,Warm Bangers,8,1080,1055,4361,4361,4372
4373,TR447514,Lasciali girare/Scratchmatazz,177333.0,4114.0,40.0,Minimal,8,1087,932,4362,4362,4373
4374,TR355590,Intro (Monkee Bizniz Vol. 2),177333.0,4810.0,40.0,Hype,8,1087,1042,4363,4363,4374
4375,TR689316,Ninna Nanna,237493.0,430384.0,57.0,Warm Bangers,40,1122,1059,4364,4364,4375
4376,TR159611,Wily Wily,236481.0,429678.0,51.0,Fast-Flow,40,1123,1060,4365,4365,4376
4377,TR217787,Dende,209571.0,384570.0,61.0,Warm Bangers,40,1123,1061,4366,4366,4377
4378,TR108274,Habibi,184413.0,435785.0,58.0,Slow Dark,40,1122,296,4367,4367,4378
4379,TR658767,Happy Days,198120.0,262000.0,55.0,Fast-Flow,40,1122,1062,4368,4368,4379
4380,TR626990,Cara Italia,244324.0,293144.0,58.0,Minimal,40,1124,1063,4369,4369,4380
4381,TR726684,Pizza Kebab,178040.0,173769.0,47.0,Fast-Flow,40,1122,1064,4370,4370,4381
4382,TR571958,Marijuana,222233.0,144485.0,53.0,Warm Bangers,40,1123,1065,4371,4371,4382
4383,TR867247,Sempre Me,194522.0,171689.0,50.0,Fast-Flow,40,1123,34,4372,4372,4383
4384,TR392039,Cazzo Mene,222009.0,161438.0,51.0,Slow Dark,40,1123,538,4373,4373,4384
4385,TR530821,Ricchi Dentro,171026.0,154340.0,53.0,Fast-Flow,40,1122,296,4374,4374,4385
4386,TR259256,Lacrime,227373.0,132071.0,44.0,Fast-Flow,40,1122,296,4375,4375,4386
4387,TR903216,Boogieman,159910.0,118802.0,55.0,Slow Dark,40,1125,19,4376,4376,4387
4388,TR784100,Liberté,167293.0,74256.0,45.0,Slow Dark,40,1122,296,4377,4377,4388
4389,TR385819,Non Lo So,231832.0,75905.0,42.0,Melodic,40,1123,1066,4378,4378,4389
4390,TR189863,Marymango,204984.0,59556.0,54.0,Minimal,40,1125,1067,4379,4379,4390
4391,TR791323,Come Milano,199914.0,62936.0,43.0,Fast-Flow,40,1123,1068,4380,4380,4391
4392,TR832072,Vida,211213.0,71324.0,43.0,Slow Dark,40,1122,296,4381,4381,4392
4393,TR477201,Boulevard,207520.0,73957.0,43.0,Warm Bangers,40,1122,296,4382,4382,4393
4394,TR209517,Jennifer,161847.0,49448.0,51.0,Melodic,40,1125,1067,4383,4383,4394
4395,TR613675,Flashback,217000.0,69686.0,44.0,Slow Dark,40,1125,730,4384,4384,4395
4396,TR430982,Vai Tra,196149.0,59333.0,35.0,Melodic,40,1123,1069,4385,4385,4396
4397,TR735910,Good Times,163073.0,45695.0,63.0,Slow Dark,40,1125,1067,4386,4386,4397
4398,TR437395,Cacao,113830.0,38946.0,47.0,Warm Bangers,40,1125,818,4387,4387,4398
4399,TR524901,Oggi No,144960.0,40286.0,40.0,Slow Dark,40,1122,296,4388,4388,4399
4400,TR548423,22:22,180000.0,36896.0,62.0,Warm Bangers,40,1125,1067,4389,4389,4400
4401,TR907973,DNA,163073.0,36441.0,63.0,Slow Dark,40,1125,1067,4390,4390,4401
4402,TR733281,Milano,210053.0,39749.0,39.0,Fast-Flow,40,1122,296,4391,4391,4402
4403,TR815841,Zingarello,187883.0,32861.0,43.0,Warm Bangers,40,1126,250,4392,4392,4403
4404,TR928281,WALLAH,133776.0,32476.0,46.0,Melodic,40,1127,835,4393,4393,4404
4405,TR175695,Ora d’aria,193560.0,41025.0,38.0,Slow Dark,40,1122,296,4394,4394,4405
4406,TR726119,MILF,136054.0,35224.0,38.0,Slow Dark,40,1125,5,4395,4395,4406
4407,TR725031,Barcellona,176166.0,38211.0,61.0,Slow Dark,40,1125,1067,4396,4396,4407
4408,TR751435,Optional,150883.0,26368.0,35.0,Slow Dark,40,1123,1070,4397,4397,4408
4409,TR998080,Fast Food,159500.0,28203.0,38.0,Warm Bangers,40,1125,1067,4398,4398,4409
4410,TR104431,Mamma,179815.0,27529.0,33.0,Hype,40,1123,321,4399,4399,4410
4411,TR291055,BAYNA,125333.0,20614.0,48.0,Minimal,40,1128,594,4400,4400,4411
4412,TR268278,Niente Panico,181373.0,18849.0,64.0,Minimal,40,1129,314,4401,4401,4412
4413,TR835183,Cuore a Destra,181530.0,23788.0,37.0,Warm Bangers,40,1125,1067,4402,4402,4413
4414,TR359531,Turbococco,156734.0,22704.0,45.0,Melodic,40,1130,337,4403,4403,4414
4415,TR592486,Fallito,191874.0,19728.0,37.0,Fast-Flow,40,1125,1067,4404,4404,4415
4416,TR267824,FREE SOLO,153693.0,19691.0,43.0,Warm Bangers,40,1128,594,4405,4405,4416
4417,TR612087,Casa Mia,210541.0,18770.0,62.0,Warm Bangers,40,1131,89,4406,4406,4417
4418,TR398468,Voci,103448.0,15132.0,33.0,Warm Bangers,40,1123,1071,4407,4407,4418
4419,TR211507,Paprika,148571.0,17406.0,66.0,Warm Bangers,40,1132,53,4408,4408,4419
4420,TR987701,Chiagne Ancora,218186.0,15786.0,46.0,Slow Dark,40,1133,1072,4409,4409,4420
4421,TR728122,Giù x Terra,133636.0,14939.0,33.0,Warm Bangers,40,1125,1067,4410,4410,4421
4422,TR721835,Hasta la vista,145321.0,20326.0,40.0,Warm Bangers,40,1134,337,4411,4411,4422
4423,TR823088,Scooby,130235.0,17726.0,36.0,Warm Bangers,40,1125,1067,4412,4412,4423
4424,TR534982,I Love You,177836.0,17811.0,40.0,Slow Dark,40,1135,562,4413,4413,4424
4425,TR290977,Extasy,161557.0,15071.0,36.0,Warm Bangers,40,1125,1067,4414,4414,4425
4426,TR791009,PARE,165960.0,13968.0,52.0,Slow Dark,40,1128,594,4415,4415,4426
4427,TR855616,Machiavelli,135652.0,12951.0,54.0,Warm Bangers,40,1136,393,4416,4416,4427
4428,TR661227,Paura E Delirio A Milano,184724.0,11775.0,52.0,Hype,40,1136,393,4417,4417,4428
4429,TR920396,Combo,176011.0,11558.0,36.0,Warm Bangers,40,1125,1067,4418,4418,4429
4430,TR746527,1993,140518.0,12415.0,38.0,Melodic,40,1125,1073,4419,4419,4430
4431,TR687972,DRARI,150026.0,11557.0,46.0,Warm Bangers,40,1128,594,4420,4420,4431
4432,TR817312,Lunga Vita a Sto,209571.0,8823.0,61.0,Melodic,40,1123,1074,4421,4421,4432
4433,TR191134,Tanti Soldi,213749.0,7894.0,40.0,Slow Dark,40,1136,393,4422,4422,4433
4434,TR498412,WALO,171906.0,8913.0,32.0,Slow Dark,40,1128,174,4423,4423,4434
4435,TR241721,Sto,97864.0,5817.0,45.0,Warm Bangers,40,1136,393,4424,4424,4435
4436,TR751028,Sotto Controllo,122110.0,6126.0,42.0,Fast-Flow,40,1136,393,4425,4425,4436
4437,TR658250,Lascia Stare,180000.0,6174.0,72.0,Warm Bangers,40,1137,1075,4426,4426,4437
4438,TR211291,Mille Pare (Bad Times),141000.0,7007.0,38.0,Hype,40,1125,1073,4427,4427,4438
4439,TR319478,Kalashnicov,148571.0,7199.0,66.0,Minimal,40,1132,232,4428,4428,4439
4440,TR563209,Safi Safi,165750.0,5175.0,40.0,Warm Bangers,40,1136,393,4429,4429,4440
4441,TR144941,Zuppa Di Succo Di Mucca,138805.0,6623.0,40.0,Melodic,40,1136,393,4430,4430,4441
4442,TR269116,FORTUNA,165866.0,6235.0,47.0,Fast-Flow,40,1128,1076,4431,4431,4442
4443,TR689645,BRAVO,154826.0,4855.0,36.0,Warm Bangers,40,1128,594,4432,4432,4443
4444,TR552641,MOON RAGE,198533.0,5220.0,34.0,Fast-Flow,40,1128,594,4433,4433,4444
4445,TR131297,Album,237493.0,5076.0,57.0,Melodic,40,1122,488,4434,4434,4445
4446,TR746040,Bugiardi (#FuckYouGhali 1),140518.0,6254.0,38.0,Slow Dark,40,1125,1077,4435,4435,4446
4447,TR285783,Coco,162187.0,4496.0,37.0,Warm Bangers,40,1136,393,4436,4436,4447
4448,TR902714,SENSAZIONE ULTRA,165960.0,5662.0,52.0,Fast-Flow,40,1128,1078,4437,4437,4448
4449,TR964018,Celine,183021.0,4681.0,44.0,Warm Bangers,40,1136,393,4438,4438,4449
4450,TR952965,Chill,135692.0,5477.0,69.0,Fast-Flow,40,1138,16,4439,4439,4450
4451,TR617415,Buonasera,172888.0,4851.0,39.0,Melodic,40,1136,393,4440,4440,4451
4452,TR731376,PETER PARKER,151546.0,5172.0,40.0,Fast-Flow,40,1128,594,4441,4441,4452
4453,TR349424,Dimmi La Verità,139130.0,5679.0,37.0,Fast-Flow,40,1136,393,4442,4442,4453
4454,TR157173,Pizza Kebab - Episodio 1,212093.0,5622.0,39.0,Slow Dark,40,1139,1079,4443,4443,4454
4455,TR816045,91  (#FuckYouGhali 3),262026.0,5750.0,16.0,Slow Dark,40,1140,1080,4444,4444,4455
4456,TR564303,Peccati,136363.0,4131.0,35.0,Slow Dark,40,1136,393,4445,4445,4456
4457,TR901879,Pizza Kebab - Episodio 2,212093.0,5399.0,39.0,Minimal,40,1139,1081,4446,4446,4457
4458,TR289467,CRAZY,176133.0,4292.0,34.0,Slow Dark,40,1128,594,4447,4447,4458
4459,TR470608,Salvini (#FuckYouGhali 2),209571.0,4844.0,61.0,Warm Bangers,40,1123,37,4448,4448,4459
4460,TR776746,Senza Pietà,133161.0,5111.0,35.0,Fast-Flow,40,1136,393,4449,4449,4460
4461,TR993018,We Lo Zio,222009.0,4821.0,51.0,Minimal,40,1123,232,4450,4450,4461
4462,TR716935,#Fuckyoughali 4,222089.0,5055.0,29.0,Slow Dark,40,1141,1082,4451,4451,4462
4463,TR863249,Maneskin*,148571.0,6011.0,66.0,Warm Bangers,40,1132,53,4452,4452,4463
4464,TR611259,Il Bello Di Noi,212853.0,4284.0,72.0,Hype,40,1142,232,4453,4453,4464
4465,TR553777,Tupac & Biggie,689466.0,5366.0,30.0,Fast-Flow,40,1143,1083,4454,4454,4465
4466,TR907059,Vámonos*,176166.0,4806.0,61.0,Warm Bangers,40,1125,1073,4455,4455,4466
4467,TR789114,Radio 105 Freestyle,197853.0,4276.0,24.0,Melodic,40,1144,1084,4456,4456,4467
4468,TR547457,#SFTB (Started From The Bottom),131240.0,4332.0,88.0,Hype,40,1145,1085,4457,4457,4468
4469,TR175917,Radio 105 Freestyle 2020,197853.0,5912.0,24.0,Melodic,40,1144,1067,4458,4458,4469
4470,TR676362,Cacao (spoiler),181328.0,5773.0,14.0,Melodic,40,1146,263,4459,4459,4470
4471,TR797701,TDE Vi Levare,213647.0,5831.0,11.0,Warm Bangers,40,1147,232,4460,4460,4471
4472,TR502284,Leader,148571.0,5999.0,66.0,Fast-Flow,40,1132,1086,4461,4461,4472
4473,TR650620,€uri,148571.0,4431.0,66.0,Slow Dark,40,1132,232,4462,4462,4473
4474,TR648705,Complice,148571.0,4725.0,66.0,Minimal,40,1132,232,4463,4463,4474
4475,TR362892,Freestyle Dope Felix Baumgartner,209571.0,5354.0,61.0,Slow Dark,40,1123,232,4464,4464,4475
4476,TR684657,Vado Fuori,192096.0,4981.0,72.0,Warm Bangers,40,1148,232,4465,4465,4476
4477,TR588889,105 Mi Casa Mashup: il freestyle di Ghali su Clout,180000.0,4849.0,62.0,Warm Bangers,40,1125,1087,4466,4466,4477
4478,TR128172,Unknown,209571.0,4728.0,61.0,Fast-Flow,40,1123,1074,4467,4467,4478
4479,TR806743,Unknown 5,284210.0,5203.0,16.0,Slow Dark,40,1149,1088,4468,4468,4479
4480,TR355831,Unknown 6,163109.0,5165.0,12.0,Warm Bangers,40,1150,53,4469,4469,4480
4481,TR654292,Unknown 3,180973.0,4335.0,8.0,Warm Bangers,40,1151,1089,4470,4470,4481
4482,TR426771,Unknown 7,181829.0,4958.0,39.0,Melodic,40,1152,211,4471,4471,4482
4483,TR750039,Joyride,180000.0,5121.0,62.0,Minimal,40,1125,1090,4472,4472,4483
4484,TR344222,Unknown 2,204613.0,5154.0,56.0,Warm Bangers,40,1153,189,4473,4473,4484
4485,TR486110,Unknown 8,324245.0,4432.0,1.0,Fast-Flow,40,1154,1091,4474,4474,4485
4486,TR498604,Unknown 4,228332.0,5500.0,3.0,Minimal,40,1155,1092,4475,4475,4486
4487,TR433634,4:20,215373.0,51696.0,45.0,Fast-Flow,29,1156,1045,4476,4476,4487
4488,TR144538,MIRA,203975.0,18829.0,31.0,Fast-Flow,29,1157,14,4477,4477,4488
4489,TR289879,Tutto il mondo è quartiere,230000.0,21844.0,27.0,Warm Bangers,29,1156,328,4478,4478,4489
4490,TR915093,Mamma diceva,171040.0,15213.0,28.0,Warm Bangers,29,1156,1045,4479,4479,4490
4491,TR326623,SPECIALIST,145446.0,13282.0,36.0,Hype,29,1158,1093,4480,4480,4491
4492,TR548105,Noi,296853.0,15102.0,39.0,Warm Bangers,29,1159,1045,4481,4481,4492
4493,TR865371,Joga Bonito,222680.0,12932.0,24.0,Warm Bangers,29,1160,1094,4482,4482,4493
4494,TR806531,Te lo dicevo,209600.0,13580.0,21.0,Fast-Flow,29,1156,1045,4483,4483,4494
4495,TR132468,Sugar Mama,178040.0,13276.0,33.0,Slow Dark,29,1156,1045,4484,4484,4495
4496,TR245440,RAPPER POSSE TRACK,189588.0,12345.0,28.0,Hype,29,1157,1095,4485,4485,4496
4497,TR950434,Iconic,181280.0,11671.0,24.0,Warm Bangers,29,1156,1045,4486,4486,4497
4498,TR572811,Stratocaster,170933.0,9489.0,38.0,Hype,29,1161,1096,4487,4487,4498
4499,TR857827,FRATELLO MIO,180197.0,9624.0,29.0,Fast-Flow,29,1162,1097,4488,4488,4499
4500,TR855341,EZ,140595.0,10090.0,40.0,Warm Bangers,29,1163,218,4489,4489,4500
4501,TR201734,Ribelli senza causa,233040.0,9788.0,25.0,Fast-Flow,29,1156,1045,4490,4490,4501
4502,TR139394,In volo,177733.0,9381.0,28.0,Slow Dark,29,1156,1045,4491,4491,4502
4503,TR833035,HO LA HIT,219451.0,8157.0,28.0,Hype,29,1164,120,4492,4492,4503
4504,TR899349,Vincent,208000.0,7029.0,23.0,Slow Dark,29,1156,1045,4493,4493,4504
4505,TR590757,DENG DENG,183724.0,8548.0,21.0,Warm Bangers,29,1162,1098,4494,4494,4505
4506,TR575389,Mezcal,236200.0,7659.0,19.0,Slow Dark,29,1156,1045,4495,4495,4506
4507,TR884628,MARI,152827.0,9016.0,20.0,Hype,29,1165,518,4496,4496,4507
4508,TR838741,CLASH FREESTYLE,137108.0,6173.0,23.0,Hype,29,1162,1099,4497,4497,4508
4509,TR766738,Tutti Contenti,212786.0,7544.0,34.0,Minimal,29,1166,1100,4498,4498,4509
4510,TR789334,MAI,188959.0,8262.0,34.0,Hype,29,1167,1101,4499,4499,4510
4511,TR100739,Boom Bye Bye,204706.0,6083.0,18.0,Hype,29,1156,1045,4500,4500,4511
4512,TR505180,"Sì, come no",250706.0,6379.0,19.0,Fast-Flow,29,1156,1045,4501,4501,4512
4513,TR726015,CLAMO,211150.0,4627.0,22.0,Melodic,29,1168,382,4502,4502,4513
4514,TR746379,COMPLICATO,204000.0,5643.0,20.0,Slow Dark,29,1162,1097,4503,4503,4514
4515,TR492744,MUTOMBO,204546.0,5271.0,15.0,Hype,29,1162,1097,4504,4504,4515
4516,TR261517,RAPPER,189588.0,4835.0,28.0,Warm Bangers,29,1157,1097,4505,4505,4516
4517,TR529299,SEQUEL FREESTYLE,144746.0,5057.0,17.0,Hype,29,1157,1102,4506,4506,4517
4518,TR628300,BENZINA,193738.0,5808.0,24.0,Warm Bangers,29,1169,1103,4507,4507,4518
4519,TR535724,THEMA TURBODIESEL,194095.0,4405.0,16.0,Slow Dark,29,1162,1097,4508,4508,4519
4520,TR505910,Freestyle Lavanderie Ramone,234000.0,4058.0,41.0,Melodic,29,1170,1104,4509,4509,4520
4521,TR454565,VITA INTERA,138058.0,5738.0,20.0,Warm Bangers,29,1162,1097,4510,4510,4521
4522,TR810194,Era Tutto Un Sogno,212786.0,5170.0,34.0,Hype,29,1166,1100,4511,4511,4522
4523,TR460311,Come Il Sole,229786.0,5800.0,19.0,Hype,29,1166,1100,4512,4512,4523
4524,TR672564,Orgoglio E Vergogna,247933.0,5211.0,17.0,Slow Dark,29,1166,1100,4513,4513,4524
4525,TR819541,IVORY FREESTYLE,132630.0,5636.0,15.0,Fast-Flow,29,1162,15,4514,4514,4525
4526,TR865620,ROCKER,217285.0,4873.0,16.0,Warm Bangers,29,1162,1097,4515,4515,4526
4527,TR723847,090320,122353.0,5516.0,11.0,Hype,29,1171,853,4516,4516,4527
4528,TR231780,La Scomparsa Del Pescatore,307706.0,5844.0,16.0,Hype,29,1166,1100,4517,4517,4528
4529,TR350803,Torino State Of Mind,228240.0,5160.0,17.0,Hype,29,1166,1100,4518,4518,4529
4530,TR817882,Identità,206506.0,4374.0,16.0,Hype,29,1156,1045,4519,4519,4530
4531,TR846586,Paper Queen,233893.0,4549.0,16.0,Warm Bangers,29,1166,1100,4520,4520,4531
4532,TR306244,NON SEI DI QUA,135911.0,4407.0,19.0,Warm Bangers,29,1168,382,4521,4521,4532
4533,TR606959,Abracadabra,236626.0,4508.0,17.0,Hype,29,1166,746,4522,4522,4533
4534,TR112922,Numero Uno,226333.0,4627.0,23.0,Hype,29,1166,1105,4523,4523,4534
4535,TR402130,AUTOGRILL FREESTYLE,108237.0,5124.0,16.0,Fast-Flow,29,1162,1106,4524,4524,4535
4536,TR238690,BABY,180757.0,5191.0,20.0,Fast-Flow,29,1172,743,4525,4525,4536
4537,TR786655,Rocky e Adriana,204026.0,4869.0,12.0,Hype,29,1161,1096,4526,4526,4537
4538,TR260076,Tangerine Dream,222333.0,5247.0,15.0,Fast-Flow,29,1166,1100,4527,4527,4538
4539,TR838791,RAT RACE,206158.0,4175.0,14.0,Fast-Flow,29,1162,1097,4528,4528,4539
4540,TR533330,GIÙ LE STELLE,195935.0,4186.0,17.0,Warm Bangers,29,1168,382,4529,4529,4540
4541,TR506000,Non è un addio,266600.0,4357.0,14.0,Slow Dark,29,1161,1096,4530,4530,4541
4542,TR648038,BAD BOYS,197693.0,5050.0,16.0,Fast-Flow,29,1172,743,4531,4531,4542
4543,TR152128,Se non con te,255200.0,4442.0,11.0,Hype,29,1161,1096,4532,4532,4543
4544,TR793139,Fresco Fresco Pronto Per Morire,202680.0,4580.0,14.0,Fast-Flow,29,1166,1100,4533,4533,4544
4545,TR267753,BANG BANG,145966.0,4813.0,13.0,Warm Bangers,29,1157,1095,4534,4534,4545
4546,TR627808,Eroi,223293.0,5641.0,12.0,Hype,29,1161,1096,4535,4535,4546
4547,TR731836,"Rispetto di tutti, paura di nessuno",206920.0,4041.0,15.0,Hype,29,1161,1096,3868,3868,4547
4548,TR785277,Juggernaut,222746.0,5314.0,13.0,Slow Dark,29,1161,1096,4536,4536,4548
4549,TR937272,In volo (RMX),244877.0,5352.0,11.0,Slow Dark,29,1173,127,4537,4537,4549
4550,TR829438,Buon Viaggio,220266.0,5614.0,10.0,Warm Bangers,29,1166,1100,4538,4538,4550
4551,TR771404,NEANCHE DIO,172515.0,5884.0,12.0,Hype,29,1172,743,4539,4539,4551
4552,TR312796,RUNNIN / ÇA VA SANS DIRE,178846.0,4052.0,13.0,Hype,29,1172,743,4540,4540,4552
4553,TR503648,BENZO,172080.0,4320.0,14.0,Fast-Flow,29,1172,743,4541,4541,4553
4554,TR302165,Gran Finale,197680.0,5790.0,13.0,Fast-Flow,29,1166,1100,4542,4542,4554
4555,TR267699,Oro E Argento,223706.0,4932.0,17.0,Fast-Flow,29,1166,1100,4543,4543,4555
4556,TR565515,Terrone,122526.0,5145.0,59.0,Hype,29,1174,1107,4544,4544,4556
4557,TR715999,Nina Mala,208880.0,5342.0,12.0,Warm Bangers,29,1166,1100,4545,4545,4557
4558,TR961877,Rock steady,170933.0,5376.0,38.0,Hype,29,1161,1096,4546,4546,4558
4559,TR866436,L’alternativa,162680.0,5882.0,9.0,Fast-Flow,29,1161,1096,4547,4547,4559
4560,TR428221,Change,240166.0,6014.0,12.0,Hype,29,1161,1108,4548,4548,4560
4561,TR233779,Cosa Ci Rimane,197446.0,5458.0,70.0,Hype,29,1175,1109,4549,4549,4561
4562,TR573369,One By One,142550.0,4589.0,93.0,Hype,29,1176,1110,4550,4550,4562
4563,TR912140,Quello Che Voglio,241506.0,5776.0,10.0,Fast-Flow,29,1166,1100,4551,4551,4563
4564,TR791400,V.I.P.,176586.0,4111.0,9.0,Hype,29,1161,1096,4552,4552,4564
4565,TR385572,Lei,166000.0,4476.0,8.0,Slow Dark,29,1177,1111,4553,4553,4565
4566,TR187045,Vendetta,260765.0,5813.0,10.0,Minimal,29,1177,1112,4554,4554,4566
4567,TR372908,Italian Freestylers,277447.0,4526.0,10.0,Clean,29,1178,1113,4555,4555,4567
4568,TR315273,Corona & Barbecue,182500.0,4455.0,31.0,Hype,29,1179,1114,4556,4556,4568
4569,TR638507,21 Piani,207630.0,4289.0,32.0,Warm Bangers,29,1180,1114,4557,4557,4569
4570,TR536162,Generazione Tuning,157549.0,5735.0,25.0,Warm Bangers,29,1181,1115,4558,4558,4570
4571,TR561735,Cantona,178306.0,5017.0,33.0,Hype,29,1182,1114,4559,4559,4571
4572,TR908739,Non Rifarlo A Casa,176000.0,5365.0,78.0,Warm Bangers,29,1183,1114,4560,4560,4572
4573,TR781144,Black City Bitch,113053.0,4491.0,13.0,Fast-Flow,29,1184,1113,4561,4561,4573
4574,TR807651,Non È Un Arrivederci,238799.0,5533.0,5.0,Slow Dark,29,1177,1111,4562,4562,4574
4575,TR167891,E.N.S.I.,277594.0,5537.0,30.0,Warm Bangers,29,1185,1111,4563,4563,4575
4576,TR822042,Uomini Contro,265454.0,4639.0,65.0,Slow Dark,29,1186,1116,4564,4564,4576
4577,TR847648,King Del Freestyle,219707.0,4834.0,16.0,Slow Dark,29,1187,1113,4565,4565,4577
4578,TR340899,Per Amore,182500.0,4434.0,31.0,Slow Dark,29,1179,1109,4566,4566,4578
4579,TR773367,Contro Chi Vuoi Tu,204706.0,5972.0,18.0,Hype,29,1156,1113,4567,4567,4579
4580,TR221566,Enzino’s Experience,203124.0,5308.0,14.0,Hype,29,1177,1111,4568,4568,4580
4581,TR628651,Come Una Polaroid,207615.0,5889.0,65.0,Slow Dark,29,1188,1109,4569,4569,4581
4582,TR863078,Fa Paura,225600.0,4621.0,17.0,Hype,29,1189,1113,4570,4570,4582
4583,TR193146,Il Trio Tenerezza,228000.0,5581.0,7.0,Hype,29,1177,1111,4571,4571,4583
4584,TR822413,Né Vinto Né Vincitore,239756.0,5549.0,6.0,Hype,29,1190,1115,4572,4572,4584
4585,TR958971,Jarro,214000.0,5399.0,7.0,Hype,29,1177,1111,4573,4573,4585
4586,TR347025,Occhi,199253.0,5950.0,8.0,Hype,29,1177,1111,4574,4574,4586
4587,TR675324,MPC Roulette,227889.0,4800.0,1.0,Melodic,29,1191,1113,4575,4575,4587
4588,TR223128,In Faccia,223016.0,4275.0,6.0,Hype,29,1177,1111,4576,4576,4588
4589,TR856141,Messaggi,224850.0,5360.0,8.0,Hype,29,1177,1111,4577,4577,4589
4590,TR290525,In Aria,223430.0,5477.0,12.0,Hype,29,1177,1111,4578,4578,4590
4591,TR158224,In Italiano,239285.0,5166.0,0.0,Warm Bangers,29,1192,1113,4579,4579,4591
4592,TR940376,Turn It Up,283400.0,4427.0,82.0,Warm Bangers,29,1193,1113,4580,4580,4592
4593,TR740502,HEART OF CLASH,168600.0,5024.0,46.0,Fast-Flow,29,1194,1117,4581,4581,4593
4594,TR349684,Sporco,280000.0,4638.0,5.0,Fast-Flow,29,1177,1111,4582,4582,4594
4595,TR789013,WILD,148334.0,4867.0,17.0,Melodic,29,1195,664,4583,4583,4595
4596,TR100258,Profondo,177226.0,5305.0,4.0,Warm Bangers,29,1196,298,4584,4584,4596
4597,TR579462,No Competition,263369.0,5507.0,5.0,Fast-Flow,29,1177,1111,4585,4585,4597
4598,TR338288,Non Hai Chance,270988.0,4478.0,3.0,Slow Dark,29,1177,1111,4586,4586,4598
4599,TR686078,Intro,159150.0,4825.0,7.0,Fast-Flow,29,1177,1111,4587,4587,4599
4600,TR699079,DOMANI FREESTYLE COLLECTION #1,233893.0,4551.0,16.0,Slow Dark,29,1166,1118,4588,4588,4600
4601,TR184949,Non Credere,208604.0,4411.0,6.0,Hype,29,1177,1111,4589,4589,4601
4602,TR442237,Trap Take Radio 105,304480.0,5582.0,33.0,Hype,29,1197,1119,4590,4590,4602
4603,TR596529,Street,267644.0,5838.0,5.0,Clean,29,1198,1111,4591,4591,4603
4604,TR271191,Landa,162742.0,4755.0,9.0,Fast-Flow,29,1199,1111,4592,4592,4604
4605,TR452193,Non Puoi Tirarmi Giù,231633.0,5520.0,4.0,Slow Dark,29,1177,1111,4593,4593,4605
4606,TR462882,Dai Tutto,215373.0,5811.0,45.0,Fast-Flow,29,1156,1120,4594,4594,4606
4607,TR269839,Non È Uguale,198960.0,5709.0,4.0,Slow Dark,29,1200,1120,4595,4595,4607
4608,TR395983,Zingari,182537.0,4379.0,3.0,Hype,29,1177,1111,4596,4596,4608
4609,TR540556,Novecento,228346.0,5931.0,19.0,Slow Dark,29,1201,1113,4597,4597,4609
4610,TR129711,Donercore,249051.0,4768.0,7.0,Fast-Flow,29,1202,1120,4598,4598,4610
4611,TR204640,Stessi Flash,261377.0,4693.0,45.0,Fast-Flow,29,1203,1109,4599,4599,4611
4612,TR929926,Oh Oh,326068.0,4138.0,7.0,Slow Dark,29,1204,1120,4600,4600,4612
4613,TR464653,Per Amore RMX,179802.0,4989.0,75.0,Clean,29,1205,1121,4601,4601,4613
4614,TR675216,Dramming,150933.0,4230.0,10.0,Clean,29,1206,1113,4602,4602,4614
4615,TR992571,DOMANI FREESTYLE COLLECTION #2,233893.0,4510.0,16.0,Fast-Flow,29,1166,1100,4603,4603,4615
4616,TR115683,DOMANI FREESTYLE COLLECTION #3,233893.0,4646.0,16.0,Hype,29,1166,1122,4604,4604,4616
4617,TR419998,Covid freestyle (Era Ora),188201.0,5632.0,1.0,Fast-Flow,29,1207,1123,4605,4605,4617
4618,TR503923,Dreaming,152469.0,5768.0,56.0,Clean,29,1208,497,4606,4606,4618
4619,TR701044,Asciugamano,273266.0,4619.0,0.0,Clean,66,1209,115,4607,4607,4619
4620,TR225339,Stanco,216607.0,5734.0,0.0,Slow Dark,66,1209,115,4608,4608,4620
4621,TR818482,Carta E Penna,187010.0,5731.0,0.0,Fast-Flow,66,1209,1124,4609,4609,4621
4622,TR337853,Delta,175595.0,5543.0,0.0,Fast-Flow,66,1209,115,4610,4610,4622
4623,TR107220,Sciccherie,192970.0,74480.0,47.0,Minimal,56,1210,1125,4611,4611,4623
4624,TR269175,17,148192.0,80969.0,44.0,Fast-Flow,56,1211,1126,4612,4612,4624
4625,TR508735,VOCE,211410.0,57161.0,53.0,Warm Bangers,56,1212,905,4613,4613,4625
4626,TR277868,TU MI HAI CAPITO,211498.0,43803.0,60.0,Warm Bangers,56,1212,1033,4614,4614,4626
4627,TR757747,MAREA,194380.0,34732.0,55.0,Fast-Flow,56,1212,697,4615,4615,4627
4628,TR367132,BUGIE,171602.0,36965.0,48.0,Minimal,56,1212,908,4616,4616,4628
4629,TR367132,BUGIE,187660.0,39108.0,42.0,Minimal,56,1213,908,4616,4616,4629
4630,TR494106,BABAGANOUSH,187274.0,37096.0,52.0,Slow Dark,56,1212,908,4617,4617,4630
4631,TR396472,BABY,162857.0,31154.0,60.0,Melodic,56,1214,1127,4618,4618,4631
4632,TR542930,Anna,233663.0,29994.0,37.0,Slow Dark,56,1215,1128,4619,4619,4632
4633,TR964422,CLITO,172682.0,34457.0,37.0,Fast-Flow,56,1212,381,4620,4620,4633
4634,TR188733,AMICONI (freestyle),152187.0,34521.0,38.0,Slow Dark,56,1212,908,4621,4621,4634
4635,TR203724,DIMMI ORA,163180.0,24837.0,43.0,Fast-Flow,56,1212,908,4622,4622,4635
4636,TR659677,IL MIO AMICO,209045.0,33809.0,42.0,Hype,56,1212,735,4623,4623,4636
4637,TR929602,TUTTI MUOIONO,192151.0,26163.0,45.0,Slow Dark,56,1212,908,4624,4624,4637
4638,TR818133,NUDA,197253.0,28001.0,37.0,Warm Bangers,56,1212,908,4625,4625,4638
4639,TR150603,MAMI PAPI,176425.0,28391.0,35.0,Slow Dark,56,1212,908,4626,4626,4639
4640,TR578869,LUNA,185560.0,28558.0,49.0,Warm Bangers,56,1212,908,4627,4627,4640
4641,TR559201,64 Bars,131777.0,29186.0,56.0,Minimal,56,1216,1129,4628,4628,4641
4642,TR842733,MOOD,151463.0,21187.0,39.0,Slow Dark,56,1212,908,4629,4629,4642
4643,TR949366,ISTINTO,148012.0,24769.0,39.0,Slow Dark,56,1212,908,4630,4630,4643
4644,TR528874,VERGOGNA,156470.0,18199.0,37.0,Fast-Flow,56,1212,908,4631,4631,4644
4645,TR245681,BAMBOLINE BOLIVIANE,168603.0,21947.0,36.0,Slow Dark,56,1212,908,4632,4632,4645
4646,TR378049,IL BENE NEL MALE,213143.0,20218.0,54.0,Warm Bangers,56,1217,8,4633,4633,4646
4647,TR230458,QUANTO FORTE TI PENSAVO,213749.0,16159.0,59.0,Fast-Flow,56,1218,210,4634,4634,4647
4648,TR367132,​sentimi,171602.0,12626.0,48.0,Minimal,56,1212,902,4616,4616,4648
4649,TR367132,​sentimi,187660.0,16106.0,42.0,Minimal,56,1213,902,4616,4616,4649
4650,TR470800,LA PROMESSA DELL’ANNO,178513.0,11510.0,33.0,Minimal,56,1219,196,4635,4635,4650
4651,TR929938,NIMPHA - La storia di una ninfomane,178402.0,8841.0,43.0,Slow Dark,56,1218,210,4636,4636,4651
4652,TR955909,SE NON PROVO DOLORE,163381.0,11677.0,48.0,Slow Dark,56,1218,210,4637,4637,4652
4653,TR444224,DONNA VEDI,163399.0,9847.0,42.0,Melodic,56,1218,210,4638,4638,4653
4654,TR218096,MILAGRO - A Matilde,282973.0,10835.0,35.0,Minimal,56,1218,210,4639,4639,4654
4655,TR212130,AVATAR - L’amore non esiste,227502.0,8660.0,36.0,Slow Dark,56,1218,210,4640,4640,4655
4656,TR495024,COME VOGLIO L’AMORE,208923.0,7350.0,34.0,Slow Dark,56,1218,210,4641,4641,4656
4657,TR340304,PER IL TUO BENE,260053.0,7788.0,42.0,Minimal,56,1218,210,4642,4642,4657
4658,TR754612,LA FESTA DELLA CRUDA VERITÀ,208100.0,6997.0,33.0,Slow Dark,56,1218,210,4643,4643,4658
4659,TR994043,RESPIRARE,149499.0,5989.0,38.0,Slow Dark,56,1218,210,4644,4644,4659
4660,TR460178,IL MIO NUOVO MAESTRO,226042.0,7401.0,32.0,Slow Dark,56,1218,210,4645,4645,4660
4661,TR655092,ARANCIATA,194366.0,6510.0,52.0,Fast-Flow,56,1218,387,4646,4646,4661
4662,TR285894,TEKNO POKÈ (Bonus Track),225347.0,5855.0,29.0,Fast-Flow,56,1218,210,4647,4647,4662
4663,TR984464,TU M’AS COMPRIS,194000.0,4935.0,38.0,Minimal,56,1220,789,4648,4648,4663
4664,TR614483,L’ONDA - La morte del Marinaio,194829.0,5673.0,32.0,Slow Dark,56,1218,210,4649,4649,4664
4665,TR583341,64 Bars pt. 2,188081.0,5674.0,18.0,Minimal,56,1221,1130,4650,4650,4665
4666,TR189060,Ghost Town,192301.0,5435.0,38.0,Fast-Flow,56,1222,664,4651,4651,4666
4667,TR962456,L’Eccezione (from the Amazon Original Series ”BANG BANG BABY”),229146.0,4222.0,48.0,Slow Dark,56,1223,1076,4652,4652,4667
4668,TR191828,La primavera della mia vita,169773.0,5693.0,26.0,Minimal,56,1224,823,4653,4653,4668
4669,TR869052,Cambierò*,221631.0,5356.0,62.0,Minimal,56,1225,1131,4654,4654,4669
4670,TR328408,Mistress Freestyle,262440.0,5408.0,3.0,Fast-Flow,56,1226,1132,4655,4655,4670
4671,TR917489,Porca Madame Freestyle,202576.0,4739.0,17.0,Minimal,56,1227,1133,4656,4656,4671
4672,TR397721,2020 Freestyle,133760.0,5774.0,34.0,Melodic,56,1228,1134,4657,4657,4672
4673,TR935572,Via del Campo (Cover),218367.0,5466.0,66.0,Minimal,56,1229,793,4658,4658,4673
4674,TR254075,Rinasci dalla cenere per diventare cenere,121401.0,4236.0,1.0,Slow Dark,56,1230,440,4659,4659,4674
4675,TR945012,KISSME Freestyle,138857.0,4829.0,17.0,Minimal,56,1231,239,4660,4660,4675
4676,TR167951,Bimbo,160003.0,5788.0,0.0,Minimal,56,1232,108,4661,4661,4676
4677,TR119446,VOCE (ACOUSTIC VERSION) (AMAZON ORIGINAL),834302.0,4106.0,35.0,Warm Bangers,56,1233,1135,4662,4662,4677
4678,TR528646,Ne voglio di più,242504.0,45548.0,33.0,Warm Bangers,101,1234,1136,4663,4663,4678
4679,TR569228,Blood a blood,192800.0,28810.0,32.0,Fast-Flow,101,1235,864,4664,4664,4679
4680,TR742904,C’est la vie,197715.0,20034.0,37.0,Hype,101,1235,1137,4665,4665,4680
4681,TR590085,Nella fossa,380000.0,14437.0,23.0,Minimal,101,1236,1138,4666,4666,4681
4682,TR600320,Accalappianani,265079.0,10769.0,30.0,Fast-Flow,101,1237,1139,4667,4667,4682
4683,TR426846,Polpette,226064.0,12935.0,20.0,Hype,101,1235,1140,4668,4668,4683
4684,TR591980,Accalappianani 2.0,212549.0,9108.0,27.0,Warm Bangers,101,1238,548,4669,4669,4684
4685,TR411932,DON,226432.0,9490.0,28.0,Melodic,101,1238,1141,4670,4670,4685
4686,TR797047,Il diavolo non esiste,175217.0,7386.0,31.0,Melodic,101,1239,1142,4671,4671,4686
4687,TR996157,Non Piove,270293.0,6467.0,45.0,Hype,101,1240,1143,4672,4672,4687
4688,TR759771,A10A,161892.0,4502.0,18.0,Warm Bangers,101,1235,864,4673,4673,4688
4689,TR449168,Aeroplanino di carta,244783.0,5489.0,18.0,Warm Bangers,101,1235,864,4674,4674,4689
4690,TR669023,Calze con le ciabatte,211200.0,5969.0,22.0,Hype,101,1234,476,4675,4675,4690
4691,TR729523,Chiedere perdono,251818.0,4751.0,11.0,Warm Bangers,101,1241,1144,4676,4676,4691
4692,TR547884,Merci beaucoup,230182.0,4726.0,25.0,Melodic,101,1238,1145,4677,4677,4692
4693,TR870584,Porco,308384.0,4702.0,18.0,Fast-Flow,101,1238,548,4678,4678,4693
4694,TR761750,DVC,227921.0,5055.0,15.0,Melodic,101,1238,1146,4679,4679,4694
4695,TR603643,Ritarducci,198889.0,4896.0,28.0,Fast-Flow,101,1242,1147,4680,4680,4695
4696,TR795210,Vado vedo e prendo,214537.0,5775.0,16.0,Fast-Flow,101,1235,864,4681,4681,4696
4697,TR484268,Missione Completa,220502.0,5025.0,23.0,Melodic,101,1243,816,4682,4682,4697
4698,TR836326,Bad Reputation,180749.0,5030.0,15.0,Melodic,101,1244,787,4683,4683,4698
4699,TR477464,Zoo Bwoy,223493.0,4290.0,16.0,Hype,101,1245,1148,4684,4684,4699
4700,TR886732,Calimocho,213879.0,5980.0,20.0,Fast-Flow,101,1238,1149,4685,4685,4700
4701,TR261037,Carabbista,169687.0,4511.0,12.0,Warm Bangers,101,1234,1150,4686,4686,4701
4702,TR873925,Biggie,186352.0,4159.0,14.0,Slow Dark,101,1246,1151,4687,4687,4702
4703,TR233293,Corvetto,226432.0,5341.0,28.0,Fast-Flow,101,1238,548,4688,4688,4703
4704,TR271683,Il Contatto,212149.0,5206.0,15.0,Fast-Flow,101,1244,787,4689,4689,4704
4705,TR559757,Asciugamano in testa,201266.0,4843.0,14.0,Warm Bangers,101,1234,276,4690,4690,4705
4706,TR665633,Zero Punto Zero,191592.0,4858.0,7.0,Fast-Flow,101,1247,1152,4691,4691,4706
4707,TR159268,Weah,233215.0,5585.0,11.0,Warm Bangers,101,1241,1153,4692,4692,4707
4708,TR235311,Da Solo,193732.0,4403.0,17.0,Fast-Flow,101,1238,548,4693,4693,4708
4709,TR771305,Odia,188313.0,5657.0,12.0,Melodic,101,1246,1154,4694,4694,4709
4710,TR552353,Sottovalutato,255437.0,5313.0,18.0,Fast-Flow,101,1244,2,4695,4695,4710
4711,TR471165,Asmara,205545.0,4851.0,10.0,Minimal,101,1248,1155,4696,4696,4711
4712,TR522739,UNA VITA SOLA,220695.0,4929.0,35.0,Fast-Flow,101,1249,849,4697,4697,4712
4713,TR686803,Madrelingua,204660.0,4526.0,11.0,Fast-Flow,101,1235,864,4698,4698,4713
4714,TR798950,La dedico a te,232972.0,5520.0,9.0,Slow Dark,101,1234,474,4699,4699,4714
4715,TR379707,Grateful,273227.0,5039.0,11.0,Hype,101,1235,864,4700,4700,4715
4716,TR111175,Vallanzasca,186452.0,4653.0,16.0,Melodic,101,1238,548,4701,4701,4716
4717,TR591089,Kraken,152506.0,5206.0,19.0,Warm Bangers,101,1238,548,4702,4702,4717
4718,TR343948,Un Altro Passo,182000.0,6011.0,26.0,Clean,101,1250,1156,4703,4703,4718
4719,TR670468,Vienimi a prendere,212202.0,4884.0,4.0,Warm Bangers,101,1241,1157,4704,4704,4719
4720,TR789604,Ancora qua,255733.0,5860.0,11.0,Hype,101,1251,1158,4705,4705,4720
4721,TR214546,Fine di un sogno,212746.0,4705.0,21.0,Fast-Flow,101,1251,1159,4706,4706,4721
4722,TR486397,Gentile,236250.0,4122.0,7.0,Hype,101,1234,1160,4707,4707,4722
4723,TR730402,Con tante,212969.0,4420.0,15.0,Fast-Flow,101,1235,864,4708,4708,4723
4724,TR796211,Street Cinema,183980.0,4851.0,11.0,Hype,101,1234,711,4709,4709,4724
4725,TR292339,Verità,230400.0,4451.0,8.0,Fast-Flow,101,1234,1161,4710,4710,4725
4726,TR262279,5 minuti,220296.0,4012.0,7.0,Warm Bangers,101,1241,1157,4711,4711,4726
4727,TR579325,Oki,191014.0,5847.0,11.0,Melodic,101,1244,1162,4712,4712,4727
4728,TR435253,D.F.W.U,245016.0,5702.0,7.0,Warm Bangers,101,1234,1163,4713,4713,4728
4729,TR109172,Canne da baseball,187519.0,5499.0,15.0,Warm Bangers,101,1235,864,4714,4714,4729
4730,TR922061,S’il vous plait,205970.0,4347.0,12.0,Slow Dark,101,1238,548,4715,4715,4730
4731,TR664417,Colpiscimi,203830.0,4253.0,10.0,Fast-Flow,101,1244,1164,4716,4716,4731
4732,TR540284,Via Perchè,237850.0,4147.0,4.0,Slow Dark,101,1252,1165,4717,4717,4732
4733,TR286384,Leader Freestyle,173333.0,5464.0,10.0,Minimal,101,1234,1166,4718,4718,4733
4734,TR918222,O.G,269613.0,5874.0,36.0,Melodic,101,1253,1167,4719,4719,4734
4735,TR586015,Mi ferma nessuno,196440.0,4874.0,12.0,Melodic,101,1254,122,4720,4720,4735
4736,TR974163,Shampoo,219063.0,4250.0,6.0,Fast-Flow,101,1234,1168,4721,4721,4736
4737,TR608422,Trendsetter,239186.0,5041.0,9.0,Hype,101,1251,1159,4722,4722,4737
4738,TR783979,Barroso,173951.0,4711.0,19.0,Slow Dark,101,1255,135,4723,4723,4738
4739,TR780285,No Cap,178825.0,4762.0,13.0,Melodic,101,1256,1169,4724,4724,4739
4740,TR917078,Medusa,243088.0,5257.0,7.0,Fast-Flow,101,1234,1170,4725,4725,4740
4741,TR746470,Canto Primo,188000.0,5454.0,16.0,Hype,101,1250,1171,4726,4726,4741
4742,TR156969,Poco,242504.0,4235.0,33.0,Hype,101,1234,1172,4727,4727,4742
4743,TR325469,Bah Bah,197912.0,4081.0,12.0,Fast-Flow,101,1238,548,4728,4728,4743
4744,TR296776,Frate a me,209023.0,6005.0,5.0,Warm Bangers,101,1241,1157,4729,4729,4744
4745,TR771435,Rehab,198889.0,4477.0,28.0,Slow Dark,101,1242,301,4730,4730,4745
4746,TR340813,Benedetto,158848.0,4119.0,18.0,Melodic,101,1255,135,4731,4731,4746
4747,TR864095,Trust No One,211984.0,4392.0,3.0,Hype,101,1251,1159,4732,4732,4747
4748,TR896526,20139,173661.0,4089.0,9.0,Warm Bangers,101,1246,1173,4733,4733,4748
4749,TR690041,V.I.P.I.M.P.,229480.0,4797.0,24.0,Melodic,101,1257,1174,4734,4734,4749
4750,TR591235,Nessuno mi sposta,214396.0,5621.0,7.0,Warm Bangers,101,1241,1157,4735,4735,4750
4751,TR898463,Filo Spinato,208182.0,4695.0,15.0,Melodic,101,1244,787,4736,4736,4751
4752,TR557689,ABC,207133.0,4903.0,8.0,Warm Bangers,101,1251,695,4737,4737,4752
4753,TR574456,Sangue del mio sangue,255226.0,5368.0,20.0,Fast-Flow,101,1251,1159,4738,4738,4753
4754,TR724878,J-Lo,172483.0,5031.0,7.0,Fast-Flow,101,1246,1175,4739,4739,4754
4755,TR339403,Good girl loves badman,218494.0,5737.0,10.0,Minimal,101,1244,985,4740,4740,4755
4756,TR669993,Qualche Secondo,138200.0,5746.0,13.0,Melodic,101,1258,1176,4741,4741,4756
4757,TR877230,Religione,202181.0,4031.0,13.0,Melodic,101,1244,787,4742,4742,4757
4758,TR946050,24/7,206449.0,5571.0,9.0,Melodic,101,1244,787,4743,4743,4758
4759,TR847881,Gratta e vinci,185433.0,4935.0,8.0,Slow Dark,101,1244,985,4744,4744,4759
4760,TR403272,Aka,207546.0,5995.0,4.0,Hype,101,1251,1159,4745,4745,4760
4761,TR726288,Mr. Cartoon,173906.0,4981.0,18.0,Warm Bangers,101,1257,677,4746,4746,4761
4762,TR397528,Numero 1,202551.0,5991.0,8.0,Fast-Flow,101,1246,1173,4747,4747,4762
4763,TR929058,Sangre de la Isla,165378.0,5524.0,16.0,Melodic,101,1255,135,4748,4748,4763
4764,TR752177,Nella Terra Di Bob,223000.0,4510.0,23.0,Minimal,101,1250,1156,4749,4749,4764
4765,TR807286,Boomerang,165450.0,5092.0,37.0,Minimal,101,1259,1009,4750,4750,4765
4766,TR339276,Vans,200769.0,6001.0,6.0,Warm Bangers,101,1246,1173,4751,4751,4766
4767,TR969545,Te lo immagini,168330.0,5731.0,5.0,Slow Dark,101,1234,1177,4752,4752,4767
4768,TR306231,Real Hustlers,167480.0,4204.0,15.0,Melodic,101,1255,135,4753,4753,4768
4769,TR812541,Jordan,262293.0,5428.0,4.0,Hype,101,1251,1159,4754,4754,4769
4770,TR723328,Tropical Shopping,153943.0,4703.0,8.0,Melodic,101,1260,1178,4755,4755,4770
4771,TR421353,In cerca dell’oro,188321.0,4026.0,5.0,Hype,101,1241,1157,4756,4756,4771
4772,TR484714,Complicato,200159.0,4821.0,11.0,Melodic,101,1244,787,4757,4757,4772
4773,TR938053,Dea Bendata,166689.0,4481.0,19.0,Melodic,101,1255,135,4758,4758,4773
4774,TR398525,QG,153000.0,5653.0,7.0,Melodic,101,1261,1179,4759,4759,4774
4775,TR800103,Paranormal Activity,180138.0,4686.0,13.0,Melodic,101,1255,135,4760,4760,4775
4776,TR297423,L’Ultima Volta,272000.0,5673.0,17.0,Hype,101,1250,1156,4761,4761,4776
4777,TR880595,Intro - Non un passo indietro,172733.0,4014.0,6.0,Hype,101,1251,1159,4762,4762,4777
4778,TR677053,Del Padre E Del Figlio,233000.0,4631.0,10.0,Hype,101,1250,1156,4763,4763,4778
4779,TR778673,Manchi solo tu,206626.0,4495.0,7.0,Fast-Flow,101,1251,1159,4764,4764,4779
4780,TR718425,5 hundred,192557.0,4479.0,6.0,Warm Bangers,101,1246,1173,4765,4765,4780
4781,TR967117,U Uh U Uh,197986.0,4149.0,6.0,Melodic,101,1257,677,4766,4766,4781
4782,TR295961,Tattoo e Collane,187178.0,4385.0,17.0,Melodic,101,1255,135,4767,4767,4782
4783,TR413671,Jr. Saddam,161348.0,5126.0,5.0,Warm Bangers,101,1262,757,4768,4768,4783
4784,TR525301,Romantic Time,228292.0,4597.0,17.0,Hype,101,1263,1180,4769,4769,4784
4785,TR389926,Nonostante Tutto,239253.0,4850.0,10.0,Hype,101,1240,1143,4770,4770,4785
4786,TR148735,Grazie A Nessuno,228000.0,4768.0,15.0,Hype,101,1250,1156,4771,4771,4786
4787,TR279950,Menzogne,169510.0,5767.0,16.0,Slow Dark,101,1255,135,4772,4772,4787
4788,TR890325,Solo andata,131999.0,5828.0,4.0,Minimal,101,1234,1181,4773,4773,4788
4789,TR711135,Differente,206308.0,4999.0,10.0,Melodic,101,1244,787,4774,4774,4789
4790,TR510737,Morti prima di morire,198890.0,4673.0,12.0,Melodic,101,1255,135,4775,4775,4790
4791,TR422663,Chi Sbaglia Paga,262736.0,4226.0,12.0,Melodic,101,1264,1182,4776,4776,4791
4792,TR226656,Una sola volta,262000.0,5923.0,21.0,Melodic,101,1265,985,4777,4777,4792
4793,TR174299,Gira Ancora,200699.0,4131.0,13.0,Fast-Flow,101,1255,135,4778,4778,4793
4794,TR178423,Ichnusa Love,257986.0,4610.0,15.0,Melodic,101,1257,285,4779,4779,4794
4795,TR230009,Marionette,208722.0,4608.0,5.0,Fast-Flow,101,1266,585,4780,4780,4795
4796,TR268905,Soldi Ebbasta,189450.0,4653.0,18.0,Melodic,101,1255,135,4781,4781,4796
4797,TR199211,​​una cosa più grande,186637.0,4340.0,7.0,Slow Dark,101,1267,255,4782,4782,4797
4798,TR841360,Indietro Mai,260853.0,5583.0,47.0,Melodic,101,1268,1183,4783,4783,4798
4799,TR948967,Noi vs. tutti,304880.0,4257.0,6.0,Hype,101,1251,1159,4784,4784,4799
4800,TR471481,Ogni fottuto giorno,170110.0,5283.0,11.0,Melodic,101,1269,87,4785,4785,4800
4801,TR496669,E Se Bevo,216173.0,4261.0,21.0,Hype,101,1240,1143,4786,4786,4801
4802,TR430378,Non Mi Giudicare,209034.0,4154.0,74.0,Melodic,101,1270,1184,4787,4787,4802
4803,TR367759,Feeling Good,169674.0,5833.0,13.0,Slow Dark,101,1255,135,4788,4788,4803
4804,TR443851,Voodoo Connection,371240.0,4393.0,10.0,Warm Bangers,101,1240,1143,4789,4789,4804
4805,TR375045,Spazio,162134.0,5657.0,3.0,Melodic,101,1271,876,4790,4790,4805
4806,TR743272,Disgustibus,210253.0,5105.0,9.0,Melodic,101,1257,285,4791,4791,4806
4807,TR960916,​​barcollando,141955.0,4168.0,26.0,Slow Dark,101,1267,387,4792,4792,4807
4808,TR655628,Mi Barrio,297640.0,5930.0,15.0,Hype,101,1240,1143,4793,4793,4808
4809,TR466675,Golden Goal,176458.0,4505.0,9.0,Fast-Flow,101,1272,1185,4794,4794,4809
4810,TR621186,IDGAF,188485.0,5735.0,5.0,Melodic,101,1273,382,4795,4795,4810
4811,TR909841,L’ultimo tango,212746.0,4351.0,21.0,Fast-Flow,101,1251,1159,4796,4796,4811
4812,TR664847,Lead Neva Follow,191960.0,5726.0,4.0,Hype,101,1251,1159,4797,4797,4812
4813,TR329639,Fearless,201131.0,4039.0,0.0,Clean,101,1274,1186,4798,4798,4813
4814,TR178394,Blockzilla,187739.0,5039.0,9.0,Minimal,101,1261,1187,4799,4799,4814
4815,TR635858,Dei et uorc (Vacca ragazzo),175493.0,5557.0,20.0,Hype,101,1257,677,4800,4800,4815
4816,TR685186,La Verità,155633.0,5883.0,8.0,Fast-Flow,101,1244,787,4801,4801,4816
4817,TR183135,Lady Sexxxy,185506.0,5835.0,18.0,Melodic,101,1257,285,4802,4802,4817
4818,TR418137,Mille Problemi,225800.0,5656.0,27.0,Minimal,101,1240,1143,4803,4803,4818
4819,TR326540,Miracolo,163818.0,5791.0,13.0,Melodic,101,1255,135,4804,4804,4819
4820,TR142039,Business,197142.0,4409.0,4.0,Warm Bangers,101,1275,1073,4805,4805,4820
4821,TR613865,Scatola di Nike,168086.0,4579.0,6.0,Fast-Flow,101,1276,490,4806,4806,4821
4822,TR522709,Pelleossa,280000.0,4591.0,11.0,Minimal,101,1277,1188,4807,4807,4822
4823,TR252762,Cappello di paglia e canottiera,191462.0,4765.0,6.0,Melodic,101,1261,1189,4808,4808,4823
4824,TR426245,Bone Thugs,172202.0,4798.0,9.0,Minimal,101,1255,135,4809,4809,4824
4825,TR780666,Faccio Muovere I Culi,193840.0,5104.0,10.0,Melodic,101,1257,677,4810,4810,4825
4826,TR763650,Faccio Quello Che Voglio,270293.0,4333.0,45.0,Hype,101,1240,1143,4811,4811,4826
4827,TR278608,Sporco,199840.0,5398.0,14.0,Hype,101,1278,1190,4812,4812,4827
4828,TR174164,Honey,164868.0,4345.0,6.0,Melodic,101,1244,985,4813,4813,4828
4829,TR653115,AD OCCHI APERTI,143617.0,4633.0,14.0,Warm Bangers,101,1279,53,4814,4814,4829
4830,TR664369,​​adrenalina,208602.0,5019.0,12.0,Melodic,101,1267,387,4815,4815,4830
4831,TR619222,Un Altro Bicchiere,189133.0,5610.0,17.0,Hype,101,1278,1191,4816,4816,4831
4832,TR738162,Mai Arreso,252099.0,5495.0,5.0,Fast-Flow,101,1261,1187,4817,4817,4832
4833,TR108160,Sole a mezzanotte,143089.0,5304.0,7.0,Melodic,101,1244,985,4818,4818,4833
4834,TR501325,Oggi Va Così,243960.0,4324.0,11.0,Fast-Flow,101,1240,1143,4819,4819,4834
4835,TR895099,Vita da Re 2,190510.0,5108.0,9.0,Fast-Flow,101,1244,985,4820,4820,4835
4836,TR301874,Frère,143465.0,4186.0,7.0,Fast-Flow,101,1261,1187,4821,4821,4836
4837,TR793479,Dem a fight me,204105.0,4766.0,6.0,Fast-Flow,101,1244,985,4822,4822,4837
4838,TR161090,Revolution,238053.0,4842.0,5.0,Hype,101,1251,1159,4823,4823,4838
4839,TR106632,Fiore Del Male,192000.0,4091.0,5.0,Hype,101,1250,1156,4824,4824,4839
4840,TR435216,Stanotte,168658.0,4560.0,12.0,Slow Dark,101,1255,135,4825,4825,4840
4841,TR342139,Il ragazzo coi dread,190360.0,5930.0,9.0,Hype,101,1251,1159,4826,4826,4841
4842,TR623017,Se Mi Cerchi,304000.0,5926.0,12.0,Warm Bangers,101,1245,1192,4827,4827,4842
4843,TR190812,Mona Lisa,163826.0,4715.0,5.0,Warm Bangers,101,1251,1159,4828,4828,4843
4844,TR329075,Intro,172293.0,4099.0,12.0,Hype,101,1240,1143,4829,4829,4844
4845,TR499462,Xxxmas,143693.0,4373.0,50.0,Hype,101,1280,1193,4830,4830,4845
4846,TR134998,Vita Da Re,225094.0,4799.0,15.0,Minimal,101,1237,1194,4831,4831,4846
4847,TR741416,Spaventapassere,272866.0,5912.0,5.0,Warm Bangers,101,1277,1188,4832,4832,4847
4848,TR252239,Immagini Ancora,173832.0,4293.0,5.0,Fast-Flow,101,1281,832,4833,4833,4848
4849,TR547750,Badman Paradise,239186.0,5543.0,9.0,Slow Dark,101,1251,418,4834,4834,4849
4850,TR327815,Giorno per Giorno,374426.0,4230.0,11.0,Slow Dark,101,1257,1195,4835,4835,4850
4851,TR311526,Cosa Vuoi Da Me,201946.0,5979.0,10.0,Warm Bangers,101,1240,1143,4836,4836,4851
4852,TR970560,Mi No Born Rich,191000.0,4777.0,5.0,Hype,101,1250,1156,4837,4837,4852
4853,TR261255,Non Mi Butto Giù,264280.0,5568.0,12.0,Melodic,101,1240,1143,4838,4838,4853
4854,TR386165,​​passeggiata all’inferno,180847.0,4697.0,7.0,Melodic,101,1267,387,4839,4839,4854
4855,TR899237,Jammaria,176360.0,5271.0,8.0,Melodic,101,1257,677,4840,4840,4855
4856,TR321155,Resto Sempre Qui,243145.0,4398.0,5.0,Hype,101,1250,1156,4841,4841,4856
4857,TR379158,Solo dei Miei,243088.0,4304.0,7.0,Melodic,101,1234,1196,4842,4842,4857
4858,TR402265,Money Again,167047.0,5891.0,6.0,Fast-Flow,101,1244,985,4843,4843,4858
4859,TR595071,Music Time,225226.0,5851.0,6.0,Minimal,101,1277,1188,4844,4844,4859
4860,TR952675,​​squilla il cell,201562.0,5789.0,6.0,Melodic,101,1267,387,4845,4845,4860
4861,TR919992,Fresh,166625.0,5264.0,5.0,Melodic,101,1244,985,4846,4846,4861
4862,TR302721,Se Tu Ci Stai,183500.0,5635.0,6.0,Minimal,101,1250,1156,4847,4847,4862
4863,TR177376,Il Faro E Il Mare,188000.0,4150.0,6.0,Minimal,101,1250,679,4848,4848,4863
4864,TR370443,Non Mollo,161653.0,4683.0,9.0,Warm Bangers,101,1257,677,4849,4849,4864
4865,TR324780,Supermario,202000.0,4642.0,9.0,Hype,101,1250,1156,4850,4850,4865
4866,TR675629,Vh,229480.0,5288.0,24.0,Hype,101,1257,677,4851,4851,4866
4867,TR159447,La Colpa,208520.0,4726.0,14.0,Minimal,101,1240,1197,4852,4852,4867
4868,TR498492,Miliardo,256786.0,4311.0,5.0,Clean,101,1278,1191,4853,4853,4868
4869,TR625479,Rude Bwoy,205000.0,5209.0,7.0,Minimal,101,1250,1156,4854,4854,4869
4870,TR484249,Niente di male,193713.0,5644.0,7.0,Slow Dark,101,1244,985,4855,4855,4870
4871,TR253620,Cash,159950.0,4779.0,9.0,Melodic,101,1245,1198,4856,4856,4871
4872,TR842442,Tu Dici Che,214933.0,4278.0,12.0,Fast-Flow,101,1278,1191,4857,4857,4872
4873,TR413402,Bad Girl,218494.0,4407.0,10.0,Hype,101,1244,1156,4858,4858,4873
4874,TR964006,Davvero Oppure No,291626.0,4489.0,4.0,Fast-Flow,101,1277,1188,4859,4859,4874
4875,TR660488,Cronici+S.B.S (Tormento Diss),380000.0,4614.0,23.0,Hype,101,1236,284,4860,4860,4875
4876,TR440070,Too Rude,190000.0,5300.0,2.0,Melodic,101,1277,1188,4861,4861,4876
4877,TR135114,Rilassato,198889.0,5214.0,28.0,Warm Bangers,101,1242,1199,4862,4862,4877
4878,TR510348,​​non è mai troppo tardi,184387.0,5407.0,10.0,Melodic,101,1267,387,4863,4863,4878
4879,TR263633,We Gonna Make It,243013.0,4739.0,0.0,Fast-Flow,101,1282,1188,4864,4864,4879
4880,TR960144,In Ritardo,206480.0,5666.0,6.0,Hype,101,1278,1191,4865,4865,4880
4881,TR798904,One Shot,208666.0,4421.0,12.0,Slow Dark,101,1283,1200,4866,4866,4881
4882,TR860795,Crash Test,232000.0,4952.0,55.0,Hype,101,1284,1201,4867,4867,4882
4883,TR508832,In Tv,217826.0,5619.0,5.0,Minimal,101,1257,677,4868,4868,4883
4884,TR497031,Non Ci Sono Più,210120.0,4373.0,9.0,Melodic,101,1240,1143,4869,4869,4884
4885,TR401360,Intro (VH),80013.0,4233.0,5.0,Hype,101,1257,677,4870,4870,4885
4886,TR337188,Faccia a Faccia,216000.0,5784.0,5.0,Melodic,101,1257,677,4871,4871,4886
4887,TR653865,Patata Bollente,170000.0,4699.0,3.0,Melodic,101,1277,1188,4872,4872,4887
4888,TR267811,Illegale,185920.0,5383.0,5.0,Fast-Flow,101,1278,1191,4873,4873,4888
4889,TR931787,Outro,223946.0,4062.0,7.0,Melodic,101,1240,1143,4874,4874,4889
4890,TR958878,In Silenzio,220693.0,5396.0,9.0,Warm Bangers,101,1240,1143,4875,4875,4890
4891,TR887508,Pupazzi (Bonus Track),236777.0,4645.0,1.0,Slow Dark,101,1285,677,4876,4876,4891
4892,TR533542,Dal Fango Alla Gloria,193493.0,4123.0,7.0,Slow Dark,101,1277,1188,4877,4877,4892
4893,TR904620,Dimmi Di Sì,192373.0,5236.0,6.0,Hype,101,1278,1191,4878,4878,4893
4894,TR792201,Easy Bredda,155000.0,4495.0,13.0,Melodic,101,1277,1188,4879,4879,4894
4895,TR528595,Niente Per Sempre,280000.0,4788.0,3.0,Melodic,101,1277,1188,4880,4880,4895
4896,TR346183,RICARICATO,181569.0,4171.0,19.0,Warm Bangers,101,1279,53,4881,4881,4896
4897,TR380682,The End,184000.0,4306.0,4.0,Minimal,101,1250,1156,4882,4882,4897
4898,TR102510,Tutto da Me,230093.0,4608.0,45.0,Melodic,101,1286,1202,4883,4883,4898
4899,TR392969,Un Viaggio A Metà,218336.0,4192.0,6.0,Hype,101,1250,1156,4884,4884,4899
4900,TR466077,C’Hanno Fretta,230156.0,5840.0,7.0,Melodic,101,1245,1203,4885,4885,4900
4901,TR802080,Passo Dopo L’Altro,242653.0,4024.0,9.0,Melodic,101,1245,1204,4886,4886,4901
4902,TR176542,Lo Show,178213.0,4982.0,5.0,Melodic,101,1257,677,4887,4887,4902
4903,TR746756,L’Artista,190613.0,4259.0,4.0,Clean,101,1257,677,4888,4888,4903
4904,TR852028,New Balance,192201.0,4628.0,30.0,Slow Dark,101,1287,307,4889,4889,4904
4905,TR158514,U Neva Walk Alone (Inoki Diss),147226.0,5866.0,10.0,Warm Bangers,101,1288,1205,4890,4890,4905
4906,TR486968,MR SLOWFLOW,226714.0,4334.0,8.0,Warm Bangers,101,1279,53,4891,4891,4906
4907,TR687111,Musica per sordi,165450.0,5947.0,37.0,Slow Dark,101,1259,16,4892,4892,4907
4908,TR833388,Magnum Mi Seh,173186.0,4424.0,2.0,Slow Dark,101,1277,1188,4893,4893,4908
4909,TR137531,Randagi,159000.0,5499.0,5.0,Slow Dark,101,1257,677,4894,4894,4909
4910,TR521995,EMPANADAS,210024.0,5107.0,9.0,Warm Bangers,101,1279,53,4895,4895,4910
4911,TR346717,Non Mi Conosci,206506.0,5786.0,4.0,Fast-Flow,101,1278,1191,4896,4896,4911
4912,TR509293,Doble Cara,181569.0,5123.0,26.0,Slow Dark,101,1289,497,4897,4897,4912
4913,TR534369,Sai Che Io Ho,201480.0,5085.0,7.0,Hype,101,1278,1191,4898,4898,4913
4914,TR849642,Poco Di Buono,242504.0,4405.0,33.0,Clean,101,1234,1194,4899,4899,4914
4915,TR902354,CANDELA,149500.0,4343.0,13.0,Warm Bangers,101,1279,53,4900,4900,4915
4916,TR882982,Nessuno Ci Vuol Credere,244400.0,5850.0,3.0,Warm Bangers,101,1278,1191,4901,4901,4916
4917,TR159865,La La La La,194990.0,4670.0,27.0,Fast-Flow,101,1290,1191,4902,4902,4917
4918,TR502171,COD HUSTLAZ,207546.0,4757.0,4.0,Fast-Flow,101,1251,654,4903,4903,4918
4919,TR356788,Beautiful Loser,230086.0,5537.0,3.0,Hype,101,1237,1194,4904,4904,4919
4920,TR155945,DICKIES & WALLABEES,322083.0,4690.0,11.0,Warm Bangers,101,1279,53,4905,4905,4920
4921,TR995442,BOOM,150918.0,5921.0,13.0,Fast-Flow,101,1279,53,4906,4906,4921
4922,TR215045,INTRO,172293.0,5491.0,12.0,Hype,101,1240,53,4907,4907,4922
4923,TR805518,Sogni,202706.0,5211.0,5.0,Hype,101,1278,1191,4908,4908,4923
4924,TR318451,Ballare,246306.0,5779.0,4.0,Hype,101,1278,1191,4909,4909,4924
4925,TR897155,NEOCLASSICISMO,243238.0,4110.0,12.0,Warm Bangers,101,1279,53,4910,4910,4925
4926,TR325682,Dritto Per La Strada Mia,220078.0,4528.0,3.0,Hype,101,1237,1194,4911,4911,4926
4927,TR519489,"Avanti il Prossimo (Fadamat, Suarez, Inoki Diss)",234000.0,4945.0,41.0,Fast-Flow,101,1291,1206,4912,4912,4927
4928,TR478012,SOTTO CONTROLLO,229093.0,4466.0,14.0,Slow Dark,101,1292,53,4913,4913,4928
4929,TR410113,Nella Mia Fossa,260086.0,5504.0,3.0,Melodic,101,1237,1194,4914,4914,4929
4930,TR663779,Mi Spingo All’Eccesso,205101.0,5857.0,3.0,Warm Bangers,101,1237,1194,4915,4915,4930
4931,TR755804,GIORNO DI FESTA,291869.0,4860.0,5.0,Warm Bangers,101,1279,53,4916,4916,4931
4932,TR299303,VALORI TANTI,270961.0,4696.0,6.0,Warm Bangers,101,1279,53,4917,4917,4932
4933,TR479083,ALL YOU CAN EAT,192333.0,5938.0,12.0,Warm Bangers,101,1279,53,4918,4918,4933
4934,TR719112,Fresco Rmx,230086.0,4905.0,2.0,Hype,101,1237,1194,4919,4919,4934
4935,TR579838,Testa Dura,183440.0,4995.0,2.0,Hype,101,1293,1207,4920,4920,4935
4936,TR512489,Io Non Ti Chiedo,185086.0,4718.0,2.0,Fast-Flow,101,1237,1194,4921,4921,4936
4937,TR607462,Neva Give Up,215413.0,5836.0,3.0,Slow Dark,101,1293,1207,4922,4922,4937
4938,TR954097,Terzo Capitolo,136409.0,5150.0,23.0,Melodic,101,1294,72,4923,4923,4938
4939,TR717166,Fragole & Moet,187360.0,5542.0,1.0,Warm Bangers,101,1293,1207,4924,4924,4939
4940,TR186617,Organizzati,190055.0,5641.0,1.0,Hype,101,1237,1194,4925,4925,4940
4941,TR302790,Immagini,173832.0,4697.0,5.0,Slow Dark,101,1281,1208,4926,4926,4941
4942,TR800535,Invincibile 500,270293.0,4882.0,45.0,Minimal,101,1240,717,4927,4927,4942
4943,TR462584,Cerco Sempre,205080.0,5714.0,4.0,Melodic,101,1293,1208,4928,4928,4943
4944,TR592982,One Blood,204853.0,4741.0,14.0,Hype,101,1293,1208,4929,4929,4944
4945,TR720866,Voglio Farlo Con Te,254641.0,5605.0,1.0,Slow Dark,101,1295,1209,4930,4930,4945
4946,TR425597,Castello Di Sabbia,175440.0,5900.0,2.0,Hype,101,1293,1207,4931,4931,4946
4947,TR806901,Cento Passi,163213.0,5262.0,1.0,Warm Bangers,101,1293,1208,4932,4932,4947
4948,TR280789,Trecentossessanta,201453.0,5500.0,2.0,Hype,101,1293,1207,4933,4933,4948
4949,TR365500,Intro (Get Maad),41800.0,5625.0,0.0,Clean,101,1293,1208,4934,4934,4949
4950,TR330720,Welcome To Quarto,211520.0,5706.0,17.0,Minimal,101,1296,717,4935,4935,4950
4951,TR358910,Red Zone Freestyle,311826.0,4804.0,29.0,Minimal,101,1297,1210,4936,4936,4951
4952,TR112003,"Cracovia, Pt. 3",174750.0,257360.0,52.0,Minimal,46,1298,1211,4937,4937,4952
4953,TR418597,Cracovia Pt. 2,174750.0,198967.0,1.0,Melodic,46,1299,1140,4938,4938,4953
4954,TR630819,Apollo 13,223275.0,112358.0,41.0,Fast-Flow,46,1298,3,4939,4939,4954
4955,TR409672,FIGHT!,168000.0,53859.0,37.0,Warm Bangers,46,1298,1127,4940,4940,4955
4956,TR428906,CRACOVIA PT. 4,190434.0,53789.0,41.0,Fast-Flow,46,1300,1212,4941,4941,4956
4957,TR666954,Te lo prometto,184968.0,45371.0,52.0,Fast-Flow,46,1298,1213,4942,4942,4957
4958,TR103175,Vivere Da Morto,195291.0,26738.0,61.0,Fast-Flow,46,1301,1214,4943,4943,4958
4959,TR998649,Farfalla,183449.0,21072.0,36.0,Fast-Flow,46,1298,3,4944,4944,4959
4960,TR561994,ROMA,150130.0,26360.0,45.0,Slow Dark,46,1302,133,4945,4945,4960
4961,TR663326,Le vostre madri,165333.0,22825.0,34.0,Hype,46,1303,1215,4946,4946,4961
4962,TR306715,Il tuo nome,170588.0,19518.0,48.0,Slow Dark,46,1298,3,4947,4947,4962
4963,TR161744,Pioggia,170174.0,20217.0,42.0,Slow Dark,46,1298,1216,4948,4948,4963
4964,TR494281,Tieniti Il Resto,290683.0,23861.0,1.0,Minimal,46,1304,1217,4949,4949,4964
4965,TR230274,Per chi non ha un posto in questo mondo,193007.0,19715.0,35.0,Slow Dark,46,1298,3,142,142,4965
4966,TR444710,Tegole,192457.0,17068.0,49.0,Slow Dark,46,1298,3,4950,4950,4966
4967,TR775808,Black Bloc,152333.0,22388.0,49.0,Slow Dark,46,1305,1217,4951,4951,4967
4968,TR628881,Io non sono come te,191367.0,20308.0,29.0,Hype,46,1298,3,4952,4952,4968
4969,TR525764,Io Diverso Da Loro,168000.0,19797.0,57.0,Slow Dark,46,1306,1218,4953,4953,4969
4970,TR195303,Grattacieli,206367.0,16139.0,34.0,Slow Dark,46,1298,3,4954,4954,4970
4971,TR700423,L’importante,216407.0,16327.0,45.0,Slow Dark,46,1307,1219,4955,4955,4971
4972,TR712945,Beethoven,194997.0,18871.0,37.0,Fast-Flow,46,1298,3,4956,4956,4972
4973,TR117160,99% FREESTYLE,191000.0,16162.0,15.0,Slow Dark,46,1308,1220,4957,4957,4973
4974,TR667338,Cracovia,174750.0,17324.0,52.0,Minimal,46,1298,1221,4958,4958,4974
4975,TR914753,Soldiers,145000.0,12887.0,44.0,Hype,46,1309,1151,4959,4959,4975
4976,TR216341,Oltre,183046.0,13817.0,35.0,Hype,46,1298,3,4960,4960,4976
4977,TR234321,Bella Guido,216699.0,11232.0,33.0,Melodic,46,1310,1222,4961,4961,4977
4978,TR169513,66% FREESTYLE,96300.0,11388.0,60.0,Fast-Flow,46,1311,1223,4962,4962,4978
4979,TR508598,CAMMINARE SULLA LUNA,191907.0,10228.0,47.0,Slow Dark,46,1302,64,4963,4963,4979
4980,TR573764,Intro (Cracovia Vol. 2),186973.0,10379.0,25.0,Fast-Flow,46,1312,1217,4964,4964,4980
4981,TR781994,Sogni e incubi,223124.0,14349.0,29.0,Slow Dark,46,1298,3,4965,4965,4981
4982,TR345373,Buchi Al Petto,131944.0,10562.0,0.0,Slow Dark,46,1313,1224,4966,4966,4982
4983,TR959830,America,152478.0,12423.0,31.0,Slow Dark,46,1298,3,4967,4967,4983
4984,TR638899,Fuori è notte,172875.0,12875.0,48.0,Slow Dark,46,1314,1033,4968,4968,4984
4985,TR186740,Guess Who’s Back,193090.0,11175.0,41.0,Minimal,46,1315,1076,4969,4969,4985
4986,TR269601,Warzone,193950.0,9102.0,37.0,Slow Dark,46,1314,702,4970,4970,4986
4987,TR703611,CAOS,187397.0,11527.0,41.0,Fast-Flow,46,1302,1225,4971,4971,4987
4988,TR467505,Scusa Pa,205125.0,10757.0,58.0,Minimal,46,1316,1217,4972,4972,4988
4989,TR628591,A VOLTE,162725.0,11201.0,48.0,Slow Dark,46,1302,1225,4973,4973,4989
4990,TR404148,Stammi bene,151384.0,10932.0,44.0,Fast-Flow,46,1317,58,4974,4974,4990
4991,TR462280,Cavalieri Dello Zodiaco,208480.0,11245.0,39.0,Minimal,46,1318,1217,4975,4975,4991
4992,TR904891,Solo,128000.0,9587.0,37.0,Hype,46,1309,1151,4976,4976,4992
4993,TR542680,Il Cappio,172592.0,7452.0,57.0,Melodic,46,1305,1217,4977,4977,4993
4994,TR757774,FRAGILI,189193.0,8160.0,53.0,Fast-Flow,46,1302,89,4978,4978,4994
4995,TR437181,OCCHI TRISTI,165000.0,6288.0,52.0,Fast-Flow,46,1319,77,4979,4979,4995
4996,TR685409,33% FREESTYLE,96300.0,8644.0,60.0,Minimal,46,1311,1226,4980,4980,4996
4997,TR361278,Scomodissimo,176999.0,5646.0,74.0,Warm Bangers,46,1320,124,4981,4981,4997
4998,TR675785,INVISIBILI,189193.0,6196.0,53.0,Slow Dark,46,1302,1225,4982,4982,4998
4999,TR475985,AMEN,182400.0,7420.0,34.0,Fast-Flow,46,1302,1225,4983,4983,4999
5000,TR888181,Fari,192574.0,6364.0,36.0,Fast-Flow,46,1314,702,4984,4984,5000
5001,TR748192,Outro (Campione),171025.0,5806.0,45.0,Slow Dark,46,1321,1217,4985,4985,5001
5002,TR859016,I Muri Tremano,160496.0,5867.0,38.0,Melodic,46,1322,1217,4986,4986,5002
5003,TR434770,Intanto Cresci,239769.0,6699.0,0.0,Minimal,46,1323,1217,4987,4987,5003
5004,TR639586,È strano,181200.0,5183.0,39.0,Slow Dark,46,1314,702,4988,4988,5004
5005,TR315071,ROUND 1 FREESTYLE,290703.0,6106.0,34.0,Melodic,46,1324,1227,4989,4989,5005
5006,TR439938,Fuori I Denti,289090.0,4295.0,61.0,Fast-Flow,46,1325,1217,4990,4990,5006
5007,TR346158,COOLIN BREAK,180000.0,5569.0,33.0,Warm Bangers,46,1302,1225,4991,4991,5007
5008,TR647817,ROUND 2 FREESTYLE,187890.0,5711.0,14.0,Warm Bangers,46,1326,1228,4992,4992,5008
5009,TR708235,BIG SHOW,182044.0,4376.0,31.0,Melodic,46,1302,1225,4993,4993,5009
5010,TR420403,CANI RANDAGI,174666.0,4875.0,57.0,Slow Dark,46,1327,277,4994,4994,5010
5011,TR485880,LETTERA A MIO PADRE,235200.0,4343.0,28.0,Fast-Flow,46,1302,1225,4995,4995,5011
5012,TR992169,Fuori Da Qui,211647.0,5429.0,73.0,Slow Dark,46,1320,1217,4996,4996,5012
5013,TR374847,IL CORAGGIO DELLA PAURA,174545.0,5083.0,35.0,Fast-Flow,46,1302,1225,4997,4997,5013
5014,TR922144,Intro (Cracovia),174750.0,5286.0,52.0,Fast-Flow,46,1298,1229,4998,4998,5014
5015,TR172847,One Take FM Free Mic,239551.0,4406.0,16.0,Warm Bangers,46,1328,1230,4999,4999,5015
5016,TR699662,Quando Reppa Guido Pt. 2,144000.0,4435.0,0.0,Slow Dark,46,1329,1217,5000,5000,5016
5017,TR281847,Temporale,164250.0,4095.0,38.0,Fast-Flow,46,1314,1231,5001,5001,5017
5018,TR519817,Ora o mai più,153600.0,4658.0,35.0,Hype,46,1314,702,5002,5002,5018
5019,TR121678,Zero Rimorsi,154500.0,5133.0,35.0,Melodic,46,1309,1151,5003,5003,5019
5020,TR970947,ROUND 3 FREESTYLE,187890.0,5731.0,14.0,Fast-Flow,46,1326,1232,5004,5004,5020
5021,TR293687,BLACKOUT,186000.0,5348.0,31.0,Warm Bangers,46,1302,1225,5005,5005,5021
5022,TR714206,Red Bull Posse,175200.0,4883.0,61.0,Melodic,46,1330,1233,5006,5006,5022
5023,TR197569,TECHNO FREESTYLE,146880.0,5921.0,29.0,Warm Bangers,46,1302,1225,5007,5007,5023
5024,TR699268,One Take FM Free Mic [2023],239551.0,5453.0,16.0,Warm Bangers,46,1328,1234,5008,5008,5024
5025,TR466735,BOOGIE WOOGIE,193187.0,5877.0,37.0,Slow Dark,46,1331,66,5009,5009,5025
5026,TR507454,CERCAMI NEL BUIO*,207346.0,5071.0,68.0,Slow Dark,46,1332,158,5010,5010,5026
5027,TR478785,OTHERSIDE,176999.0,4531.0,74.0,Minimal,46,1320,1235,5011,5011,5027
5028,TR702296,OFFLINE,165120.0,4117.0,39.0,Fast-Flow,46,1333,406,5012,5012,5028
5029,TR179150,Lo Jihaddista,176999.0,5469.0,74.0,Slow Dark,46,1320,1236,5013,5013,5029
5030,TR303207,La Strumentale Nera,184848.0,4257.0,59.0,Hype,46,1334,1236,5014,5014,5030
5031,TR666360,INTRO (Cataclisma),176999.0,4620.0,74.0,Minimal,46,1320,1235,5015,5015,5031
5032,TR190083,Dimmi Come Fa,175293.0,5082.0,69.0,Hype,46,1335,1236,5016,5016,5032
5033,TR577214,Il tuo nome - Acoustic Version,177494.0,5143.0,33.0,Minimal,46,1298,1237,2802,2802,5033
5034,TR128720,Probabilmente Non Sanno,277173.0,5215.0,13.0,Minimal,46,1336,1236,5017,5017,5034
5035,TR912623,Quando Reppa Guido,176000.0,4347.0,78.0,Hype,46,1320,1236,5018,5018,5035
5036,TR657628,Freestyle 7,207346.0,4772.0,68.0,Fast-Flow,46,1332,1238,5019,5019,5036
5037,TR253104,Il Cassetto Mio,193043.0,5252.0,67.0,Hype,46,1337,1236,5020,5020,5037
5038,TR821688,Terapia - Episodio 1,138829.0,5956.0,67.0,Minimal,46,1338,1239,5021,5021,5038
5039,TR954499,VICINO AL CUORE,181611.0,5471.0,65.0,Minimal,46,1339,1235,5022,5022,5039
5040,TR655078,Grizzly,181786.0,5865.0,43.0,Hype,46,1340,1236,5023,5023,5040
5041,TR644121,COVID FREESTYLE PT.2,141791.0,5538.0,2.0,Minimal,46,1341,1240,5024,5024,5041
5042,TR835298,NIENTE CHE NON VA,197446.0,5198.0,70.0,Minimal,46,1342,1235,5025,5025,5042
5043,TR389749,Outro (Cracovia),174750.0,4397.0,52.0,Slow Dark,46,1298,1236,5026,5026,5043
5044,TR155444,MAI COME LORO,207346.0,5349.0,68.0,Minimal,46,1332,1235,5027,5027,5044
5045,TR606901,Il Tre,187973.0,5263.0,88.0,Fast-Flow,46,1343,1241,5028,5028,5045
5046,TR923705,DOVE VAI,202573.0,5222.0,59.0,Minimal,46,1344,1235,5029,5029,5046
5047,TR645159,COVID-19 pt.1 FREESTYLE,118235.0,4992.0,22.0,Minimal,46,1345,110,5030,5030,5047
5048,TR735943,Scriba,176999.0,5073.0,74.0,Hype,46,1320,1236,5031,5031,5048
5049,TR228745,RICCHI D’ANIMO,227693.0,4683.0,69.0,Minimal,46,1346,1235,5032,5032,5049
5050,TR902846,Nemico Pubblico,187293.0,5054.0,55.0,Hype,46,1347,1236,5033,5033,5050
5051,TR408994,Prima Del Tempo,176999.0,4408.0,74.0,Minimal,46,1320,1236,5034,5034,5051
5052,TR227151,Il Saltimbanco,197600.0,5628.0,27.0,Melodic,46,1348,1236,5035,5035,5052
5053,TR467136,Inedito 1 (One Take),222133.0,4384.0,52.0,Melodic,46,1349,1242,5036,5036,5053
5054,TR753444,Don’t Duck With Me,141813.0,4180.0,3.0,Warm Bangers,46,1350,589,5037,5037,5054
5055,TR165911,L’HO FATTO,197446.0,4888.0,70.0,Minimal,46,1342,1235,5038,5038,5055
5056,TR309372,NON HA SENSO,235186.0,5333.0,0.0,Melodic,46,1351,1235,5039,5039,5056
5057,TR854329,IL VARCO,112146.0,4889.0,21.0,Melodic,46,1352,1235,5040,5040,5057
5058,TR872720,Devo Staccare,147963.0,4565.0,1.0,Warm Bangers,46,1353,137,5041,5041,5058
5059,TR259534,Terapia - Episodio 2,250146.0,5131.0,1.0,Warm Bangers,46,1354,1243,5042,5042,5059
5060,TR581206,Type Beat - Endless,139888.0,4708.0,61.0,Melodic,46,1355,1230,5043,5043,5060
5061,TR925969,Inedito 2 (One Take),223392.0,5882.0,1.0,Warm Bangers,46,1356,1242,5044,5044,5061
5062,TR707509,Freestyle,146880.0,5862.0,29.0,Warm Bangers,46,1302,1225,5045,5045,5062
5063,TR930694,FRAGILI - Acoustic Version,187066.0,5017.0,25.0,Minimal,46,1357,837,5046,5046,5063
5064,TR751005,Canzoni in un cassetto - ep. 1,176000.0,4670.0,78.0,Slow Dark,46,1320,316,5047,5047,5064
5065,TR789907,LE RAGAZZE DI PORTA VENEZIA - THE MANIFESTO,210893.0,48300.0,30.0,Fast-Flow,63,1358,1095,5048,5048,5065
5066,TR976392,UNA DONNA CHE CONTA,226906.0,28329.0,82.0,Warm Bangers,63,1359,409,5049,5049,5066
5067,TR879290,LE RAGAZZE DI PORTA VENEZIA,210893.0,33503.0,30.0,Fast-Flow,63,1358,1244,5050,5050,5067
5068,TR207919,PAZZESKA,179077.0,24359.0,34.0,Warm Bangers,63,1360,4,5051,5051,5068
5069,TR235594,MILANO SUSHI & COCA,179077.0,29449.0,34.0,Warm Bangers,63,1360,1245,5052,5052,5069
5070,TR874082,XANANAS,179077.0,16204.0,34.0,Melodic,63,1360,108,5053,5053,5070
5071,TR221665,BURQA DI GUCCI,218946.0,10536.0,20.0,Warm Bangers,63,1360,336,5054,5054,5071
5072,TR933854,IN GABBIA,203859.0,10485.0,57.0,Warm Bangers,63,1361,1246,5055,5055,5072
5073,TR636547,100 ROSE PER TE,180293.0,7732.0,24.0,Slow Dark,63,1358,690,5056,5056,5073
5074,TR137091,UNA VITA IN CAPSLOCK,281600.0,6271.0,10.0,Melodic,63,1362,50,5057,5057,5074
5075,TR451859,FINIMONDO,179077.0,8733.0,34.0,Slow Dark,63,1360,790,5058,5058,5075
5076,TR900012,MAIN BITCH,209453.0,6077.0,20.0,Melodic,63,1358,1097,5059,5059,5076
5077,TR759935,COURMAYEUR,179077.0,6243.0,34.0,Warm Bangers,63,1360,653,5060,5060,5077
5078,TR814280,PIENA,191999.0,4635.0,70.0,Melodic,63,1363,218,5061,5061,5078
5079,TR319129,MONICA,179077.0,4979.0,34.0,Melodic,63,1360,409,5062,5062,5079
5080,TR306934,LE FAREMO SAPERE,178268.0,4869.0,24.0,Warm Bangers,63,1360,1247,5063,5063,5080
5081,TR702566,BATTERE IL FERRO FINCHÉ È CALDO,174240.0,4162.0,17.0,Slow Dark,63,1358,690,5064,5064,5081
5082,TR757951,TOP,222504.0,4223.0,5.0,Warm Bangers,63,1364,690,5065,5065,5082
5083,TR500590,DIANA,179077.0,5690.0,34.0,Fast-Flow,63,1360,1073,5066,5066,5083
5084,TR507634,BASTARDA DA STARBUCKS,179077.0,4492.0,34.0,Warm Bangers,63,1360,653,5067,5067,5084
5085,TR495366,GIOVANNA HARDCORE,186190.0,4401.0,33.0,Warm Bangers,63,1365,383,5068,5068,5085
5086,TR863244,#FIGHECOMEILPANICO,179077.0,5022.0,34.0,Fast-Flow,63,1360,1247,5069,5069,5086
5087,TR331177,BOTOX,179077.0,5551.0,34.0,Warm Bangers,63,1360,401,5070,5070,5087
5088,TR700870,LA CASA DEGLI SPECCHI,178293.0,4135.0,28.0,Melodic,63,1358,690,5071,5071,5088
5089,TR151239,GMBH,179077.0,5167.0,34.0,Melodic,63,1360,1073,5072,5072,5089
5090,TR492969,PROFUMO,179077.0,4249.0,34.0,Warm Bangers,63,1360,406,5073,5073,5090
5091,TR183088,FA PAURA PERCHÉ È VERO,191999.0,4084.0,70.0,Warm Bangers,63,1363,690,5074,5074,5091
5092,TR580500,B.O.N.O.,175866.0,4116.0,14.0,Slow Dark,63,1366,690,5075,5075,5092
5093,TR245845,RIDER BITCH,175834.0,5685.0,37.0,Hype,63,1367,1073,5076,5076,5093
5094,TR428348,COL CUORE IN GOLA,144000.0,4248.0,61.0,Fast-Flow,63,1368,1247,5077,5077,5094
5095,TR267992,LO VOGLIO FARE,281600.0,4102.0,10.0,Hype,63,1362,1248,5078,5078,5095
5096,TR915080,160BPM,179077.0,4888.0,34.0,Warm Bangers,63,1360,329,5079,5079,5096
5097,TR962011,IRREVERSIBILE,179077.0,5703.0,34.0,Warm Bangers,63,1360,409,5080,5080,5097
5098,TR522670,MUSICA ELETTRONICA,228826.0,4537.0,46.0,Warm Bangers,63,1369,1249,5081,5081,5098
5099,TR535262,CLIQUE,179077.0,4856.0,34.0,Warm Bangers,63,1360,690,5082,5082,5099
5100,TR829797,SPLEEN QUEEN,209453.0,4092.0,20.0,Hype,63,1358,409,5083,5083,5100
5101,TR540878,MORTACCI TUA,179077.0,4909.0,34.0,Warm Bangers,63,1360,690,5084,5084,5101
5102,TR320587,GOLEM,179077.0,5170.0,34.0,Slow Dark,63,1360,1249,5085,5085,5102
5103,TR682741,ALSO SPRACH ELENOIRE,258023.0,5155.0,5.0,Clean,63,1370,690,5086,5086,5103
5104,TR592781,SCANDALOSA,179077.0,4676.0,34.0,Melodic,63,1360,218,5087,5087,5104
5105,TR138333,MEDITERRANEO,179077.0,4642.0,34.0,Warm Bangers,63,1360,653,5088,5088,5105
5106,TR698939,ULTIMA BOTTA A PARIGI,149373.0,4225.0,11.0,Minimal,63,1371,409,5089,5089,5106
5107,TR560507,SERVIZIO IN CAMERA,178604.0,4745.0,11.0,Warm Bangers,63,1372,653,5090,5090,5107
5108,TR206140,NEVROTIKA,179077.0,4209.0,34.0,Fast-Flow,63,1360,420,5091,5091,5108
5109,TR113472,CLUB TOPPERIA,145304.0,5546.0,20.0,Melodic,63,1373,218,5092,5092,5109
5110,TR682239,BLING BLING,191999.0,5951.0,70.0,Hype,63,1363,1250,5093,5093,5110
5111,TR183517,QUALITÀ/PREZZO,202318.0,5956.0,12.0,Warm Bangers,63,1360,1247,5094,5094,5111
5112,TR709538,VOGLIONO ESSERE ME,156714.0,5746.0,60.0,Melodic,63,1374,396,5095,5095,5112
5113,TR314440,ILLUSIONE DISTRATTA,179077.0,5216.0,34.0,Fast-Flow,63,1360,1247,5096,5096,5113
5114,TR781274,LE RAGAZZE DI PORTA VENEZIA (Versione ferro e fuoco),214810.0,5415.0,46.0,Warm Bangers,63,1375,1247,5097,5097,5114
5115,TR323062,L’ORGIA DI M.G.,281600.0,4583.0,10.0,Slow Dark,63,1362,218,5098,5098,5115
5116,TR238530,LA SCIMMIA È PAZZA,176000.0,5277.0,78.0,Hype,63,1376,409,5099,5099,5116
5117,TR482308,ECCEZIUNALE... VERAMENTE!,179077.0,4925.0,34.0,Warm Bangers,63,1360,1247,5100,5100,5117
5118,TR719347,IL CIELO NON È UN LIMITE,155532.0,4977.0,79.0,Minimal,63,1377,1073,5101,5101,5118
5119,TR530929,FACCIO CADERE L’ORO,200214.0,5534.0,68.0,Minimal,63,1374,1251,5102,5102,5119
5120,TR479820,DUE,281600.0,4575.0,10.0,Warm Bangers,63,1362,381,5103,5103,5120
5121,TR538190,AFTER AMORE,179077.0,4648.0,34.0,Melodic,63,1360,409,5104,5104,5121
5122,TR371990,PROSCIUTTO PROSCIUTTO,173283.0,5864.0,22.0,Melodic,63,1373,218,5105,5105,5122
5123,TR614630,PHOTOSHOCK,179077.0,4123.0,34.0,Warm Bangers,63,1360,1073,5106,5106,5123
5124,TR418761,STRESS,179077.0,4984.0,34.0,Warm Bangers,63,1360,796,5107,5107,5124
5125,TR478388,SPAM,179077.0,5840.0,34.0,Warm Bangers,63,1360,409,5108,5108,5125
5126,TR133565,DIVORZIATA,179077.0,5233.0,34.0,Warm Bangers,63,1360,1252,5109,5109,5126
5127,TR941522,MIRIAM,179077.0,5108.0,34.0,Hype,63,1360,1,5110,5110,5127
5128,TR894895,CAFONAL,179077.0,4510.0,34.0,Warm Bangers,63,1360,1252,5111,5111,5128
5129,TR262353,PROBLEMI DI COCO,142615.0,4699.0,69.0,Melodic,63,1363,218,5112,5112,5129
5130,TR637821,XTC,179077.0,5721.0,34.0,Hype,63,1360,218,5113,5113,5130
5131,TR495795,L 02 E FREESTYLE,219053.0,5132.0,36.0,Warm Bangers,63,1378,1,5114,5114,5131
5132,TR367763,INFERNO,179077.0,5043.0,34.0,Minimal,63,1360,409,5115,5115,5132
5133,TR267352,SINNER,179077.0,4210.0,34.0,Warm Bangers,63,1360,1253,5116,5116,5133
5134,TR794594,STUPIDI CUORI CORRONO LIBERI,147450.0,4043.0,24.0,Melodic,63,1373,218,5117,5117,5134
5135,TR332417,LES MISÉRABLES,203326.0,5941.0,2.0,Warm Bangers,63,1379,1252,5118,5118,5135
5136,TR417990,L’ANGELO DALL’OCCHIALE DA SERA,203973.0,4768.0,20.0,Minimal,63,1358,690,5119,5119,5136
5137,TR797140,VENDETTA,179077.0,5219.0,34.0,Warm Bangers,63,1360,1252,5120,5120,5137
5138,TR714096,UNA ROSA A LAMBRATE,176999.0,4171.0,74.0,Slow Dark,63,1376,218,5121,5121,5138
5139,TR209969,M¥SS KETA ♥ PEGASO,209453.0,5382.0,20.0,Slow Dark,63,1358,1252,5122,5122,5139
5140,TR759163,IT GIRL,232000.0,5880.0,82.0,Hype,63,1380,1252,5123,5123,5140
5141,TR537033,CONDANNATA A DANZARE,159750.0,5164.0,23.0,Fast-Flow,63,1381,1254,5124,5124,5141
5142,TR833272,STRONZA CON VISTA,182866.0,4263.0,24.0,Warm Bangers,63,1382,1252,5125,5125,5142
5143,TR163284,LEI,281600.0,5176.0,10.0,Warm Bangers,63,1362,1255,5126,5126,5143
5144,TR260594,MOVESET,179077.0,5547.0,34.0,Melodic,63,1360,218,5127,5127,5144
5145,TR660947,SECURITY,179077.0,4826.0,34.0,Melodic,63,1360,218,5128,5128,5145
5146,TR554253,SCANDALOSA RMX,179077.0,5774.0,34.0,Warm Bangers,63,1360,1256,5129,5129,5146
5147,TR406692,INTERMEZZO,179077.0,5311.0,34.0,Warm Bangers,63,1360,409,5130,5130,5147
5148,TR710055,OUTRO,179077.0,5813.0,34.0,Minimal,63,1360,218,5131,5131,5148
5149,TR788542,INTRO,179077.0,5261.0,34.0,Minimal,63,1360,218,5132,5132,5149
5150,TR201979,LA CADUTA DELL’ANGELO - Intro,179077.0,4276.0,34.0,Minimal,63,1360,1247,5133,5133,5150
5151,TR168614,SKINNY LEGEND,261308.0,4630.0,59.0,Warm Bangers,63,1383,1253,5134,5134,5151
5152,TR173188,Le Capitane - Inno,117437.0,4415.0,0.0,Slow Dark,63,1384,1074,5135,5135,5152
5153,TR469474,XANANAS 80,136730.0,5835.0,35.0,Melodic,63,1385,1257,5136,5136,5153
5154,TR987435,CHA CHA FREESTYLE,279069.0,5535.0,6.0,Warm Bangers,63,1386,1258,5137,5137,5154
5155,TR885529,#FIGHECOMEILPANICO (Bonus Track),58333.0,5367.0,1.0,Warm Bangers,63,1387,681,5138,5138,5155
5156,TR941956,INTRO (MOTEL FORLANINI PRESENTA),179077.0,4614.0,34.0,Clean,63,1360,1247,5139,5139,5156
5157,TR269298,COVID FREESTYLE,289186.0,4378.0,16.0,Warm Bangers,63,1388,1240,5140,5140,5157
5158,TR744558,#SIAMOLERAGAZZE (INTERLUDIO),179077.0,5529.0,34.0,Slow Dark,63,1360,1247,5141,5141,5158
5159,TR520013,CHIAMATA DALL’INFERNO (INTERLUDIO),171904.0,4964.0,48.0,Slow Dark,63,1389,223,5142,5142,5159
5160,TR226968,Torna da me,180009.0,257791.0,64.0,Fast-Flow,55,1390,773,5143,5143,5160
5161,TR257993,Ti Amo,265454.0,266147.0,65.0,Slow Dark,55,1391,1259,5144,5144,5161
5162,TR866654,Non abbiamo età,181661.0,165786.0,69.0,Slow Dark,55,1390,773,5145,5145,5162
5163,TR764250,O’ Primmo Ammore,214700.0,166712.0,55.0,Slow Dark,55,1391,1260,5146,5146,5163
5164,TR544022,Je ce credevo,202737.0,168747.0,44.0,Slow Dark,55,1390,1261,5147,5147,5164
5165,TR334878,Che Dio Mi Benedica,218695.0,127766.0,59.0,Fast-Flow,55,1391,1259,5148,5148,5165
5166,TR511517,Il Mio Ricordo,354321.0,171064.0,55.0,Warm Bangers,55,1391,1259,5149,5149,5166
5167,TR400912,Lo sai chi sono,341801.0,94655.0,44.0,Slow Dark,55,1390,773,5150,5150,5167
5168,TR388414,Nessuna,223834.0,88960.0,79.0,Slow Dark,55,718,16,5151,5151,5168
5169,TR160591,Ginevra,228000.0,89708.0,79.0,Warm Bangers,55,718,16,5152,5152,5169
5170,TR558563,Potere / Il sorpasso,444721.0,110599.0,35.0,Slow Dark,55,1390,773,5153,5153,5170
5171,TR250175,Stamm fort,171375.0,86533.0,67.0,Warm Bangers,55,1390,1262,5154,5154,5171
5172,TR650899,Lo Stesso Viso,206939.0,85926.0,62.0,Fast-Flow,55,1391,1259,5155,5155,5172
5173,TR788938,Star,267119.0,59247.0,62.0,Fast-Flow,55,1390,773,5156,5156,5173
5174,TR862047,Dormiamo insieme,277079.0,55890.0,54.0,Slow Dark,55,1390,773,5157,5157,5174
5175,TR369689,Ti Voglio,239304.0,58236.0,52.0,Warm Bangers,55,1392,293,5158,5158,5175
5176,TR215624,Fin Qui,252734.0,62897.0,41.0,Slow Dark,55,1391,1259,5159,5159,5176
5177,TR838684,Le Pietre Non Volano,299061.0,63724.0,63.0,Slow Dark,55,1393,1263,5160,5160,5177
5178,TR437200,Potere 2,279931.0,46044.0,36.0,Slow Dark,55,1390,773,5161,5161,5178
5179,TR345999,Gli altri,222924.0,55786.0,45.0,Slow Dark,55,1390,773,5162,5162,5179
5180,TR345240,Diamanti nei denti,267091.0,59841.0,37.0,Fast-Flow,55,1390,773,5163,5163,5180
5181,TR791390,Anno Fantastico,185000.0,48352.0,69.0,Warm Bangers,55,1394,1199,5164,5164,5181
5182,TR404397,Nada,225097.0,56774.0,49.0,Slow Dark,55,1390,773,5165,5165,5182
5183,TR284409,Parliamo,196714.0,41872.0,56.0,Fast-Flow,55,1395,1264,5166,5166,5183
5184,TR479870,Quelli Di Ieri,212985.0,56027.0,51.0,Slow Dark,55,1391,1259,5167,5167,5184
5185,TR565132,Quando Non Ero Nessuno,200863.0,52494.0,50.0,Slow Dark,55,1391,1265,5168,5168,5185
5186,TR411498,Non immaginerò,210595.0,50856.0,35.0,Slow Dark,55,1396,380,5169,5169,5186
5187,TR474636,E’ Cumpagn Mie,238595.0,44198.0,37.0,Fast-Flow,55,1391,1259,5170,5170,5187
5188,TR544380,Miami Vice,245853.0,39123.0,75.0,Warm Bangers,55,718,16,5171,5171,5188
5189,TR843036,Tutto può succedere,200508.0,47981.0,41.0,Slow Dark,55,1396,380,5172,5172,5189
5190,TR854862,Lv & Balmain,303507.0,34341.0,30.0,Fast-Flow,55,1390,773,5173,5173,5190
5191,TR285050,Autostima,170865.0,34866.0,65.0,Slow Dark,55,718,1266,5174,5174,5191
5192,TR360500,Bello,281814.0,40175.0,40.0,Fast-Flow,55,1391,1259,5175,5175,5192
5193,TR575388,E’ Sord,186318.0,40953.0,41.0,Slow Dark,55,1391,1259,5176,5176,5193
5194,TR474688,10 anni fa,286236.0,42975.0,42.0,Slow Dark,55,1395,773,5177,5177,5194
5195,TR954412,Andrò Via Da Qui,210512.0,32304.0,37.0,Fast-Flow,55,1391,1259,5178,5178,5195
5196,TR159030,Devi Amarmi,219514.0,39016.0,39.0,Slow Dark,55,1391,1259,5179,5179,5196
5197,TR154892,Cos’hai Da Dire,275434.0,37346.0,35.0,Warm Bangers,55,1391,1259,5180,5180,5197
5198,TR637106,Password,165721.0,27010.0,58.0,Slow Dark,55,1393,1263,5181,5181,5198
5199,TR137214,Lieto fine,270402.0,31239.0,31.0,Fast-Flow,55,1396,380,5182,5182,5199
5200,TR813785,Non credo più,354263.0,29620.0,31.0,Fast-Flow,55,1396,380,5183,5183,5200
5201,TR282769,Nisciun,248324.0,28863.0,39.0,Slow Dark,55,1391,1267,614,614,5201
5202,TR463776,L’Ultima Volta,218508.0,35623.0,46.0,Warm Bangers,55,1393,1263,5184,5184,5202
5203,TR890253,Violento,205485.0,29992.0,38.0,Hype,55,1391,1259,5185,5185,5203
5204,TR926674,Il Mio Nome,219545.0,30644.0,36.0,Hype,55,1391,1268,5186,5186,5204
5205,TR546855,D10S,229090.0,33280.0,40.0,Slow Dark,55,1393,1263,5187,5187,5205
5206,TR738497,Ci Riuscirò Davvero,259273.0,25383.0,49.0,Fast-Flow,55,1393,1263,5188,5188,5206
5207,TR120612,Per La Mia Città,223386.0,29860.0,37.0,Slow Dark,55,1391,1269,5189,5189,5207
5208,TR866001,Facile,217261.0,23701.0,30.0,Warm Bangers,55,1390,773,5190,5190,5208
5209,TR403963,La risposta,169877.0,27834.0,52.0,Slow Dark,55,1392,293,5191,5191,5209
5210,TR378207,Si Vince Alla Fine,234532.0,20590.0,43.0,Slow Dark,55,1393,1263,5192,5192,5210
5211,TR218648,Non siamo uguali,177233.0,27428.0,50.0,Fast-Flow,55,1397,1270,5193,5193,5211
5212,TR971885,Slang,247467.0,20001.0,41.0,Fast-Flow,55,1393,1263,5194,5194,5212
5213,TR138569,Lo so che non m’ami,233476.0,19970.0,37.0,Warm Bangers,55,1392,293,5195,5195,5213
5214,TR869440,No Love,227005.0,23412.0,47.0,Fast-Flow,55,1393,1263,5196,5196,5214
5215,TR624562,Un milione di mani,204181.0,20143.0,68.0,Fast-Flow,55,718,16,5197,5197,5215
5216,TR400803,La mia vittoria,256000.0,21029.0,65.0,Slow Dark,55,718,16,5198,5198,5216
5217,TR206792,Il mio lato peggiore,223834.0,19283.0,79.0,Slow Dark,55,718,274,5199,5199,5217
5218,TR239917,XXX Freestyle,193853.0,20901.0,11.0,Minimal,55,1398,1271,5200,5200,5218
5219,TR871147,Over,210493.0,16418.0,48.0,Slow Dark,55,1393,1263,5201,5201,5219
5220,TR597281,Tutto Di Me,235559.0,14699.0,45.0,Fast-Flow,55,1393,1263,5202,5202,5220
5221,TR199952,Non Mi Va,244515.0,16371.0,34.0,Slow Dark,55,1391,1259,5203,5203,5221
5222,TR569440,Piango dentro,192000.0,17470.0,31.0,Hype,55,1396,574,5204,5204,5222
5223,TR956524,Ilary,181333.0,15314.0,64.0,Warm Bangers,55,718,16,5205,5205,5223
5224,TR801319,Incredibile,220800.0,16328.0,61.0,Slow Dark,55,718,16,5206,5206,5224
5225,TR891218,Infame,179637.0,16311.0,29.0,Slow Dark,55,1396,1272,5207,5207,5225
5226,TR308295,Estate dimmerda 2,185946.0,13975.0,83.0,Warm Bangers,55,1399,1233,5208,5208,5226
5227,TR632204,Che vuoi da me,218923.0,16775.0,29.0,Slow Dark,55,1396,380,5209,5209,5227
5228,TR772782,Qualcosa Di Grande,215435.0,18694.0,41.0,Fast-Flow,55,1393,1263,5210,5210,5228
5229,TR781293,Addio,216059.0,13522.0,43.0,Slow Dark,55,1393,1263,5211,5211,5229
5230,TR440366,Se non ci fosse la rabbia,239095.0,16347.0,61.0,Fast-Flow,55,718,16,5212,5212,5230
5231,TR338740,La Notte di San Lorenzo,188888.0,16524.0,58.0,Slow Dark,55,1393,114,5213,5213,5231
5232,TR329575,Ghetto Memories,297682.0,14716.0,26.0,Slow Dark,55,1396,380,5214,5214,5232
5233,TR501763,GVNC,245468.0,16048.0,33.0,Hype,55,1396,1273,5215,5215,5233
5234,TR811770,Purosangue,170526.0,13658.0,54.0,Warm Bangers,55,1393,1274,5216,5216,5234
5235,TR426491,Dimmi Che Mi Capirai,179676.0,13863.0,27.0,Slow Dark,55,1392,293,5217,5217,5235
5236,TR858482,Karma,278509.0,10761.0,37.0,Slow Dark,55,1393,1263,5218,5218,5236
5237,TR979392,Liberami Da Te,240368.0,14411.0,44.0,Fast-Flow,55,1393,1263,5219,5219,5237
5238,TR330919,10 anni fa RMX,286236.0,13512.0,42.0,Melodic,55,1395,778,5220,5220,5238
5239,TR523978,Burn,173319.0,10001.0,30.0,Fast-Flow,55,1395,778,5221,5221,5239
5240,TR143044,Appena il mondo sarà mio,208166.0,11282.0,27.0,Fast-Flow,55,1392,293,5222,5222,5240
5241,TR960828,Dire La Mia,271307.0,13977.0,39.0,Fast-Flow,55,1393,1263,5223,5223,5241
5242,TR162549,Morire vuoto,191484.0,10136.0,59.0,Slow Dark,55,718,16,5224,5224,5242
5243,TR943349,Che Stai Dicenn,187680.0,9840.0,41.0,Warm Bangers,55,1393,499,5225,5225,5243
5244,TR917416,Intro,80509.0,11220.0,20.0,Minimal,55,1390,773,5226,5226,5244
5245,TR130580,Nulla è cambiato,269333.0,10091.0,24.0,Fast-Flow,55,1396,380,5227,5227,5245
5246,TR332110,Chi è Luchè,238184.0,9587.0,22.0,Fast-Flow,55,1396,380,5228,5228,5246
5247,TR388228,Punto G,147540.0,10145.0,62.0,Warm Bangers,55,718,16,5229,5229,5247
5248,TR410555,La transizione,223639.0,10284.0,28.0,Minimal,55,1396,380,5230,5230,5248
5249,TR897159,Buona fortuna,213000.0,8518.0,59.0,Slow Dark,55,718,16,5231,5231,5249
5250,TR316669,Sporco napoletano,229926.0,8306.0,27.0,Hype,55,1396,380,5232,5232,5250
5251,TR840114,Niente,168310.0,7643.0,37.0,Warm Bangers,55,1397,1275,5233,5233,5251
5252,TR706853,Red Flag,129795.0,9320.0,59.0,Warm Bangers,55,718,16,5234,5234,5252
5253,TR655230,Rockstar,216293.0,8386.0,28.0,Minimal,55,1392,293,5235,5235,5253
5254,TR224694,Rispetta Il Re,182142.0,5884.0,35.0,Hype,55,1397,1275,5236,5236,5254
5255,TR693754,Chi non dimentica,193816.0,8015.0,27.0,Slow Dark,55,1392,293,5237,5237,5255
5256,TR299908,HO PAURA DI USCIRE,226906.0,6900.0,82.0,Melodic,55,1400,738,5238,5238,5256
5257,TR663163,On Fire,268353.0,5511.0,27.0,Warm Bangers,55,1392,293,5239,5239,5257
5258,TR464915,Bang Bang,233667.0,6786.0,21.0,Fast-Flow,55,1396,380,5240,5240,5258
5259,TR795696,Il mio successo,193759.0,6420.0,27.0,Slow Dark,55,1396,380,5241,5241,5259
5260,TR133481,Figli dell’odio,251890.0,6392.0,21.0,Slow Dark,55,1392,293,5242,5242,5260
5261,TR912874,Veng a int all’infern,122482.0,4418.0,57.0,Warm Bangers,55,718,16,5243,5243,5261
5262,TR797331,S’il vous plait,136974.0,5669.0,21.0,Fast-Flow,55,1392,293,5244,5244,5262
5263,TR947035,Operazione Scampia,311013.0,5130.0,35.0,Hype,55,1401,389,5245,5245,5263
5264,TR857604,Bisogno di me,161843.0,4120.0,26.0,Slow Dark,55,1392,293,5246,5246,5264
5265,TR534222,I Run NA,200875.0,5960.0,22.0,Warm Bangers,55,1392,293,5247,5247,5265
5266,TR575980,XXX,160563.0,5039.0,55.0,Minimal,55,718,16,5248,5248,5266
5267,TR954497,Porta Una Rosa (Red Bull 64 Bars),158181.0,4594.0,31.0,Warm Bangers,55,1402,1276,5249,5249,5267
5268,TR975378,Non abbiamo età (Max Brigante RMX),183406.0,4953.0,30.0,Hype,55,1395,778,5250,5250,5268
5269,TR367609,Intro (Poesia Cruda Mixtape),161843.0,5731.0,26.0,Slow Dark,55,1392,1277,5251,5251,5269
5270,TR920648,Bruce Springsteen*,246153.0,4623.0,8.0,Melodic,55,1403,1278,5252,5252,5270
5271,TR450012,Da zero a cento,206200.0,32847.0,60.0,Slow Dark,7,1404,56,5253,5253,5271
5272,TR653293,Voglio ballare con te,163933.0,16593.0,61.0,Minimal,7,1404,1279,5254,5254,5272
5273,TR442152,Roma - Bangkok,174666.0,16280.0,59.0,Slow Dark,7,1405,1280,5255,5255,5273
5274,TR276787,Non Cambierò Mai,186280.0,15835.0,39.0,Hype,7,1406,1281,5256,5256,5274
5275,TR394162,Non mi basta più,200975.0,9619.0,52.0,Fast-Flow,7,1407,1282,5257,5257,5275
5276,TR643421,Playa,192000.0,7094.0,55.0,Hype,7,1408,1283,5258,5258,5276
5277,TR233873,Aspettavo solo te,186386.0,5812.0,34.0,Minimal,7,1404,358,5259,5259,5277
5278,TR314936,Non dire una parola,188429.0,4679.0,42.0,Fast-Flow,7,1408,65,5260,5260,5278
5279,TR133419,Me gusta,186279.0,5897.0,24.0,Hype,7,1408,493,5261,5261,5279
5280,TR711564,Killer,213693.0,4701.0,42.0,Hype,7,1406,679,5262,5262,5280
5281,TR523269,Vibe,144935.0,5995.0,68.0,Warm Bangers,7,1409,779,5263,5263,5281
5282,TR908682,Come no,169560.0,4984.0,45.0,Slow Dark,7,1404,1284,5264,5264,5282
5283,TR223793,Buenos Aires,190909.0,4372.0,34.0,Hype,7,1410,2,5265,5265,5283
5284,TR678618,Bolero,213038.0,5798.0,45.0,Fast-Flow,7,1408,313,5266,5266,5284
5285,TR566073,Sparami,202786.0,4937.0,33.0,Hype,7,1406,1285,5267,5267,5285
5286,TR900082,Roma - Bangkok (feat. Lali),173260.0,5435.0,34.0,Slow Dark,7,1411,1286,5268,5268,5286
5287,TR517908,Certe cose,216773.0,5985.0,27.0,Hype,7,1404,779,5269,5269,5287
5288,TR121718,Icona,163933.0,4112.0,61.0,Hype,7,1404,779,5270,5270,5288
5289,TR215120,Pa Ti,192600.0,4206.0,66.0,Hype,7,1412,1010,5271,5271,5289
5290,TR395626,Anna Wintour,212653.0,5457.0,25.0,Fast-Flow,7,1405,1287,5272,5272,5290
5291,TR891793,Hit Yo Block,280560.0,4576.0,22.0,Hype,7,1413,446,5273,5273,5291
5292,TR197874,Super Mega Iper,206946.0,4383.0,21.0,Hype,7,1405,1158,5274,5274,5292
5293,TR139640,Femmina Alfa,168228.0,4090.0,28.0,Minimal,7,1414,1288,5275,5275,5293
5294,TR556295,Kiss Kiss Bang Bang,174666.0,4056.0,59.0,Hype,7,1405,1158,5276,5276,5294
5295,TR154270,Venerdì,153960.0,5566.0,27.0,Fast-Flow,7,1405,1158,5277,5277,5295
5296,TR454744,Licenza di uccidere RMX,234355.0,4281.0,21.0,Fast-Flow,7,1415,1289,5278,5278,5296
5297,TR800844,Una Seria,213693.0,4951.0,42.0,Fast-Flow,7,1406,1290,5279,5279,5297
5298,TR899454,Follia Mediterranea,171206.0,5227.0,54.0,Hype,7,1416,241,5280,5280,5298
5299,TR433054,Chiudo gli occhi e salto,229493.0,4872.0,33.0,Slow Dark,7,1405,1158,5281,5281,5299
5300,TR733523,Domani,180757.0,4067.0,20.0,Hype,7,1417,1290,5282,5282,5300
5301,TR469156,Fakeness,228120.0,5583.0,13.0,Hype,7,1405,1158,5283,5283,5301
5302,TR277534,Dinero,149677.0,4033.0,24.0,Warm Bangers,7,1408,493,5284,5284,5302
5303,TR266140,Dammi un buon motivo,186266.0,5539.0,20.0,Fast-Flow,7,1404,779,5285,5285,5303
5304,TR641939,Sei Sola,211120.0,5805.0,25.0,Melodic,7,1406,1290,5286,5286,5304
5305,TR959775,Luna,192000.0,4879.0,55.0,Fast-Flow,7,1408,493,5287,5287,5305
5306,TR307974,Mia,293339.0,5085.0,50.0,Warm Bangers,7,1418,493,5288,5288,5306
5307,TR454993,M’ama non m’ama,143221.0,4966.0,40.0,Warm Bangers,7,1419,798,5289,5289,5307
5308,TR312782,Il tuo boy è preso male,211480.0,4793.0,13.0,Hype,7,1406,1290,5290,5290,5308
5309,TR448113,Ola,188560.0,5792.0,12.0,Hype,7,1405,1158,5291,5291,5309
5310,TR902292,Mi faccio i film,232306.0,5805.0,18.0,Slow Dark,7,1404,779,5292,5292,5310
5311,TR934355,Sogni d’oro e di platino,206893.0,4683.0,17.0,Slow Dark,7,1404,779,5293,5293,5311
5312,TR447010,Domani pt.1,176005.0,5246.0,8.0,Fast-Flow,7,1420,1291,5294,5294,5312
5313,TR550143,Dindi,168146.0,5872.0,16.0,Hype,7,1405,1158,5295,5295,5313
5314,TR262484,Primo Round,190458.0,5943.0,19.0,Hype,7,1414,1288,5296,5296,5314
5315,TR698977,Fino al Blackout,160785.0,5031.0,38.0,Warm Bangers,7,1421,269,5297,5297,5315
5316,TR557717,Rosso Amarena,191111.0,4920.0,25.0,Hype,7,1408,493,5298,5298,5316
5317,TR927168,Cuando Te Vi,136470.0,4569.0,27.0,Warm Bangers,7,1408,493,5299,5299,5317
5318,TR763540,Easy,214013.0,5933.0,74.0,Warm Bangers,7,1422,111,5300,5300,5318
5319,TR446146,Feeling,220545.0,4299.0,45.0,Slow Dark,7,1423,1291,5301,5301,5319
5320,TR583994,Licenza di uccidere,234355.0,5175.0,1.0,Fast-Flow,7,1424,1158,5302,5302,5320
5321,TR994429,Lasciati le sneakers,202906.0,4579.0,15.0,Fast-Flow,7,1405,1158,5303,5303,5321
5322,TR237380,S.O.S.,142520.0,4573.0,88.0,Slow Dark,7,1425,1292,2050,2050,5322
5323,TR528771,Sole,188429.0,4825.0,42.0,Hype,7,1408,1288,5304,5304,5323
5324,TR265223,Chiedi alla luna,180813.0,6016.0,15.0,Slow Dark,7,1405,1158,5305,5305,5324
5325,TR847319,Tornado,159487.0,4122.0,36.0,Hype,7,1408,493,5306,5306,5325
5326,TR434177,Intro (2021),282600.0,5171.0,0.0,Melodic,7,1426,493,5307,5307,5326
5327,TR904344,Hipster Love,192133.0,4178.0,12.0,Hype,7,1405,1158,5308,5308,5327
5328,TR143240,Una su un milione,227239.0,4322.0,19.0,Hype,7,1414,1288,5309,5309,5328
5329,TR518778,Come il Domino,167866.0,4894.0,12.0,Fast-Flow,7,1406,1290,5310,5310,5329
5330,TR820778,Una favola,158773.0,5036.0,11.0,Hype,7,1406,1290,5311,5311,5330
5331,TR299841,Brucia,226693.0,4532.0,13.0,Fast-Flow,7,1405,1158,5312,5312,5331
5332,TR706507,La Verità,194586.0,4647.0,12.0,Hype,7,1406,1290,5313,5313,5332
5333,TR375199,In piedi,208744.0,4186.0,7.0,Hype,7,1414,1288,5314,5314,5333
5334,TR694264,Tutto Ritorna,189773.0,4620.0,18.0,Hype,7,1406,1290,5315,5315,5334
5335,TR911323,Maglietta e Jeans,145764.0,5949.0,23.0,Fast-Flow,7,1408,493,5316,5316,5335
5336,TR185524,Testacoda,235746.0,5908.0,86.0,Hype,7,1427,1291,5317,5317,5336
5337,TR893040,Cosa non farebbero,207500.0,4683.0,6.0,Fast-Flow,7,1428,1293,5318,5318,5337
5338,TR955940,Insomnia,157714.0,5158.0,8.0,Hype,7,1429,1292,5319,5319,5338
5339,TR230798,Baby Momma Material,136875.0,5836.0,48.0,Melodic,7,1430,690,5320,5320,5339
5340,TR870834,Intro,172800.0,4024.0,55.0,Melodic,7,1409,1290,5321,5321,5340
5341,TR307238,Se Ti Fa Sentire Meglio,199000.0,5639.0,4.0,Minimal,7,1431,1290,5322,5322,5341
5342,TR521022,Sigillato con un Bacio,358413.0,5915.0,56.0,Minimal,7,1432,1291,5323,5323,5342
5343,TR614979,Lezioni di Volo,158145.0,4196.0,2.0,Hype,7,1433,1291,5324,5324,5343
5344,TR115266,Locos Valientes,163802.0,4336.0,28.0,Hype,7,1434,384,5325,5325,5344
5345,TR458089,No Exit,281400.0,5940.0,3.0,Slow Dark,7,1435,1294,5326,5326,5345
5346,TR729147,Jungle,337226.0,5089.0,40.0,Minimal,7,1436,1176,5327,5327,5346
5347,TR957820,Nelle Mie Mani,358413.0,4041.0,56.0,Hype,7,1432,284,5328,5328,5347
5348,TR879765,Roma - Bangkok [Spanish Version],173260.0,4528.0,19.0,Slow Dark,7,1437,580,5329,5329,5348
5349,TR370918,Un brindisi,213800.0,4916.0,68.0,Hype,7,1438,1295,5330,5330,5349
5350,TR211736,Rags 2 Riches,235987.0,5401.0,70.0,Melodic,7,1439,1296,5331,5331,5350
5351,TR806239,Tornando,161831.0,5483.0,15.0,Hype,7,1440,646,5332,5332,5351
5352,TR232287,Il ritorno delle stelle,279720.0,131538.0,38.0,Fast-Flow,23,1441,561,5333,5333,5352
5353,TR107352,Onda Alta,214556.0,27088.0,51.0,Fast-Flow,23,1442,89,5334,5334,5353
5354,TR309607,Nostalgia istantanea,1096800.0,24716.0,16.0,Slow Dark,23,1443,1297,5335,5335,5354
5355,TR873291,Ama noi,220512.0,24303.0,36.0,Slow Dark,23,1441,237,5336,5336,5355
5356,TR730497,Malpensandoti,334365.0,18656.0,24.0,Minimal,23,1444,1298,5337,5337,5356
5357,TR300590,Modigliani,221288.0,15990.0,25.0,Fast-Flow,23,1445,872,5338,5338,5357
5358,TR923957,Dove Si Balla,198082.0,20729.0,58.0,Fast-Flow,23,1446,1299,5339,5339,5358
5359,TR914482,Arrivi Stai Scomodo E Te Ne Vai,195950.0,14476.0,21.0,Slow Dark,23,1447,1300,5340,5340,5359
5360,TR220290,Bocciofili,239253.0,10567.0,48.0,Hype,23,1448,1301,5341,5341,5360
5361,TR883784,Amo Milano,242739.0,10082.0,31.0,Slow Dark,23,1445,1302,5342,5342,5361
5362,TR823583,Essere Non È Da Me,243269.0,7986.0,16.0,Fast-Flow,23,1445,872,5343,5343,5362
5363,TR686903,Le squadre,186453.0,8987.0,19.0,Slow Dark,23,1441,1303,5344,5344,5363
5364,TR407784,Cambiare me,246520.0,9338.0,19.0,Slow Dark,23,1441,561,5345,5345,5364
5365,TR460635,SMS alla madonna,197950.0,8327.0,25.0,Minimal,23,1447,1300,5346,5346,5365
5366,TR401303,V V,239253.0,8791.0,48.0,Slow Dark,23,1448,1304,5347,5347,5366
5367,TR273926,Nostalgia istantanea (Variazioni sul tema),1251600.0,7638.0,7.0,Slow Dark,23,1443,1297,5348,5348,5367
5368,TR215310,Di Vizi Di Forma Virtù,197950.0,6741.0,25.0,Hype,23,1447,1300,5349,5349,5368
5369,TR594393,L’Universo Non Muore Mai,257561.0,7433.0,21.0,Fast-Flow,23,1445,872,5350,5350,5369
5370,TR138311,Odio volare,191702.0,5700.0,33.0,Minimal,23,1444,1305,5351,5351,5370
5371,TR244223,"Io, Quello Che Credo",210289.0,6183.0,14.0,Hype,23,1445,872,5352,5352,5371
5372,TR233623,Patatine,187263.0,5926.0,43.0,Slow Dark,23,1449,99,5353,5353,5372
5373,TR678477,Katì,184848.0,5407.0,21.0,Melodic,23,1449,65,5354,5354,5373
5374,TR300194,La Mia Generazione,219773.0,6069.0,20.0,Fast-Flow,23,1445,1306,5355,5355,5374
5375,TR235845,Bere Una Cosa,297250.0,5168.0,25.0,Slow Dark,23,1444,1298,5356,5356,5375
5376,TR461242,Monte,236000.0,5715.0,8.0,Slow Dark,23,1450,1176,5357,5357,5376
5377,TR647310,Tra la noia e il valzer,189950.0,5268.0,10.0,Hype,23,1447,1300,5358,5358,5377
5378,TR485827,La Bambola,187153.0,4697.0,33.0,Slow Dark,23,1449,1307,5359,5359,5378
5379,TR120138,Commo una troia,267390.0,5637.0,5.0,Slow Dark,23,1451,1308,5360,5360,5379
5380,TR125702,Dello stesso colore,288720.0,4490.0,11.0,Slow Dark,23,1441,237,5361,5361,5380
5381,TR472791,L’Amore È Quell’Intertempo,251145.0,4462.0,10.0,Slow Dark,23,1444,1305,5362,5362,5381
5382,TR874406,Un’altra cosa (Variazione sul tema ”Bere una cosa”),270906.0,5024.0,14.0,Slow Dark,23,1441,237,5363,5363,5382
5383,TR286398,Una Ragione Un Segno,172866.0,4534.0,10.0,Slow Dark,23,1452,1309,5364,5364,5383
5384,TR307610,Complicarti La Vita,186857.0,4030.0,31.0,Minimal,23,1453,1310,5365,5365,5384
5385,TR923542,Nei Sogni Nessuno È Monogamo,198082.0,5312.0,59.0,Minimal,23,1449,99,5366,5366,5385
5386,TR987436,La mia testa prima di me (Variazione sul tema ”Prima fila Mississipi”),221880.0,5037.0,15.0,Slow Dark,23,1441,237,5367,5367,5386
5387,TR936498,Come L’Italia E San Marino,306950.0,4906.0,8.0,Warm Bangers,23,1447,1300,5368,5368,5387
5388,TR363764,Il ritornello,216506.0,5951.0,17.0,Slow Dark,23,1441,237,5369,5369,5388
5389,TR907468,L’aggettivo adatto (Variazione sul tema ”Tra la noia e il walzer”),322440.0,5156.0,10.0,Minimal,23,1441,237,5370,5370,5389
5390,TR963266,Con te,216946.0,5744.0,17.0,Hype,23,1448,1304,5371,5371,5390
5391,TR307124,Senza Restare Da Soli,246687.0,4291.0,11.0,Slow Dark,23,1450,1176,5372,5372,5391
5392,TR237090,Ma Noi,233019.0,5153.0,26.0,Slow Dark,23,1449,99,5373,5373,5392
5393,TR177030,Van Damme (Saddam),255603.0,5754.0,10.0,Minimal,23,1444,1298,5374,5374,5393
5394,TR475283,Sei Cannibale Ma Non Sei Cattiva,185555.0,5180.0,16.0,Minimal,23,1449,99,5375,5375,5394
5395,TR490505,Ma è un sogno (Variazione sul tema ”Arrivi stai scomodo e te ne vai”),176066.0,5452.0,17.0,Slow Dark,23,1441,237,5376,5376,5395
5396,TR589027,Abbastanza,237478.0,4757.0,8.0,Slow Dark,23,1450,1311,5377,5377,5396
5397,TR681764,Il rap per me,291950.0,4197.0,10.0,Warm Bangers,23,1447,1300,5378,5378,5397
5398,TR864308,L’altra (Variazione sul tema ”Zucchero luminoso”),173440.0,4928.0,10.0,Slow Dark,23,1441,1286,5379,5379,5398
5399,TR609990,Ma dove vai (Veronica),211021.0,4803.0,21.0,Minimal,23,1444,1298,5380,5380,5399
5400,TR428374,Gaza,178676.0,5750.0,14.0,Fast-Flow,23,1449,99,5381,5381,5400
5401,TR323298,Ex Contadino,322950.0,4502.0,13.0,Hype,23,1447,1300,5382,5382,5401
5402,TR175899,Qualsiasi movimento faccia (Variazione sul tema ”L’amore è quell’intertempo”),127040.0,5950.0,17.0,Minimal,23,1441,237,5383,5383,5402
5403,TR391108,Limitato Dal Poeta,236950.0,5936.0,7.0,Slow Dark,23,1447,1300,5384,5384,5403
5404,TR833925,Le file per fare l’amore (Variazione sul tema ”Prendi per mano”),194373.0,4507.0,18.0,Fast-Flow,23,1441,237,5385,5385,5404
5405,TR794461,Nullatenente,218695.0,4710.0,55.0,Fast-Flow,23,1454,75,5386,5386,5405
5406,TR461226,Ottavia,238730.0,5808.0,7.0,Fast-Flow,23,1452,1309,5387,5387,5406
5407,TR643190,La Vocina Nella Testa,194671.0,5949.0,6.0,Slow Dark,23,1450,517,5388,5388,5407
5408,TR523601,Crassi,275308.0,4901.0,11.0,Slow Dark,23,1445,872,5389,5389,5408
5409,TR973561,Un Dio a parte (Un poeta e un po’ no),320991.0,4656.0,10.0,Fast-Flow,23,1444,1305,5390,5390,5409
5410,TR196227,Non Sono Più Innamorato,787689.0,5066.0,7.0,Slow Dark,23,1450,1176,5391,5391,5410
5411,TR923803,Metà Di Qualcosa,205714.0,5392.0,25.0,Minimal,23,1453,1312,5392,5392,5411
5412,TR712644,Dalla Parte della Legge,325969.0,4560.0,7.0,Fast-Flow,23,1450,1176,5393,5393,5412
5413,TR941157,Ustica,188913.0,5488.0,17.0,Minimal,23,1449,99,5394,5394,5413
5414,TR905584,Briciole colorate,355170.0,4115.0,10.0,Minimal,23,1444,1305,5395,5395,5414
5415,TR904502,Zafferano Vulcano Siciliano,249166.0,4110.0,4.0,Slow Dark,23,1451,1313,5396,5396,5415
5416,TR214072,Ama noi (Bariocochelbel Re-Work),218346.0,4785.0,15.0,Slow Dark,23,1441,237,5397,5397,5416
5417,TR270005,Boulevard Verona,388909.0,4720.0,11.0,Slow Dark,23,1450,1176,5398,5398,5417
5418,TR764973,La Danza Samba,302857.0,4644.0,8.0,Slow Dark,23,1450,1176,5399,5399,5418
5419,TR658276,La Lobby Dei Semafori,249140.0,4998.0,13.0,Slow Dark,23,1445,872,5400,5400,5419
5420,TR469076,Ma Non Era Vero,228988.0,4653.0,12.0,Minimal,23,1450,1314,5401,5401,5420
5421,TR476506,Due Gemelli,202100.0,4397.0,8.0,Minimal,23,1450,1176,5402,5402,5421
5422,TR155551,Corallo E Vespe,204703.0,4633.0,8.0,Hype,23,1451,1313,5403,5403,5422
5423,TR260634,Continua a Correre,194373.0,5967.0,11.0,Fast-Flow,23,1448,1315,5404,5404,5423
5424,TR343490,Lo Amore Per Tutti,293761.0,4836.0,4.0,Warm Bangers,23,1451,1313,5405,5405,5424
5425,TR827827,La Mia Donna Dice,210629.0,4905.0,11.0,Hype,23,1445,872,5406,5406,5425
5426,TR694865,Ubriaco di te,222537.0,5167.0,42.0,Slow Dark,23,1449,1316,5407,5407,5426
5427,TR822792,Moderata Crisi,184950.0,5983.0,6.0,Slow Dark,23,1447,1300,5408,5408,5427
5428,TR170471,Low Cash,245950.0,4497.0,13.0,Hype,23,1447,1300,5409,5409,5428
5429,TR876099,Sangue Amaro,206666.0,5378.0,24.0,Fast-Flow,23,1449,99,5410,5410,5429
5430,TR599417,Vedova,545737.0,5447.0,6.0,Fast-Flow,23,1450,1176,5411,5411,5430
5431,TR549058,Signora Del Lago O Musica Senza Musicisti,317333.0,5230.0,6.0,Warm Bangers,23,1451,1313,5412,5412,5431
5432,TR559694,Perché non sai mai (quel che ti capita),405697.0,4190.0,10.0,Slow Dark,23,1444,1298,5413,5413,5432
5433,TR529649,Al Meccano,208950.0,5369.0,11.0,Warm Bangers,23,1447,1300,5414,5414,5433
5434,TR298949,Zucchero Luminoso,173440.0,4140.0,10.0,Slow Dark,23,1441,1308,5415,5415,5434
5435,TR247067,"Sul carro, Pt. 1",184950.0,5207.0,8.0,Fast-Flow,23,1447,1300,5416,5416,5435
5436,TR131441,Lorenzo de’ Medici,213093.0,5495.0,11.0,Hype,23,1448,1304,5417,5417,5436
5437,TR660330,Siamo tutti uguali,234226.0,4436.0,11.0,Slow Dark,23,1448,1156,5418,5418,5437
5438,TR212843,È Troppo Facile Innamorarsi,214569.0,5701.0,13.0,Fast-Flow,23,1452,1309,5419,5419,5438
5439,TR405065,Orga(ni)smo (uni)cellulare,274922.0,4072.0,12.0,Fast-Flow,23,1444,1317,5420,5420,5439
5440,TR349637,Una Setta,162049.0,5703.0,15.0,Minimal,23,1449,99,5421,5421,5440
5441,TR248735,The Sleepy Molotov (Analità Universale),209077.0,4935.0,3.0,Melodic,23,1451,1308,5422,5422,5441
5442,TR737119,Patto Di Fango,194428.0,4448.0,20.0,Minimal,23,1453,1310,305,305,5442
5443,TR917304,Amico Immaginario,189916.0,4281.0,9.0,Warm Bangers,23,1445,872,5423,5423,5443
5444,TR824623,Un fan In Basilicata (Almeno),225626.0,5925.0,11.0,Hype,23,1448,1318,5424,5424,5444
5445,TR744960,Jacopo,159852.0,4156.0,6.0,Slow Dark,23,1450,193,5425,5425,5445
5446,TR810620,La Benzina Sapeva Di Tappo,150666.0,4410.0,11.0,Slow Dark,23,1449,99,5426,5426,5446
5447,TR248564,C.S.A. Gode,185950.0,4710.0,6.0,Warm Bangers,23,1447,1300,5427,5427,5447
5448,TR671082,Mi piacciono le donne,199000.0,5256.0,13.0,Melodic,23,1444,1319,5428,5428,5448
5449,TR562790,Prendi Per Mano D’Amico,252631.0,5104.0,10.0,Slow Dark,23,1444,1298,5429,5429,5449
5450,TR899116,D’cuore (D’Amico D’amore),309102.0,4263.0,8.0,Fast-Flow,23,1444,1305,5430,5430,5450
5451,TR382151,Brano senza titolo,249659.0,4594.0,13.0,Slow Dark,23,1444,1305,5431,5431,5451
5452,TR355337,Show Me Love,243950.0,4490.0,12.0,Melodic,23,1447,1300,5432,5432,5452
5453,TR623145,Due come noi,215546.0,4441.0,13.0,Hype,23,1448,1304,5433,5433,5453
5454,TR964059,La Prima Risposta,189500.0,4835.0,6.0,Minimal,23,1451,1308,5434,5434,5454
5455,TR945377,Ode In Volontaria,194536.0,5425.0,6.0,Hype,23,1452,1309,5435,5435,5455
5456,TR847499,Passerà Al Bar,206950.0,4449.0,9.0,Hype,23,1447,1300,5436,5436,5456
5457,TR547480,Il presidente,306600.0,4747.0,8.0,Slow Dark,23,1448,890,5437,5437,5457
5458,TR572985,Check-In,232105.0,4795.0,16.0,Minimal,23,1453,1310,5438,5438,5458
5459,TR719326,Anche Se Dite No,261350.0,5971.0,10.0,Slow Dark,23,1447,1300,5439,5439,5459
5460,TR104437,Internet È Un Virus,270461.0,5924.0,5.0,Fast-Flow,23,1450,1176,5440,5440,5460
5461,TR894620,Ci Ricamo Sopra,185950.0,5618.0,6.0,Slow Dark,23,1447,1300,5441,5441,5461
5462,TR392847,La Chiave,213375.0,4495.0,17.0,Melodic,23,1453,1310,5442,5442,5462
5463,TR960109,In Alcune Zone Del Mondo,235950.0,4146.0,7.0,Warm Bangers,23,1447,1300,5443,5443,5463
5464,TR593223,Las Vegas Honey Moon,193234.0,4647.0,9.0,Fast-Flow,23,1445,872,5444,5444,5464
5465,TR838194,L’amore a modo mio,226880.0,4548.0,17.0,Hype,23,1448,1320,5445,5445,5465
5466,TR401618,Pelle D’Oca,164387.0,5027.0,19.0,Slow Dark,23,1455,21,5446,5446,5466
5467,TR376575,Tempo Critico Rilettura 2006,186500.0,5571.0,7.0,Minimal,23,1451,1308,5447,5447,5467
5468,TR358513,Anche se il mondo ha,410155.0,5734.0,6.0,Slow Dark,23,1444,1305,5448,5448,5468
5469,TR289356,6 Di Sera,245333.0,5705.0,15.0,Slow Dark,23,1453,1310,5449,5449,5469
5470,TR613107,Miniere,255199.0,4734.0,8.0,Slow Dark,23,1452,1309,5450,5450,5470
5471,TR615463,Fior Fiorello,236666.0,5390.0,40.0,Fast-Flow,23,1456,1304,5451,5451,5471
5472,TR319774,La banana frullata,198950.0,4638.0,8.0,Warm Bangers,23,1447,1300,5452,5452,5472
5473,TR446342,Nessuno Parla Più,294241.0,4134.0,15.0,Melodic,23,1444,1298,5453,5453,5473
5474,TR762074,Umanità,209623.0,5417.0,5.0,Warm Bangers,23,1450,1176,5454,5454,5474
5475,TR319283,Alì Il Thailandese,186950.0,4032.0,8.0,Hype,23,1447,1300,5455,5455,5475
5476,TR362002,Home Made Cavei,94666.0,4831.0,5.0,Melodic,23,1451,1313,5456,5456,5476
5477,TR746939,Prima Che,227950.0,4673.0,5.0,Fast-Flow,23,1447,1300,5457,5457,5477
5478,TR982139,La Mamma Del Mio Amico,235791.0,5400.0,5.0,Slow Dark,23,1450,1176,5458,5458,5478
5479,TR757620,Il ginocchio,191093.0,5551.0,13.0,Hype,23,1448,1304,5459,5459,5479
5480,TR183122,Mahler,203636.0,4622.0,7.0,Fast-Flow,23,1452,1309,5460,5460,5480
5481,TR275157,Lunedì Chiuso,147102.0,5641.0,8.0,Fast-Flow,23,1445,872,5461,5461,5481
5482,TR303180,La Goccia,242109.0,4599.0,13.0,Melodic,23,1453,1310,5462,5462,5482
5483,TR992694,Parenti,252790.0,4906.0,9.0,Fast-Flow,23,1445,872,5463,5463,5483
5484,TR564210,Tike Restoran,232950.0,5471.0,6.0,Hype,23,1447,1300,5464,5464,5484
5485,TR402334,Salvation Army III,198082.0,5403.0,59.0,Clean,23,1449,1313,5465,5465,5485
5486,TR787762,Non La 1 Ma La 2,167030.0,5993.0,5.0,Hype,23,1451,1313,5466,5466,5486
5487,TR340791,Vita X Sempre,230423.0,4462.0,12.0,Minimal,23,1453,1310,5467,5467,5487
5488,TR978886,Ode Con Creta,253167.0,5341.0,4.0,Clean,23,1452,1309,5468,5468,5488
5489,TR831459,La ruota,161950.0,5235.0,7.0,Slow Dark,23,1447,1300,5469,5469,5489
5490,TR255853,1/2 Kilo,164318.0,5846.0,11.0,Fast-Flow,23,1453,1310,5470,5470,5490
5491,TR527079,Energia Electronica,169237.0,4323.0,16.0,Fast-Flow,23,1453,1310,5471,5471,5491
5492,TR310700,Variazioni Sul Tema Via Lessona,247362.0,5520.0,4.0,Fast-Flow,23,1451,1308,5472,5472,5492
5493,TR413401,In loop (la forma di un cuore),213993.0,5152.0,10.0,Minimal,23,1444,1305,5473,5473,5493
5494,TR607640,La Fedina Penale,239500.0,4563.0,3.0,Slow Dark,23,1451,345,5474,5474,5494
5495,TR246918,I Love You But It Hurts,198082.0,4964.0,59.0,Melodic,23,1449,1300,5475,5475,5495
5496,TR888611,Ricollocamento Di Un Operaio,108213.0,4679.0,4.0,Warm Bangers,23,1451,1313,5476,5476,5496
5497,TR724778,È già,170040.0,5174.0,8.0,Minimal,23,1448,1304,5477,5477,5497
5498,TR837880,Acappella Introduttiva,198082.0,5796.0,58.0,Slow Dark,23,1446,1309,5478,5478,5498
5499,TR354409,Pubblicittà,233950.0,5152.0,6.0,Melodic,23,1447,1300,5479,5479,5499
5500,TR118622,Per Elsa,126950.0,5280.0,5.0,Clean,23,1447,1300,5480,5480,5500
5501,TR444361,1000 Persone,230655.0,5052.0,12.0,Slow Dark,23,1453,1310,5481,5481,5501
5502,TR755829,Quando La Linea Della Vita Risulta Occupata,77250.0,4113.0,2.0,Clean,23,1451,1308,5482,5482,5502
5503,TR972711,Il cubo (Fondamentalmente),182346.0,4479.0,12.0,Hype,23,1448,1304,5483,5483,5503
5504,TR632634,Luna Di Miele In Filovia,198082.0,4999.0,59.0,Fast-Flow,23,1449,872,5484,5484,5504
5505,TR309714,L’Italia è una,182200.0,4633.0,6.0,Warm Bangers,23,1448,890,5485,5485,5505
5506,TR772026,A meno di te,183106.0,4376.0,8.0,Clean,23,1448,1304,5486,5486,5506
5507,TR118984,E Sacrifici,244950.0,5021.0,3.0,Melodic,23,1447,1300,5487,5487,5507
5508,TR711256,Cattivi,328044.0,4660.0,4.0,Slow Dark,23,1452,1309,5488,5488,5508
5509,TR248067,Un Posto Per D’Amico,198082.0,4530.0,59.0,Fast-Flow,23,1449,1304,5489,5489,5509
5510,TR861376,Amo Milano (No Drum),198082.0,4943.0,59.0,Fast-Flow,23,1449,872,5490,5490,5510
5511,TR367374,Il corriere contromano,195826.0,4279.0,7.0,Warm Bangers,23,1448,1304,5491,5491,5511
5512,TR211926,Qualche Rima,171950.0,5873.0,5.0,Melodic,23,1447,1300,5492,5492,5512
5513,TR310355,Sul Carro Pt.2,174950.0,5751.0,5.0,Minimal,23,1447,1300,5493,5493,5513
5514,TR659735,Pater Noster Introduttivo,105000.0,5430.0,3.0,Slow Dark,23,1451,1313,5494,5494,5514
5515,TR791653,Origami Love,122950.0,4225.0,5.0,Hype,23,1447,1300,5495,5495,5515
5516,TR998523,Muziki,244022.0,5565.0,3.0,Warm Bangers,23,1457,762,5496,5496,5516
5517,TR813523,Lunedì Mestieri,161750.0,5631.0,2.0,Slow Dark,23,1451,1308,5497,5497,5517
5518,TR651038,40 anni,198082.0,5553.0,59.0,Minimal,23,1449,1321,5498,5498,5518
5519,TR539099,Sincero / Sincera (Seconda stesura),152693.0,4240.0,6.0,Hype,23,1448,1304,5499,5499,5519
5520,TR699389,Gocce di cielo,129287.0,5303.0,5.0,Minimal,23,1444,1305,5500,5500,5520
5521,TR334539,Un Grande Pregio,125950.0,5684.0,3.0,Melodic,23,1447,1300,5501,5501,5521
5522,TR361346,K8,184875.0,5168.0,29.0,Slow Dark,23,1458,1125,5502,5502,5522
5523,TR553115,Salendo Sempre Più (Dentro Te),306630.0,5306.0,3.0,Warm Bangers,23,1451,1308,5503,5503,5523
5524,TR732168,Ciccio (Fammi Una Canna),116708.0,4931.0,2.0,Slow Dark,23,1451,1308,5504,5504,5524
5525,TR520829,Il Cielo Dei Ricchi,261950.0,5071.0,3.0,Warm Bangers,23,1447,1300,5505,5505,5525
5526,TR166092,Mama M’ama,90950.0,4080.0,4.0,Clean,23,1447,1300,5506,5506,5526
5527,TR799836,Domenica Messina,132256.0,5293.0,2.0,Hype,23,1451,1308,5507,5507,5527
5528,TR833741,Sincero/Sincera (Prima Stesura),198082.0,4176.0,59.0,Hype,23,1449,1304,5508,5508,5528
5529,TR496667,Bobby’s Back to Houston,244000.0,4884.0,2.0,Fast-Flow,23,1451,1308,5509,5509,5529
5530,TR143881,Hit da 5 minuti,198082.0,4599.0,59.0,Fast-Flow,23,1449,1304,5510,5510,5530
5531,TR731433,La Divisione Del Lavoro,190950.0,5106.0,3.0,Slow Dark,23,1447,1300,5511,5511,5531
5532,TR463829,Il promemoria (20/12/2012),235226.0,4281.0,57.0,Hype,23,1459,1304,5512,5512,5532
5533,TR987939,Ode In Volontaria (Versione Demo),198082.0,5401.0,59.0,Hype,23,1449,592,5513,5513,5533
5534,TR722421,Pirati,187263.0,5609.0,43.0,Melodic,23,1449,1322,5514,5514,5534
5535,TR445829,Mar Do Alvo,82950.0,4339.0,3.0,Minimal,23,1447,1300,5515,5515,5535
5536,TR370919,Nostalgia Istantanea (Under-21 MashUp),195234.0,4222.0,62.0,Clean,23,1460,1323,5516,5516,5536
5537,TR107687,Buganda Rock,203750.0,4303.0,20.0,Slow Dark,44,1461,1157,5517,5517,5537
5538,TR215844,Hell Taxi,162000.0,5769.0,14.0,Warm Bangers,44,1462,1324,5518,5518,5538
5539,TR881638,Multicultural,206413.0,5072.0,24.0,Hype,44,1463,1325,5519,5519,5539
5540,TR136208,Paper Street,165546.0,4950.0,20.0,Hype,44,1464,1108,5520,5520,5540
5541,TR629849,Jerry Il Sorcio (Intro),122120.0,4226.0,15.0,Hype,44,1464,1326,5521,5521,5541
5542,TR810215,#Rattopsy,165546.0,5315.0,20.0,Clean,44,1464,1108,5522,5522,5542
5543,TR181716,Who’z Your Daddy,126133.0,5754.0,8.0,Warm Bangers,44,1464,1108,5523,5523,5543
5544,TR470954,Self Made,116000.0,5673.0,15.0,Hype,44,1464,1108,5524,5524,5544
5545,TR262454,Frank Morris (El Desaparecido),119000.0,5268.0,10.0,Hype,44,1464,1108,5525,5525,5545
5546,TR171315,Santa Rabia,342250.0,4163.0,3.0,Hype,44,1465,1327,5526,5526,5546
5547,TR883768,Subliminal,198611.0,4239.0,29.0,Hype,44,1466,1328,5527,5527,5547
5548,TR404955,Solo Por Un Avion,339389.0,4111.0,14.0,Hype,44,1467,1329,5528,5528,5548
5549,TR341741,Guerrilla Urbana,317880.0,4528.0,12.0,Hype,44,1468,1329,5529,5529,5549
5550,TR168331,Puta dime que me amas,163404.0,4285.0,50.0,Slow Dark,44,1469,1010,5530,5530,5550
5551,TR331767,Verdades Made In Italy,362339.0,4533.0,32.0,Melodic,44,1470,1330,5531,5531,5551
5552,TR237894,Otra Ciudad De Dios,287085.0,4784.0,1.0,Hype,44,1471,1331,5532,5532,5552
5553,TR325738,P Secondigliano,229893.0,385473.0,60.0,Fast-Flow,39,1472,1332,5533,5533,5553
5554,TR645720,EPISODIO D’AMORE,196613.0,185241.0,70.0,Fast-Flow,39,1473,753,5534,5534,5554
5555,TR367782,"NU PARL, NU SENT, NU VEC",134306.0,190642.0,61.0,Melodic,39,1473,753,5535,5535,5555
5556,TR739172,SI STAT’ TU,205840.0,160319.0,63.0,Slow Dark,39,1473,753,5536,5536,5556
5557,TR817717,IO T’O GIUR’,200000.0,107327.0,68.0,Slow Dark,39,1473,753,5537,5537,5557
5558,TR702350,Il MALE CHE MI FAI,167339.0,118402.0,66.0,Slow Dark,39,1474,390,5538,5538,5558
5559,TR102848,Vogl sul a te,185426.0,88674.0,62.0,Slow Dark,39,1475,86,5539,5539,5559
5560,TR592734,PER SEMPRE,179386.0,90896.0,65.0,Hype,39,1473,753,5540,5540,5560
5561,TR491141,Amo ma chi t sap,209933.0,75275.0,50.0,Slow Dark,39,1475,86,5541,5541,5561
5562,TR718501,UNA COME TE,144133.0,90782.0,58.0,Fast-Flow,39,1473,753,5542,5542,5562
5563,TR380439,IDEE CHIARE,159840.0,68345.0,59.0,Hype,39,1473,753,5543,5543,5563
5564,TR587246,Campioni In Italia (Red Bull 64 Bars),234000.0,67514.0,53.0,Slow Dark,39,1476,1333,5544,5544,5564
5565,TR975291,Narcos,196000.0,84589.0,55.0,Melodic,39,1475,18,5545,5545,5565
5566,TR151971,EL PIBE DE ORO,155493.0,57979.0,68.0,Hype,39,1473,53,5546,5546,5566
5567,TR138131,Capo,150967.0,77149.0,54.0,Minimal,39,1477,248,5547,5547,5567
5568,TR298890,X CASO,215421.0,74281.0,67.0,Slow Dark,39,1478,1334,5548,5548,5568
5569,TR931849,SCUMPAR,182986.0,73633.0,57.0,Slow Dark,39,1473,753,5549,5549,5569
5570,TR765507,Senz e me,145040.0,76503.0,58.0,Slow Dark,39,1475,86,5550,5550,5570
5571,TR728438,Na catena,165586.0,73769.0,62.0,Slow Dark,39,1475,86,5551,5551,5571
5572,TR539687,FERRARI (from ”Uonderbois”),163600.0,49178.0,69.0,Warm Bangers,39,1479,1295,5552,5552,5572
5573,TR700763,FINCHÉ NON SI MUORE,212800.0,66724.0,55.0,Slow Dark,39,1473,753,5553,5553,5573
5574,TR979985,"I P’ ME, TU P’ TE",187881.0,60968.0,66.0,Slow Dark,39,1473,89,5554,5554,5574
5575,TR488386,DIO LO SA,196613.0,59295.0,70.0,Slow Dark,39,1473,753,5555,5555,5575
5576,TR970205,GIÀ LO SAI,189293.0,46995.0,60.0,Fast-Flow,39,1473,753,1431,1431,5576
5577,TR680063,CHIAGNE,179863.0,57371.0,62.0,Fast-Flow,39,1478,786,5556,5556,5577
5578,TR685477,CHE SOLE OGGI,190235.0,61727.0,64.0,Hype,39,1479,664,5557,5557,5578
5579,TR122994,Como te,218186.0,56837.0,51.0,Minimal,39,1475,1335,5558,5558,5579
5580,TR681336,Moncler,220000.0,47198.0,62.0,Warm Bangers,39,1477,248,5559,5559,5580
5581,TR953180,UNA VITA FA,171546.0,38857.0,63.0,Hype,39,1473,753,5560,5560,5581
5582,TR890466,CLS,247626.0,44512.0,55.0,Hype,39,1473,753,5561,5561,5582
5583,TR395152,Yacht,118946.0,52738.0,50.0,Warm Bangers,39,1475,86,5562,5562,5583
5584,TR610158,Sorry,165842.0,49450.0,48.0,Slow Dark,39,1477,248,5563,5563,5584
5585,TR898120,PRESIDENTE,194133.0,42146.0,55.0,Slow Dark,39,1473,753,5564,5564,5585
5586,TR568504,Emanuele,165666.0,34124.0,53.0,Slow Dark,39,1475,86,5565,5565,5586
5587,TR495887,Provino,195133.0,39345.0,48.0,Slow Dark,39,1475,86,5566,5566,5587
5588,TR772543,Intro,121906.0,38608.0,43.0,Slow Dark,39,1475,86,5567,5567,5588
5589,TR801899,ME VULEV FA RUOSS,173495.0,44749.0,59.0,Melodic,39,1478,1334,5568,5568,5589
5590,TR515471,RICCHEZZA,184000.0,39537.0,51.0,Fast-Flow,39,1478,1334,5569,5569,5590
5591,TR827859,Vittoria,176400.0,33447.0,42.0,Slow Dark,39,1477,248,5570,5570,5591
5592,TR373017,Queen,182727.0,35307.0,45.0,Hype,39,1480,1336,5571,5571,5592
5593,TR675386,357,140800.0,27410.0,52.0,Fast-Flow,39,1473,753,5572,5572,5593
5594,TR964778,TU ED IO,183203.0,38621.0,66.0,Minimal,39,1479,664,5573,5573,5594
5595,TR480030,BELLA E BRUTTA NOTIZIA,228360.0,30533.0,52.0,Slow Dark,39,1473,753,5574,5574,5595
5596,TR734614,Na catena RMX,189609.0,31224.0,55.0,Minimal,39,1481,248,5575,5575,5596
5597,TR316389,MONDAY,165216.0,28734.0,60.0,Slow Dark,39,1478,1334,5576,5576,5597
5598,TR329853,RAP TUTORIAL (64 Bars),205686.0,32630.0,45.0,Warm Bangers,39,1482,1337,5577,5577,5598
5599,TR122860,EMIRATES,161773.0,31991.0,59.0,Melodic,39,1473,753,5578,5578,5599
5600,TR824204,POCO/TROPPO,195319.0,31578.0,47.0,Slow Dark,39,1478,1334,5579,5579,5600
5601,TR463464,COME VUOI,172615.0,26235.0,65.0,Hype,39,1478,1334,5580,5580,5601
5602,TR913115,500K,156017.0,26644.0,61.0,Melodic,39,1479,664,5581,5581,5602
5603,TR911882,Chicano,180226.0,22207.0,45.0,Melodic,39,1475,86,5582,5582,5603
5604,TR135152,L’ULTIMA CANZONE,202849.0,27568.0,51.0,Hype,39,1474,390,5583,5583,5604
5605,TR760233,HERMES,176000.0,21058.0,61.0,Minimal,39,1474,390,5584,5584,5605
5606,TR824929,NUN SE VER,158666.0,26700.0,47.0,Melodic,39,1478,1334,5585,5585,5606
5607,TR718886,REALE,179361.0,28615.0,55.0,Melodic,39,1479,664,5586,5586,5607
5608,TR426669,Dreams,195226.0,28529.0,47.0,Minimal,39,1475,86,5587,5587,5608
5609,TR746993,Amsterdam*,196613.0,23942.0,70.0,Slow Dark,39,1473,753,5588,5588,5609
5610,TR186893,L’ULTIMA POESIA,228378.0,24027.0,64.0,Fast-Flow,39,1473,849,5589,5589,5610
5611,TR836017,SO FLY,138579.0,19877.0,59.0,Melodic,39,1474,390,5590,5590,5611
5612,TR411227,MARADONA,162992.0,25544.0,51.0,Melodic,39,1478,1334,5591,5591,5612
5613,TR224984,SMITH ‘N’ WESSON,140571.0,26974.0,58.0,Melodic,39,1479,664,5592,5592,5613
5614,TR226565,New York,145213.0,20943.0,45.0,Melodic,39,1475,86,5593,5593,5614
5615,TR644698,NAPO****NO,168666.0,22192.0,46.0,Slow Dark,39,1478,1334,5594,5594,5615
5616,TR944967,To giur ca t vogl ben,165666.0,25931.0,53.0,Melodic,39,1475,1338,5595,5595,5616
5617,TR102911,SOLDATI,145124.0,25914.0,52.0,Melodic,39,1474,390,5596,5596,5617
5618,TR357020,MONEY,165666.0,19753.0,54.0,Hype,39,1478,1339,5597,5597,5618
5619,TR718142,GIVE YOU MY LOVE,160372.0,21651.0,63.0,Slow Dark,39,1478,1334,5598,5598,5619
5620,TR645009,2 SECONDI,149000.0,18110.0,53.0,Hype,39,1474,390,5599,5599,5620
5621,TR662123,LONELY,208636.0,17194.0,49.0,Fast-Flow,39,1478,1334,5600,5600,5621
5622,TR121417,Mercedes,180000.0,23686.0,72.0,Slow Dark,39,1483,1340,5601,5601,5622
5623,TR458726,Brivido RMX,227693.0,22250.0,69.0,Slow Dark,39,1484,1341,5602,5602,5623
5624,TR915066,Riman,180000.0,20948.0,72.0,Slow Dark,39,1483,331,5603,5603,5624
5625,TR392057,I AM,133161.0,15323.0,46.0,Slow Dark,39,1478,1334,5604,5604,5625
5626,TR188942,MAI PER SEMPRE,220043.0,20672.0,62.0,Slow Dark,39,1479,1342,5605,5605,5626
5627,TR325882,Mexico,192772.0,17192.0,42.0,Hype,39,1485,1343,5606,5606,5627
5628,TR429083,NUN SACC’ PERDERE,203181.0,16482.0,55.0,Slow Dark,39,1479,664,5607,5607,5628
5629,TR610698,Secondin,229893.0,16198.0,60.0,Minimal,39,1472,544,5608,5608,5629
5630,TR723180,Trap Take (Radio 105),304480.0,13111.0,33.0,Warm Bangers,39,1486,1344,5609,5609,5630
5631,TR909668,NON CI TORNI PIÙ,159036.0,17263.0,45.0,Slow Dark,39,1478,1334,5610,5610,5631
5632,TR151150,HERE I COME,142690.0,14956.0,45.0,Melodic,39,1478,1334,5611,5611,5632
5633,TR636329,CCHIU’ FORT,195000.0,11946.0,57.0,Hype,39,1479,664,5612,5612,5633
5634,TR416624,NIENTE DI SPECIALE,150000.0,11606.0,43.0,Melodic,39,1478,1334,5613,5613,5634
5635,TR202472,Mucho dinero,201573.0,10623.0,40.0,Slow Dark,39,1475,86,5614,5614,5635
5636,TR794685,Mala,177893.0,9765.0,45.0,Warm Bangers,39,1475,86,5615,5615,5636
5637,TR165851,PARL’ CU MME (From ”Uonderbois”),133333.0,11579.0,51.0,Slow Dark,39,1479,1295,5616,5616,5637
5638,TR703993,M Guard*,192772.0,12266.0,42.0,Melodic,39,1485,1343,5617,5617,5638
5639,TR318894,Mamacita,212173.0,8369.0,43.0,Slow Dark,39,1475,86,5618,5618,5639
5640,TR776857,IN TRAPPOLA,137777.0,7745.0,44.0,Melodic,39,1478,1334,5619,5619,5640
5641,TR602610,105 Mi Casa Mashup: Geolier con Intro,200106.0,8976.0,45.0,Slow Dark,39,1487,788,5620,5620,5641
5642,TR109276,Strade (Medley Sanremo 2024),187881.0,7512.0,66.0,Minimal,39,1473,1345,5621,5621,5642
5643,TR900520,O’ Primmo Ammore RMX,273600.0,5900.0,60.0,Fast-Flow,39,1488,1341,5622,5622,5643
5644,TR321042,Pendente*,187881.0,4714.0,66.0,Minimal,39,1473,753,5623,5623,5644
5645,TR544471,Masseria,180000.0,5207.0,72.0,Melodic,39,1483,331,5624,5624,5645
5646,TR208259,Trap Take 2 Radio 105,304480.0,4559.0,33.0,Melodic,39,1486,1346,5625,5625,5646
5647,TR491432,Anima*,196613.0,4063.0,70.0,Fast-Flow,39,1473,753,5626,5626,5647
5648,TR732555,Cobra Freestyle,203927.0,5483.0,15.0,Melodic,39,1489,1347,5627,5627,5648
5649,TR976039,Milione*,180000.0,5267.0,72.0,Minimal,39,1483,331,5628,5628,5649
5650,TR357633,Calibro*,155493.0,5178.0,68.0,Melodic,39,1473,753,5629,5629,5650
5651,TR205809,Pirati*,155493.0,5499.0,68.0,Warm Bangers,39,1473,753,5630,5630,5651
5652,TR376583,Simm Turnat,195906.0,5367.0,27.0,Minimal,39,1490,694,5631,5631,5652
5653,TR409374,“Febbraio” Freestyle #3,247626.0,4424.0,55.0,Minimal,39,1473,753,5632,5632,5653
5654,TR854713,P Secondigliano RMX,229893.0,4720.0,60.0,Fast-Flow,39,1472,544,5633,5633,5654
5655,TR633004,America*,186533.0,4264.0,2.0,Minimal,39,1491,1348,5634,5634,5655
5656,TR948275,C Chiagn A Fa,228000.0,4273.0,79.0,Slow Dark,39,1492,16,5635,5635,5656
5657,TR812051,COVID19-FREESTYLE,206281.0,5366.0,0.0,Minimal,39,1493,1087,5636,5636,5657
5658,TR124924,Mercedes RMX,247626.0,5733.0,55.0,Slow Dark,39,1473,753,5637,5637,5658
5659,TR306134,Quand È Ser*,155651.0,5943.0,59.0,Minimal,39,1494,943,5638,5638,5659
5660,TR214821,Classifiche*,180000.0,5271.0,72.0,Fast-Flow,39,1483,182,5639,5639,5660
5661,TR319207,Irraggiungibile,209179.0,115425.0,51.0,Hype,91,1495,651,5640,5640,5661
5662,TR117560,Bene ma non benissimo,192421.0,69209.0,50.0,Hype,91,1495,765,5641,5641,5662
5663,TR521169,Amore a prima insta,182177.0,35576.0,42.0,Hype,91,1495,348,5642,5642,5663
5664,TR670077,Sogni d’odio,209253.0,18064.0,25.0,Fast-Flow,91,1496,1349,5643,5643,5664
5665,TR829663,Stronza bipolare,163560.0,17518.0,31.0,Warm Bangers,91,1496,1349,5644,5644,5665
5666,TR945294,Full Metal Shade Freestyle,202508.0,15984.0,2.0,Melodic,91,1497,1350,5645,5645,5666
5667,TR529555,Se Mi Lasci Ti Disso,197708.0,12153.0,76.0,Minimal,91,1498,50,5646,5646,5667
5668,TR612504,Disco d’horror,93200.0,12369.0,17.0,Fast-Flow,91,1496,1349,5647,5647,5668
5669,TR778525,Le cose peggiori,176111.0,6798.0,30.0,Warm Bangers,91,1495,779,5648,5648,5669
5670,TR663257,Allora ciao,166254.0,8457.0,49.0,Fast-Flow,91,1499,398,5649,5649,5670
5671,TR487842,Se i rapper fossero noi,189666.0,8716.0,22.0,Hype,91,1496,1351,5650,5650,5671
5672,TR553734,Rapper Vs Trapper Freestyle,216029.0,6875.0,62.0,Warm Bangers,91,1500,1352,5651,5651,5672
5673,TR243618,La hit dell’estate,188374.0,7893.0,61.0,Fast-Flow,91,1501,1264,5652,5652,5673
5674,TR932965,Da 1 a 150,106973.0,6827.0,14.0,Warm Bangers,91,1496,1349,5653,5653,5674
5675,TR691735,Shaday megamix (bonus track),268068.0,7748.0,16.0,Fast-Flow,91,1502,1353,5654,5654,5675
5676,TR933338,Seventeen idol,224826.0,4798.0,23.0,Hype,91,1496,1349,5655,5655,5676
5677,TR302633,Netflix,160746.0,5500.0,14.0,Slow Dark,91,1496,1349,5656,5656,5677
5678,TR404329,Fine settimana,183320.0,4346.0,21.0,Slow Dark,91,1496,1349,5657,5657,5678
5679,TR473172,Hit Ledger,294452.0,5442.0,22.0,Hype,91,1502,578,5658,5658,5679
5680,TR368323,Patch Adams,164680.0,4365.0,24.0,Slow Dark,91,1496,1349,5659,5659,5680
5681,TR336315,Bar Mitzvah,204640.0,4485.0,14.0,Warm Bangers,91,1496,1349,5660,5660,5681
5682,TR890411,Despacito Freestyle,216029.0,5002.0,62.0,Melodic,91,1500,1354,5661,5661,5682
5683,TR796189,Telefono senza feeling,193619.0,5847.0,20.0,Fast-Flow,91,1502,1353,5662,5662,5683
5684,TR169235,Odio Le Hit Estive,178021.0,4437.0,27.0,Hype,91,1503,1355,5663,5663,5684
5685,TR798510,Autostop,187375.0,4301.0,58.0,Slow Dark,91,1504,20,5664,5664,5685
5686,TR967799,Truman,209179.0,5535.0,51.0,Slow Dark,91,1495,258,5665,5665,5686
5687,TR773032,Ouverture (Welcome To The Show),134464.0,5015.0,23.0,Hype,91,1495,779,5666,5666,5687
5688,TR877516,"Boh, non so",161777.0,5842.0,16.0,Fast-Flow,91,1505,258,5667,5667,5688
5689,TR415897,Halloween Freestyle,216029.0,4305.0,62.0,Melodic,91,1500,170,5668,5668,5689
5690,TR362016,Tutto l’alfabeto,107040.0,5304.0,13.0,Warm Bangers,91,1496,1349,5669,5669,5690
5691,TR678136,Se i rapper fossero fake,189666.0,4478.0,22.0,Warm Bangers,91,1496,1356,5670,5670,5691
5692,TR693254,In un’ora,182500.0,4327.0,50.0,Minimal,91,1506,1357,5671,5671,5692
5693,TR780686,Il ritorno di Shade,134464.0,5381.0,23.0,Melodic,91,1495,1358,5672,5672,5693
5694,TR270747,Mai una gioia,196911.0,5202.0,22.0,Fast-Flow,91,1502,1353,5673,5673,5694
5695,TR692544,Figurati noi,196736.0,5527.0,35.0,Hype,91,1495,779,5674,5674,5695
5696,TR632785,Je t’aime,168545.0,4632.0,17.0,Hype,91,1495,779,5675,5675,5696
5697,TR829480,Tutti a casa,178593.0,4910.0,29.0,Hype,91,1495,779,5676,5676,5697
5698,TR280358,Replay,204892.0,4825.0,18.0,Hype,91,1495,779,5677,5677,5698
5699,TR751382,Selfie,231392.0,5987.0,16.0,Hype,91,1502,1353,5678,5678,5699
5700,TR582303,10 flow in meno di due minuti,380000.0,4598.0,23.0,Fast-Flow,91,1507,1349,5679,5679,5700
5701,TR635654,Voldemort Freestyle,216029.0,4601.0,62.0,Melodic,91,1500,149,5680,5680,5701
5702,TR573375,BCUC,163573.0,4723.0,12.0,Hype,91,1496,1349,5681,5681,5702
5703,TR910706,Severo ma giusto,171093.0,5144.0,21.0,Hype,91,1495,779,5682,5682,5703
5704,TR618938,Il tuo anno,202380.0,4518.0,18.0,Hype,91,1495,779,5683,5683,5704
5705,TR314353,Jesus Christ Webstar,232500.0,5848.0,16.0,Hype,91,1495,779,5684,5684,5705
5706,TR131599,VideoGame Freestyle,216029.0,4544.0,62.0,Melodic,91,1500,1359,5685,5685,5706
5707,TR543589,Babbo Bastardo Freestyle,268068.0,5807.0,16.0,Melodic,91,1502,1360,5686,5686,5707
5708,TR526337,Beep!,201639.0,4221.0,10.0,Hype,91,1502,1361,5687,5687,5708
5709,TR961274,Promesse,175153.0,5328.0,25.0,Warm Bangers,91,1508,389,5688,5688,5709
5710,TR355060,Rap Fiction Freestyle,213562.0,5829.0,0.0,Melodic,91,1509,1362,5689,5689,5710
5711,TR243306,Freestyle track,216029.0,4351.0,62.0,Melodic,91,1500,1363,5690,5690,5711
5712,TR588449,Deadpool Freestyle,216029.0,5953.0,62.0,Melodic,91,1500,673,5691,5691,5712
5713,TR509106,Tori seduti,172730.0,4919.0,40.0,Fast-Flow,91,1510,499,5692,5692,5713
5714,TR484044,Lunatica,157448.0,5909.0,28.0,Fast-Flow,91,1511,405,5693,5693,5714
5715,TR926119,L’amore non è pop,195526.0,5370.0,10.0,Hype,91,1502,1353,5694,5694,5715
5716,TR197984,Avanti il prossimo,169952.0,4616.0,11.0,Hype,91,1502,1364,5695,5695,5716
5717,TR315504,Come il Mc,224000.0,4390.0,9.0,Hype,91,1502,1353,5696,5696,5717
5718,TR760357,Young disastro,192000.0,4621.0,12.0,Fast-Flow,91,1505,258,5697,5697,5718
5719,TR455104,Chances,199912.0,4196.0,13.0,Fast-Flow,91,1512,1365,5698,5698,5719
5720,TR762554,Ex,168028.0,4300.0,25.0,Warm Bangers,91,1508,389,5699,5699,5720
5721,TR549497,Cambiare stato,200933.0,4223.0,10.0,Hype,91,1502,1353,5700,5700,5721
5722,TR685521,Pendolari,175950.0,4860.0,28.0,Slow Dark,91,1513,165,5701,5701,5722
5723,TR200688,Fenice,163764.0,5607.0,25.0,Fast-Flow,91,1508,389,5702,5702,5723
5724,TR144628,Per Sempre Mai,174049.0,4295.0,32.0,Hype,91,1514,406,5703,5703,5724
5725,TR224957,Iron Man,175555.0,4272.0,26.0,Fast-Flow,91,1508,389,5704,5704,5725
5726,TR769659,Come litigare a San Valentino,180137.0,5300.0,75.0,Melodic,91,1515,1366,5705,5705,5726
5727,TR889194,Fuori Di Budget,146374.0,4406.0,21.0,Warm Bangers,91,1508,389,5706,5706,5727
5728,TR660171,Come litigare col prof,241760.0,4207.0,62.0,Melodic,91,1516,1367,5707,5707,5728
5729,TR855257,Mazza da baseball,250775.0,4347.0,9.0,Warm Bangers,91,1502,578,5708,5708,5729
5730,TR129216,Tutto Quello Che Ho,149491.0,5865.0,26.0,Melodic,91,1508,389,5709,5709,5730
5731,TR367068,Sopra Di Te,176166.0,5658.0,17.0,Warm Bangers,91,1508,389,5710,5710,5731
5732,TR192991,Roveshade - Episodio 1: Purple Atos,220533.0,4722.0,0.0,Minimal,91,1517,1368,5711,5711,5732
5733,TR418051,Serie TV Freestyle,160746.0,5326.0,14.0,Warm Bangers,91,1496,533,5712,5712,5733
5734,TR306273,Dragon Ball rappato in un minuto,222089.0,5089.0,49.0,Hype,91,1518,984,5713,5713,5734
5735,TR492701,SPACE JAM FREESTYLE,479773.0,5368.0,24.0,Slow Dark,91,1519,1369,5714,5714,5735
5736,TR869083,God Mode Freestyle,118764.0,5379.0,17.0,Melodic,91,1508,389,5715,5715,5736
5737,TR269406,Anni ’90 vs 2000 Freestyle,210586.0,5272.0,44.0,Melodic,91,1520,1370,5716,5716,5737
5738,TR165935,Come litigare con l’arbitro,180137.0,4545.0,75.0,Melodic,91,1515,1371,5717,5717,5738
5739,TR194062,Tutta la Serie A in un minuto,217226.0,4090.0,34.0,Minimal,91,1521,473,5718,5718,5739
5740,TR310822,I Mondiali Rappati In Un Minuto,209962.0,4923.0,71.0,Melodic,91,1522,483,5719,5719,5740
5741,TR454236,La La Rap Freestyle,224000.0,5796.0,9.0,Melodic,91,1502,478,5720,5720,5741
5742,TR664033,Nike React Freestyle,42066.0,5152.0,1.0,Melodic,91,1523,401,5721,5721,5742
5743,TR425062,Come baccagliare in chat in un minuto,186542.0,5680.0,40.0,Melodic,91,1524,1372,5722,5722,5743
5744,TR437598,5G FREESTYLE,188823.0,6000.0,14.0,Fast-Flow,91,1525,861,5723,5723,5744
5745,TR194664,Answers Within - Focus Version,269310.0,4340.0,27.0,Minimal,91,1526,1373,5724,5724,5745
5746,TR552951,Cristiano Ronaldo a prima insta,228906.0,5399.0,60.0,Minimal,91,1527,164,5725,5725,5746
5747,TR130765,Toi,236706.0,5363.0,16.0,Minimal,91,1528,1374,5726,5726,5747
5748,TR720242,40 rime in meno di 40 metri,175403.0,5975.0,6.0,Warm Bangers,91,1529,1375,5727,5727,5748
5749,TR843448,Come litigare con il VAR,176000.0,5987.0,78.0,Melodic,91,1530,250,5728,5728,5749
5750,TR957157,Nazionale Italiana Freestyle,106973.0,5387.0,14.0,Hype,91,1496,1376,5729,5729,5750
5751,TR721488,L’estate in un minuto,155413.0,4500.0,63.0,Melodic,91,1531,910,5730,5730,5751
5752,TR462748,Roveshade-La Morte,189666.0,5613.0,22.0,Minimal,91,1496,1377,5731,5731,5752
5753,TR683730,Tutta l’Italia rappata in meno di due minuti,202573.0,4225.0,59.0,Warm Bangers,91,1532,1378,5732,5732,5753
5754,TR643882,Reflex Zone,228999.0,5578.0,0.0,Minimal,91,1533,379,5733,5733,5754
5755,TR825870,Tutti i supereroi rappati in un minuto,194516.0,5837.0,74.0,Hype,91,1534,1379,5734,5734,5755
5756,TR940113,Covid freestyle - shade,194723.0,4779.0,11.0,Minimal,91,1535,110,5735,5735,5756
5757,TR933847,Il campionato di calcio 2015,264739.0,5278.0,0.0,Minimal,91,1536,1380,5736,5736,5757
5758,TR609176,Brain Suck,165069.0,4873.0,0.0,Hype,91,1537,1381,5737,5737,5758
5759,TR101350,Twist,131200.0,4887.0,22.0,Warm Bangers,91,1538,1382,5738,5738,5759
5760,TR140752,One Take FM Free Mic,175013.0,4633.0,20.0,Melodic,91,1539,686,5739,5739,5760
5761,TR276729,Бары,128623.0,5538.0,0.0,Warm Bangers,91,1540,1383,5740,5740,5761
5762,TR826932,Se le canzoni Disney fossero rap,183520.0,5889.0,73.0,Melodic,91,1541,180,5741,5741,5762
5763,TR345727,Kin Of $in,265933.0,5896.0,29.0,Minimal,91,1542,1384,5742,5742,5763
5764,TR382692,Fuoco e benzina,209179.0,125564.0,60.0,Fast-Flow,28,1543,545,5743,5743,5764
5765,TR883587,Linda,199378.0,141238.0,50.0,Minimal,28,1544,1385,5744,5744,5765
5766,TR133345,Serio,218769.0,110049.0,59.0,Melodic,28,1545,128,5745,5745,5766
5767,TR533807,L’ultima volta,210960.0,90467.0,56.0,Warm Bangers,28,1546,766,5746,5746,5767
5768,TR818380,Renè & Francis,176794.0,78942.0,48.0,Warm Bangers,28,1546,766,5747,5747,5768
5769,TR373885,Broken Language,108973.0,83607.0,48.0,Hype,28,1546,766,5748,5748,5769
5770,TR648074,No Insta,179759.0,103681.0,49.0,Hype,28,1546,766,5749,5749,5770
5771,TR594038,Sparami,188058.0,91076.0,46.0,Warm Bangers,28,1546,766,5750,5750,5771
5772,TR457359,Rollercoaster,207550.0,91123.0,56.0,Melodic,28,1543,127,5751,5751,5772
5773,TR670228,Gli amici miei,268757.0,55681.0,44.0,Hype,28,1546,766,5752,5752,5773
5774,TR146494,Jack,226226.0,66412.0,37.0,Fast-Flow,28,1547,1059,5753,5753,5774
5775,TR803223,Cowboy,180546.0,42958.0,44.0,Fast-Flow,28,1546,766,5754,5754,5775
5776,TR839644,Il mondo dei grandi,230769.0,47467.0,44.0,Warm Bangers,28,1548,1386,5755,5755,5776
5777,TR178959,Morto di fame,163362.0,48878.0,50.0,Hype,28,1549,591,5756,5756,5777
5778,TR452849,Lontano da me,225109.0,39526.0,39.0,Fast-Flow,28,1546,766,5757,5757,5778
5779,TR673308,666,141676.0,50690.0,39.0,Hype,28,1546,766,5758,5758,5779
5780,TR127689,La mia prigione,160981.0,39580.0,38.0,Slow Dark,28,1546,766,5759,5759,5780
5781,TR777808,Quella foto di noi due,194979.0,42666.0,57.0,Fast-Flow,28,1543,1387,5760,5760,5781
5782,TR746260,Su di lei,232946.0,38382.0,52.0,Hype,28,1547,1059,5761,5761,5782
5783,TR186622,Toro Loco,164237.0,40793.0,51.0,Warm Bangers,28,1546,766,5762,5762,5783
5784,TR172378,Linda (Reloaded),181935.0,33067.0,36.0,Warm Bangers,28,1550,1388,5763,5763,5784
5785,TR826237,Maleducato,172556.0,31033.0,38.0,Warm Bangers,28,1546,766,5764,5764,5785
5786,TR153202,La mia malattia,180300.0,44520.0,45.0,Warm Bangers,28,1551,118,5765,5765,5786
5787,TR821419,Claro,224050.0,33486.0,40.0,Hype,28,1543,1387,5766,5766,5787
5788,TR529433,Malandrino,181471.0,41260.0,44.0,Fast-Flow,28,1546,63,5767,5767,5788
5789,TR137727,Dal basso,204293.0,43206.0,39.0,Fast-Flow,28,1547,1389,5768,5768,5789
5790,TR471128,10 Comandamenti,303296.0,31657.0,37.0,Hype,28,1552,1390,5769,5769,5790
5791,TR560874,Adios,192607.0,32345.0,38.0,Hype,28,1543,1387,5770,5770,5791
5792,TR503797,3 messaggi in segreteria,206933.0,37894.0,48.0,Hype,28,1547,1059,5771,5771,5792
5793,TR149622,Quello che non ho,213072.0,41535.0,37.0,Hype,28,1546,766,5772,5772,5793
5794,TR729855,Medaglia,197986.0,40747.0,41.0,Fast-Flow,28,1546,766,5773,5773,5794
5795,TR592916,ON FIRE  (paid in full),176000.0,34889.0,58.0,Slow Dark,28,1553,21,5774,5774,5795
5796,TR903128,L’erba cattiva,231655.0,38961.0,58.0,Minimal,28,1548,1391,5775,5775,5796
5797,TR402898,SENZ’ANIMA (nikita),193453.0,29665.0,56.0,Fast-Flow,28,1553,21,5776,5776,5797
5798,TR233632,Street movie,167080.0,39925.0,38.0,Melodic,28,1549,591,5777,5777,5798
5799,TR319532,Parole di ghiaccio,231655.0,39291.0,58.0,Hype,28,1548,532,5778,5778,5799
5800,TR724695,Notte gialla,191065.0,27642.0,46.0,Slow Dark,28,1549,591,5779,5779,5800
5801,TR283862,No Cap,193432.0,29142.0,51.0,Hype,28,1554,254,5780,5780,5801
5802,TR365350,Non è facile,202626.0,26188.0,40.0,Slow Dark,28,1547,1059,5781,5781,5802
5803,TR646205,Nel male e nel bene,190568.0,28019.0,45.0,Slow Dark,28,1549,591,5782,5782,5803
5804,TR888929,Maracanã,215369.0,33486.0,56.0,Hype,28,1555,1392,5783,5783,5804
5805,TR371074,Quello di prima,231040.0,27481.0,37.0,Slow Dark,28,1547,1393,5784,5784,5805
5806,TR429671,Dope 2,171723.0,24046.0,36.0,Warm Bangers,28,1543,1387,5785,5785,5806
5807,TR558533,Il Seme del Male,155664.0,26350.0,36.0,Hype,28,1546,766,5786,5786,5807
5808,TR183823,Qualche sasso,127786.0,31510.0,37.0,Warm Bangers,28,1549,591,5787,5787,5808
5809,TR541095,Parigi,190240.0,26583.0,41.0,Fast-Flow,28,1547,1059,5788,5788,5809
5810,TR727942,Jam session,169280.0,24061.0,38.0,Hype,28,1549,591,5789,5789,5810
5811,TR446204,Vestiti sporchi,204920.0,21088.0,37.0,Warm Bangers,28,1547,1059,5790,5790,5811
5812,TR400633,Open Water,185598.0,28840.0,36.0,Melodic,28,1543,1387,5791,5791,5812
5813,TR534818,COL CUORE IN GOLA (lords of dogtown),188640.0,26267.0,48.0,Melodic,28,1553,21,5792,5792,5813
5814,TR434369,Cult,226546.0,21162.0,46.0,Warm Bangers,28,1547,1394,5793,5793,5814
5815,TR860253,Supereroe,209179.0,19187.0,60.0,Warm Bangers,28,1543,1387,5794,5794,5815
5816,TR307830,Cocaina,208525.0,17919.0,37.0,Warm Bangers,28,1543,1387,5795,5795,5816
5817,TR307625,Buonanotte,228586.0,18473.0,34.0,Warm Bangers,28,1547,1059,5796,5796,5817
5818,TR945304,Soli (Assieme),205720.0,22082.0,50.0,Fast-Flow,28,1556,1395,5797,5797,5818
5819,TR282488,Uno come me,204906.0,24770.0,37.0,Hype,28,1547,1059,5798,5798,5819
5820,TR967179,Mille strade,211914.0,20839.0,39.0,Fast-Flow,28,1543,1387,5799,5799,5820
5821,TR604466,All’alba delle 6:00,219026.0,23720.0,34.0,Warm Bangers,28,1547,1059,5800,5800,5821
5822,TR735818,Senza cuore & senza nome,174312.0,20375.0,37.0,Warm Bangers,28,1543,1387,5801,5801,5822
5823,TR196688,No police no problem,146230.0,21977.0,36.0,Fast-Flow,28,1549,591,5802,5802,5823
5824,TR465511,VISCERALE (closer),184160.0,21951.0,40.0,Melodic,28,1553,21,5803,5803,5824
5825,TR239521,Come fossimo cowboy,195163.0,16850.0,38.0,Minimal,28,1543,1387,5804,5804,5825
5826,TR539563,Per Tutta La Città,166153.0,18135.0,43.0,Slow Dark,28,1554,254,5805,5805,5826
5827,TR599704,BIG BANG (upside down),198253.0,19987.0,44.0,Slow Dark,28,1553,21,5806,5806,5827
5828,TR661175,Scordarmi chi ero,232306.0,15434.0,46.0,Fast-Flow,28,1556,1396,5807,5807,5828
5829,TR588909,MC DRIVE (la haine),180000.0,17411.0,41.0,Slow Dark,28,1553,21,5808,5808,5829
5830,TR713577,ALBICOCCA (lolita),162733.0,18366.0,41.0,Slow Dark,28,1553,21,5809,5809,5830
5831,TR577594,Non era vero,228733.0,21605.0,40.0,Fast-Flow,28,1547,1397,5810,5810,5831
5832,TR312337,Il Seme del Male RMX,162519.0,17720.0,31.0,Warm Bangers,28,1554,254,5811,5811,5832
5833,TR879863,Lettera dall’inferno,230446.0,19816.0,35.0,Slow Dark,28,1555,1398,5812,5812,5833
5834,TR242903,Sopravvissuto,191893.0,16895.0,31.0,Warm Bangers,28,1547,1059,5813,5813,5834
5835,TR733688,Neve e fango,178146.0,19315.0,34.0,Slow Dark,28,1557,1399,5814,5814,5835
5836,TR285818,Batman,166396.0,17420.0,34.0,Melodic,28,1551,337,5815,5815,5836
5837,TR642025,Psycho,142872.0,18668.0,31.0,Fast-Flow,28,1549,591,5816,5816,5837
5838,TR563453,I soldi degli altri,176293.0,15515.0,34.0,Warm Bangers,28,1549,591,5817,5817,5838
5839,TR446032,Mercurio,215369.0,16688.0,56.0,Fast-Flow,28,1555,1395,5818,5818,5839
5840,TR864659,Più Lei Che Noi,183703.0,16296.0,41.0,Warm Bangers,28,1554,254,5819,5819,5840
5841,TR954381,Donald Trump,168674.0,14814.0,31.0,Hype,28,1543,1387,5820,5820,5841
5842,TR595740,In auto alle 6:00,167283.0,12873.0,69.0,Fast-Flow,28,1558,36,5821,5821,5842
5843,TR202928,L’Ultima Volta RMX,216521.0,12036.0,30.0,Warm Bangers,28,1554,254,5822,5822,5843
5844,TR746329,TOXIC (trainspotting),180000.0,11341.0,41.0,Warm Bangers,28,1553,21,5823,5823,5844
5845,TR852821,Vecchia maniera,275613.0,16156.0,34.0,Hype,28,1547,1059,5824,5824,5845
5846,TR418304,Crudo,168493.0,12389.0,34.0,Hype,28,1554,254,5825,5825,5846
5847,TR836111,Ok Così,147567.0,11759.0,39.0,Fast-Flow,28,1554,254,5826,5826,5847
5848,TR135764,Giovani eroi,152733.0,14390.0,35.0,Fast-Flow,28,1549,591,3194,3194,5848
5849,TR851687,A cena dai tuoi,217866.0,12197.0,48.0,Hype,28,1556,1400,5827,5827,5849
5850,TR322508,PACINO (the godfather),122426.0,12911.0,38.0,Minimal,28,1553,21,5828,5828,5850
5851,TR639280,SONNY (city of god),190520.0,10980.0,39.0,Slow Dark,28,1553,21,5829,5829,5851
5852,TR752222,Balla col diavolo,231227.0,15029.0,27.0,Hype,28,1555,1401,5830,5830,5852
5853,TR273746,Piede in strada,159960.0,14362.0,30.0,Hype,28,1549,591,5831,5831,5853
5854,TR810261,C’era Una Volta,147692.0,14389.0,34.0,Hype,28,1552,1390,5832,5832,5854
5855,TR263339,ATTORI DI STRADA (ragazzi fuori),210453.0,11885.0,41.0,Fast-Flow,28,1553,21,5833,5833,5855
5856,TR820539,LONTANO (carlito’s way),166946.0,13417.0,41.0,Slow Dark,28,1553,21,5834,5834,5856
5857,TR321716,Tijuana,182000.0,10395.0,31.0,Slow Dark,28,1559,1283,5835,5835,5857
5858,TR954909,BEL FINALE (the butterfly effect),111800.0,9595.0,36.0,Slow Dark,28,1553,21,5836,5836,5858
5859,TR161242,Lo Sanno I Veri,131208.0,9470.0,28.0,Hype,28,1552,1390,5837,5837,5859
5860,TR772132,Italian Dream,175640.0,11731.0,33.0,Warm Bangers,28,1547,1059,5838,5838,5860
5861,TR882137,Montecarlo,196613.0,10843.0,33.0,Melodic,28,1551,337,5839,5839,5861
5862,TR510420,Superman,189890.0,11048.0,29.0,Fast-Flow,28,1552,1390,5840,5840,5862
5863,TR183070,Prima che sia lunedì,187680.0,8591.0,33.0,Slow Dark,28,1547,1059,5841,5841,5863
5864,TR590550,Colpo di Fulmine (outro),139780.0,10237.0,28.0,Hype,28,1552,1390,5842,5842,5864
5865,TR561739,Se penso al Rap,205022.0,11358.0,33.0,Hype,28,1555,1401,5843,5843,5865
5866,TR127227,Demoni,221204.0,10041.0,56.0,Fast-Flow,28,1560,1402,5844,5844,5866
5867,TR737505,Ognuno per sè,194526.0,11015.0,31.0,Hype,28,1548,1391,5845,5845,5867
5868,TR320244,Vaffanculo,194723.0,8965.0,11.0,Fast-Flow,28,1561,1403,5846,5846,5868
5869,TR539984,MASERATI (the wolf of wall street),136000.0,11005.0,36.0,Fast-Flow,28,1553,21,5847,5847,5869
5870,TR506835,Sei tu,214400.0,9935.0,20.0,Fast-Flow,28,1562,1059,5848,5848,5870
5871,TR589690,Di Tutti I Colori,205714.0,8406.0,27.0,Fast-Flow,28,1552,1390,5849,5849,5871
5872,TR711745,Racai Status,195164.0,8282.0,29.0,Hype,28,1552,1390,5850,5850,5872
5873,TR835710,Se Il Mondo Fosse,193043.0,9284.0,2.0,Minimal,28,1563,1404,5851,5851,5873
5874,TR795581,RAY LIOTTA (goodfellas),184097.0,9724.0,47.0,Warm Bangers,28,1564,1405,5852,5852,5874
5875,TR735821,Killa Story,156440.0,8107.0,3.0,Slow Dark,28,1565,1406,5853,5853,5875
5876,TR576467,Bla bla,227184.0,7527.0,41.0,Hype,28,1566,1399,5854,5854,5876
5877,TR924868,Champagne e spine,178146.0,9057.0,34.0,Hype,28,1557,1399,5855,5855,5877
5878,TR832370,Champions,200439.0,8354.0,24.0,Warm Bangers,28,1552,1390,5856,5856,5878
5879,TR793391,Martin Luther King,253186.0,7491.0,23.0,Fast-Flow,28,1552,1390,5857,5857,5879
5880,TR922237,Nino Nino,172071.0,7508.0,51.0,Fast-Flow,28,1567,195,5858,5858,5880
5881,TR768620,Vietnam Flow,223093.0,6455.0,28.0,Hype,28,1556,1395,5859,5859,5881
5882,TR196764,Romanzo criminale,226920.0,7377.0,32.0,Slow Dark,28,1557,1399,5860,5860,5882
5883,TR530444,Andale,184902.0,6513.0,27.0,Hype,28,1568,1407,5861,5861,5883
5884,TR405799,Apatia,187693.0,8255.0,25.0,Hype,28,1557,1399,5862,5862,5884
5885,TR846536,Come un pitbull,220797.0,6568.0,29.0,Warm Bangers,28,1548,1391,5863,5863,5885
5886,TR684100,Capo status,168133.0,6555.0,28.0,Warm Bangers,28,1557,1399,5864,5864,5886
5887,TR446447,Gli stessi di sempre,205826.0,6721.0,30.0,Fast-Flow,28,1556,1395,5865,5865,5887
5888,TR678952,B.Rex Bestie,216263.0,7581.0,25.0,Fast-Flow,28,1552,1390,5866,5866,5888
5889,TR285352,Bella Idea,208351.0,7147.0,25.0,Fast-Flow,28,1552,1390,5867,5867,5889
5890,TR163534,Sulla luna (intro),128000.0,6054.0,26.0,Fast-Flow,28,1548,1408,5868,5868,5890
5891,TR767145,Tutto quello che ho,153964.0,6699.0,39.0,Fast-Flow,28,1569,1391,5869,5869,5891
5892,TR509449,Ombre,184226.0,6315.0,24.0,Hype,28,1557,1399,5870,5870,5892
5893,TR311195,I.L.T.G. (I Love This Game),194175.0,5848.0,22.0,Hype,28,1570,1409,5871,5871,5893
5894,TR885368,BUTTERFLY,176455.0,4851.0,55.0,Warm Bangers,28,1571,424,5872,5872,5894
5895,TR863589,Giusto o sbagliato,195337.0,5394.0,29.0,Fast-Flow,28,1548,1391,5873,5873,5895
5896,TR442317,Era Meglio Ieri,225200.0,4812.0,22.0,Slow Dark,28,1557,1403,5874,5874,5896
5897,TR410544,Broken Dolls,209840.0,6202.0,57.0,Slow Dark,28,1572,1403,5875,5875,5897
5898,TR346194,DANTE (il profeta),101960.0,4839.0,36.0,Hype,28,1564,1405,5876,5876,5898
5899,TR344645,JOE PESCI & DE NIRO (casinò),157186.0,6047.0,40.0,Melodic,28,1564,1405,5877,5877,5899
5900,TR913812,Milano male,141573.0,5119.0,23.0,Warm Bangers,28,1557,1399,5878,5878,5900
5901,TR353482,Il king,176285.0,5308.0,32.0,Slow Dark,28,1573,713,5879,5879,5901
5902,TR969618,K.I.L.L.A.,167283.0,5103.0,69.0,Hype,28,1558,1410,5880,5880,5902
5903,TR599001,Teen Idol,204944.0,4271.0,19.0,Warm Bangers,28,1573,1059,5881,5881,5903
5904,TR229532,Blocco Boyz,294746.0,4765.0,20.0,Minimal,28,1556,1395,5882,5882,5904
5905,TR841533,La bara più grande del mondo,222641.0,4211.0,26.0,Fast-Flow,28,1574,1411,5883,5883,5905
5906,TR632750,Fratelli a metà,217586.0,5262.0,21.0,Slow Dark,28,1555,1395,5884,5884,5906
5907,TR427952,Cashwoman,173686.0,4910.0,26.0,Hype,28,1548,1412,5885,5885,5907
5908,TR728561,Di.Enne.A.,257888.0,5573.0,27.0,Minimal,28,1548,1391,5886,5886,5908
5909,TR429745,Vampiri,223306.0,4456.0,42.0,Hype,28,1575,1413,5887,5887,5909
5910,TR936850,Wow,186720.0,4343.0,26.0,Hype,28,1556,1414,5888,5888,5910
5911,TR134198,Straight Rydah,219664.0,4827.0,20.0,Melodic,28,1555,1395,5889,5889,5911
5912,TR577263,Dietro front,189316.0,5871.0,28.0,Warm Bangers,28,1548,1391,5890,5890,5912
5913,TR776109,Il peggiore,209684.0,5439.0,26.0,Hype,28,1574,1411,5891,5891,5913
5914,TR436858,Pum pum,164120.0,4852.0,19.0,Hype,28,1557,1403,5892,5892,5914
5915,TR449626,Va bene,180253.0,5050.0,23.0,Hype,28,1556,1395,5893,5893,5915
5916,TR808733,Come Sto (64 Bars),187293.0,4178.0,55.0,Warm Bangers,28,1576,1415,5894,5894,5916
5917,TR872895,Sexy line,186827.0,5985.0,20.0,Fast-Flow,28,1574,569,5895,5895,5917
5918,TR628407,MB45,184866.0,5349.0,21.0,Warm Bangers,28,1556,1395,5896,5896,5918
5919,TR578357,Bad,209840.0,4584.0,57.0,Warm Bangers,28,1572,1403,5897,5897,5919
5920,TR230128,Click clack,167093.0,5188.0,23.0,Hype,28,1557,1399,5898,5898,5920
5921,TR334001,13 Anni,192527.0,4232.0,25.0,Warm Bangers,28,1552,1390,5899,5899,5921
5922,TR344932,BEL FINALE (buttefly effect),202146.0,5947.0,23.0,Slow Dark,28,1557,1405,5900,5900,5922
5923,TR516911,Ciò che perdi,125760.0,4362.0,22.0,Hype,28,1557,1399,5901,5901,5923
5924,TR811277,Casinò,157186.0,5313.0,40.0,Fast-Flow,28,1564,1390,5902,5902,5924
5925,TR227840,Nice pic,189767.0,4504.0,23.0,Hype,28,1548,1391,5903,5903,5925
5926,TR563313,Stupefacente,217155.0,5453.0,20.0,Hype,28,1574,1416,5904,5904,5926
5927,TR232946,Che abbia vinto o no,190212.0,5572.0,33.0,Hype,28,1577,1417,5905,5905,5927
5928,TR400237,COVID FREESTYLE,194723.0,5361.0,11.0,Minimal,28,1561,1418,5906,5906,5928
5929,TR610907,Tutti in catene,196127.0,5242.0,21.0,Fast-Flow,28,1574,1419,5907,5907,5929
5930,TR279770,Essere umano,209720.0,5803.0,22.0,Hype,28,1556,1395,5908,5908,5930
5931,TR514153,Ho visto,165213.0,4170.0,23.0,Hype,28,1557,1399,5909,5909,5931
5932,TR962637,Conseguenze,178226.0,4675.0,20.0,Fast-Flow,28,1557,1399,5910,5910,5932
5933,TR868394,I’m the shit,152226.0,4510.0,21.0,Clean,28,1557,1399,5911,5911,5933
5934,TR361057,Non Fa Per Me,233163.0,5995.0,33.0,Melodic,28,1578,1403,5912,5912,5934
5935,TR341422,Brutta,224064.0,4794.0,22.0,Hype,28,1555,1401,5913,5913,5935
5936,TR853070,Lucifero,173907.0,5481.0,51.0,Slow Dark,28,1579,499,5914,5914,5936
5937,TR452361,Grigio,269880.0,5386.0,19.0,Hype,28,1557,1399,5915,5915,5937
5938,TR321602,I 3 tempi,225200.0,4438.0,22.0,Hype,28,1557,1399,5916,5916,5938
5939,TR772797,NOI SIAMO LEGGENDA (chronicle),158106.0,4490.0,35.0,Fast-Flow,28,1564,1405,5917,5917,5939
5940,TR732751,Bianco & Nero,269880.0,4576.0,19.0,Slow Dark,28,1557,1403,5918,5918,5940
5941,TR562590,Stammi Dietro,130548.0,4837.0,47.0,Melodic,28,1580,1403,5919,5919,5941
5942,TR832513,La testa vuota,258680.0,4482.0,23.0,Hype,28,1556,1395,5920,5920,5942
5943,TR889717,#Rossoneri,187770.0,4050.0,34.0,Fast-Flow,28,1581,1158,5921,5921,5943
5944,TR556679,È meglio così,212903.0,5776.0,22.0,Fast-Flow,28,1573,713,5922,5922,5944
5945,TR515292,D Love,167080.0,5949.0,38.0,Minimal,28,1549,889,5923,5923,5945
5946,TR994401,Qualcosa non va,165590.0,4698.0,20.0,Hype,28,1574,1420,5924,5924,5946
5947,TR416685,Cocktailz,213380.0,4691.0,20.0,Slow Dark,28,1548,1391,5925,5925,5947
5948,TR998534,HUMBLE (sicario),163373.0,4023.0,35.0,Warm Bangers,28,1564,1405,5926,5926,5948
5949,TR442147,Vieni qua,235173.0,5377.0,15.0,Hype,28,1582,1421,5927,5927,5949
5950,TR396935,No Smile,184097.0,5668.0,47.0,Slow Dark,28,1564,1403,5928,5928,5950
5951,TR755554,Nei guai,194526.0,4306.0,18.0,Hype,28,1548,1391,5929,5929,5951
5952,TR638688,LA RIVINCITA,154647.0,4332.0,21.0,Fast-Flow,28,1583,1422,5930,5930,5952
5953,TR557610,Perché tu no,254626.0,5598.0,31.0,Fast-Flow,28,1584,1395,5931,5931,5953
5954,TR671814,Io sono la moda,187924.0,5250.0,16.0,Hype,28,1574,569,5932,5932,5954
5955,TR375047,Iniorance Boy,184097.0,4101.0,47.0,Clean,28,1564,1403,5933,5933,5955
5956,TR105169,Consapevolezza,169493.0,5261.0,17.0,Hype,28,1557,1399,5934,5934,5956
5957,TR992089,Demolition,209840.0,4630.0,57.0,Warm Bangers,28,1572,1403,5935,5935,5957
5958,TR443177,A Bada,209840.0,4753.0,57.0,Hype,28,1572,1403,5936,5936,5958
5959,TR578276,Tagli,207537.0,5557.0,1.0,Slow Dark,28,1585,1421,5937,5937,5959
5960,TR160361,B. Rex cricca,193813.0,5639.0,16.0,Hype,28,1557,1399,5938,5938,5960
5961,TR294045,Ho scritto un testo,162461.0,4816.0,12.0,Hype,28,1586,1421,5939,5939,5961
5962,TR304970,Non Credo,269880.0,5913.0,19.0,Clean,28,1557,1421,5940,5940,5962
5963,TR790220,Abbracci,187924.0,4828.0,16.0,Fast-Flow,28,1574,1421,5941,5941,5963
5964,TR130226,MI.TO,165120.0,5559.0,23.0,Warm Bangers,28,1587,1421,5942,5942,5964
5965,TR725131,Chissà se,212665.0,4982.0,18.0,Hype,28,1573,1021,5943,5943,5965
5966,TR371763,Più rispetto,204944.0,5812.0,19.0,Melodic,28,1573,713,5944,5944,5966
5967,TR948486,Groupie Love,194175.0,5834.0,22.0,Hype,28,1570,1421,5945,5945,5967
5968,TR824322,The Flow Clocker Intro,167080.0,4188.0,38.0,Hype,28,1549,1421,5946,5946,5968
5969,TR471601,Sai Che C’è,258431.0,5892.0,24.0,Hype,28,1588,1403,5947,5947,5969
5970,TR509074,La mia risposta,233163.0,5669.0,33.0,Melodic,28,1578,1421,5948,5948,5970
5971,TR476618,Cresciuto,204293.0,5601.0,39.0,Clean,28,1547,1403,5949,5949,5971
5972,TR896362,Veri e Falsi,200439.0,4415.0,24.0,Clean,28,1552,1421,5950,5950,5972
5973,TR792916,Buona La Prima,193043.0,5628.0,2.0,Hype,28,1563,1421,5951,5951,5973
5974,TR942952,Riempimi le tasche,253186.0,5717.0,23.0,Fast-Flow,28,1552,1421,5952,5952,5974
5975,TR599511,Godzilla Flow Freestyle,167080.0,4592.0,38.0,Clean,28,1549,1421,5953,5953,5975
5976,TR781417,Check Check,219066.0,5923.0,26.0,Slow Dark,28,1589,352,5954,5954,5976
5977,TR856167,Ti Porto Il Dramma 2 RMX,186720.0,4112.0,26.0,Clean,28,1556,1403,5955,5955,5977
5978,TR812127,Hate/Love Freestyle,254400.0,4313.0,44.0,Clean,28,1590,1421,5956,5956,5978
5979,TR207533,COVID FREESTYLE 2,204293.0,5089.0,39.0,Minimal,28,1547,13,5957,5957,5979
5980,TR492119,Dall’altra parte del mondo,186720.0,5168.0,26.0,Fast-Flow,28,1555,1395,5958,5958,5980
5981,TR116632,Loccato RMX,209840.0,5307.0,57.0,Clean,28,1572,1403,5959,5959,5981
5982,TR195738,Alzati e combatti,209840.0,4046.0,57.0,Melodic,28,1572,542,5960,5960,5982
5983,TR901674,P Sound,211617.0,5939.0,0.0,Hype,28,1591,1403,5961,5961,5983
5984,TR850201,Autodistruzione,209840.0,4103.0,57.0,Hype,28,1572,1423,5962,5962,5984
5985,TR703510,Beatbox Shit,281893.0,4298.0,3.0,Clean,28,1592,1421,5963,5963,5985
5986,TR776727,Dramma Music,142872.0,4041.0,31.0,Clean,28,1549,1421,5964,5964,5986
5987,TR118068,Run to the Roc,213280.0,5150.0,46.0,Fast-Flow,28,1593,1421,5965,5965,5987
5988,TR473599,Covid freestyle pt.1,195164.0,5880.0,29.0,Fast-Flow,28,1552,110,5966,5966,5988
5989,TR644353,2 cose da dire,226906.0,5347.0,82.0,Warm Bangers,28,1594,1395,5967,5967,5989
5990,TR861934,COVID FREESTYLE 3,169280.0,5661.0,38.0,Melodic,28,1549,110,5968,5968,5990
5991,TR830049,Non mi fido più,209840.0,4039.0,57.0,Slow Dark,28,1572,343,5969,5969,5991
5992,TR152593,32 sfasi,187693.0,5097.0,25.0,Melodic,28,1557,1424,5970,5970,5992
5993,TR985355,Killers,199285.0,4934.0,13.0,Fast-Flow,28,1595,1425,5971,5971,5993
5994,TR492308,Stelle nel flipper,191080.0,5012.0,10.0,Fast-Flow,28,1596,298,5972,5972,5994
5995,TR307820,Non so,233476.0,4158.0,37.0,Hype,28,1597,293,5973,5973,5995
5996,TR579405,La mia provincia,225200.0,5384.0,22.0,Minimal,28,1557,717,5974,5974,5996
5997,TR120870,Typhoon Freestyle,194723.0,5019.0,11.0,Warm Bangers,28,1561,1426,5975,5975,5997
5998,TR672982,Covid Freestyle pt3,194723.0,5544.0,11.0,Melodic,28,1561,110,5976,5976,5998
5999,TR383484,Sensi in coma,194501.0,4983.0,9.0,Warm Bangers,28,1598,592,5977,5977,5999
6000,TR545676,Non sei me,254626.0,4311.0,31.0,Minimal,28,1584,889,5978,5978,6000
6001,TR168066,Twist,174638.0,5314.0,62.0,Melodic,12,1599,1427,5979,5979,6001
6002,TR495279,Loco Loco Loco,237117.0,4357.0,97.0,Slow Dark,12,1600,1428,5980,5980,6002
6003,TR469519,Si Dai Ciao,160268.0,5763.0,64.0,Fast-Flow,12,1601,1429,5981,5981,6003
6004,TR660715,Capetto Kinghetto,140240.0,5240.0,43.0,Fast-Flow,12,1602,1428,5982,5982,6004
6005,TR703869,BOOMSHAKALAKA,264870.0,4327.0,31.0,Melodic,12,1603,1430,5983,5983,6005
6006,TR211952,Phai Come Vuoi,197708.0,5942.0,76.0,Fast-Flow,12,1604,1431,5984,5984,6006
6007,TR581289,Straphatto,199384.0,5052.0,45.0,Hype,12,1605,1428,5985,5985,6007
6008,TR739558,Ciuph Ciuph,208135.0,4157.0,76.0,Fast-Flow,12,1606,1428,5986,5986,6008
6009,TR752019,Di Tutti I Colori,212148.0,5270.0,72.0,Hype,12,1607,1428,5987,5987,6009
6010,TR175943,Waci Waci,200493.0,4519.0,50.0,Melodic,12,1608,1432,5988,5988,6010
6011,TR997559,Hula Hoop,232411.0,5625.0,62.0,Fast-Flow,12,1609,723,5989,5989,6011
6012,TR518958,Uppha,280669.0,5653.0,50.0,Slow Dark,12,1610,1428,5990,5990,6012
6013,TR256446,Senza pagare VS T-Pain,210099.0,112133.0,62.0,Slow Dark,48,1611,1062,5991,5991,6013
6014,TR479270,Italiana,174172.0,69898.0,63.0,Slow Dark,48,1612,1433,5992,5992,6014
6015,TR421482,Assenzio,250533.0,60415.0,52.0,Fast-Flow,48,1611,1434,5993,5993,6015
6016,TR506678,Vorrei ma non posto,225866.0,61672.0,61.0,Slow Dark,48,1611,1435,5994,5994,6016
6017,TR757904,Favorisca i sentimenti,126093.0,47732.0,43.0,Minimal,48,1613,1074,5995,5995,6017
6018,TR993847,Sconosciuti da una vita,180128.0,42857.0,40.0,Warm Bangers,48,1614,1436,5996,5996,6018
6019,TR778607,Intro,271880.0,40481.0,49.0,Minimal,48,1615,266,5997,5997,6019
6020,TR270873,Maria Salvador,223053.0,23375.0,59.0,Hype,48,1615,1437,5998,5998,6020
6021,TR771090,Piccole cose,215880.0,21315.0,45.0,Slow Dark,48,1611,1438,5999,5999,6021
6022,TR613215,Comunisti col Rolex,210099.0,24527.0,62.0,Slow Dark,48,1611,399,6000,6000,6022
6023,TR290512,Senza pagare,210099.0,24516.0,62.0,Slow Dark,48,1611,1438,6001,6001,6023
6024,TR785846,Tutto tua madre,226000.0,17710.0,43.0,Fast-Flow,48,1616,322,6002,6002,6024
6025,TR869867,Fratelli di paglia,214733.0,17093.0,26.0,Slow Dark,48,1611,1438,6003,6003,6025
6026,TR273723,Il bello d’esser brutti,223053.0,17583.0,59.0,Hype,48,1615,1439,6004,6004,6026
6027,TR998141,Ostia Lido,173266.0,20122.0,57.0,Melodic,48,1617,262,6005,6005,6027
6028,TR820376,Meglio tardi che noi,201133.0,13882.0,28.0,Slow Dark,48,1611,1438,6006,6006,6028
6029,TR176076,Cuore nerd,164626.0,17110.0,25.0,Warm Bangers,48,1611,1438,6007,6007,6029
6030,TR364567,Ribelle e basta,215453.0,8381.0,32.0,Hype,48,1615,266,6008,6008,6030
6031,TR752364,Il giorno e la notte,211200.0,9502.0,27.0,Fast-Flow,48,1611,1438,6009,6009,6031
6032,TR798937,Mainstream (La scala sociale del Rap),206280.0,8363.0,23.0,Warm Bangers,48,1617,32,1337,1337,6032
6033,TR143905,La Mia Hit,212640.0,9229.0,44.0,Hype,48,1617,398,6010,6010,6033
6034,TR554388,Musica del cazzo,214626.0,6628.0,28.0,Hype,48,1611,1438,6011,6011,6034
6035,TR378317,L’Italia per me,207333.0,7542.0,28.0,Slow Dark,48,1611,1438,6012,6012,6035
6036,TR120848,Pericoloso,220146.0,5719.0,33.0,Warm Bangers,48,1617,32,6013,6013,6036
6037,TR464994,Milano intorno,196093.0,6573.0,28.0,Fast-Flow,48,1611,1438,6014,6014,6037
6038,TR970312,Immorale,227893.0,6912.0,41.0,Minimal,48,1618,1440,6015,6015,6038
6039,TR414313,Ti amo o ti ammazzo,219253.0,4998.0,40.0,Minimal,48,1618,1441,6016,6016,6039
6040,TR577744,Salsa,195750.0,6679.0,46.0,Melodic,48,1619,583,6017,6017,6040
6041,TR553159,Deca Dance,189293.0,5976.0,37.0,Minimal,48,1618,953,6018,6018,6041
6042,TR480894,Timberland Pro,231999.0,4629.0,22.0,Hype,48,1620,1442,6019,6019,6042
6043,TR961166,Piccoli per sempre,240600.0,4939.0,41.0,Minimal,48,1618,1443,6020,6020,6043
6044,TR584668,Allergia,229973.0,4333.0,22.0,Warm Bangers,48,1611,1438,6021,6021,6044
6045,TR391745,"Quando piove, diluvia",222586.0,5416.0,22.0,Fast-Flow,48,1617,32,6022,6022,6045
6046,TR353830,Beretta,211386.0,5535.0,32.0,Hype,48,1617,32,6023,6023,6046
6047,TR773681,Tutto il mondo è periferia,201306.0,4224.0,24.0,Hype,48,1611,1438,6024,6024,6047
6048,TR374298,Per sempre nell’83,197173.0,5026.0,35.0,Hype,48,1617,32,6025,6025,6048
6049,TR426875,Supercalifragili,170133.0,5646.0,40.0,Slow Dark,48,1617,32,6026,6026,6049
6050,TR636125,Devi morire,253106.0,5889.0,19.0,Fast-Flow,48,1613,1074,6027,6027,6050
6051,TR922941,S.N.O.B Reloaded,237727.0,5044.0,0.0,Hype,48,1621,345,6028,6028,6051
6052,TR469990,Anni luce,197533.0,5917.0,21.0,Fast-Flow,48,1611,1438,6029,6029,6052
6053,TR822952,Reale,173266.0,5087.0,57.0,Hype,48,1617,32,6030,6030,6053
6054,TR693617,Caramelle,218413.0,4804.0,42.0,Slow Dark,48,1615,266,6031,6031,6054
6055,TR560531,Redneck,218880.0,5713.0,22.0,Hype,48,1617,32,6032,6032,6055
6056,TR502516,Il kaos è chiuso,243213.0,5000.0,13.0,Fast-Flow,48,1613,1074,6033,6033,6056
6057,TR168300,L’uomo col cappello,223106.0,4959.0,35.0,Fast-Flow,48,1615,266,6034,6034,6057
6058,TR207909,Tua mamma,222226.0,4996.0,34.0,Hype,48,1622,1444,6035,6035,6058
6059,TR549559,Cristoforo Colombo,208253.0,5710.0,22.0,Fast-Flow,48,1617,32,6036,6036,6059
6060,TR982740,Hai rotto il catso,207933.0,5682.0,32.0,Fast-Flow,48,1615,266,6037,6037,6060
6061,TR879099,Bimbiminkia4life,225093.0,4822.0,31.0,Hype,48,1615,266,6038,6038,6061
6062,TR425348,Santoro e peyote,223706.0,4681.0,27.0,Hype,48,1615,266,6039,6039,6062
6063,TR894632,Perdere la testa,224706.0,4997.0,14.0,Slow Dark,48,1613,1074,6040,6040,6063
6064,TR915899,Old skull,218773.0,5163.0,30.0,Hype,48,1615,266,6041,6041,6064
6065,TR270782,Sopra la media,217573.0,4491.0,31.0,Fast-Flow,48,1615,266,6042,6042,6065
6066,TR143196,Meglio prima,229160.0,5605.0,29.0,Hype,48,1618,1445,6043,6043,6066
6067,TR575166,A me mi,186453.0,4987.0,16.0,Fast-Flow,48,1623,32,6044,6044,6067
6068,TR469800,Ancora in piedi,244960.0,4681.0,31.0,Fast-Flow,48,1624,1446,6045,6045,6068
6069,TR321082,Pieno di stronzi,244760.0,4225.0,21.0,Hype,48,1611,1438,6046,6046,6069
6070,TR875453,Una voglia assurda,174646.0,4491.0,37.0,Melodic,48,1617,5,6047,6047,6070
6071,TR843425,Miss & Mr. Hyde,387533.0,5917.0,4.0,Hype,48,1625,266,6048,6048,6071
6072,TR527355,Via di qua,207333.0,4624.0,36.0,Slow Dark,48,1617,518,6049,6049,6072
6073,TR490261,Siamesi,209613.0,4349.0,19.0,Fast-Flow,48,1617,32,6050,6050,6073
6074,TR504773,Cuore a lato,203146.0,4936.0,19.0,Slow Dark,48,1617,32,6051,6051,6074
6075,TR291052,The Pub Song,241906.0,4628.0,33.0,Hype,48,1615,266,6052,6052,6075
6076,TR998017,Uno di quei giorni,207653.0,4084.0,38.0,Hype,48,1615,227,6053,6053,6076
6077,TR618565,Rap ’n’ Roll,217093.0,4662.0,25.0,Hype,48,1626,1447,6054,6054,6077
6078,TR588795,Fiesta!,177866.0,5103.0,23.0,Hype,48,1617,32,6055,6055,6078
6079,TR158111,Sarò scemo,158093.0,5117.0,16.0,Minimal,48,1617,32,6056,6056,6079
6080,TR107206,Il terzo spritz,171506.0,4727.0,25.0,Hype,48,1617,32,6057,6057,6080
6081,TR674308,Sono un Fan,166253.0,4909.0,35.0,Fast-Flow,48,1627,1448,6058,6058,6081
6082,TR298833,Dentro me,245866.0,5950.0,26.0,Fast-Flow,48,1624,1446,6059,6059,6082
6083,TR150403,S.N.O.B.,229600.0,4769.0,30.0,Slow Dark,48,1622,1444,6060,6060,6083
6084,TR494478,+ Stile,208173.0,4530.0,29.0,Minimal,48,1626,1449,6061,6061,6084
6085,TR887531,Maria Salvador (Video Version),230933.0,4502.0,26.0,Hype,48,1628,560,6062,6062,6085
6086,TR316223,Amo l’Odio,189013.0,4928.0,21.0,Warm Bangers,48,1627,1448,6063,6063,6086
6087,TR713207,Un altro viaggio,254080.0,5534.0,24.0,Fast-Flow,48,1615,266,6064,6064,6087
6088,TR127219,I love my bike,250013.0,4426.0,26.0,Fast-Flow,48,1618,1446,6065,6065,6088
6089,TR188463,Tutto o niente,238693.0,5435.0,25.0,Fast-Flow,48,1615,266,6066,6066,6089
6090,TR394547,La tangenziale,212173.0,4055.0,25.0,Hype,48,1615,266,6067,6067,6090
6091,TR983311,Un Tera di Felicità,206866.0,4852.0,21.0,Slow Dark,48,1627,1448,6068,6068,6091
6092,TR868553,Tifo Italia,204026.0,5568.0,21.0,Fast-Flow,48,1627,1448,6069,6069,6092
6093,TR493109,Musica da rabbia,220586.0,4693.0,22.0,Clean,48,1624,1446,6070,6070,6093
6094,TR549768,Buonanotte Italia,207133.0,5143.0,32.0,Hype,48,1622,1444,6071,6071,6094
6095,TR557283,Vecchia scuola,198000.0,4424.0,22.0,Hype,48,1626,1440,6072,6072,6095
6096,TR709887,Rock city,217493.0,5501.0,25.0,Hype,48,1615,266,6073,6073,6096
6097,TR742052,Domenica Da Coma,166640.0,4118.0,31.0,Hype,48,1618,323,6074,6074,6097
6098,TR981955,I Vecchietti fanno o,245653.0,5723.0,24.0,Minimal,48,1618,1450,6075,6075,6098
6099,TR880632,Tre paperelle,230960.0,4411.0,23.0,Slow Dark,48,1626,889,6076,6076,6099
6100,TR277849,I Film di Truffaut,164786.0,5764.0,19.0,Hype,48,1627,1448,6077,6077,6100
6101,TR608620,Il commercialista,217293.0,4721.0,24.0,Hype,48,1626,1440,6078,6078,6101
6102,TR505614,Di sana pianta,229026.0,5463.0,32.0,Hype,48,1622,1444,6079,6079,6102
6103,TR654606,Come io comanda,233520.0,4654.0,22.0,Slow Dark,48,1629,352,6080,6080,6103
6104,TR812094,Sei sicura,241333.0,5829.0,31.0,Fast-Flow,48,1622,1444,6081,6081,6104
6105,TR503165,Io non te lo do,220093.0,4267.0,13.0,Fast-Flow,48,1629,1447,6082,6082,6105
6106,TR637360,Intro (Multiplatinum Edition Version),301500.0,4370.0,21.0,Minimal,48,1630,344,6083,6083,6106
6107,TR137448,Questi ragazzini,211986.0,5001.0,17.0,Hype,48,1624,1446,6084,6084,6107
6108,TR188994,Stronzy,149320.0,4175.0,17.0,Fast-Flow,48,1627,1448,6085,6085,6108
6109,TR494136,Voglio La Mamma,165680.0,4405.0,18.0,Hype,48,1627,87,6086,6086,6109
6110,TR927094,Reci-divo,243520.0,5906.0,25.0,Fast-Flow,48,1624,1446,6087,6087,6110
6111,TR294102,Tutta scena,218546.0,5970.0,27.0,Hype,48,1624,1446,6088,6088,6111
6112,TR986733,Altra vita,174133.0,4767.0,28.0,Slow Dark,48,1624,1446,6089,6089,6112
6113,TR184425,Che Classe,211200.0,5864.0,18.0,Fast-Flow,48,1627,1448,6090,6090,6113
6114,TR894140,Sono di moda,182866.0,5105.0,26.0,Hype,48,1615,266,6091,6091,6114
6115,TR385695,Se mi sposo,221586.0,4553.0,23.0,Hype,48,1622,1444,6092,6092,6115
6116,TR996272,Canzone Country,189600.0,5421.0,19.0,Hype,48,1627,1448,6093,6093,6116
6117,TR796768,Come Willy l’orbo,202866.0,5335.0,25.0,Hype,48,1631,1440,6094,6094,6117
6118,TR110708,Generazione zero,227927.0,5997.0,23.0,Hype,48,1622,1444,6095,6095,6118
6119,TR819937,Nati così,245080.0,4544.0,24.0,Hype,48,1615,266,6096,6096,6119
6120,TR779402,Aqua nella scquola,231013.0,5361.0,26.0,Hype,48,1622,1444,6097,6097,6120
6121,TR184414,Come un sasso,222173.0,4117.0,19.0,Fast-Flow,48,1618,1440,6098,6098,6121
6122,TR528626,Fabrizio fa brutto,148680.0,4239.0,19.0,Hype,48,1622,1444,6099,6099,6122
6123,TR877056,Anni amari,234640.0,4020.0,17.0,Minimal,48,1626,1440,6100,6100,6123
6124,TR286786,Il mostro sei tu!,256253.0,6018.0,17.0,Slow Dark,48,1624,1446,6101,6101,6124
6125,TR661827,Vendesi idolo,223600.0,5623.0,18.0,Hype,48,1631,1440,6102,6102,6125
6126,TR836535,Mi rifiuto,221293.0,5592.0,19.0,Hype,48,1629,1447,6103,6103,6126
6127,TR968707,I Love Paranoia,191777.0,5035.0,19.0,Hype,48,1631,1440,6104,6104,6127
6128,TR909654,Da Milano a Pizzo,231933.0,4614.0,13.0,Fast-Flow,48,1624,1446,6105,6105,6128
6129,TR423201,Signora,260333.0,4315.0,17.0,Minimal,48,1629,352,6106,6106,6129
6130,TR271480,Aumentaci le dosi,233613.0,4583.0,19.0,Hype,48,1629,1447,6107,6107,6130
6131,TR302427,Le chiavi di casa,224173.0,4767.0,22.0,Hype,48,1622,1444,6108,6108,6131
6132,TR861449,Per una volta,207440.0,5531.0,22.0,Hype,48,1624,1446,6109,6109,6132
6133,TR397832,In mezzo,263266.0,5094.0,14.0,Fast-Flow,48,1629,889,6110,6110,6133
6134,TR119184,(La notte) vale tutto,229466.0,4166.0,16.0,Warm Bangers,48,1624,1446,6111,6111,6134
6135,TR867809,Escono i pazzi,205333.0,4048.0,20.0,Hype,48,1622,1444,6112,6112,6135
6136,TR615292,Fumo ancora,283573.0,4218.0,13.0,Slow Dark,48,1632,1451,6113,6113,6136
6137,TR682467,Farlo con te (strappamutande),210840.0,4836.0,22.0,Warm Bangers,48,1624,1446,6114,6114,6137
6138,TR323581,Invidia del Peneguzzi,314466.0,5883.0,21.0,Hype,48,1633,76,6115,6115,6138
6139,TR364833,Freedrink,207640.0,5292.0,16.0,Hype,48,1629,889,6116,6116,6139
6140,TR280663,I bei tempi,210613.0,5621.0,15.0,Hype,48,1631,1440,6117,6117,6140
6141,TR794147,’na-Bomba,228373.0,4948.0,14.0,Hype,48,1624,1446,6118,6118,6141
6142,TR460681,Quanti anni,202986.0,4738.0,18.0,Hype,48,1622,1444,6119,6119,6142
6143,TR613105,Cinderella Snapped,203026.0,4228.0,54.0,Fast-Flow,48,1628,1452,6120,6120,6143
6144,TR665206,I gelati sono buoni,202640.0,5769.0,9.0,Minimal,48,1626,243,6121,6121,6144
6145,TR151280,Italianimal,245893.0,5583.0,17.0,Hype,48,1624,1446,6122,6122,6145
6146,TR610686,Mio figlio sarà un mostro,144995.0,4350.0,17.0,Hype,48,1622,1444,6123,6123,6146
6147,TR781796,Brillo ma da lucido,205253.0,5040.0,14.0,Fast-Flow,48,1632,1453,6124,6124,6147
6148,TR544426,Sei un grande,178680.0,4989.0,16.0,Fast-Flow,48,1622,1444,6125,6125,6148
6149,TR103788,Limonare al Multisala,251133.0,5266.0,47.0,Minimal,48,1634,1454,6126,6126,6149
6150,TR758202,Uno di noi,91746.0,5911.0,7.0,Slow Dark,48,1632,1451,6127,6127,6150
6151,TR494627,Io non sono partito,224757.0,5175.0,6.0,Hype,48,1635,1455,6128,6128,6151
6152,TR776802,La Tangenziale (Multiplatinum Edition Version),214480.0,5096.0,14.0,Hype,48,1615,683,6129,6129,6152
6153,TR402670,L’uomo col cappello (Multiplatinum Edition Version),234266.0,4113.0,11.0,Fast-Flow,48,1613,1456,6130,6130,6153
6154,TR373628,Nati così (Multiplatinum Edition Version),225866.0,4139.0,61.0,Hype,48,1611,344,6131,6131,6154
6155,TR307456,Rare tracce,173773.0,4388.0,5.0,Hype,48,1632,1451,6132,6132,6155
6156,TR680749,Covid freestyle - Jax,203026.0,4077.0,54.0,Fast-Flow,48,1628,1087,6133,6133,6156
6157,TR982209,Papercuts,203026.0,5503.0,54.0,Fast-Flow,48,1628,926,6134,6134,6157
6158,TR322403,Duedipicche - Dogozilla Rmx,187346.0,5464.0,8.0,Hype,48,1626,1397,6135,6135,6158
6159,TR242160,You’re the Reason,215280.0,4284.0,12.0,Clean,48,1636,1457,6136,6136,6159
6160,TR240272,Focused,417360.0,5685.0,0.0,Fast-Flow,48,1637,686,6137,6137,6160
6161,TR742710,Knockout,248816.0,4321.0,0.0,Minimal,48,1638,1231,6138,6138,6161
6162,TR990125,Ottima Scusa,198520.0,60539.0,54.0,Minimal,102,1639,384,6139,6139,6162
6163,TR286718,Che Bella Giornata,237578.0,45635.0,50.0,Slow Dark,102,1640,344,6140,6140,6163
6164,TR554331,Willie Pooh,221503.0,41631.0,48.0,Slow Dark,102,1640,344,6141,6141,6164
6165,TR499274,Le Chiavi In Borsa,168786.0,39285.0,55.0,Minimal,102,1639,1058,6142,6142,6165
6166,TR401313,La tua futura ex moglie,277413.0,43178.0,53.0,Slow Dark,102,1641,278,6143,6143,6166
6167,TR898409,C’era Una Vodka,286818.0,37610.0,49.0,Slow Dark,102,1640,344,6144,6144,6167
6168,TR487479,Mai Dire Mai (La Locura),208664.0,45021.0,49.0,Fast-Flow,102,1642,1458,6145,6145,6168
6169,TR295553,E Allora Ciao,193213.0,29538.0,31.0,Fast-Flow,102,1640,344,6146,6146,6169
6170,TR550675,I Cani,223146.0,27265.0,41.0,Slow Dark,102,1639,169,6147,6147,6170
6171,TR950685,L’Outfit Giusto,200822.0,24824.0,41.0,Slow Dark,102,1640,560,6148,6148,6171
6172,TR396917,C’Hai Ragione Tu,208880.0,31085.0,38.0,Melodic,102,1639,1058,6149,6149,6172
6173,TR674908,Peyote 451 (L’eccezione),199829.0,23583.0,32.0,Minimal,102,1640,39,6150,6150,6173
6174,TR690663,Truman Show,245416.0,29685.0,30.0,Fast-Flow,102,1640,344,6151,6151,6174
6175,TR468170,Io non sono razzista ma...,196626.0,25098.0,50.0,Minimal,102,1640,344,6152,6152,6175
6176,TR494775,Portapalazzo,210333.0,24824.0,44.0,Minimal,102,1639,1058,6153,6153,6176
6177,TR316825,Giudizio Sommario,224538.0,21612.0,31.0,Melodic,102,1640,344,6154,6154,6177
6178,TR824661,Metti Che Domani,194053.0,18168.0,45.0,Warm Bangers,102,1639,1058,6155,6155,6178
6179,TR706525,Giusto La Metà Di Me,252320.0,17267.0,32.0,Fast-Flow,102,1639,1058,6156,6156,6179
6180,TR536847,Vendesi,193253.0,17768.0,40.0,Fast-Flow,102,1639,1058,6157,6157,6180
6181,TR633770,Dettagli,210611.0,19232.0,25.0,Slow Dark,102,1643,1459,6158,6158,6181
6182,TR448988,Mango,221506.0,15976.0,33.0,Fast-Flow,102,1641,1460,6159,6159,6182
6183,TR451402,Grazie ma no grazie,205649.0,15106.0,62.0,Slow Dark,102,1644,707,6160,6160,6183
6184,TR249616,Quando nessuno ti vede,222280.0,20512.0,43.0,Hype,102,1641,646,6161,6161,6184
6185,TR248531,In teoria,183685.0,13612.0,93.0,Minimal,102,1645,345,6162,6162,6185
6186,TR844214,Interludio (L’Avvelenata),197668.0,18730.0,39.0,Melodic,102,1646,344,2418,2418,6186
6187,TR129183,Il Gioco Delle Parti,167240.0,18389.0,34.0,Warm Bangers,102,1639,1058,6163,6163,6187
6188,TR321956,Mostro,196466.0,15130.0,30.0,Hype,102,1641,646,6164,6164,6188
6189,TR166344,Donna Bisestile,208173.0,13269.0,32.0,Fast-Flow,102,1639,1058,6165,6165,6189
6190,TR845768,Giorgia nel Paese che si meraviglia,168893.0,12158.0,43.0,Fast-Flow,102,1642,1461,6166,6166,6190
6191,TR550678,Avanvera,158000.0,14590.0,30.0,Melodic,102,1639,1058,6167,6167,6191
6192,TR971871,Le ragazze del Peyote Ugly,206511.0,14255.0,26.0,Melodic,102,1643,1459,6168,6168,6192
6193,TR292453,Oscar Carogna,154104.0,14496.0,29.0,Melodic,102,1643,1462,6169,6169,6193
6194,TR687250,Etichette,136778.0,14200.0,29.0,Slow Dark,102,1640,344,6170,6170,6194
6195,TR358362,Semaforo,208493.0,12982.0,51.0,Slow Dark,102,1641,646,6171,6171,6195
6196,TR720799,Vilipendio,164066.0,9589.0,32.0,Slow Dark,102,1639,1058,6172,6172,6196
6197,TR837091,Nessuno è il mio Signore,277594.0,9940.0,30.0,Slow Dark,102,1640,344,6173,6173,6197
6198,TR230483,L’una di notte,164470.0,11973.0,27.0,Fast-Flow,102,1643,1459,6174,6174,6198
6199,TR446461,La depressione è un periodo dell’anno,217344.0,9138.0,26.0,Fast-Flow,102,1647,1073,6175,6175,6199
6200,TR760372,1312,149834.0,8329.0,30.0,Hype,102,1643,1459,6176,6176,6200
6201,TR803887,Sempre lo stesso film,172520.0,10574.0,33.0,Slow Dark,102,1648,790,6177,6177,6201
6202,TR757742,La Scelta Sbagliata,233050.0,9227.0,30.0,Slow Dark,102,1640,344,6178,6178,6202
6203,TR394599,La Dittatura dei Nonfumatori,162148.0,10996.0,38.0,Melodic,102,1640,34,6179,6179,6203
6204,TR221845,TmVB,214153.0,9960.0,27.0,Fast-Flow,102,1643,1459,6180,6180,6204
6205,TR248450,Miseri,241306.0,7568.0,30.0,Slow Dark,102,1641,646,6181,6181,6205
6206,TR781101,7 Miliardi,58640.0,9975.0,24.0,Minimal,102,1639,1058,6182,6182,6206
6207,TR132199,Fare schifo,195786.0,7520.0,37.0,Slow Dark,102,1648,174,6183,6183,6207
6208,TR765807,Glik,133209.0,7633.0,28.0,Melodic,102,1643,1463,6184,6184,6208
6209,TR879254,Friggi le polpette nella merda (Cit.),160801.0,7794.0,23.0,Melodic,102,1643,1459,6185,6185,6209
6210,TR478181,Turismi,197862.0,6553.0,23.0,Fast-Flow,102,1643,1459,6186,6186,6210
6211,TR168292,Il bombarolo,218920.0,7648.0,37.0,Slow Dark,102,1649,1464,6187,6187,6211
6212,TR552477,L’effetto sbagliato,176812.0,6365.0,29.0,Warm Bangers,102,1650,1465,6188,6188,6212
6213,TR665995,Glory Hole,161400.0,6995.0,22.0,Hype,102,1643,1459,6189,6189,6213
6214,TR837557,Catalogo,164280.0,6709.0,34.0,Warm Bangers,102,1641,646,6190,6190,6214
6215,TR931163,Frecciarossa,197256.0,6698.0,36.0,Slow Dark,102,1651,1225,6191,6191,6215
6216,TR648554,Cattività,200826.0,6760.0,28.0,Slow Dark,102,1641,646,6192,6192,6216
6217,TR241565,Dj & Call Center,192000.0,5024.0,27.0,Slow Dark,102,1643,1459,6193,6193,6217
6218,TR332741,Io Non Sono Uguale,171773.0,5217.0,11.0,Slow Dark,102,1652,1466,6194,6194,6218
6219,TR794431,Robespierre,186493.0,4917.0,38.0,Fast-Flow,102,1648,790,6195,6195,6219
6220,TR980283,Don’t panic,218064.0,4337.0,21.0,Hype,102,1643,1459,6196,6196,6220
6221,TR316443,Sulla riva del fiume,205649.0,5612.0,58.0,Warm Bangers,102,1642,466,6197,6197,6221
6222,TR435194,Che peccato,192720.0,5430.0,26.0,Fast-Flow,102,1641,646,6198,6198,6222
6223,TR321227,UFO,135720.0,4393.0,33.0,Melodic,102,1648,790,6199,6199,6223
6224,TR307322,Fresh,144466.0,4746.0,21.0,Melodic,102,1643,1459,6200,6200,6224
6225,TR849294,Vecchio Ho Fatto Un Sogno,106181.0,4222.0,26.0,Minimal,102,1640,344,6201,6201,6225
6226,TR130080,La colpa al vento,229333.0,5273.0,41.0,Slow Dark,102,1648,1467,6202,6202,6226
6227,TR493265,Vado Fuori Di Testa,225256.0,4256.0,17.0,Warm Bangers,102,1653,1207,6203,6203,6227
6228,TR725738,Algoritmo,178928.0,5989.0,30.0,Hype,102,1654,818,6204,6204,6228
6229,TR191523,Cpt. Futuro Freestyle,126451.0,5576.0,18.0,Melodic,102,1643,1459,6205,6205,6229
6230,TR386060,Cosa te ne fai,200053.0,4795.0,36.0,Slow Dark,102,1642,466,6206,6206,6230
6231,TR646632,Brucia La Città (Mai Stato Di Compagnia),211043.0,5172.0,3.0,Warm Bangers,102,1655,1420,6207,6207,6231
6232,TR263611,Il furto della passione,185466.0,5840.0,27.0,Slow Dark,102,1648,790,6208,6208,6232
6233,TR252408,All you can hit,183973.0,5122.0,25.0,Warm Bangers,102,1648,790,6209,6209,6233
6234,TR343867,Ogni giorno alle 18,176000.0,4360.0,78.0,Fast-Flow,102,1656,440,6210,6210,6234
6235,TR960529,Polvere,205924.0,4771.0,39.0,Slow Dark,102,1642,828,6211,6211,6235
6236,TR984362,Piani,228133.0,5703.0,36.0,Slow Dark,102,1642,466,6212,6212,6236
6237,TR997608,I soldi non esistono,182186.0,5303.0,27.0,Warm Bangers,102,1648,790,6213,6213,6237
6238,TR813383,Buon auspicio,207495.0,5316.0,35.0,Slow Dark,102,1642,466,6214,6214,6238
6239,TR202560,Chissà,179728.0,5749.0,45.0,Slow Dark,102,1642,396,6215,6215,6239
6240,TR737190,Sondaggio,197668.0,5805.0,39.0,Hype,102,1646,1466,6216,6216,6240
6241,TR546224,Carne Da Campagna Elettorale,295160.0,5858.0,44.0,Slow Dark,102,1657,1468,6217,6217,6241
6242,TR785441,Introduzione,197668.0,4202.0,39.0,Fast-Flow,102,1646,1420,6218,6218,6242
6243,TR176466,NEXT,193184.0,5103.0,60.0,Hype,102,1658,92,6219,6219,6243
6244,TR925519,Intro,104045.0,5495.0,27.0,Minimal,102,1646,646,6220,6220,6244
6245,TR457060,Diventare grandi,165826.0,5529.0,28.0,Slow Dark,102,1648,790,6221,6221,6245
6246,TR973104,A Me Del Rap,269373.0,5230.0,11.0,Hype,102,1659,1468,6222,6222,6246
6247,TR205901,Accanimento Terapeutico,210246.0,4346.0,19.0,Slow Dark,102,1660,1420,6223,6223,6247
6248,TR947267,Vai A Lavorare,269373.0,5611.0,11.0,Warm Bangers,102,1659,1207,6224,6224,6248
6249,TR480468,Incazzato Lo Stesso,197668.0,5456.0,39.0,Fast-Flow,102,1646,1420,6225,6225,6249
6250,TR492871,Prima,151466.0,4183.0,26.0,Slow Dark,102,1648,790,6226,6226,6250
6251,TR844277,Narciso,186944.0,4943.0,35.0,Slow Dark,102,1642,466,6227,6227,6251
6252,TR375900,Hikikomori,172760.0,4359.0,24.0,Slow Dark,102,1648,790,6228,6228,6252
6253,TR453610,Cowboy,216774.0,4688.0,31.0,Fast-Flow,102,1642,396,6229,6229,6253
6254,TR382547,La casa dei fantasmi,148093.0,4047.0,33.0,Fast-Flow,102,1648,790,6230,6230,6254
6255,TR379498,I (Really Don’t) Like,232493.0,4815.0,45.0,Hype,102,1661,1466,6231,6231,6255
6256,TR618875,Encefalogramma Piatto,197668.0,5116.0,39.0,Warm Bangers,102,1646,1468,6232,6232,6256
6257,TR505442,L’ultima lacrima,185060.0,5253.0,30.0,Slow Dark,102,1642,828,6233,6233,6257
6258,TR596146,La Stessa Domanda - Il Funerale,269373.0,5341.0,11.0,Slow Dark,102,1659,560,6234,6234,6258
6259,TR270756,Che notte!,176250.0,5689.0,24.0,Fast-Flow,102,1662,385,6235,6235,6259
6260,TR415067,Outroduzione,197668.0,4444.0,39.0,Slow Dark,102,1646,1207,6236,6236,6260
6261,TR445965,Se Insisti Cambierò,197668.0,4254.0,39.0,Warm Bangers,102,1646,1207,6237,6237,6261
6262,TR622278,Bloody Mary,161900.0,5720.0,32.0,Melodic,102,1663,186,6238,6238,6262
6263,TR927968,Picasso,187910.0,4326.0,34.0,Hype,102,1664,406,6239,6239,6263
6264,TR873859,Resto Fuori,192963.0,5966.0,12.0,Fast-Flow,102,1665,1468,6240,6240,6264
6265,TR746234,Prossimo Provino,192963.0,5703.0,12.0,Hype,102,1665,1420,6241,6241,6265
6266,TR508671,La legge di Murphy,187794.0,5015.0,29.0,Warm Bangers,102,1642,828,6242,6242,6266
6267,TR154083,"3,2,1",197668.0,5980.0,39.0,Minimal,102,1646,345,6243,6243,6267
6268,TR291698,Wake Up,263226.0,4209.0,37.0,Slow Dark,102,1666,1469,6244,6244,6268
6269,TR222045,Darling,197668.0,4619.0,39.0,Minimal,102,1646,367,6245,6245,6269
6270,TR443829,Un tempo piccolo,225982.0,5291.0,41.0,Fast-Flow,102,1642,1470,6246,6246,6270
6271,TR411528,Credo non ti interessi,266626.0,4715.0,21.0,Minimal,102,1667,345,6247,6247,6271
6272,TR135353,Tutto quel che so,192963.0,5875.0,12.0,Minimal,102,1665,345,6248,6248,6272
6273,TR307925,Non mi basta,266626.0,4143.0,21.0,Minimal,102,1667,345,6249,6249,6273
6274,TR332889,esse Type Beat,206841.0,5113.0,22.0,Minimal,102,1668,1471,6250,6250,6274
6275,TR186926,Curre Curre Guagliò,323360.0,8705.0,49.0,Melodic,1,1669,932,6251,6251,6275
6276,TR671689,Rigurgito Antifascista,354506.0,6996.0,47.0,Melodic,1,1669,1472,6252,6252,6276
6277,TR637166,O’ documento,267333.0,4524.0,42.0,Melodic,1,1669,1472,6253,6253,6277
6278,TR154604,Quello che,252760.0,4744.0,47.0,Minimal,1,1670,527,6254,6254,6278
6279,TR776534,Giovanotto documenti,213506.0,5705.0,44.0,Melodic,1,1671,691,6255,6255,6279
6280,TR835382,Tarantelle pé campà,208718.0,4403.0,39.0,Hype,1,1672,1473,6256,6256,6280
6281,TR122959,L’Anguilla,261533.0,5671.0,40.0,Minimal,1,1673,1474,6257,6257,6281
6282,TR273611,Corto circuito,314293.0,5140.0,37.0,Minimal,1,1670,527,6258,6258,6282
6283,TR874084,Ripetutamente,327826.0,5540.0,38.0,Melodic,1,1669,1472,6259,6259,6283
6284,TR495697,Sfumature,264826.0,5443.0,40.0,Minimal,1,1673,1474,6260,6260,6284
6285,TR902431,Napoli,248186.0,4427.0,32.0,Minimal,1,1671,1472,6261,6261,6285
6286,TR118930,Comanda la Gang,171340.0,5152.0,10.0,Warm Bangers,1,1674,1,6262,6262,6286
6287,TR484623,University of Secondigliano,221988.0,5753.0,33.0,Minimal,1,1672,1473,6263,6263,6287
6288,TR476154,Comuntwist,219306.0,4878.0,34.0,Warm Bangers,1,1673,1474,6264,6264,6288
6289,TR505978,Pagherete caro,405773.0,5950.0,17.0,Fast-Flow,1,1670,527,6265,6265,6289
6290,TR590616,Curre curre guagliò still running,260359.0,4921.0,40.0,Melodic,1,1671,691,6266,6266,6290
6291,TR662476,All’antimafia,287800.0,4299.0,27.0,Minimal,1,1673,1474,6267,6267,6291
6292,TR373531,Non c’è tempo,361266.0,4794.0,29.0,Minimal,1,1675,928,6268,6268,6292
6293,TR275698,Rappresaglia rap,267040.0,5921.0,24.0,Minimal,1,1669,1472,6269,6269,6293
6294,TR756066,Stop That Train,266973.0,4653.0,26.0,Minimal,1,1676,540,6270,6270,6294
6295,TR132585,Odio,252733.0,5754.0,31.0,Minimal,1,1669,1472,6271,6271,6295
6296,TR999155,Buongiorno,302346.0,5782.0,18.0,Slow Dark,1,1670,527,6272,6272,6296
6297,TR654595,Salario Garantito,369826.0,4714.0,14.0,Warm Bangers,1,1676,1044,6273,6273,6297
6298,TR344870,Rafaniello,350240.0,4178.0,13.0,Melodic,1,1676,1044,6274,6274,6298
6299,TR549200,Povera Vita Mia,318866.0,5465.0,28.0,Slow Dark,1,1673,1474,6275,6275,6299
6300,TR788046,Rigurgito (TV version),112293.0,4635.0,19.0,Melodic,1,1669,1472,6276,6276,6300
6301,TR699548,Tuttapposto,229266.0,5580.0,23.0,Melodic,1,1669,1472,6277,6277,6301
6302,TR339693,1-2-1992,117400.0,4897.0,18.0,Minimal,1,1669,1472,6278,6278,6302
6303,TR543679,Me siente?,255146.0,4986.0,29.0,Minimal,1,1670,527,6279,6279,6303
6304,TR319679,Vulesse,314146.0,5573.0,20.0,Fast-Flow,1,1670,527,6280,6280,6304
6305,TR611994,Cattivi Guagliuni,208718.0,4779.0,39.0,Fast-Flow,1,1672,1473,6281,6281,6305
6306,TR630673,Medley ragga,589773.0,4900.0,22.0,Melodic,1,1676,1475,6282,6282,6306
6307,TR931482,Nun c’à facc’ cchiù,84866.0,4764.0,18.0,Melodic,1,1669,1472,6283,6283,6307
6308,TR435889,Rappresaglia,267040.0,4748.0,24.0,Minimal,1,1669,1472,6284,6284,6308
6309,TR165809,Nero Su Bianco,203376.0,5067.0,11.0,Fast-Flow,1,1677,1476,6285,6285,6309
6310,TR823708,Sub,286226.0,5633.0,23.0,Melodic,1,1673,1474,6286,6286,6310
6311,TR909140,Focolaio,230720.0,4737.0,17.0,Minimal,1,1670,527,6287,6287,6311
6312,TR424648,Sient’ o fank,208146.0,5063.0,18.0,Melodic,1,1670,527,6288,6288,6312
6313,TR201996,Odio ancora,221093.0,5358.0,12.0,Hype,1,1671,691,6289,6289,6313
6314,TR966189,Yankee Go Home,370933.0,4551.0,17.0,Slow Dark,1,1673,1474,6290,6290,6314
6315,TR712268,El Pueblo Unido Jamás Será Vencido,244466.0,4570.0,30.0,Melodic,1,1673,1474,6291,6291,6315
6316,TR580997,Ripetuclemente,166920.0,5883.0,27.0,Warm Bangers,1,1671,886,6292,6292,6316
6317,TR174802,Esodo,43240.0,5461.0,17.0,Minimal,1,1669,1472,6293,6293,6317
6318,TR855568,Lettera al presidente,269120.0,5170.0,23.0,Slow Dark,1,1670,527,6294,6294,6318
6319,TR410734,Nell’era della confusione semiotica,283453.0,5311.0,23.0,Melodic,1,1670,527,6295,6295,6319
6320,TR930672,Era ’na vota,300253.0,4069.0,22.0,Fast-Flow,1,1670,527,6296,6296,6320
6321,TR138182,Salario Qawali,75266.0,5250.0,19.0,Minimal,1,1669,1472,6297,6297,6321
6322,TR674690,Napolinapolinapoli,248186.0,5034.0,32.0,Melodic,1,1671,691,6298,6298,6322
6323,TR539432,Fujakkà,310533.0,5105.0,21.0,Melodic,1,1675,928,6299,6299,6323
6324,TR537132,Italia spa,244558.0,4733.0,23.0,Warm Bangers,1,1672,1473,6300,6300,6324
6325,TR579199,Si tu,288933.0,4174.0,13.0,Minimal,1,1675,928,6301,6301,6325
6326,TR993661,La Scelta,336000.0,4399.0,15.0,Melodic,1,1673,1474,6302,6302,6326
6327,TR879122,Spara!,312026.0,5920.0,22.0,Minimal,1,1675,928,6303,6303,6327
6328,TR640245,Bon voyage,311293.0,4830.0,15.0,Fast-Flow,1,1670,527,6304,6304,6328
6329,TR845425,Amerika,323066.0,4947.0,12.0,Slow Dark,1,1676,540,6305,6305,6329
6330,TR387937,Stato di emergenza,248093.0,4119.0,14.0,Slow Dark,1,1671,691,6306,6306,6330
6331,TR350598,"Some Say This, Some Say That",264733.0,4085.0,17.0,Melodic,1,1673,1474,6307,6307,6331
6332,TR389594,Comincia adesso,241640.0,5449.0,19.0,Minimal,1,1673,1474,6308,6308,6332
6333,TR401736,Soggetti attivi,216066.0,5091.0,13.0,Melodic,1,1671,691,6309,6309,6333
6334,TR189615,Esplosione Imminente,327973.0,5033.0,18.0,Slow Dark,1,1673,1474,6310,6310,6334
6335,TR591470,"1234 (feat. Urban Snakes, Francesco Di Bella)",278802.0,4501.0,60.0,Fast-Flow,1,1678,691,6311,6311,6335
6336,TR696979,La gatta mammona (Piazza Fontata Version),229866.0,5504.0,17.0,Slow Dark,1,1675,928,6312,6312,6336
6337,TR116451,Senza ritornello,248973.0,4349.0,11.0,Melodic,1,1675,928,6313,6313,6337
6338,TR783484,A Una Donna,365693.0,4393.0,17.0,Clean,1,1673,1474,6314,6314,6338
6339,TR370609,Canto R’O Putatore,31973.0,4936.0,10.0,Minimal,1,1673,1474,6315,6315,6339
6340,TR649674,Pecchè,253493.0,4586.0,12.0,Minimal,1,1675,928,6316,6316,6340
6341,TR530579,Facendo la storia/Making history,327826.0,4508.0,38.0,Clean,1,1669,928,6317,6317,6341
6342,TR143443,Avrei voluto conoscervi,379066.0,5306.0,6.0,Minimal,1,1675,928,6318,6318,6342
6343,TR526297,Balla e piensa,243560.0,5316.0,20.0,Minimal,1,1675,928,6319,6319,6343
6344,TR258476,Yes Weekend,75337.0,5665.0,10.0,Minimal,1,1672,1477,6320,6320,6344
6345,TR519034,Canto pè dispietto,222354.0,4850.0,27.0,Hype,1,1672,1473,6321,6321,6345
6346,TR114315,Confusione Totale,259552.0,4158.0,9.0,Hype,1,1672,1473,6322,6322,6346
6347,TR569301,Morire tutti i giorni,253805.0,4560.0,11.0,Fast-Flow,1,1672,1473,6323,6323,6347
6348,TR942923,Resto umano,256888.0,5976.0,9.0,Fast-Flow,1,1672,1473,6324,6324,6348
6349,TR156562,La paranza di San precario,170501.0,5209.0,16.0,Slow Dark,1,1672,1473,6325,6325,6349
6350,TR163786,Antifa 2.0,272169.0,5435.0,21.0,Fast-Flow,1,1672,1473,6326,6326,6350
6351,TR575651,Vilipendio,272587.0,4027.0,12.0,Hype,1,1672,1473,6327,6327,6351
6352,TR857884,Quanto 6 Bella,237720.0,6256.0,43.0,Slow Dark,30,1679,1328,6328,6328,6352
6353,TR220195,Ripresentiamoci,179346.0,4087.0,21.0,Slow Dark,30,1680,252,6329,6329,6353
6354,TR888706,Click,197573.0,5154.0,36.0,Slow Dark,30,1679,1478,6330,6330,6354
6355,TR678582,Il Finale,204306.0,5857.0,13.0,Slow Dark,30,1680,561,6331,6331,6355
6356,TR537691,Siamo noi stessi,223600.0,5954.0,11.0,Slow Dark,30,1680,1286,6332,6332,6356
6357,TR865495,In Aria,199146.0,5096.0,30.0,Slow Dark,30,1679,1328,6333,6333,6357
6358,TR877710,Facciamo le 9,209607.0,4931.0,15.0,Slow Dark,30,1681,1479,6334,6334,6358
6359,TR335363,Ganja Chanel,222813.0,5908.0,26.0,Slow Dark,30,1679,1328,6335,6335,6359
6360,TR716125,Soli contro tutti,185626.0,5361.0,5.0,Fast-Flow,30,1680,252,6336,6336,6360
6361,TR708261,Vediamo come va,151266.0,4142.0,30.0,Minimal,30,1682,1480,6337,6337,6361
6362,TR775648,Perdono x la Promo,209160.0,4946.0,7.0,Fast-Flow,30,1683,1481,6338,6338,6362
6363,TR772056,Purple Haze,179346.0,4493.0,21.0,Slow Dark,30,1680,252,6339,6339,6363
6364,TR176812,I Giovani Non Sanno,178666.0,4953.0,4.0,Slow Dark,30,1684,128,6340,6340,6364
6365,TR719214,Sulla pelle,267093.0,4925.0,17.0,Fast-Flow,30,1682,1480,6341,6341,6365
6366,TR115763,Netflix,168893.0,5179.0,6.0,Hype,30,1680,252,6342,6342,6366
6367,TR499547,Quale Strada Prendere,182933.0,4728.0,3.0,Fast-Flow,30,1685,1482,6343,6343,6367
6368,TR644922,Patti chiari,175306.0,4342.0,6.0,Hype,30,1682,1480,6344,6344,6368
6369,TR397706,Marijuana,213600.0,5021.0,15.0,Slow Dark,30,1679,1328,6345,6345,6369
6370,TR486099,Scemo,177973.0,5678.0,13.0,Slow Dark,30,1680,252,6346,6346,6370
6371,TR726643,Dedicato A Te,173786.0,5342.0,6.0,Warm Bangers,30,1680,252,6347,6347,6371
6372,TR853797,Bella città,149893.0,4690.0,69.0,Warm Bangers,30,1686,1386,6348,6348,6372
6373,TR767501,Inna My Yard,232000.0,5888.0,56.0,Fast-Flow,30,1687,542,6349,6349,6373
6374,TR316680,Il Mio Mixtape,289280.0,5843.0,20.0,Hype,30,1679,1328,6350,6350,6374
6375,TR842980,Classe 85,208186.0,4431.0,7.0,Slow Dark,30,1680,252,6351,6351,6375
6376,TR330373,Da Baggio A Bali,179866.0,4091.0,6.0,Hype,30,1680,252,6352,6352,6376
6377,TR297551,Pazienza,184711.0,5501.0,58.0,Clean,30,1688,1386,6353,6353,6377
6378,TR212025,Soundboy,237720.0,5674.0,43.0,Minimal,30,1679,1328,6354,6354,6378
6379,TR545149,Lungo la strada,223746.0,5953.0,13.0,Slow Dark,30,1689,1386,6355,6355,6379
6380,TR959254,Inna MI City,152693.0,5797.0,7.0,Warm Bangers,30,1680,252,6356,6356,6380
6381,TR767515,L’amore dà l’amore toglie,219706.0,5215.0,4.0,Fast-Flow,30,1689,1386,6357,6357,6381
6382,TR421393,Dicono di me,143546.0,5074.0,8.0,Slow Dark,30,1679,1483,6358,6358,6382
6383,TR647831,Cosa farei cosa faresti,240426.0,4067.0,12.0,Warm Bangers,30,1689,1386,6359,6359,6383
6384,TR264115,Carpe diem,208586.0,4507.0,8.0,Slow Dark,30,1689,1386,6360,6360,6384
6385,TR144549,Karaoke,209626.0,4934.0,8.0,Slow Dark,30,1682,1484,6361,6361,6385
6386,TR427204,Sirena,210720.0,5273.0,8.0,Hype,30,1690,127,6362,6362,6386
6387,TR534375,Voglio Fare I $,259480.0,5131.0,19.0,Hype,30,1679,581,6363,6363,6387
6388,TR880812,Fresh flash,201845.0,5502.0,66.0,Clean,30,1691,1386,6364,6364,6388
6389,TR919646,Resta come sei,233626.0,4574.0,30.0,Hype,30,1692,1386,6365,6365,6389
6390,TR967808,Cover,177600.0,5145.0,7.0,Hype,30,1693,349,6366,6366,6390
6391,TR132681,Ganja music,196672.5,4189.0,32.0,Fast-Flow,30,583,1386,6367,6367,6391
6392,TR469586,Lontana da me,195280.0,4842.0,3.0,Fast-Flow,30,1689,1386,6368,6368,6392
6393,TR838832,Sto bene,226143.0,5516.0,8.0,Fast-Flow,30,1694,1485,6369,6369,6393
6394,TR524727,Spegni le luci,226906.0,5404.0,82.0,Fast-Flow,30,1695,581,6370,6370,6394
6395,TR700760,Open bar,217400.0,6001.0,9.0,Hype,30,1682,1480,6371,6371,6395
6396,TR267868,My Girl,258431.0,4570.0,88.0,Warm Bangers,30,1696,899,6372,6372,6396
6397,TR677692,Strade d’Estate,209786.0,5012.0,6.0,Slow Dark,30,1689,1386,6373,6373,6397
6398,TR710983,Disco d’oro,192098.0,4673.0,9.0,Fast-Flow,30,1697,686,6374,6374,6398
6399,TR122005,Snooki,154520.0,4894.0,2.0,Warm Bangers,30,1689,1386,6375,6375,6399
6400,TR242371,Ancora in piedi,208373.0,5732.0,5.0,Hype,30,1682,1480,6376,6376,6400
6401,TR791573,Mixa mixa,212106.0,5386.0,3.0,Hype,30,1689,1386,6377,6377,6401
6402,TR673204,Sole,134295.0,5782.0,52.0,Slow Dark,30,1698,899,6378,6378,6402
6403,TR496473,Milano City,172714.0,4422.0,69.0,Slow Dark,30,1699,581,6379,6379,6403
6404,TR405610,Muoviti!.,176986.0,5765.0,6.0,Hype,30,1682,886,6380,6380,6404
6405,TR520154,Non vogliono che canti,252640.0,4130.0,2.0,Fast-Flow,30,1689,1386,6381,6381,6405
6406,TR383581,Equilibrio,177721.0,5793.0,10.0,Fast-Flow,30,1700,581,6382,6382,6406
6407,TR481674,Inna Mi Yard,213600.0,4672.0,15.0,Fast-Flow,30,1679,1328,6383,6383,6407
6408,TR625444,Fai La Chat,192720.0,4643.0,9.0,Warm Bangers,30,1679,581,6384,6384,6408
6409,TR466503,Boomba,197573.0,5040.0,36.0,Warm Bangers,30,1679,1328,6385,6385,6409
6410,TR367993,Entics tetris,208773.0,5896.0,2.0,Warm Bangers,30,1689,1386,6386,6386,6410
6411,TR538687,Faccio Su,296986.0,4108.0,8.0,Fast-Flow,30,1679,581,6387,6387,6411
6412,TR633097,Baggio Killasound,237720.0,4718.0,43.0,Hype,30,1679,1328,6388,6388,6412
6413,TR686714,Matilda,213376.0,5732.0,43.0,Slow Dark,30,1701,223,6389,6389,6413
6414,TR608925,Vuoi Fare Un Giro,228786.0,4807.0,6.0,Fast-Flow,30,1679,581,6390,6390,6414
6415,TR143725,Come Si Fa,196720.0,4411.0,15.0,Fast-Flow,30,1682,1480,6391,6391,6415
6416,TR914393,In Un Secondo,238946.0,4866.0,9.0,Slow Dark,30,1679,581,6392,6392,6416
6417,TR814143,Quanti No,274626.0,4785.0,5.0,Warm Bangers,30,1679,581,6393,6393,6417
6418,TR749113,Pronti A Fare Jam,215733.0,5849.0,8.0,Hype,30,1679,581,6394,6394,6418
6419,TR149907,L’Uragano Matilda,213376.0,5542.0,43.0,Slow Dark,30,1701,223,6395,6395,6419
6420,TR200363,Wicked,320052.0,5026.0,49.0,Hype,30,1702,1486,6396,6396,6420
6421,TR932198,Telephone Call,200306.0,5997.0,6.0,Hype,30,1679,581,6397,6397,6421
6422,TR579531,Tagli,157500.0,4946.0,41.0,Slow Dark,30,1703,255,6398,6398,6422
6423,TR472272,Superman,175293.0,4129.0,46.0,Hype,30,1704,190,6399,6399,6423
6424,TR126640,Verso Nuovi Confini,299213.0,4539.0,3.0,Clean,30,1705,889,6400,6400,6424
6425,TR958953,Africa,231000.0,4887.0,36.0,Slow Dark,30,1706,833,6401,6401,6425
6426,TR907837,Parlo Di Ganja,215253.0,4326.0,6.0,Minimal,30,1707,677,6402,6402,6426
6427,TR981209,Yeah,197573.0,5915.0,36.0,Slow Dark,30,1679,1328,6403,6403,6427
6428,TR899178,Secondo Round,185806.0,5552.0,47.0,Minimal,30,1708,155,6404,6404,6428
6429,TR460697,Casa,198066.0,4551.0,60.0,Clean,30,1709,499,6405,6405,6429
6430,TR139928,Medicina,195234.0,5199.0,62.0,Clean,30,1710,68,6406,6406,6430
6431,TR448254,Ora,200973.0,5461.0,8.0,Clean,30,1711,1487,6407,6407,6431
6432,TR827930,Bomboclat Anthem,206380.0,5900.0,1.0,Clean,30,1712,889,6408,6408,6432
6433,TR426075,Hey Lady,217288.0,5779.0,0.0,Clean,30,1713,1488,6409,6409,6433
6434,TR317320,Chaka Anthem,147018.0,5044.0,10.0,Hype,30,1714,1027,6410,6410,6434
6435,TR646439,King Of The Bong,158426.0,5567.0,76.0,Fast-Flow,30,1715,1489,6411,6411,6435
6436,TR811890,Per Farti Muovere,181373.0,5138.0,64.0,Warm Bangers,30,1716,314,6412,6412,6436
6437,TR173843,I Still Love,162969.0,5121.0,69.0,Hype,30,1717,1490,6413,6413,6437
6438,TR824281,Acqua,213520.0,4242.0,58.0,Fast-Flow,30,1718,1491,6414,6414,6438
6439,TR567353,Stoofy,237720.0,4265.0,43.0,Slow Dark,30,1679,1328,6415,6415,6439
6440,TR995849,La Mia Guerra,380000.0,5075.0,23.0,Fast-Flow,30,1719,1138,6416,6416,6440
6441,TR617694,Cupid Freestyle (Amy R.I.P.),804511.0,4551.0,5.0,Slow Dark,30,1720,1492,6417,6417,6441
6442,TR485857,Qui Si Entra,240572.0,4055.0,68.0,Clean,30,1721,1493,6418,6418,6442
6443,TR915200,Non Ti Aspetto,225094.0,5462.0,15.0,Fast-Flow,30,1722,1494,6419,6419,6443
6444,TR172322,Piante Nel Box,188908.0,4077.0,13.0,Minimal,30,1723,1495,6420,6420,6444
6445,TR450552,Uptown Top Ranking,237526.0,5207.0,25.0,Slow Dark,30,1724,155,6421,6421,6445
6446,TR207161,High Grade,269146.0,5093.0,68.0,Fast-Flow,30,1725,1496,6422,6422,6446
6447,TR842651,Fuoco,204169.0,5956.0,62.0,Clean,30,1726,186,6423,6423,6447
6448,TR927810,Bling Bling,191999.0,4983.0,70.0,Slow Dark,30,1727,1250,6424,6424,6448
6449,TR970446,La Realtà,202146.0,4139.0,23.0,Clean,30,1728,899,6425,6425,6449
6450,TR245738,La Mia Vita,202146.0,5118.0,23.0,Fast-Flow,30,1728,899,6426,6426,6450
6451,TR290378,Entics Tv,208773.0,5700.0,2.0,Clean,30,1689,912,6427,6427,6451
6452,TR405937,Police,134112.0,6011.0,31.0,Fast-Flow,30,1729,981,6428,6428,6452
6453,TR104414,Legalizziamola,164066.0,4875.0,3.0,Warm Bangers,30,1682,1480,6429,6429,6453
6454,TR843223,Is A Messanjah,176000.0,4655.0,78.0,Clean,30,1730,316,6430,6430,6454
6455,TR221503,Plexiglass,220213.0,5830.0,53.0,Clean,30,1199,1497,6431,6431,6455
6456,TR104255,Facile,159466.0,4397.0,3.0,Hype,30,1682,1480,6432,6432,6456
6457,TR665858,Non Mi Sposti,223834.0,5247.0,79.0,Hype,30,1731,16,6433,6433,6457
6458,TR951489,Vado,199373.0,4826.0,2.0,Fast-Flow,30,1682,1480,6434,6434,6458
6459,TR790264,La rabbia non ti basta,189406.0,4713.0,47.0,Fast-Flow,10,1732,89,6435,6435,6459
6460,TR293872,Fa strano (Lady Marmalade),225913.0,4707.0,44.0,Hype,10,1733,849,6436,6436,6460
6461,TR203069,POF,168295.0,4543.0,21.0,Warm Bangers,10,1734,1076,6437,6437,6461
6462,TR914253,San Junipero,151652.0,5389.0,49.0,Hype,10,1735,274,6438,6438,6462
6463,TR342506,Chupa Chups,133937.0,5914.0,25.0,Warm Bangers,10,1734,1076,6439,6439,6463
6464,TR852300,Mamasutra,137256.0,4549.0,29.0,Hype,10,1733,424,6440,6440,6464
6465,TR754440,Bubble Gum (버블검),169218.0,5638.0,53.0,Fast-Flow,10,1736,241,6441,6441,6465
6466,TR583016,Touchdown,136730.0,4122.0,35.0,Warm Bangers,10,1733,424,6442,6442,6466
6467,TR152064,Next Big Thing,199221.0,5090.0,15.0,Hype,10,1734,1076,6443,6443,6467
6468,TR505262,Formato XXL,155857.0,4153.0,14.0,Hype,10,1737,1498,6444,6444,6468
6469,TR369326,Ragazzina,178593.0,5885.0,15.0,Slow Dark,10,1733,424,6445,6445,6469
6470,TR536244,Mami Daddy,150834.0,5547.0,17.0,Warm Bangers,10,1734,1076,6446,6446,6470
6471,TR870175,Cento occhi,144221.0,5330.0,33.0,Fast-Flow,10,1733,424,6447,6447,6471
6472,TR345666,Mama non mama,195238.0,5664.0,41.0,Hype,10,1738,424,6448,6448,6472
6473,TR439115,Ma che Hit,138500.0,5308.0,31.0,Warm Bangers,10,1739,103,6449,6449,6473
6474,TR455409,Fortissima Freestyle,123709.0,5955.0,20.0,Hype,10,1733,424,6450,6450,6474
6475,TR355116,Pollo Chicken,137875.0,5445.0,16.0,Hype,10,1734,1076,6451,6451,6475
6476,TR276597,Così Leggera,173683.0,5865.0,16.0,Fast-Flow,10,1740,51,6452,6452,6476
6477,TR134516,TooMuch,143377.0,5049.0,21.0,Hype,10,1741,839,6453,6453,6477
6478,TR830275,Bloody Mary,135512.0,4244.0,24.0,Warm Bangers,10,1742,83,6454,6454,6478
6479,TR230364,Dea,192625.0,5071.0,13.0,Hype,10,1733,424,6455,6455,6479
6480,TR326533,Sangue,189406.0,4265.0,44.0,Fast-Flow,10,1733,424,6456,6456,6480
6481,TR840430,Poker,161841.0,5201.0,16.0,Slow Dark,10,1734,1076,6457,6457,6481
6482,TR285498,Odi Et Amo,157137.0,4979.0,8.0,Hype,10,1734,1076,6458,6458,6482
6483,TR133646,Malocchio,180041.0,5260.0,16.0,Hype,10,1733,424,6459,6459,6483
6484,TR917724,Mayday,163982.0,4032.0,12.0,Hype,10,1743,518,6460,6460,6484
6485,TR669736,Veleno,260624.0,4401.0,8.0,Minimal,10,1733,424,6461,6461,6485
6486,TR647227,Amsa,54840.0,4995.0,11.0,Warm Bangers,10,1744,90,6462,6462,6486
6487,TR350783,Bomba a mano,200500.0,5918.0,10.0,Slow Dark,10,1733,424,6463,6463,6487
6488,TR543984,Note,158715.0,4781.0,7.0,Melodic,10,1734,1076,6464,6464,6488
6489,TR712632,Puro Sinaloa,227093.0,317420.0,45.0,Hype,31,1745,1499,6465,6465,6489
6490,TR951321,Bella,206510.0,282286.0,58.0,Melodic,31,1746,335,6466,6466,6490
6491,TR117975,Neve,192000.0,239007.0,46.0,Melodic,31,1747,1500,6467,6467,6491
6492,TR443738,Superclassico,172200.0,201770.0,65.0,Fast-Flow,31,1745,1499,6468,6468,6492
6493,TR319893,Phi,174000.0,176712.0,54.0,Warm Bangers,31,1748,1501,6469,6469,6493
6494,TR279570,Disgusting,159653.0,145937.0,41.0,Warm Bangers,31,1749,1502,6470,6470,6494
6495,TR107242,BUONANOTTE,220299.0,174407.0,46.0,Minimal,31,1750,1339,6471,6471,6495
6496,TR978882,Come Uccidere Un Usignolo,206510.0,123151.0,58.0,Minimal,31,1746,335,6472,6472,6496
6497,TR356357,Lei No (Il Tradito),222880.0,136106.0,43.0,Slow Dark,31,1749,1502,6473,6473,6497
6498,TR957838,Non Me Ne Frega Un Cazzo,209361.0,112656.0,48.0,Melodic,31,1745,1499,6474,6474,6498
6499,TR219464,Madonna,219415.0,120049.0,44.0,Fast-Flow,31,1746,472,6475,6475,6499
6500,TR757272,Morto Dentro,194526.0,142086.0,43.0,Hype,31,1745,1499,6476,6476,6500
6501,TR474559,U2,164409.0,107002.0,47.0,Warm Bangers,31,1745,1499,6477,6477,6501
6502,TR663909,Lewandowski IV,112868.0,96475.0,44.0,Hype,31,1747,1500,6478,6478,6502
6503,TR544186,MeryXSempre,229333.0,113836.0,48.0,Slow Dark,31,1745,1499,6479,6479,6503
6504,TR760616,Vivo,215142.0,90799.0,43.0,Warm Bangers,31,1745,1499,6480,6480,6504
6505,TR355503,Fuoriluogo,182608.0,92021.0,53.0,Slow Dark,31,1745,1499,6481,6481,6505
6506,TR869063,Fenomeno,242264.0,117334.0,40.0,Hype,31,1751,1503,6482,6482,6506
6507,TR597980,LEWANDOWSKI VIII (64 Bars),170742.0,114717.0,47.0,Melodic,31,1752,47,4296,4296,6507
6508,TR863750,Simba,199000.0,118489.0,48.0,Warm Bangers,31,1753,511,6483,6483,6508
6509,TR368873,QT,198181.0,115475.0,38.0,Melodic,31,1746,1504,6484,6484,6509
6510,TR441834,La Ballata Di Mario Rossi,188493.0,102468.0,37.0,Warm Bangers,31,1749,1502,6485,6485,6510
6511,TR849166,Ferma A Guardare,213542.0,77977.0,66.0,Fast-Flow,31,1745,1499,6486,6486,6511
6512,TR312465,Lewandowski VI,170742.0,105206.0,47.0,Warm Bangers,31,1752,1501,6487,6487,6512
6513,TR633578,Tosse (La fine),226946.0,105989.0,37.0,Minimal,31,1753,326,6488,6488,6513
6514,TR254973,Pensavo Di Ucciderti,191357.0,102585.0,43.0,Fast-Flow,31,1745,1499,6489,6489,6514
6515,TR308614,Paranoia mia,151000.0,89321.0,45.0,Warm Bangers,31,1753,326,6490,6490,6515
6516,TR628011,Gotham,178000.0,77811.0,46.0,Melodic,31,1746,335,6491,6491,6516
6517,TR981154,Tutto Bene,182068.0,94942.0,42.0,Slow Dark,31,1754,1505,6492,6492,6517
6518,TR930382,Certi giorni,194651.0,89604.0,52.0,Warm Bangers,31,1748,1506,6493,6493,6518
6519,TR755038,Lewandowski VII,170742.0,95576.0,47.0,Melodic,31,1752,583,6494,6494,6519
6520,TR231096,Pas Ta Fête,188680.0,67462.0,35.0,Warm Bangers,31,1749,1502,6495,6495,6520
6521,TR855735,EGO,203693.0,68661.0,35.0,Warm Bangers,31,1749,1436,6496,6496,6521
6522,TR241547,Cigni,171063.0,67576.0,40.0,Slow Dark,31,1745,1499,6497,6497,6522
6523,TR852083,Bro,136306.0,85152.0,41.0,Warm Bangers,31,1755,326,6498,6498,6523
6524,TR963657,Feeling,177368.0,65556.0,38.0,Slow Dark,31,1746,1507,6499,6499,6524
6525,TR933167,68,217000.0,61017.0,47.0,Warm Bangers,31,1753,326,6500,6500,6525
6526,TR611561,Instagram,134726.0,86434.0,37.0,Melodic,31,1747,1500,6501,6501,6526
6527,TR114142,Bugie,203200.0,57252.0,34.0,Warm Bangers,31,1745,1499,6502,6502,6527
6528,TR385492,Tradimento (Il Traditore),215960.0,79442.0,35.0,Fast-Flow,31,1749,1502,6503,6503,6528
6529,TR673336,QQQ,186184.0,63394.0,32.0,Melodic,31,1748,326,6504,6504,6529
6530,TR185142,Noia,212160.0,74700.0,36.0,Warm Bangers,31,1749,1502,6505,6505,6530
6531,TR149128,Domani,219000.0,63459.0,38.0,Slow Dark,31,1753,1508,6506,6506,6531
6532,TR909168,Un sasso nella scarpa,190153.0,71991.0,37.0,Melodic,31,1748,1501,6507,6507,6532
6533,TR708198,Ti ho perso,198065.0,67812.0,43.0,Warm Bangers,31,1748,1501,6508,6508,6533
6534,TR613997,King QT,168000.0,44155.0,31.0,Warm Bangers,31,1748,326,6509,6509,6534
6535,TR734509,BU!,220299.0,44466.0,46.0,Hype,31,1750,1339,6510,6510,6535
6536,TR452841,Amici,195918.0,46895.0,33.0,Melodic,31,1746,335,6511,6511,6536
6537,TR408650,Sigarette (L’inizio),251000.0,55153.0,35.0,Melodic,31,1753,326,6512,6512,6537
6538,TR978049,Ehy Boy,199805.0,57800.0,35.0,Melodic,31,1746,335,6513,6513,6538
6539,TR200712,ACQUA TONICA,182562.0,48956.0,57.0,Fast-Flow,31,1750,1339,6514,6514,6539
6540,TR475447,No Pussy,162000.0,51117.0,29.0,Warm Bangers,31,1748,326,6515,6515,6540
6541,TR522518,TUTTI HANNO PAURA,212424.0,42324.0,42.0,Warm Bangers,31,1750,1339,6516,6516,6541
6542,TR220820,Il Mondo chico,153133.0,52620.0,38.0,Melodic,31,1748,1501,6517,6517,6542
6543,TR839448,La paura,189569.0,55394.0,30.0,Warm Bangers,31,1753,326,6518,6518,6543
6544,TR143986,Un pazzo,156000.0,41138.0,32.0,Warm Bangers,31,1753,326,6519,6519,6544
6545,TR854046,COSÌ STUPIDI,194983.0,45214.0,43.0,Warm Bangers,31,1750,1339,6520,6520,6545
6546,TR427078,IL MIO NOME,198519.0,35811.0,50.0,Warm Bangers,31,1750,1339,6521,6521,6546
6547,TR213779,Santa Maria,160799.0,42515.0,33.0,Warm Bangers,31,1747,1500,6522,6522,6547
6548,TR339723,BELLA FREGATURA,174103.0,40616.0,52.0,Slow Dark,31,1750,1339,6523,6523,6548
6549,TR786918,LEWANDOWSKI X,170742.0,34216.0,47.0,Warm Bangers,31,1752,185,6524,6524,6549
6550,TR695168,CATTIVE INTENZIONI,168742.0,38007.0,41.0,Warm Bangers,31,1750,1339,6525,6525,6550
6551,TR412838,Scegliere Bene,175384.0,35195.0,42.0,Fast-Flow,31,1756,583,6526,6526,6551
6552,TR897725,L’IMPOSTORE,203586.0,34362.0,39.0,Warm Bangers,31,1750,1339,6527,6527,6552
6553,TR717072,Venere,183272.0,34544.0,32.0,Slow Dark,31,1757,1509,6528,6528,6553
6554,TR807380,La Prima Volta,173877.0,26757.0,41.0,Warm Bangers,31,1756,583,6529,6529,6554
6555,TR716540,NON HO SONNO,176715.0,35969.0,36.0,Warm Bangers,31,1750,1339,6530,6530,6555
6556,TR277754,Lewandowski II,206341.0,33543.0,43.0,Minimal,31,1750,1289,6531,6531,6556
6557,TR612776,SPLEEN,47986.0,27927.0,27.0,Minimal,31,1749,1502,6532,6532,6557
6558,TR898158,QUALCOSA CHE MANCA,177081.0,23367.0,43.0,Fast-Flow,31,1750,1339,6533,6533,6558
6559,TR534237,BASTAVA LA METÀ,195475.0,30299.0,40.0,Warm Bangers,31,1750,1339,6534,6534,6559
6560,TR577798,Mr Bamboo,154800.0,30334.0,33.0,Melodic,31,1748,1501,6535,6535,6560
6561,TR459388,Di Notte,224175.0,21224.0,53.0,Warm Bangers,31,1756,583,6536,6536,6561
6562,TR620438,ROSE & FIORI,175860.0,20718.0,37.0,Fast-Flow,31,1750,1339,6537,6537,6562
6563,TR223129,WEEKEND,175594.0,19034.0,37.0,Slow Dark,31,1750,1339,6538,6538,6563
6564,TR513868,Lewandowski IX (64 Bars),122424.0,19714.0,45.0,Melodic,31,1748,1510,6539,6539,6564
6565,TR200645,Dissing,192000.0,16119.0,30.0,Warm Bangers,31,1756,583,6540,6540,6565
6566,TR311495,Lewandowski V,170742.0,13994.0,47.0,Warm Bangers,31,1752,1511,6541,6541,6566
6567,TR617380,APRI,109466.0,13309.0,41.0,Hype,31,1758,218,6542,6542,6567
6568,TR191615,PARAFULMINI,208909.0,12173.0,61.0,Slow Dark,31,1750,406,6543,6543,6568
6569,TR991895,Vuoto,174000.0,9544.0,54.0,Melodic,31,1748,1249,6544,6544,6569
6570,TR207798,La Pelle del Puma,96716.0,9599.0,22.0,Warm Bangers,31,1759,128,6545,6545,6570
6571,TR442402,Lewandowski III,206341.0,10022.0,43.0,Melodic,31,1750,1512,6546,6546,6571
6572,TR105571,Lewandowski,170742.0,6287.0,47.0,Warm Bangers,31,1752,890,6547,6547,6572
6573,TR882891,Metal Detector,163333.0,4168.0,59.0,Warm Bangers,31,1760,890,6548,6548,6573
6574,TR830864,105 Mi Casa Mashup: Ernia con Phi su Hypnotize,170742.0,5778.0,47.0,Melodic,31,1752,1513,6549,6549,6574
6575,TR203437,Ragazzi Tristi,203693.0,4168.0,35.0,Warm Bangers,31,1749,890,6550,6550,6575
6576,TR733942,L’ultimo,206510.0,5432.0,58.0,Hype,31,1746,335,6551,6551,6576
6577,TR762429,Josip Broz,262739.0,5857.0,4.0,Warm Bangers,31,1761,890,6552,6552,6577
6578,TR959305,Una Volta Sola (Apple Music Home Session),249613.0,4555.0,58.0,Fast-Flow,31,1762,812,6553,6553,6578
6579,TR144595,New Generation Rap Boss Freestyle,198181.0,4753.0,38.0,Warm Bangers,31,1746,890,6554,6554,6579
6580,TR265588,In Apnea,162969.0,5154.0,69.0,Minimal,31,1763,886,6555,6555,6580
6581,TR478037,Beware,174000.0,5780.0,54.0,Slow Dark,31,1748,890,6556,6556,6581
6582,TR909790,Mondialpol,206510.0,5903.0,58.0,Hype,31,1746,890,6557,6557,6582
6583,TR880966,Fuoriluogo RMX,182608.0,5495.0,53.0,Minimal,31,1745,1514,6558,6558,6583
6584,TR532071,Spoiler 1*,202551.0,4184.0,8.0,Minimal,31,1764,1339,6559,6559,6584
6585,TR100995,Cos’è l’amore,209258.0,89776.0,44.0,Fast-Flow,26,1765,14,6560,6560,6585
6586,TR317133,Le leggende non muoiono mai,283626.0,58693.0,41.0,Minimal,26,1766,671,6561,6561,6586
6587,TR985889,BANDITO,156080.0,33965.0,47.0,Warm Bangers,26,1767,1515,6562,6562,6587
6588,TR700142,DESERT EAGLE,168640.0,24650.0,42.0,Fast-Flow,26,1767,1515,6563,6563,6588
6589,TR993382,GUERRIERO,165253.0,20881.0,37.0,Fast-Flow,26,1767,1515,6564,6564,6589
6590,TR693738,F.A.K.E.,172631.0,24914.0,31.0,Warm Bangers,26,1768,562,6565,6565,6590
6591,TR155170,SPACCATO,183093.0,21736.0,36.0,Hype,26,1769,1516,6566,6566,6591
6592,TR277380,BIG CHECKS,146933.0,20006.0,44.0,Hype,26,1767,1517,6567,6567,6592
6593,TR493612,DOGO GANG BANG,232293.0,18471.0,27.0,Warm Bangers,26,1767,1515,6568,6568,6593
6594,TR324875,KANDINSKY,168760.0,18872.0,34.0,Fast-Flow,26,1767,1515,6569,6569,6594
6595,TR934486,DIE YOUNG,165418.0,14935.0,43.0,Hype,26,1770,1518,6570,6570,6595
6596,TR731996,PICCOLO PRINCIPE,176493.0,11100.0,40.0,Fast-Flow,26,1767,1515,6571,6571,6596
6597,TR749184,L’ultimo giorno che ho,199093.0,9602.0,29.0,Hype,26,1766,1519,6572,6572,6597
6598,TR859439,Status Symbol,188955.0,8898.0,30.0,Slow Dark,26,1771,332,6573,6573,6598
6599,TR407617,PRIMA O POI,174933.0,10876.0,30.0,Warm Bangers,26,1767,1517,6574,6574,6599
6600,TR933203,Hikikomori,117637.0,7519.0,50.0,Warm Bangers,26,1772,1520,6575,6575,6600
6601,TR280868,BANLIEUE,150960.0,7279.0,32.0,Hype,26,1767,1515,6576,6576,6601
6602,TR850382,Perché posso,184240.0,7410.0,25.0,Hype,26,1766,338,6577,6577,6602
6603,TR404468,GIUNGLA,152560.0,5643.0,27.0,Fast-Flow,26,1767,1515,6578,6578,6603
6604,TR186349,Istinto Animale,149513.0,6427.0,48.0,Hype,26,1773,53,6579,6579,6604
6605,TR403982,Senza un domani,199160.0,5225.0,20.0,Clean,26,1766,338,6580,6580,6605
6606,TR721459,JACKPOT,220053.0,4339.0,26.0,Slow Dark,26,1767,1515,6581,6581,6606
6607,TR729121,LAURYN HILL,184490.0,4271.0,26.0,Slow Dark,26,1770,1518,6582,6582,6607
6608,TR346634,Sopranos,211373.0,5089.0,15.0,Hype,26,1766,1521,6583,6583,6608
6609,TR579802,FIUMI ROSÉ,217086.0,5890.0,32.0,Warm Bangers,26,1770,1522,6584,6584,6609
6610,TR394508,JULIAN ROSS,210562.0,4629.0,23.0,Hype,26,1770,1452,6585,6585,6610
6611,TR664116,Fuori luogo,214680.0,5756.0,17.0,Hype,26,1766,338,6586,6586,6611
6612,TR194734,La guerra dei poveri,187893.0,5545.0,26.0,Hype,26,1766,338,6587,6587,6612
6613,TR279799,Vinci o perdi,161840.0,4510.0,22.0,Hype,26,1766,338,6588,6588,6613
6614,TR468500,JINGLE BELL TRAP - Versione 1,124477.0,4083.0,12.0,Hype,26,1774,1523,6589,6589,6614
6615,TR404993,Ti piaccia o no,190570.0,4216.0,20.0,Warm Bangers,26,1771,332,6590,6590,6615
6616,TR130854,PIANO B,157989.0,5472.0,27.0,Hype,26,1770,1522,6591,6591,6616
6617,TR623082,Primo Carnera,219200.0,4413.0,11.0,Hype,26,1766,338,6592,6592,6617
6618,TR309605,Il resto del mondo,196626.0,4757.0,14.0,Hype,26,1766,338,6593,6593,6618
6619,TR943999,DRIN DRIN,151833.0,5018.0,27.0,Hype,26,1770,1522,6594,6594,6619
6620,TR822821,AMMÒ,153878.0,5468.0,27.0,Hype,26,1770,1452,6595,6595,6620
6621,TR224888,Non mi fido di questo sistema,222440.0,4239.0,10.0,Hype,26,1766,1524,6596,6596,6621
6622,TR621186,PELLE D’OCA,176485.0,4826.0,25.0,Slow Dark,26,1770,1452,4795,4795,6622
6623,TR178712,SOLA,147814.0,4984.0,22.0,Slow Dark,26,1770,1518,6597,6597,6623
6624,TR249510,JINGLE BELL TRAP - Versione 2,124477.0,5095.0,12.0,Minimal,26,1774,1523,6598,6598,6624
6625,TR518621,Sono ancora qui,240453.0,5654.0,12.0,Hype,26,1766,338,6599,6599,6625
6626,TR989163,BIG IN TOWN,133491.0,4355.0,22.0,Hype,26,1770,1518,6600,6600,6626
6627,TR552730,Guarda bene,259040.0,5633.0,11.0,Hype,26,1766,338,6601,6601,6627
6628,TR971494,TUTTI I NOSTRI GUAI,221797.0,5401.0,18.0,Hype,26,1770,1518,6602,6602,6628
6629,TR705440,Thori & Rocce vs. Tayone,211373.0,5126.0,15.0,Hype,26,1766,338,6603,6603,6629
6630,TR385952,Fuck the police,276741.0,5415.0,0.0,Warm Bangers,26,1775,364,6604,6604,6630
6631,TR896358,Gran prix,260000.0,4839.0,13.0,Hype,26,1766,338,6605,6605,6631
6632,TR220601,Non c’è il cielo,226709.0,4290.0,5.0,Fast-Flow,26,1771,332,6606,6606,6632
6633,TR256528,TOP GAMMA,169319.0,5346.0,10.0,Fast-Flow,26,1770,1518,6607,6607,6633
6634,TR538038,Tutto apposto,153305.0,5065.0,4.0,Hype,26,1771,332,6608,6608,6634
6635,TR338147,Peggio di te,222869.0,5295.0,12.0,Fast-Flow,26,1771,332,6609,6609,6635
6636,TR132810,Club Dogo,188955.0,4690.0,30.0,Slow Dark,26,1771,367,6610,6610,6636
6637,TR848023,So Hard,187120.0,5832.0,9.0,Hype,26,1766,338,6611,6611,6637
6638,TR739425,Le nostre ali,209064.0,5190.0,8.0,Hype,26,1771,332,6612,6612,6638
6639,TR277727,Ora O Mai Più,188955.0,4183.0,30.0,Fast-Flow,26,1771,332,6613,6613,6639
6640,TR800922,Come guarda una donna,181517.0,4914.0,14.0,Hype,26,1771,332,6614,6614,6640
6641,TR426338,Come fosse ieri,209006.0,5529.0,4.0,Hype,26,1771,332,6615,6615,6641
6642,TR286386,Be Regular,155173.0,5605.0,0.0,Minimal,26,1776,367,6616,6616,6642
6643,TR127478,In The Building,247426.0,5005.0,70.0,Clean,26,1777,367,6617,6617,6643
6644,TR237709,Ombre Cinesi,172631.0,5808.0,31.0,Clean,26,1768,369,6618,6618,6644
6645,TR102586,Ombre Cinesi (Strumentale),149513.0,4548.0,48.0,Melodic,26,1773,369,6619,6619,6645
6646,TR541098,Piccolezze,232666.0,6803.0,67.0,Slow Dark,72,1778,1525,6620,6620,6646
6647,TR830939,La Fine,224000.0,6795.0,38.0,Minimal,72,1779,1526,6621,6621,6647
6648,TR311396,Maldito,214306.0,5809.0,12.0,Slow Dark,72,1780,1527,6622,6622,6648
6649,TR762342,Sono Un Prodotto,291840.0,5388.0,29.0,Melodic,72,1781,629,6623,6623,6649
6650,TR638268,Parole Da Dedicarmi,277640.0,5736.0,29.0,Slow Dark,72,1782,1525,6624,6624,6650
6651,TR159925,Un Altro Giorno,219466.0,4190.0,23.0,Slow Dark,72,1782,1525,6625,6625,6651
6652,TR573216,Andrà tutto bene,205360.0,5748.0,39.0,Slow Dark,72,1783,1528,6626,6626,6652
6653,TR157060,Ti Sposerò,193346.0,4656.0,33.0,Hype,72,1784,333,6627,6627,6653
6654,TR684026,Un bacio a te,216393.0,4370.0,34.0,Fast-Flow,72,1784,333,6628,6628,6654
6655,TR229663,Fratelli Bandiera,317120.0,4493.0,19.0,Hype,72,1785,1529,6629,6629,6655
6656,TR966337,L’Appuntamento,224920.0,4851.0,23.0,Melodic,72,1781,629,6630,6630,6656
6657,TR473816,Il Mio Nome,325826.0,4515.0,19.0,Clean,72,1781,629,6631,6631,6657
6658,TR130907,Capricorno,257253.0,4655.0,25.0,Fast-Flow,72,1786,1530,6632,6632,6658
6659,TR740010,Lascio Stare,207853.0,4282.0,5.0,Melodic,72,1781,629,6633,6633,6659
6660,TR270990,Immagini,228333.0,4605.0,17.0,Fast-Flow,72,1787,796,6634,6634,6660
6661,TR169320,Buona Fortuna Amore,195493.0,5160.0,31.0,Fast-Flow,72,1783,1531,6635,6635,6661
6662,TR711315,Maxidelitto di Scarsi (Bonus Track),365203.0,4897.0,2.0,Minimal,72,1788,369,6636,6636,6662
6663,TR422863,Respiro,213800.0,4707.0,15.0,Minimal,72,1784,333,6637,6637,6663
6664,TR293618,Con Me Non Ci Parli Mai,256933.0,5510.0,15.0,Minimal,72,1785,1529,6638,6638,6664
6665,TR579941,Davanti agli occhi,257613.0,5805.0,23.0,Fast-Flow,72,1784,333,6639,6639,6665
6666,TR115665,Riot,221453.0,5530.0,7.0,Minimal,72,1785,1532,6640,6640,6666
6667,TR881372,Allora ridi,209440.0,4677.0,18.0,Slow Dark,72,1783,1533,6641,6641,6667
6668,TR428623,Solamente Un Incubo,192293.0,5506.0,22.0,Hype,72,1784,333,6642,6642,6668
6669,TR483639,Confessione - story,136762.0,4316.0,10.0,Hype,72,1789,1534,6643,6643,6669
6670,TR780682,Polvere da sparo,219720.0,4273.0,8.0,Hype,72,1789,568,6644,6644,6670
6671,TR396020,Più Che Puoi,223666.0,4705.0,6.0,Hype,72,1782,1525,6645,6645,6671
6672,TR568616,Fragile,224000.0,5632.0,38.0,Minimal,72,1779,1535,6646,6646,6672
6673,TR987726,Se Tu Non Sei Qui,259532.0,4507.0,7.0,Fast-Flow,72,1779,1536,6647,6647,6673
6674,TR671528,Le cose belle,216613.0,4138.0,23.0,Fast-Flow,72,1787,4,6648,6648,6674
6675,TR430178,Stanze Vuote,250053.0,4277.0,46.0,Slow Dark,72,1790,1537,6649,6649,6675
6676,TR654508,Partirò,205640.0,5735.0,13.0,Fast-Flow,72,1784,333,6650,6650,6676
6677,TR314703,My First Love,175133.0,5284.0,10.0,Hype,72,1779,1536,6651,6651,6677
6678,TR943555,Eccomi Qua,293013.0,4519.0,13.0,Slow Dark,72,1782,1525,6652,6652,6678
6679,TR605646,Hey Tu,156364.0,5126.0,93.0,Minimal,72,1791,369,6653,6653,6679
6680,TR677557,La Mia Immaginazione,262533.0,5070.0,10.0,Minimal,72,1782,1525,6654,6654,6680
6681,TR551855,Il male minore,252013.0,5326.0,8.0,Hype,72,1789,862,6655,6655,6681
6682,TR580451,Poesia della buonanotte,82760.0,4478.0,4.0,Slow Dark,72,1789,405,6656,6656,6682
6683,TR367340,Perdo Via,234680.0,5747.0,18.0,Slow Dark,72,1784,333,6657,6657,6683
6684,TR796733,Un Giorno Qualunque,232653.0,4633.0,8.0,Hype,72,1785,1529,6658,6658,6684
6685,TR514416,Non Tornerò,220066.0,5406.0,16.0,Hype,72,1779,351,6659,6659,6685
6686,TR739921,Quello Che Non Sei,233053.0,4044.0,5.0,Slow Dark,72,1781,629,6660,6660,6686
6687,TR113436,Nesli Park,207160.0,4760.0,12.0,Minimal,72,1785,1538,6661,6661,6687
6688,TR256275,E’ una vita,217322.0,4719.0,20.0,Hype,72,1784,333,6662,6662,6688
6689,TR810341,Tu Non Riesci a Dire No,256613.0,5103.0,5.0,Hype,72,1785,1529,6663,6663,6689
6690,TR547630,Kaino e Abele,184000.0,4157.0,5.0,Slow Dark,72,1789,405,6664,6664,6690
6691,TR806122,Da Domani,183066.0,5597.0,12.0,Slow Dark,72,1782,1525,6665,6665,6691
6692,TR562973,Fitte da Latte (Milkjuice Version),206907.0,4448.0,4.0,Clean,72,1792,369,6666,6666,6692
6693,TR328821,Oltre,163426.0,5370.0,9.0,Slow Dark,72,1786,1530,6667,6667,6693
6694,TR480123,L’Unico Giardino,255786.0,5623.0,7.0,Minimal,72,1784,333,6668,6668,6694
6695,TR666127,Voglio,216393.0,5140.0,34.0,Fast-Flow,72,1784,333,6669,6669,6695
6696,TR820489,Una Vita Non Basta,209733.0,5499.0,12.0,Hype,72,1779,1536,6670,6670,6696
6697,TR990525,Noi,203826.0,5339.0,6.0,Minimal,72,1786,1530,6671,6671,6697
6698,TR988089,Mi Familia,195053.0,4726.0,4.0,Melodic,72,1785,1529,6672,6672,6698
6699,TR366730,Nastri d’Argento,177142.0,5634.0,1.0,Minimal,72,1793,369,6673,6673,6699
6700,TR906503,Mi Sento Ok,209266.0,4602.0,4.0,Melodic,72,1781,629,6674,6674,6700
6701,TR798002,Amici Non Ne Ho,262173.0,5157.0,5.0,Melodic,72,1785,1529,6675,6675,6701
6702,TR656976,L’Inizio,240000.0,5508.0,6.0,Hype,72,1779,1536,6676,6676,6702
6703,TR933826,Ecco Fatto,169706.0,4771.0,8.0,Warm Bangers,72,1782,1525,6677,6677,6703
6704,TR874765,Il Vento dei Ricordi,260372.0,4618.0,3.0,Melodic,72,1781,629,6678,6678,6704
6705,TR650076,Intro,117760.0,4932.0,7.0,Minimal,72,1782,1525,6679,6679,6705
6706,TR191623,Sono Tornato,294160.0,5653.0,7.0,Hype,72,1782,1525,6680,6680,6706
6707,TR199257,Strano Italiano,230853.0,5877.0,3.0,Minimal,72,1781,629,6681,6681,6707
6708,TR320920,Vengo in pace,216613.0,5104.0,23.0,Fast-Flow,72,1787,446,6682,6682,6708
6709,TR153176,Guardo Fuori,220093.0,5337.0,3.0,Melodic,72,1781,629,6683,6683,6709
6710,TR525976,Io E Te (Bonus Track),192774.0,5822.0,8.0,Minimal,72,1792,629,6684,6684,6710
6711,TR288424,Qualcosa Che Cambia,204493.0,4208.0,8.0,Warm Bangers,72,1782,1525,6685,6685,6711
6712,TR231312,Quando Te Ne Vai,232746.0,4476.0,3.0,Melodic,72,1781,629,6686,6686,6712
6713,TR231925,Voce,246746.0,5434.0,9.0,Slow Dark,72,1784,333,6687,6687,6713
6714,TR323138,Lazarus - morti in piedi,193899.0,5664.0,12.0,Hype,72,1789,789,6688,6688,6714
6715,TR122822,Se puoi,211066.0,5731.0,10.0,Fast-Flow,72,1784,333,6689,6689,6715
6716,TR104697,Solo Se Vedi,380000.0,4843.0,23.0,Minimal,72,1794,369,6690,6690,6716
6717,TR623894,Soddisfazioni Garantite,205360.0,4192.0,39.0,Clean,72,1783,369,6691,6691,6717
6718,TR292054,Credimi,193506.0,4891.0,5.0,Hype,72,1779,1536,6692,6692,6718
6719,TR701421,Credi,253680.0,4473.0,8.0,Warm Bangers,72,1782,1525,6693,6693,6719
6720,TR725465,Notte vera,198586.0,4596.0,13.0,Fast-Flow,72,1786,1539,6694,6694,6720
6721,TR558820,Operazione Transito,127384.0,5562.0,56.0,Slow Dark,72,1795,369,6695,6695,6721
6722,TR682497,Se Perdi,269720.0,4163.0,7.0,Slow Dark,72,1779,1536,6696,6696,6722
6723,TR810441,Il cielo e’ blu,241386.0,5673.0,13.0,Slow Dark,72,1783,1540,6697,6697,6723
6724,TR898024,Un Volto Un Nome,199933.0,4870.0,8.0,Slow Dark,72,1782,1525,6698,6698,6724
6725,TR242186,Non Dimenticare,188973.0,5208.0,3.0,Minimal,72,1786,1530,6699,6699,6725
6726,TR781315,Guarda l’amore cosa fa,219093.0,4192.0,9.0,Slow Dark,72,1784,333,6700,6700,6726
6727,TR839041,"Come Viene, Viene",277066.0,4689.0,3.0,Clean,72,1785,1529,6701,6701,6727
6728,TR601323,L’Ora d’Aria,219947.0,4191.0,52.0,Minimal,72,1796,369,6702,6702,6728
6729,TR712395,Una Come Lei,217363.0,5942.0,2.0,Minimal,72,1797,1541,6703,6703,6729
6730,TR788069,Questa follia,197413.0,5630.0,6.0,Fast-Flow,72,1789,405,6704,6704,6730
6731,TR505355,Ancora In Piedi,231533.0,4935.0,6.0,Slow Dark,72,1785,1529,6705,6705,6731
6732,TR463590,Forse,208786.0,4460.0,7.0,Warm Bangers,72,1782,1525,6706,6706,6732
6733,TR354499,Perfettamente Sbagliato,203066.0,5885.0,8.0,Slow Dark,72,1798,413,6707,6707,6733
6734,TR527688,Arrivederci e grazie,210960.0,4702.0,7.0,Fast-Flow,72,1783,1540,6708,6708,6734
6735,TR106087,Ancora una volta,213693.0,4334.0,7.0,Fast-Flow,72,1783,1540,6709,6709,6735
6736,TR470885,Mare mare,159973.0,5142.0,20.0,Hype,72,1799,1540,6710,6710,6736
6737,TR464830,Salvami,155853.0,5905.0,13.0,Fast-Flow,72,1789,111,6711,6711,6737
6738,TR890698,Sarò come vorrai,210160.0,4019.0,13.0,Fast-Flow,72,1783,1540,6712,6712,6738
6739,TR513705,Viva la vita,216053.0,4488.0,5.0,Hype,72,1800,127,6713,6713,6739
6740,TR591834,Dimmi che vuoi che sia,204026.0,5895.0,6.0,Fast-Flow,72,1783,1540,6714,6714,6740
6741,TR891005,Terra di confine,166881.0,4354.0,13.0,Fast-Flow,72,1789,66,6715,6715,6741
6742,TR996319,Glin Green,206907.0,4240.0,2.0,Clean,72,1781,629,6716,6716,6742
6743,TR280678,La Vita è Solo Una,237791.0,5156.0,2.0,Slow Dark,72,1797,1541,6717,6717,6743
6744,TR362271,Intro: Fitte Da Latte,222390.0,5739.0,3.0,Melodic,72,1781,285,6718,6718,6744
6745,TR235121,Lazarus,193899.0,4969.0,12.0,Hype,72,1789,405,6719,6719,6745
6746,TR386690,Non Mi Sembra Vero,180440.0,6007.0,4.0,Hype,72,1779,1536,6720,6720,6746
6747,TR610540,L’Amore è Qui,257253.0,5374.0,25.0,Minimal,72,1786,1542,6721,6721,6747
6748,TR619283,Outro: A Me Stesso,243013.0,4159.0,2.0,Melodic,72,1781,629,6722,6722,6748
6749,TR412309,Una Malattia,218367.0,6004.0,66.0,Slow Dark,72,1801,1529,6723,6723,6749
6750,TR464805,Slam,160146.0,4829.0,4.0,Minimal,72,1785,1529,6724,6724,6750
6751,TR639399,Lasciami Andare,214226.0,4588.0,5.0,Clean,72,1786,1530,6725,6725,6751
6752,TR590602,Io Non Sono Come Voi,192413.0,5131.0,4.0,Hype,72,1779,1536,6726,6726,6752
6753,TR143184,Il Mio Sud,215666.0,4621.0,2.0,Clean,72,1781,629,6727,6727,6753
6754,TR341963,Sogni a metà/Evento di guerra,194468.0,4186.0,74.0,Slow Dark,72,1802,405,6728,6728,6754
6755,TR459783,Mia Follia,194706.0,4014.0,7.0,Clean,72,1786,1530,6729,6729,6755
6756,TR917634,Non mi importa di niente,292826.0,4912.0,4.0,Warm Bangers,72,1789,405,6730,6730,6756
6757,TR856880,Sempre qui,214386.0,5689.0,5.0,Fast-Flow,72,1787,1335,6731,6731,6757
6758,TR237659,Non Fai Per Me,267693.0,5160.0,2.0,Hype,72,1785,1529,6732,6732,6758
6759,TR377655,Ricordami chi ero,217693.0,6015.0,9.0,Slow Dark,72,1789,405,6733,6733,6759
6760,TR558818,Corri In Fretta,181773.0,4588.0,5.0,Hype,72,1779,1536,6734,6734,6760
6761,TR706994,In Un Soffio,190440.0,4574.0,3.0,Melodic,72,1785,1529,6735,6735,6761
6762,TR429588,Nuvole e santi,68659.0,4330.0,2.0,Minimal,72,1787,1335,6736,6736,6762
6763,TR459923,Prima o poi,208853.0,4341.0,7.0,Hype,72,1783,1540,6737,6737,6763
6764,TR276531,Un Posto All’Inferno,265090.0,4584.0,1.0,Slow Dark,72,1797,1541,6738,6738,6764
6765,TR647438,Tu Non Lo Sai,196962.0,5602.0,1.0,Minimal,72,1797,1541,6739,6739,6765
6766,TR819131,Fallo Pure Tu,166712.0,5827.0,1.0,Minimal,72,1797,1541,6740,6740,6766
6767,TR882850,Quello che non si vede,184640.0,5966.0,8.0,Fast-Flow,72,1783,1540,6741,6741,6767
6768,TR233567,Rivoluzione,194000.0,4477.0,8.0,Hype,72,1789,405,6742,6742,6768
6769,TR689546,Stay,217000.0,5779.0,6.0,Warm Bangers,72,1789,405,6743,6743,6769
6770,TR756186,A Tu Per Tu Con Il Mio Singolo,226906.0,4671.0,82.0,Minimal,72,1803,369,6744,6744,6770
6771,TR244243,Solo Uno Solo Io,232227.0,4240.0,2.0,Hype,72,1797,1543,6745,6745,6771
6772,TR376798,È Come L’Inverno,180863.0,5757.0,76.0,Melodic,72,1803,285,6746,6746,6772
6773,TR390750,Lontano,165813.0,5286.0,4.0,Slow Dark,72,1789,405,6747,6747,6773
6774,TR326054,Io Ci Sarò,110314.0,4342.0,2.0,Fast-Flow,72,1797,1541,6748,6748,6774
6775,TR630224,Hai Promesso,120266.0,4874.0,1.0,Hype,72,1797,1541,6749,6749,6775
6776,TR224701,Il mondo e’ come,198600.0,4588.0,12.0,Fast-Flow,72,1783,1540,6750,6750,6776
6777,TR242884,Come Sei,190546.0,5491.0,3.0,Hype,72,1785,1529,6751,6751,6777
6778,TR611849,La mente/Autostop,171933.0,4921.0,6.0,Fast-Flow,72,1789,405,6752,6752,6778
6779,TR253292,La Tua Vita,242906.0,5998.0,1.0,Hype,72,1804,717,6753,6753,6779
6780,TR590856,Nesliving,224000.0,4123.0,38.0,Hype,72,1779,1541,6754,6754,6780
6781,TR274654,Allora ciao,199973.0,4724.0,26.0,Hype,72,1798,413,6755,6755,6781
6782,TR427692,Interlude Latti-cino,148452.0,4978.0,60.0,Clean,72,1805,369,6756,6756,6782
6783,TR177248,L’Eternità,274120.0,5021.0,3.0,Clean,72,1786,1530,6757,6757,6783
6784,TR227970,Il Tempo,196680.0,4645.0,5.0,Hype,72,1786,1530,6758,6758,6784
6785,TR319990,Money,232680.0,5474.0,11.0,Warm Bangers,72,1789,405,6759,6759,6785
6786,TR536127,Niente Di Più,266093.0,5765.0,33.0,Warm Bangers,72,1806,525,6760,6760,6786
6787,TR768349,Amore mio,216826.0,5896.0,8.0,Hype,72,1798,413,6761,6761,6787
6788,TR993897,In Aria Le Mani,177474.0,5627.0,2.0,Minimal,72,1797,1541,6762,6762,6788
6789,TR172341,Francesco,148786.0,5718.0,3.0,Minimal,72,1786,1530,6763,6763,6789
6790,TR787178,Anima nera,193973.0,5116.0,7.0,Hype,72,1798,413,6764,6764,6790
6791,TR671898,Ricorderò,200506.0,5667.0,11.0,Slow Dark,72,1787,1335,6765,6765,6791
6792,TR428907,Vivere è ridere,220120.0,4619.0,14.0,Fast-Flow,72,1798,413,6766,6766,6792
6793,TR745046,Piccola mia,239720.0,4811.0,7.0,Slow Dark,72,1798,413,6767,6767,6793
6794,TR856931,La Musica è Viva,169742.0,4648.0,1.0,Hype,72,1797,1541,6768,6768,6794
6795,TR154528,Equivale all’immenso,215960.0,4950.0,13.0,Hype,72,1798,413,6769,6769,6795
6796,TR582457,L’amore torna sempre,223280.0,4584.0,16.0,Fast-Flow,72,1798,413,6770,6770,6796
6797,TR850068,Ma che ne so,209400.0,5939.0,5.0,Hype,72,1787,1335,6771,6771,6797
6798,TR666171,Un altro mondo,229000.0,4639.0,8.0,Slow Dark,72,1789,405,6772,6772,6798
6799,TR535476,Dove sto andando,296293.0,4209.0,3.0,Hype,72,1798,413,6773,6773,6799
6800,TR791767,22 giorni,205966.0,5066.0,3.0,Slow Dark,72,1787,1335,6774,6774,6800
6801,TR381493,Ancora tu,167560.0,4126.0,17.0,Slow Dark,72,1789,405,6775,6775,6801
6802,TR153477,Se guardi il cielo,205693.0,4234.0,3.0,Hype,72,1798,413,6776,6776,6802
6803,TR316118,Tesoro non conta,166480.0,4452.0,4.0,Slow Dark,72,1798,413,6777,6777,6803
6804,TR334819,Io che ti cerco,192520.0,4944.0,4.0,Hype,72,1798,413,6778,6778,6804
6805,TR249273,Do retta a te - Solo version,219493.0,4882.0,2.0,Hype,72,1798,413,6779,6779,6805
6806,TR246847,Solo,206346.0,5615.0,7.0,Warm Bangers,72,1789,405,6780,6780,6806
6807,TR201384,L’orizzonte,224613.0,5495.0,3.0,Fast-Flow,72,1798,413,6781,6781,6807
6808,TR996606,Il mondo che ne sa di noi,218306.0,4866.0,7.0,Slow Dark,72,1789,405,6782,6782,6808
6809,TR247042,Blue Monday,163000.0,4681.0,6.0,Fast-Flow,72,1789,405,6783,6783,6809
6810,TR166404,Troppo poco,197320.0,4645.0,3.0,Slow Dark,72,1787,1335,6784,6784,6810
6811,TR183589,Oceani e tsunami,172325.0,5564.0,39.0,Fast-Flow,72,1807,1252,6785,6785,6811
6812,TR483909,Portami al mare,159973.0,4114.0,20.0,Warm Bangers,72,1799,554,6786,6786,6812
6813,TR301077,Non è una bugia,165956.0,4036.0,16.0,Hype,72,1808,416,6787,6787,6813
6814,TR687409,Guarda come flexo,149669.0,153795.0,47.0,Fast-Flow,59,1809,557,6788,6788,6814
6815,TR669556,Guarda Come Flexo 2,178666.0,55698.0,42.0,Melodic,59,1810,326,6789,6789,6815
6816,TR209027,Piano Piano Way,228025.0,38909.0,39.0,Fast-Flow,59,1811,358,6790,6790,6816
6817,TR473257,Twerk,152440.0,36788.0,53.0,Melodic,59,1810,1544,6791,6791,6817
6818,TR657574,Karma,226863.0,30067.0,45.0,Fast-Flow,59,1812,304,6792,6792,6818
6819,TR907200,Me Lo Sento,270058.0,29180.0,38.0,Slow Dark,59,1813,1258,6793,6793,6819
6820,TR197704,Mc Drive,188320.0,26178.0,49.0,Melodic,59,1810,1544,6794,6794,6820
6821,TR481643,Costa Tanto,208960.0,21976.0,46.0,Warm Bangers,59,1810,1544,6795,6795,6821
6822,TR348708,HARDER,176000.0,21067.0,61.0,Warm Bangers,59,1814,295,6796,6796,6822
6823,TR690925,BlaBlaBla,113511.0,24217.0,42.0,Warm Bangers,59,1815,1545,6797,6797,6823
6824,TR285093,SKUSKU,224000.0,21684.0,39.0,Warm Bangers,59,1816,813,6798,6798,6824
6825,TR830025,Come Se Fosse Normale,202624.0,14482.0,28.0,Fast-Flow,59,1817,563,6799,6799,6825
6826,TR914150,Lindo,195124.0,15716.0,31.0,Slow Dark,59,1818,377,6800,6800,6826
6827,TR103282,No Cap,154880.0,11655.0,47.0,Melodic,59,1810,1544,6801,6801,6827
6828,TR926365,BINGO,150444.0,9908.0,37.0,Warm Bangers,59,1819,1546,6802,6802,6828
6829,TR840390,Colleziono Banconote,191706.0,11000.0,30.0,Warm Bangers,59,1810,1544,6803,6803,6829
6830,TR277179,Fallo,144136.0,9757.0,40.0,Melodic,59,1818,377,6804,6804,6830
6831,TR920293,Demone,161703.0,11600.0,42.0,Melodic,59,1820,1,6805,6805,6831
6832,TR592668,Arte,152440.0,8212.0,53.0,Slow Dark,59,1810,1544,6806,6806,6832
6833,TR851700,Va Così,166200.0,9210.0,33.0,Warm Bangers,59,1818,377,6807,6807,6833
6834,TR706261,Vodka,169714.0,10461.0,51.0,Warm Bangers,59,1812,406,6808,6808,6834
6835,TR500597,PULL UP,150121.0,10307.0,43.0,Melodic,59,1821,1547,6809,6809,6835
6836,TR629210,GUARDA COME FL3XO,148571.0,7412.0,37.0,Warm Bangers,59,1822,303,6810,6810,6836
6837,TR684270,Il Passo,165581.0,7565.0,30.0,Melodic,59,1823,902,6811,6811,6837
6838,TR999375,Faccio Apposta,126320.0,7949.0,33.0,Melodic,59,1810,1544,6812,6812,6838
6839,TR448018,Sugo,180533.0,6452.0,31.0,Warm Bangers,59,1810,1544,6813,6813,6839
6840,TR331851,Arcobaleno,156000.0,8216.0,34.0,Slow Dark,59,1824,126,6814,6814,6840
6841,TR757448,G-Star,203266.0,7776.0,27.0,Melodic,59,1810,1544,6815,6815,6841
6842,TR322110,Pesca,229744.0,5688.0,31.0,Slow Dark,59,1818,377,6816,6816,6842
6843,TR845354,Esse Type Beat,139842.0,5325.0,53.0,Warm Bangers,59,1825,1548,6817,6817,6843
6844,TR111721,Pochi Pochi,225566.0,5211.0,35.0,Warm Bangers,59,1826,1549,6818,6818,6844
6845,TR169808,Forte,166105.0,6758.0,31.0,Slow Dark,59,1818,377,6819,6819,6845
6846,TR164871,Lelly Kelly,150600.0,4974.0,29.0,Warm Bangers,59,1810,1544,6820,6820,6846
6847,TR988251,PLAYER DEL SECOLO,194769.0,5373.0,53.0,Warm Bangers,59,1827,75,6821,6821,6847
6848,TR377528,Benzina,180986.0,5287.0,29.0,Warm Bangers,59,1810,1544,6822,6822,6848
6849,TR749705,Mille Giri,220235.0,5386.0,66.0,Melodic,59,1828,1550,6823,6823,6849
6850,TR502019,Twerk RMX,150468.0,4260.0,43.0,Melodic,59,1818,377,6824,6824,6850
6851,TR638745,Hijo De Puta,120453.0,4462.0,33.0,Warm Bangers,59,1810,1544,6825,6825,6851
6852,TR295698,CUORI SPEZZATI,174146.0,5879.0,50.0,Slow Dark,59,1829,186,6826,6826,6852
6853,TR224596,Bandito,159272.0,5831.0,42.0,Warm Bangers,59,1830,1551,6827,6827,6853
6854,TR754452,#SI,141904.0,5577.0,33.0,Warm Bangers,59,1831,101,6828,6828,6854
6855,TR608323,Do It,192000.0,4049.0,30.0,Melodic,59,1812,406,6829,6829,6855
6856,TR459215,Di Più,142853.0,4665.0,26.0,Warm Bangers,59,1810,1544,6830,6830,6856
6857,TR540169,Mes Amis,163043.0,5271.0,26.0,Slow Dark,59,1818,377,6831,6831,6857
6858,TR151552,La Wave,125840.0,4562.0,26.0,Fast-Flow,59,1810,1544,6832,6832,6858
6859,TR861530,IDGAF,171826.0,5834.0,28.0,Slow Dark,59,1810,1552,6833,6833,6859
6860,TR447148,Palazzo Parigi,129000.0,5279.0,35.0,Warm Bangers,59,1812,406,6834,6834,6860
6861,TR262881,Mama I Did It Again,202386.0,4156.0,2.0,Melodic,59,1832,413,6835,6835,6861
6862,TR561993,Soldi E Vestiti Di Marca,132000.0,5833.0,41.0,Warm Bangers,59,1833,478,6836,6836,6862
6863,TR309807,CONNESSIONI,136614.0,5932.0,45.0,Melodic,59,1834,1553,6837,6837,6863
6864,TR685280,Facendo Faccende,169714.0,4167.0,51.0,Warm Bangers,59,1812,406,6838,6838,6864
6865,TR295176,Me Gusta,163437.0,5078.0,25.0,Warm Bangers,59,1818,377,6839,6839,6865
6866,TR138274,Mikado,142135.0,4619.0,31.0,Melodic,59,1812,406,6840,6840,6866
6867,TR638268,Lento RMX,164175.0,4799.0,30.0,Slow Dark,59,1835,377,6624,6624,6867
6868,TR393635,Arte Freestyle,255475.0,4368.0,0.0,Warm Bangers,59,1836,1554,6841,6841,6868
6869,TR630778,Street,174135.0,5170.0,30.0,Melodic,59,1812,406,6842,6842,6869
6870,TR546814,Giovanotti,155413.0,5931.0,63.0,Warm Bangers,59,1837,1153,6843,6843,6870
6871,TR491207,Good Vibes,203028.0,5020.0,36.0,Melodic,59,1812,406,6844,6844,6871
6872,TR969806,Culo Grosso,199663.0,4178.0,39.0,Melodic,59,1812,406,6845,6845,6872
6873,TR359162,Milano,103384.0,5254.0,32.0,Melodic,59,1812,406,6846,6846,6873
6874,TR812120,COVID-19 Freestyle,180413.0,4692.0,0.0,Minimal,59,1838,1087,6847,6847,6874
6875,TR708987,Fake Luv,206962.0,5726.0,21.0,Fast-Flow,59,1812,1555,6848,6848,6875
6876,TR980826,100 Metri,144878.0,4882.0,25.0,Melodic,59,1812,406,6849,6849,6876
6877,TR192555,Pikachu Freestyle,161454.0,4397.0,15.0,Minimal,59,1839,1556,6850,6850,6877
6878,TR325616,Fuck My Opps,152571.0,4392.0,30.0,Melodic,59,1812,406,6851,6851,6878
6879,TR112926,Freestyle New Season,199148.0,5551.0,1.0,Warm Bangers,59,1840,735,6852,6852,6879
6880,TR319826,Offline,176363.0,4542.0,35.0,Warm Bangers,59,1812,406,6853,6853,6880
6881,TR852338,Coronavirus freestyle,150000.0,5548.0,17.0,Minimal,59,1841,1123,6854,6854,6881
6882,TR666247,Friends,134545.0,4423.0,24.0,Melodic,59,1812,406,6855,6855,6882
6883,TR492049,Samba Freestyle,188578.0,4656.0,2.0,Slow Dark,59,1842,1557,6856,6856,6883
6884,TR334725,UNKNOWN,169714.0,4945.0,51.0,Slow Dark,59,1812,1558,6857,6857,6884
6885,TR877233,Come Loro,171712.0,5902.0,23.0,Melodic,59,1812,406,6858,6858,6885
6886,TR993684,Cristiano Romambo Parte 1,465780.0,5879.0,5.0,Warm Bangers,59,1843,1559,6859,6859,6886
6887,TR579097,Sintetico*,136614.0,4426.0,45.0,Warm Bangers,59,1834,1553,6860,6860,6887
6888,TR534444,"Si, ah",172850.0,83967.0,65.0,Melodic,35,1844,1074,6861,6861,6888
6889,TR492037,Missili,195349.0,66351.0,69.0,Fast-Flow,35,1845,1560,6862,6862,6889
6890,TR606334,8 miliardi di persone,223384.0,61716.0,64.0,Hype,35,1844,1286,6863,6863,6890
6891,TR774621,Nei treni la notte,184146.0,58669.0,62.0,Fast-Flow,35,1844,1561,6864,6864,6891
6892,TR919172,Hai visto mai,208000.0,66674.0,59.0,Slow Dark,35,1844,1562,6865,6865,6892
6893,TR947665,Gli occhi,142350.0,62841.0,64.0,Slow Dark,35,1844,1074,6866,6866,6893
6894,TR999260,Cratere,179389.0,48393.0,62.0,Slow Dark,35,1844,317,6867,6867,6894
6895,TR155178,64 Bars,188738.0,40792.0,50.0,Warm Bangers,35,1845,1332,6868,6868,6895
6896,TR582897,Floppino,163874.0,46473.0,50.0,Slow Dark,35,1844,1074,6869,6869,6896
6897,TR383581,Gravità,215383.0,42455.0,57.0,Slow Dark,35,1845,1161,6382,6382,6897
6898,TR566821,Accattone,121043.0,27410.0,44.0,Slow Dark,35,1844,1563,6870,6870,6898
6899,TR467903,Due ali,231000.0,28512.0,59.0,Slow Dark,35,1846,318,6871,6871,6899
6900,TR308833,Branchie,192130.0,24918.0,46.0,Hype,35,1844,1074,6872,6872,6900
6901,TR232253,Stupefacente,187245.0,21831.0,50.0,Hype,35,1845,1564,6873,6873,6901
6902,TR275038,Chicchi di riso,206400.0,21270.0,60.0,Slow Dark,35,1847,697,6874,6874,6902
6903,TR448207,Colpa del vino,173333.0,19292.0,53.0,Fast-Flow,35,1845,1565,6875,6875,6903
6904,TR833542,Avanti / Indietro,219439.0,22781.0,41.0,Hype,35,1844,1074,6876,6876,6904
6905,TR432049,Buio di giorno,183035.0,18240.0,55.0,Fast-Flow,35,1846,1566,6877,6877,6905
6906,TR904234,Fare su,157366.0,14194.0,40.0,Fast-Flow,35,1845,1567,6878,6878,6906
6907,TR175406,Amarena,214000.0,15188.0,59.0,Hype,35,1846,318,6879,6879,6907
6908,TR448143,Le cose sbagliate,102999.0,16957.0,53.0,Slow Dark,35,1846,318,6880,6880,6908
6909,TR268081,Allucinazioni,197000.0,15992.0,44.0,Fast-Flow,35,1846,318,6881,6881,6909
6910,TR205777,Chanel,188000.0,13589.0,42.0,Warm Bangers,35,1846,318,6882,6882,6910
6911,TR157845,Sempre bene,215431.0,13195.0,46.0,Fast-Flow,35,1847,697,6883,6883,6911
6912,TR194482,Lambada,239000.0,16182.0,55.0,Slow Dark,35,1846,318,6884,6884,6912
6913,TR606153,Sassi,176843.0,11149.0,42.0,Slow Dark,35,1845,773,6885,6885,6913
6914,TR344899,Se avessi saputo,233766.0,10159.0,41.0,Slow Dark,35,1847,697,6886,6886,6914
6915,TR707465,Contento,204900.0,9561.0,43.0,Slow Dark,35,1846,1568,6887,6887,6915
6916,TR366012,Tornado,180087.0,8440.0,46.0,Hype,35,1848,1368,6888,6888,6916
6917,TR200898,Le sigarette,196477.0,9132.0,47.0,Fast-Flow,35,1847,697,6889,6889,6917
6918,TR671803,Sotto effetto,191703.0,10553.0,39.0,Slow Dark,35,1845,773,6890,6890,6918
6919,TR539815,Sì può darsi,186750.0,9412.0,50.0,Slow Dark,35,1847,832,6891,6891,6919
6920,TR519714,2004,193858.0,8011.0,38.0,Hype,35,1848,1368,6892,6892,6920
6921,TR273535,Farmacia,194863.0,9520.0,39.0,Slow Dark,35,1849,196,6893,6893,6921
6922,TR371418,Pianeta 6,207338.0,6390.0,33.0,Fast-Flow,35,1847,697,6894,6894,6922
6923,TR580000,Cardio,217428.0,6544.0,42.0,Warm Bangers,35,1847,697,6895,6895,6923
6924,TR431554,Gabbiani,203597.0,6948.0,42.0,Fast-Flow,35,1849,1569,6896,6896,6924
6925,TR436805,Faccia della notte,125700.0,6944.0,34.0,Slow Dark,35,1846,318,6897,6897,6925
6926,TR881470,Sabato nel parco,176727.0,5373.0,36.0,Melodic,35,1845,296,6898,6898,6926
6927,TR777350,Sosta,160561.0,6195.0,45.0,Hype,35,1850,1570,6899,6899,6927
6928,TR657917,La notte mi chiama,189230.0,6766.0,37.0,Hype,35,1847,697,6900,6900,6928
6929,TR431776,Giorni da solo,189666.0,6814.0,37.0,Slow Dark,35,1847,697,6901,6901,6929
6930,TR529906,Scheletri,234246.0,6580.0,32.0,Fast-Flow,35,1847,697,6902,6902,6930
6931,TR984717,Love ya,151714.0,5262.0,45.0,Fast-Flow,35,1851,104,6903,6903,6931
6932,TR677495,Nuova fissa,165985.0,4655.0,44.0,Fast-Flow,35,1851,104,6904,6904,6932
6933,TR340972,Terapia,134845.0,5280.0,29.0,Slow Dark,35,1848,1368,6905,6905,6933
6934,TR128551,Intro (Fogli colorati),91000.0,4268.0,31.0,Slow Dark,35,1846,318,6906,6906,6934
6935,TR746370,Quando finisce,149361.0,5910.0,41.0,Slow Dark,35,1851,104,6907,6907,6935
6936,TR575687,Pelle,185696.0,4964.0,44.0,Fast-Flow,35,1851,104,6908,6908,6936
6937,TR385765,Visualizzato.01,137142.0,4648.0,28.0,Fast-Flow,35,1845,1571,6909,6909,6937
6938,TR812108,Pallone,209332.0,5550.0,28.0,Slow Dark,35,1848,1368,6910,6910,6938
6939,TR110045,Inviato.01,88636.0,5010.0,32.0,Minimal,35,1845,1572,6911,6911,6939
6940,TR805917,Visualizzato.02,86400.0,4633.0,27.0,Slow Dark,35,1845,1573,6912,6912,6940
6941,TR170576,Visualizzato.03,77897.0,5640.0,27.0,Minimal,35,1845,1572,6913,6913,6941
6942,TR765337,Quest’anno,184846.0,5750.0,57.0,Minimal,35,1852,562,6914,6914,6942
6943,TR394950,Visualizzato.04,92125.0,5360.0,25.0,Minimal,35,1845,449,6915,6915,6943
6944,TR581814,Inviato.02,150857.0,4104.0,31.0,Minimal,35,1853,449,6916,6916,6944
6945,TR852520,La calma.,207307.0,5147.0,20.0,Warm Bangers,35,1854,1314,6917,6917,6945
6946,TR307501,Recycle,99009.0,5542.0,28.0,Melodic,35,1849,1574,6918,6918,6946
6947,TR405438,Buio di giorno (Redbone Rmx),240001.0,4284.0,54.0,Minimal,35,1855,1575,6919,6919,6947
6948,TR268747,Siamo Noi Pt. 2,140399.0,4471.0,1.0,Hype,35,1856,1576,6920,6920,6948
6949,TR489162,A Mano Armata,198260.0,5784.0,62.0,Hype,35,1857,1576,6921,6921,6949
6950,TR936932,Consegnato.03,150857.0,4052.0,31.0,Minimal,35,1853,449,6922,6922,6950
6951,TR105319,Consegnato.02,155946.0,5519.0,0.0,Melodic,35,1858,1561,6923,6923,6951
6952,TR137614,Homeroots,150857.0,4964.0,31.0,Hype,35,1853,1576,6924,6924,6952
6953,TR252811,Consegnato.01,92125.0,4906.0,25.0,Minimal,35,1845,462,6925,6925,6953
6954,TR216885,Troppo Vicino,140399.0,4027.0,1.0,Hype,35,1856,1576,6926,6926,6954
6955,TR157730,Idiot Savant Intro,172850.0,5656.0,65.0,Clean,35,1844,1576,6927,6927,6955
6956,TR921306,Straordinario,150857.0,4732.0,31.0,Warm Bangers,35,1853,1576,6928,6928,6956
6957,TR395118,Sempre Di Peggio,155946.0,5096.0,0.0,Hype,35,1858,1576,6929,6929,6957
6958,TR615580,Pausa Joint,150857.0,5370.0,31.0,Fast-Flow,35,1853,1576,6930,6930,6958
6959,TR212811,Contento (OP1 rmx),172850.0,5421.0,65.0,Minimal,35,1844,1577,6931,6931,6959
6960,TR534899,Lampo,150857.0,5928.0,31.0,Slow Dark,35,1853,1578,6932,6932,6960
6961,TR146967,Ipernova,177866.0,179808.0,52.0,Slow Dark,68,1859,1579,6933,6933,6961
6962,TR392420,Fuori Luogo,165746.0,77474.0,37.0,Slow Dark,68,1859,1063,6934,6934,6962
6963,TR800819,I Grandi Non Piangono Mai,226200.0,71085.0,44.0,Slow Dark,68,1859,1303,6935,6935,6963
6964,TR214145,OPS,192213.0,37634.0,46.0,Slow Dark,68,1860,795,6936,6936,6964
6965,TR957544,Fiori di Chernobyl,175611.0,18357.0,53.0,Fast-Flow,68,1861,13,6937,6937,6965
6966,TR939470,La Storia Di Sam,147800.0,15465.0,31.0,Slow Dark,68,1859,1063,6938,6938,6966
6967,TR668088,Carillon,207250.0,15929.0,48.0,Minimal,68,1862,425,6939,6939,6967
6968,TR297613,Pianeti,164346.0,12417.0,29.0,Minimal,68,1859,1063,6940,6940,6968
6969,TR370757,Supereroi,195000.0,10202.0,58.0,Fast-Flow,68,1863,8,6941,6941,6969
6970,TR614536,Supereroe,246947.0,9152.0,36.0,Slow Dark,68,1864,1580,6942,6942,6970
6971,TR737824,Superstite,196440.0,8024.0,27.0,Slow Dark,68,1859,327,6943,6943,6971
6972,TR860082,Rainbow Soda,198280.0,9003.0,25.0,Slow Dark,68,1859,1581,6944,6944,6972
6973,TR989686,Tutto quello che ho,205500.0,5620.0,38.0,Slow Dark,68,1865,332,6945,6945,6973
6974,TR653391,Ti amo ma,205500.0,6230.0,40.0,Slow Dark,68,1866,1582,6946,6946,6974
6975,TR977577,L’errore più grande,198853.0,6406.0,27.0,Slow Dark,68,1860,481,6947,6947,6975
6976,TR677098,One Man Band,180960.0,5350.0,19.0,Melodic,68,1859,1063,6948,6948,6976
6977,TR593161,Giorni di Pioggia,151200.0,5938.0,24.0,Melodic,68,1860,481,6949,6949,6977
6978,TR814608,Carillon (Acoustic),210040.0,6081.0,23.0,Slow Dark,68,1859,1063,6950,6950,6978
6979,TR480671,9.3,225937.0,5558.0,43.0,Fast-Flow,68,1861,985,6951,6951,6979
6980,TR438867,Meteoriti,188253.0,4089.0,51.0,Fast-Flow,68,1861,876,6952,6952,6980
6981,TR386349,Honey,317744.0,4402.0,0.0,Minimal,68,1867,1583,6953,6953,6981
6982,TR883197,Nemico di me stesso,162306.0,5087.0,24.0,Slow Dark,68,1861,876,6954,6954,6982
6983,TR942786,DUE ALTALENE,197142.0,5886.0,53.0,Fast-Flow,68,1868,89,6955,6955,6983
6984,TR302530,La somma,197624.0,5686.0,39.0,Slow Dark,68,1869,262,6956,6956,6984
6985,TR939046,A forma di origami,193520.0,5700.0,40.0,Minimal,68,1861,876,6957,6957,6985
6986,TR847295,Non c’è più musica,210941.0,4619.0,33.0,Slow Dark,68,1861,735,6958,6958,6986
6987,TR322741,Un domani RMX,184666.0,4873.0,35.0,Fast-Flow,68,1860,481,6959,6959,6987
6988,TR289229,Intro,38120.0,4954.0,15.0,Minimal,68,1859,1063,6960,6960,6988
6989,TR292751,PERICOLOSA,160416.0,4326.0,43.0,Slow Dark,68,1863,664,6961,6961,6989
6990,TR996723,Grazie A Me (Acoustic),193146.0,4073.0,21.0,Minimal,68,1859,1063,6962,6962,6990
6991,TR197210,Grazie a me,220000.0,5912.0,29.0,Melodic,68,1870,1584,6963,6963,6991
6992,TR468262,Sindrome di Stoccolma,175053.0,4493.0,27.0,Slow Dark,68,1861,876,6964,6964,6992
6993,TR172047,LA FINE DEL MONDO,162000.0,4492.0,48.0,Fast-Flow,68,1871,84,6965,6965,6993
6994,TR107146,Sentieri sulle guance,189800.0,4179.0,25.0,Slow Dark,68,1861,876,6966,6966,6994
6995,TR292187,Intro (Petrichor),51333.0,5872.0,14.0,Minimal,68,1861,876,6967,6967,6995
6996,TR421187,Outro,185106.0,5171.0,34.0,Slow Dark,68,1861,1063,6968,6968,6996
6997,TR909463,UN MILIONE DI NOTTI,160000.0,5350.0,48.0,Slow Dark,68,1872,1585,6969,6969,6997
6998,TR618779,CRISALIDI,183983.0,5839.0,39.0,Fast-Flow,68,1873,99,6970,6970,6998
6999,TR984017,Ricominciare da me (Outro),185106.0,4704.0,34.0,Slow Dark,68,1861,876,6971,6971,6999
7000,TR258848,Non fa per me,166986.0,5255.0,24.0,Warm Bangers,68,1861,876,6972,6972,7000
7001,TR823733,ODIO A LA LUNA,152882.0,4089.0,49.0,Fast-Flow,68,1874,1586,6973,6973,7001
7002,TR976641,Meteoriti (english),248240.0,4384.0,0.0,Fast-Flow,68,1875,1587,6974,6974,7002
7003,TR669996,NEVE SU MARTE,197294.0,5679.0,38.0,Slow Dark,68,1873,632,6975,6975,7003
7004,TR977946,The Way You Do,195500.0,5550.0,19.0,Melodic,68,1876,1583,6976,6976,7004
7005,TR681461,SINCERO (RMX),226906.0,4714.0,82.0,Fast-Flow,68,1877,594,6977,6977,7005
7006,TR497245,SINCERO,145846.0,4766.0,46.0,Fast-Flow,68,1878,632,6978,6978,7006
7007,TR732630,FRAGILE,167478.0,5081.0,28.0,Minimal,68,1873,632,6979,6979,7007
7008,TR344102,PAURA DEL BUIO,192400.0,4012.0,29.0,Slow Dark,68,1863,28,6980,6980,7008
7009,TR283621,ARIA,170125.0,4495.0,31.0,Fast-Flow,68,1873,632,6981,6981,7009
7010,TR434239,FIGLI DELLA NOTTE,201146.0,4429.0,30.0,Hype,68,1863,28,6982,6982,7010
7011,TR429629,Tutto quello che ho - Acoustic Version,226906.0,4515.0,82.0,Slow Dark,68,1877,1583,6983,6983,7011
7012,TR461396,3.10 AM,156722.0,5626.0,27.0,Fast-Flow,68,1873,632,6984,6984,7012
7013,TR265483,VITE PRECEDENTI,148800.0,4572.0,29.0,Slow Dark,68,1863,28,6985,6985,7013
7014,TR525311,SEMPRE UN PO’ DI TE,171893.0,4395.0,29.0,Fast-Flow,68,1863,28,6986,6986,7014
7015,TR989634,QUI,153333.0,5023.0,27.0,Minimal,68,1879,632,6987,6987,7015
7016,TR554437,NERO,219148.0,5747.0,24.0,Fast-Flow,68,1873,632,6988,6988,7016
7017,TR206762,ATLANTIDE,161052.0,4496.0,30.0,Slow Dark,68,1873,632,6989,6989,7017
7018,TR322218,Merry Christmas,126667.0,4170.0,0.0,Slow Dark,68,1880,1583,6990,6990,7018
7019,TR492960,I’m a devil,335240.0,4726.0,67.0,Minimal,68,1881,1583,6991,6991,7019
7020,TR936536,IMMORTALI,237973.0,5511.0,26.0,Warm Bangers,68,1863,28,6992,6992,7020
7021,TR342245,E INVECE NO,141323.0,5115.0,17.0,Slow Dark,68,1873,632,6993,6993,7021
7022,TR588115,L’ULTIMA VOLTA,168853.0,5648.0,20.0,Fast-Flow,68,1863,28,6994,6994,7022
7023,TR482427,Talent Show,216312.0,5935.0,54.0,Melodic,68,1882,1583,6995,6995,7023
7024,TR486592,Memories,240039.0,5602.0,0.0,Minimal,68,1883,1583,6996,6996,7024
7025,TR845034,New Bitch,218253.0,5224.0,17.0,Melodic,68,1884,1583,6997,6997,7025
7026,TR108035,OUTRO [2024],267853.0,5001.0,4.0,Clean,68,1885,28,6998,6998,7026
7027,TR142935,Night club Dnb,249920.0,4093.0,2.0,Minimal,68,1886,1583,6999,6999,7027
7028,TR719615,Intro (Memories),206698.0,5985.0,7.0,Minimal,68,1887,1583,7000,7000,7028
7029,TR323298,Veleno 7,173960.0,663025.0,57.0,Melodic,38,1888,10,5382,5382,7029
7030,TR561092,Lo Sai Che Ci Penso,180346.0,216387.0,59.0,Fast-Flow,38,1889,409,7001,7001,7030
7031,TR835251,Bene,237250.0,244723.0,59.0,Fast-Flow,38,1890,1046,7002,7002,7031
7032,TR930235,Davide,206211.0,209164.0,61.0,Minimal,38,1889,409,7003,7003,7032
7033,TR484859,Senza Di Me,201961.0,227224.0,64.0,Slow Dark,38,1891,487,7004,7004,7033
7034,TR300985,Forte,207322.0,210009.0,63.0,Warm Bangers,38,1890,1588,7005,7005,7034
7035,TR721317,On The Corner,348400.0,164293.0,87.0,Slow Dark,38,1892,1272,7006,7006,7035
7036,TR336698,Keanu Reeves,209791.0,189357.0,55.0,Melodic,38,1889,409,7007,7007,7036
7037,TR496522,Ye Ye Ye,266960.0,137790.0,31.0,Minimal,38,1893,1589,7008,7008,7037
7038,TR258738,Blue Sky,187615.0,139982.0,60.0,Fast-Flow,38,1894,1590,7009,7009,7038
7039,TR768563,Fuori e dentro,170000.0,142723.0,55.0,Melodic,38,1888,14,7010,7010,7039
7040,TR369837,Fuori,170000.0,146510.0,55.0,Slow Dark,38,1888,358,7011,7011,7040
7041,TR247225,Esagono,186426.0,152459.0,52.0,Melodic,38,1888,14,7012,7012,7041
7042,TR621176,Toradol,136118.0,126658.0,59.0,Warm Bangers,38,1895,1589,7013,7013,7042
7043,TR513837,Gigante,81896.0,137919.0,13.0,Slow Dark,38,1896,217,7014,7014,7043
7044,TR468856,Ballata del dubbio,204021.0,110952.0,44.0,Slow Dark,38,1897,1591,7015,7015,7044
7045,TR737794,Non Lo So,205699.0,148952.0,45.0,Fast-Flow,38,1890,515,7016,7016,7045
7046,TR892986,Mama,180581.0,115434.0,55.0,Melodic,38,1898,381,7017,7017,7046
7047,TR929039,Preso Male,236602.0,128406.0,47.0,Melodic,38,1890,515,7018,7018,7047
7048,TR700790,TU T’E SCURDAT’ ’E ME (ILLEGAL RMX),221403.0,91029.0,72.0,Minimal,38,1899,1592,7019,7019,7048
7049,TR486604,Oro e Argento,231788.0,98742.0,45.0,Melodic,38,1889,1058,7020,7020,7049
7050,TR120094,Holy Grail,181883.0,109720.0,42.0,Warm Bangers,38,1889,409,7021,7021,7050
7051,TR943871,Vmpsb,186008.0,118986.0,63.0,Slow Dark,38,1900,1272,7022,7022,7051
7052,TR714531,Non Cambio Mai,176400.0,99018.0,51.0,Slow Dark,38,1901,1593,7023,7023,7052
7053,TR905024,Fiori,181786.0,114009.0,43.0,Melodic,38,1888,14,7024,7024,7053
7054,TR370064,Voodoo,205346.0,91126.0,60.0,Minimal,38,1902,217,7025,7025,7054
7055,TR214334,Mondo Di Fango,117384.0,86616.0,55.0,Melodic,38,1898,381,7026,7026,7055
7056,TR485949,Veleno pt. 4,205125.0,73266.0,58.0,Melodic,38,1903,1272,7027,7027,7056
7057,TR254997,Veleno,205125.0,94314.0,58.0,Fast-Flow,38,1903,1594,7028,7028,7057
7058,TR849944,Veleno pt. 5,205125.0,75087.0,58.0,Melodic,38,1903,1595,7029,7029,7058
7059,TR655183,Paradise Lost,164118.0,96000.0,49.0,Melodic,38,1889,409,7030,7030,7059
7060,TR673234,Ballon d’Or,185195.0,95976.0,63.0,Slow Dark,38,1897,139,7031,7031,7060
7061,TR205522,Ballata del dubbio pt. 2,265453.0,95389.0,39.0,Warm Bangers,38,1904,1272,7032,7032,7061
7062,TR949370,Haterproof 2,187615.0,80780.0,45.0,Hype,38,1894,1596,7033,7033,7062
7063,TR833422,Nonostante Tutto,207322.0,85423.0,63.0,Fast-Flow,38,1890,515,7034,7034,7063
7064,TR508828,Come On Baby,245853.0,86867.0,75.0,Fast-Flow,38,1905,217,7035,7035,7064
7065,TR544938,Ciao Baby,186008.0,66614.0,63.0,Slow Dark,38,1900,432,7036,7036,7065
7066,TR573573,¥€$,204169.0,79449.0,62.0,Melodic,38,1906,14,7037,7037,7066
7067,TR637533,Alright,162284.0,61102.0,40.0,Warm Bangers,38,1898,381,7038,7038,7067
7068,TR966511,Tanta Roba Anthem,202564.0,74115.0,41.0,Warm Bangers,38,1889,401,7039,7039,7068
7069,TR264465,Inedito,224308.0,63874.0,36.0,Fast-Flow,38,1904,1597,7040,7040,7069
7070,TR378700,Dancing With The Devil,190883.0,61837.0,77.0,Slow Dark,38,1907,1598,7041,7041,7070
7071,TR873226,Il primo,163212.0,66864.0,44.0,Slow Dark,38,1904,1236,7042,7042,7071
7072,TR741244,Diverso,209898.0,68167.0,46.0,Fast-Flow,38,1889,409,7043,7043,7072
7073,TR460361,QVC9,117384.0,72055.0,55.0,Melodic,38,1898,381,7044,7044,7073
7074,TR563930,34 rime pe spiegatte quanto sei bianco,217640.0,56635.0,56.0,Fast-Flow,38,1908,1594,7045,7045,7074
7075,TR751817,Codice PIN,222400.0,68180.0,44.0,Warm Bangers,38,1909,1589,7046,7046,7075
7076,TR803783,È Inutile,186721.0,58285.0,52.0,Warm Bangers,38,1890,515,7047,7047,7076
7077,TR712115,Haterproof,187615.0,68457.0,45.0,Fast-Flow,38,1894,1599,7048,7048,7077
7078,TR301865,Scappo via,237822.0,69486.0,42.0,Warm Bangers,38,1904,1595,7049,7049,7078
7079,TR558544,Scusa,246598.0,66784.0,48.0,Minimal,38,1890,1600,7050,7050,7079
7080,TR412865,Canzone Triste,178761.0,71413.0,65.0,Minimal,38,1910,1601,7051,7051,7080
7081,TR499340,Scatola nera,173960.0,58490.0,57.0,Minimal,38,1888,14,7052,7052,7081
7082,TR267608,Come me,194333.0,68502.0,41.0,Hype,38,1888,14,7053,7053,7082
7083,TR530875,Alaska,218575.0,60031.0,41.0,Fast-Flow,38,1889,409,7054,7054,7083
7084,TR153985,Outro (Certe volte),209962.0,61292.0,71.0,Slow Dark,38,1911,1598,7055,7055,7084
7085,TR852658,In Una Benz,142000.0,65255.0,42.0,Warm Bangers,38,1898,381,7056,7056,7085
7086,TR969259,Stare male,195831.0,48983.0,35.0,Slow Dark,38,1904,1272,7057,7057,7086
7087,TR419062,Karate,175813.0,64259.0,45.0,Slow Dark,38,1888,14,7058,7058,7087
7088,TR563509,End of days freestyle,216032.0,63061.0,12.0,Hype,38,1912,1591,7059,7059,7088
7089,TR245777,Pistorius,239974.0,55596.0,50.0,Fast-Flow,38,1913,572,7060,7060,7089
7090,TR224944,Giuro Che,202758.0,49046.0,40.0,Fast-Flow,38,1895,1589,7061,7061,7090
7091,TR699100,A Me Mi,223834.0,49146.0,79.0,Minimal,38,1905,217,7062,7062,7091
7092,TR757407,Fuck/Peace,68839.0,68297.0,38.0,Melodic,38,1898,381,7063,7063,7092
7093,TR910202,Passa,197213.0,62222.0,47.0,Fast-Flow,38,1914,1589,7064,7064,7093
7094,TR636157,Hangover,250978.0,49208.0,50.0,Warm Bangers,38,1915,1598,7065,7065,7094
7095,TR834176,Ballata del dubbio pt. 3,223868.0,54313.0,42.0,Slow Dark,38,1904,1595,7066,7066,7095
7096,TR949622,Quando Vuoi,245209.0,59219.0,38.0,Fast-Flow,38,1890,515,7067,7067,7096
7097,TR713714,Ti Amo,200801.0,64770.0,40.0,Warm Bangers,38,1913,572,7068,7068,7097
7098,TR378432,Cioccolata Freestyle,207322.0,46275.0,63.0,Slow Dark,38,1890,1602,7069,7069,7098
7099,TR630223,Money Money,264496.0,49757.0,35.0,Warm Bangers,38,1898,381,7070,7070,7099
7100,TR916307,Outro In The Night,175240.0,64133.0,52.0,Minimal,38,1898,381,7071,7071,7100
7101,TR666928,Non se ne parla,223919.0,44197.0,43.0,Fast-Flow,38,1894,1603,7072,7072,7101
7102,TR951602,Non ti rivedo più,223834.0,48186.0,79.0,Melodic,38,1905,1595,7073,7073,7102
7103,TR666386,Vivere pt. 2,200214.0,64292.0,68.0,Slow Dark,38,1916,1272,7074,7074,7103
7104,TR934890,Californication,185600.0,56544.0,40.0,Warm Bangers,38,1888,14,7075,7075,7104
7105,TR761888,Pezzo Trap,260000.0,48924.0,41.0,Fast-Flow,38,1889,409,682,682,7105
7106,TR644957,Un’altra notte,205533.0,43155.0,42.0,Melodic,38,1888,14,7076,7076,7106
7107,TR716921,Che ore sono,209453.0,41633.0,44.0,Warm Bangers,38,1888,14,7077,7077,7107
7108,TR911007,Sempre in giro,307245.0,45560.0,42.0,Warm Bangers,38,1894,1590,7078,7078,7108
7109,TR236050,R.A.I.S.C.F.,136118.0,57154.0,59.0,Slow Dark,38,1895,1598,7079,7079,7109
7110,TR200402,Marte,135615.0,47577.0,45.0,Warm Bangers,38,1898,381,7080,7080,7110
7111,TR669864,Rossi,136118.0,50757.0,59.0,Warm Bangers,38,1895,1589,7081,7081,7111
7112,TR662703,Tutto OK,218506.0,53406.0,40.0,Melodic,38,1888,14,7082,7082,7112
7113,TR779133,Già da un po’ (2010),187615.0,43785.0,45.0,Melodic,38,1894,1589,7083,7083,7113
7114,TR554008,Noi Siamo Così,126500.0,39847.0,44.0,Melodic,38,1898,381,7084,7084,7114
7115,TR688970,Davi,206211.0,44014.0,61.0,Warm Bangers,38,1889,1589,7085,7085,7115
7116,TR206714,Diario di bordo,243144.0,50789.0,37.0,Slow Dark,38,1894,1590,7086,7086,7116
7117,TR722706,Come Me,194333.0,48835.0,41.0,Hype,38,1888,1604,7087,7087,7117
7118,TR345356,Vivere pt. 1,265454.0,35833.0,65.0,Hype,38,1917,1604,7088,7088,7118
7119,TR939495,Bad Boys,130714.0,46297.0,39.0,Fast-Flow,38,1895,1589,7089,7089,7119
7120,TR320463,I Don’t Care,245286.0,43842.0,36.0,Warm Bangers,38,1894,1590,7090,7090,7120
7121,TR347238,Rap Doom,181259.0,49529.0,35.0,Slow Dark,38,1915,1595,7091,7091,7121
7122,TR764624,Fresco,237250.0,35457.0,59.0,Warm Bangers,38,1890,1589,7092,7092,7122
7123,TR241803,K.O​.,190810.0,42108.0,47.0,Melodic,38,1900,432,7093,7093,7123
7124,TR132334,ᐸ3,191114.0,47210.0,51.0,Melodic,38,1898,381,7094,7094,7124
7125,TR804290,Top,191202.0,39475.0,49.0,Melodic,38,1900,432,7095,7095,7125
7126,TR802163,Fair,129964.0,40512.0,36.0,Warm Bangers,38,1898,381,7096,7096,7126
7127,TR883125,Chiamate Perse,202765.0,33606.0,41.0,Slow Dark,38,1889,409,7097,7097,7127
7128,TR493386,Trap Emo Rmx,142306.0,36740.0,36.0,Slow Dark,38,1898,381,7098,7098,7128
7129,TR659676,Che Ci Faccio,202792.0,37290.0,39.0,Minimal,38,1895,1589,7099,7099,7129
7130,TR521161,Black Mirror,220317.0,47200.0,38.0,Warm Bangers,38,1894,1590,7100,7100,7130
7131,TR389689,Rimango quà,264614.0,36262.0,16.0,Hype,38,1918,1591,7101,7101,7131
7132,TR505764,Veleno pt. 3,183230.0,38896.0,23.0,Fast-Flow,38,1919,1599,7102,7102,7132
7133,TR338477,Out Of My Way,246368.0,41624.0,40.0,Minimal,38,1904,1605,7103,7103,7133
7134,TR957503,Più Di Così,225694.0,33646.0,36.0,Warm Bangers,38,1898,381,7104,7104,7134
7135,TR748085,Veleno pt. 2,233239.0,38635.0,41.0,Hype,38,1920,1604,7105,7105,7135
7136,TR399713,Niente Per Me,195549.0,42386.0,35.0,Fast-Flow,38,1890,515,7106,7106,7136
7137,TR494984,Intro (QVC7),196874.0,44019.0,47.0,Melodic,38,1897,217,7107,7107,7137
7138,TR268877,Un Giro Con Noi,203000.0,40146.0,41.0,Fast-Flow,38,1889,409,7108,7108,7138
7139,TR202465,Buonanotte,221064.0,40428.0,39.0,Slow Dark,38,1889,409,7109,7109,7139
7140,TR931038,Essere vero,146333.0,31414.0,66.0,Warm Bangers,38,1921,217,7110,7110,7140
7141,TR218738,Non Me Ne Vado,186000.0,43280.0,38.0,Slow Dark,38,1890,515,7111,7111,7141
7142,TR520917,Intro [2016],257332.0,31275.0,17.0,Slow Dark,38,1915,515,7112,7112,7142
7143,TR253321,Quello che vi consiglio pt. 3,172618.0,40140.0,35.0,Fast-Flow,38,1898,217,7113,7113,7143
7144,TR868323,Non ti piace,193545.0,32654.0,12.0,Minimal,38,1922,1598,7114,7114,7144
7145,TR189585,Rollercoaster,177882.0,41802.0,36.0,Warm Bangers,38,1898,381,7115,7115,7145
7146,TR807505,"Si Va, Pt. 3",172618.0,38708.0,35.0,Warm Bangers,38,1898,381,7116,7116,7146
7147,TR138342,Nato estremo,221215.0,37387.0,37.0,Fast-Flow,38,1904,1606,7117,7117,7147
7148,TR906271,Outro (QVC8),171931.0,30086.0,0.0,Warm Bangers,38,1923,1589,7118,7118,7148
7149,TR490621,Ehy,156028.0,33058.0,36.0,Warm Bangers,38,1898,381,7119,7119,7149
7150,TR335246,Domani,225327.0,35341.0,38.0,Fast-Flow,38,1890,515,7120,7120,7150
7151,TR274221,K-Hole,216881.0,37296.0,38.0,Fast-Flow,38,1913,572,7121,7121,7151
7152,TR534373,Fratè,207322.0,28018.0,63.0,Fast-Flow,38,1890,217,7122,7122,7152
7153,TR584340,Instagrammo,261377.0,38767.0,45.0,Fast-Flow,38,1894,1590,7123,7123,7153
7154,TR488743,Rollin’,163115.0,37651.0,41.0,Warm Bangers,38,1900,590,7124,7124,7154
7155,TR884905,Tutti quanti,165660.0,29504.0,43.0,Slow Dark,38,1924,1272,7125,7125,7155
7156,TR757696,Eutanasia,309704.0,35751.0,36.0,Hype,38,1894,1590,7126,7126,7156
7157,TR631016,Falsità e cortesia RMX,199253.0,31456.0,44.0,Slow Dark,38,1925,1598,7127,7127,7157
7158,TR381503,Pochette,181430.0,30447.0,56.0,Warm Bangers,38,1900,432,7128,7128,7158
7159,TR970322,Da Piccolo (Snippet),264573.0,28137.0,69.0,Melodic,38,1926,217,7129,7129,7159
7160,TR658645,Rainman,136118.0,31338.0,59.0,Slow Dark,38,1895,1589,7130,7130,7160
7161,TR511810,Questa Qua,172380.0,32173.0,38.0,Melodic,38,1889,409,7131,7131,7161
7162,TR676655,Fammi Fuori,158254.0,28250.0,38.0,Warm Bangers,38,1890,515,7132,7132,7162
7163,TR345554,Cambio Le Regole,226456.0,30444.0,36.0,Fast-Flow,38,1890,515,7133,7133,7163
7164,TR239258,Ce L’hanno Con Me,223192.0,31179.0,36.0,Warm Bangers,38,1890,515,7134,7134,7164
7165,TR694015,Russian Roulette,143371.0,31167.0,36.0,Melodic,38,1898,381,7135,7135,7165
7166,TR704411,Ok!,218506.0,23506.0,40.0,Fast-Flow,38,1888,1589,7136,7136,7166
7167,TR294020,Fabio Volo,202745.0,32176.0,32.0,Melodic,38,1915,1607,7137,7137,7167
7168,TR120447,Intro (QVC6),196874.0,27636.0,47.0,Melodic,38,1897,1598,7138,7138,7168
7169,TR430340,LA PROSSIMA VOLTA (64 Bars),149123.0,25427.0,40.0,Melodic,38,1927,1608,7139,7139,7169
7170,TR113197,Gli stessi,199180.0,24784.0,40.0,Fast-Flow,38,1897,217,7140,7140,7170
7171,TR218172,Silenzio,177672.0,27408.0,55.0,Fast-Flow,38,1900,432,7141,7141,7171
7172,TR599524,Le mille e una notte,194516.0,31364.0,74.0,Minimal,38,1928,1595,7142,7142,7172
7173,TR654867,Outro (Insegui i sogni),210000.0,25635.0,46.0,Minimal,38,1929,217,7143,7143,7173
7174,TR359945,Non Mi Va (Interludio),182245.0,29635.0,76.0,Minimal,38,1911,1589,7144,7144,7174
7175,TR538122,Fuori di testa,195831.0,22362.0,35.0,Fast-Flow,38,1904,1609,7145,7145,7175
7176,TR704724,Il giorno del giudizio,130228.0,26114.0,36.0,Hype,38,1894,1590,7146,7146,7176
7177,TR380648,Intro (QVC4),196874.0,31415.0,47.0,Melodic,38,1897,768,7147,7147,7177
7178,TR916755,Coma,243970.0,28706.0,30.0,Warm Bangers,38,1915,1610,7148,7148,7178
7179,TR305011,Va bene così,195422.0,22535.0,33.0,Hype,38,1904,1591,7149,7149,7179
7180,TR357325,Intro (QVC1),133846.0,25013.0,42.0,Minimal,38,1897,1594,7150,7150,7180
7181,TR783187,Ancora un po’,205125.0,22084.0,58.0,Slow Dark,38,1903,1595,7151,7151,7181
7182,TR143039,Faccio questo pt. 2,205125.0,23664.0,58.0,Hype,38,1903,1604,7152,7152,7182
7183,TR195108,Il sesto elemento,188779.0,27250.0,37.0,Hype,38,1894,1590,7153,7153,7183
7184,TR970485,Top of the world,252306.0,27082.0,91.0,Fast-Flow,38,1930,1594,7154,7154,7184
7185,TR744187,Controlla Freestyle,173960.0,21326.0,57.0,Melodic,38,1888,217,7155,7155,7185
7186,TR170828,Siddharta,186008.0,27948.0,63.0,Melodic,38,1900,1272,7156,7156,7186
7187,TR395260,Come no,247666.0,24763.0,58.0,Fast-Flow,38,1931,217,7157,7157,7187
7188,TR819526,N.F.C.N.B.,185195.0,22693.0,63.0,Melodic,38,1897,515,7158,7158,7188
7189,TR818062,Baci Al Cianuro,206040.0,23738.0,33.0,Fast-Flow,38,1901,1593,7159,7159,7189
7190,TR580584,Adesso,201964.0,24631.0,52.0,Warm Bangers,38,1900,1611,7160,7160,7190
7191,TR148900,"Detto, Fatto.",208320.0,24155.0,40.0,Hype,38,1901,1593,7161,7161,7191
7192,TR910960,Cosa Vedo,165128.0,23251.0,31.0,Hype,38,1932,1604,7162,7162,7192
7193,TR711788,Niente,195549.0,23401.0,35.0,Slow Dark,38,1890,1272,7163,7163,7193
7194,TR919158,Zitto e guarda,231360.0,20260.0,35.0,Hype,38,1894,1590,7164,7164,7194
7195,TR853343,Lo faccio bene (QVC6),173960.0,25544.0,57.0,Melodic,38,1888,1598,7165,7165,7195
7196,TR836598,Mai,176400.0,23005.0,51.0,Slow Dark,38,1901,217,7166,7166,7196
7197,TR154777,Chissenefrega (Snippet),186008.0,18975.0,63.0,Slow Dark,38,1900,217,7167,7167,7197
7198,TR130588,Male e bene,173960.0,23563.0,57.0,Melodic,38,1888,1591,7168,7168,7198
7199,TR318405,Dimmelo Pure,180137.0,24975.0,75.0,Fast-Flow,38,1933,1272,7169,7169,7199
7200,TR954532,Pornstar,237266.0,24480.0,53.0,Warm Bangers,38,1900,432,7170,7170,7200
7201,TR323965,Eclissi,186008.0,19384.0,63.0,Slow Dark,38,1900,1076,7171,7171,7201
7202,TR206457,Questa giornata,307245.0,17460.0,42.0,Melodic,38,1894,1598,7172,7172,7202
7203,TR767510,Sigarette,236466.0,20339.0,35.0,Hype,38,1894,1590,7173,7173,7203
7204,TR293036,Drama,253567.0,17052.0,38.0,Hype,38,1894,1590,7174,7174,7204
7205,TR639204,Me basta questo,207394.0,23632.0,38.0,Hype,38,1904,1594,7175,7175,7205
7206,TR970036,Outro (Too Much),143606.0,17277.0,4.0,Minimal,38,1934,1272,7176,7176,7206
7207,TR465485,Si Va pt. 2,254889.0,17640.0,10.0,Slow Dark,38,1935,1598,7177,7177,7207
7208,TR219943,Pow Pow,165660.0,18718.0,43.0,Warm Bangers,38,1924,1598,7178,7178,7208
7209,TR511640,È morto,207394.0,18350.0,38.0,Slow Dark,38,1904,1594,7179,7179,7209
7210,TR558630,La la la,151746.0,21046.0,45.0,Melodic,38,1936,1604,7180,7180,7210
7211,TR917051,Con me,259186.0,18445.0,56.0,Minimal,38,1906,1598,7181,7181,7211
7212,TR454758,Come gli esplosivi RMX,145209.0,16255.0,34.0,Hype,38,1904,1591,7182,7182,7212
7213,TR362586,Superman pt. 2,484266.0,16766.0,28.0,Hype,38,1937,1604,7183,7183,7213
7214,TR148249,Intro (QVC3),196874.0,18297.0,47.0,Hype,38,1897,1591,7184,7184,7214
7215,TR243050,Intro (QVC5),196874.0,15557.0,47.0,Melodic,38,1897,1595,7185,7185,7215
7216,TR536494,Smokin’ Aces,208750.0,18705.0,35.0,Hype,38,1894,1590,7186,7186,7216
7217,TR562469,No Comment,188900.0,18369.0,34.0,Hype,38,1894,1590,7187,7187,7217
7218,TR470777,Intro (QVC10),133846.0,19257.0,42.0,Warm Bangers,38,1897,139,7188,7188,7218
7219,TR375675,Inutile che dici di no,265933.0,20681.0,47.0,Hype,38,1938,1599,7189,7189,7219
7220,TR540275,Goal,189287.0,19861.0,46.0,Fast-Flow,38,1897,139,7190,7190,7220
7221,TR457535,La Ballata Del Dubbio Pt.4 (FINAL ACT),204021.0,20045.0,44.0,Fast-Flow,38,1897,139,7191,7191,7221
7222,TR473818,Jorge Lorenzo,158125.0,15027.0,40.0,Warm Bangers,38,1900,1611,7192,7192,7222
7223,TR214995,Mettere Giù,207627.0,14232.0,35.0,Fast-Flow,38,1913,572,7193,7193,7223
7224,TR531544,Nun Ce La Faccio Più,188000.0,15324.0,7.0,Hype,38,1939,1612,7194,7194,7224
7225,TR265096,Sail Rmxxx,186008.0,19226.0,63.0,Melodic,38,1900,1595,7195,7195,7225
7226,TR592860,Quello che vi consiglio,185195.0,19418.0,63.0,Fast-Flow,38,1897,1594,7196,7196,7226
7227,TR122802,Stò in giro (Fratè è un sacco),173960.0,18514.0,57.0,Warm Bangers,38,1888,1598,7197,7197,7227
7228,TR822183,Quello Che Vi Consiglio pt. 2,151335.0,13376.0,34.0,Slow Dark,38,1904,1272,7198,7198,7228
7229,TR260994,Tribute pt. 2,195173.0,18114.0,4.0,Hype,38,1940,1604,7199,7199,7229
7230,TR567729,Superman pt. 3,210306.0,14867.0,3.0,Fast-Flow,38,1941,1272,7200,7200,7230
7231,TR813228,Fire pt. 2,260906.0,12019.0,6.0,Fast-Flow,38,1942,1272,7201,7201,7231
7232,TR940222,In aria,84569.0,14542.0,0.0,Slow Dark,38,1943,1272,7202,7202,7232
7233,TR594426,Billy Idol,151335.0,11838.0,34.0,Warm Bangers,38,1904,1595,7203,7203,7233
7234,TR809092,Andare via,221215.0,14688.0,37.0,Hype,38,1904,1604,7204,7204,7234
7235,TR774416,Quando Sto Con Te,181596.0,13337.0,43.0,Fast-Flow,38,1900,432,7205,7205,7235
7236,TR114528,Il Salto,164726.0,13615.0,48.0,Slow Dark,38,1897,139,7206,7206,7236
7237,TR271833,L’Unico Compromesso,239974.0,14206.0,50.0,Hype,38,1913,572,7207,7207,7237
7238,TR943385,Jeffrey,121851.0,15568.0,46.0,Fast-Flow,38,1897,139,7208,7208,7238
7239,TR409037,Dove Stanno,188000.0,14422.0,7.0,Fast-Flow,38,1939,1598,7209,7209,7239
7240,TR683848,Ogni Volta,183460.0,12729.0,43.0,Warm Bangers,38,1900,432,7210,7210,7240
7241,TR328095,Ci puoi riprovare,180863.0,14593.0,76.0,Melodic,38,1911,1595,7211,7211,7241
7242,TR757697,Colpevole,178360.0,14977.0,51.0,Fast-Flow,38,1897,139,7212,7212,7242
7243,TR728500,Qua Con Me,221458.0,10835.0,39.0,Warm Bangers,38,1900,432,7213,7213,7243
7244,TR276857,Restiamo Soli,196874.0,12827.0,47.0,Warm Bangers,38,1897,139,7214,7214,7244
7245,TR910920,Non Ti Vedo Più,195789.0,11515.0,50.0,Slow Dark,38,1897,139,7215,7215,7245
7246,TR213881,Ti piacerebbe,207630.0,10177.0,32.0,Warm Bangers,38,1904,1591,2858,2858,7246
7247,TR458188,Ghost Track (QVC1),222640.0,13192.0,91.0,Fast-Flow,38,1944,1594,7216,7216,7247
7248,TR495908,Without You,189235.0,14137.0,43.0,Warm Bangers,38,1897,139,7217,7217,7248
7249,TR695460,Superman,175293.0,10669.0,46.0,Fast-Flow,38,1945,1594,7218,7218,7249
7250,TR876268,J.A.S.T. pt. 2,244306.0,13727.0,12.0,Warm Bangers,38,1946,1591,7219,7219,7250
7251,TR989536,La Merce Più Buona,242540.0,13908.0,43.0,Warm Bangers,38,1897,139,7220,7220,7251
7252,TR188141,Quello che mi chiedi,252946.0,14126.0,47.0,Melodic,38,1947,1595,7221,7221,7252
7253,TR305517,Rollin’ Pt. 2,163115.0,10943.0,41.0,Slow Dark,38,1900,432,7222,7222,7253
7254,TR111344,Intro (QVC2),196874.0,13968.0,47.0,Melodic,38,1897,1604,7223,7223,7254
7255,TR314142,Giù (Resto Qua),192747.0,11115.0,26.0,Slow Dark,38,1915,1479,7224,7224,7255
7256,TR963599,May Day,232186.0,11856.0,94.0,Warm Bangers,38,1948,1591,7225,7225,7256
7257,TR554104,Work,191682.0,9382.0,1.0,Slow Dark,38,1949,1589,7226,7226,7257
7258,TR383724,Daydream,186008.0,9338.0,63.0,Hype,38,1900,1604,7227,7227,7258
7259,TR711129,Winners&Losers,241820.0,11754.0,29.0,Fast-Flow,38,1913,572,7228,7228,7259
7260,TR648071,Fuori Di Qua (Out Of My Way pt. 2),209043.0,10455.0,31.0,Fast-Flow,38,1913,572,7229,7229,7260
7261,TR184566,Dove sto,188000.0,9545.0,7.0,Fast-Flow,38,1939,1604,7230,7230,7261
7262,TR737130,Outro (QVC1),155961.0,9232.0,42.0,Minimal,38,1897,1594,7231,7231,7262
7263,TR684108,Terra/Luna,236160.0,11144.0,29.0,Fast-Flow,38,1901,1593,7232,7232,7263
7264,TR300297,Neanche un giorno,307245.0,8244.0,42.0,Fast-Flow,38,1894,1272,7233,7233,7264
7265,TR924435,Outro (QVC5),171931.0,11546.0,0.0,Minimal,38,1923,1595,7234,7234,7265
7266,TR115777,Disco D’Oro,153546.0,8485.0,27.0,Hype,38,1950,325,7235,7235,7266
7267,TR144592,Lo Stesso,193101.0,8858.0,30.0,Fast-Flow,38,1913,572,7236,7236,7267
7268,TR854744,Si Va,172618.0,9581.0,35.0,Slow Dark,38,1898,1595,7237,7237,7268
7269,TR175133,Temporale,182564.0,9943.0,16.0,Fast-Flow,38,1951,1604,7238,7238,7269
7270,TR666480,L’ho scelto,221215.0,9229.0,37.0,Hype,38,1904,1591,7239,7239,7270
7271,TR772212,Decathlon,136118.0,9054.0,59.0,Melodic,38,1895,1595,7240,7240,7271
7272,TR473380,Nevermind (Spegnila),240362.0,11350.0,28.0,Warm Bangers,38,1913,1613,7241,7241,7272
7273,TR620314,Fanculo al mondo,307245.0,10017.0,42.0,Hype,38,1894,1604,7242,7242,7273
7274,TR603402,Giorno nero,176000.0,7646.0,78.0,Warm Bangers,38,1952,1595,7243,7243,7274
7275,TR386476,Quando Mai,179241.0,9116.0,30.0,Fast-Flow,38,1913,572,7244,7244,7275
7276,TR274508,Fire,207322.0,10620.0,63.0,Hype,38,1890,1604,7245,7245,7276
7277,TR363905,Met Gala,199180.0,8254.0,40.0,Warm Bangers,38,1897,139,7246,7246,7277
7278,TR312231,Vibes,132933.0,7462.0,44.0,Warm Bangers,38,1897,139,7247,7247,7278
7279,TR533725,Faccio questo,205125.0,9826.0,58.0,Hype,38,1903,1594,7248,7248,7279
7280,TR787145,Tribute pt. 1,210306.0,9206.0,3.0,Melodic,38,1941,1594,7249,7249,7280
7281,TR166534,Nun ce la fai,188000.0,8883.0,7.0,Fast-Flow,38,1939,1594,7250,7250,7281
7282,TR691264,Coppa Italia,152000.0,6810.0,42.0,Warm Bangers,38,1897,139,7251,7251,7282
7283,TR109183,Natura Morta (outro),155961.0,7030.0,42.0,Fast-Flow,38,1897,139,7252,7252,7283
7284,TR637167,Povero Stronzo,175200.0,8574.0,61.0,Hype,38,1953,1604,7253,7253,7284
7285,TR892139,Vado avanti,164177.0,7143.0,59.0,Hype,38,1954,1604,7254,7254,7285
7286,TR344413,Basta,207394.0,8087.0,38.0,Minimal,38,1904,1594,7255,7255,7286
7287,TR681081,La penso così,182473.0,8101.0,49.0,Slow Dark,38,1955,1594,7256,7256,7287
7288,TR269920,Antidoping,237000.0,7178.0,28.0,Hype,38,1901,1593,7257,7257,7288
7289,TR832848,La Testa Mia,200889.0,9024.0,29.0,Fast-Flow,38,1913,572,7258,7258,7289
7290,TR303350,La Bibbia,156743.0,8662.0,41.0,Warm Bangers,38,1897,139,7259,7259,7290
7291,TR417020,Classe ’88,207394.0,8110.0,38.0,Hype,38,1904,1599,7260,7260,7291
7292,TR348273,Tu che scegli,189642.0,6181.0,75.0,Hype,38,1931,1614,7261,7261,7292
7293,TR782572,Persi,199754.0,6103.0,41.0,Warm Bangers,38,1897,139,7262,7262,7293
7294,TR239496,Occhi Di Vetro,195989.0,7173.0,27.0,Fast-Flow,38,1913,572,7263,7263,7294
7295,TR461994,Hip Hop Snippet,132919.0,6187.0,43.0,Warm Bangers,38,1897,139,7264,7264,7295
7296,TR799070,Che ne sai,205125.0,8438.0,58.0,Fast-Flow,38,1903,1599,7265,7265,7296
7297,TR223862,Sempre Le 4,208200.0,5975.0,31.0,Hype,38,1901,1593,7266,7266,7297
7298,TR397678,G.A.R.M.,174920.0,6827.0,56.0,Warm Bangers,38,1956,1593,7267,7267,7298
7299,TR309377,Sperare,237250.0,6487.0,59.0,Minimal,38,1890,1594,7268,7268,7299
7300,TR671515,Gospel,217785.0,7243.0,36.0,Fast-Flow,38,1957,1615,7269,7269,7300
7301,TR438392,Hallelujah,186008.0,5757.0,63.0,Minimal,38,1900,1594,7270,7270,7301
7302,TR672756,Ghost Track (QVC2),222640.0,6489.0,91.0,Slow Dark,38,1944,1604,7271,7271,7302
7303,TR318011,Se vuoi puoi,180666.0,5956.0,42.0,Minimal,38,1958,1595,7272,7272,7303
7304,TR145437,Liscio,131878.0,7481.0,42.0,Slow Dark,38,1897,139,7273,7273,7304
7305,TR671348,Come te,247666.0,5285.0,58.0,Hype,38,1931,1591,7274,7274,7305
7306,TR608105,Devo essere l’unico,466000.0,7457.0,62.0,Fast-Flow,38,1959,1599,7275,7275,7306
7307,TR485629,Cucimi le labbra RMX,175342.0,7207.0,23.0,Hype,38,1960,1604,7276,7276,7307
7308,TR761191,Via Da Questo Posto,187615.0,5823.0,45.0,Hype,38,1894,1599,7277,7277,7308
7309,TR864469,2013 (Accendila),134040.0,7022.0,27.0,Hype,38,1913,572,7278,7278,7309
7310,TR504616,Sperare pt. 2,244266.0,4977.0,1.0,Slow Dark,38,1946,1604,7279,7279,7310
7311,TR133389,Non ce n’è,173960.0,7207.0,57.0,Fast-Flow,38,1888,1599,7280,7280,7311
7312,TR201288,Bianco,217785.0,6122.0,36.0,Fast-Flow,38,1957,1615,7281,7281,7312
7313,TR960319,Outro (QVC2),171931.0,5447.0,0.0,Hype,38,1923,1604,7282,7282,7313
7314,TR331239,Forever True,268384.0,5552.0,30.0,Fast-Flow,38,1913,572,7283,7283,7314
7315,TR859441,Chissenefrega RMX,186008.0,4832.0,63.0,Melodic,38,1900,1616,7284,7284,7315
7316,TR631579,Fatti,207322.0,6910.0,63.0,Fast-Flow,38,1890,1594,7285,7285,7316
7317,TR776498,Jesus,154194.0,4565.0,38.0,Slow Dark,38,1897,139,7286,7286,7317
7318,TR198138,Riflessioni,207322.0,5885.0,63.0,Hype,38,1890,1604,7287,7287,7318
7319,TR325524,Se preferisco,211647.0,5313.0,73.0,Hype,38,1952,1594,7288,7288,7319
7320,TR933198,No Good,210688.0,6336.0,93.0,Hype,38,1961,1604,7289,7289,7320
7321,TR656337,Non ci fermi mai,167283.0,4505.0,69.0,Fast-Flow,38,1962,1599,7290,7290,7321
7322,TR347241,Lo Faccio Bene,199631.0,5078.0,25.0,Melodic,38,1913,572,7291,7291,7322
7323,TR435930,Collier,243007.0,4980.0,26.0,Fast-Flow,38,1913,572,7292,7292,7323
7324,TR323357,Presidential,187304.0,5420.0,39.0,Slow Dark,38,1897,139,7293,7293,7324
7325,TR282212,Te nun ce poi stà,279403.0,4149.0,1.0,Fast-Flow,38,1963,1604,7294,7294,7325
7326,TR109007,Noodles,112000.0,4398.0,37.0,Melodic,38,1897,139,7295,7295,7326
7327,TR456066,Mondo Spaccato,196313.0,4443.0,25.0,Hype,38,1913,572,7296,7296,7327
7328,TR713229,La risposta,181440.0,5492.0,12.0,Hype,38,1964,1599,7297,7297,7328
7329,TR944461,Watch how it go down,216880.0,4393.0,92.0,Minimal,38,1965,1594,7298,7298,7329
7330,TR593143,Hi-tech,353754.0,5162.0,81.0,Warm Bangers,38,1966,1599,7299,7299,7330
7331,TR535965,Celebrity,246003.0,4444.0,26.0,Fast-Flow,38,1913,572,7300,7300,7331
7332,TR176666,Fuoriclasse,207322.0,5742.0,63.0,Slow Dark,38,1890,1601,7301,7301,7332
7333,TR452359,Baghdad,207322.0,5904.0,63.0,Hype,38,1890,1591,7302,7302,7333
7334,TR719684,Di noi non ti scordi,226906.0,5052.0,82.0,Fast-Flow,38,1911,1599,7303,7303,7334
7335,TR984351,Back on the scene,249302.0,4720.0,91.0,Hype,38,1967,1599,7304,7304,7335
7336,TR706801,Low budget,228506.0,4482.0,12.0,Warm Bangers,38,1968,1599,7305,7305,7336
7337,TR511677,Mash-up radio 105,219813.0,4111.0,18.0,Melodic,38,1969,107,7306,7306,7337
7338,TR875221,Fan Culo,186213.0,4551.0,66.0,Fast-Flow,38,1970,1601,7307,7307,7338
7339,TR790223,One Take FM Free Mic,215594.0,5323.0,64.0,Warm Bangers,38,1971,1617,7308,7308,7339
7340,TR971773,Senti qua,207394.0,5083.0,38.0,Clean,38,1904,345,7309,7309,7340
7341,TR490148,Non è colpa mia,221215.0,5908.0,37.0,Minimal,38,1904,899,7310,7310,7341
7342,TR315693,Covid-19 Freestyle,186566.0,4803.0,5.0,Warm Bangers,38,1972,676,7311,7311,7342
7343,TR660379,Radio BB Special,225586.0,5403.0,12.0,Melodic,38,1973,680,7312,7312,7343
7344,TR979288,Passatempo,206211.0,4993.0,61.0,Fast-Flow,38,1889,1601,7313,7313,7344
7345,TR449309,Ce n’è ancora,173960.0,5042.0,57.0,Clean,38,1888,912,7314,7314,7345
7346,TR227405,Non ha prezzo RMX,245853.0,4550.0,75.0,Hype,38,1905,1618,7315,7315,7346
7347,TR248945,Puoi,187615.0,4926.0,60.0,Hype,38,1894,1619,7316,7316,7347
7348,TR513521,Exclusive 2011,188000.0,4957.0,7.0,Hype,38,1939,581,7317,7317,7348
7349,TR615148,105 Mi Casa Mashup: Gemitaiz con Veleno 6 e Tanta Roba Anthem su SICKO MODE,173960.0,5429.0,57.0,Melodic,38,1888,1620,7318,7318,7349
7350,TR828234,Come un jet,307245.0,5896.0,42.0,Warm Bangers,38,1894,1601,7319,7319,7350
7351,TR646053,Avanti così,183106.0,4673.0,6.0,Slow Dark,38,1974,1621,7320,7320,7351
7352,TR584792,🤮🤮🤮😤😤😤😫😫🤒🤒🥴🥴🥴 (Freestyle),207322.0,4096.0,63.0,Slow Dark,38,1890,440,7321,7321,7352
7353,TR369961,FDTCK - Red Bull Posse,209656.0,5006.0,33.0,Warm Bangers,38,1975,312,7322,7322,7353
7354,TR322402,Veleno 3 (Detto Fatto RMX),165773.0,5103.0,0.0,Warm Bangers,38,1976,1593,7323,7323,7354
7355,TR158750,105 Mi Casa Mashup: Gemitaiz su Bimbi di Charlie Charles,186008.0,4348.0,63.0,Melodic,38,1900,1622,7324,7324,7355
7356,TR109959,Mejo che te dai,223834.0,5537.0,79.0,Clean,38,1905,1623,7325,7325,7356
7357,TR199538,Noi Siamo Così RMX,226906.0,5988.0,82.0,Minimal,38,1911,1514,7326,7326,7357
7358,TR107407,Haterproof (Detto Fatto RMX),103748.0,5910.0,26.0,Clean,38,1977,1593,7327,7327,7358
7359,TR587520,Collasso,237250.0,4408.0,59.0,Fast-Flow,38,1890,1624,7328,7328,7359
7360,TR758787,La Risposta (Detto Fatto RMX),180137.0,5769.0,75.0,Hype,38,1933,1593,7329,7329,7360
7361,TR485471,Covid-19 Freestyle pt.2,141791.0,5423.0,2.0,Fast-Flow,38,1978,440,7330,7330,7361
7362,TR980943,SNITCH E IMPICCI,202380.0,112801.0,48.0,Warm Bangers,27,1979,1127,7331,7331,7362
7363,TR410884,Occupato,144000.0,73509.0,44.0,Warm Bangers,27,1980,642,7332,7332,7363
7364,TR161891,ELEGANTE,220896.0,65099.0,61.0,Slow Dark,27,1979,547,7333,7333,7364
7365,TR283958,Boss,204093.0,49272.0,47.0,Warm Bangers,27,1980,1625,7334,7334,7365
7366,TR520809,Kanaglia,204093.0,41840.0,47.0,Fast-Flow,27,1980,1626,7335,7335,7366
7367,TR846349,OPPS,194285.0,35671.0,41.0,Warm Bangers,27,1979,547,7336,7336,7367
7368,TR352114,ENJOY,187200.0,30227.0,36.0,Warm Bangers,27,1979,547,7337,7337,7368
7369,TR267487,ZERO+ZERO,150943.0,23198.0,35.0,Warm Bangers,27,1979,547,7338,7338,7369
7370,TR672792,Wave,169400.0,28443.0,46.0,Warm Bangers,27,1980,1465,7339,7339,7370
7371,TR396356,WICKR ME,204324.0,21730.0,33.0,Warm Bangers,27,1979,547,7340,7340,7371
7372,TR831217,Booster,205906.0,20428.0,39.0,Fast-Flow,27,1980,1627,7341,7341,7372
7373,TR467616,BANKROLL,166758.0,15306.0,27.0,Warm Bangers,27,1979,547,7342,7342,7373
7374,TR504348,ELO,220896.0,17368.0,61.0,Warm Bangers,27,1979,547,7343,7343,7374
7375,TR355561,GIRO D’ITALIA,163636.0,13496.0,32.0,Warm Bangers,27,1979,547,7344,7344,7375
7376,TR600284,223,146250.0,12103.0,25.0,Warm Bangers,27,1979,509,7345,7345,7376
7377,TR332010,OH MAMI,168857.0,12919.0,30.0,Fast-Flow,27,1981,908,7346,7346,7377
7378,TR185185,CALMA,198260.0,11894.0,28.0,Fast-Flow,27,1979,547,7347,7347,7378
7379,TR680167,CHANCE,173513.0,12591.0,28.0,Warm Bangers,27,1979,547,7348,7348,7379
7380,TR752033,Massarenti,220896.0,8086.0,61.0,Fast-Flow,27,1979,1628,7349,7349,7380
7381,TR461564,ANIMA,165517.0,8608.0,23.0,Warm Bangers,27,1981,1167,7350,7350,7381
7382,TR499734,Drip,181468.0,7660.0,28.0,Fast-Flow,27,1982,1283,7351,7351,7382
7383,TR541037,DOMANI L’ALTRO,155064.0,9944.0,28.0,Fast-Flow,27,1979,547,7352,7352,7383
7384,TR819257,MILLY ROCK,158518.0,8118.0,52.0,Warm Bangers,27,1983,1629,7353,7353,7384
7385,TR227681,Quello Vero,189657.0,8504.0,28.0,Warm Bangers,27,1984,463,7354,7354,7385
7386,TR873781,Casco Momo,181668.0,7109.0,58.0,Warm Bangers,27,1985,1630,7355,7355,7386
7387,TR457671,GG,176720.0,6150.0,20.0,Warm Bangers,27,1980,1465,7356,7356,7387
7388,TR820354,XSEMPRE,128371.0,8180.0,19.0,Slow Dark,27,1981,908,7357,7357,7388
7389,TR409199,Piccolo Dref,195106.0,5989.0,27.0,Fast-Flow,27,1980,1465,7358,7358,7389
7390,TR448043,Fortuna,200066.0,6142.0,22.0,Fast-Flow,27,1980,1465,7359,7359,7390
7391,TR907711,STUPIDO DRIP,163636.0,6520.0,24.0,Warm Bangers,27,1979,547,7360,7360,7391
7392,TR399418,Soldi Blu,112000.0,4573.0,23.0,Warm Bangers,27,1980,1465,7361,7361,7392
7393,TR463795,NOTTE E GIORNO,108923.0,5690.0,23.0,Warm Bangers,27,1979,547,7362,7362,7393
7394,TR479164,GHOSTBUSTER,180794.0,5086.0,43.0,Warm Bangers,27,1983,1629,7363,7363,7394
7395,TR755381,Mannaggia,186013.0,4567.0,23.0,Warm Bangers,27,1980,1465,7364,7364,7395
7396,TR918658,PURPLE RAIN,203076.0,4134.0,43.0,Warm Bangers,27,1983,1629,7365,7365,7396
7397,TR465043,Esse Magazine Freestyle #20,234000.0,4337.0,41.0,Warm Bangers,27,1986,467,7366,7366,7397
7398,TR924145,HEAVY,165230.0,5805.0,20.0,Fast-Flow,27,1981,908,7367,7367,7398
7399,TR733248,SHOOTER,140115.0,5387.0,22.0,Slow Dark,27,1981,908,7368,7368,7399
7400,TR766736,KNGL dance,216680.0,4511.0,21.0,Warm Bangers,27,1980,1465,7369,7369,7400
7401,TR366482,GG (Kanaglia Mixtape),204093.0,4142.0,47.0,Fast-Flow,27,1980,1631,7370,7370,7401
7402,TR472322,KNGL Edificio,220896.0,5395.0,61.0,Warm Bangers,27,1979,1632,7371,7371,7402
7403,TR454992,TZUNAMI,169510.0,5158.0,42.0,Warm Bangers,27,1983,1629,7372,7372,7403
7404,TR524065,DOUBLE CUP,148965.0,4823.0,16.0,Minimal,27,1981,1633,7373,7373,7404
7405,TR169306,100MILA,220896.0,4742.0,61.0,Fast-Flow,27,1979,1634,7374,7374,7405
7406,TR705457,CICATRICI,177627.0,4446.0,17.0,Warm Bangers,27,1981,908,7375,7375,7406
7407,TR798277,ORAZIO KANE,159069.0,5354.0,34.0,Warm Bangers,27,1983,1629,7376,7376,7407
7408,TR779200,JANNIK SIPPER,130142.0,5954.0,33.0,Warm Bangers,27,1987,1635,7377,7377,7408
7409,TR436638,APOLOGY,138682.0,4363.0,15.0,Fast-Flow,27,1981,908,7378,7378,7409
7410,TR609708,Lemme See Freestyle,182181.0,5207.0,33.0,Melodic,27,1988,1636,7379,7379,7410
7411,TR606656,CHAIN*,220896.0,4862.0,61.0,Slow Dark,27,1979,137,7380,7380,7411
7412,TR901695,BABE,163473.0,4908.0,38.0,Slow Dark,27,1983,1629,7381,7381,7412
7413,TR494604,Sottovuoto,167999.0,4520.0,69.0,Minimal,27,1989,464,7382,7382,7413
7414,TR466190,ELO (2016),230106.0,5666.0,10.0,Minimal,27,1990,201,7383,7383,7414
7415,TR994228,Eminflex,220896.0,4985.0,61.0,Melodic,27,1979,1637,7384,7384,7415
7416,TR936655,Battiti,155368.0,5100.0,24.0,Warm Bangers,27,1991,104,7385,7385,7416
7417,TR539538,Prova del 9,129737.0,4619.0,40.0,Warm Bangers,27,1992,943,7386,7386,7417
7418,TR847728,JUNKIE BAR,154673.0,4375.0,40.0,Warm Bangers,27,1983,1629,7387,7387,7418
7419,TR314154,ALLERTA METEO,132650.0,4183.0,30.0,Warm Bangers,27,1983,1629,7388,7388,7419
7420,TR191751,MR. Komparema,122686.0,5440.0,26.0,Fast-Flow,27,1993,310,7389,7389,7420
7421,TR640437,Patatine Nuvola,220896.0,4404.0,61.0,Fast-Flow,27,1979,212,7390,7390,7421
7422,TR116779,RICK STEP OWEN,117735.0,5391.0,31.0,Warm Bangers,27,1983,1629,7391,7391,7422
7423,TR151486,KNGL LOVE GANG,200000.0,4795.0,68.0,Warm Bangers,27,1994,1638,7392,7392,7423
7424,TR287346,GOBLIN,158518.0,4845.0,52.0,Melodic,27,1983,1629,7393,7393,7424
7425,TR652737,On The Radar Freestyle,431671.0,4950.0,27.0,Warm Bangers,27,1995,1629,7394,7394,7425
7426,TR956761,BLA O CAP,105882.0,4748.0,54.0,Warm Bangers,27,1996,241,7395,7395,7426
7427,TR827155,I WANT U,184489.0,4212.0,33.0,Warm Bangers,27,1983,1629,7396,7396,7427
7428,TR179320,INFLUENCER,136171.0,4631.0,39.0,Warm Bangers,27,1983,1629,7397,7397,7428
7429,TR134114,Panda RMX (Bonus Track),356053.0,5343.0,27.0,Minimal,27,1997,1639,7398,7398,7429
7430,TR194011,SACRIFICI,126720.0,5345.0,27.0,Warm Bangers,27,1983,1629,7399,7399,7430
7431,TR563386,Giorni Nel Blocco,180000.0,4583.0,21.0,Fast-Flow,27,1998,187,7400,7400,7431
7432,TR168260,Radio 105 Freestyle,197853.0,4932.0,24.0,Warm Bangers,27,1999,985,7401,7401,7432
7433,TR318060,Bolo Top Mariuoli,201006.0,4399.0,26.0,Slow Dark,27,2000,1170,7402,7402,7433
7434,TR399629,VECCHIA GUARDIA,113032.0,4431.0,26.0,Warm Bangers,27,1983,1629,7403,7403,7434
7435,TR317801,Questa È Droga,182245.0,4058.0,76.0,Slow Dark,27,2001,1170,7404,7404,7435
7436,TR615780,Online,220896.0,5808.0,61.0,Warm Bangers,27,1979,147,7405,7405,7436
7437,TR606789,Junkie Spiderman,179076.0,4432.0,29.0,Warm Bangers,27,2002,1640,7406,7406,7437
7438,TR117359,Kzz Mrd,220896.0,4468.0,61.0,Melodic,27,1979,1641,7407,7407,7438
7439,TR669235,Esko fuori la porta,187573.0,4573.0,71.0,Minimal,27,2003,418,7408,7408,7439
7440,TR279756,Nasty Freestyle,234000.0,4266.0,41.0,Fast-Flow,27,1986,1170,7409,7409,7440
7441,TR815411,Kompra Tutto,169400.0,5296.0,46.0,Melodic,27,1980,1642,7410,7410,7441
7442,TR468666,Pessotto,220896.0,4164.0,61.0,Melodic,27,1979,1170,7411,7411,7442
7443,TR616186,Scrivo Barre,205125.0,4282.0,58.0,Melodic,27,2004,1170,7412,7412,7443
7444,TR836381,Kompare (Bonus Track),236777.0,5304.0,1.0,Fast-Flow,27,2005,1170,7413,7413,7444
7445,TR450671,Dentro Me,180863.0,4694.0,76.0,Slow Dark,27,2001,1170,7414,7414,7445
7446,TR493977,TOMA TUSSI RMX,200653.0,5431.0,39.0,Minimal,27,2006,556,7415,7415,7446
7447,TR177340,I’m Dref,168857.0,5131.0,30.0,Melodic,27,1981,1170,7416,7416,7447
7448,TR379388,Space*,189000.0,4526.0,36.0,Minimal,27,2007,63,7417,7417,7448
7449,TR216094,Pensa Te,151586.0,5318.0,71.0,Fast-Flow,27,2008,1170,7418,7418,7449
7450,TR394622,esse Type Beat (Sanremo Edition),200869.0,4243.0,57.0,Warm Bangers,27,2009,1643,7419,7419,7450
7451,TR544227,BossMan Flow,234000.0,5084.0,57.0,Warm Bangers,27,2010,1644,7420,7420,7451
7452,TR902349,No Non Ho,189657.0,4889.0,28.0,Slow Dark,27,1984,679,7421,7421,7452
7453,TR535408,Lettera ad un fratello,206805.0,4549.0,68.0,Clean,27,2011,1645,7422,7422,7453
7454,TR535138,Beef,184489.0,5223.0,33.0,Slow Dark,27,1983,1170,7423,7423,7454
7455,TR455822,Pila di racks*,182245.0,5759.0,76.0,Slow Dark,27,2001,798,7424,7424,7455
7456,TR237984,Fuori posto,192096.0,6018.0,72.0,Melodic,27,2001,870,7425,7425,7456
7457,TR609628,Kanaglia (Kanaglia Mixtape),144000.0,5230.0,44.0,Fast-Flow,27,1980,681,7426,7426,7457
7458,TR190858,Fook Em,167642.0,4823.0,3.0,Slow Dark,27,2012,1170,7427,7427,7458
7459,TR355119,Smo King Sea Son,236720.0,4463.0,0.0,Minimal,27,2013,681,7428,7428,7459
7460,TR332406,Five Millions,228638.0,4527.0,15.0,Melodic,27,2014,681,7429,7429,7460
7461,TR119930,BLOODY BARS - DRILLUMINAZIONE,335080.0,324498.0,50.0,Hype,94,2015,853,7430,7430,7461
7462,TR236859,X 1 MEX,174746.0,185690.0,49.0,Warm Bangers,94,2015,853,7431,7431,7462
7463,TR230720,MACHETE SATELLITE,146986.0,172360.0,49.0,Hype,94,2015,853,7432,7432,7463
7464,TR757389,BABY,138560.0,129893.0,48.0,Hype,94,2015,853,7433,7433,7464
7465,TR143497,TELEPHONE,168760.0,125390.0,54.0,Hype,94,2015,853,7434,7434,7465
7466,TR780977,BLOODY BARS - STUDIOMOB,72133.0,108463.0,46.0,Hype,94,2015,853,7435,7435,7466
7467,TR479533,ALTALENE,186853.0,125234.0,54.0,Fast-Flow,94,2015,853,7436,7436,7467
7468,TR176635,WEEKEND,180480.0,113174.0,50.0,Hype,94,2015,853,7437,7437,7468
7469,TR458054,GREVE,145973.0,90748.0,45.0,Warm Bangers,94,2015,853,7438,7438,7469
7470,TR711632,5G,199320.0,71134.0,38.0,Slow Dark,94,2015,853,7439,7439,7470
7471,TR670518,ALASKA,190306.0,75419.0,43.0,Hype,94,2015,853,7440,7440,7471
7472,TR422545,BLOODY BARS - LOCKED,135106.0,52931.0,37.0,Hype,94,2015,853,7441,7441,7472
7473,TR803540,SPACETRIP,155040.0,68793.0,43.0,Hype,94,2015,853,7442,7442,7473
7474,TR100979,SBSM,140826.0,49875.0,43.0,Hype,94,2015,853,7443,7443,7474
7475,TR162068,OMG,194680.0,47269.0,37.0,Slow Dark,94,2015,853,7444,7444,7475
7476,TR155130,Vecchia mia,202874.0,19631.0,30.0,Warm Bangers,94,2016,1646,7445,7445,7476
7477,TR586299,The Low Kiddz,112667.0,12144.0,34.0,Warm Bangers,94,2016,1646,7446,7446,7477
7478,TR187808,Il soffitto viene giù,156518.0,9126.0,37.0,Hype,94,2016,1647,7447,7447,7478
7479,TR421625,Nocche nere,177879.0,12285.0,18.0,Warm Bangers,94,2016,1646,7448,7448,7479
7480,TR305826,Non ci rimango,188373.0,10399.0,72.0,Warm Bangers,94,2017,1646,7449,7449,7480
7481,TR731073,Alberto Tomba,177006.0,8909.0,24.0,Hype,94,2016,1646,7450,7450,7481
7482,TR434487,K-Hole / KimboSlice / A Volte Esagero BV2 Mash-up,206050.0,8113.0,7.0,Clean,94,2018,578,7451,7451,7482
7483,TR766594,TESTAMENTO (La resa dei conti),239414.0,5523.0,28.0,Slow Dark,94,2015,835,7452,7452,7483
7484,TR869601,Andrea Diprè Freestyle,103748.0,5006.0,26.0,Clean,94,2016,614,7453,7453,7484
7485,TR241906,Tutto ora,165456.0,4821.0,19.0,Hype,94,2016,1646,7454,7454,7485
7486,TR492751,Patti chiari,142254.0,5373.0,23.0,Warm Bangers,94,2016,1646,7455,7455,7486
7487,TR963005,Sua Eminenza,148047.0,4856.0,21.0,Melodic,94,2016,1646,7456,7456,7487
7488,TR133978,Nella Baraonda,186955.0,5941.0,22.0,Hype,94,2016,1646,7457,7457,7488
7489,TR344257,Padrone di me stesso,158073.0,5215.0,20.0,Hype,94,2016,1647,7458,7458,7489
7490,TR378745,BV2 Intro,107961.0,5631.0,19.0,Hype,94,2016,332,7459,7459,7490
7491,TR576978,Rabona,68969.0,4232.0,25.0,Hype,94,2016,1647,7460,7460,7491
7492,TR239755,99 Problemi (Remake),203962.0,4808.0,7.0,Hype,94,2019,614,7461,7461,7492
7493,TR658516,Non mi manca niente,119681.0,4687.0,17.0,Melodic,94,2016,1646,7462,7462,7493
7494,TR726762,Rellapiras,149193.0,5153.0,16.0,Warm Bangers,94,2016,1646,3010,3010,7494
7495,TR647764,Big Bang,170247.0,5740.0,24.0,Hype,94,2016,1646,7463,7463,7495
7496,TR577202,Jodie Foster Part. II,84234.0,4169.0,18.0,Hype,94,2016,1646,7464,7464,7496
7497,TR467257,Cresima,64113.0,4157.0,23.0,Hype,94,2016,1646,7465,7465,7497
7498,TR762891,Machete State Of Mind RMX,139520.0,5717.0,47.0,Hype,94,2020,1646,7466,7466,7498
7499,TR850073,Bloody Vinyl Intro,107961.0,4438.0,19.0,Hype,94,2016,614,7467,7467,7499
7500,TR130065,Prozac,85732.0,5352.0,22.0,Hype,94,2016,1646,7468,7468,7500
7501,TR699361,Asylum,78371.0,5099.0,16.0,Hype,94,2016,1646,7469,7469,7501
7502,TR284613,Guadagnare,194346.0,5682.0,60.0,Minimal,94,2021,137,7470,7470,7502
7503,TR174190,Yoshimitsu,170164.0,4262.0,3.0,Minimal,94,2022,614,7471,7471,7503
7504,TR816921,Fotte Nada,174699.0,4272.0,8.0,Clean,94,2023,614,7472,7472,7504
7505,TR678089,Plenilunio,211662.0,5130.0,41.0,Hype,94,2024,614,7473,7473,7505
7506,TR744426,Toro Loco,164237.0,5910.0,51.0,Warm Bangers,94,2025,614,7474,7474,7506
7507,TR411831,Stonehenge,131000.0,4844.0,2.0,Hype,94,2026,614,7475,7475,7507
7508,TR376203,The End of Everything,216880.0,4668.0,92.0,Hype,94,2027,614,7476,7476,7508
7509,TR381592,Bloody Vinyl Mix Pt. I,156518.0,5229.0,37.0,Hype,94,2016,614,7477,7477,7509
7510,TR163498,Bloody Vinyl Mix Pt. II,146986.0,5878.0,49.0,Hype,94,2015,614,7478,7478,7510
7511,TR188158,Il tempo cura,152904.0,57987.0,58.0,Warm Bangers,98,2028,1648,7479,7479,7511
7512,TR691605,Perdono,195926.0,41113.0,63.0,Warm Bangers,98,2029,1295,7480,7480,7512
7513,TR485727,Stanza,138358.0,27043.0,60.0,Warm Bangers,98,2029,1295,7481,7481,7513
7514,TR642887,Dentro la mia testa,161454.0,28114.0,64.0,Melodic,98,2030,1585,7482,7482,7514
7515,TR882176,Leanin’,148923.0,33482.0,56.0,Hype,98,2029,269,7483,7483,7515
7516,TR994715,Non mi basta mai,214588.0,34409.0,67.0,Slow Dark,98,2029,1295,7484,7484,7516
7517,TR963934,Victoria,168292.0,27799.0,56.0,Warm Bangers,98,2031,389,7485,7485,7517
7518,TR184463,Ragni,196162.0,26945.0,58.0,Warm Bangers,98,2032,1649,7486,7486,7518
7519,TR579996,Business,187548.0,32413.0,55.0,Warm Bangers,98,2031,389,7487,7487,7519
7520,TR588588,Nn so se,144238.0,21925.0,55.0,Warm Bangers,98,2029,1295,7488,7488,7520
7521,TR745552,Respiro,155200.0,25207.0,57.0,Fast-Flow,98,2029,1650,7489,7489,7521
7522,TR431557,Codeine,130560.0,25101.0,59.0,Hype,98,2029,1295,7490,7490,7522
7523,TR444821,Indaco,196162.0,25238.0,58.0,Warm Bangers,98,2032,1651,7491,7491,7523
7524,TR781475,Come mi guardi,203076.0,25242.0,66.0,Minimal,98,2033,1652,7492,7492,7524
7525,TR382925,Angeli,197027.0,21496.0,60.0,Warm Bangers,98,2031,389,7493,7493,7525
7526,TR187630,Medico,195234.0,23831.0,62.0,Melodic,98,2034,1653,7494,7494,7526
7527,TR620722,Wet,138365.0,23167.0,60.0,Hype,98,2035,307,7495,7495,7527
7528,TR958120,Fortuna,152000.0,19509.0,60.0,Warm Bangers,98,2034,68,7496,7496,7528
7529,TR417750,Umile,171250.0,19629.0,58.0,Melodic,98,2031,389,7497,7497,7529
7530,TR968834,In automatico,179199.0,16659.0,57.0,Slow Dark,98,2029,1295,7498,7498,7530
7531,TR376462,Per te lascio il party,196666.0,15188.0,53.0,Slow Dark,98,2029,1295,7499,7499,7531
7532,TR509620,Cerchio,128000.0,15341.0,50.0,Warm Bangers,98,2029,1654,7500,7500,7532
7533,TR662283,Tutti i giorni,198000.0,15831.0,61.0,Warm Bangers,98,2029,1295,7501,7501,7533
7534,TR352293,Fare presto,148453.0,16260.0,54.0,Slow Dark,98,2029,1295,7502,7502,7534
7535,TR654746,Lei Resta,131282.0,18302.0,56.0,Minimal,98,2034,68,7503,7503,7535
7536,TR463151,Bnb life,200470.0,17381.0,53.0,Warm Bangers,98,2029,1295,7504,7504,7536
7537,TR926695,Correre,169787.0,17104.0,59.0,Warm Bangers,98,2031,389,7505,7505,7537
7538,TR943337,Freni inibitori*,144084.0,14212.0,0.0,Minimal,98,2036,75,7506,7506,7538
7539,TR381092,Up Down,140897.0,14095.0,52.0,Fast-Flow,98,2031,389,7507,7507,7539
7540,TR635784,Segnali di fumo,140800.0,14023.0,59.0,Melodic,98,2029,1295,7508,7508,7540
7541,TR564483,Routine,174997.0,12808.0,57.0,Fast-Flow,98,2037,788,7509,7509,7541
7542,TR960224,Sei del Mattino,185736.0,11932.0,56.0,Melodic,98,2034,68,7510,7510,7542
7543,TR555367,Ci vuole tempo,192052.0,14718.0,1.0,Fast-Flow,98,2038,1655,7511,7511,7543
7544,TR590147,Total black,179568.0,15891.0,53.0,Fast-Flow,98,2029,1295,7512,7512,7544
7545,TR183658,Mischiare le carte,182970.0,11479.0,57.0,Warm Bangers,98,2030,1585,7513,7513,7545
7546,TR944676,Hard,145573.0,10815.0,52.0,Hype,98,2034,68,7514,7514,7546
7547,TR663282,Swiss freestyle,258910.0,14506.0,19.0,Slow Dark,98,2039,1649,7515,7515,7547
7548,TR565753,Oltre,163333.0,11354.0,59.0,Slow Dark,98,2033,1652,7516,7516,7548
7549,TR328597,Triste 178,183908.0,13982.0,56.0,Warm Bangers,98,2030,1585,7517,7517,7549
7550,TR113923,A casa del ladro,168292.0,12354.0,56.0,Warm Bangers,98,2031,1649,7518,7518,7550
7551,TR930774,Fino a domani,140800.0,13302.0,49.0,Warm Bangers,98,2029,1295,7519,7519,7551
7552,TR789074,Sesto senso,181176.0,10383.0,60.0,Melodic,98,2033,909,7520,7520,7552
7553,TR964902,Voci,144238.0,11316.0,55.0,Melodic,98,2029,1656,7521,7521,7553
7554,TR265030,Ossigeno,202083.0,10129.0,48.0,Melodic,98,2040,10,7522,7522,7554
7555,TR934166,Non è facile,204426.0,10446.0,51.0,Melodic,98,2031,389,7523,7523,7555
7556,TR259352,Shottini di Lean,110555.0,9523.0,57.0,Melodic,98,2034,1653,7524,7524,7556
7557,TR376150,Fino all’alba,130285.0,8308.0,50.0,Warm Bangers,98,2029,1295,7525,7525,7557
7558,TR746705,Emozioni,170973.0,9236.0,49.0,Warm Bangers,98,2041,1076,7526,7526,7558
7559,TR926900,Lavoro,59016.0,9237.0,50.0,Minimal,98,2029,1295,7527,7527,7559
7560,TR881155,Storia,147600.0,9975.0,47.0,Warm Bangers,98,2031,389,7528,7528,7560
7561,TR317087,Guai,174915.0,9508.0,55.0,Warm Bangers,98,2030,1585,7529,7529,7561
7562,TR896087,Ok,111989.0,9207.0,53.0,Warm Bangers,98,2042,830,7530,7530,7562
7563,TR223014,Sogni di lean,201600.0,7184.0,54.0,Melodic,98,2031,389,7531,7531,7563
7564,TR739222,Etc,128450.0,9167.0,47.0,Warm Bangers,98,2029,396,7532,7532,7564
7565,TR708816,Operativo,196162.0,8334.0,58.0,Minimal,98,2032,1551,7533,7533,7565
7566,TR649748,Settembre dentro,158000.0,9312.0,56.0,Fast-Flow,98,2033,1652,7534,7534,7566
7567,TR817369,Rich off pain RMX,136655.0,9289.0,1.0,Slow Dark,98,2043,1649,7535,7535,7567
7568,TR242207,Guerra,170234.0,6397.0,50.0,Warm Bangers,98,2034,1653,7536,7536,7568
7569,TR533246,Finta di niente,180863.0,8775.0,76.0,Slow Dark,98,2044,1649,7537,7537,7569
7570,TR479516,Diretto al Top,148965.0,6240.0,53.0,Warm Bangers,98,2031,21,7538,7538,7570
7571,TR871463,Suite,192864.0,7192.0,45.0,Fast-Flow,98,2045,1335,7539,7539,7571
7572,TR193107,Mentre il mondo crolla,154560.0,7681.0,51.0,Melodic,98,2031,389,7540,7540,7572
7573,TR742546,Vienitela a Prendere,168462.0,6372.0,51.0,Melodic,98,2034,1653,7541,7541,7573
7574,TR876098,Backup,180346.0,8070.0,52.0,Slow Dark,98,2034,68,7542,7542,7574
7575,TR601438,HOT,146776.0,5273.0,54.0,Warm Bangers,98,2031,103,7543,7543,7575
7576,TR594903,Provarci e Riprovarci,153139.0,5676.0,62.0,Slow Dark,98,2046,1657,7544,7544,7576
7577,TR689309,Un buon motivo,184235.0,6608.0,48.0,Melodic,98,2042,830,7545,7545,7577
7578,TR596966,Sono Così,144721.0,6805.0,47.0,Melodic,98,2034,1653,7546,7546,7578
7579,TR565053,Si si,151579.0,7113.0,65.0,Warm Bangers,98,2047,1653,7547,7547,7579
7580,TR795816,Che ne sai,170880.0,6514.0,49.0,Melodic,98,2031,389,7548,7548,7580
7581,TR959835,Kid,151579.0,6331.0,65.0,Melodic,98,2047,68,7549,7549,7581
7582,TR954017,Swiss,102658.0,5664.0,58.0,Melodic,98,2034,68,7550,7550,7582
7583,TR287605,Progressi,150006.0,4631.0,50.0,Warm Bangers,98,2031,210,7551,7551,7583
7584,TR616509,Plan B RMX,145454.0,4766.0,35.0,Minimal,98,2048,1658,7552,7552,7584
7585,TR667493,Bicchieri di plastica,158499.0,5663.0,52.0,Slow Dark,98,2033,1652,7553,7553,7585
7586,TR190407,7 Am,139058.0,5912.0,54.0,Slow Dark,98,2033,1652,7554,7554,7586
7587,TR222044,Sembra facile,173151.0,5245.0,49.0,Melodic,98,2042,248,7555,7555,7587
7588,TR205254,Fratello,196621.0,5822.0,45.0,Fast-Flow,98,2049,646,7556,7556,7588
7589,TR115072,Vuoto,209706.0,5267.0,45.0,Slow Dark,98,2040,10,7557,7557,7589
7590,TR697184,Lean e blunt,193167.0,4295.0,49.0,Warm Bangers,98,2033,1649,7558,7558,7590
7591,TR298801,Danza dei soldi,216000.0,4527.0,44.0,Melodic,98,2042,830,7559,7559,7591
7592,TR579610,Ancora qua,181395.0,5856.0,53.0,Fast-Flow,98,2033,1652,7560,7560,7592
7593,TR143136,Maledetta primavera,201293.0,5606.0,55.0,Fast-Flow,98,2033,1652,7561,7561,7593
7594,TR157035,Piumini,185000.0,5926.0,50.0,Melodic,98,2033,1659,7562,7562,7594
7595,TR224754,1999,164919.0,4319.0,47.0,Melodic,98,2050,627,7563,7563,7595
7596,TR329583,Per sempre,192413.0,6097.0,58.0,Melodic,98,2042,830,7564,7564,7596
7597,TR244694,Colpa della noia,130750.0,4499.0,38.0,Fast-Flow,98,2051,1660,7565,7565,7597
7598,TR663967,Segreti,202085.0,4068.0,46.0,Fast-Flow,98,2040,10,7566,7566,7598
7599,TR499057,Ego,141818.0,6022.0,49.0,Melodic,98,2030,1585,7567,7567,7599
7600,TR906532,Atlanta,249973.0,4574.0,0.0,Warm Bangers,98,2052,1661,7568,7568,7600
7601,TR578240,Traffico,179815.0,5350.0,54.0,Melodic,98,2042,830,7569,7569,7601
7602,TR153153,NELLA TRAPPOLA (Red Bull 64 Bars),237822.0,4365.0,58.0,Warm Bangers,98,2053,280,7570,7570,7602
7603,TR162676,Da soli,188174.0,5173.0,48.0,Warm Bangers,98,2033,1652,7571,7571,7603
7604,TR191851,Jungla,184966.0,5826.0,48.0,Melodic,98,2042,547,7572,7572,7604
7605,TR112023,Amnesia,158076.0,4653.0,48.0,Warm Bangers,98,2031,389,7573,7573,7605
7606,TR659162,My Dawg,155121.0,5355.0,47.0,Fast-Flow,98,2034,1653,7574,7574,7606
7607,TR189510,GG,140000.0,4388.0,50.0,Warm Bangers,98,2033,1652,7575,7575,7607
7608,TR889364,Vibes Kid*,171758.0,5265.0,24.0,Fast-Flow,98,2054,494,7576,7576,7608
7609,TR376865,Emoji della traphouse,193167.0,4685.0,49.0,Melodic,98,2033,1652,7577,7577,7609
7610,TR980742,Senza Invito,193578.0,4434.0,48.0,Slow Dark,98,2055,432,7578,7578,7610
7611,TR713904,Introverso,81926.0,4637.0,45.0,Melodic,98,2040,10,7579,7579,7611
7612,TR912104,Energia,171851.0,4370.0,51.0,Slow Dark,98,2042,830,7580,7580,7612
7613,TR823636,Il mio turno,196162.0,5818.0,58.0,Melodic,98,2032,1655,7581,7581,7613
7614,TR331731,Lockdown,199137.0,4808.0,49.0,Slow Dark,98,2033,697,7582,7582,7614
7615,TR820363,Fuori dal buio,183908.0,4504.0,56.0,Melodic,98,2030,1662,7583,7583,7615
7616,TR905776,Call center,313013.0,4910.0,41.0,Warm Bangers,98,2056,1649,7584,7584,7616
7617,TR698125,2,203076.0,4654.0,66.0,Melodic,98,2033,583,7585,7585,7617
7618,TR515659,Rock’n’roll,128450.0,5504.0,42.0,Melodic,98,2057,144,7586,7586,7618
7619,TR625969,Sharing Locations RMX,156891.0,5956.0,7.0,Warm Bangers,98,2058,1649,7587,7587,7619
7620,TR247104,Infinito,148925.0,4888.0,44.0,Fast-Flow,98,2040,10,7588,7588,7620
7621,TR594615,Social club,823272.0,5738.0,34.0,Fast-Flow,98,2059,1649,7589,7589,7621
7622,TR424195,Top RMX,196162.0,5147.0,58.0,Melodic,98,2032,1649,7590,7590,7622
7623,TR349355,Ancora,181395.0,4326.0,53.0,Warm Bangers,98,2033,1649,7591,7591,7623
7624,TR957808,Gas,174000.0,5397.0,45.0,Melodic,98,2042,1093,7592,7592,7624
7625,TR490757,Brutti voti,170016.0,5040.0,48.0,Fast-Flow,98,2042,830,7593,7593,7625
7626,TR444267,Vincere adesso,152000.0,5316.0,48.0,Slow Dark,98,2060,313,7594,7594,7626
7627,TR861811,GO HARD OR GO HOME,297426.0,5795.0,48.0,Warm Bangers,98,2061,1663,7595,7595,7627
7628,TR332124,Sincero,174880.0,4894.0,42.0,Melodic,98,2040,10,7596,7596,7628
7629,TR217290,Vivi nell’aria*,258218.0,5819.0,20.0,Fast-Flow,98,2062,651,7597,7597,7629
7630,TR921050,Può succedere,183908.0,5515.0,56.0,Warm Bangers,98,2030,1664,7598,7598,7630
7631,TR787626,Sogni,201600.0,4992.0,54.0,Melodic,98,2031,1665,7599,7599,7631
7632,TR419726,La passo ai miei fantagenitori,144238.0,5222.0,55.0,Minimal,98,2029,1666,7600,7600,7632
7633,TR658702,Champagne,157738.0,4665.0,41.0,Fast-Flow,98,2063,1381,7601,7601,7633
7634,TR395621,Moonwalking in Calabasas RMX,127228.0,5983.0,28.0,Melodic,98,2064,1569,7602,7602,7634
7635,TR148098,GOAT Freestyle,327605.0,5348.0,58.0,Warm Bangers,98,2065,1240,7603,7603,7635
7636,TR941190,Pensieri Manicomio*,202625.0,4099.0,59.0,Melodic,98,2066,1667,7604,7604,7636
7637,TR492509,War RMX,235933.0,4667.0,84.0,Slow Dark,98,2067,1240,7605,7605,7637
7638,TR916783,Non hai mai,82343.0,5261.0,38.0,Minimal,98,2051,1240,7606,7606,7638
7639,TR138736,Stare solo,196162.0,4124.0,58.0,Minimal,98,2032,1240,7607,7607,7639
7640,TR101440,Futuro,164522.0,4059.0,43.0,Slow Dark,98,2068,487,7608,7608,7640
7641,TR562372,Stoopid RMX,214857.0,4913.0,4.0,Slow Dark,98,2069,1240,7609,7609,7641
7642,TR916773,Lassù*,196162.0,4679.0,58.0,Minimal,98,2032,28,7610,7610,7642
7643,TR801717,Lontano,200080.0,4891.0,41.0,Fast-Flow,98,2070,481,7611,7611,7643
7644,TR243382,JUST HOW IT IS RMX,568129.0,4538.0,22.0,Melodic,98,2071,832,7612,7612,7644
7645,TR373608,Tranquillo,193167.0,4341.0,49.0,Minimal,98,2033,1240,7613,7613,7645
7646,TR499130,Nei DM,160105.0,5394.0,6.0,Minimal,98,2072,1240,7614,7614,7646
7647,TR672275,Fuori dal buio (Non Hai Mai Mixtape),165266.0,5043.0,16.0,Minimal,98,2073,1240,7615,7615,7647
7648,TR694808,M&M’s*,167921.0,4413.0,66.0,Minimal,98,2074,158,7616,7616,7648
7649,TR680623,GOAT*,327605.0,4653.0,58.0,Warm Bangers,98,2065,1668,7617,7617,7649
7650,TR615989,Peso*,162089.0,5199.0,0.0,Minimal,98,2075,1669,7618,7618,7650
7651,TR929094,Anarchy,196162.0,4156.0,58.0,Warm Bangers,98,2032,409,7619,7619,7651
7652,TR416403,Questione di tempo*,194175.0,4307.0,22.0,Slow Dark,98,2076,1670,7620,7620,7652
7653,TR804125,Adesso,152000.0,4158.0,48.0,Warm Bangers,98,2060,56,7621,7621,7653
7654,TR468435,Fuoco,327605.0,5640.0,58.0,Melodic,98,2065,1240,7622,7622,7654
7655,TR375954,Cuore di vetro*,183908.0,5522.0,56.0,Minimal,98,2030,1585,7623,7623,7655
7656,TR395819,Mixtape Intro,163360.0,5520.0,9.0,Minimal,98,2077,1240,7624,7624,7656
7657,TR845364,Che c’è,3753057.0,5448.0,32.0,Melodic,98,2078,1588,7625,7625,7657
7658,TR890518,Due cose*,202292.0,5353.0,21.0,Minimal,98,2079,1671,7626,7626,7658
7659,TR371241,Alla mia maniera*,140816.0,4968.0,75.0,Minimal,98,2080,79,7627,7627,7659
7660,TR981599,Take 105 BSMNT,221252.0,5297.0,1.0,Warm Bangers,98,2081,1122,7628,7628,7660
7661,TR428208,No scuse*,310760.0,4088.0,27.0,Warm Bangers,98,2082,889,7629,7629,7661
7662,TR867241,Tony più Finesse*,168292.0,5259.0,56.0,Minimal,98,2031,389,7630,7630,7662
7663,TR907608,Sbalzi*,196162.0,5572.0,58.0,Slow Dark,98,2032,28,7631,7631,7663
7664,TR695212,Il cuore (Outro),183908.0,5013.0,56.0,Warm Bangers,98,2030,445,7632,7632,7664
7665,TR274867,Drink and Smoke*,216907.0,4727.0,0.0,Minimal,98,2083,1274,7633,7633,7665
7666,TR282655,Can’t Feel,212893.0,4564.0,4.0,Warm Bangers,98,2084,1672,7634,7634,7666
7667,TR552634,Percocet*,128828.0,5299.0,2.0,Minimal,98,2085,21,7635,7635,7667
7668,TR372832,Non ci siamo,183908.0,5401.0,56.0,Fast-Flow,98,2030,1588,7636,7636,7668
7669,TR222653,Sintonia*,132413.0,5760.0,0.0,Minimal,98,2086,1673,7637,7637,7669
7670,TR485111,Spin it*,111993.0,4697.0,2.0,Minimal,98,2087,1674,7638,7638,7670
7671,TR747430,Sotto tiro,256015.0,5555.0,5.0,Warm Bangers,98,2088,1588,7639,7639,7671
7672,TR364429,Vieni alle serate,245186.0,5138.0,14.0,Melodic,98,2089,1588,7640,7640,7672
7673,TR388267,Una sola chance*,410381.0,5782.0,22.0,Minimal,98,2090,318,7641,7641,7673
7674,TR500651,Storie,357133.0,5069.0,0.0,Warm Bangers,98,2091,1588,7642,7642,7674
7675,TR915070,Un minuto*,130750.0,5050.0,38.0,Minimal,98,2051,73,7643,7643,7675
7676,TR802056,Per tutti i fra,196162.0,5171.0,58.0,Melodic,98,2032,1588,7644,7644,7676
7677,TR729259,Ci sta,3753057.0,5516.0,32.0,Melodic,98,2078,1588,7645,7645,7677
7678,TR865197,Non fa per me,327605.0,5947.0,58.0,Melodic,98,2065,1588,7646,7646,7678
7679,TR269121,Casse,327605.0,4160.0,58.0,Melodic,98,2065,1588,7647,7647,7679
7680,TR385012,Non mi interessa,153139.0,4119.0,62.0,Warm Bangers,98,2046,1588,7648,7648,7680
7681,TR418128,Tutto a posto,177348.0,5893.0,78.0,Fast-Flow,98,2092,1588,7649,7649,7681
7682,TR206423,16 Anni*,168292.0,5074.0,56.0,Minimal,98,2031,389,7650,7650,7682
7683,TR274487,Don’t play with me*,202625.0,5246.0,59.0,Melodic,98,2066,1667,7651,7651,7683
7684,TR474745,La La La*,138749.0,4980.0,64.0,Slow Dark,98,2093,316,7652,7652,7684
7685,TR745841,L’erba della giovinezza (Maria),223400.0,22661.0,51.0,Warm Bangers,11,2094,345,7653,7653,7685
7686,TR530750,Ti Penso Sempre,235720.0,5553.0,46.0,Minimal,11,2095,1675,7654,7654,7686
7687,TR976775,Mi accendo,199500.0,5509.0,19.0,Warm Bangers,11,2096,876,7655,7655,7687
7688,TR615856,Sotto I Raggi Del Sole,186013.0,4638.0,50.0,Fast-Flow,11,2095,1675,7656,7656,7688
7689,TR965184,Per Roma,181640.0,4627.0,14.0,Minimal,11,2095,1675,7657,7657,7689
7690,TR588052,Il Mondo Non Finisce Qui,186213.0,5694.0,66.0,Hype,11,2097,1676,7658,7658,7690
7691,TR117958,Sangue (Blaze),174520.0,4157.0,31.0,Hype,11,2094,345,7659,7659,7691
7692,TR932431,Amore non so,241600.0,5780.0,28.0,Fast-Flow,11,2098,338,7660,7660,7692
7693,TR591894,Solo ganja/bad con me,294413.0,4528.0,26.0,Hype,11,2099,1677,7661,7661,7693
7694,TR115706,Bella,194640.0,5203.0,29.0,Slow Dark,11,2095,1675,7662,7662,7694
7695,TR423710,Ancora E Ancora,246000.0,5889.0,22.0,Melodic,11,2100,198,7663,7663,7695
7696,TR842038,I Sogni E Le Idee,219906.0,5373.0,34.0,Minimal,11,2095,1675,7664,7664,7696
7697,TR694401,Il vigile,185786.0,4845.0,35.0,Hype,11,2099,1677,7665,7665,7697
7698,TR964444,Mikecheck,184120.0,5395.0,18.0,Melodic,11,2101,493,7666,7666,7698
7699,TR816942,Bam bam,182706.0,4702.0,20.0,Hype,11,2101,47,7667,7667,7699
7700,TR507108,Isola di plastica,210386.0,4567.0,8.0,Slow Dark,11,2101,735,7668,7668,7700
7701,TR492613,Roma Turn Rasta (Bandolero),245320.0,6011.0,22.0,Hype,11,2094,345,7669,7669,7701
7702,TR205362,Amami Amami,225866.0,5518.0,18.0,Melodic,11,2095,1675,7670,7670,7702
7703,TR980120,Rap-Condicio (Rap-Condicio),84066.0,5305.0,9.0,Hype,11,2094,345,7671,7671,7703
7704,TR379069,Come LAria,208800.0,4725.0,22.0,Hype,11,2095,1675,7672,7672,7704
7705,TR299698,Amore vero (Amore vero),223400.0,4111.0,51.0,Warm Bangers,11,2094,345,7673,7673,7705
7706,TR386172,Andrà meglio di così,231813.0,4075.0,26.0,Minimal,11,2102,1678,7674,7674,7706
7707,TR631117,Un Giorno Chissà,326213.0,5123.0,10.0,Minimal,11,2095,1675,7675,7675,7707
7708,TR365442,Il Sound Della Tua Città (Sound),187026.0,5541.0,16.0,Hype,11,2094,345,7676,7676,7708
7709,TR569029,Bagaglio a mano,186000.0,5087.0,21.0,Fast-Flow,11,2101,493,7677,7677,7709
7710,TR662282,Kilimanjaro,169835.0,5698.0,5.0,Slow Dark,11,2103,99,7678,7678,7710
7711,TR892432,Nun te resisto,190866.0,4076.0,8.0,Warm Bangers,11,2104,716,7679,7679,7711
7712,TR297336,Fino all’alba,241600.0,4748.0,28.0,Minimal,11,2098,338,7680,7680,7712
7713,TR435181,Buongiorno,187320.0,4488.0,11.0,Hype,11,2095,1675,7681,7681,7713
7714,TR336467,Mappamondo,185160.0,4909.0,18.0,Hype,11,2101,493,7682,7682,7714
7715,TR487562,Rasta non casca!,229773.0,4158.0,15.0,Hype,11,2094,367,7683,7683,7715
7716,TR653455,Mi Manchi,197453.0,5925.0,2.0,Melodic,11,2100,198,7684,7684,7716
7717,TR932754,Zitto un minuto,184933.0,4458.0,15.0,Fast-Flow,11,2101,493,7685,7685,7717
7718,TR447048,Bianco,203613.0,5862.0,11.0,Slow Dark,11,2101,493,7686,7686,7718
7719,TR993602,Non Dire (Sempre Di No),225920.0,4866.0,6.0,Melodic,11,2095,1675,7687,7687,7719
7720,TR312838,Il Mondo E’ Anche Mio,224253.0,5988.0,9.0,Slow Dark,11,2095,1675,7688,7688,7720
7721,TR698023,Aria,208800.0,5122.0,22.0,Melodic,11,2095,732,7689,7689,7721
7722,TR788128,Arrivo,165626.0,5881.0,7.0,Clean,11,2095,1675,7690,7690,7722
7723,TR165440,Stalattiti,205826.0,4021.0,7.0,Fast-Flow,11,2101,493,7691,7691,7723
7724,TR211344,Sotto Le Pezze,260265.0,5512.0,7.0,Slow Dark,11,2095,1675,7692,7692,7724
7725,TR741309,Family,175546.0,5822.0,7.0,Fast-Flow,11,2101,493,7693,7693,7725
7726,TR638491,Finché c’è musica (Love Selassie),212986.0,4293.0,13.0,Hype,11,2094,345,7694,7694,7726
7727,TR184976,Bruggisco,185613.0,4205.0,20.0,Hype,11,2102,572,7695,7695,7727
7728,TR802124,My Love Song,240065.0,153682.0,59.0,Slow Dark,75,2105,1679,7696,7696,7728
7729,TR503418,Borotalco,250346.0,173907.0,51.0,Warm Bangers,75,2106,401,7697,7697,7729
7730,TR581582,Polvere Di Stelle,228526.0,150223.0,50.0,Warm Bangers,75,2107,1680,7698,7698,7730
7731,TR539096,Dal Tramonto All’Alba,198637.0,112748.0,50.0,Fast-Flow,75,2107,1680,7699,7699,7731
7732,TR899143,Mic Check,217640.0,90943.0,56.0,Hype,75,2106,401,7700,7700,7732
7733,TR546479,Sinnò me moro,213493.0,69713.0,54.0,Slow Dark,75,2106,1681,7701,7701,7733
7734,TR609896,Cronaca quotidiana,273746.0,91095.0,43.0,Minimal,75,2108,1682,7702,7702,7734
7735,TR261355,Verano Zombie,220960.0,65586.0,49.0,Slow Dark,75,2109,1683,7703,7703,7735
7736,TR291625,Butterfly Knife,231266.0,82360.0,52.0,Melodic,75,2110,1683,7704,7704,7736
7737,TR658638,Lobo,166520.0,86117.0,46.0,Slow Dark,75,2106,571,7705,7705,7737
7738,TR321907,Casa Mia,162160.0,62101.0,51.0,Slow Dark,75,2106,401,7706,7706,7738
7739,TR884537,Verano Zombie pt. 2,204173.0,73467.0,33.0,Warm Bangers,75,2111,1684,7707,7707,7739
7740,TR209620,Attica,190565.0,53389.0,58.0,Fast-Flow,75,2105,1679,7708,7708,7740
7741,TR771523,Localz Only,177694.0,56979.0,50.0,Slow Dark,75,2107,1680,7709,7709,7741
7742,TR487400,Via con me,190805.0,43240.0,50.0,Slow Dark,75,2105,1679,7710,7710,7742
7743,TR173327,Zoo de Roma,187400.0,53471.0,51.0,Hype,75,2111,1614,7711,7711,7743
7744,TR536950,Non Dormire,221230.0,42942.0,46.0,Slow Dark,75,2110,1685,7712,7712,7744
7745,TR725799,Training Day,213293.0,45202.0,43.0,Hype,75,2106,1512,7713,7713,7745
7746,TR573621,R.I.P.,287853.0,46681.0,45.0,Slow Dark,75,2106,401,7714,7714,7746
7747,TR208028,Drag You To Hell,199866.0,38320.0,50.0,Slow Dark,75,2112,1686,7715,7715,7747
7748,TR699029,Aspetta La Notte,162043.0,45881.0,47.0,Hype,75,2113,1687,7716,7716,7748
7749,TR189101,"VERANO ZOMBIE, Pt. 3",258665.0,37976.0,44.0,Slow Dark,75,2114,279,7717,7717,7749
7750,TR591913,Sono di Roma,219946.0,41242.0,41.0,Slow Dark,75,2108,1682,7718,7718,7750
7751,TR235036,M3,112506.0,33207.0,49.0,Minimal,75,2111,1186,7719,7719,7751
7752,TR777533,VIRUS,150833.0,38229.0,41.0,Warm Bangers,75,2114,279,7720,7720,7752
7753,TR816009,Respect The Hangover,240212.0,29570.0,37.0,Warm Bangers,75,2107,1680,7721,7721,7753
7754,TR372865,Enemy,217640.0,32935.0,56.0,Hype,75,2106,401,7722,7722,7754
7755,TR179664,Matanza,188373.0,30427.0,38.0,Warm Bangers,75,2106,401,7723,7723,7755
7756,TR100081,Tajerino,244600.0,36189.0,38.0,Slow Dark,75,2108,1682,7724,7724,7756
7757,TR620355,Sputapalline,199160.0,29455.0,41.0,Fast-Flow,75,2106,401,7725,7725,7757
7758,TR637089,INRI,135520.0,37378.0,42.0,Slow Dark,75,2106,401,7726,7726,7758
7759,TR937615,CRY LATER,174619.0,36818.0,50.0,Slow Dark,75,2114,279,7727,7727,7759
7760,TR270957,Mark Renton,168240.0,27651.0,37.0,Hype,75,2106,401,7728,7728,7760
7761,TR461067,Non ho tempo,162411.0,32775.0,68.0,Hype,75,2115,1688,7729,7729,7761
7762,TR523319,VOLANTE 4,208941.0,24397.0,48.0,Slow Dark,75,2114,279,7730,7730,7762
7763,TR119687,Notte insonne,200130.0,27731.0,37.0,Fast-Flow,75,2105,1679,7731,7731,7763
7764,TR543952,Vato loco,127960.0,31441.0,39.0,Slow Dark,75,2106,401,7732,7732,7764
7765,TR624921,Delorean,241493.0,30806.0,39.0,Melodic,75,2110,1683,7733,7733,7765
7766,TR975699,Karashò,227213.0,30192.0,39.0,Slow Dark,75,2109,1684,7734,7734,7766
7767,TR361589,DOPE BOY,159095.0,24737.0,51.0,Warm Bangers,75,2114,279,7735,7735,7767
7768,TR111991,The World Ain’t Ready For Me,208292.0,25722.0,47.0,Melodic,75,2107,1680,7736,7736,7768
7769,TR817026,BLISTER,199148.0,21569.0,47.0,Slow Dark,75,2114,279,7737,7737,7769
7770,TR681835,FOOT LOCKER,182400.0,27871.0,42.0,Warm Bangers,75,2114,279,7738,7738,7770
7771,TR366801,Lone Star,199080.0,25410.0,40.0,Warm Bangers,75,2106,401,7739,7739,7771
7772,TR891324,UOMO A TERRA,123061.0,27285.0,42.0,Warm Bangers,75,2114,279,7740,7740,7772
7773,TR901755,La Calda Notte,232386.0,22489.0,36.0,Warm Bangers,75,2108,1682,7741,7741,7773
7774,TR672277,Niente X Niente,204026.0,23037.0,39.0,Warm Bangers,75,2106,401,7742,7742,7774
7775,TR997681,Sotto indagine,166266.0,23031.0,40.0,Hype,75,2111,1614,7743,7743,7775
7776,TR949000,NO RATZ,202838.0,19285.0,44.0,Warm Bangers,75,2114,279,7744,7744,7776
7777,TR203837,Alfa alfa,184068.0,21620.0,42.0,Hype,75,2105,1679,7745,7745,7777
7778,TR992517,Game Over,178399.0,25697.0,40.0,Hype,75,2105,603,7746,7746,7778
7779,TR722861,Guilty,187400.0,26144.0,51.0,Hype,75,2111,1614,7747,7747,7779
7780,TR150601,Sanatoria,256013.0,22241.0,42.0,Melodic,75,2110,1683,7748,7748,7780
7781,TR743482,WELCOME BACK,203544.0,21481.0,37.0,Slow Dark,75,2114,279,7749,7749,7781
7782,TR696734,Monster,240065.0,17339.0,59.0,Hype,75,2105,1679,7750,7750,7782
7783,TR414928,I’m Feeling Good,262915.0,24379.0,40.0,Slow Dark,75,2110,1683,7751,7751,7783
7784,TR539688,Shabboo,162411.0,16841.0,68.0,Hype,75,2115,1683,7752,7752,7784
7785,TR197789,Fake Emcees,178399.0,24572.0,40.0,Hype,75,2105,1683,7753,7753,7785
7786,TR189784,Vendetta,282490.0,20437.0,36.0,Fast-Flow,75,2110,368,7754,7754,7786
7787,TR108862,SPINE,155294.0,17849.0,44.0,Slow Dark,75,2114,279,4231,4231,7787
7788,TR657976,Quelle Notti,163626.0,21903.0,45.0,Fast-Flow,75,2109,1684,7755,7755,7788
7789,TR468679,DAYTONA 2000,161632.0,15102.0,41.0,Warm Bangers,75,2114,279,7756,7756,7789
7790,TR126474,Intro (Verano Zombie),146506.0,19189.0,36.0,Slow Dark,75,2109,1684,7757,7757,7790
7791,TR666304,White Gangsta,330768.0,18652.0,36.0,Hype,75,2110,1683,7758,7758,7791
7792,TR506532,Ogni volta,238846.0,16166.0,35.0,Hype,75,2105,1679,7759,7759,7792
7793,TR896109,Nel teschio,178026.0,17442.0,31.0,Hype,75,2111,899,7760,7760,7793
7794,TR514820,“El Padre”,165921.0,18871.0,44.0,Hype,75,2107,1680,7761,7761,7794
7795,TR930446,VICTORY LAP,134328.0,19348.0,41.0,Fast-Flow,75,2114,279,7762,7762,7795
7796,TR254767,Don’t Fuck With Me,163893.0,13695.0,45.0,Slow Dark,75,2109,1684,7763,7763,7796
7797,TR959669,Drive Solo,137346.0,19862.0,40.0,Melodic,75,2105,1679,7764,7764,7797
7798,TR213983,Nemico pubblico,192240.0,14478.0,36.0,Hype,75,2111,1614,7765,7765,7798
7799,TR667434,Musica Truce,253093.0,13527.0,33.0,Warm Bangers,75,2111,542,7766,7766,7799
7800,TR329989,Tour Notturno,120623.0,13549.0,40.0,Hype,75,2110,1683,7767,7767,7800
7801,TR399522,Monumenti,213135.0,11354.0,41.0,Fast-Flow,75,2107,1680,7768,7768,7801
7802,TR346869,Charlie Sheen,176243.0,11746.0,37.0,Hype,75,2113,886,7769,7769,7802
7803,TR794364,RVSSIAN BAG,123789.0,16318.0,7.0,Warm Bangers,75,2116,279,7770,7770,7803
7804,TR127771,Merda Music,149013.0,12602.0,39.0,Slow Dark,75,2109,1684,7771,7771,7804
7805,TR586565,Hasta la Muerte,186712.0,10986.0,37.0,Hype,75,2105,1679,7772,7772,7805
7806,TR647861,Infame,160791.0,10656.0,36.0,Melodic,75,2109,1684,7773,7773,7806
7807,TR959428,WAR GAMES,141176.0,13590.0,34.0,Fast-Flow,75,2114,279,7774,7774,7807
7808,TR542070,MONEY BAGZ,148038.0,14183.0,32.0,Warm Bangers,75,2114,279,7775,7775,7808
7809,TR203427,SOTTO VOCE,165157.0,11115.0,40.0,Fast-Flow,75,2117,218,7776,7776,7809
7810,TR601904,WORST WAY,161311.0,9341.0,32.0,Fast-Flow,75,2114,279,7777,7777,7810
7811,TR727799,Mosche nere,190146.0,10192.0,38.0,Hype,75,2111,1614,7778,7778,7811
7812,TR389084,Il Lato Peggiore,255078.0,9279.0,35.0,Slow Dark,75,2110,1683,7779,7779,7812
7813,TR712982,THE MAJOR,157317.0,9286.0,39.0,Slow Dark,75,2114,944,7780,7780,7813
7814,TR936746,Volare,168034.0,10527.0,35.0,Minimal,75,2118,1543,7781,7781,7814
7815,TR206782,666,159746.0,9431.0,31.0,Slow Dark,75,2109,1684,7782,7782,7815
7816,TR475127,Molotov,194385.0,10636.0,31.0,Fast-Flow,75,2105,1679,7783,7783,7816
7817,TR738950,Truceklub,223120.0,9407.0,37.0,Melodic,75,2108,1682,7784,7784,7817
7818,TR820323,Italian Psychos,137066.0,12086.0,32.0,Hype,75,2111,899,7785,7785,7818
7819,TR670980,Air Force,194385.0,11844.0,31.0,Minimal,75,2105,1543,7786,7786,7819
7820,TR690104,The Chef,179037.0,10362.0,36.0,Hype,75,2107,1680,7787,7787,7820
7821,TR999612,C’ho sempre torto,141000.0,9115.0,35.0,Slow Dark,75,2108,1682,7788,7788,7821
7822,TR397594,Black Box,141250.0,9118.0,38.0,Warm Bangers,75,2107,1680,7789,7789,7822
7823,TR194012,Talent Show,137256.0,8842.0,38.0,Slow Dark,75,2107,1680,7790,7790,7823
7824,TR270176,Sepolti vivi - Prison Blue,216653.0,9924.0,33.0,Hype,75,2111,1614,7791,7791,7824
7825,TR876917,Dope Boys,163505.0,8832.0,33.0,Warm Bangers,75,2105,1679,7792,7792,7825
7826,TR649165,Bodega,221300.0,10206.0,34.0,Hype,75,2110,1683,7793,7793,7826
7827,TR290462,Grand guignol,204173.0,10506.0,33.0,Hype,75,2111,1614,7794,7794,7827
7828,TR302518,Strategia del terrore,187354.0,8272.0,31.0,Fast-Flow,75,2105,1679,7795,7795,7828
7829,TR834608,Count Down,209465.0,9039.0,32.0,Warm Bangers,75,2105,1679,7796,7796,7829
7830,TR570376,L’ultima chiamata,195533.0,7331.0,32.0,Hype,75,2111,1614,7797,7797,7830
7831,TR620248,Autodistruttivo,164373.0,7681.0,36.0,Slow Dark,75,2109,1684,7798,7798,7831
7832,TR552721,Mi Casa,162160.0,8280.0,51.0,Warm Bangers,75,2106,1614,7799,7799,7832
7833,TR774004,Parla Chiaro,150000.0,7313.0,36.0,Fast-Flow,75,2109,1684,7800,7800,7833
7834,TR590786,Role Models,230160.0,9317.0,32.0,Hype,75,2111,899,7801,7801,7834
7835,TR724978,Underground rap star,168400.0,6548.0,28.0,Melodic,75,2119,1689,7802,7802,7835
7836,TR927862,Latrina,226306.0,7380.0,31.0,Warm Bangers,75,2108,1682,7803,7803,7836
7837,TR860628,Grand Finale,159328.0,7690.0,29.0,Hype,75,2110,1683,7804,7804,7837
7838,TR427533,TRAPHOUSE,152142.0,7749.0,42.0,Hype,75,2114,944,7805,7805,7838
7839,TR946823,GUARDAMI ADESSO,182535.0,6797.0,32.0,Hype,75,2120,47,7806,7806,7839
7840,TR208613,Mentalità Da Clan,170400.0,8004.0,36.0,Melodic,75,2109,1684,7807,7807,7840
7841,TR365945,GRAN TORINO (Red Bull 64 Bars),237241.0,7158.0,43.0,Fast-Flow,75,2121,1690,7808,7808,7841
7842,TR159933,Intro,146506.0,6463.0,36.0,Slow Dark,75,2109,1680,7809,7809,7842
7843,TR157215,Rome Calling,198565.0,5412.0,30.0,Hype,75,2105,1679,7810,7810,7843
7844,TR909485,"Io, Gel & La Stronza",144533.0,6328.0,31.0,Slow Dark,75,2109,1684,7811,7811,7844
7845,TR696967,Patriot,166266.0,7157.0,30.0,Warm Bangers,75,2108,1682,7812,7812,7845
7846,TR890260,Zona d’ombra,300218.0,6471.0,27.0,Fast-Flow,75,2105,1679,7813,7813,7846
7847,TR684358,Senza Uscita,199506.0,6899.0,30.0,Fast-Flow,75,2109,1684,7814,7814,7847
7848,TR403297,Bio Hazard,151233.0,5906.0,31.0,Hype,75,2110,1683,7815,7815,7848
7849,TR746747,Introducing Noyz,92373.0,4428.0,29.0,Slow Dark,75,2110,1683,7816,7816,7849
7850,TR584099,Falchi della Notte,151920.0,4179.0,34.0,Melodic,75,2109,1684,7817,7817,7850
7851,TR824242,Golden Boys,227213.0,4739.0,39.0,Hype,75,2109,1688,7818,7818,7851
7852,TR693368,Prima che esco,279706.0,5472.0,28.0,Melodic,75,2108,1682,7819,7819,7852
7853,TR137637,Al Qaeda,162411.0,5598.0,68.0,Slow Dark,75,2115,1688,7820,7820,7853
7854,TR419051,Confesso Tutto,153400.0,4606.0,32.0,Hype,75,2119,1689,7821,7821,7854
7855,TR548988,Stop Hating,178026.0,5006.0,31.0,Slow Dark,75,2111,542,7822,7822,7855
7856,TR713486,Stillicidio,159533.0,4857.0,28.0,Slow Dark,75,2108,1682,7823,7823,7856
7857,TR463974,Notte in cella,187354.0,4836.0,31.0,Minimal,75,2105,1543,7824,7824,7857
7858,TR542224,Keep Your Mouth Shut,331853.0,4476.0,27.0,Slow Dark,75,2122,1688,7825,7825,7858
7859,TR864348,Real TV,155373.0,4285.0,30.0,Slow Dark,75,2109,1684,7826,7826,7859
7860,TR602307,Drug Town,194453.0,4407.0,28.0,Slow Dark,75,2108,1691,7827,7827,7860
7861,TR841443,My Cocktail,144533.0,4122.0,31.0,Melodic,75,2109,1688,7828,7828,7861
7862,TR324031,INTRO,146506.0,4407.0,36.0,Slow Dark,75,2109,279,7829,7829,7862
7863,TR534169,Underground Rap Star (Push It to the Limit),197462.0,4031.0,5.0,Melodic,75,2123,1688,7830,7830,7863
7864,TR915642,Merda Cousins,138660.0,5270.0,49.0,Fast-Flow,75,2124,1688,7831,7831,7864
7865,TR440157,Posse Track,298421.0,4647.0,25.0,Minimal,75,2125,1543,7832,7832,7865
7866,TR288229,From BK to RM,12746.0,5961.0,0.0,Melodic,75,2111,1614,7833,7833,7866
7867,TR743967,T.Klan Regime,132240.0,4400.0,25.0,Fast-Flow,75,2119,1689,7834,7834,7867
7868,TR730395,Welcome To The Jungle,180453.0,4706.0,32.0,Slow Dark,75,2119,1543,7835,7835,7868
7869,TR837827,Young Vets,119329.0,4729.0,56.0,Fast-Flow,75,2126,1543,7836,7836,7869
7870,TR780093,TruceMala,112506.0,4030.0,49.0,Minimal,75,2111,1543,7837,7837,7870
7871,TR920585,Denaro/Imperativo,181826.0,5693.0,21.0,Melodic,75,2108,1691,7838,7838,7871
7872,TR866430,Monster (Salmo RMX),217640.0,4077.0,56.0,Hype,75,2106,1687,7839,7839,7872
7873,TR375320,L’amaro nella voce,235826.0,5899.0,22.0,Minimal,75,2127,1543,7840,7840,7873
7874,TR841273,Non è un gioco,267480.0,5802.0,2.0,Slow Dark,75,2128,1688,7841,7841,7874
7875,TR155977,Santeria,162411.0,5086.0,68.0,Fast-Flow,75,2115,1543,7842,7842,7875
7876,TR668892,Interludio,74354.0,5101.0,26.0,Slow Dark,75,2107,1680,7843,7843,7876
7877,TR927083,Interlude #1,184068.0,5323.0,42.0,Slow Dark,75,2105,1688,7844,7844,7877
7878,TR284699,Lo sconosciuto allo specchio,138660.0,4788.0,49.0,Fast-Flow,75,2124,1688,7845,7845,7878
7879,TR857300,Fuori rotta,138660.0,5310.0,49.0,Melodic,75,2124,1543,7846,7846,7879
7880,TR420616,Via Con Me (RMX Big Joe),150000.0,4102.0,36.0,Hype,75,2109,1687,7847,7847,7880
7881,TR217705,Sorry Mama,226557.0,4121.0,59.0,Hype,75,2124,1692,7848,7848,7881
7882,TR140887,Pessimo,147506.0,4930.0,23.0,Hype,75,2129,1688,7849,7849,7882
7883,TR706675,Intro (The Best Out Mixtape Vol. 2),163213.0,5114.0,13.0,Slow Dark,75,2130,1543,7850,7850,7883
7884,TR890012,Colors,162411.0,5794.0,68.0,Hype,75,2115,1688,7851,7851,7884
7885,TR361302,No Way,161311.0,4223.0,32.0,Hype,75,2114,1688,7852,7852,7885
7886,TR803001,Freestyle,151920.0,5662.0,34.0,Slow Dark,75,2109,345,7853,7853,7886
7887,TR737601,Bombtrack,162411.0,4434.0,68.0,Fast-Flow,75,2115,1688,7854,7854,7887
7888,TR424333,White Trash,120623.0,4801.0,40.0,Slow Dark,75,2110,345,7855,7855,7888
7889,TR608660,Tropa D’Elite,168240.0,4646.0,37.0,Minimal,75,2106,1543,7856,7856,7889
7890,TR195795,Famo Show Off,162857.0,4814.0,8.0,Clean,75,2131,1688,7857,7857,7890
7891,TR420774,Money & Egos,84049.0,4313.0,25.0,Fast-Flow,75,2107,1680,7858,7858,7891
7892,TR586934,Freestyle Radio Disagio,239493.0,5021.0,28.0,Clean,75,2132,1693,7859,7859,7892
7893,TR243215,Mix,516786.0,5620.0,53.0,Hype,75,2133,1543,7860,7860,7893
7894,TR708591,Interlude #6,180855.0,4897.0,27.0,Slow Dark,75,2134,1688,7861,7861,7894
7895,TR860937,Interlude #5,230160.0,4997.0,32.0,Melodic,75,2111,1688,7862,7862,7895
7896,TR393852,Interlude #2,184068.0,5713.0,42.0,Slow Dark,75,2105,1688,7863,7863,7896
7897,TR431082,Interlude #3,230160.0,5428.0,32.0,Melodic,75,2111,1688,7864,7864,7897
7898,TR853628,Interlude #4,230160.0,4995.0,32.0,Slow Dark,75,2111,1688,7865,7865,7898
7899,TR549706,Mister,283000.0,30463.0,37.0,Fast-Flow,49,2135,377,7866,7866,7899
7900,TR833732,Sogni d’odio,210133.0,35650.0,29.0,Hype,49,2136,774,7867,7867,7900
7901,TR902298,No McDonald’s,170971.0,22020.0,31.0,Warm Bangers,49,2135,377,7868,7868,7901
7902,TR842426,Nuvole,173018.0,13819.0,25.0,Fast-Flow,49,2135,377,7869,7869,7902
7903,TR948342,Jetlag,210313.0,13100.0,22.0,Fast-Flow,49,2135,377,7870,7870,7903
7904,TR970208,Che si fa?,188613.0,15438.0,21.0,Warm Bangers,49,2135,377,7871,7871,7904
7905,TR859641,Grazie a me,277493.0,11219.0,26.0,Warm Bangers,49,2136,774,7872,7872,7905
7906,TR631472,Fashion Week,175331.0,14198.0,23.0,Warm Bangers,49,2135,377,7873,7873,7906
7907,TR452532,Foto,130848.0,10044.0,22.0,Fast-Flow,49,2135,377,7874,7874,7907
7908,TR425154,Fischi,192482.0,12380.0,21.0,Melodic,49,2135,377,7875,7875,7908
7909,TR155365,Non ho mai,157977.0,9226.0,19.0,Fast-Flow,49,2135,377,7876,7876,7909
7910,TR948270,5 momenti top,245506.0,9235.0,22.0,Fast-Flow,49,2136,774,7877,7877,7910
7911,TR251506,Burial,162533.0,10164.0,19.0,Melodic,49,2136,701,7878,7878,7911
7912,TR800984,Sotto,231600.0,7981.0,26.0,Fast-Flow,49,2136,774,7879,7879,7912
7913,TR715761,Una come te,175758.0,8024.0,18.0,Fast-Flow,49,2135,377,7880,7880,7913
7914,TR839491,F*ck Fame,212413.0,6302.0,21.0,Melodic,49,2136,1694,7881,7881,7914
7915,TR528014,Euro,204933.0,6127.0,16.0,Warm Bangers,49,2135,377,7882,7882,7915
7916,TR719960,Torna su,189440.0,6427.0,19.0,Melodic,49,2135,377,7883,7883,7916
7917,TR727946,V(a)iking,117106.0,6411.0,18.0,Warm Bangers,49,2136,774,7884,7884,7917
7918,TR123073,2 modi 2 mondi,196973.0,4943.0,20.0,Slow Dark,49,2136,774,7885,7885,7918
7919,TR739961,Calamita,154336.0,4701.0,16.0,Fast-Flow,49,2135,377,7886,7886,7919
7920,TR200480,No Problema RMX,213942.0,4836.0,35.0,Hype,49,2137,269,7887,7887,7920
7921,TR294501,666,179200.0,5310.0,17.0,Warm Bangers,49,2136,1695,7888,7888,7921
7922,TR356776,Jack uccide,210133.0,5441.0,29.0,Warm Bangers,49,2136,774,7889,7889,7922
7923,TR542172,La mia lama,185733.0,4371.0,17.0,Hype,49,2136,774,7890,7890,7923
7924,TR891652,Don’t Push Me,169584.0,4169.0,30.0,Warm Bangers,49,2137,269,7891,7891,7924
7925,TR271365,Come persa,180360.0,5899.0,16.0,Slow Dark,49,2136,774,7892,7892,7925
7926,TR128927,The Show,196068.0,4534.0,29.0,Fast-Flow,49,2137,269,7893,7893,7926
7927,TR901696,Bussola,203910.0,5724.0,29.0,Hype,49,2137,269,7894,7894,7927
7928,TR128857,Quadrato,176470.0,5744.0,35.0,Slow Dark,49,2137,269,7895,7895,7928
7929,TR374901,Non mi va,165800.0,5560.0,17.0,Warm Bangers,49,2136,774,7896,7896,7929
7930,TR721942,Yes Yes,165178.0,4348.0,31.0,Warm Bangers,49,2137,269,7897,7897,7930
7931,TR911234,Soldi sporchi,213146.0,5659.0,14.0,Warm Bangers,49,2136,774,7898,7898,7931
7932,TR157545,Funema,211930.0,5551.0,28.0,Warm Bangers,49,2137,269,7899,7899,7932
7933,TR400212,Spine,246553.0,5209.0,27.0,Fast-Flow,49,2137,269,7900,7900,7933
7934,TR357146,P.I.M.P.,175098.0,4689.0,44.0,Hype,49,2138,269,7901,7901,7934
7935,TR219124,Da 0 a 18,212092.0,4538.0,28.0,Slow Dark,49,2137,269,7902,7902,7935
7936,TR902598,Mandalo,170346.0,4255.0,14.0,Fast-Flow,49,2136,774,7903,7903,7936
7937,TR976856,No Problema,213942.0,5034.0,35.0,Melodic,49,2137,1696,7904,7904,7937
7938,TR240977,Come Tutti,215059.0,5186.0,27.0,Fast-Flow,49,2137,269,7905,7905,7938
7939,TR205970,24.7,240053.0,4733.0,13.0,Hype,49,2139,1697,7906,7906,7939
7940,TR740348,Ogni Notte Due Notti,161860.0,4965.0,26.0,Slow Dark,49,2137,269,7907,7907,7940
7941,TR124160,Fiero Di Me,212413.0,4742.0,21.0,Minimal,49,2136,1288,7908,7908,7941
7942,TR944372,Mosaico,246000.0,5297.0,5.0,Slow Dark,49,2139,1697,7909,7909,7942
7943,TR360685,La legge del più forte,223213.0,5822.0,4.0,Hype,49,2139,1697,7910,7910,7943
7944,TR917929,Narcos 1000,218000.0,4339.0,4.0,Warm Bangers,49,2140,1087,7911,7911,7944
7945,TR411468,Vita in Ita,208013.0,4778.0,7.0,Warm Bangers,49,2139,1697,7912,7912,7945
7946,TR627712,Lavoro RMX,238685.0,4295.0,31.0,Hype,49,2141,1697,7913,7913,7946
7947,TR844663,Grande Ser.T,240000.0,5266.0,4.0,Fast-Flow,49,2139,1697,7914,7914,7947
7948,TR285764,Non chiedermi,157946.0,5474.0,4.0,Hype,49,2139,1697,7915,7915,7948
7949,TR865668,Spam Rap,202666.0,5882.0,37.0,Clean,49,2142,1288,7916,7916,7949
7950,TR800140,Per Un Pugno Di Dollari,315475.0,4572.0,13.0,Fast-Flow,49,2143,1288,7917,7917,7950
7951,TR156006,10 000,161333.0,5918.0,6.0,Hype,49,2144,1698,7918,7918,7951
7952,TR851898,Lasciarsi e andare,173199.0,4139.0,5.0,Hype,49,2139,1697,7919,7919,7952
7953,TR927995,Bad Trip,309306.0,5221.0,3.0,Slow Dark,49,2139,1697,7920,7920,7953
7954,TR479647,Estate Albina,202666.0,4126.0,37.0,Minimal,49,2142,1699,7921,7921,7954
7955,TR517049,Vicinato,202666.0,5803.0,37.0,Hype,49,2142,1087,7922,7922,7955
7956,TR943156,Conto Alla Rovescia,280786.0,5076.0,27.0,Hype,49,2145,1288,7923,7923,7956
7957,TR620887,We Gon Make It,291400.0,5351.0,41.0,Warm Bangers,49,2146,1087,7924,7924,7957
7958,TR792066,Re Mida,202666.0,5681.0,37.0,Clean,49,2142,1288,7925,7925,7958
7959,TR898954,Fumatore,230600.0,4314.0,6.0,Hype,49,2139,1697,7926,7926,7959
7960,TR455974,Rimmel (Regola Uno),238685.0,4089.0,31.0,Fast-Flow,49,2141,1288,7927,7927,7960
7961,TR104557,Blocco,218000.0,5775.0,4.0,Warm Bangers,49,2139,1697,7928,7928,7961
7962,TR671553,Smartphone,202666.0,4641.0,37.0,Fast-Flow,49,2142,1087,7929,7929,7962
7963,TR811435,Opposto,202666.0,4271.0,37.0,Hype,49,2142,1288,7930,7930,7963
7964,TR254833,Otis Freestyle,197813.0,4951.0,20.0,Hype,49,2147,1288,7931,7931,7964
7965,TR646031,Ferite aperte,256933.0,5213.0,2.0,Hype,49,2139,1697,7932,7932,7965
7966,TR508787,Cheesecake,202666.0,4070.0,37.0,Warm Bangers,49,2142,1087,7933,7933,7966
7967,TR943504,X,236333.0,4563.0,3.0,Fast-Flow,49,2148,1288,7934,7934,7967
7968,TR660797,Personal RMX,202666.0,4078.0,37.0,Melodic,49,2142,1700,7935,7935,7968
7969,TR408874,Numeri,202666.0,4856.0,37.0,Hype,49,2142,1288,7936,7936,7969
7970,TR660283,OK,141500.0,5809.0,5.0,Hype,49,2149,1697,7937,7937,7970
7971,TR831532,Gombloddoh,202666.0,5982.0,37.0,Warm Bangers,49,2142,1087,7938,7938,7971
7972,TR746497,Gesù 2K13,212413.0,5289.0,21.0,Fast-Flow,49,2136,572,7939,7939,7972
7973,TR807658,Fumatore RMX,202666.0,4337.0,37.0,Hype,49,2142,671,7940,7940,7973
7974,TR708682,Chi Non Muore Si Rivede,363733.0,5830.0,4.0,Hype,49,2150,1698,7941,7941,7974
7975,TR771535,Di nuovo in crisi,254453.0,5048.0,2.0,Hype,49,2139,1697,7942,7942,7975
7976,TR610148,Spacca Le Doghe,197813.0,4319.0,20.0,Warm Bangers,49,2147,1288,7943,7943,7976
7977,TR754440,Tatuaggio,202666.0,5860.0,37.0,Hype,49,2142,1288,6441,6441,7977
7978,TR208223,Vai Giù,212413.0,5532.0,21.0,Slow Dark,49,2136,1288,7944,7944,7978
7979,TR375930,BEAST MODE,121507.0,5476.0,23.0,Warm Bangers,49,2151,77,7945,7945,7979
7980,TR272377,Non credo,222600.0,5436.0,2.0,Hype,49,2139,1697,7946,7946,7980
7981,TR705339,Funny Games,195334.0,4413.0,5.0,Hype,49,2152,1698,7947,7947,7981
7982,TR146589,Solo Tu,202666.0,4435.0,37.0,Slow Dark,49,2142,1288,7948,7948,7982
7983,TR251295,CLICK CLACK,116193.0,5390.0,23.0,Warm Bangers,49,2151,77,7949,7949,7983
7984,TR953175,Samsonite,202666.0,4453.0,37.0,Hype,49,2142,1698,7950,7950,7984
7985,TR755353,Vrum Vrum,202666.0,4892.0,37.0,Melodic,49,2142,1699,7951,7951,7985
7986,TR609204,La Legge Del Più Forte RMX,363733.0,5581.0,4.0,Hype,49,2150,1701,7952,7952,7986
7987,TR250808,Non Arrivi Fino A Qui RMX,583917.0,5584.0,24.0,Warm Bangers,49,2153,1288,7953,7953,7987
7988,TR606101,Una Volta Almeno,221403.0,4921.0,72.0,Slow Dark,49,2154,1288,7954,7954,7988
7989,TR492336,Colpa Dei Sogni,183589.0,5601.0,0.0,Hype,49,2155,1698,7955,7955,7989
7990,TR732060,M.V.S.,516786.0,5695.0,53.0,Hype,49,2142,1698,7956,7956,7990
7991,TR486278,Io No,212413.0,5325.0,21.0,Hype,49,2136,1698,7957,7957,7991
7992,TR784136,Spaccagambe,202666.0,4470.0,37.0,Warm Bangers,49,2142,1698,7958,7958,7992
7993,TR675270,Fanno,111426.0,4561.0,1.0,Melodic,49,2156,1699,7959,7959,7993
7994,TR972236,Smokin’ Intro,244813.0,4642.0,6.0,Hype,49,2157,1698,7960,7960,7994
7995,TR820952,Gimme 5,363733.0,4246.0,4.0,Clean,49,2150,1698,7961,7961,7995
7996,TR101061,MARATONA,162166.0,4559.0,20.0,Warm Bangers,49,2151,77,7962,7962,7996
7997,TR890610,Non Ce N’è,301680.0,4430.0,0.0,Fast-Flow,49,2158,1702,7963,7963,7997
7998,TR548568,Pourinho,202666.0,4926.0,37.0,Fast-Flow,49,2142,1699,7964,7964,7998
7999,TR855484,Viaggio Nella Rovina,253280.0,5834.0,0.0,Fast-Flow,49,2159,1698,7965,7965,7999
8000,TR262985,Grandissimo,202666.0,4221.0,37.0,Melodic,49,2142,1699,7966,7966,8000
8001,TR253162,San Francesco,202666.0,5456.0,37.0,Hype,49,2142,1698,7967,7967,8001
8002,TR559495,Come Gira,212413.0,5392.0,21.0,Clean,49,2136,1288,7968,7968,8002
8003,TR688862,Reckless,179466.0,4204.0,10.0,Warm Bangers,49,2160,1698,7969,7969,8003
8004,TR359035,Angolo Di Cielo,111426.0,5862.0,1.0,Clean,49,2156,1288,7970,7970,8004
8005,TR913643,Non Noi,201456.0,5152.0,4.0,Hype,49,2161,1698,7971,7971,8005
8006,TR652072,Roby Baggio,202666.0,4742.0,37.0,Minimal,49,2142,1699,7972,7972,8006
8007,TR787045,Hula Hop,197813.0,5528.0,20.0,Hype,49,2147,1698,7973,7973,8007
8008,TR128494,Piantato Giù,212413.0,4528.0,21.0,Hype,49,2136,1698,7974,7974,8008
8009,TR858714,Non Ci Fermi Più,212413.0,5403.0,21.0,Melodic,49,2136,367,7975,7975,8009
8010,TR137887,Chiama La Volante,111426.0,4092.0,1.0,Clean,49,2156,542,7976,7976,8010
8011,TR782563,Sono Cresciuto Qua,224417.0,5695.0,0.0,Hype,49,2162,1698,7977,7977,8011
8012,TR672799,Facci Passare Alè,210187.0,4910.0,9.0,Melodic,49,2163,1699,7978,7978,8012
8013,TR639864,La musica non c’è,222794.0,275673.0,68.0,Fast-Flow,19,2164,1616,7979,7979,8013
8014,TR274093,Le luci della città,179076.0,85967.0,65.0,Fast-Flow,19,2164,1616,7980,7980,8014
8015,TR809302,Taciturnal,174000.0,86289.0,61.0,Fast-Flow,19,2164,1703,7981,7981,8015
8016,TR725299,Faccio un casino,196807.0,77685.0,64.0,Slow Dark,19,2164,561,7982,7982,8016
8017,TR145487,E yo mamma,201857.0,67544.0,56.0,Minimal,19,2164,245,7983,7983,8017
8018,TR915762,Jet,178932.0,69895.0,45.0,Slow Dark,19,2165,695,7984,7984,8018
8019,TR905252,Lovebars,165906.0,60403.0,60.0,Slow Dark,19,2166,391,7985,7985,8019
8020,TR467243,Parquet,217846.0,65692.0,41.0,Slow Dark,19,2164,1616,7986,7986,8020
8021,TR257209,Occhiali scuri,248678.0,42454.0,39.0,Fast-Flow,19,2164,1703,7987,7987,8021
8022,TR920493,È Colpa Tua,230093.0,42554.0,59.0,Slow Dark,19,2167,1704,7988,7988,8022
8023,TR670945,Ciao,221484.0,41245.0,43.0,Slow Dark,19,2164,1616,7989,7989,8023
8024,TR917188,È sempre bello,203880.0,35308.0,62.0,Slow Dark,19,2168,548,7990,7990,8024
8025,TR312167,La tua canzone,192040.0,28224.0,63.0,Slow Dark,19,2168,690,7991,7991,8025
8026,TR767326,Delusa da me,197814.0,27322.0,41.0,Warm Bangers,19,2164,1616,7992,7992,8026
8027,TR978669,Mille fogli,199187.0,29373.0,36.0,Slow Dark,19,2164,1616,7993,7993,8027
8028,TR587875,Un sorso d’Ipa,210556.0,20270.0,34.0,Warm Bangers,19,2164,1616,7994,7994,8028
8029,TR916888,Catene,175826.0,22077.0,43.0,Slow Dark,19,2168,690,7995,7995,8029
8030,TR948167,Domenica,201546.0,23177.0,52.0,Slow Dark,19,2168,690,7996,7996,8030
8031,TR443378,Le parole più grandi,224931.0,18232.0,58.0,Slow Dark,19,2165,695,7997,7997,8031
8032,TR113758,Lontana da me,223053.0,18200.0,48.0,Fast-Flow,19,2169,1050,7998,7998,8032
8033,TR394013,Pezzi di me,207630.0,14195.0,32.0,Hype,19,2170,1705,7999,7999,8033
8034,TR250796,Sono stanco,155532.0,12508.0,79.0,Minimal,19,2171,1704,8000,8000,8034
8035,TR679438,Crack,226549.0,15653.0,49.0,Hype,19,2172,404,8001,8001,8035
8036,TR186774,Still fenomeno,177328.0,11366.0,33.0,Fast-Flow,19,2164,1616,8002,8002,8036
8037,TR809269,Fuori di me,250880.0,11645.0,36.0,Fast-Flow,19,2168,690,8003,8003,8037
8038,TR542444,Ali sporche,226506.0,13624.0,44.0,Fast-Flow,19,2169,1050,8004,8004,8038
8039,TR472642,Come nelle canzoni,212897.0,10897.0,56.0,Slow Dark,19,2172,686,8005,8005,8039
8040,TR699787,Aeroplani,229880.0,13668.0,30.0,Slow Dark,19,2168,690,8006,8006,8040
8041,TR698138,Mal di gola,171666.0,13624.0,32.0,Minimal,19,2168,690,8007,8007,8041
8042,TR553039,Costole rotte,202000.0,10141.0,28.0,Slow Dark,19,2165,695,8008,8008,8042
8043,TR881821,Nella Casa,118254.0,9014.0,40.0,Minimal,19,2166,1706,8009,8009,8043
8044,TR309333,Terra bruciata,165729.0,11798.0,53.0,Slow Dark,19,2166,391,8010,8010,8044
8045,TR103408,DM,194786.0,10225.0,48.0,Slow Dark,19,2166,391,8011,8011,8045
8046,TR979102,Gratis,215320.0,8588.0,33.0,Fast-Flow,19,2168,690,8012,8012,8046
8047,TR304991,Fari lontani,173706.0,10726.0,41.0,Slow Dark,19,2166,391,8013,8013,8047
8048,TR256598,La strada è mia,234374.0,7980.0,27.0,Slow Dark,19,2173,1050,8014,8014,8048
8049,TR453666,Mal di te,179366.0,11207.0,60.0,Fast-Flow,19,2174,1252,8015,8015,8049
8050,TR776892,Occhi rossi,177310.0,8242.0,57.0,Slow Dark,19,2172,404,8016,8016,8050
8051,TR695685,Vorrei portarti via,287680.0,8054.0,32.0,Minimal,19,2169,1050,8017,8017,8051
8052,TR718992,Vai con Dio,187506.0,7724.0,30.0,Slow Dark,19,2168,690,8018,8018,8052
8053,TR761598,Niente che non va,224931.0,10505.0,58.0,Slow Dark,19,2165,695,8019,8019,8053
8054,TR833797,Mi sono perso,148764.0,8911.0,17.0,Slow Dark,19,2175,1704,8020,8020,8054
8055,TR182764,Sesso e droga,211966.0,9223.0,40.0,Slow Dark,19,2172,404,8021,8021,8055
8056,TR376686,Verso altri lidi (Uomini di Mare cover),165837.0,7831.0,67.0,Minimal,19,2176,1707,8022,8022,8056
8057,TR926629,Era già scritto,118254.0,6932.0,40.0,Slow Dark,19,2166,391,8023,8023,8057
8058,TR681066,Siamo morti insieme,179400.0,6588.0,44.0,Slow Dark,19,2169,1050,8024,8024,8058
8059,TR357478,Hangover,192133.0,6961.0,35.0,Minimal,19,2169,1708,8025,8025,8059
8060,TR525570,Flow Easy,189966.0,7075.0,31.0,Slow Dark,19,2172,1709,8026,8026,8060
8061,TR805024,Cosa mi manchi a fare (Cover),182500.0,7254.0,35.0,Minimal,19,2173,1456,8027,8027,8061
8062,TR370227,Niente di che,194415.0,6029.0,36.0,Fast-Flow,19,2165,695,8028,8028,8062
8063,TR204928,Vetri fumè,227636.0,7762.0,40.0,Slow Dark,19,2166,391,8029,8029,8063
8064,TR221822,Mamma Roma*,140869.0,5639.0,65.0,Slow Dark,19,2177,1668,8030,8030,8064
8065,TR179246,Incredibile romantica (Cover),153000.0,7504.0,27.0,Minimal,19,2173,533,8031,8031,8065
8066,TR111130,Ninna nanna,143173.0,5078.0,26.0,Minimal,19,2168,690,8032,8032,8066
8067,TR625570,Ol’ Dirty,168034.0,6165.0,35.0,Warm Bangers,19,2172,404,8033,8033,8067
8068,TR136840,Ti manca l’aria,192034.0,5767.0,66.0,Slow Dark,19,2178,75,8034,8034,8068
8069,TR873900,Figlio di nessuno,246350.0,5907.0,12.0,Hype,19,2179,1704,8035,8035,8069
8070,TR836375,Casse rotte,242378.0,6153.0,32.0,Hype,19,2172,404,8036,8036,8070
8071,TR712229,Aspettative,174986.0,5787.0,39.0,Minimal,19,2166,391,8037,8037,8071
8072,TR356843,Chiama Me,229710.0,5468.0,44.0,Hype,19,2180,1710,8038,8038,8072
8073,TR655561,Alta marea,171903.0,5957.0,60.0,Slow Dark,19,2166,798,8039,8039,8073
8074,TR277350,Cielo di sabbia,194516.0,5681.0,74.0,Hype,19,2181,1705,8040,8040,8074
8075,TR662000,Qualcosa di grande,161432.0,6164.0,60.0,Fast-Flow,19,2182,431,8041,8041,8075
8076,TR529049,Una luce alle 03:00,157413.0,4607.0,46.0,Slow Dark,19,2166,391,8042,8042,8076
8077,TR961324,Cerchi con il fumo,174737.0,5297.0,34.0,Slow Dark,19,2172,404,8043,8043,8077
8078,TR680819,Fra le nuvole,174265.0,5228.0,34.0,Fast-Flow,19,2172,404,8044,8044,8078
8079,TR974889,Ti sposerai,231390.0,4754.0,33.0,Minimal,19,2165,695,8045,8045,8079
8080,TR824914,Non erano fiori,223053.0,4987.0,48.0,Slow Dark,19,2169,1050,8046,8046,8080
8081,TR158034,Margherita,163413.0,4640.0,38.0,Slow Dark,19,2172,404,8047,8047,8081
8082,TR524047,Che colpa ne ho,164333.0,4296.0,53.0,Slow Dark,19,2166,391,8048,8048,8082
8083,TR208859,Forever alone,206013.0,4440.0,30.0,Fast-Flow,19,2169,1711,8049,8049,8083
8084,TR896004,La rabbia dei secondi,191093.0,4224.0,28.0,Fast-Flow,19,2165,1712,8050,8050,8084
8085,TR193857,Local Heroes,132716.0,5381.0,38.0,Warm Bangers,19,2166,391,8051,8051,8085
8086,TR793112,Con le tasche leggere,193000.0,5337.0,30.0,Slow Dark,19,2165,695,8052,8052,8086
8087,TR625149,Tre fori nel cuore,183079.0,5920.0,5.0,Fast-Flow,19,2183,1705,8053,8053,8087
8088,TR272738,invece no,267120.0,5476.0,22.0,Fast-Flow,19,2184,1713,8054,8054,8088
8089,TR889115,Dramma nero,318880.0,4115.0,24.0,Slow Dark,19,2169,1050,8055,8055,8089
8090,TR128976,Wu-Tang,145966.0,5783.0,30.0,Fast-Flow,19,2172,1714,8056,8056,8090
8091,TR614877,Bomba a mano,195374.0,5742.0,37.0,Slow Dark,19,2172,404,8057,8057,8091
8092,TR582548,Se esiste un Dio,173973.0,4900.0,37.0,Fast-Flow,19,2166,391,8058,8058,8092
8093,TR647268,Le cose che non ho,226906.0,5189.0,82.0,Slow Dark,19,2185,1704,8059,8059,8093
8094,TR443927,Stalker,199880.0,5971.0,14.0,Hype,19,2184,1715,8060,8060,8094
8095,TR815568,Buona fortuna,193500.0,5079.0,24.0,Fast-Flow,19,2173,695,8061,8061,8095
8096,TR872695,Dove finiscono le favole,205194.0,5829.0,23.0,Slow Dark,19,2165,695,8062,8062,8096
8097,TR523533,Faccia da rapina,241540.0,4177.0,30.0,Fast-Flow,19,2172,404,8063,8063,8097
8098,TR607857,Via,223709.0,4393.0,24.0,Warm Bangers,19,2186,1716,8064,8064,8098
8099,TR665748,Quello che so,273489.0,4898.0,20.0,Hype,19,2179,1704,8065,8065,8099
8100,TR554521,Cassaforte,224931.0,5186.0,58.0,Fast-Flow,19,2165,1704,8066,8066,8100
8101,TR772106,Testa uragano - From the Rooftop,212000.0,5649.0,30.0,Minimal,19,2173,1717,8067,8067,8101
8102,TR527669,Essere liberi,196525.0,5994.0,43.0,Slow Dark,19,2172,1718,8068,8068,8102
8103,TR789913,Still life,198545.0,4792.0,24.0,Slow Dark,19,2165,695,8069,8069,8103
8104,TR791916,Circolo Vizioso Royal,218253.0,4107.0,33.0,Slow Dark,19,2187,1704,8070,8070,8104
8105,TR190585,Nei treni la notte,181789.0,5618.0,43.0,Minimal,19,2188,1719,1571,1571,8105
8106,TR946780,Almodovar,171903.0,5224.0,60.0,Warm Bangers,19,2166,1705,8071,8071,8106
8107,TR692729,Oh no!,177826.0,4411.0,22.0,Slow Dark,19,2169,1050,8072,8072,8107
8108,TR136898,Buona fortuna - From the Rooftop,193500.0,5003.0,24.0,Minimal,19,2173,1244,8073,8073,8108
8109,TR584194,Volare,177310.0,5502.0,57.0,Melodic,19,2172,1715,8074,8074,8109
8110,TR717678,Torcida,174628.0,5559.0,65.0,Hype,19,2189,1705,8075,8075,8110
8111,TR178007,"Fra le nuvole, Pt. 2",159520.0,5013.0,32.0,Minimal,19,2188,1719,8076,8076,8111
8112,TR138172,Roma di notte,201722.0,4624.0,54.0,Fast-Flow,19,2182,431,8077,8077,8112
8113,TR471969,La strada è mia - From the Rooftop,234374.0,5964.0,27.0,Minimal,19,2173,533,8078,8078,8113
8114,TR585161,Intro Fenomeno,212897.0,5342.0,56.0,Hype,19,2172,1705,8079,8079,8114
8115,TR513432,Fuori orario,190222.0,4830.0,29.0,Fast-Flow,19,2188,111,8080,8080,8115
8116,TR464802,Balla con me,140160.0,4575.0,73.0,Slow Dark,19,2190,1704,8081,8081,8116
8117,TR122958,Pezzo di cuore (demo 2004),140816.0,5478.0,75.0,Fast-Flow,19,2191,1710,8082,8082,8117
8118,TR603769,Lontana da me - From the Rooftop,227750.0,4497.0,36.0,Minimal,19,2173,1053,8083,8083,8118
8119,TR790964,Tutto normale,209666.0,4355.0,14.0,Warm Bangers,19,2184,805,8084,8084,8119
8120,TR571639,Costole rotte - From the Rooftop,200000.0,5075.0,27.0,Slow Dark,19,2173,1720,8085,8085,8120
8121,TR539456,Dentro al fumo,155816.0,4592.0,53.0,Warm Bangers,19,2182,431,8086,8086,8121
8122,TR808240,Estate 1998,171391.0,5273.0,52.0,Hype,19,2182,431,8087,8087,8122
8123,TR477104,Nessun tramonto,144000.0,4248.0,52.0,Slow Dark,19,2182,431,8088,8088,8123
8124,TR388228,Va tutto bene,182245.0,5325.0,76.0,Fast-Flow,19,2185,1705,5229,5229,8124
8125,TR467591,Fenomeno,177328.0,4581.0,33.0,Fast-Flow,19,2164,1705,8089,8089,8125
8126,TR420065,Senza mani,105520.0,4011.0,13.0,Hype,19,2184,1715,1129,1129,8126
8127,TR564129,Non dire no,176333.0,4265.0,51.0,Fast-Flow,19,2182,431,8090,8090,8127
8128,TR357846,You get ready,256000.0,5887.0,95.0,Minimal,19,2192,1704,8091,8091,8128
8129,TR906823,Sparati in faccia,223834.0,5755.0,79.0,Clean,19,2193,1705,8092,8092,8129
8130,TR862991,Mr. Nobody,183536.0,4480.0,50.0,Slow Dark,19,2182,431,8093,8093,8130
8131,TR428735,Sei piedi sotto,245853.0,5575.0,75.0,Hype,19,2193,1705,8094,8094,8131
8132,TR102692,Senza te,168377.0,5232.0,49.0,Fast-Flow,19,2182,431,8095,8095,8132
8133,TR684899,Non c’è più nessuno,246350.0,5958.0,12.0,Fast-Flow,19,2179,1705,8096,8096,8133
8134,TR683109,Mille miglia,207313.0,4762.0,73.0,Fast-Flow,19,2194,1721,8097,8097,8134
8135,TR434958,Margherita - FTR2,163413.0,5379.0,38.0,Minimal,19,2172,1719,8098,8098,8135
8136,TR108394,La tua canzone (Spotify Singles),216112.0,4138.0,31.0,Minimal,19,2186,1716,8099,8099,8136
8137,TR595810,Sorry mamy,118378.0,4804.0,7.0,Hype,19,2195,1705,8100,8100,8137
8138,TR987218,Il tempo vola,208448.0,5944.0,48.0,Slow Dark,19,2182,431,8101,8101,8138
8139,TR467950,Spingo dentro i monitor,273489.0,5093.0,20.0,Hype,19,2179,1705,8102,8102,8139
8140,TR881585,Volare (Freestyle),132716.0,4588.0,38.0,Melodic,19,2166,1722,8103,8103,8140
8141,TR889782,Inverno 1998,172640.0,4252.0,49.0,Fast-Flow,19,2182,431,8104,8104,8141
8142,TR109668,Intro,64527.0,5423.0,9.0,Hype,19,2179,1704,8105,8105,8142
8143,TR659629,È sempre bello - FTR2,224483.0,5304.0,9.0,Minimal,19,2196,1719,8106,8106,8143
8144,TR620292,Le luci della città - FTR2,212000.0,4761.0,30.0,Slow Dark,19,2173,1719,8107,8107,8144
8145,TR896598,Da Grafic Revolution,230093.0,5920.0,59.0,Slow Dark,19,2167,367,8108,8108,8145
8146,TR771958,Essere liberi - FTR2,265454.0,4055.0,65.0,Minimal,19,2197,1719,8109,8109,8146
8147,TR587599,Follow Me,222000.0,4622.0,90.0,Hype,19,2198,581,8110,8110,8147
8148,TR371139,Faccio un casino (TJ Unicorno Extended Mix),322702.0,5857.0,1.0,Fast-Flow,19,2199,1723,8111,8111,8148
8149,TR742726,M’ manc,180000.0,112521.0,72.0,Fast-Flow,90,2200,985,8112,8112,8149
8150,TR474719,Non Ci Sto,183529.0,29976.0,59.0,Fast-Flow,90,2201,278,8113,8113,8150
8151,TR499209,Kriminal,196714.0,20070.0,34.0,Fast-Flow,90,2202,787,8114,8114,8151
8152,TR578264,La Mia Parola,170161.0,20856.0,72.0,Hype,90,2203,707,8115,8115,8152
8153,TR386129,Hope,171111.0,12553.0,49.0,Slow Dark,90,2204,1553,8116,8116,8153
8154,TR609737,Cuore,202588.0,6281.0,49.0,Slow Dark,90,2205,66,8117,8117,8154
8155,TR381574,Spirito Libero,180150.0,5605.0,57.0,Warm Bangers,90,2206,1724,8118,8118,8155
8156,TR879864,Dai dai dai,265746.0,4377.0,17.0,Clean,90,2207,338,8119,8119,8156
8157,TR817210,Immobile,276546.0,5441.0,9.0,Minimal,90,2208,1725,8120,8120,8157
8158,TR218828,"In Your Mind (ft. Micaela, Charlie Charles)",202440.0,4783.0,37.0,Minimal,90,2209,515,8121,8121,8158
8159,TR814544,Pimper’s Paradise,213333.0,4816.0,9.0,Fast-Flow,90,2210,1726,8122,8122,8159
8160,TR242823,Per Scaramanzia,166983.0,5583.0,63.0,Minimal,90,2211,742,8123,8123,8160
8161,TR876958,Count On Me,223093.0,5943.0,13.0,Clean,90,2212,912,8124,8124,8161
8162,TR544070,Timeless Spirit,212960.0,4266.0,11.0,Minimal,90,2213,515,8125,8125,8162
8163,TR755839,Intro,90750.0,4854.0,7.0,Slow Dark,90,2214,364,8126,8126,8163
8164,TR161965,Chessplaying This Dame,241133.0,4976.0,9.0,Slow Dark,90,2213,515,8127,8127,8164
8165,TR698084,What About The Meaning,230933.0,4766.0,8.0,Slow Dark,90,2212,912,8128,8128,8165
8166,TR583418,Miss You,237653.0,4739.0,5.0,Minimal,90,2213,515,8129,8129,8166
8167,TR728228,Your Last Chance,156773.0,4116.0,1.0,Warm Bangers,90,2212,912,8130,8130,8167
8168,TR411850,Melody Dream,324840.0,5386.0,3.0,Warm Bangers,90,2213,515,8131,8131,8168
8169,TR759176,She’s Dope,227066.0,4887.0,6.0,Melodic,90,2212,912,8132,8132,8169
8170,TR925275,Amor de mi vida (Amazon Music Original),265299.0,4402.0,29.0,Slow Dark,90,2215,1727,8133,8133,8170
8171,TR926996,Wineflow,102026.0,5646.0,8.0,Warm Bangers,90,2212,912,8134,8134,8171
8172,TR750485,Your World,533040.0,5623.0,1.0,Slow Dark,90,2212,912,8135,8135,8172
8173,TR924987,Remember,209426.0,4987.0,4.0,Minimal,90,2213,1235,8136,8136,8173
8174,TR863877,Who I Am,209600.0,4609.0,5.0,Slow Dark,90,2213,515,8137,8137,8174
8175,TR899110,Away From Me,183893.0,5293.0,1.0,Slow Dark,90,2212,912,8138,8138,8175
8176,TR244027,No Love No Money,231920.0,4590.0,2.0,Clean,90,2212,912,8139,8139,8176
8177,TR696696,About You,246200.0,4484.0,4.0,Slow Dark,90,2213,515,8140,8140,8177
8178,TR126759,Los Impresindibles,215906.0,5477.0,2.0,Warm Bangers,90,2212,912,8141,8141,8178
8179,TR502756,Joy,283386.0,4092.0,3.0,Minimal,90,2212,912,8142,8142,8179
8180,TR289370,Got to Be You,229093.0,4202.0,2.0,Slow Dark,90,2213,515,8143,8143,8180
8181,TR513300,Heat,230826.0,4025.0,1.0,Clean,90,2212,912,8144,8144,8181
8182,TR434548,Skyscrapers,275493.0,4318.0,4.0,Slow Dark,90,2213,515,8145,8145,8182
8183,TR502456,Introducing Avantguardia,90750.0,4151.0,7.0,Minimal,90,2214,1728,8146,8146,8183
8184,TR566082,The Answer,176840.0,6009.0,1.0,Slow Dark,90,2212,912,8147,8147,8184
8185,TR302953,Superstition,255453.0,4590.0,7.0,Minimal,90,2213,1729,8148,8148,8185
8186,TR637093,Like Before (Honey),235613.0,4310.0,2.0,Melodic,90,2212,912,8149,8149,8186
8187,TR120173,Intro (Demolizione 2),211373.0,4494.0,2.0,Minimal,90,2216,1730,8150,8150,8187
8188,TR282973,Golpes de Realidad,152659.0,5888.0,0.0,Minimal,90,2217,1731,8151,8151,8188
8189,TR941393,Veleno 6,205125.0,1501925.0,58.0,Fast-Flow,57,2218,1732,8152,8152,8189
8190,TR128187,Bolla papale Freestyle,126000.0,449044.0,50.0,Melodic,57,2218,1368,8153,8153,8190
8191,TR531427,Trapano,173188.0,351121.0,44.0,Warm Bangers,57,2219,651,8154,8154,8191
8192,TR172263,Intro,131447.0,229363.0,45.0,Fast-Flow,57,2218,1639,8155,8155,8192
8193,TR304255,Centro,184304.0,154416.0,54.0,Minimal,57,2219,1063,8156,8156,8193
8194,TR163116,Non esiste,248051.0,122826.0,36.0,Fast-Flow,57,2220,1158,8157,8157,8194
8195,TR527017,Salsa,227682.0,115465.0,41.0,Fast-Flow,57,2219,987,8158,8158,8195
8196,TR865436,Il momento,213030.0,111453.0,44.0,Slow Dark,57,2218,1247,8159,8159,8196
8197,TR811865,Veleno 8,182473.0,118277.0,49.0,Melodic,57,2221,743,8160,8160,8197
8198,TR622446,Patatrac,196400.0,97033.0,42.0,Hype,57,2220,1158,8161,8161,8198
8199,TR321510,R8,108272.0,108512.0,44.0,Fast-Flow,57,2222,1097,8162,8162,8199
8200,TR833273,Hollywood,199553.0,76343.0,43.0,Melodic,57,2219,987,8163,8163,8200
8201,TR282293,Mignolo,135136.0,79509.0,44.0,Warm Bangers,57,2222,1097,8164,8164,8201
8202,TR372417,Numeri,132950.0,85856.0,44.0,Melodic,57,2222,1097,8165,8165,8202
8203,TR914844,Ramadan,209446.0,96418.0,39.0,Slow Dark,57,2220,1158,8166,8166,8203
8204,TR400868,Ciò Che Fa Per Me,166250.0,76634.0,52.0,Slow Dark,57,2219,987,8167,8167,8204
8205,TR137148,Mary Jane,220800.0,79846.0,47.0,Slow Dark,57,2218,1639,8168,8168,8205
8206,TR258584,Baby Blue RMX,237333.0,64400.0,23.0,Fast-Flow,57,2223,1639,8169,8169,8206
8207,TR425482,Solo con me,189850.0,57626.0,38.0,Fast-Flow,57,2218,1639,8170,8170,8207
8208,TR743944,Devil May Cry,184610.0,55285.0,40.0,Minimal,57,2220,1158,8171,8171,8208
8209,TR574346,Mickey Rourke,233023.0,59778.0,43.0,Fast-Flow,57,2219,987,8172,8172,8209
8210,TR935046,Doppelganger,172500.0,54810.0,42.0,Melodic,57,2220,1158,8173,8173,8210
8211,TR559870,Escape From Heart,268973.0,50868.0,8.0,Fast-Flow,57,2224,1733,8174,8174,8211
8212,TR809850,Lo Rifarò,183797.0,62559.0,68.0,Hype,57,2225,1733,8175,8175,8212
8213,TR118387,Come Ti Fa Mad,187615.0,45274.0,45.0,Warm Bangers,57,2226,1734,8176,8176,8213
8214,TR661923,Successo,199200.0,56756.0,41.0,Fast-Flow,57,2219,987,8177,8177,8214
8215,TR541815,Fuck Girls,234725.0,52581.0,61.0,Hype,57,2227,1733,8178,8178,8215
8216,TR100871,The Hills RMX,345466.0,55049.0,17.0,Slow Dark,57,2228,1639,8179,8179,8216
8217,TR997213,24/7,167659.0,56081.0,43.0,Fast-Flow,57,2222,1097,8180,8180,8217
8218,TR362103,Storie,164625.0,50612.0,49.0,Fast-Flow,57,2219,987,8181,8181,8218
8219,TR275469,Kournikova,124835.0,48948.0,36.0,Melodic,57,2220,1158,8182,8182,8219
8220,TR539733,Defcon1,103824.0,58271.0,40.0,Melodic,57,2221,743,8183,8183,8220
8221,TR547237,7/8 Sour,163027.0,60898.0,37.0,Warm Bangers,57,2222,1125,8184,8184,8221
8222,TR492921,Supernova,226704.0,45711.0,41.0,Fast-Flow,57,2222,1262,8185,8185,8222
8223,TR863287,Niente Proprio,177061.0,43546.0,38.0,Fast-Flow,57,2219,987,8186,8186,8223
8224,TR300071,Fuori Piove,186000.0,58662.0,38.0,Slow Dark,57,2222,1097,8187,8187,8224
8225,TR852481,Niente Da Dividere,183875.0,45939.0,38.0,Fast-Flow,57,2219,987,8188,8188,8225
8226,TR593019,For Honor,155359.0,46725.0,33.0,Slow Dark,57,2229,219,8189,8189,8226
8227,TR134428,La mia tipa,175085.0,42100.0,38.0,Melodic,57,2220,1158,8190,8190,8227
8228,TR844984,Ludovico,135136.0,35566.0,35.0,Warm Bangers,57,2222,1097,8191,8191,8228
8229,TR245189,Extraterrestri,207124.0,43019.0,35.0,Slow Dark,57,2219,987,8192,8192,8229
8230,TR703265,Nel cervello,200983.0,41916.0,35.0,Warm Bangers,57,2218,1639,8193,8193,8230
8231,TR466291,Deep Freestyle,312626.0,35937.0,83.0,Slow Dark,57,2230,1639,8194,8194,8231
8232,TR958808,Beatrix Kiddo,145636.0,38431.0,33.0,Fast-Flow,57,2222,1097,8195,8195,8232
8233,TR208282,Plenilunio,211662.0,41866.0,41.0,Melodic,57,2231,992,8196,8196,8233
8234,TR304193,NLS,126000.0,37460.0,50.0,Hype,57,2218,1735,8197,8197,8234
8235,TR362879,La Cosa,129776.0,29878.0,37.0,Melodic,57,2221,743,8198,8198,8235
8236,TR951822,Chillin’ Rmx,165953.0,33353.0,44.0,Slow Dark,57,2221,743,8199,8199,8236
8237,TR804102,Intro (Scusate Il Ritardo),260001.0,34600.0,46.0,Hype,57,2232,1735,8200,8200,8237
8238,TR155221,Vai bro,181695.0,35657.0,33.0,Hype,57,2220,1736,8201,8201,8238
8239,TR389835,Queen Rmx,182727.0,33480.0,45.0,Melodic,57,2222,1097,8202,8202,8239
8240,TR191196,Solo Per Me,178624.0,27104.0,46.0,Slow Dark,57,2221,743,8203,8203,8240
8241,TR822713,Dopo il rischio,157713.0,33775.0,31.0,Fast-Flow,57,2220,1158,8204,8204,8241
8242,TR372400,Hot Pot,125334.0,32913.0,37.0,Melodic,57,2221,743,8205,8205,8242
8243,TR770001,Tutto in un giorno,222775.0,24581.0,35.0,Slow Dark,57,2220,1158,8206,8206,8243
8244,TR430546,È solo l’inizio,190409.0,28052.0,67.0,Hype,57,2233,1733,8207,8207,8244
8245,TR247750,My Shit 3,201266.0,26329.0,14.0,Slow Dark,57,2234,1737,8208,8208,8245
8246,TR261393,Jacuzzi,100214.0,29981.0,37.0,Melodic,57,2221,743,8209,8209,8246
8247,TR623399,Non credo,198021.0,23727.0,31.0,Warm Bangers,57,2220,1158,8210,8210,8247
8248,TR940257,A/R,332229.0,27705.0,75.0,Fast-Flow,57,2235,1097,8211,8211,8248
8249,TR475155,Perry Mason,134318.0,30466.0,32.0,Fast-Flow,57,2222,1097,8212,8212,8249
8250,TR213485,Occhiali da donna RMX,265454.0,28893.0,65.0,Melodic,57,2236,1639,8213,8213,8250
8251,TR185455,Il Traguardo,212148.0,29957.0,72.0,Hype,57,2237,1733,8214,8214,8251
8252,TR793159,Uova D’Oro,213063.0,30051.0,31.0,Hype,57,2222,1097,8215,8215,8252
8253,TR883548,Vero o Falso,147412.0,20255.0,35.0,Warm Bangers,57,2221,743,8216,8216,8253
8254,TR748670,Mi va a puttane il cervello,168057.0,26363.0,0.0,Hype,57,2238,1733,8217,8217,8254
8255,TR262276,Like This Like That,157395.0,23993.0,39.0,Warm Bangers,57,2221,743,8218,8218,8255
8256,TR477881,Top Player,148166.0,28336.0,38.0,Hype,57,2220,1158,8219,8219,8256
8257,TR703087,Migliori dei miei,202432.0,21607.0,32.0,Warm Bangers,57,2218,1639,8220,8220,8257
8258,TR750588,Chillin’,165953.0,28568.0,44.0,Slow Dark,57,2221,743,8221,8221,8258
8259,TR876414,Dead A Pussy N***a RMX,315391.0,23027.0,1.0,Slow Dark,57,2239,1639,8222,8222,8259
8260,TR995804,Trash Music,203728.0,24585.0,0.0,Fast-Flow,57,2240,1733,8223,8223,8260
8261,TR936774,Tutto apposto,213167.0,18186.0,31.0,Fast-Flow,57,2220,1158,8224,8224,8261
8262,TR553614,Utopia,190352.0,18870.0,48.0,Slow Dark,57,2231,1650,8225,8225,8262
8263,TR951629,Garda,141508.0,23756.0,38.0,Slow Dark,57,2221,743,8226,8226,8263
8264,TR492414,Stiaah! RMX,184304.0,17210.0,54.0,Hype,57,2219,1735,8227,8227,8264
8265,TR261536,Questa Merda,170000.0,23105.0,55.0,Hype,57,2241,1733,8228,8228,8265
8266,TR441607,Bruce Wayne,171060.0,16264.0,44.0,Warm Bangers,57,2231,1650,8229,8229,8266
8267,TR524790,Jon Jones,144042.0,21300.0,42.0,Warm Bangers,57,2231,1650,8230,8230,8267
8268,TR736806,Audi,125471.0,18715.0,31.0,Fast-Flow,57,2221,743,8231,8231,8268
8269,TR521202,Gaudí,174232.0,20344.0,38.0,Melodic,57,2221,743,8232,8232,8269
8270,TR351652,Grande,140707.0,20730.0,33.0,Melodic,57,2219,987,8233,8233,8270
8271,TR115375,Lonewolf,209558.0,17974.0,41.0,Fast-Flow,57,2231,1650,8234,8234,8271
8272,TR303719,Fresco fresco,175090.0,16157.0,30.0,Melodic,57,2218,1639,8235,8235,8272
8273,TR135513,I’m Gon Win RMX,1878254.0,15704.0,14.0,Warm Bangers,57,2242,1639,8236,8236,8273
8274,TR335107,Rainy Trip,345693.0,19549.0,10.0,Fast-Flow,57,2243,1733,8237,8237,8274
8275,TR984306,Comodino,127909.0,19033.0,33.0,Warm Bangers,57,2222,1097,8238,8238,8275
8276,TR487619,5 AM,207979.0,19524.0,0.0,Slow Dark,57,2244,1735,8239,8239,8276
8277,TR760049,Underground,305410.0,17541.0,0.0,Hype,57,2245,1733,8240,8240,8277
8278,TR322369,Madtadone 2018,166000.0,16721.0,54.0,Warm Bangers,57,2246,1738,8241,8241,8278
8279,TR443631,Quello Che Cerco,246780.0,16485.0,44.0,Melodic,57,2247,1735,8242,8242,8279
8280,TR986822,NSFCM,121989.0,13881.0,33.0,Melodic,57,2221,743,8243,8243,8280
8281,TR573519,Serial Killer,135340.0,15569.0,42.0,Warm Bangers,57,2231,1650,8244,8244,8281
8282,TR718951,Niente Di Nuovo,156284.0,19536.0,35.0,Slow Dark,57,2221,743,8245,8245,8282
8283,TR169220,Dopo Tre Giorni,172500.0,18689.0,42.0,Slow Dark,57,2220,1733,8246,8246,8283
8284,TR427772,La Partenza,204375.0,15012.0,67.0,Fast-Flow,57,2248,1733,8247,8247,8284
8285,TR838110,Alfredo’s,163313.0,16258.0,30.0,Melodic,57,2221,743,8248,8248,8285
8286,TR929075,Dammi Luce,191824.0,17794.0,31.0,Slow Dark,57,2249,1733,8249,8249,8286
8287,TR686253,Psicodramma,191233.0,13267.0,40.0,Slow Dark,57,2231,1650,8250,8250,8287
8288,TR626201,Madtadone 2016,131447.0,10092.0,45.0,Melodic,57,2218,1739,8251,8251,8288
8289,TR347565,Perdono / Dylan Dog,202791.0,10177.0,39.0,Fast-Flow,57,2231,1650,8252,8252,8289
8290,TR113316,No Entiendo,129873.0,11660.0,37.0,Fast-Flow,57,2231,1650,8253,8253,8290
8291,TR824366,Difetti,142612.0,13563.0,41.0,Warm Bangers,57,2231,1650,8254,8254,8291
8292,TR803761,Soprano,150869.0,12042.0,40.0,Warm Bangers,57,2231,1650,8255,8255,8292
8293,TR325536,Questo è l’anno,212148.0,9063.0,72.0,Hype,57,2237,1733,8256,8256,8293
8294,TR930548,Demoni,172679.0,9132.0,37.0,Warm Bangers,57,2231,1650,8257,8257,8294
8295,TR469304,Gas Pedal,226937.0,11298.0,61.0,Melodic,57,2250,1735,8258,8258,8295
8296,TR677290,Freaks,400592.0,11485.0,0.0,Hype,57,2251,1735,8259,8259,8296
8297,TR110662,Guarda Mamma,307245.0,9816.0,42.0,Hype,57,2226,1735,8260,8260,8297
8298,TR275676,Honiro Exxclusive,246780.0,9616.0,44.0,Hype,57,2247,1740,8261,8261,8298
8299,TR954831,Good Vibes,199410.0,6912.0,36.0,Warm Bangers,57,2231,1650,8262,8262,8299
8300,TR431887,Pay Day,257133.0,9460.0,43.0,Hype,57,2252,1735,8263,8263,8300
8301,TR650849,Bunkerino,166000.0,9282.0,54.0,Hype,57,2246,1735,8264,8264,8301
8302,TR542096,C’ho Flow,187615.0,7492.0,45.0,Hype,57,2226,1735,8265,8265,8302
8303,TR702559,Madtadone 2013,196520.0,8755.0,11.0,Fast-Flow,57,2253,592,8266,8266,8303
8304,TR605506,Senza Finto Bon Ton,238533.0,7086.0,63.0,Hype,57,2254,1735,8267,8267,8304
8305,TR145651,WTF,207874.0,6407.0,0.0,Fast-Flow,57,2255,1735,8268,8268,8305
8306,TR813914,Weed Porn,228734.0,6645.0,22.0,Melodic,57,2256,1735,8269,8269,8306
8307,TR543321,Sono Un Fantasma,246780.0,6462.0,44.0,Fast-Flow,57,2247,1741,8270,8270,8307
8308,TR198580,R.I.P.,165585.0,6888.0,45.0,Warm Bangers,57,2257,1741,8271,8271,8308
8309,TR334727,Madtadone 2012,166000.0,7040.0,54.0,Fast-Flow,57,2246,1742,8272,8272,8309
8310,TR632738,Gin Tonic,175507.0,7244.0,42.0,Slow Dark,57,2231,1650,8273,8273,8310
8311,TR537262,Numbers,304223.0,6778.0,0.0,Melodic,57,2258,1735,8274,8274,8311
8312,TR215619,Molly,155133.0,6070.0,55.0,Hype,57,2259,1735,8275,8275,8312
8313,TR442947,Madtadone 2011,131447.0,5313.0,45.0,Melodic,57,2218,1737,8276,8276,8313
8314,TR454198,LAVA FREESTYLE,119111.0,6582.0,33.0,Melodic,57,2260,1743,8277,8277,8314
8315,TR699729,Tutti Kings Online,1878254.0,5866.0,14.0,Fast-Flow,57,2242,1735,8278,8278,8315
8316,TR630258,#CoCo Freestyle,174922.0,4888.0,7.0,Minimal,57,2261,1744,8279,8279,8316
8317,TR343833,My Shit,216818.0,5752.0,0.0,Slow Dark,57,2262,1745,8280,8280,8317
8318,TR591502,Madtadone 2015,166000.0,5509.0,54.0,Fast-Flow,57,2246,1746,8281,8281,8318
8319,TR494588,Raid,37066.0,5731.0,8.0,Hype,57,2263,1747,8282,8282,8319
8320,TR855166,Free MadMan,126000.0,5005.0,50.0,Slow Dark,57,2218,1741,8283,8283,8320
8321,TR129746,L’Alibi Perfetto,238666.0,4275.0,32.0,Minimal,57,2264,1741,8284,8284,8321
8322,TR679538,Tra I Peggiori,178064.0,5410.0,66.0,Minimal,57,2265,1741,8285,8285,8322
8323,TR376361,Zarria Cock-tail,275653.0,4426.0,2.0,Slow Dark,57,2266,1741,8286,8286,8323
8324,TR274119,Fino A Tardi RMX,180137.0,4899.0,75.0,Melodic,57,2267,1741,8287,8287,8324
8325,TR714983,A Millie,169466.0,4142.0,48.0,Melodic,57,2268,1741,8288,8288,8325
8326,TR828201,Madtadone 2014,230625.0,5667.0,5.0,Minimal,57,2269,1748,8289,8289,8326
8327,TR267698,L’Odio Dentro,267313.0,4265.0,70.0,Minimal,57,2270,1741,8290,8290,8327
8328,TR908920,My Shit 2,106811.0,5821.0,0.0,Fast-Flow,57,2271,667,8291,8291,8328
8329,TR543920,La Minaccia,150349.0,5746.0,67.0,Minimal,57,2272,1741,8292,8292,8329
8330,TR300994,CIA Killed Me,172640.0,4944.0,12.0,Minimal,57,2273,1749,8293,8293,8330
8331,TR596111,MadNeda Freestyle,317668.0,5504.0,38.0,Fast-Flow,57,2274,1750,8294,8294,8331
8332,TR735731,La Volta Giusta - Red Bull Posse,321517.0,5253.0,45.0,Melodic,57,2275,1751,8295,8295,8332
8333,TR274157,Una Più Del Diavolo,209446.0,5625.0,39.0,Clean,57,2220,542,8296,8296,8333
8334,TR880453,Trash Music RMX,203728.0,4879.0,0.0,Fast-Flow,57,2240,671,8297,8297,8334
8335,TR790541,Lo Specialista,165080.0,5589.0,14.0,Hype,57,2276,1752,8298,8298,8335
8336,TR923823,V.I.T.A. parte I,307245.0,4940.0,42.0,Slow Dark,57,2226,345,8299,8299,8336
8337,TR349025,Questa Merda RMX,182245.0,5900.0,76.0,Fast-Flow,57,2277,671,8300,8300,8337
8338,TR489788,Riscatto,166000.0,4988.0,54.0,Minimal,57,2246,1749,8301,8301,8338
8339,TR687746,V.I.T.A. parte II,140816.0,4940.0,75.0,Slow Dark,57,2278,717,8302,8302,8339
8340,TR158401,Notti Di Provincia,284480.0,5589.0,61.0,Clean,57,2279,717,8303,8303,8340
8341,TR136584,Non Basta,307245.0,5661.0,42.0,Minimal,57,2226,542,8304,8304,8341
8342,TR981907,Non è per te,226906.0,5126.0,82.0,Slow Dark,57,2277,1749,8305,8305,8342
8343,TR596241,Lo sporco al sud,181104.0,4374.0,12.0,Clean,57,2280,1749,8306,8306,8343
8344,TR474560,Act a Fool,180333.0,4950.0,42.0,Minimal,57,2281,1749,8307,8307,8344
8345,TR406392,La Rinascita,190594.0,5955.0,40.0,Hype,57,2282,717,8308,8308,8345
8346,TR120202,Chi Può,246780.0,5524.0,44.0,Hype,57,2247,542,8309,8309,8346
8347,TR561686,Cypher Freestyle,149970.0,5636.0,27.0,Melodic,57,2283,100,8310,8310,8347
8348,TR620215,Non esiste (Sun Version),161896.0,4077.0,27.0,Fast-Flow,57,2220,1158,8311,8311,8348
8349,TR571186,Il Momento del Riscatto,207600.0,4950.0,2.0,Slow Dark,57,2284,1749,8312,8312,8349
8350,TR632121,Pentiti,184304.0,5310.0,54.0,Clean,57,2219,1749,8313,8313,8350
8351,TR126634,Devi Ballare,179545.0,5679.0,64.0,Minimal,57,2285,1749,8314,8314,8351
8352,TR654184,Covid-19 Freestyle,186566.0,4109.0,5.0,Minimal,57,2286,1753,8315,8315,8352
8353,TR113526,Cripta Massive,123181.0,5721.0,8.0,Fast-Flow,57,2287,542,8316,8316,8353
8354,TR216354,Sotto il Bus,226906.0,5114.0,82.0,Clean,57,2277,1754,8317,8317,8354
8355,TR715936,Enigma,516786.0,4407.0,53.0,Melodic,57,2288,1749,8318,8318,8355
8356,TR230791,105 Mi Casa Mashup: MadMan su Babushka Boi,205125.0,4647.0,58.0,Melodic,57,2218,428,8319,8319,8356
8357,TR399603,105 Mi Casa Mashup: MadMan con Numeri su Wow.,191999.0,4575.0,70.0,Warm Bangers,57,2289,240,8320,8320,8357
8358,TR510027,Ne se obrushtai / Не се обръщай,190918.0,5076.0,38.0,Hype,57,2290,1755,8321,8321,8358
8359,TR234111,La Bella e la Bestia,271463.0,215050.0,45.0,Minimal,2,2291,560,8322,8322,8359
8360,TR892800,Ulalala,266960.0,170933.0,52.0,Hype,2,2292,1756,8323,8323,8360
8361,TR877006,Cenerentola,317173.0,160718.0,42.0,Slow Dark,2,2293,804,8324,8324,8361
8362,TR483659,Rolls Royce,173345.0,86657.0,56.0,Minimal,2,2294,506,8325,8325,8362
8363,TR890214,Penelope,228280.0,67393.0,45.0,Fast-Flow,2,2295,56,8326,8326,8363
8364,TR955830,Playground Love,254306.0,69534.0,29.0,Hype,2,2293,336,8327,8327,8364
8365,TR635113,CCL,281026.0,71336.0,38.0,Warm Bangers,2,2292,1757,8328,8328,8365
8366,TR668650,Bonnie & Clyde,234294.0,64056.0,38.0,Fast-Flow,2,2296,336,8329,8329,8366
8367,TR961811,Ora Lo So,260714.0,55667.0,33.0,Hype,2,2296,336,8330,8330,8367
8368,TR844206,Scelgo le Stelle,329862.0,58637.0,34.0,Minimal,2,2297,1758,8331,8331,8368
8369,TR989388,Teatro & cinema,230426.0,52644.0,34.0,Hype,2,2292,1610,8332,8332,8369
8370,TR678607,A casa de Sandro,233586.0,41415.0,39.0,Hype,2,2293,1759,8333,8333,8370
8371,TR158674,Non sei come me,185573.0,41862.0,30.0,Slow Dark,2,2295,1074,8334,8334,8371
8372,TR977856,Purple Rain,159240.0,46493.0,47.0,Minimal,2,2295,56,8335,8335,8372
8373,TR693477,Incoscienti Giovani,204811.0,44512.0,74.0,Fast-Flow,2,2298,707,8336,8336,8373
8374,TR150973,Mamacita,205520.0,50570.0,40.0,Slow Dark,2,2295,56,8337,8337,8374
8375,TR148932,Ora è per Sempre,295952.0,46338.0,26.0,Minimal,2,2296,336,8338,8338,8375
8376,TR625845,Occhiali da donna,252800.0,42588.0,33.0,Melodic,2,2293,1760,8339,8339,8376
8377,TR200328,Maharaja,230613.0,38197.0,45.0,Fast-Flow,2,2292,1756,8340,8340,8377
8378,TR299901,Amore mi,205090.0,38176.0,33.0,Hype,2,2295,1561,8341,8341,8378
8379,TR712135,Amore & grammi,248160.0,42334.0,35.0,Slow Dark,2,2292,1756,8342,8342,8379
8380,TR832518,Barabba II,267535.0,38477.0,51.0,Hype,2,2299,1756,8343,8343,8380
8381,TR361620,C’est la vie,193150.0,39736.0,60.0,Fast-Flow,2,2294,690,8344,8344,8381
8382,TR595530,Ammo’,205186.0,29691.0,31.0,Fast-Flow,2,2295,127,8345,8345,8382
8383,TR859639,In Paradiso,240626.0,34319.0,37.0,Fast-Flow,2,2293,1761,8346,8346,8383
8384,TR170359,Ragazzi madre,266960.0,34474.0,52.0,Hype,2,2292,1756,8347,8347,8384
8385,TR418980,1969,209538.0,25973.0,52.0,Fast-Flow,2,2294,447,8348,8348,8385
8386,TR921181,Ascensore per l’inferno,212280.0,27758.0,32.0,Hype,2,2292,1756,8349,8349,8386
8387,TR829380,Me ne frego,221437.0,32916.0,59.0,Fast-Flow,2,2294,1762,8350,8350,8387
8388,TR991560,Perdutamente,244244.0,25468.0,67.0,Fast-Flow,2,2299,274,8351,8351,8388
8389,TR693324,Amico del quore,179520.0,28075.0,35.0,Fast-Flow,2,2292,1756,8352,8352,8389
8390,TR254255,Angelo blu,275093.0,22446.0,33.0,Slow Dark,2,2295,56,8353,8353,8390
8391,TR863654,Dio C’è,198064.0,26461.0,30.0,Warm Bangers,2,2296,336,8354,8354,8391
8392,TR158607,Scat Men,225956.0,21165.0,42.0,Fast-Flow,2,2300,63,8355,8355,8392
8393,TR809352,Pusher,313000.0,29734.0,25.0,Fast-Flow,2,2296,336,8356,8356,8393
8394,TR574947,Wow,298026.0,26479.0,32.0,Fast-Flow,2,2293,1763,8357,8357,8394
8395,TR788376,Cristina,259769.0,25709.0,57.0,Slow Dark,2,2299,274,8358,8358,8395
8396,TR763013,Latte in polvere,203320.0,22618.0,31.0,Fast-Flow,2,2292,1764,8359,8359,8396
8397,TR496485,AMOR,177348.0,21221.0,78.0,Fast-Flow,2,2299,274,8360,8360,8397
8398,TR233508,16 marzo,233492.0,19907.0,69.0,Fast-Flow,2,2294,1620,8361,8361,8398
8399,TR497067,Midnight Carnival,184920.0,23068.0,31.0,Fast-Flow,2,2295,1681,8362,8362,8399
8400,TR579416,El ninho,173800.0,23077.0,29.0,Hype,2,2295,56,8363,8363,8400
8401,TR537371,Profumo da donna,196186.0,19090.0,30.0,Hype,2,2292,1756,8364,8364,8401
8402,TR350383,Dove il Denaro Non Può,263330.0,21463.0,26.0,Warm Bangers,2,2296,1765,8365,8365,8402
8403,TR699810,Bvlgari,266306.0,18551.0,30.0,Hype,2,2301,56,8366,8366,8403
8404,TR898715,Dio Ricordati,220000.0,17617.0,25.0,Hype,2,2296,1766,8367,8367,8404
8405,TR910201,Roma,163350.0,16951.0,32.0,Slow Dark,2,2294,447,8368,8368,8405
8406,TR132050,Ghetto Dance,268974.0,15218.0,23.0,Fast-Flow,2,2296,1767,8369,8369,8406
8407,TR501979,Lost for life,267633.0,13740.0,21.0,Fast-Flow,2,2297,1758,8370,8370,8407
8408,TR443801,Dolores,159000.0,15015.0,27.0,Hype,2,2295,56,8371,8371,8408
8409,TR310689,1990,237682.0,16559.0,46.0,Fast-Flow,2,2300,646,8372,8372,8409
8410,TR605738,Prega per noi,250000.0,15558.0,25.0,Warm Bangers,2,2296,336,8373,8373,8410
8411,TR105801,Bam Bam Twist,174638.0,15653.0,62.0,Slow Dark,2,2294,1499,8374,8374,8411
8412,TR633496,Real Royal Street Rap,230365.0,18308.0,34.0,Melodic,2,2297,1768,8375,8375,8412
8413,TR192091,BVLGARI BLACK SWING,266306.0,12623.0,30.0,Hype,2,2301,1176,8376,8376,8413
8414,TR506975,Amore Disperato,188918.0,13108.0,68.0,Fast-Flow,2,2302,189,8377,8377,8414
8415,TR214507,Burro e marmellata,151800.0,11304.0,26.0,Hype,2,2295,56,8378,8378,8415
8416,TR790482,Ghost,284142.0,10120.0,21.0,Fast-Flow,2,2297,1758,8379,8379,8416
8417,TR910540,Summer’s Imagine,191727.0,13714.0,27.0,Fast-Flow,2,2303,63,8380,8380,8417
8418,TR471552,Miami Beach,197240.0,12623.0,29.0,Slow Dark,2,2293,1769,8381,8381,8418
8419,TR951248,Di Nuovo Maggio,249500.0,13329.0,26.0,Slow Dark,2,2296,1765,8382,8382,8419
8420,TR620274,Ragazzi madre (Prequel),105613.0,10371.0,25.0,Fast-Flow,2,2292,1756,8383,8383,8420
8421,TR804736,Je t’aime,209516.0,11904.0,33.0,Hype,2,2294,447,8384,8384,8421
8422,TR992235,MARILÙ,250830.0,10134.0,55.0,Slow Dark,2,2304,908,8385,8385,8422
8423,TR494032,Zucchero,185684.0,9735.0,37.0,Slow Dark,2,2294,447,8386,8386,8423
8424,TR947769,You and Me,221053.0,8674.0,27.0,Fast-Flow,2,2303,63,8387,8387,8424
8425,TR788730,Sweet Dreams,179751.0,8864.0,51.0,Fast-Flow,2,2303,63,8388,8388,8425
8426,TR202174,Blu,238885.0,8966.0,41.0,Slow Dark,2,2303,63,8389,8389,8426
8427,TR615690,Barabba,267535.0,8064.0,51.0,Hype,2,2299,1770,8390,8390,8427
8428,TR491271,LAURO,177348.0,11202.0,78.0,Slow Dark,2,2299,427,8391,8391,8428
8429,TR726058,Bed & Breakfast RMX,229500.0,8657.0,26.0,Hype,2,2296,560,8392,8392,8429
8430,TR801428,Roba francese,180960.0,7724.0,25.0,Hype,2,2295,56,8393,8393,8430
8431,TR725309,CCL (Prequel),24693.0,7742.0,0.0,Minimal,2,2292,1756,8394,8394,8431
8432,TR439836,Scusa,210666.0,9025.0,34.0,Hype,2,2294,447,8395,8395,8432
8433,TR688651,Dannata San Francisco,193742.0,7157.0,60.0,Fast-Flow,2,2299,274,8396,8396,8433
8434,TR951879,Un Sogno Dove Tutti Muoiono,226500.0,9702.0,15.0,Slow Dark,2,2305,560,8397,8397,8434
8435,TR102231,Contromano,218615.0,9975.0,20.0,Slow Dark,2,2297,1758,8398,8398,8435
8436,TR242437,Insalatiera,246990.0,7410.0,28.0,Melodic,2,2297,1771,8399,8399,8436
8437,TR455124,Sexy Ugly,177300.0,7985.0,30.0,Slow Dark,2,2294,447,8400,8400,8437
8438,TR773725,G,204811.0,6542.0,74.0,Slow Dark,2,2298,1758,8401,8401,8438
8439,TR420366,COME ME,213983.0,8526.0,46.0,Slow Dark,2,2306,427,8402,8402,8439
8440,TR939047,Santana,161146.0,7698.0,16.0,Hype,2,2297,1772,8403,8403,8440
8441,TR805267,LATTE+,191614.0,7065.0,40.0,Hype,2,2306,427,8404,8404,8441
8442,TR499780,Scarpe Coi Tacchi #2,174800.0,6664.0,31.0,Slow Dark,2,2307,1773,8405,8405,8442
8443,TR899025,Fragole,209621.0,7868.0,66.0,Hype,2,2308,84,8406,8406,8443
8444,TR169027,Cadillac,153129.0,7034.0,32.0,Warm Bangers,2,2294,447,8407,8407,8444
8445,TR859944,Delinquente,156483.0,6300.0,30.0,Hype,2,2294,447,8408,8408,8445
8446,TR374985,Banda Kawasaki,191682.0,7078.0,48.0,Slow Dark,2,2309,1774,8409,8409,8446
8447,TR538464,Tu Che Ne Sai,176100.0,6410.0,20.0,Slow Dark,2,2297,1758,8410,8410,8447
8448,TR414024,I Wanna Be an Illusion,215132.0,7112.0,27.0,Warm Bangers,2,2303,63,8411,8411,8448
8449,TR881400,SOLO NOI,271472.0,5236.0,48.0,Fast-Flow,2,2310,3,8412,8412,8449
8450,TR998877,Barabba III,267535.0,6895.0,51.0,Slow Dark,2,2299,274,8413,8413,8450
8451,TR979700,Il Giorno Del Ringraziamento,176000.0,6608.0,78.0,Slow Dark,2,2311,1721,8414,8414,8451
8452,TR926580,STRIPPER,173013.0,5135.0,42.0,Fast-Flow,2,2312,99,8415,8415,8452
8453,TR321459,Dio disse,124133.0,6443.0,17.0,Slow Dark,2,2297,1758,8416,8416,8453
8454,TR480297,Ragazzi Fuori,258000.0,5832.0,23.0,Warm Bangers,2,2296,560,8417,8417,8454
8455,TR146555,Lacrimogeni,185759.0,6722.0,52.0,Slow Dark,2,2313,1775,8418,8418,8455
8456,TR916568,Las Vegas,196835.0,4793.0,17.0,Melodic,2,2297,1758,8419,8419,8456
8457,TR862099,Nessuno,271209.0,5843.0,18.0,Hype,2,2297,1776,8420,8420,8457
8458,TR690925,Drink Lungo,242230.0,5230.0,15.0,Slow Dark,2,2297,1776,6797,6797,8458
8459,TR372404,Pessima,193093.0,6463.0,31.0,Fast-Flow,2,2301,1176,8421,8421,8459
8460,TR822484,Maleducata,172794.0,5048.0,43.0,Hype,2,2294,1093,8422,8422,8460
8461,TR236559,Motorini (Amen),230365.0,6345.0,34.0,Slow Dark,2,2297,1773,8423,8423,8461
8462,TR956857,SABATO SERA,230452.0,6161.0,40.0,Fast-Flow,2,2306,427,8424,8424,8462
8463,TR131325,1990 (Back to Dance),210767.0,4771.0,38.0,Fast-Flow,2,2303,1031,8425,8425,8463
8464,TR988860,Hollywood Boulevard,219044.0,5850.0,22.0,Fast-Flow,2,2296,1777,8426,8426,8464
8465,TR828685,Walk Of Fame,222456.0,6042.0,56.0,Fast-Flow,2,2299,274,8427,8427,8465
8466,TR752493,DOMENICA,190939.0,4517.0,45.0,Fast-Flow,2,2314,507,8428,8428,8466
8467,TR946722,Scarpe Coi Tacchi #3 - La Fine,232164.0,4888.0,8.0,Hype,2,2315,1272,8429,8429,8467
8468,TR942614,Rich Forever - Testamento,252191.0,5056.0,17.0,Slow Dark,2,2297,1773,8430,8430,8468
8469,TR229569,Tu Vuo’ Fa’ L’Americano,191813.0,4604.0,36.0,Slow Dark,2,2301,1176,8431,8431,8469
8470,TR800423,Chicago,182320.0,4042.0,26.0,Hype,2,2301,1176,8432,8432,8470
8471,TR470120,FEMMINA,176709.0,4452.0,40.0,Fast-Flow,2,2306,427,8433,8433,8471
8472,TR703715,STUPIDE CANZONI D’AMORE,185550.0,4577.0,42.0,Slow Dark,2,2306,427,8434,8434,8472
8473,TR216265,Memento,185759.0,4903.0,52.0,Hype,2,2313,1778,8435,8435,8473
8474,TR693648,Scarpe Coi Tacchi #1,145565.0,4355.0,9.0,Hype,2,2316,1778,8436,8436,8474
8475,TR532094,Giovani Crimini,185759.0,5764.0,52.0,Hype,2,2313,1779,8437,8437,8475
8476,TR386183,Disneyland,148106.0,5424.0,25.0,Fast-Flow,2,2293,1780,8438,8438,8476
8477,TR142240,Young King,118000.0,4182.0,18.0,Fast-Flow,2,2296,1765,8439,8439,8477
8478,TR678995,No Twitter,222075.0,5316.0,16.0,Fast-Flow,2,2297,1781,8440,8440,8478
8479,TR207363,Neanche un Giorno a Scuola,210966.0,5324.0,19.0,Hype,2,2296,336,8441,8441,8479
8480,TR313045,Gloria In Excelsis - NEFASTO RMX,150416.0,5928.0,1.0,Slow Dark,2,2317,560,8442,8442,8480
8481,TR894949,Vivo come fossi l’ultimo,209552.0,4018.0,71.0,Clean,2,2318,1772,8443,8443,8481
8482,TR642867,BARRILETE COSMICO,216866.0,4509.0,27.0,Fast-Flow,2,2306,427,8444,8444,8482
8483,TR307194,A UN PASSO DA DIO,222725.0,5873.0,42.0,Fast-Flow,2,2306,427,8445,8445,8483
8484,TR153514,Groupie,189660.0,5880.0,17.0,Slow Dark,2,2297,1758,8446,8446,8484
8485,TR730289,Hotline Drin,185759.0,5457.0,52.0,Melodic,2,2313,1166,8447,8447,8485
8486,TR824477,Pantaloni Verdi,185759.0,5550.0,52.0,Melodic,2,2313,1782,8448,8448,8486
8487,TR291327,Cadillac 1920,156720.0,4194.0,23.0,Hype,2,2301,1176,8449,8449,8487
8488,TR360963,Fiori Di Papavero,159042.0,5041.0,54.0,Fast-Flow,2,2299,274,8450,8450,8488
8489,TR434822,Nati Da Una Costola,180905.0,4475.0,52.0,Fast-Flow,2,2299,274,8451,8451,8489
8490,TR277133,Macedonia,142222.0,4373.0,16.0,Melodic,2,2297,1783,8452,8452,8490
8491,TR135203,My Funny Valentine,177280.0,5636.0,20.0,Slow Dark,2,2301,1176,8453,8453,8491
8492,TR800662,La Bella e la Bestia - Unplugged Version,271463.0,4283.0,45.0,Minimal,2,2291,1071,8454,8454,8492
8493,TR265312,Dirty Love,219756.0,4951.0,52.0,Warm Bangers,2,2299,274,8455,8455,8493
8494,TR935055,Santana Pt. 2,177348.0,5895.0,78.0,Fast-Flow,2,2299,1758,8456,8456,8494
8495,TR493754,Grimey,210160.0,4385.0,10.0,Fast-Flow,2,2319,679,8457,8457,8495
8496,TR329592,Armani,185759.0,5976.0,52.0,Clean,2,2313,1784,8458,8458,8496
8497,TR499990,FM 90.91 - 3 Ore a Notte,62056.0,6005.0,18.0,Minimal,2,2303,63,8459,8459,8497
8498,TR562691,FM 19.90 - Amore in Pillole,36501.0,5125.0,17.0,Minimal,2,2303,63,8460,8460,8498
8499,TR782309,Piccola Sophie,209200.0,4351.0,22.0,Slow Dark,2,2301,1176,8461,8461,8499
8500,TR827667,GENERAZIONE X,159851.0,4645.0,25.0,Hype,2,2320,427,8462,8462,8500
8501,TR242006,Rich Forever (remake),252191.0,4864.0,17.0,Slow Dark,2,2297,1758,8463,8463,8501
8502,TR937909,Polanski (Freestyle),197853.0,4631.0,24.0,Fast-Flow,2,2321,1785,8464,8464,8502
8503,TR973549,Stupidi Ragazzi,208786.0,4574.0,54.0,Fast-Flow,2,2322,514,8465,8465,8503
8504,TR419425,Regazzini,185759.0,5963.0,52.0,Hype,2,2313,1453,8466,8466,8504
8505,TR799769,Clockwork,185759.0,4320.0,52.0,Fast-Flow,2,2313,1773,8467,8467,8505
8506,TR781182,FM 92.93 - Dissonanza Emotiva,45643.0,5480.0,16.0,Minimal,2,2303,63,8468,8468,8506
8507,TR910827,FIORI ROSA,227125.0,4012.0,48.0,Slow Dark,2,2320,1786,8469,8469,8507
8508,TR790695,FM 98.99 - Il Banco degli Imputati,101559.0,5205.0,18.0,Minimal,2,2303,63,8470,8470,8508
8509,TR398462,Happy Birthday Mr. Kennedy,172821.0,5848.0,50.0,Fast-Flow,2,2299,274,8471,8471,8509
8510,TR496673,Jingle Bell Rock,145386.0,4587.0,22.0,Fast-Flow,2,2301,1176,8472,8472,8510
8511,TR211801,PAVONE,173953.0,4383.0,23.0,Hype,2,2306,427,8473,8473,8511
8512,TR142934,Tra Gloria E Paura,189120.0,5321.0,62.0,Hype,2,2323,1787,8474,8474,8512
8513,TR661138,FM 94.95 - Re della Misère,34615.0,5440.0,16.0,Minimal,2,2303,63,8475,8475,8513
8514,TR176357,FM 20.00 - Non è Shakespeare,34458.0,5390.0,15.0,Minimal,2,2303,63,8476,8476,8514
8515,TR549500,Medley (Cocktail Tropicale + Di Che Cazzo Parli?),227370.0,4653.0,9.0,Hype,2,2324,1773,8477,8477,8515
8516,TR228828,Exodus 23.1,185759.0,4518.0,52.0,Slow Dark,2,2313,1782,8478,8478,8516
8517,TR690085,Malato Di Vuoto,185759.0,5930.0,52.0,Minimal,2,2313,1453,8479,8479,8517
8518,TR831746,FM 96.97 - Ave O Maria,18372.0,5860.0,0.0,Minimal,2,2303,63,8480,8480,8518
8519,TR925440,IO E TE (ANNI DA CANE SOUNDTRACK),182697.0,4928.0,41.0,Fast-Flow,2,2320,51,8481,8481,8519
8520,TR166983,Tutorial,185759.0,5711.0,52.0,Hype,2,2313,1772,8482,8482,8520
8521,TR703939,PREQUEL,31907.0,4917.0,21.0,Minimal,2,2306,427,8483,8483,8521
8522,TR137731,Playground Love (Ragazzi Madre),254306.0,4864.0,29.0,Minimal,2,2293,358,8484,8484,8522
8523,TR809682,LETTERA DEL MONDO ALL’UMANITÀ,68866.0,4323.0,19.0,Minimal,2,2304,427,8485,8485,8523
8524,TR511009,Perchè L’Ho Voluto,210160.0,4868.0,10.0,Hype,2,2319,1788,8486,8486,8524
8525,TR374377,C’est la vie (2020),163314.0,5089.0,71.0,Fast-Flow,2,2318,1789,8487,8487,8525
8526,TR448817,DIO BENEDICA CHI È,51263.0,4056.0,18.0,Minimal,2,2304,427,8488,8488,8526
8527,TR644079,Che sarà,186343.0,4902.0,53.0,Fast-Flow,2,2325,739,8489,8489,8527
8528,TR705511,DIO BENEDICA GLI INCOMPRESI,39173.0,5576.0,18.0,Minimal,2,2304,427,8490,8490,8528
8529,TR666625,Intro,185759.0,5377.0,52.0,Minimal,2,2313,1775,8491,8491,8529
8530,TR442720,DIO BENEDICA CHI GODE,44333.0,5284.0,18.0,Minimal,2,2304,427,8492,8492,8530
8531,TR780765,Bear Grylls,185759.0,5836.0,52.0,Fast-Flow,2,2313,1790,8493,8493,8531
8532,TR818151,DIO BENEDICA CHI SE NE FREGA,49760.0,4044.0,18.0,Minimal,2,2304,427,8494,8494,8532
8533,TR697138,Massive Attack (Outro),202464.0,5129.0,4.0,Hype,2,2326,1773,8495,8495,8533
8534,TR342283,FOXY,158214.0,5590.0,32.0,Slow Dark,2,2320,1786,8496,8496,8534
8535,TR134570,"DIO BENEDICA SOLO NOI, ESSERI UMANI",66719.0,5095.0,17.0,Minimal,2,2304,427,8497,8497,8535
8536,TR367755,La Febbre Dell’oro,161860.0,4662.0,52.0,Hype,2,2327,1772,8498,8498,8536
8537,TR787978,Good Am1lliee Freestylez,233492.0,4287.0,69.0,Hype,2,2294,1773,8499,8499,8537
8538,TR497329,RICORDI D’INVERNI,102069.0,5788.0,23.0,Minimal,2,2320,1786,8500,8500,8538
8539,TR930166,ROLLING STONES,180280.0,4954.0,29.0,Fast-Flow,2,2320,1786,8501,8501,8539
8540,TR282051,Purgatorio,185759.0,5773.0,52.0,Warm Bangers,2,2313,1773,8502,8502,8540
8541,TR425370,SEXY BOY,149373.0,5185.0,24.0,Slow Dark,2,2320,1786,8503,8503,8541
8542,TR966984,Bianco natale,234545.0,5365.0,11.0,Fast-Flow,2,2328,903,8504,8504,8542
8543,TR824631,Uccide La Moglie Con 50 Coltellate (Intro),177348.0,5626.0,78.0,Hype,2,2299,1773,8505,8505,8543
8544,TR906072,Leggenda,185759.0,5335.0,52.0,Melodic,2,2313,1773,8506,8506,8544
8545,TR596343,20 Kili,185759.0,4811.0,52.0,Melodic,2,2313,1773,8507,8507,8545
8546,TR774143,Ketamina,185759.0,5042.0,52.0,Fast-Flow,2,2313,1773,8508,8508,8546
8547,TR790676,Sto Bene,185759.0,5622.0,52.0,Slow Dark,2,2313,1773,8509,8509,8547
8548,TR708238,Super Quark,197853.0,4760.0,24.0,Melodic,2,2321,1758,8510,8510,8548
8549,TR378799,Supereroe Freestyle,197853.0,4789.0,24.0,Fast-Flow,2,2321,1773,8511,8511,8549
8550,TR935052,Ascensore per l’Inferno - Radio Edit,168927.0,4204.0,13.0,Hype,2,2329,1756,8512,8512,8550
8551,TR341824,Banda Kawasaki (Rmx),222893.0,5846.0,22.0,Hype,2,2330,811,8513,8513,8551
8552,TR881984,Amore Disperato (Deborah De Luca RMX),216533.0,4193.0,39.0,Fast-Flow,2,2302,132,8514,8514,8552
8553,TR233662,Apnea,164417.0,318092.0,64.0,Fast-Flow,81,2331,1791,8515,8515,8553
8554,TR340428,Aeroplanini Di Carta,224746.0,280372.0,56.0,Warm Bangers,81,2332,1792,8516,8516,8554
8555,TR583177,Milano  bachata,167346.0,189140.0,58.0,Warm Bangers,81,2333,384,8517,8517,8555
8556,TR467001,Mai più,223266.0,157397.0,47.0,Slow Dark,81,2333,1793,8518,8518,8556
8557,TR658793,Oh Mama,198880.0,116317.0,48.0,Fast-Flow,81,2332,1794,8519,8519,8557
8558,TR997136,00,191386.0,140545.0,52.0,Slow Dark,81,2332,1794,8520,8520,8558
8559,TR784432,Solletico,186066.0,142087.0,53.0,Fast-Flow,81,2334,200,8521,8521,8559
8560,TR292430,Solo,189240.0,133769.0,55.0,Minimal,81,2335,245,8522,8522,8560
8561,TR920643,180,169280.0,97244.0,45.0,Fast-Flow,81,2332,1512,8523,8523,8561
8562,TR861544,Acqua Calda E Limone,201026.0,110188.0,50.0,Slow Dark,81,2334,200,8524,8524,8562
8563,TR749206,Origami,214186.0,100739.0,42.0,Fast-Flow,81,2333,384,8525,8525,8563
8564,TR399569,Dove gli occhi non arrivano,171906.0,102867.0,51.0,Warm Bangers,81,2336,1335,8526,8526,8564
8565,TR209700,Brr brr,186453.0,78569.0,40.0,Fast-Flow,81,2333,384,8527,8527,8565
8566,TR530581,10 RAGAZZE,174727.0,69275.0,56.0,Slow Dark,81,2337,60,8528,8528,8566
8567,TR999643,La solitudine,205773.0,78273.0,36.0,Fast-Flow,81,2333,384,8529,8529,8567
8568,TR466905,NUOVO RANGE,176772.0,77671.0,67.0,Fast-Flow,81,2337,60,8530,8530,8568
8569,TR656570,CANCELLI DI MEZZANOTTE,213636.0,65511.0,57.0,Fast-Flow,81,2337,60,8531,8531,8569
8570,TR644312,Ossigeno,180600.0,57694.0,45.0,Slow Dark,81,2334,200,8532,8532,8570
8571,TR466289,Visti dall’alto,196253.0,57424.0,51.0,Slow Dark,81,2336,1335,8533,8533,8571
8572,TR655051,Verme,211826.0,55777.0,39.0,Fast-Flow,81,2333,384,8534,8534,8572
8573,TR854974,PARTIRE DA TE,221019.0,52908.0,64.0,Hype,81,2337,60,8535,8535,8573
8574,TR844748,Sul Serio,145226.0,51881.0,42.0,Slow Dark,81,2332,1795,8536,8536,8574
8575,TR146872,TAXI DRIVER,176772.0,64623.0,67.0,Fast-Flow,81,2337,60,8537,8537,8575
8576,TR377479,Blu,165333.0,43797.0,51.0,Warm Bangers,81,2336,4,8538,8538,8576
8577,TR965053,Sissignore,213746.0,56301.0,40.0,Fast-Flow,81,2332,1170,8539,8539,8577
8578,TR217431,DIECIMILAVOCI,170399.0,43622.0,49.0,Slow Dark,81,2337,60,8540,8540,8578
8579,TR630067,Per Un Pugno Di Emozioni,127480.0,45499.0,34.0,Fast-Flow,81,2334,200,8541,8541,8579
8580,TR173551,Mon cheri,181866.0,39569.0,56.0,Warm Bangers,81,2336,1335,8542,8542,8580
8581,TR455119,Dasein Sollen,224746.0,43006.0,56.0,Slow Dark,81,2332,1249,8543,8543,8581
8582,TR125754,Io in Terra,211626.0,51833.0,59.0,Warm Bangers,81,2333,384,8544,8544,8582
8583,TR311230,LUNA PIENA,166983.0,53412.0,63.0,Slow Dark,81,2337,60,8545,8545,8583
8584,TR758201,Maddalena corvaglia,176400.0,40287.0,32.0,Fast-Flow,81,2333,384,8546,8546,8584
8585,TR487812,HO SPENTO IL CIELO,232597.0,41574.0,49.0,Fast-Flow,81,2337,1796,8547,8547,8585
8586,TR231337,Peaky Blinders,157760.0,41318.0,37.0,Slow Dark,81,2333,384,8548,8548,8586
8587,TR971252,Boogie Nights,180520.0,46522.0,45.0,Warm Bangers,81,2336,1335,8549,8549,8587
8588,TR353960,Alice,147000.0,43361.0,40.0,Warm Bangers,81,2336,1335,8550,8550,8588
8589,TR528496,Rossetto (Intro),201363.0,39029.0,24.0,Warm Bangers,81,2338,1562,8551,8551,8589
8590,TR532049,Liam Gallagher,150960.0,39301.0,26.0,Fast-Flow,81,2339,1797,8552,8552,8590
8591,TR982122,Non Ho Mai Avuto La Mia Età,154473.0,41660.0,29.0,Slow Dark,81,2340,1798,8553,8553,8591
8592,TR513964,Farei un figlio,183893.0,29399.0,32.0,Warm Bangers,81,2333,384,8554,8554,8592
8593,TR485502,Impressione,154880.0,34774.0,38.0,Warm Bangers,81,2336,1335,8555,8555,8593
8594,TR934479,MARE CHE NON SEI,160148.0,39945.0,46.0,Slow Dark,81,2337,60,8556,8556,8594
8595,TR299970,Gioco,178026.0,37613.0,40.0,Melodic,81,2336,1335,8557,8557,8595
8596,TR564981,La U,159440.0,34779.0,37.0,Fast-Flow,81,2341,1335,8558,8558,8596
8597,TR845983,Da Troppo Tempo,226551.0,31143.0,31.0,Slow Dark,81,2342,775,8559,8559,8597
8598,TR140354,PARADISO VS. INFERNO (INTERLUDE),192882.0,28750.0,36.0,Slow Dark,81,2337,60,8560,8560,8598
8599,TR859972,Mirko no,186440.0,30361.0,34.0,Warm Bangers,81,2333,384,8561,8561,8599
8600,TR768837,Canzone,167573.0,31004.0,39.0,Warm Bangers,81,2336,1335,8562,8562,8600
8601,TR286529,ME O LE MIE CANZONI?,167479.0,27512.0,49.0,Slow Dark,81,2337,60,8563,8563,8601
8602,TR143396,Mikado,160333.0,30094.0,34.0,Warm Bangers,81,2336,1335,8564,8564,8602
8603,TR582764,Per un no,154693.0,31402.0,33.0,Warm Bangers,81,2336,1335,8565,8565,8603
8604,TR566975,Vuoi Una Mano?,157506.0,22782.0,30.0,Warm Bangers,81,2334,200,8566,8566,8604
8605,TR452353,SOPRA LE CANZONI,194217.0,25521.0,46.0,Fast-Flow,81,2337,60,8567,8567,8605
8606,TR794126,CUORE DOLLARI (64 Bars),142617.0,24890.0,40.0,Melodic,81,2343,47,8568,8568,8606
8607,TR636993,l’ultima infedeltà.,160975.0,25382.0,60.0,Minimal,81,2335,1799,8569,8569,8607
8608,TR403690,Cose che capitano,152746.0,20839.0,33.0,Warm Bangers,81,2336,1335,8570,8570,8608
8609,TR792942,SOLO CON ME,146494.0,20668.0,38.0,Slow Dark,81,2337,60,8571,8571,8609
8610,TR415659,4Z,141773.0,21336.0,29.0,Fast-Flow,81,2333,384,8572,8572,8610
8611,TR481376,il ritmo delle cose.,192421.0,16688.0,70.0,Slow Dark,81,2344,707,8573,8573,8611
8612,TR493955,LA CODA DEL DIAVOLO,188975.0,19266.0,66.0,Fast-Flow,81,2337,1800,8574,8574,8612
8613,TR225660,Dasein Sollen RMX,150960.0,18549.0,26.0,Slow Dark,81,2339,1794,8575,8575,8613
8614,TR504390,INTRO,84500.0,12974.0,24.0,Minimal,81,2337,60,8576,8576,8614
8615,TR371255,non c’è amore.,151839.0,13514.0,67.0,Slow Dark,81,2335,180,8577,8577,8615
8616,TR973134,apnea da un po’.,164417.0,16058.0,64.0,Warm Bangers,81,2331,700,8578,8578,8616
8617,TR353868,INSUPERABILE,172461.0,15876.0,53.0,Fast-Flow,81,2337,507,8579,8579,8617
8618,TR218253,Soltanto Parole,209034.0,10809.0,74.0,Slow Dark,81,2345,1801,8580,8580,8618
8619,TR649709,10 secondi.,150800.0,10073.0,62.0,Fast-Flow,81,2335,180,8581,8581,8619
8620,TR494249,vent’anni.,182769.0,10036.0,66.0,Warm Bangers,81,2335,180,8582,8582,8620
8621,TR550350,"odio, quindi sono.",127101.0,13806.0,46.0,Warm Bangers,81,2346,1295,8583,8583,8621
8622,TR778219,São Paulo,178680.0,9946.0,22.0,Fast-Flow,81,2334,200,8584,8584,8622
8623,TR691503,Hold My Liquor Freestyle,228386.0,11362.0,3.0,Minimal,81,2347,1802,8585,8585,8623
8624,TR227018,Fame,151546.0,11665.0,51.0,Slow Dark,81,2348,1803,8586,8586,8624
8625,TR744595,Remember,206198.0,7972.0,34.0,Slow Dark,81,2349,1361,8587,8587,8625
8626,TR109529,Non Cambio Mai,198026.0,10120.0,63.0,Minimal,81,2350,1309,8588,8588,8626
8627,TR202490,dirti no.,175102.0,8777.0,66.0,Hype,81,2335,180,8589,8589,8627
8628,TR620344,orfani.,193312.0,9643.0,60.0,Fast-Flow,81,2335,670,8590,8590,8628
8629,TR985181,veleno.,188550.0,7682.0,60.0,Warm Bangers,81,2335,180,8591,8591,8629
8630,TR983589,vorrei.,184950.0,8784.0,61.0,Slow Dark,81,2335,180,8592,8592,8630
8631,TR761213,PARTIRE DA TE (MTV Unplugged),225597.0,8557.0,39.0,Minimal,81,2351,702,8593,8593,8631
8632,TR337898,MALEDUCATA,165328.0,6821.0,42.0,Hype,81,2337,789,8594,8594,8632
8633,TR568204,RIDERE DI TE (MTV Unplugged),257527.0,5603.0,31.0,Minimal,81,2351,702,8595,8595,8633
8634,TR954822,4G,230483.0,6393.0,50.0,Minimal,81,2352,1804,8596,8596,8634
8635,TR546406,brutti ricordi.,157500.0,5820.0,67.0,Fast-Flow,81,2335,180,8597,8597,8635
8636,TR544866,senza di te.,155550.0,7096.0,59.0,Slow Dark,81,2335,180,8598,8598,8636
8637,TR530419,interferenze.,139826.0,6979.0,59.0,Warm Bangers,81,2335,180,8599,8599,8637
8638,TR225388,così piccoli.,162250.0,5314.0,55.0,Slow Dark,81,2335,180,8600,8600,8638
8639,TR890715,oh gio.,168506.0,5528.0,57.0,Fast-Flow,81,2335,180,8601,8601,8639
8640,TR990399,AMICO DOVE SEI?,133471.0,5222.0,23.0,Slow Dark,81,2337,789,8602,8602,8640
8641,TR539976,HO PAURA DI TE,212064.0,5670.0,25.0,Fast-Flow,81,2337,789,8603,8603,8641
8642,TR995070,promessa.,162571.0,4864.0,56.0,Slow Dark,81,2335,180,8604,8604,8642
8643,TR510224,L’attesa conta tanto quanto l’arrivo,233186.0,4562.0,16.0,Minimal,81,2353,1805,8605,8605,8643
8644,TR404528,solo gli amanti sopravvivono.,189240.0,4543.0,55.0,Warm Bangers,81,2335,180,8606,8606,8644
8645,TR227675,Purosangue,221019.0,5086.0,64.0,Warm Bangers,81,2337,464,8607,8607,8645
8646,TR223312,AUTOBUS DI NOTTE,160245.0,4912.0,28.0,Slow Dark,81,2337,789,8608,8608,8646
8647,TR858402,OSSA ROTTE,205621.0,4895.0,40.0,Hype,81,2337,313,8609,8609,8647
8648,TR450767,interludio.,84000.0,4193.0,55.0,Warm Bangers,81,2335,180,8610,8610,8648
8649,TR760985,Pardon,221019.0,5453.0,64.0,Warm Bangers,81,2337,1806,8611,8611,8649
8650,TR784462,INTRO (ULTIMA CURVA),68269.0,4439.0,17.0,Minimal,81,2337,789,8612,8612,8650
8651,TR933902,APNEA (MTV Unplugged),205358.0,4406.0,33.0,Minimal,81,2351,702,8613,8613,8651
8652,TR403724,Super Eroe 2016,170213.0,4839.0,33.0,Slow Dark,81,2354,140,8614,8614,8652
8653,TR421732,CANCELLI DI MEZZANOTTE (MTV Unplugged),199003.0,4467.0,31.0,Minimal,81,2351,702,8615,8615,8653
8654,TR432027,Cioccolatini*,221019.0,5183.0,64.0,Slow Dark,81,2337,1807,8616,8616,8654
8655,TR949709,"FEGATO, FEGATO SPAPPOLATO",193676.0,4756.0,20.0,Slow Dark,81,2337,1808,8617,8617,8655
8656,TR845353,TAXI DRIVER (MTV Unplugged),225597.0,4911.0,39.0,Minimal,81,2351,702,8618,8618,8656
8657,TR294980,NUOVO RANGE (MTV Unplugged),188347.0,5088.0,32.0,Fast-Flow,81,2351,702,8619,8619,8657
8658,TR267766,10 RAGAZZE (MTV Unplugged),187190.0,4419.0,22.0,Fast-Flow,81,2351,702,8620,8620,8658
8659,TR512263,MAI PIÙ (MTV Unplugged),203019.0,4323.0,23.0,Slow Dark,81,2351,702,8621,8621,8659
8660,TR999637,HO SPENTO IL CIELO (MTV Unplugged),191172.0,5775.0,27.0,Minimal,81,2351,702,8622,8622,8660
8661,TR513733,DIECIMILAVOCI (MTV Unplugged),158456.0,4880.0,23.0,Slow Dark,81,2351,702,8623,8623,8661
8662,TR519259,VISTI DALL’ALTO (MTV Unplugged),197624.0,4837.0,22.0,Slow Dark,81,2351,702,8624,8624,8662
8663,TR675359,PARADISO VS. INFERNO (MTV Unplugged),150396.0,4081.0,18.0,Slow Dark,81,2351,702,8625,8625,8663
8664,TR912562,ME O LE MIE CANZONI? (MTV Unplugged),171969.0,5008.0,20.0,Slow Dark,81,2351,702,8626,8626,8664
8665,TR186881,LUNA PIENA (MTV Unplugged),158903.0,5122.0,29.0,Slow Dark,81,2351,702,8627,8627,8665
8666,TR441061,MARE CHE NON SEI (MTV Unplugged),165255.0,5130.0,23.0,Slow Dark,81,2351,702,8628,8628,8666
8667,TR509836,sintomi da star.,228000.0,5430.0,79.0,Fast-Flow,81,2355,850,8629,8629,8667
8668,TR525805,danilo maria.,283893.0,4368.0,9.0,Fast-Flow,81,2356,850,8630,8630,8668
8669,TR663115,A Pieno Titolo,251946.0,28151.0,32.0,Hype,21,2357,1509,8631,8631,8669
8670,TR310719,Una Rima Una Jam,226586.0,34212.0,38.0,Slow Dark,21,2357,1284,8632,8632,8670
8671,TR448308,Città Di Vetro,269760.0,15931.0,29.0,Fast-Flow,21,2357,1284,2062,2062,8671
8672,TR209521,Qualunque Cosa Accada,206493.0,8902.0,20.0,Warm Bangers,21,2357,1284,8633,8633,8672
8673,TR663982,Pensami Forte,209013.0,8531.0,27.0,Minimal,21,2358,1809,8634,8634,8673
8674,TR191508,Niente In Cambio,290826.0,5573.0,21.0,Fast-Flow,21,2357,1284,8635,8635,8674
8675,TR386444,Pepita Bluemoon,226306.0,5060.0,21.0,Warm Bangers,21,2357,1284,8636,8636,8675
8676,TR409188,Un Mestiere Qualunque,236573.0,5648.0,41.0,Slow Dark,21,2359,1810,8637,8637,8676
8677,TR938316,Dillo Un’altra Volta,214973.0,4892.0,20.0,Minimal,21,2360,345,4050,4050,8677
8678,TR600821,Non Costa Niente,285253.0,5433.0,15.0,Warm Bangers,21,2357,1284,8638,8638,8678
8679,TR160217,Conta Su Di Me,242800.0,5080.0,21.0,Warm Bangers,21,2357,1284,8639,8639,8679
8680,TR334716,Testa Rotta,226813.0,4301.0,14.0,Minimal,21,2360,542,8640,8640,8680
8681,TR954099,Lo Spirito Che Suona,226586.0,4029.0,38.0,Warm Bangers,21,2357,1284,8641,8641,8681
8682,TR490986,"Le Guardie, I Pompieri E L’ambulanza",224920.0,5634.0,26.0,Hype,21,2359,1811,8642,8642,8682
8683,TR684800,L’antifona,103013.0,4362.0,17.0,Warm Bangers,21,2357,1284,8643,8643,8683
8684,TR129830,Tutta La Vita,253493.0,5227.0,17.0,Slow Dark,21,2357,1812,8644,8644,8684
8685,TR983560,Queste Strade,221506.0,4687.0,17.0,Hype,21,2357,1284,8645,8645,8685
8686,TR636792,Diamanti,226400.0,5186.0,14.0,Minimal,21,2360,737,8646,8646,8686
8687,TR416612,Servono Pietre,210826.0,4645.0,16.0,Fast-Flow,21,2357,1284,8647,8647,8687
8688,TR333987,Potente In Culo,236120.0,4186.0,25.0,Minimal,21,2359,1813,8648,8648,8688
8689,TR375394,Ai Ferri Corti,185290.0,4458.0,29.0,Warm Bangers,21,2361,1027,8649,8649,8689
8690,TR950990,21 Tyson,227466.0,4390.0,25.0,Minimal,21,2362,369,8650,8650,8690
8691,TR119408,Sacrosanto,232533.0,4869.0,14.0,Warm Bangers,21,2357,1284,8651,8651,8691
8692,TR399500,Pallottole Sull’Amore,235329.0,5331.0,22.0,Warm Bangers,21,2363,28,8652,8652,8692
8693,TR663473,Fuoco Sacro,287895.0,4541.0,19.0,Warm Bangers,21,2361,1814,8653,8653,8693
8694,TR212619,Nelle Mani,255160.0,4037.0,30.0,Melodic,21,2364,525,8654,8654,8694
8695,TR816865,Spezzami L’Anima,211920.0,5052.0,15.0,Slow Dark,21,2358,1815,8655,8655,8695
8696,TR512176,Shut Tha Fuck Up,215573.0,5224.0,13.0,Warm Bangers,21,2357,256,8656,8656,8696
8697,TR405337,Rap The Casbah,220293.0,5941.0,12.0,Warm Bangers,21,2357,1284,8657,8657,8697
8698,TR951310,Cocco Bill,202720.0,5195.0,8.0,Minimal,21,2360,737,8658,8658,8698
8699,TR538754,Buona Pace,249160.0,4957.0,22.0,Fast-Flow,21,2358,1815,8659,8659,8699
8700,TR400299,Trastevere,169000.0,5164.0,26.0,Minimal,21,2364,540,8660,8660,8700
8701,TR509547,Quante Notti,193122.0,5871.0,31.0,Fast-Flow,21,2361,1027,8661,8661,8701
8702,TR670927,Il Nome Del Tuo Esercito,163013.0,5672.0,12.0,Hype,21,2357,1284,8662,8662,8702
8703,TR184157,42 Gradi,286426.0,4661.0,18.0,Slow Dark,21,2364,525,8663,8663,8703
8704,TR509081,Quello Che Verrà Domani,194693.0,4487.0,9.0,Fast-Flow,21,2358,1815,8664,8664,8704
8705,TR883487,L’odore del mare,232600.0,4538.0,17.0,Minimal,21,2358,1816,8665,8665,8705
8706,TR364230,X,195333.0,5023.0,8.0,Hype,21,2360,737,8666,8666,8706
8707,TR225112,Dentro Te,240453.0,5503.0,14.0,Fast-Flow,21,2358,1815,8667,8667,8707
8708,TR578152,La Novità,245434.0,5020.0,17.0,Warm Bangers,21,2361,553,8668,8668,8708
8709,TR247772,Finale Chimico,218337.0,4147.0,30.0,Slow Dark,21,2361,1027,8669,8669,8709
8710,TR526548,Heavy Metal,236573.0,5465.0,41.0,Hype,21,2359,1811,8670,8670,8710
8711,TR508677,Mucho Gusto,228453.0,5629.0,14.0,Hype,21,2359,1813,8671,8671,8711
8712,TR763239,Nun Ce Provà,276600.0,4592.0,6.0,Warm Bangers,21,2360,737,8672,8672,8712
8713,TR427122,Fammi Accendere,209640.0,5345.0,15.0,Melodic,21,2364,525,8673,8673,8713
8714,TR994972,Falso,210426.0,4868.0,11.0,Slow Dark,21,2358,1815,8674,8674,8714
8715,TR986994,Sto Cor Veleno,239053.0,5795.0,14.0,Fast-Flow,21,2358,1815,8675,8675,8715
8716,TR827112,La gente libera,199349.0,5706.0,21.0,Slow Dark,21,2365,324,8676,8676,8716
8717,TR415617,Ottimo,217120.0,5066.0,6.0,Minimal,21,2360,737,8677,8677,8717
8718,TR329835,Meme K Ultra,199349.0,5398.0,21.0,Fast-Flow,21,2365,101,8678,8678,8718
8719,TR928592,Bonsai,167666.0,5785.0,13.0,Hype,21,2359,1813,8679,8679,8719
8720,TR517625,Sotto assedio (AM),128332.0,5008.0,2.0,Melodic,21,2362,369,8680,8680,8720
8721,TR141344,Figlio Di Puttana,184693.0,4641.0,6.0,Warm Bangers,21,2360,737,8681,8681,8721
8722,TR823230,John 6-0,197093.0,5524.0,4.0,Hype,21,2360,737,8682,8682,8722
8723,TR428833,Stronzo,233346.0,4455.0,4.0,Hype,21,2360,737,8683,8683,8723
8724,TR648156,Anche Più Facile,206680.0,4790.0,10.0,Slow Dark,21,2358,1815,8684,8684,8724
8725,TR769157,Kamikaze,217680.0,5750.0,17.0,Slow Dark,21,2359,285,8685,8685,8725
8726,TR466083,Dove puoi respirare,232533.0,5466.0,12.0,Melodic,21,2362,527,8686,8686,8726
8727,TR583808,Si,225000.0,4823.0,17.0,Hype,21,2359,1813,8687,8687,8727
8728,TR796621,Comfort Zone,179009.0,4441.0,13.0,Warm Bangers,21,2361,93,8688,8688,8728
8729,TR642033,Mi Sale Il Cane,193986.0,4726.0,4.0,Hype,21,2360,737,8689,8689,8729
8730,TR717996,Meglio andarsene affanculo,200800.0,4580.0,12.0,Fast-Flow,21,2365,101,8690,8690,8730
8731,TR410713,L’Assassina,160200.0,4365.0,2.0,Slow Dark,21,2366,603,8691,8691,8731
8732,TR591157,A me di Roma piace il rap,239880.0,5503.0,15.0,Minimal,21,2365,1545,8692,8692,8732
8733,TR163699,La musica sai che cos’è?,208133.0,4516.0,9.0,Fast-Flow,21,2365,101,8693,8693,8733
8734,TR653487,L’effetto del merlo,195293.0,4922.0,15.0,Fast-Flow,21,2365,101,8694,8694,8734
8735,TR970451,Motivi Di Fuoco,274602.0,4784.0,20.0,Warm Bangers,21,2361,1027,8695,8695,8735
8736,TR483710,Giungla Giungla,236186.0,5982.0,11.0,Hype,21,2359,1813,8696,8696,8736
8737,TR458701,Fenomeni,220826.0,4797.0,14.0,Hype,21,2359,1813,8697,8697,8737
8738,TR515519,Nessuna Bandiera Bianca,206840.0,4172.0,10.0,Slow Dark,21,2358,1815,8698,8698,8738
8739,TR302558,Come le onde,233333.0,4191.0,11.0,Fast-Flow,21,2365,101,8699,8699,8739
8740,TR273452,Mettici Il Veleno,243426.0,5199.0,7.0,Melodic,21,2364,525,8700,8700,8740
8741,TR869369,Questa è Roma,287895.0,5215.0,19.0,Melodic,21,2361,1711,8701,8701,8741
8742,TR539708,Il Trattamento,229973.0,4852.0,10.0,Warm Bangers,21,2359,1813,8702,8702,8742
8743,TR495417,I Giorni Di Babilonia,211840.0,4878.0,11.0,Melodic,21,2364,525,8703,8703,8743
8744,TR786742,Chiedo il nome,164453.0,4118.0,12.0,Fast-Flow,21,2365,101,8704,8704,8744
8745,TR669746,La Pelle E’ La Mia,233026.0,5049.0,7.0,Fast-Flow,21,2358,1815,8705,8705,8745
8746,TR419626,Bam Bam,185720.0,5024.0,8.0,Hype,21,2358,1815,8706,8706,8746
8747,TR117011,Testimoni,258680.0,4312.0,6.0,Hype,21,2360,737,8707,8707,8747
8748,TR875229,Più del Dovuto,182773.0,4221.0,12.0,Hype,21,2359,1813,8708,8708,8748
8749,TR392145,Roma Sulla Pelle,214966.0,4258.0,20.0,Fast-Flow,21,2361,1027,8709,8709,8749
8750,TR676742,Ultimo Stadio,190133.0,4214.0,12.0,Melodic,21,2364,525,8710,8710,8750
8751,TR381597,Mica serve avere fatto la guerra,220800.0,5234.0,9.0,Slow Dark,21,2365,101,8711,8711,8751
8752,TR992591,Non calpestare il prato,229466.0,4407.0,11.0,Minimal,21,2362,369,8712,8712,8752
8753,TR932435,La Sveglia,185706.0,4517.0,5.0,Hype,21,2360,737,8713,8713,8753
8754,TR256535,"Tigre, Tigre",182933.0,4361.0,7.0,Minimal,21,2364,525,8714,8714,8754
8755,TR795451,Nuovo Nuovo,234292.0,5934.0,28.0,Hype,21,2367,737,8715,8715,8755
8756,TR767900,Rock ‘N’ Roll,255160.0,5726.0,30.0,Slow Dark,21,2364,525,8716,8716,8756
8757,TR218311,Popcorn,250677.0,4473.0,16.0,Warm Bangers,21,2361,1027,8717,8717,8757
8758,TR740772,Esplosivo (K.O.B.),193666.0,4670.0,4.0,Hype,21,2360,737,8718,8718,8758
8759,TR322287,Hai Detto Bene,211400.0,4433.0,6.0,Melodic,21,2364,525,8719,8719,8759
8760,TR306773,Come Finisce Il Film,250677.0,5000.0,16.0,Clean,21,2361,1403,8720,8720,8760
8761,TR324280,La tua anima che balla,167546.0,4050.0,9.0,Slow Dark,21,2365,101,511,511,8761
8762,TR743206,Minor,236573.0,5359.0,6.0,Melodic,21,2364,540,8721,8721,8762
8763,TR900565,(Closer),99240.0,5060.0,9.0,Fast-Flow,21,2359,1813,8722,8722,8763
8764,TR499911,Non Tutto Scivola Tranquillo,210960.0,5814.0,9.0,Minimal,21,2364,525,8723,8723,8764
8765,TR392131,Dimmi Dimmi,224440.0,4342.0,7.0,Fast-Flow,21,2364,525,8724,8724,8765
8766,TR605093,A volte ci consola,188333.0,5622.0,8.0,Fast-Flow,21,2365,101,8725,8725,8766
8767,TR160681,Come gli altri,718543.0,5599.0,17.0,Warm Bangers,21,2368,1403,8726,8726,8767
8768,TR124103,Mi Ricordano,186133.0,4267.0,7.0,Melodic,21,2364,525,8727,8727,8768
8769,TR750944,In Crescita,211266.0,4811.0,6.0,Minimal,21,2364,531,8728,8728,8769
8770,TR519769,Arza la caciara,287895.0,4354.0,16.0,Clean,21,2369,948,8729,8729,8770
8771,TR626415,Rime E Numeri,243893.0,4522.0,11.0,Slow Dark,21,2362,530,8730,8730,8771
8772,TR472082,Outsider,232552.0,4539.0,13.0,Warm Bangers,21,2361,1027,8731,8731,8772
8773,TR335490,Febbre che puoi toccare,225200.0,5128.0,14.0,Melodic,21,2362,1817,8732,8732,8773
8774,TR282124,Il Mio Show,244093.0,4837.0,7.0,Melodic,21,2364,525,8733,8733,8774
8775,TR267177,Kittesencula,199866.0,5913.0,50.0,Melodic,21,2370,1403,8734,8734,8775
8776,TR911741,In Piedi,250887.0,4264.0,13.0,Warm Bangers,21,2361,1027,8735,8735,8776
8777,TR925179,Ozzy - Introduzione,51520.0,5961.0,10.0,Warm Bangers,21,2359,1813,8736,8736,8777
8778,TR928494,Tuta Acetata,206481.0,4473.0,15.0,Slow Dark,21,2361,1027,8737,8737,8778
8779,TR838537,Sotto assedio (PM),221866.0,5564.0,8.0,Slow Dark,21,2362,369,8738,8738,8779
8780,TR737227,Scompare,197093.0,4691.0,4.0,Warm Bangers,21,2360,1403,8739,8739,8780
8781,TR763862,Minimal Rome,196981.0,4299.0,16.0,Clean,21,2371,677,8740,8740,8781
8782,TR221950,L’Ora di Piangere,185706.0,5731.0,4.0,Minimal,21,2360,1403,8741,8741,8782
8783,TR990627,Beat Messiah,210960.0,4632.0,43.0,Melodic,21,2372,1403,8742,8742,8783
8784,TR209376,Kelly,199866.0,5334.0,50.0,Clean,21,2370,1818,8743,8743,8784
8785,TR978315,Filtri,199866.0,5148.0,50.0,Melodic,21,2370,1403,8744,8744,8785
8786,TR639717,Outro,199866.0,4959.0,50.0,Clean,21,2370,285,8745,8745,8786
8787,TR235492,Harley Quinn,198000.0,117180.0,15.0,Melodic,62,2373,1819,8746,8746,8787
8788,TR962598,Wannabe,176259.0,59246.0,34.0,Clean,62,2374,864,8747,8747,8788
8789,TR516539,Touchè,132613.0,43074.0,43.0,Slow Dark,62,2375,129,8748,8748,8789
8790,TR691812,La tocco piano,263124.0,55021.0,8.0,Melodic,62,2376,1820,8749,8749,8790
8791,TR646803,WANNABE VOL. 3,289773.0,44977.0,23.0,Slow Dark,62,2377,509,8750,8750,8791
8792,TR339470,La miglior vendetta,204335.0,20608.0,42.0,Hype,62,2378,423,8751,8751,8792
8793,TR663866,Fa volare,184266.0,19187.0,39.0,Melodic,62,2379,1821,8752,8752,8793
8794,TR336394,Ben Ten,139130.0,23434.0,41.0,Minimal,62,2380,1822,8753,8753,8794
8795,TR473663,23 coltellate,182546.0,20482.0,8.0,Minimal,62,2381,1283,8754,8754,8795
8796,TR959661,Spunte Blue,177314.0,17602.0,33.0,Fast-Flow,62,2382,478,8755,8755,8796
8797,TR978031,OPS!,137142.0,13973.0,57.0,Hype,62,2383,1131,8756,8756,8797
8798,TR788235,Alleluja,156000.0,16068.0,35.0,Fast-Flow,62,2384,326,8757,8757,8798
8799,TR437376,Poi ti spiego,217053.0,11501.0,17.0,Hype,62,2385,163,8758,8758,8799
8800,TR290265,Fisher Price,344960.0,13221.0,9.0,Minimal,62,2386,817,8759,8759,8800
8801,TR484006,Bullettproof,177625.0,13416.0,51.0,Minimal,62,2387,1354,8760,8760,8801
8802,TR909052,Malandrino,148148.0,9328.0,60.0,Clean,62,2388,256,8761,8761,8802
8803,TR909338,Wannabe Vol.2,187617.0,9928.0,1.0,Slow Dark,62,2389,1262,8762,8762,8803
8804,TR945339,Stay Sereno,150000.0,11056.0,15.0,Minimal,62,2390,464,8763,8763,8804
8805,TR709975,Young Siddhartha,317103.0,6572.0,12.0,Hype,62,2391,485,8764,8764,8805
8806,TR226950,POISON IVY,195683.0,6546.0,16.0,Warm Bangers,62,2392,196,8765,8765,8806
8807,TR427032,UNA COME TE,156714.0,5338.0,60.0,Melodic,62,2393,196,8766,8766,8807
8808,TR583643,CLICK CLICK,263840.0,5777.0,7.0,Melodic,62,2394,196,8767,8767,8808
8809,TR265024,Sto Male,166451.0,4196.0,50.0,Minimal,62,2395,1550,8768,8768,8809
8810,TR244368,Kalma,148148.0,4257.0,60.0,Melodic,62,2388,256,8769,8769,8810
8811,TR181971,Abbi cura di te,131541.0,4419.0,14.0,Slow Dark,62,2396,507,8770,8770,8811
8812,TR181501,Gran Torino,165266.0,4817.0,16.0,Minimal,62,2397,1571,8771,8771,8812
8813,TR822354,ERA NOVEMBRE,274250.0,5709.0,73.0,Slow Dark,62,2398,196,8772,8772,8813
8814,TR787667,Fajita,176259.0,4706.0,34.0,Hype,62,2374,1354,8773,8773,8814
8815,TR874968,Zombie,176259.0,5321.0,34.0,Minimal,62,2374,256,8774,8774,8815
8816,TR191272,Swahili,176259.0,5434.0,34.0,Clean,62,2374,256,8775,8775,8816
8817,TR141303,Balaclava,187550.0,5188.0,52.0,Clean,62,2399,830,8776,8776,8817
8818,TR109667,Bravo Bravo,151578.0,4728.0,0.0,Melodic,62,2400,256,8777,8777,8818
8819,TR668678,La Rovina,214133.0,5169.0,17.0,Hype,62,2401,830,8778,8778,8819
8820,TR780849,Supercar,190153.0,4697.0,29.0,Minimal,62,2402,256,8779,8779,8820
8821,TR853574,Arigato,159000.0,4180.0,50.0,Slow Dark,62,2403,256,8780,8780,8821
8822,TR955863,Cookie Moñsta,159680.0,6003.0,7.0,Fast-Flow,62,2404,1823,8781,8781,8822
8823,TR394703,ATTACCO DI PANICO,154453.0,4267.0,14.0,Minimal,62,2405,196,8782,8782,8823
8824,TR245407,No Boyfriend,115194.0,4157.0,65.0,Clean,62,2406,830,8783,8783,8824
8825,TR436288,Per odiarti non ho tempo,226906.0,5773.0,82.0,Fast-Flow,62,2407,1789,8784,8784,8825
8826,TR400674,Pacman,163053.0,4615.0,52.0,Minimal,62,2408,256,8785,8785,8826
8827,TR164391,Bad Bitch,228266.0,5316.0,85.0,Minimal,62,2409,830,8786,8786,8827
8828,TR743266,ADIEU,177625.0,4671.0,51.0,Slow Dark,62,2387,196,8787,8787,8828
8829,TR779886,Gosha Rubchinskiy Freestyle,201625.0,4797.0,35.0,Fast-Flow,62,2410,1389,8788,8788,8829
8830,TR978369,Too Much,210266.0,4536.0,36.0,Minimal,62,2411,830,8789,8789,8830
8831,TR956996,Yin & Yang,294733.0,4701.0,19.0,Clean,62,2412,830,8790,8790,8831
8832,TR393663,Go Go Go Freestyle,1207970.0,4835.0,44.0,Melodic,62,2413,1824,8791,8791,8832
8833,TR991203,Bugie da bere,176818.0,5457.0,28.0,Slow Dark,62,2414,248,8792,8792,8833
8834,TR997035,Uber Black,222641.0,5039.0,43.0,Minimal,62,2415,830,8793,8793,8834
8835,TR719913,Rooftop,176146.0,5903.0,55.0,Clean,62,2416,830,8794,8794,8835
8836,TR323399,Due Parole,260413.0,4096.0,42.0,Melodic,62,2417,1825,8795,8795,8836
8837,TR478112,CHAOS,200573.0,5021.0,0.0,Minimal,62,2418,1585,8796,8796,8837
8838,TR651139,Blow Up (Freestyle),259893.0,5182.0,27.0,Melodic,62,2419,340,8797,8797,8838
8839,TR563117,Bad Vibes,222040.0,5857.0,3.0,Slow Dark,62,2420,53,8798,8798,8839
8840,TR920615,Baby No,376320.0,4110.0,0.0,Warm Bangers,62,2421,1826,8799,8799,8840
8841,TR315167,CARO JUNIOR,232571.0,5161.0,24.0,Hype,62,2422,1827,8800,8800,8841
8842,TR157721,W4nnabe,212966.0,5724.0,60.0,Slow Dark,62,2423,53,8801,8801,8842
8843,TR119380,Scary Monsters,216240.0,4497.0,13.0,Minimal,62,2424,393,8802,8802,8843
8844,TR603230,Good Vibrations,286440.0,5769.0,74.0,Melodic,62,2425,243,8803,8803,8844
8845,TR247724,Ultimo Minuto,349745.0,4051.0,1.0,Hype,62,2426,832,8804,8804,8845
8846,TR797668,Intro,142222.0,5480.0,0.0,Minimal,62,2427,53,8805,8805,8846
8847,TR401877,Né ora né mai,202590.0,5883.0,13.0,Minimal,62,2428,53,8806,8806,8847
8848,TR813844,Extasy,147599.0,5330.0,52.0,Slow Dark,62,2429,53,8807,8807,8848
8849,TR183946,Intro/nemesi,204763.0,4893.0,7.0,Clean,62,2430,1711,8808,8808,8849
8850,TR376353,Suda ancora,205524.0,4102.0,69.0,Slow Dark,62,2431,53,8809,8809,8850
8851,TR631728,Intoxikate,158400.0,5857.0,51.0,Slow Dark,62,2432,53,8810,8810,8851
8852,TR588331,Discopanico,176259.0,4955.0,34.0,Slow Dark,62,2374,53,8811,8811,8852
8853,TR309304,Lacrimogeni,210119.0,4070.0,52.0,Slow Dark,62,2433,53,8812,8812,8853
8854,TR371469,La Scatola Del Tempo,244913.0,5395.0,8.0,Slow Dark,62,2434,72,8813,8813,8854
8855,TR830683,Non esistono risposte intelligenti,235453.0,4978.0,16.0,Slow Dark,62,2435,53,8814,8814,8855
8856,TR665187,Kintsugi,237908.0,4261.0,70.0,Slow Dark,62,2428,53,8815,8815,8856
8857,TR846159,Metal Slut,210833.0,4441.0,25.0,Melodic,62,2436,1828,8816,8816,8857
8858,TR817269,Savant,144005.0,4142.0,52.0,Melodic,62,2432,79,8817,8817,8858
8859,TR887434,Caterpillar,177625.0,5165.0,51.0,Clean,62,2387,223,8818,8818,8859
8860,TR542998,Finale,271866.0,5258.0,3.0,Minimal,62,2437,1829,8819,8819,8860
8861,TR624746,Revolution,119091.0,5027.0,25.0,Hype,62,2438,1402,8820,8820,8861
8862,TR402834,Solo Se,116466.0,5651.0,1.0,Minimal,62,2439,1830,8821,8821,8862
8863,TR907142,S.U.N.S.H.I.N.E.,473322.0,386420.0,45.0,Slow Dark,80,2440,1831,8822,8822,8863
8864,TR762814,Sangue di drago,329080.0,182346.0,45.0,Fast-Flow,80,2441,348,8823,8823,8864
8865,TR983328,Arlecchino,279213.0,126783.0,42.0,Fast-Flow,80,2441,348,8824,8824,8865
8866,TR179281,Eden,211297.0,135991.0,39.0,Hype,80,2442,1832,8825,8825,8866
8867,TR555252,Questo pianeta,294800.0,96512.0,32.0,Slow Dark,80,2441,348,8826,8826,8867
8868,TR545770,D.A.R.K.N.E.S.S.,275957.0,85595.0,30.0,Fast-Flow,80,2443,1833,8827,8827,8868
8869,TR479435,Depressissimo,259013.0,77133.0,37.0,Warm Bangers,80,2441,348,8828,8828,8869
8870,TR551915,Underman,213280.0,66469.0,35.0,Slow Dark,80,2441,392,8829,8829,8870
8871,TR745049,Esercizi di stile,184241.0,79613.0,40.0,Slow Dark,80,2444,1834,8830,8830,8871
8872,TR714156,Giocattoli,293386.0,53023.0,33.0,Slow Dark,80,2441,348,8831,8831,8872
8873,TR123359,Beep Beep,212293.0,62501.0,32.0,Warm Bangers,80,2441,348,8832,8832,8873
8874,TR140465,La Morte Di RINquore,212114.0,46077.0,45.0,Warm Bangers,80,2444,1835,8833,8833,8874
8875,TR783891,Federico,191383.0,49375.0,44.0,Melodic,80,2442,1076,8834,8834,8875
8876,TR296152,Quando piove,287293.0,35254.0,30.0,Hype,80,2441,348,8835,8835,8876
8877,TR976362,Non Esistono,217962.0,29200.0,24.0,Slow Dark,80,2445,890,8836,8836,8877
8878,TR777477,Arakno 2100,252702.0,31913.0,37.0,Fast-Flow,80,2442,99,8837,8837,8878
8879,TR512581,Factotum,308413.0,32280.0,26.0,Fast-Flow,80,2440,1836,8838,8838,8879
8880,TR699588,Centro asociale,217760.0,28970.0,32.0,Warm Bangers,80,2441,348,8839,8839,8880
8881,TR107542,Capolinea,252133.0,32400.0,29.0,Slow Dark,80,2443,1833,8840,8840,8881
8882,TR305572,X Agosto 2048,192758.0,28722.0,34.0,Melodic,80,2442,99,8841,8841,8882
8883,TR911164,Luce (Tramonti A Nord Est),217822.0,23065.0,39.0,Hype,80,2446,1837,8842,8842,8883
8884,TR801629,Giovani Artisti,222249.0,24741.0,43.0,Minimal,80,2447,345,8843,8843,8884
8885,TR670579,Giunti Al Dunque,245280.0,29018.0,30.0,Slow Dark,80,2448,1838,8844,8844,8885
8886,TR363762,L’Acqua Der Tevere,95242.0,27766.0,40.0,Minimal,80,2444,681,8845,8845,8886
8887,TR737541,Tengo Il Respiro,273034.0,27779.0,14.0,Minimal,80,2449,1839,8846,8846,8887
8888,TR684103,Disney Inferno,280125.0,26975.0,33.0,Slow Dark,80,2450,899,8847,8847,8888
8889,TR332412,Rapper al Rovescio,187271.0,21679.0,37.0,Melodic,80,2444,1259,8848,8848,8889
8890,TR364619,Freccia,201618.0,19583.0,39.0,Fast-Flow,80,2442,1076,8849,8849,8890
8891,TR770174,Tufello,256992.0,20758.0,33.0,Slow Dark,80,2447,345,8850,8850,8891
8892,TR429740,Neve,193857.0,25283.0,0.0,Warm Bangers,80,2451,284,8851,8851,8892
8893,TR793252,Anzi... Siamo Già Arrabbiati,219062.0,26583.0,30.0,Melodic,80,2443,1833,8852,8852,8893
8894,TR825697,Lontano 2036,183265.0,21749.0,30.0,Slow Dark,80,2442,99,8853,8853,8894
8895,TR295294,Skatepark,175880.0,17456.0,32.0,Hype,80,2441,348,8854,8854,8895
8896,TR865852,Silenzio,230478.0,18101.0,32.0,Fast-Flow,80,2443,1833,8855,8855,8896
8897,TR342992,Ombra,176982.0,19317.0,35.0,Slow Dark,80,2442,1076,8856,8856,8897
8898,TR431433,Ignoranze Funebri,204010.0,20122.0,30.0,Warm Bangers,80,2442,1076,8857,8857,8898
8899,TR238435,Io non sono io,240285.0,15668.0,31.0,Warm Bangers,80,2442,1076,8858,8858,8899
8900,TR917262,Xenoverso,194343.0,22144.0,31.0,Slow Dark,80,2442,1076,8859,8859,8900
8901,TR342646,Fantasia,227961.0,17646.0,31.0,Fast-Flow,80,2442,1076,8860,8860,8901
8902,TR604451,Equatore,204676.0,21706.0,32.0,Warm Bangers,80,2442,490,8861,8861,8902
8903,TR140447,Tattattira,225639.0,18092.0,33.0,Slow Dark,80,2440,1831,8862,8862,8903
8904,TR187681,Le Rime (Gara tra 507 parole),175473.0,17249.0,31.0,Slow Dark,80,2442,1076,8863,8863,8904
8905,TR386504,Guardie&Ladri,179936.0,16051.0,37.0,Warm Bangers,80,2442,1076,8864,8864,8905
8906,TR878007,M’accollo,206837.0,15250.0,29.0,Warm Bangers,80,2444,1834,8865,8865,8906
8907,TR677784,SeguiMe,222249.0,14790.0,43.0,Melodic,80,2447,911,8866,8866,8907
8908,TR252540,Razza Aliena,205056.0,14690.0,19.0,Slow Dark,80,2452,1840,8867,8867,8908
8909,TR781400,Dove Siete Spiriti,263784.0,13961.0,18.0,Slow Dark,80,2443,1833,8868,8868,8909
8910,TR675234,Il Giorno Che Non C’è,226481.0,15350.0,23.0,Fast-Flow,80,2443,1833,8869,8869,8910
8911,TR798856,Invisibile,300731.0,13528.0,22.0,Melodic,80,2450,899,8870,8870,8911
8912,TR461556,Rancore,211297.0,13482.0,39.0,Melodic,80,2442,345,8871,8871,8912
8913,TR648809,Harakiri,227866.0,13917.0,25.0,Warm Bangers,80,2444,1259,8872,8872,8913
8914,TR426835,L’Architetto,221701.0,10035.0,20.0,Slow Dark,80,2443,1833,8873,8873,8914
8915,TR144209,Horror Fast Food,280058.0,8489.0,17.0,Slow Dark,80,2443,1833,8874,8874,8915
8916,TR535615,Ulula,229501.0,9692.0,21.0,Fast-Flow,80,2440,1836,8875,8875,8916
8917,TR142917,Ottimismo Pessimo,164519.0,9157.0,18.0,Slow Dark,80,2443,1833,8876,8876,8917
8918,TR884396,L’Eterno Ritorno,204408.0,10264.0,22.0,Warm Bangers,80,2443,1833,8877,8877,8918
8919,TR863204,La Macchina Infernale (A History Of A Musiq Violence),294626.0,8626.0,19.0,Warm Bangers,80,2448,1838,8878,8878,8919
8920,TR413045,Vivere,208462.0,8973.0,28.0,Melodic,80,2450,890,8879,8879,8920
8921,TR348559,Questa cosa che io ho scritto mi piace,211051.0,7925.0,29.0,Melodic,80,2442,1076,8880,8880,8921
8922,TR304832,Intro,123088.0,6275.0,19.0,Slow Dark,80,2447,681,8881,8881,8922
8923,TR497724,È Meglio Senza,185386.0,8040.0,15.0,Hype,80,2448,1838,8882,8882,8923
8924,TR831947,Un Incidente,203804.0,8626.0,22.0,Melodic,80,2450,899,8883,8883,8924
8925,TR910536,I Complimenti,262876.0,6310.0,16.0,Slow Dark,80,2450,899,8884,8884,8925
8926,TR960936,Sistema Intelligente,229067.0,7581.0,19.0,Melodic,80,2450,899,8885,8885,8926
8927,TR277994,Tempi Moderni,204460.0,7004.0,18.0,Slow Dark,80,2443,1833,8886,8886,8927
8928,TR361010,SMS (Sei Molto Stronza),280125.0,5622.0,33.0,Minimal,80,2450,284,8887,8887,8928
8929,TR583494,La Follia,236669.0,5256.0,16.0,Warm Bangers,80,2443,1833,8888,8888,8929
8930,TR569232,The Best Of,224911.0,7286.0,16.0,Melodic,80,2440,339,8889,8889,8930
8931,TR748121,Questo È Un Pezzo Senza Rime RMX,225827.0,5802.0,5.0,Melodic,80,2453,671,8890,8890,8931
8932,TR642187,Due punti aperta parentesi :(,102426.0,5236.0,2.0,Minimal,80,2454,284,8891,8891,8932
8933,TR399382,Solo Questo,193044.0,4822.0,24.0,Hype,80,2447,345,8892,8892,8933
8934,TR882012,Il Male Oscuro,191451.0,5712.0,18.0,Fast-Flow,80,2443,1833,8893,8893,8934
8935,TR189794,Brutti & Cattivi,214800.0,5515.0,17.0,Hype,80,2448,1838,8894,8894,8935
8936,TR698399,È Facile,211706.0,5305.0,16.0,Slow Dark,80,2448,1838,8895,8895,8936
8937,TR963330,Tossico D’Aria,181973.0,4187.0,18.0,Fast-Flow,80,2448,1838,8896,8896,8937
8938,TR132764,Il Mio Quartiere,218928.0,5804.0,17.0,Minimal,80,2450,899,8897,8897,8938
8939,TR898549,Comprare,271586.0,4792.0,13.0,Slow Dark,80,2448,1838,8898,8898,8939
8940,TR310628,È Difficile,275356.0,4641.0,13.0,Fast-Flow,80,2448,1838,8899,8899,8940
8941,TR292602,Cuore E Acciaio,235453.0,4940.0,14.0,Slow Dark,80,2448,1838,8900,8900,8941
8942,TR273183,Conta,206760.0,4796.0,14.0,Hype,80,2448,1838,8901,8901,8942
8943,TR315751,Il Diavolo,232386.0,5745.0,13.0,Hype,80,2448,1838,8902,8902,8943
8944,TR779715,Tu Leva Le Parole,174968.0,5874.0,14.0,Warm Bangers,80,2443,1833,8903,8903,8944
8945,TR566177,Cosa Sai?,203466.0,4620.0,15.0,Warm Bangers,80,2448,1838,8904,8904,8945
8946,TR504023,Dal Mio Sguardo (2006),211957.0,5747.0,19.0,Hype,80,2447,345,8905,8905,8946
8947,TR672088,Il Grande Falò,149368.0,5580.0,14.0,Minimal,80,2443,1833,8906,8906,8947
8948,TR159278,Porca Troia,174545.0,5881.0,20.0,Slow Dark,80,2455,284,8907,8907,8948
8949,TR710324,Outro,500558.0,4505.0,12.0,Slow Dark,80,2447,681,8908,8908,8949
8950,TR644953,Sono Cazzi (2006),176848.0,5171.0,17.0,Hype,80,2447,345,8909,8909,8950
8951,TR342776,Cappella,252133.0,4564.0,29.0,Hype,80,2443,284,8910,8910,8951
8952,TR122493,Freestyle,172533.0,5666.0,12.0,Minimal,80,2448,1838,8911,8911,8952
8953,TR359081,Plug,73640.0,4022.0,12.0,Minimal,80,2448,1838,8912,8912,8953
8954,TR839767,Dai!,329080.0,5148.0,45.0,Hype,80,2441,345,8913,8913,8954
8955,TR772658,Sono Buono,196711.0,4693.0,1.0,Hype,80,2456,345,8914,8914,8955
8956,TR535407,Il Mio Quartiere 2.0,205546.0,4660.0,13.0,Slow Dark,80,2448,1838,8915,8915,8956
8957,TR747185,Ci hanno incastrati,137098.0,5305.0,64.0,Melodic,80,2457,1841,8916,8916,8957
8958,TR171317,California Roll,216000.0,5718.0,3.0,Minimal,80,2458,899,8917,8917,8958
8959,TR606219,Faccio Cagare,221237.0,5237.0,48.0,Slow Dark,80,2459,345,8918,8918,8959
8960,TR268274,Rhymebox,329080.0,5724.0,45.0,Fast-Flow,80,2441,1842,8919,8919,8960
8961,TR943153,Dal Mio Sguardo,211957.0,4544.0,19.0,Hype,80,2447,681,8920,8920,8961
8962,TR189072,Rancore vs Zeta,321600.0,5054.0,57.0,Minimal,80,2460,1289,8921,8921,8962
8963,TR301273,Da Roma a Faisal (2006),177348.0,4917.0,78.0,Hype,80,2461,345,8922,8922,8963
8964,TR566468,Intro (2006),123088.0,4035.0,19.0,Slow Dark,80,2447,345,8923,8923,8964
8965,TR864554,Acido,211297.0,5129.0,39.0,Minimal,80,2442,1843,8924,8924,8965
8966,TR707744,Tutti Dentro,137098.0,5342.0,64.0,Hype,80,2457,345,8925,8925,8966
8967,TR831332,Tufello Talenti,291757.0,5201.0,36.0,Slow Dark,80,2462,285,8926,8926,8967
8968,TR406560,Sono Cazzi,176848.0,5491.0,17.0,Hype,80,2447,681,8927,8927,8968
8969,TR916722,105 Mi Casa Mashup: Rancore con Luce (Tramonti a Nord Est) sulla base di I Can!,217822.0,5156.0,39.0,Melodic,80,2446,1844,8928,8928,8969
8970,TR655204,Controproduzioni,174000.0,4147.0,51.0,Fast-Flow,80,2463,886,8929,8929,8970
8971,TR514802,Zero Quore (Freestyle),156720.0,4243.0,55.0,Melodic,80,2464,1845,8930,8930,8971
8972,TR424515,SK8,194374.0,5209.0,49.0,Minimal,80,2465,1846,8931,8931,8972
8973,TR683289,Doin It Right (L’Albatro Punk),213760.0,4563.0,85.0,Minimal,80,2466,251,8932,8932,8973
8974,TR205970,Sigla Catteland,279213.0,4173.0,42.0,Hype,80,2441,890,7906,7906,8974
8975,TR462566,Da Roma A Faisal,177348.0,4875.0,78.0,Hype,80,2461,681,8933,8933,8975
8976,TR735959,È necessario,252000.0,5121.0,0.0,Minimal,80,2467,243,8934,8934,8976
8977,TR580785,Dai!/Tutti Dentro,321600.0,4672.0,57.0,Slow Dark,80,2460,681,8935,8935,8977
8978,TR969778,Dissotterracci n. 21,194133.0,5458.0,55.0,Minimal,80,2468,1847,8936,8936,8978
8979,TR682142,Rifletti Bene,239071.0,5304.0,2.0,Hype,80,2469,243,8937,8937,8979
8980,TR453816,Training n. 9,118820.0,4678.0,8.0,Fast-Flow,80,2470,1848,8938,8938,8980
8981,TR157768,Training n. 13,386867.0,5525.0,2.0,Melodic,80,2471,1849,8939,8939,8981
8982,TR553989,Vaicolliscio,193573.0,5314.0,60.0,Melodic,80,2472,1850,8940,8940,8982
8983,TR568104,Sistema Intelligente (DJ Myke Hocus Pocus RMX),289666.0,5290.0,5.0,Melodic,80,2473,1851,8941,8941,8983
8984,TR377717,Cavallini,251653.0,321189.0,60.0,Warm Bangers,24,2474,1852,8942,8942,8984
8985,TR873361,Sportswear,119375.0,194019.0,61.0,Hype,24,2475,1853,8943,8943,8985
8986,TR156840,Fiori Del Male,188145.0,221332.0,57.0,Fast-Flow,24,2475,1854,8944,8944,8986
8987,TR948244,Cono Gelato,230946.0,165162.0,46.0,Warm Bangers,24,2476,402,8945,8945,8987
8988,TR423996,Caramelle,148306.0,195492.0,49.0,Warm Bangers,24,2476,1616,8946,8946,8988
8989,TR309272,British,188814.0,136744.0,50.0,Minimal,24,2477,392,8947,8947,8989
8990,TR687068,C C,228287.0,121482.0,65.0,Slow Dark,24,2477,1694,8948,8948,8990
8991,TR726118,Mafia,180000.0,103856.0,47.0,Melodic,24,2474,1694,8949,8949,8991
8992,TR279775,Diego Armando Maradona,154545.0,82267.0,65.0,Fast-Flow,24,2478,1579,8950,8950,8992
8993,TR827223,Spezzacuori,134266.0,86102.0,42.0,Warm Bangers,24,2476,1163,8951,8951,8993
8994,TR697841,PUSSY,161325.0,83533.0,46.0,Warm Bangers,24,2479,491,8952,8952,8994
8995,TR300377,Pesi sul collo,186859.0,73966.0,45.0,Hype,24,2480,988,8953,8953,8995
8996,TR239607,Aldilà,202066.0,75038.0,38.0,Hype,24,2480,426,8954,8954,8996
8997,TR253976,Cambiare Adesso,228287.0,63983.0,65.0,Warm Bangers,24,2477,482,8955,8955,8997
8998,TR414219,SAVAGE,164265.0,86827.0,40.0,Fast-Flow,24,2479,491,8956,8956,8998
8999,TR325903,#FREETRAFFIK,164863.0,58245.0,31.0,Hype,24,2479,491,8957,8957,8999
9000,TR649723,4L,147706.0,77915.0,41.0,Slow Dark,24,2479,491,8958,8958,9000
9001,TR903275,Magazine,146520.0,73999.0,48.0,Warm Bangers,24,2476,1855,3473,3473,9001
9002,TR286646,BIBERON,150378.0,62049.0,42.0,Fast-Flow,24,2479,491,8959,8959,9002
9003,TR438217,AMIRI BOYS,155026.0,56608.0,47.0,Slow Dark,24,2479,491,8960,8960,9003
9004,TR222349,DARK LOVE GANG,228287.0,42966.0,65.0,Fast-Flow,24,2477,491,8961,8961,9004
9005,TR770107,Swisher,152000.0,46224.0,36.0,Warm Bangers,24,2474,1249,8962,8962,9005
9006,TR946021,Bello Figo Dark,157377.0,40747.0,36.0,Fast-Flow,24,2475,115,8963,8963,9006
9007,TR335489,Dark Boy,200699.0,39303.0,54.0,Slow Dark,24,2477,1853,8964,8964,9007
9008,TR348514,Principe Pyrex,228324.0,43789.0,5.0,Warm Bangers,24,2481,1646,8965,8965,9008
9009,TR692686,Oxycodone,153043.0,42389.0,38.0,Warm Bangers,24,2475,1856,8966,8966,9009
9010,TR869063,Cosa?,284290.0,41499.0,0.0,Fast-Flow,24,2482,1707,6482,6482,9010
9011,TR787233,NO STUPID,179293.0,36006.0,31.0,Warm Bangers,24,2479,491,8967,8967,9011
9012,TR588330,GTA San Andreas,188000.0,34628.0,35.0,Melodic,24,2475,1853,8968,8968,9012
9013,TR349006,Solo X La Gang,156000.0,29986.0,37.0,Fast-Flow,24,2474,1694,8969,8969,9013
9014,TR833563,Toy Boy,200699.0,28849.0,54.0,Warm Bangers,24,2477,482,8970,8970,9014
9015,TR976608,Taki Taki,150335.0,31412.0,47.0,Warm Bangers,24,2483,46,8971,8971,9015
9016,TR497154,Roulette Russa,154545.0,28740.0,65.0,Warm Bangers,24,2478,1857,8972,8972,9016
9017,TR979554,DARK,228287.0,27417.0,65.0,Warm Bangers,24,2477,491,8973,8973,9017
9018,TR316741,Crack Musica,251653.0,34317.0,60.0,Hype,24,2474,1858,8974,8974,9018
9019,TR653977,Amorevole,137910.0,24862.0,34.0,Warm Bangers,24,2478,1579,8975,8975,9019
9020,TR763904,Flex,177080.0,32066.0,26.0,Warm Bangers,24,2476,653,8976,8976,9020
9021,TR660768,Fuck Gosha,194893.0,27367.0,33.0,Warm Bangers,24,2478,1579,8977,8977,9021
9022,TR418655,Grenoble,154545.0,34340.0,65.0,Minimal,24,2478,1147,8978,8978,9022
9023,TR662316,Numeri Uno,234545.0,29684.0,14.0,Warm Bangers,24,2484,1023,8979,8979,9023
9024,TR816683,Tic Tac,143146.0,27323.0,31.0,Warm Bangers,24,2476,653,8980,8980,9024
9025,TR307986,Ghost Track,188000.0,28678.0,3.0,Minimal,24,2485,1859,8981,8981,9025
9026,TR223291,Latte Di Suocera,145358.0,26998.0,36.0,Hype,24,2475,1853,8982,8982,9026
9027,TR852107,Gang Shit,200501.0,28313.0,37.0,Warm Bangers,24,2477,1097,8983,8983,9027
9028,TR581326,Fiori D’Erba,183870.0,22684.0,35.0,Slow Dark,24,2478,1579,8984,8984,9028
9029,TR660367,GANG,228287.0,30964.0,65.0,Warm Bangers,24,2477,491,8985,8985,9029
9030,TR649327,Età D’oro,153000.0,23701.0,30.0,Hype,24,2475,1853,8986,8986,9030
9031,TR447835,Splash,181525.0,22847.0,33.0,Warm Bangers,24,2477,482,8987,8987,9031
9032,TR617609,Young Rich Gang,174174.0,26021.0,30.0,Hype,24,2477,482,8988,8988,9032
9033,TR139105,Beatles,329809.0,22683.0,30.0,Fast-Flow,24,2480,988,8989,8989,9033
9034,TR747845,Sex On the Beach,166231.0,26946.0,52.0,Warm Bangers,24,2483,262,8990,8990,9034
9035,TR773440,Hypebeast,191720.0,23178.0,27.0,Warm Bangers,24,2476,653,8991,8991,9035
9036,TR892187,Totti e De Rossi,169506.0,24848.0,5.0,Fast-Flow,24,2486,1860,8992,8992,9036
9037,TR159370,Sku Sku,158613.0,19074.0,27.0,Warm Bangers,24,2476,653,8993,8993,9037
9038,TR223502,Intro (Sick Side),93333.0,23946.0,44.0,Slow Dark,24,2478,1579,8994,8994,9038
9039,TR908937,Sinaloa,208524.0,22661.0,36.0,Warm Bangers,24,2474,1694,8995,8995,9039
9040,TR893191,Super Sayan,94153.0,18284.0,34.0,Melodic,24,2474,1351,8996,8996,9040
9041,TR393879,Uomini E Donne,192530.0,17728.0,38.0,Slow Dark,24,2477,482,8997,8997,9041
9042,TR358353,Riviste,151303.0,18817.0,35.0,Fast-Flow,24,2480,1289,8998,8998,9042
9043,TR887149,Neve A Settembre,107240.0,24158.0,35.0,Warm Bangers,24,2474,1861,8999,8999,9043
9044,TR770127,Sexy Gang,157040.0,18012.0,30.0,Warm Bangers,24,2476,653,9000,9000,9044
9045,TR732283,Sosa,92000.0,19324.0,39.0,Melodic,24,2474,1694,9001,9001,9045
9046,TR307896,Bang bang,260000.0,15909.0,37.0,Hype,24,2480,988,9002,9002,9046
9047,TR661770,El Machico,171266.0,18643.0,29.0,Warm Bangers,24,2476,653,9003,9003,9047
9048,TR975373,"1,2,3 STELLA",136671.0,19327.0,41.0,Warm Bangers,24,2479,1862,9004,9004,9048
9049,TR459313,Cotoletta,110386.0,21325.0,37.0,Melodic,24,2474,1694,9005,9005,9049
9050,TR203703,DM,114500.0,18008.0,32.0,Warm Bangers,24,2475,1853,9006,9006,9050
9051,TR579408,Panorama Bar,133188.0,20165.0,34.0,Slow Dark,24,2475,1853,9007,9007,9051
9052,TR490098,Ti amo,149453.0,16962.0,29.0,Warm Bangers,24,2476,653,9008,9008,9052
9053,TR463021,Tokyo Hotel,148110.0,13585.0,37.0,Hype,24,2480,988,9009,9009,9053
9054,TR244611,Lei Mi Chiama,240000.0,15244.0,33.0,Hype,24,2474,1694,9010,9010,9054
9055,TR643344,MP5,165137.0,16549.0,32.0,Melodic,24,2479,1862,9011,9011,9055
9056,TR764608,Cobain,115866.0,18559.0,26.0,Warm Bangers,24,2476,653,9012,9012,9056
9057,TR133584,Alien,154545.0,17724.0,65.0,Minimal,24,2478,1736,9013,9013,9057
9058,TR833839,Intro,93333.0,13738.0,44.0,Slow Dark,24,2478,1857,9014,9014,9058
9059,TR184734,Che Bello Essere Dark,171801.0,13604.0,33.0,Warm Bangers,24,2477,482,9015,9015,9059
9060,TR385417,Voodoo,98000.0,13401.0,29.0,Warm Bangers,24,2475,1853,9016,9016,9060
9061,TR976492,Luxory,132631.0,17669.0,36.0,Fast-Flow,24,2478,1579,9017,9017,9061
9062,TR403430,Intro TDA,113951.0,17110.0,29.0,Hype,24,2475,1853,9018,9018,9062
9063,TR885389,Alprazolam,78750.0,15758.0,34.0,Warm Bangers,24,2474,1694,9019,9019,9063
9064,TR809205,Hypervenom,154545.0,13371.0,65.0,Warm Bangers,24,2478,1863,9020,9020,9064
9065,TR309627,Cheesecake,166000.0,13683.0,27.0,Slow Dark,24,2478,1579,9021,9021,9065
9066,TR629860,3 Metri,99725.0,13290.0,34.0,Hype,24,2474,1694,9022,9022,9066
9067,TR641982,Regole,211741.0,11934.0,32.0,Warm Bangers,24,2474,1694,9023,9023,9067
9068,TR102982,Expensive,140469.0,13262.0,29.0,Warm Bangers,24,2477,482,9024,9024,9068
9069,TR597162,Non mi interessa,112372.0,10665.0,25.0,Hype,24,2480,988,9025,9025,9069
9070,TR365567,Bricks,95954.0,11081.0,34.0,Hype,24,2474,1694,9026,9026,9070
9071,TR399262,Marilyn Manson,148093.0,14499.0,26.0,Fast-Flow,24,2476,653,9027,9027,9071
9072,TR471959,Demoni,142000.0,13820.0,29.0,Melodic,24,2475,1853,9028,9028,9072
9073,TR810499,SPEEDRUNNER,118560.0,11713.0,36.0,Warm Bangers,24,2479,1862,9029,9029,9073
9074,TR500012,Medusa In Petto,191164.0,11867.0,1.0,Warm Bangers,24,2487,1857,9030,9030,9074
9075,TR365962,Tipa,110476.0,11160.0,34.0,Warm Bangers,24,2474,1694,9031,9031,9075
9076,TR509364,Piccoli Brividi,234545.0,12752.0,14.0,Hype,24,2484,1857,9032,9032,9076
9077,TR940343,Porto Rotondo,86250.0,12889.0,33.0,Slow Dark,24,2474,1694,9033,9033,9077
9078,TR861799,Diabolika,169600.0,12778.0,24.0,Warm Bangers,24,2476,653,9034,9034,9078
9079,TR552776,In Giro Con I Miei Cani,140000.0,11674.0,35.0,Warm Bangers,24,2478,1579,9035,9035,9079
9080,TR907406,Lullaby,109606.0,9301.0,27.0,Melodic,24,2478,1579,9036,9036,9080
9081,TR467260,Branco di iene,195454.0,9529.0,40.0,Hype,24,2488,1864,9037,9037,9081
9082,TR938030,Fantasmi,93237.0,9961.0,28.0,Melodic,24,2478,1579,9038,9038,9082
9083,TR709053,Splash RMX,212264.0,9270.0,25.0,Warm Bangers,24,2483,46,9039,9039,9083
9084,TR396133,Canale 777,184110.0,10745.0,27.0,Fast-Flow,24,2475,1853,9040,9040,9084
9085,TR602934,Almighty,121791.0,8964.0,27.0,Fast-Flow,24,2478,1579,9041,9041,9085
9086,TR467946,Scusa,210500.0,8015.0,27.0,Warm Bangers,24,2480,988,9042,9042,9086
9087,TR988416,Young Rich Gang RMX,253671.0,8993.0,23.0,Warm Bangers,24,2483,46,9043,9043,9087
9088,TR806240,Side e Wayne,148160.0,10834.0,27.0,Warm Bangers,24,2476,653,9044,9044,9088
9089,TR722551,Backflip,154545.0,7885.0,65.0,Fast-Flow,24,2478,1857,9045,9045,9089
9090,TR518535,Daytona In Cella,154545.0,8997.0,65.0,Slow Dark,24,2478,1865,9046,9046,9090
9091,TR781992,Toro Meccanico,154545.0,8243.0,65.0,Fast-Flow,24,2478,37,9047,9047,9091
9092,TR158506,Acqua Fiji,192692.0,6848.0,26.0,Warm Bangers,24,2477,482,9048,9048,9092
9093,TR786358,Baby Che Noia,170500.0,8109.0,25.0,Warm Bangers,24,2477,482,9049,9049,9093
9094,TR278618,Passala,101863.0,8152.0,27.0,Fast-Flow,24,2480,769,9050,9050,9094
9095,TR919295,Nuvole,109656.0,7577.0,26.0,Warm Bangers,24,2480,426,9051,9051,9095
9096,TR381405,DONDURÈ,141440.0,8566.0,35.0,Warm Bangers,24,2479,1862,9052,9052,9096
9097,TR278600,Crystal ball,194341.0,6262.0,24.0,Slow Dark,24,2480,1866,9053,9053,9097
9098,TR510369,Peter Pan,194779.0,5625.0,23.0,Warm Bangers,24,2477,482,9054,9054,9098
9099,TR291174,Gioco dell’uva,94456.0,7581.0,24.0,Slow Dark,24,2480,988,9055,9055,9099
9100,TR804058,Nascere e Morire a Rione,177600.0,5998.0,35.0,Fast-Flow,24,2489,1857,9056,9056,9100
9101,TR272837,Gang Shit RMX,225718.0,6475.0,24.0,Warm Bangers,24,2483,46,9057,9057,9101
9102,TR291071,Terrabruciata,154545.0,6701.0,65.0,Minimal,24,2478,1484,9058,9058,9102
9103,TR266104,Pavimenti in resina,148500.0,5561.0,25.0,Slow Dark,24,2480,988,9059,9059,9103
9104,TR501037,Casper,118507.0,6323.0,22.0,Warm Bangers,24,2477,482,9060,9060,9104
9105,TR480533,Hobby,206000.0,4857.0,0.0,Fast-Flow,24,2490,1857,9061,9061,9105
9106,TR555139,Ciaga,154545.0,5130.0,65.0,Slow Dark,24,2478,560,9062,9062,9106
9107,TR457107,Infame,81052.0,4510.0,25.0,Fast-Flow,24,2480,988,9063,9063,9107
9108,TR275768,Chiudi quella porta,154545.0,5639.0,65.0,Warm Bangers,24,2478,244,9064,9064,9108
9109,TR181031,Sick Freestyle,154545.0,4456.0,65.0,Melodic,24,2478,339,9065,9065,9109
9110,TR212648,Free Willy,206000.0,5451.0,0.0,Clean,24,2490,1857,9066,9066,9110
9111,TR994707,Troppo,169506.0,5903.0,5.0,Warm Bangers,24,2486,1857,9067,9067,9111
9112,TR400333,RoboCop,154545.0,5070.0,65.0,Warm Bangers,24,2478,1857,9068,9068,9112
9113,TR211694,Lex Luthor,154545.0,5095.0,65.0,Hype,24,2478,1857,9069,9069,9113
9114,TR194751,Non si vede,154545.0,4935.0,65.0,Minimal,24,2478,1867,9070,9070,9114
9115,TR885562,Aria Ai Polmoni,154545.0,4663.0,65.0,Warm Bangers,24,2478,1857,9071,9071,9115
9116,TR957903,Terra,206866.0,4967.0,21.0,Minimal,24,2491,886,9072,9072,9116
9117,TR967697,Toro Bravo,228324.0,5222.0,5.0,Melodic,24,2481,890,9073,9073,9117
9118,TR511024,Cambiare adesso (Acoustic Version),188431.0,5988.0,24.0,Warm Bangers,24,2483,46,9074,9074,9118
9119,TR498244,Tutto Ciò Che Ho,203720.0,5895.0,2.0,Minimal,24,2492,886,9075,9075,9119
9120,TR801391,Iride,154545.0,5743.0,65.0,Melodic,24,2478,886,9076,9076,9120
9121,TR722733,Il cielo su Roma,288066.0,26526.0,42.0,Minimal,20,2493,369,9077,9077,9121
9122,TR667139,Più forte delle bombe,258853.0,14800.0,42.0,Hype,20,2494,1868,9078,9078,9122
9123,TR343997,Miglia e promesse,256026.0,12819.0,37.0,Slow Dark,20,2495,779,9079,9079,9123
9124,TR740885,Ghetto Chic,280826.0,9956.0,37.0,Hype,20,2494,1868,9080,9080,9124
9125,TR314913,Capo di me stesso,247386.0,7561.0,34.0,Hype,20,2494,1868,9081,9081,9125
9126,TR522664,La Fenice,292666.0,9298.0,24.0,Slow Dark,20,2494,1868,9082,9082,9126
9127,TR446662,Sergio Leone,214240.0,7537.0,33.0,Hype,20,2495,1869,9083,9083,9127
9128,TR564436,Noodles,216013.0,7392.0,37.0,Slow Dark,20,2495,779,9084,9084,9128
9129,TR314076,Polvere,343933.0,6876.0,23.0,Slow Dark,20,2495,779,9085,9085,9129
9130,TR107014,Solo Hardcore,194786.0,7480.0,29.0,Slow Dark,20,2496,1870,9086,9086,9130
9131,TR602087,Adversus,189973.0,5509.0,29.0,Warm Bangers,20,2495,779,9087,9087,9131
9132,TR603498,Quello che ti do,254146.0,6528.0,22.0,Warm Bangers,20,2496,1870,9088,9088,9132
9133,TR709162,Penso diverso,298346.0,5853.0,34.0,Warm Bangers,20,2495,779,9089,9089,9133
9134,TR586114,Pioggia sempre,260160.0,5050.0,30.0,Slow Dark,20,2494,1868,9090,9090,9134
9135,TR635222,Il tuo diavolo,295932.0,5679.0,19.0,Melodic,20,2493,369,9091,9091,9135
9136,TR644054,Ciao Ciao,355546.0,5119.0,25.0,Slow Dark,20,2496,1870,9092,9092,9136
9137,TR497251,Vita,306519.0,5337.0,30.0,Minimal,20,2493,369,9093,9093,9137
9138,TR646861,Nostargia,212653.0,4659.0,32.0,Hype,20,2495,779,9094,9094,9138
9139,TR509756,Sopra il colle,257545.0,4978.0,27.0,Minimal,20,2496,942,9095,9095,9139
9140,TR566096,Eppure sono qui,254546.0,5251.0,31.0,Hype,20,2495,779,9096,9096,9140
9141,TR615214,Benzina sul fuoco,254386.0,4824.0,28.0,Warm Bangers,20,2494,1868,9097,9097,9141
9142,TR108556,Storia di una lunga guerra,224600.0,4409.0,25.0,Slow Dark,20,2495,779,9098,9098,9142
9143,TR310434,Lettere d’argento,199933.0,5939.0,24.0,Warm Bangers,20,2495,779,9099,9099,9143
9144,TR186901,L’attacco dei funkadelici quattro,212506.0,5036.0,16.0,Minimal,20,2496,1870,9100,9100,9144
9145,TR533549,Cuore più cervello,214493.0,5483.0,23.0,Hype,20,2495,779,9101,9101,9145
9146,TR419799,Sergio Leone (Re-edit),254386.0,4836.0,28.0,Hype,20,2494,779,9102,9102,9146
9147,TR961627,Nulla virtus,212186.0,4725.0,23.0,Hype,20,2495,779,9103,9103,9147
9148,TR110156,Non ci sto,301879.0,4829.0,23.0,Minimal,20,2496,1870,9104,9104,9148
9149,TR826357,Solo Amore,281760.0,4834.0,22.0,Slow Dark,20,2494,1868,9105,9105,9149
9150,TR975632,Stappali e scuotili,266852.0,5103.0,24.0,Warm Bangers,20,2496,1870,9106,9106,9150
9151,TR526853,Musica e fumo (Re-edit),263480.0,5101.0,24.0,Warm Bangers,20,2495,779,9107,9107,9151
9152,TR498207,Prova microfono,331586.0,5011.0,24.0,Clean,20,2493,369,9108,9108,9152
9153,TR723723,Quando verrà il momento,322146.0,4283.0,18.0,Minimal,20,2496,1870,9109,9109,9153
9154,TR643903,Questi Giorni,272240.0,5009.0,28.0,Slow Dark,20,2494,1868,9110,9110,9154
9155,TR566038,Mempo,219760.0,4351.0,22.0,Slow Dark,20,2495,779,9111,9111,9155
9156,TR862714,Ninna nanna,315106.0,4265.0,17.0,Minimal,20,2496,1870,9112,9112,9156
9157,TR255417,Punti di domanda,257146.0,5882.0,18.0,Warm Bangers,20,2494,367,9113,9113,9157
9158,TR301317,La forza... (Intro),140746.0,5223.0,16.0,Fast-Flow,20,2494,1871,9114,9114,9158
9159,TR211331,Elfo scuro,135212.0,5333.0,16.0,Slow Dark,20,2496,1870,9115,9115,9159
9160,TR243688,Oggi sono chiunque,250760.0,4818.0,17.0,Slow Dark,20,2494,1868,9116,9116,9160
9161,TR391741,Toro scatenato,267932.0,5836.0,20.0,Minimal,20,2493,369,9117,9117,9161
9162,TR130482,Funk romano,286746.0,5291.0,20.0,Slow Dark,20,2496,1870,9118,9118,9162
9163,TR816266,Cinque a uno,251012.0,5556.0,15.0,Minimal,20,2496,1870,9119,9119,9163
9164,TR338535,Fratello Dove Sei?,241706.0,4752.0,16.0,Warm Bangers,20,2494,1868,9120,9120,9164
9165,TR888486,King Kong vs. Godzilla,303346.0,5937.0,14.0,Minimal,20,2493,369,9121,9121,9165
9166,TR887974,Accannace,179133.0,5657.0,19.0,Warm Bangers,20,2494,1868,9122,9122,9166
9167,TR280408,Spinto da una sensazione,349052.0,5726.0,12.0,Melodic,20,2493,369,9123,9123,9167
9168,TR707482,RM Confidential,285773.0,4358.0,16.0,Slow Dark,20,2494,1868,9124,9124,9168
9169,TR339093,Notte Cattiva,257346.0,4555.0,8.0,Slow Dark,20,2497,369,9125,9125,9169
9170,TR929129,Scienza doppia H,288066.0,4585.0,42.0,Fast-Flow,20,2493,369,9126,9126,9170
9171,TR106118,Lato oscuro,135546.0,4555.0,16.0,Minimal,20,2496,1870,9127,9127,9171
9172,TR484202,Preparati,302959.0,5729.0,13.0,Fast-Flow,20,2493,369,9128,9128,9172
9173,TR987944,Sorridi,206026.0,4076.0,15.0,Slow Dark,20,2494,345,9129,9129,9173
9174,TR177210,Anima e ghiaccio (Outro),122933.0,4162.0,13.0,Warm Bangers,20,2494,1868,9130,9130,9174
9175,TR603439,Sempre vero,98079.0,4561.0,15.0,Slow Dark,20,2496,1870,9131,9131,9175
9176,TR299732,Sul tempo,326586.0,4414.0,13.0,Melodic,20,2493,369,9132,9132,9176
9177,TR148059,Balla Coi Lupi,258853.0,4477.0,42.0,Melodic,20,2494,1872,9133,9133,9177
9178,TR757051,Dissetante + Potente (Tamarindo’s Flavour),235386.0,5613.0,16.0,Slow Dark,20,2493,369,9134,9134,9178
9179,TR740941,Pornorockers,85746.0,5141.0,13.0,Clean,20,2496,1870,9135,9135,9179
9180,TR625251,Outro,71239.0,4021.0,11.0,Minimal,20,2496,928,9136,9136,9180
9181,TR158256,Rest in Party,176519.0,4872.0,11.0,Fast-Flow,20,2493,369,9137,9137,9181
9182,TR105281,Intro,62079.0,4829.0,11.0,Fast-Flow,20,2493,369,9138,9138,9182
9183,TR417563,War,291757.0,4242.0,36.0,Slow Dark,20,2498,1872,9139,9139,9183
9184,TR445813,Colle Der Fomento,288066.0,5368.0,42.0,Minimal,20,2493,527,9140,9140,9184
9185,TR613237,Outro (Scienza doppia H),55279.0,5419.0,7.0,Minimal,20,2493,369,9141,9141,9185
9186,TR557199,Sorridi (M.I.A. RMX),258853.0,5459.0,42.0,Slow Dark,20,2494,367,9142,9142,9186
9187,TR295218,Balla Coi Lupi (Sine RMX),258853.0,5475.0,42.0,Clean,20,2494,1872,9143,9143,9187
9188,TR161500,War (Gengis Khan RMX),273800.0,4012.0,1.0,Melodic,20,2499,1872,9144,9144,9188
9189,TR522570,Solo lei ha quel che voglio 2021,290280.0,19834.0,37.0,Fast-Flow,95,2500,47,9145,9145,9189
9190,TR944851,Mastroianni,191280.0,8604.0,30.0,Hype,95,2501,832,9146,9146,9190
9191,TR366878,Cronici 2021,295826.0,8432.0,19.0,Warm Bangers,95,2501,697,9147,9147,9191
9192,TR179511,Sotto Effetto Stono,243813.0,4044.0,38.0,Minimal,95,2502,1873,9148,9148,9192
9193,TR196306,Solo Lei Ha Quel Che Voglio,290280.0,5885.0,37.0,Fast-Flow,95,2500,1873,9149,9149,9193
9194,TR372833,La mia coccinella,206000.0,5637.0,36.0,Slow Dark,95,2503,942,9150,9150,9194
9195,TR511196,Di Tormento Ce N’è Uno,280733.0,5692.0,26.0,Minimal,95,2502,1873,9151,9151,9195
9196,TR475283,Tranquillo 2021,234946.0,4199.0,17.0,Fast-Flow,95,2501,697,5375,5375,9196
9197,TR964259,Amor de Mi Vida,295333.0,5493.0,39.0,Minimal,95,2504,1874,9152,9152,9197
9198,TR375090,Come la prima volta,219853.0,5937.0,20.0,Slow Dark,95,2501,697,9153,9153,9198
9199,TR771273,Ti bacio ancora mentre dormi,193026.0,5372.0,23.0,Slow Dark,95,2501,1875,9154,9154,9199
9200,TR837084,Poco Male,202312.0,5155.0,26.0,Fast-Flow,95,2501,1263,9155,9155,9200
9201,TR938888,Mezze verità 2021,194506.0,5908.0,13.0,Slow Dark,95,2501,697,9156,9156,9201
9202,TR796197,Eh Beh,231666.0,4901.0,18.0,Slow Dark,95,2502,1873,9157,9157,9202
9203,TR171089,Quei bravi ragazzi,305000.0,5215.0,19.0,Slow Dark,95,2502,1873,9158,9158,9203
9204,TR986789,Amor de mi vida 2021,229653.0,4967.0,36.0,Fast-Flow,95,2501,697,9159,9159,9204
9205,TR376707,Dimmi Di Sbagliato Che C’è,243813.0,5884.0,38.0,Slow Dark,95,2502,1873,9160,9160,9205
9206,TR115754,Dimmi di sbagliato che c’è 2021,191666.0,4164.0,27.0,Hype,95,2501,697,9161,9161,9206
9207,TR982348,Altrove,163800.0,5017.0,13.0,Slow Dark,95,2501,1875,9162,9162,9207
9208,TR505069,Non c’è amore 2021,200986.0,5388.0,15.0,Slow Dark,95,2501,697,9163,9163,9208
9209,TR492170,Ianglediz,301000.0,5599.0,18.0,Minimal,95,2502,1873,9164,9164,9209
9210,TR221023,Cambi colore al cielo,189773.0,5180.0,12.0,Fast-Flow,95,2501,697,9165,9165,9210
9211,TR180813,Non C’è Amore,235306.0,5836.0,29.0,Slow Dark,95,2502,1873,9166,9166,9211
9212,TR919504,Succo Alla Pera Col Gin,232000.0,5903.0,22.0,Melodic,95,2502,1873,9167,9167,9212
9213,TR414741,Cronici,295826.0,4140.0,19.0,Melodic,95,2501,1873,9168,9168,9213
9214,TR628964,Buone vibes,185906.0,4819.0,12.0,Slow Dark,95,2501,697,9169,9169,9214
9215,TR286229,Tranquillo,249840.0,4059.0,32.0,Fast-Flow,95,2502,1873,9170,9170,9215
9216,TR926919,Mezze Verità,258426.0,4672.0,27.0,Minimal,95,2505,224,9171,9171,9216
9217,TR354320,Non C’è Storia,210000.0,5088.0,26.0,Slow Dark,95,2502,1873,9172,9172,9217
9218,TR735740,Dimmi Che Farai,173666.0,5840.0,14.0,Minimal,95,2502,1873,9173,9173,9218
9219,TR598417,L’inconscio,398000.0,5710.0,12.0,Melodic,95,2502,1873,9174,9174,9219
9220,TR508764,Ho il Controllo,46680.0,4267.0,14.0,Slow Dark,95,2502,1873,9175,9175,9220
9221,TR883574,Chissà Ora Con Chi Sei,291600.0,4198.0,19.0,Fast-Flow,95,2504,1874,9176,9176,9221
9222,TR808243,Smoked Out,603160.0,5194.0,4.0,Melodic,95,2506,540,9177,9177,9222
9223,TR678984,Mai Piú,217573.0,5080.0,27.0,Minimal,95,2504,1874,9178,9178,9223
9224,TR497745,Buone Motivazioni?!?,333173.0,4546.0,11.0,Melodic,95,2504,1874,9179,9179,9224
9225,TR324775,Ma sei b*st*rd*,207666.0,5816.0,11.0,Hype,95,2504,1874,9180,9180,9225
9226,TR172763,La Vita Dei Gaggi,213866.0,5872.0,10.0,Melodic,95,2504,1874,9181,9181,9226
9227,TR124659,Sotto lo stesso effetto,295333.0,4821.0,39.0,Melodic,95,2504,1874,9182,9182,9227
9228,TR432016,Discorsi Inutili,372586.0,5799.0,4.0,Slow Dark,95,2506,1876,9183,9183,9228
9229,TR991026,"Amarti, Rispettarti",284120.0,4782.0,17.0,Slow Dark,95,2506,1876,9184,9184,9229
9230,TR313049,Da Me,273280.0,5492.0,11.0,Fast-Flow,95,2506,540,9185,9185,9230
9231,TR601133,Chi Meglio Di Te,245520.0,4966.0,14.0,Melodic,95,2504,1874,9186,9186,9231
9232,TR907045,Ora La Colpa A Chi La Dai,285186.0,4257.0,12.0,Slow Dark,95,2506,531,9187,9187,9232
9233,TR103294,Da Dove Scrivo,209053.0,5872.0,5.0,Melodic,95,2504,1874,9188,9188,9233
9234,TR940732,Chissà Se Almeno Domani,221403.0,4923.0,72.0,Clean,95,2507,942,9189,9189,9234
9235,TR670167,Stile Libero,180740.0,5487.0,52.0,Minimal,95,2508,942,9190,9190,9235
9236,TR170037,La Vita Che Vivo,234480.0,4748.0,11.0,Minimal,95,2504,536,9191,9191,9236
9237,TR618663,Silenzio,177672.0,4050.0,55.0,Minimal,95,2509,942,9192,9192,9237
9238,TR195148,24h Non Stop,234480.0,4213.0,11.0,Melodic,95,2504,1874,9193,9193,9238
9239,TR135639,A.t.p.,290280.0,5008.0,3.0,Clean,95,2510,942,9194,9194,9239
9240,TR146052,Coscienza Interiore,263106.0,5398.0,4.0,Hype,95,2506,540,9195,9195,9240
9241,TR836331,Stando Alle Regole,262333.0,4682.0,17.0,Hype,95,2504,1874,9196,9196,9241
9242,TR567681,Nel Jet Set Del Rap,234880.0,5407.0,10.0,Melodic,95,2504,1874,9197,9197,9242
9243,TR936292,Tu cosa fai?,252333.0,5413.0,8.0,Melodic,95,2504,1874,9198,9198,9243
9244,TR911216,La Biccia Giusta,197708.0,5425.0,76.0,Minimal,95,2511,942,9199,9199,9244
9245,TR188543,Spirituality,256706.0,4999.0,14.0,Minimal,95,2506,1876,9200,9200,9245
9246,TR123570,Solo Noi,334773.0,5848.0,13.0,Slow Dark,95,2506,1876,9201,9201,9246
9247,TR382106,Ti bacio ancora mentre dormi (Acoustic),216569.0,4992.0,15.0,Minimal,95,2501,1731,9202,9202,9247
9248,TR885152,L’a Morale,194090.0,4916.0,69.0,Minimal,95,2512,942,9203,9203,9248
9249,TR916110,Il Mio Sogno,290053.0,4411.0,11.0,Slow Dark,95,2506,1876,9204,9204,9249
9250,TR539536,Losc’azzo,243813.0,4629.0,38.0,Minimal,95,2502,942,9205,9205,9250
9251,TR292998,Tto Che Mi Ha De,223834.0,4098.0,79.0,Minimal,95,2513,942,9206,9206,9251
9252,TR591041,Gin’n’giro,176213.0,5282.0,56.0,Minimal,95,2514,942,9207,9207,9252
9253,TR760658,Fai A Meno Di Me,195093.0,4511.0,5.0,Fast-Flow,95,2506,1876,9208,9208,9253
9254,TR648930,Gia’ Conti I Secondi,177680.0,4622.0,7.0,Melodic,95,2504,1874,9209,9209,9254
9255,TR496081,(Come mai) Proprio a noi,262066.0,5558.0,9.0,Melodic,95,2504,1874,9210,9210,9255
9256,TR103312,Whoo!! Whoo!,235786.0,4668.0,17.0,Melodic,95,2504,1874,9211,9211,9256
9257,TR758203,Fai Su!,285026.0,4499.0,4.0,Clean,95,2506,1876,9212,9212,9257
9258,TR900786,Ciaomiaobau,184311.0,4351.0,57.0,Slow Dark,95,2515,942,9213,9213,9258
9259,TR171967,Vendesi,193253.0,5566.0,40.0,Minimal,95,2516,1058,9214,9214,9259
9260,TR229788,"Ieri, Oggi e Domani",152000.0,4273.0,35.0,Minimal,95,2517,404,9215,9215,9260
9261,TR563938,I soliti mc’s,165106.0,4923.0,5.0,Hype,95,2504,1874,9216,9216,9261
9262,TR685945,(Sei Tu) Che Mi Dai,196672.5,5027.0,32.0,Minimal,95,583,681,9217,9217,9262
9263,TR149413,Da Soli,167555.0,5390.0,37.0,Fast-Flow,95,2518,369,9218,9218,9263
9264,TR441117,Standing Ovation,194413.0,5284.0,32.0,Minimal,42,2519,345,9219,9219,9264
9265,TR137616,SFIGA,217865.0,5636.0,27.0,Warm Bangers,42,2520,313,9220,9220,9265
9266,TR570882,Antistress,189093.0,4100.0,11.0,Warm Bangers,42,2521,124,9221,9221,9266
9267,TR251318,Sei come me,288733.0,4608.0,27.0,Minimal,42,2522,1877,9222,9222,9267
9268,TR984463,Come farla su,237706.0,4575.0,23.0,Slow Dark,42,2522,1877,9223,9223,9268
9269,TR537337,Stelle cadenti,277426.0,4304.0,26.0,Fast-Flow,42,2521,124,9224,9224,9269
9270,TR620271,Gravità Zero,216166.0,4593.0,20.0,Slow Dark,42,2523,1878,9225,9225,9270
9271,TR141379,Superblunt,377346.0,4635.0,25.0,Minimal,42,2522,1879,9226,9226,9271
9272,TR927639,A testa alta,207560.0,5058.0,14.0,Fast-Flow,42,2521,124,9227,9227,9272
9273,TR195496,Fumo e malinconia,281360.0,5345.0,27.0,Minimal,42,2522,1877,9228,9228,9273
9274,TR936050,Strade Sbagliate,214478.0,4777.0,19.0,Hype,42,2523,1610,9229,9229,9274
9275,TR400077,Happy EP!,171489.0,5456.0,7.0,Fast-Flow,42,2524,886,9230,9230,9275
9276,TR165304,L’ha già fatto J-Ax,344333.0,4686.0,29.0,Fast-Flow,42,2525,886,9231,9231,9276
9277,TR487204,Abbiamo vinto noi,236926.0,4594.0,14.0,Fast-Flow,42,2523,1880,9232,9232,9277
9278,TR865125,Diamanti e fango,277426.0,5096.0,26.0,Fast-Flow,42,2521,124,9233,9233,9278
9279,TR883955,SOCIAL DETOX,191906.0,4059.0,16.0,Fast-Flow,42,2526,460,9234,9234,9279
9280,TR271401,"‎SFIGA, Pt. 2",169411.0,4171.0,22.0,Hype,42,2526,460,9235,9235,9280
9281,TR508589,Qualcosa di buono,212080.0,4850.0,10.0,Slow Dark,42,2521,646,9236,9236,9281
9282,TR477503,ABC,166829.0,5901.0,10.0,Melodic,42,2527,1881,9237,9237,9282
9283,TR922726,Segnali Di Fumo,233087.0,5460.0,14.0,Hype,42,2523,563,1127,1127,9283
9284,TR888668,So Free,198000.0,4187.0,9.0,Fast-Flow,42,2521,124,9238,9238,9284
9285,TR633807,Menomale,186093.0,5708.0,4.0,Fast-Flow,42,2521,124,9239,9239,9285
9286,TR141852,Una musica sola,282640.0,5482.0,8.0,Slow Dark,42,2522,581,9240,9240,9286
9287,TR449266,Io Grido,288733.0,5239.0,27.0,Hype,42,2522,581,9241,9241,9287
9288,TR531651,MUSICA ETERNA,203181.0,5657.0,22.0,Slow Dark,42,2526,1654,160,160,9288
9289,TR676300,Gremlins,206721.0,4823.0,18.0,Hype,42,2523,563,9242,9242,9289
9290,TR514825,Non fa per me,218482.0,4456.0,7.0,Fast-Flow,42,2523,563,9243,9243,9290
9291,TR260727,Per L’ennesima Volta,328093.0,5041.0,12.0,Slow Dark,42,2522,1877,9244,9244,9291
9292,TR492444,L’Italia chiama (Pub Song parte II),186665.0,5111.0,7.0,Hype,42,2523,563,9245,9245,9292
9293,TR707306,Un Bimbo Vede un Bimbo fa,195305.0,5092.0,58.0,Slow Dark,42,2528,886,9246,9246,9293
9294,TR507811,Vaffanculo,223439.0,5146.0,15.0,Hype,42,2523,108,9247,9247,9294
9295,TR754273,Pezzi di Merda,251500.0,5916.0,2.0,Hype,42,2529,886,9248,9248,9295
9296,TR566794,Certi Film,249173.0,5821.0,4.0,Fast-Flow,42,2530,886,9249,9249,9296
9297,TR362754,Blu,218603.0,5768.0,15.0,Fast-Flow,42,2523,563,547,547,9297
9298,TR130325,F.U.F.F.A,198800.0,5621.0,6.0,Hype,42,2522,1877,9250,9250,9298
9299,TR194535,Isola (I need love),189480.0,5905.0,5.0,Slow Dark,42,2521,124,9251,9251,9299
9300,TR538761,Doctor Weed,208186.0,4210.0,6.0,Fast-Flow,42,2522,1877,9252,9252,9300
9301,TR203439,DAY OFF,188771.0,4543.0,12.0,Fast-Flow,42,2526,460,9253,9253,9301
9302,TR555549,Ad un passo dal sole,206013.0,5005.0,6.0,Slow Dark,42,2521,762,9254,9254,9302
9303,TR419515,CIAO CIAO,200412.0,5709.0,12.0,Hype,42,2526,460,9255,9255,9303
9304,TR890090,Non ce la fai +,259653.0,5025.0,10.0,Melodic,42,2522,1882,9256,9256,9304
9305,TR825873,Rapfetamina,174705.0,5514.0,49.0,Clean,42,2531,1883,9257,9257,9305
9306,TR963782,Un classico,191013.0,4290.0,3.0,Slow Dark,42,2521,124,9258,9258,9306
9307,TR679183,Tutti i colori,195853.0,4518.0,7.0,Slow Dark,42,2521,124,9259,9259,9307
9308,TR724769,1000 DA 1000,187397.0,5479.0,10.0,Slow Dark,42,2526,460,9260,9260,9308
9309,TR125984,Tutto normale,168226.0,4342.0,4.0,Slow Dark,42,2521,124,9261,9261,9309
9310,TR570716,Cologno Beach,218106.0,4717.0,7.0,Slow Dark,42,2522,1877,9262,9262,9310
9311,TR547213,Occhi Diversi,225103.0,4543.0,10.0,Slow Dark,42,2523,108,9263,9263,9311
9312,TR752863,G.R.I.D.O.,159207.0,4713.0,13.0,Slow Dark,42,2526,460,9264,9264,9312
9313,TR659199,Torniamo a casa Lessie,156493.0,5433.0,58.0,Slow Dark,42,2532,1569,9265,9265,9313
9314,TR267791,Veleno,264554.0,4749.0,6.0,Slow Dark,42,2523,108,9266,9266,9314
9315,TR892618,Peter Pan,203586.0,5125.0,6.0,Slow Dark,42,2523,108,9267,9267,9315
9316,TR383303,Scemo Scemo,206627.0,4212.0,4.0,Slow Dark,42,2523,108,9268,9268,9316
9317,TR133859,La Rivincita dei Nerds,218890.0,5627.0,6.0,Slow Dark,42,2523,108,9269,9269,9317
9318,TR384929,Videogame,221320.0,4753.0,6.0,Slow Dark,42,2523,108,9270,9270,9318
9319,TR586664,King Kong,218575.0,5314.0,4.0,Slow Dark,42,2523,108,9271,9271,9319
9320,TR766588,Ajo,158400.0,5468.0,35.0,Slow Dark,42,2533,1884,9272,9272,9320
9321,TR248028,Bando,192096.0,94388.0,72.0,Warm Bangers,4,2534,1885,9273,9273,9321
9322,TR265774,TT LE GIRLZ,192096.0,109973.0,72.0,Warm Bangers,4,2534,1774,9274,9274,9322
9323,TR142991,I LOVE IT,110332.0,83444.0,0.0,Hype,4,2535,1774,9275,9275,9323
9324,TR541255,ABC,192096.0,65723.0,72.0,Warm Bangers,4,2534,1774,9276,9276,9324
9325,TR412568,30°C,152200.0,50930.0,4.0,Warm Bangers,4,2536,1650,9277,9277,9325
9326,TR752302,BBE,192096.0,68022.0,72.0,Hype,4,2534,53,9278,9278,9326
9327,TR733342,BIKINI,192096.0,56576.0,72.0,Warm Bangers,4,2534,1774,9279,9279,9327
9328,TR659740,UNA TIPA COME ME,151515.0,21386.0,67.0,Slow Dark,4,2537,1774,9280,9280,9328
9329,TR175357,HELLO KITTY,202769.0,22111.0,13.0,Hype,4,2538,1774,9281,9281,9329
9330,TR105127,VIENI DALLA BADDIE (interlude),145483.0,20771.0,57.0,Warm Bangers,4,2539,269,9282,9282,9330
9331,TR480999,TONIGHT,192096.0,19422.0,72.0,Fast-Flow,4,2534,1774,9283,9283,9331
9332,TR204356,CHICA ITALIANA,130285.0,18039.0,25.0,Slow Dark,4,2540,1774,9284,9284,9332
9333,TR360732,ENERGY,192096.0,15611.0,72.0,Warm Bangers,4,2534,855,9285,9285,9333
9334,TR949585,INTRO,192096.0,16985.0,72.0,Warm Bangers,4,2534,1774,9286,9286,9334
9335,TR277298,3 DI CUORI,158823.0,14799.0,49.0,Hype,4,2541,568,9287,9287,9335
9336,TR967416,Drippin’ in Milano,192096.0,12157.0,72.0,Melodic,4,2534,1886,9288,9288,9336
9337,TR377875,WHY U MAD,455140.0,14051.0,38.0,Warm Bangers,4,2542,1774,9289,9289,9337
9338,TR477266,MULAN,192096.0,15738.0,72.0,Warm Bangers,4,2534,1774,9290,9290,9338
9339,TR112231,BLA BLA,119217.0,9659.0,61.0,Warm Bangers,4,2539,400,9291,9291,9339
9340,TR647157,DÉSOLÉE,192096.0,10200.0,72.0,Hype,4,2534,431,9292,9292,9340
9341,TR696704,SHOW ME LOVE,297878.0,10369.0,33.0,Slow Dark,4,2543,1774,9293,9293,9341
9342,TR255297,FAST,192096.0,9557.0,72.0,Hype,4,2534,1347,9294,9294,9342
9343,TR665122,MISS IMPOSSIBLE,192096.0,10033.0,72.0,Warm Bangers,4,2534,1774,9295,9295,9343
9344,TR659788,ADVICE,192096.0,9544.0,72.0,Warm Bangers,4,2534,313,9296,9296,9344
9345,TR912958,GASOLINA,192096.0,6720.0,72.0,Warm Bangers,4,2534,9,9297,9297,9345
9346,TR437637,BABE,219451.0,8146.0,28.0,Hype,4,2544,313,9298,9298,9346
9347,TR714029,I GOT IT,213863.0,7016.0,70.0,Warm Bangers,4,2545,844,9299,9299,9347
9348,TR244054,Merry Christmas Freestyle,130285.0,6803.0,25.0,Melodic,4,2540,1887,9300,9300,9348
9349,TR532659,64 Bars,217751.0,5316.0,0.0,Warm Bangers,4,2546,1888,9301,9301,9349
9350,TR256110,AMORE DA PIAZZA,257706.0,5728.0,3.0,Fast-Flow,4,2547,1774,9302,9302,9350
9351,TR575358,SQUEEZE #1,158823.0,4237.0,49.0,Melodic,4,2541,1889,9303,9303,9351
9352,TR337040,BALAKLUB: what up,135000.0,4707.0,44.0,Warm Bangers,4,2548,792,9304,9304,9352
9353,TR670451,BABY,192096.0,5771.0,72.0,Hype,4,2534,1890,9305,9305,9353
9354,TR389267,RUFA,192096.0,4415.0,72.0,Warm Bangers,4,2534,313,9306,9306,9354
9355,TR383439,TUBARAO RMX,192096.0,4166.0,72.0,Warm Bangers,4,2534,1891,9307,9307,9355
9356,TR363330,SOLO ANDATA,226906.0,5592.0,82.0,Warm Bangers,4,2534,313,9308,9308,9356
9357,TR658493,LOCA,185188.0,5686.0,40.0,Warm Bangers,4,2549,313,9309,9309,9357
9358,TR523384,NO BODYGUARD FREESTYLE,217751.0,4337.0,0.0,Fast-Flow,4,2546,1892,9310,9310,9358
9359,TR108085,CHUN LI FREESTYLE,130285.0,5723.0,25.0,Melodic,4,2540,1566,9311,9311,9359
9360,TR869398,Non dico grazie*,192096.0,5388.0,72.0,Slow Dark,4,2534,13,9312,9312,9360
9361,TR797255,Wop Wop,183000.0,68401.0,67.0,Warm Bangers,77,2550,1252,9313,9313,9361
9362,TR926311,A Lei,185343.0,55306.0,66.0,Warm Bangers,77,2550,1252,9314,9314,9362
9363,TR705352,Tip Tap,129795.0,32269.0,61.0,Melodic,77,2551,460,9315,9315,9363
9364,TR139477,Responsabile,154285.0,28469.0,56.0,Warm Bangers,77,2552,76,9316,9316,9364
9365,TR346016,Mattone,142000.0,25143.0,58.0,Warm Bangers,77,2552,1310,9317,9317,9365
9366,TR865523,Apparecchiato,158625.0,25379.0,60.0,Melodic,77,2553,499,9318,9318,9366
9367,TR334523,Bugie,160000.0,22869.0,52.0,Warm Bangers,77,2550,1252,9319,9319,9367
9368,TR606179,Samsung,195795.0,21736.0,60.0,Warm Bangers,77,2550,1252,9320,9320,9368
9369,TR441110,Pezzi Che Cadono,148250.0,19716.0,60.0,Warm Bangers,77,2552,1893,9321,9321,9369
9370,TR236523,​esse​ Type Beat,136033.0,14596.0,5.0,Warm Bangers,77,2554,1894,9322,9322,9370
9371,TR905149,Dritto al Cuore,184615.0,15633.0,53.0,Warm Bangers,77,2550,1252,9323,9323,9371
9372,TR644905,Mario & Luigi,123750.0,12166.0,55.0,Warm Bangers,77,2550,1252,9324,9324,9372
9373,TR385636,Qui Quo Qua,147989.0,11169.0,48.0,Warm Bangers,77,2550,1252,9325,9325,9373
9374,TR859369,Tommaso,111600.0,14690.0,53.0,Warm Bangers,77,2552,553,9326,9326,9374
9375,TR514963,Campanello,186468.0,10422.0,53.0,Warm Bangers,77,2550,1252,9327,9327,9375
9376,TR491553,Rimasugli,178452.0,10967.0,55.0,Warm Bangers,77,2550,1252,9328,9328,9376
9377,TR442053,Sex Appeal,133555.0,12053.0,49.0,Warm Bangers,77,2550,1252,9329,9329,9377
9378,TR843669,Bar Cinese,145353.0,10483.0,54.0,Melodic,77,2550,1252,9330,9330,9378
9379,TR325269,In Hotel,162285.0,11895.0,52.0,Warm Bangers,77,2550,1252,9331,9331,9379
9380,TR580830,Terrorista,151250.0,8995.0,40.0,Melodic,77,2555,1895,9332,9332,9380
9381,TR327841,Budapest,131428.0,6685.0,53.0,Warm Bangers,77,2552,269,9333,9333,9381
9382,TR420971,Ogni Notte,148376.0,7572.0,48.0,Warm Bangers,77,2550,1252,9334,9334,9382
9383,TR791935,Giugno Luglio Agosto,146614.0,8462.0,47.0,Warm Bangers,77,2550,1252,9335,9335,9383
9384,TR111911,Walter White,130000.0,6103.0,48.0,Warm Bangers,77,2552,93,9336,9336,9384
9385,TR452763,Non la Sopporto,147878.0,6500.0,57.0,Melodic,77,2552,1027,9337,9337,9385
9386,TR825451,Pippi Calzelunghe,130672.0,7345.0,47.0,Warm Bangers,77,2550,1252,9338,9338,9386
9387,TR751693,Franco Campanino,161000.0,7054.0,41.0,Hype,77,2552,269,9339,9339,9387
9388,TR164881,Vito Corleone,173316.0,5063.0,49.0,Warm Bangers,77,2550,1252,9340,9340,9388
9389,TR898976,Insieme Da Una Vita,131413.0,5040.0,50.0,Melodic,77,2552,269,9341,9341,9389
9390,TR363071,Frank Lukas,149538.0,5112.0,42.0,Warm Bangers,77,2552,269,9342,9342,9390
9391,TR746933,X I Ragazzini In Strada,140645.0,5914.0,44.0,Warm Bangers,77,2552,269,9343,9343,9391
9392,TR476680,No Pinscher,185343.0,6015.0,66.0,Warm Bangers,77,2550,1252,9344,9344,9392
9393,TR471837,Popolare,183125.0,4483.0,41.0,Warm Bangers,77,2553,111,9345,9345,9393
9394,TR157398,Crack In Casa 24/7,139000.0,5470.0,41.0,Melodic,77,2553,187,9346,9346,9394
9395,TR947154,Minigolf,105600.0,4768.0,42.0,Warm Bangers,77,2552,269,9347,9347,9395
9396,TR366709,Papa K,195291.0,4027.0,61.0,Melodic,77,2556,111,9348,9348,9396
9397,TR610888,Non Siamo Simili,167250.0,4030.0,39.0,Melodic,77,2553,111,9349,9349,9397
9398,TR978442,Al Capone,158250.0,4936.0,42.0,Hype,77,2553,594,9350,9350,9398
9399,TR673485,Pappone,146000.0,4990.0,43.0,Melodic,77,2553,111,9351,9351,9399
9400,TR543951,Tupac Freestyle,130000.0,4056.0,48.0,Melodic,77,2552,1896,9352,9352,9400
9401,TR984197,Gesù Bambino,158625.0,5389.0,60.0,Fast-Flow,77,2553,111,9353,9353,9401
9402,TR235215,Drive By,140500.0,4600.0,38.0,Melodic,77,2553,111,9354,9354,9402
9403,TR445107,Balotelli Freestyle,130000.0,5133.0,48.0,Warm Bangers,77,2552,1897,9355,9355,9403
9404,TR724302,Angelino,160875.0,4615.0,38.0,Melodic,77,2553,111,9356,9356,9404
9405,TR610750,Dare Un Senso A Questa Vita,173625.0,4347.0,35.0,Melodic,77,2553,111,9357,9357,9405
9406,TR397236,Asilo Mariuccia,87000.0,4827.0,34.0,Melodic,77,2553,111,9358,9358,9406
9407,TR448119,Per non Morire Mai,190173.0,4477.0,36.0,Melodic,77,2557,1898,9359,9359,9407
9408,TR216132,Sasso forbici e carta Freestyle,130000.0,5081.0,48.0,Warm Bangers,77,2552,84,9360,9360,9408
9409,TR119361,Buon Natale Freestyle,530268.0,4409.0,62.0,Melodic,77,2558,1899,9361,9361,9409
9410,TR398941,Capra,352492.0,5029.0,0.0,Melodic,77,2559,1900,9362,9362,9410
9411,TR148206,Illegale,129888.0,44623.0,35.0,Melodic,88,2560,658,9363,9363,9411
9412,TR170594,Ci sta,166269.0,30655.0,35.0,Melodic,88,2560,817,9364,9364,9412
9413,TR417535,Odio tutti,172804.0,25687.0,25.0,Melodic,88,2560,1901,9365,9365,9413
9414,TR816264,Bella,119550.0,15026.0,28.0,Warm Bangers,88,2560,1279,9366,9366,9414
9415,TR778907,TT OK,165576.0,16275.0,23.0,Melodic,88,2560,1902,9367,9367,9415
9416,TR240588,Huarache Freestyle,63867.0,10403.0,23.0,Melodic,88,2560,1903,9368,9368,9416
9417,TR337193,Napapijri,136339.0,9571.0,26.0,Melodic,88,2561,796,9369,9369,9417
9418,TR774407,Chissenefrega,145000.0,4872.0,20.0,Melodic,88,2561,483,9370,9370,9418
9419,TR269349,Gang (ora),162994.0,5069.0,21.0,Melodic,88,2561,262,9371,9371,9419
9420,TR144506,Papi Chulo,124285.0,5048.0,22.0,Melodic,88,2561,262,9372,9372,9420
9421,TR873487,Genkidama Freestyle,57147.0,5865.0,17.0,Fast-Flow,88,2560,473,9373,9373,9421
9422,TR588211,Londra,150300.0,5112.0,21.0,Melodic,88,2561,262,9374,9374,9422
9423,TR955525,Mood Freestyle,61961.0,5180.0,16.0,Melodic,88,2560,1904,9375,9375,9423
9424,TR109208,Gang Gang (prima),151420.0,4815.0,14.0,Melodic,88,2561,262,9376,9376,9424
9425,TR551322,Ubriaco,149000.0,5914.0,19.0,Minimal,88,2562,262,9377,9377,9425
9426,TR513271,Bobo Freestyle,61500.0,5568.0,16.0,Melodic,88,2560,1905,9378,9378,9426
9427,TR978319,Che palle,116785.0,4582.0,14.0,Melodic,88,2561,262,9379,9379,9427
9428,TR918965,Me ne batto r’belin,103750.0,5702.0,19.0,Minimal,88,2563,1906,9380,9380,9428
9429,TR913822,Fb,119444.0,4877.0,16.0,Minimal,88,2561,262,9381,9381,9429
9430,TR835956,Boomerang Freestyle,192240.0,5674.0,36.0,Clean,88,2564,1907,9382,9382,9430
9431,TR963242,Ragazzi popolari,186000.0,5660.0,13.0,Minimal,88,2565,63,9383,9383,9431
9432,TR974411,Nella Pancia Della Balena,155318.0,4389.0,28.0,Slow Dark,88,2566,5,9384,9384,9432
9433,TR343085,Ubriaco (per davvero),149000.0,5417.0,19.0,Minimal,88,2562,1908,9385,9385,9433
9434,TR519016,Una bugia,132666.0,4595.0,13.0,Slow Dark,88,2567,876,9386,9386,9434
9435,TR415789,Zanzare,176900.0,4606.0,16.0,Slow Dark,88,2568,1909,9387,9387,9435
9436,TR217190,Ya Freestyle,371960.0,4606.0,16.0,Minimal,88,2569,765,9388,9388,9436
9437,TR458005,Ci Vediamo In Città,182245.0,5468.0,76.0,Melodic,88,2570,1910,9389,9389,9437
9438,TR951474,Credi a Ciò Che Vuoi,167999.0,4473.0,69.0,Slow Dark,88,2571,1910,9390,9390,9438
9439,TR973430,Spietato,129697.0,4013.0,16.0,Melodic,88,2572,406,9391,9391,9439
9440,TR708868,PICAPOLLO,107181.0,5442.0,14.0,Melodic,88,2573,394,9392,9392,9440
9441,TR318122,Scugnizzo,192240.0,4354.0,36.0,Minimal,88,2564,1911,9393,9393,9441
9442,TR373731,KLK!,107181.0,4220.0,14.0,Warm Bangers,88,2573,389,9394,9394,9442
9443,TR653811,MI HA PUNTO UN SERPENTE,245853.0,4487.0,75.0,Fast-Flow,88,2574,64,9395,9395,9443
9444,TR551075,Fannullone,192240.0,4774.0,36.0,Melodic,88,2564,1912,9396,9396,9444
9445,TR877958,Libertà,192240.0,4965.0,36.0,Slow Dark,88,2564,1913,9397,9397,9445
9446,TR776963,LA SIGNORA DEI BACI,128466.0,4099.0,21.0,Fast-Flow,88,2575,1654,9398,9398,9446
9447,TR978183,LA SOCIETÀ DEGLI APERITIVI,192240.0,5956.0,36.0,Melodic,88,2564,497,9399,9399,9447
9448,TR312416,ToTem,192240.0,5447.0,36.0,Melodic,88,2564,1912,9400,9400,9448
9449,TR457996,F.C.I.F.,122926.0,4658.0,4.0,Melodic,88,2576,1912,9401,9401,9449
9450,TR950768,Pensa Te,168391.0,4652.0,17.0,Minimal,88,2577,1912,9402,9402,9450
9451,TR362099,La Mia Ingenuità,283893.0,4911.0,60.0,Melodic,88,2578,1912,9403,9403,9451
9452,TR430552,PATAPAPAM,192240.0,5267.0,36.0,Melodic,88,2564,241,9404,9404,9452
9453,TR794750,CARMELA,192240.0,4304.0,36.0,Warm Bangers,88,2564,241,9405,9405,9453
9454,TR102539,SIAM PIRATI,160161.0,4389.0,40.0,Minimal,88,2579,241,9406,9406,9454
9455,TR496627,Machete Mob,227179.0,123734.0,40.0,Warm Bangers,22,2580,263,9407,9407,9455
9456,TR651121,Gameboy Color,146666.0,94037.0,40.0,Fast-Flow,22,2581,696,9408,9408,9456
9457,TR688381,Cioilflow,186160.0,57529.0,35.0,Melodic,22,2580,7,9409,9409,9457
9458,TR634011,Polvere e detriti,237200.0,44219.0,30.0,Warm Bangers,22,2580,263,9410,9410,9458
9459,TR988504,Super,207355.0,39891.0,29.0,Slow Dark,22,2580,263,9411,9411,9459
9460,TR856673,In peggio,164746.0,33734.0,31.0,Melodic,22,2580,440,9412,9412,9460
9461,TR936547,Kyte sul tempo,192078.0,37412.0,35.0,Melodic,22,2582,5,9413,9413,9461
9462,TR434101,Sorrisi di plastica,231306.0,26657.0,23.0,Warm Bangers,22,2583,1914,9414,9414,9462
9463,TR896862,La La La La La,180000.0,35026.0,47.0,Fast-Flow,22,2584,1915,9415,9415,9463
9464,TR846681,Gabbiano / Moonrock,184501.0,31821.0,37.0,Warm Bangers,22,2585,1916,9416,9416,9464
9465,TR132998,Facce finte,166300.0,32232.0,29.0,Melodic,22,2580,263,9417,9417,9465
9466,TR506220,Freddy Friendly,191014.0,30996.0,30.0,Hype,22,2582,5,9418,9418,9466
9467,TR298008,Wow,197466.0,29715.0,22.0,Slow Dark,22,2583,1637,9419,9419,9467
9468,TR827910,Oggi no,148380.0,28927.0,22.0,Melodic,22,2580,263,9420,9420,9468
9469,TR676278,GTA VI,209296.0,24923.0,44.0,Warm Bangers,22,2586,1252,9421,9421,9469
9470,TR867932,Affogare,195226.0,23007.0,23.0,Fast-Flow,22,2583,246,9422,9422,9470
9471,TR775792,Looper,132640.0,21423.0,25.0,Melodic,22,2583,246,9423,9423,9471
9472,TR165345,Scompaio,221506.0,23196.0,20.0,Fast-Flow,22,2583,1241,9424,9424,9472
9473,TR157019,Yung,159473.0,23469.0,37.0,Fast-Flow,22,2585,1917,9425,9425,9473
9474,TR593744,Ananas,164444.0,17328.0,25.0,Fast-Flow,22,2581,544,9426,9426,9474
9475,TR981351,Dalai Lama,174373.0,22838.0,19.0,Fast-Flow,22,2583,246,9427,9427,9475
9476,TR496114,Aria,176277.0,21745.0,28.0,Fast-Flow,22,2582,5,9428,9428,9476
9477,TR689560,Zanzare Freestyle,89839.0,22431.0,35.0,Slow Dark,22,2584,1286,9429,9429,9477
9478,TR188071,Giornale / Di corsa,166836.0,20684.0,31.0,Fast-Flow,22,2585,1262,9430,9430,9478
9479,TR176304,Canna e Playstation,147070.0,15854.0,26.0,Melodic,22,2582,5,9431,9431,9479
9480,TR670348,Gameboy Advance,168888.0,14639.0,28.0,Melodic,22,2585,544,9432,9432,9480
9481,TR736435,Intro (Estinzione),125072.0,14611.0,24.0,Fast-Flow,22,2582,5,9433,9433,9481
9482,TR551765,Scarpe nuove,210072.0,15614.0,24.0,Hype,22,2585,1262,9434,9434,9482
9483,TR809682,Lemon Haze,173333.0,16530.0,26.0,Minimal,22,2585,544,8485,8485,9483
9484,TR437322,Pezzo grosso,161977.0,17651.0,21.0,Warm Bangers,22,2582,5,9435,9435,9484
9485,TR541242,Senza sabbia dentro,230946.0,17752.0,19.0,Melodic,22,2583,246,9436,9436,9485
9486,TR546195,4MST,170026.0,15831.0,19.0,Slow Dark,22,2583,246,9437,9437,9486
9487,TR666759,Fortnite,155555.0,11825.0,19.0,Fast-Flow,22,2585,392,9438,9438,9487
9488,TR628821,Pollo RMX,202113.0,12608.0,24.0,Hype,22,2585,1262,9439,9439,9488
9489,TR291001,Che buona,184612.0,12018.0,30.0,Melodic,22,2585,1262,9440,9440,9489
9490,TR127885,Weekend a Miami,195656.0,13201.0,38.0,Fast-Flow,22,2582,5,9441,9441,9490
9491,TR659083,Outro (Niente di speciale),188476.0,13568.0,26.0,Fast-Flow,22,2582,5,9442,9442,9491
9492,TR936769,Mosche depresse,83765.0,10958.0,18.0,Minimal,22,2582,5,9443,9443,9492
9493,TR913389,ANNO ZERO,182449.0,12567.0,25.0,Slow Dark,22,2587,813,9444,9444,9493
9494,TR785589,Pragaras,171626.0,11151.0,19.0,Fast-Flow,22,2583,246,9445,9445,9494
9495,TR328065,Latte Freestyle,186000.0,13046.0,16.0,Minimal,22,2588,237,9446,9446,9495
9496,TR747124,Heart,171942.0,11734.0,32.0,Hype,22,2589,1918,9447,9447,9496
9497,TR441390,Easy,181276.0,11655.0,21.0,Fast-Flow,22,2582,5,9448,9448,9497
9498,TR741334,The Waiter,250746.0,11221.0,17.0,Slow Dark,22,2583,246,9449,9449,9498
9499,TR581615,Lego,109112.0,13485.0,43.0,Warm Bangers,22,2590,133,9450,9450,9499
9500,TR684343,E.T.A.,175260.0,9146.0,44.0,Warm Bangers,22,2591,139,9451,9451,9500
9501,TR179817,Melinda,160000.0,10216.0,21.0,Melodic,22,2585,544,9452,9452,9501
9502,TR512028,Malattia,254733.0,10925.0,16.0,Melodic,22,2583,246,9453,9453,9502
9503,TR807733,1312,178909.0,10077.0,42.0,Slow Dark,22,2590,133,9454,9454,9503
9504,TR473713,Buonanotte,109664.0,11404.0,21.0,Warm Bangers,22,2582,5,9455,9455,9504
9505,TR408506,Stile,133464.0,8612.0,22.0,Melodic,22,2585,1262,9456,9456,9505
9506,TR862326,Ore / Oro,133945.0,8650.0,23.0,Fast-Flow,22,2585,1262,9457,9457,9506
9507,TR677448,64 Bars,211994.0,7301.0,59.0,Hype,22,2592,1031,9458,9458,9507
9508,TR157102,PIN,187106.0,9052.0,18.0,Slow Dark,22,2583,246,9459,9459,9508
9509,TR309839,LUNA NERA,167471.0,7719.0,28.0,Warm Bangers,22,2593,702,9460,9460,9509
9510,TR373525,Xquisa,168100.0,7220.0,23.0,Melodic,22,2585,1262,9461,9461,9510
9511,TR713277,Facile,142522.0,7948.0,21.0,Fast-Flow,22,2585,1262,9462,9462,9511
9512,TR100595,FACCE VERE,156958.0,7860.0,27.0,Melodic,22,2594,1919,9463,9463,9512
9513,TR460349,Collassony,203414.0,6359.0,32.0,Fast-Flow,22,2590,133,9464,9464,9513
9514,TR413854,Bruno Barbieri,161538.0,8255.0,36.0,Warm Bangers,22,2590,133,9465,9465,9514
9515,TR787142,Vivi meglio,224605.0,7947.0,20.0,Slow Dark,22,2589,1375,9466,9466,9515
9516,TR207518,Contrario della speranza,254837.0,6620.0,20.0,Minimal,22,2589,1920,9467,9467,9516
9517,TR912837,Pollo (Intro),118518.0,7324.0,14.0,Fast-Flow,22,2581,544,9468,9468,9517
9518,TR660656,Teoria del contrario (Intro),129634.0,6904.0,44.0,Hype,22,2584,1918,9469,9469,9518
9519,TR528881,CAVALLI & ARMANI,180000.0,5618.0,47.0,Hype,22,2584,295,9470,9470,9519
9520,TR563281,Mi Diverte Dirlo,195440.0,5271.0,18.0,Melodic,22,2589,1918,9471,9471,9520
9521,TR923216,Sto xso,193770.0,4827.0,34.0,Fast-Flow,22,2590,133,9472,9472,9521
9522,TR972984,AMORE + ODIO (intro),129634.0,5238.0,44.0,Hype,22,2584,295,9473,9473,9522
9523,TR457224,FOTO DI NOI,193428.0,5894.0,28.0,Fast-Flow,22,2595,1921,9474,9474,9523
9524,TR270698,Viola,136421.0,5358.0,29.0,Warm Bangers,22,2590,133,9475,9475,9524
9525,TR258599,Cracco,239280.0,4163.0,17.0,Melodic,22,2589,1922,9476,9476,9525
9526,TR770339,Lassù,143478.0,4934.0,27.0,Slow Dark,22,2590,133,9477,9477,9526
9527,TR775051,Legame,182068.0,5797.0,32.0,Warm Bangers,22,2590,133,9478,9478,9527
9528,TR611291,No Look,208536.0,4202.0,16.0,Fast-Flow,22,2589,1760,9479,9479,9528
9529,TR857391,MACCHINA PESO,170322.0,5996.0,48.0,Hype,22,2584,295,9480,9480,9529
9530,TR341271,Scodinzolando (Freestyle),98358.0,5917.0,15.0,Slow Dark,22,2589,1918,9481,9481,9530
9531,TR102300,Uno Alla Volta,229253.0,4169.0,64.0,Warm Bangers,22,2596,1923,9482,9482,9531
9532,TR876575,Tre Winston,198088.0,5882.0,29.0,Warm Bangers,22,2590,133,9483,9483,9532
9533,TR287797,Giornale Freestyle,166836.0,4738.0,31.0,Fast-Flow,22,2585,1924,9484,9484,9533
9534,TR867226,NO ROCKSTAR,147096.0,5707.0,45.0,Hype,22,2584,295,9485,9485,9534
9535,TR514516,TONY STARK,177931.0,4852.0,37.0,Hype,22,2584,295,9486,9486,9535
9536,TR266222,SLITHERTDC,153812.0,4895.0,42.0,Hype,22,2584,295,9487,9487,9536
9537,TR497646,Fantino Freestyle,106490.0,5284.0,15.0,Minimal,22,2597,1303,9488,9488,9537
9538,TR913147,Uma Thurman (Freestyle),178188.0,5565.0,18.0,Melodic,22,2589,1918,9489,9489,9538
9539,TR170339,AMELIE,192772.0,4078.0,33.0,Warm Bangers,22,2595,9,9490,9490,9539
9540,TR790354,Piccolo Faiv,138461.0,5201.0,26.0,Hype,22,2590,133,9491,9491,9540
9541,TR990503,"FAIV, PUNTO",111664.0,4385.0,23.0,Melodic,22,2595,9,9492,9492,9541
9542,TR708209,BAMBINO OBESO,135652.0,4705.0,44.0,Hype,22,2584,295,9493,9493,9542
9543,TR475477,Ultimo piano,175260.0,4710.0,44.0,Hype,22,2591,139,9494,9494,9543
9544,TR255607,Biz,172895.0,4952.0,19.0,Fast-Flow,22,2585,1262,9495,9495,9544
9545,TR955387,Bluetooth Freestyle,105882.0,4682.0,9.0,Melodic,22,2598,1925,9496,9496,9545
9546,TR844447,Ti ricorderai di me,146938.0,4228.0,30.0,Slow Dark,22,2590,133,9497,9497,9546
9547,TR167885,Con il fumo dietro,228575.0,4304.0,11.0,Slow Dark,22,2589,1918,9498,9498,9547
9548,TR932860,MAYDAY,161843.0,4079.0,24.0,Hype,22,2595,9,9499,9499,9548
9549,TR194543,VENEZIA,160243.0,4954.0,25.0,Fast-Flow,22,2595,9,9500,9500,9549
9550,TR147182,Renato (54321),144687.0,5925.0,24.0,Melodic,22,2590,133,9501,9501,9550
9551,TR169638,SANDRO TONALI,149150.0,4241.0,26.0,Hype,22,2599,568,9502,9502,9551
9552,TR326327,Cadere giù,155624.0,5909.0,46.0,Warm Bangers,22,2590,133,9503,9503,9552
9553,TR363431,HOW TO,145010.0,5482.0,20.0,Melodic,22,2595,9,9504,9504,9553
9554,TR354465,Mobamba,83294.0,5288.0,24.0,Warm Bangers,22,2590,133,9505,9505,9554
9555,TR200420,POPCORN,187786.0,5305.0,40.0,Warm Bangers,22,2584,295,9506,9506,9555
9556,TR217043,Centro,179186.0,5671.0,12.0,Fast-Flow,22,2589,1918,9507,9507,9556
9557,TR198162,Goodboy/genere Faiv,205333.0,4226.0,26.0,Melodic,22,2590,133,9508,9508,9557
9558,TR879376,Asciugacapelli,137266.0,5023.0,25.0,Warm Bangers,22,2590,133,9509,9509,9558
9559,TR652528,F.D.S.,211994.0,5411.0,59.0,Hype,22,2592,1926,9510,9510,9559
9560,TR810780,S.W.N.C.,253792.0,5188.0,10.0,Fast-Flow,22,2589,1918,9511,9511,9560
9561,TR796703,ICONA HIP HOP,164629.0,5681.0,24.0,Warm Bangers,22,2595,9,9512,9512,9561
9562,TR329512,FINTO GIOVANE,124635.0,4156.0,23.0,Hype,22,2595,9,9513,9513,9562
9563,TR172760,Mic on la palla,271788.0,5396.0,15.0,Fast-Flow,22,2589,1918,9514,9514,9563
9564,TR136339,VERBATIM,173877.0,5083.0,35.0,Hype,22,2584,295,9515,9515,9564
9565,TR697492,SHAQ E KOBE,196592.0,4771.0,21.0,Fast-Flow,22,2595,9,9516,9516,9565
9566,TR719027,Caso chiuso,129677.0,4693.0,27.0,Warm Bangers,22,2590,133,9517,9517,9566
9567,TR793725,Danger,140816.0,5258.0,28.0,Slow Dark,22,2590,133,9518,9518,9567
9568,TR991366,"WEED, SOLDI, SESSO",193876.0,5799.0,25.0,Melodic,22,2595,9,9519,9519,9568
9569,TR550425,OLIO E ACQUA,177213.0,5007.0,19.0,Fast-Flow,22,2595,9,9520,9520,9569
9570,TR726896,Barca a vela,162290.0,5667.0,40.0,Hype,22,2591,139,9521,9521,9570
9571,TR533699,Rapido,184843.0,4816.0,24.0,Warm Bangers,22,2590,133,9522,9522,9571
9572,TR403209,DIO/R,154960.0,4218.0,38.0,Hype,22,2584,295,9523,9523,9572
9573,TR224164,FULL SPEED,189103.0,4134.0,20.0,Warm Bangers,22,2595,9,9524,9524,9573
9574,TR283256,NON È VERO,178000.0,4114.0,35.0,Hype,22,2584,295,9525,9525,9574
9575,TR206945,Booty,195452.0,4774.0,34.0,Warm Bangers,22,2591,139,9526,9526,9575
9576,TR513575,KAWA,157617.0,4688.0,35.0,Warm Bangers,22,2584,295,9527,9527,9576
9577,TR896427,ZANZARE PT.2,89839.0,5451.0,35.0,Hype,22,2584,295,9528,9528,9577
9578,TR120166,Di Natale,149263.0,5499.0,30.0,Warm Bangers,22,2591,310,9529,9529,9578
9579,TR584372,Gufo - Outro,213366.0,4114.0,10.0,Slow Dark,22,2589,1918,9530,9530,9579
9580,TR283606,THEO & ACHRAF,92575.0,4454.0,38.0,Hype,22,2584,295,9531,9531,9580
9581,TR273952,Solo quello (Bonus Track),150696.0,4562.0,10.0,Melodic,22,2589,1918,9532,9532,9581
9582,TR834815,CLOCHARD,190666.0,5108.0,18.0,Slow Dark,22,2595,9,9533,9533,9582
9583,TR288990,SAN GERARDO,200623.0,4301.0,31.0,Melodic,22,2584,295,9534,9534,9583
9584,TR191109,WORM,111428.0,4278.0,35.0,Hype,22,2584,295,9535,9535,9584
9585,TR142229,Contrario (Bonus Track),491030.0,5906.0,10.0,Fast-Flow,22,2589,1918,9536,9536,9585
9586,TR189245,James Brown,199877.0,5625.0,34.0,Warm Bangers,22,2600,554,9537,9537,9586
9587,TR582556,Esiste o no,167926.0,4374.0,25.0,Hype,22,2600,554,9538,9538,9587
9588,TR888932,NON É COLPA MIA,180442.0,4826.0,21.0,Warm Bangers,22,2595,1927,9539,9539,9588
9589,TR944458,Zanzare,89839.0,4725.0,35.0,Slow Dark,22,2584,228,9540,9540,9589
9590,TR301179,Onda Freestyle,211994.0,5597.0,59.0,Fast-Flow,22,2592,909,9541,9541,9590
9591,TR566313,HARD SHIT,108561.0,5033.0,29.0,Warm Bangers,22,2584,295,9542,9542,9591
9592,TR683373,Dalmata,163514.0,4266.0,25.0,Warm Bangers,22,2591,139,9543,9543,9592
9593,TR323908,Ragnatela,103791.0,5492.0,27.0,Warm Bangers,22,2591,139,9544,9544,9593
9594,TR677246,Senso di Colpa,194676.0,4808.0,30.0,Fast-Flow,22,2600,554,9545,9545,9594
9595,TR567405,Segreti,211994.0,4540.0,59.0,Melodic,22,2592,156,9546,9546,9595
9596,TR302241,Cara Italia Freestyle,211994.0,4764.0,59.0,Warm Bangers,22,2592,1271,9547,9547,9596
9597,TR881820,Vivo Per Questo (Piano B),170735.0,5009.0,25.0,Fast-Flow,22,2600,554,9548,9548,9597
9598,TR897627,Air Tag,159753.0,4698.0,24.0,Warm Bangers,22,2600,554,9549,9549,9598
9599,TR372389,NOI FACCIAMO IL CONTRARIO (CELEBRAZIONE EUCARISTICA N.23),44316.0,4495.0,25.0,Slow Dark,22,2584,295,9550,9550,9599
9600,TR530309,Relazione complicata,159010.0,4809.0,23.0,Warm Bangers,22,2600,554,9551,9551,9600
9601,TR843616,Al Sole,158267.0,4050.0,29.0,Melodic,22,2600,554,9552,9552,9601
9602,TR294253,Indispensabile,147560.0,5561.0,23.0,Hype,22,2591,139,9553,9553,9602
9603,TR300940,Miracolo,159010.0,4354.0,25.0,Hype,22,2600,554,9554,9554,9603
9604,TR586281,Nella city,118046.0,4100.0,47.0,Slow Dark,22,2592,556,9555,9555,9604
9605,TR880320,K!L!,180000.0,5323.0,47.0,Melodic,22,2584,1928,9556,9556,9605
9606,TR660129,Freestyle volto ad intrattenere la fanbase in attesa del nuovo singolo,155624.0,5564.0,46.0,Hype,22,2590,97,9557,9557,9606
9607,TR503071,Tommy Anthem Freestyle,211994.0,5645.0,59.0,Melodic,22,2592,1929,9558,9558,9607
9608,TR607705,105 Mi Casa Mashup: Dani Faiv con In Peggio su How We Do,134347.0,5000.0,60.0,Melodic,22,2601,1930,9559,9559,9608
9609,TR800597,PERDONAMI,134413.0,281569.0,55.0,Warm Bangers,87,2602,1074,9560,9560,9609
9610,TR368039,LUNEDÌ,205266.0,285475.0,60.0,Minimal,87,2602,1676,9561,9561,9610
9611,TR529084,IL CIELO NELLA STANZA,186213.0,271821.0,66.0,Melodic,87,2602,1676,9562,9562,9611
9612,TR889664,1984,249613.0,193146.0,58.0,Melodic,87,2603,425,9563,9563,9612
9613,TR258260,CHARLES MANSON (BUON NATALE2),258186.0,223094.0,45.0,Warm Bangers,87,2604,788,9564,9564,9613
9614,TR495309,90MIN,231920.0,154391.0,61.0,Slow Dark,87,2602,481,9565,9565,9614
9615,TR865242,Title?,208146.0,193049.0,43.0,Hype,87,2605,224,9566,9566,9615
9616,TR558830,Buon N***** Freestyle,178860.0,165828.0,2.0,Melodic,87,2606,1931,9567,9567,9616
9617,TR475361,L’alba,176746.0,149738.0,53.0,Warm Bangers,87,2603,117,9568,9568,9617
9618,TR438032,STAI ZITTO,202573.0,163488.0,59.0,Warm Bangers,87,2602,1676,9569,9569,9618
9619,TR497887,Killer Game,261160.0,141295.0,50.0,Hype,87,2607,1932,564,564,9619
9620,TR697231,S.A.L.M.O.,235920.0,105326.0,57.0,Slow Dark,87,2607,1932,9570,9570,9620
9621,TR229593,Blood Shake,268960.0,112882.0,40.0,Hype,87,2607,903,9571,9571,9621
9622,TR699631,La prima volta,227944.0,93807.0,57.0,Hype,87,2608,1933,9572,9572,9622
9623,TR992456,GHIGLIOTTINA,186733.0,107872.0,49.0,Warm Bangers,87,2609,1934,9573,9573,9623
9624,TR889812,HO PAURA DI USCIRE,177036.0,114931.0,58.0,Warm Bangers,87,2610,1676,9574,9574,9624
9625,TR251774,Don Medellín,231221.0,96523.0,47.0,Slow Dark,87,2605,1935,9575,9575,9625
9626,TR151076,RESPIRA,223413.0,91963.0,59.0,Hype,87,2611,514,9576,9576,9626
9627,TR115357,Black Widow,194200.0,101808.0,54.0,Hype,87,2603,117,9577,9577,9627
9628,TR983093,KUMITE,170018.0,111116.0,58.0,Fast-Flow,87,2609,1934,9578,9578,9628
9629,TR937385,Mic Taser,188946.0,78280.0,45.0,Warm Bangers,87,2603,117,9579,9579,9629
9630,TR659466,The Island,222893.0,90892.0,50.0,Hype,87,2607,1932,9580,9580,9630
9631,TR489913,Estate dimmerda,257931.0,81661.0,46.0,Fast-Flow,87,2612,1561,9581,9581,9631
9632,TR230099,CABRIOLET,185573.0,99606.0,59.0,Fast-Flow,87,2602,1676,9582,9582,9632
9633,TR712783,Il messia,251973.0,76357.0,44.0,Fast-Flow,87,2603,117,9583,9583,9633
9634,TR906000,7 am,147106.0,93835.0,55.0,Melodic,87,2603,117,9584,9584,9634
9635,TR277555,Faraway,199600.0,74502.0,53.0,Fast-Flow,87,2607,1932,9585,9585,9635
9636,TR379843,Il senso dell’odio,220682.0,70705.0,52.0,Hype,87,2608,1809,9586,9586,9636
9637,TR278718,LA CHIAVE,119492.0,94347.0,51.0,Fast-Flow,87,2609,1934,9587,9587,9637
9638,TR179140,Yoko-ono,212218.0,62379.0,52.0,Minimal,87,2608,1933,9588,9588,9638
9639,TR321344,L’ANGELO CADUTO,204097.0,72302.0,45.0,Slow Dark,87,2609,1934,9589,9589,9639
9640,TR128853,Giuda,138960.0,58577.0,46.0,Melodic,87,2603,515,9590,9590,9640
9641,TR517775,CVLT,226557.0,70848.0,59.0,Warm Bangers,87,2611,514,9591,9591,9641
9642,TR739262,SPARARE ALLA LUNA,211666.0,68205.0,49.0,Minimal,87,2602,1676,9592,9592,9642
9643,TR581546,Hellvisback,249613.0,62234.0,58.0,Hype,87,2603,117,9593,9593,9643
9644,TR303647,ANTHEM,138660.0,57042.0,49.0,Melodic,87,2611,514,9594,9594,9644
9645,TR602351,ANTIPATICO,117240.0,61729.0,49.0,Melodic,87,2609,1934,9595,9595,9645
9646,TR744642,MARLA,215224.0,68250.0,54.0,Fast-Flow,87,2609,1934,9596,9596,9646
9647,TR524546,Wow. RMX,516786.0,70689.0,53.0,Warm Bangers,87,2613,778,9597,9597,9647
9648,TR447352,RICCHI E MORTI,138240.0,62723.0,49.0,Warm Bangers,87,2602,1676,9598,9598,9648
9649,TR783954,MI SENTO BENE,183089.0,62968.0,46.0,Warm Bangers,87,2609,1934,9599,9599,9649
9650,TR434095,Bentley vs Cadillac,202693.0,52251.0,41.0,Warm Bangers,87,2603,117,9600,9600,9650
9651,TR999677,FLOP!,181050.0,53161.0,41.0,Warm Bangers,87,2609,1934,9601,9601,9651
9652,TR438094,YHWH,191349.0,49446.0,43.0,Warm Bangers,87,2609,1934,9602,9602,9652
9653,TR282711,Io sono qui,180880.0,51103.0,43.0,Melodic,87,2603,515,9603,9603,9653
9654,TR696004,Daytona,236400.0,49075.0,42.0,Warm Bangers,87,2603,117,9604,9604,9654
9655,TR873456,Russell Crowe,177640.0,55421.0,57.0,Hype,87,2607,1936,9605,9605,9655
9656,TR604557,Peyote,572813.0,54289.0,35.0,Minimal,87,2603,117,9606,9606,9656
9657,TR407552,Vestito di spine,184026.0,61776.0,32.0,Melodic,87,2614,368,9607,9607,9657
9658,TR881600,Space Invaders,224106.0,42457.0,46.0,Hype,87,2607,1932,9608,9608,9658
9659,TR564421,PXM,184506.0,50689.0,43.0,Fast-Flow,87,2602,1676,9609,9609,9659
9660,TR863929,DISPOVERY CHANNEL,204400.0,53745.0,46.0,Warm Bangers,87,2602,1676,9610,9610,9660
9661,TR507535,CHE NE SO,137533.0,47370.0,40.0,Fast-Flow,87,2609,1934,9611,9611,9661
9662,TR723361,IN TRAPPOLA,112867.0,41198.0,42.0,Fast-Flow,87,2609,1934,9612,9612,9662
9663,TR896087,HELLVISBACK 2,158618.0,39159.0,46.0,Warm Bangers,87,2609,1934,7530,7530,9663
9664,TR307956,A DIO,174300.0,34725.0,42.0,Slow Dark,87,2609,1934,9613,9613,9664
9665,TR379375,MY LOVE SONG 2,174287.0,39151.0,54.0,Fast-Flow,87,2611,514,9614,9614,9665
9666,TR895862,FUORI DI TESTA,185986.0,45971.0,46.0,Hype,87,2609,1934,9615,9615,9666
9667,TR604227,Un dio personale,160052.0,34162.0,46.0,Hype,87,2608,1933,9616,9616,9667
9668,TR942500,CRIMINALE,158527.0,36519.0,43.0,Fast-Flow,87,2609,1934,9617,9617,9668
9669,TR213399,Papparapà Rmx,231920.0,43889.0,61.0,Fast-Flow,87,2602,1571,9618,9618,9669
9670,TR821449,SALMO 23,184037.0,44890.0,51.0,Warm Bangers,87,2615,788,9619,9619,9670
9671,TR528001,ALDO RITMO,160500.0,39237.0,49.0,Warm Bangers,87,2609,1934,9620,9620,9671
9672,TR456302,Rob Zombie,174786.0,42161.0,46.0,Minimal,87,2607,1932,9621,9621,9672
9673,TR326045,L’erba di Grace,196075.0,35126.0,43.0,Fast-Flow,87,2608,1933,9622,9622,9673
9674,TR627866,La festa è finita,194426.0,31376.0,40.0,Warm Bangers,87,2603,117,9623,9623,9674
9675,TR194119,Borderline,178360.0,32205.0,35.0,Fast-Flow,87,2607,1932,9624,9624,9675
9676,TR952878,ON FIRE,201016.0,34481.0,69.0,Warm Bangers,87,2616,1937,9625,9625,9676
9677,TR132420,ORA CHE FAI?,130506.0,38539.0,43.0,Warm Bangers,87,2602,1676,9626,9626,9677
9678,TR356294,INCUBI,162893.0,25750.0,48.0,Hype,87,2611,514,9627,9627,9678
9679,TR600680,CONTA SU DI ME,166366.0,30907.0,72.0,Fast-Flow,87,2616,79,9628,9628,9679
9680,TR883266,VIVO,118253.0,28436.0,35.0,Minimal,87,2609,1934,9629,9629,9680
9681,TR873973,CRINGE,192728.0,28863.0,48.0,Melodic,87,2611,514,9630,9630,9681
9682,TR890407,CRUDELE,162083.0,22363.0,68.0,Warm Bangers,87,2616,79,9631,9631,9682
9683,TR797818,DOVE VOLANO LE PAPERE,224133.0,25317.0,67.0,Hype,87,2617,738,9632,9632,9683
9684,TR710638,Sadico,186040.0,30815.0,41.0,Hype,87,2607,1932,9633,9633,9684
9685,TR221293,Rancho della luna,224679.0,27673.0,38.0,Hype,87,2608,1933,9634,9634,9685
9686,TR606632,Morte in diretta,219820.0,26494.0,42.0,Melodic,87,2608,1933,9635,9635,9686
9687,TR381734,Death USB,201293.0,24603.0,40.0,Warm Bangers,87,2618,1938,9636,9636,9687
9688,TR112853,HOTLINE,215817.0,24071.0,56.0,Fast-Flow,87,2619,303,9637,9637,9688
9689,TR158759,CARTINE CORTE,148907.0,24783.0,70.0,Hype,87,2616,79,9638,9638,9689
9690,TR296222,Nella pancia dello squalo,230400.0,28042.0,39.0,Hype,87,2608,1933,9639,9639,9690
9691,TR291803,SINCERO,197446.0,27502.0,70.0,Fast-Flow,87,2616,79,9640,9640,9691
9692,TR914291,Weishaupt,207280.0,22541.0,37.0,Hype,87,2607,1932,9641,9641,9692
9693,TR219585,Ordinaria Follia,275080.0,21454.0,40.0,Hype,87,2607,1932,9642,9642,9693
9694,TR341973,N€UROLOGIA,192580.0,25022.0,67.0,Warm Bangers,87,2616,79,9643,9643,9694
9695,TR155644,Vuoto,162037.0,20486.0,40.0,Hype,87,2608,1933,9644,9644,9695
9696,TR950751,CROCI € CRISTI,154695.0,21542.0,44.0,Melodic,87,2611,514,9645,9645,9696
9697,TR148955,BYE BYE,204375.0,18178.0,67.0,Warm Bangers,87,2616,79,9646,9646,9697
9698,TR846355,Prima di dormire,211722.0,21490.0,39.0,Warm Bangers,87,2608,1933,9647,9647,9698
9699,TR265242,GRINDHOUSE,156893.0,19637.0,47.0,Warm Bangers,87,2611,514,9648,9648,9699
9700,TR441285,MAURI,201521.0,21493.0,64.0,Slow Dark,87,2616,79,9649,9649,9700
9701,TR882991,TITOLI DI CODA,466000.0,20685.0,62.0,Slow Dark,87,2616,79,9650,9650,9701
9702,TR395964,Demons To Diamonds,177160.0,16002.0,41.0,Slow Dark,87,2618,1938,9651,9651,9702
9703,TR450447,IL FIGLIO DEL PRETE,147261.0,19616.0,66.0,Slow Dark,87,2616,79,9652,9652,9703
9704,TR140205,Old Boy,206973.0,20105.0,38.0,Hype,87,2607,1932,9653,9653,9704
9705,TR880476,Negative Youth,153426.0,16423.0,39.0,Slow Dark,87,2618,1938,9654,9654,9705
9706,TR473254,Street Drive-in,251715.0,15062.0,36.0,Slow Dark,87,2608,1933,9655,9655,9706
9707,TR907460,INCAPACE,178000.0,13800.0,65.0,Minimal,87,2616,79,9656,9656,9707
9708,TR789695,BRUJERIA,192588.0,16709.0,45.0,Warm Bangers,87,2611,514,9657,9657,9708
9709,TR254481,Il Pentacolo,188346.0,16004.0,36.0,Minimal,87,2618,1938,9658,9658,9709
9710,TR802489,TIE’,90933.0,16537.0,37.0,Warm Bangers,87,2602,1676,9659,9659,9710
9711,TR104644,MIRACOLO,174283.0,14098.0,45.0,Fast-Flow,87,2611,514,9660,9660,9711
9712,TR514718,RAP MONEY,213269.0,18163.0,51.0,Melodic,87,2619,303,9661,9661,9712
9713,TR212098,L’ODIO,166208.0,13480.0,51.0,Fast-Flow,87,2619,303,9662,9662,9713
9714,TR113609,NIGHTCRAWLERS,132453.0,13135.0,43.0,Warm Bangers,87,2611,514,9663,9663,9714
9715,TR556669,Redneck,93840.0,14259.0,36.0,Melodic,87,2607,1932,9664,9664,9715
9716,TR214099,BOUNCE!,105463.0,14234.0,65.0,Warm Bangers,87,2616,79,9665,9665,9716
9717,TR804786,SANGUE AMARO,193333.0,12423.0,66.0,Fast-Flow,87,2616,79,9666,9666,9717
9718,TR347249,Narcoleptic Verses Pt. 1,203133.0,12705.0,35.0,Hype,87,2618,1938,9667,9667,9718
9719,TR314325,BEATCOIN,152850.0,11792.0,66.0,Warm Bangers,87,2616,79,9668,9668,9719
9720,TR883498,MATRIOSKA,191837.0,14215.0,42.0,Warm Bangers,87,2611,514,9669,9669,9720
9721,TR899830,181,140297.0,14392.0,45.0,Warm Bangers,87,2620,218,9670,9670,9721
9722,TR560504,Back On Track,158275.0,12601.0,38.0,Slow Dark,87,2608,1933,9671,9671,9722
9723,TR389031,L. Fast & D. Young,147613.0,13663.0,37.0,Melodic,87,2618,1939,9672,9672,9723
9724,TR562793,Mussoleeni,144746.0,13636.0,30.0,Melodic,87,2621,1940,9673,9673,9724
9725,TR454102,LA FINE,141116.0,10538.0,43.0,Fast-Flow,87,2611,514,9674,9674,9725
9726,TR166884,NUMERI PRIMI,157419.0,14311.0,63.0,Warm Bangers,87,2616,79,9675,9675,9726
9727,TR208593,NON MI PASSA,197213.0,13394.0,47.0,Melodic,87,2619,303,9676,9676,9727
9728,TR892707,Red Bull 64 Bars,187293.0,10382.0,55.0,Melodic,87,2622,1941,9677,9677,9728
9729,TR436547,HELLRAISERS,110262.0,9937.0,49.0,Hype,87,2619,303,9678,9678,9729
9730,TR149147,MALEDETTI,166208.0,9654.0,42.0,Warm Bangers,87,2611,514,9679,9679,9730
9731,TR791483,Los Ojos del Diablo,271725.0,9477.0,34.0,Warm Bangers,87,2608,1933,9680,9680,9731
9732,TR593850,STUPIDO GIOCO DEL RAP 2,139520.0,11282.0,47.0,Melodic,87,2614,1942,9681,9681,9732
9733,TR237207,KILOMETRI,145175.0,10113.0,42.0,Warm Bangers,87,2611,514,9682,9682,9733
9734,TR812133,GAME OVER,216389.0,11289.0,14.0,Slow Dark,87,2623,389,9683,9683,9734
9735,TR971251,FUORI CONTROLLO,216900.0,9850.0,64.0,Warm Bangers,87,2616,79,9684,9684,9735
9736,TR428523,Narcoleptic Verses Pt. 2,203133.0,9147.0,35.0,Hype,87,2618,1938,9685,9685,9736
9737,TR432185,999,101355.0,8078.0,0.0,Melodic,87,2624,677,9686,9686,9737
9738,TR146783,Buona giornata,466000.0,5910.0,62.0,Melodic,87,2616,368,9687,9687,9738
9739,TR117356,Munchies,158066.0,6492.0,32.0,Slow Dark,87,2608,1933,9688,9688,9739
9740,TR415499,LOSING MY MIND RMX,184577.0,6666.0,89.0,Warm Bangers,87,2625,230,9689,9689,9740
9741,TR669101,In un attimo,217524.0,4600.0,0.0,Melodic,87,2626,367,9690,9690,9741
9742,TR437508,A TE E FAMIGLIA,171461.0,4603.0,38.0,Warm Bangers,87,2627,1943,9691,9691,9742
9743,TR613073,Driveway,105273.0,6258.0,32.0,Fast-Flow,87,2608,1933,9692,9692,9743
9744,TR431692,Nuovo Rinascimento,223666.0,5870.0,4.0,Warm Bangers,87,2628,13,9693,9693,9744
9745,TR951660,Mr. Antipatia,198912.0,4633.0,6.0,Melodic,87,2629,368,9694,9694,9745
9746,TR173141,Brutta Influenza,162782.0,5393.0,0.0,Melodic,87,2630,368,9695,9695,9746
9747,TR646215,MARLA / BLACK WIDOW - Unplugged (Amazon Original),331973.0,5601.0,44.0,Fast-Flow,87,2631,1944,9696,9696,9747
9748,TR729755,Avanzi,231920.0,4628.0,61.0,Slow Dark,87,2602,677,9697,9697,9748
9749,TR108736,Doomsday,137160.0,4083.0,29.0,Fast-Flow,87,2618,1938,9698,9698,9749
9750,TR990357,BLOCCO 181 - Title Track,34404.0,5880.0,25.0,Warm Bangers,87,2620,218,9699,9699,9750
9751,TR139465,Il periodo delle mosche,193933.0,4704.0,58.0,Melodic,87,2632,368,9700,9700,9751
9752,TR922929,DJ Valium,117315.0,4223.0,30.0,Fast-Flow,87,2608,1933,9701,9701,9752
9753,TR658968,#CONVERSE,242755.0,4998.0,0.0,Slow Dark,87,2633,1945,9702,9702,9753
9754,TR172400,Come al Solito,86656.0,5552.0,20.0,Warm Bangers,87,2634,285,9703,9703,9754
9755,TR902778,Saturday Killer,155390.0,4458.0,32.0,Slow Dark,87,2635,677,9704,9704,9755
9756,TR446201,Di fretta?,300585.0,4551.0,8.0,Warm Bangers,87,2636,368,9705,9705,9756
9757,TR351411,PLOF,205266.0,4497.0,60.0,Hype,87,2602,119,9706,9706,9757
9758,TR627592,Sliketton,231920.0,6002.0,61.0,Melodic,87,2602,367,9707,9707,9758
9759,TR257913,+ Me La - + Ne Vengo -,466000.0,4408.0,62.0,Warm Bangers,87,2616,285,9708,9708,9759
9760,TR228868,London 2007,463400.0,5165.0,6.0,Melodic,87,2637,1946,9709,9709,9760
9761,TR800367,Hellcome!,62120.0,5868.0,28.0,Fast-Flow,87,2618,1938,9710,9710,9761
9762,TR195866,Salmon le bon,693386.0,4307.0,7.0,Hype,87,2638,285,9711,9711,9762
9763,TR789080,CaPiTo cHè???,466000.0,5959.0,62.0,Warm Bangers,87,2616,677,9712,9712,9763
9764,TR623965,Metalmorfosi,144097.0,5913.0,61.0,Clean,87,2610,285,9713,9713,9764
9765,TR295169,Un’altra merda che si amplifica,257931.0,5786.0,46.0,Melodic,87,2612,368,9714,9714,9765
9766,TR356623,OCHC,223413.0,4443.0,59.0,Warm Bangers,87,2611,890,9715,9715,9766
9767,TR262801,F-umano,224679.0,5283.0,38.0,Clean,87,2608,368,9716,9716,9767
9768,TR357682,Regolare,205266.0,5540.0,60.0,Clean,87,2602,368,9717,9717,9768
9769,TR827288,"Avete, potreste ma non potete",304066.0,5992.0,43.0,Hype,87,2639,677,9718,9718,9769
9770,TR261964,Jezuz,231920.0,4374.0,61.0,Hype,87,2602,368,9719,9719,9770
9771,TR131281,Le confessioni di Salmo,466000.0,5547.0,62.0,Minimal,87,2616,1947,9720,9720,9771
9772,TR306466,​LUNEDI’ - Unplugged (Amazon Original),205266.0,4691.0,60.0,Minimal,87,2602,1944,9721,9721,9772
9773,TR915052,105 Mi Casa Mashup: Salmo con Ho paura di uscire su Losing it,231920.0,4363.0,61.0,Melodic,87,2602,1948,9722,9722,9773
9774,TR535015,IL CIELO NELLA STANZA - Unplugged (Amazon Original),186213.0,4857.0,66.0,Slow Dark,87,2602,1944,9723,9723,9774
9775,TR594016,L’ALBA - Unplugged (Amazon Original),190976.0,5604.0,40.0,Minimal,87,2631,1944,9724,9724,9775
9776,TR590611,Introliberassociazione,205266.0,4944.0,60.0,Minimal,87,2602,677,9725,9725,9776
9777,TR138676,LA PRIMA VOLTA - Unplugged (Amazon Original),255130.0,5089.0,11.0,Slow Dark,87,2640,1944,9726,9726,9777
9778,TR154354,90 MIN - Unplugged (Amazon Original),294133.0,6007.0,1.0,Slow Dark,87,2641,1944,9727,9727,9778
9779,TR919892,Venerdi 06 07,211173.0,4811.0,34.0,Fast-Flow,87,2642,542,9728,9728,9779
9780,TR250368,ALDO RITMO - Unplugged (Amazon Original),183248.0,5245.0,2.0,Melodic,87,2643,1944,9729,9729,9780
9781,TR908806,IL SENSO DELL’ODIO - Unplugged (Amazon Original),220682.0,4745.0,52.0,Fast-Flow,87,2608,1944,9730,9730,9781
9782,TR867624,A DIO - Unplugged (Amazon Original),1500000.0,4798.0,14.0,Slow Dark,87,2644,1944,9731,9731,9782
9783,TR902255,Non ci resta che l’odio (DJ Slait MashUp),220682.0,5407.0,52.0,Hype,87,2608,108,9732,9732,9783
9784,TR994295,CRIMINALE - Unplugged (Amazon Original),188608.0,5892.0,36.0,Minimal,87,2631,1944,9733,9733,9784
9785,TR488094,Sul serio?,220682.0,5100.0,52.0,Melodic,87,2608,367,9734,9734,9785
9786,TR497369,Planet Terror,239413.0,5553.0,1.0,Clean,87,2645,284,9735,9735,9786
9787,TR671512,Here I Am,234400.0,4190.0,0.0,Slow Dark,87,2646,542,9736,9736,9787
9788,TR164709,La prima volta (Unother Version),277021.0,4436.0,14.0,Hype,87,2647,1768,9737,9737,9788
9789,TR439677,Vuoto (2007),466000.0,5021.0,62.0,Clean,87,2616,542,9738,9738,9789
9790,TR744822,B-Queen RMX HC,1500000.0,4052.0,14.0,Warm Bangers,87,2644,542,9739,9739,9790
9791,TR792599,Intro,41038.0,4517.0,14.0,Warm Bangers,87,2647,1768,9740,9740,9791
9792,TR884699,Il senso dell’odio RMX,220682.0,5050.0,52.0,Hype,87,2608,1768,9741,9741,9792
9793,TR235292,Unzettoni,205266.0,4042.0,60.0,Slow Dark,87,2602,285,9742,9742,9793
9794,TR179994,Yoko Ono (Dub Version),188029.0,4542.0,16.0,Warm Bangers,87,2647,1768,9743,9743,9794
9795,TR178809,Instabile,165497.0,5043.0,56.0,Warm Bangers,51,2648,1949,9744,9744,9795
9796,TR589443,Dovrai,284107.0,5161.0,39.0,Fast-Flow,51,2649,818,9745,9745,9796
9797,TR735987,La Rockstar,207026.0,5869.0,31.0,Melodic,51,2650,247,9746,9746,9797
9798,TR874555,Maria Antonietta,174159.0,38136.0,25.0,Slow Dark,79,2651,1035,9747,9747,9798
9799,TR531637,Brava,171545.0,26409.0,36.0,Fast-Flow,79,2652,565,9748,9748,9799
9800,TR911172,Chef,176239.0,18975.0,28.0,Melodic,79,2652,447,9749,9749,9800
9801,TR932299,Amica Pusher,194042.0,13720.0,18.0,Slow Dark,79,2653,1571,9750,9750,9801
9802,TR962514,Brigitte,186272.0,9360.0,26.0,Slow Dark,79,2652,1335,9751,9751,9802
9803,TR191667,Crudelia,178119.0,8056.0,22.0,Melodic,79,2652,565,9752,9752,9803
9804,TR673507,Cleopatra,182923.0,7839.0,16.0,Warm Bangers,79,2654,1502,9753,9753,9804
9805,TR838709,Rendez-vous,164414.0,7394.0,26.0,Warm Bangers,79,2655,2,9754,9754,9805
9806,TR168582,Verde,237624.0,7341.0,28.0,Slow Dark,79,2652,565,9755,9755,9806
9807,TR702127,EVA,200971.0,6942.0,18.0,Fast-Flow,79,2652,545,9756,9756,9807
9808,TR333973,BubbleGum,193235.0,6486.0,15.0,Hype,79,2654,1502,9757,9757,9808
9809,TR248737,Andromeda,188318.0,6921.0,22.0,Fast-Flow,79,2652,565,9758,9758,9809
9810,TR131086,Torno Domani (Outro),190961.0,5710.0,11.0,Slow Dark,79,2654,1950,9759,9759,9810
9811,TR233277,Buio Cosmico,241085.0,4488.0,14.0,Fast-Flow,79,2654,1502,9760,9760,9811
9812,TR779207,Fata Morgana,212727.0,5672.0,18.0,Slow Dark,79,2652,1951,9761,9761,9812
9813,TR108467,Xoxo,169772.0,4517.0,19.0,Melodic,79,2652,565,9762,9762,9813
9814,TR891027,Monna Lisa,199090.0,5569.0,19.0,Fast-Flow,79,2652,565,9763,9763,9814
9815,TR972632,Alice,211363.0,5930.0,17.0,Slow Dark,79,2652,565,9764,9764,9815
9816,TR939123,Maria,174159.0,5409.0,25.0,Slow Dark,79,2651,565,9765,9765,9816
9817,TR121894,Solo Gli Amanti Sopravvivono All’Amore,98597.0,5205.0,14.0,Slow Dark,79,2655,2,9766,9766,9817
9818,TR851169,Lupin,250721.0,4935.0,15.0,Slow Dark,79,2655,2,9767,9767,9818
9819,TR246051,Lontana da te,179791.0,4743.0,16.0,Fast-Flow,79,2655,2,9768,9768,9819
9820,TR223493,Persi,173517.0,4719.0,14.0,Slow Dark,79,2655,2,9769,9769,9820
9821,TR682337,Eco,210000.0,5287.0,16.0,Fast-Flow,79,2652,565,9770,9770,9821
9822,TR319832,Betty,180264.0,5516.0,14.0,Minimal,79,2652,565,9771,9771,9822
9823,TR639667,Brigitte RMX,172514.0,5370.0,12.0,Slow Dark,79,2655,2,9772,9772,9823
9824,TR522268,Lama d’argento,209894.0,4410.0,12.0,Hype,79,2656,66,9773,9773,9824
9825,TR888595,Fata Morgana (RMX),259997.0,5003.0,5.0,Minimal,79,2657,138,9774,9774,9825
9826,TR229385,Tutto bene,160000.0,5598.0,18.0,Slow Dark,79,2658,1952,9775,9775,9826
9827,TR957728,Spezza cuori,164000.0,4963.0,19.0,Warm Bangers,79,2659,1953,9776,9776,9827
9828,TR358946,Billy Tacos Freestyle,121986.0,5087.0,1.0,Melodic,79,2660,1954,9777,9777,9828
9829,TR386339,Maria Antonietta (Re-Edit),166442.0,5557.0,8.0,Slow Dark,79,2661,208,9778,9778,9829
9830,TR994977,Acqua su marte,189132.0,5339.0,35.0,Minimal,100,2662,690,9779,9779,9830
9831,TR827474,Anime Inquiete,228371.0,4834.0,19.0,Fast-Flow,100,2663,1955,9780,9780,9831
9832,TR943014,Puzza di fighetta (Fabri Fibra & Nesli Diss),380000.0,5809.0,23.0,Slow Dark,100,2664,367,9781,9781,9832
9833,TR331794,Dentro E Fuori,228371.0,4338.0,19.0,Minimal,100,2663,1955,9782,9782,9833
9834,TR315554,Fredda,222857.0,6010.0,3.0,Hype,100,2665,516,9783,9783,9834
9835,TR931058,Per quel che ne so,202977.0,4248.0,25.0,Fast-Flow,100,2666,428,9784,9784,9835
9836,TR781066,Stai al gioco,224483.0,4042.0,9.0,Hype,100,2663,1955,9785,9785,9836
9837,TR379454,Non smettere,185557.0,5797.0,4.0,Slow Dark,100,2663,1955,9786,9786,9837
9838,TR761403,Most Wanted Pt.2,177573.0,4505.0,11.0,Clean,100,2667,1956,9787,9787,9838
9839,TR732756,2 Gocce di vodka,189469.0,5475.0,18.0,Hype,100,2668,825,9788,9788,9839
9840,TR334934,Tutto Cambia,212453.0,5638.0,3.0,Fast-Flow,100,2663,1955,9789,9789,9840
9841,TR126927,A fuoco,294760.0,5735.0,15.0,Melodic,100,2669,1143,9790,9790,9841
9842,TR711619,Se Mi Arrendo,207320.0,6003.0,6.0,Hype,100,2670,345,9791,9791,9842
9843,TR448983,Terre aride,250427.0,4602.0,2.0,Hype,100,2663,1955,9792,9792,9843
9844,TR382622,In equilibrio,170074.0,5436.0,4.0,Fast-Flow,100,2663,1955,9793,9793,9844
9845,TR925533,Dalla A Me,87133.0,4243.0,8.0,Slow Dark,100,2671,345,9794,9794,9845
9846,TR345081,Hai portato via,184461.0,4828.0,1.0,Fast-Flow,100,2663,1955,9795,9795,9846
9847,TR494663,Alba,192531.0,5714.0,2.0,Fast-Flow,100,2663,1955,9796,9796,9847
9848,TR138402,Mi piaci,210866.0,4750.0,9.0,Minimal,100,2667,1957,9797,9797,9848
9849,TR230610,Non è finita qui,169665.0,5197.0,1.0,Slow Dark,100,2672,254,9798,9798,9849
9850,TR167398,Corri,180264.0,5021.0,4.0,Slow Dark,100,2673,862,9799,9799,9850
9851,TR764120,Non ce n’è,194120.0,5308.0,1.0,Minimal,100,2674,542,9800,9800,9851
9852,TR149952,Kokai,272640.0,5963.0,4.0,Fast-Flow,100,2670,911,9801,9801,9852
9853,TR414011,Segreti,192468.0,4124.0,7.0,Slow Dark,100,2663,1955,9802,9802,9853
9854,TR785911,Buio,203720.0,5164.0,3.0,Melodic,100,2667,1957,9803,9803,9854
9855,TR572270,The Bootyshaker,171875.0,5744.0,59.0,Hype,100,2675,542,9804,9804,9855
9856,TR575726,Liberi e legati,184760.0,4979.0,3.0,Hype,100,2667,345,9805,9805,9856
9857,TR407373,Resta qui,234600.0,4171.0,10.0,Slow Dark,100,2669,542,9806,9806,9857
9858,TR446687,Ti seguirò,200650.0,5137.0,3.0,Slow Dark,100,2676,285,9807,9807,9858
9859,TR455821,E’ il Momento,165903.0,4678.0,0.0,Slow Dark,100,2677,1958,9808,9808,9859
9860,TR581348,"Uno, Nessuno, Centomila",168260.0,4324.0,16.0,Clean,100,2678,1959,9809,9809,9860
9861,TR788930,Intro (Consigli che mi dai),226893.0,5716.0,3.0,Melodic,100,2670,345,9810,9810,9861
9862,TR550951,Ancora,246000.0,5060.0,26.0,Hype,100,2679,1143,9811,9811,9862
9863,TR217263,Il resto è inutile,232293.0,5885.0,4.0,Minimal,100,2667,345,9812,9812,9863
9864,TR825208,L’ho fatto per te,192373.0,5629.0,1.0,Hype,100,2667,1957,9813,9813,9864
9865,TR787370,Sentimi,171413.0,5402.0,1.0,Melodic,100,2667,1957,9814,9814,9865
9866,TR102302,Volo,209186.0,4023.0,2.0,Hype,100,2667,345,9815,9815,9866
9867,TR430955,Distorsioni,122448.0,4870.0,36.0,Melodic,100,2680,285,9816,9816,9867
9868,TR343312,Artisti,263653.0,4408.0,0.0,Melodic,100,2681,369,9817,9817,9868
9869,TR323294,Bombami,174628.0,5840.0,65.0,Slow Dark,100,2682,1960,9818,9818,9869
9870,TR672369,Sei me,269626.0,4362.0,2.0,Fast-Flow,100,2669,542,9819,9819,9870
9871,TR775515,Dynamite,122448.0,4586.0,36.0,Hype,100,2680,285,9820,9820,9871
9872,TR208683,La mia passione,286573.0,5049.0,4.0,Slow Dark,100,2670,911,9821,9821,9872
9873,TR899171,Un pensiero positivo,422866.0,4540.0,6.0,Hype,100,2683,285,9822,9822,9873
9874,TR919459,Se ti girassi,238720.0,4433.0,5.0,Clean,100,2670,911,9823,9823,9874
9875,TR148720,Selvaggi,244375.0,5214.0,23.0,Hype,100,2684,1957,9824,9824,9875
9876,TR549862,Una giornata del cazzo,224516.0,4188.0,1.0,Warm Bangers,100,2685,285,9825,9825,9876
9877,TR450773,Stabbin U,293666.0,4128.0,16.0,Melodic,100,2686,285,9826,9826,9877
9878,TR800507,Alibi,294760.0,4758.0,15.0,Warm Bangers,100,2669,1143,9827,9827,9878
9879,TR332211,Rollalo,122448.0,5456.0,36.0,Melodic,100,2680,285,9828,9828,9879
9880,TR755340,La mia musica [Parte I],194732.0,5123.0,0.0,Fast-Flow,100,2687,285,9829,9829,9880
9881,TR194365,Solo tu,262346.0,4860.0,7.0,Slow Dark,100,2670,911,9830,9830,9881
9882,TR727266,My Life,196173.0,5147.0,1.0,Hype,100,2688,285,9831,9831,9882
9883,TR333133,Chiacchiere e Carnevale,245853.0,4744.0,75.0,Slow Dark,100,2689,1961,9832,9832,9883
9884,TR190086,Stupida,217440.0,5891.0,5.0,Melodic,100,2670,911,9833,9833,9884
9885,TR504081,Un brutto ricordo,217853.0,4122.0,43.0,Fast-Flow,100,2690,285,9834,9834,9885
9886,TR337984,No xè pensieri,251133.0,5363.0,1.0,Hype,100,2667,345,9835,9835,9886
9887,TR939554,Sweety,174628.0,5799.0,65.0,Melodic,100,2682,285,9836,9836,9887
9888,TR448538,La mia musica [Parte III],220762.0,5624.0,19.0,Clean,100,2691,285,9837,9837,9888
9889,TR846554,Come sei,277853.0,4382.0,2.0,Fast-Flow,100,2669,542,9838,9838,9889
9890,TR183289,Dipende da te,239693.0,4607.0,1.0,Clean,100,2669,1143,9839,9839,9890
9891,TR345672,Bomba,203693.0,5452.0,1.0,Clean,100,2669,542,9840,9840,9891
9892,TR180749,La mia musica [Parte II],220762.0,4180.0,19.0,Fast-Flow,100,2691,285,9841,9841,9892
9893,TR763558,Ma dai!,332706.0,5642.0,2.0,Hype,100,2669,1143,9842,9842,9893
9894,TR893294,Così come sono,278920.0,5456.0,1.0,Clean,100,2669,1143,9843,9843,9894
9895,TR631908,Lo fai benissimo,286360.0,5477.0,2.0,Slow Dark,100,2669,1143,9844,9844,9895
9896,TR513702,Karma,200470.0,4213.0,2.0,Melodic,100,2692,653,9845,9845,9896
9897,TR407122,Artisti (Accappella),178590.0,5452.0,4.0,Melodic,100,2693,369,9846,9846,9897
9898,TR157120,Artisti (Strumentale),245186.0,5374.0,14.0,Melodic,100,2694,369,9847,9847,9898
9899,TR954036,Pleasantville,349560.0,371039.0,62.0,Warm Bangers,74,2695,336,9848,9848,9899
9900,TR969166,Storia di un defunto artista,246906.0,197447.0,47.0,Melodic,74,2695,336,9849,9849,9900
9901,TR334548,Margot,227746.0,177659.0,53.0,Fast-Flow,74,2696,1962,9850,9850,9901
9902,TR491048,Baba Jaga,147746.0,196212.0,44.0,Hype,74,2695,336,9851,9851,9902
9903,TR873548,Rotten,238093.0,144938.0,55.0,Melodic,74,2695,1963,9852,9852,9903
9904,TR447050,RAP SHIT,212301.0,134761.0,48.0,Melodic,74,2697,2,9853,9853,9904
9905,TR596034,Infamity Show,208866.0,138096.0,40.0,Melodic,74,2698,1964,9854,9854,9905
9906,TR761009,Horror Vacui,224386.0,112260.0,38.0,Warm Bangers,74,2698,1965,9855,9855,9906
9907,TR444558,Chairaggione,150960.0,125343.0,43.0,Melodic,74,2698,1965,9856,9856,9907
9908,TR704020,San Junipero II,133880.0,83449.0,40.0,Warm Bangers,74,2698,1965,9857,9857,9908
9909,TR361704,Storia di un presunto artista,156453.0,90434.0,49.0,Melodic,74,2696,1962,9858,9858,9909
9910,TR170968,The Dark Side of the Mood,233813.0,80135.0,37.0,Fast-Flow,74,2695,336,9859,9859,9910
9911,TR406455,San Junipero I,133880.0,89962.0,40.0,Warm Bangers,74,2698,1965,9860,9860,9911
9912,TR413794,Ok Corral,199973.0,109567.0,35.0,Warm Bangers,74,2698,1965,9861,9861,9912
9913,TR902051,Passepartout,214226.0,78988.0,37.0,Melodic,74,2698,1965,9862,9862,9913
9914,TR793182,Ho fatto bene,215760.0,98137.0,44.0,Melodic,74,2698,1965,9863,9863,9914
9915,TR473662,Buio Omega,131120.0,90108.0,31.0,Melodic,74,2698,1966,9864,9864,9915
9916,TR806783,GarbAge,212301.0,103847.0,48.0,Melodic,74,2697,2,9865,9865,9916
9917,TR518698,Rivivere,226333.0,61620.0,43.0,Hype,74,2695,336,9866,9866,9917
9918,TR835497,OKAY?!,205154.0,62541.0,36.0,Warm Bangers,74,2697,2,9867,9867,9918
9919,TR459629,Sassi e diamanti,211760.0,57054.0,46.0,Warm Bangers,74,2695,336,9868,9868,9919
9920,TR310890,VLLBLVCK,313573.0,58611.0,29.0,Warm Bangers,74,2699,1967,9869,9869,9920
9921,TR447175,The Same Old Story,271240.0,51776.0,37.0,Hype,74,2695,336,9870,9870,9921
9922,TR307656,Avvoltoi,189756.0,64851.0,30.0,Slow Dark,74,2697,2,9871,9871,9922
9923,TR309734,Libellule,191487.0,53212.0,39.0,Fast-Flow,74,2697,2,9872,9872,9923
9924,TR234234,Last Man Standing,183306.0,51498.0,30.0,Warm Bangers,74,2698,1965,9873,9873,9924
9925,TR663359,0,134120.0,49856.0,40.0,Hype,74,2696,1962,9874,9874,9925
9926,TR194568,V!olence,215026.0,40656.0,31.0,Warm Bangers,74,2698,1965,9875,9875,9926
9927,TR327383,Suicidol,349560.0,44101.0,62.0,Fast-Flow,74,2695,336,9876,9876,9927
9928,TR881487,Stronzo,200693.0,53153.0,38.0,Warm Bangers,74,2695,336,9877,9877,9928
9929,TR824277,Back Again,182466.0,48121.0,40.0,Hype,74,2696,1962,9878,9878,9929
9930,TR906049,Cicatrici,215681.0,47371.0,25.0,Warm Bangers,74,2697,2,9879,9879,9930
9931,TR842807,MURDAMURDAMURDA,212267.0,45665.0,26.0,Fast-Flow,74,2697,2,9880,9880,9931
9932,TR186700,Saturno,183388.0,33441.0,38.0,Melodic,74,2697,2,9881,9881,9932
9933,TR405083,Ong Bak,270920.0,34832.0,34.0,Hype,74,2695,336,9882,9882,9933
9934,TR966416,N.V.M.L.,195133.0,30249.0,29.0,Warm Bangers,74,2698,1965,9883,9883,9934
9935,TR245683,Without You,218506.0,34212.0,35.0,Hype,74,2696,1962,2454,2454,9935
9936,TR147215,Bipolar Mind,234880.0,29522.0,33.0,Hype,74,2696,1962,9884,9884,9936
9937,TR415872,Wormhole,160825.0,33689.0,29.0,Slow Dark,74,2697,2,9885,9885,9937
9938,TR696584,Come non detto,177768.0,35707.0,34.0,Warm Bangers,74,2697,2,9886,9886,9938
9939,TR768114,No privacy / No caption needed,193920.0,36178.0,28.0,Melodic,74,2697,2,9887,9887,9939
9940,TR422672,OK BOOMER,200820.0,34496.0,31.0,Warm Bangers,74,2700,876,9888,9888,9940
9941,TR685853,Mr & Mrs Smith,179431.0,34708.0,35.0,Slow Dark,74,2700,876,9889,9889,9941
9942,TR241733,Blood,199320.0,23225.0,38.0,Fast-Flow,74,2701,2,9890,9890,9942
9943,TR664932,Lucifero,180600.0,22722.0,38.0,Melodic,74,2702,1968,9891,9891,9943
9944,TR625782,Gostoso,171802.0,28534.0,25.0,Melodic,74,2697,2,9892,9892,9944
9945,TR673851,Dead Body,206733.0,24455.0,33.0,Hype,74,2695,336,9893,9893,9945
9946,TR750868,DM,206586.0,22986.0,28.0,Warm Bangers,74,2698,1965,9894,9894,9946
9947,TR199204,All In,223973.0,22996.0,31.0,Hype,74,2695,336,9895,9895,9947
9948,TR378442,Animalz,155390.0,21874.0,32.0,Warm Bangers,74,2700,876,9896,9896,9948
9949,TR923166,Rispetto,113494.0,24096.0,27.0,Melodic,74,2697,2,9897,9897,9949
9950,TR864329,Too late,195045.0,22913.0,48.0,Slow Dark,74,2703,422,9898,9898,9950
9951,TR790475,Glock Party,234173.0,22930.0,28.0,Warm Bangers,74,2699,1967,9899,9899,9951
9952,TR542388,Ossigeno,180290.0,23396.0,37.0,Warm Bangers,74,2697,261,9900,9900,9952
9953,TR997536,L’oracolo di Selfie,184266.0,20315.0,31.0,Fast-Flow,74,2695,336,9901,9901,9953
9954,TR281647,Danger,227746.0,19001.0,53.0,Hype,74,2696,1734,9902,9902,9954
9955,TR816077,Family Affair,225306.0,17089.0,30.0,Fast-Flow,74,2696,1962,9903,9903,9955
9956,TR196808,Twinbeasts,224386.0,17907.0,27.0,Hype,74,2695,336,9904,9904,9956
9957,TR269073,Kill Them All,184880.0,20401.0,32.0,Hype,74,2696,1962,9905,9905,9957
9958,TR422122,Solo Quando Bevo,213293.0,20050.0,30.0,Warm Bangers,74,2699,1969,9906,9906,9958
9959,TR666604,"Stronzo, Pt. 2",169466.0,17227.0,28.0,Warm Bangers,74,2699,1970,9907,9907,9959
9960,TR772342,IN HEAVEN,206000.0,14419.0,42.0,Warm Bangers,74,2703,390,9908,9908,9960
9961,TR709982,BARSMAGEDDON,88026.0,16557.0,27.0,Warm Bangers,74,2700,876,9909,9909,9961
9962,TR586644,FANGORIA,148083.0,16053.0,41.0,Warm Bangers,74,2703,390,9910,9910,9962
9963,TR790081,Chica,166965.0,14830.0,26.0,Slow Dark,74,2700,876,9911,9911,9963
9964,TR587900,TI DIREI,172198.0,14943.0,49.0,Slow Dark,74,2703,390,9912,9912,9964
9965,TR866176,Mr. Anderson,206400.0,13725.0,28.0,Warm Bangers,74,2696,1962,9913,9913,9965
9966,TR358596,F.P.S.,144097.0,13105.0,61.0,Melodic,74,2704,1967,9914,9914,9966
9967,TR422775,64 Bars,131777.0,12303.0,56.0,Warm Bangers,74,1499,1971,9915,9915,9967
9968,TR486621,OUTSIDER,172198.0,8718.0,49.0,Warm Bangers,74,2703,855,9916,9916,9968
9969,TR530791,Rotten 2,178666.0,10933.0,41.0,Hype,74,2705,1295,9917,9917,9969
9970,TR170216,PARANOIA,171815.0,7792.0,42.0,Warm Bangers,74,2703,390,9918,9918,9970
9971,TR763511,CONTROL,198427.0,6962.0,33.0,Warm Bangers,74,2703,1972,9919,9919,9971
9972,TR668464,Piombo e Fango 2013,185759.0,8456.0,29.0,Warm Bangers,74,2706,1973,9920,9920,9972
9973,TR467947,ANYWAY,155050.0,7743.0,36.0,Hype,74,2703,390,9921,9921,9973
9974,TR849049,FIORI,166002.0,5335.0,36.0,Melodic,74,2703,390,9922,9922,9974
9975,TR963651,FULL IMMERSION,184266.0,6215.0,39.0,Fast-Flow,74,2703,390,9923,9923,9975
9976,TR519616,ABISSI,146615.0,4682.0,34.0,Slow Dark,74,2703,390,9924,9924,9976
9977,TR544403,DEATH NOTE,151637.0,4985.0,28.0,Slow Dark,74,2703,390,9925,9925,9977
9978,TR363656,SNAKES,130797.0,5676.0,32.0,Warm Bangers,74,2703,390,9926,9926,9978
9979,TR614693,BMW,130602.0,5918.0,30.0,Hype,74,2703,390,9927,9927,9979
9980,TR106547,N.N.F.,144097.0,5282.0,61.0,Warm Bangers,74,2704,390,9928,9928,9980
9981,TR991000,Per un paio di dollari,181374.0,4720.0,33.0,Warm Bangers,74,2707,396,9929,9929,9981
9982,TR971840,Scappa,165461.0,5223.0,49.0,Fast-Flow,74,2708,277,9930,9930,9982
9983,TR937610,We takin’ it back,197466.0,4638.0,34.0,Hype,74,2709,614,9931,9931,9983
9984,TR968894,105 Mi Casa Mashup: Nitro canta Rap shit su Bop,349560.0,5837.0,62.0,Melodic,74,2695,1974,9932,9932,9984
9985,TR311527,Radio105 Freestyle,195053.0,5756.0,33.0,Melodic,74,2710,1975,9933,9933,9985
9986,TR558758,This is Italia,176000.0,5131.0,78.0,Melodic,74,2711,1976,9934,9934,9986
9987,TR768224,Covid Freestye (Nitro),200693.0,4662.0,38.0,Warm Bangers,74,2695,13,9935,9935,9987
9988,TR948835,One Take FM Free Mic,262746.0,4598.0,6.0,Warm Bangers,74,2712,1977,9936,9936,9988
9989,TR568519,Buon Umore Freestyle,219806.0,4078.0,66.0,Minimal,74,2713,316,9937,9937,9989
9990,TR209165,Gotham,207346.0,156816.0,68.0,Warm Bangers,92,2714,158,9938,9938,9990
9991,TR715880,Auto Blu,166086.0,119113.0,49.0,Warm Bangers,92,2715,1844,9939,9939,9991
9992,TR391538,Take 5,191856.0,93966.0,62.0,Warm Bangers,92,2714,1978,9940,9940,9992
9993,TR536704,Mon Fre,224150.0,83954.0,60.0,Melodic,92,2716,1979,9941,9941,9993
9994,TR925464,Soldi in Nero,183797.0,90647.0,68.0,Fast-Flow,92,2717,762,9942,9942,9994
9995,TR281478,Bossoli,178758.0,62365.0,58.0,Melodic,92,2718,1980,9943,9943,9995
9996,TR734958,Milano Ovest,171200.0,77114.0,55.0,Fast-Flow,92,2719,549,9944,9944,9996
9997,TR750465,Polvere [2024],166299.0,76064.0,54.0,Warm Bangers,92,2720,158,9945,9945,9997
9998,TR320505,Syrup,188654.0,77300.0,56.0,Warm Bangers,92,2721,1981,9946,9946,9998
9999,TR456320,Chance,182400.0,59009.0,53.0,Melodic,92,2719,549,9947,9947,9999
10000,TR172807,Calmo,151807.0,52463.0,52.0,Warm Bangers,92,2719,1982,9948,9948,10000
10001,TR775878,Alleluia,160051.0,55817.0,63.0,Fast-Flow,92,2722,739,9949,9949,10001
10002,TR853517,Acciaio,197000.0,53900.0,48.0,Hype,92,2723,1983,9950,9950,10002
10003,TR589835,Fendi belt,148000.0,48534.0,51.0,Melodic,92,2724,1984,9951,9951,10003
10004,TR516801,Pluh,163456.0,55168.0,60.0,Warm Bangers,92,2714,158,9952,9952,10004
10005,TR257586,Lettera a Draco,193708.0,50622.0,57.0,Hype,92,2714,158,9953,9953,10005
10006,TR493577,Non sto più in zona,155825.0,52436.0,46.0,Warm Bangers,92,2725,1985,9954,9954,10006
10007,TR563634,Tutto o Nada,157200.0,36997.0,63.0,Warm Bangers,92,2714,158,9955,9955,10007
10008,TR328854,6 AM,200311.0,47705.0,57.0,Warm Bangers,92,2714,158,9956,9956,10008
10009,TR305847,Milano Angels,187178.0,49197.0,59.0,Warm Bangers,92,2714,158,9957,9957,10009
10010,TR657339,Kooda RMX,269806.0,43642.0,1.0,Hype,92,2726,1986,9958,9958,10010
10011,TR248128,Sete,207947.0,44700.0,54.0,Fast-Flow,92,2714,158,9959,9959,10011
10012,TR182220,Non lo Sai,228454.0,40570.0,66.0,Fast-Flow,92,2722,739,9960,9960,10012
10013,TR679235,Don’t Cry No More,195345.0,41985.0,52.0,Fast-Flow,92,2714,158,9961,9961,10013
10014,TR737734,Niente da perdere,166214.0,33062.0,58.0,Hype,92,2727,1987,9962,9962,10014
10015,TR157826,First Day Out,171678.0,33424.0,53.0,Warm Bangers,92,2714,1030,9963,9963,10015
10016,TR183525,Paradise,171963.0,26415.0,57.0,Hype,92,2714,158,9964,9964,10016
10017,TR569463,Big City Life RMX,198145.0,26161.0,62.0,Fast-Flow,92,2728,1674,9965,9965,10017
10018,TR542481,Un milione di volte,181714.0,28618.0,62.0,Warm Bangers,92,2729,387,9966,9966,10018
10019,TR787632,Let’s Go,170444.0,26755.0,54.0,Warm Bangers,92,2714,158,9967,9967,10019
10020,TR779734,Pensando a lei,176245.0,27987.0,55.0,Melodic,92,2727,1786,9968,9968,10020
10021,TR578879,Diario di Noel,186249.0,26312.0,49.0,Fast-Flow,92,2719,549,9969,9969,10021
10022,TR771553,Replay,162946.0,22460.0,51.0,Slow Dark,92,2714,158,9970,9970,10022
10023,TR805257,Milano Shotta Freestyle,153130.0,32034.0,52.0,Melodic,92,2714,1200,9971,9971,10023
10024,TR834859,Vorrei,191257.0,22049.0,59.0,Warm Bangers,92,2722,739,9972,9972,10024
10025,TR882384,Aston Martin,168000.0,29914.0,48.0,Melodic,92,2730,1988,9973,9973,10025
10026,TR512946,Take 1,182571.0,22487.0,46.0,Melodic,92,2731,1989,9974,9974,10026
10027,TR820796,Della gang,213255.0,29111.0,50.0,Warm Bangers,92,2720,1635,9975,9975,10027
10028,TR828702,105 Mi Casa Mashup: il freestyle di Shiva su From Time,191856.0,28706.0,62.0,Melodic,92,2714,1990,9976,9976,10028
10029,TR161872,Digos,149070.0,26024.0,55.0,Warm Bangers,92,2720,1991,9977,9977,10029
10030,TR227876,Guai,209962.0,25921.0,71.0,Melodic,92,2732,1992,9978,9978,10030
10031,TR888060,Domani,197280.0,19362.0,47.0,Warm Bangers,92,2719,549,9979,9979,10031
10032,TR719420,Santana,226906.0,27171.0,82.0,Fast-Flow,92,2732,1993,9980,9980,10032
10033,TR109610,Bibidi Bobidi Bu,166222.0,25855.0,56.0,Warm Bangers,92,2729,387,9981,9981,10033
10034,TR714510,Come no,209962.0,25568.0,71.0,Fast-Flow,92,2732,1994,9982,9982,10034
10035,TR911154,Mastercard,155215.0,22980.0,50.0,Melodic,92,2724,493,9983,9983,10035
10036,TR968996,La mia storia,241263.0,19729.0,48.0,Minimal,92,2724,1995,9984,9984,10036
10037,TR813122,Giuro su Dio Freestyle,182245.0,24188.0,76.0,Warm Bangers,92,2732,1996,9985,9985,10037
10038,TR643632,Rollie AP,179438.0,18993.0,52.0,Warm Bangers,92,2722,739,9986,9986,10038
10039,TR440205,Thotiana RMX,226906.0,20878.0,82.0,Slow Dark,92,2732,878,9987,9987,10039
10040,TR310485,Dolce vita,131076.0,16925.0,50.0,Melodic,92,2724,493,9988,9988,10040
10041,TR984860,Take 4,170571.0,23150.0,57.0,Warm Bangers,92,2722,1997,9989,9989,10041
10042,TR525571,Cicatrici,192905.0,16961.0,53.0,Warm Bangers,92,2722,739,9990,9990,10042
10043,TR488392,Volo Express,183428.0,17508.0,53.0,Fast-Flow,92,2714,158,9991,9991,10043
10044,TR211269,Elicotteri,189609.0,19930.0,55.0,Warm Bangers,92,2729,387,9992,9992,10044
10045,TR618390,Giovane re,166299.0,21344.0,54.0,Warm Bangers,92,2720,1998,9993,9993,10045
10046,TR200184,Scarabeo,177177.0,20188.0,44.0,Fast-Flow,92,2719,549,9994,9994,10046
10047,TR504799,Soldi Puliti,159840.0,16941.0,57.0,Warm Bangers,92,2722,101,9995,9995,10047
10048,TR946359,Un Altro Show,171702.0,15158.0,63.0,Warm Bangers,92,2722,739,9996,9996,10048
10049,TR388777,Whip,153016.0,20690.0,53.0,Warm Bangers,92,2729,387,9997,9997,10049
10050,TR898103,Cambierà,202576.0,22386.0,54.0,Slow Dark,92,2714,158,9998,9998,10050
10051,TR716162,Idee chiare,174939.0,20829.0,48.0,Melodic,92,2724,493,9999,9999,10051
10052,TR107511,Ragazzi miei,206000.0,17533.0,34.0,Melodic,92,2723,1999,10000,10000,10052
10053,TR477959,Cup,167804.0,20295.0,55.0,Warm Bangers,92,2722,739,10001,10001,10053
10054,TR209229,Ride or Die,193079.0,16449.0,51.0,Fast-Flow,92,2720,1635,10002,10002,10054
10055,TR706130,Bicarbonato,226906.0,16918.0,82.0,Melodic,92,2732,2000,10003,10003,10055
10056,TR330975,Non Sai Niente,162138.0,16302.0,45.0,Warm Bangers,92,2724,839,10004,10004,10056
10057,TR225966,Riflessi Rossi,195732.0,16054.0,50.0,Warm Bangers,92,2729,387,10005,10005,10057
10058,TR915848,Non è Easy,164657.0,17824.0,54.0,Warm Bangers,92,2722,2001,10006,10006,10058
10059,TR486510,Collane e bugie,196000.0,15690.0,48.0,Warm Bangers,92,2724,493,10007,10007,10059
10060,TR888355,Diversi,176305.0,13683.0,59.0,Warm Bangers,92,2729,387,10008,10008,10060
10061,TR849215,Radar,180461.0,13137.0,39.0,Fast-Flow,92,2733,1262,10009,10009,10061
10062,TR144170,I can fly,198857.0,11471.0,48.0,Warm Bangers,92,2724,493,10010,10010,10062
10063,TR601023,Teste di cazzo,216000.0,14468.0,33.0,Hype,92,2723,1983,10011,10011,10063
10064,TR525931,Pensando a lei 2,184706.0,12377.0,18.0,Fast-Flow,92,2734,828,10012,10012,10064
10065,TR683989,Figlio della Calle,185207.0,11382.0,42.0,Melodic,92,2719,549,10013,10013,10065
10066,TR230952,Corvi,180395.0,14040.0,31.0,Hype,92,2735,399,10014,10014,10066
10067,TR655568,Champagne + Tiffany,310175.0,14188.0,54.0,Warm Bangers,92,2729,387,10015,10015,10067
10068,TR712050,Santana Season,167663.0,14499.0,53.0,Warm Bangers,92,2729,387,10016,10016,10068
10069,TR822526,Take 2,182772.0,12547.0,49.0,Melodic,92,2736,1906,10017,10017,10069
10070,TR507718,Milano Demons,228454.0,14500.0,66.0,Hype,92,2722,739,10018,10018,10070
10071,TR429962,100 OPPS,167771.0,14230.0,55.0,Warm Bangers,92,2729,944,10019,10019,10071
10072,TR263218,Take 3,175018.0,13390.0,50.0,Melodic,92,2737,792,10020,10020,10072
10073,TR187668,Diamante,179818.0,12383.0,51.0,Warm Bangers,92,2722,739,10021,10021,10073
10074,TR739091,Arsenico,183321.0,10662.0,58.0,Warm Bangers,92,2729,387,10022,10022,10074
10075,TR810245,Il diavolo chiama,217422.0,13527.0,48.0,Melodic,92,2724,493,10023,10023,10075
10076,TR686222,3 Stick Freestyle,149000.0,10076.0,52.0,Warm Bangers,92,2722,2002,10024,10024,10076
10077,TR131935,Barrio,266458.0,9259.0,31.0,Fast-Flow,92,2723,1983,10025,10025,10077
10078,TR247772,X Sempre,205074.0,9848.0,47.0,Hype,92,2727,66,8669,8669,10078
10079,TR178298,Civico 30 freestyle,335480.0,8201.0,27.0,Fast-Flow,92,2738,1232,10026,10026,10079
10080,TR464052,Polvere,167921.0,11772.0,66.0,Warm Bangers,92,2714,1983,1266,1266,10080
10081,TR261852,Fuoco,179000.0,10177.0,31.0,Warm Bangers,92,2723,1983,10027,10027,10081
10082,TR783873,Charts Global,133333.0,9933.0,51.0,Warm Bangers,92,2729,387,10028,10028,10082
10083,TR374912,Diego,250000.0,10291.0,32.0,Warm Bangers,92,2723,1983,10029,10029,10083
10084,TR616900,Messaggio in Segreteria (interlude),155437.0,9470.0,44.0,Minimal,92,2722,739,10030,10030,10084
10085,TR866967,Il mio nome,223500.0,7379.0,30.0,Warm Bangers,92,2723,1983,10031,10031,10085
10086,TR776466,Buio,198750.0,9212.0,28.0,Fast-Flow,92,2735,2003,10032,10032,10086
10087,TR837405,Se Fosse Per Me,226872.0,9560.0,49.0,Fast-Flow,92,2722,739,10033,10033,10087
10088,TR397810,Cellphone,212160.0,8466.0,48.0,Fast-Flow,92,2722,739,10034,10034,10088
10089,TR713595,Problema,195088.0,9475.0,45.0,Melodic,92,2724,493,10035,10035,10089
10090,TR916612,Esse,202000.0,7609.0,31.0,Melodic,92,2723,1983,10036,10036,10090
10091,TR487603,Superstar,208543.0,7484.0,44.0,Melodic,92,2724,493,10037,10037,10091
10092,TR391031,Regina del Block,198516.0,6856.0,52.0,Warm Bangers,92,2727,2004,10038,10038,10092
10093,TR598389,Red Barz RMX,163314.0,7386.0,71.0,Hype,92,2732,2005,10039,10039,10093
10094,TR191251,Jackson,136904.0,8809.0,29.0,Melodic,92,2739,1202,10040,10040,10094
10095,TR383101,Naturale,166736.0,8547.0,51.0,Warm Bangers,92,2722,739,10041,10041,10095
10096,TR360266,Soli,183896.0,7097.0,48.0,Warm Bangers,92,2729,387,10042,10042,10096
10097,TR963745,Mujer,161739.0,7711.0,48.0,Warm Bangers,92,2727,66,10043,10043,10097
10098,TR658494,Lassù,228569.0,7778.0,31.0,Slow Dark,92,2723,1983,10044,10044,10098
10099,TR219568,Syrup RMX,188654.0,6308.0,56.0,Warm Bangers,92,2721,2006,10045,10045,10099
10100,TR237707,Megatron,176294.0,5903.0,47.0,Melodic,92,2724,493,10046,10046,10100
10101,TR597304,Dimenticare,167741.0,7927.0,46.0,Hype,92,2722,739,10047,10047,10101
10102,TR645140,Montecarlo,209192.0,6413.0,43.0,Melodic,92,2724,493,10048,10048,10102
10103,TR959140,Sei qui,146086.0,7050.0,48.0,Slow Dark,92,2727,66,10049,10049,10103
10104,TR311491,Ragnatele,201000.0,5118.0,27.0,Fast-Flow,92,2735,1823,10050,10050,10104
10105,TR259762,Camelot RMX,190188.0,5814.0,65.0,Fast-Flow,92,2740,2007,10051,10051,10105
10106,TR858810,Anima,230000.0,4626.0,25.0,Hype,92,2735,294,10052,10052,10106
10107,TR124073,Tanti Cuori,163925.0,4536.0,50.0,Melodic,92,2727,66,10053,10053,10107
10108,TR306810,STAI ZITTO Freestyle,182245.0,5038.0,76.0,Melodic,92,2732,447,10054,10054,10108
10109,TR165635,Spirito,232793.0,4653.0,21.0,Warm Bangers,92,2741,2008,10055,10055,10109
10110,TR133102,Cose che non ho,156501.0,4347.0,53.0,Warm Bangers,92,2727,66,10056,10056,10110
10111,TR389098,Hi-tech freestyle,112678.0,4536.0,42.0,Warm Bangers,92,2724,493,10057,10057,10111
10112,TR392843,Bossoli RMX,82395.0,4081.0,3.0,Melodic,92,2742,2009,10058,10058,10112
10113,TR978028,Fendi belt RMX*,148000.0,5426.0,51.0,Melodic,92,2724,1984,10059,10059,10113
10114,TR416687,Rover*,1740000.0,4997.0,0.0,Warm Bangers,92,2743,2010,10060,10060,10114
10115,TR108192,Ai fantasmi,293504.0,4199.0,23.0,Warm Bangers,92,2735,2011,10061,10061,10115
10116,TR903355,Inspiria,282000.0,4357.0,25.0,Fast-Flow,92,2735,1303,10062,10062,10116
10117,TR344394,La Via Del Guerriero,182245.0,4219.0,76.0,Slow Dark,92,2732,592,10063,10063,10117
10118,TR243813,Verso orizzonti,274513.0,5241.0,23.0,Hype,92,2735,1303,10064,10064,10118
10119,TR918743,Luna blu,172198.0,4200.0,22.0,Hype,92,2735,1303,10065,10065,10119
10120,TR685016,Globo*,466023.0,5526.0,0.0,Melodic,92,2744,565,10066,10066,10120
10121,TR586134,Misery deve morire,168622.0,4052.0,22.0,Hype,92,2735,1303,10067,10067,10121
10122,TR674912,Vetro Oscurato*,232906.0,4511.0,20.0,Warm Bangers,92,2745,790,10068,10068,10122
10123,TR101420,Tre Volte*,183801.0,5798.0,47.0,Warm Bangers,92,2746,1407,10069,10069,10123
10124,TR990190,Luce in strada,245052.0,5453.0,21.0,Slow Dark,92,2747,1616,10070,10070,10124
10125,TR507780,Piccolo principe,197385.0,4158.0,23.0,Fast-Flow,92,2735,1303,10071,10071,10125
10126,TR641702,Diamanti*,226906.0,5658.0,82.0,Warm Bangers,92,2732,856,10072,10072,10126
10127,TR857902,Problemi Sull’iPhone*,232676.0,5002.0,70.0,Slow Dark,92,2732,856,10073,10073,10127
10128,TR198691,Town*,231100.0,5707.0,41.0,Warm Bangers,92,2748,21,10074,10074,10128
10129,TR249257,I Miei G*,192096.0,5217.0,72.0,Melodic,92,2732,856,10075,10075,10129
10130,TR732834,Amen,157588.0,5379.0,2.0,Melodic,92,2749,648,10076,10076,10130
10131,TR719538,Cup RMX*,163456.0,6004.0,60.0,Warm Bangers,92,2714,158,10077,10077,10131
10132,TR134678,Cash In Cash Out*,183797.0,4478.0,68.0,Slow Dark,92,2717,762,10078,10078,10132
10133,TR953598,OVER (versione originale),209552.0,5262.0,71.0,Warm Bangers,92,2732,856,10079,10079,10133
10134,TR968431,105 Mi Casa Mashup: Shiva con Aitch (Make it shake) su Ayy Macarena,191856.0,4933.0,62.0,Melodic,92,2714,491,10080,10080,10134
10135,TR341993,Stick*,149000.0,4091.0,52.0,Warm Bangers,92,2722,739,10081,10081,10135
10136,TR247843,Pull Up*,155250.0,4041.0,0.0,Fast-Flow,92,2750,829,10082,10082,10136
10137,TR903154,Trap Take Radio 105,304480.0,4250.0,33.0,Warm Bangers,92,2751,13,10083,10083,10137
10138,TR284067,Freestyle Radio Deejay,192720.0,5310.0,9.0,Melodic,92,2752,1696,10084,10084,10138
10139,TR383001,Lexus*,226906.0,5149.0,82.0,Melodic,92,2732,856,10085,10085,10139
10140,TR831636,Di Più*,192096.0,5123.0,72.0,Minimal,92,2732,856,10086,10086,10140
10141,TR656260,INTRO VERSO,351729.0,4075.0,0.0,Melodic,92,2753,292,10087,10087,10141
10142,TR974293,Galassie*,219660.0,4953.0,59.0,Minimal,92,2754,303,10088,10088,10142
10143,TR900900,Loto Terreno,323240.0,5867.0,24.0,Hype,92,2755,886,10089,10089,10143
10144,TR730832,FOLLIA GENIALE,206435.0,4809.0,26.0,Fast-Flow,92,2756,292,10090,10090,10144
10145,TR169769,OGNI GIORNO,198400.0,5266.0,34.0,Slow Dark,92,2757,886,10091,10091,10145
10146,TR824572,Grammi,183000.0,5578.0,67.0,Hype,92,2758,886,10092,10092,10146
10147,TR806797,Giovane Egoista*,310175.0,5585.0,54.0,Minimal,92,2729,387,10093,10093,10147
10148,TR476369,Mayday*,191856.0,5054.0,62.0,Melodic,92,2714,158,10094,10094,10148
10149,TR521844,Back In Blood RMX,353786.0,5731.0,33.0,Warm Bangers,92,2759,2012,10095,10095,10149
10150,TR666165,Creature,260970.0,4797.0,28.0,Fast-Flow,92,2760,886,10096,10096,10150
10151,TR902662,PDF UNITED SHOW Freestyle,246726.0,5792.0,2.0,Melodic,92,2761,1008,10097,10097,10151
10152,TR689039,Catch Up Freestyle,176146.0,4492.0,22.0,Minimal,92,2762,697,10098,10098,10152
10153,TR583402,Nuvola Bianca,438760.0,4574.0,0.0,Slow Dark,92,2763,2013,10099,10099,10153
10154,TR852446,Supercar*,185000.0,4116.0,69.0,Minimal,92,2764,1199,10100,10100,10154
10155,TR434127,Toro Freestyle,205964.0,5606.0,53.0,Slow Dark,92,2765,1648,10101,10101,10155
10156,TR411284,Fortuna*,203860.0,4848.0,0.0,Minimal,92,2766,1554,10102,10102,10156
10157,TR622110,Oscurità*,226906.0,4471.0,82.0,Minimal,92,2732,856,10103,10103,10157
10158,TR593589,Ogni mio sbaglio*,174800.0,4476.0,44.0,Fast-Flow,92,2767,1992,10104,10104,10158
10159,TR345919,Madonnina*,180863.0,5819.0,76.0,Warm Bangers,92,2732,856,10105,10105,10159
10160,TR119794,I can fly (SNIPES Session),208800.0,5682.0,20.0,Melodic,92,2768,813,10106,10106,10160
10161,TR303768,Seven,358260.0,14608.0,27.0,Hype,13,2769,1765,10107,10107,10161
10162,TR251553,Unpodi,179076.0,5396.0,22.0,Warm Bangers,13,2770,2014,10108,10108,10162
10163,TR368157,Banditi,199500.0,4961.0,15.0,Fast-Flow,13,2771,1907,10109,10109,10163
10164,TR504051,Samurai,200807.0,4798.0,8.0,Slow Dark,13,2772,2014,10110,10110,10164
10165,TR162842,Angeli da bar,264521.0,5849.0,12.0,Fast-Flow,13,2773,634,10111,10111,10165
10166,TR809337,Oro,271426.0,4263.0,47.0,Fast-Flow,13,2774,256,10112,10112,10166
10167,TR791535,La Vita Sognata Degli Angeli,249026.0,4853.0,25.0,Slow Dark,13,2775,1290,10113,10113,10167
10168,TR386088,In un mondo perfetto,245945.0,4703.0,6.0,Fast-Flow,13,2776,1530,10114,10114,10168
10169,TR964944,Lucciole,140177.0,5011.0,6.0,Hype,13,2772,2015,10115,10115,10169
10170,TR558378,Mickey & Mallory,178051.0,4930.0,52.0,Slow Dark,13,2777,2015,10116,10116,10170
10171,TR701869,Zoe,186233.0,5052.0,3.0,Minimal,13,2778,2016,10117,10117,10171
10172,TR979524,Lucciole RMX,140177.0,4292.0,6.0,Slow Dark,13,2772,2014,10118,10118,10172
10173,TR484144,Sawo,200807.0,5042.0,8.0,Hype,13,2772,2017,10119,10119,10173
10174,TR640495,Dove le balene vanno a nascondersi,214029.0,4498.0,5.0,Fast-Flow,13,2772,2014,10120,10120,10174
10175,TR521092,Il cacciatore di draghi,195200.0,4382.0,13.0,Hype,13,2779,2018,10121,10121,10175
10176,TR873497,Lo specchio,258577.0,4142.0,7.0,Fast-Flow,13,2773,1484,10122,10122,10176
10177,TR171175,Buonanotte,208853.0,5542.0,59.0,Slow Dark,13,2780,2019,10123,10123,10177
10178,TR642707,Zero Santi,201853.0,4870.0,3.0,Minimal,13,2772,2014,10124,10124,10178
10179,TR609821,Nubi Basse,421346.0,5270.0,18.0,Fast-Flow,13,2781,2020,10125,10125,10179
10180,TR834146,Via da Las Vegas,179626.0,5472.0,16.0,Fast-Flow,13,2782,2021,10126,10126,10180
10181,TR207134,Diamanti,169090.0,5373.0,3.0,Slow Dark,13,2783,1791,10127,10127,10181
10182,TR913919,Napoli,292038.0,4954.0,3.0,Fast-Flow,13,2784,348,10128,10128,10182
10183,TR329323,C’Era Una Volta,188373.0,4792.0,72.0,Hype,13,2785,2017,10129,10129,10183
10184,TR797680,Dio non è al momento raggiungibile,176100.0,4765.0,3.0,Minimal,13,2776,2022,10130,10130,10184
10185,TR682895,Eroi,177586.0,5294.0,5.0,Slow Dark,13,2776,2023,10131,10131,10185
10186,TR416171,Piccola Tigre,182056.0,5003.0,6.0,Minimal,13,2786,2024,10132,10132,10186
10187,TR634768,Raffaello,252124.0,5715.0,4.0,Minimal,13,2772,2014,10133,10133,10187
10188,TR998011,Zero,201853.0,5765.0,3.0,Slow Dark,13,2772,881,10134,10134,10188
10189,TR703344,Marilyn,188353.0,4354.0,4.0,Fast-Flow,13,2772,2014,10135,10135,10189
10190,TR310342,La promessa di Pinocchio,211022.0,4285.0,4.0,Fast-Flow,13,2776,2025,10136,10136,10190
10191,TR742778,Blu,218603.0,5276.0,15.0,Hype,13,2787,2026,10137,10137,10191
10192,TR847617,Miami,182790.0,4615.0,1.0,Fast-Flow,13,2788,2027,10138,10138,10192
10193,TR950758,Titoli Di Coda (Dimenticare Milano),166000.0,4049.0,1.0,Minimal,13,2789,2017,10139,10139,10193
10194,TR576707,Sogni,193190.0,5795.0,3.0,Fast-Flow,13,2776,2028,10140,10140,10194
10195,TR159535,Andromeda,173871.0,4466.0,5.0,Hype,13,2773,2029,10141,10141,10195
10196,TR498767,Ragazzo Padre,189015.0,5878.0,67.0,Slow Dark,13,2790,1290,10142,10142,10196
10197,TR303307,Heroine,217957.0,5452.0,4.0,Fast-Flow,13,2772,2014,10143,10143,10197
10198,TR368012,Cuore Nero,194516.0,5541.0,74.0,Minimal,13,2791,2030,10144,10144,10198
10199,TR401491,N.E.D.A.,185016.0,4417.0,8.0,Slow Dark,13,2773,1484,10145,10145,10199
10200,TR383818,Scritto nell’acqua,205821.0,4481.0,1.0,Minimal,13,2792,2019,10146,10146,10200
10201,TR787868,Cartoline Dalla Luna,207274.0,5058.0,2.0,Slow Dark,13,2793,1290,10147,10147,10201
10202,TR145334,Ultima fermata prima della luna,224397.0,4357.0,4.0,Hype,13,2773,2031,10148,10148,10202
10203,TR231258,XMatteo,152944.0,4623.0,14.0,Minimal,13,2794,473,10149,10149,10203
10204,TR861289,La bella e la bestia,153808.0,4656.0,4.0,Hype,13,2773,1484,10150,10150,10204
10205,TR442095,Il figlio del bandito,211765.0,4332.0,1.0,Fast-Flow,13,2792,2019,10151,10151,10205
10206,TR399254,La dolce vita,264521.0,4424.0,12.0,Hype,13,2773,1484,10152,10152,10206
10207,TR360583,Il ladro di cuori,232611.0,5596.0,5.0,Fast-Flow,13,2772,580,10153,10153,10207
10208,TR220284,Nuovo Battisti,209536.0,4348.0,3.0,Hype,13,2792,2032,10154,10154,10208
10209,TR532765,Quando la canzone finisce spara!,183818.0,4067.0,2.0,Minimal,13,2795,2033,10155,10155,10209
10210,TR825928,Porno,213750.0,5273.0,1.0,Hype,13,2796,2034,10156,10156,10210
10211,TR582128,Pelle,135564.0,5971.0,8.0,Slow Dark,13,2797,2035,10157,10157,10211
10212,TR414597,Ahahahahah,199680.0,4676.0,42.0,Hype,13,2798,2036,10158,10158,10212
10213,TR393008,Tutti i miei chiodi,197648.0,4251.0,2.0,Slow Dark,13,2776,2037,10159,10159,10213
10214,TR654700,Gabriella Ferri,223654.0,5157.0,1.0,Hype,13,2792,2019,10160,10160,10214
10215,TR611378,Fame,170155.0,5830.0,1.0,Hype,13,2773,1484,10161,10161,10215
10216,TR385232,Nonlai/Olla,217226.0,5585.0,57.0,Hype,13,2799,2038,10162,10162,10216
10217,TR592015,Craxi era,219196.0,5260.0,2.0,Fast-Flow,13,2776,2039,10163,10163,10217
10218,TR606506,Marlon Brando,226638.0,4643.0,2.0,Fast-Flow,13,2772,2014,10164,10164,10218
10219,TR519723,Il Perdente,208909.0,5101.0,61.0,Hype,13,2800,671,10165,10165,10219
10220,TR783975,Giovane zarro,226626.0,4195.0,2.0,Fast-Flow,13,2773,1484,10166,10166,10220
10221,TR676363,Amo Ki Sa Dare Tre Gocce Di Sangue,1251600.0,5375.0,7.0,Fast-Flow,13,2801,2040,10167,10167,10221
10222,TR672624,Resta Sveglia,187573.0,5467.0,71.0,Slow Dark,13,2802,1290,10168,10168,10222
10223,TR420024,Algebra,98000.0,5945.0,1.0,Hype,13,2803,2041,10169,10169,10223
10224,TR942630,Che Fai Dormi ?,140816.0,4534.0,75.0,Slow Dark,13,2804,2040,10170,10170,10224
10225,TR886425,Icaro,221328.0,4049.0,42.0,Melodic,13,2805,2017,10171,10171,10225
10226,TR347525,Peter Pan,156781.0,5106.0,2.0,Fast-Flow,13,2776,2042,10172,10172,10226
10227,TR981981,Freddo,165957.0,5427.0,1.0,Fast-Flow,13,2806,1379,10173,10173,10227
10228,TR488818,Bugia,161239.0,5598.0,1.0,Hype,13,2792,2019,10174,10174,10228
10229,TR415555,Mancanze,183530.0,4400.0,2.0,Hype,13,2773,1484,10175,10175,10229
10230,TR186909,Alice,141473.0,4537.0,45.0,Hype,13,2807,345,10176,10176,10230
10231,TR627240,Adam.01,143500.0,5042.0,54.0,Slow Dark,13,2808,2043,10177,10177,10231
10232,TR211667,Oppio,137142.0,4675.0,57.0,Clean,13,2809,2040,10178,10178,10232
10233,TR948510,La notte,226906.0,5739.0,82.0,Hype,13,2810,2043,10179,10179,10233
10234,TR412147,Me,177111.0,4963.0,6.0,Clean,13,2811,1290,10180,10180,10234
10235,TR193997,UFO,82477.0,5615.0,3.0,Clean,13,2776,2044,10181,10181,10235
10236,TR103678,Mito,150787.0,5177.0,40.0,Slow Dark,13,2812,1290,10182,10182,10236
10237,TR674494,Intro/Edit,263506.0,5561.0,34.0,Clean,13,2813,2040,10183,10183,10237
10238,TR296199,Ossessione Dei Profeti,193937.0,4679.0,1.0,Hype,13,2814,1649,10184,10184,10238
10239,TR392195,Che Fine Ha Fatto Jesse James,180137.0,5680.0,75.0,Minimal,13,2815,2017,10185,10185,10239
10240,TR164564,Lezioni Di Sogni,229584.0,4562.0,0.0,Hype,13,2816,2045,10186,10186,10240
10241,TR661958,Nuova religione,192096.0,5107.0,72.0,Hype,13,2810,2021,10187,10187,10241
10242,TR204777,Spaghetti repper,208793.0,4441.0,2.0,Hype,13,2773,1484,10188,10188,10242
10243,TR989080,Piegature,189500.0,4965.0,0.0,Minimal,13,2817,2046,10189,10189,10243
10244,TR934762,Applausi Rmx,395009.0,4651.0,43.0,Hype,13,2818,671,10190,10190,10244
10245,TR549528,Lasciami Dormire,160856.0,4547.0,53.0,Clean,13,2819,2017,10191,10191,10245
10246,TR386339,Eden1,189425.0,5949.0,0.0,Minimal,13,2820,481,9778,9778,10246
10247,TR336876,Ali,187245.0,4333.0,2.0,Slow Dark,13,2776,2042,10192,10192,10247
10248,TR489615,Belli e dannati,304000.0,5592.0,1.0,Slow Dark,13,2821,339,10193,10193,10248
10249,TR859141,Le Figlie Dei Re,200963.0,5985.0,1.0,Fast-Flow,13,2814,1649,10194,10194,10249
10250,TR106487,Brera,215130.0,4051.0,1.0,Slow Dark,13,2814,1649,10195,10195,10250
10251,TR282211,A 80 Strade da Gucci,202666.0,5414.0,1.0,Slow Dark,13,2822,1296,10196,10196,10251
10252,TR448946,Sherazade,200360.0,4521.0,60.0,Hype,13,2823,671,10197,10197,10252
10253,TR171114,Anarkika,178651.0,4093.0,1.0,Hype,13,2822,1296,10198,10198,10253
10254,TR529075,Fratelli Nel Vento,187859.0,4819.0,1.0,Minimal,13,2814,1649,10199,10199,10254
10255,TR694945,Oro/Nuovo Papa,289090.0,5886.0,61.0,Fast-Flow,13,2824,1290,10200,10200,10255
10256,TR834701,Bambino,186109.0,4033.0,1.0,Fast-Flow,13,2816,2045,10201,10201,10256
10257,TR656656,Punk Rap,218507.0,5192.0,60.0,Fast-Flow,13,2825,2040,10202,10202,10257
10258,TR661328,Ciok,196162.0,5018.0,0.0,Slow Dark,13,2792,2019,10203,10203,10258
10259,TR353134,Lau,154322.0,5765.0,1.0,Slow Dark,13,2772,2014,10204,10204,10259
10260,TR304462,Non Volo Più,176303.0,4181.0,29.0,Hype,13,2826,2017,10205,10205,10260
10261,TR166275,Da Qui in Poi Ci Sono I Draghi,275368.0,5379.0,2.0,Slow Dark,13,2827,429,10206,10206,10261
10262,TR418608,Ligera,157500.0,5375.0,1.0,Minimal,13,2816,2045,10207,10207,10262
10263,TR123969,Lancette,214840.0,5355.0,26.0,Clean,13,2828,345,10208,10208,10263
10264,TR440300,Il Diavolo,204738.0,5904.0,75.0,Slow Dark,13,2829,1290,10209,10209,10264
10265,TR131675,Conisoldipuoiesserechivuoi,151248.0,5661.0,1.0,Hype,13,2814,1649,10210,10210,10265
10266,TR196482,A.R.A.B.,358260.0,4094.0,27.0,Melodic,13,2769,865,10211,10211,10266
10267,TR518071,Amy Winehouse,181590.0,4956.0,0.0,Hype,13,2814,1649,10212,10212,10267
10268,TR960118,Il lanciatore di coltelli,167926.0,4810.0,0.0,Fast-Flow,13,2792,2019,10213,10213,10268
10269,TR445932,Gli Spostati,182117.0,4633.0,2.0,Fast-Flow,13,2822,1296,10214,10214,10269
10270,TR865200,Vampiri,168669.0,4917.0,1.0,Fast-Flow,13,2792,2019,10215,10215,10270
10271,TR391349,Gotham City,193167.0,4783.0,49.0,Clean,13,2830,2017,10216,10216,10271
10272,TR945996,La città in fondo al mio cuore,203592.0,4881.0,66.0,Minimal,13,2831,2047,10217,10217,10272
10273,TR638702,La canzone di Arianna,178993.0,5975.0,1.0,Melodic,13,2832,2048,10218,10218,10273
10274,TR770507,Lettere dall’inferno (Outro),230446.0,4190.0,33.0,Clean,13,2833,345,10219,10219,10274
10275,TR652064,Posso Volare,245853.0,5864.0,75.0,Clean,13,2834,2017,10220,10220,10275
10276,TR329986,I Giorni del Cielo,158880.0,4973.0,0.0,Minimal,13,2822,1296,10221,10221,10276
10277,TR531447,Lezioni di danza,172384.0,5264.0,0.0,Hype,13,2792,2019,10222,10222,10277
10278,TR427122,No Rmx,140645.0,5676.0,7.0,Hype,13,2835,2049,8673,8673,10278
10279,TR159427,Sudore,160495.0,4734.0,0.0,Hype,13,2814,1649,10223,10223,10279
10280,TR696057,Il Prezzo,140090.0,4876.0,28.0,Fast-Flow,13,2836,2050,10224,10224,10280
10281,TR522207,Don Chisciotte,193026.0,4834.0,58.0,Melodic,13,2837,345,10225,10225,10281
10282,TR615849,Skeletri,205078.0,4763.0,0.0,Fast-Flow,13,2792,2019,10226,10226,10282
10283,TR606445,La cosa,226906.0,5868.0,82.0,Fast-Flow,13,2810,1290,10227,10227,10283
10284,TR317727,Testa di gallina,140816.0,5672.0,75.0,Clean,13,2804,906,10228,10228,10284
10285,TR593803,Poesie per gli zarri,207880.0,4231.0,1.0,Slow Dark,13,2838,27,10229,10229,10285
10286,TR817190,Adam.02,279484.0,4229.0,11.0,Hype,13,2839,2043,10230,10230,10286
10287,TR977178,No,216320.0,4869.0,29.0,Hype,13,2774,2045,10231,10231,10287
10288,TR615973,Destinazione piano terra (Intro),273973.0,4210.0,4.0,Minimal,13,2840,2043,10232,10232,10288
10289,TR509233,Gordon Gecko,294960.0,5254.0,5.0,Hype,13,2841,671,10233,10233,10289
10290,TR198766,Il coccodrillo,183000.0,4300.0,67.0,Clean,13,2842,2043,10234,10234,10290
10291,TR287556,L.E.I.,181893.0,5060.0,25.0,Slow Dark,13,2843,617,10235,10235,10291
10292,TR508467,Maradona,207804.0,4026.0,0.0,Fast-Flow,13,2844,566,10236,10236,10292
10293,TR687639,Pistole ad acqua,202573.0,4648.0,59.0,Clean,13,2845,345,10237,10237,10293
10294,TR860538,Niente d’oro resta,163600.0,5370.0,69.0,Melodic,13,2846,671,10238,10238,10294
10295,TR597921,F.I.L.M.,140545.0,4981.0,0.0,Hype,13,2847,671,10239,10239,10295
10296,TR537622,Atlantide,173374.0,5976.0,42.0,Hype,13,2848,671,10240,10240,10296
10297,TR977474,Intro,123826.0,5764.0,0.0,Slow Dark,13,2849,1290,10241,10241,10297
10298,TR951284,A sua immagine,223009.0,4733.0,75.0,Hype,13,2850,2040,10242,10242,10298
10299,TR719137,1995,215294.0,4102.0,5.0,Minimal,13,2851,23,10243,10243,10299
10300,TR779942,Freestyle A,279266.0,5710.0,9.0,Hype,13,2852,671,10244,10244,10300
10301,TR324177,Morandi,178524.0,5839.0,5.0,Slow Dark,13,2853,2051,10245,10245,10301
10302,TR989902,La roba buona,236000.0,5655.0,60.0,Fast-Flow,13,2854,2052,10246,10246,10302
10303,TR389881,No More Baby,176470.0,4266.0,1.0,Warm Bangers,13,2855,165,10247,10247,10303
10304,TR503521,In TV i film più belli li fanno sempre di notte,141426.0,6013.0,42.0,Minimal,13,2856,257,2028,2028,10304
10305,TR291289,La coscienza è un assassino,254302.0,4529.0,36.0,Warm Bangers,13,2857,345,10248,10248,10305
10306,TR406954,Tropicana,181846.0,5461.0,0.0,Warm Bangers,13,2858,1003,10249,10249,10306
10307,TR660108,Toy,166905.0,5833.0,1.0,Hype,13,2859,581,10250,10250,10307
10308,TR496879,Rap,271426.0,4484.0,6.0,Hype,13,2860,2053,10251,10251,10308
10309,TR959891,Troppo fatti,176772.0,5835.0,67.0,Hype,13,2861,671,10252,10252,10309
10310,TR336727,Cattivi maestri,254466.0,4632.0,3.0,Clean,13,2862,2054,10253,10253,10310
10311,TR313579,Poco Di Buono,230086.0,5970.0,3.0,Fast-Flow,13,926,617,10254,10254,10311
10312,TR123386,Il Padre altrove,179389.0,4577.0,62.0,Minimal,13,2863,671,10255,10255,10312
10313,TR333424,Moogli,187053.0,5925.0,46.0,Hype,13,2864,671,10256,10256,10313
10314,TR160839,Rap Messiah,261466.0,4120.0,41.0,Hype,13,2865,671,10257,10257,10314
10315,TR503064,Specchi,258577.0,5432.0,7.0,Fast-Flow,13,2773,617,10258,10258,10315
10316,TR789473,Troppo piccola,236282.0,5080.0,63.0,Clean,13,2866,617,10259,10259,10316
10317,TR779818,Masterchef,121600.0,4968.0,24.0,Minimal,13,2867,198,10260,10260,10317
10318,TR981203,Levis,153904.0,4457.0,79.0,Warm Bangers,13,2868,617,10261,10261,10318
10319,TR985537,Altri Angeli,176175.0,5426.0,1.0,Slow Dark,13,2869,2055,10262,10262,10319
10320,TR483734,Figli di carta,160282.0,4395.0,67.0,Hype,13,2870,671,10263,10263,10320
10321,TR577806,Romanzo Twitter,293513.0,5119.0,0.0,Minimal,13,2871,2048,10264,10264,10321
10322,TR236988,Volo,157884.0,4517.0,0.0,Minimal,13,2872,2056,10265,10265,10322
10323,TR714245,Icaro Redux,193243.0,5930.0,48.0,Fast-Flow,13,2873,1453,10266,10266,10323
10324,TR495829,Il contratto,185000.0,4071.0,69.0,Hype,13,2874,581,10267,10267,10324
10325,TR661667,Il ritorno dell’Angelo,98185.0,4411.0,2.0,Minimal,13,2875,2017,10268,10268,10325
10326,TR764338,Strichnina,242413.0,4497.0,28.0,Hype,13,2876,617,10269,10269,10326
10327,TR883436,Ladro di te,136000.0,4840.0,0.0,Slow Dark,13,2877,1225,10270,10270,10327
10328,TR285306,Nostalgia della luce,213391.0,4477.0,1.0,Minimal,13,2878,136,10271,10271,10328
10329,TR705082,P.M. Freestyle,181200.0,4997.0,26.0,Clean,13,2879,532,10272,10272,10329
10330,TR622763,AstroBoy,201754.0,5761.0,0.0,Slow Dark,13,2880,76,10273,10273,10330
10331,TR653532,ZebNeda,154285.0,5439.0,1.0,Hype,13,2881,2057,10274,10274,10331
10332,TR157132,Michael Douglas,222000.0,5177.0,46.0,Slow Dark,13,2882,1775,10275,10275,10332
10333,TR166493,Panda RMX,116420.0,4188.0,45.0,Melodic,13,2883,2058,10276,10276,10333
10334,TR644592,Safari 1 Freestyle,102035.0,5404.0,0.0,Clean,13,2884,1180,10277,10277,10334
10335,TR686662,Il peggior night,174193.0,4347.0,73.0,Hype,13,2810,617,10278,10278,10335
10336,TR303019,Il ribelle,124675.0,5590.0,60.0,Clean,13,2885,2059,10279,10279,10336
10337,TR440307,L.P.,504347.0,4513.0,25.0,Hype,13,2886,617,10280,10280,10337
10338,TR419632,Hamburger,148280.0,4848.0,9.0,Fast-Flow,13,2887,2060,10281,10281,10338
10339,TR318917,Il selvaggio,151421.0,4715.0,61.0,Clean,13,2888,2061,10282,10282,10339
10340,TR318448,Roby Esce A Maggio,174560.0,5732.0,0.0,Warm Bangers,13,2889,496,1137,1137,10340
10341,TR677212,Musica,91466.0,4265.0,24.0,Hype,13,2890,1063,10283,10283,10341
10342,TR361351,Madre In Italy,205106.0,5147.0,63.0,Clean,13,2891,1391,10284,10284,10342
10343,TR393891,Metalneda,239201.0,4296.0,14.0,Fast-Flow,13,2892,424,10285,10285,10343
10344,TR426625,Tekila,154566.0,5421.0,0.0,Warm Bangers,13,2893,2062,10286,10286,10344
10345,TR912131,Dentro Alla Scatola,267000.0,64342.0,34.0,Melodic,67,2894,1957,10287,10287,10345
10346,TR677428,Non So Volare,239426.0,27975.0,35.0,Slow Dark,67,2895,2063,10288,10288,10346
10347,TR628410,"Questo Cuore, Queste Stelle",243120.0,21361.0,44.0,Slow Dark,67,2896,2064,10289,10289,10347
10348,TR367510,Nessuna Via D’Uscita,280720.0,24696.0,43.0,Melodic,67,2897,1957,10290,10290,10348
10349,TR552962,Tieni Duro!,235733.0,20103.0,43.0,Slow Dark,67,2895,2063,10291,10291,10349
10350,TR819089,Ti Starò Affianco,234933.0,19822.0,34.0,Minimal,67,2898,2065,10292,10292,10350
10351,TR468054,Angeli e Demoni,206546.0,19120.0,43.0,Melodic,67,2899,512,10293,10293,10351
10352,TR299632,Non ti ho mai detto,256160.0,18481.0,46.0,Melodic,67,2898,2065,10294,10294,10352
10353,TR237763,Purple Weed,264306.0,13194.0,40.0,Melodic,67,2897,1957,10295,10295,10353
10354,TR604904,Segui La Stella,245173.0,17082.0,47.0,Minimal,67,2897,1957,10296,10296,10354
10355,TR283414,DDR (Dio del Rap),191093.0,12445.0,33.0,Melodic,67,2899,779,10297,10297,10355
10356,TR642694,01-08-1997,163653.0,10213.0,35.0,Slow Dark,67,2900,2063,10298,10298,10356
10357,TR296731,Abbi Fede,207506.0,13159.0,37.0,Melodic,67,2901,2066,10299,10299,10357
10358,TR416270,La Canzone Che Non Ti Ho Mai Scritto,304773.0,11084.0,29.0,Melodic,67,2899,4,10300,10300,10358
10359,TR666431,Regina Di Cuori,185573.0,9612.0,33.0,Slow Dark,67,2895,2063,10301,10301,10359
10360,TR567537,Goodbye kiss,268720.0,10133.0,37.0,Melodic,67,2902,2067,10302,10302,10360
10361,TR441182,Leggenda Urbana,232826.0,10824.0,33.0,Fast-Flow,67,2899,1262,10303,10303,10361
10362,TR889436,Senza Cuore (La Ballata di Johnny),228118.0,10749.0,33.0,Slow Dark,67,2903,2068,10304,10304,10362
10363,TR117163,Non Sento Niente,306760.0,10619.0,30.0,Slow Dark,67,2900,2063,10305,10305,10363
10364,TR160544,Bye Bye,227826.0,10293.0,31.0,Minimal,67,2898,2065,10306,10306,10364
10365,TR956338,Questi Fantasmi,262493.0,6303.0,30.0,Slow Dark,67,2895,2063,10307,10307,10365
10366,TR979156,Piatti Rotti,218120.0,7405.0,35.0,Hype,67,2896,2064,10308,10308,10366
10367,TR534818,Sigarette,185946.0,8446.0,46.0,Slow Dark,67,2902,2067,5792,5792,10367
10368,TR171796,M.A.R.C.I.O.,324173.0,6680.0,25.0,Melodic,67,2895,2063,10309,10309,10368
10369,TR878715,Top Five,147560.0,6794.0,22.0,Hype,67,2899,4,10310,10310,10369
10370,TR749219,Adderall,195000.0,6758.0,39.0,Slow Dark,67,2904,547,10311,10311,10370
10371,TR429837,Un Bacio? (Troppo Poco),240860.0,5846.0,32.0,Slow Dark,67,2905,2069,10312,10312,10371
10372,TR626130,Fight Rap,216642.0,6737.0,17.0,Hype,67,2903,755,10313,10313,10372
10373,TR860912,Un Altro Giorno,216373.0,5591.0,33.0,Hype,67,2896,2070,10314,10314,10373
10374,TR632962,Troppo Lontano,256941.0,5050.0,26.0,Minimal,67,2903,2071,10315,10315,10374
10375,TR523144,Il Primo,283440.0,6113.0,28.0,Slow Dark,67,2900,2063,10316,10316,10375
10376,TR997536,Vida Loca,181800.0,5060.0,24.0,Melodic,67,2899,2072,9901,9901,10376
10377,TR721314,Brucia Marcio Brucia,274746.0,4370.0,21.0,Slow Dark,67,2900,2063,10317,10317,10377
10378,TR776777,Nuova Scuola,180546.0,5040.0,18.0,Fast-Flow,67,2899,4,10318,10318,10378
10379,TR312703,Nel posto più freddo,198040.0,5644.0,28.0,Melodic,67,2902,2067,10319,10319,10379
10380,TR613543,Me & My Bitch,211106.0,5572.0,18.0,Hype,67,2896,701,10320,10320,10380
10381,TR775595,A Denti Stretti,235294.0,5595.0,32.0,Minimal,67,2905,691,10321,10321,10381
10382,TR698646,Scoppia La Bomba,226133.0,5433.0,26.0,Hype,67,2896,2064,10322,10322,10382
10383,TR503316,Bloody break up,185946.0,4521.0,46.0,Fast-Flow,67,2902,2067,10323,10323,10383
10384,TR972120,Come Me,315475.0,5742.0,13.0,Hype,67,2903,2071,10324,10324,10384
10385,TR663662,Cristiano cosa fai (Fine delle trasmissioni),180137.0,5805.0,75.0,Fast-Flow,67,2906,2073,10325,10325,10385
10386,TR514908,Questi Palazzi,279866.0,4402.0,21.0,Melodic,67,2899,4,10326,10326,10386
10387,TR722180,Se solo fossi qui,242962.0,4275.0,11.0,Hype,67,2903,2071,10327,10327,10387
10388,TR977792,Il Mio Mondo,221760.0,5970.0,31.0,Melodic,67,2897,1957,10328,10328,10388
10389,TR369087,Tutto torna,187946.0,5753.0,23.0,Minimal,67,2907,1614,10329,10329,10389
10390,TR334143,Corona love story,174146.0,5803.0,35.0,Slow Dark,67,2902,2067,10330,10330,10390
10391,TR618474,Sogni nella bottiglia,294093.0,5790.0,21.0,Fast-Flow,67,2899,4,10331,10331,10391
10392,TR390632,Lost In The World,205186.0,5100.0,23.0,Slow Dark,67,2896,2064,10332,10332,10392
10393,TR499520,Qualcosa É Rimasto,226266.0,5309.0,23.0,Slow Dark,67,2895,2063,10333,10333,10393
10394,TR426742,Fuck Up The World,240933.0,5104.0,17.0,Fast-Flow,67,2899,4,10334,10334,10394
10395,TR568955,In Cosa Credi,281490.0,4115.0,18.0,Minimal,67,2908,2074,10335,10335,10395
10396,TR722259,Fallo Ancora (Bonus Track),244366.0,5507.0,25.0,Warm Bangers,67,2897,1957,10336,10336,10396
10397,TR794202,Magico,166288.0,5023.0,34.0,Melodic,67,2909,111,10337,10337,10397
10398,TR494991,OH GOD,148162.0,5309.0,19.0,Slow Dark,67,2910,428,10338,10338,10398
10399,TR297131,Da Solo Nel Sole,244626.0,5022.0,18.0,Slow Dark,67,2896,2064,10339,10339,10399
10400,TR517881,Toc-Toc,240680.0,4998.0,25.0,Warm Bangers,67,2897,1957,10340,10340,10400
10401,TR473936,Dentro A Un Sogno,246626.0,4356.0,28.0,Slow Dark,67,2895,2063,10341,10341,10401
10402,TR321828,Generazione X,256160.0,4572.0,46.0,Minimal,67,2898,2075,10342,10342,10402
10403,TR118852,Ladro Di Bambini,262960.0,4329.0,15.0,Warm Bangers,67,2898,2065,10343,10343,10403
10404,TR623119,Giorni Matti Pt. 2,285333.0,4405.0,16.0,Slow Dark,67,2900,2063,10344,10344,10404
10405,TR411030,L’Altro Mondo,216373.0,5964.0,33.0,Slow Dark,67,2896,2063,10345,10345,10405
10406,TR272492,L’Arte Della Guerra,221520.0,4320.0,20.0,Slow Dark,67,2900,2063,10346,10346,10406
10407,TR175402,Idolo,168364.0,4551.0,15.0,Melodic,67,2904,547,10347,10347,10407
10408,TR824985,Nel Bene E Nel Male,252480.0,5196.0,24.0,Melodic,67,2897,1957,10348,10348,10408
10409,TR463718,Come Noi,202680.0,5237.0,18.0,Fast-Flow,67,2896,2064,10349,10349,10409
10410,TR129301,Meno Fragile,232914.0,4322.0,19.0,Hype,67,2905,2069,10350,10350,10410
10411,TR337499,CREDO,165248.0,5604.0,45.0,Slow Dark,67,2911,589,10351,10351,10411
10412,TR841119,La Freschezza Del Marcio,243120.0,5589.0,44.0,Hype,67,2896,1695,10352,10352,10412
10413,TR742582,Guarda In Alto,248106.0,4488.0,17.0,Slow Dark,67,2900,2063,10353,10353,10413
10414,TR505587,Granata,206480.0,4591.0,18.0,Warm Bangers,67,2896,2064,10354,10354,10414
10415,TR997334,Replay,202546.0,5893.0,22.0,Slow Dark,67,2902,2067,10355,10355,10415
10416,TR416265,Il Paradiso Perduto,312533.0,5668.0,11.0,Fast-Flow,67,2900,2063,10356,10356,10416
10417,TR910598,COL FUOCO NEGLI OCCHI,144112.0,5410.0,45.0,Slow Dark,67,2911,277,10357,10357,10417
10418,TR235598,Solo Un Uomo,264266.0,4178.0,52.0,Melodic,67,2897,1957,10358,10358,10418
10419,TR762754,Burn Your House Down,252306.0,4852.0,85.0,Hype,67,2912,317,10359,10359,10419
10420,TR236318,Come Prima,269640.0,5133.0,20.0,Fast-Flow,67,2897,1957,10360,10360,10420
10421,TR897915,Città del fumo,141090.0,4387.0,35.0,Melodic,67,2913,285,10361,10361,10421
10422,TR662624,Passo dopo passo,200917.0,4911.0,10.0,Minimal,67,2903,588,10362,10362,10422
10423,TR406716,Che Senso Ha,222093.0,5217.0,20.0,Melodic,67,2898,2065,10363,10363,10423
10424,TR512732,Qua Per Restare,208693.0,4668.0,14.0,Fast-Flow,67,2896,2064,10364,10364,10424
10425,TR444343,Nella Bocca Della Tigre,240860.0,5579.0,32.0,Minimal,67,2905,2076,10365,10365,10425
10426,TR206705,Solo Parole,189436.0,5699.0,18.0,Fast-Flow,67,2905,2069,10366,10366,10426
10427,TR646241,Knock Down,205386.0,4663.0,15.0,Hype,67,2896,2064,10367,10367,10427
10428,TR595790,Magico (RMX),166288.0,5693.0,34.0,Melodic,67,2909,144,10368,10368,10428
10429,TR535468,Quando Tutto Cade,285303.0,4220.0,16.0,Hype,67,2903,2071,10369,10369,10429
10430,TR317704,Tra Le Stelle,165730.0,5693.0,19.0,Hype,67,2903,2071,10370,10370,10430
10431,TR620313,Pazzo (Bonus Track),222720.0,4319.0,5.0,Melodic,67,2907,1957,10371,10371,10431
10432,TR388839,Mazzette,215573.0,4178.0,8.0,Fast-Flow,67,2914,2077,10372,10372,10432
10433,TR185259,Il Guercio,293957.0,5298.0,31.0,Melodic,67,2915,2066,10373,10373,10433
10434,TR807613,Chi Temo Di Più,282915.0,4959.0,11.0,Hype,67,2903,2071,10374,10374,10434
10435,TR261964,Dove Sarai Tu,398913.0,5834.0,14.0,Fast-Flow,67,2905,2069,9719,9719,10435
10436,TR878537,Nero O Bianco,222453.0,4740.0,21.0,Melodic,67,2897,2078,10375,10375,10436
10437,TR177776,Il mio riflesso,178588.0,4587.0,26.0,Fast-Flow,67,2902,320,10376,10376,10437
10438,TR612809,Fiori e fango,172132.0,5015.0,30.0,Fast-Flow,67,2916,178,10377,10377,10438
10439,TR127950,Mezzanotte,235374.0,4926.0,31.0,Minimal,67,2916,111,10378,10378,10439
10440,TR715739,La Gente Sola,326960.0,4703.0,10.0,Minimal,67,2898,2065,10379,10379,10440
10441,TR103268,Conosci Il Tuo Nemico,240000.0,5405.0,15.0,Fast-Flow,67,2903,2068,10380,10380,10441
10442,TR555206,NO WAVE,114667.0,5534.0,50.0,Melodic,67,2911,700,10381,10381,10442
10443,TR118758,Come Si Fa,250000.0,5724.0,23.0,Melodic,67,2897,1957,10382,10382,10443
10444,TR378992,Oohh!!,201293.0,5964.0,14.0,Hype,67,2896,2064,10383,10383,10444
10445,TR229691,Dentro Alla Scatola - Mondo Marcio Vs Finley,267000.0,4547.0,34.0,Hype,67,2894,2078,10384,10384,10445
10446,TR148352,I Miei Motivi,242177.0,5449.0,12.0,Hype,67,2903,2071,10385,10385,10446
10447,TR752859,On Fire,390906.0,4801.0,13.0,Minimal,67,2896,2064,10386,10386,10447
10448,TR105784,Kerosene,153228.0,5370.0,40.0,Slow Dark,67,2917,460,10387,10387,10448
10449,TR921940,Il Richiamo,164839.0,4967.0,17.0,Slow Dark,67,2905,2069,10388,10388,10449
10450,TR928497,Ancora Qua,286213.0,6005.0,20.0,Fast-Flow,67,2897,1957,10389,10389,10450
10451,TR412906,Scema,200053.0,5473.0,34.0,Slow Dark,67,2916,111,10390,10390,10451
10452,TR232907,Non Dimenticarti Di Me,252679.0,5923.0,7.0,Slow Dark,67,2898,2065,10391,10391,10452
10453,TR609875,All Nite,193613.0,5688.0,13.0,Hype,67,2896,2064,10392,10392,10453
10454,TR579403,Il Solo Rimasto,218226.0,5823.0,22.0,Fast-Flow,67,2897,1957,10393,10393,10454
10455,TR660396,Non Piangere,263373.0,5646.0,15.0,Hype,67,2897,2078,10394,10394,10455
10456,TR348465,Fiore nero,199900.0,4933.0,14.0,Slow Dark,67,2905,2069,10395,10395,10456
10457,TR446021,Mr. Fucker,180906.0,4517.0,16.0,Melodic,67,2896,2064,10396,10396,10457
10458,TR465259,Ultima Corsa,266332.0,4755.0,18.0,Melodic,67,2897,2078,10397,10397,10458
10459,TR209347,The Most Wanted,275840.0,4052.0,20.0,Slow Dark,67,2897,1957,10398,10398,10459
10460,TR676360,La Mia Metà,216133.0,5063.0,11.0,Melodic,67,2898,2065,10399,10399,10460
10461,TR122532,Senza Veli,165252.0,5024.0,30.0,Melodic,67,2916,111,10400,10400,10461
10462,TR137693,Donne Moderne,252706.0,5065.0,9.0,Melodic,67,2898,2065,10401,10401,10462
10463,TR611127,Sono Un Sognatore,236213.0,5968.0,28.0,Hype,67,2897,2078,10402,10402,10463
10464,TR667745,Fuori di Qua,207506.0,5841.0,37.0,Melodic,67,2901,2066,10403,10403,10464
10465,TR733933,Alza Le Mani,175613.0,4336.0,8.0,Melodic,67,2898,2065,10404,10404,10465
10466,TR873763,Kilo,200917.0,4752.0,10.0,Hype,67,2903,2071,10405,10405,10466
10467,TR534725,L’ULTIMA VOLTA (feat. il futuro),143528.0,4861.0,45.0,Fast-Flow,67,2911,700,10406,10406,10467
10468,TR407993,Niente Favori (Bonus Track),315475.0,4736.0,13.0,Melodic,67,2903,2064,10407,10407,10468
10469,TR230490,Bambola Vodoo,178500.0,5612.0,23.0,Warm Bangers,67,2916,111,10408,10408,10469
10470,TR843958,Mp3,246373.0,5064.0,16.0,Hype,67,2907,2079,10409,10409,10470
10471,TR792495,A Modo Mio,259120.0,5160.0,9.0,Melodic,67,2898,2065,10410,10410,10471
10472,TR539854,SENZA VOCE (feat. il presente),99498.0,5722.0,40.0,Slow Dark,67,2911,700,10411,10411,10472
10473,TR992286,Sei Troppo Cheap,215133.0,5628.0,13.0,Slow Dark,67,2918,2066,10412,10412,10473
10474,TR331300,Parla Per Te,216906.0,4277.0,8.0,Melodic,67,2898,2065,10413,10413,10474
10475,TR555354,Una Nel Mondo,228573.0,5441.0,17.0,Warm Bangers,67,2897,2078,10414,10414,10475
10476,TR976054,Ultimo Spettacolo,296706.0,4886.0,9.0,Minimal,67,2898,2065,10415,10415,10476
10477,TR930338,Cose Dell’Altro Mondo,163653.0,4603.0,35.0,Slow Dark,67,2900,2071,10416,10416,10477
10478,TR121881,Show Off,156875.0,4111.0,20.0,Melodic,67,2916,111,10417,10417,10478
10479,TR836948,The One,260626.0,4989.0,15.0,Warm Bangers,67,2897,2078,10418,10418,10479
10480,TR267159,Perché Deve Andare Così?!,260186.0,4725.0,18.0,Melodic,67,2897,2078,10419,10419,10480
10481,TR750691,Bang!,215676.0,4517.0,11.0,Fast-Flow,67,2903,2068,10420,10420,10481
10482,TR436613,La Fiera delle Vanità,229348.0,5405.0,13.0,Slow Dark,67,2905,2069,10421,10421,10482
10483,TR162884,LAST DANCE,150243.0,5555.0,43.0,Slow Dark,67,2911,700,10422,10422,10483
10484,TR975554,Il Giuramento,240986.0,4503.0,9.0,Melodic,67,2918,2066,10423,10423,10484
10485,TR836340,Allo Specchio,154750.0,4109.0,22.0,Melodic,67,2916,111,10424,10424,10485
10486,TR845474,Gangster Italiano Freestyle,315475.0,5715.0,13.0,Minimal,67,2903,2080,10425,10425,10486
10487,TR453229,LANZAROTE,189340.0,4031.0,40.0,Fast-Flow,67,2911,700,10426,10426,10487
10488,TR281652,Immortale,234951.0,5893.0,5.0,Minimal,67,2919,2081,10427,10427,10488
10489,TR790792,Non Lasciarmi,182000.0,5272.0,9.0,Slow Dark,67,2918,2066,10428,10428,10489
10490,TR203356,Mai nessuno,248426.0,4659.0,9.0,Fast-Flow,67,2907,1614,10429,10429,10490
10491,TR406456,La Città,270666.0,4507.0,17.0,Melodic,67,2897,2078,10430,10430,10491
10492,TR601029,SABBIA,206203.0,4030.0,44.0,Slow Dark,67,2911,700,10431,10431,10492
10493,TR792976,Farai Come Ti Dico,218173.0,4484.0,11.0,Slow Dark,67,2898,2065,10432,10432,10493
10494,TR735617,Fuoco E Ghiaccio,149902.0,4287.0,27.0,Fast-Flow,67,2916,111,10433,10433,10494
10495,TR115681,Sweet Pussy,211253.0,5240.0,11.0,Melodic,67,2918,2066,10434,10434,10495
10496,TR967164,Giorni Migliori,167125.0,4345.0,19.0,Slow Dark,67,2916,111,10435,10435,10496
10497,TR194346,Marcio Non Farlo,186583.0,5071.0,21.0,Warm Bangers,67,2916,111,10436,10436,10497
10498,TR595020,Un altro Punk in Città,230440.0,5195.0,24.0,Minimal,67,2920,2022,10437,10437,10498
10499,TR886668,Dal tramonto all’alba,189586.0,4609.0,7.0,Minimal,67,2900,355,10438,10438,10499
10500,TR563354,MILANO PIANGE (feat. il passato),184010.0,4081.0,40.0,Fast-Flow,67,2911,700,10439,10439,10500
10501,TR518324,Spalle Al Muro,291289.0,4087.0,8.0,Hype,67,2903,2071,10440,10440,10501
10502,TR864774,Avanzi,158000.0,4064.0,56.0,Melodic,67,2921,2082,10441,10441,10502
10503,TR237702,Sembra Un Fenomeno,261013.0,5494.0,7.0,Melodic,67,2898,2065,10442,10442,10503
10504,TR370361,Ti Buco L’Anima,170400.0,4650.0,10.0,Melodic,67,2918,2066,10443,10443,10504
10505,TR321561,Eli-Mina-Zione,259146.0,5610.0,12.0,Hype,67,2905,2069,10444,10444,10505
10506,TR967165,Notorietà,233853.0,4879.0,9.0,Slow Dark,67,2898,2065,10445,10445,10506
10507,TR288938,Come sei cresciuto,207937.0,4921.0,9.0,Melodic,67,2908,2074,10446,10446,10507
10508,TR696780,Make Money Money,269000.0,5040.0,8.0,Melodic,67,2918,2066,10447,10447,10508
10509,TR791371,Le Strade,269333.0,5443.0,17.0,Slow Dark,67,2897,2066,10448,10448,10509
10510,TR772702,Il Motivo,237146.0,4558.0,14.0,Warm Bangers,67,2897,2078,2978,2978,10510
10511,TR296688,Ogni Città,247426.0,4255.0,8.0,Minimal,67,2898,2065,10449,10449,10511
10512,TR948397,King Tut,212906.0,5128.0,12.0,Hype,67,2900,2082,10450,10450,10512
10513,TR416673,Qual è Il Tuo Nome,150986.0,4667.0,10.0,Melodic,67,2918,2066,10451,10451,10513
10514,TR749814,Città del Fumo PT.2,141090.0,4899.0,35.0,Slow Dark,67,2913,77,10452,10452,10514
10515,TR118288,05/08/1997,207947.0,5310.0,54.0,Slow Dark,67,2922,158,10453,10453,10515
10516,TR642070,Desideri,162958.0,5002.0,19.0,Melodic,67,2916,111,10454,10454,10516
10517,TR619964,Tagliarmi le vene,239708.0,5257.0,11.0,Minimal,67,2908,2074,10455,10455,10517
10518,TR608963,Babilonia Brucia,235733.0,5105.0,43.0,Melodic,67,2895,2082,10456,10456,10518
10519,TR469798,Bombe Sopra Baghdad,271920.0,5497.0,2.0,Hype,67,2923,2077,10457,10457,10519
10520,TR420845,Outro (Magico),86687.0,5424.0,15.0,Melodic,67,2916,111,10458,10458,10520
10521,TR890852,Le Strade Guardano,269333.0,5083.0,17.0,Warm Bangers,67,2897,2078,10459,10459,10521
10522,TR172680,High Tech,237000.0,5374.0,28.0,Warm Bangers,67,2924,2077,10460,10460,10522
10523,TR749388,CARNIVORI,157669.0,5764.0,41.0,Slow Dark,67,2911,700,10461,10461,10523
10524,TR573535,Lavoro,173000.0,4880.0,9.0,Melodic,67,2908,2074,10462,10462,10524
10525,TR549127,Candy,254072.0,4840.0,14.0,Warm Bangers,67,2897,2078,10463,10463,10525
10526,TR775939,All the Way to Chilltown,252800.0,5545.0,11.0,Melodic,67,2918,2066,10464,10464,10526
10527,TR736132,Gotham,138151.0,5181.0,10.0,Hype,67,2925,2083,10465,10465,10527
10528,TR231225,L.A. Strippers,170653.0,4154.0,15.0,Warm Bangers,67,2897,2078,10466,10466,10528
10529,TR662075,Non ho tempo per questo,170437.0,5802.0,8.0,Melodic,67,2908,2074,10467,10467,10529
10530,TR940528,Lo Devi Amare,174103.0,4074.0,16.0,Hype,67,2897,2078,10468,10468,10530
10531,TR890448,Fumo Passivo,208693.0,5514.0,14.0,Minimal,67,2896,2068,10469,10469,10531
10532,TR589172,Tocco magico,315475.0,5536.0,13.0,Minimal,67,2903,367,10470,10470,10532
10533,TR895037,Intro (Solo Un Uomo),47173.0,5922.0,15.0,Melodic,67,2897,1957,10471,10471,10533
10534,TR543626,Mercedes Muzik,164776.0,4121.0,67.0,Melodic,67,2926,2082,10472,10472,10534
10535,TR540621,RUMORS,161524.0,5210.0,41.0,Slow Dark,67,2911,700,10473,10473,10535
10536,TR679972,Continua Domani,276280.0,4871.0,1.0,Minimal,67,2927,1737,3192,3192,10536
10537,TR717882,EUPHORIA,186408.0,4674.0,38.0,Fast-Flow,67,2911,700,10474,10474,10537
10538,TR423710,Perdendo il controllo,229750.0,4193.0,8.0,Melodic,67,2908,2074,7663,7663,10538
10539,TR206748,Non Moriremo Mai,246906.0,5140.0,16.0,Warm Bangers,67,2897,2078,10475,10475,10539
10540,TR961823,4 minuti,280720.0,4973.0,43.0,Melodic,67,2897,588,10476,10476,10540
10541,TR767783,Io e Il Mio Fumo,200280.0,4222.0,28.0,Slow Dark,67,2928,2084,10477,10477,10541
10542,TR933289,L’Ultimo Ballo,174103.0,5240.0,16.0,Slow Dark,67,2897,285,10478,10478,10542
10543,TR390951,Se Adesso Te Ne Vai,244129.0,5493.0,14.0,Slow Dark,67,2905,2069,10479,10479,10543
10544,TR557824,Bum Bum Bum,291750.0,5553.0,6.0,Slow Dark,67,2908,2074,10480,10480,10544
10545,TR311301,Non sono una rockstar,250040.0,5830.0,10.0,Melodic,67,2907,2085,10481,10481,10545
10546,TR455930,A spasso nel cimitero,299773.0,4835.0,8.0,Hype,67,2907,1614,10482,10482,10546
10547,TR306724,Animale in gabbia,187946.0,5925.0,23.0,Hype,67,2907,1614,10483,10483,10547
10548,TR267573,Se fossi presidente,239560.0,5749.0,9.0,Fast-Flow,67,2907,1614,10484,10484,10548
10549,TR538901,If I Die 2Nite,285986.0,4604.0,13.0,Warm Bangers,67,2897,2078,10485,10485,10549
10550,TR855997,Come un italiano,240080.0,4332.0,14.0,Melodic,67,2929,2086,10486,10486,10550
10551,TR279719,Showtime,238000.0,4886.0,9.0,Slow Dark,67,2918,2066,10487,10487,10551
10552,TR356672,Creperai,247500.0,4819.0,61.0,Fast-Flow,67,2930,2087,10488,10488,10552
10553,TR652638,Jack,249626.0,5166.0,42.0,Melodic,67,2931,2066,10489,10489,10553
10554,TR938192,Perché mi faccio,246626.0,5182.0,28.0,Melodic,67,2895,588,10490,10490,10554
10555,TR152059,Una storia da raccontare,287358.0,5517.0,7.0,Slow Dark,67,2908,2074,10491,10491,10555
10556,TR256946,Che ti piaccia o no,294624.0,5034.0,8.0,Melodic,67,2908,2074,10492,10492,10556
10557,TR507612,Non Puoi Spegnerlo,137480.0,4221.0,8.0,Melodic,67,2918,2066,10493,10493,10557
10558,TR201834,Di Ghiaccio,236600.0,5732.0,15.0,Melodic,67,2918,2084,10494,10494,10558
10559,TR768742,Effetto shock,227880.0,4634.0,6.0,Minimal,67,2900,2088,10495,10495,10559
10560,TR539505,I Marci Mi Cercano,191306.0,5961.0,15.0,Hype,67,2897,2078,10496,10496,10560
10561,TR703055,Potresti Darmi il Mondo (Bonus Track),246373.0,4249.0,16.0,Hype,67,2907,2064,10497,10497,10561
10562,TR982413,Intro / Sempre lo stesso,310958.0,5935.0,8.0,Minimal,67,2908,2074,10498,10498,10562
10563,TR111132,Breathe Easy,230946.0,4195.0,13.0,Hype,67,2897,2078,10499,10499,10563
10564,TR209907,Cattiva influenza,204746.0,4475.0,8.0,Minimal,67,2929,2089,10500,10500,10564
10565,TR535736,Chi mi ha detto di no,280720.0,4105.0,43.0,Melodic,67,2897,2087,10501,10501,10565
10566,TR658718,Il fumo uccide,170382.0,5427.0,24.0,Melodic,67,2932,2087,10502,10502,10566
10567,TR420210,Sopra Di Noi,192954.0,5717.0,8.0,Minimal,67,2908,2074,10503,10503,10567
10568,TR989546,Sto bruciando vivo,312506.0,4884.0,6.0,Minimal,67,2907,1614,10504,10504,10568
10569,TR683475,Morendo,248106.0,5874.0,17.0,Minimal,67,2900,588,10505,10505,10569
10570,TR594742,Dimmi di cosa hai paura,226440.0,5197.0,6.0,Fast-Flow,67,2929,2089,10506,10506,10570
10571,TR764115,Starlight,218586.0,5276.0,6.0,Melodic,67,2918,2066,10507,10507,10571
10572,TR270366,Tempi moderni,168888.0,5707.0,5.0,Melodic,67,2898,2065,10508,10508,10572
10573,TR179707,La serata benedetta,197813.0,4607.0,20.0,Fast-Flow,67,2933,588,10509,10509,10573
10574,TR635474,Natale No,230000.0,4723.0,6.0,Hype,67,2903,2090,10510,10510,10574
10575,TR579775,H O2 H,323760.0,5831.0,0.0,Minimal,67,2934,588,10511,10511,10575
10576,TR430452,Quello Che So,211373.0,5819.0,7.0,Melodic,67,2918,2066,10512,10512,10576
10577,TR443652,Xxtasi,247500.0,5973.0,61.0,Slow Dark,67,2930,2074,10513,10513,10577
10578,TR882339,Dischi volanti,259972.0,5822.0,41.0,Fast-Flow,67,2935,2068,10514,10514,10578
10579,TR799588,Tutto Può Cambiare,264905.0,4268.0,10.0,Minimal,67,2908,2074,10515,10515,10579
10580,TR678837,Società Segreta,280720.0,5665.0,43.0,Hype,67,2897,2082,10516,10516,10580
10581,TR739027,Mentre Scrivo,211360.0,4834.0,5.0,Fast-Flow,67,2936,298,10517,10517,10581
10582,TR991553,Intro + Nascita di un marcio,222529.0,5998.0,16.0,Minimal,67,2937,588,10518,10518,10582
10583,TR733441,Tutto quello che sono,226906.0,4960.0,82.0,Melodic,67,2938,588,10519,10519,10583
10584,TR727272,Nessuno ti ama,379360.0,5124.0,10.0,Fast-Flow,67,2929,2089,10520,10520,10584
10585,TR683319,Nel Buio,228573.0,5074.0,17.0,Minimal,67,2897,2068,10521,10521,10585
10586,TR846209,Gelido,244626.0,4656.0,18.0,Fast-Flow,67,2896,2064,10522,10522,10586
10587,TR829954,Ho Perso La Testa,281490.0,4162.0,18.0,Melodic,67,2908,2084,10523,10523,10587
10588,TR131968,Easy,290226.0,5808.0,7.0,Melodic,67,2929,2089,10524,10524,10588
10589,TR269790,Tutto apposto,244586.0,5623.0,18.0,Warm Bangers,67,2896,1614,10525,10525,10589
10590,TR792143,A dente stretti,264000.0,4292.0,2.0,Minimal,67,2939,93,10526,10526,10590
10591,TR278806,Come sono fatto,92080.0,5570.0,6.0,Hype,67,2907,1614,10527,10527,10591
10592,TR891039,Demone nell’ipod,210440.0,5267.0,6.0,Slow Dark,67,2900,2088,10528,10528,10592
10593,TR754161,Dai non è il caso,197533.0,4832.0,5.0,Melodic,67,2929,2089,10529,10529,10593
10594,TR611746,Dexter,245613.0,4522.0,6.0,Melodic,67,2929,2089,10530,10530,10594
10595,TR783486,Conigli Freestyle,158000.0,5737.0,56.0,Melodic,67,2921,2091,10531,10531,10595
10596,TR742183,Mostro,235733.0,5417.0,43.0,Minimal,67,2895,2087,10532,10532,10596
10597,TR822946,Warm Up,225384.0,5111.0,21.0,Slow Dark,67,2940,187,10533,10533,10597
10598,TR241445,11° comandamento,212000.0,5236.0,4.0,Hype,67,2941,588,10534,10534,10598
10599,TR452028,Maschera a Gas,205386.0,4195.0,15.0,Hype,67,2896,2084,10535,10535,10599
10600,TR321945,Non Dimenticare,193340.0,4963.0,16.0,Slow Dark,67,2942,1737,10536,10536,10600
10601,TR790266,All I Love,260626.0,4401.0,15.0,Minimal,67,2897,2068,10537,10537,10601
10602,TR603823,Vieni a prenderci,209124.0,4430.0,5.0,Minimal,67,2919,2081,10538,10538,10602
10603,TR569849,Come Iva Zanicchi,152142.0,5338.0,4.0,Minimal,67,2943,2068,10539,10539,10603
10604,TR197610,Il grande sogno,195226.0,5841.0,6.0,Melodic,67,2929,2089,10540,10540,10604
10605,TR724927,Puro amore,276280.0,4821.0,1.0,Melodic,67,2927,588,10541,10541,10605
10606,TR371139,Sempre in serata,210800.0,4429.0,7.0,Hype,67,2900,2088,8111,8111,10606
10607,TR326177,Panico! (Bonus track),283440.0,5313.0,28.0,Slow Dark,67,2900,817,10542,10542,10607
10608,TR408697,Prologo,58477.0,5759.0,11.0,Minimal,67,2905,2069,10543,10543,10608
10609,TR190655,Così tanto alcol,226906.0,5516.0,82.0,Hype,67,2938,1614,10544,10544,10609
10610,TR143027,Soltanto Marci,262960.0,5754.0,11.0,Slow Dark,67,2898,2068,10545,10545,10610
10611,TR208087,Orfano,247500.0,5090.0,61.0,Melodic,67,2930,588,10546,10546,10611
10612,TR323417,Le ragazze,196013.0,5521.0,5.0,Hype,67,2929,2089,10547,10547,10612
10613,TR809176,Mi dispiace,246373.0,4292.0,16.0,Minimal,67,2907,588,10548,10548,10613
10614,TR952351,Cos’hai di nuovo?,223146.0,4711.0,4.0,Melodic,67,2929,2089,10549,10549,10614
10615,TR241119,Un altro Mondo Marcio,216373.0,4794.0,33.0,Slow Dark,67,2896,1614,10550,10550,10615
10616,TR596070,Gian Marco,247426.0,5038.0,8.0,Slow Dark,67,2898,2092,10551,10551,10616
10617,TR140463,Jemal’s War,41099.0,5873.0,11.0,Melodic,67,2897,2078,10552,10552,10617
10618,TR720391,Puoi Fare Di Meglio,180874.0,5765.0,5.0,Melodic,67,2919,1835,10553,10553,10618
10619,TR904925,Quanta carne,286586.0,4281.0,5.0,Melodic,67,2929,2089,10554,10554,10619
10620,TR526580,Brutta storia (Repack),283440.0,4359.0,28.0,Melodic,67,2900,2093,10555,10555,10620
10621,TR464112,Voglio scrivere un tormentone,203640.0,4730.0,4.0,Clean,67,2907,1614,10556,10556,10621
10622,TR634616,Warning,247500.0,4597.0,61.0,Minimal,67,2930,2068,10557,10557,10622
10623,TR272972,Guardati intorno,245173.0,5247.0,47.0,Clean,67,2897,588,10558,10558,10623
10624,TR850661,Vero hardcore,189436.0,5824.0,18.0,Slow Dark,67,2905,2087,10559,10559,10624
10625,TR995810,Time Line,212000.0,5943.0,4.0,Minimal,67,2941,2082,10560,10560,10625
10626,TR535913,Un po’ più in alto,195750.0,5325.0,8.0,Melodic,67,2908,2074,10561,10561,10626
10627,TR185587,Rap Phenomenon,250040.0,5694.0,10.0,Hype,67,2907,2084,10562,10562,10627
10628,TR439872,Conto alla rovescia,226293.0,5065.0,5.0,Minimal,67,2929,2089,10563,10563,10628
10629,TR167125,Intro (Fuori di Qua!),11426.0,4429.0,0.0,Melodic,67,2901,2066,10564,10564,10629
10630,TR816279,Dove Sono i Soldi?,262960.0,5065.0,15.0,Minimal,67,2898,2068,10565,10565,10630
10631,TR444933,Patto col diavolo,466000.0,5126.0,62.0,Minimal,67,2944,2094,10566,10566,10631
10632,TR756035,Lost,205186.0,5502.0,23.0,Slow Dark,67,2896,2095,10567,10567,10632
10633,TR915474,Intro (Nessuna Via D’Uscita Mixtape),222453.0,4453.0,21.0,Minimal,67,2897,2078,10568,10568,10633
10634,TR489945,Marcio (Difesa Personale),312520.0,4750.0,14.0,Melodic,67,2895,588,10569,10569,10634
10635,TR924168,Dentro Ad Un Sogno,324173.0,4742.0,25.0,Slow Dark,67,2895,2096,10570,10570,10635
10636,TR397451,Corsia di sorpasso,199999.0,5936.0,8.0,Minimal,67,2945,2087,10571,10571,10636
10637,TR748884,Non è un paese per giovani,202680.0,4902.0,18.0,Melodic,67,2896,2087,10572,10572,10637
10638,TR211670,Questi Fantasmi (Dj Shocca Rmx),176106.0,5526.0,5.0,Melodic,67,2920,2097,10573,10573,10638
10639,TR940808,Per Stasera,275840.0,5518.0,20.0,Melodic,67,2897,1957,10574,10574,10639
10640,TR521006,Cane matto,250000.0,4545.0,23.0,Clean,67,2897,2087,10575,10575,10640
10641,TR706067,Era Tutto Un Sogno (Presave Bonus Track),324173.0,5160.0,25.0,Slow Dark,67,2895,2071,10576,10576,10641
10642,TR250339,Slam-Dunk (Freestyle),158000.0,5804.0,56.0,Warm Bangers,67,2921,2098,10577,10577,10642
10643,TR562625,Lord knows,200280.0,4966.0,28.0,Minimal,67,2928,2068,10578,10578,10643
10644,TR292683,Conosci il Nome,280800.0,5907.0,10.0,Minimal,67,2900,2068,10579,10579,10644
10645,TR270855,Non Puoi Buttarmi Giù,174103.0,4443.0,16.0,Minimal,67,2897,1737,10580,10580,10645
10646,TR247318,Euro,239560.0,4159.0,9.0,Slow Dark,67,2907,2087,10581,10581,10646
10647,TR280297,Cannon Freestyle,197813.0,5801.0,20.0,Hype,67,2933,2091,10582,10582,10647
10648,TR270925,Solo con una,226906.0,5713.0,82.0,Hype,67,2938,2099,10583,10583,10648
10649,TR310747,Tieni Il Resto,235733.0,6004.0,43.0,Slow Dark,67,2895,2100,10584,10584,10649
10650,TR177607,Intro MDSK,222093.0,5374.0,20.0,Slow Dark,67,2898,2089,10585,10585,10650
10651,TR170867,Nascondi tutto,218226.0,5892.0,22.0,Hype,67,2897,2087,10586,10586,10651
10652,TR686254,Tutto e nient’altro (Repack),266332.0,5670.0,18.0,Melodic,67,2897,2093,10587,10587,10652
10653,TR308992,L’Arte Della Guerra (Dj Shocca Rmx),247500.0,5707.0,61.0,Minimal,67,2930,2097,10588,10588,10653
10654,TR749503,Outro,86687.0,5153.0,15.0,Minimal,67,2916,2101,10589,10589,10654
10655,TR642818,Per Il Momento,200917.0,4780.0,10.0,Minimal,67,2903,542,10590,10590,10655
10656,TR893222,Dov’è Andato Freestyle,283440.0,5886.0,28.0,Minimal,67,2900,2080,10591,10591,10656
10657,TR866390,Freestyle,197813.0,4880.0,20.0,Minimal,67,2933,2102,10592,10592,10657
10658,TR863352,Non Mi Basta,175040.0,5093.0,18.0,Minimal,67,2946,1737,10593,10593,10658
10659,TR149575,Brutto Carattere,264000.0,4907.0,13.0,Minimal,67,2947,2100,10594,10594,10659
10660,TR186046,Serve un altro Gesù Cristo (Repack),245666.0,5147.0,19.0,Minimal,67,2895,2093,10595,10595,10660
10661,TR539434,Intro (Il Fumo Uccide),170382.0,4954.0,24.0,Clean,67,2932,2087,10596,10596,10661
10662,TR757765,Uno a Cento,262960.0,4109.0,15.0,Clean,67,2898,1737,3776,3776,10662
10663,TR964893,Come Un Pezzo Degli Stones,193043.0,5782.0,15.0,Clean,67,2948,1737,10597,10597,10663
10664,TR523767,Zero Punto Otto,250909.0,4904.0,13.0,Slow Dark,67,2949,2103,10598,10598,10664
10665,TR384978,Mostro (Repack),235733.0,5195.0,43.0,Minimal,67,2895,2093,10599,10599,10665
10666,TR758172,Mai,256160.0,4292.0,46.0,Fast-Flow,67,2898,2104,10600,10600,10666
10667,TR939645,Mio Dio!,235733.0,4020.0,43.0,Clean,67,2895,2102,10601,10601,10667
10668,TR925686,Nessuna Pietà,223834.0,4505.0,79.0,Minimal,67,2950,1737,10602,10602,10668
10669,TR509828,Giorni Matti pt. 2 (Michel Rmx),283440.0,5426.0,28.0,Slow Dark,67,2900,2097,10603,10603,10669
10670,TR406495,Solo Noi,226266.0,4211.0,23.0,Fast-Flow,67,2895,2088,10604,10604,10670
10671,TR849617,Rising,247500.0,5835.0,61.0,Slow Dark,67,2930,777,10605,10605,10671
10672,TR118752,L’Inferno È Alle Porte Freestyle,154736.0,4444.0,1.0,Clean,67,2951,2080,10606,10606,10672
10673,TR575399,Leviatano,188879.0,4423.0,15.0,Clean,67,2952,2105,10607,10607,10673
10674,TR978975,M.A.R.C.I.O (DJ Luda Rmx),315475.0,4376.0,13.0,Hype,67,2903,2097,10608,10608,10674
10675,TR244909,Tutto Nero Freestyle,226906.0,4040.0,82.0,Minimal,67,2938,2080,10609,10609,10675
10676,TR663305,Kush,214588.0,5560.0,67.0,Minimal,67,2953,2087,10610,10610,10676
10677,TR934181,Showtime Pt. 2,244586.0,5768.0,18.0,Minimal,67,2896,1737,10611,10611,10677
10678,TR231950,Lasciami Un Messaggio,163653.0,5246.0,35.0,Minimal,67,2900,2100,10612,10612,10678
10679,TR228952,Regina Di Cuori (Sano Rmx),185573.0,4389.0,33.0,Clean,67,2895,2097,10613,10613,10679
10680,TR660014,Non Sento Niente (Michel Rmx),193708.0,4585.0,57.0,Melodic,67,2922,2097,10614,10614,10680
10681,TR614178,Non Fa Per Me,312520.0,4967.0,14.0,Fast-Flow,67,2895,2100,10615,10615,10681
10682,TR774256,Intro - Streetstyle,222093.0,5926.0,20.0,Slow Dark,67,2898,285,10616,10616,10682
10683,TR179936,Passaparola,247500.0,4508.0,61.0,Minimal,67,2930,2100,10617,10617,10683
10684,TR752203,Finish Line (Freestyle),158000.0,5479.0,56.0,Slow Dark,67,2921,172,10618,10618,10684
10685,TR579061,Primo interludio,48480.0,4892.0,6.0,Minimal,67,2900,2068,10619,10619,10685
10686,TR311263,Qualcosa É Rimasto (Don Joe Rmx),226280.0,4609.0,9.0,Melodic,67,2900,2097,10620,10620,10686
10687,TR374067,Intro (Devil’s Speech),222093.0,4926.0,20.0,Minimal,67,2898,1737,10621,10621,10687
10688,TR606027,Started From The Bottom (Solo Bombe),185546.0,4154.0,0.0,Clean,67,2954,2106,10622,10622,10688
10689,TR988487,Brucia Marcio Brucia (Don Joe Rmx),201293.0,5615.0,14.0,Clean,67,2896,2097,10623,10623,10689
10690,TR486247,Toro Scatenato Freestyle,158000.0,4500.0,56.0,Minimal,67,2921,2080,10624,10624,10690
10691,TR687734,Il Mondo È Tuo Freestyle,315475.0,5468.0,13.0,Clean,67,2903,2080,10625,10625,10691
10692,TR832920,Secondo interludio,36320.0,4148.0,5.0,Slow Dark,67,2900,2068,10626,10626,10692
10693,TR883142,L’Altro Mondo (Dj Luda Rmx),245666.0,5927.0,19.0,Slow Dark,67,2895,2097,10627,10627,10693
10694,TR226282,Guarda In Alto (Flesha Rmx),210440.0,4400.0,6.0,Slow Dark,67,2900,2097,10628,10628,10694
10695,TR317000,Il Primo (Sano Rmx),163653.0,5783.0,35.0,Warm Bangers,67,2900,2097,10629,10629,10695
10696,TR277457,Sub Zero (Freestyle),237146.0,5635.0,14.0,Fast-Flow,67,2897,1201,10630,10630,10696
10697,TR980611,Non Puoi Andarci Contro,240680.0,5955.0,25.0,Clean,67,2897,2107,10631,10631,10697
10698,TR103202,Una volta ancora,174291.0,32722.0,67.0,Melodic,37,2955,2108,10632,10632,10698
10699,TR281790,D’estate Non Vale,157933.0,33381.0,66.0,Hype,37,2955,17,10633,10633,10699
10700,TR279148,Rap God (Freestyle),189666.0,24372.0,22.0,Clean,37,2956,2109,10634,10634,10700
10701,TR853898,Il cielo guarda te,218709.0,20782.0,46.0,Slow Dark,37,2957,1479,10635,10635,10701
10702,TR620554,Usain Bolt,159960.0,17259.0,18.0,Melodic,37,2958,380,10636,10636,10702
10703,TR920374,Ora che,206470.0,12615.0,30.0,Fast-Flow,37,2957,384,10637,10637,10703
10704,TR761112,Stanza 365,216346.0,17252.0,36.0,Slow Dark,37,2959,1678,10638,10638,10704
10705,TR226363,Il tuo profumo,160855.0,10430.0,52.0,Slow Dark,37,2955,1552,10639,10639,10705
10706,TR300102,MALA,178721.0,11873.0,52.0,Hype,37,2960,1467,10640,10640,10706
10707,TR250768,SEXY RAVE,140160.0,10759.0,73.0,Hype,37,2961,277,10641,10641,10707
10708,TR438850,Adiós,206686.0,9991.0,37.0,Fast-Flow,37,2957,246,10642,10642,10708
10709,TR600106,Non Fotti Con FDP Vol.2 - Episodio 2,174291.0,10247.0,67.0,Melodic,37,2955,910,10643,10643,10709
10710,TR323751,Paloma,141062.0,6933.0,53.0,Slow Dark,37,2962,377,10644,10644,10710
10711,TR313988,Se Iluminaba,174291.0,8220.0,61.0,Hype,37,2955,278,10645,10645,10711
10712,TR903249,Muovi il mondo,253240.0,6937.0,24.0,Slow Dark,37,2958,380,10646,10646,10712
10713,TR963399,Fai Cisti,193746.0,7851.0,19.0,Hype,37,2958,380,10647,10647,10713
10714,TR484992,Niggas In Paris (Freestyle),189666.0,7249.0,22.0,Melodic,37,2956,631,10648,10648,10714
10715,TR478372,Un’altra notte,222000.0,7609.0,20.0,Slow Dark,37,2957,1009,10649,10649,10715
10716,TR682031,Blessings (Freestyle),189666.0,5190.0,22.0,Melodic,37,2956,871,10650,10650,10716
10717,TR105814,Non Scordare Mai,184600.0,5753.0,17.0,Slow Dark,37,2959,695,10651,10651,10717
10718,TR983599,Buenos Dias,227840.0,5517.0,38.0,Fast-Flow,37,2959,1678,10652,10652,10718
10719,TR463964,MMH,187454.0,4977.0,58.0,Slow Dark,37,2963,77,10653,10653,10719
10720,TR284990,Sincera,189870.0,5490.0,46.0,Hype,37,2955,1146,10654,10654,10720
10721,TR746261,CoCo (Freestyle),189666.0,6411.0,22.0,Minimal,37,2956,1432,10655,10655,10721
10722,TR402154,Anaconda (Freestyle),189666.0,5278.0,22.0,Melodic,37,2956,2110,10656,10656,10722
10723,TR427286,Uebe,157933.0,5889.0,66.0,Slow Dark,37,2955,1552,10657,10657,10723
10724,TR616233,Serenata Trap,166600.0,6414.0,23.0,Warm Bangers,37,2959,1712,10658,10658,10724
10725,TR944558,5.30,135818.0,5951.0,18.0,Slow Dark,37,2957,1009,10659,10659,10725
10726,TR779641,Non Fotti con FDP Vol. 2 - Episodio 1,174291.0,4804.0,67.0,Hype,37,2955,1573,10660,10660,10726
10727,TR758939,Canterai,207973.0,4759.0,29.0,Slow Dark,37,2959,1678,10661,10661,10727
10728,TR174804,Conto i Passi,185306.0,4925.0,19.0,Warm Bangers,37,2958,380,10662,10662,10728
10729,TR825848,AU REVOIR,141750.0,4367.0,42.0,Hype,37,2960,1467,10663,10663,10729
10730,TR325737,Black And Yellow (Freestyle),447961.0,5284.0,23.0,Minimal,37,2964,2111,10664,10664,10730
10731,TR119521,Tu dimmi,188125.0,4741.0,30.0,Warm Bangers,37,2957,1009,10665,10665,10731
10732,TR411053,Non tornare a casa,191071.0,5720.0,16.0,Warm Bangers,37,2957,561,10666,10666,10732
10733,TR852551,Dio benedica il reggaeton,167684.0,5529.0,40.0,Warm Bangers,37,2955,562,10667,10667,10733
10734,TR453546,Rodeo,251120.0,5236.0,24.0,Fast-Flow,37,2958,380,10668,10668,10734
10735,TR546743,Ti raggiungerò,164160.0,4743.0,58.0,Hype,37,2962,1167,10669,10669,10735
10736,TR425703,Bahamas,188666.0,4433.0,31.0,Warm Bangers,37,2955,1552,10670,10670,10736
10737,TR570058,Un altro ballo,167719.0,5570.0,53.0,Fast-Flow,37,2962,839,10671,10671,10737
10738,TR674797,Non dirmi che ti manco (Outro),108243.0,4986.0,30.0,Fast-Flow,37,2955,1552,10672,10672,10738
10739,TR971740,Il mio game,126315.0,4461.0,13.0,Warm Bangers,37,2957,822,10673,10673,10739
10740,TR613858,Niente da Dire,186562.0,4403.0,13.0,Hype,37,2957,1561,10674,10674,10740
10741,TR493282,PA’ LA CULTURA 2,114600.0,4342.0,21.0,Hype,37,2960,1467,10675,10675,10741
10742,TR883702,BARRIO LAMBADA,161071.0,5570.0,69.0,Fast-Flow,37,2965,180,10676,10676,10742
10743,TR683065,Lettera Al Successo,222120.0,4472.0,14.0,Fast-Flow,37,2958,1272,10677,10677,10743
10744,TR773157,Uana,160100.0,5067.0,29.0,Slow Dark,37,2962,813,10678,10678,10744
10745,TR150434,Goodnite,205636.0,4916.0,13.0,Warm Bangers,37,2957,1009,10679,10679,10745
10746,TR967873,Pa’ la cultura Freestyle,118024.0,5172.0,21.0,Melodic,37,2962,493,10680,10680,10746
10747,TR139030,Io no,153043.0,5770.0,15.0,Warm Bangers,37,2957,516,10681,10681,10747
10748,TR629369,Hanglover,218709.0,5750.0,46.0,Warm Bangers,37,2957,2112,10682,10682,10748
10749,TR238837,TUTTO QUELLO CHE HO,153964.0,4916.0,39.0,Fast-Flow,37,2960,1467,10683,10683,10749
10750,TR567958,Sku Sku,152038.0,4042.0,35.0,Melodic,37,2955,1552,10684,10684,10750
10751,TR551206,IL CIELO NON CI VUOLE,172727.0,4866.0,47.0,Fast-Flow,37,2966,89,10685,10685,10751
10752,TR476544,Extasi,157846.0,5228.0,62.0,Melodic,37,2967,313,10686,10686,10752
10753,TR710376,Vuoi ballare con me,209516.0,5130.0,18.0,Melodic,37,2957,1009,10687,10687,10753
10754,TR706951,NOTTE CATTIVA,155044.0,5317.0,47.0,Warm Bangers,37,2968,753,10688,10688,10754
10755,TR818897,Discoteka,169132.0,4319.0,21.0,Slow Dark,37,2962,813,10689,10689,10755
10756,TR764107,Almeno tu,183000.0,5308.0,14.0,Slow Dark,37,2957,2113,10690,10690,10756
10757,TR920327,Mano x mano,181646.0,4377.0,41.0,Fast-Flow,37,2955,1552,10691,10691,10757
10758,TR153496,Alabama,185888.0,5517.0,13.0,Fast-Flow,37,2957,1009,10692,10692,10758
10759,TR606626,Non fotti con FDP Vol.2 - Episodio 3,157933.0,4692.0,66.0,Hype,37,2955,2114,10693,10693,10759
10760,TR757262,ROMANCE,180170.0,5438.0,52.0,Slow Dark,37,2969,1263,10694,10694,10760
10761,TR268590,Love King,194000.0,4108.0,13.0,Fast-Flow,37,2957,1009,10695,10695,10761
10762,TR239128,Halo (Freestyle),189666.0,4831.0,22.0,Minimal,37,2956,2115,10696,10696,10762
10763,TR693853,PASSIONE,163308.0,5426.0,59.0,Fast-Flow,37,2970,438,10697,10697,10763
10764,TR328870,Notte da Cafoni,209973.0,4465.0,12.0,Warm Bangers,37,2958,380,10698,10698,10764
10765,TR994688,Fatti così (Intro),123789.0,5605.0,29.0,Slow Dark,37,2955,1552,10699,10699,10765
10766,TR605811,BoyFred,227840.0,5277.0,38.0,Slow Dark,37,2959,1678,10700,10700,10766
10767,TR849332,Sparirò,190146.0,5190.0,17.0,Fast-Flow,37,2958,380,10701,10701,10767
10768,TR961107,F.D.P.,157933.0,4722.0,66.0,Hype,37,2955,2116,10702,10702,10768
10769,TR884011,Niente di te,177700.0,4978.0,40.0,Minimal,37,2962,813,10703,10703,10769
10770,TR446948,DYO,260000.0,5210.0,10.0,Hype,37,2957,1009,10704,10704,10770
10771,TR625887,Voilà,160531.0,4959.0,12.0,Melodic,37,2957,1434,10705,10705,10771
10772,TR559013,Non Ero Io,195853.0,5412.0,14.0,Fast-Flow,37,2958,1148,10706,10706,10772
10773,TR171140,Dov’eri tu,149680.0,4881.0,13.0,Warm Bangers,37,2959,1678,10707,10707,10773
10774,TR885361,Tutto Qui,168093.0,4416.0,12.0,Warm Bangers,37,2959,1678,10708,10708,10774
10775,TR128704,Non mi batte neanche il cuore,193520.0,4441.0,14.0,Hype,37,2958,1864,10709,10709,10775
10776,TR618781,REGGAETONERO,171631.0,4024.0,31.0,Hype,37,2960,1467,10710,10710,10776
10777,TR559226,Melodia Criminal,180525.0,4615.0,51.0,Hype,37,2971,389,10711,10711,10777
10778,TR862791,Freestyle (#NONFOTTICONFDP),189666.0,5515.0,22.0,Clean,37,2956,1349,10712,10712,10778
10779,TR862923,IO X TE,167333.0,5605.0,33.0,Slow Dark,37,2960,1467,10713,10713,10779
10780,TR616797,Fenomeno,181306.0,4418.0,13.0,Slow Dark,37,2959,1678,10714,10714,10780
10781,TR245051,Noi due,191640.0,5934.0,15.0,Fast-Flow,37,2959,1678,10715,10715,10781
10782,TR131414,VodkaLemonHaze,211440.0,5018.0,13.0,Warm Bangers,37,2959,2117,10716,10716,10782
10783,TR227327,Tú y yo,164160.0,5850.0,32.0,Hype,37,2962,1886,10717,10717,10783
10784,TR996824,Margiela,158698.0,5429.0,19.0,Slow Dark,37,2962,813,10718,10718,10784
10785,TR123320,MI FA MALE,131666.0,5461.0,21.0,Slow Dark,37,2960,1467,10719,10719,10785
10786,TR860043,Para All Night,200933.0,4183.0,10.0,Hype,37,2958,380,10720,10720,10786
10787,TR308267,Superstar,175159.0,4453.0,21.0,Fast-Flow,37,2962,813,10721,10721,10787
10788,TR240144,Due Cuori E Una Caparra,210000.0,4028.0,12.0,Warm Bangers,37,2959,1678,10722,10722,10788
10789,TR704047,Cretina,174767.0,5449.0,35.0,Slow Dark,37,2962,813,10723,10723,10789
10790,TR363854,Chiudo gli occhi,174493.0,4702.0,12.0,Slow Dark,37,2959,1678,10724,10724,10790
10791,TR234067,Intro,123789.0,5588.0,29.0,Slow Dark,37,2955,380,10725,10725,10791
10792,TR589534,Mondo,96686.0,4689.0,20.0,Fast-Flow,37,2962,813,10726,10726,10792
10793,TR674541,EXTASI,157846.0,5656.0,62.0,Melodic,37,2967,1549,10727,10727,10793
10794,TR658536,Pressingirl,188257.0,4275.0,14.0,Hype,37,2972,1323,10728,10728,10794
10795,TR889375,Te lo immagini,158218.0,4360.0,36.0,Melodic,37,2962,813,10729,10729,10795
10796,TR825208,Senza Dio,165269.0,4695.0,21.0,Slow Dark,37,2962,813,9813,9813,10796
10797,TR623100,5:20,143443.0,4829.0,18.0,Slow Dark,37,2962,813,10730,10730,10797
10798,TR592806,Adrenalina,180000.0,4710.0,35.0,Warm Bangers,37,2973,210,10731,10731,10798
10799,TR853844,Slogan,197453.0,5543.0,12.0,Fast-Flow,37,2959,1678,10732,10732,10799
10800,TR729696,F.D.P. 2,163308.0,4207.0,38.0,Fast-Flow,37,2974,1272,10733,10733,10800
10801,TR805231,AFTERMAN,127200.0,4717.0,51.0,Hype,37,2975,2118,10734,10734,10801
10802,TR810059,Carrilon,208653.0,5691.0,11.0,Slow Dark,37,2958,380,10735,10735,10802
10803,TR840121,COVID19 FREESTYLE,189666.0,4145.0,22.0,Minimal,37,2956,110,10736,10736,10803
10804,TR611206,Covid freestyle - FDP,189666.0,5901.0,22.0,Minimal,37,2956,13,10737,10737,10804
10805,TR296915,La Scelta Più Facile (feat. Dirty C),193050.0,5991.0,8.0,Fast-Flow,37,2972,1323,10738,10738,10805
10806,TR901226,DI CAPRIO,148363.0,109080.0,52.0,Warm Bangers,34,2976,195,10739,10739,10806
10807,TR229227,Pensavo fosse amore e invece...,263026.0,52796.0,48.0,Hype,34,2977,2119,10740,10740,10807
10808,TR195519,L’INFANZIA DIFFICILE DI UN BENESTANTE,223834.0,52342.0,79.0,Melodic,34,2978,2120,10741,10741,10808
10809,TR376028,SEXY SHOP,188684.0,55697.0,63.0,Fast-Flow,34,2979,1650,10742,10742,10809
10810,TR611877,Che cazzo ridi,216367.0,45629.0,30.0,Fast-Flow,34,2980,1917,10743,10743,10810
10811,TR684216,TVTB,200400.0,42915.0,40.0,Warm Bangers,34,2981,1098,10744,10744,10811
10812,TR328499,BELLA STORIA,176479.0,39944.0,53.0,Slow Dark,34,2982,1789,10745,10745,10812
10813,TR472274,No Game Freestyle,96300.0,29121.0,60.0,Hype,34,2983,2121,10746,10746,10813
10814,TR448877,Prima di ogni cosa,187680.0,37258.0,44.0,Slow Dark,34,2981,590,10747,10747,10814
10815,TR708095,ALLUCINAZIONE COLLETTIVA,176785.0,35154.0,52.0,Fast-Flow,34,2984,2122,10748,10748,10815
10816,TR203683,MILLE,175923.0,31761.0,58.0,Hype,34,2985,493,10749,10749,10816
10817,TR253898,PROBLEMI CON TUTTI (GIUDA),134874.0,35159.0,33.0,Fast-Flow,34,2986,509,10750,10750,10817
10818,TR854907,BATTITO,194468.0,32496.0,74.0,Fast-Flow,34,2987,707,10751,10751,10818
10819,TR675727,BIMBI PER STRADA (CHILDREN),200820.0,25994.0,48.0,Fast-Flow,34,2988,331,10752,10752,10819
10820,TR453640,SAPORE,195480.0,27579.0,51.0,Fast-Flow,34,2982,1032,10753,10753,10820
10821,TR540185,Cigno nero,201973.0,25330.0,58.0,Slow Dark,34,2977,2119,10754,10754,10821
10822,TR356306,LA DOLCE VITA,187862.0,20258.0,58.0,Fast-Flow,34,2989,9,10755,10755,10822
10823,TR591345,UN GIORNO IN PRETURA,159304.0,27740.0,29.0,Melodic,34,2982,1032,10756,10756,10823
10824,TR511876,Dai cazzo Federico,192440.0,13964.0,36.0,Hype,34,2977,2123,10757,10757,10824
10825,TR731111,Faccio brutto,216813.0,17451.0,42.0,Hype,34,2977,2119,10758,10758,10825
10826,TR116528,Tutto il contrario,145706.0,15753.0,36.0,Hype,34,2990,2124,10759,10759,10826
10827,TR691943,MEGLIO DEL CINEMA,188766.0,12454.0,43.0,Fast-Flow,34,2991,702,10760,10760,10827
10828,TR981117,LA CASSA SPINGE 2021,136523.0,17077.0,36.0,Hype,34,2982,1032,10761,10761,10828
10829,TR930775,Si scrive schiavitù si legge libertà,189453.0,15212.0,37.0,Slow Dark,34,2977,2119,10762,10762,10829
10830,TR850160,Holding Out for You,181973.0,13421.0,33.0,Warm Bangers,34,2981,548,10763,10763,10830
10831,TR496653,Magnifico,203746.0,11702.0,61.0,Slow Dark,34,2992,2125,10764,10764,10831
10832,TR650447,Kim & Kanye,175493.0,11131.0,29.0,Melodic,34,2981,1098,10765,10765,10832
10833,TR393241,21 Grammi,222000.0,12267.0,49.0,Minimal,34,2993,1678,10766,10766,10833
10834,TR313565,Alfonso Signorini (Eroe Nazionale),193933.0,11474.0,35.0,Hype,34,2977,2119,10767,10767,10834
10835,TR353282,MORIRE MORIRE,239253.0,12379.0,48.0,Hype,34,2994,2126,10768,10768,10835
10836,TR546164,STUPIDO STUPIDO,159480.0,14428.0,33.0,Fast-Flow,34,2982,1032,10769,10769,10836
10837,TR759934,BELLA STRONZA,176571.0,12432.0,62.0,Fast-Flow,34,2995,2127,10770,10770,10837
10838,TR791255,Veleno per topic,173960.0,13720.0,25.0,Hype,34,2992,2128,10771,10771,10838
10839,TR297175,Sembra semplice,234066.0,11951.0,41.0,Slow Dark,34,2977,2119,10772,10772,10839
10840,TR229193,L’amore eternit,258880.0,10374.0,61.0,Minimal,34,2992,2125,10773,10773,10840
10841,TR576460,DISCO PARADISE,198536.0,11893.0,64.0,Hype,34,2996,1558,10774,10774,10841
10842,TR213252,Anthem Pt.1,244306.0,9249.0,12.0,Slow Dark,34,2997,1037,10775,10775,10842
10843,TR219551,Generazione Boh,210729.0,10467.0,7.0,Hype,34,2998,2129,10776,10776,10843
10844,TR196675,VITTORIA,197250.0,7249.0,33.0,Slow Dark,34,2982,1032,10777,10777,10844
10845,TR303682,LE MADRI DEGLI ALTRI,162666.0,6484.0,38.0,Hype,34,2982,1032,10778,10778,10845
10846,TR919804,MI STO SUL CAZZO,184235.0,8681.0,36.0,Slow Dark,34,2982,1032,10779,10779,10846
10847,TR265400,Blues,241760.0,7862.0,28.0,Warm Bangers,34,2999,2130,10780,10780,10847
10848,TR478130,FEDE E SPERANZA,145846.0,8514.0,26.0,Warm Bangers,34,2982,1032,10781,10781,10848
10849,TR750485,Parli di rap?,182426.0,8457.0,23.0,Hype,34,2999,2130,8135,8135,10849
10850,TR622333,Penisola che non c’è,179186.0,5519.0,25.0,Fast-Flow,34,2990,2131,10782,10782,10850
10851,TR124631,VIOLA,182338.0,6572.0,45.0,Warm Bangers,34,3000,1719,10783,10783,10851
10852,TR830393,SCELTE STUPIDE,179802.0,6289.0,75.0,Warm Bangers,34,3001,36,10784,10784,10852
10853,TR731668,Amnesia,163773.0,6708.0,24.0,Hype,34,2981,1098,10785,10785,10853
10854,TR739865,Paranoia Airlines,187680.0,6982.0,44.0,Fast-Flow,34,2981,1098,10786,10786,10854
10855,TR645853,Non c’è due senza trash,209000.0,5350.0,36.0,Fast-Flow,34,2992,2125,10787,10787,10855
10856,TR946148,Beautiful Disaster,226013.0,5798.0,42.0,Slow Dark,34,2993,706,10788,10788,10856
10857,TR627217,FUORI DAI GUAI,175056.0,6122.0,29.0,Hype,34,2982,1032,10789,10789,10857
10858,TR860002,VECCHIO,179439.0,4683.0,28.0,Warm Bangers,34,2982,1032,10790,10790,10858
10859,TR403785,TONY LUCRARELLI,86979.0,5890.0,40.0,Melodic,34,3002,189,10791,10791,10859
10860,TR952064,Sirene,205560.0,5345.0,30.0,Hype,34,2992,2125,10792,10792,10860
10861,TR897360,Polaroid,197040.0,5917.0,28.0,Hype,34,2977,2119,10793,10793,10861
10862,TR480259,ROSALÍA,162455.0,4692.0,35.0,Hype,34,3003,710,10794,10794,10862
10863,TR869701,GUARDA COSA MI FAI FARE,192230.0,4228.0,27.0,Hype,34,2982,1032,10795,10795,10863
10864,TR701532,Sfregi e difetti,184400.0,5027.0,22.0,Fast-Flow,34,2981,1098,10796,10796,10864
10865,TR731379,Record,183613.0,4183.0,24.0,Fast-Flow,34,2981,1098,10797,10797,10865
10866,TR459679,NOTTE BRAVA,196363.0,5956.0,26.0,Fast-Flow,34,2982,1032,10798,10798,10866
10867,TR165212,Jet set,183213.0,4090.0,28.0,Hype,34,2999,2132,10799,10799,10867
10868,TR608745,L’una per l’alcol,160986.0,5522.0,22.0,Slow Dark,34,2981,1098,10800,10800,10868
10869,TR845385,CRISI DI STATO,203721.0,5063.0,35.0,Warm Bangers,34,3004,1551,10801,10801,10869
10870,TR781890,B-Rex Status Domini,225866.0,4752.0,61.0,Hype,34,3005,2133,10802,10802,10870
10871,TR498962,Single a vita,192733.0,4144.0,29.0,Hype,34,2977,2119,10803,10803,10871
10872,TR721039,Così,204453.0,5257.0,26.0,Fast-Flow,34,2981,1098,10804,10804,10872
10873,TR333448,Fuckthenoia,162453.0,5185.0,26.0,Slow Dark,34,2981,1098,10805,10805,10873
10874,TR572044,LEGGERI LEGGERI,205687.0,4575.0,26.0,Slow Dark,34,2982,1032,10806,10806,10874
10875,TR643848,Unica al mondo,98813.0,5837.0,36.0,Slow Dark,34,2999,2130,10807,10807,10875
10876,TR840488,L’hai voluto tu,254626.0,4622.0,31.0,Hype,34,2992,2125,10808,10808,10876
10877,TR722654,Le palle di Natale,175217.0,4913.0,31.0,Minimal,34,3006,475,10809,10809,10877
10878,TR845296,Buongiornissimo,152706.0,5100.0,23.0,Warm Bangers,34,2981,1098,10810,10810,10878
10879,TR843290,Signorsì,200626.0,4213.0,26.0,Slow Dark,34,2977,2119,10811,10811,10879
10880,TR292480,Nel mio piccolo,212160.0,5883.0,24.0,Slow Dark,34,2977,2119,3573,3573,10880
10881,TR996231,Ti Porto con Me,283768.0,4764.0,24.0,Fast-Flow,34,3007,2134,10812,10812,10881
10882,TR998032,Mentine,195066.0,4174.0,21.0,Warm Bangers,34,2977,2119,10813,10813,10882
10883,TR840338,Un posto bellissimo,184733.0,4787.0,22.0,Fast-Flow,34,2981,1098,10814,10814,10883
10884,TR348625,Blasfemia Pt.1,210306.0,5214.0,3.0,Warm Bangers,34,3008,2133,10815,10815,10884
10885,TR770885,3 di notte,185280.0,5042.0,22.0,Slow Dark,34,2990,2131,10816,10816,10885
10886,TR788528,Segni,137133.0,5402.0,23.0,Warm Bangers,34,2981,1098,10817,10817,10886
10887,TR377739,M.I.A.,195706.0,4123.0,38.0,Hype,34,2992,2125,10818,10818,10887
10888,TR943904,Cosa senza spine,146746.0,4581.0,23.0,Slow Dark,34,2981,1098,10819,10819,10888
10889,TR552809,Psichedelico,173640.0,5655.0,22.0,Warm Bangers,34,2977,2119,10820,10820,10889
10890,TR170280,Sanremo Freestyle,207657.0,4170.0,18.0,Melodic,34,3009,305,10821,10821,10890
10891,TR700059,Non ci pensi mai,224920.0,5729.0,24.0,Slow Dark,34,2977,2119,10822,10822,10891
10892,TR485842,Lo zainetto,185320.0,4196.0,21.0,Hype,34,2999,2130,10823,10823,10892
10893,TR237531,Bella addormentata nel Bronx,215600.0,5685.0,26.0,Fast-Flow,34,2992,2125,10824,10824,10893
10894,TR231277,Il cemento non è un fiore,256640.0,4736.0,22.0,Hype,34,2999,2130,10825,10825,10894
10895,TR802307,Moet Sciandon,171786.0,5240.0,22.0,Warm Bangers,34,2992,2125,10826,10826,10895
10896,TR128449,Cardinal chic,200826.0,4319.0,27.0,Hype,34,2992,2125,10827,10827,10896
10897,TR511007,Olivia Oil,213946.0,4144.0,25.0,Warm Bangers,34,2992,2125,10828,10828,10897
10898,TR595842,God war,228493.0,4445.0,18.0,Slow Dark,34,2990,2131,10829,10829,10898
10899,TR430939,Come no,188173.0,4269.0,27.0,Hype,34,2992,2125,10830,10830,10899
10900,TR253127,Pop-hoolista,258880.0,4639.0,61.0,Slow Dark,34,2992,2125,10831,10831,10900
10901,TR674523,Nuvole di fango,186800.0,5044.0,38.0,Fast-Flow,34,3010,771,10832,10832,10901
10902,TR625764,Ti vorrei dire,219706.0,5194.0,29.0,Slow Dark,34,2990,2131,10833,10833,10902
10903,TR939101,The Ferragnez: La serie - Sigla ufficiale,188684.0,5594.0,63.0,Slow Dark,34,2979,2135,10834,10834,10903
10904,TR708528,Appeso a testa in giù,186960.0,5329.0,22.0,Slow Dark,34,2990,2131,10835,10835,10904
10905,TR320348,Vivere in campagna pubblicitaria,212973.0,5233.0,23.0,Fast-Flow,34,2992,2125,10836,10836,10905
10906,TR761059,Stereo-tipi,196853.0,4838.0,22.0,Hype,34,2992,2125,10837,10837,10906
10907,TR490859,Voglio averti account,183826.0,4963.0,25.0,Hype,34,2992,2125,10838,10838,10907
10908,TR614818,Non basta mai,184440.0,4844.0,21.0,Hype,34,2990,2131,10839,10839,10908
10909,TR226814,Milano bene,223800.0,5702.0,19.0,Hype,34,2977,2119,10840,10840,10909
10910,TR816395,Viva l’IVA,192746.0,4474.0,27.0,Hype,34,2992,2125,10841,10841,10910
10911,TR113702,Volevo fare il rapper,124840.0,4022.0,19.0,Melodic,34,2990,2131,10842,10842,10911
10912,TR828726,Babbo Natale mi ha detto che i tuoi genitori non esistono,176785.0,5319.0,52.0,Slow Dark,34,2984,2136,10843,10843,10912
10913,TR246839,Ragazza sbagliata,175466.0,4419.0,20.0,Hype,34,2977,2119,10844,10844,10913
10914,TR320814,Intro,239453.0,5796.0,14.0,Warm Bangers,34,3011,2130,10845,10845,10914
10915,TR569937,Anthem Pt.2,244306.0,5737.0,12.0,Hype,34,2997,581,10846,10846,10915
10916,TR978886,L’arte di accontentare,201973.0,4166.0,58.0,Hype,34,2977,2119,5468,5468,10916
10917,TR745549,Giorni,187853.0,4226.0,14.0,Hype,34,2999,2130,10847,10847,10917
10918,TR307565,Contenuti,187160.0,5005.0,17.0,Slow Dark,34,2990,2131,10848,10848,10918
10919,TR601309,Love cost,203600.0,5234.0,23.0,Hype,34,2992,2125,10849,10849,10919
10920,TR636326,Listino prezzi,171160.0,4563.0,17.0,Melodic,34,2990,2131,10850,10850,10920
10921,TR944243,Non scorderò,209546.0,5449.0,22.0,Fast-Flow,34,2999,2130,10851,10851,10921
10922,TR246352,Pop-hoolismo (Intro),55400.0,5205.0,17.0,Minimal,34,2992,2125,10852,10852,10922
10923,TR609228,Presa bene (ogni tanto),208453.0,4663.0,22.0,Warm Bangers,34,2977,2119,10853,10853,10923
10924,TR424160,Santa Madonna,177280.0,4063.0,23.0,Hype,34,2977,2119,10854,10854,10924
10925,TR505289,Blasfemia Pt.2,244266.0,5516.0,1.0,Slow Dark,34,2997,1601,10855,10855,10925
10926,TR531180,Bella vita,199906.0,4443.0,20.0,Hype,34,2999,2130,10856,10856,10926
10927,TR161567,Vivere domani,221320.0,5687.0,20.0,Minimal,34,2999,2130,10857,10857,10927
10928,TR660156,Ninna nanna,178880.0,4855.0,15.0,Slow Dark,34,2990,2131,10858,10858,10928
10929,TR170292,La scelta giusta,205520.0,5169.0,18.0,Fast-Flow,34,2999,2130,10859,10859,10929
10930,TR367642,Questa vita,186693.0,5764.0,19.0,Hype,34,3010,2137,10860,10860,10930
10931,TR924511,Alza la testa,199760.0,5745.0,21.0,Fast-Flow,34,2999,2130,10861,10861,10931
10932,TR411730,Ipocondria,217106.0,4756.0,15.0,Hype,34,2999,2130,10862,10862,10932
10933,TR680926,SUSHI,175923.0,4431.0,58.0,Minimal,34,2982,1032,10863,10863,10933
10934,TR885055,Si Muovono Le...,155532.0,5566.0,79.0,Warm Bangers,34,3012,2133,10864,10864,10934
10935,TR808663,Back In Days,147692.0,4881.0,34.0,Minimal,34,3013,542,10865,10865,10935
10936,TR842840,Non Ci Sto Più Dentro,224000.0,4398.0,10.0,Hype,34,3014,2133,10866,10866,10936
10937,TR824115,Una cosa sola,180813.0,5827.0,20.0,Hype,34,2999,2130,10867,10867,10937
10938,TR856882,Outro,94053.0,4408.0,12.0,Hype,34,2999,2130,10868,10868,10938
10939,TR686134,Cambia,200160.0,4063.0,17.0,Fast-Flow,34,3010,2137,10869,10869,10939
10940,TR764435,Reality show,199693.0,4052.0,17.0,Hype,34,2999,2130,10870,10870,10940
10941,TR525256,Restiamo umani,184146.0,5260.0,13.0,Hype,34,2999,2130,10871,10871,10941
10942,TR580721,Tutto il Contrario RMX,276124.0,5340.0,40.0,Hype,34,3015,1601,10872,10872,10942
10943,TR413349,Liberi in cattività,158426.0,4635.0,14.0,Hype,34,2999,2130,10873,10873,10943
10944,TR676684,Old Girl,185194.0,4653.0,79.0,Warm Bangers,34,3016,1601,10874,10874,10944
10945,TR273806,Tu Come Li Chiami,248080.0,4693.0,2.0,Warm Bangers,34,3017,2133,10875,10875,10945
10946,TR357474,Quello che ho,152373.0,5376.0,18.0,Hype,34,2999,2130,10876,10876,10946
10947,TR459295,Caro Amico,266173.0,4130.0,59.0,Fast-Flow,34,3018,1601,10877,10877,10947
10948,TR955411,Penisola che non c’è RMX,223834.0,5875.0,79.0,Fast-Flow,34,2978,1601,10878,10878,10948
10949,TR846247,Soffritto,144280.0,4458.0,12.0,Hype,34,2999,2130,10879,10879,10949
10950,TR314648,Vota Sì per dire No,182562.0,6018.0,57.0,Hype,34,3019,1601,10880,10880,10950
10951,TR669412,Intro (BCPT),301500.0,4356.0,21.0,Clean,34,3020,2133,10881,10881,10951
10952,TR414330,BANCOMAT,210099.0,5559.0,62.0,Minimal,34,3005,1573,10882,10882,10952
10953,TR106318,Intro (Pat-a-Cake),201360.0,4461.0,11.0,Minimal,34,3021,2138,10883,10883,10953
10954,TR975259,Volevo Fare Il Rapper RMX,181000.0,4174.0,8.0,Clean,34,3014,1601,10884,10884,10954
10955,TR779112,Io Odio I Club,276124.0,5768.0,40.0,Minimal,34,3015,2139,10885,10885,10955
10956,TR986135,Dove Si Va,188613.0,5735.0,21.0,Warm Bangers,34,3022,2133,10886,10886,10956
10957,TR310455,Andare Via,181000.0,4821.0,8.0,Fast-Flow,34,3014,1601,10887,10887,10957
10958,TR300734,My Life,186964.0,5421.0,97.0,Fast-Flow,34,3023,2133,10888,10888,10958
10959,TR329086,Boom,195706.0,5130.0,38.0,Slow Dark,34,2992,2133,10889,10889,10959
10960,TR943991,Real Randagi,168975.0,5723.0,3.0,Slow Dark,34,3024,2133,10890,10890,10960
10961,TR428837,Mollami,175923.0,4644.0,58.0,Warm Bangers,34,2982,1601,10891,10891,10961
10962,TR444078,I’m So High,176965.0,5062.0,94.0,Fast-Flow,34,3025,1601,10892,10892,10962
10963,TR925275,Bimbo Speciale,166791.0,4984.0,9.0,Fast-Flow,34,3026,1601,8133,8133,10963
10964,TR550520,Ti Dico Bene,219451.0,4721.0,28.0,Minimal,34,3027,2139,10893,10893,10964
10965,TR674551,Into My Head,222973.0,5801.0,90.0,Fast-Flow,34,3028,2133,10894,10894,10965
10966,TR912864,Chiediti il perchè,223834.0,4346.0,79.0,Clean,34,2978,2139,10895,10895,10966
10967,TR343758,Sognatori,269850.0,4312.0,61.0,Minimal,34,3029,542,10896,10896,10967
10968,TR953399,La Mia Generazione,226906.0,5169.0,82.0,Warm Bangers,34,3030,2133,10897,10897,10968
10969,TR564478,Non Mi Piacciono,176000.0,5330.0,78.0,Clean,34,3031,2133,10898,10898,10969
10970,TR935995,Faccio Brutto (2nd Roof RMX),158786.0,4404.0,39.0,Clean,34,3032,890,10899,10899,10970
10971,TR693094,Pensavo fosse amore e invece... (Roofio RMX),191960.0,4797.0,53.0,Clean,34,3033,890,10900,10900,10971
10972,TR965133,NANANANA,175923.0,5911.0,58.0,Slow Dark,34,2982,352,10901,10901,10972
10973,TR476850,Milano Bene (2008),182245.0,4508.0,76.0,Clean,34,3030,284,10902,10902,10973
10974,TR606252,Avvoltoi,225866.0,5353.0,61.0,Minimal,34,3005,2140,10903,10903,10974
10975,TR601703,Cigno Nero RMX,201973.0,5496.0,58.0,Minimal,34,2977,2141,10904,10904,10975
10976,TR345712,Non sono partito,294013.0,4910.0,40.0,Fast-Flow,34,3005,2142,10905,10905,10976
10977,TR998660,Un Sorriso,283768.0,5892.0,24.0,Minimal,34,3007,1942,10906,10906,10977
10978,TR419042,Ultima Cena,160496.0,5491.0,66.0,Minimal,34,3034,542,10907,10907,10978
10979,TR405648,E intanto,175217.0,4931.0,31.0,Slow Dark,34,3006,284,10908,10908,10979
10980,TR583833,La Sua Storia,216426.0,5155.0,41.0,Minimal,34,3032,542,10909,10909,10980
10981,TR765689,Storie Di Vite,173538.0,5402.0,53.0,Minimal,34,3035,542,10910,10910,10981
10982,TR809759,Ghettopianerottolo RMX,188684.0,5202.0,63.0,Minimal,34,2979,542,10911,10911,10982
10983,TR417353,Vite Diverse,224120.0,5775.0,65.0,Minimal,34,3036,542,10912,10912,10983
10984,TR832166,MEGLIO DEL CINEMA (clean),188564.0,4726.0,66.0,Warm Bangers,34,3037,702,10913,10913,10984
10985,TR822615,SUPREME - L’ego,223045.0,367322.0,58.0,Fast-Flow,60,3038,2143,10914,10914,10985
10986,TR337394,CRUDELIA - I nervi,230922.0,331549.0,67.0,Slow Dark,60,3038,2143,10915,10915,10986
10987,TR532127,QUALCOSA IN CUI CREDERE - Lo scheletro,212316.0,288950.0,58.0,Fast-Flow,60,3038,2143,10916,10916,10987
10988,TR643265,BODY PARTS - I denti,156714.0,272267.0,60.0,Warm Bangers,60,3038,2143,10917,10917,10988
10989,TR926116,APPARTENGO - Il sangue,255449.0,336030.0,56.0,Warm Bangers,60,3038,2143,10918,10918,10989
10990,TR157156,MADAME - L’anima,221631.0,268050.0,62.0,Slow Dark,60,3038,2143,10919,10919,10990
10991,TR371813,QUELLI CHE NON PENSANO - Il cervello,190186.0,261863.0,54.0,Warm Bangers,60,3038,2143,10920,10920,10991
10992,TR513378,SPORT + muscoli (RMX),286702.0,263306.0,51.0,Warm Bangers,60,3038,440,10921,10921,10992
10993,TR692534,COSPLAYER,221884.0,251979.0,54.0,Warm Bangers,60,3039,792,10922,10922,10993
10994,TR658537,BRAVI A CADERE - I polmoni,200214.0,209952.0,68.0,Slow Dark,60,3038,2143,10923,10923,10994
10995,TR299069,∞ LOVE,218367.0,242450.0,66.0,Warm Bangers,60,3039,792,10924,10924,10995
10996,TR844852,Salvador Dalì,245197.0,192057.0,63.0,Warm Bangers,60,3040,1509,10925,10925,10996
10997,TR138280,DUBBI,234446.0,231715.0,64.0,Slow Dark,60,3039,792,10926,10926,10997
10998,TR118695,TUTTO QUESTO NIENTE - Gli occhi,210839.0,190358.0,50.0,Slow Dark,60,3038,2143,10927,10927,10998
10999,TR533946,SPORT - I muscoli,202339.0,151895.0,49.0,Warm Bangers,60,3038,2143,10928,10928,10999
11000,TR418291,G.O.A.T. - Il cuore,210183.0,165840.0,60.0,Slow Dark,60,3038,2143,10929,10929,11000
11001,TR707604,A Volte Esagero,230093.0,165590.0,59.0,Warm Bangers,60,3041,2012,10930,10930,11001
11002,TR295093,NOI,272003.0,135714.0,55.0,Slow Dark,60,3039,792,10931,10931,11002
11003,TR209078,LORO,198186.0,157265.0,54.0,Warm Bangers,60,3039,792,10932,10932,11003
11004,TR498888,PAGLIACCIO,177522.0,140126.0,56.0,Warm Bangers,60,3039,792,10933,10933,11004
11005,TR427065,POCO DI BUONO - Il fegato,185685.0,120616.0,49.0,Fast-Flow,60,3038,2143,10934,10934,11005
11006,TR286799,VITTIMA,205714.0,168588.0,63.0,Warm Bangers,60,3042,132,10935,10935,11006
11007,TR884050,IO,195560.0,150893.0,58.0,Slow Dark,60,3039,792,10936,10936,11007
11008,TR747430,Scooteroni,272280.0,155109.0,61.0,Hype,60,3043,1509,7639,7639,11008
11009,TR921549,Ca$hmere,219213.0,139421.0,52.0,Warm Bangers,60,3043,533,10937,10937,11009
11010,TR382503,LEI,223009.0,119184.0,75.0,Warm Bangers,60,3042,132,10938,10938,11010
11011,TR194745,Vendetta,320653.0,126268.0,40.0,Warm Bangers,60,3041,760,10939,10939,11011
11012,TR264387,Tony,280173.0,125670.0,45.0,Fast-Flow,60,3040,1509,10940,10940,11012
11013,TR593290,CLIFFHANGER,205520.0,138419.0,54.0,Hype,60,3039,792,10941,10941,11013
11014,TR727019,Scooteroni RMX,272280.0,103686.0,61.0,Hype,60,3043,533,10942,10942,11014
11015,TR707642,NON SONO MARRA - La pelle,188842.0,128802.0,49.0,Warm Bangers,60,3038,2143,10943,10943,11015
11016,TR200963,GLI ALTRI (Giorni Stupidi),201000.0,128522.0,64.0,Hype,60,3039,792,10944,10944,11016
11017,TR346042,Film Senza Volume,241824.0,117346.0,44.0,Fast-Flow,60,3040,1509,10945,10945,11017
11018,TR158059,NEMESI,175626.0,122643.0,63.0,Warm Bangers,60,3039,792,10946,10946,11018
11019,TR797108,CRAZY LOVE,192688.0,96441.0,65.0,Slow Dark,60,3039,792,10947,10947,11019
11020,TR143876,Niente Canzoni D’Amore,226808.0,117100.0,68.0,Slow Dark,60,3044,2144,10948,10948,11020
11021,TR898275,DA BUTTARE - Il ca**o,204720.0,107087.0,42.0,Fast-Flow,60,3038,2143,10949,10949,11021
11022,TR785545,Money,210966.0,79090.0,52.0,Warm Bangers,60,3040,1509,10950,10950,11022
11023,TR735492,POWER SLAP,197181.0,109349.0,64.0,Warm Bangers,60,3042,132,10951,10951,11023
11024,TR658739,È FINITA LA PACE,178761.0,92797.0,65.0,Slow Dark,60,3042,132,10952,10952,11024
11025,TR874051,Quasi Amici,291218.0,91808.0,43.0,Warm Bangers,60,3040,1509,10953,10953,11025
11026,TR268416,Nulla Accade,232412.0,88761.0,65.0,Slow Dark,60,3040,1394,10954,10954,11026
11027,TR270415,64 BARRE DI PAURA,131777.0,71784.0,56.0,Warm Bangers,60,3045,443,10955,10955,11027
11028,TR617039,GRETA THUNBERG - Lo stomaco,166174.0,81356.0,46.0,Warm Bangers,60,3038,2143,10956,10956,11028
11029,TR317855,Cantante Italiana,215133.0,90063.0,39.0,Warm Bangers,60,3040,1509,10957,10957,11029
11030,TR546598,S.e.n.i.c.a.r.,205720.0,63060.0,62.0,Hype,60,3046,2145,10958,10958,11030
11031,TR518654,20 Anni (Peso),301653.0,70706.0,39.0,Warm Bangers,60,3041,760,10959,10959,11031
11032,TR320213,Business Class,187866.0,62300.0,47.0,Slow Dark,60,3047,56,10960,10960,11032
11033,TR228628,64 BARRE DI VITTORIA,146353.0,75156.0,44.0,Warm Bangers,60,3045,2146,10961,10961,11033
11034,TR387510,PENTOTHAL,227179.0,84809.0,60.0,Fast-Flow,60,3042,132,10962,10962,11034
11035,TR669958,CRASH,247500.0,86179.0,61.0,Warm Bangers,60,3042,132,10963,10963,11035
11036,TR676058,Maledetto Me,200189.0,88616.0,49.0,Warm Bangers,60,3040,1509,10964,10964,11036
11037,TR405794,LAUREA AD HONOREM,195799.0,78374.0,62.0,Fast-Flow,60,3039,792,10965,10965,11037
11038,TR248868,Insta Lova,206805.0,66827.0,68.0,Hype,60,3040,1509,10966,10966,11038
11039,TR309230,GLI SBANDATI HANNO PERSO,194210.0,85420.0,71.0,Warm Bangers,60,3042,132,10967,10967,11039
11040,TR834029,Purdi,201010.0,78939.0,42.0,Hype,60,3040,1509,10968,10968,11040
11041,TR247231,Senza Dio,219904.0,71443.0,45.0,Warm Bangers,60,3040,1509,10969,10969,11041
11042,TR327558,Cosa Mia,245137.0,74487.0,41.0,Warm Bangers,60,3040,1509,10970,10970,11042
11043,TR594925,Il Nostro Tempo,302173.0,79224.0,37.0,Fast-Flow,60,3041,2012,10971,10971,11043
11044,TR296586,L’Albatro,299106.0,70450.0,41.0,Slow Dark,60,3048,671,10972,10972,11044
11045,TR423008,DETOX / REHAB,236666.0,61061.0,61.0,Warm Bangers,60,3042,132,10973,10973,11045
11046,TR996522,Sushi & Cocaina,219040.0,67799.0,35.0,Hype,60,3041,2012,10974,10974,11046
11047,TR852914,SOLI,215142.0,45877.0,59.0,Fast-Flow,60,3042,132,10975,10975,11047
11048,TR176714,HAPPY END,216240.0,52244.0,58.0,Warm Bangers,60,3042,132,10976,10976,11048
11049,TR591344,Don,284106.0,49943.0,39.0,Fast-Flow,60,3041,2012,10977,10977,11049
11050,TR188557,Untitled,238866.0,44875.0,39.0,Warm Bangers,60,3041,1395,10978,10978,11050
11051,TR108371,Senza Un Posto Nel Mondo,244746.0,40259.0,36.0,Hype,60,3041,2012,10979,10979,11051
11052,TR372670,MI SONO INNAMORATO DI UN AI,230506.0,42229.0,57.0,Warm Bangers,60,3042,132,10980,10980,11052
11053,TR807060,Bastavano Le Briciole,233133.0,50330.0,54.0,Slow Dark,60,3049,1300,10981,10981,11053
11054,TR105847,FACTOTUM,225087.0,52400.0,60.0,Fast-Flow,60,3042,132,10982,10982,11054
11055,TR608121,Rapper/Criminale,240013.0,55647.0,47.0,Melodic,60,3046,2145,10983,10983,11055
11056,TR298184,Catatonica,217839.0,43397.0,37.0,Melodic,60,3044,1351,10984,10984,11056
11057,TR790106,NEON - Le Ali,207084.0,47571.0,56.0,Fast-Flow,60,3038,2,10985,10985,11057
11058,TR528926,Né Cura Né Luogo,264320.0,53678.0,46.0,Slow Dark,60,3046,2145,10986,10986,11058
11059,TR101900,TROI*,189093.0,37459.0,55.0,Warm Bangers,60,3042,132,10987,10987,11059
11060,TR631149,Badabum Cha Cha,213880.0,44510.0,51.0,Minimal,60,3049,2147,10988,10988,11060
11061,TR640234,Status,226808.0,44983.0,68.0,Slow Dark,60,3044,2148,10989,10989,11061
11062,TR612486,Bentornato,208720.0,33816.0,35.0,Warm Bangers,60,3041,2012,10990,10990,11062
11063,TR747651,King Del Rap,240080.0,43814.0,49.0,Hype,60,3046,1446,10991,10991,11063
11064,TR408738,Will Hunting,190026.0,42484.0,30.0,Melodic,60,3044,515,10992,10992,11064
11065,TR971836,In Radio,221881.0,30664.0,59.0,Minimal,60,3041,1865,10993,10993,11065
11066,TR645442,La Parola Che Nessuno Riesce A Dire,213760.0,31515.0,32.0,Warm Bangers,60,3050,2149,10994,10994,11066
11067,TR694607,Erba & WiFi,234764.0,30622.0,39.0,Hype,60,3040,1509,10995,10995,11067
11068,TR777488,Tutto Questo,210839.0,33629.0,50.0,Minimal,60,3038,1300,10996,10996,11068
11069,TR776032,Santeria,206805.0,35663.0,68.0,Fast-Flow,60,3040,1509,10997,10997,11069
11070,TR856961,Piazza Rossa,217040.0,34501.0,34.0,Fast-Flow,60,3043,533,10998,10998,11070
11071,TR551136,Bruce Willis,130546.0,29832.0,34.0,Slow Dark,60,3041,2150,10999,10999,11071
11072,TR158670,Popolare,215760.0,38307.0,43.0,Hype,60,3047,367,11000,11000,11072
11073,TR669908,Sogni Non Tuoi,255946.0,31056.0,35.0,Fast-Flow,60,3041,2012,11001,11001,11073
11074,TR777934,Sabbie Mobili,257440.0,26374.0,45.0,Slow Dark,60,3046,2145,11002,11002,11074
11075,TR699459,Valentino,182773.0,29367.0,34.0,Warm Bangers,60,3047,56,11003,11003,11075
11076,TR281371,Sindrome Depressiva Da Social Network,270373.0,31885.0,36.0,Fast-Flow,60,3041,760,11004,11004,11076
11077,TR788880,Giusto Un Giro,263613.0,29791.0,50.0,Hype,60,3046,2145,11005,11005,11077
11078,TR905803,Chiedi Alla Polvere,265840.0,25870.0,40.0,Hype,60,3049,367,11006,11006,11078
11079,TR528636,Di Nascosto,236840.0,24145.0,37.0,Warm Bangers,60,3041,2012,11007,11007,11079
11080,TR314000,Non Confondermi,230333.0,30670.0,36.0,Minimal,60,3049,2151,11008,11008,11080
11081,TR193199,Ninja,222280.0,32546.0,34.0,Fast-Flow,60,3043,1822,11009,11009,11081
11082,TR388981,Fino A Qui Tutto Bene,197013.0,24783.0,38.0,Fast-Flow,60,3050,2152,11010,11010,11082
11083,TR108493,IMPORTANTE,201184.0,24974.0,56.0,Slow Dark,60,3051,1551,11011,11011,11083
11084,TR517233,Se La Scelta Fosse Mia,206480.0,27115.0,40.0,Hype,60,3048,2153,11012,11012,11084
11085,TR468511,Purdi RMX,253160.0,27322.0,37.0,Hype,60,3043,533,11013,11013,11085
11086,TR537583,Marciamo,236426.0,23847.0,29.0,Warm Bangers,60,3044,515,11014,11014,11086
11087,TR263660,Amore In Polvere,233040.0,27816.0,31.0,Hype,60,3048,2154,11015,11015,11087
11088,TR714459,Vita Da Star,236160.0,24251.0,39.0,Slow Dark,60,3041,2012,11016,11016,11088
11089,TR979825,Solo Io E Te,247200.0,23189.0,35.0,Warm Bangers,60,3049,1300,11017,11017,11089
11090,TR803180,Non Confondermi RMX,280960.0,24445.0,36.0,Fast-Flow,60,3047,56,11018,11018,11090
11091,TR603382,Vita Da Star (RMX),234000.0,25872.0,30.0,Slow Dark,60,3044,1280,11019,11019,11091
11092,TR967180,Prova a prendermi,226400.0,24158.0,37.0,Warm Bangers,60,3046,2145,11020,11020,11092
11093,TR767223,Senza Dio RMX,264013.0,17578.0,38.0,Warm Bangers,60,3043,533,11021,11021,11093
11094,TR839533,In Faccia,216053.0,19262.0,39.0,Fast-Flow,60,3046,2145,11022,11022,11094
11095,TR996715,Crack,292120.0,20381.0,30.0,Warm Bangers,60,3041,2012,11023,11023,11095
11096,TR406839,Nella Macchina,230693.0,18508.0,44.0,Warm Bangers,60,3041,2012,11024,11024,11096
11097,TR678208,Didinò,212066.0,21577.0,45.0,Minimal,60,3046,2145,11025,11025,11097
11098,TR262445,Fattore Wow,195506.0,20896.0,40.0,Hype,60,3049,912,11026,11026,11098
11099,TR140769,Chiedi Alla Polvere 2008,265840.0,20185.0,40.0,Hype,60,3049,1300,11027,11027,11099
11100,TR980532,La Mia Prigione,181426.0,21795.0,32.0,Hype,60,3049,367,11028,11028,11100
11101,TR383577,I Ragazzi Dello Zoo Del Berlin,213493.0,15899.0,34.0,Warm Bangers,60,3050,2149,11029,11029,11101
11102,TR482192,La Via Di Carlito,249973.0,20009.0,36.0,Hype,60,3049,912,11030,11030,11102
11103,TR650811,L’Ultima Settimana,203040.0,19058.0,34.0,Melodic,60,3049,1300,11031,11031,11103
11104,TR912578,Quando Sarò Morto...,235173.0,16221.0,46.0,Warm Bangers,60,3046,2145,11032,11032,11104
11105,TR548203,Marrageddon,300746.0,18358.0,38.0,Hype,60,3046,2145,11033,11033,11105
11106,TR757722,*Roie,286226.0,13831.0,28.0,Warm Bangers,60,3050,2149,11034,11034,11106
11107,TR398943,Dritto Al Punto,188573.0,17528.0,35.0,Warm Bangers,60,3049,284,11035,11035,11107
11108,TR730624,Sì Sì Con La Testa,243346.0,14767.0,34.0,Warm Bangers,60,3049,284,11036,11036,11108
11109,TR673136,Trappole,215853.0,13309.0,32.0,Fast-Flow,60,3049,1300,11037,11037,11109
11110,TR859802,Estate In Città,165200.0,15008.0,34.0,Fast-Flow,60,3049,2155,11038,11038,11110
11111,TR849909,Noi No,272003.0,14601.0,55.0,Hype,60,3039,2145,11039,11039,11111
11112,TR472324,Rivincita,337973.0,12148.0,27.0,Hype,60,3050,2149,11040,11040,11112
11113,TR657461,Parole Sante,237626.0,11116.0,36.0,Hype,60,3048,671,11041,11041,11113
11114,TR534933,64 BARRE DI DELIRIO,175200.0,13218.0,61.0,Melodic,60,3052,264,11042,11042,11114
11115,TR613650,Stupido,292000.0,13687.0,30.0,Minimal,60,3050,2156,11043,11043,11115
11116,TR336444,Myspace Freestyle 2008,200280.0,14956.0,28.0,Warm Bangers,60,3047,56,11044,11044,11116
11117,TR294703,...Quando Ero Vivo,241626.0,15178.0,34.0,Slow Dark,60,3046,2145,11045,11045,11117
11118,TR264494,Triste Ma Vero,210120.0,12056.0,30.0,Hype,60,3049,1300,11046,11046,11118
11119,TR962394,La Danza della Pioggia,239106.0,13071.0,32.0,Warm Bangers,60,3049,1300,11047,11047,11119
11120,TR354676,In Down,216226.0,10960.0,34.0,Fast-Flow,60,3046,2145,11048,11048,11120
11121,TR501329,LA BANALITÀ DEL MALE,74666.0,12169.0,39.0,Fast-Flow,60,3053,1654,11049,11049,11121
11122,TR252473,Fatti Un Giro Nel Quartiere,155346.0,9185.0,33.0,Warm Bangers,60,3049,1300,11050,11050,11122
11123,TR743374,Semtex,227373.0,9840.0,36.0,Fast-Flow,60,3046,2145,11051,11051,11123
11124,TR597336,Parole Chiave,179813.0,10880.0,25.0,Minimal,60,3050,2149,11052,11052,11124
11125,TR571568,Mixare È Bello,234413.0,8027.0,29.0,Hype,60,3050,2149,11053,11053,11125
11126,TR750372,Continuavano A Chiamarlo Marracash (Il Divo),259266.0,10704.0,25.0,Hype,60,3050,2149,11054,11054,11126
11127,TR953947,Nuovo Papa,164373.0,11010.0,31.0,Warm Bangers,60,3047,367,11055,11055,11127
11128,TR739310,Popolare 2018,215760.0,8739.0,43.0,Hype,60,3047,56,11056,11056,11128
11129,TR440836,Le Voglio Piene,226041.0,8544.0,68.0,Hype,60,3054,2157,11057,11057,11129
11130,TR283661,Quello Che Deve Arrivare (Arriva Arriva),229146.0,9075.0,32.0,Hype,60,3049,1300,11058,11058,11130
11131,TR636833,Cani Pazzi,293466.0,7724.0,26.0,Melodic,60,3050,2158,11059,11059,11131
11132,TR460243,La tipa del tipo,196190.0,6256.0,25.0,Hype,60,3055,1004,11060,11060,11132
11133,TR821685,Slot Machine,199653.0,6334.0,27.0,Hype,60,3048,2159,11061,11061,11133
11134,TR335220,Fiaba Di Strada,159920.0,6613.0,25.0,Fast-Flow,60,3048,2160,11062,11062,11134
11135,TR577582,Casbah Flow,183306.0,5891.0,14.0,Slow Dark,60,3056,364,11063,11063,11135
11136,TR142562,Roccia Music,299106.0,4848.0,41.0,Hype,60,3048,367,11064,11064,11136
11137,TR254828,Nuovo Papa 2018,164373.0,4920.0,31.0,Warm Bangers,60,3047,56,11065,11065,11137
11138,TR736252,Stupidi,201000.0,6055.0,64.0,Hype,60,3039,2149,11066,11066,11138
11139,TR359110,Non Passerà,187760.0,5394.0,25.0,Hype,60,3048,2161,11067,11067,11139
11140,TR459678,Il Gioco,234446.0,5992.0,64.0,Hype,60,3039,367,11068,11068,11140
11141,TR386298,Paradiso italiano,281680.0,5551.0,23.0,Hype,60,3048,2162,11069,11069,11141
11142,TR247676,Due Anni Prima,67146.0,5899.0,21.0,Minimal,60,3050,2149,11070,11070,11142
11143,TR565029,Promo Sky NBA 2016/17 Freestyle,223009.0,4445.0,75.0,Minimal,60,3042,1926,11071,11071,11143
11144,TR628493,2 Strade,217666.0,5560.0,22.0,Fast-Flow,60,3048,2154,11072,11072,11144
11145,TR405136,Best Of The Year,390213.0,4052.0,23.0,Hype,60,3048,2163,11073,11073,11145
11146,TR106809,Regole,223009.0,5359.0,75.0,Hype,60,3042,367,11074,11074,11146
11147,TR752700,Vita Da Star (Provino),228000.0,4953.0,20.0,Warm Bangers,60,3044,515,11075,11075,11147
11148,TR409661,Esagero (Provino),168000.0,4706.0,16.0,Warm Bangers,60,3044,515,11076,11076,11148
11149,TR807264,Fotoromanzo,223009.0,5743.0,75.0,Fast-Flow,60,3042,2145,11077,11077,11149
11150,TR706785,Peso (Provino),276000.0,5726.0,18.0,Melodic,60,3044,2058,11078,11078,11150
11151,TR980893,Album Trailer 1,369493.0,4055.0,42.0,Minimal,60,3057,436,11079,11079,11151
11152,TR778654,Vendetta (2nd Roof RMX),187951.0,5236.0,59.0,Hype,60,3058,515,11080,11080,11152
11153,TR633926,Popolare RMX,188573.0,4751.0,35.0,Hype,60,3049,367,11081,11081,11153
11154,TR180959,Senza Un Posto Nel Mondo (New Version),216000.0,4846.0,22.0,Hype,60,3044,2164,11082,11082,11154
11155,TR702441,Freestyle,130434.0,5681.0,58.0,Melodic,60,3059,911,11083,11083,11155
11156,TR479545,Album Trailer 3,230365.0,4633.0,34.0,Minimal,60,3060,2165,11084,11084,11156
11157,TR153241,Chi sale sul ring (Sigla MTV Spit),204853.0,5904.0,30.0,Minimal,60,3061,2166,11085,11085,11157
11158,TR216791,Album Trailer 2,369493.0,4370.0,42.0,Minimal,60,3057,585,11086,11086,11158
11159,TR600568,Crack (Provino),292000.0,5340.0,15.0,Warm Bangers,60,3044,515,11087,11087,11159
11160,TR447628,Intro*,60230.0,5359.0,34.0,Minimal,60,3038,2143,11088,11088,11160
11161,TR458543,Di Nascosto (Don Joe Demo 2014),236000.0,4517.0,17.0,Warm Bangers,60,3044,515,683,683,11161
11162,TR434449,Badabum Cha Cha - Gabri Ponte & Paki Rmx (Radio Edit),234374.0,4663.0,57.0,Warm Bangers,60,3062,2082,11089,11089,11162
11163,TR826351,Senza Un Posto Nel Mondo - Alternative Version,248330.0,5686.0,24.0,Fast-Flow,60,3041,2167,11090,11090,11163
11164,TR529809,Badabum Cha Cha - Gabri Ponte & Paki Rmx (Extended),234374.0,5540.0,57.0,Melodic,60,3062,2082,11091,11091,11164
11165,TR280904,Tempo,302173.0,4672.0,37.0,Warm Bangers,60,3041,368,11092,11092,11165
11166,TR552777,Giufa Cafe,292000.0,5084.0,30.0,Minimal,60,3050,667,11093,11093,11166
