TextCodePK,n_sentences,n_tokens,Is_Explicit,N_Swear_Words_IT,N_Swear_Words_EN,Lyrics
1,102.0,911.0,,,,
2,56.0,675.0,,,,
3,88.0,758.0,,,,
4,37.0,382.0,,,,
5,48.0,429.0,,,,
6,62.0,387.0,,,,
7,82.0,680.0,,,,
8,82.0,657.0,,,,
9,82.0,584.0,,,,
10,50.0,589.0,,,,
11,54.0,487.0,,,,
12,51.0,497.0,,,,
13,57.0,332.0,,,,
14,47.0,455.0,,,,
15,48.0,441.0,,,,
16,28.0,253.0,,,,
17,48.0,422.0,,,,
18,47.0,357.0,,,,
19,50.0,406.0,,,,
20,74.0,812.0,,,,
21,83.0,870.0,,,,
22,72.0,556.0,,,,
23,16.0,118.0,,,,
24,71.0,337.0,,,,
25,28.0,236.0,,,,
26,41.0,461.0,,,,
27,25.0,236.0,,,,
28,50.0,492.0,,,,
29,18.0,118.0,,,,
30,47.0,497.0,,,,
31,35.0,267.0,,,,
32,54.0,719.0,,,,
33,90.0,392.0,,,,
34,61.0,461.0,,,,
35,37.0,401.0,,,,
36,53.0,559.0,,,,
37,123.0,1139.0,,,,
38,66.0,450.0,,,,
39,84.0,455.0,,,,
40,51.0,536.0,,,,
41,32.0,327.0,,,,
42,51.0,410.0,,,,
43,24.0,214.0,,,,
44,55.0,458.0,,,,
45,93.0,850.0,,,,
46,92.0,561.0,,,,
47,51.0,537.0,,,,
48,17.0,104.0,,,,
49,62.0,630.0,,,,
50,25.0,189.0,,,,
51,27.0,241.0,,,,
52,43.0,521.0,,,,
53,23.0,130.0,,,,
54,40.0,365.0,,,,
55,51.0,187.0,,,,
56,20.0,178.0,,,,
57,34.0,294.0,,,,
58,83.0,677.0,,,,
59,1.0,4.0,,,,
60,59.0,616.0,,,,
61,44.0,438.0,,,,
62,1.0,6.0,,,,
63,87.0,805.0,,,,
64,88.0,878.0,,,,
65,76.0,604.0,,,,
66,2.0,5.0,,,,
67,176.0,1506.0,,,,
68,72.0,671.0,,,,
69,1.0,7.0,,,,
70,30.0,278.0,,,,
71,55.0,492.0,,,,
72,20.0,146.0,,,,
73,55.0,523.0,,,,
74,69.0,690.0,,,,
75,42.0,323.0,,,,
76,72.0,584.0,,,,
77,47.0,397.0,,,,
78,75.0,712.0,,,,
79,46.0,367.0,,,,
80,44.0,469.0,,,,
81,49.0,544.0,,,,
82,27.0,178.0,,,,
83,50.0,333.0,,,,
84,38.0,270.0,,,,
85,50.0,376.0,,,,
86,21.0,208.0,,,,
87,43.0,422.0,,,,
88,78.0,536.0,,,,
89,55.0,462.0,,,,
90,93.0,628.0,,,,
91,53.0,433.0,,,,
92,47.0,417.0,,,,
93,67.0,535.0,,,,
94,47.0,400.0,,,,
95,68.0,517.0,,,,
96,58.0,541.0,,,,
97,70.0,359.0,,,,
98,64.0,505.0,,,,
99,50.0,353.0,,,,
100,40.0,315.0,,,,
101,57.0,405.0,,,,
102,53.0,357.0,,,,
103,51.0,496.0,,,,
104,20.0,174.0,,,,
105,51.0,422.0,,,,
106,56.0,384.0,,,,
107,71.0,504.0,,,,
108,55.0,502.0,,,,
109,74.0,491.0,,,,
110,65.0,428.0,,,,
111,21.0,134.0,,,,
112,78.0,470.0,,,,
113,44.0,356.0,,,,
114,49.0,396.0,,,,
115,19.0,142.0,,,,
116,48.0,410.0,,,,
117,68.0,524.0,,,,
118,99.0,859.0,,,,
119,56.0,359.0,,,,
120,53.0,464.0,,,,
121,68.0,505.0,,,,
122,44.0,403.0,,,,
123,20.0,168.0,,,,
124,38.0,364.0,,,,
125,81.0,601.0,,,,
126,58.0,387.0,,,,
127,43.0,448.0,,,,
128,47.0,426.0,,,,
129,79.0,762.0,,,,
130,57.0,505.0,,,,
131,65.0,565.0,,,,
132,31.0,322.0,,,,
133,42.0,400.0,,,,
134,44.0,394.0,,,,
135,50.0,459.0,,,,
136,76.0,500.0,,,,
137,53.0,412.0,,,,
138,54.0,499.0,,,,
139,72.0,505.0,,,,
140,49.0,420.0,,,,
141,63.0,420.0,,,,
142,69.0,512.0,,,,
143,75.0,538.0,,,,
144,36.0,306.0,,,,
145,51.0,340.0,,,,
146,53.0,334.0,,,,
147,36.0,347.0,,,,
148,33.0,341.0,,,,
149,28.0,252.0,,,,
150,60.0,416.0,,,,
151,43.0,415.0,,,,
152,24.0,211.0,,,,
153,62.0,507.0,,,,
154,35.0,386.0,,,,
155,79.0,472.0,,,,
156,42.0,359.0,,,,
157,29.0,235.0,,,,
158,31.0,231.0,,,,
159,38.0,380.0,,,,
160,51.0,347.0,,,,
161,61.0,439.0,,,,
162,72.0,525.0,,,,
163,37.0,269.0,,,,
164,29.0,259.0,,,,
165,47.0,296.0,,,,
166,35.0,284.0,,,,
167,40.0,382.0,,,,
168,6.0,45.0,,,,
169,29.0,240.0,,,,
170,38.0,364.0,,,,
171,24.0,119.0,,,,
172,33.0,280.0,,,,
173,59.0,350.0,,,,
174,42.0,397.0,,,,
175,22.0,154.0,,,,
176,52.0,407.0,,,,
177,24.0,219.0,,,,
178,44.0,359.0,,,,
179,19.0,161.0,,,,
180,64.0,567.0,,,,
181,20.0,162.0,,,,
182,16.0,145.0,,,,
183,26.0,252.0,,,,
184,79.0,443.0,,,,
185,79.0,612.0,,,,
186,45.0,401.0,,,,
187,43.0,307.0,,,,
188,46.0,222.0,,,,
189,46.0,456.0,,,,
190,69.0,461.0,,,,
191,50.0,304.0,,,,
192,70.0,241.0,,,,
193,71.0,501.0,,,,
194,67.0,546.0,,,,
195,26.0,292.0,,,,
196,28.0,127.0,,,,
197,56.0,472.0,,,,
198,23.0,212.0,,,,
199,43.0,482.0,,,,
200,81.0,726.0,,,,
201,65.0,683.0,,,,
202,59.0,510.0,,,,
203,64.0,535.0,,,,
204,54.0,662.0,,,,
205,60.0,498.0,,,,
206,86.0,824.0,,,,
207,66.0,553.0,,,,
208,79.0,844.0,,,,
209,48.0,414.0,,,,
210,73.0,719.0,,,,
211,47.0,503.0,,,,
212,35.0,255.0,,,,
213,57.0,567.0,,,,
214,51.0,476.0,,,,
215,38.0,323.0,,,,
216,73.0,640.0,,,,
217,29.0,262.0,,,,
218,29.0,351.0,,,,
219,46.0,383.0,,,,
220,104.0,939.0,,,,
221,61.0,454.0,,,,
222,20.0,227.0,,,,
223,60.0,484.0,,,,
224,53.0,465.0,,,,
225,68.0,713.0,,,,
226,40.0,372.0,,,,
227,64.0,479.0,,,,
228,59.0,485.0,,,,
229,82.0,753.0,,,,
230,49.0,426.0,,,,
231,59.0,667.0,,,,
232,34.0,404.0,,,,
233,40.0,354.0,,,,
234,36.0,313.0,,,,
235,75.0,565.0,,,,
236,45.0,511.0,,,,
237,62.0,572.0,,,,
238,44.0,324.0,,,,
239,53.0,468.0,,,,
240,50.0,587.0,,,,
241,38.0,308.0,,,,
242,47.0,329.0,,,,
243,81.0,504.0,,,,
244,51.0,496.0,,,,
245,41.0,327.0,,,,
246,48.0,380.0,,,,
247,45.0,339.0,,,,
248,54.0,562.0,,,,
249,27.0,159.0,,,,
250,36.0,316.0,,,,
251,53.0,499.0,,,,
252,34.0,243.0,,,,
253,35.0,323.0,,,,
254,63.0,449.0,,,,
255,29.0,181.0,,,,
256,57.0,563.0,,,,
257,12.0,126.0,,,,
258,61.0,657.0,,,,
259,35.0,283.0,,,,
260,22.0,163.0,,,,
261,21.0,243.0,,,,
262,20.0,174.0,,,,
263,16.0,130.0,,,,
264,40.0,310.0,,,,
265,2.0,28.0,,,,
266,31.0,266.0,,,,
267,24.0,185.0,,,,
268,43.0,414.0,,,,
269,81.0,611.0,,,,
270,12.0,112.0,,,,
271,50.0,408.0,,,,
272,24.0,209.0,,,,
273,1.0,20.0,,,,
274,33.0,244.0,,,,
275,29.0,193.0,,,,
276,18.0,104.0,,,,
277,25.0,390.0,,,,
278,1.0,27.0,,,,
279,31.0,142.0,,,,
280,1.0,4.0,,,,
281,21.0,94.0,,,,
282,6.0,57.0,,,,
283,80.0,705.0,,,,
284,12.0,106.0,,,,
285,45.0,467.0,,,,
286,1.0,18.0,,,,
287,43.0,446.0,,,,
288,1.0,25.0,,,,
289,1.0,18.0,,,,
290,29.0,286.0,,,,
291,3.0,34.0,,,,
292,15.0,113.0,,,,
293,51.0,576.0,,,,
294,26.0,226.0,,,,
295,30.0,332.0,,,,
296,1.0,19.0,,,,
297,39.0,407.0,,,,
298,15.0,105.0,,,,
299,31.0,217.0,,,,
300,36.0,235.0,,,,
301,9.0,46.0,,,,
302,14.0,141.0,,,,
303,13.0,109.0,,,,
304,12.0,59.0,,,,
305,53.0,704.0,,,,
306,60.0,536.0,,,,
307,47.0,485.0,,,,
308,37.0,271.0,,,,
309,55.0,573.0,,,,
310,59.0,630.0,,,,
311,53.0,650.0,,,,
312,49.0,573.0,,,,
313,60.0,578.0,,,,
314,53.0,500.0,,,,
315,52.0,534.0,,,,
316,45.0,421.0,,,,
317,58.0,561.0,,,,
318,52.0,460.0,,,,
319,50.0,523.0,,,,
320,49.0,617.0,,,,
321,63.0,730.0,,,,
322,47.0,470.0,,,,
323,28.0,286.0,,,,
324,52.0,495.0,,,,
325,44.0,671.0,,,,
326,56.0,467.0,,,,
327,61.0,551.0,,,,
328,52.0,398.0,,,,
329,47.0,527.0,,,,
330,70.0,685.0,,,,
331,51.0,548.0,,,,
332,76.0,539.0,,,,
333,67.0,684.0,,,,
334,64.0,619.0,,,,
335,60.0,647.0,,,,
336,67.0,594.0,,,,
337,59.0,611.0,,,,
338,57.0,520.0,,,,
339,62.0,613.0,,,,
340,68.0,680.0,,,,
341,66.0,745.0,,,,
342,53.0,420.0,,,,
343,44.0,444.0,,,,
344,59.0,519.0,,,,
345,91.0,654.0,,,,
346,58.0,500.0,,,,
347,56.0,593.0,,,,
348,91.0,825.0,,,,
349,36.0,405.0,,,,
350,53.0,488.0,,,,
351,55.0,540.0,,,,
352,59.0,615.0,,,,
353,72.0,784.0,,,,
354,53.0,412.0,,,,
355,56.0,537.0,,,,
356,67.0,654.0,,,,
357,74.0,636.0,,,,
358,80.0,528.0,,,,
359,49.0,546.0,,,,
360,63.0,699.0,,,,
361,60.0,453.0,,,,
362,55.0,453.0,,,,
363,68.0,378.0,,,,
364,53.0,472.0,,,,
365,67.0,926.0,,,,
366,44.0,410.0,,,,
367,63.0,593.0,,,,
368,55.0,499.0,,,,
369,62.0,512.0,,,,
370,54.0,403.0,,,,
371,56.0,578.0,,,,
372,49.0,532.0,,,,
373,52.0,477.0,,,,
374,61.0,612.0,,,,
375,73.0,692.0,,,,
376,74.0,548.0,,,,
377,52.0,502.0,,,,
378,58.0,452.0,,,,
379,70.0,471.0,,,,
380,45.0,408.0,,,,
381,87.0,660.0,,,,
382,55.0,622.0,,,,
383,80.0,520.0,,,,
384,60.0,540.0,,,,
385,42.0,450.0,,,,
386,66.0,541.0,,,,
387,34.0,320.0,,,,
388,59.0,554.0,,,,
389,90.0,491.0,,,,
390,65.0,734.0,,,,
391,52.0,500.0,,,,
392,71.0,533.0,,,,
393,53.0,505.0,,,,
394,44.0,370.0,,,,
395,49.0,361.0,,,,
396,63.0,465.0,,,,
397,69.0,752.0,,,,
398,69.0,685.0,,,,
399,50.0,397.0,,,,
400,46.0,381.0,,,,
401,78.0,654.0,,,,
402,52.0,562.0,,,,
403,76.0,686.0,,,,
404,49.0,539.0,,,,
405,59.0,444.0,,,,
406,59.0,529.0,,,,
407,60.0,511.0,,,,
408,59.0,646.0,,,,
409,69.0,854.0,,,,
410,63.0,655.0,,,,
411,61.0,470.0,,,,
412,94.0,633.0,,,,
413,55.0,308.0,,,,
414,75.0,747.0,,,,
415,61.0,509.0,,,,
416,47.0,435.0,,,,
417,72.0,726.0,,,,
418,55.0,592.0,,,,
419,39.0,352.0,,,,
420,61.0,514.0,,,,
421,32.0,237.0,,,,
422,54.0,617.0,,,,
423,65.0,523.0,,,,
424,32.0,350.0,,,,
425,41.0,408.0,,,,
426,26.0,271.0,,,,
427,49.0,414.0,,,,
428,46.0,404.0,,,,
429,57.0,363.0,,,,
430,51.0,481.0,,,,
431,37.0,392.0,,,,
432,43.0,437.0,,,,
433,61.0,647.0,,,,
434,59.0,453.0,,,,
435,49.0,445.0,,,,
436,15.0,179.0,,,,
437,85.0,975.0,,,,
438,40.0,441.0,,,,
439,58.0,456.0,,,,
440,80.0,487.0,,,,
441,49.0,360.0,,,,
442,32.0,322.0,,,,
443,65.0,663.0,,,,
444,71.0,693.0,,,,
445,52.0,481.0,,,,
446,55.0,492.0,,,,
447,12.0,105.0,,,,
448,68.0,575.0,,,,
449,40.0,227.0,,,,
450,19.0,179.0,,,,
451,40.0,372.0,,,,
452,50.0,386.0,,,,
453,63.0,434.0,,,,
454,51.0,422.0,,,,
455,76.0,617.0,,,,
456,46.0,378.0,,,,
457,78.0,568.0,,,,
458,45.0,471.0,,,,
459,47.0,336.0,,,,
460,63.0,477.0,,,,
461,52.0,474.0,,,,
462,25.0,231.0,,,,
463,70.0,553.0,,,,
464,34.0,297.0,,,,
465,27.0,205.0,,,,
466,46.0,409.0,,,,
467,64.0,473.0,,,,
468,18.0,139.0,,,,
469,31.0,282.0,,,,
470,27.0,284.0,,,,
471,49.0,355.0,,,,
472,77.0,742.0,,,,
473,42.0,368.0,,,,
474,58.0,462.0,,,,
475,59.0,581.0,,,,
476,28.0,230.0,,,,
477,110.0,790.0,,,,
478,12.0,165.0,,,,
479,45.0,428.0,,,,
480,45.0,403.0,,,,
481,54.0,434.0,,,,
482,57.0,540.0,,,,
483,17.0,137.0,,,,
484,60.0,477.0,,,,
485,66.0,496.0,,,,
486,31.0,265.0,,,,
487,63.0,609.0,,,,
488,46.0,420.0,,,,
489,28.0,260.0,,,,
490,16.0,184.0,,,,
491,45.0,389.0,,,,
492,77.0,556.0,,,,
493,35.0,356.0,,,,
494,55.0,427.0,,,,
495,61.0,502.0,,,,
496,37.0,406.0,,,,
497,57.0,616.0,,,,
498,1.0,16.0,,,,
499,60.0,463.0,,,,
500,55.0,499.0,,,,
501,60.0,540.0,,,,
502,44.0,425.0,,,,
503,52.0,562.0,,,,
504,61.0,612.0,,,,
505,67.0,926.0,,,,
506,60.0,647.0,,,,
507,59.0,529.0,,,,
508,44.0,410.0,,,,
509,53.0,420.0,,,,
510,74.0,638.0,,,,
511,49.0,468.0,,,,
512,55.0,499.0,,,,
513,1.0,7.0,,,,
514,116.0,896.0,,,,
515,94.0,1056.0,,,,
516,84.0,695.0,,,,
517,64.0,500.0,,,,
518,73.0,802.0,,,,
519,62.0,602.0,,,,
520,67.0,720.0,,,,
521,70.0,693.0,,,,
522,50.0,467.0,,,,
523,119.0,1068.0,,,,
524,99.0,882.0,,,,
525,82.0,881.0,,,,
526,46.0,578.0,,,,
527,71.0,723.0,,,,
528,66.0,630.0,,,,
529,81.0,862.0,,,,
530,69.0,563.0,,,,
531,68.0,598.0,,,,
532,55.0,510.0,,,,
533,50.0,596.0,,,,
534,62.0,456.0,,,,
535,88.0,618.0,,,,
536,66.0,770.0,,,,
537,66.0,657.0,,,,
538,71.0,641.0,,,,
539,72.0,584.0,,,,
540,55.0,465.0,,,,
541,66.0,669.0,,,,
542,57.0,475.0,,,,
543,65.0,710.0,,,,
544,59.0,530.0,,,,
545,54.0,479.0,,,,
546,71.0,685.0,,,,
547,47.0,469.0,,,,
548,60.0,459.0,,,,
549,69.0,712.0,,,,
550,57.0,545.0,,,,
551,51.0,559.0,,,,
552,76.0,579.0,,,,
553,79.0,803.0,,,,
554,92.0,853.0,,,,
555,40.0,385.0,,,,
556,51.0,371.0,,,,
557,60.0,553.0,,,,
558,74.0,581.0,,,,
559,58.0,619.0,,,,
560,75.0,690.0,,,,
561,113.0,880.0,,,,
562,65.0,552.0,,,,
563,47.0,492.0,,,,
564,73.0,592.0,,,,
565,49.0,438.0,,,,
566,62.0,626.0,,,,
567,60.0,581.0,,,,
568,77.0,749.0,,,,
569,46.0,521.0,,,,
570,61.0,465.0,,,,
571,66.0,517.0,,,,
572,84.0,613.0,,,,
573,59.0,523.0,,,,
574,65.0,578.0,,,,
575,78.0,489.0,,,,
576,48.0,426.0,,,,
577,66.0,672.0,,,,
578,63.0,535.0,,,,
579,106.0,697.0,,,,
580,82.0,459.0,,,,
581,48.0,480.0,,,,
582,52.0,559.0,,,,
583,39.0,365.0,,,,
584,64.0,605.0,,,,
585,64.0,498.0,,,,
586,48.0,512.0,,,,
587,60.0,529.0,,,,
588,56.0,578.0,,,,
589,79.0,684.0,,,,
590,88.0,723.0,,,,
591,56.0,535.0,,,,
592,42.0,397.0,,,,
593,69.0,814.0,,,,
594,38.0,365.0,,,,
595,75.0,574.0,,,,
596,73.0,575.0,,,,
597,58.0,460.0,,,,
598,55.0,481.0,,,,
599,84.0,622.0,,,,
600,81.0,823.0,,,,
601,50.0,477.0,,,,
602,84.0,781.0,,,,
603,58.0,533.0,,,,
604,51.0,434.0,,,,
605,55.0,583.0,,,,
606,107.0,770.0,,,,
607,73.0,576.0,,,,
608,50.0,517.0,,,,
609,36.0,292.0,,,,
610,75.0,786.0,,,,
611,117.0,744.0,,,,
612,78.0,554.0,,,,
613,64.0,594.0,,,,
614,57.0,542.0,,,,
615,27.0,217.0,,,,
616,62.0,563.0,,,,
617,67.0,652.0,,,,
618,76.0,501.0,,,,
619,35.0,341.0,,,,
620,49.0,483.0,,,,
621,63.0,652.0,,,,
622,60.0,555.0,,,,
623,61.0,557.0,,,,
624,71.0,632.0,,,,
625,84.0,735.0,,,,
626,122.0,890.0,,,,
627,60.0,594.0,,,,
628,99.0,422.0,,,,
629,45.0,418.0,,,,
630,79.0,588.0,,,,
631,74.0,830.0,,,,
632,58.0,525.0,,,,
633,68.0,687.0,,,,
634,60.0,533.0,,,,
635,64.0,568.0,,,,
636,61.0,683.0,,,,
637,50.0,470.0,,,,
638,70.0,405.0,,,,
639,60.0,524.0,,,,
640,58.0,557.0,,,,
641,60.0,507.0,,,,
642,1.0,8.0,,,,
643,97.0,879.0,,,,
644,40.0,380.0,,,,
645,40.0,368.0,,,,
646,1.0,4.0,,,,
647,42.0,355.0,,,,
648,47.0,485.0,,,,
649,55.0,549.0,,,,
650,41.0,367.0,,,,
651,43.0,367.0,,,,
652,66.0,516.0,,,,
653,29.0,256.0,,,,
654,34.0,319.0,,,,
655,63.0,614.0,,,,
656,51.0,475.0,,,,
657,65.0,690.0,,,,
658,44.0,389.0,,,,
659,68.0,542.0,,,,
660,42.0,369.0,,,,
661,57.0,323.0,,,,
662,39.0,389.0,,,,
663,36.0,342.0,,,,
664,35.0,313.0,,,,
665,25.0,243.0,,,,
666,43.0,434.0,,,,
667,18.0,170.0,,,,
668,38.0,331.0,,,,
669,79.0,402.0,,,,
670,49.0,454.0,,,,
671,55.0,239.0,,,,
672,24.0,185.0,,,,
673,41.0,231.0,,,,
674,79.0,384.0,,,,
675,39.0,363.0,,,,
676,33.0,310.0,,,,
677,19.0,182.0,,,,
678,38.0,363.0,,,,
679,43.0,348.0,,,,
680,20.0,198.0,,,,
681,28.0,262.0,,,,
682,33.0,231.0,,,,
683,31.0,260.0,,,,
684,223.0,1768.0,,,,
685,16.0,250.0,,,,
686,69.0,533.0,,,,
687,34.0,465.0,,,,
688,79.0,532.0,,,,
689,70.0,611.0,,,,
690,97.0,536.0,,,,
691,18.0,535.0,,,,
692,58.0,317.0,,,,
693,55.0,292.0,,,,
694,55.0,365.0,,,,
695,22.0,242.0,,,,
696,65.0,380.0,,,,
697,126.0,613.0,,,,
698,84.0,481.0,,,,
699,49.0,408.0,,,,
700,55.0,460.0,,,,
701,83.0,705.0,,,,
702,65.0,528.0,,,,
703,29.0,227.0,,,,
704,55.0,455.0,,,,
705,79.0,536.0,,,,
706,69.0,448.0,,,,
707,45.0,339.0,,,,
708,36.0,271.0,,,,
709,47.0,325.0,,,,
710,31.0,261.0,,,,
711,75.0,789.0,,,,
712,11.0,323.0,,,,
713,26.0,382.0,,,,
714,51.0,306.0,,,,
715,40.0,371.0,,,,
716,49.0,335.0,,,,
717,47.0,448.0,,,,
718,33.0,221.0,,,,
719,8.0,195.0,,,,
720,33.0,220.0,,,,
721,53.0,324.0,,,,
722,37.0,264.0,,,,
723,76.0,491.0,,,,
724,79.0,555.0,,,,
725,13.0,264.0,,,,
726,19.0,151.0,,,,
727,19.0,252.0,,,,
728,1.0,8.0,,,,
729,39.0,342.0,,,,
730,47.0,442.0,,,,
731,58.0,442.0,,,,
732,42.0,432.0,,,,
733,13.0,272.0,,,,
734,73.0,572.0,,,,
735,73.0,520.0,,,,
736,83.0,722.0,,,,
737,47.0,293.0,,,,
738,63.0,401.0,,,,
739,52.0,406.0,,,,
740,15.0,222.0,,,,
741,65.0,314.0,,,,
742,105.0,530.0,,,,
743,23.0,265.0,,,,
744,69.0,578.0,,,,
745,51.0,348.0,,,,
746,57.0,337.0,,,,
747,42.0,303.0,,,,
748,27.0,303.0,,,,
749,68.0,506.0,,,,
750,80.0,570.0,,,,
751,50.0,367.0,,,,
752,57.0,299.0,,,,
753,52.0,388.0,,,,
754,48.0,410.0,,,,
755,28.0,235.0,,,,
756,45.0,328.0,,,,
757,45.0,354.0,,,,
758,65.0,483.0,,,,
759,3.0,5.0,,,,
760,49.0,378.0,,,,
761,43.0,352.0,,,,
762,52.0,368.0,,,,
763,70.0,552.0,,,,
764,41.0,375.0,,,,
765,99.0,992.0,,,,
766,65.0,664.0,,,,
767,40.0,447.0,,,,
768,52.0,663.0,,,,
769,49.0,502.0,,,,
770,55.0,561.0,,,,
771,53.0,609.0,,,,
772,54.0,503.0,,,,
773,59.0,763.0,,,,
774,57.0,481.0,,,,
775,67.0,671.0,,,,
776,55.0,543.0,,,,
777,56.0,528.0,,,,
778,38.0,507.0,,,,
779,75.0,626.0,,,,
780,45.0,476.0,,,,
781,51.0,482.0,,,,
782,35.0,481.0,,,,
783,37.0,322.0,,,,
784,63.0,705.0,,,,
785,58.0,595.0,,,,
786,55.0,693.0,,,,
787,62.0,435.0,,,,
788,45.0,321.0,,,,
789,36.0,301.0,,,,
790,67.0,545.0,,,,
791,53.0,477.0,,,,
792,40.0,416.0,,,,
793,56.0,714.0,,,,
794,8.0,101.0,,,,
795,54.0,522.0,,,,
796,51.0,540.0,,,,
797,59.0,567.0,,,,
798,70.0,699.0,,,,
799,50.0,543.0,,,,
800,72.0,756.0,,,,
801,61.0,648.0,,,,
802,46.0,526.0,,,,
803,69.0,549.0,,,,
804,72.0,696.0,,,,
805,78.0,620.0,,,,
806,54.0,676.0,,,,
807,64.0,581.0,,,,
808,78.0,586.0,,,,
809,79.0,683.0,,,,
810,52.0,589.0,,,,
811,66.0,479.0,,,,
812,68.0,712.0,,,,
813,85.0,599.0,,,,
814,61.0,521.0,,,,
815,64.0,540.0,,,,
816,77.0,572.0,,,,
817,56.0,496.0,,,,
818,93.0,755.0,,,,
819,68.0,619.0,,,,
820,48.0,429.0,,,,
821,56.0,397.0,,,,
822,76.0,660.0,,,,
823,80.0,847.0,,,,
824,72.0,690.0,,,,
825,90.0,833.0,,,,
826,44.0,429.0,,,,
827,60.0,652.0,,,,
828,60.0,605.0,,,,
829,66.0,539.0,,,,
830,87.0,746.0,,,,
831,69.0,668.0,,,,
832,51.0,490.0,,,,
833,50.0,489.0,,,,
834,59.0,509.0,,,,
835,53.0,442.0,,,,
836,74.0,559.0,,,,
837,65.0,500.0,,,,
838,66.0,608.0,,,,
839,59.0,568.0,,,,
840,56.0,500.0,,,,
841,58.0,564.0,,,,
842,90.0,770.0,,,,
843,55.0,443.0,,,,
844,41.0,463.0,,,,
845,80.0,515.0,,,,
846,55.0,474.0,,,,
847,56.0,423.0,,,,
848,60.0,576.0,,,,
849,52.0,645.0,,,,
850,43.0,499.0,,,,
851,43.0,399.0,,,,
852,59.0,536.0,,,,
853,60.0,621.0,,,,
854,67.0,570.0,,,,
855,84.0,879.0,,,,
856,52.0,426.0,,,,
857,40.0,397.0,,,,
858,61.0,647.0,,,,
859,59.0,431.0,,,,
860,75.0,529.0,,,,
861,67.0,541.0,,,,
862,68.0,628.0,,,,
863,75.0,786.0,,,,
864,81.0,793.0,,,,
865,67.0,495.0,,,,
866,75.0,669.0,,,,
867,63.0,512.0,,,,
868,76.0,697.0,,,,
869,60.0,575.0,,,,
870,76.0,815.0,,,,
871,72.0,557.0,,,,
872,68.0,631.0,,,,
873,56.0,451.0,,,,
874,35.0,285.0,,,,
875,73.0,682.0,,,,
876,72.0,591.0,,,,
877,73.0,590.0,,,,
878,59.0,680.0,,,,
879,50.0,526.0,,,,
880,60.0,547.0,,,,
881,81.0,707.0,,,,
882,55.0,556.0,,,,
883,52.0,515.0,,,,
884,47.0,503.0,,,,
885,51.0,447.0,,,,
886,62.0,521.0,,,,
887,52.0,457.0,,,,
888,75.0,595.0,,,,
889,50.0,474.0,,,,
890,58.0,440.0,,,,
891,58.0,604.0,,,,
892,54.0,384.0,,,,
893,61.0,442.0,,,,
894,45.0,422.0,,,,
895,55.0,484.0,,,,
896,69.0,562.0,,,,
897,76.0,515.0,,,,
898,63.0,522.0,,,,
899,40.0,329.0,,,,
900,78.0,594.0,,,,
901,63.0,534.0,,,,
902,46.0,422.0,,,,
903,80.0,514.0,,,,
904,49.0,454.0,,,,
905,71.0,620.0,,,,
906,77.0,748.0,,,,
907,61.0,605.0,,,,
908,59.0,593.0,,,,
909,59.0,599.0,,,,
910,59.0,471.0,,,,
911,46.0,412.0,,,,
912,58.0,492.0,,,,
913,60.0,457.0,,,,
914,35.0,309.0,,,,
915,46.0,412.0,,,,
916,64.0,764.0,,,,
917,75.0,639.0,,,,
918,84.0,638.0,,,,
919,63.0,593.0,,,,
920,12.0,249.0,,,,
921,69.0,851.0,,,,
922,53.0,612.0,,,,
923,79.0,538.0,,,,
924,60.0,476.0,,,,
925,62.0,538.0,,,,
926,66.0,670.0,,,,
927,59.0,537.0,,,,
928,75.0,620.0,,,,
929,50.0,471.0,,,,
930,79.0,652.0,,,,
931,111.0,937.0,,,,
932,63.0,509.0,,,,
933,48.0,440.0,,,,
934,85.0,793.0,,,,
935,53.0,583.0,,,,
936,50.0,408.0,,,,
937,72.0,591.0,,,,
938,50.0,420.0,,,,
939,69.0,336.0,,,,
940,51.0,471.0,,,,
941,58.0,553.0,,,,
942,54.0,543.0,,,,
943,32.0,314.0,,,,
944,88.0,807.0,,,,
945,72.0,541.0,,,,
946,55.0,573.0,,,,
947,66.0,497.0,,,,
948,75.0,662.0,,,,
949,113.0,980.0,,,,
950,62.0,425.0,,,,
951,65.0,483.0,,,,
952,61.0,502.0,,,,
953,73.0,661.0,,,,
954,71.0,412.0,,,,
955,85.0,627.0,,,,
956,48.0,429.0,,,,
957,77.0,663.0,,,,
958,82.0,746.0,,,,
959,65.0,602.0,,,,
960,49.0,411.0,,,,
961,62.0,455.0,,,,
962,53.0,415.0,,,,
963,68.0,549.0,,,,
964,76.0,664.0,,,,
965,4.0,27.0,,,,
966,68.0,587.0,,,,
967,83.0,567.0,,,,
968,15.0,82.0,,,,
969,70.0,689.0,,,,
970,75.0,691.0,,,,
971,95.0,707.0,,,,
972,47.0,428.0,,,,
973,56.0,504.0,,,,
974,65.0,490.0,,,,
975,69.0,622.0,,,,
976,52.0,487.0,,,,
977,86.0,890.0,,,,
978,97.0,625.0,,,,
979,49.0,382.0,,,,
980,65.0,556.0,,,,
981,62.0,566.0,,,,
982,55.0,758.0,,,,
983,79.0,671.0,,,,
984,65.0,530.0,,,,
985,66.0,768.0,,,,
986,90.0,790.0,,,,
987,65.0,847.0,,,,
988,113.0,945.0,,,,
989,70.0,622.0,,,,
990,70.0,567.0,,,,
991,68.0,678.0,,,,
992,69.0,530.0,,,,
993,60.0,654.0,,,,
994,62.0,626.0,,,,
995,82.0,768.0,,,,
996,26.0,196.0,,,,
997,71.0,424.0,,,,
998,76.0,608.0,,,,
999,84.0,605.0,,,,
1000,77.0,664.0,,,,
1001,78.0,785.0,,,,
1002,65.0,579.0,,,,
1003,68.0,567.0,,,,
1004,67.0,649.0,,,,
1005,47.0,316.0,,,,
1006,88.0,679.0,,,,
1007,36.0,343.0,,,,
1008,89.0,788.0,,,,
1009,53.0,425.0,,,,
1010,48.0,459.0,,,,
1011,44.0,437.0,,,,
1012,50.0,496.0,,,,
1013,133.0,959.0,,,,
1014,63.0,528.0,,,,
1015,67.0,740.0,,,,
1016,33.0,301.0,,,,
1017,43.0,349.0,,,,
1018,25.0,215.0,,,,
1019,56.0,492.0,,,,
1020,73.0,605.0,,,,
1021,80.0,695.0,,,,
1022,54.0,369.0,,,,
1023,57.0,571.0,,,,
1024,53.0,370.0,,,,
1025,99.0,830.0,,,,
1026,62.0,609.0,,,,
1027,74.0,718.0,,,,
1028,48.0,468.0,,,,
1029,33.0,237.0,,,,
1030,59.0,595.0,,,,
1031,48.0,422.0,,,,
1032,69.0,696.0,,,,
1033,25.0,213.0,,,,
1034,50.0,543.0,,,,
1035,77.0,634.0,,,,
1036,69.0,454.0,,,,
1037,62.0,476.0,,,,
1038,51.0,502.0,,,,
1039,68.0,529.0,,,,
1040,64.0,582.0,,,,
1041,44.0,320.0,,,,
1042,48.0,496.0,,,,
1043,42.0,375.0,,,,
1044,44.0,348.0,,,,
1045,85.0,780.0,,,,
1046,57.0,443.0,,,,
1047,61.0,479.0,,,,
1048,45.0,380.0,,,,
1049,78.0,594.0,,,,
1050,61.0,474.0,,,,
1051,64.0,553.0,,,,
1052,59.0,588.0,,,,
1053,32.0,216.0,,,,
1054,57.0,525.0,,,,
1055,24.0,180.0,,,,
1056,73.0,661.0,,,,
1057,75.0,560.0,,,,
1058,16.0,162.0,,,,
1059,52.0,386.0,,,,
1060,42.0,294.0,,,,
1061,72.0,590.0,,,,
1062,68.0,568.0,,,,
1063,42.0,397.0,,,,
1064,75.0,611.0,,,,
1065,36.0,334.0,,,,
1066,60.0,580.0,,,,
1067,76.0,508.0,,,,
1068,65.0,593.0,,,,
1069,65.0,660.0,,,,
1070,2.0,74.0,,,,
1071,84.0,752.0,,,,
1072,16.0,134.0,,,,
1073,55.0,482.0,,,,
1074,37.0,259.0,,,,
1075,18.0,165.0,,,,
1076,53.0,455.0,,,,
1077,22.0,189.0,,,,
1078,9.0,49.0,,,,
1079,69.0,542.0,,,,
1080,72.0,631.0,,,,
1081,37.0,304.0,,,,
1082,63.0,448.0,,,,
1083,47.0,368.0,,,,
1084,17.0,139.0,,,,
1085,18.0,131.0,,,,
1086,16.0,151.0,,,,
1087,14.0,130.0,,,,
1088,14.0,153.0,,,,
1089,19.0,158.0,,,,
1090,34.0,346.0,,,,
1091,16.0,142.0,,,,
1092,21.0,224.0,,,,
1093,15.0,160.0,,,,
1094,20.0,176.0,,,,
1095,73.0,438.0,,,,
1096,30.0,261.0,,,,
1097,18.0,145.0,,,,
1098,60.0,411.0,,,,
1099,18.0,132.0,,,,
1100,22.0,204.0,,,,
1101,30.0,302.0,,,,
1102,31.0,241.0,,,,
1103,17.0,151.0,,,,
1104,26.0,246.0,,,,
1105,65.0,556.0,,,,
1106,58.0,453.0,,,,
1107,40.0,313.0,,,,
1108,24.0,219.0,,,,
1109,17.0,147.0,,,,
1110,22.0,164.0,,,,
1111,18.0,202.0,,,,
1112,20.0,146.0,,,,
1113,20.0,144.0,,,,
1114,30.0,252.0,,,,
1115,26.0,248.0,,,,
1116,54.0,493.0,,,,
1117,20.0,163.0,,,,
1118,15.0,147.0,,,,
1119,22.0,181.0,,,,
1120,16.0,129.0,,,,
1121,16.0,134.0,,,,
1122,16.0,144.0,,,,
1123,24.0,156.0,,,,
1124,23.0,154.0,,,,
1125,19.0,151.0,,,,
1126,57.0,441.0,,,,
1127,15.0,142.0,,,,
1128,36.0,211.0,,,,
1129,46.0,465.0,,,,
1130,72.0,471.0,,,,
1131,43.0,389.0,,,,
1132,48.0,567.0,,,,
1133,60.0,644.0,,,,
1134,83.0,553.0,,,,
1135,52.0,522.0,,,,
1136,88.0,689.0,,,,
1137,47.0,357.0,,,,
1138,38.0,459.0,,,,
1139,51.0,495.0,,,,
1140,117.0,620.0,,,,
1141,52.0,420.0,,,,
1142,72.0,707.0,,,,
1143,29.0,254.0,,,,
1144,42.0,437.0,,,,
1145,62.0,459.0,,,,
1146,44.0,359.0,,,,
1147,93.0,712.0,,,,
1148,38.0,309.0,,,,
1149,73.0,538.0,,,,
1150,31.0,279.0,,,,
1151,87.0,547.0,,,,
1152,72.0,388.0,,,,
1153,48.0,567.0,,,,
1154,32.0,186.0,,,,
1155,64.0,435.0,,,,
1156,17.0,122.0,,,,
1157,60.0,429.0,,,,
1158,66.0,475.0,,,,
1159,48.0,312.0,,,,
1160,76.0,532.0,,,,
1161,48.0,340.0,,,,
1162,41.0,271.0,,,,
1163,78.0,382.0,,,,
1164,59.0,345.0,,,,
1165,75.0,377.0,,,,
1166,47.0,315.0,,,,
1167,52.0,454.0,,,,
1168,42.0,249.0,,,,
1169,61.0,410.0,,,,
1170,33.0,247.0,,,,
1171,29.0,216.0,,,,
1172,52.0,411.0,,,,
1173,44.0,191.0,,,,
1174,54.0,375.0,,,,
1175,69.0,367.0,,,,
1176,52.0,384.0,,,,
1177,48.0,402.0,,,,
1178,61.0,478.0,,,,
1179,66.0,491.0,,,,
1180,42.0,375.0,,,,
1181,59.0,381.0,,,,
1182,54.0,370.0,,,,
1183,46.0,401.0,,,,
1184,55.0,403.0,,,,
1185,44.0,334.0,,,,
1186,76.0,652.0,,,,
1187,40.0,242.0,,,,
1188,33.0,272.0,,,,
1189,28.0,180.0,,,,
1190,40.0,279.0,,,,
1191,35.0,302.0,,,,
1192,29.0,237.0,,,,
1193,84.0,793.0,,,,
1194,33.0,214.0,,,,
1195,56.0,468.0,,,,
1196,37.0,265.0,,,,
1197,51.0,422.0,,,,
1198,83.0,558.0,,,,
1199,40.0,391.0,,,,
1200,58.0,537.0,,,,
1201,84.0,717.0,,,,
1202,75.0,618.0,,,,
1203,37.0,382.0,,,,
1204,69.0,603.0,,,,
1205,62.0,529.0,,,,
1206,75.0,580.0,,,,
1207,68.0,523.0,,,,
1208,46.0,455.0,,,,
1209,53.0,569.0,,,,
1210,73.0,555.0,,,,
1211,65.0,562.0,,,,
1212,86.0,666.0,,,,
1213,60.0,570.0,,,,
1214,41.0,370.0,,,,
1215,62.0,515.0,,,,
1216,70.0,930.0,,,,
1217,90.0,846.0,,,,
1218,85.0,711.0,,,,
1219,74.0,589.0,,,,
1220,48.0,418.0,,,,
1221,104.0,745.0,,,,
1222,77.0,783.0,,,,
1223,53.0,431.0,,,,
1224,63.0,725.0,,,,
1225,97.0,600.0,,,,
1226,65.0,582.0,,,,
1227,63.0,506.0,,,,
1228,74.0,609.0,,,,
1229,58.0,587.0,,,,
1230,59.0,652.0,,,,
1231,25.0,178.0,,,,
1232,25.0,305.0,,,,
1233,56.0,617.0,,,,
1234,33.0,182.0,,,,
1235,46.0,368.0,,,,
1236,55.0,525.0,,,,
1237,46.0,422.0,,,,
1238,62.0,632.0,,,,
1239,69.0,754.0,,,,
1240,66.0,568.0,,,,
1241,58.0,662.0,,,,
1242,58.0,535.0,,,,
1243,48.0,522.0,,,,
1244,60.0,613.0,,,,
1245,60.0,551.0,,,,
1246,65.0,788.0,,,,
1247,44.0,489.0,,,,
1248,75.0,641.0,,,,
1249,44.0,396.0,,,,
1250,49.0,543.0,,,,
1251,89.0,708.0,,,,
1252,77.0,504.0,,,,
1253,56.0,559.0,,,,
1254,70.0,456.0,,,,
1255,44.0,499.0,,,,
1256,42.0,422.0,,,,
1257,76.0,778.0,,,,
1258,84.0,653.0,,,,
1259,83.0,735.0,,,,
1260,51.0,483.0,,,,
1261,47.0,439.0,,,,
1262,52.0,547.0,,,,
1263,43.0,450.0,,,,
1264,59.0,602.0,,,,
1265,25.0,240.0,,,,
1266,64.0,549.0,,,,
1267,50.0,350.0,,,,
1268,60.0,576.0,,,,
1269,29.0,267.0,,,,
1270,69.0,536.0,,,,
1271,54.0,492.0,,,,
1272,75.0,778.0,,,,
1273,62.0,572.0,,,,
1274,68.0,592.0,,,,
1275,62.0,588.0,,,,
1276,53.0,483.0,,,,
1277,59.0,462.0,,,,
1278,70.0,621.0,,,,
1279,91.0,585.0,,,,
1280,94.0,676.0,,,,
1281,52.0,531.0,,,,
1282,47.0,512.0,,,,
1283,46.0,578.0,,,,
1284,59.0,553.0,,,,
1285,62.0,746.0,,,,
1286,68.0,665.0,,,,
1287,76.0,1002.0,,,,
1288,35.0,391.0,,,,
1289,70.0,830.0,,,,
1290,48.0,659.0,,,,
1291,31.0,334.0,,,,
1292,59.0,515.0,,,,
1293,55.0,456.0,,,,
1294,62.0,577.0,,,,
1295,54.0,477.0,,,,
1296,107.0,711.0,,,,
1297,70.0,618.0,,,,
1298,74.0,481.0,,,,
1299,32.0,226.0,,,,
1300,65.0,708.0,,,,
1301,26.0,221.0,,,,
1302,22.0,157.0,,,,
1303,65.0,579.0,,,,
1304,80.0,778.0,,,,
1305,3.0,16.0,,,,
1306,14.0,193.0,,,,
1307,6.0,34.0,,,,
1308,88.0,841.0,,,,
1309,4.0,26.0,,,,
1310,27.0,184.0,,,,
1311,69.0,419.0,,,,
1312,83.0,610.0,,,,
1313,64.0,677.0,,,,
1314,67.0,733.0,,,,
1315,56.0,571.0,,,,
1316,46.0,426.0,,,,
1317,83.0,698.0,,,,
1318,65.0,493.0,,,,
1319,72.0,613.0,,,,
1320,44.0,507.0,,,,
1321,67.0,648.0,,,,
1322,64.0,560.0,,,,
1323,49.0,549.0,,,,
1324,78.0,679.0,,,,
1325,65.0,588.0,,,,
1326,31.0,327.0,,,,
1327,54.0,449.0,,,,
1328,45.0,363.0,,,,
1329,72.0,641.0,,,,
1330,62.0,688.0,,,,
1331,59.0,432.0,,,,
1332,48.0,419.0,,,,
1333,65.0,590.0,,,,
1334,83.0,670.0,,,,
1335,40.0,387.0,,,,
1336,68.0,520.0,,,,
1337,63.0,665.0,,,,
1338,57.0,454.0,,,,
1339,36.0,360.0,,,,
1340,66.0,516.0,,,,
1341,44.0,434.0,,,,
1342,89.0,775.0,,,,
1343,52.0,422.0,,,,
1344,51.0,503.0,,,,
1345,64.0,599.0,,,,
1346,40.0,345.0,,,,
1347,35.0,364.0,,,,
1348,57.0,484.0,,,,
1349,58.0,504.0,,,,
1350,47.0,437.0,,,,
1351,42.0,396.0,,,,
1352,48.0,414.0,,,,
1353,43.0,374.0,,,,
1354,83.0,750.0,,,,
1355,65.0,670.0,,,,
1356,47.0,459.0,,,,
1357,59.0,530.0,,,,
1358,62.0,498.0,,,,
1359,39.0,365.0,,,,
1360,38.0,371.0,,,,
1361,64.0,707.0,,,,
1362,44.0,430.0,,,,
1363,70.0,676.0,,,,
1364,58.0,437.0,,,,
1365,37.0,318.0,,,,
1366,18.0,162.0,,,,
1367,52.0,381.0,,,,
1368,66.0,459.0,,,,
1369,33.0,243.0,,,,
1370,25.0,266.0,,,,
1371,64.0,599.0,,,,
1372,85.0,542.0,,,,
1373,93.0,721.0,,,,
1374,29.0,234.0,,,,
1375,72.0,555.0,,,,
1376,47.0,452.0,,,,
1377,49.0,549.0,,,,
1378,24.0,185.0,,,,
1379,24.0,282.0,,,,
1380,37.0,426.0,,,,
1381,76.0,591.0,,,,
1382,40.0,385.0,,,,
1383,58.0,494.0,,,,
1384,62.0,585.0,,,,
1385,78.0,694.0,,,,
1386,104.0,830.0,,,,
1387,60.0,452.0,,,,
1388,58.0,301.0,,,,
1389,42.0,300.0,,,,
1390,45.0,308.0,,,,
1391,51.0,446.0,,,,
1392,21.0,212.0,,,,
1393,45.0,379.0,,,,
1394,52.0,430.0,,,,
1395,27.0,228.0,,,,
1396,74.0,594.0,,,,
1397,52.0,321.0,,,,
1398,60.0,464.0,,,,
1399,53.0,414.0,,,,
1400,93.0,839.0,,,,
1401,42.0,329.0,,,,
1402,46.0,324.0,,,,
1403,26.0,213.0,,,,
1404,35.0,296.0,,,,
1405,52.0,327.0,,,,
1406,48.0,251.0,,,,
1407,45.0,388.0,,,,
1408,37.0,336.0,,,,
1409,34.0,261.0,,,,
1410,67.0,400.0,,,,
1411,50.0,425.0,,,,
1412,50.0,410.0,,,,
1413,30.0,267.0,,,,
1414,41.0,301.0,,,,
1415,52.0,419.0,,,,
1416,49.0,438.0,,,,
1417,46.0,340.0,,,,
1418,40.0,275.0,,,,
1419,73.0,526.0,,,,
1420,55.0,598.0,,,,
1421,21.0,178.0,,,,
1422,42.0,347.0,,,,
1423,52.0,460.0,,,,
1424,79.0,708.0,,,,
1425,50.0,344.0,,,,
1426,54.0,384.0,,,,
1427,53.0,426.0,,,,
1428,62.0,579.0,,,,
1429,30.0,243.0,,,,
1430,47.0,488.0,,,,
1431,50.0,526.0,,,,
1432,47.0,388.0,,,,
1433,4.0,19.0,,,,
1434,42.0,425.0,,,,
1435,51.0,398.0,,,,
1436,27.0,383.0,,,,
1437,36.0,283.0,,,,
1438,48.0,420.0,,,,
1439,41.0,396.0,,,,
1440,24.0,220.0,,,,
1441,40.0,342.0,,,,
1442,34.0,341.0,,,,
1443,23.0,287.0,,,,
1444,36.0,398.0,,,,
1445,45.0,410.0,,,,
1446,44.0,412.0,,,,
1447,34.0,267.0,,,,
1448,34.0,282.0,,,,
1449,22.0,152.0,,,,
1450,56.0,350.0,,,,
1451,48.0,401.0,,,,
1452,44.0,576.0,,,,
1453,32.0,234.0,,,,
1454,46.0,430.0,,,,
1455,53.0,495.0,,,,
1456,45.0,334.0,,,,
1457,38.0,273.0,,,,
1458,51.0,472.0,,,,
1459,37.0,376.0,,,,
1460,57.0,412.0,,,,
1461,46.0,342.0,,,,
1462,60.0,528.0,,,,
1463,54.0,352.0,,,,
1464,39.0,270.0,,,,
1465,63.0,551.0,,,,
1466,69.0,553.0,,,,
1467,30.0,162.0,,,,
1468,49.0,363.0,,,,
1469,55.0,429.0,,,,
1470,41.0,413.0,,,,
1471,28.0,206.0,,,,
1472,53.0,526.0,,,,
1473,41.0,407.0,,,,
1474,75.0,438.0,,,,
1475,41.0,326.0,,,,
1476,52.0,349.0,,,,
1477,55.0,419.0,,,,
1478,76.0,548.0,,,,
1479,67.0,521.0,,,,
1480,53.0,369.0,,,,
1481,38.0,253.0,,,,
1482,47.0,294.0,,,,
1483,37.0,286.0,,,,
1484,62.0,544.0,,,,
1485,53.0,355.0,,,,
1486,57.0,375.0,,,,
1487,54.0,394.0,,,,
1488,64.0,345.0,,,,
1489,65.0,471.0,,,,
1490,44.0,395.0,,,,
1491,62.0,546.0,,,,
1492,40.0,298.0,,,,
1493,51.0,413.0,,,,
1494,54.0,347.0,,,,
1495,50.0,390.0,,,,
1496,45.0,323.0,,,,
1497,72.0,553.0,,,,
1498,49.0,460.0,,,,
1499,59.0,308.0,,,,
1500,46.0,353.0,,,,
1501,43.0,243.0,,,,
1502,69.0,351.0,,,,
1503,65.0,353.0,,,,
1504,61.0,390.0,,,,
1505,65.0,578.0,,,,
1506,37.0,311.0,,,,
1507,43.0,302.0,,,,
1508,56.0,311.0,,,,
1509,46.0,289.0,,,,
1510,42.0,328.0,,,,
1511,52.0,390.0,,,,
1512,26.0,131.0,,,,
1513,31.0,280.0,,,,
1514,61.0,528.0,,,,
1515,76.0,477.0,,,,
1516,60.0,245.0,,,,
1517,23.0,181.0,,,,
1518,51.0,300.0,,,,
1519,34.0,271.0,,,,
1520,52.0,409.0,,,,
1521,27.0,152.0,,,,
1522,24.0,255.0,,,,
1523,75.0,390.0,,,,
1524,27.0,161.0,,,,
1525,52.0,289.0,,,,
1526,56.0,392.0,,,,
1527,45.0,355.0,,,,
1528,55.0,420.0,,,,
1529,18.0,121.0,,,,
1530,54.0,373.0,,,,
1531,46.0,219.0,,,,
1532,68.0,562.0,,,,
1533,89.0,627.0,,,,
1534,62.0,391.0,,,,
1535,79.0,606.0,,,,
1536,59.0,385.0,,,,
1537,51.0,380.0,,,,
1538,113.0,638.0,,,,
1539,56.0,435.0,,,,
1540,119.0,605.0,,,,
1541,72.0,485.0,,,,
1542,46.0,247.0,,,,
1543,83.0,602.0,,,,
1544,37.0,354.0,,,,
1545,64.0,422.0,,,,
1546,1.0,6.0,,,,
1547,56.0,438.0,,,,
1548,60.0,491.0,,,,
1549,73.0,553.0,,,,
1550,95.0,589.0,,,,
1551,41.0,428.0,,,,
1552,91.0,764.0,,,,
1553,46.0,293.0,,,,
1554,54.0,427.0,,,,
1555,56.0,550.0,,,,
1556,113.0,750.0,,,,
1557,51.0,531.0,,,,
1558,39.0,336.0,,,,
1559,60.0,442.0,,,,
1560,56.0,483.0,,,,
1561,63.0,451.0,,,,
1562,53.0,523.0,,,,
1563,57.0,504.0,,,,
1564,57.0,471.0,,,,
1565,56.0,452.0,,,,
1566,72.0,620.0,,,,
1567,90.0,739.0,,,,
1568,82.0,635.0,,,,
1569,55.0,473.0,,,,
1570,85.0,494.0,,,,
1571,69.0,488.0,,,,
1572,70.0,481.0,,,,
1573,54.0,397.0,,,,
1574,35.0,314.0,,,,
1575,56.0,487.0,,,,
1576,1.0,3.0,,,,
1577,70.0,526.0,,,,
1578,64.0,405.0,,,,
1579,58.0,566.0,,,,
1580,68.0,478.0,,,,
1581,62.0,543.0,,,,
1582,61.0,335.0,,,,
1583,41.0,324.0,,,,
1584,40.0,277.0,,,,
1585,29.0,235.0,,,,
1586,43.0,359.0,,,,
1587,16.0,114.0,,,,
1588,73.0,421.0,,,,
1589,55.0,324.0,,,,
1590,40.0,251.0,,,,
1591,79.0,496.0,,,,
1592,64.0,550.0,,,,
1593,81.0,638.0,,,,
1594,40.0,243.0,,,,
1595,67.0,575.0,,,,
1596,78.0,449.0,,,,
1597,33.0,284.0,,,,
1598,45.0,460.0,,,,
1599,50.0,468.0,,,,
1600,99.0,848.0,,,,
1601,45.0,393.0,,,,
1602,55.0,404.0,,,,
1603,31.0,239.0,,,,
1604,29.0,186.0,,,,
1605,26.0,124.0,,,,
1606,87.0,657.0,,,,
1607,99.0,974.0,,,,
1608,51.0,417.0,,,,
1609,99.0,846.0,,,,
1610,14.0,110.0,,,,
1611,53.0,415.0,,,,
1612,96.0,515.0,,,,
1613,30.0,194.0,,,,
1614,51.0,346.0,,,,
1615,36.0,251.0,,,,
1616,68.0,498.0,,,,
1617,80.0,598.0,,,,
1618,52.0,357.0,,,,
1619,69.0,649.0,,,,
1620,19.0,103.0,,,,
1621,66.0,408.0,,,,
1622,66.0,489.0,,,,
1623,50.0,345.0,,,,
1624,1.0,9.0,,,,
1625,57.0,376.0,,,,
1626,48.0,368.0,,,,
1627,1.0,10.0,,,,
1628,39.0,281.0,,,,
1629,41.0,288.0,,,,
1630,70.0,453.0,,,,
1631,28.0,264.0,,,,
1632,63.0,492.0,,,,
1633,73.0,631.0,,,,
1634,62.0,431.0,,,,
1635,82.0,653.0,,,,
1636,63.0,430.0,,,,
1637,60.0,378.0,,,,
1638,71.0,476.0,,,,
1639,56.0,510.0,,,,
1640,49.0,367.0,,,,
1641,50.0,338.0,,,,
1642,38.0,328.0,,,,
1643,56.0,440.0,,,,
1644,58.0,462.0,,,,
1645,53.0,379.0,,,,
1646,55.0,407.0,,,,
1647,36.0,375.0,,,,
1648,53.0,256.0,,,,
1649,48.0,296.0,,,,
1650,28.0,192.0,,,,
1651,41.0,312.0,,,,
1652,46.0,377.0,,,,
1653,47.0,404.0,,,,
1654,18.0,133.0,,,,
1655,13.0,65.0,,,,
1656,88.0,664.0,,,,
1657,144.0,1188.0,,,,
1658,65.0,347.0,,,,
1659,103.0,714.0,,,,
1660,55.0,400.0,,,,
1661,188.0,1193.0,,,,
1662,134.0,775.0,,,,
1663,84.0,888.0,,,,
1664,88.0,764.0,,,,
1665,92.0,871.0,,,,
1666,53.0,419.0,,,,
1667,80.0,576.0,,,,
1668,51.0,411.0,,,,
1669,85.0,532.0,,,,
1670,60.0,541.0,,,,
1671,79.0,484.0,,,,
1672,106.0,722.0,,,,
1673,111.0,605.0,,,,
1674,92.0,751.0,,,,
1675,82.0,708.0,,,,
1676,53.0,544.0,,,,
1677,58.0,373.0,,,,
1678,69.0,620.0,,,,
1679,67.0,624.0,,,,
1680,49.0,376.0,,,,
1681,57.0,420.0,,,,
1682,81.0,636.0,,,,
1683,68.0,572.0,,,,
1684,90.0,507.0,,,,
1685,75.0,472.0,,,,
1686,80.0,675.0,,,,
1687,97.0,724.0,,,,
1688,87.0,609.0,,,,
1689,67.0,649.0,,,,
1690,89.0,635.0,,,,
1691,46.0,377.0,,,,
1692,60.0,724.0,,,,
1693,50.0,655.0,,,,
1694,76.0,720.0,,,,
1695,89.0,682.0,,,,
1696,92.0,723.0,,,,
1697,90.0,817.0,,,,
1698,77.0,769.0,,,,
1699,68.0,581.0,,,,
1700,46.0,450.0,,,,
1701,81.0,751.0,,,,
1702,98.0,654.0,,,,
1703,89.0,568.0,,,,
1704,92.0,692.0,,,,
1705,69.0,570.0,,,,
1706,55.0,499.0,,,,
1707,51.0,508.0,,,,
1708,69.0,691.0,,,,
1709,48.0,413.0,,,,
1710,65.0,790.0,,,,
1711,79.0,709.0,,,,
1712,140.0,825.0,,,,
1713,94.0,779.0,,,,
1714,74.0,585.0,,,,
1715,124.0,651.0,,,,
1716,51.0,459.0,,,,
1717,68.0,690.0,,,,
1718,83.0,696.0,,,,
1719,46.0,386.0,,,,
1720,43.0,473.0,,,,
1721,128.0,1149.0,,,,
1722,83.0,738.0,,,,
1723,73.0,572.0,,,,
1724,120.0,925.0,,,,
1725,59.0,376.0,,,,
1726,64.0,660.0,,,,
1727,28.0,347.0,,,,
1728,138.0,1401.0,,,,
1729,87.0,592.0,,,,
1730,79.0,514.0,,,,
1731,61.0,447.0,,,,
1732,48.0,393.0,,,,
1733,69.0,623.0,,,,
1734,66.0,591.0,,,,
1735,69.0,502.0,,,,
1736,63.0,588.0,,,,
1737,75.0,636.0,,,,
1738,57.0,486.0,,,,
1739,83.0,574.0,,,,
1740,92.0,753.0,,,,
1741,72.0,463.0,,,,
1742,82.0,717.0,,,,
1743,55.0,413.0,,,,
1744,62.0,521.0,,,,
1745,100.0,618.0,,,,
1746,72.0,552.0,,,,
1747,93.0,509.0,,,,
1748,44.0,516.0,,,,
1749,58.0,659.0,,,,
1750,89.0,443.0,,,,
1751,66.0,576.0,,,,
1752,52.0,449.0,,,,
1753,115.0,507.0,,,,
1754,52.0,451.0,,,,
1755,63.0,519.0,,,,
1756,80.0,376.0,,,,
1757,57.0,398.0,,,,
1758,56.0,484.0,,,,
1759,71.0,619.0,,,,
1760,39.0,369.0,,,,
1761,30.0,405.0,,,,
1762,76.0,766.0,,,,
1763,104.0,736.0,,,,
1764,77.0,523.0,,,,
1765,65.0,582.0,,,,
1766,43.0,330.0,,,,
1767,62.0,510.0,,,,
1768,61.0,543.0,,,,
1769,48.0,361.0,,,,
1770,46.0,389.0,,,,
1771,103.0,813.0,,,,
1772,38.0,400.0,,,,
1773,69.0,556.0,,,,
1774,70.0,638.0,,,,
1775,82.0,752.0,,,,
1776,81.0,673.0,,,,
1777,3.0,135.0,,,,
1778,66.0,516.0,,,,
1779,91.0,665.0,,,,
1780,49.0,510.0,,,,
1781,79.0,482.0,,,,
1782,50.0,304.0,,,,
1783,124.0,621.0,,,,
1784,63.0,469.0,,,,
1785,85.0,835.0,,,,
1786,14.0,262.0,,,,
1787,90.0,685.0,,,,
1788,55.0,371.0,,,,
1789,66.0,276.0,,,,
1790,23.0,113.0,,,,
1791,15.0,98.0,,,,
1792,38.0,285.0,,,,
1793,47.0,244.0,,,,
1794,131.0,939.0,,,,
1795,28.0,278.0,,,,
1796,16.0,47.0,,,,
1797,26.0,469.0,,,,
1798,33.0,236.0,,,,
1799,72.0,724.0,,,,
1800,36.0,703.0,,,,
1801,34.0,525.0,,,,
1802,26.0,235.0,,,,
1803,81.0,605.0,,,,
1804,104.0,533.0,,,,
1805,94.0,561.0,,,,
1806,84.0,800.0,,,,
1807,79.0,748.0,,,,
1808,97.0,677.0,,,,
1809,92.0,714.0,,,,
1810,82.0,747.0,,,,
1811,109.0,883.0,,,,
1812,84.0,565.0,,,,
1813,67.0,743.0,,,,
1814,84.0,704.0,,,,
1815,77.0,862.0,,,,
1816,56.0,502.0,,,,
1817,63.0,632.0,,,,
1818,63.0,689.0,,,,
1819,76.0,541.0,,,,
1820,52.0,541.0,,,,
1821,62.0,580.0,,,,
1822,86.0,778.0,,,,
1823,88.0,706.0,,,,
1824,104.0,810.0,,,,
1825,64.0,687.0,,,,
1826,57.0,608.0,,,,
1827,78.0,746.0,,,,
1828,126.0,1033.0,,,,
1829,88.0,891.0,,,,
1830,56.0,600.0,,,,
1831,89.0,700.0,,,,
1832,57.0,562.0,,,,
1833,97.0,862.0,,,,
1834,95.0,707.0,,,,
1835,84.0,722.0,,,,
1836,97.0,919.0,,,,
1837,48.0,428.0,,,,
1838,75.0,644.0,,,,
1839,82.0,649.0,,,,
1840,82.0,1007.0,,,,
1841,66.0,656.0,,,,
1842,71.0,668.0,,,,
1843,45.0,453.0,,,,
1844,82.0,816.0,,,,
1845,69.0,637.0,,,,
1846,69.0,611.0,,,,
1847,93.0,833.0,,,,
1848,69.0,597.0,,,,
1849,57.0,586.0,,,,
1850,86.0,724.0,,,,
1851,50.0,477.0,,,,
1852,50.0,531.0,,,,
1853,74.0,677.0,,,,
1854,58.0,659.0,,,,
1855,69.0,604.0,,,,
1856,78.0,554.0,,,,
1857,115.0,952.0,,,,
1858,89.0,724.0,,,,
1859,77.0,672.0,,,,
1860,83.0,902.0,,,,
1861,70.0,729.0,,,,
1862,80.0,880.0,,,,
1863,85.0,708.0,,,,
1864,68.0,627.0,,,,
1865,104.0,1048.0,,,,
1866,82.0,659.0,,,,
1867,79.0,676.0,,,,
1868,21.0,96.0,,,,
1869,87.0,865.0,,,,
1870,73.0,754.0,,,,
1871,73.0,689.0,,,,
1872,100.0,931.0,,,,
1873,75.0,522.0,,,,
1874,81.0,861.0,,,,
1875,65.0,583.0,,,,
1876,85.0,651.0,,,,
1877,101.0,877.0,,,,
1878,62.0,580.0,,,,
1879,74.0,623.0,,,,
1880,59.0,529.0,,,,
1881,60.0,486.0,,,,
1882,69.0,669.0,,,,
1883,44.0,406.0,,,,
1884,69.0,671.0,,,,
1885,65.0,503.0,,,,
1886,75.0,567.0,,,,
1887,53.0,496.0,,,,
1888,108.0,857.0,,,,
1889,65.0,714.0,,,,
1890,89.0,836.0,,,,
1891,82.0,697.0,,,,
1892,34.0,348.0,,,,
1893,67.0,673.0,,,,
1894,73.0,644.0,,,,
1895,79.0,809.0,,,,
1896,81.0,809.0,,,,
1897,83.0,947.0,,,,
1898,76.0,719.0,,,,
1899,99.0,732.0,,,,
1900,64.0,686.0,,,,
1901,58.0,589.0,,,,
1902,72.0,665.0,,,,
1903,82.0,699.0,,,,
1904,64.0,477.0,,,,
1905,54.0,589.0,,,,
1906,73.0,649.0,,,,
1907,66.0,539.0,,,,
1908,51.0,560.0,,,,
1909,75.0,693.0,,,,
1910,90.0,686.0,,,,
1911,66.0,537.0,,,,
1912,60.0,520.0,,,,
1913,91.0,756.0,,,,
1914,50.0,399.0,,,,
1915,93.0,756.0,,,,
1916,104.0,914.0,,,,
1917,89.0,669.0,,,,
1918,60.0,555.0,,,,
1919,81.0,587.0,,,,
1920,61.0,561.0,,,,
1921,47.0,481.0,,,,
1922,77.0,601.0,,,,
1923,57.0,551.0,,,,
1924,62.0,611.0,,,,
1925,8.0,133.0,,,,
1926,56.0,464.0,,,,
1927,6.0,30.0,,,,
1928,66.0,628.0,,,,
1929,8.0,106.0,,,,
1930,58.0,506.0,,,,
1931,64.0,589.0,,,,
1932,92.0,894.0,,,,
1933,123.0,990.0,,,,
1934,1.0,12.0,,,,
1935,46.0,607.0,,,,
1936,109.0,856.0,,,,
1937,51.0,428.0,,,,
1938,58.0,513.0,,,,
1939,54.0,435.0,,,,
1940,60.0,561.0,,,,
1941,52.0,422.0,,,,
1942,83.0,844.0,,,,
1943,72.0,623.0,,,,
1944,68.0,491.0,,,,
1945,84.0,907.0,,,,
1946,72.0,641.0,,,,
1947,86.0,683.0,,,,
1948,70.0,646.0,,,,
1949,46.0,518.0,,,,
1950,45.0,359.0,,,,
1951,96.0,1021.0,,,,
1952,70.0,589.0,,,,
1953,97.0,956.0,,,,
1954,81.0,690.0,,,,
1955,11.0,437.0,,,,
1956,73.0,691.0,,,,
1957,89.0,763.0,,,,
1958,50.0,522.0,,,,
1959,91.0,903.0,,,,
1960,90.0,722.0,,,,
1961,40.0,480.0,,,,
1962,89.0,819.0,,,,
1963,29.0,306.0,,,,
1964,80.0,674.0,,,,
1965,37.0,404.0,,,,
1966,72.0,658.0,,,,
1967,77.0,646.0,,,,
1968,1.0,283.0,,,,
1969,7.0,386.0,,,,
1970,7.0,250.0,,,,
1971,80.0,679.0,,,,
1972,84.0,785.0,,,,
1973,82.0,672.0,,,,
1974,14.0,301.0,,,,
1975,3.0,446.0,,,,
1976,9.0,358.0,,,,
1977,10.0,349.0,,,,
1978,6.0,317.0,,,,
1979,10.0,349.0,,,,
1980,21.0,305.0,,,,
1981,69.0,698.0,,,,
1982,8.0,12.0,,,,
1983,51.0,422.0,,,,
1984,48.0,359.0,,,,
1985,63.0,351.0,,,,
1986,76.0,560.0,,,,
1987,87.0,942.0,,,,
1988,95.0,932.0,,,,
1989,88.0,684.0,,,,
1990,83.0,768.0,,,,
1991,85.0,777.0,,,,
1992,69.0,476.0,,,,
1993,114.0,759.0,,,,
1994,110.0,956.0,,,,
1995,99.0,749.0,,,,
1996,262.0,1900.0,,,,
1997,78.0,439.0,,,,
1998,75.0,657.0,,,,
1999,118.0,1124.0,,,,
2000,84.0,754.0,,,,
2001,56.0,485.0,,,,
2002,74.0,639.0,,,,
2003,73.0,487.0,,,,
2004,88.0,731.0,,,,
2005,41.0,300.0,,,,
2006,72.0,567.0,,,,
2007,197.0,1752.0,,,,
2008,53.0,470.0,,,,
2009,99.0,769.0,,,,
2010,110.0,759.0,,,,
2011,95.0,873.0,,,,
2012,80.0,657.0,,,,
2013,99.0,855.0,,,,
2014,87.0,729.0,,,,
2015,78.0,789.0,,,,
2016,117.0,1003.0,,,,
2017,64.0,578.0,,,,
2018,81.0,730.0,,,,
2019,77.0,659.0,,,,
2020,66.0,476.0,,,,
2021,89.0,814.0,,,,
2022,146.0,992.0,,,,
2023,128.0,1033.0,,,,
2024,89.0,687.0,,,,
2025,91.0,746.0,,,,
2026,110.0,858.0,,,,
2027,69.0,580.0,,,,
2028,118.0,959.0,,,,
2029,24.0,186.0,,,,
2030,52.0,419.0,,,,
2031,83.0,654.0,,,,
2032,163.0,1068.0,,,,
2033,106.0,838.0,,,,
2034,83.0,711.0,,,,
2035,77.0,653.0,,,,
2036,84.0,834.0,,,,
2037,41.0,343.0,,,,
2038,78.0,553.0,,,,
2039,44.0,434.0,,,,
2040,106.0,803.0,,,,
2041,69.0,560.0,,,,
2042,50.0,449.0,,,,
2043,89.0,703.0,,,,
2044,117.0,758.0,,,,
2045,57.0,544.0,,,,
2046,51.0,519.0,,,,
2047,92.0,853.0,,,,
2048,70.0,555.0,,,,
2049,71.0,545.0,,,,
2050,59.0,336.0,,,,
2051,70.0,718.0,,,,
2052,83.0,757.0,,,,
2053,80.0,638.0,,,,
2054,68.0,670.0,,,,
2055,66.0,509.0,,,,
2056,101.0,698.0,,,,
2057,118.0,919.0,,,,
2058,66.0,601.0,,,,
2059,84.0,568.0,,,,
2060,82.0,695.0,,,,
2061,65.0,592.0,,,,
2062,69.0,597.0,,,,
2063,60.0,379.0,,,,
2064,75.0,684.0,,,,
2065,61.0,575.0,,,,
2066,76.0,623.0,,,,
2067,89.0,652.0,,,,
2068,47.0,418.0,,,,
2069,92.0,619.0,,,,
2070,121.0,849.0,,,,
2071,128.0,740.0,,,,
2072,79.0,698.0,,,,
2073,108.0,579.0,,,,
2074,75.0,574.0,,,,
2075,51.0,336.0,,,,
2076,48.0,381.0,,,,
2077,51.0,346.0,,,,
2078,78.0,738.0,,,,
2079,66.0,684.0,,,,
2080,42.0,366.0,,,,
2081,88.0,745.0,,,,
2082,102.0,633.0,,,,
2083,78.0,655.0,,,,
2084,76.0,596.0,,,,
2085,49.0,457.0,,,,
2086,65.0,520.0,,,,
2087,98.0,776.0,,,,
2088,63.0,465.0,,,,
2089,60.0,523.0,,,,
2090,85.0,762.0,,,,
2091,129.0,960.0,,,,
2092,55.0,395.0,,,,
2093,61.0,517.0,,,,
2094,145.0,1058.0,,,,
2095,60.0,549.0,,,,
2096,104.0,766.0,,,,
2097,78.0,684.0,,,,
2098,54.0,309.0,,,,
2099,103.0,724.0,,,,
2100,110.0,884.0,,,,
2101,45.0,250.0,,,,
2102,73.0,535.0,,,,
2103,131.0,945.0,,,,
2104,82.0,603.0,,,,
2105,77.0,454.0,,,,
2106,48.0,405.0,,,,
2107,58.0,437.0,,,,
2108,86.0,631.0,,,,
2109,80.0,482.0,,,,
2110,80.0,648.0,,,,
2111,90.0,559.0,,,,
2112,74.0,581.0,,,,
2113,82.0,694.0,,,,
2114,100.0,817.0,,,,
2115,84.0,580.0,,,,
2116,56.0,386.0,,,,
2117,74.0,430.0,,,,
2118,73.0,601.0,,,,
2119,87.0,806.0,,,,
2120,61.0,418.0,,,,
2121,58.0,526.0,,,,
2122,113.0,568.0,,,,
2123,65.0,514.0,,,,
2124,88.0,713.0,,,,
2125,83.0,1350.0,,,,
2126,54.0,370.0,,,,
2127,82.0,809.0,,,,
2128,84.0,652.0,,,,
2129,124.0,715.0,,,,
2130,62.0,532.0,,,,
2131,87.0,682.0,,,,
2132,85.0,783.0,,,,
2133,79.0,530.0,,,,
2134,103.0,809.0,,,,
2135,163.0,1078.0,,,,
2136,66.0,456.0,,,,
2137,105.0,737.0,,,,
2138,86.0,557.0,,,,
2139,64.0,425.0,,,,
2140,78.0,665.0,,,,
2141,51.0,434.0,,,,
2142,95.0,535.0,,,,
2143,86.0,581.0,,,,
2144,36.0,357.0,,,,
2145,89.0,643.0,,,,
2146,82.0,701.0,,,,
2147,84.0,600.0,,,,
2148,83.0,614.0,,,,
2149,83.0,616.0,,,,
2150,93.0,729.0,,,,
2151,77.0,527.0,,,,
2152,87.0,653.0,,,,
2153,82.0,525.0,,,,
2154,63.0,483.0,,,,
2155,79.0,684.0,,,,
2156,90.0,525.0,,,,
2157,75.0,659.0,,,,
2158,68.0,295.0,,,,
2159,64.0,524.0,,,,
2160,45.0,320.0,,,,
2161,76.0,527.0,,,,
2162,68.0,558.0,,,,
2163,86.0,357.0,,,,
2164,77.0,610.0,,,,
2165,67.0,449.0,,,,
2166,134.0,955.0,,,,
2167,91.0,658.0,,,,
2168,90.0,823.0,,,,
2169,60.0,338.0,,,,
2170,49.0,375.0,,,,
2171,65.0,378.0,,,,
2172,54.0,482.0,,,,
2173,129.0,808.0,,,,
2174,66.0,936.0,,,,
2175,56.0,597.0,,,,
2176,76.0,768.0,,,,
2177,86.0,500.0,,,,
2178,54.0,397.0,,,,
2179,72.0,596.0,,,,
2180,81.0,768.0,,,,
2181,89.0,601.0,,,,
2182,60.0,463.0,,,,
2183,43.0,316.0,,,,
2184,56.0,400.0,,,,
2185,83.0,727.0,,,,
2186,76.0,512.0,,,,
2187,81.0,605.0,,,,
2188,102.0,808.0,,,,
2189,46.0,322.0,,,,
2190,75.0,542.0,,,,
2191,65.0,509.0,,,,
2192,59.0,447.0,,,,
2193,50.0,351.0,,,,
2194,95.0,502.0,,,,
2195,84.0,567.0,,,,
2196,61.0,487.0,,,,
2197,164.0,1245.0,,,,
2198,51.0,343.0,,,,
2199,84.0,632.0,,,,
2200,94.0,677.0,,,,
2201,76.0,504.0,,,,
2202,101.0,809.0,,,,
2203,80.0,588.0,,,,
2204,77.0,543.0,,,,
2205,86.0,535.0,,,,
2206,88.0,668.0,,,,
2207,88.0,912.0,,,,
2208,78.0,621.0,,,,
2209,77.0,604.0,,,,
2210,66.0,423.0,,,,
2211,45.0,346.0,,,,
2212,91.0,640.0,,,,
2213,56.0,447.0,,,,
2214,60.0,543.0,,,,
2215,1.0,6.0,,,,
2216,61.0,491.0,,,,
2217,20.0,252.0,,,,
2218,64.0,551.0,,,,
2219,80.0,504.0,,,,
2220,84.0,379.0,,,,
2221,78.0,607.0,,,,
2222,139.0,1198.0,,,,
2223,47.0,215.0,,,,
2224,68.0,478.0,,,,
2225,60.0,476.0,,,,
2226,87.0,678.0,,,,
2227,55.0,405.0,,,,
2228,72.0,654.0,,,,
2229,71.0,609.0,,,,
2230,55.0,452.0,,,,
2231,20.0,178.0,,,,
2232,24.0,200.0,,,,
2233,71.0,564.0,,,,
2234,41.0,349.0,,,,
2235,52.0,391.0,,,,
2236,28.0,205.0,,,,
2237,61.0,559.0,,,,
2238,64.0,538.0,,,,
2239,66.0,504.0,,,,
2240,64.0,521.0,,,,
2241,42.0,331.0,,,,
2242,72.0,543.0,,,,
2243,11.0,213.0,,,,
2244,56.0,404.0,,,,
2245,25.0,163.0,,,,
2246,57.0,415.0,,,,
2247,128.0,1069.0,,,,
2248,63.0,583.0,,,,
2249,46.0,330.0,,,,
2250,56.0,581.0,,,,
2251,12.0,46.0,,,,
2252,54.0,382.0,,,,
2253,42.0,359.0,,,,
2254,37.0,307.0,,,,
2255,47.0,436.0,,,,
2256,52.0,419.0,,,,
2257,40.0,308.0,,,,
2258,64.0,487.0,,,,
2259,46.0,322.0,,,,
2260,57.0,445.0,,,,
2261,64.0,485.0,,,,
2262,46.0,434.0,,,,
2263,59.0,430.0,,,,
2264,60.0,448.0,,,,
2265,69.0,732.0,,,,
2266,78.0,678.0,,,,
2267,90.0,955.0,,,,
2268,73.0,695.0,,,,
2269,64.0,434.0,,,,
2270,100.0,1186.0,,,,
2271,64.0,643.0,,,,
2272,59.0,469.0,,,,
2273,68.0,742.0,,,,
2274,40.0,421.0,,,,
2275,76.0,765.0,,,,
2276,100.0,855.0,,,,
2277,82.0,801.0,,,,
2278,53.0,461.0,,,,
2279,55.0,496.0,,,,
2280,50.0,384.0,,,,
2281,72.0,548.0,,,,
2282,58.0,413.0,,,,
2283,49.0,357.0,,,,
2284,55.0,528.0,,,,
2285,73.0,606.0,,,,
2286,61.0,497.0,,,,
2287,76.0,639.0,,,,
2288,73.0,525.0,,,,
2289,56.0,544.0,,,,
2290,69.0,553.0,,,,
2291,83.0,680.0,,,,
2292,67.0,565.0,,,,
2293,61.0,503.0,,,,
2294,77.0,646.0,,,,
2295,94.0,572.0,,,,
2296,79.0,658.0,,,,
2297,59.0,554.0,,,,
2298,105.0,899.0,,,,
2299,77.0,522.0,,,,
2300,62.0,605.0,,,,
2301,61.0,542.0,,,,
2302,58.0,418.0,,,,
2303,32.0,295.0,,,,
2304,49.0,487.0,,,,
2305,60.0,640.0,,,,
2306,55.0,534.0,,,,
2307,56.0,341.0,,,,
2308,45.0,433.0,,,,
2309,69.0,521.0,,,,
2310,62.0,438.0,,,,
2311,70.0,507.0,,,,
2312,108.0,931.0,,,,
2313,44.0,412.0,,,,
2314,55.0,425.0,,,,
2315,44.0,421.0,,,,
2316,72.0,514.0,,,,
2317,111.0,945.0,,,,
2318,49.0,426.0,,,,
2319,76.0,522.0,,,,
2320,48.0,459.0,,,,
2321,52.0,367.0,,,,
2322,52.0,495.0,,,,
2323,70.0,551.0,,,,
2324,78.0,691.0,,,,
2325,12.0,115.0,,,,
2326,102.0,807.0,,,,
2327,47.0,658.0,,,,
2328,68.0,513.0,,,,
2329,52.0,503.0,,,,
2330,65.0,516.0,,,,
2331,93.0,768.0,,,,
2332,56.0,539.0,,,,
2333,62.0,556.0,,,,
2334,83.0,582.0,,,,
2335,43.0,397.0,,,,
2336,61.0,424.0,,,,
2337,92.0,969.0,,,,
2338,54.0,559.0,,,,
2339,52.0,598.0,,,,
2340,51.0,509.0,,,,
2341,49.0,464.0,,,,
2342,89.0,656.0,,,,
2343,73.0,560.0,,,,
2344,105.0,591.0,,,,
2345,65.0,429.0,,,,
2346,60.0,465.0,,,,
2347,79.0,773.0,,,,
2348,51.0,483.0,,,,
2349,55.0,386.0,,,,
2350,73.0,514.0,,,,
2351,43.0,357.0,,,,
2352,73.0,688.0,,,,
2353,33.0,293.0,,,,
2354,53.0,476.0,,,,
2355,60.0,542.0,,,,
2356,63.0,489.0,,,,
2357,85.0,584.0,,,,
2358,63.0,453.0,,,,
2359,68.0,583.0,,,,
2360,14.0,546.0,,,,
2361,13.0,456.0,,,,
2362,63.0,628.0,,,,
2363,61.0,519.0,,,,
2364,62.0,533.0,,,,
2365,53.0,354.0,,,,
2366,26.0,307.0,,,,
2367,53.0,374.0,,,,
2368,53.0,333.0,,,,
2369,48.0,360.0,,,,
2370,70.0,591.0,,,,
2371,58.0,549.0,,,,
2372,50.0,335.0,,,,
2373,59.0,417.0,,,,
2374,42.0,470.0,,,,
2375,84.0,615.0,,,,
2376,61.0,606.0,,,,
2377,55.0,415.0,,,,
2378,41.0,390.0,,,,
2379,46.0,560.0,,,,
2380,90.0,534.0,,,,
2381,36.0,270.0,,,,
2382,83.0,651.0,,,,
2383,75.0,628.0,,,,
2384,109.0,670.0,,,,
2385,66.0,574.0,,,,
2386,74.0,462.0,,,,
2387,52.0,473.0,,,,
2388,41.0,402.0,,,,
2389,83.0,799.0,,,,
2390,46.0,402.0,,,,
2391,21.0,200.0,,,,
2392,22.0,191.0,,,,
2393,44.0,402.0,,,,
2394,65.0,546.0,,,,
2395,54.0,472.0,,,,
2396,17.0,144.0,,,,
2397,62.0,669.0,,,,
2398,55.0,505.0,,,,
2399,50.0,519.0,,,,
2400,204.0,1759.0,,,,
2401,75.0,408.0,,,,
2402,88.0,741.0,,,,
2403,103.0,680.0,,,,
2404,97.0,680.0,,,,
2405,72.0,547.0,,,,
2406,88.0,575.0,,,,
2407,108.0,1044.0,,,,
2408,100.0,853.0,,,,
2409,33.0,236.0,,,,
2410,38.0,329.0,,,,
2411,32.0,312.0,,,,
2412,64.0,638.0,,,,
2413,61.0,548.0,,,,
2414,67.0,511.0,,,,
2415,70.0,693.0,,,,
2416,106.0,994.0,,,,
2417,62.0,540.0,,,,
2418,50.0,503.0,,,,
2419,87.0,594.0,,,,
2420,76.0,729.0,,,,
2421,69.0,687.0,,,,
2422,47.0,473.0,,,,
2423,58.0,497.0,,,,
2424,81.0,604.0,,,,
2425,79.0,697.0,,,,
2426,94.0,660.0,,,,
2427,77.0,613.0,,,,
2428,24.0,149.0,,,,
2429,57.0,559.0,,,,
2430,51.0,505.0,,,,
2431,60.0,512.0,,,,
2432,57.0,454.0,,,,
2433,62.0,516.0,,,,
2434,74.0,698.0,,,,
2435,67.0,585.0,,,,
2436,32.0,314.0,,,,
2437,55.0,581.0,,,,
2438,70.0,538.0,,,,
2439,62.0,563.0,,,,
2440,52.0,444.0,,,,
2441,70.0,700.0,,,,
2442,63.0,504.0,,,,
2443,84.0,712.0,,,,
2444,66.0,607.0,,,,
2445,56.0,542.0,,,,
2446,45.0,422.0,,,,
2447,55.0,465.0,,,,
2448,64.0,525.0,,,,
2449,55.0,500.0,,,,
2450,77.0,594.0,,,,
2451,137.0,1256.0,,,,
2452,63.0,519.0,,,,
2453,93.0,898.0,,,,
2454,66.0,577.0,,,,
2455,30.0,278.0,,,,
2456,78.0,712.0,,,,
2457,70.0,647.0,,,,
2458,66.0,592.0,,,,
2459,75.0,627.0,,,,
2460,73.0,578.0,,,,
2461,77.0,509.0,,,,
2462,63.0,580.0,,,,
2463,98.0,798.0,,,,
2464,68.0,766.0,,,,
2465,47.0,324.0,,,,
2466,25.0,233.0,,,,
2467,59.0,519.0,,,,
2468,38.0,377.0,,,,
2469,54.0,503.0,,,,
2470,73.0,649.0,,,,
2471,60.0,468.0,,,,
2472,43.0,531.0,,,,
2473,82.0,721.0,,,,
2474,48.0,308.0,,,,
2475,59.0,519.0,,,,
2476,76.0,590.0,,,,
2477,22.0,211.0,,,,
2478,80.0,632.0,,,,
2479,62.0,413.0,,,,
2480,32.0,292.0,,,,
2481,20.0,219.0,,,,
2482,35.0,302.0,,,,
2483,19.0,132.0,,,,
2484,69.0,636.0,,,,
2485,61.0,546.0,,,,
2486,68.0,602.0,,,,
2487,29.0,269.0,,,,
2488,69.0,533.0,,,,
2489,22.0,172.0,,,,
2490,62.0,576.0,,,,
2491,64.0,531.0,,,,
2492,57.0,426.0,,,,
2493,64.0,618.0,,,,
2494,41.0,385.0,,,,
2495,92.0,598.0,,,,
2496,55.0,429.0,,,,
2497,68.0,599.0,,,,
2498,52.0,447.0,,,,
2499,45.0,371.0,,,,
2500,56.0,396.0,,,,
2501,50.0,434.0,,,,
2502,86.0,715.0,,,,
2503,67.0,620.0,,,,
2504,53.0,395.0,,,,
2505,109.0,854.0,,,,
2506,5.0,27.0,,,,
2507,12.0,133.0,,,,
2508,16.0,107.0,,,,
2509,78.0,702.0,,,,
2510,64.0,560.0,,,,
2511,77.0,670.0,,,,
2512,91.0,745.0,,,,
2513,69.0,630.0,,,,
2514,61.0,540.0,,,,
2515,73.0,702.0,,,,
2516,67.0,589.0,,,,
2517,76.0,682.0,,,,
2518,93.0,1337.0,,,,
2519,71.0,641.0,,,,
2520,67.0,439.0,,,,
2521,59.0,569.0,,,,
2522,67.0,517.0,,,,
2523,89.0,948.0,,,,
2524,98.0,517.0,,,,
2525,41.0,329.0,,,,
2526,51.0,427.0,,,,
2527,67.0,621.0,,,,
2528,61.0,638.0,,,,
2529,41.0,452.0,,,,
2530,111.0,1070.0,,,,
2531,104.0,662.0,,,,
2532,50.0,298.0,,,,
2533,50.0,355.0,,,,
2534,98.0,798.0,,,,
2535,64.0,598.0,,,,
2536,87.0,647.0,,,,
2537,71.0,493.0,,,,
2538,75.0,635.0,,,,
2539,92.0,1020.0,,,,
2540,52.0,442.0,,,,
2541,56.0,418.0,,,,
2542,139.0,1053.0,,,,
2543,78.0,848.0,,,,
2544,44.0,376.0,,,,
2545,17.0,154.0,,,,
2546,47.0,411.0,,,,
2547,80.0,557.0,,,,
2548,83.0,692.0,,,,
2549,64.0,381.0,,,,
2550,114.0,1018.0,,,,
2551,71.0,664.0,,,,
2552,51.0,360.0,,,,
2553,81.0,756.0,,,,
2554,39.0,265.0,,,,
2555,96.0,864.0,,,,
2556,63.0,523.0,,,,
2557,136.0,1263.0,,,,
2558,72.0,426.0,,,,
2559,132.0,952.0,,,,
2560,68.0,637.0,,,,
2561,101.0,810.0,,,,
2562,97.0,747.0,,,,
2563,101.0,839.0,,,,
2564,57.0,495.0,,,,
2565,55.0,508.0,,,,
2566,56.0,651.0,,,,
2567,62.0,520.0,,,,
2568,121.0,1035.0,,,,
2569,107.0,918.0,,,,
2570,74.0,583.0,,,,
2571,113.0,925.0,,,,
2572,55.0,527.0,,,,
2573,78.0,618.0,,,,
2574,54.0,441.0,,,,
2575,64.0,590.0,,,,
2576,83.0,780.0,,,,
2577,60.0,567.0,,,,
2578,45.0,355.0,,,,
2579,91.0,741.0,,,,
2580,51.0,421.0,,,,
2581,79.0,699.0,,,,
2582,55.0,456.0,,,,
2583,21.0,137.0,,,,
2584,51.0,571.0,,,,
2585,64.0,650.0,,,,
2586,83.0,769.0,,,,
2587,59.0,485.0,,,,
2588,68.0,524.0,,,,
2589,71.0,506.0,,,,
2590,70.0,789.0,,,,
2591,81.0,707.0,,,,
2592,46.0,377.0,,,,
2593,80.0,713.0,,,,
2594,86.0,736.0,,,,
2595,66.0,493.0,,,,
2596,29.0,239.0,,,,
2597,87.0,776.0,,,,
2598,52.0,430.0,,,,
2599,81.0,599.0,,,,
2600,54.0,487.0,,,,
2601,65.0,493.0,,,,
2602,77.0,650.0,,,,
2603,53.0,382.0,,,,
2604,48.0,426.0,,,,
2605,65.0,585.0,,,,
2606,79.0,669.0,,,,
2607,69.0,584.0,,,,
2608,80.0,646.0,,,,
2609,92.0,704.0,,,,
2610,93.0,780.0,,,,
2611,75.0,578.0,,,,
2612,72.0,512.0,,,,
2613,101.0,1007.0,,,,
2614,37.0,287.0,,,,
2615,57.0,420.0,,,,
2616,43.0,341.0,,,,
2617,98.0,1064.0,,,,
2618,70.0,606.0,,,,
2619,70.0,575.0,,,,
2620,60.0,490.0,,,,
2621,53.0,428.0,,,,
2622,38.0,410.0,,,,
2623,44.0,493.0,,,,
2624,37.0,330.0,,,,
2625,76.0,555.0,,,,
2626,102.0,873.0,,,,
2627,15.0,116.0,,,,
2628,67.0,591.0,,,,
2629,54.0,430.0,,,,
2630,36.0,271.0,,,,
2631,85.0,550.0,,,,
2632,81.0,603.0,,,,
2633,43.0,329.0,,,,
2634,25.0,226.0,,,,
2635,64.0,567.0,,,,
2636,50.0,436.0,,,,
2637,74.0,471.0,,,,
2638,23.0,228.0,,,,
2639,30.0,239.0,,,,
2640,61.0,515.0,,,,
2641,96.0,754.0,,,,
2642,79.0,691.0,,,,
2643,38.0,311.0,,,,
2644,28.0,190.0,,,,
2645,36.0,244.0,,,,
2646,47.0,433.0,,,,
2647,100.0,786.0,,,,
2648,41.0,318.0,,,,
2649,90.0,520.0,,,,
2650,76.0,617.0,,,,
2651,57.0,677.0,,,,
2652,51.0,377.0,,,,
2653,18.0,171.0,,,,
2654,68.0,597.0,,,,
2655,50.0,441.0,,,,
2656,53.0,477.0,,,,
2657,55.0,489.0,,,,
2658,105.0,850.0,,,,
2659,36.0,235.0,,,,
2660,76.0,508.0,,,,
2661,20.0,158.0,,,,
2662,52.0,414.0,,,,
2663,51.0,418.0,,,,
2664,75.0,679.0,,,,
2665,51.0,418.0,,,,
2666,104.0,912.0,,,,
2667,84.0,652.0,,,,
2668,2.0,4.0,,,,
2669,15.0,133.0,,,,
2670,92.0,752.0,,,,
2671,62.0,509.0,,,,
2672,57.0,539.0,,,,
2673,56.0,510.0,,,,
2674,55.0,393.0,,,,
2675,68.0,408.0,,,,
2676,10.0,61.0,,,,
2677,72.0,312.0,,,,
2678,87.0,709.0,,,,
2679,61.0,573.0,,,,
2680,107.0,650.0,,,,
2681,103.0,723.0,,,,
2682,99.0,475.0,,,,
2683,21.0,216.0,,,,
2684,136.0,476.0,,,,
2685,172.0,666.0,,,,
2686,100.0,492.0,,,,
2687,109.0,455.0,,,,
2688,65.0,551.0,,,,
2689,151.0,613.0,,,,
2690,138.0,490.0,,,,
2691,84.0,386.0,,,,
2692,61.0,449.0,,,,
2693,62.0,556.0,,,,
2694,1.0,5.0,,,,
2695,70.0,573.0,,,,
2696,70.0,431.0,,,,
2697,105.0,1014.0,,,,
2698,47.0,425.0,,,,
2699,106.0,842.0,,,,
2700,52.0,540.0,,,,
2701,72.0,733.0,,,,
2702,53.0,561.0,,,,
2703,75.0,773.0,,,,
2704,73.0,608.0,,,,
2705,68.0,752.0,,,,
2706,90.0,911.0,,,,
2707,79.0,800.0,,,,
2708,55.0,372.0,,,,
2709,56.0,637.0,,,,
2710,44.0,417.0,,,,
2711,83.0,853.0,,,,
2712,58.0,592.0,,,,
2713,56.0,433.0,,,,
2714,51.0,525.0,,,,
2715,70.0,704.0,,,,
2716,79.0,528.0,,,,
2717,52.0,542.0,,,,
2718,96.0,738.0,,,,
2719,33.0,358.0,,,,
2720,55.0,630.0,,,,
2721,46.0,486.0,,,,
2722,53.0,487.0,,,,
2723,50.0,528.0,,,,
2724,53.0,600.0,,,,
2725,67.0,573.0,,,,
2726,88.0,719.0,,,,
2727,50.0,540.0,,,,
2728,55.0,525.0,,,,
2729,52.0,574.0,,,,
2730,39.0,399.0,,,,
2731,56.0,570.0,,,,
2732,31.0,264.0,,,,
2733,69.0,811.0,,,,
2734,63.0,637.0,,,,
2735,66.0,619.0,,,,
2736,57.0,572.0,,,,
2737,76.0,737.0,,,,
2738,53.0,423.0,,,,
2739,66.0,667.0,,,,
2740,77.0,529.0,,,,
2741,74.0,772.0,,,,
2742,38.0,347.0,,,,
2743,60.0,595.0,,,,
2744,63.0,450.0,,,,
2745,84.0,753.0,,,,
2746,67.0,355.0,,,,
2747,78.0,666.0,,,,
2748,73.0,463.0,,,,
2749,55.0,453.0,,,,
2750,64.0,491.0,,,,
2751,61.0,523.0,,,,
2752,83.0,719.0,,,,
2753,44.0,310.0,,,,
2754,70.0,773.0,,,,
2755,76.0,646.0,,,,
2756,72.0,646.0,,,,
2757,44.0,491.0,,,,
2758,46.0,402.0,,,,
2759,70.0,768.0,,,,
2760,47.0,464.0,,,,
2761,187.0,1253.0,,,,
2762,43.0,489.0,,,,
2763,43.0,392.0,,,,
2764,52.0,519.0,,,,
2765,59.0,412.0,,,,
2766,95.0,581.0,,,,
2767,49.0,311.0,,,,
2768,50.0,393.0,,,,
2769,62.0,404.0,,,,
2770,40.0,300.0,,,,
2771,41.0,285.0,,,,
2772,54.0,251.0,,,,
2773,49.0,243.0,,,,
2774,65.0,656.0,,,,
2775,42.0,310.0,,,,
2776,74.0,382.0,,,,
2777,38.0,360.0,,,,
2778,39.0,220.0,,,,
2779,67.0,336.0,,,,
2780,37.0,216.0,,,,
2781,68.0,402.0,,,,
2782,45.0,390.0,,,,
2783,38.0,285.0,,,,
2784,56.0,370.0,,,,
2785,41.0,281.0,,,,
2786,62.0,687.0,,,,
2787,42.0,430.0,,,,
2788,70.0,364.0,,,,
2789,51.0,444.0,,,,
2790,43.0,274.0,,,,
2791,39.0,381.0,,,,
2792,78.0,456.0,,,,
2793,96.0,408.0,,,,
2794,44.0,435.0,,,,
2795,63.0,572.0,,,,
2796,47.0,368.0,,,,
2797,47.0,356.0,,,,
2798,64.0,562.0,,,,
2799,63.0,488.0,,,,
2800,34.0,360.0,,,,
2801,58.0,625.0,,,,
2802,36.0,224.0,,,,
2803,51.0,293.0,,,,
2804,49.0,280.0,,,,
2805,45.0,299.0,,,,
2806,53.0,315.0,,,,
2807,66.0,587.0,,,,
2808,115.0,846.0,,,,
2809,76.0,585.0,,,,
2810,69.0,542.0,,,,
2811,125.0,931.0,,,,
2812,76.0,561.0,,,,
2813,94.0,578.0,,,,
2814,46.0,431.0,,,,
2815,116.0,801.0,,,,
2816,67.0,770.0,,,,
2817,65.0,466.0,,,,
2818,45.0,392.0,,,,
2819,93.0,808.0,,,,
2820,48.0,507.0,,,,
2821,40.0,403.0,,,,
2822,58.0,213.0,,,,
2823,71.0,578.0,,,,
2824,70.0,598.0,,,,
2825,84.0,491.0,,,,
2826,71.0,664.0,,,,
2827,106.0,791.0,,,,
2828,60.0,426.0,,,,
2829,50.0,370.0,,,,
2830,64.0,543.0,,,,
2831,80.0,763.0,,,,
2832,48.0,297.0,,,,
2833,52.0,472.0,,,,
2834,46.0,406.0,,,,
2835,74.0,315.0,,,,
2836,54.0,502.0,,,,
2837,41.0,371.0,,,,
2838,83.0,598.0,,,,
2839,51.0,525.0,,,,
2840,65.0,599.0,,,,
2841,51.0,496.0,,,,
2842,110.0,691.0,,,,
2843,38.0,358.0,,,,
2844,89.0,458.0,,,,
2845,106.0,776.0,,,,
2846,103.0,780.0,,,,
2847,83.0,629.0,,,,
2848,71.0,603.0,,,,
2849,61.0,539.0,,,,
2850,38.0,264.0,,,,
2851,61.0,588.0,,,,
2852,49.0,505.0,,,,
2853,41.0,428.0,,,,
2854,51.0,437.0,,,,
2855,62.0,549.0,,,,
2856,40.0,394.0,,,,
2857,45.0,425.0,,,,
2858,71.0,571.0,,,,
2859,57.0,500.0,,,,
2860,48.0,411.0,,,,
2861,45.0,481.0,,,,
2862,62.0,361.0,,,,
2863,74.0,622.0,,,,
2864,55.0,314.0,,,,
2865,54.0,508.0,,,,
2866,43.0,322.0,,,,
2867,51.0,592.0,,,,
2868,61.0,528.0,,,,
2869,66.0,602.0,,,,
2870,32.0,275.0,,,,
2871,57.0,420.0,,,,
2872,49.0,451.0,,,,
2873,57.0,442.0,,,,
2874,49.0,412.0,,,,
2875,109.0,708.0,,,,
2876,48.0,367.0,,,,
2877,45.0,353.0,,,,
2878,43.0,350.0,,,,
2879,48.0,449.0,,,,
2880,36.0,364.0,,,,
2881,52.0,414.0,,,,
2882,58.0,413.0,,,,
2883,77.0,650.0,,,,
2884,61.0,472.0,,,,
2885,84.0,682.0,,,,
2886,47.0,331.0,,,,
2887,39.0,451.0,,,,
2888,53.0,419.0,,,,
2889,52.0,489.0,,,,
2890,23.0,228.0,,,,
2891,26.0,257.0,,,,
2892,61.0,462.0,,,,
2893,48.0,414.0,,,,
2894,31.0,303.0,,,,
2895,43.0,365.0,,,,
2896,45.0,380.0,,,,
2897,51.0,389.0,,,,
2898,52.0,412.0,,,,
2899,57.0,368.0,,,,
2900,48.0,442.0,,,,
2901,50.0,596.0,,,,
2902,60.0,518.0,,,,
2903,75.0,478.0,,,,
2904,63.0,442.0,,,,
2905,45.0,413.0,,,,
2906,52.0,388.0,,,,
2907,43.0,344.0,,,,
2908,57.0,351.0,,,,
2909,61.0,431.0,,,,
2910,51.0,414.0,,,,
2911,67.0,525.0,,,,
2912,61.0,485.0,,,,
2913,47.0,283.0,,,,
2914,31.0,298.0,,,,
2915,43.0,398.0,,,,
2916,43.0,413.0,,,,
2917,44.0,340.0,,,,
2918,51.0,348.0,,,,
2919,39.0,256.0,,,,
2920,41.0,440.0,,,,
2921,33.0,243.0,,,,
2922,38.0,393.0,,,,
2923,59.0,406.0,,,,
2924,21.0,209.0,,,,
2925,60.0,401.0,,,,
2926,75.0,550.0,,,,
2927,44.0,215.0,,,,
2928,65.0,350.0,,,,
2929,40.0,247.0,,,,
2930,56.0,547.0,,,,
2931,50.0,338.0,,,,
2932,41.0,307.0,,,,
2933,48.0,306.0,,,,
2934,38.0,269.0,,,,
2935,56.0,511.0,,,,
2936,45.0,462.0,,,,
2937,54.0,284.0,,,,
2938,45.0,332.0,,,,
2939,54.0,365.0,,,,
2940,52.0,423.0,,,,
2941,36.0,267.0,,,,
2942,49.0,400.0,,,,
2943,66.0,485.0,,,,
2944,46.0,310.0,,,,
2945,41.0,345.0,,,,
2946,49.0,440.0,,,,
2947,43.0,297.0,,,,
2948,60.0,453.0,,,,
2949,49.0,428.0,,,,
2950,32.0,257.0,,,,
2951,75.0,450.0,,,,
2952,77.0,575.0,,,,
2953,24.0,193.0,,,,
2954,51.0,318.0,,,,
2955,45.0,406.0,,,,
2956,92.0,749.0,,,,
2957,59.0,530.0,,,,
2958,70.0,665.0,,,,
2959,61.0,677.0,,,,
2960,45.0,420.0,,,,
2961,66.0,498.0,,,,
2962,61.0,480.0,,,,
2963,75.0,796.0,,,,
2964,45.0,422.0,,,,
2965,54.0,453.0,,,,
2966,43.0,419.0,,,,
2967,53.0,558.0,,,,
2968,46.0,402.0,,,,
2969,64.0,677.0,,,,
2970,54.0,451.0,,,,
2971,47.0,380.0,,,,
2972,54.0,519.0,,,,
2973,95.0,756.0,,,,
2974,64.0,556.0,,,,
2975,65.0,485.0,,,,
2976,48.0,401.0,,,,
2977,65.0,625.0,,,,
2978,62.0,689.0,,,,
2979,56.0,466.0,,,,
2980,68.0,541.0,,,,
2981,59.0,732.0,,,,
2982,53.0,493.0,,,,
2983,49.0,466.0,,,,
2984,53.0,571.0,,,,
2985,45.0,352.0,,,,
2986,38.0,346.0,,,,
2987,91.0,992.0,,,,
2988,55.0,450.0,,,,
2989,58.0,422.0,,,,
2990,69.0,788.0,,,,
2991,58.0,616.0,,,,
2992,58.0,701.0,,,,
2993,53.0,583.0,,,,
2994,55.0,663.0,,,,
2995,78.0,879.0,,,,
2996,39.0,430.0,,,,
2997,73.0,568.0,,,,
2998,52.0,505.0,,,,
2999,54.0,508.0,,,,
3000,67.0,737.0,,,,
3001,54.0,445.0,,,,
3002,45.0,395.0,,,,
3003,42.0,458.0,,,,
3004,51.0,563.0,,,,
3005,61.0,627.0,,,,
3006,134.0,1165.0,,,,
3007,55.0,675.0,,,,
3008,52.0,386.0,,,,
3009,52.0,492.0,,,,
3010,63.0,516.0,,,,
3011,52.0,575.0,,,,
3012,59.0,596.0,,,,
3013,43.0,338.0,,,,
3014,61.0,626.0,,,,
3015,13.0,63.0,,,,
3016,48.0,347.0,,,,
3017,37.0,279.0,,,,
3018,152.0,1647.0,,,,
3019,54.0,621.0,,,,
3020,57.0,649.0,,,,
3021,36.0,366.0,,,,
3022,52.0,508.0,,,,
3023,63.0,630.0,,,,
3024,44.0,327.0,,,,
3025,48.0,422.0,,,,
3026,28.0,152.0,,,,
3027,61.0,636.0,,,,
3028,53.0,546.0,,,,
3029,42.0,405.0,,,,
3030,43.0,432.0,,,,
3031,22.0,242.0,,,,
3032,50.0,403.0,,,,
3033,36.0,323.0,,,,
3034,50.0,517.0,,,,
3035,38.0,272.0,,,,
3036,36.0,281.0,,,,
3037,23.0,170.0,,,,
3038,51.0,682.0,,,,
3039,11.0,104.0,,,,
3040,8.0,90.0,,,,
3041,70.0,572.0,,,,
3042,80.0,656.0,,,,
3043,64.0,558.0,,,,
3044,59.0,449.0,,,,
3045,56.0,414.0,,,,
3046,82.0,659.0,,,,
3047,76.0,532.0,,,,
3048,48.0,402.0,,,,
3049,62.0,521.0,,,,
3050,63.0,511.0,,,,
3051,53.0,545.0,,,,
3052,84.0,845.0,,,,
3053,75.0,716.0,,,,
3054,48.0,422.0,,,,
3055,55.0,572.0,,,,
3056,65.0,670.0,,,,
3057,54.0,459.0,,,,
3058,53.0,686.0,,,,
3059,87.0,731.0,,,,
3060,59.0,677.0,,,,
3061,31.0,327.0,,,,
3062,36.0,391.0,,,,
3063,80.0,816.0,,,,
3064,50.0,601.0,,,,
3065,98.0,919.0,,,,
3066,61.0,671.0,,,,
3067,65.0,611.0,,,,
3068,70.0,660.0,,,,
3069,55.0,476.0,,,,
3070,47.0,596.0,,,,
3071,43.0,308.0,,,,
3072,46.0,394.0,,,,
3073,63.0,554.0,,,,
3074,59.0,662.0,,,,
3075,56.0,532.0,,,,
3076,59.0,693.0,,,,
3077,76.0,632.0,,,,
3078,62.0,700.0,,,,
3079,72.0,742.0,,,,
3080,57.0,396.0,,,,
3081,82.0,828.0,,,,
3082,51.0,448.0,,,,
3083,48.0,347.0,,,,
3084,52.0,384.0,,,,
3085,52.0,433.0,,,,
3086,77.0,471.0,,,,
3087,38.0,277.0,,,,
3088,121.0,1190.0,,,,
3089,83.0,562.0,,,,
3090,75.0,712.0,,,,
3091,51.0,593.0,,,,
3092,62.0,800.0,,,,
3093,60.0,621.0,,,,
3094,56.0,466.0,,,,
3095,54.0,465.0,,,,
3096,53.0,562.0,,,,
3097,55.0,509.0,,,,
3098,67.0,769.0,,,,
3099,65.0,918.0,,,,
3100,63.0,926.0,,,,
3101,59.0,368.0,,,,
3102,48.0,443.0,,,,
3103,50.0,474.0,,,,
3104,23.0,183.0,,,,
3105,52.0,390.0,,,,
3106,45.0,599.0,,,,
3107,52.0,589.0,,,,
3108,53.0,565.0,,,,
3109,54.0,556.0,,,,
3110,76.0,611.0,,,,
3111,51.0,471.0,,,,
3112,29.0,368.0,,,,
3113,90.0,965.0,,,,
3114,92.0,856.0,,,,
3115,53.0,419.0,,,,
3116,54.0,606.0,,,,
3117,56.0,539.0,,,,
3118,61.0,561.0,,,,
3119,42.0,362.0,,,,
3120,49.0,516.0,,,,
3121,55.0,591.0,,,,
3122,47.0,446.0,,,,
3123,25.0,368.0,,,,
3124,84.0,776.0,,,,
3125,79.0,586.0,,,,
3126,55.0,557.0,,,,
3127,65.0,583.0,,,,
3128,63.0,458.0,,,,
3129,70.0,686.0,,,,
3130,70.0,425.0,,,,
3131,60.0,367.0,,,,
3132,40.0,370.0,,,,
3133,45.0,636.0,,,,
3134,35.0,262.0,,,,
3135,55.0,495.0,,,,
3136,41.0,485.0,,,,
3137,62.0,530.0,,,,
3138,109.0,678.0,,,,
3139,91.0,760.0,,,,
3140,55.0,544.0,,,,
3141,22.0,139.0,,,,
3142,34.0,334.0,,,,
3143,27.0,187.0,,,,
3144,56.0,465.0,,,,
3145,49.0,321.0,,,,
3146,64.0,575.0,,,,
3147,50.0,436.0,,,,
3148,47.0,433.0,,,,
3149,27.0,276.0,,,,
3150,67.0,518.0,,,,
3151,46.0,419.0,,,,
3152,18.0,81.0,,,,
3153,58.0,574.0,,,,
3154,6.0,22.0,,,,
3155,47.0,392.0,,,,
3156,91.0,551.0,,,,
3157,53.0,461.0,,,,
3158,55.0,483.0,,,,
3159,4.0,28.0,,,,
3160,69.0,506.0,,,,
3161,35.0,367.0,,,,
3162,63.0,655.0,,,,
3163,77.0,689.0,,,,
3164,8.0,81.0,,,,
3165,53.0,611.0,,,,
3166,110.0,771.0,,,,
3167,2.0,8.0,,,,
3168,63.0,401.0,,,,
3169,53.0,450.0,,,,
3170,66.0,568.0,,,,
3171,65.0,613.0,,,,
3172,2.0,13.0,,,,
3173,2.0,21.0,,,,
3174,2.0,41.0,,,,
3175,4.0,26.0,,,,
3176,48.0,435.0,,,,
3177,45.0,306.0,,,,
3178,54.0,436.0,,,,
3179,37.0,255.0,,,,
3180,58.0,388.0,,,,
3181,53.0,365.0,,,,
3182,49.0,241.0,,,,
3183,51.0,465.0,,,,
3184,54.0,416.0,,,,
3185,49.0,451.0,,,,
3186,53.0,313.0,,,,
3187,57.0,499.0,,,,
3188,52.0,267.0,,,,
3189,59.0,490.0,,,,
3190,76.0,662.0,,,,
3191,73.0,648.0,,,,
3192,42.0,357.0,,,,
3193,64.0,681.0,,,,
3194,72.0,466.0,,,,
3195,48.0,302.0,,,,
3196,87.0,695.0,,,,
3197,43.0,205.0,,,,
3198,56.0,363.0,,,,
3199,63.0,411.0,,,,
3200,30.0,171.0,,,,
3201,63.0,458.0,,,,
3202,43.0,374.0,,,,
3203,49.0,560.0,,,,
3204,62.0,448.0,,,,
3205,58.0,569.0,,,,
3206,59.0,411.0,,,,
3207,73.0,552.0,,,,
3208,40.0,327.0,,,,
3209,54.0,488.0,,,,
3210,51.0,423.0,,,,
3211,65.0,513.0,,,,
3212,30.0,210.0,,,,
3213,66.0,537.0,,,,
3214,62.0,425.0,,,,
3215,53.0,384.0,,,,
3216,73.0,503.0,,,,
3217,69.0,616.0,,,,
3218,56.0,309.0,,,,
3219,73.0,513.0,,,,
3220,56.0,533.0,,,,
3221,57.0,411.0,,,,
3222,45.0,397.0,,,,
3223,58.0,413.0,,,,
3224,59.0,539.0,,,,
3225,45.0,433.0,,,,
3226,62.0,515.0,,,,
3227,68.0,521.0,,,,
3228,50.0,410.0,,,,
3229,62.0,395.0,,,,
3230,25.0,183.0,,,,
3231,60.0,497.0,,,,
3232,69.0,539.0,,,,
3233,56.0,359.0,,,,
3234,54.0,472.0,,,,
3235,47.0,435.0,,,,
3236,35.0,265.0,,,,
3237,49.0,441.0,,,,
3238,68.0,652.0,,,,
3239,38.0,439.0,,,,
3240,54.0,317.0,,,,
3241,36.0,346.0,,,,
3242,58.0,556.0,,,,
3243,44.0,274.0,,,,
3244,77.0,656.0,,,,
3245,33.0,202.0,,,,
3246,42.0,279.0,,,,
3247,67.0,551.0,,,,
3248,49.0,393.0,,,,
3249,22.0,195.0,,,,
3250,59.0,466.0,,,,
3251,90.0,671.0,,,,
3252,48.0,455.0,,,,
3253,43.0,399.0,,,,
3254,50.0,501.0,,,,
3255,61.0,614.0,,,,
3256,82.0,619.0,,,,
3257,75.0,555.0,,,,
3258,41.0,603.0,,,,
3259,61.0,345.0,,,,
3260,50.0,353.0,,,,
3261,71.0,595.0,,,,
3262,43.0,276.0,,,,
3263,43.0,391.0,,,,
3264,40.0,324.0,,,,
3265,39.0,336.0,,,,
3266,45.0,424.0,,,,
3267,60.0,557.0,,,,
3268,78.0,809.0,,,,
3269,13.0,125.0,,,,
3270,108.0,1039.0,,,,
3271,55.0,379.0,,,,
3272,66.0,499.0,,,,
3273,56.0,451.0,,,,
3274,44.0,428.0,,,,
3275,57.0,419.0,,,,
3276,47.0,409.0,,,,
3277,65.0,528.0,,,,
3278,93.0,695.0,,,,
3279,33.0,231.0,,,,
3280,68.0,564.0,,,,
3281,64.0,586.0,,,,
3282,62.0,485.0,,,,
3283,12.0,92.0,,,,
3284,58.0,531.0,,,,
3285,63.0,539.0,,,,
3286,57.0,386.0,,,,
3287,44.0,386.0,,,,
3288,52.0,472.0,,,,
3289,20.0,108.0,,,,
3290,64.0,734.0,,,,
3291,72.0,557.0,,,,
3292,53.0,410.0,,,,
3293,49.0,479.0,,,,
3294,39.0,348.0,,,,
3295,58.0,448.0,,,,
3296,91.0,663.0,,,,
3297,52.0,421.0,,,,
3298,51.0,490.0,,,,
3299,9.0,60.0,,,,
3300,60.0,536.0,,,,
3301,74.0,511.0,,,,
3302,25.0,161.0,,,,
3303,45.0,414.0,,,,
3304,75.0,604.0,,,,
3305,110.0,803.0,,,,
3306,55.0,377.0,,,,
3307,60.0,415.0,,,,
3308,60.0,555.0,,,,
3309,80.0,655.0,,,,
3310,31.0,216.0,,,,
3311,46.0,385.0,,,,
3312,50.0,458.0,,,,
3313,53.0,433.0,,,,
3314,78.0,632.0,,,,
3315,67.0,666.0,,,,
3316,50.0,410.0,,,,
3317,48.0,390.0,,,,
3318,36.0,328.0,,,,
3319,24.0,169.0,,,,
3320,93.0,841.0,,,,
3321,56.0,644.0,,,,
3322,53.0,357.0,,,,
3323,95.0,544.0,,,,
3324,68.0,518.0,,,,
3325,85.0,715.0,,,,
3326,44.0,264.0,,,,
3327,6.0,26.0,,,,
3328,50.0,276.0,,,,
3329,62.0,296.0,,,,
3330,67.0,533.0,,,,
3331,77.0,627.0,,,,
3332,79.0,590.0,,,,
3333,71.0,212.0,,,,
3334,19.0,415.0,,,,
3335,40.0,1079.0,,,,
3336,28.0,414.0,,,,
3337,12.0,372.0,,,,
3338,39.0,1084.0,,,,
3339,19.0,397.0,,,,
3340,37.0,993.0,,,,
3341,55.0,986.0,,,,
3342,44.0,1083.0,,,,
3343,36.0,834.0,,,,
3344,38.0,633.0,,,,
3345,17.0,324.0,,,,
3346,20.0,316.0,,,,
3347,31.0,965.0,,,,
3348,28.0,652.0,,,,
3349,21.0,743.0,,,,
3350,45.0,867.0,,,,
3351,48.0,919.0,,,,
3352,19.0,477.0,,,,
3353,31.0,726.0,,,,
3354,35.0,892.0,,,,
3355,82.0,809.0,,,,
3356,48.0,420.0,,,,
3357,78.0,643.0,,,,
3358,130.0,870.0,,,,
3359,60.0,391.0,,,,
3360,80.0,521.0,,,,
3361,94.0,830.0,,,,
3362,80.0,606.0,,,,
3363,87.0,761.0,,,,
3364,69.0,375.0,,,,
3365,88.0,560.0,,,,
3366,79.0,743.0,,,,
3367,59.0,446.0,,,,
3368,50.0,308.0,,,,
3369,96.0,743.0,,,,
3370,63.0,549.0,,,,
3371,82.0,748.0,,,,
3372,92.0,790.0,,,,
3373,67.0,450.0,,,,
3374,50.0,404.0,,,,
3375,50.0,458.0,,,,
3376,58.0,486.0,,,,
3377,80.0,383.0,,,,
3378,100.0,910.0,,,,
3379,101.0,767.0,,,,
3380,71.0,506.0,,,,
3381,83.0,710.0,,,,
3382,94.0,789.0,,,,
3383,54.0,519.0,,,,
3384,92.0,670.0,,,,
3385,64.0,527.0,,,,
3386,93.0,663.0,,,,
3387,76.0,606.0,,,,
3388,49.0,481.0,,,,
3389,92.0,817.0,,,,
3390,58.0,391.0,,,,
3391,59.0,493.0,,,,
3392,94.0,715.0,,,,
3393,53.0,543.0,,,,
3394,72.0,666.0,,,,
3395,54.0,371.0,,,,
3396,72.0,624.0,,,,
3397,93.0,745.0,,,,
3398,71.0,649.0,,,,
3399,65.0,606.0,,,,
3400,61.0,512.0,,,,
3401,60.0,541.0,,,,
3402,108.0,849.0,,,,
3403,97.0,970.0,,,,
3404,88.0,703.0,,,,
3405,79.0,594.0,,,,
3406,57.0,719.0,,,,
3407,83.0,655.0,,,,
3408,63.0,412.0,,,,
3409,91.0,865.0,,,,
3410,141.0,1255.0,,,,
3411,96.0,576.0,,,,
3412,37.0,396.0,,,,
3413,66.0,548.0,,,,
3414,114.0,856.0,,,,
3415,73.0,746.0,,,,
3416,91.0,652.0,,,,
3417,152.0,1354.0,,,,
3418,48.0,347.0,,,,
3419,109.0,924.0,,,,
3420,63.0,577.0,,,,
3421,95.0,1092.0,,,,
3422,96.0,690.0,,,,
3423,89.0,731.0,,,,
3424,64.0,593.0,,,,
3425,98.0,737.0,,,,
3426,69.0,587.0,,,,
3427,95.0,836.0,,,,
3428,96.0,878.0,,,,
3429,78.0,505.0,,,,
3430,101.0,870.0,,,,
3431,64.0,389.0,,,,
3432,82.0,539.0,,,,
3433,98.0,908.0,,,,
3434,77.0,748.0,,,,
3435,80.0,626.0,,,,
3436,40.0,665.0,,,,
3437,69.0,609.0,,,,
3438,66.0,454.0,,,,
3439,161.0,1126.0,,,,
3440,93.0,692.0,,,,
3441,44.0,260.0,,,,
3442,56.0,418.0,,,,
3443,89.0,726.0,,,,
3444,58.0,384.0,,,,
3445,57.0,611.0,,,,
3446,127.0,929.0,,,,
3447,56.0,390.0,,,,
3448,60.0,455.0,,,,
3449,63.0,733.0,,,,
3450,36.0,399.0,,,,
3451,60.0,607.0,,,,
3452,65.0,588.0,,,,
3453,64.0,855.0,,,,
3454,97.0,863.0,,,,
3455,60.0,672.0,,,,
3456,63.0,551.0,,,,
3457,47.0,214.0,,,,
3458,21.0,182.0,,,,
3459,74.0,676.0,,,,
3460,72.0,584.0,,,,
3461,50.0,844.0,,,,
3462,128.0,1019.0,,,,
3463,37.0,270.0,,,,
3464,34.0,190.0,,,,
3465,119.0,956.0,,,,
3466,56.0,586.0,,,,
3467,65.0,531.0,,,,
3468,1.0,13.0,,,,
3469,77.0,694.0,,,,
3470,23.0,151.0,,,,
3471,42.0,328.0,,,,
3472,118.0,1014.0,,,,
3473,140.0,933.0,,,,
3474,30.0,144.0,,,,
3475,84.0,629.0,,,,
3476,54.0,494.0,,,,
3477,8.0,47.0,,,,
3478,77.0,486.0,,,,
3479,7.0,14.0,,,,
3480,26.0,211.0,,,,
3481,72.0,680.0,,,,
3482,20.0,88.0,,,,
3483,51.0,575.0,,,,
3484,25.0,97.0,,,,
3485,11.0,63.0,,,,
3486,64.0,624.0,,,,
3487,104.0,882.0,,,,
3488,18.0,132.0,,,,
3489,17.0,178.0,,,,
3490,89.0,798.0,,,,
3491,6.0,155.0,,,,
3492,12.0,76.0,,,,
3493,39.0,368.0,,,,
3494,12.0,144.0,,,,
3495,17.0,174.0,,,,
3496,20.0,183.0,,,,
3497,7.0,77.0,,,,
3498,7.0,71.0,,,,
3499,24.0,265.0,,,,
3500,27.0,123.0,,,,
3501,10.0,44.0,,,,
3502,18.0,206.0,,,,
3503,1.0,5.0,,,,
3504,96.0,743.0,,,,
3505,1.0,9.0,,,,
3506,1.0,7.0,,,,
3507,53.0,297.0,,,,
3508,12.0,168.0,,,,
3509,1.0,12.0,,,,
3510,1.0,8.0,,,,
3511,1.0,11.0,,,,
3512,1.0,13.0,,,,
3513,14.0,42.0,,,,
3514,71.0,716.0,,,,
3515,83.0,893.0,,,,
3516,126.0,1123.0,,,,
3517,95.0,549.0,,,,
3518,171.0,1493.0,,,,
3519,96.0,806.0,,,,
3520,79.0,902.0,,,,
3521,51.0,331.0,,,,
3522,68.0,420.0,,,,
3523,30.0,287.0,,,,
3524,31.0,248.0,,,,
3525,62.0,548.0,,,,
3526,110.0,1084.0,,,,
3527,61.0,485.0,,,,
3528,50.0,445.0,,,,
3529,42.0,449.0,,,,
3530,53.0,283.0,,,,
3531,44.0,405.0,,,,
3532,45.0,384.0,,,,
3533,52.0,525.0,,,,
3534,98.0,813.0,,,,
3535,46.0,463.0,,,,
3536,83.0,721.0,,,,
3537,100.0,779.0,,,,
3538,52.0,228.0,,,,
3539,25.0,215.0,,,,
3540,55.0,411.0,,,,
3541,56.0,366.0,,,,
3542,79.0,586.0,,,,
3543,55.0,538.0,,,,
3544,37.0,344.0,,,,
3545,109.0,920.0,,,,
3546,40.0,367.0,,,,
3547,101.0,682.0,,,,
3548,69.0,617.0,,,,
3549,40.0,366.0,,,,
3550,54.0,509.0,,,,
3551,75.0,461.0,,,,
3552,92.0,582.0,,,,
3553,63.0,626.0,,,,
3554,42.0,250.0,,,,
3555,76.0,486.0,,,,
3556,88.0,740.0,,,,
3557,53.0,514.0,,,,
3558,14.0,100.0,,,,
3559,89.0,783.0,,,,
3560,106.0,625.0,,,,
3561,60.0,329.0,,,,
3562,90.0,838.0,,,,
3563,24.0,184.0,,,,
3564,56.0,471.0,,,,
3565,37.0,199.0,,,,
3566,50.0,432.0,,,,
3567,55.0,311.0,,,,
3568,38.0,285.0,,,,
3569,1.0,4.0,,,,
3570,35.0,277.0,,,,
3571,41.0,293.0,,,,
3572,44.0,234.0,,,,
3573,23.0,177.0,,,,
3574,20.0,252.0,,,,
3575,59.0,444.0,,,,
3576,28.0,164.0,,,,
3577,36.0,190.0,,,,
3578,18.0,216.0,,,,
3579,28.0,231.0,,,,
3580,1.0,7.0,,,,
3581,5.0,9.0,,,,
3582,34.0,363.0,,,,
3583,24.0,180.0,,,,
3584,77.0,681.0,,,,
3585,16.0,135.0,,,,
3586,33.0,151.0,,,,
3587,54.0,232.0,,,,
3588,62.0,390.0,,,,
3589,33.0,110.0,,,,
3590,21.0,120.0,,,,
3591,30.0,266.0,,,,
3592,25.0,203.0,,,,
3593,46.0,192.0,,,,
3594,24.0,209.0,,,,
3595,25.0,176.0,,,,
3596,30.0,155.0,,,,
3597,46.0,321.0,,,,
3598,1.0,5.0,,,,
3599,35.0,196.0,,,,
3600,18.0,101.0,,,,
3601,22.0,122.0,,,,
3602,43.0,246.0,,,,
3603,20.0,187.0,,,,
3604,39.0,250.0,,,,
3605,32.0,264.0,,,,
3606,53.0,335.0,,,,
3607,32.0,174.0,,,,
3608,35.0,213.0,,,,
3609,33.0,184.0,,,,
3610,42.0,259.0,,,,
3611,29.0,156.0,,,,
3612,36.0,272.0,,,,
3613,54.0,308.0,,,,
3614,32.0,252.0,,,,
3615,24.0,134.0,,,,
3616,34.0,206.0,,,,
3617,26.0,140.0,,,,
3618,49.0,189.0,,,,
3619,15.0,80.0,,,,
3620,24.0,146.0,,,,
3621,39.0,223.0,,,,
3622,22.0,131.0,,,,
3623,20.0,192.0,,,,
3624,47.0,302.0,,,,
3625,1.0,3.0,,,,
3626,27.0,160.0,,,,
3627,31.0,158.0,,,,
3628,24.0,150.0,,,,
3629,28.0,142.0,,,,
3630,24.0,149.0,,,,
3631,8.0,60.0,,,,
3632,42.0,158.0,,,,
3633,1.0,108.0,,,,
3634,20.0,134.0,,,,
3635,1.0,10.0,,,,
3636,18.0,167.0,,,,
3637,27.0,166.0,,,,
3638,23.0,183.0,,,,
3639,22.0,125.0,,,,
3640,30.0,277.0,,,,
3641,41.0,207.0,,,,
3642,33.0,205.0,,,,
3643,22.0,130.0,,,,
3644,24.0,186.0,,,,
3645,13.0,72.0,,,,
3646,28.0,217.0,,,,
3647,99.0,706.0,,,,
3648,31.0,344.0,,,,
3649,26.0,141.0,,,,
3650,23.0,141.0,,,,
3651,24.0,149.0,,,,
3652,31.0,220.0,,,,
3653,29.0,238.0,,,,
3654,19.0,107.0,,,,
3655,32.0,191.0,,,,
3656,1.0,3.0,,,,
3657,1.0,4.0,,,,
3658,1.0,6.0,,,,
3659,23.0,107.0,,,,
3660,1.0,3.0,,,,
3661,58.0,491.0,,,,
3662,58.0,491.0,,,,
3663,58.0,491.0,,,,
3664,58.0,491.0,,,,
3665,58.0,491.0,,,,
3666,58.0,491.0,,,,
3667,58.0,491.0,,,,
3668,58.0,491.0,,,,
3669,58.0,491.0,,,,
3670,58.0,491.0,,,,
3671,58.0,491.0,,,,
3672,58.0,491.0,,,,
3673,58.0,491.0,,,,
3674,58.0,491.0,,,,
3675,58.0,491.0,,,,
3676,58.0,491.0,,,,
3677,58.0,491.0,,,,
3678,58.0,491.0,,,,
3679,58.0,491.0,,,,
3680,58.0,491.0,,,,
3681,58.0,491.0,,,,
3682,58.0,491.0,,,,
3683,58.0,491.0,,,,
3684,58.0,491.0,,,,
3685,58.0,491.0,,,,
3686,58.0,491.0,,,,
3687,58.0,491.0,,,,
3688,58.0,491.0,,,,
3689,58.0,491.0,,,,
3690,58.0,491.0,,,,
3691,58.0,491.0,,,,
3692,58.0,491.0,,,,
3693,58.0,491.0,,,,
3694,58.0,491.0,,,,
3695,58.0,491.0,,,,
3696,58.0,491.0,,,,
3697,58.0,491.0,,,,
3698,58.0,491.0,,,,
3699,58.0,491.0,,,,
3700,58.0,491.0,,,,
3701,58.0,491.0,,,,
3702,58.0,491.0,,,,
3703,58.0,491.0,,,,
3704,58.0,491.0,,,,
3705,58.0,491.0,,,,
3706,58.0,491.0,,,,
3707,58.0,491.0,,,,
3708,58.0,491.0,,,,
3709,58.0,491.0,,,,
3710,58.0,491.0,,,,
3711,58.0,491.0,,,,
3712,58.0,491.0,,,,
3713,58.0,491.0,,,,
3714,58.0,491.0,,,,
3715,58.0,491.0,,,,
3716,58.0,491.0,,,,
3717,58.0,491.0,,,,
3718,58.0,491.0,,,,
3719,58.0,491.0,,,,
3720,58.0,491.0,,,,
3721,58.0,491.0,,,,
3722,58.0,491.0,,,,
3723,58.0,491.0,,,,
3724,58.0,491.0,,,,
3725,58.0,491.0,,,,
3726,58.0,491.0,,,,
3727,58.0,491.0,,,,
3728,58.0,491.0,,,,
3729,58.0,491.0,,,,
3730,58.0,491.0,,,,
3731,58.0,491.0,,,,
3732,58.0,491.0,,,,
3733,58.0,491.0,,,,
3734,74.0,598.0,,,,
3735,59.0,495.0,,,,
3736,51.0,389.0,,,,
3737,47.0,460.0,,,,
3738,43.0,425.0,,,,
3739,49.0,475.0,,,,
3740,60.0,669.0,,,,
3741,58.0,541.0,,,,
3742,59.0,575.0,,,,
3743,55.0,439.0,,,,
3744,61.0,425.0,,,,
3745,62.0,629.0,,,,
3746,59.0,572.0,,,,
3747,81.0,805.0,,,,
3748,53.0,632.0,,,,
3749,49.0,408.0,,,,
3750,74.0,637.0,,,,
3751,49.0,389.0,,,,
3752,65.0,485.0,,,,
3753,73.0,438.0,,,,
3754,70.0,641.0,,,,
3755,60.0,521.0,,,,
3756,66.0,530.0,,,,
3757,80.0,734.0,,,,
3758,92.0,794.0,,,,
3759,140.0,1363.0,,,,
3760,47.0,517.0,,,,
3761,66.0,536.0,,,,
3762,59.0,485.0,,,,
3763,61.0,528.0,,,,
3764,70.0,495.0,,,,
3765,47.0,493.0,,,,
3766,50.0,553.0,,,,
3767,58.0,587.0,,,,
3768,45.0,469.0,,,,
3769,52.0,620.0,,,,
3770,55.0,403.0,,,,
3771,76.0,504.0,,,,
3772,47.0,442.0,,,,
3773,45.0,288.0,,,,
3774,78.0,732.0,,,,
3775,47.0,502.0,,,,
3776,62.0,643.0,,,,
3777,80.0,547.0,,,,
3778,93.0,596.0,,,,
3779,111.0,816.0,,,,
3780,61.0,587.0,,,,
3781,82.0,538.0,,,,
3782,57.0,451.0,,,,
3783,95.0,627.0,,,,
3784,30.0,297.0,,,,
3785,38.0,336.0,,,,
3786,70.0,446.0,,,,
3787,102.0,611.0,,,,
3788,102.0,1006.0,,,,
3789,68.0,484.0,,,,
3790,41.0,376.0,,,,
3791,81.0,595.0,,,,
3792,40.0,307.0,,,,
3793,47.0,387.0,,,,
3794,66.0,659.0,,,,
3795,56.0,474.0,,,,
3796,61.0,475.0,,,,
3797,54.0,564.0,,,,
3798,74.0,693.0,,,,
3799,57.0,593.0,,,,
3800,99.0,826.0,,,,
3801,38.0,381.0,,,,
3802,52.0,583.0,,,,
3803,82.0,696.0,,,,
3804,88.0,808.0,,,,
3805,37.0,349.0,,,,
3806,73.0,563.0,,,,
3807,67.0,700.0,,,,
3808,85.0,693.0,,,,
3809,39.0,460.0,,,,
3810,70.0,566.0,,,,
3811,76.0,570.0,,,,
3812,29.0,319.0,,,,
3813,117.0,703.0,,,,
3814,83.0,752.0,,,,
3815,38.0,401.0,,,,
3816,36.0,402.0,,,,
3817,36.0,354.0,,,,
3818,54.0,612.0,,,,
3819,45.0,393.0,,,,
3820,63.0,518.0,,,,
3821,38.0,375.0,,,,
3822,117.0,701.0,,,,
3823,52.0,470.0,,,,
3824,46.0,421.0,,,,
3825,77.0,514.0,,,,
3826,47.0,491.0,,,,
3827,15.0,176.0,,,,
3828,17.0,200.0,,,,
3829,27.0,284.0,,,,
3830,108.0,780.0,,,,
3831,55.0,401.0,,,,
3832,68.0,425.0,,,,
3833,51.0,345.0,,,,
3834,75.0,567.0,,,,
3835,22.0,210.0,,,,
3836,32.0,274.0,,,,
3837,54.0,481.0,,,,
3838,33.0,297.0,,,,
3839,77.0,612.0,,,,
3840,87.0,553.0,,,,
3841,82.0,598.0,,,,
3842,67.0,473.0,,,,
3843,57.0,452.0,,,,
3844,75.0,583.0,,,,
3845,97.0,810.0,,,,
3846,38.0,301.0,,,,
3847,84.0,595.0,,,,
3848,82.0,687.0,,,,
3849,45.0,188.0,,,,
3850,26.0,191.0,,,,
3851,63.0,515.0,,,,
3852,54.0,485.0,,,,
3853,126.0,710.0,,,,
3854,94.0,780.0,,,,
3855,103.0,636.0,,,,
3856,51.0,222.0,,,,
3857,96.0,647.0,,,,
3858,27.0,236.0,,,,
3859,115.0,679.0,,,,
3860,32.0,249.0,,,,
3861,33.0,332.0,,,,
3862,39.0,828.0,,,,
3863,17.0,169.0,,,,
3864,17.0,168.0,,,,
3865,25.0,142.0,,,,
3866,4.0,24.0,,,,
3867,18.0,160.0,,,,
3868,16.0,119.0,,,,
3869,71.0,515.0,,,,
3870,68.0,404.0,,,,
3871,70.0,584.0,,,,
3872,119.0,718.0,,,,
3873,58.0,624.0,,,,
3874,66.0,560.0,,,,
3875,82.0,586.0,,,,
3876,78.0,511.0,,,,
3877,89.0,680.0,,,,
3878,61.0,481.0,,,,
3879,103.0,684.0,,,,
3880,61.0,558.0,,,,
3881,85.0,564.0,,,,
3882,76.0,532.0,,,,
3883,97.0,726.0,,,,
3884,73.0,702.0,,,,
3885,78.0,679.0,,,,
3886,65.0,644.0,,,,
3887,86.0,558.0,,,,
3888,76.0,451.0,,,,
3889,51.0,447.0,,,,
3890,75.0,597.0,,,,
3891,73.0,522.0,,,,
3892,53.0,491.0,,,,
3893,80.0,669.0,,,,
3894,91.0,539.0,,,,
3895,65.0,531.0,,,,
3896,67.0,550.0,,,,
3897,49.0,455.0,,,,
3898,88.0,855.0,,,,
3899,80.0,734.0,,,,
3900,67.0,560.0,,,,
3901,76.0,557.0,,,,
3902,86.0,603.0,,,,
3903,93.0,686.0,,,,
3904,73.0,502.0,,,,
3905,75.0,728.0,,,,
3906,62.0,580.0,,,,
3907,79.0,609.0,,,,
3908,83.0,484.0,,,,
3909,67.0,646.0,,,,
3910,71.0,662.0,,,,
3911,68.0,476.0,,,,
3912,91.0,848.0,,,,
3913,50.0,466.0,,,,
3914,76.0,710.0,,,,
3915,72.0,592.0,,,,
3916,98.0,643.0,,,,
3917,93.0,686.0,,,,
3918,91.0,638.0,,,,
3919,68.0,449.0,,,,
3920,67.0,447.0,,,,
3921,73.0,593.0,,,,
3922,78.0,515.0,,,,
3923,80.0,586.0,,,,
3924,78.0,631.0,,,,
3925,78.0,658.0,,,,
3926,71.0,453.0,,,,
3927,83.0,500.0,,,,
3928,91.0,758.0,,,,
3929,26.0,235.0,,,,
3930,59.0,428.0,,,,
3931,119.0,667.0,,,,
3932,60.0,453.0,,,,
3933,85.0,608.0,,,,
3934,92.0,522.0,,,,
3935,97.0,597.0,,,,
3936,100.0,663.0,,,,
3937,55.0,432.0,,,,
3938,95.0,603.0,,,,
3939,62.0,599.0,,,,
3940,84.0,619.0,,,,
3941,83.0,729.0,,,,
3942,32.0,168.0,,,,
3943,117.0,792.0,,,,
3944,75.0,540.0,,,,
3945,57.0,331.0,,,,
3946,56.0,561.0,,,,
3947,41.0,335.0,,,,
3948,87.0,594.0,,,,
3949,68.0,521.0,,,,
3950,93.0,730.0,,,,
3951,44.0,418.0,,,,
3952,56.0,440.0,,,,
3953,75.0,627.0,,,,
3954,76.0,492.0,,,,
3955,100.0,753.0,,,,
3956,56.0,560.0,,,,
3957,76.0,720.0,,,,
3958,83.0,598.0,,,,
3959,72.0,443.0,,,,
3960,71.0,552.0,,,,
3961,60.0,415.0,,,,
3962,44.0,432.0,,,,
3963,100.0,880.0,,,,
3964,87.0,597.0,,,,
3965,78.0,556.0,,,,
3966,72.0,554.0,,,,
3967,69.0,551.0,,,,
3968,36.0,257.0,,,,
3969,84.0,521.0,,,,
3970,79.0,677.0,,,,
3971,95.0,652.0,,,,
3972,53.0,458.0,,,,
3973,42.0,347.0,,,,
3974,62.0,507.0,,,,
3975,85.0,761.0,,,,
3976,72.0,425.0,,,,
3977,73.0,557.0,,,,
3978,66.0,594.0,,,,
3979,90.0,548.0,,,,
3980,90.0,669.0,,,,
3981,108.0,771.0,,,,
3982,93.0,697.0,,,,
3983,79.0,640.0,,,,
3984,78.0,644.0,,,,
3985,78.0,700.0,,,,
3986,97.0,688.0,,,,
3987,71.0,739.0,,,,
3988,24.0,118.0,,,,
3989,101.0,628.0,,,,
3990,3.0,15.0,,,,
3991,11.0,18.0,,,,
3992,22.0,107.0,,,,
3993,5.0,62.0,,,,
3994,75.0,581.0,,,,
3995,72.0,560.0,,,,
3996,77.0,677.0,,,,
3997,95.0,763.0,,,,
3998,1.0,31.0,,,,
3999,106.0,750.0,,,,
4000,67.0,530.0,,,,
4001,80.0,597.0,,,,
4002,80.0,924.0,,,,
4003,56.0,556.0,,,,
4004,71.0,475.0,,,,
4005,5.0,32.0,,,,
4006,109.0,795.0,,,,
4007,58.0,394.0,,,,
4008,145.0,1076.0,,,,
4009,60.0,620.0,,,,
4010,62.0,606.0,,,,
4011,59.0,580.0,,,,
4012,118.0,760.0,,,,
4013,83.0,682.0,,,,
4014,92.0,483.0,,,,
4015,89.0,344.0,,,,
4016,75.0,600.0,,,,
4017,76.0,727.0,,,,
4018,75.0,588.0,,,,
4019,40.0,264.0,,,,
4020,88.0,775.0,,,,
4021,140.0,788.0,,,,
4022,45.0,329.0,,,,
4023,10.0,78.0,,,,
4024,58.0,481.0,,,,
4025,43.0,345.0,,,,
4026,72.0,603.0,,,,
4027,65.0,578.0,,,,
4028,26.0,223.0,,,,
4029,91.0,661.0,,,,
4030,75.0,660.0,,,,
4031,9.0,80.0,,,,
4032,56.0,483.0,,,,
4033,43.0,429.0,,,,
4034,56.0,555.0,,,,
4035,2.0,25.0,,,,
4036,74.0,503.0,,,,
4037,64.0,568.0,,,,
4038,2.0,22.0,,,,
4039,60.0,508.0,,,,
4040,72.0,510.0,,,,
4041,79.0,712.0,,,,
4042,37.0,398.0,,,,
4043,35.0,253.0,,,,
4044,70.0,446.0,,,,
4045,91.0,768.0,,,,
4046,29.0,287.0,,,,
4047,80.0,520.0,,,,
4048,61.0,546.0,,,,
4049,55.0,519.0,,,,
4050,82.0,757.0,,,,
4051,84.0,659.0,,,,
4052,61.0,535.0,,,,
4053,46.0,596.0,,,,
4054,47.0,337.0,,,,
4055,43.0,473.0,,,,
4056,52.0,488.0,,,,
4057,63.0,590.0,,,,
4058,59.0,549.0,,,,
4059,53.0,631.0,,,,
4060,78.0,559.0,,,,
4061,43.0,435.0,,,,
4062,59.0,593.0,,,,
4063,60.0,462.0,,,,
4064,45.0,427.0,,,,
4065,47.0,309.0,,,,
4066,56.0,433.0,,,,
4067,37.0,330.0,,,,
4068,47.0,506.0,,,,
4069,52.0,378.0,,,,
4070,48.0,331.0,,,,
4071,49.0,433.0,,,,
4072,39.0,466.0,,,,
4073,51.0,513.0,,,,
4074,51.0,569.0,,,,
4075,55.0,457.0,,,,
4076,61.0,656.0,,,,
4077,53.0,618.0,,,,
4078,48.0,400.0,,,,
4079,53.0,337.0,,,,
4080,47.0,453.0,,,,
4081,33.0,382.0,,,,
4082,47.0,362.0,,,,
4083,48.0,607.0,,,,
4084,57.0,445.0,,,,
4085,52.0,575.0,,,,
4086,43.0,366.0,,,,
4087,64.0,685.0,,,,
4088,67.0,467.0,,,,
4089,96.0,774.0,,,,
4090,80.0,662.0,,,,
4091,86.0,812.0,,,,
4092,80.0,675.0,,,,
4093,126.0,1104.0,,,,
4094,105.0,585.0,,,,
4095,112.0,947.0,,,,
4096,50.0,474.0,,,,
4097,111.0,792.0,,,,
4098,73.0,563.0,,,,
4099,91.0,665.0,,,,
4100,79.0,694.0,,,,
4101,73.0,845.0,,,,
4102,78.0,695.0,,,,
4103,85.0,656.0,,,,
4104,49.0,426.0,,,,
4105,61.0,512.0,,,,
4106,59.0,596.0,,,,
4107,64.0,474.0,,,,
4108,60.0,658.0,,,,
4109,90.0,891.0,,,,
4110,49.0,415.0,,,,
4111,82.0,687.0,,,,
4112,64.0,575.0,,,,
4113,97.0,751.0,,,,
4114,53.0,536.0,,,,
4115,67.0,494.0,,,,
4116,81.0,737.0,,,,
4117,86.0,749.0,,,,
4118,92.0,834.0,,,,
4119,27.0,328.0,,,,
4120,79.0,732.0,,,,
4121,56.0,555.0,,,,
4122,69.0,592.0,,,,
4123,84.0,644.0,,,,
4124,60.0,499.0,,,,
4125,52.0,440.0,,,,
4126,70.0,645.0,,,,
4127,42.0,392.0,,,,
4128,45.0,343.0,,,,
4129,83.0,592.0,,,,
4130,65.0,572.0,,,,
4131,83.0,550.0,,,,
4132,103.0,865.0,,,,
4133,41.0,369.0,,,,
4134,47.0,459.0,,,,
4135,99.0,765.0,,,,
4136,71.0,599.0,,,,
4137,34.0,330.0,,,,
4138,85.0,581.0,,,,
4139,81.0,645.0,,,,
4140,49.0,460.0,,,,
4141,82.0,595.0,,,,
4142,79.0,634.0,,,,
4143,57.0,496.0,,,,
4144,100.0,806.0,,,,
4145,40.0,406.0,,,,
4146,87.0,681.0,,,,
4147,107.0,703.0,,,,
4148,72.0,624.0,,,,
4149,70.0,580.0,,,,
4150,71.0,516.0,,,,
4151,56.0,451.0,,,,
4152,80.0,678.0,,,,
4153,97.0,764.0,,,,
4154,81.0,635.0,,,,
4155,63.0,560.0,,,,
4156,62.0,620.0,,,,
4157,47.0,385.0,,,,
4158,83.0,738.0,,,,
4159,1.0,6.0,,,,
4160,51.0,498.0,,,,
4161,63.0,362.0,,,,
4162,1.0,4.0,,,,
4163,85.0,714.0,,,,
4164,1.0,3.0,,,,
4165,62.0,522.0,,,,
4166,87.0,690.0,,,,
4167,93.0,762.0,,,,
4168,123.0,823.0,,,,
4169,75.0,670.0,,,,
4170,80.0,709.0,,,,
4171,47.0,419.0,,,,
4172,113.0,762.0,,,,
4173,102.0,872.0,,,,
4174,96.0,693.0,,,,
4175,84.0,706.0,,,,
4176,22.0,146.0,,,,
4177,61.0,444.0,,,,
4178,48.0,334.0,,,,
4179,78.0,685.0,,,,
4180,84.0,796.0,,,,
4181,71.0,565.0,,,,
4182,51.0,398.0,,,,
4183,58.0,573.0,,,,
4184,68.0,558.0,,,,
4185,52.0,419.0,,,,
4186,65.0,535.0,,,,
4187,80.0,596.0,,,,
4188,70.0,536.0,,,,
4189,112.0,735.0,,,,
4190,51.0,553.0,,,,
4191,67.0,739.0,,,,
4192,67.0,640.0,,,,
4193,82.0,669.0,,,,
4194,119.0,965.0,,,,
4195,76.0,571.0,,,,
4196,84.0,711.0,,,,
4197,37.0,331.0,,,,
4198,98.0,913.0,,,,
4199,78.0,604.0,,,,
4200,63.0,474.0,,,,
4201,72.0,692.0,,,,
4202,74.0,628.0,,,,
4203,53.0,439.0,,,,
4204,60.0,422.0,,,,
4205,68.0,606.0,,,,
4206,70.0,507.0,,,,
4207,67.0,546.0,,,,
4208,86.0,874.0,,,,
4209,43.0,392.0,,,,
4210,92.0,731.0,,,,
4211,98.0,856.0,,,,
4212,100.0,891.0,,,,
4213,74.0,627.0,,,,
4214,36.0,348.0,,,,
4215,93.0,744.0,,,,
4216,55.0,522.0,,,,
4217,57.0,524.0,,,,
4218,93.0,699.0,,,,
4219,83.0,644.0,,,,
4220,48.0,427.0,,,,
4221,71.0,634.0,,,,
4222,104.0,886.0,,,,
4223,57.0,571.0,,,,
4224,91.0,741.0,,,,
4225,69.0,596.0,,,,
4226,72.0,703.0,,,,
4227,113.0,882.0,,,,
4228,79.0,749.0,,,,
4229,67.0,399.0,,,,
4230,65.0,574.0,,,,
4231,67.0,610.0,,,,
4232,90.0,629.0,,,,
4233,63.0,545.0,,,,
4234,47.0,350.0,,,,
4235,75.0,725.0,,,,
4236,42.0,345.0,,,,
4237,69.0,687.0,,,,
4238,81.0,599.0,,,,
4239,47.0,424.0,,,,
4240,32.0,263.0,,,,
4241,48.0,384.0,,,,
4242,53.0,533.0,,,,
4243,97.0,685.0,,,,
4244,59.0,469.0,,,,
4245,91.0,631.0,,,,
4246,58.0,641.0,,,,
4247,84.0,655.0,,,,
4248,68.0,621.0,,,,
4249,65.0,467.0,,,,
4250,50.0,485.0,,,,
4251,81.0,679.0,,,,
4252,45.0,315.0,,,,
4253,56.0,518.0,,,,
4254,72.0,421.0,,,,
4255,102.0,595.0,,,,
4256,91.0,546.0,,,,
4257,93.0,557.0,,,,
4258,91.0,722.0,,,,
4259,46.0,403.0,,,,
4260,1.0,5.0,,,,
4261,68.0,450.0,,,,
4262,55.0,497.0,,,,
4263,54.0,530.0,,,,
4264,77.0,509.0,,,,
4265,41.0,352.0,,,,
4266,36.0,360.0,,,,
4267,68.0,647.0,,,,
4268,87.0,623.0,,,,
4269,1.0,9.0,,,,
4270,82.0,729.0,,,,
4271,1.0,29.0,,,,
4272,7.0,28.0,,,,
4273,67.0,467.0,,,,
4274,82.0,628.0,,,,
4275,10.0,52.0,,,,
4276,78.0,562.0,,,,
4277,65.0,603.0,,,,
4278,44.0,414.0,,,,
4279,1.0,7.0,,,,
4280,78.0,674.0,,,,
4281,85.0,753.0,,,,
4282,92.0,723.0,,,,
4283,87.0,827.0,,,,
4284,46.0,311.0,,,,
4285,63.0,593.0,,,,
4286,93.0,771.0,,,,
4287,40.0,371.0,,,,
4288,65.0,645.0,,,,
4289,42.0,354.0,,,,
4290,69.0,478.0,,,,
4291,27.0,192.0,,,,
4292,90.0,650.0,,,,
4293,71.0,545.0,,,,
4294,59.0,569.0,,,,
4295,78.0,626.0,,,,
4296,20.0,197.0,,,,
4297,61.0,585.0,,,,
4298,67.0,375.0,,,,
4299,72.0,717.0,,,,
4300,54.0,479.0,,,,
4301,84.0,814.0,,,,
4302,90.0,748.0,,,,
4303,8.0,519.0,,,,
4304,74.0,779.0,,,,
4305,101.0,686.0,,,,
4306,53.0,351.0,,,,
4307,63.0,689.0,,,,
4308,82.0,587.0,,,,
4309,46.0,414.0,,,,
4310,67.0,623.0,,,,
4311,57.0,405.0,,,,
4312,64.0,461.0,,,,
4313,53.0,327.0,,,,
4314,44.0,273.0,,,,
4315,13.0,94.0,,,,
4316,67.0,438.0,,,,
4317,65.0,496.0,,,,
4318,87.0,651.0,,,,
4319,37.0,242.0,,,,
4320,90.0,525.0,,,,
4321,2.0,4.0,,,,
4322,65.0,579.0,,,,
4323,28.0,160.0,,,,
4324,95.0,792.0,,,,
4325,45.0,438.0,,,,
4326,52.0,450.0,,,,
4327,73.0,726.0,,,,
4328,34.0,304.0,,,,
4329,62.0,655.0,,,,
4330,40.0,302.0,,,,
4331,59.0,523.0,,,,
4332,1.0,4.0,,,,
4333,10.0,82.0,,,,
4334,26.0,273.0,,,,
4335,72.0,680.0,,,,
4336,41.0,434.0,,,,
4337,1.0,3.0,,,,
4338,52.0,457.0,,,,
4339,71.0,525.0,,,,
4340,48.0,470.0,,,,
4341,1.0,7.0,,,,
4342,80.0,862.0,,,,
4343,1.0,3.0,,,,
4344,1.0,4.0,,,,
4345,26.0,266.0,,,,
4346,71.0,616.0,,,,
4347,4.0,21.0,,,,
4348,62.0,636.0,,,,
4349,1.0,5.0,,,,
4350,48.0,446.0,,,,
4351,26.0,189.0,,,,
4352,101.0,729.0,,,,
4353,70.0,650.0,,,,
4354,48.0,452.0,,,,
4355,54.0,480.0,,,,
4356,87.0,778.0,,,,
4357,37.0,282.0,,,,
4358,35.0,271.0,,,,
4359,23.0,248.0,,,,
4360,61.0,570.0,,,,
4361,15.0,165.0,,,,
4362,1.0,5.0,,,,
4363,11.0,41.0,,,,
4364,87.0,577.0,,,,
4365,74.0,773.0,,,,
4366,76.0,656.0,,,,
4367,50.0,341.0,,,,
4368,71.0,555.0,,,,
4369,90.0,722.0,,,,
4370,67.0,444.0,,,,
4371,63.0,469.0,,,,
4372,53.0,450.0,,,,
4373,74.0,619.0,,,,
4374,62.0,436.0,,,,
4375,80.0,565.0,,,,
4376,54.0,417.0,,,,
4377,54.0,440.0,,,,
4378,82.0,706.0,,,,
4379,67.0,597.0,,,,
4380,41.0,377.0,,,,
4381,64.0,349.0,,,,
4382,62.0,489.0,,,,
4383,53.0,455.0,,,,
4384,59.0,480.0,,,,
4385,70.0,528.0,,,,
4386,38.0,503.0,,,,
4387,61.0,585.0,,,,
4388,48.0,307.0,,,,
4389,61.0,446.0,,,,
4390,75.0,514.0,,,,
4391,60.0,354.0,,,,
4392,84.0,573.0,,,,
4393,47.0,340.0,,,,
4394,63.0,530.0,,,,
4395,44.0,390.0,,,,
4396,50.0,400.0,,,,
4397,46.0,354.0,,,,
4398,54.0,414.0,,,,
4399,38.0,298.0,,,,
4400,30.0,186.0,,,,
4401,51.0,370.0,,,,
4402,72.0,510.0,,,,
4403,64.0,400.0,,,,
4404,53.0,445.0,,,,
4405,53.0,409.0,,,,
4406,63.0,402.0,,,,
4407,37.0,303.0,,,,
4408,57.0,472.0,,,,
4409,71.0,527.0,,,,
4410,30.0,201.0,,,,
4411,66.0,536.0,,,,
4412,45.0,503.0,,,,
4413,58.0,377.0,,,,
4414,43.0,355.0,,,,
4415,49.0,315.0,,,,
4416,43.0,391.0,,,,
4417,78.0,763.0,,,,
4418,47.0,355.0,,,,
4419,52.0,482.0,,,,
4420,48.0,353.0,,,,
4421,16.0,152.0,,,,
4422,73.0,674.0,,,,
4423,81.0,349.0,,,,
4424,31.0,300.0,,,,
4425,46.0,323.0,,,,
4426,6.0,41.0,,,,
4427,56.0,419.0,,,,
4428,77.0,561.0,,,,
4429,52.0,320.0,,,,
4430,42.0,431.0,,,,
4431,37.0,295.0,,,,
4432,66.0,407.0,,,,
4433,79.0,455.0,,,,
4434,30.0,287.0,,,,
4435,38.0,261.0,,,,
4436,31.0,323.0,,,,
4437,46.0,238.0,,,,
4438,49.0,384.0,,,,
4439,51.0,421.0,,,,
4440,40.0,551.0,,,,
4441,51.0,425.0,,,,
4442,22.0,243.0,,,,
4443,15.0,113.0,,,,
4444,26.0,224.0,,,,
4445,40.0,397.0,,,,
4446,22.0,171.0,,,,
4447,62.0,336.0,,,,
4448,28.0,243.0,,,,
4449,48.0,314.0,,,,
4450,68.0,534.0,,,,
4451,40.0,246.0,,,,
4452,44.0,371.0,,,,
4453,28.0,299.0,,,,
4454,54.0,449.0,,,,
4455,53.0,396.0,,,,
4456,47.0,273.0,,,,
4457,52.0,600.0,,,,
4458,32.0,189.0,,,,
4459,33.0,316.0,,,,
4460,102.0,485.0,,,,
4461,55.0,437.0,,,,
4462,81.0,503.0,,,,
4463,61.0,403.0,,,,
4464,36.0,278.0,,,,
4465,55.0,369.0,,,,
4466,31.0,196.0,,,,
4467,13.0,81.0,,,,
4468,8.0,72.0,,,,
4469,11.0,68.0,,,,
4470,16.0,103.0,,,,
4471,15.0,75.0,,,,
4472,1.0,3.0,,,,
4473,9.0,78.0,,,,
4474,11.0,57.0,,,,
4475,6.0,40.0,,,,
4476,81.0,774.0,,,,
4477,66.0,593.0,,,,
4478,98.0,710.0,,,,
4479,53.0,427.0,,,,
4480,42.0,500.0,,,,
4481,67.0,605.0,,,,
4482,79.0,739.0,,,,
4483,52.0,636.0,,,,
4484,61.0,464.0,,,,
4485,68.0,583.0,,,,
4486,70.0,542.0,,,,
4487,64.0,535.0,,,,
4488,46.0,345.0,,,,
4489,53.0,523.0,,,,
4490,59.0,474.0,,,,
4491,46.0,297.0,,,,
4492,85.0,850.0,,,,
4493,47.0,441.0,,,,
4494,62.0,522.0,,,,
4495,60.0,607.0,,,,
4496,52.0,469.0,,,,
4497,31.0,289.0,,,,
4498,70.0,607.0,,,,
4499,98.0,741.0,,,,
4500,69.0,563.0,,,,
4501,86.0,647.0,,,,
4502,94.0,706.0,,,,
4503,72.0,483.0,,,,
4504,56.0,493.0,,,,
4505,73.0,587.0,,,,
4506,66.0,545.0,,,,
4507,61.0,659.0,,,,
4508,61.0,487.0,,,,
4509,217.0,1794.0,,,,
4510,38.0,355.0,,,,
4511,51.0,461.0,,,,
4512,66.0,666.0,,,,
4513,71.0,603.0,,,,
4514,30.0,324.0,,,,
4515,59.0,457.0,,,,
4516,25.0,291.0,,,,
4517,93.0,878.0,,,,
4518,73.0,767.0,,,,
4519,68.0,529.0,,,,
4520,74.0,780.0,,,,
4521,55.0,590.0,,,,
4522,70.0,665.0,,,,
4523,52.0,420.0,,,,
4524,45.0,382.0,,,,
4525,59.0,717.0,,,,
4526,77.0,601.0,,,,
4527,71.0,617.0,,,,
4528,57.0,424.0,,,,
4529,69.0,645.0,,,,
4530,69.0,607.0,,,,
4531,66.0,722.0,,,,
4532,53.0,459.0,,,,
4533,34.0,324.0,,,,
4534,56.0,393.0,,,,
4535,52.0,444.0,,,,
4536,88.0,724.0,,,,
4537,56.0,395.0,,,,
4538,73.0,623.0,,,,
4539,61.0,538.0,,,,
4540,68.0,653.0,,,,
4541,60.0,746.0,,,,
4542,58.0,558.0,,,,
4543,60.0,421.0,,,,
4544,89.0,650.0,,,,
4545,51.0,460.0,,,,
4546,59.0,546.0,,,,
4547,59.0,500.0,,,,
4548,71.0,481.0,,,,
4549,76.0,666.0,,,,
4550,42.0,402.0,,,,
4551,72.0,566.0,,,,
4552,51.0,406.0,,,,
4553,56.0,514.0,,,,
4554,83.0,746.0,,,,
4555,65.0,505.0,,,,
4556,93.0,755.0,,,,
4557,51.0,437.0,,,,
4558,70.0,644.0,,,,
4559,61.0,531.0,,,,
4560,78.0,601.0,,,,
4561,72.0,625.0,,,,
4562,83.0,732.0,,,,
4563,69.0,654.0,,,,
4564,59.0,558.0,,,,
4565,21.0,190.0,,,,
4566,84.0,777.0,,,,
4567,96.0,692.0,,,,
4568,52.0,464.0,,,,
4569,64.0,472.0,,,,
4570,72.0,557.0,,,,
4571,80.0,677.0,,,,
4572,71.0,684.0,,,,
4573,61.0,520.0,,,,
4574,64.0,558.0,,,,
4575,43.0,356.0,,,,
4576,59.0,557.0,,,,
4577,64.0,509.0,,,,
4578,78.0,664.0,,,,
4579,94.0,625.0,,,,
4580,54.0,459.0,,,,
4581,81.0,597.0,,,,
4582,52.0,484.0,,,,
4583,48.0,403.0,,,,
4584,53.0,362.0,,,,
4585,76.0,688.0,,,,
4586,92.0,774.0,,,,
4587,16.0,147.0,,,,
4588,20.0,153.0,,,,
4589,75.0,681.0,,,,
4590,21.0,199.0,,,,
4591,59.0,596.0,,,,
4592,69.0,651.0,,,,
4593,85.0,660.0,,,,
4594,86.0,864.0,,,,
4595,73.0,581.0,,,,
4596,53.0,469.0,,,,
4597,28.0,268.0,,,,
4598,82.0,487.0,,,,
4599,63.0,673.0,,,,
4600,77.0,722.0,,,,
4601,82.0,744.0,,,,
4602,46.0,426.0,,,,
4603,22.0,175.0,,,,
4604,25.0,154.0,,,,
4605,28.0,282.0,,,,
4606,32.0,207.0,,,,
4607,73.0,538.0,,,,
4608,55.0,452.0,,,,
4609,32.0,262.0,,,,
4610,43.0,403.0,,,,
4611,49.0,472.0,,,,
4612,51.0,361.0,,,,
4613,79.0,527.0,,,,
4614,68.0,629.0,,,,
4615,61.0,324.0,,,,
4616,47.0,268.0,,,,
4617,57.0,381.0,,,,
4618,56.0,403.0,,,,
4619,66.0,513.0,,,,
4620,56.0,545.0,,,,
4621,52.0,545.0,,,,
4622,53.0,447.0,,,,
4623,54.0,360.0,,,,
4624,67.0,419.0,,,,
4625,72.0,455.0,,,,
4626,70.0,463.0,,,,
4627,43.0,366.0,,,,
4628,59.0,503.0,,,,
4629,45.0,365.0,,,,
4630,44.0,335.0,,,,
4631,48.0,409.0,,,,
4632,54.0,435.0,,,,
4633,73.0,562.0,,,,
4634,54.0,297.0,,,,
4635,70.0,532.0,,,,
4636,50.0,290.0,,,,
4637,49.0,377.0,,,,
4638,50.0,401.0,,,,
4639,33.0,152.0,,,,
4640,44.0,340.0,,,,
4641,48.0,381.0,,,,
4642,36.0,347.0,,,,
4643,56.0,320.0,,,,
4644,37.0,324.0,,,,
4645,45.0,270.0,,,,
4646,61.0,386.0,,,,
4647,47.0,406.0,,,,
4648,62.0,596.0,,,,
4649,82.0,412.0,,,,
4650,47.0,461.0,,,,
4651,54.0,346.0,,,,
4652,39.0,305.0,,,,
4653,23.0,174.0,,,,
4654,32.0,200.0,,,,
4655,16.0,147.0,,,,
4656,19.0,149.0,,,,
4657,32.0,307.0,,,,
4658,38.0,259.0,,,,
4659,21.0,147.0,,,,
4660,16.0,146.0,,,,
4661,53.0,433.0,,,,
4662,81.0,527.0,,,,
4663,96.0,883.0,,,,
4664,91.0,638.0,,,,
4665,83.0,707.0,,,,
4666,121.0,1443.0,,,,
4667,96.0,875.0,,,,
4668,90.0,812.0,,,,
4669,69.0,564.0,,,,
4670,52.0,595.0,,,,
4671,58.0,624.0,,,,
4672,90.0,692.0,,,,
4673,67.0,490.0,,,,
4674,107.0,715.0,,,,
4675,47.0,494.0,,,,
4676,102.0,505.0,,,,
4677,63.0,721.0,,,,
4678,106.0,812.0,,,,
4679,62.0,798.0,,,,
4680,100.0,1156.0,,,,
4681,107.0,649.0,,,,
4682,92.0,673.0,,,,
4683,82.0,605.0,,,,
4684,61.0,609.0,,,,
4685,64.0,627.0,,,,
4686,39.0,386.0,,,,
4687,53.0,496.0,,,,
4688,77.0,839.0,,,,
4689,71.0,701.0,,,,
4690,38.0,477.0,,,,
4691,51.0,578.0,,,,
4692,59.0,584.0,,,,
4693,49.0,464.0,,,,
4694,79.0,688.0,,,,
4695,72.0,688.0,,,,
4696,100.0,680.0,,,,
4697,115.0,836.0,,,,
4698,97.0,580.0,,,,
4699,51.0,553.0,,,,
4700,71.0,512.0,,,,
4701,66.0,503.0,,,,
4702,41.0,535.0,,,,
4703,49.0,442.0,,,,
4704,63.0,606.0,,,,
4705,69.0,846.0,,,,
4706,60.0,597.0,,,,
4707,88.0,748.0,,,,
4708,52.0,456.0,,,,
4709,76.0,636.0,,,,
4710,64.0,607.0,,,,
4711,71.0,701.0,,,,
4712,71.0,726.0,,,,
4713,77.0,569.0,,,,
4714,80.0,677.0,,,,
4715,78.0,638.0,,,,
4716,64.0,533.0,,,,
4717,84.0,547.0,,,,
4718,50.0,550.0,,,,
4719,91.0,649.0,,,,
4720,69.0,505.0,,,,
4721,66.0,705.0,,,,
4722,81.0,854.0,,,,
4723,48.0,521.0,,,,
4724,88.0,605.0,,,,
4725,59.0,601.0,,,,
4726,62.0,638.0,,,,
4727,61.0,513.0,,,,
4728,63.0,401.0,,,,
4729,47.0,426.0,,,,
4730,66.0,509.0,,,,
4731,53.0,646.0,,,,
4732,67.0,367.0,,,,
4733,67.0,700.0,,,,
4734,79.0,682.0,,,,
4735,59.0,491.0,,,,
4736,67.0,663.0,,,,
4737,68.0,548.0,,,,
4738,64.0,596.0,,,,
4739,69.0,736.0,,,,
4740,57.0,554.0,,,,
4741,58.0,412.0,,,,
4742,61.0,638.0,,,,
4743,83.0,815.0,,,,
4744,55.0,457.0,,,,
4745,79.0,729.0,,,,
4746,57.0,445.0,,,,
4747,70.0,667.0,,,,
4748,70.0,604.0,,,,
4749,56.0,618.0,,,,
4750,56.0,350.0,,,,
4751,61.0,588.0,,,,
4752,44.0,452.0,,,,
4753,55.0,573.0,,,,
4754,58.0,641.0,,,,
4755,65.0,491.0,,,,
4756,67.0,568.0,,,,
4757,66.0,505.0,,,,
4758,47.0,603.0,,,,
4759,50.0,419.0,,,,
4760,59.0,525.0,,,,
4761,61.0,791.0,,,,
4762,53.0,535.0,,,,
4763,68.0,716.0,,,,
4764,49.0,518.0,,,,
4765,64.0,590.0,,,,
4766,70.0,612.0,,,,
4767,53.0,455.0,,,,
4768,59.0,528.0,,,,
4769,57.0,551.0,,,,
4770,85.0,598.0,,,,
4771,65.0,640.0,,,,
4772,43.0,593.0,,,,
4773,33.0,312.0,,,,
4774,84.0,616.0,,,,
4775,60.0,591.0,,,,
4776,87.0,575.0,,,,
4777,55.0,563.0,,,,
4778,53.0,549.0,,,,
4779,81.0,676.0,,,,
4780,66.0,469.0,,,,
4781,64.0,607.0,,,,
4782,66.0,619.0,,,,
4783,45.0,578.0,,,,
4784,99.0,671.0,,,,
4785,64.0,504.0,,,,
4786,51.0,518.0,,,,
4787,38.0,519.0,,,,
4788,42.0,496.0,,,,
4789,102.0,757.0,,,,
4790,52.0,475.0,,,,
4791,69.0,599.0,,,,
4792,40.0,295.0,,,,
4793,80.0,816.0,,,,
4794,70.0,559.0,,,,
4795,77.0,569.0,,,,
4796,61.0,540.0,,,,
4797,55.0,515.0,,,,
4798,46.0,305.0,,,,
4799,56.0,581.0,,,,
4800,66.0,591.0,,,,
4801,52.0,483.0,,,,
4802,65.0,520.0,,,,
4803,39.0,343.0,,,,
4804,60.0,624.0,,,,
4805,88.0,666.0,,,,
4806,54.0,524.0,,,,
4807,72.0,622.0,,,,
4808,56.0,595.0,,,,
4809,43.0,454.0,,,,
4810,73.0,519.0,,,,
4811,55.0,515.0,,,,
4812,40.0,307.0,,,,
4813,72.0,647.0,,,,
4814,52.0,542.0,,,,
4815,87.0,771.0,,,,
4816,47.0,416.0,,,,
4817,71.0,832.0,,,,
4818,59.0,459.0,,,,
4819,53.0,400.0,,,,
4820,65.0,769.0,,,,
4821,51.0,376.0,,,,
4822,63.0,555.0,,,,
4823,79.0,770.0,,,,
4824,40.0,420.0,,,,
4825,51.0,543.0,,,,
4826,65.0,573.0,,,,
4827,73.0,594.0,,,,
4828,34.0,365.0,,,,
4829,76.0,548.0,,,,
4830,72.0,708.0,,,,
4831,82.0,588.0,,,,
4832,55.0,510.0,,,,
4833,50.0,392.0,,,,
4834,26.0,326.0,,,,
4835,63.0,457.0,,,,
4836,67.0,454.0,,,,
4837,56.0,526.0,,,,
4838,95.0,745.0,,,,
4839,66.0,698.0,,,,
4840,69.0,509.0,,,,
4841,53.0,691.0,,,,
4842,76.0,562.0,,,,
4843,54.0,558.0,,,,
4844,83.0,601.0,,,,
4845,66.0,838.0,,,,
4846,57.0,609.0,,,,
4847,72.0,693.0,,,,
4848,47.0,389.0,,,,
4849,48.0,415.0,,,,
4850,64.0,573.0,,,,
4851,52.0,444.0,,,,
4852,86.0,917.0,,,,
4853,70.0,646.0,,,,
4854,86.0,507.0,,,,
4855,58.0,546.0,,,,
4856,52.0,473.0,,,,
4857,64.0,514.0,,,,
4858,70.0,486.0,,,,
4859,87.0,801.0,,,,
4860,101.0,909.0,,,,
4861,40.0,380.0,,,,
4862,52.0,689.0,,,,
4863,58.0,592.0,,,,
4864,58.0,521.0,,,,
4865,56.0,443.0,,,,
4866,79.0,724.0,,,,
4867,50.0,452.0,,,,
4868,89.0,739.0,,,,
4869,56.0,440.0,,,,
4870,24.0,205.0,,,,
4871,84.0,490.0,,,,
4872,45.0,402.0,,,,
4873,47.0,437.0,,,,
4874,51.0,320.0,,,,
4875,69.0,641.0,,,,
4876,7.0,177.0,,,,
4877,55.0,414.0,,,,
4878,51.0,571.0,,,,
4879,39.0,259.0,,,,
4880,87.0,696.0,,,,
4881,60.0,568.0,,,,
4882,41.0,356.0,,,,
4883,43.0,372.0,,,,
4884,52.0,504.0,,,,
4885,75.0,656.0,,,,
4886,79.0,773.0,,,,
4887,165.0,728.0,,,,
4888,20.0,386.0,,,,
4889,63.0,621.0,,,,
4890,38.0,336.0,,,,
4891,64.0,652.0,,,,
4892,46.0,487.0,,,,
4893,41.0,397.0,,,,
4894,37.0,333.0,,,,
4895,66.0,598.0,,,,
4896,69.0,594.0,,,,
4897,64.0,557.0,,,,
4898,46.0,510.0,,,,
4899,64.0,557.0,,,,
4900,50.0,480.0,,,,
4901,89.0,754.0,,,,
4902,67.0,518.0,,,,
4903,75.0,624.0,,,,
4904,61.0,463.0,,,,
4905,93.0,1014.0,,,,
4906,58.0,510.0,,,,
4907,7.0,129.0,,,,
4908,83.0,540.0,,,,
4909,49.0,347.0,,,,
4910,71.0,739.0,,,,
4911,55.0,462.0,,,,
4912,66.0,414.0,,,,
4913,74.0,787.0,,,,
4914,106.0,787.0,,,,
4915,76.0,554.0,,,,
4916,106.0,1143.0,,,,
4917,80.0,834.0,,,,
4918,67.0,719.0,,,,
4919,67.0,414.0,,,,
4920,87.0,546.0,,,,
4921,64.0,491.0,,,,
4922,125.0,592.0,,,,
4923,42.0,465.0,,,,
4924,141.0,705.0,,,,
4925,100.0,470.0,,,,
4926,64.0,468.0,,,,
4927,31.0,253.0,,,,
4928,72.0,457.0,,,,
4929,77.0,492.0,,,,
4930,81.0,590.0,,,,
4931,87.0,593.0,,,,
4932,60.0,531.0,,,,
4933,71.0,588.0,,,,
4934,11.0,41.0,,,,
4935,39.0,362.0,,,,
4936,30.0,227.0,,,,
4937,96.0,711.0,,,,
4938,71.0,621.0,,,,
4939,90.0,935.0,,,,
4940,74.0,590.0,,,,
4941,104.0,754.0,,,,
4942,82.0,622.0,,,,
4943,62.0,557.0,,,,
4944,73.0,600.0,,,,
4945,44.0,346.0,,,,
4946,78.0,536.0,,,,
4947,53.0,434.0,,,,
4948,72.0,474.0,,,,
4949,86.0,714.0,,,,
4950,63.0,575.0,,,,
4951,63.0,519.0,,,,
4952,63.0,796.0,,,,
4953,68.0,630.0,,,,
4954,66.0,522.0,,,,
4955,80.0,651.0,,,,
4956,61.0,618.0,,,,
4957,31.0,288.0,,,,
4958,40.0,347.0,,,,
4959,60.0,523.0,,,,
4960,74.0,569.0,,,,
4961,84.0,590.0,,,,
4962,34.0,325.0,,,,
4963,55.0,475.0,,,,
4964,22.0,236.0,,,,
4965,78.0,636.0,,,,
4966,58.0,588.0,,,,
4967,45.0,496.0,,,,
4968,40.0,302.0,,,,
4969,97.0,836.0,,,,
4970,54.0,634.0,,,,
4971,55.0,475.0,,,,
4972,46.0,423.0,,,,
4973,56.0,464.0,,,,
4974,70.0,588.0,,,,
4975,66.0,666.0,,,,
4976,49.0,469.0,,,,
4977,57.0,545.0,,,,
4978,51.0,383.0,,,,
4979,45.0,388.0,,,,
4980,35.0,341.0,,,,
4981,39.0,364.0,,,,
4982,52.0,346.0,,,,
4983,78.0,740.0,,,,
4984,40.0,489.0,,,,
4985,50.0,436.0,,,,
4986,63.0,605.0,,,,
4987,48.0,353.0,,,,
4988,66.0,538.0,,,,
4989,34.0,241.0,,,,
4990,100.0,557.0,,,,
4991,86.0,840.0,,,,
4992,37.0,243.0,,,,
4993,68.0,725.0,,,,
4994,46.0,391.0,,,,
4995,53.0,650.0,,,,
4996,68.0,524.0,,,,
4997,50.0,385.0,,,,
4998,40.0,339.0,,,,
4999,54.0,431.0,,,,
5000,60.0,571.0,,,,
5001,44.0,403.0,,,,
5002,66.0,518.0,,,,
5003,37.0,493.0,,,,
5004,32.0,278.0,,,,
5005,57.0,491.0,,,,
5006,104.0,718.0,,,,
5007,50.0,417.0,,,,
5008,71.0,572.0,,,,
5009,69.0,549.0,,,,
5010,21.0,135.0,,,,
5011,55.0,524.0,,,,
5012,46.0,417.0,,,,
5013,50.0,499.0,,,,
5014,67.0,686.0,,,,
5015,37.0,430.0,,,,
5016,64.0,622.0,,,,
5017,37.0,457.0,,,,
5018,53.0,438.0,,,,
5019,56.0,454.0,,,,
5020,46.0,508.0,,,,
5021,43.0,345.0,,,,
5022,55.0,481.0,,,,
5023,64.0,689.0,,,,
5024,25.0,229.0,,,,
5025,87.0,795.0,,,,
5026,63.0,572.0,,,,
5027,60.0,463.0,,,,
5028,32.0,350.0,,,,
5029,67.0,668.0,,,,
5030,20.0,171.0,,,,
5031,24.0,263.0,,,,
5032,71.0,699.0,,,,
5033,56.0,519.0,,,,
5034,56.0,504.0,,,,
5035,44.0,454.0,,,,
5036,60.0,498.0,,,,
5037,1.0,9.0,,,,
5038,75.0,519.0,,,,
5039,53.0,471.0,,,,
5040,55.0,491.0,,,,
5041,116.0,633.0,,,,
5042,67.0,473.0,,,,
5043,54.0,464.0,,,,
5044,60.0,440.0,,,,
5045,58.0,492.0,,,,
5046,51.0,383.0,,,,
5047,21.0,169.0,,,,
5048,72.0,609.0,,,,
5049,91.0,489.0,,,,
5050,62.0,316.0,,,,
5051,66.0,404.0,,,,
5052,60.0,259.0,,,,
5053,60.0,303.0,,,,
5054,178.0,667.0,,,,
5055,126.0,470.0,,,,
5056,66.0,547.0,,,,
5057,51.0,221.0,,,,
5058,79.0,501.0,,,,
5059,55.0,348.0,,,,
5060,59.0,212.0,,,,
5061,56.0,490.0,,,,
5062,53.0,253.0,,,,
5063,53.0,226.0,,,,
5064,62.0,496.0,,,,
5065,78.0,551.0,,,,
5066,60.0,443.0,,,,
5067,60.0,459.0,,,,
5068,57.0,327.0,,,,
5069,46.0,189.0,,,,
5070,55.0,180.0,,,,
5071,45.0,298.0,,,,
5072,49.0,389.0,,,,
5073,48.0,300.0,,,,
5074,63.0,380.0,,,,
5075,49.0,333.0,,,,
5076,72.0,385.0,,,,
5077,72.0,498.0,,,,
5078,83.0,297.0,,,,
5079,40.0,148.0,,,,
5080,35.0,204.0,,,,
5081,115.0,360.0,,,,
5082,49.0,410.0,,,,
5083,41.0,230.0,,,,
5084,47.0,297.0,,,,
5085,35.0,151.0,,,,
5086,10.0,62.0,,,,
5087,59.0,296.0,,,,
5088,47.0,306.0,,,,
5089,31.0,127.0,,,,
5090,57.0,302.0,,,,
5091,38.0,263.0,,,,
5092,48.0,325.0,,,,
5093,84.0,268.0,,,,
5094,62.0,244.0,,,,
5095,38.0,368.0,,,,
5096,29.0,92.0,,,,
5097,62.0,316.0,,,,
5098,48.0,297.0,,,,
5099,53.0,364.0,,,,
5100,30.0,132.0,,,,
5101,5.0,23.0,,,,
5102,64.0,303.0,,,,
5103,45.0,219.0,,,,
5104,43.0,199.0,,,,
5105,50.0,503.0,,,,
5106,54.0,271.0,,,,
5107,51.0,265.0,,,,
5108,52.0,243.0,,,,
5109,43.0,236.0,,,,
5110,48.0,235.0,,,,
5111,47.0,241.0,,,,
5112,38.0,172.0,,,,
5113,76.0,649.0,,,,
5114,99.0,657.0,,,,
5115,8.0,38.0,,,,
5116,47.0,443.0,,,,
5117,36.0,198.0,,,,
5118,50.0,258.0,,,,
5119,39.0,200.0,,,,
5120,58.0,239.0,,,,
5121,40.0,261.0,,,,
5122,48.0,314.0,,,,
5123,40.0,209.0,,,,
5124,35.0,188.0,,,,
5125,48.0,265.0,,,,
5126,41.0,181.0,,,,
5127,75.0,412.0,,,,
5128,52.0,507.0,,,,
5129,66.0,364.0,,,,
5130,1.0,3.0,,,,
5131,15.0,91.0,,,,
5132,9.0,30.0,,,,
5133,4.0,18.0,,,,
5134,36.0,222.0,,,,
5135,31.0,162.0,,,,
5136,64.0,311.0,,,,
5137,50.0,339.0,,,,
5138,47.0,185.0,,,,
5139,13.0,68.0,,,,
5140,33.0,174.0,,,,
5141,11.0,110.0,,,,
5142,25.0,268.0,,,,
5143,45.0,427.0,,,,
5144,89.0,862.0,,,,
5145,72.0,615.0,,,,
5146,64.0,718.0,,,,
5147,69.0,732.0,,,,
5148,64.0,503.0,,,,
5149,97.0,752.0,,,,
5150,90.0,775.0,,,,
5151,49.0,373.0,,,,
5152,66.0,640.0,,,,
5153,131.0,1188.0,,,,
5154,55.0,480.0,,,,
5155,37.0,401.0,,,,
5156,93.0,762.0,,,,
5157,96.0,614.0,,,,
5158,68.0,431.0,,,,
5159,74.0,559.0,,,,
5160,74.0,614.0,,,,
5161,87.0,607.0,,,,
5162,58.0,444.0,,,,
5163,70.0,556.0,,,,
5164,63.0,683.0,,,,
5165,84.0,511.0,,,,
5166,54.0,402.0,,,,
5167,62.0,538.0,,,,
5168,58.0,459.0,,,,
5169,45.0,473.0,,,,
5170,84.0,803.0,,,,
5171,76.0,824.0,,,,
5172,49.0,400.0,,,,
5173,112.0,889.0,,,,
5174,52.0,546.0,,,,
5175,102.0,988.0,,,,
5176,76.0,1034.0,,,,
5177,65.0,604.0,,,,
5178,47.0,404.0,,,,
5179,65.0,611.0,,,,
5180,120.0,894.0,,,,
5181,56.0,553.0,,,,
5182,86.0,808.0,,,,
5183,73.0,725.0,,,,
5184,52.0,413.0,,,,
5185,77.0,893.0,,,,
5186,66.0,611.0,,,,
5187,57.0,486.0,,,,
5188,102.0,708.0,,,,
5189,92.0,936.0,,,,
5190,80.0,470.0,,,,
5191,73.0,388.0,,,,
5192,67.0,758.0,,,,
5193,51.0,497.0,,,,
5194,80.0,814.0,,,,
5195,93.0,853.0,,,,
5196,63.0,501.0,,,,
5197,49.0,435.0,,,,
5198,66.0,517.0,,,,
5199,70.0,897.0,,,,
5200,73.0,410.0,,,,
5201,60.0,721.0,,,,
5202,47.0,389.0,,,,
5203,27.0,210.0,,,,
5204,68.0,743.0,,,,
5205,63.0,686.0,,,,
5206,52.0,387.0,,,,
5207,56.0,582.0,,,,
5208,53.0,613.0,,,,
5209,85.0,639.0,,,,
5210,76.0,571.0,,,,
5211,78.0,851.0,,,,
5212,58.0,671.0,,,,
5213,65.0,540.0,,,,
5214,84.0,710.0,,,,
5215,71.0,773.0,,,,
5216,67.0,666.0,,,,
5217,61.0,429.0,,,,
5218,80.0,789.0,,,,
5219,45.0,404.0,,,,
5220,141.0,834.0,,,,
5221,73.0,399.0,,,,
5222,39.0,292.0,,,,
5223,65.0,423.0,,,,
5224,73.0,778.0,,,,
5225,90.0,639.0,,,,
5226,1.0,25.0,,,,
5227,58.0,538.0,,,,
5228,73.0,620.0,,,,
5229,74.0,604.0,,,,
5230,58.0,608.0,,,,
5231,48.0,414.0,,,,
5232,74.0,507.0,,,,
5233,88.0,746.0,,,,
5234,54.0,502.0,,,,
5235,61.0,493.0,,,,
5236,59.0,588.0,,,,
5237,44.0,332.0,,,,
5238,45.0,496.0,,,,
5239,103.0,801.0,,,,
5240,60.0,533.0,,,,
5241,81.0,788.0,,,,
5242,87.0,733.0,,,,
5243,59.0,625.0,,,,
5244,17.0,175.0,,,,
5245,47.0,606.0,,,,
5246,41.0,285.0,,,,
5247,58.0,589.0,,,,
5248,63.0,803.0,,,,
5249,52.0,635.0,,,,
5250,72.0,615.0,,,,
5251,29.0,257.0,,,,
5252,50.0,430.0,,,,
5253,75.0,460.0,,,,
5254,58.0,345.0,,,,
5255,52.0,319.0,,,,
5256,52.0,424.0,,,,
5257,64.0,512.0,,,,
5258,43.0,418.0,,,,
5259,69.0,433.0,,,,
5260,56.0,399.0,,,,
5261,54.0,431.0,,,,
5262,69.0,411.0,,,,
5263,73.0,574.0,,,,
5264,53.0,369.0,,,,
5265,46.0,399.0,,,,
5266,53.0,411.0,,,,
5267,116.0,520.0,,,,
5268,48.0,265.0,,,,
5269,87.0,503.0,,,,
5270,34.0,366.0,,,,
5271,66.0,474.0,,,,
5272,64.0,467.0,,,,
5273,53.0,458.0,,,,
5274,74.0,506.0,,,,
5275,34.0,392.0,,,,
5276,56.0,365.0,,,,
5277,73.0,386.0,,,,
5278,83.0,406.0,,,,
5279,62.0,427.0,,,,
5280,55.0,440.0,,,,
5281,47.0,375.0,,,,
5282,79.0,600.0,,,,
5283,78.0,387.0,,,,
5284,58.0,474.0,,,,
5285,46.0,353.0,,,,
5286,68.0,425.0,,,,
5287,38.0,417.0,,,,
5288,62.0,482.0,,,,
5289,45.0,356.0,,,,
5290,64.0,554.0,,,,
5291,73.0,469.0,,,,
5292,74.0,439.0,,,,
5293,53.0,301.0,,,,
5294,93.0,535.0,,,,
5295,47.0,392.0,,,,
5296,31.0,352.0,,,,
5297,38.0,297.0,,,,
5298,60.0,284.0,,,,
5299,32.0,274.0,,,,
5300,47.0,335.0,,,,
5301,55.0,384.0,,,,
5302,78.0,416.0,,,,
5303,76.0,535.0,,,,
5304,75.0,546.0,,,,
5305,56.0,311.0,,,,
5306,36.0,279.0,,,,
5307,11.0,180.0,,,,
5308,67.0,480.0,,,,
5309,70.0,397.0,,,,
5310,66.0,372.0,,,,
5311,82.0,453.0,,,,
5312,81.0,391.0,,,,
5313,91.0,489.0,,,,
5314,101.0,557.0,,,,
5315,67.0,381.0,,,,
5316,44.0,385.0,,,,
5317,52.0,342.0,,,,
5318,82.0,586.0,,,,
5319,108.0,762.0,,,,
5320,77.0,317.0,,,,
5321,26.0,262.0,,,,
5322,48.0,371.0,,,,
5323,60.0,412.0,,,,
5324,66.0,343.0,,,,
5325,71.0,356.0,,,,
5326,67.0,510.0,,,,
5327,18.0,237.0,,,,
5328,1.0,5.0,,,,
5329,50.0,341.0,,,,
5330,53.0,335.0,,,,
5331,66.0,841.0,,,,
5332,40.0,258.0,,,,
5333,100.0,823.0,,,,
5334,73.0,510.0,,,,
5335,437.0,3089.0,,,,
5336,46.0,443.0,,,,
5337,94.0,838.0,,,,
5338,50.0,356.0,,,,
5339,51.0,406.0,,,,
5340,54.0,422.0,,,,
5341,72.0,573.0,,,,
5342,77.0,535.0,,,,
5343,62.0,385.0,,,,
5344,37.0,320.0,,,,
5345,82.0,516.0,,,,
5346,75.0,534.0,,,,
5347,72.0,686.0,,,,
5348,328.0,2918.0,,,,
5349,76.0,610.0,,,,
5350,53.0,478.0,,,,
5351,40.0,352.0,,,,
5352,44.0,566.0,,,,
5353,67.0,479.0,,,,
5354,76.0,571.0,,,,
5355,59.0,436.0,,,,
5356,70.0,599.0,,,,
5357,62.0,671.0,,,,
5358,75.0,632.0,,,,
5359,50.0,369.0,,,,
5360,21.0,248.0,,,,
5361,89.0,685.0,,,,
5362,18.0,212.0,,,,
5363,65.0,562.0,,,,
5364,42.0,303.0,,,,
5365,62.0,461.0,,,,
5366,43.0,340.0,,,,
5367,63.0,563.0,,,,
5368,89.0,736.0,,,,
5369,69.0,554.0,,,,
5370,74.0,633.0,,,,
5371,52.0,452.0,,,,
5372,75.0,608.0,,,,
5373,70.0,502.0,,,,
5374,63.0,520.0,,,,
5375,49.0,367.0,,,,
5376,53.0,421.0,,,,
5377,44.0,319.0,,,,
5378,75.0,656.0,,,,
5379,54.0,398.0,,,,
5380,45.0,450.0,,,,
5381,56.0,428.0,,,,
5382,93.0,861.0,,,,
5383,18.0,211.0,,,,
5384,80.0,700.0,,,,
5385,38.0,315.0,,,,
5386,68.0,517.0,,,,
5387,47.0,423.0,,,,
5388,20.0,210.0,,,,
5389,48.0,416.0,,,,
5390,74.0,723.0,,,,
5391,295.0,2187.0,,,,
5392,59.0,368.0,,,,
5393,90.0,617.0,,,,
5394,51.0,406.0,,,,
5395,55.0,450.0,,,,
5396,63.0,269.0,,,,
5397,46.0,413.0,,,,
5398,90.0,837.0,,,,
5399,50.0,453.0,,,,
5400,83.0,824.0,,,,
5401,37.0,383.0,,,,
5402,50.0,364.0,,,,
5403,80.0,663.0,,,,
5404,52.0,408.0,,,,
5405,109.0,872.0,,,,
5406,54.0,627.0,,,,
5407,81.0,533.0,,,,
5408,46.0,373.0,,,,
5409,66.0,595.0,,,,
5410,50.0,437.0,,,,
5411,81.0,1130.0,,,,
5412,103.0,834.0,,,,
5413,86.0,642.0,,,,
5414,51.0,447.0,,,,
5415,33.0,236.0,,,,
5416,42.0,309.0,,,,
5417,58.0,441.0,,,,
5418,61.0,480.0,,,,
5419,50.0,406.0,,,,
5420,62.0,590.0,,,,
5421,56.0,440.0,,,,
5422,73.0,674.0,,,,
5423,62.0,492.0,,,,
5424,62.0,537.0,,,,
5425,36.0,299.0,,,,
5426,57.0,391.0,,,,
5427,79.0,630.0,,,,
5428,34.0,356.0,,,,
5429,58.0,507.0,,,,
5430,69.0,374.0,,,,
5431,84.0,694.0,,,,
5432,73.0,557.0,,,,
5433,63.0,439.0,,,,
5434,32.0,337.0,,,,
5435,70.0,591.0,,,,
5436,71.0,561.0,,,,
5437,47.0,419.0,,,,
5438,57.0,541.0,,,,
5439,52.0,535.0,,,,
5440,33.0,374.0,,,,
5441,62.0,493.0,,,,
5442,45.0,467.0,,,,
5443,48.0,379.0,,,,
5444,84.0,774.0,,,,
5445,59.0,499.0,,,,
5446,68.0,525.0,,,,
5447,20.0,120.0,,,,
5448,103.0,732.0,,,,
5449,56.0,337.0,,,,
5450,87.0,662.0,,,,
5451,50.0,544.0,,,,
5452,30.0,194.0,,,,
5453,66.0,595.0,,,,
5454,38.0,339.0,,,,
5455,71.0,593.0,,,,
5456,20.0,143.0,,,,
5457,58.0,519.0,,,,
5458,42.0,388.0,,,,
5459,72.0,626.0,,,,
5460,90.0,688.0,,,,
5461,49.0,410.0,,,,
5462,51.0,481.0,,,,
5463,52.0,570.0,,,,
5464,50.0,443.0,,,,
5465,27.0,252.0,,,,
5466,57.0,405.0,,,,
5467,48.0,315.0,,,,
5468,89.0,715.0,,,,
5469,42.0,325.0,,,,
5470,47.0,465.0,,,,
5471,50.0,180.0,,,,
5472,68.0,566.0,,,,
5473,64.0,612.0,,,,
5474,77.0,596.0,,,,
5475,34.0,90.0,,,,
5476,41.0,344.0,,,,
5477,35.0,323.0,,,,
5478,49.0,1788.0,,,,
5479,57.0,450.0,,,,
5480,35.0,289.0,,,,
5481,57.0,451.0,,,,
5482,26.0,142.0,,,,
5483,57.0,517.0,,,,
5484,42.0,441.0,,,,
5485,46.0,307.0,,,,
5486,47.0,361.0,,,,
5487,14.0,110.0,,,,
5488,81.0,647.0,,,,
5489,38.0,284.0,,,,
5490,64.0,477.0,,,,
5491,36.0,376.0,,,,
5492,20.0,171.0,,,,
5493,24.0,200.0,,,,
5494,1.0,5.0,,,,
5495,48.0,336.0,,,,
5496,15.0,168.0,,,,
5497,30.0,198.0,,,,
5498,58.0,504.0,,,,
5499,31.0,380.0,,,,
5500,8.0,125.0,,,,
5501,20.0,181.0,,,,
5502,45.0,374.0,,,,
5503,1.0,9.0,,,,
5504,1.0,8.0,,,,
5505,1.0,7.0,,,,
5506,20.0,142.0,,,,
5507,1.0,4.0,,,,
5508,40.0,363.0,,,,
5509,1.0,7.0,,,,
5510,56.0,626.0,,,,
5511,27.0,156.0,,,,
5512,70.0,585.0,,,,
5513,116.0,805.0,,,,
5514,64.0,377.0,,,,
5515,1.0,5.0,,,,
5516,430.0,3076.0,,,,
5517,46.0,377.0,,,,
5518,59.0,351.0,,,,
5519,51.0,400.0,,,,
5520,68.0,442.0,,,,
5521,54.0,342.0,,,,
5522,52.0,358.0,,,,
5523,44.0,359.0,,,,
5524,42.0,316.0,,,,
5525,31.0,216.0,,,,
5526,51.0,400.0,,,,
5527,64.0,552.0,,,,
5528,40.0,321.0,,,,
5529,52.0,416.0,,,,
5530,45.0,403.0,,,,
5531,63.0,423.0,,,,
5532,80.0,515.0,,,,
5533,72.0,603.0,,,,
5534,53.0,511.0,,,,
5535,64.0,544.0,,,,
5536,59.0,593.0,,,,
5537,57.0,581.0,,,,
5538,56.0,539.0,,,,
5539,50.0,509.0,,,,
5540,58.0,514.0,,,,
5541,64.0,642.0,,,,
5542,41.0,365.0,,,,
5543,49.0,413.0,,,,
5544,66.0,870.0,,,,
5545,52.0,550.0,,,,
5546,48.0,476.0,,,,
5547,49.0,466.0,,,,
5548,68.0,571.0,,,,
5549,44.0,440.0,,,,
5550,43.0,390.0,,,,
5551,62.0,450.0,,,,
5552,61.0,542.0,,,,
5553,58.0,511.0,,,,
5554,53.0,545.0,,,,
5555,56.0,517.0,,,,
5556,50.0,402.0,,,,
5557,74.0,587.0,,,,
5558,99.0,623.0,,,,
5559,53.0,521.0,,,,
5560,42.0,450.0,,,,
5561,97.0,834.0,,,,
5562,46.0,421.0,,,,
5563,41.0,411.0,,,,
5564,56.0,529.0,,,,
5565,50.0,503.0,,,,
5566,51.0,494.0,,,,
5567,30.0,313.0,,,,
5568,58.0,529.0,,,,
5569,60.0,558.0,,,,
5570,45.0,427.0,,,,
5571,57.0,565.0,,,,
5572,43.0,433.0,,,,
5573,44.0,408.0,,,,
5574,60.0,488.0,,,,
5575,57.0,458.0,,,,
5576,66.0,579.0,,,,
5577,99.0,825.0,,,,
5578,47.0,456.0,,,,
5579,65.0,679.0,,,,
5580,48.0,544.0,,,,
5581,57.0,499.0,,,,
5582,57.0,495.0,,,,
5583,50.0,467.0,,,,
5584,51.0,453.0,,,,
5585,52.0,533.0,,,,
5586,63.0,609.0,,,,
5587,52.0,523.0,,,,
5588,73.0,524.0,,,,
5589,43.0,450.0,,,,
5590,49.0,434.0,,,,
5591,45.0,501.0,,,,
5592,45.0,439.0,,,,
5593,44.0,379.0,,,,
5594,47.0,493.0,,,,
5595,33.0,474.0,,,,
5596,62.0,575.0,,,,
5597,66.0,535.0,,,,
5598,43.0,375.0,,,,
5599,61.0,633.0,,,,
5600,58.0,487.0,,,,
5601,86.0,922.0,,,,
5602,49.0,497.0,,,,
5603,52.0,411.0,,,,
5604,47.0,433.0,,,,
5605,51.0,518.0,,,,
5606,53.0,607.0,,,,
5607,70.0,560.0,,,,
5608,88.0,629.0,,,,
5609,40.0,343.0,,,,
5610,69.0,600.0,,,,
5611,56.0,540.0,,,,
5612,74.0,762.0,,,,
5613,63.0,580.0,,,,
5614,72.0,619.0,,,,
5615,55.0,575.0,,,,
5616,47.0,416.0,,,,
5617,87.0,632.0,,,,
5618,63.0,551.0,,,,
5619,47.0,426.0,,,,
5620,43.0,418.0,,,,
5621,110.0,1064.0,,,,
5622,42.0,380.0,,,,
5623,26.0,152.0,,,,
5624,30.0,608.0,,,,
5625,20.0,211.0,,,,
5626,46.0,299.0,,,,
5627,20.0,159.0,,,,
5628,55.0,454.0,,,,
5629,19.0,131.0,,,,
5630,73.0,782.0,,,,
5631,55.0,447.0,,,,
5632,13.0,74.0,,,,
5633,91.0,593.0,,,,
5634,42.0,310.0,,,,
5635,20.0,133.0,,,,
5636,28.0,247.0,,,,
5637,100.0,629.0,,,,
5638,28.0,236.0,,,,
5639,2.0,7.0,,,,
5640,62.0,479.0,,,,
5641,102.0,605.0,,,,
5642,58.0,433.0,,,,
5643,69.0,536.0,,,,
5644,58.0,491.0,,,,
5645,46.0,411.0,,,,
5646,36.0,270.0,,,,
5647,40.0,395.0,,,,
5648,71.0,577.0,,,,
5649,60.0,437.0,,,,
5650,71.0,572.0,,,,
5651,45.0,378.0,,,,
5652,58.0,437.0,,,,
5653,50.0,458.0,,,,
5654,89.0,799.0,,,,
5655,62.0,628.0,,,,
5656,55.0,461.0,,,,
5657,52.0,438.0,,,,
5658,109.0,921.0,,,,
5659,49.0,430.0,,,,
5660,64.0,556.0,,,,
5661,32.0,265.0,,,,
5662,58.0,494.0,,,,
5663,54.0,442.0,,,,
5664,61.0,393.0,,,,
5665,65.0,528.0,,,,
5666,44.0,401.0,,,,
5667,77.0,570.0,,,,
5668,37.0,305.0,,,,
5669,53.0,523.0,,,,
5670,73.0,576.0,,,,
5671,64.0,426.0,,,,
5672,46.0,351.0,,,,
5673,54.0,483.0,,,,
5674,71.0,500.0,,,,
5675,78.0,434.0,,,,
5676,65.0,621.0,,,,
5677,70.0,470.0,,,,
5678,78.0,635.0,,,,
5679,37.0,347.0,,,,
5680,45.0,351.0,,,,
5681,59.0,580.0,,,,
5682,72.0,476.0,,,,
5683,81.0,659.0,,,,
5684,79.0,634.0,,,,
5685,37.0,352.0,,,,
5686,44.0,306.0,,,,
5687,66.0,534.0,,,,
5688,61.0,554.0,,,,
5689,36.0,306.0,,,,
5690,52.0,348.0,,,,
5691,57.0,304.0,,,,
5692,45.0,441.0,,,,
5693,56.0,421.0,,,,
5694,61.0,486.0,,,,
5695,73.0,543.0,,,,
5696,70.0,541.0,,,,
5697,58.0,526.0,,,,
5698,47.0,420.0,,,,
5699,72.0,743.0,,,,
5700,68.0,573.0,,,,
5701,48.0,351.0,,,,
5702,52.0,404.0,,,,
5703,44.0,381.0,,,,
5704,67.0,504.0,,,,
5705,37.0,302.0,,,,
5706,38.0,292.0,,,,
5707,38.0,312.0,,,,
5708,89.0,568.0,,,,
5709,54.0,442.0,,,,
5710,64.0,697.0,,,,
5711,33.0,285.0,,,,
5712,33.0,341.0,,,,
5713,30.0,264.0,,,,
5714,44.0,325.0,,,,
5715,44.0,416.0,,,,
5716,28.0,240.0,,,,
5717,42.0,318.0,,,,
5718,37.0,309.0,,,,
5719,40.0,311.0,,,,
5720,34.0,253.0,,,,
5721,24.0,215.0,,,,
5722,29.0,257.0,,,,
5723,30.0,272.0,,,,
5724,1.0,11.0,,,,
5725,20.0,142.0,,,,
5726,13.0,206.0,,,,
5727,39.0,321.0,,,,
5728,21.0,208.0,,,,
5729,32.0,238.0,,,,
5730,37.0,278.0,,,,
5731,31.0,231.0,,,,
5732,32.0,359.0,,,,
5733,30.0,268.0,,,,
5734,25.0,221.0,,,,
5735,26.0,219.0,,,,
5736,26.0,188.0,,,,
5737,39.0,260.0,,,,
5738,1.0,3.0,,,,
5739,49.0,516.0,,,,
5740,40.0,505.0,,,,
5741,39.0,218.0,,,,
5742,22.0,200.0,,,,
5743,68.0,612.0,,,,
5744,51.0,471.0,,,,
5745,61.0,666.0,,,,
5746,77.0,719.0,,,,
5747,59.0,627.0,,,,
5748,41.0,476.0,,,,
5749,57.0,720.0,,,,
5750,96.0,819.0,,,,
5751,60.0,577.0,,,,
5752,121.0,930.0,,,,
5753,69.0,744.0,,,,
5754,59.0,598.0,,,,
5755,75.0,700.0,,,,
5756,57.0,570.0,,,,
5757,65.0,621.0,,,,
5758,69.0,606.0,,,,
5759,43.0,379.0,,,,
5760,74.0,598.0,,,,
5761,72.0,675.0,,,,
5762,61.0,637.0,,,,
5763,52.0,431.0,,,,
5764,65.0,580.0,,,,
5765,64.0,418.0,,,,
5766,78.0,829.0,,,,
5767,58.0,575.0,,,,
5768,72.0,620.0,,,,
5769,112.0,977.0,,,,
5770,68.0,655.0,,,,
5771,73.0,647.0,,,,
5772,65.0,673.0,,,,
5773,54.0,569.0,,,,
5774,59.0,543.0,,,,
5775,85.0,798.0,,,,
5776,42.0,553.0,,,,
5777,59.0,701.0,,,,
5778,90.0,669.0,,,,
5779,55.0,621.0,,,,
5780,70.0,717.0,,,,
5781,59.0,540.0,,,,
5782,62.0,749.0,,,,
5783,68.0,617.0,,,,
5784,64.0,660.0,,,,
5785,65.0,638.0,,,,
5786,73.0,615.0,,,,
5787,71.0,632.0,,,,
5788,45.0,451.0,,,,
5789,51.0,568.0,,,,
5790,61.0,495.0,,,,
5791,63.0,512.0,,,,
5792,69.0,739.0,,,,
5793,73.0,511.0,,,,
5794,60.0,525.0,,,,
5795,81.0,617.0,,,,
5796,93.0,630.0,,,,
5797,55.0,553.0,,,,
5798,48.0,458.0,,,,
5799,61.0,455.0,,,,
5800,61.0,573.0,,,,
5801,52.0,419.0,,,,
5802,47.0,525.0,,,,
5803,47.0,519.0,,,,
5804,63.0,557.0,,,,
5805,62.0,484.0,,,,
5806,46.0,432.0,,,,
5807,80.0,585.0,,,,
5808,58.0,530.0,,,,
5809,49.0,520.0,,,,
5810,85.0,820.0,,,,
5811,80.0,686.0,,,,
5812,70.0,600.0,,,,
5813,50.0,402.0,,,,
5814,60.0,619.0,,,,
5815,78.0,562.0,,,,
5816,54.0,479.0,,,,
5817,48.0,568.0,,,,
5818,78.0,640.0,,,,
5819,66.0,618.0,,,,
5820,80.0,473.0,,,,
5821,50.0,454.0,,,,
5822,77.0,719.0,,,,
5823,71.0,790.0,,,,
5824,102.0,830.0,,,,
5825,67.0,711.0,,,,
5826,37.0,433.0,,,,
5827,89.0,661.0,,,,
5828,30.0,346.0,,,,
5829,49.0,561.0,,,,
5830,74.0,731.0,,,,
5831,82.0,707.0,,,,
5832,57.0,532.0,,,,
5833,71.0,574.0,,,,
5834,46.0,533.0,,,,
5835,62.0,535.0,,,,
5836,29.0,294.0,,,,
5837,26.0,250.0,,,,
5838,63.0,679.0,,,,
5839,81.0,520.0,,,,
5840,68.0,518.0,,,,
5841,42.0,334.0,,,,
5842,48.0,456.0,,,,
5843,59.0,509.0,,,,
5844,51.0,431.0,,,,
5845,72.0,648.0,,,,
5846,118.0,664.0,,,,
5847,46.0,452.0,,,,
5848,54.0,601.0,,,,
5849,70.0,639.0,,,,
5850,65.0,757.0,,,,
5851,78.0,605.0,,,,
5852,61.0,692.0,,,,
5853,49.0,470.0,,,,
5854,80.0,686.0,,,,
5855,64.0,658.0,,,,
5856,82.0,701.0,,,,
5857,75.0,545.0,,,,
5858,50.0,508.0,,,,
5859,68.0,533.0,,,,
5860,74.0,770.0,,,,
5861,73.0,635.0,,,,
5862,61.0,555.0,,,,
5863,75.0,597.0,,,,
5864,58.0,521.0,,,,
5865,53.0,441.0,,,,
5866,87.0,657.0,,,,
5867,56.0,637.0,,,,
5868,30.0,266.0,,,,
5869,87.0,802.0,,,,
5870,55.0,566.0,,,,
5871,58.0,633.0,,,,
5872,67.0,660.0,,,,
5873,58.0,583.0,,,,
5874,49.0,543.0,,,,
5875,85.0,798.0,,,,
5876,30.0,356.0,,,,
5877,61.0,669.0,,,,
5878,48.0,534.0,,,,
5879,62.0,583.0,,,,
5880,73.0,734.0,,,,
5881,65.0,677.0,,,,
5882,81.0,707.0,,,,
5883,61.0,556.0,,,,
5884,67.0,521.0,,,,
5885,74.0,603.0,,,,
5886,82.0,849.0,,,,
5887,85.0,719.0,,,,
5888,68.0,701.0,,,,
5889,83.0,776.0,,,,
5890,73.0,532.0,,,,
5891,87.0,762.0,,,,
5892,74.0,662.0,,,,
5893,63.0,600.0,,,,
5894,71.0,746.0,,,,
5895,56.0,529.0,,,,
5896,79.0,601.0,,,,
5897,53.0,499.0,,,,
5898,80.0,511.0,,,,
5899,79.0,601.0,,,,
5900,53.0,534.0,,,,
5901,40.0,296.0,,,,
5902,57.0,458.0,,,,
5903,56.0,567.0,,,,
5904,77.0,682.0,,,,
5905,69.0,501.0,,,,
5906,24.0,266.0,,,,
5907,58.0,626.0,,,,
5908,40.0,465.0,,,,
5909,50.0,525.0,,,,
5910,75.0,620.0,,,,
5911,49.0,519.0,,,,
5912,56.0,545.0,,,,
5913,86.0,589.0,,,,
5914,61.0,424.0,,,,
5915,96.0,916.0,,,,
5916,78.0,801.0,,,,
5917,53.0,476.0,,,,
5918,51.0,518.0,,,,
5919,55.0,480.0,,,,
5920,72.0,667.0,,,,
5921,59.0,350.0,,,,
5922,65.0,631.0,,,,
5923,71.0,471.0,,,,
5924,53.0,471.0,,,,
5925,81.0,598.0,,,,
5926,37.0,561.0,,,,
5927,75.0,664.0,,,,
5928,54.0,484.0,,,,
5929,60.0,495.0,,,,
5930,65.0,476.0,,,,
5931,68.0,462.0,,,,
5932,59.0,580.0,,,,
5933,48.0,432.0,,,,
5934,53.0,493.0,,,,
5935,41.0,396.0,,,,
5936,83.0,780.0,,,,
5937,67.0,617.0,,,,
5938,68.0,625.0,,,,
5939,57.0,544.0,,,,
5940,39.0,380.0,,,,
5941,54.0,516.0,,,,
5942,55.0,506.0,,,,
5943,57.0,474.0,,,,
5944,65.0,577.0,,,,
5945,54.0,455.0,,,,
5946,43.0,318.0,,,,
5947,78.0,608.0,,,,
5948,58.0,569.0,,,,
5949,56.0,565.0,,,,
5950,51.0,505.0,,,,
5951,47.0,481.0,,,,
5952,70.0,665.0,,,,
5953,29.0,260.0,,,,
5954,43.0,405.0,,,,
5955,20.0,210.0,,,,
5956,22.0,210.0,,,,
5957,17.0,172.0,,,,
5958,62.0,574.0,,,,
5959,24.0,207.0,,,,
5960,60.0,628.0,,,,
5961,32.0,316.0,,,,
5962,69.0,492.0,,,,
5963,68.0,639.0,,,,
5964,43.0,413.0,,,,
5965,51.0,471.0,,,,
5966,27.0,221.0,,,,
5967,42.0,411.0,,,,
5968,37.0,235.0,,,,
5969,48.0,391.0,,,,
5970,31.0,307.0,,,,
5971,65.0,411.0,,,,
5972,43.0,322.0,,,,
5973,60.0,535.0,,,,
5974,76.0,544.0,,,,
5975,31.0,316.0,,,,
5976,36.0,233.0,,,,
5977,19.0,202.0,,,,
5978,53.0,488.0,,,,
5979,83.0,509.0,,,,
5980,57.0,400.0,,,,
5981,51.0,435.0,,,,
5982,59.0,384.0,,,,
5983,53.0,373.0,,,,
5984,88.0,469.0,,,,
5985,59.0,397.0,,,,
5986,56.0,407.0,,,,
5987,59.0,396.0,,,,
5988,39.0,219.0,,,,
5989,69.0,394.0,,,,
5990,50.0,304.0,,,,
5991,68.0,503.0,,,,
5992,68.0,456.0,,,,
5993,62.0,580.0,,,,
5994,52.0,452.0,,,,
5995,39.0,288.0,,,,
5996,59.0,413.0,,,,
5997,64.0,579.0,,,,
5998,86.0,590.0,,,,
5999,51.0,409.0,,,,
6000,92.0,761.0,,,,
6001,52.0,356.0,,,,
6002,63.0,469.0,,,,
6003,65.0,434.0,,,,
6004,69.0,530.0,,,,
6005,65.0,426.0,,,,
6006,57.0,514.0,,,,
6007,50.0,456.0,,,,
6008,80.0,802.0,,,,
6009,54.0,494.0,,,,
6010,70.0,531.0,,,,
6011,62.0,513.0,,,,
6012,67.0,576.0,,,,
6013,86.0,600.0,,,,
6014,58.0,494.0,,,,
6015,90.0,541.0,,,,
6016,58.0,396.0,,,,
6017,67.0,551.0,,,,
6018,60.0,584.0,,,,
6019,85.0,829.0,,,,
6020,61.0,418.0,,,,
6021,69.0,493.0,,,,
6022,74.0,613.0,,,,
6023,83.0,642.0,,,,
6024,60.0,440.0,,,,
6025,54.0,588.0,,,,
6026,53.0,302.0,,,,
6027,85.0,754.0,,,,
6028,114.0,1060.0,,,,
6029,65.0,423.0,,,,
6030,96.0,695.0,,,,
6031,64.0,506.0,,,,
6032,61.0,558.0,,,,
6033,70.0,534.0,,,,
6034,72.0,696.0,,,,
6035,90.0,629.0,,,,
6036,54.0,421.0,,,,
6037,91.0,708.0,,,,
6038,100.0,566.0,,,,
6039,75.0,695.0,,,,
6040,63.0,498.0,,,,
6041,93.0,802.0,,,,
6042,68.0,528.0,,,,
6043,76.0,627.0,,,,
6044,69.0,587.0,,,,
6045,80.0,669.0,,,,
6046,51.0,363.0,,,,
6047,67.0,452.0,,,,
6048,72.0,444.0,,,,
6049,72.0,563.0,,,,
6050,63.0,437.0,,,,
6051,47.0,412.0,,,,
6052,83.0,742.0,,,,
6053,62.0,574.0,,,,
6054,65.0,516.0,,,,
6055,64.0,429.0,,,,
6056,30.0,272.0,,,,
6057,45.0,467.0,,,,
6058,63.0,445.0,,,,
6059,72.0,481.0,,,,
6060,81.0,612.0,,,,
6061,58.0,449.0,,,,
6062,84.0,590.0,,,,
6063,63.0,489.0,,,,
6064,64.0,691.0,,,,
6065,77.0,626.0,,,,
6066,82.0,724.0,,,,
6067,53.0,403.0,,,,
6068,61.0,509.0,,,,
6069,58.0,570.0,,,,
6070,74.0,607.0,,,,
6071,68.0,358.0,,,,
6072,82.0,622.0,,,,
6073,71.0,625.0,,,,
6074,67.0,413.0,,,,
6075,88.0,576.0,,,,
6076,90.0,651.0,,,,
6077,60.0,543.0,,,,
6078,88.0,672.0,,,,
6079,75.0,498.0,,,,
6080,79.0,744.0,,,,
6081,59.0,314.0,,,,
6082,76.0,547.0,,,,
6083,70.0,573.0,,,,
6084,66.0,541.0,,,,
6085,49.0,447.0,,,,
6086,51.0,451.0,,,,
6087,83.0,710.0,,,,
6088,55.0,467.0,,,,
6089,28.0,189.0,,,,
6090,69.0,636.0,,,,
6091,52.0,475.0,,,,
6092,47.0,384.0,,,,
6093,60.0,594.0,,,,
6094,66.0,537.0,,,,
6095,65.0,460.0,,,,
6096,76.0,423.0,,,,
6097,75.0,550.0,,,,
6098,84.0,573.0,,,,
6099,43.0,256.0,,,,
6100,62.0,471.0,,,,
6101,93.0,678.0,,,,
6102,75.0,505.0,,,,
6103,64.0,545.0,,,,
6104,81.0,396.0,,,,
6105,74.0,516.0,,,,
6106,48.0,389.0,,,,
6107,75.0,576.0,,,,
6108,82.0,653.0,,,,
6109,76.0,661.0,,,,
6110,56.0,492.0,,,,
6111,62.0,462.0,,,,
6112,68.0,519.0,,,,
6113,94.0,450.0,,,,
6114,64.0,543.0,,,,
6115,70.0,637.0,,,,
6116,81.0,582.0,,,,
6117,83.0,591.0,,,,
6118,92.0,517.0,,,,
6119,76.0,350.0,,,,
6120,47.0,394.0,,,,
6121,55.0,348.0,,,,
6122,50.0,455.0,,,,
6123,36.0,241.0,,,,
6124,58.0,396.0,,,,
6125,68.0,337.0,,,,
6126,50.0,320.0,,,,
6127,86.0,608.0,,,,
6128,48.0,256.0,,,,
6129,56.0,397.0,,,,
6130,71.0,644.0,,,,
6131,59.0,435.0,,,,
6132,47.0,214.0,,,,
6133,16.0,183.0,,,,
6134,53.0,356.0,,,,
6135,49.0,414.0,,,,
6136,73.0,723.0,,,,
6137,39.0,340.0,,,,
6138,49.0,402.0,,,,
6139,57.0,537.0,,,,
6140,76.0,644.0,,,,
6141,72.0,519.0,,,,
6142,45.0,447.0,,,,
6143,68.0,553.0,,,,
6144,70.0,602.0,,,,
6145,71.0,644.0,,,,
6146,54.0,504.0,,,,
6147,71.0,654.0,,,,
6148,63.0,581.0,,,,
6149,91.0,656.0,,,,
6150,64.0,573.0,,,,
6151,61.0,550.0,,,,
6152,93.0,660.0,,,,
6153,69.0,548.0,,,,
6154,62.0,529.0,,,,
6155,61.0,430.0,,,,
6156,47.0,397.0,,,,
6157,41.0,417.0,,,,
6158,48.0,415.0,,,,
6159,63.0,632.0,,,,
6160,76.0,642.0,,,,
6161,95.0,734.0,,,,
6162,105.0,1024.0,,,,
6163,54.0,434.0,,,,
6164,86.0,587.0,,,,
6165,61.0,418.0,,,,
6166,57.0,393.0,,,,
6167,65.0,505.0,,,,
6168,66.0,569.0,,,,
6169,52.0,501.0,,,,
6170,37.0,329.0,,,,
6171,54.0,434.0,,,,
6172,50.0,450.0,,,,
6173,88.0,816.0,,,,
6174,38.0,400.0,,,,
6175,102.0,740.0,,,,
6176,53.0,430.0,,,,
6177,42.0,406.0,,,,
6178,87.0,588.0,,,,
6179,64.0,488.0,,,,
6180,83.0,591.0,,,,
6181,85.0,589.0,,,,
6182,17.0,153.0,,,,
6183,67.0,561.0,,,,
6184,35.0,335.0,,,,
6185,57.0,509.0,,,,
6186,74.0,569.0,,,,
6187,72.0,589.0,,,,
6188,54.0,514.0,,,,
6189,58.0,444.0,,,,
6190,68.0,455.0,,,,
6191,75.0,499.0,,,,
6192,57.0,366.0,,,,
6193,57.0,500.0,,,,
6194,105.0,805.0,,,,
6195,78.0,664.0,,,,
6196,54.0,429.0,,,,
6197,76.0,617.0,,,,
6198,70.0,500.0,,,,
6199,43.0,393.0,,,,
6200,34.0,273.0,,,,
6201,60.0,371.0,,,,
6202,72.0,636.0,,,,
6203,89.0,561.0,,,,
6204,62.0,617.0,,,,
6205,37.0,325.0,,,,
6206,63.0,627.0,,,,
6207,66.0,586.0,,,,
6208,60.0,436.0,,,,
6209,76.0,635.0,,,,
6210,34.0,309.0,,,,
6211,70.0,453.0,,,,
6212,62.0,374.0,,,,
6213,67.0,579.0,,,,
6214,38.0,309.0,,,,
6215,50.0,360.0,,,,
6216,57.0,565.0,,,,
6217,74.0,625.0,,,,
6218,80.0,540.0,,,,
6219,63.0,672.0,,,,
6220,5.0,95.0,,,,
6221,46.0,393.0,,,,
6222,86.0,790.0,,,,
6223,64.0,532.0,,,,
6224,99.0,699.0,,,,
6225,66.0,580.0,,,,
6226,56.0,249.0,,,,
6227,72.0,445.0,,,,
6228,40.0,300.0,,,,
6229,54.0,468.0,,,,
6230,44.0,364.0,,,,
6231,54.0,457.0,,,,
6232,67.0,578.0,,,,
6233,55.0,375.0,,,,
6234,27.0,213.0,,,,
6235,76.0,458.0,,,,
6236,35.0,244.0,,,,
6237,77.0,599.0,,,,
6238,57.0,503.0,,,,
6239,69.0,374.0,,,,
6240,49.0,442.0,,,,
6241,89.0,720.0,,,,
6242,61.0,714.0,,,,
6243,56.0,528.0,,,,
6244,46.0,378.0,,,,
6245,38.0,328.0,,,,
6246,37.0,255.0,,,,
6247,84.0,767.0,,,,
6248,80.0,754.0,,,,
6249,45.0,334.0,,,,
6250,48.0,412.0,,,,
6251,107.0,842.0,,,,
6252,107.0,816.0,,,,
6253,105.0,851.0,,,,
6254,76.0,506.0,,,,
6255,80.0,733.0,,,,
6256,99.0,745.0,,,,
6257,128.0,941.0,,,,
6258,136.0,1021.0,,,,
6259,137.0,881.0,,,,
6260,59.0,339.0,,,,
6261,60.0,498.0,,,,
6262,61.0,529.0,,,,
6263,79.0,533.0,,,,
6264,88.0,599.0,,,,
6265,116.0,730.0,,,,
6266,80.0,495.0,,,,
6267,108.0,802.0,,,,
6268,115.0,1031.0,,,,
6269,109.0,860.0,,,,
6270,69.0,438.0,,,,
6271,74.0,610.0,,,,
6272,70.0,490.0,,,,
6273,66.0,585.0,,,,
6274,101.0,645.0,,,,
6275,89.0,745.0,,,,
6276,18.0,313.0,,,,
6277,105.0,737.0,,,,
6278,20.0,271.0,,,,
6279,69.0,400.0,,,,
6280,90.0,693.0,,,,
6281,73.0,508.0,,,,
6282,242.0,1668.0,,,,
6283,19.0,193.0,,,,
6284,99.0,685.0,,,,
6285,82.0,646.0,,,,
6286,139.0,775.0,,,,
6287,57.0,450.0,,,,
6288,90.0,641.0,,,,
6289,57.0,476.0,,,,
6290,51.0,491.0,,,,
6291,64.0,432.0,,,,
6292,71.0,381.0,,,,
6293,6.0,32.0,,,,
6294,118.0,770.0,,,,
6295,89.0,710.0,,,,
6296,38.0,308.0,,,,
6297,9.0,62.0,,,,
6298,75.0,436.0,,,,
6299,79.0,688.0,,,,
6300,97.0,882.0,,,,
6301,45.0,274.0,,,,
6302,135.0,1036.0,,,,
6303,103.0,618.0,,,,
6304,56.0,401.0,,,,
6305,90.0,557.0,,,,
6306,74.0,561.0,,,,
6307,88.0,888.0,,,,
6308,98.0,528.0,,,,
6309,58.0,501.0,,,,
6310,120.0,971.0,,,,
6311,69.0,485.0,,,,
6312,76.0,719.0,,,,
6313,83.0,642.0,,,,
6314,75.0,507.0,,,,
6315,4.0,39.0,,,,
6316,57.0,358.0,,,,
6317,67.0,383.0,,,,
6318,98.0,568.0,,,,
6319,42.0,441.0,,,,
6320,17.0,140.0,,,,
6321,79.0,577.0,,,,
6322,60.0,403.0,,,,
6323,67.0,363.0,,,,
6324,34.0,433.0,,,,
6325,41.0,316.0,,,,
6326,58.0,517.0,,,,
6327,98.0,652.0,,,,
6328,37.0,330.0,,,,
6329,13.0,256.0,,,,
6330,83.0,677.0,,,,
6331,47.0,379.0,,,,
6332,64.0,391.0,,,,
6333,47.0,369.0,,,,
6334,68.0,546.0,,,,
6335,57.0,527.0,,,,
6336,29.0,404.0,,,,
6337,56.0,368.0,,,,
6338,40.0,373.0,,,,
6339,64.0,524.0,,,,
6340,58.0,446.0,,,,
6341,78.0,604.0,,,,
6342,44.0,326.0,,,,
6343,55.0,480.0,,,,
6344,61.0,526.0,,,,
6345,33.0,247.0,,,,
6346,53.0,387.0,,,,
6347,49.0,292.0,,,,
6348,54.0,345.0,,,,
6349,26.0,152.0,,,,
6350,85.0,766.0,,,,
6351,63.0,478.0,,,,
6352,57.0,455.0,,,,
6353,51.0,436.0,,,,
6354,62.0,546.0,,,,
6355,108.0,568.0,,,,
6356,41.0,256.0,,,,
6357,38.0,245.0,,,,
6358,39.0,268.0,,,,
6359,66.0,793.0,,,,
6360,25.0,417.0,,,,
6361,55.0,291.0,,,,
6362,74.0,381.0,,,,
6363,58.0,550.0,,,,
6364,55.0,431.0,,,,
6365,60.0,483.0,,,,
6366,67.0,454.0,,,,
6367,85.0,634.0,,,,
6368,49.0,297.0,,,,
6369,74.0,622.0,,,,
6370,51.0,400.0,,,,
6371,84.0,615.0,,,,
6372,58.0,395.0,,,,
6373,50.0,273.0,,,,
6374,50.0,463.0,,,,
6375,52.0,366.0,,,,
6376,75.0,572.0,,,,
6377,56.0,418.0,,,,
6378,8.0,251.0,,,,
6379,56.0,454.0,,,,
6380,102.0,567.0,,,,
6381,46.0,344.0,,,,
6382,47.0,423.0,,,,
6383,28.0,214.0,,,,
6384,78.0,717.0,,,,
6385,79.0,398.0,,,,
6386,37.0,273.0,,,,
6387,71.0,673.0,,,,
6388,49.0,384.0,,,,
6389,101.0,564.0,,,,
6390,53.0,470.0,,,,
6391,66.0,500.0,,,,
6392,61.0,578.0,,,,
6393,67.0,615.0,,,,
6394,57.0,611.0,,,,
6395,50.0,397.0,,,,
6396,64.0,350.0,,,,
6397,63.0,458.0,,,,
6398,44.0,451.0,,,,
6399,49.0,453.0,,,,
6400,89.0,466.0,,,,
6401,80.0,442.0,,,,
6402,39.0,338.0,,,,
6403,68.0,446.0,,,,
6404,69.0,538.0,,,,
6405,56.0,402.0,,,,
6406,79.0,494.0,,,,
6407,74.0,447.0,,,,
6408,34.0,278.0,,,,
6409,59.0,392.0,,,,
6410,59.0,421.0,,,,
6411,55.0,239.0,,,,
6412,49.0,477.0,,,,
6413,66.0,419.0,,,,
6414,55.0,401.0,,,,
6415,47.0,305.0,,,,
6416,52.0,473.0,,,,
6417,37.0,217.0,,,,
6418,34.0,217.0,,,,
6419,50.0,310.0,,,,
6420,35.0,193.0,,,,
6421,41.0,379.0,,,,
6422,25.0,189.0,,,,
6423,58.0,505.0,,,,
6424,54.0,352.0,,,,
6425,48.0,411.0,,,,
6426,39.0,312.0,,,,
6427,30.0,217.0,,,,
6428,68.0,360.0,,,,
6429,91.0,381.0,,,,
6430,74.0,443.0,,,,
6431,96.0,310.0,,,,
6432,65.0,434.0,,,,
6433,25.0,383.0,,,,
6434,71.0,289.0,,,,
6435,55.0,393.0,,,,
6436,72.0,604.0,,,,
6437,64.0,664.0,,,,
6438,68.0,581.0,,,,
6439,50.0,446.0,,,,
6440,55.0,353.0,,,,
6441,66.0,453.0,,,,
6442,49.0,387.0,,,,
6443,99.0,744.0,,,,
6444,52.0,517.0,,,,
6445,59.0,452.0,,,,
6446,60.0,457.0,,,,
6447,56.0,423.0,,,,
6448,61.0,662.0,,,,
6449,63.0,536.0,,,,
6450,39.0,488.0,,,,
6451,63.0,445.0,,,,
6452,54.0,431.0,,,,
6453,65.0,397.0,,,,
6454,55.0,466.0,,,,
6455,51.0,324.0,,,,
6456,52.0,398.0,,,,
6457,53.0,522.0,,,,
6458,52.0,319.0,,,,
6459,70.0,479.0,,,,
6460,57.0,489.0,,,,
6461,51.0,385.0,,,,
6462,13.0,148.0,,,,
6463,47.0,381.0,,,,
6464,58.0,422.0,,,,
6465,78.0,815.0,,,,
6466,55.0,501.0,,,,
6467,58.0,587.0,,,,
6468,51.0,416.0,,,,
6469,72.0,746.0,,,,
6470,60.0,600.0,,,,
6471,62.0,574.0,,,,
6472,77.0,767.0,,,,
6473,75.0,475.0,,,,
6474,81.0,878.0,,,,
6475,86.0,683.0,,,,
6476,63.0,559.0,,,,
6477,84.0,700.0,,,,
6478,46.0,386.0,,,,
6479,78.0,791.0,,,,
6480,86.0,667.0,,,,
6481,58.0,476.0,,,,
6482,94.0,772.0,,,,
6483,72.0,616.0,,,,
6484,100.0,736.0,,,,
6485,75.0,561.0,,,,
6486,47.0,410.0,,,,
6487,50.0,452.0,,,,
6488,68.0,568.0,,,,
6489,95.0,654.0,,,,
6490,53.0,421.0,,,,
6491,68.0,470.0,,,,
6492,69.0,634.0,,,,
6493,62.0,592.0,,,,
6494,49.0,516.0,,,,
6495,84.0,556.0,,,,
6496,94.0,862.0,,,,
6497,58.0,406.0,,,,
6498,63.0,629.0,,,,
6499,58.0,360.0,,,,
6500,74.0,673.0,,,,
6501,52.0,458.0,,,,
6502,84.0,749.0,,,,
6503,63.0,481.0,,,,
6504,71.0,592.0,,,,
6505,77.0,639.0,,,,
6506,67.0,500.0,,,,
6507,74.0,522.0,,,,
6508,77.0,568.0,,,,
6509,59.0,501.0,,,,
6510,93.0,748.0,,,,
6511,60.0,524.0,,,,
6512,77.0,521.0,,,,
6513,64.0,589.0,,,,
6514,69.0,556.0,,,,
6515,61.0,507.0,,,,
6516,66.0,559.0,,,,
6517,62.0,652.0,,,,
6518,82.0,541.0,,,,
6519,59.0,302.0,,,,
6520,65.0,560.0,,,,
6521,51.0,513.0,,,,
6522,62.0,490.0,,,,
6523,60.0,419.0,,,,
6524,88.0,745.0,,,,
6525,65.0,633.0,,,,
6526,64.0,574.0,,,,
6527,62.0,575.0,,,,
6528,78.0,734.0,,,,
6529,57.0,558.0,,,,
6530,61.0,518.0,,,,
6531,48.0,411.0,,,,
6532,9.0,105.0,,,,
6533,48.0,495.0,,,,
6534,59.0,488.0,,,,
6535,55.0,491.0,,,,
6536,57.0,635.0,,,,
6537,48.0,442.0,,,,
6538,47.0,311.0,,,,
6539,58.0,564.0,,,,
6540,63.0,676.0,,,,
6541,19.0,200.0,,,,
6542,39.0,302.0,,,,
6543,67.0,502.0,,,,
6544,57.0,726.0,,,,
6545,38.0,247.0,,,,
6546,45.0,428.0,,,,
6547,30.0,312.0,,,,
6548,47.0,376.0,,,,
6549,20.0,169.0,,,,
6550,59.0,535.0,,,,
6551,39.0,436.0,,,,
6552,54.0,412.0,,,,
6553,80.0,508.0,,,,
6554,21.0,167.0,,,,
6555,50.0,408.0,,,,
6556,34.0,309.0,,,,
6557,74.0,329.0,,,,
6558,55.0,477.0,,,,
6559,14.0,96.0,,,,
6560,59.0,514.0,,,,
6561,92.0,888.0,,,,
6562,63.0,580.0,,,,
6563,43.0,381.0,,,,
6564,53.0,454.0,,,,
6565,79.0,608.0,,,,
6566,77.0,635.0,,,,
6567,53.0,505.0,,,,
6568,77.0,814.0,,,,
6569,64.0,454.0,,,,
6570,83.0,751.0,,,,
6571,58.0,514.0,,,,
6572,64.0,604.0,,,,
6573,51.0,518.0,,,,
6574,57.0,497.0,,,,
6575,52.0,466.0,,,,
6576,51.0,524.0,,,,
6577,56.0,592.0,,,,
6578,72.0,576.0,,,,
6579,60.0,512.0,,,,
6580,44.0,448.0,,,,
6581,51.0,454.0,,,,
6582,74.0,679.0,,,,
6583,62.0,539.0,,,,
6584,70.0,630.0,,,,
6585,76.0,797.0,,,,
6586,60.0,551.0,,,,
6587,65.0,633.0,,,,
6588,53.0,447.0,,,,
6589,45.0,348.0,,,,
6590,89.0,680.0,,,,
6591,55.0,654.0,,,,
6592,69.0,716.0,,,,
6593,72.0,694.0,,,,
6594,43.0,557.0,,,,
6595,54.0,573.0,,,,
6596,63.0,645.0,,,,
6597,36.0,385.0,,,,
6598,43.0,346.0,,,,
6599,76.0,719.0,,,,
6600,46.0,488.0,,,,
6601,90.0,784.0,,,,
6602,82.0,586.0,,,,
6603,12.0,60.0,,,,
6604,39.0,433.0,,,,
6605,97.0,892.0,,,,
6606,61.0,251.0,,,,
6607,53.0,608.0,,,,
6608,74.0,445.0,,,,
6609,88.0,590.0,,,,
6610,55.0,453.0,,,,
6611,48.0,347.0,,,,
6612,46.0,213.0,,,,
6613,30.0,196.0,,,,
6614,28.0,194.0,,,,
6615,36.0,171.0,,,,
6616,37.0,353.0,,,,
6617,39.0,299.0,,,,
6618,99.0,968.0,,,,
6619,1.0,11.0,,,,
6620,58.0,449.0,,,,
6621,49.0,459.0,,,,
6622,70.0,455.0,,,,
6623,96.0,830.0,,,,
6624,54.0,494.0,,,,
6625,52.0,506.0,,,,
6626,65.0,444.0,,,,
6627,43.0,299.0,,,,
6628,85.0,410.0,,,,
6629,150.0,907.0,,,,
6630,72.0,621.0,,,,
6631,104.0,842.0,,,,
6632,50.0,427.0,,,,
6633,58.0,492.0,,,,
6634,58.0,409.0,,,,
6635,59.0,256.0,,,,
6636,37.0,546.0,,,,
6637,48.0,343.0,,,,
6638,51.0,474.0,,,,
6639,48.0,390.0,,,,
6640,57.0,453.0,,,,
6641,41.0,268.0,,,,
6642,38.0,352.0,,,,
6643,60.0,482.0,,,,
6644,75.0,731.0,,,,
6645,54.0,447.0,,,,
6646,42.0,354.0,,,,
6647,45.0,398.0,,,,
6648,65.0,416.0,,,,
6649,36.0,287.0,,,,
6650,63.0,438.0,,,,
6651,52.0,414.0,,,,
6652,47.0,411.0,,,,
6653,62.0,557.0,,,,
6654,58.0,563.0,,,,
6655,53.0,422.0,,,,
6656,18.0,70.0,,,,
6657,44.0,342.0,,,,
6658,54.0,505.0,,,,
6659,84.0,642.0,,,,
6660,63.0,538.0,,,,
6661,60.0,477.0,,,,
6662,97.0,506.0,,,,
6663,52.0,505.0,,,,
6664,63.0,431.0,,,,
6665,68.0,466.0,,,,
6666,67.0,519.0,,,,
6667,26.0,270.0,,,,
6668,32.0,253.0,,,,
6669,47.0,268.0,,,,
6670,42.0,387.0,,,,
6671,34.0,271.0,,,,
6672,46.0,466.0,,,,
6673,79.0,666.0,,,,
6674,56.0,468.0,,,,
6675,52.0,500.0,,,,
6676,64.0,587.0,,,,
6677,47.0,374.0,,,,
6678,59.0,451.0,,,,
6679,25.0,299.0,,,,
6680,97.0,795.0,,,,
6681,66.0,564.0,,,,
6682,76.0,409.0,,,,
6683,54.0,425.0,,,,
6684,48.0,388.0,,,,
6685,20.0,393.0,,,,
6686,47.0,394.0,,,,
6687,48.0,275.0,,,,
6688,88.0,559.0,,,,
6689,46.0,289.0,,,,
6690,50.0,393.0,,,,
6691,59.0,516.0,,,,
6692,57.0,324.0,,,,
6693,80.0,672.0,,,,
6694,32.0,352.0,,,,
6695,57.0,507.0,,,,
6696,45.0,507.0,,,,
6697,65.0,281.0,,,,
6698,51.0,514.0,,,,
6699,54.0,422.0,,,,
6700,52.0,244.0,,,,
6701,114.0,568.0,,,,
6702,57.0,527.0,,,,
6703,68.0,318.0,,,,
6704,44.0,382.0,,,,
6705,56.0,529.0,,,,
6706,70.0,588.0,,,,
6707,82.0,346.0,,,,
6708,46.0,271.0,,,,
6709,58.0,310.0,,,,
6710,54.0,359.0,,,,
6711,83.0,407.0,,,,
6712,32.0,227.0,,,,
6713,87.0,422.0,,,,
6714,81.0,536.0,,,,
6715,45.0,324.0,,,,
6716,48.0,384.0,,,,
6717,46.0,497.0,,,,
6718,71.0,633.0,,,,
6719,71.0,539.0,,,,
6720,55.0,470.0,,,,
6721,50.0,408.0,,,,
6722,50.0,426.0,,,,
6723,9.0,464.0,,,,
6724,27.0,287.0,,,,
6725,16.0,126.0,,,,
6726,40.0,218.0,,,,
6727,48.0,306.0,,,,
6728,65.0,364.0,,,,
6729,30.0,315.0,,,,
6730,83.0,470.0,,,,
6731,54.0,310.0,,,,
6732,41.0,376.0,,,,
6733,59.0,238.0,,,,
6734,57.0,439.0,,,,
6735,56.0,416.0,,,,
6736,21.0,90.0,,,,
6737,45.0,255.0,,,,
6738,30.0,573.0,,,,
6739,44.0,380.0,,,,
6740,89.0,425.0,,,,
6741,52.0,214.0,,,,
6742,73.0,570.0,,,,
6743,111.0,665.0,,,,
6744,34.0,329.0,,,,
6745,74.0,430.0,,,,
6746,47.0,442.0,,,,
6747,64.0,303.0,,,,
6748,25.0,197.0,,,,
6749,49.0,383.0,,,,
6750,53.0,321.0,,,,
6751,55.0,440.0,,,,
6752,63.0,319.0,,,,
6753,70.0,568.0,,,,
6754,34.0,437.0,,,,
6755,63.0,246.0,,,,
6756,21.0,182.0,,,,
6757,35.0,229.0,,,,
6758,32.0,301.0,,,,
6759,103.0,615.0,,,,
6760,11.0,47.0,,,,
6761,65.0,422.0,,,,
6762,27.0,373.0,,,,
6763,36.0,310.0,,,,
6764,37.0,235.0,,,,
6765,39.0,333.0,,,,
6766,102.0,279.0,,,,
6767,57.0,383.0,,,,
6768,28.0,333.0,,,,
6769,80.0,474.0,,,,
6770,63.0,397.0,,,,
6771,48.0,460.0,,,,
6772,54.0,308.0,,,,
6773,105.0,591.0,,,,
6774,39.0,379.0,,,,
6775,50.0,250.0,,,,
6776,80.0,367.0,,,,
6777,76.0,337.0,,,,
6778,59.0,366.0,,,,
6779,60.0,376.0,,,,
6780,81.0,558.0,,,,
6781,49.0,332.0,,,,
6782,44.0,362.0,,,,
6783,58.0,419.0,,,,
6784,63.0,318.0,,,,
6785,44.0,292.0,,,,
6786,31.0,279.0,,,,
6787,48.0,390.0,,,,
6788,63.0,508.0,,,,
6789,85.0,665.0,,,,
6790,109.0,738.0,,,,
6791,47.0,614.0,,,,
6792,99.0,919.0,,,,
6793,108.0,798.0,,,,
6794,80.0,747.0,,,,
6795,96.0,839.0,,,,
6796,59.0,730.0,,,,
6797,58.0,460.0,,,,
6798,85.0,1029.0,,,,
6799,95.0,837.0,,,,
6800,64.0,506.0,,,,
6801,71.0,536.0,,,,
6802,57.0,492.0,,,,
6803,76.0,721.0,,,,
6804,53.0,435.0,,,,
6805,60.0,531.0,,,,
6806,67.0,548.0,,,,
6807,62.0,407.0,,,,
6808,91.0,802.0,,,,
6809,60.0,736.0,,,,
6810,54.0,464.0,,,,
6811,83.0,780.0,,,,
6812,56.0,608.0,,,,
6813,92.0,762.0,,,,
6814,55.0,425.0,,,,
6815,107.0,666.0,,,,
6816,89.0,880.0,,,,
6817,59.0,581.0,,,,
6818,92.0,908.0,,,,
6819,65.0,456.0,,,,
6820,52.0,456.0,,,,
6821,95.0,985.0,,,,
6822,58.0,547.0,,,,
6823,113.0,799.0,,,,
6824,49.0,581.0,,,,
6825,40.0,363.0,,,,
6826,43.0,442.0,,,,
6827,60.0,597.0,,,,
6828,68.0,636.0,,,,
6829,68.0,710.0,,,,
6830,67.0,569.0,,,,
6831,53.0,405.0,,,,
6832,45.0,381.0,,,,
6833,63.0,555.0,,,,
6834,53.0,540.0,,,,
6835,91.0,724.0,,,,
6836,102.0,683.0,,,,
6837,64.0,541.0,,,,
6838,53.0,506.0,,,,
6839,65.0,533.0,,,,
6840,51.0,562.0,,,,
6841,35.0,308.0,,,,
6842,80.0,581.0,,,,
6843,50.0,364.0,,,,
6844,91.0,745.0,,,,
6845,89.0,790.0,,,,
6846,45.0,395.0,,,,
6847,25.0,212.0,,,,
6848,73.0,647.0,,,,
6849,42.0,387.0,,,,
6850,31.0,233.0,,,,
6851,55.0,682.0,,,,
6852,60.0,477.0,,,,
6853,52.0,553.0,,,,
6854,26.0,178.0,,,,
6855,36.0,419.0,,,,
6856,47.0,558.0,,,,
6857,16.0,109.0,,,,
6858,61.0,526.0,,,,
6859,68.0,601.0,,,,
6860,11.0,180.0,,,,
6861,56.0,616.0,,,,
6862,51.0,408.0,,,,
6863,51.0,477.0,,,,
6864,49.0,332.0,,,,
6865,50.0,479.0,,,,
6866,26.0,236.0,,,,
6867,39.0,340.0,,,,
6868,67.0,607.0,,,,
6869,32.0,250.0,,,,
6870,25.0,196.0,,,,
6871,80.0,590.0,,,,
6872,54.0,547.0,,,,
6873,38.0,470.0,,,,
6874,40.0,407.0,,,,
6875,54.0,439.0,,,,
6876,49.0,496.0,,,,
6877,41.0,391.0,,,,
6878,34.0,297.0,,,,
6879,56.0,400.0,,,,
6880,24.0,200.0,,,,
6881,50.0,394.0,,,,
6882,54.0,508.0,,,,
6883,45.0,345.0,,,,
6884,68.0,531.0,,,,
6885,27.0,308.0,,,,
6886,29.0,208.0,,,,
6887,38.0,334.0,,,,
6888,46.0,409.0,,,,
6889,63.0,370.0,,,,
6890,25.0,180.0,,,,
6891,32.0,162.0,,,,
6892,59.0,480.0,,,,
6893,40.0,399.0,,,,
6894,50.0,355.0,,,,
6895,42.0,310.0,,,,
6896,48.0,305.0,,,,
6897,29.0,246.0,,,,
6898,40.0,409.0,,,,
6899,38.0,323.0,,,,
6900,38.0,290.0,,,,
6901,31.0,235.0,,,,
6902,52.0,357.0,,,,
6903,38.0,353.0,,,,
6904,45.0,387.0,,,,
6905,39.0,403.0,,,,
6906,9.0,74.0,,,,
6907,37.0,268.0,,,,
6908,41.0,370.0,,,,
6909,35.0,411.0,,,,
6910,59.0,336.0,,,,
6911,9.0,82.0,,,,
6912,24.0,249.0,,,,
6913,25.0,260.0,,,,
6914,42.0,324.0,,,,
6915,26.0,267.0,,,,
6916,23.0,173.0,,,,
6917,44.0,408.0,,,,
6918,26.0,208.0,,,,
6919,34.0,346.0,,,,
6920,57.0,481.0,,,,
6921,75.0,573.0,,,,
6922,2.0,36.0,,,,
6923,58.0,491.0,,,,
6924,66.0,655.0,,,,
6925,58.0,491.0,,,,
6926,66.0,585.0,,,,
6927,20.0,192.0,,,,
6928,39.0,330.0,,,,
6929,51.0,429.0,,,,
6930,1.0,4.0,,,,
6931,34.0,314.0,,,,
6932,33.0,193.0,,,,
6933,41.0,370.0,,,,
6934,43.0,364.0,,,,
6935,49.0,426.0,,,,
6936,38.0,306.0,,,,
6937,54.0,391.0,,,,
6938,41.0,351.0,,,,
6939,49.0,412.0,,,,
6940,35.0,305.0,,,,
6941,50.0,367.0,,,,
6942,57.0,482.0,,,,
6943,58.0,374.0,,,,
6944,53.0,428.0,,,,
6945,49.0,496.0,,,,
6946,61.0,495.0,,,,
6947,29.0,265.0,,,,
6948,59.0,514.0,,,,
6949,37.0,307.0,,,,
6950,50.0,420.0,,,,
6951,47.0,437.0,,,,
6952,45.0,349.0,,,,
6953,69.0,463.0,,,,
6954,53.0,440.0,,,,
6955,36.0,301.0,,,,
6956,44.0,384.0,,,,
6957,51.0,371.0,,,,
6958,52.0,426.0,,,,
6959,52.0,385.0,,,,
6960,3.0,23.0,,,,
6961,40.0,286.0,,,,
6962,53.0,466.0,,,,
6963,54.0,521.0,,,,
6964,33.0,249.0,,,,
6965,41.0,315.0,,,,
6966,54.0,353.0,,,,
6967,1.0,6.0,,,,
6968,1.0,31.0,,,,
6969,45.0,408.0,,,,
6970,44.0,303.0,,,,
6971,51.0,321.0,,,,
6972,49.0,367.0,,,,
6973,29.0,192.0,,,,
6974,1.0,400.0,,,,
6975,47.0,462.0,,,,
6976,50.0,451.0,,,,
6977,51.0,312.0,,,,
6978,48.0,310.0,,,,
6979,23.0,214.0,,,,
6980,49.0,346.0,,,,
6981,44.0,307.0,,,,
6982,46.0,315.0,,,,
6983,49.0,457.0,,,,
6984,40.0,280.0,,,,
6985,34.0,302.0,,,,
6986,36.0,291.0,,,,
6987,22.0,171.0,,,,
6988,42.0,341.0,,,,
6989,40.0,277.0,,,,
6990,53.0,461.0,,,,
6991,73.0,572.0,,,,
6992,73.0,463.0,,,,
6993,30.0,127.0,,,,
6994,36.0,261.0,,,,
6995,53.0,365.0,,,,
6996,47.0,422.0,,,,
6997,68.0,473.0,,,,
6998,1.0,7.0,,,,
6999,68.0,477.0,,,,
7000,1.0,6.0,,,,
7001,58.0,500.0,,,,
7002,69.0,555.0,,,,
7003,63.0,530.0,,,,
7004,45.0,455.0,,,,
7005,73.0,609.0,,,,
7006,63.0,537.0,,,,
7007,58.0,485.0,,,,
7008,35.0,321.0,,,,
7009,65.0,575.0,,,,
7010,76.0,613.0,,,,
7011,93.0,751.0,,,,
7012,89.0,782.0,,,,
7013,45.0,391.0,,,,
7014,55.0,408.0,,,,
7015,53.0,575.0,,,,
7016,58.0,473.0,,,,
7017,59.0,542.0,,,,
7018,85.0,840.0,,,,
7019,67.0,411.0,,,,
7020,50.0,406.0,,,,
7021,67.0,625.0,,,,
7022,61.0,598.0,,,,
7023,80.0,623.0,,,,
7024,78.0,880.0,,,,
7025,97.0,799.0,,,,
7026,35.0,266.0,,,,
7027,56.0,675.0,,,,
7028,65.0,554.0,,,,
7029,93.0,671.0,,,,
7030,55.0,532.0,,,,
7031,68.0,540.0,,,,
7032,56.0,454.0,,,,
7033,74.0,733.0,,,,
7034,56.0,530.0,,,,
7035,87.0,718.0,,,,
7036,53.0,322.0,,,,
7037,60.0,585.0,,,,
7038,66.0,598.0,,,,
7039,86.0,660.0,,,,
7040,97.0,844.0,,,,
7041,86.0,774.0,,,,
7042,61.0,530.0,,,,
7043,63.0,422.0,,,,
7044,40.0,346.0,,,,
7045,132.0,1260.0,,,,
7046,96.0,747.0,,,,
7047,51.0,484.0,,,,
7048,77.0,654.0,,,,
7049,79.0,566.0,,,,
7050,86.0,622.0,,,,
7051,79.0,625.0,,,,
7052,66.0,564.0,,,,
7053,70.0,537.0,,,,
7054,68.0,627.0,,,,
7055,41.0,296.0,,,,
7056,52.0,476.0,,,,
7057,54.0,571.0,,,,
7058,58.0,490.0,,,,
7059,44.0,440.0,,,,
7060,74.0,739.0,,,,
7061,69.0,703.0,,,,
7062,42.0,528.0,,,,
7063,36.0,336.0,,,,
7064,60.0,619.0,,,,
7065,75.0,723.0,,,,
7066,78.0,673.0,,,,
7067,57.0,418.0,,,,
7068,65.0,499.0,,,,
7069,91.0,731.0,,,,
7070,103.0,872.0,,,,
7071,41.0,330.0,,,,
7072,82.0,786.0,,,,
7073,76.0,677.0,,,,
7074,70.0,650.0,,,,
7075,51.0,465.0,,,,
7076,80.0,644.0,,,,
7077,58.0,428.0,,,,
7078,103.0,1079.0,,,,
7079,50.0,472.0,,,,
7080,44.0,315.0,,,,
7081,113.0,949.0,,,,
7082,77.0,751.0,,,,
7083,47.0,489.0,,,,
7084,53.0,433.0,,,,
7085,54.0,507.0,,,,
7086,63.0,620.0,,,,
7087,62.0,587.0,,,,
7088,49.0,497.0,,,,
7089,37.0,414.0,,,,
7090,58.0,468.0,,,,
7091,77.0,678.0,,,,
7092,48.0,414.0,,,,
7093,65.0,582.0,,,,
7094,60.0,429.0,,,,
7095,71.0,743.0,,,,
7096,59.0,462.0,,,,
7097,44.0,302.0,,,,
7098,35.0,306.0,,,,
7099,61.0,568.0,,,,
7100,80.0,639.0,,,,
7101,57.0,547.0,,,,
7102,66.0,793.0,,,,
7103,90.0,751.0,,,,
7104,53.0,460.0,,,,
7105,69.0,553.0,,,,
7106,70.0,597.0,,,,
7107,62.0,514.0,,,,
7108,63.0,601.0,,,,
7109,44.0,289.0,,,,
7110,78.0,707.0,,,,
7111,62.0,592.0,,,,
7112,52.0,405.0,,,,
7113,47.0,393.0,,,,
7114,58.0,553.0,,,,
7115,54.0,463.0,,,,
7116,52.0,408.0,,,,
7117,57.0,618.0,,,,
7118,47.0,548.0,,,,
7119,58.0,535.0,,,,
7120,52.0,322.0,,,,
7121,78.0,566.0,,,,
7122,75.0,432.0,,,,
7123,79.0,748.0,,,,
7124,43.0,424.0,,,,
7125,154.0,1348.0,,,,
7126,120.0,1289.0,,,,
7127,56.0,476.0,,,,
7128,67.0,570.0,,,,
7129,27.0,281.0,,,,
7130,59.0,517.0,,,,
7131,60.0,482.0,,,,
7132,52.0,527.0,,,,
7133,61.0,589.0,,,,
7134,59.0,777.0,,,,
7135,62.0,407.0,,,,
7136,81.0,768.0,,,,
7137,62.0,595.0,,,,
7138,50.0,457.0,,,,
7139,60.0,644.0,,,,
7140,52.0,579.0,,,,
7141,54.0,534.0,,,,
7142,81.0,780.0,,,,
7143,41.0,336.0,,,,
7144,16.0,121.0,,,,
7145,69.0,542.0,,,,
7146,67.0,511.0,,,,
7147,35.0,409.0,,,,
7148,52.0,369.0,,,,
7149,60.0,455.0,,,,
7150,74.0,649.0,,,,
7151,67.0,425.0,,,,
7152,76.0,720.0,,,,
7153,73.0,633.0,,,,
7154,72.0,653.0,,,,
7155,53.0,381.0,,,,
7156,56.0,543.0,,,,
7157,92.0,759.0,,,,
7158,92.0,737.0,,,,
7159,57.0,468.0,,,,
7160,63.0,586.0,,,,
7161,96.0,695.0,,,,
7162,58.0,534.0,,,,
7163,68.0,603.0,,,,
7164,86.0,727.0,,,,
7165,79.0,775.0,,,,
7166,45.0,351.0,,,,
7167,41.0,279.0,,,,
7168,56.0,490.0,,,,
7169,63.0,642.0,,,,
7170,72.0,551.0,,,,
7171,50.0,337.0,,,,
7172,63.0,620.0,,,,
7173,66.0,606.0,,,,
7174,92.0,895.0,,,,
7175,61.0,565.0,,,,
7176,64.0,633.0,,,,
7177,58.0,579.0,,,,
7178,59.0,698.0,,,,
7179,89.0,988.0,,,,
7180,51.0,539.0,,,,
7181,40.0,284.0,,,,
7182,53.0,562.0,,,,
7183,72.0,639.0,,,,
7184,60.0,564.0,,,,
7185,72.0,603.0,,,,
7186,49.0,551.0,,,,
7187,67.0,554.0,,,,
7188,40.0,390.0,,,,
7189,69.0,578.0,,,,
7190,62.0,662.0,,,,
7191,44.0,296.0,,,,
7192,61.0,560.0,,,,
7193,57.0,523.0,,,,
7194,71.0,519.0,,,,
7195,65.0,598.0,,,,
7196,56.0,569.0,,,,
7197,47.0,550.0,,,,
7198,46.0,535.0,,,,
7199,54.0,474.0,,,,
7200,55.0,493.0,,,,
7201,45.0,473.0,,,,
7202,61.0,514.0,,,,
7203,57.0,517.0,,,,
7204,71.0,587.0,,,,
7205,51.0,449.0,,,,
7206,53.0,536.0,,,,
7207,52.0,432.0,,,,
7208,35.0,375.0,,,,
7209,75.0,667.0,,,,
7210,49.0,341.0,,,,
7211,73.0,518.0,,,,
7212,55.0,476.0,,,,
7213,64.0,477.0,,,,
7214,66.0,764.0,,,,
7215,43.0,382.0,,,,
7216,46.0,507.0,,,,
7217,55.0,567.0,,,,
7218,76.0,696.0,,,,
7219,91.0,854.0,,,,
7220,72.0,754.0,,,,
7221,33.0,356.0,,,,
7222,46.0,343.0,,,,
7223,65.0,530.0,,,,
7224,43.0,346.0,,,,
7225,56.0,478.0,,,,
7226,50.0,464.0,,,,
7227,59.0,464.0,,,,
7228,62.0,484.0,,,,
7229,58.0,576.0,,,,
7230,111.0,924.0,,,,
7231,66.0,833.0,,,,
7232,73.0,551.0,,,,
7233,45.0,418.0,,,,
7234,57.0,503.0,,,,
7235,67.0,567.0,,,,
7236,52.0,513.0,,,,
7237,64.0,517.0,,,,
7238,88.0,704.0,,,,
7239,83.0,766.0,,,,
7240,96.0,826.0,,,,
7241,45.0,380.0,,,,
7242,76.0,586.0,,,,
7243,90.0,724.0,,,,
7244,45.0,432.0,,,,
7245,74.0,624.0,,,,
7246,90.0,814.0,,,,
7247,40.0,374.0,,,,
7248,56.0,604.0,,,,
7249,80.0,1021.0,,,,
7250,98.0,917.0,,,,
7251,51.0,609.0,,,,
7252,40.0,332.0,,,,
7253,62.0,442.0,,,,
7254,45.0,366.0,,,,
7255,102.0,816.0,,,,
7256,49.0,849.0,,,,
7257,97.0,690.0,,,,
7258,51.0,549.0,,,,
7259,53.0,581.0,,,,
7260,61.0,663.0,,,,
7261,68.0,661.0,,,,
7262,60.0,481.0,,,,
7263,66.0,655.0,,,,
7264,44.0,508.0,,,,
7265,81.0,790.0,,,,
7266,74.0,629.0,,,,
7267,68.0,555.0,,,,
7268,76.0,755.0,,,,
7269,31.0,246.0,,,,
7270,71.0,596.0,,,,
7271,50.0,472.0,,,,
7272,55.0,540.0,,,,
7273,45.0,417.0,,,,
7274,47.0,491.0,,,,
7275,83.0,777.0,,,,
7276,42.0,389.0,,,,
7277,88.0,714.0,,,,
7278,40.0,360.0,,,,
7279,80.0,694.0,,,,
7280,89.0,760.0,,,,
7281,38.0,307.0,,,,
7282,49.0,443.0,,,,
7283,74.0,843.0,,,,
7284,72.0,530.0,,,,
7285,74.0,554.0,,,,
7286,46.0,450.0,,,,
7287,58.0,514.0,,,,
7288,95.0,908.0,,,,
7289,56.0,473.0,,,,
7290,85.0,807.0,,,,
7291,61.0,431.0,,,,
7292,71.0,473.0,,,,
7293,68.0,560.0,,,,
7294,104.0,942.0,,,,
7295,35.0,388.0,,,,
7296,46.0,355.0,,,,
7297,68.0,684.0,,,,
7298,53.0,598.0,,,,
7299,56.0,494.0,,,,
7300,78.0,706.0,,,,
7301,62.0,511.0,,,,
7302,66.0,650.0,,,,
7303,57.0,684.0,,,,
7304,117.0,791.0,,,,
7305,89.0,825.0,,,,
7306,61.0,482.0,,,,
7307,77.0,675.0,,,,
7308,77.0,664.0,,,,
7309,58.0,625.0,,,,
7310,62.0,610.0,,,,
7311,29.0,234.0,,,,
7312,46.0,490.0,,,,
7313,38.0,297.0,,,,
7314,73.0,707.0,,,,
7315,19.0,160.0,,,,
7316,71.0,654.0,,,,
7317,68.0,517.0,,,,
7318,61.0,495.0,,,,
7319,43.0,373.0,,,,
7320,63.0,554.0,,,,
7321,35.0,267.0,,,,
7322,69.0,574.0,,,,
7323,59.0,700.0,,,,
7324,25.0,186.0,,,,
7325,99.0,824.0,,,,
7326,50.0,458.0,,,,
7327,71.0,459.0,,,,
7328,64.0,457.0,,,,
7329,68.0,595.0,,,,
7330,33.0,263.0,,,,
7331,74.0,598.0,,,,
7332,43.0,318.0,,,,
7333,51.0,558.0,,,,
7334,83.0,663.0,,,,
7335,33.0,268.0,,,,
7336,66.0,564.0,,,,
7337,47.0,547.0,,,,
7338,43.0,523.0,,,,
7339,78.0,571.0,,,,
7340,62.0,615.0,,,,
7341,66.0,522.0,,,,
7342,55.0,699.0,,,,
7343,48.0,404.0,,,,
7344,41.0,540.0,,,,
7345,64.0,375.0,,,,
7346,73.0,584.0,,,,
7347,60.0,467.0,,,,
7348,51.0,563.0,,,,
7349,51.0,544.0,,,,
7350,45.0,427.0,,,,
7351,58.0,442.0,,,,
7352,45.0,510.0,,,,
7353,52.0,444.0,,,,
7354,36.0,323.0,,,,
7355,48.0,482.0,,,,
7356,59.0,421.0,,,,
7357,35.0,320.0,,,,
7358,67.0,507.0,,,,
7359,82.0,582.0,,,,
7360,67.0,559.0,,,,
7361,34.0,324.0,,,,
7362,32.0,332.0,,,,
7363,56.0,591.0,,,,
7364,66.0,466.0,,,,
7365,44.0,462.0,,,,
7366,55.0,361.0,,,,
7367,50.0,386.0,,,,
7368,43.0,363.0,,,,
7369,61.0,483.0,,,,
7370,62.0,295.0,,,,
7371,40.0,231.0,,,,
7372,51.0,614.0,,,,
7373,58.0,394.0,,,,
7374,49.0,451.0,,,,
7375,52.0,482.0,,,,
7376,63.0,642.0,,,,
7377,49.0,439.0,,,,
7378,32.0,300.0,,,,
7379,54.0,523.0,,,,
7380,76.0,729.0,,,,
7381,57.0,563.0,,,,
7382,28.0,159.0,,,,
7383,36.0,226.0,,,,
7384,56.0,304.0,,,,
7385,47.0,459.0,,,,
7386,46.0,397.0,,,,
7387,44.0,488.0,,,,
7388,50.0,464.0,,,,
7389,34.0,393.0,,,,
7390,33.0,200.0,,,,
7391,42.0,326.0,,,,
7392,49.0,335.0,,,,
7393,47.0,522.0,,,,
7394,75.0,716.0,,,,
7395,37.0,472.0,,,,
7396,68.0,639.0,,,,
7397,72.0,599.0,,,,
7398,51.0,500.0,,,,
7399,33.0,285.0,,,,
7400,43.0,638.0,,,,
7401,31.0,249.0,,,,
7402,35.0,194.0,,,,
7403,30.0,395.0,,,,
7404,54.0,336.0,,,,
7405,11.0,30.0,,,,
7406,51.0,651.0,,,,
7407,51.0,301.0,,,,
7408,54.0,364.0,,,,
7409,1.0,4.0,,,,
7410,43.0,308.0,,,,
7411,20.0,177.0,,,,
7412,19.0,125.0,,,,
7413,17.0,206.0,,,,
7414,18.0,245.0,,,,
7415,14.0,92.0,,,,
7416,68.0,360.0,,,,
7417,52.0,573.0,,,,
7418,13.0,146.0,,,,
7419,54.0,378.0,,,,
7420,35.0,380.0,,,,
7421,46.0,589.0,,,,
7422,37.0,385.0,,,,
7423,1.0,3.0,,,,
7424,15.0,146.0,,,,
7425,55.0,454.0,,,,
7426,54.0,615.0,,,,
7427,39.0,225.0,,,,
7428,28.0,275.0,,,,
7429,30.0,249.0,,,,
7430,129.0,1307.0,,,,
7431,65.0,671.0,,,,
7432,65.0,393.0,,,,
7433,76.0,679.0,,,,
7434,82.0,562.0,,,,
7435,32.0,257.0,,,,
7436,58.0,386.0,,,,
7437,76.0,652.0,,,,
7438,69.0,669.0,,,,
7439,76.0,728.0,,,,
7440,79.0,668.0,,,,
7441,69.0,535.0,,,,
7442,51.0,348.0,,,,
7443,47.0,471.0,,,,
7444,76.0,653.0,,,,
7445,46.0,551.0,,,,
7446,47.0,444.0,,,,
7447,59.0,448.0,,,,
7448,45.0,397.0,,,,
7449,64.0,608.0,,,,
7450,46.0,443.0,,,,
7451,73.0,676.0,,,,
7452,74.0,605.0,,,,
7453,34.0,291.0,,,,
7454,49.0,445.0,,,,
7455,52.0,465.0,,,,
7456,58.0,448.0,,,,
7457,75.0,563.0,,,,
7458,42.0,365.0,,,,
7459,44.0,262.0,,,,
7460,32.0,290.0,,,,
7461,47.0,412.0,,,,
7462,44.0,412.0,,,,
7463,58.0,418.0,,,,
7464,34.0,294.0,,,,
7465,19.0,193.0,,,,
7466,21.0,174.0,,,,
7467,7.0,21.0,,,,
7468,33.0,308.0,,,,
7469,26.0,154.0,,,,
7470,25.0,173.0,,,,
7471,17.0,149.0,,,,
7472,30.0,238.0,,,,
7473,24.0,228.0,,,,
7474,40.0,327.0,,,,
7475,20.0,157.0,,,,
7476,55.0,394.0,,,,
7477,1.0,8.0,,,,
7478,1.0,7.0,,,,
7479,44.0,355.0,,,,
7480,65.0,725.0,,,,
7481,53.0,403.0,,,,
7482,34.0,399.0,,,,
7483,51.0,493.0,,,,
7484,63.0,682.0,,,,
7485,50.0,485.0,,,,
7486,45.0,444.0,,,,
7487,83.0,694.0,,,,
7488,71.0,499.0,,,,
7489,38.0,408.0,,,,
7490,63.0,560.0,,,,
7491,61.0,556.0,,,,
7492,55.0,558.0,,,,
7493,59.0,554.0,,,,
7494,42.0,578.0,,,,
7495,59.0,556.0,,,,
7496,56.0,469.0,,,,
7497,63.0,562.0,,,,
7498,36.0,284.0,,,,
7499,59.0,642.0,,,,
7500,58.0,466.0,,,,
7501,59.0,673.0,,,,
7502,56.0,448.0,,,,
7503,39.0,323.0,,,,
7504,57.0,479.0,,,,
7505,58.0,506.0,,,,
7506,44.0,411.0,,,,
7507,60.0,615.0,,,,
7508,36.0,397.0,,,,
7509,75.0,612.0,,,,
7510,75.0,748.0,,,,
7511,55.0,468.0,,,,
7512,48.0,516.0,,,,
7513,68.0,576.0,,,,
7514,50.0,419.0,,,,
7515,36.0,349.0,,,,
7516,51.0,541.0,,,,
7517,64.0,554.0,,,,
7518,68.0,687.0,,,,
7519,28.0,242.0,,,,
7520,75.0,647.0,,,,
7521,57.0,553.0,,,,
7522,61.0,694.0,,,,
7523,63.0,746.0,,,,
7524,41.0,342.0,,,,
7525,42.0,376.0,,,,
7526,66.0,611.0,,,,
7527,26.0,240.0,,,,
7528,58.0,622.0,,,,
7529,64.0,536.0,,,,
7530,35.0,347.0,,,,
7531,80.0,685.0,,,,
7532,67.0,487.0,,,,
7533,77.0,701.0,,,,
7534,54.0,502.0,,,,
7535,52.0,369.0,,,,
7536,39.0,415.0,,,,
7537,47.0,474.0,,,,
7538,43.0,423.0,,,,
7539,93.0,596.0,,,,
7540,61.0,549.0,,,,
7541,58.0,591.0,,,,
7542,43.0,426.0,,,,
7543,56.0,488.0,,,,
7544,48.0,419.0,,,,
7545,63.0,561.0,,,,
7546,42.0,512.0,,,,
7547,47.0,511.0,,,,
7548,65.0,578.0,,,,
7549,46.0,429.0,,,,
7550,36.0,362.0,,,,
7551,58.0,571.0,,,,
7552,42.0,401.0,,,,
7553,62.0,512.0,,,,
7554,38.0,393.0,,,,
7555,74.0,652.0,,,,
7556,92.0,633.0,,,,
7557,73.0,536.0,,,,
7558,55.0,373.0,,,,
7559,78.0,712.0,,,,
7560,85.0,653.0,,,,
7561,68.0,616.0,,,,
7562,61.0,622.0,,,,
7563,61.0,529.0,,,,
7564,53.0,556.0,,,,
7565,59.0,618.0,,,,
7566,55.0,541.0,,,,
7567,60.0,494.0,,,,
7568,65.0,657.0,,,,
7569,78.0,590.0,,,,
7570,76.0,712.0,,,,
7571,92.0,767.0,,,,
7572,61.0,648.0,,,,
7573,54.0,470.0,,,,
7574,56.0,568.0,,,,
7575,47.0,427.0,,,,
7576,50.0,555.0,,,,
7577,84.0,732.0,,,,
7578,52.0,499.0,,,,
7579,34.0,287.0,,,,
7580,56.0,560.0,,,,
7581,55.0,483.0,,,,
7582,80.0,683.0,,,,
7583,60.0,440.0,,,,
7584,49.0,408.0,,,,
7585,54.0,391.0,,,,
7586,41.0,471.0,,,,
7587,53.0,493.0,,,,
7588,47.0,432.0,,,,
7589,36.0,352.0,,,,
7590,66.0,555.0,,,,
7591,38.0,433.0,,,,
7592,70.0,595.0,,,,
7593,53.0,549.0,,,,
7594,41.0,368.0,,,,
7595,56.0,516.0,,,,
7596,91.0,576.0,,,,
7597,12.0,122.0,,,,
7598,75.0,660.0,,,,
7599,63.0,492.0,,,,
7600,37.0,389.0,,,,
7601,86.0,539.0,,,,
7602,46.0,330.0,,,,
7603,44.0,329.0,,,,
7604,55.0,408.0,,,,
7605,38.0,450.0,,,,
7606,61.0,545.0,,,,
7607,22.0,169.0,,,,
7608,67.0,425.0,,,,
7609,57.0,409.0,,,,
7610,33.0,360.0,,,,
7611,76.0,472.0,,,,
7612,39.0,431.0,,,,
7613,31.0,249.0,,,,
7614,16.0,147.0,,,,
7615,27.0,169.0,,,,
7616,5.0,37.0,,,,
7617,32.0,248.0,,,,
7618,65.0,482.0,,,,
7619,81.0,490.0,,,,
7620,17.0,114.0,,,,
7621,63.0,472.0,,,,
7622,44.0,312.0,,,,
7623,7.0,55.0,,,,
7624,15.0,177.0,,,,
7625,125.0,1192.0,,,,
7626,19.0,182.0,,,,
7627,33.0,261.0,,,,
7628,28.0,235.0,,,,
7629,20.0,127.0,,,,
7630,36.0,293.0,,,,
7631,53.0,476.0,,,,
7632,4.0,71.0,,,,
7633,13.0,106.0,,,,
7634,90.0,704.0,,,,
7635,27.0,177.0,,,,
7636,53.0,403.0,,,,
7637,17.0,183.0,,,,
7638,25.0,148.0,,,,
7639,76.0,710.0,,,,
7640,84.0,804.0,,,,
7641,19.0,158.0,,,,
7642,82.0,825.0,,,,
7643,31.0,261.0,,,,
7644,77.0,724.0,,,,
7645,58.0,586.0,,,,
7646,44.0,477.0,,,,
7647,65.0,649.0,,,,
7648,59.0,593.0,,,,
7649,76.0,659.0,,,,
7650,9.0,96.0,,,,
7651,14.0,114.0,,,,
7652,14.0,117.0,,,,
7653,68.0,567.0,,,,
7654,36.0,474.0,,,,
7655,63.0,362.0,,,,
7656,64.0,430.0,,,,
7657,53.0,663.0,,,,
7658,81.0,399.0,,,,
7659,34.0,327.0,,,,
7660,33.0,676.0,,,,
7661,72.0,431.0,,,,
7662,55.0,538.0,,,,
7663,54.0,671.0,,,,
7664,39.0,367.0,,,,
7665,17.0,537.0,,,,
7666,82.0,569.0,,,,
7667,70.0,580.0,,,,
7668,54.0,385.0,,,,
7669,38.0,457.0,,,,
7670,82.0,419.0,,,,
7671,22.0,196.0,,,,
7672,50.0,428.0,,,,
7673,70.0,684.0,,,,
7674,39.0,435.0,,,,
7675,47.0,266.0,,,,
7676,10.0,256.0,,,,
7677,48.0,474.0,,,,
7678,63.0,451.0,,,,
7679,53.0,398.0,,,,
7680,39.0,398.0,,,,
7681,32.0,285.0,,,,
7682,53.0,482.0,,,,
7683,88.0,711.0,,,,
7684,38.0,356.0,,,,
7685,41.0,300.0,,,,
7686,44.0,355.0,,,,
7687,25.0,360.0,,,,
7688,41.0,259.0,,,,
7689,78.0,521.0,,,,
7690,119.0,560.0,,,,
7691,51.0,362.0,,,,
7692,58.0,517.0,,,,
7693,28.0,198.0,,,,
7694,42.0,419.0,,,,
7695,56.0,426.0,,,,
7696,65.0,746.0,,,,
7697,117.0,903.0,,,,
7698,63.0,523.0,,,,
7699,69.0,554.0,,,,
7700,70.0,646.0,,,,
7701,54.0,513.0,,,,
7702,77.0,696.0,,,,
7703,98.0,933.0,,,,
7704,91.0,779.0,,,,
7705,58.0,513.0,,,,
7706,58.0,453.0,,,,
7707,86.0,624.0,,,,
7708,69.0,612.0,,,,
7709,55.0,503.0,,,,
7710,62.0,593.0,,,,
7711,57.0,587.0,,,,
7712,79.0,588.0,,,,
7713,73.0,582.0,,,,
7714,77.0,662.0,,,,
7715,62.0,572.0,,,,
7716,46.0,457.0,,,,
7717,82.0,803.0,,,,
7718,79.0,635.0,,,,
7719,38.0,328.0,,,,
7720,43.0,461.0,,,,
7721,84.0,717.0,,,,
7722,59.0,483.0,,,,
7723,82.0,589.0,,,,
7724,84.0,652.0,,,,
7725,63.0,543.0,,,,
7726,48.0,376.0,,,,
7727,56.0,431.0,,,,
7728,50.0,490.0,,,,
7729,64.0,617.0,,,,
7730,62.0,567.0,,,,
7731,53.0,475.0,,,,
7732,48.0,393.0,,,,
7733,80.0,719.0,,,,
7734,94.0,721.0,,,,
7735,58.0,622.0,,,,
7736,44.0,402.0,,,,
7737,52.0,466.0,,,,
7738,47.0,521.0,,,,
7739,60.0,497.0,,,,
7740,43.0,477.0,,,,
7741,72.0,554.0,,,,
7742,79.0,500.0,,,,
7743,56.0,466.0,,,,
7744,72.0,634.0,,,,
7745,56.0,466.0,,,,
7746,58.0,510.0,,,,
7747,66.0,551.0,,,,
7748,92.0,819.0,,,,
7749,74.0,694.0,,,,
7750,81.0,490.0,,,,
7751,87.0,695.0,,,,
7752,67.0,542.0,,,,
7753,92.0,709.0,,,,
7754,84.0,844.0,,,,
7755,56.0,507.0,,,,
7756,70.0,667.0,,,,
7757,46.0,374.0,,,,
7758,108.0,912.0,,,,
7759,69.0,598.0,,,,
7760,51.0,528.0,,,,
7761,56.0,483.0,,,,
7762,28.0,281.0,,,,
7763,56.0,482.0,,,,
7764,34.0,290.0,,,,
7765,58.0,521.0,,,,
7766,82.0,690.0,,,,
7767,50.0,424.0,,,,
7768,75.0,537.0,,,,
7769,64.0,534.0,,,,
7770,63.0,644.0,,,,
7771,49.0,408.0,,,,
7772,64.0,659.0,,,,
7773,58.0,447.0,,,,
7774,46.0,487.0,,,,
7775,72.0,586.0,,,,
7776,23.0,200.0,,,,
7777,51.0,619.0,,,,
7778,62.0,472.0,,,,
7779,93.0,813.0,,,,
7780,53.0,550.0,,,,
7781,39.0,342.0,,,,
7782,74.0,579.0,,,,
7783,70.0,583.0,,,,
7784,56.0,541.0,,,,
7785,42.0,391.0,,,,
7786,63.0,491.0,,,,
7787,47.0,419.0,,,,
7788,39.0,337.0,,,,
7789,57.0,538.0,,,,
7790,35.0,325.0,,,,
7791,66.0,566.0,,,,
7792,47.0,480.0,,,,
7793,100.0,589.0,,,,
7794,71.0,698.0,,,,
7795,49.0,485.0,,,,
7796,79.0,728.0,,,,
7797,47.0,433.0,,,,
7798,72.0,600.0,,,,
7799,41.0,410.0,,,,
7800,60.0,459.0,,,,
7801,87.0,620.0,,,,
7802,47.0,319.0,,,,
7803,66.0,668.0,,,,
7804,33.0,305.0,,,,
7805,51.0,551.0,,,,
7806,56.0,636.0,,,,
7807,71.0,550.0,,,,
7808,92.0,937.0,,,,
7809,26.0,249.0,,,,
7810,66.0,566.0,,,,
7811,45.0,395.0,,,,
7812,48.0,434.0,,,,
7813,109.0,758.0,,,,
7814,32.0,294.0,,,,
7815,48.0,404.0,,,,
7816,25.0,97.0,,,,
7817,43.0,337.0,,,,
7818,64.0,498.0,,,,
7819,60.0,672.0,,,,
7820,48.0,323.0,,,,
7821,58.0,475.0,,,,
7822,61.0,536.0,,,,
7823,53.0,414.0,,,,
7824,52.0,410.0,,,,
7825,59.0,505.0,,,,
7826,55.0,447.0,,,,
7827,51.0,397.0,,,,
7828,49.0,358.0,,,,
7829,11.0,94.0,,,,
7830,55.0,434.0,,,,
7831,65.0,388.0,,,,
7832,50.0,447.0,,,,
7833,5.0,32.0,,,,
7834,37.0,297.0,,,,
7835,33.0,231.0,,,,
7836,36.0,349.0,,,,
7837,73.0,626.0,,,,
7838,48.0,395.0,,,,
7839,98.0,455.0,,,,
7840,58.0,404.0,,,,
7841,67.0,651.0,,,,
7842,34.0,323.0,,,,
7843,1.0,3.0,,,,
7844,18.0,164.0,,,,
7845,54.0,542.0,,,,
7846,24.0,391.0,,,,
7847,74.0,534.0,,,,
7848,51.0,301.0,,,,
7849,76.0,800.0,,,,
7850,7.0,56.0,,,,
7851,84.0,622.0,,,,
7852,72.0,681.0,,,,
7853,34.0,332.0,,,,
7854,4.0,353.0,,,,
7855,29.0,188.0,,,,
7856,46.0,391.0,,,,
7857,56.0,441.0,,,,
7858,17.0,197.0,,,,
7859,26.0,194.0,,,,
7860,15.0,138.0,,,,
7861,11.0,71.0,,,,
7862,18.0,116.0,,,,
7863,1.0,19.0,,,,
7864,1.0,4.0,,,,
7865,13.0,54.0,,,,
7866,110.0,1015.0,,,,
7867,74.0,570.0,,,,
7868,55.0,716.0,,,,
7869,74.0,598.0,,,,
7870,68.0,571.0,,,,
7871,68.0,617.0,,,,
7872,138.0,1137.0,,,,
7873,67.0,554.0,,,,
7874,37.0,334.0,,,,
7875,74.0,581.0,,,,
7876,59.0,445.0,,,,
7877,75.0,665.0,,,,
7878,55.0,497.0,,,,
7879,87.0,770.0,,,,
7880,53.0,430.0,,,,
7881,76.0,733.0,,,,
7882,66.0,658.0,,,,
7883,76.0,645.0,,,,
7884,38.0,383.0,,,,
7885,73.0,557.0,,,,
7886,55.0,456.0,,,,
7887,78.0,763.0,,,,
7888,49.0,387.0,,,,
7889,68.0,574.0,,,,
7890,74.0,620.0,,,,
7891,64.0,660.0,,,,
7892,49.0,411.0,,,,
7893,56.0,644.0,,,,
7894,66.0,634.0,,,,
7895,62.0,516.0,,,,
7896,44.0,473.0,,,,
7897,48.0,469.0,,,,
7898,45.0,396.0,,,,
7899,60.0,701.0,,,,
7900,69.0,564.0,,,,
7901,57.0,422.0,,,,
7902,58.0,565.0,,,,
7903,58.0,458.0,,,,
7904,43.0,420.0,,,,
7905,61.0,576.0,,,,
7906,48.0,490.0,,,,
7907,37.0,320.0,,,,
7908,83.0,676.0,,,,
7909,64.0,537.0,,,,
7910,80.0,553.0,,,,
7911,23.0,231.0,,,,
7912,58.0,515.0,,,,
7913,56.0,514.0,,,,
7914,63.0,576.0,,,,
7915,43.0,399.0,,,,
7916,32.0,265.0,,,,
7917,48.0,383.0,,,,
7918,32.0,266.0,,,,
7919,51.0,438.0,,,,
7920,95.0,690.0,,,,
7921,47.0,416.0,,,,
7922,32.0,245.0,,,,
7923,67.0,630.0,,,,
7924,26.0,218.0,,,,
7925,69.0,566.0,,,,
7926,89.0,712.0,,,,
7927,86.0,750.0,,,,
7928,72.0,648.0,,,,
7929,21.0,223.0,,,,
7930,57.0,550.0,,,,
7931,52.0,417.0,,,,
7932,73.0,715.0,,,,
7933,27.0,256.0,,,,
7934,69.0,589.0,,,,
7935,75.0,625.0,,,,
7936,48.0,489.0,,,,
7937,69.0,597.0,,,,
7938,22.0,208.0,,,,
7939,51.0,455.0,,,,
7940,105.0,867.0,,,,
7941,64.0,576.0,,,,
7942,85.0,744.0,,,,
7943,49.0,375.0,,,,
7944,82.0,784.0,,,,
7945,42.0,414.0,,,,
7946,57.0,505.0,,,,
7947,23.0,198.0,,,,
7948,64.0,633.0,,,,
7949,36.0,341.0,,,,
7950,75.0,612.0,,,,
7951,63.0,531.0,,,,
7952,87.0,538.0,,,,
7953,81.0,690.0,,,,
7954,47.0,378.0,,,,
7955,38.0,350.0,,,,
7956,41.0,431.0,,,,
7957,47.0,519.0,,,,
7958,30.0,241.0,,,,
7959,48.0,427.0,,,,
7960,10.0,43.0,,,,
7961,18.0,153.0,,,,
7962,56.0,475.0,,,,
7963,16.0,148.0,,,,
7964,32.0,315.0,,,,
7965,58.0,593.0,,,,
7966,27.0,188.0,,,,
7967,32.0,284.0,,,,
7968,67.0,501.0,,,,
7969,38.0,370.0,,,,
7970,44.0,371.0,,,,
7971,23.0,174.0,,,,
7972,54.0,432.0,,,,
7973,16.0,150.0,,,,
7974,55.0,443.0,,,,
7975,38.0,304.0,,,,
7976,69.0,581.0,,,,
7977,20.0,177.0,,,,
7978,39.0,348.0,,,,
7979,40.0,339.0,,,,
7980,34.0,241.0,,,,
7981,38.0,327.0,,,,
7982,59.0,358.0,,,,
7983,51.0,467.0,,,,
7984,52.0,371.0,,,,
7985,61.0,551.0,,,,
7986,56.0,390.0,,,,
7987,53.0,490.0,,,,
7988,68.0,572.0,,,,
7989,54.0,340.0,,,,
7990,46.0,335.0,,,,
7991,51.0,294.0,,,,
7992,37.0,336.0,,,,
7993,66.0,601.0,,,,
7994,62.0,535.0,,,,
7995,46.0,371.0,,,,
7996,51.0,298.0,,,,
7997,20.0,160.0,,,,
7998,59.0,327.0,,,,
7999,41.0,391.0,,,,
8000,74.0,772.0,,,,
8001,72.0,549.0,,,,
8002,36.0,294.0,,,,
8003,46.0,323.0,,,,
8004,46.0,351.0,,,,
8005,56.0,488.0,,,,
8006,55.0,329.0,,,,
8007,30.0,201.0,,,,
8008,73.0,350.0,,,,
8009,77.0,847.0,,,,
8010,44.0,298.0,,,,
8011,56.0,527.0,,,,
8012,62.0,396.0,,,,
8013,45.0,365.0,,,,
8014,47.0,273.0,,,,
8015,32.0,289.0,,,,
8016,38.0,277.0,,,,
8017,34.0,217.0,,,,
8018,34.0,171.0,,,,
8019,42.0,236.0,,,,
8020,60.0,541.0,,,,
8021,67.0,494.0,,,,
8022,88.0,588.0,,,,
8023,38.0,355.0,,,,
8024,44.0,352.0,,,,
8025,50.0,367.0,,,,
8026,39.0,338.0,,,,
8027,32.0,248.0,,,,
8028,58.0,427.0,,,,
8029,57.0,484.0,,,,
8030,22.0,128.0,,,,
8031,18.0,81.0,,,,
8032,51.0,275.0,,,,
8033,64.0,578.0,,,,
8034,57.0,423.0,,,,
8035,50.0,502.0,,,,
8036,84.0,684.0,,,,
8037,49.0,389.0,,,,
8038,58.0,307.0,,,,
8039,61.0,446.0,,,,
8040,47.0,320.0,,,,
8041,37.0,284.0,,,,
8042,44.0,393.0,,,,
8043,50.0,414.0,,,,
8044,40.0,325.0,,,,
8045,42.0,238.0,,,,
8046,27.0,223.0,,,,
8047,42.0,296.0,,,,
8048,45.0,373.0,,,,
8049,51.0,407.0,,,,
8050,45.0,385.0,,,,
8051,44.0,350.0,,,,
8052,30.0,205.0,,,,
8053,56.0,494.0,,,,
8054,69.0,535.0,,,,
8055,58.0,272.0,,,,
8056,33.0,305.0,,,,
8057,57.0,310.0,,,,
8058,40.0,366.0,,,,
8059,49.0,544.0,,,,
8060,64.0,449.0,,,,
8061,45.0,257.0,,,,
8062,55.0,306.0,,,,
8063,62.0,397.0,,,,
8064,44.0,329.0,,,,
8065,75.0,788.0,,,,
8066,74.0,766.0,,,,
8067,63.0,489.0,,,,
8068,55.0,383.0,,,,
8069,51.0,377.0,,,,
8070,107.0,1013.0,,,,
8071,57.0,508.0,,,,
8072,47.0,393.0,,,,
8073,42.0,241.0,,,,
8074,69.0,472.0,,,,
8075,56.0,488.0,,,,
8076,26.0,213.0,,,,
8077,58.0,390.0,,,,
8078,50.0,300.0,,,,
8079,31.0,301.0,,,,
8080,50.0,438.0,,,,
8081,57.0,450.0,,,,
8082,35.0,195.0,,,,
8083,60.0,328.0,,,,
8084,67.0,542.0,,,,
8085,73.0,344.0,,,,
8086,32.0,226.0,,,,
8087,46.0,359.0,,,,
8088,39.0,324.0,,,,
8089,48.0,408.0,,,,
8090,42.0,300.0,,,,
8091,71.0,742.0,,,,
8092,76.0,575.0,,,,
8093,65.0,425.0,,,,
8094,51.0,396.0,,,,
8095,44.0,368.0,,,,
8096,51.0,425.0,,,,
8097,59.0,333.0,,,,
8098,42.0,275.0,,,,
8099,33.0,216.0,,,,
8100,40.0,276.0,,,,
8101,33.0,264.0,,,,
8102,49.0,399.0,,,,
8103,29.0,240.0,,,,
8104,30.0,203.0,,,,
8105,7.0,97.0,,,,
8106,47.0,339.0,,,,
8107,34.0,237.0,,,,
8108,36.0,312.0,,,,
8109,54.0,360.0,,,,
8110,48.0,367.0,,,,
8111,55.0,329.0,,,,
8112,57.0,618.0,,,,
8113,58.0,520.0,,,,
8114,55.0,530.0,,,,
8115,54.0,503.0,,,,
8116,46.0,392.0,,,,
8117,52.0,521.0,,,,
8118,65.0,666.0,,,,
8119,96.0,802.0,,,,
8120,88.0,664.0,,,,
8121,1.0,16.0,,,,
8122,32.0,311.0,,,,
8123,9.0,78.0,,,,
8124,47.0,376.0,,,,
8125,1.0,5.0,,,,
8126,9.0,27.0,,,,
8127,1.0,6.0,,,,
8128,1.0,7.0,,,,
8129,1.0,5.0,,,,
8130,1.0,6.0,,,,
8131,1.0,5.0,,,,
8132,1.0,7.0,,,,
8133,40.0,415.0,,,,
8134,1.0,4.0,,,,
8135,1.0,5.0,,,,
8136,1.0,4.0,,,,
8137,1.0,6.0,,,,
8138,1.0,6.0,,,,
8139,1.0,7.0,,,,
8140,1.0,5.0,,,,
8141,1.0,5.0,,,,
8142,1.0,4.0,,,,
8143,1.0,7.0,,,,
8144,1.0,4.0,,,,
8145,1.0,4.0,,,,
8146,1.0,4.0,,,,
8147,1.0,5.0,,,,
8148,1.0,4.0,,,,
8149,1.0,8.0,,,,
8150,1.0,7.0,,,,
8151,45.0,523.0,,,,
8152,120.0,1069.0,,,,
8153,71.0,624.0,,,,
8154,96.0,684.0,,,,
8155,58.0,532.0,,,,
8156,58.0,503.0,,,,
8157,62.0,630.0,,,,
8158,107.0,1009.0,,,,
8159,86.0,739.0,,,,
8160,108.0,1115.0,,,,
8161,87.0,879.0,,,,
8162,43.0,403.0,,,,
8163,61.0,592.0,,,,
8164,70.0,532.0,,,,
8165,59.0,556.0,,,,
8166,83.0,615.0,,,,
8167,55.0,436.0,,,,
8168,76.0,649.0,,,,
8169,91.0,824.0,,,,
8170,93.0,862.0,,,,
8171,54.0,375.0,,,,
8172,61.0,534.0,,,,
8173,62.0,504.0,,,,
8174,59.0,542.0,,,,
8175,55.0,483.0,,,,
8176,68.0,608.0,,,,
8177,67.0,592.0,,,,
8178,59.0,502.0,,,,
8179,65.0,624.0,,,,
8180,71.0,638.0,,,,
8181,61.0,536.0,,,,
8182,54.0,418.0,,,,
8183,39.0,432.0,,,,
8184,73.0,531.0,,,,
8185,63.0,583.0,,,,
8186,44.0,451.0,,,,
8187,61.0,542.0,,,,
8188,68.0,662.0,,,,
8189,44.0,315.0,,,,
8190,38.0,349.0,,,,
8191,57.0,514.0,,,,
8192,77.0,572.0,,,,
8193,77.0,827.0,,,,
8194,36.0,364.0,,,,
8195,42.0,396.0,,,,
8196,77.0,820.0,,,,
8197,127.0,1199.0,,,,
8198,51.0,564.0,,,,
8199,50.0,437.0,,,,
8200,62.0,659.0,,,,
8201,66.0,357.0,,,,
8202,58.0,601.0,,,,
8203,56.0,486.0,,,,
8204,52.0,454.0,,,,
8205,46.0,459.0,,,,
8206,65.0,657.0,,,,
8207,61.0,614.0,,,,
8208,45.0,472.0,,,,
8209,29.0,346.0,,,,
8210,64.0,549.0,,,,
8211,57.0,532.0,,,,
8212,27.0,288.0,,,,
8213,86.0,579.0,,,,
8214,55.0,466.0,,,,
8215,76.0,708.0,,,,
8216,56.0,597.0,,,,
8217,88.0,774.0,,,,
8218,61.0,756.0,,,,
8219,64.0,440.0,,,,
8220,73.0,760.0,,,,
8221,50.0,447.0,,,,
8222,81.0,912.0,,,,
8223,72.0,705.0,,,,
8224,72.0,624.0,,,,
8225,47.0,393.0,,,,
8226,39.0,361.0,,,,
8227,62.0,426.0,,,,
8228,49.0,541.0,,,,
8229,75.0,779.0,,,,
8230,77.0,697.0,,,,
8231,38.0,500.0,,,,
8232,46.0,579.0,,,,
8233,42.0,416.0,,,,
8234,59.0,761.0,,,,
8235,48.0,542.0,,,,
8236,84.0,631.0,,,,
8237,95.0,699.0,,,,
8238,39.0,414.0,,,,
8239,55.0,583.0,,,,
8240,66.0,565.0,,,,
8241,276.0,2365.0,,,,
8242,57.0,451.0,,,,
8243,34.0,356.0,,,,
8244,46.0,509.0,,,,
8245,46.0,419.0,,,,
8246,51.0,445.0,,,,
8247,25.0,207.0,,,,
8248,76.0,712.0,,,,
8249,62.0,531.0,,,,
8250,65.0,609.0,,,,
8251,205.0,1532.0,,,,
8252,36.0,407.0,,,,
8253,50.0,437.0,,,,
8254,47.0,539.0,,,,
8255,56.0,628.0,,,,
8256,67.0,620.0,,,,
8257,57.0,641.0,,,,
8258,75.0,573.0,,,,
8259,40.0,288.0,,,,
8260,57.0,486.0,,,,
8261,55.0,488.0,,,,
8262,81.0,839.0,,,,
8263,83.0,666.0,,,,
8264,66.0,555.0,,,,
8265,87.0,634.0,,,,
8266,326.0,2949.0,,,,
8267,93.0,605.0,,,,
8268,82.0,563.0,,,,
8269,62.0,548.0,,,,
8270,62.0,649.0,,,,
8271,66.0,621.0,,,,
8272,234.0,2245.0,,,,
8273,46.0,341.0,,,,
8274,59.0,490.0,,,,
8275,71.0,416.0,,,,
8276,234.0,2232.0,,,,
8277,55.0,504.0,,,,
8278,79.0,717.0,,,,
8279,67.0,400.0,,,,
8280,53.0,503.0,,,,
8281,178.0,1677.0,,,,
8282,43.0,437.0,,,,
8283,57.0,577.0,,,,
8284,59.0,598.0,,,,
8285,65.0,507.0,,,,
8286,77.0,682.0,,,,
8287,104.0,1095.0,,,,
8288,34.0,337.0,,,,
8289,156.0,1365.0,,,,
8290,51.0,457.0,,,,
8291,37.0,213.0,,,,
8292,51.0,519.0,,,,
8293,76.0,611.0,,,,
8294,36.0,304.0,,,,
8295,137.0,1154.0,,,,
8296,106.0,941.0,,,,
8297,76.0,708.0,,,,
8298,34.0,300.0,,,,
8299,82.0,491.0,,,,
8300,50.0,542.0,,,,
8301,34.0,304.0,,,,
8302,92.0,694.0,,,,
8303,105.0,777.0,,,,
8304,47.0,392.0,,,,
8305,84.0,660.0,,,,
8306,99.0,783.0,,,,
8307,17.0,145.0,,,,
8308,55.0,387.0,,,,
8309,72.0,684.0,,,,
8310,43.0,372.0,,,,
8311,55.0,547.0,,,,
8312,29.0,287.0,,,,
8313,70.0,622.0,,,,
8314,82.0,501.0,,,,
8315,21.0,145.0,,,,
8316,48.0,403.0,,,,
8317,45.0,315.0,,,,
8318,46.0,359.0,,,,
8319,24.0,176.0,,,,
8320,53.0,389.0,,,,
8321,59.0,660.0,,,,
8322,78.0,508.0,,,,
8323,78.0,1055.0,,,,
8324,116.0,589.0,,,,
8325,51.0,363.0,,,,
8326,72.0,466.0,,,,
8327,109.0,723.0,,,,
8328,84.0,1052.0,,,,
8329,61.0,433.0,,,,
8330,83.0,651.0,,,,
8331,66.0,537.0,,,,
8332,77.0,827.0,,,,
8333,129.0,824.0,,,,
8334,62.0,628.0,,,,
8335,44.0,303.0,,,,
8336,48.0,302.0,,,,
8337,65.0,430.0,,,,
8338,118.0,812.0,,,,
8339,85.0,647.0,,,,
8340,52.0,465.0,,,,
8341,73.0,608.0,,,,
8342,66.0,464.0,,,,
8343,103.0,795.0,,,,
8344,58.0,401.0,,,,
8345,86.0,490.0,,,,
8346,70.0,662.0,,,,
8347,73.0,520.0,,,,
8348,66.0,534.0,,,,
8349,76.0,539.0,,,,
8350,71.0,435.0,,,,
8351,50.0,446.0,,,,
8352,44.0,447.0,,,,
8353,48.0,286.0,,,,
8354,79.0,654.0,,,,
8355,70.0,680.0,,,,
8356,122.0,743.0,,,,
8357,90.0,702.0,,,,
8358,63.0,534.0,,,,
8359,78.0,577.0,,,,
8360,38.0,272.0,,,,
8361,55.0,336.0,,,,
8362,56.0,273.0,,,,
8363,81.0,392.0,,,,
8364,91.0,742.0,,,,
8365,133.0,734.0,,,,
8366,60.0,422.0,,,,
8367,71.0,534.0,,,,
8368,62.0,496.0,,,,
8369,98.0,822.0,,,,
8370,78.0,504.0,,,,
8371,56.0,333.0,,,,
8372,54.0,327.0,,,,
8373,78.0,753.0,,,,
8374,55.0,361.0,,,,
8375,93.0,637.0,,,,
8376,96.0,557.0,,,,
8377,59.0,401.0,,,,
8378,28.0,274.0,,,,
8379,84.0,515.0,,,,
8380,60.0,486.0,,,,
8381,54.0,410.0,,,,
8382,106.0,643.0,,,,
8383,24.0,185.0,,,,
8384,59.0,532.0,,,,
8385,58.0,392.0,,,,
8386,55.0,328.0,,,,
8387,59.0,404.0,,,,
8388,46.0,456.0,,,,
8389,76.0,480.0,,,,
8390,24.0,281.0,,,,
8391,59.0,284.0,,,,
8392,91.0,648.0,,,,
8393,54.0,367.0,,,,
8394,4.0,23.0,,,,
8395,56.0,449.0,,,,
8396,52.0,323.0,,,,
8397,57.0,444.0,,,,
8398,122.0,567.0,,,,
8399,58.0,505.0,,,,
8400,45.0,204.0,,,,
8401,88.0,631.0,,,,
8402,62.0,329.0,,,,
8403,41.0,296.0,,,,
8404,67.0,603.0,,,,
8405,43.0,429.0,,,,
8406,69.0,483.0,,,,
8407,53.0,268.0,,,,
8408,53.0,472.0,,,,
8409,92.0,764.0,,,,
8410,29.0,205.0,,,,
8411,40.0,358.0,,,,
8412,73.0,405.0,,,,
8413,81.0,652.0,,,,
8414,69.0,655.0,,,,
8415,54.0,318.0,,,,
8416,13.0,149.0,,,,
8417,48.0,282.0,,,,
8418,55.0,570.0,,,,
8419,69.0,490.0,,,,
8420,73.0,564.0,,,,
8421,64.0,543.0,,,,
8422,46.0,377.0,,,,
8423,74.0,563.0,,,,
8424,46.0,255.0,,,,
8425,54.0,327.0,,,,
8426,86.0,635.0,,,,
8427,56.0,356.0,,,,
8428,45.0,306.0,,,,
8429,55.0,395.0,,,,
8430,70.0,471.0,,,,
8431,58.0,329.0,,,,
8432,60.0,401.0,,,,
8433,53.0,330.0,,,,
8434,49.0,379.0,,,,
8435,57.0,609.0,,,,
8436,16.0,139.0,,,,
8437,46.0,436.0,,,,
8438,39.0,302.0,,,,
8439,26.0,245.0,,,,
8440,46.0,336.0,,,,
8441,68.0,453.0,,,,
8442,29.0,225.0,,,,
8443,60.0,409.0,,,,
8444,68.0,548.0,,,,
8445,70.0,461.0,,,,
8446,55.0,411.0,,,,
8447,46.0,342.0,,,,
8448,69.0,521.0,,,,
8449,53.0,279.0,,,,
8450,49.0,314.0,,,,
8451,45.0,348.0,,,,
8452,36.0,260.0,,,,
8453,6.0,33.0,,,,
8454,98.0,487.0,,,,
8455,72.0,333.0,,,,
8456,69.0,545.0,,,,
8457,72.0,456.0,,,,
8458,94.0,706.0,,,,
8459,9.0,116.0,,,,
8460,3.0,64.0,,,,
8461,38.0,166.0,,,,
8462,52.0,202.0,,,,
8463,77.0,494.0,,,,
8464,45.0,370.0,,,,
8465,56.0,436.0,,,,
8466,34.0,226.0,,,,
8467,74.0,630.0,,,,
8468,6.0,119.0,,,,
8469,52.0,299.0,,,,
8470,11.0,316.0,,,,
8471,49.0,328.0,,,,
8472,34.0,315.0,,,,
8473,54.0,524.0,,,,
8474,103.0,777.0,,,,
8475,4.0,32.0,,,,
8476,3.0,64.0,,,,
8477,68.0,636.0,,,,
8478,45.0,407.0,,,,
8479,84.0,557.0,,,,
8480,8.0,48.0,,,,
8481,50.0,360.0,,,,
8482,54.0,461.0,,,,
8483,4.0,26.0,,,,
8484,58.0,447.0,,,,
8485,10.0,134.0,,,,
8486,42.0,282.0,,,,
8487,55.0,382.0,,,,
8488,8.0,104.0,,,,
8489,47.0,314.0,,,,
8490,7.0,85.0,,,,
8491,17.0,64.0,,,,
8492,9.0,101.0,,,,
8493,31.0,203.0,,,,
8494,8.0,126.0,,,,
8495,35.0,213.0,,,,
8496,57.0,370.0,,,,
8497,9.0,127.0,,,,
8498,39.0,272.0,,,,
8499,99.0,887.0,,,,
8500,22.0,125.0,,,,
8501,54.0,351.0,,,,
8502,58.0,486.0,,,,
8503,40.0,249.0,,,,
8504,43.0,362.0,,,,
8505,13.0,83.0,,,,
8506,39.0,281.0,,,,
8507,51.0,396.0,,,,
8508,36.0,280.0,,,,
8509,36.0,354.0,,,,
8510,39.0,327.0,,,,
8511,41.0,369.0,,,,
8512,59.0,414.0,,,,
8513,105.0,840.0,,,,
8514,39.0,228.0,,,,
8515,62.0,576.0,,,,
8516,110.0,942.0,,,,
8517,77.0,595.0,,,,
8518,74.0,628.0,,,,
8519,98.0,901.0,,,,
8520,74.0,654.0,,,,
8521,77.0,542.0,,,,
8522,86.0,646.0,,,,
8523,75.0,711.0,,,,
8524,79.0,506.0,,,,
8525,77.0,574.0,,,,
8526,55.0,334.0,,,,
8527,82.0,555.0,,,,
8528,58.0,528.0,,,,
8529,72.0,497.0,,,,
8530,53.0,494.0,,,,
8531,31.0,264.0,,,,
8532,64.0,471.0,,,,
8533,60.0,407.0,,,,
8534,64.0,493.0,,,,
8535,61.0,525.0,,,,
8536,59.0,594.0,,,,
8537,25.0,203.0,,,,
8538,67.0,483.0,,,,
8539,108.0,930.0,,,,
8540,34.0,364.0,,,,
8541,47.0,303.0,,,,
8542,70.0,600.0,,,,
8543,46.0,426.0,,,,
8544,46.0,471.0,,,,
8545,52.0,390.0,,,,
8546,79.0,442.0,,,,
8547,52.0,424.0,,,,
8548,63.0,389.0,,,,
8549,61.0,392.0,,,,
8550,47.0,261.0,,,,
8551,79.0,654.0,,,,
8552,47.0,401.0,,,,
8553,64.0,492.0,,,,
8554,56.0,514.0,,,,
8555,62.0,425.0,,,,
8556,42.0,330.0,,,,
8557,71.0,531.0,,,,
8558,62.0,505.0,,,,
8559,64.0,505.0,,,,
8560,55.0,433.0,,,,
8561,90.0,668.0,,,,
8562,56.0,443.0,,,,
8563,38.0,309.0,,,,
8564,99.0,535.0,,,,
8565,72.0,412.0,,,,
8566,76.0,488.0,,,,
8567,54.0,361.0,,,,
8568,60.0,571.0,,,,
8569,58.0,536.0,,,,
8570,58.0,494.0,,,,
8571,28.0,249.0,,,,
8572,23.0,235.0,,,,
8573,89.0,466.0,,,,
8574,56.0,319.0,,,,
8575,46.0,430.0,,,,
8576,9.0,140.0,,,,
8577,41.0,417.0,,,,
8578,58.0,541.0,,,,
8579,51.0,285.0,,,,
8580,87.0,676.0,,,,
8581,45.0,353.0,,,,
8582,67.0,561.0,,,,
8583,47.0,411.0,,,,
8584,63.0,534.0,,,,
8585,42.0,393.0,,,,
8586,62.0,501.0,,,,
8587,68.0,623.0,,,,
8588,57.0,597.0,,,,
8589,64.0,414.0,,,,
8590,49.0,459.0,,,,
8591,59.0,391.0,,,,
8592,63.0,484.0,,,,
8593,61.0,484.0,,,,
8594,56.0,404.0,,,,
8595,30.0,185.0,,,,
8596,61.0,401.0,,,,
8597,44.0,354.0,,,,
8598,48.0,367.0,,,,
8599,45.0,363.0,,,,
8600,54.0,439.0,,,,
8601,47.0,378.0,,,,
8602,29.0,236.0,,,,
8603,51.0,527.0,,,,
8604,55.0,429.0,,,,
8605,25.0,147.0,,,,
8606,65.0,428.0,,,,
8607,23.0,180.0,,,,
8608,42.0,374.0,,,,
8609,61.0,486.0,,,,
8610,15.0,114.0,,,,
8611,124.0,739.0,,,,
8612,13.0,89.0,,,,
8613,52.0,429.0,,,,
8614,33.0,306.0,,,,
8615,31.0,269.0,,,,
8616,29.0,185.0,,,,
8617,46.0,385.0,,,,
8618,25.0,203.0,,,,
8619,52.0,493.0,,,,
8620,58.0,528.0,,,,
8621,68.0,431.0,,,,
8622,38.0,311.0,,,,
8623,34.0,358.0,,,,
8624,60.0,418.0,,,,
8625,42.0,310.0,,,,
8626,38.0,309.0,,,,
8627,52.0,390.0,,,,
8628,42.0,330.0,,,,
8629,57.0,300.0,,,,
8630,38.0,406.0,,,,
8631,66.0,664.0,,,,
8632,78.0,678.0,,,,
8633,81.0,767.0,,,,
8634,24.0,251.0,,,,
8635,60.0,478.0,,,,
8636,65.0,576.0,,,,
8637,57.0,533.0,,,,
8638,95.0,617.0,,,,
8639,84.0,646.0,,,,
8640,73.0,580.0,,,,
8641,55.0,525.0,,,,
8642,88.0,823.0,,,,
8643,29.0,242.0,,,,
8644,83.0,614.0,,,,
8645,78.0,742.0,,,,
8646,50.0,551.0,,,,
8647,62.0,497.0,,,,
8648,99.0,816.0,,,,
8649,75.0,591.0,,,,
8650,88.0,586.0,,,,
8651,95.0,874.0,,,,
8652,84.0,661.0,,,,
8653,99.0,882.0,,,,
8654,69.0,555.0,,,,
8655,30.0,302.0,,,,
8656,61.0,585.0,,,,
8657,55.0,533.0,,,,
8658,70.0,634.0,,,,
8659,54.0,459.0,,,,
8660,67.0,498.0,,,,
8661,44.0,368.0,,,,
8662,70.0,547.0,,,,
8663,107.0,921.0,,,,
8664,35.0,279.0,,,,
8665,55.0,527.0,,,,
8666,55.0,520.0,,,,
8667,27.0,239.0,,,,
8668,83.0,696.0,,,,
8669,62.0,468.0,,,,
8670,67.0,479.0,,,,
8671,83.0,736.0,,,,
8672,60.0,522.0,,,,
8673,59.0,450.0,,,,
8674,43.0,359.0,,,,
8675,84.0,581.0,,,,
8676,53.0,347.0,,,,
8677,83.0,591.0,,,,
8678,56.0,332.0,,,,
8679,58.0,485.0,,,,
8680,90.0,680.0,,,,
8681,85.0,592.0,,,,
8682,63.0,577.0,,,,
8683,88.0,683.0,,,,
8684,34.0,312.0,,,,
8685,81.0,682.0,,,,
8686,100.0,726.0,,,,
8687,71.0,494.0,,,,
8688,53.0,642.0,,,,
8689,99.0,672.0,,,,
8690,40.0,444.0,,,,
8691,54.0,444.0,,,,
8692,59.0,489.0,,,,
8693,60.0,427.0,,,,
8694,48.0,375.0,,,,
8695,101.0,903.0,,,,
8696,79.0,662.0,,,,
8697,80.0,638.0,,,,
8698,53.0,372.0,,,,
8699,55.0,450.0,,,,
8700,79.0,642.0,,,,
8701,107.0,793.0,,,,
8702,74.0,642.0,,,,
8703,72.0,631.0,,,,
8704,50.0,341.0,,,,
8705,72.0,488.0,,,,
8706,61.0,408.0,,,,
8707,84.0,796.0,,,,
8708,46.0,397.0,,,,
8709,56.0,488.0,,,,
8710,64.0,473.0,,,,
8711,57.0,380.0,,,,
8712,81.0,694.0,,,,
8713,75.0,481.0,,,,
8714,50.0,390.0,,,,
8715,61.0,521.0,,,,
8716,33.0,222.0,,,,
8717,89.0,572.0,,,,
8718,44.0,399.0,,,,
8719,79.0,646.0,,,,
8720,86.0,741.0,,,,
8721,81.0,692.0,,,,
8722,31.0,275.0,,,,
8723,69.0,596.0,,,,
8724,68.0,563.0,,,,
8725,43.0,371.0,,,,
8726,49.0,399.0,,,,
8727,55.0,482.0,,,,
8728,67.0,595.0,,,,
8729,92.0,634.0,,,,
8730,89.0,554.0,,,,
8731,66.0,553.0,,,,
8732,42.0,328.0,,,,
8733,72.0,700.0,,,,
8734,61.0,542.0,,,,
8735,80.0,681.0,,,,
8736,15.0,72.0,,,,
8737,32.0,265.0,,,,
8738,93.0,695.0,,,,
8739,59.0,367.0,,,,
8740,1.0,8.0,,,,
8741,47.0,365.0,,,,
8742,79.0,629.0,,,,
8743,1.0,7.0,,,,
8744,53.0,485.0,,,,
8745,27.0,253.0,,,,
8746,66.0,442.0,,,,
8747,88.0,792.0,,,,
8748,53.0,433.0,,,,
8749,49.0,350.0,,,,
8750,66.0,613.0,,,,
8751,57.0,440.0,,,,
8752,38.0,246.0,,,,
8753,57.0,507.0,,,,
8754,46.0,382.0,,,,
8755,57.0,389.0,,,,
8756,46.0,459.0,,,,
8757,64.0,416.0,,,,
8758,60.0,561.0,,,,
8759,69.0,479.0,,,,
8760,58.0,357.0,,,,
8761,54.0,386.0,,,,
8762,57.0,380.0,,,,
8763,56.0,371.0,,,,
8764,57.0,379.0,,,,
8765,51.0,400.0,,,,
8766,55.0,398.0,,,,
8767,108.0,930.0,,,,
8768,42.0,359.0,,,,
8769,60.0,488.0,,,,
8770,67.0,424.0,,,,
8771,43.0,400.0,,,,
8772,59.0,432.0,,,,
8773,51.0,304.0,,,,
8774,67.0,448.0,,,,
8775,76.0,536.0,,,,
8776,50.0,489.0,,,,
8777,62.0,388.0,,,,
8778,48.0,465.0,,,,
8779,47.0,386.0,,,,
8780,49.0,377.0,,,,
8781,63.0,298.0,,,,
8782,61.0,462.0,,,,
8783,48.0,389.0,,,,
8784,51.0,552.0,,,,
8785,62.0,342.0,,,,
8786,63.0,510.0,,,,
8787,45.0,404.0,,,,
8788,30.0,173.0,,,,
8789,50.0,602.0,,,,
8790,47.0,464.0,,,,
8791,35.0,229.0,,,,
8792,50.0,444.0,,,,
8793,59.0,520.0,,,,
8794,46.0,452.0,,,,
8795,32.0,223.0,,,,
8796,49.0,374.0,,,,
8797,67.0,323.0,,,,
8798,46.0,335.0,,,,
8799,73.0,556.0,,,,
8800,43.0,429.0,,,,
8801,94.0,725.0,,,,
8802,53.0,463.0,,,,
8803,47.0,468.0,,,,
8804,66.0,637.0,,,,
8805,13.0,79.0,,,,
8806,65.0,462.0,,,,
8807,41.0,270.0,,,,
8808,20.0,213.0,,,,
8809,47.0,269.0,,,,
8810,44.0,297.0,,,,
8811,64.0,459.0,,,,
8812,62.0,486.0,,,,
8813,18.0,446.0,,,,
8814,1.0,3.0,,,,
8815,47.0,252.0,,,,
8816,40.0,302.0,,,,
8817,11.0,412.0,,,,
8818,43.0,400.0,,,,
8819,35.0,558.0,,,,
8820,22.0,642.0,,,,
8821,43.0,452.0,,,,
8822,150.0,1216.0,,,,
8823,91.0,1243.0,,,,
8824,107.0,1075.0,,,,
8825,87.0,689.0,,,,
8826,110.0,899.0,,,,
8827,118.0,979.0,,,,
8828,127.0,878.0,,,,
8829,80.0,691.0,,,,
8830,67.0,634.0,,,,
8831,103.0,824.0,,,,
8832,120.0,997.0,,,,
8833,72.0,637.0,,,,
8834,89.0,634.0,,,,
8835,107.0,903.0,,,,
8836,74.0,653.0,,,,
8837,80.0,863.0,,,,
8838,149.0,893.0,,,,
8839,116.0,859.0,,,,
8840,95.0,742.0,,,,
8841,82.0,670.0,,,,
8842,64.0,483.0,,,,
8843,87.0,673.0,,,,
8844,90.0,761.0,,,,
8845,46.0,317.0,,,,
8846,105.0,815.0,,,,
8847,102.0,841.0,,,,
8848,77.0,727.0,,,,
8849,104.0,780.0,,,,
8850,93.0,848.0,,,,
8851,99.0,907.0,,,,
8852,79.0,646.0,,,,
8853,54.0,576.0,,,,
8854,68.0,576.0,,,,
8855,123.0,848.0,,,,
8856,77.0,551.0,,,,
8857,102.0,722.0,,,,
8858,99.0,948.0,,,,
8859,69.0,619.0,,,,
8860,107.0,755.0,,,,
8861,71.0,590.0,,,,
8862,81.0,655.0,,,,
8863,63.0,602.0,,,,
8864,80.0,667.0,,,,
8865,90.0,765.0,,,,
8866,85.0,708.0,,,,
8867,70.0,694.0,,,,
8868,85.0,802.0,,,,
8869,95.0,742.0,,,,
8870,113.0,1055.0,,,,
8871,69.0,603.0,,,,
8872,89.0,699.0,,,,
8873,75.0,713.0,,,,
8874,112.0,879.0,,,,
8875,70.0,607.0,,,,
8876,45.0,329.0,,,,
8877,85.0,693.0,,,,
8878,121.0,925.0,,,,
8879,80.0,697.0,,,,
8880,83.0,569.0,,,,
8881,38.0,365.0,,,,
8882,77.0,757.0,,,,
8883,78.0,667.0,,,,
8884,98.0,883.0,,,,
8885,89.0,794.0,,,,
8886,92.0,756.0,,,,
8887,72.0,606.0,,,,
8888,80.0,852.0,,,,
8889,88.0,572.0,,,,
8890,82.0,668.0,,,,
8891,74.0,530.0,,,,
8892,80.0,483.0,,,,
8893,85.0,662.0,,,,
8894,88.0,631.0,,,,
8895,65.0,609.0,,,,
8896,85.0,627.0,,,,
8897,68.0,592.0,,,,
8898,101.0,885.0,,,,
8899,110.0,603.0,,,,
8900,88.0,747.0,,,,
8901,91.0,740.0,,,,
8902,95.0,826.0,,,,
8903,53.0,386.0,,,,
8904,123.0,736.0,,,,
8905,94.0,737.0,,,,
8906,66.0,384.0,,,,
8907,114.0,765.0,,,,
8908,12.0,211.0,,,,
8909,86.0,693.0,,,,
8910,88.0,758.0,,,,
8911,62.0,585.0,,,,
8912,27.0,154.0,,,,
8913,79.0,572.0,,,,
8914,67.0,598.0,,,,
8915,64.0,569.0,,,,
8916,45.0,351.0,,,,
8917,39.0,313.0,,,,
8918,64.0,585.0,,,,
8919,87.0,777.0,,,,
8920,78.0,613.0,,,,
8921,17.0,98.0,,,,
8922,68.0,573.0,,,,
8923,38.0,386.0,,,,
8924,88.0,718.0,,,,
8925,93.0,789.0,,,,
8926,76.0,496.0,,,,
8927,71.0,587.0,,,,
8928,22.0,154.0,,,,
8929,51.0,438.0,,,,
8930,34.0,281.0,,,,
8931,48.0,298.0,,,,
8932,30.0,255.0,,,,
8933,25.0,260.0,,,,
8934,26.0,153.0,,,,
8935,74.0,469.0,,,,
8936,20.0,185.0,,,,
8937,31.0,163.0,,,,
8938,19.0,182.0,,,,
8939,21.0,147.0,,,,
8940,17.0,164.0,,,,
8941,90.0,795.0,,,,
8942,83.0,1154.0,,,,
8943,52.0,413.0,,,,
8944,63.0,523.0,,,,
8945,67.0,636.0,,,,
8946,49.0,421.0,,,,
8947,81.0,688.0,,,,
8948,49.0,478.0,,,,
8949,55.0,586.0,,,,
8950,33.0,350.0,,,,
8951,33.0,316.0,,,,
8952,52.0,672.0,,,,
8953,44.0,516.0,,,,
8954,60.0,502.0,,,,
8955,68.0,646.0,,,,
8956,53.0,507.0,,,,
8957,73.0,759.0,,,,
8958,54.0,601.0,,,,
8959,50.0,628.0,,,,
8960,49.0,557.0,,,,
8961,50.0,527.0,,,,
8962,50.0,413.0,,,,
8963,65.0,637.0,,,,
8964,78.0,574.0,,,,
8965,66.0,618.0,,,,
8966,41.0,293.0,,,,
8967,55.0,669.0,,,,
8968,62.0,503.0,,,,
8969,63.0,534.0,,,,
8970,82.0,610.0,,,,
8971,60.0,557.0,,,,
8972,56.0,496.0,,,,
8973,35.0,397.0,,,,
8974,29.0,309.0,,,,
8975,65.0,430.0,,,,
8976,64.0,592.0,,,,
8977,49.0,548.0,,,,
8978,37.0,296.0,,,,
8979,41.0,381.0,,,,
8980,34.0,413.0,,,,
8981,73.0,638.0,,,,
8982,52.0,425.0,,,,
8983,74.0,757.0,,,,
8984,51.0,425.0,,,,
8985,48.0,488.0,,,,
8986,48.0,363.0,,,,
8987,80.0,574.0,,,,
8988,64.0,407.0,,,,
8989,95.0,765.0,,,,
8990,71.0,471.0,,,,
8991,42.0,296.0,,,,
8992,51.0,412.0,,,,
8993,34.0,285.0,,,,
8994,23.0,247.0,,,,
8995,57.0,527.0,,,,
8996,24.0,238.0,,,,
8997,44.0,305.0,,,,
8998,34.0,273.0,,,,
8999,21.0,276.0,,,,
9000,34.0,393.0,,,,
9001,26.0,260.0,,,,
9002,50.0,395.0,,,,
9003,45.0,472.0,,,,
9004,56.0,542.0,,,,
9005,31.0,294.0,,,,
9006,57.0,426.0,,,,
9007,47.0,428.0,,,,
9008,46.0,412.0,,,,
9009,62.0,399.0,,,,
9010,81.0,775.0,,,,
9011,58.0,592.0,,,,
9012,50.0,469.0,,,,
9013,18.0,182.0,,,,
9014,44.0,397.0,,,,
9015,88.0,626.0,,,,
9016,34.0,312.0,,,,
9017,52.0,379.0,,,,
9018,47.0,358.0,,,,
9019,18.0,166.0,,,,
9020,49.0,361.0,,,,
9021,39.0,271.0,,,,
9022,21.0,279.0,,,,
9023,54.0,669.0,,,,
9024,75.0,436.0,,,,
9025,21.0,177.0,,,,
9026,38.0,341.0,,,,
9027,32.0,280.0,,,,
9028,48.0,370.0,,,,
9029,31.0,331.0,,,,
9030,47.0,402.0,,,,
9031,28.0,254.0,,,,
9032,41.0,353.0,,,,
9033,16.0,167.0,,,,
9034,35.0,315.0,,,,
9035,30.0,307.0,,,,
9036,25.0,125.0,,,,
9037,66.0,569.0,,,,
9038,19.0,165.0,,,,
9039,101.0,729.0,,,,
9040,44.0,494.0,,,,
9041,29.0,247.0,,,,
9042,63.0,575.0,,,,
9043,107.0,821.0,,,,
9044,65.0,543.0,,,,
9045,57.0,475.0,,,,
9046,48.0,494.0,,,,
9047,51.0,390.0,,,,
9048,53.0,456.0,,,,
9049,44.0,378.0,,,,
9050,26.0,177.0,,,,
9051,25.0,204.0,,,,
9052,52.0,623.0,,,,
9053,36.0,254.0,,,,
9054,63.0,456.0,,,,
9055,14.0,116.0,,,,
9056,62.0,478.0,,,,
9057,83.0,797.0,,,,
9058,77.0,563.0,,,,
9059,24.0,190.0,,,,
9060,33.0,165.0,,,,
9061,42.0,353.0,,,,
9062,37.0,331.0,,,,
9063,31.0,213.0,,,,
9064,44.0,405.0,,,,
9065,46.0,559.0,,,,
9066,18.0,155.0,,,,
9067,29.0,253.0,,,,
9068,27.0,200.0,,,,
9069,22.0,167.0,,,,
9070,38.0,346.0,,,,
9071,25.0,257.0,,,,
9072,62.0,487.0,,,,
9073,44.0,288.0,,,,
9074,60.0,574.0,,,,
9075,66.0,569.0,,,,
9076,50.0,445.0,,,,
9077,89.0,725.0,,,,
9078,88.0,754.0,,,,
9079,76.0,644.0,,,,
9080,91.0,808.0,,,,
9081,94.0,647.0,,,,
9082,101.0,841.0,,,,
9083,82.0,742.0,,,,
9084,60.0,542.0,,,,
9085,72.0,664.0,,,,
9086,78.0,613.0,,,,
9087,60.0,576.0,,,,
9088,73.0,691.0,,,,
9089,111.0,783.0,,,,
9090,86.0,700.0,,,,
9091,95.0,822.0,,,,
9092,111.0,945.0,,,,
9093,116.0,893.0,,,,
9094,72.0,649.0,,,,
9095,81.0,832.0,,,,
9096,61.0,471.0,,,,
9097,106.0,929.0,,,,
9098,40.0,360.0,,,,
9099,61.0,483.0,,,,
9100,63.0,518.0,,,,
9101,84.0,637.0,,,,
9102,74.0,715.0,,,,
9103,76.0,610.0,,,,
9104,99.0,1113.0,,,,
9105,100.0,847.0,,,,
9106,98.0,671.0,,,,
9107,63.0,489.0,,,,
9108,128.0,1115.0,,,,
9109,82.0,828.0,,,,
9110,95.0,737.0,,,,
9111,56.0,394.0,,,,
9112,108.0,849.0,,,,
9113,102.0,694.0,,,,
9114,36.0,354.0,,,,
9115,25.0,251.0,,,,
9116,95.0,744.0,,,,
9117,100.0,862.0,,,,
9118,95.0,896.0,,,,
9119,82.0,804.0,,,,
9120,123.0,755.0,,,,
9121,87.0,703.0,,,,
9122,68.0,415.0,,,,
9123,79.0,709.0,,,,
9124,71.0,728.0,,,,
9125,83.0,715.0,,,,
9126,104.0,957.0,,,,
9127,8.0,136.0,,,,
9128,101.0,853.0,,,,
9129,98.0,624.0,,,,
9130,33.0,260.0,,,,
9131,28.0,239.0,,,,
9132,103.0,871.0,,,,
9133,46.0,380.0,,,,
9134,101.0,754.0,,,,
9135,11.0,24.0,,,,
9136,6.0,64.0,,,,
9137,1.0,5.0,,,,
9138,1.0,3.0,,,,
9139,57.0,475.0,,,,
9140,5.0,67.0,,,,
9141,1.0,8.0,,,,
9142,114.0,725.0,,,,
9143,47.0,404.0,,,,
9144,61.0,498.0,,,,
9145,91.0,858.0,,,,
9146,56.0,413.0,,,,
9147,91.0,777.0,,,,
9148,46.0,414.0,,,,
9149,57.0,435.0,,,,
9150,50.0,446.0,,,,
9151,78.0,601.0,,,,
9152,58.0,599.0,,,,
9153,79.0,659.0,,,,
9154,63.0,420.0,,,,
9155,83.0,532.0,,,,
9156,58.0,556.0,,,,
9157,67.0,537.0,,,,
9158,102.0,849.0,,,,
9159,62.0,622.0,,,,
9160,76.0,514.0,,,,
9161,60.0,502.0,,,,
9162,31.0,272.0,,,,
9163,55.0,426.0,,,,
9164,76.0,632.0,,,,
9165,64.0,456.0,,,,
9166,55.0,427.0,,,,
9167,69.0,609.0,,,,
9168,72.0,566.0,,,,
9169,65.0,485.0,,,,
9170,50.0,456.0,,,,
9171,73.0,580.0,,,,
9172,77.0,513.0,,,,
9173,9.0,426.0,,,,
9174,60.0,448.0,,,,
9175,15.0,137.0,,,,
9176,15.0,580.0,,,,
9177,134.0,1130.0,,,,
9178,90.0,562.0,,,,
9179,28.0,415.0,,,,
9180,54.0,465.0,,,,
9181,5.0,370.0,,,,
9182,15.0,432.0,,,,
9183,48.0,369.0,,,,
9184,11.0,415.0,,,,
9185,90.0,698.0,,,,
9186,24.0,542.0,,,,
9187,53.0,697.0,,,,
9188,6.0,346.0,,,,
9189,20.0,519.0,,,,
9190,34.0,290.0,,,,
9191,84.0,706.0,,,,
9192,27.0,609.0,,,,
9193,9.0,638.0,,,,
9194,59.0,844.0,,,,
9195,57.0,468.0,,,,
9196,10.0,481.0,,,,
9197,6.0,379.0,,,,
9198,10.0,345.0,,,,
9199,80.0,774.0,,,,
9200,53.0,393.0,,,,
9201,71.0,527.0,,,,
9202,63.0,420.0,,,,
9203,52.0,705.0,,,,
9204,50.0,401.0,,,,
9205,22.0,641.0,,,,
9206,54.0,764.0,,,,
9207,16.0,339.0,,,,
9208,31.0,227.0,,,,
9209,7.0,245.0,,,,
9210,16.0,649.0,,,,
9211,26.0,472.0,,,,
9212,62.0,466.0,,,,
9213,40.0,625.0,,,,
9214,43.0,327.0,,,,
9215,89.0,577.0,,,,
9216,60.0,488.0,,,,
9217,32.0,221.0,,,,
9218,70.0,618.0,,,,
9219,98.0,811.0,,,,
9220,73.0,736.0,,,,
9221,66.0,491.0,,,,
9222,86.0,586.0,,,,
9223,75.0,662.0,,,,
9224,68.0,675.0,,,,
9225,64.0,407.0,,,,
9226,119.0,1048.0,,,,
9227,53.0,543.0,,,,
9228,87.0,640.0,,,,
9229,60.0,398.0,,,,
9230,151.0,894.0,,,,
9231,73.0,568.0,,,,
9232,68.0,382.0,,,,
9233,57.0,370.0,,,,
9234,57.0,549.0,,,,
9235,50.0,501.0,,,,
9236,78.0,477.0,,,,
9237,56.0,603.0,,,,
9238,74.0,460.0,,,,
9239,53.0,390.0,,,,
9240,83.0,664.0,,,,
9241,73.0,620.0,,,,
9242,67.0,428.0,,,,
9243,65.0,438.0,,,,
9244,84.0,711.0,,,,
9245,55.0,398.0,,,,
9246,42.0,340.0,,,,
9247,57.0,477.0,,,,
9248,58.0,432.0,,,,
9249,52.0,326.0,,,,
9250,60.0,490.0,,,,
9251,70.0,473.0,,,,
9252,49.0,355.0,,,,
9253,67.0,464.0,,,,
9254,64.0,443.0,,,,
9255,90.0,715.0,,,,
9256,37.0,412.0,,,,
9257,89.0,588.0,,,,
9258,90.0,491.0,,,,
9259,65.0,508.0,,,,
9260,71.0,621.0,,,,
9261,76.0,475.0,,,,
9262,46.0,374.0,,,,
9263,57.0,550.0,,,,
9264,60.0,454.0,,,,
9265,53.0,470.0,,,,
9266,58.0,602.0,,,,
9267,52.0,484.0,,,,
9268,82.0,467.0,,,,
9269,72.0,597.0,,,,
9270,63.0,565.0,,,,
9271,84.0,535.0,,,,
9272,1.0,10.0,,,,
9273,74.0,583.0,,,,
9274,66.0,580.0,,,,
9275,73.0,743.0,,,,
9276,86.0,741.0,,,,
9277,54.0,445.0,,,,
9278,66.0,765.0,,,,
9279,54.0,441.0,,,,
9280,68.0,700.0,,,,
9281,41.0,384.0,,,,
9282,41.0,325.0,,,,
9283,43.0,403.0,,,,
9284,56.0,553.0,,,,
9285,52.0,502.0,,,,
9286,45.0,482.0,,,,
9287,80.0,628.0,,,,
9288,75.0,535.0,,,,
9289,39.0,543.0,,,,
9290,54.0,606.0,,,,
9291,64.0,615.0,,,,
9292,58.0,508.0,,,,
9293,41.0,416.0,,,,
9294,66.0,638.0,,,,
9295,60.0,531.0,,,,
9296,80.0,647.0,,,,
9297,60.0,363.0,,,,
9298,57.0,448.0,,,,
9299,65.0,559.0,,,,
9300,32.0,319.0,,,,
9301,69.0,728.0,,,,
9302,38.0,404.0,,,,
9303,63.0,503.0,,,,
9304,75.0,621.0,,,,
9305,64.0,616.0,,,,
9306,36.0,316.0,,,,
9307,46.0,367.0,,,,
9308,54.0,471.0,,,,
9309,54.0,572.0,,,,
9310,39.0,449.0,,,,
9311,20.0,203.0,,,,
9312,9.0,64.0,,,,
9313,66.0,810.0,,,,
9314,58.0,669.0,,,,
9315,50.0,488.0,,,,
9316,57.0,520.0,,,,
9317,51.0,549.0,,,,
9318,80.0,644.0,,,,
9319,50.0,385.0,,,,
9320,77.0,810.0,,,,
9321,52.0,426.0,,,,
9322,34.0,332.0,,,,
9323,56.0,604.0,,,,
9324,39.0,445.0,,,,
9325,54.0,564.0,,,,
9326,48.0,448.0,,,,
9327,77.0,992.0,,,,
9328,56.0,701.0,,,,
9329,67.0,516.0,,,,
9330,49.0,501.0,,,,
9331,50.0,547.0,,,,
9332,61.0,486.0,,,,
9333,40.0,441.0,,,,
9334,52.0,456.0,,,,
9335,40.0,524.0,,,,
9336,38.0,457.0,,,,
9337,61.0,648.0,,,,
9338,46.0,525.0,,,,
9339,67.0,554.0,,,,
9340,66.0,543.0,,,,
9341,41.0,491.0,,,,
9342,64.0,546.0,,,,
9343,54.0,554.0,,,,
9344,62.0,662.0,,,,
9345,81.0,616.0,,,,
9346,58.0,559.0,,,,
9347,34.0,341.0,,,,
9348,63.0,507.0,,,,
9349,52.0,458.0,,,,
9350,58.0,646.0,,,,
9351,55.0,562.0,,,,
9352,37.0,418.0,,,,
9353,49.0,422.0,,,,
9354,47.0,491.0,,,,
9355,34.0,447.0,,,,
9356,48.0,400.0,,,,
9357,51.0,429.0,,,,
9358,21.0,230.0,,,,
9359,64.0,547.0,,,,
9360,43.0,403.0,,,,
9361,22.0,275.0,,,,
9362,35.0,351.0,,,,
9363,28.0,262.0,,,,
9364,47.0,420.0,,,,
9365,48.0,330.0,,,,
9366,48.0,381.0,,,,
9367,52.0,360.0,,,,
9368,23.0,176.0,,,,
9369,59.0,445.0,,,,
9370,67.0,439.0,,,,
9371,65.0,431.0,,,,
9372,49.0,365.0,,,,
9373,15.0,128.0,,,,
9374,49.0,356.0,,,,
9375,18.0,175.0,,,,
9376,59.0,492.0,,,,
9377,46.0,311.0,,,,
9378,26.0,191.0,,,,
9379,57.0,369.0,,,,
9380,24.0,217.0,,,,
9381,25.0,178.0,,,,
9382,21.0,122.0,,,,
9383,51.0,317.0,,,,
9384,70.0,402.0,,,,
9385,46.0,317.0,,,,
9386,41.0,240.0,,,,
9387,57.0,394.0,,,,
9388,20.0,145.0,,,,
9389,54.0,393.0,,,,
9390,47.0,405.0,,,,
9391,44.0,412.0,,,,
9392,25.0,239.0,,,,
9393,41.0,374.0,,,,
9394,50.0,472.0,,,,
9395,27.0,219.0,,,,
9396,1.0,3.0,,,,
9397,36.0,203.0,,,,
9398,26.0,174.0,,,,
9399,27.0,256.0,,,,
9400,42.0,345.0,,,,
9401,50.0,291.0,,,,
9402,26.0,198.0,,,,
9403,57.0,432.0,,,,
9404,41.0,285.0,,,,
9405,15.0,218.0,,,,
9406,28.0,198.0,,,,
9407,92.0,855.0,,,,
9408,59.0,355.0,,,,
9409,67.0,683.0,,,,
9410,63.0,554.0,,,,
9411,63.0,594.0,,,,
9412,50.0,614.0,,,,
9413,73.0,722.0,,,,
9414,67.0,524.0,,,,
9415,79.0,469.0,,,,
9416,82.0,632.0,,,,
9417,52.0,502.0,,,,
9418,66.0,588.0,,,,
9419,66.0,513.0,,,,
9420,51.0,431.0,,,,
9421,103.0,1089.0,,,,
9422,76.0,485.0,,,,
9423,60.0,515.0,,,,
9424,56.0,417.0,,,,
9425,74.0,726.0,,,,
9426,62.0,507.0,,,,
9427,62.0,446.0,,,,
9428,57.0,436.0,,,,
9429,34.0,267.0,,,,
9430,90.0,667.0,,,,
9431,58.0,550.0,,,,
9432,71.0,482.0,,,,
9433,36.0,353.0,,,,
9434,106.0,824.0,,,,
9435,47.0,455.0,,,,
9436,82.0,637.0,,,,
9437,59.0,423.0,,,,
9438,48.0,334.0,,,,
9439,101.0,787.0,,,,
9440,73.0,650.0,,,,
9441,47.0,401.0,,,,
9442,50.0,491.0,,,,
9443,14.0,213.0,,,,
9444,69.0,607.0,,,,
9445,54.0,445.0,,,,
9446,59.0,453.0,,,,
9447,50.0,423.0,,,,
9448,40.0,457.0,,,,
9449,82.0,539.0,,,,
9450,43.0,548.0,,,,
9451,94.0,735.0,,,,
9452,77.0,428.0,,,,
9453,65.0,549.0,,,,
9454,68.0,596.0,,,,
9455,37.0,269.0,,,,
9456,59.0,493.0,,,,
9457,57.0,549.0,,,,
9458,79.0,727.0,,,,
9459,39.0,402.0,,,,
9460,63.0,564.0,,,,
9461,69.0,520.0,,,,
9462,57.0,394.0,,,,
9463,63.0,546.0,,,,
9464,76.0,642.0,,,,
9465,49.0,564.0,,,,
9466,43.0,360.0,,,,
9467,55.0,402.0,,,,
9468,53.0,392.0,,,,
9469,41.0,337.0,,,,
9470,72.0,681.0,,,,
9471,65.0,425.0,,,,
9472,66.0,543.0,,,,
9473,45.0,500.0,,,,
9474,53.0,496.0,,,,
9475,43.0,469.0,,,,
9476,73.0,526.0,,,,
9477,41.0,334.0,,,,
9478,55.0,642.0,,,,
9479,63.0,506.0,,,,
9480,65.0,566.0,,,,
9481,24.0,143.0,,,,
9482,68.0,584.0,,,,
9483,48.0,424.0,,,,
9484,37.0,221.0,,,,
9485,56.0,507.0,,,,
9486,74.0,734.0,,,,
9487,55.0,550.0,,,,
9488,35.0,222.0,,,,
9489,39.0,290.0,,,,
9490,72.0,584.0,,,,
9491,49.0,541.0,,,,
9492,39.0,346.0,,,,
9493,64.0,563.0,,,,
9494,52.0,515.0,,,,
9495,73.0,529.0,,,,
9496,35.0,211.0,,,,
9497,77.0,551.0,,,,
9498,51.0,374.0,,,,
9499,61.0,472.0,,,,
9500,34.0,352.0,,,,
9501,51.0,596.0,,,,
9502,55.0,526.0,,,,
9503,51.0,400.0,,,,
9504,51.0,517.0,,,,
9505,30.0,282.0,,,,
9506,70.0,687.0,,,,
9507,59.0,428.0,,,,
9508,79.0,665.0,,,,
9509,45.0,403.0,,,,
9510,67.0,422.0,,,,
9511,67.0,473.0,,,,
9512,67.0,662.0,,,,
9513,60.0,502.0,,,,
9514,57.0,500.0,,,,
9515,67.0,610.0,,,,
9516,51.0,495.0,,,,
9517,56.0,605.0,,,,
9518,62.0,561.0,,,,
9519,63.0,549.0,,,,
9520,58.0,484.0,,,,
9521,56.0,499.0,,,,
9522,75.0,691.0,,,,
9523,68.0,613.0,,,,
9524,79.0,624.0,,,,
9525,62.0,557.0,,,,
9526,74.0,648.0,,,,
9527,70.0,547.0,,,,
9528,32.0,301.0,,,,
9529,55.0,568.0,,,,
9530,62.0,410.0,,,,
9531,44.0,422.0,,,,
9532,49.0,272.0,,,,
9533,43.0,401.0,,,,
9534,86.0,803.0,,,,
9535,36.0,382.0,,,,
9536,79.0,457.0,,,,
9537,68.0,560.0,,,,
9538,40.0,477.0,,,,
9539,69.0,559.0,,,,
9540,21.0,171.0,,,,
9541,34.0,369.0,,,,
9542,51.0,410.0,,,,
9543,53.0,599.0,,,,
9544,36.0,347.0,,,,
9545,68.0,546.0,,,,
9546,49.0,395.0,,,,
9547,52.0,640.0,,,,
9548,58.0,489.0,,,,
9549,50.0,438.0,,,,
9550,21.0,52.0,,,,
9551,45.0,359.0,,,,
9552,49.0,449.0,,,,
9553,37.0,285.0,,,,
9554,56.0,461.0,,,,
9555,52.0,394.0,,,,
9556,64.0,481.0,,,,
9557,19.0,127.0,,,,
9558,23.0,144.0,,,,
9559,34.0,294.0,,,,
9560,83.0,634.0,,,,
9561,74.0,623.0,,,,
9562,66.0,533.0,,,,
9563,84.0,771.0,,,,
9564,69.0,1025.0,,,,
9565,83.0,535.0,,,,
9566,78.0,879.0,,,,
9567,117.0,1144.0,,,,
9568,45.0,384.0,,,,
9569,93.0,833.0,,,,
9570,78.0,744.0,,,,
9571,70.0,587.0,,,,
9572,93.0,932.0,,,,
9573,69.0,710.0,,,,
9574,71.0,654.0,,,,
9575,74.0,593.0,,,,
9576,110.0,992.0,,,,
9577,65.0,486.0,,,,
9578,42.0,492.0,,,,
9579,64.0,596.0,,,,
9580,87.0,808.0,,,,
9581,93.0,737.0,,,,
9582,55.0,441.0,,,,
9583,89.0,651.0,,,,
9584,49.0,491.0,,,,
9585,51.0,379.0,,,,
9586,87.0,769.0,,,,
9587,34.0,379.0,,,,
9588,70.0,626.0,,,,
9589,50.0,456.0,,,,
9590,47.0,393.0,,,,
9591,61.0,686.0,,,,
9592,52.0,460.0,,,,
9593,61.0,541.0,,,,
9594,48.0,444.0,,,,
9595,49.0,465.0,,,,
9596,45.0,317.0,,,,
9597,59.0,526.0,,,,
9598,70.0,460.0,,,,
9599,69.0,682.0,,,,
9600,50.0,499.0,,,,
9601,61.0,511.0,,,,
9602,74.0,631.0,,,,
9603,72.0,423.0,,,,
9604,75.0,692.0,,,,
9605,65.0,498.0,,,,
9606,96.0,687.0,,,,
9607,91.0,689.0,,,,
9608,65.0,592.0,,,,
9609,55.0,397.0,,,,
9610,85.0,725.0,,,,
9611,49.0,471.0,,,,
9612,40.0,346.0,,,,
9613,32.0,365.0,,,,
9614,57.0,509.0,,,,
9615,58.0,607.0,,,,
9616,50.0,449.0,,,,
9617,37.0,254.0,,,,
9618,45.0,391.0,,,,
9619,49.0,520.0,,,,
9620,60.0,489.0,,,,
9621,57.0,442.0,,,,
9622,59.0,507.0,,,,
9623,72.0,463.0,,,,
9624,30.0,287.0,,,,
9625,57.0,494.0,,,,
9626,64.0,528.0,,,,
9627,63.0,588.0,,,,
9628,27.0,274.0,,,,
9629,53.0,283.0,,,,
9630,71.0,686.0,,,,
9631,51.0,397.0,,,,
9632,63.0,665.0,,,,
9633,67.0,536.0,,,,
9634,88.0,702.0,,,,
9635,64.0,514.0,,,,
9636,51.0,332.0,,,,
9637,61.0,580.0,,,,
9638,41.0,314.0,,,,
9639,59.0,522.0,,,,
9640,43.0,406.0,,,,
9641,42.0,354.0,,,,
9642,98.0,687.0,,,,
9643,63.0,643.0,,,,
9644,61.0,561.0,,,,
9645,51.0,543.0,,,,
9646,71.0,611.0,,,,
9647,71.0,593.0,,,,
9648,62.0,568.0,,,,
9649,41.0,490.0,,,,
9650,156.0,1505.0,,,,
9651,78.0,603.0,,,,
9652,42.0,363.0,,,,
9653,53.0,344.0,,,,
9654,65.0,478.0,,,,
9655,39.0,403.0,,,,
9656,29.0,264.0,,,,
9657,68.0,582.0,,,,
9658,62.0,576.0,,,,
9659,8.0,39.0,,,,
9660,46.0,431.0,,,,
9661,85.0,834.0,,,,
9662,52.0,481.0,,,,
9663,45.0,417.0,,,,
9664,29.0,278.0,,,,
9665,43.0,368.0,,,,
9666,37.0,340.0,,,,
9667,80.0,716.0,,,,
9668,57.0,604.0,,,,
9669,72.0,617.0,,,,
9670,57.0,409.0,,,,
9671,47.0,367.0,,,,
9672,55.0,421.0,,,,
9673,40.0,315.0,,,,
9674,40.0,356.0,,,,
9675,50.0,443.0,,,,
9676,66.0,658.0,,,,
9677,77.0,650.0,,,,
9678,39.0,321.0,,,,
9679,61.0,537.0,,,,
9680,82.0,664.0,,,,
9681,50.0,485.0,,,,
9682,54.0,600.0,,,,
9683,53.0,487.0,,,,
9684,40.0,424.0,,,,
9685,49.0,329.0,,,,
9686,92.0,716.0,,,,
9687,96.0,867.0,,,,
9688,50.0,580.0,,,,
9689,59.0,558.0,,,,
9690,92.0,789.0,,,,
9691,55.0,422.0,,,,
9692,29.0,313.0,,,,
9693,25.0,210.0,,,,
9694,80.0,756.0,,,,
9695,84.0,761.0,,,,
9696,74.0,559.0,,,,
9697,117.0,870.0,,,,
9698,28.0,266.0,,,,
9699,1.0,7.0,,,,
9700,96.0,861.0,,,,
9701,1.0,4.0,,,,
9702,10.0,190.0,,,,
9703,121.0,1004.0,,,,
9704,81.0,644.0,,,,
9705,97.0,850.0,,,,
9706,40.0,301.0,,,,
9707,88.0,771.0,,,,
9708,83.0,729.0,,,,
9709,39.0,360.0,,,,
9710,14.0,38.0,,,,
9711,53.0,460.0,,,,
9712,99.0,867.0,,,,
9713,73.0,664.0,,,,
9714,100.0,580.0,,,,
9715,79.0,611.0,,,,
9716,91.0,790.0,,,,
9717,80.0,739.0,,,,
9718,60.0,473.0,,,,
9719,88.0,567.0,,,,
9720,27.0,336.0,,,,
9721,73.0,613.0,,,,
9722,29.0,281.0,,,,
9723,62.0,465.0,,,,
9724,51.0,419.0,,,,
9725,58.0,491.0,,,,
9726,50.0,476.0,,,,
9727,81.0,483.0,,,,
9728,41.0,357.0,,,,
9729,61.0,410.0,,,,
9730,72.0,599.0,,,,
9731,31.0,341.0,,,,
9732,14.0,83.0,,,,
9733,37.0,252.0,,,,
9734,69.0,698.0,,,,
9735,42.0,296.0,,,,
9736,59.0,497.0,,,,
9737,103.0,1047.0,,,,
9738,76.0,696.0,,,,
9739,41.0,271.0,,,,
9740,1.0,7.0,,,,
9741,83.0,673.0,,,,
9742,72.0,376.0,,,,
9743,56.0,480.0,,,,
9744,61.0,565.0,,,,
9745,75.0,544.0,,,,
9746,32.0,346.0,,,,
9747,57.0,396.0,,,,
9748,80.0,469.0,,,,
9749,56.0,455.0,,,,
9750,58.0,462.0,,,,
9751,77.0,491.0,,,,
9752,70.0,613.0,,,,
9753,68.0,363.0,,,,
9754,62.0,345.0,,,,
9755,73.0,571.0,,,,
9756,63.0,540.0,,,,
9757,59.0,472.0,,,,
9758,57.0,471.0,,,,
9759,27.0,178.0,,,,
9760,69.0,400.0,,,,
9761,48.0,407.0,,,,
9762,75.0,463.0,,,,
9763,36.0,324.0,,,,
9764,55.0,404.0,,,,
9765,56.0,370.0,,,,
9766,21.0,153.0,,,,
9767,74.0,445.0,,,,
9768,45.0,277.0,,,,
9769,48.0,301.0,,,,
9770,49.0,325.0,,,,
9771,24.0,271.0,,,,
9772,67.0,513.0,,,,
9773,57.0,495.0,,,,
9774,64.0,462.0,,,,
9775,44.0,439.0,,,,
9776,68.0,498.0,,,,
9777,29.0,283.0,,,,
9778,49.0,354.0,,,,
9779,75.0,437.0,,,,
9780,60.0,469.0,,,,
9781,97.0,688.0,,,,
9782,47.0,444.0,,,,
9783,61.0,373.0,,,,
9784,50.0,375.0,,,,
9785,73.0,617.0,,,,
9786,59.0,430.0,,,,
9787,70.0,601.0,,,,
9788,60.0,389.0,,,,
9789,50.0,409.0,,,,
9790,88.0,793.0,,,,
9791,60.0,418.0,,,,
9792,63.0,490.0,,,,
9793,49.0,304.0,,,,
9794,57.0,380.0,,,,
9795,46.0,312.0,,,,
9796,65.0,370.0,,,,
9797,71.0,662.0,,,,
9798,60.0,373.0,,,,
9799,64.0,523.0,,,,
9800,67.0,503.0,,,,
9801,43.0,339.0,,,,
9802,55.0,349.0,,,,
9803,76.0,599.0,,,,
9804,70.0,359.0,,,,
9805,50.0,457.0,,,,
9806,105.0,635.0,,,,
9807,49.0,358.0,,,,
9808,32.0,394.0,,,,
9809,77.0,504.0,,,,
9810,30.0,251.0,,,,
9811,77.0,405.0,,,,
9812,77.0,405.0,,,,
9813,47.0,421.0,,,,
9814,38.0,365.0,,,,
9815,65.0,405.0,,,,
9816,56.0,422.0,,,,
9817,64.0,393.0,,,,
9818,60.0,422.0,,,,
9819,54.0,269.0,,,,
9820,42.0,346.0,,,,
9821,52.0,327.0,,,,
9822,28.0,265.0,,,,
9823,5.0,300.0,,,,
9824,48.0,417.0,,,,
9825,40.0,289.0,,,,
9826,44.0,352.0,,,,
9827,106.0,622.0,,,,
9828,23.0,189.0,,,,
9829,23.0,173.0,,,,
9830,48.0,348.0,,,,
9831,48.0,356.0,,,,
9832,42.0,362.0,,,,
9833,51.0,320.0,,,,
9834,31.0,247.0,,,,
9835,47.0,381.0,,,,
9836,45.0,396.0,,,,
9837,18.0,144.0,,,,
9838,122.0,738.0,,,,
9839,73.0,465.0,,,,
9840,86.0,544.0,,,,
9841,22.0,169.0,,,,
9842,101.0,546.0,,,,
9843,88.0,476.0,,,,
9844,114.0,645.0,,,,
9845,73.0,407.0,,,,
9846,64.0,393.0,,,,
9847,1.0,10.0,,,,
9848,117.0,1016.0,,,,
9849,99.0,861.0,,,,
9850,100.0,672.0,,,,
9851,64.0,527.0,,,,
9852,82.0,827.0,,,,
9853,94.0,818.0,,,,
9854,89.0,674.0,,,,
9855,79.0,637.0,,,,
9856,72.0,673.0,,,,
9857,39.0,334.0,,,,
9858,48.0,454.0,,,,
9859,77.0,592.0,,,,
9860,43.0,348.0,,,,
9861,85.0,643.0,,,,
9862,87.0,736.0,,,,
9863,90.0,790.0,,,,
9864,41.0,317.0,,,,
9865,82.0,680.0,,,,
9866,58.0,561.0,,,,
9867,94.0,842.0,,,,
9868,51.0,520.0,,,,
9869,122.0,830.0,,,,
9870,88.0,777.0,,,,
9871,62.0,520.0,,,,
9872,52.0,426.0,,,,
9873,68.0,578.0,,,,
9874,44.0,449.0,,,,
9875,98.0,715.0,,,,
9876,71.0,622.0,,,,
9877,80.0,803.0,,,,
9878,64.0,557.0,,,,
9879,46.0,326.0,,,,
9880,78.0,828.0,,,,
9881,62.0,544.0,,,,
9882,107.0,979.0,,,,
9883,83.0,640.0,,,,
9884,74.0,753.0,,,,
9885,57.0,503.0,,,,
9886,79.0,726.0,,,,
9887,92.0,788.0,,,,
9888,105.0,850.0,,,,
9889,70.0,568.0,,,,
9890,48.0,449.0,,,,
9891,74.0,504.0,,,,
9892,51.0,418.0,,,,
9893,90.0,768.0,,,,
9894,72.0,588.0,,,,
9895,79.0,735.0,,,,
9896,67.0,670.0,,,,
9897,50.0,378.0,,,,
9898,71.0,634.0,,,,
9899,82.0,808.0,,,,
9900,64.0,563.0,,,,
9901,53.0,456.0,,,,
9902,89.0,545.0,,,,
9903,106.0,809.0,,,,
9904,67.0,560.0,,,,
9905,67.0,627.0,,,,
9906,71.0,596.0,,,,
9907,56.0,476.0,,,,
9908,80.0,776.0,,,,
9909,37.0,331.0,,,,
9910,52.0,467.0,,,,
9911,50.0,397.0,,,,
9912,53.0,478.0,,,,
9913,41.0,374.0,,,,
9914,72.0,582.0,,,,
9915,71.0,618.0,,,,
9916,60.0,637.0,,,,
9917,65.0,575.0,,,,
9918,57.0,490.0,,,,
9919,62.0,533.0,,,,
9920,54.0,570.0,,,,
9921,50.0,484.0,,,,
9922,57.0,572.0,,,,
9923,58.0,510.0,,,,
9924,41.0,372.0,,,,
9925,64.0,364.0,,,,
9926,60.0,579.0,,,,
9927,60.0,500.0,,,,
9928,54.0,455.0,,,,
9929,75.0,704.0,,,,
9930,57.0,449.0,,,,
9931,62.0,501.0,,,,
9932,38.0,314.0,,,,
9933,44.0,414.0,,,,
9934,6.0,56.0,,,,
9935,17.0,172.0,,,,
9936,27.0,288.0,,,,
9937,17.0,176.0,,,,
9938,79.0,862.0,,,,
9939,62.0,610.0,,,,
9940,79.0,771.0,,,,
9941,103.0,789.0,,,,
9942,56.0,614.0,,,,
9943,68.0,678.0,,,,
9944,69.0,687.0,,,,
9945,46.0,460.0,,,,
9946,59.0,718.0,,,,
9947,61.0,665.0,,,,
9948,49.0,641.0,,,,
9949,50.0,527.0,,,,
9950,59.0,620.0,,,,
9951,71.0,739.0,,,,
9952,69.0,654.0,,,,
9953,56.0,587.0,,,,
9954,66.0,643.0,,,,
9955,62.0,681.0,,,,
9956,62.0,752.0,,,,
9957,90.0,765.0,,,,
9958,41.0,398.0,,,,
9959,57.0,718.0,,,,
9960,70.0,623.0,,,,
9961,55.0,722.0,,,,
9962,49.0,518.0,,,,
9963,51.0,507.0,,,,
9964,53.0,600.0,,,,
9965,65.0,685.0,,,,
9966,67.0,672.0,,,,
9967,76.0,822.0,,,,
9968,57.0,784.0,,,,
9969,61.0,513.0,,,,
9970,55.0,526.0,,,,
9971,43.0,718.0,,,,
9972,59.0,494.0,,,,
9973,54.0,740.0,,,,
9974,53.0,638.0,,,,
9975,77.0,964.0,,,,
9976,25.0,248.0,,,,
9977,49.0,549.0,,,,
9978,74.0,489.0,,,,
9979,55.0,699.0,,,,
9980,53.0,448.0,,,,
9981,48.0,730.0,,,,
9982,44.0,453.0,,,,
9983,56.0,594.0,,,,
9984,78.0,684.0,,,,
9985,24.0,296.0,,,,
9986,82.0,668.0,,,,
9987,44.0,351.0,,,,
9988,57.0,438.0,,,,
9989,72.0,786.0,,,,
9990,80.0,911.0,,,,
9991,69.0,626.0,,,,
9992,93.0,811.0,,,,
9993,60.0,541.0,,,,
9994,60.0,621.0,,,,
9995,75.0,639.0,,,,
9996,52.0,565.0,,,,
9997,70.0,887.0,,,,
9998,63.0,604.0,,,,
9999,59.0,576.0,,,,
10000,70.0,765.0,,,,
10001,72.0,703.0,,,,
10002,54.0,505.0,,,,
10003,46.0,411.0,,,,
10004,69.0,570.0,,,,
10005,82.0,888.0,,,,
10006,80.0,899.0,,,,
10007,87.0,838.0,,,,
10008,56.0,629.0,,,,
10009,65.0,623.0,,,,
10010,78.0,684.0,,,,
10011,62.0,658.0,,,,
10012,61.0,646.0,,,,
10013,66.0,612.0,,,,
10014,73.0,464.0,,,,
10015,107.0,1146.0,,,,
10016,52.0,661.0,,,,
10017,75.0,718.0,,,,
10018,59.0,501.0,,,,
10019,52.0,640.0,,,,
10020,61.0,577.0,,,,
10021,84.0,699.0,,,,
10022,65.0,674.0,,,,
10023,81.0,535.0,,,,
10024,76.0,817.0,,,,
10025,108.0,864.0,,,,
10026,46.0,458.0,,,,
10027,63.0,541.0,,,,
10028,57.0,572.0,,,,
10029,63.0,784.0,,,,
10030,23.0,169.0,,,,
10031,59.0,555.0,,,,
10032,51.0,484.0,,,,
10033,86.0,953.0,,,,
10034,80.0,737.0,,,,
10035,77.0,615.0,,,,
10036,76.0,631.0,,,,
10037,67.0,551.0,,,,
10038,54.0,635.0,,,,
10039,43.0,459.0,,,,
10040,52.0,482.0,,,,
10041,53.0,412.0,,,,
10042,66.0,688.0,,,,
10043,55.0,543.0,,,,
10044,67.0,590.0,,,,
10045,60.0,671.0,,,,
10046,76.0,720.0,,,,
10047,55.0,509.0,,,,
10048,86.0,825.0,,,,
10049,32.0,387.0,,,,
10050,39.0,481.0,,,,
10051,37.0,437.0,,,,
10052,64.0,584.0,,,,
10053,58.0,459.0,,,,
10054,24.0,239.0,,,,
10055,84.0,620.0,,,,
10056,45.0,379.0,,,,
10057,35.0,315.0,,,,
10058,38.0,357.0,,,,
10059,102.0,971.0,,,,
10060,60.0,801.0,,,,
10061,84.0,651.0,,,,
10062,86.0,697.0,,,,
10063,100.0,699.0,,,,
10064,93.0,633.0,,,,
10065,58.0,489.0,,,,
10066,54.0,415.0,,,,
10067,51.0,380.0,,,,
10068,49.0,558.0,,,,
10069,47.0,365.0,,,,
10070,87.0,793.0,,,,
10071,51.0,394.0,,,,
10072,55.0,609.0,,,,
10073,48.0,512.0,,,,
10074,40.0,318.0,,,,
10075,46.0,553.0,,,,
10076,35.0,214.0,,,,
10077,101.0,920.0,,,,
10078,42.0,454.0,,,,
10079,53.0,688.0,,,,
10080,25.0,221.0,,,,
10081,63.0,470.0,,,,
10082,70.0,443.0,,,,
10083,19.0,195.0,,,,
10084,32.0,227.0,,,,
10085,23.0,158.0,,,,
10086,73.0,624.0,,,,
10087,46.0,294.0,,,,
10088,26.0,278.0,,,,
10089,66.0,549.0,,,,
10090,79.0,475.0,,,,
10091,59.0,391.0,,,,
10092,40.0,309.0,,,,
10093,12.0,98.0,,,,
10094,17.0,149.0,,,,
10095,11.0,107.0,,,,
10096,31.0,228.0,,,,
10097,25.0,220.0,,,,
10098,36.0,259.0,,,,
10099,74.0,508.0,,,,
10100,39.0,308.0,,,,
10101,37.0,410.0,,,,
10102,20.0,246.0,,,,
10103,11.0,64.0,,,,
10104,12.0,97.0,,,,
10105,23.0,200.0,,,,
10106,77.0,614.0,,,,
10107,187.0,1111.0,,,,
10108,60.0,360.0,,,,
10109,49.0,353.0,,,,
10110,35.0,399.0,,,,
10111,85.0,594.0,,,,
10112,68.0,501.0,,,,
10113,68.0,489.0,,,,
10114,47.0,443.0,,,,
10115,44.0,286.0,,,,
10116,66.0,330.0,,,,
10117,29.0,287.0,,,,
10118,32.0,218.0,,,,
10119,58.0,379.0,,,,
10120,45.0,414.0,,,,
10121,62.0,359.0,,,,
10122,83.0,561.0,,,,
10123,44.0,311.0,,,,
10124,53.0,404.0,,,,
10125,53.0,326.0,,,,
10126,69.0,393.0,,,,
10127,62.0,254.0,,,,
10128,78.0,628.0,,,,
10129,52.0,495.0,,,,
10130,59.0,324.0,,,,
10131,44.0,291.0,,,,
10132,41.0,267.0,,,,
10133,29.0,323.0,,,,
10134,26.0,194.0,,,,
10135,78.0,373.0,,,,
10136,65.0,512.0,,,,
10137,57.0,355.0,,,,
10138,61.0,325.0,,,,
10139,59.0,476.0,,,,
10140,57.0,497.0,,,,
10141,66.0,342.0,,,,
10142,48.0,430.0,,,,
10143,49.0,277.0,,,,
10144,47.0,360.0,,,,
10145,60.0,359.0,,,,
10146,34.0,306.0,,,,
10147,58.0,479.0,,,,
10148,46.0,343.0,,,,
10149,29.0,246.0,,,,
10150,57.0,296.0,,,,
10151,74.0,557.0,,,,
10152,68.0,441.0,,,,
10153,70.0,423.0,,,,
10154,58.0,493.0,,,,
10155,28.0,242.0,,,,
10156,81.0,397.0,,,,
10157,84.0,651.0,,,,
10158,27.0,174.0,,,,
10159,92.0,619.0,,,,
10160,59.0,526.0,,,,
10161,48.0,298.0,,,,
10162,68.0,441.0,,,,
10163,73.0,382.0,,,,
10164,73.0,327.0,,,,
10165,84.0,498.0,,,,
10166,96.0,382.0,,,,
10167,57.0,424.0,,,,
10168,52.0,321.0,,,,
10169,40.0,285.0,,,,
10170,55.0,454.0,,,,
10171,55.0,513.0,,,,
10172,58.0,490.0,,,,
10173,53.0,354.0,,,,
10174,59.0,340.0,,,,
10175,44.0,297.0,,,,
10176,67.0,543.0,,,,
10177,65.0,444.0,,,,
10178,35.0,245.0,,,,
10179,84.0,478.0,,,,
10180,40.0,500.0,,,,
10181,20.0,147.0,,,,
10182,50.0,490.0,,,,
10183,32.0,164.0,,,,
10184,44.0,279.0,,,,
10185,72.0,455.0,,,,
10186,49.0,373.0,,,,
10187,52.0,353.0,,,,
10188,62.0,482.0,,,,
10189,75.0,484.0,,,,
10190,90.0,602.0,,,,
10191,50.0,414.0,,,,
10192,78.0,491.0,,,,
10193,44.0,419.0,,,,
10194,32.0,247.0,,,,
10195,57.0,274.0,,,,
10196,60.0,503.0,,,,
10197,66.0,362.0,,,,
10198,61.0,330.0,,,,
10199,57.0,353.0,,,,
10200,51.0,440.0,,,,
10201,40.0,210.0,,,,
10202,40.0,210.0,,,,
10203,56.0,506.0,,,,
10204,40.0,223.0,,,,
10205,50.0,307.0,,,,
10206,52.0,427.0,,,,
10207,40.0,205.0,,,,
10208,46.0,305.0,,,,
10209,54.0,449.0,,,,
10210,73.0,374.0,,,,
10211,113.0,655.0,,,,
10212,48.0,380.0,,,,
10213,70.0,361.0,,,,
10214,46.0,234.0,,,,
10215,50.0,429.0,,,,
10216,57.0,377.0,,,,
10217,55.0,419.0,,,,
10218,55.0,504.0,,,,
10219,14.0,97.0,,,,
10220,67.0,411.0,,,,
10221,31.0,161.0,,,,
10222,60.0,495.0,,,,
10223,58.0,326.0,,,,
10224,71.0,538.0,,,,
10225,53.0,387.0,,,,
10226,54.0,366.0,,,,
10227,51.0,472.0,,,,
10228,58.0,210.0,,,,
10229,78.0,453.0,,,,
10230,49.0,400.0,,,,
10231,61.0,397.0,,,,
10232,12.0,103.0,,,,
10233,72.0,495.0,,,,
10234,38.0,298.0,,,,
10235,47.0,262.0,,,,
10236,58.0,313.0,,,,
10237,60.0,357.0,,,,
10238,50.0,343.0,,,,
10239,42.0,378.0,,,,
10240,51.0,384.0,,,,
10241,13.0,92.0,,,,
10242,57.0,351.0,,,,
10243,53.0,329.0,,,,
10244,72.0,399.0,,,,
10245,60.0,443.0,,,,
10246,30.0,141.0,,,,
10247,54.0,405.0,,,,
10248,40.0,308.0,,,,
10249,41.0,262.0,,,,
10250,21.0,109.0,,,,
10251,59.0,402.0,,,,
10252,38.0,281.0,,,,
10253,42.0,351.0,,,,
10254,39.0,221.0,,,,
10255,22.0,151.0,,,,
10256,59.0,375.0,,,,
10257,48.0,273.0,,,,
10258,46.0,333.0,,,,
10259,50.0,279.0,,,,
10260,24.0,618.0,,,,
10261,41.0,247.0,,,,
10262,52.0,353.0,,,,
10263,35.0,147.0,,,,
10264,44.0,349.0,,,,
10265,53.0,291.0,,,,
10266,51.0,400.0,,,,
10267,112.0,789.0,,,,
10268,1.0,7.0,,,,
10269,31.0,166.0,,,,
10270,54.0,491.0,,,,
10271,28.0,245.0,,,,
10272,40.0,404.0,,,,
10273,47.0,250.0,,,,
10274,103.0,476.0,,,,
10275,62.0,402.0,,,,
10276,28.0,191.0,,,,
10277,28.0,169.0,,,,
10278,1.0,5.0,,,,
10279,32.0,246.0,,,,
10280,22.0,132.0,,,,
10281,76.0,417.0,,,,
10282,60.0,320.0,,,,
10283,91.0,522.0,,,,
10284,45.0,249.0,,,,
10285,59.0,291.0,,,,
10286,54.0,221.0,,,,
10287,97.0,769.0,,,,
10288,90.0,733.0,,,,
10289,82.0,666.0,,,,
10290,97.0,885.0,,,,
10291,79.0,657.0,,,,
10292,89.0,783.0,,,,
10293,69.0,606.0,,,,
10294,61.0,590.0,,,,
10295,94.0,1100.0,,,,
10296,90.0,793.0,,,,
10297,79.0,719.0,,,,
10298,50.0,537.0,,,,
10299,76.0,643.0,,,,
10300,73.0,808.0,,,,
10301,56.0,473.0,,,,
10302,109.0,838.0,,,,
10303,72.0,658.0,,,,
10304,63.0,529.0,,,,
10305,116.0,1007.0,,,,
10306,78.0,637.0,,,,
10307,87.0,725.0,,,,
10308,67.0,523.0,,,,
10309,114.0,1099.0,,,,
10310,68.0,523.0,,,,
10311,66.0,533.0,,,,
10312,67.0,551.0,,,,
10313,99.0,815.0,,,,
10314,73.0,716.0,,,,
10315,58.0,549.0,,,,
10316,111.0,864.0,,,,
10317,91.0,824.0,,,,
10318,54.0,611.0,,,,
10319,47.0,465.0,,,,
10320,54.0,395.0,,,,
10321,95.0,545.0,,,,
10322,78.0,607.0,,,,
10323,44.0,418.0,,,,
10324,95.0,853.0,,,,
10325,80.0,666.0,,,,
10326,92.0,833.0,,,,
10327,70.0,623.0,,,,
10328,86.0,664.0,,,,
10329,54.0,594.0,,,,
10330,58.0,482.0,,,,
10331,75.0,684.0,,,,
10332,64.0,659.0,,,,
10333,75.0,760.0,,,,
10334,99.0,656.0,,,,
10335,101.0,920.0,,,,
10336,75.0,681.0,,,,
10337,60.0,694.0,,,,
10338,47.0,372.0,,,,
10339,62.0,475.0,,,,
10340,96.0,694.0,,,,
10341,92.0,757.0,,,,
10342,94.0,875.0,,,,
10343,85.0,816.0,,,,
10344,92.0,879.0,,,,
10345,68.0,556.0,,,,
10346,58.0,544.0,,,,
10347,57.0,821.0,,,,
10348,105.0,687.0,,,,
10349,73.0,525.0,,,,
10350,65.0,535.0,,,,
10351,47.0,400.0,,,,
10352,82.0,640.0,,,,
10353,66.0,555.0,,,,
10354,83.0,540.0,,,,
10355,49.0,613.0,,,,
10356,77.0,701.0,,,,
10357,36.0,348.0,,,,
10358,98.0,688.0,,,,
10359,78.0,609.0,,,,
10360,80.0,518.0,,,,
10361,96.0,774.0,,,,
10362,91.0,780.0,,,,
10363,74.0,661.0,,,,
10364,71.0,628.0,,,,
10365,80.0,589.0,,,,
10366,79.0,476.0,,,,
10367,66.0,566.0,,,,
10368,88.0,792.0,,,,
10369,71.0,637.0,,,,
10370,38.0,405.0,,,,
10371,115.0,1001.0,,,,
10372,49.0,440.0,,,,
10373,52.0,496.0,,,,
10374,72.0,583.0,,,,
10375,69.0,595.0,,,,
10376,69.0,630.0,,,,
10377,59.0,535.0,,,,
10378,51.0,498.0,,,,
10379,62.0,582.0,,,,
10380,80.0,648.0,,,,
10381,45.0,503.0,,,,
10382,87.0,753.0,,,,
10383,71.0,556.0,,,,
10384,94.0,767.0,,,,
10385,89.0,795.0,,,,
10386,94.0,802.0,,,,
10387,55.0,475.0,,,,
10388,47.0,417.0,,,,
10389,65.0,657.0,,,,
10390,46.0,550.0,,,,
10391,76.0,748.0,,,,
10392,62.0,476.0,,,,
10393,43.0,349.0,,,,
10394,88.0,857.0,,,,
10395,46.0,330.0,,,,
10396,90.0,567.0,,,,
10397,91.0,921.0,,,,
10398,80.0,615.0,,,,
10399,88.0,674.0,,,,
10400,63.0,559.0,,,,
10401,92.0,824.0,,,,
10402,79.0,753.0,,,,
10403,103.0,959.0,,,,
10404,67.0,591.0,,,,
10405,87.0,742.0,,,,
10406,29.0,376.0,,,,
10407,76.0,583.0,,,,
10408,87.0,739.0,,,,
10409,106.0,718.0,,,,
10410,79.0,596.0,,,,
10411,26.0,240.0,,,,
10412,61.0,583.0,,,,
10413,71.0,758.0,,,,
10414,90.0,823.0,,,,
10415,72.0,744.0,,,,
10416,57.0,455.0,,,,
10417,47.0,542.0,,,,
10418,89.0,824.0,,,,
10419,84.0,857.0,,,,
10420,78.0,726.0,,,,
10421,56.0,401.0,,,,
10422,36.0,398.0,,,,
10423,63.0,585.0,,,,
10424,44.0,371.0,,,,
10425,33.0,247.0,,,,
10426,38.0,336.0,,,,
10427,72.0,582.0,,,,
10428,73.0,643.0,,,,
10429,85.0,809.0,,,,
10430,97.0,870.0,,,,
10431,57.0,455.0,,,,
10432,81.0,692.0,,,,
10433,47.0,543.0,,,,
10434,97.0,827.0,,,,
10435,38.0,337.0,,,,
10436,80.0,703.0,,,,
10437,19.0,150.0,,,,
10438,45.0,476.0,,,,
10439,45.0,438.0,,,,
10440,64.0,576.0,,,,
10441,30.0,307.0,,,,
10442,87.0,844.0,,,,
10443,55.0,501.0,,,,
10444,68.0,524.0,,,,
10445,115.0,597.0,,,,
10446,83.0,776.0,,,,
10447,70.0,671.0,,,,
10448,75.0,734.0,,,,
10449,76.0,622.0,,,,
10450,74.0,494.0,,,,
10451,59.0,491.0,,,,
10452,46.0,415.0,,,,
10453,41.0,484.0,,,,
10454,58.0,470.0,,,,
10455,110.0,685.0,,,,
10456,35.0,281.0,,,,
10457,52.0,326.0,,,,
10458,29.0,320.0,,,,
10459,93.0,862.0,,,,
10460,52.0,336.0,,,,
10461,47.0,430.0,,,,
10462,57.0,587.0,,,,
10463,112.0,1051.0,,,,
10464,70.0,519.0,,,,
10465,35.0,280.0,,,,
10466,73.0,569.0,,,,
10467,87.0,598.0,,,,
10468,76.0,587.0,,,,
10469,76.0,549.0,,,,
10470,65.0,646.0,,,,
10471,6.0,15.0,,,,
10472,52.0,547.0,,,,
10473,60.0,473.0,,,,
10474,59.0,517.0,,,,
10475,93.0,1004.0,,,,
10476,93.0,902.0,,,,
10477,97.0,902.0,,,,
10478,84.0,781.0,,,,
10479,75.0,501.0,,,,
10480,97.0,965.0,,,,
10481,99.0,754.0,,,,
10482,99.0,847.0,,,,
10483,75.0,589.0,,,,
10484,97.0,645.0,,,,
10485,73.0,693.0,,,,
10486,78.0,461.0,,,,
10487,74.0,571.0,,,,
10488,81.0,741.0,,,,
10489,29.0,267.0,,,,
10490,50.0,416.0,,,,
10491,102.0,840.0,,,,
10492,127.0,930.0,,,,
10493,40.0,350.0,,,,
10494,78.0,680.0,,,,
10495,67.0,556.0,,,,
10496,81.0,769.0,,,,
10497,68.0,527.0,,,,
10498,105.0,853.0,,,,
10499,94.0,960.0,,,,
10500,60.0,508.0,,,,
10501,66.0,692.0,,,,
10502,95.0,866.0,,,,
10503,82.0,490.0,,,,
10504,109.0,762.0,,,,
10505,87.0,802.0,,,,
10506,60.0,494.0,,,,
10507,77.0,654.0,,,,
10508,62.0,481.0,,,,
10509,129.0,991.0,,,,
10510,60.0,459.0,,,,
10511,106.0,694.0,,,,
10512,78.0,665.0,,,,
10513,76.0,754.0,,,,
10514,73.0,650.0,,,,
10515,104.0,551.0,,,,
10516,63.0,505.0,,,,
10517,74.0,451.0,,,,
10518,115.0,918.0,,,,
10519,132.0,1155.0,,,,
10520,98.0,626.0,,,,
10521,61.0,462.0,,,,
10522,80.0,547.0,,,,
10523,122.0,1020.0,,,,
10524,124.0,800.0,,,,
10525,94.0,774.0,,,,
10526,65.0,423.0,,,,
10527,34.0,315.0,,,,
10528,64.0,501.0,,,,
10529,70.0,677.0,,,,
10530,98.0,699.0,,,,
10531,54.0,436.0,,,,
10532,35.0,315.0,,,,
10533,77.0,615.0,,,,
10534,116.0,942.0,,,,
10535,80.0,657.0,,,,
10536,89.0,725.0,,,,
10537,77.0,566.0,,,,
10538,90.0,720.0,,,,
10539,35.0,347.0,,,,
10540,72.0,553.0,,,,
10541,105.0,815.0,,,,
10542,61.0,419.0,,,,
10543,15.0,133.0,,,,
10544,62.0,582.0,,,,
10545,42.0,235.0,,,,
10546,135.0,1315.0,,,,
10547,91.0,640.0,,,,
10548,121.0,1126.0,,,,
10549,142.0,764.0,,,,
10550,110.0,943.0,,,,
10551,59.0,479.0,,,,
10552,15.0,152.0,,,,
10553,49.0,454.0,,,,
10554,81.0,527.0,,,,
10555,93.0,822.0,,,,
10556,63.0,507.0,,,,
10557,85.0,710.0,,,,
10558,101.0,948.0,,,,
10559,45.0,383.0,,,,
10560,43.0,297.0,,,,
10561,92.0,686.0,,,,
10562,65.0,480.0,,,,
10563,71.0,580.0,,,,
10564,3.0,7.0,,,,
10565,52.0,464.0,,,,
10566,120.0,1057.0,,,,
10567,79.0,542.0,,,,
10568,20.0,138.0,,,,
10569,67.0,453.0,,,,
10570,85.0,687.0,,,,
10571,61.0,539.0,,,,
10572,43.0,342.0,,,,
10573,94.0,795.0,,,,
10574,75.0,614.0,,,,
10575,40.0,360.0,,,,
10576,93.0,750.0,,,,
10577,33.0,261.0,,,,
10578,53.0,389.0,,,,
10579,17.0,154.0,,,,
10580,98.0,762.0,,,,
10581,68.0,738.0,,,,
10582,39.0,341.0,,,,
10583,91.0,592.0,,,,
10584,54.0,499.0,,,,
10585,1.0,4.0,,,,
10586,37.0,332.0,,,,
10587,60.0,503.0,,,,
10588,58.0,544.0,,,,
10589,1.0,7.0,,,,
10590,59.0,566.0,,,,
10591,45.0,368.0,,,,
10592,64.0,467.0,,,,
10593,106.0,895.0,,,,
10594,68.0,523.0,,,,
10595,75.0,490.0,,,,
10596,14.0,85.0,,,,
10597,122.0,982.0,,,,
10598,76.0,654.0,,,,
10599,104.0,616.0,,,,
10600,91.0,656.0,,,,
10601,26.0,244.0,,,,
10602,67.0,505.0,,,,
10603,108.0,861.0,,,,
10604,54.0,568.0,,,,
10605,57.0,553.0,,,,
10606,46.0,355.0,,,,
10607,65.0,558.0,,,,
10608,97.0,923.0,,,,
10609,38.0,273.0,,,,
10610,26.0,251.0,,,,
10611,60.0,465.0,,,,
10612,85.0,574.0,,,,
10613,74.0,639.0,,,,
10614,115.0,1001.0,,,,
10615,76.0,697.0,,,,
10616,22.0,171.0,,,,
10617,78.0,616.0,,,,
10618,27.0,276.0,,,,
10619,1.0,4.0,,,,
10620,76.0,760.0,,,,
10621,15.0,78.0,,,,
10622,20.0,146.0,,,,
10623,91.0,825.0,,,,
10624,38.0,260.0,,,,
10625,31.0,209.0,,,,
10626,1.0,4.0,,,,
10627,39.0,352.0,,,,
10628,65.0,552.0,,,,
10629,103.0,790.0,,,,
10630,40.0,344.0,,,,
10631,63.0,407.0,,,,
10632,63.0,396.0,,,,
10633,58.0,368.0,,,,
10634,34.0,308.0,,,,
10635,62.0,465.0,,,,
10636,63.0,591.0,,,,
10637,39.0,368.0,,,,
10638,72.0,486.0,,,,
10639,52.0,372.0,,,,
10640,51.0,485.0,,,,
10641,46.0,429.0,,,,
10642,70.0,489.0,,,,
10643,40.0,309.0,,,,
10644,52.0,318.0,,,,
10645,61.0,389.0,,,,
10646,76.0,554.0,,,,
10647,77.0,730.0,,,,
10648,23.0,206.0,,,,
10649,77.0,403.0,,,,
10650,35.0,268.0,,,,
10651,49.0,384.0,,,,
10652,80.0,568.0,,,,
10653,78.0,505.0,,,,
10654,61.0,426.0,,,,
10655,31.0,241.0,,,,
10656,25.0,237.0,,,,
10657,76.0,365.0,,,,
10658,54.0,429.0,,,,
10659,36.0,268.0,,,,
10660,24.0,238.0,,,,
10661,51.0,403.0,,,,
10662,52.0,415.0,,,,
10663,42.0,399.0,,,,
10664,30.0,269.0,,,,
10665,44.0,314.0,,,,
10666,50.0,352.0,,,,
10667,66.0,406.0,,,,
10668,48.0,432.0,,,,
10669,60.0,377.0,,,,
10670,61.0,427.0,,,,
10671,46.0,301.0,,,,
10672,22.0,148.0,,,,
10673,41.0,361.0,,,,
10674,57.0,384.0,,,,
10675,49.0,383.0,,,,
10676,62.0,450.0,,,,
10677,62.0,559.0,,,,
10678,64.0,557.0,,,,
10679,55.0,426.0,,,,
10680,40.0,316.0,,,,
10681,42.0,363.0,,,,
10682,44.0,271.0,,,,
10683,43.0,445.0,,,,
10684,58.0,459.0,,,,
10685,44.0,327.0,,,,
10686,40.0,288.0,,,,
10687,70.0,405.0,,,,
10688,50.0,468.0,,,,
10689,48.0,368.0,,,,
10690,52.0,405.0,,,,
10691,49.0,307.0,,,,
10692,67.0,461.0,,,,
10693,40.0,294.0,,,,
10694,60.0,408.0,,,,
10695,58.0,491.0,,,,
10696,21.0,225.0,,,,
10697,58.0,402.0,,,,
10698,58.0,510.0,,,,
10699,39.0,265.0,,,,
10700,48.0,370.0,,,,
10701,35.0,314.0,,,,
10702,45.0,431.0,,,,
10703,44.0,375.0,,,,
10704,56.0,391.0,,,,
10705,52.0,328.0,,,,
10706,43.0,407.0,,,,
10707,65.0,494.0,,,,
10708,41.0,343.0,,,,
10709,59.0,500.0,,,,
10710,51.0,414.0,,,,
10711,52.0,413.0,,,,
10712,30.0,293.0,,,,
10713,45.0,318.0,,,,
10714,45.0,348.0,,,,
10715,43.0,362.0,,,,
10716,89.0,479.0,,,,
10717,10.0,68.0,,,,
10718,47.0,356.0,,,,
10719,31.0,275.0,,,,
10720,53.0,494.0,,,,
10721,57.0,455.0,,,,
10722,52.0,408.0,,,,
10723,53.0,375.0,,,,
10724,59.0,381.0,,,,
10725,25.0,160.0,,,,
10726,30.0,250.0,,,,
10727,33.0,302.0,,,,
10728,58.0,487.0,,,,
10729,53.0,390.0,,,,
10730,36.0,231.0,,,,
10731,52.0,436.0,,,,
10732,40.0,360.0,,,,
10733,52.0,508.0,,,,
10734,31.0,254.0,,,,
10735,51.0,425.0,,,,
10736,16.0,141.0,,,,
10737,15.0,153.0,,,,
10738,56.0,427.0,,,,
10739,72.0,565.0,,,,
10740,116.0,988.0,,,,
10741,83.0,633.0,,,,
10742,55.0,391.0,,,,
10743,56.0,397.0,,,,
10744,61.0,677.0,,,,
10745,63.0,434.0,,,,
10746,95.0,905.0,,,,
10747,47.0,351.0,,,,
10748,79.0,542.0,,,,
10749,53.0,417.0,,,,
10750,42.0,329.0,,,,
10751,76.0,432.0,,,,
10752,57.0,424.0,,,,
10753,56.0,376.0,,,,
10754,52.0,490.0,,,,
10755,42.0,332.0,,,,
10756,57.0,537.0,,,,
10757,88.0,931.0,,,,
10758,62.0,631.0,,,,
10759,50.0,442.0,,,,
10760,47.0,397.0,,,,
10761,51.0,438.0,,,,
10762,57.0,525.0,,,,
10763,64.0,500.0,,,,
10764,58.0,437.0,,,,
10765,53.0,467.0,,,,
10766,55.0,370.0,,,,
10767,68.0,547.0,,,,
10768,57.0,415.0,,,,
10769,43.0,376.0,,,,
10770,50.0,511.0,,,,
10771,65.0,567.0,,,,
10772,85.0,651.0,,,,
10773,73.0,651.0,,,,
10774,51.0,375.0,,,,
10775,57.0,490.0,,,,
10776,63.0,660.0,,,,
10777,51.0,361.0,,,,
10778,54.0,338.0,,,,
10779,51.0,428.0,,,,
10780,88.0,621.0,,,,
10781,46.0,520.0,,,,
10782,51.0,461.0,,,,
10783,61.0,480.0,,,,
10784,55.0,409.0,,,,
10785,62.0,383.0,,,,
10786,39.0,364.0,,,,
10787,70.0,526.0,,,,
10788,72.0,549.0,,,,
10789,61.0,514.0,,,,
10790,47.0,305.0,,,,
10791,21.0,181.0,,,,
10792,55.0,351.0,,,,
10793,48.0,474.0,,,,
10794,74.0,499.0,,,,
10795,71.0,436.0,,,,
10796,41.0,308.0,,,,
10797,45.0,373.0,,,,
10798,60.0,396.0,,,,
10799,79.0,662.0,,,,
10800,36.0,302.0,,,,
10801,58.0,434.0,,,,
10802,41.0,350.0,,,,
10803,80.0,591.0,,,,
10804,49.0,334.0,,,,
10805,52.0,268.0,,,,
10806,66.0,442.0,,,,
10807,29.0,267.0,,,,
10808,69.0,646.0,,,,
10809,26.0,179.0,,,,
10810,52.0,305.0,,,,
10811,44.0,516.0,,,,
10812,84.0,684.0,,,,
10813,71.0,669.0,,,,
10814,45.0,292.0,,,,
10815,46.0,466.0,,,,
10816,50.0,378.0,,,,
10817,28.0,206.0,,,,
10818,60.0,486.0,,,,
10819,50.0,448.0,,,,
10820,56.0,412.0,,,,
10821,28.0,268.0,,,,
10822,73.0,744.0,,,,
10823,64.0,413.0,,,,
10824,48.0,372.0,,,,
10825,60.0,628.0,,,,
10826,60.0,428.0,,,,
10827,61.0,572.0,,,,
10828,63.0,520.0,,,,
10829,58.0,549.0,,,,
10830,54.0,423.0,,,,
10831,45.0,466.0,,,,
10832,46.0,406.0,,,,
10833,53.0,458.0,,,,
10834,5.0,50.0,,,,
10835,51.0,428.0,,,,
10836,59.0,475.0,,,,
10837,65.0,598.0,,,,
10838,54.0,555.0,,,,
10839,53.0,470.0,,,,
10840,50.0,484.0,,,,
10841,75.0,467.0,,,,
10842,50.0,366.0,,,,
10843,51.0,428.0,,,,
10844,70.0,620.0,,,,
10845,38.0,321.0,,,,
10846,59.0,527.0,,,,
10847,68.0,567.0,,,,
10848,65.0,581.0,,,,
10849,83.0,588.0,,,,
10850,45.0,430.0,,,,
10851,47.0,445.0,,,,
10852,20.0,185.0,,,,
10853,63.0,485.0,,,,
10854,55.0,397.0,,,,
10855,56.0,539.0,,,,
10856,62.0,562.0,,,,
10857,51.0,484.0,,,,
10858,62.0,468.0,,,,
10859,54.0,483.0,,,,
10860,45.0,393.0,,,,
10861,58.0,440.0,,,,
10862,34.0,267.0,,,,
10863,51.0,453.0,,,,
10864,77.0,658.0,,,,
10865,70.0,550.0,,,,
10866,60.0,556.0,,,,
10867,67.0,571.0,,,,
10868,21.0,210.0,,,,
10869,54.0,514.0,,,,
10870,56.0,505.0,,,,
10871,40.0,455.0,,,,
10872,55.0,416.0,,,,
10873,54.0,484.0,,,,
10874,85.0,789.0,,,,
10875,80.0,474.0,,,,
10876,48.0,443.0,,,,
10877,99.0,877.0,,,,
10878,54.0,603.0,,,,
10879,48.0,340.0,,,,
10880,40.0,315.0,,,,
10881,29.0,263.0,,,,
10882,46.0,435.0,,,,
10883,28.0,220.0,,,,
10884,47.0,340.0,,,,
10885,53.0,468.0,,,,
10886,79.0,535.0,,,,
10887,65.0,541.0,,,,
10888,43.0,413.0,,,,
10889,50.0,431.0,,,,
10890,55.0,432.0,,,,
10891,79.0,694.0,,,,
10892,52.0,473.0,,,,
10893,119.0,857.0,,,,
10894,48.0,401.0,,,,
10895,54.0,444.0,,,,
10896,69.0,533.0,,,,
10897,60.0,383.0,,,,
10898,33.0,274.0,,,,
10899,62.0,627.0,,,,
10900,74.0,706.0,,,,
10901,59.0,429.0,,,,
10902,43.0,289.0,,,,
10903,62.0,536.0,,,,
10904,41.0,432.0,,,,
10905,21.0,167.0,,,,
10906,53.0,380.0,,,,
10907,79.0,697.0,,,,
10908,69.0,665.0,,,,
10909,55.0,465.0,,,,
10910,62.0,497.0,,,,
10911,76.0,537.0,,,,
10912,51.0,448.0,,,,
10913,47.0,397.0,,,,
10914,61.0,581.0,,,,
10915,55.0,638.0,,,,
10916,63.0,704.0,,,,
10917,51.0,574.0,,,,
10918,68.0,730.0,,,,
10919,47.0,394.0,,,,
10920,67.0,575.0,,,,
10921,122.0,1256.0,,,,
10922,68.0,665.0,,,,
10923,57.0,532.0,,,,
10924,79.0,686.0,,,,
10925,91.0,672.0,,,,
10926,82.0,679.0,,,,
10927,70.0,567.0,,,,
10928,75.0,811.0,,,,
10929,62.0,462.0,,,,
10930,115.0,784.0,,,,
10931,88.0,709.0,,,,
10932,70.0,662.0,,,,
10933,51.0,611.0,,,,
10934,50.0,531.0,,,,
10935,69.0,535.0,,,,
10936,49.0,475.0,,,,
10937,71.0,460.0,,,,
10938,62.0,510.0,,,,
10939,110.0,945.0,,,,
10940,89.0,921.0,,,,
10941,75.0,650.0,,,,
10942,103.0,809.0,,,,
10943,74.0,592.0,,,,
10944,66.0,541.0,,,,
10945,66.0,514.0,,,,
10946,60.0,488.0,,,,
10947,59.0,482.0,,,,
10948,66.0,576.0,,,,
10949,49.0,535.0,,,,
10950,85.0,562.0,,,,
10951,79.0,634.0,,,,
10952,52.0,435.0,,,,
10953,95.0,865.0,,,,
10954,71.0,548.0,,,,
10955,66.0,479.0,,,,
10956,66.0,489.0,,,,
10957,83.0,646.0,,,,
10958,71.0,553.0,,,,
10959,117.0,977.0,,,,
10960,55.0,380.0,,,,
10961,62.0,476.0,,,,
10962,56.0,361.0,,,,
10963,76.0,608.0,,,,
10964,64.0,582.0,,,,
10965,51.0,382.0,,,,
10966,75.0,596.0,,,,
10967,67.0,512.0,,,,
10968,71.0,539.0,,,,
10969,83.0,637.0,,,,
10970,69.0,789.0,,,,
10971,81.0,789.0,,,,
10972,86.0,792.0,,,,
10973,78.0,541.0,,,,
10974,77.0,622.0,,,,
10975,77.0,464.0,,,,
10976,70.0,586.0,,,,
10977,94.0,881.0,,,,
10978,73.0,621.0,,,,
10979,75.0,620.0,,,,
10980,48.0,375.0,,,,
10981,90.0,730.0,,,,
10982,74.0,511.0,,,,
10983,75.0,618.0,,,,
10984,65.0,560.0,,,,
10985,55.0,475.0,,,,
10986,83.0,797.0,,,,
10987,68.0,414.0,,,,
10988,76.0,690.0,,,,
10989,126.0,875.0,,,,
10990,56.0,569.0,,,,
10991,100.0,873.0,,,,
10992,54.0,528.0,,,,
10993,59.0,544.0,,,,
10994,60.0,545.0,,,,
10995,74.0,526.0,,,,
10996,85.0,855.0,,,,
10997,8.0,92.0,,,,
10998,56.0,459.0,,,,
10999,31.0,284.0,,,,
11000,85.0,724.0,,,,
11001,55.0,513.0,,,,
11002,66.0,592.0,,,,
11003,87.0,532.0,,,,
11004,77.0,749.0,,,,
11005,81.0,727.0,,,,
11006,72.0,736.0,,,,
11007,97.0,782.0,,,,
11008,74.0,720.0,,,,
11009,68.0,465.0,,,,
11010,52.0,533.0,,,,
11011,46.0,411.0,,,,
11012,84.0,727.0,,,,
11013,90.0,684.0,,,,
11014,105.0,705.0,,,,
11015,65.0,542.0,,,,
11016,73.0,710.0,,,,
11017,54.0,472.0,,,,
11018,91.0,875.0,,,,
11019,74.0,623.0,,,,
11020,78.0,627.0,,,,
11021,112.0,841.0,,,,
11022,59.0,647.0,,,,
11023,95.0,674.0,,,,
11024,77.0,597.0,,,,
11025,99.0,977.0,,,,
11026,74.0,720.0,,,,
11027,85.0,793.0,,,,
11028,55.0,448.0,,,,
11029,76.0,809.0,,,,
11030,88.0,850.0,,,,
11031,78.0,722.0,,,,
11032,93.0,657.0,,,,
11033,65.0,574.0,,,,
11034,109.0,758.0,,,,
11035,100.0,724.0,,,,
11036,96.0,842.0,,,,
11037,67.0,614.0,,,,
11038,67.0,564.0,,,,
11039,80.0,679.0,,,,
11040,79.0,702.0,,,,
11041,61.0,545.0,,,,
11042,57.0,507.0,,,,
11043,106.0,767.0,,,,
11044,61.0,627.0,,,,
11045,66.0,484.0,,,,
11046,76.0,691.0,,,,
11047,64.0,506.0,,,,
11048,61.0,526.0,,,,
11049,21.0,174.0,,,,
11050,60.0,586.0,,,,
11051,64.0,547.0,,,,
11052,53.0,437.0,,,,
11053,83.0,642.0,,,,
11054,66.0,755.0,,,,
11055,65.0,503.0,,,,
11056,89.0,747.0,,,,
11057,85.0,831.0,,,,
11058,75.0,657.0,,,,
11059,60.0,587.0,,,,
11060,74.0,658.0,,,,
11061,83.0,608.0,,,,
11062,51.0,492.0,,,,
11063,76.0,649.0,,,,
11064,90.0,859.0,,,,
11065,60.0,469.0,,,,
11066,100.0,624.0,,,,
11067,55.0,519.0,,,,
11068,117.0,948.0,,,,
11069,79.0,684.0,,,,
11070,12.0,182.0,,,,
11071,17.0,95.0,,,,
11072,75.0,646.0,,,,
11073,147.0,1252.0,,,,
11074,91.0,746.0,,,,
11075,69.0,662.0,,,,
11076,66.0,380.0,,,,
11077,62.0,468.0,,,,
11078,117.0,686.0,,,,
11079,7.0,66.0,,,,
11080,122.0,873.0,,,,
11081,81.0,663.0,,,,
11082,67.0,518.0,,,,
11083,34.0,345.0,,,,
11084,2.0,21.0,,,,
11085,18.0,192.0,,,,
11086,3.0,64.0,,,,
11087,82.0,536.0,,,,
11088,22.0,122.0,,,,
11089,75.0,624.0,,,,
11090,76.0,602.0,,,,
11091,74.0,570.0,,,,
11092,32.0,304.0,,,,
11093,45.0,338.0,,,,
